case_id	configuration_id	profile	d_bin_index	epoch_index	rep	lane	max_scaled_root_delta	role_mismatches	physical_mismatches
0	0	linear	0	0	0	cold	0.0	0	0
0	0	linear	0	0	0	warm	0.0	0	0
0	0	linear	0	7	0	cold	0.0	0	0
0	0	linear	0	7	0	warm	0.0	0	0
0	0	linear	0	15	0	cold	0.0	0	0
0	0	linear	0	15	0	warm	0.0	0	0
0	0	linear	0	23	0	cold	0.0	0	0
0	0	linear	0	23	0	warm	0.0	0	0
0	0	linear	1	0	0	cold	0.0	0	0
0	0	linear	1	0	0	warm	0.0	0	0
0	0	linear	1	7	0	cold	0.0	0	0
0	0	linear	1	7	0	warm	4.3087919305864816e-43	0	0
0	0	linear	1	15	0	cold	0.0	0	0
0	0	linear	1	15	0	warm	6.662738194438799e-57	0	0
0	0	linear	1	23	0	cold	0.0	0	0
0	0	linear	1	23	0	warm	1.2543604368235e-52	0	0
0	0	linear	2	0	0	cold	0.0	0	0
0	0	linear	2	0	0	warm	0.0	0	0
0	0	linear	2	7	0	cold	0.0	0	0
0	0	linear	2	7	0	warm	0.0	0	0
0	0	linear	2	15	0	cold	0.0	0	0
0	0	linear	2	15	0	warm	0.0	0	0
0	0	linear	2	23	0	cold	0.0	0	0
0	0	linear	2	23	0	warm	0.0	0	0
0	0	linear	3	0	0	cold	0.0	0	0
0	0	linear	3	0	0	warm	0.0	0	0
0	0	linear	3	7	0	cold	0.0	0	0
0	0	linear	3	7	0	warm	5.507522329457063e-55	0	0
0	0	linear	3	15	0	cold	0.0	0	0
0	0	linear	3	15	0	warm	2.4463098646332044e-44	0	0
0	0	linear	3	23	0	cold	0.0	0	0
0	0	linear	3	23	0	warm	2.5269268062775623e-51	0	0
0	0	linear	4	0	0	cold	0.0	0	0
0	0	linear	4	0	0	warm	0.0	0	0
0	0	linear	4	7	0	cold	0.0	0	0
0	0	linear	4	7	0	warm	8.238424275316076e-15	0	0
0	0	linear	4	15	0	cold	0.0	0	0
0	0	linear	4	15	0	warm	2.650911996622115e-15	0	0
0	0	linear	4	23	0	cold	0.0	0	0
0	0	linear	4	23	0	warm	2.0009788573168996e-14	0	0
0	0	uniform	0	0	0	cold	0.0	0	0
0	0	uniform	0	0	0	warm	0.0	0	0
0	0	uniform	0	7	0	cold	0.0	0	0
0	0	uniform	0	7	0	warm	0.0	0	0
0	0	uniform	0	15	0	cold	0.0	0	0
0	0	uniform	0	15	0	warm	0.0	0	0
0	0	uniform	0	23	0	cold	0.0	0	0
0	0	uniform	0	23	0	warm	0.0	0	0
0	0	uniform	1	0	0	cold	0.0	0	0
0	0	uniform	1	0	0	warm	0.0	0	0
0	0	uniform	1	7	0	cold	0.0	0	0
0	0	uniform	1	7	0	warm	4.3087919305864816e-43	0	0
0	0	uniform	1	15	0	cold	0.0	0	0
0	0	uniform	1	15	0	warm	6.662738194438799e-57	0	0
0	0	uniform	1	23	0	cold	0.0	0	0
0	0	uniform	1	23	0	warm	1.2543604368235e-52	0	0
0	0	uniform	2	0	0	cold	0.0	0	0
0	0	uniform	2	0	0	warm	0.0	0	0
0	0	uniform	2	7	0	cold	0.0	0	0
0	0	uniform	2	7	0	warm	0.0	0	0
0	0	uniform	2	15	0	cold	0.0	0	0
0	0	uniform	2	15	0	warm	0.0	0	0
0	0	uniform	2	23	0	cold	0.0	0	0
0	0	uniform	2	23	0	warm	0.0	0	0
0	0	uniform	3	0	0	cold	0.0	0	0
0	0	uniform	3	0	0	warm	0.0	0	0
0	0	uniform	3	7	0	cold	0.0	0	0
0	0	uniform	3	7	0	warm	5.507522329457063e-55	0	0
0	0	uniform	3	15	0	cold	0.0	0	0
0	0	uniform	3	15	0	warm	2.4463098646332044e-44	0	0
0	0	uniform	3	23	0	cold	0.0	0	0
0	0	uniform	3	23	0	warm	2.5269268062775623e-51	0	0
0	0	uniform	4	0	0	cold	0.0	0	0
0	0	uniform	4	0	0	warm	0.0	0	0
0	0	uniform	4	7	0	cold	0.0	0	0
0	0	uniform	4	7	0	warm	8.238424275316076e-15	0	0
0	0	uniform	4	15	0	cold	0.0	0	0
0	0	uniform	4	15	0	warm	2.650911996622115e-15	0	0
0	0	uniform	4	23	0	cold	0.0	0	0
0	0	uniform	4	23	0	warm	2.0009788573168996e-14	0	0
1	1	linear	0	0	0	cold	0.0	0	0
1	1	linear	0	0	0	warm	0.0	0	0
1	1	linear	0	7	0	cold	0.0	0	0
1	1	linear	0	7	0	warm	4.889798472326582e-42	0	0
1	1	linear	0	15	0	cold	0.0	0	0
1	1	linear	0	15	0	warm	6.988032712238453e-43	0	0
1	1	linear	0	23	0	cold	0.0	0	0
1	1	linear	0	23	0	warm	5.779324055735346e-44	0	0
1	1	linear	1	0	0	cold	0.0	0	0
1	1	linear	1	0	0	warm	0.0	0	0
1	1	linear	1	7	0	cold	0.0	0	0
1	1	linear	1	7	0	warm	8.613261641083942e-46	0	0
1	1	linear	1	15	0	cold	0.0	0	0
1	1	linear	1	15	0	warm	9.727119373606664e-56	0	0
1	1	linear	1	23	0	cold	0.0	0	0
1	1	linear	1	23	0	warm	2.1753577717871462e-55	0	0
1	1	linear	2	0	0	cold	0.0	0	0
1	1	linear	2	0	0	warm	0.0	0	0
1	1	linear	2	7	0	cold	0.0	0	0
1	1	linear	2	7	0	warm	1.6880451973690543e-21	0	0
1	1	linear	2	15	0	cold	0.0	0	0
1	1	linear	2	15	0	warm	9.759908830941504e-42	0	0
1	1	linear	2	23	0	cold	0.0	0	0
1	1	linear	2	23	0	warm	1.6231769422591573e-34	0	0
1	1	linear	3	0	0	cold	0.0	0	0
1	1	linear	3	0	0	warm	0.0	0	0
1	1	linear	3	7	0	cold	0.0	0	0
1	1	linear	3	7	0	warm	2.4640020501573417e-49	0	0
1	1	linear	3	15	0	cold	0.0	0	0
1	1	linear	3	15	0	warm	1.630609677775461e-48	0	0
1	1	linear	3	23	0	cold	0.0	0	0
1	1	linear	3	23	0	warm	1.0442005563666805e-53	0	0
1	1	linear	4	0	0	cold	0.0	0	0
1	1	linear	4	0	0	warm	0.0	0	0
1	1	linear	4	7	0	cold	0.0	0	0
1	1	linear	4	7	0	warm	9.167442465575393e-74	0	0
1	1	linear	4	15	0	cold	0.0	0	0
1	1	linear	4	15	0	warm	4.885148865763621e-67	0	0
1	1	linear	4	23	0	cold	0.0	0	0
1	1	linear	4	23	0	warm	2.8736667380776366e-64	0	0
1	1	uniform	0	0	0	cold	0.0	0	0
1	1	uniform	0	0	0	warm	0.0	0	0
1	1	uniform	0	7	0	cold	0.0	0	0
1	1	uniform	0	7	0	warm	4.889798472326582e-42	0	0
1	1	uniform	0	15	0	cold	0.0	0	0
1	1	uniform	0	15	0	warm	6.988032712238453e-43	0	0
1	1	uniform	0	23	0	cold	0.0	0	0
1	1	uniform	0	23	0	warm	5.779324055735346e-44	0	0
1	1	uniform	1	0	0	cold	0.0	0	0
1	1	uniform	1	0	0	warm	0.0	0	0
1	1	uniform	1	7	0	cold	0.0	0	0
1	1	uniform	1	7	0	warm	8.613261641083942e-46	0	0
1	1	uniform	1	15	0	cold	0.0	0	0
1	1	uniform	1	15	0	warm	9.727119373606664e-56	0	0
1	1	uniform	1	23	0	cold	0.0	0	0
1	1	uniform	1	23	0	warm	2.1753577717871462e-55	0	0
1	1	uniform	2	0	0	cold	0.0	0	0
1	1	uniform	2	0	0	warm	0.0	0	0
1	1	uniform	2	7	0	cold	0.0	0	0
1	1	uniform	2	7	0	warm	1.6880451973690543e-21	0	0
1	1	uniform	2	15	0	cold	0.0	0	0
1	1	uniform	2	15	0	warm	9.759908830941504e-42	0	0
1	1	uniform	2	23	0	cold	0.0	0	0
1	1	uniform	2	23	0	warm	1.6231769422591573e-34	0	0
1	1	uniform	3	0	0	cold	0.0	0	0
1	1	uniform	3	0	0	warm	0.0	0	0
1	1	uniform	3	7	0	cold	0.0	0	0
1	1	uniform	3	7	0	warm	2.4640020501573417e-49	0	0
1	1	uniform	3	15	0	cold	0.0	0	0
1	1	uniform	3	15	0	warm	1.630609677775461e-48	0	0
1	1	uniform	3	23	0	cold	0.0	0	0
1	1	uniform	3	23	0	warm	1.0442005563666805e-53	0	0
1	1	uniform	4	0	0	cold	0.0	0	0
1	1	uniform	4	0	0	warm	0.0	0	0
1	1	uniform	4	7	0	cold	0.0	0	0
1	1	uniform	4	7	0	warm	9.167442465575393e-74	0	0
1	1	uniform	4	15	0	cold	0.0	0	0
1	1	uniform	4	15	0	warm	4.885148865763621e-67	0	0
1	1	uniform	4	23	0	cold	0.0	0	0
1	1	uniform	4	23	0	warm	2.8736667380776366e-64	0	0
2	2	linear	0	0	0	cold	0.0	0	0
2	2	linear	0	0	0	warm	0.0	0	0
2	2	linear	0	7	0	cold	0.0	0	0
2	2	linear	0	7	0	warm	1.754460749489235e-58	0	0
2	2	linear	0	15	0	cold	0.0	0	0
2	2	linear	0	15	0	warm	1.4073835741529933e-60	0	0
2	2	linear	0	23	0	cold	0.0	0	0
2	2	linear	0	23	0	warm	2.8904034447893176e-59	0	0
2	2	linear	1	0	0	cold	0.0	0	0
2	2	linear	1	0	0	warm	0.0	0	0
2	2	linear	1	7	0	cold	0.0	0	0
2	2	linear	1	7	0	warm	7.650397475236575e-58	0	0
2	2	linear	1	15	0	cold	0.0	0	0
2	2	linear	1	15	0	warm	1.0318513182607765e-55	0	0
2	2	linear	1	23	0	cold	0.0	0	0
2	2	linear	1	23	0	warm	2.7339870415227044e-51	0	0
2	2	linear	2	0	0	cold	0.0	0	0
2	2	linear	2	0	0	warm	0.0	0	0
2	2	linear	2	7	0	cold	0.0	0	0
2	2	linear	2	7	0	warm	1.0675974898306366e-57	0	0
2	2	linear	2	15	0	cold	0.0	0	0
2	2	linear	2	15	0	warm	2.802230895183647e-58	0	0
2	2	linear	2	23	0	cold	0.0	0	0
2	2	linear	2	23	0	warm	2.0755950852768725e-57	0	0
2	2	linear	3	0	0	cold	0.0	0	0
2	2	linear	3	0	0	warm	0.0	0	0
2	2	linear	3	7	0	cold	0.0	0	0
2	2	linear	3	7	0	warm	8.039845260124728e-68	0	0
2	2	linear	3	15	0	cold	0.0	0	0
2	2	linear	3	15	0	warm	1.103726731611573e-69	0	0
2	2	linear	3	23	0	cold	0.0	0	0
2	2	linear	3	23	0	warm	4.510633041981451e-72	0	0
2	2	linear	4	0	0	cold	0.0	0	0
2	2	linear	4	0	0	warm	0.0	0	0
2	2	linear	4	7	0	cold	0.0	0	0
2	2	linear	4	7	0	warm	4.6553660993563855e-57	0	0
2	2	linear	4	15	0	cold	0.0	0	0
2	2	linear	4	15	0	warm	4.643332929454296e-57	0	0
2	2	linear	4	23	0	cold	0.0	0	0
2	2	linear	4	23	0	warm	1.6001505388023255e-57	0	0
2	2	uniform	0	0	0	cold	0.0	0	0
2	2	uniform	0	0	0	warm	0.0	0	0
2	2	uniform	0	7	0	cold	0.0	0	0
2	2	uniform	0	7	0	warm	1.754460749489235e-58	0	0
2	2	uniform	0	15	0	cold	0.0	0	0
2	2	uniform	0	15	0	warm	1.4073835741529933e-60	0	0
2	2	uniform	0	23	0	cold	0.0	0	0
2	2	uniform	0	23	0	warm	2.8904034447893176e-59	0	0
2	2	uniform	1	0	0	cold	0.0	0	0
2	2	uniform	1	0	0	warm	0.0	0	0
2	2	uniform	1	7	0	cold	0.0	0	0
2	2	uniform	1	7	0	warm	7.650397475236575e-58	0	0
2	2	uniform	1	15	0	cold	0.0	0	0
2	2	uniform	1	15	0	warm	1.0318513182607765e-55	0	0
2	2	uniform	1	23	0	cold	0.0	0	0
2	2	uniform	1	23	0	warm	2.7339870415227044e-51	0	0
2	2	uniform	2	0	0	cold	0.0	0	0
2	2	uniform	2	0	0	warm	0.0	0	0
2	2	uniform	2	7	0	cold	0.0	0	0
2	2	uniform	2	7	0	warm	1.0675974898306366e-57	0	0
2	2	uniform	2	15	0	cold	0.0	0	0
2	2	uniform	2	15	0	warm	2.802230895183647e-58	0	0
2	2	uniform	2	23	0	cold	0.0	0	0
2	2	uniform	2	23	0	warm	2.0755950852768725e-57	0	0
2	2	uniform	3	0	0	cold	0.0	0	0
2	2	uniform	3	0	0	warm	0.0	0	0
2	2	uniform	3	7	0	cold	0.0	0	0
2	2	uniform	3	7	0	warm	8.039845260124728e-68	0	0
2	2	uniform	3	15	0	cold	0.0	0	0
2	2	uniform	3	15	0	warm	1.103726731611573e-69	0	0
2	2	uniform	3	23	0	cold	0.0	0	0
2	2	uniform	3	23	0	warm	4.510633041981451e-72	0	0
2	2	uniform	4	0	0	cold	0.0	0	0
2	2	uniform	4	0	0	warm	0.0	0	0
2	2	uniform	4	7	0	cold	0.0	0	0
2	2	uniform	4	7	0	warm	4.6553660993563855e-57	0	0
2	2	uniform	4	15	0	cold	0.0	0	0
2	2	uniform	4	15	0	warm	4.643332929454296e-57	0	0
2	2	uniform	4	23	0	cold	0.0	0	0
2	2	uniform	4	23	0	warm	1.6001505388023255e-57	0	0
3	3	linear	0	0	0	cold	0.0	0	0
3	3	linear	0	0	0	warm	0.0	0	0
3	3	linear	0	7	0	cold	0.0	0	0
3	3	linear	0	7	0	warm	1.0731160736686544e-52	0	0
3	3	linear	0	15	0	cold	0.0	0	0
3	3	linear	0	15	0	warm	2.9537455600691065e-37	0	0
3	3	linear	0	23	0	cold	0.0	0	0
3	3	linear	0	23	0	warm	8.244118324509004e-39	0	0
3	3	linear	1	0	0	cold	0.0	0	0
3	3	linear	1	0	0	warm	0.0	0	0
3	3	linear	1	7	0	cold	0.0	0	0
3	3	linear	1	7	0	warm	1.7707743245977895e-37	0	0
3	3	linear	1	15	0	cold	0.0	0	0
3	3	linear	1	15	0	warm	1.605553287602689e-39	0	0
3	3	linear	1	23	0	cold	0.0	0	0
3	3	linear	1	23	0	warm	5.988664368163157e-40	0	0
3	3	linear	2	0	0	cold	0.0	0	0
3	3	linear	2	0	0	warm	0.0	0	0
3	3	linear	2	7	0	cold	0.0	0	0
3	3	linear	2	7	0	warm	7.577322974689333e-35	0	0
3	3	linear	2	15	0	cold	0.0	0	0
3	3	linear	2	15	0	warm	6.661883254752844e-36	0	0
3	3	linear	2	23	0	cold	0.0	0	0
3	3	linear	2	23	0	warm	2.863289565647712e-38	0	0
3	3	linear	3	0	0	cold	0.0	0	0
3	3	linear	3	0	0	warm	0.0	0	0
3	3	linear	3	7	0	cold	0.0	0	0
3	3	linear	3	7	0	warm	1.2796866060909498e-39	0	0
3	3	linear	3	15	0	cold	0.0	0	0
3	3	linear	3	15	0	warm	5.476645379254157e-40	0	0
3	3	linear	3	23	0	cold	0.0	0	0
3	3	linear	3	23	0	warm	3.559582034817571e-39	0	0
3	3	linear	4	0	0	cold	0.0	0	0
3	3	linear	4	0	0	warm	0.0	0	0
3	3	linear	4	7	0	cold	0.0	0	0
3	3	linear	4	7	0	warm	4.038181478502789e-43	0	0
3	3	linear	4	15	0	cold	0.0	0	0
3	3	linear	4	15	0	warm	2.7551469775135365e-42	0	0
3	3	linear	4	23	0	cold	0.0	0	0
3	3	linear	4	23	0	warm	3.298252373560332e-45	0	0
3	3	uniform	0	0	0	cold	0.0	0	0
3	3	uniform	0	0	0	warm	0.0	0	0
3	3	uniform	0	7	0	cold	0.0	0	0
3	3	uniform	0	7	0	warm	1.0731160736686544e-52	0	0
3	3	uniform	0	15	0	cold	0.0	0	0
3	3	uniform	0	15	0	warm	2.9537455600691065e-37	0	0
3	3	uniform	0	23	0	cold	0.0	0	0
3	3	uniform	0	23	0	warm	8.244118324509004e-39	0	0
3	3	uniform	1	0	0	cold	0.0	0	0
3	3	uniform	1	0	0	warm	0.0	0	0
3	3	uniform	1	7	0	cold	0.0	0	0
3	3	uniform	1	7	0	warm	1.7707743245977895e-37	0	0
3	3	uniform	1	15	0	cold	0.0	0	0
3	3	uniform	1	15	0	warm	1.605553287602689e-39	0	0
3	3	uniform	1	23	0	cold	0.0	0	0
3	3	uniform	1	23	0	warm	5.988664368163157e-40	0	0
3	3	uniform	2	0	0	cold	0.0	0	0
3	3	uniform	2	0	0	warm	0.0	0	0
3	3	uniform	2	7	0	cold	0.0	0	0
3	3	uniform	2	7	0	warm	7.577322974689333e-35	0	0
3	3	uniform	2	15	0	cold	0.0	0	0
3	3	uniform	2	15	0	warm	6.661883254752844e-36	0	0
3	3	uniform	2	23	0	cold	0.0	0	0
3	3	uniform	2	23	0	warm	2.863289565647712e-38	0	0
3	3	uniform	3	0	0	cold	0.0	0	0
3	3	uniform	3	0	0	warm	0.0	0	0
3	3	uniform	3	7	0	cold	0.0	0	0
3	3	uniform	3	7	0	warm	1.2796866060909498e-39	0	0
3	3	uniform	3	15	0	cold	0.0	0	0
3	3	uniform	3	15	0	warm	5.476645379254157e-40	0	0
3	3	uniform	3	23	0	cold	0.0	0	0
3	3	uniform	3	23	0	warm	3.559582034817571e-39	0	0
3	3	uniform	4	0	0	cold	0.0	0	0
3	3	uniform	4	0	0	warm	0.0	0	0
3	3	uniform	4	7	0	cold	0.0	0	0
3	3	uniform	4	7	0	warm	4.038181478502789e-43	0	0
3	3	uniform	4	15	0	cold	0.0	0	0
3	3	uniform	4	15	0	warm	2.7551469775135365e-42	0	0
3	3	uniform	4	23	0	cold	0.0	0	0
3	3	uniform	4	23	0	warm	3.298252373560332e-45	0	0
4	4	linear	0	0	0	cold	0.0	0	0
4	4	linear	0	0	0	warm	0.0	0	0
4	4	linear	0	7	0	cold	0.0	0	0
4	4	linear	0	7	0	warm	8.722702566905698e-74	0	0
4	4	linear	0	15	0	cold	0.0	0	0
4	4	linear	0	15	0	warm	1.3074854743482855e-75	0	0
4	4	linear	0	23	0	cold	0.0	0	0
4	4	linear	0	23	0	warm	1.5214478521613964e-76	0	0
4	4	linear	1	0	0	cold	0.0	0	0
4	4	linear	1	0	0	warm	0.0	0	0
4	4	linear	1	7	0	cold	0.0	0	0
4	4	linear	1	7	0	warm	4.8450393267768224e-64	0	0
4	4	linear	1	15	0	cold	0.0	0	0
4	4	linear	1	15	0	warm	2.214341598568967e-71	0	0
4	4	linear	1	23	0	cold	0.0	0	0
4	4	linear	1	23	0	warm	3.9870263297947823e-69	0	0
4	4	linear	2	0	0	cold	0.0	0	0
4	4	linear	2	0	0	warm	0.0	0	0
4	4	linear	2	7	0	cold	0.0	0	0
4	4	linear	2	7	0	warm	7.07600581036049e-40	0	0
4	4	linear	2	15	0	cold	0.0	0	0
4	4	linear	2	15	0	warm	1.4328934431724326e-55	0	0
4	4	linear	2	23	0	cold	0.0	0	0
4	4	linear	2	23	0	warm	8.301064991171342e-40	0	0
4	4	linear	3	0	0	cold	0.0	0	0
4	4	linear	3	0	0	warm	0.0	0	0
4	4	linear	3	7	0	cold	0.0	0	0
4	4	linear	3	7	0	warm	3.489196650022962e-76	0	0
4	4	linear	3	15	0	cold	0.0	0	0
4	4	linear	3	15	0	warm	6.860024803019027e-69	0	0
4	4	linear	3	23	0	cold	0.0	0	0
4	4	linear	3	23	0	warm	4.0734719332835114e-71	0	0
4	4	linear	4	0	0	cold	0.0	0	0
4	4	linear	4	0	0	warm	0.0	0	0
4	4	linear	4	7	0	cold	0.0	0	0
4	4	linear	4	7	0	warm	3.971439991249463e-67	0	0
4	4	linear	4	15	0	cold	0.0	0	0
4	4	linear	4	15	0	warm	2.5952878106201156e-73	0	0
4	4	linear	4	23	0	cold	0.0	0	0
4	4	linear	4	23	0	warm	1.5842010777113974e-75	0	0
4	4	uniform	0	0	0	cold	0.0	0	0
4	4	uniform	0	0	0	warm	0.0	0	0
4	4	uniform	0	7	0	cold	0.0	0	0
4	4	uniform	0	7	0	warm	8.722702566905698e-74	0	0
4	4	uniform	0	15	0	cold	0.0	0	0
4	4	uniform	0	15	0	warm	1.3074854743482855e-75	0	0
4	4	uniform	0	23	0	cold	0.0	0	0
4	4	uniform	0	23	0	warm	1.5214478521613964e-76	0	0
4	4	uniform	1	0	0	cold	0.0	0	0
4	4	uniform	1	0	0	warm	0.0	0	0
4	4	uniform	1	7	0	cold	0.0	0	0
4	4	uniform	1	7	0	warm	4.8450393267768224e-64	0	0
4	4	uniform	1	15	0	cold	0.0	0	0
4	4	uniform	1	15	0	warm	2.214341598568967e-71	0	0
4	4	uniform	1	23	0	cold	0.0	0	0
4	4	uniform	1	23	0	warm	3.9870263297947823e-69	0	0
4	4	uniform	2	0	0	cold	0.0	0	0
4	4	uniform	2	0	0	warm	0.0	0	0
4	4	uniform	2	7	0	cold	0.0	0	0
4	4	uniform	2	7	0	warm	7.07600581036049e-40	0	0
4	4	uniform	2	15	0	cold	0.0	0	0
4	4	uniform	2	15	0	warm	1.4328934431724326e-55	0	0
4	4	uniform	2	23	0	cold	0.0	0	0
4	4	uniform	2	23	0	warm	8.301064991171342e-40	0	0
4	4	uniform	3	0	0	cold	0.0	0	0
4	4	uniform	3	0	0	warm	0.0	0	0
4	4	uniform	3	7	0	cold	0.0	0	0
4	4	uniform	3	7	0	warm	3.489196650022962e-76	0	0
4	4	uniform	3	15	0	cold	0.0	0	0
4	4	uniform	3	15	0	warm	6.860024803019027e-69	0	0
4	4	uniform	3	23	0	cold	0.0	0	0
4	4	uniform	3	23	0	warm	4.0734719332835114e-71	0	0
4	4	uniform	4	0	0	cold	0.0	0	0
4	4	uniform	4	0	0	warm	0.0	0	0
4	4	uniform	4	7	0	cold	0.0	0	0
4	4	uniform	4	7	0	warm	3.971439991249463e-67	0	0
4	4	uniform	4	15	0	cold	0.0	0	0
4	4	uniform	4	15	0	warm	2.5952878106201156e-73	0	0
4	4	uniform	4	23	0	cold	0.0	0	0
4	4	uniform	4	23	0	warm	1.5842010777113974e-75	0	0
5	5	linear	0	0	0	cold	0.0	0	0
5	5	linear	0	0	0	warm	0.0	0	0
5	5	linear	0	7	0	cold	0.0	0	0
5	5	linear	0	7	0	warm	0.0	0	0
5	5	linear	0	15	0	cold	0.0	0	0
5	5	linear	0	15	0	warm	0.0	0	0
5	5	linear	0	23	0	cold	0.0	0	0
5	5	linear	0	23	0	warm	0.0	0	0
5	5	linear	1	0	0	cold	0.0	0	0
5	5	linear	1	0	0	warm	0.0	0	0
5	5	linear	1	7	0	cold	0.0	0	0
5	5	linear	1	7	0	warm	0.0	0	0
5	5	linear	1	15	0	cold	0.0	0	0
5	5	linear	1	15	0	warm	0.0	0	0
5	5	linear	1	23	0	cold	0.0	0	0
5	5	linear	1	23	0	warm	0.0	0	0
5	5	linear	2	0	0	cold	0.0	0	0
5	5	linear	2	0	0	warm	0.0	0	0
5	5	linear	2	7	0	cold	0.0	0	0
5	5	linear	2	7	0	warm	0.0	0	0
5	5	linear	2	15	0	cold	0.0	0	0
5	5	linear	2	15	0	warm	1.5688113591881228e-68	0	0
5	5	linear	2	23	0	cold	0.0	0	0
5	5	linear	2	23	0	warm	7.29218470855728e-65	0	0
5	5	linear	3	0	0	cold	0.0	0	0
5	5	linear	3	0	0	warm	0.0	0	0
5	5	linear	3	7	0	cold	0.0	0	0
5	5	linear	3	7	0	warm	3.926982299706486e-70	0	0
5	5	linear	3	15	0	cold	0.0	0	0
5	5	linear	3	15	0	warm	1.2270256966671766e-70	0	0
5	5	linear	3	23	0	cold	0.0	0	0
5	5	linear	3	23	0	warm	1.7586473525028495e-70	0	0
5	5	linear	4	0	0	cold	0.0	0	0
5	5	linear	4	0	0	warm	0.0	0	0
5	5	linear	4	7	0	cold	0.0	0	0
5	5	linear	4	7	0	warm	0.0	0	0
5	5	linear	4	15	0	cold	0.0	0	0
5	5	linear	4	15	0	warm	0.0	0	0
5	5	linear	4	23	0	cold	0.0	0	0
5	5	linear	4	23	0	warm	0.0	0	0
5	5	uniform	0	0	0	cold	0.0	0	0
5	5	uniform	0	0	0	warm	0.0	0	0
5	5	uniform	0	7	0	cold	0.0	0	0
5	5	uniform	0	7	0	warm	0.0	0	0
5	5	uniform	0	15	0	cold	0.0	0	0
5	5	uniform	0	15	0	warm	0.0	0	0
5	5	uniform	0	23	0	cold	0.0	0	0
5	5	uniform	0	23	0	warm	0.0	0	0
5	5	uniform	1	0	0	cold	0.0	0	0
5	5	uniform	1	0	0	warm	0.0	0	0
5	5	uniform	1	7	0	cold	0.0	0	0
5	5	uniform	1	7	0	warm	0.0	0	0
5	5	uniform	1	15	0	cold	0.0	0	0
5	5	uniform	1	15	0	warm	0.0	0	0
5	5	uniform	1	23	0	cold	0.0	0	0
5	5	uniform	1	23	0	warm	0.0	0	0
5	5	uniform	2	0	0	cold	0.0	0	0
5	5	uniform	2	0	0	warm	0.0	0	0
5	5	uniform	2	7	0	cold	0.0	0	0
5	5	uniform	2	7	0	warm	0.0	0	0
5	5	uniform	2	15	0	cold	0.0	0	0
5	5	uniform	2	15	0	warm	1.5688113591881228e-68	0	0
5	5	uniform	2	23	0	cold	0.0	0	0
5	5	uniform	2	23	0	warm	7.29218470855728e-65	0	0
5	5	uniform	3	0	0	cold	0.0	0	0
5	5	uniform	3	0	0	warm	0.0	0	0
5	5	uniform	3	7	0	cold	0.0	0	0
5	5	uniform	3	7	0	warm	3.926982299706486e-70	0	0
5	5	uniform	3	15	0	cold	0.0	0	0
5	5	uniform	3	15	0	warm	1.2270256966671766e-70	0	0
5	5	uniform	3	23	0	cold	0.0	0	0
5	5	uniform	3	23	0	warm	1.7586473525028495e-70	0	0
5	5	uniform	4	0	0	cold	0.0	0	0
5	5	uniform	4	0	0	warm	0.0	0	0
5	5	uniform	4	7	0	cold	0.0	0	0
5	5	uniform	4	7	0	warm	0.0	0	0
5	5	uniform	4	15	0	cold	0.0	0	0
5	5	uniform	4	15	0	warm	0.0	0	0
5	5	uniform	4	23	0	cold	0.0	0	0
5	5	uniform	4	23	0	warm	0.0	0	0
6	6	linear	0	0	0	cold	0.0	0	0
6	6	linear	0	0	0	warm	0.0	0	0
6	6	linear	0	7	0	cold	0.0	0	0
6	6	linear	0	7	0	warm	8.07044216013168e-73	0	0
6	6	linear	0	15	0	cold	0.0	0	0
6	6	linear	0	15	0	warm	9.727646414013862e-72	0	0
6	6	linear	0	23	0	cold	0.0	0	0
6	6	linear	0	23	0	warm	1.0854344002578122e-71	0	0
6	6	linear	1	0	0	cold	0.0	0	0
6	6	linear	1	0	0	warm	0.0	0	0
6	6	linear	1	7	0	cold	0.0	0	0
6	6	linear	1	7	0	warm	6.523920211762356e-72	0	0
6	6	linear	1	15	0	cold	0.0	0	0
6	6	linear	1	15	0	warm	6.957375479943592e-71	0	0
6	6	linear	1	23	0	cold	0.0	0	0
6	6	linear	1	23	0	warm	1.5394712937100704e-73	0	0
6	6	linear	2	0	0	cold	0.0	0	0
6	6	linear	2	0	0	warm	0.0	0	0
6	6	linear	2	7	0	cold	0.0	0	0
6	6	linear	2	7	0	warm	8.988063270526013e-64	0	0
6	6	linear	2	15	0	cold	0.0	0	0
6	6	linear	2	15	0	warm	3.234292800035834e-66	0	0
6	6	linear	2	23	0	cold	0.0	0	0
6	6	linear	2	23	0	warm	8.160595122406225e-66	0	0
6	6	linear	3	0	0	cold	0.0	0	0
6	6	linear	3	0	0	warm	0.0	0	0
6	6	linear	3	7	0	cold	0.0	0	0
6	6	linear	3	7	0	warm	9.46788551436317e-73	0	0
6	6	linear	3	15	0	cold	0.0	0	0
6	6	linear	3	15	0	warm	1.2936941161267754e-70	0	0
6	6	linear	3	23	0	cold	0.0	0	0
6	6	linear	3	23	0	warm	1.8116334547033869e-62	0	0
6	6	linear	4	0	0	cold	0.0	0	0
6	6	linear	4	0	0	warm	0.0	0	0
6	6	linear	4	7	0	cold	0.0	0	0
6	6	linear	4	7	0	warm	6.003710156483711e-64	0	0
6	6	linear	4	15	0	cold	0.0	0	0
6	6	linear	4	15	0	warm	4.6453549279604593e-66	0	0
6	6	linear	4	23	0	cold	0.0	0	0
6	6	linear	4	23	0	warm	3.4503251972408887e-65	0	0
6	6	uniform	0	0	0	cold	0.0	0	0
6	6	uniform	0	0	0	warm	0.0	0	0
6	6	uniform	0	7	0	cold	0.0	0	0
6	6	uniform	0	7	0	warm	8.07044216013168e-73	0	0
6	6	uniform	0	15	0	cold	0.0	0	0
6	6	uniform	0	15	0	warm	9.727646414013862e-72	0	0
6	6	uniform	0	23	0	cold	0.0	0	0
6	6	uniform	0	23	0	warm	1.0854344002578122e-71	0	0
6	6	uniform	1	0	0	cold	0.0	0	0
6	6	uniform	1	0	0	warm	0.0	0	0
6	6	uniform	1	7	0	cold	0.0	0	0
6	6	uniform	1	7	0	warm	6.523920211762356e-72	0	0
6	6	uniform	1	15	0	cold	0.0	0	0
6	6	uniform	1	15	0	warm	6.957375479943592e-71	0	0
6	6	uniform	1	23	0	cold	0.0	0	0
6	6	uniform	1	23	0	warm	1.5394712937100704e-73	0	0
6	6	uniform	2	0	0	cold	0.0	0	0
6	6	uniform	2	0	0	warm	0.0	0	0
6	6	uniform	2	7	0	cold	0.0	0	0
6	6	uniform	2	7	0	warm	8.988063270526013e-64	0	0
6	6	uniform	2	15	0	cold	0.0	0	0
6	6	uniform	2	15	0	warm	3.234292800035834e-66	0	0
6	6	uniform	2	23	0	cold	0.0	0	0
6	6	uniform	2	23	0	warm	8.160595122406225e-66	0	0
6	6	uniform	3	0	0	cold	0.0	0	0
6	6	uniform	3	0	0	warm	0.0	0	0
6	6	uniform	3	7	0	cold	0.0	0	0
6	6	uniform	3	7	0	warm	9.46788551436317e-73	0	0
6	6	uniform	3	15	0	cold	0.0	0	0
6	6	uniform	3	15	0	warm	1.2936941161267754e-70	0	0
6	6	uniform	3	23	0	cold	0.0	0	0
6	6	uniform	3	23	0	warm	1.8116334547033869e-62	0	0
6	6	uniform	4	0	0	cold	0.0	0	0
6	6	uniform	4	0	0	warm	0.0	0	0
6	6	uniform	4	7	0	cold	0.0	0	0
6	6	uniform	4	7	0	warm	6.003710156483711e-64	0	0
6	6	uniform	4	15	0	cold	0.0	0	0
6	6	uniform	4	15	0	warm	4.6453549279604593e-66	0	0
6	6	uniform	4	23	0	cold	0.0	0	0
6	6	uniform	4	23	0	warm	3.4503251972408887e-65	0	0
7	7	linear	0	0	0	cold	0.0	0	0
7	7	linear	0	0	0	warm	0.0	0	0
7	7	linear	0	7	0	cold	0.0	0	0
7	7	linear	0	7	0	warm	6.737736471453896e-62	0	0
7	7	linear	0	15	0	cold	0.0	0	0
7	7	linear	0	15	0	warm	8.515727286676773e-62	0	0
7	7	linear	0	23	0	cold	0.0	0	0
7	7	linear	0	23	0	warm	2.6982467959458032e-62	0	0
7	7	linear	1	0	0	cold	0.0	0	0
7	7	linear	1	0	0	warm	0.0	0	0
7	7	linear	1	7	0	cold	0.0	0	0
7	7	linear	1	7	0	warm	8.038963114942738e-36	0	0
7	7	linear	1	15	0	cold	0.0	0	0
7	7	linear	1	15	0	warm	5.974706655412189e-37	0	0
7	7	linear	1	23	0	cold	0.0	0	0
7	7	linear	1	23	0	warm	3.3866547440684267e-21	0	0
7	7	linear	2	0	0	cold	0.0	0	0
7	7	linear	2	0	0	warm	0.0	0	0
7	7	linear	2	7	0	cold	0.0	0	0
7	7	linear	2	7	0	warm	4.733925089562907e-44	0	0
7	7	linear	2	15	0	cold	0.0	0	0
7	7	linear	2	15	0	warm	2.082452372789364e-45	0	0
7	7	linear	2	23	0	cold	0.0	0	0
7	7	linear	2	23	0	warm	3.413977415983956e-46	0	0
7	7	linear	3	0	0	cold	0.0	0	0
7	7	linear	3	0	0	warm	0.0	0	0
7	7	linear	3	7	0	cold	0.0	0	0
7	7	linear	3	7	0	warm	4.2510367987414564e-54	0	0
7	7	linear	3	15	0	cold	0.0	0	0
7	7	linear	3	15	0	warm	6.618313196032975e-54	0	0
7	7	linear	3	23	0	cold	0.0	0	0
7	7	linear	3	23	0	warm	5.175974148771347e-56	0	0
7	7	linear	4	0	0	cold	0.0	0	0
7	7	linear	4	0	0	warm	0.0	0	0
7	7	linear	4	7	0	cold	0.0	0	0
7	7	linear	4	7	0	warm	2.3385349384163716e-44	0	0
7	7	linear	4	15	0	cold	0.0	0	0
7	7	linear	4	15	0	warm	2.5064090421607653e-41	0	0
7	7	linear	4	23	0	cold	0.0	0	0
7	7	linear	4	23	0	warm	6.677891655129548e-42	0	0
7	7	uniform	0	0	0	cold	0.0	0	0
7	7	uniform	0	0	0	warm	0.0	0	0
7	7	uniform	0	7	0	cold	0.0	0	0
7	7	uniform	0	7	0	warm	6.737736471453896e-62	0	0
7	7	uniform	0	15	0	cold	0.0	0	0
7	7	uniform	0	15	0	warm	8.515727286676773e-62	0	0
7	7	uniform	0	23	0	cold	0.0	0	0
7	7	uniform	0	23	0	warm	2.6982467959458032e-62	0	0
7	7	uniform	1	0	0	cold	0.0	0	0
7	7	uniform	1	0	0	warm	0.0	0	0
7	7	uniform	1	7	0	cold	0.0	0	0
7	7	uniform	1	7	0	warm	8.038963114942738e-36	0	0
7	7	uniform	1	15	0	cold	0.0	0	0
7	7	uniform	1	15	0	warm	5.974706655412189e-37	0	0
7	7	uniform	1	23	0	cold	0.0	0	0
7	7	uniform	1	23	0	warm	3.3866547440684267e-21	0	0
7	7	uniform	2	0	0	cold	0.0	0	0
7	7	uniform	2	0	0	warm	0.0	0	0
7	7	uniform	2	7	0	cold	0.0	0	0
7	7	uniform	2	7	0	warm	4.733925089562907e-44	0	0
7	7	uniform	2	15	0	cold	0.0	0	0
7	7	uniform	2	15	0	warm	2.082452372789364e-45	0	0
7	7	uniform	2	23	0	cold	0.0	0	0
7	7	uniform	2	23	0	warm	3.413977415983956e-46	0	0
7	7	uniform	3	0	0	cold	0.0	0	0
7	7	uniform	3	0	0	warm	0.0	0	0
7	7	uniform	3	7	0	cold	0.0	0	0
7	7	uniform	3	7	0	warm	4.2510367987414564e-54	0	0
7	7	uniform	3	15	0	cold	0.0	0	0
7	7	uniform	3	15	0	warm	6.618313196032975e-54	0	0
7	7	uniform	3	23	0	cold	0.0	0	0
7	7	uniform	3	23	0	warm	5.175974148771347e-56	0	0
7	7	uniform	4	0	0	cold	0.0	0	0
7	7	uniform	4	0	0	warm	0.0	0	0
7	7	uniform	4	7	0	cold	0.0	0	0
7	7	uniform	4	7	0	warm	2.3385349384163716e-44	0	0
7	7	uniform	4	15	0	cold	0.0	0	0
7	7	uniform	4	15	0	warm	2.5064090421607653e-41	0	0
7	7	uniform	4	23	0	cold	0.0	0	0
7	7	uniform	4	23	0	warm	6.677891655129548e-42	0	0
8	8	linear	0	0	0	cold	0.0	0	0
8	8	linear	0	0	0	warm	0.0	0	0
8	8	linear	0	7	0	cold	0.0	0	0
8	8	linear	0	7	0	warm	8.125685703756007e-56	0	0
8	8	linear	0	15	0	cold	0.0	0	0
8	8	linear	0	15	0	warm	2.0556625513381804e-37	0	0
8	8	linear	0	23	0	cold	0.0	0	0
8	8	linear	0	23	0	warm	5.439594499334349e-37	0	0
8	8	linear	1	0	0	cold	0.0	0	0
8	8	linear	1	0	0	warm	0.0	0	0
8	8	linear	1	7	0	cold	0.0	0	0
8	8	linear	1	7	0	warm	1.6113222487764457e-42	0	0
8	8	linear	1	15	0	cold	0.0	0	0
8	8	linear	1	15	0	warm	6.6347894802147945e-43	0	0
8	8	linear	1	23	0	cold	0.0	0	0
8	8	linear	1	23	0	warm	6.756566755733875e-43	0	0
8	8	linear	2	0	0	cold	0.0	0	0
8	8	linear	2	0	0	warm	0.0	0	0
8	8	linear	2	7	0	cold	0.0	0	0
8	8	linear	2	7	0	warm	8.886282442397683e-59	0	0
8	8	linear	2	15	0	cold	0.0	0	0
8	8	linear	2	15	0	warm	6.574855977816835e-61	0	0
8	8	linear	2	23	0	cold	0.0	0	0
8	8	linear	2	23	0	warm	4.333109237790769e-62	0	0
8	8	linear	3	0	0	cold	0.0	0	0
8	8	linear	3	0	0	warm	0.0	0	0
8	8	linear	3	7	0	cold	0.0	0	0
8	8	linear	3	7	0	warm	4.299552234403986e-68	0	0
8	8	linear	3	15	0	cold	0.0	0	0
8	8	linear	3	15	0	warm	0.0	0	0
8	8	linear	3	23	0	cold	0.0	0	0
8	8	linear	3	23	0	warm	1.3273789404378892e-65	0	0
8	8	linear	4	0	0	cold	0.0	0	0
8	8	linear	4	0	0	warm	0.0	0	0
8	8	linear	4	7	0	cold	0.0	0	0
8	8	linear	4	7	0	warm	1.293557378994664e-66	0	0
8	8	linear	4	15	0	cold	0.0	0	0
8	8	linear	4	15	0	warm	0.0	0	0
8	8	linear	4	23	0	cold	0.0	0	0
8	8	linear	4	23	0	warm	2.252392243227095e-67	0	0
8	8	uniform	0	0	0	cold	0.0	0	0
8	8	uniform	0	0	0	warm	0.0	0	0
8	8	uniform	0	7	0	cold	0.0	0	0
8	8	uniform	0	7	0	warm	8.125685703756007e-56	0	0
8	8	uniform	0	15	0	cold	0.0	0	0
8	8	uniform	0	15	0	warm	2.0556625513381804e-37	0	0
8	8	uniform	0	23	0	cold	0.0	0	0
8	8	uniform	0	23	0	warm	5.439594499334349e-37	0	0
8	8	uniform	1	0	0	cold	0.0	0	0
8	8	uniform	1	0	0	warm	0.0	0	0
8	8	uniform	1	7	0	cold	0.0	0	0
8	8	uniform	1	7	0	warm	1.6113222487764457e-42	0	0
8	8	uniform	1	15	0	cold	0.0	0	0
8	8	uniform	1	15	0	warm	6.6347894802147945e-43	0	0
8	8	uniform	1	23	0	cold	0.0	0	0
8	8	uniform	1	23	0	warm	6.756566755733875e-43	0	0
8	8	uniform	2	0	0	cold	0.0	0	0
8	8	uniform	2	0	0	warm	0.0	0	0
8	8	uniform	2	7	0	cold	0.0	0	0
8	8	uniform	2	7	0	warm	8.886282442397683e-59	0	0
8	8	uniform	2	15	0	cold	0.0	0	0
8	8	uniform	2	15	0	warm	6.574855977816835e-61	0	0
8	8	uniform	2	23	0	cold	0.0	0	0
8	8	uniform	2	23	0	warm	4.333109237790769e-62	0	0
8	8	uniform	3	0	0	cold	0.0	0	0
8	8	uniform	3	0	0	warm	0.0	0	0
8	8	uniform	3	7	0	cold	0.0	0	0
8	8	uniform	3	7	0	warm	4.299552234403986e-68	0	0
8	8	uniform	3	15	0	cold	0.0	0	0
8	8	uniform	3	15	0	warm	0.0	0	0
8	8	uniform	3	23	0	cold	0.0	0	0
8	8	uniform	3	23	0	warm	1.3273789404378892e-65	0	0
8	8	uniform	4	0	0	cold	0.0	0	0
8	8	uniform	4	0	0	warm	0.0	0	0
8	8	uniform	4	7	0	cold	0.0	0	0
8	8	uniform	4	7	0	warm	1.293557378994664e-66	0	0
8	8	uniform	4	15	0	cold	0.0	0	0
8	8	uniform	4	15	0	warm	0.0	0	0
8	8	uniform	4	23	0	cold	0.0	0	0
8	8	uniform	4	23	0	warm	2.252392243227095e-67	0	0
9	9	linear	0	0	0	cold	0.0	0	0
9	9	linear	0	0	0	warm	0.0	0	0
9	9	linear	0	7	0	cold	0.0	0	0
9	9	linear	0	7	0	warm	1.2900126916930676e-60	0	0
9	9	linear	0	15	0	cold	0.0	0	0
9	9	linear	0	15	0	warm	7.010732378722027e-60	0	0
9	9	linear	0	23	0	cold	0.0	0	0
9	9	linear	0	23	0	warm	5.438721424195769e-55	0	0
9	9	linear	1	0	0	cold	0.0	0	0
9	9	linear	1	0	0	warm	0.0	0	0
9	9	linear	1	7	0	cold	0.0	0	0
9	9	linear	1	7	0	warm	1.8028141171888632e-17	0	0
9	9	linear	1	15	0	cold	0.0	0	0
9	9	linear	1	15	0	warm	6.21651980856842e-16	0	0
9	9	linear	1	23	0	cold	0.0	0	0
9	9	linear	1	23	0	warm	1.4986544712124203e-18	0	0
9	9	linear	2	0	0	cold	0.0	0	0
9	9	linear	2	0	0	warm	0.0	0	0
9	9	linear	2	7	0	cold	0.0	0	0
9	9	linear	2	7	0	warm	1.2996819349155947e-15	0	0
9	9	linear	2	15	0	cold	0.0	0	0
9	9	linear	2	15	0	warm	5.998446734368375e-16	0	0
9	9	linear	2	23	0	cold	0.0	0	0
9	9	linear	2	23	0	warm	1.0117238923808742e-16	0	0
9	9	linear	3	0	0	cold	0.0	0	0
9	9	linear	3	0	0	warm	0.0	0	0
9	9	linear	3	7	0	cold	0.0	0	0
9	9	linear	3	7	0	warm	7.892279747769206e-49	0	0
9	9	linear	3	15	0	cold	0.0	0	0
9	9	linear	3	15	0	warm	1.2395745441705286e-48	0	0
9	9	linear	3	23	0	cold	0.0	0	0
9	9	linear	3	23	0	warm	3.274537694755758e-48	0	0
9	9	linear	4	0	0	cold	0.0	0	0
9	9	linear	4	0	0	warm	0.0	0	0
9	9	linear	4	7	0	cold	0.0	0	0
9	9	linear	4	7	0	warm	3.751403208724201e-19	0	0
9	9	linear	4	15	0	cold	0.0	0	0
9	9	linear	4	15	0	warm	1.0034781518153425e-19	0	0
9	9	linear	4	23	0	cold	0.0	0	0
9	9	linear	4	23	0	warm	2.296993479631504e-19	0	0
9	9	uniform	0	0	0	cold	0.0	0	0
9	9	uniform	0	0	0	warm	0.0	0	0
9	9	uniform	0	7	0	cold	0.0	0	0
9	9	uniform	0	7	0	warm	1.2900126916930676e-60	0	0
9	9	uniform	0	15	0	cold	0.0	0	0
9	9	uniform	0	15	0	warm	7.010732378722027e-60	0	0
9	9	uniform	0	23	0	cold	0.0	0	0
9	9	uniform	0	23	0	warm	5.438721424195769e-55	0	0
9	9	uniform	1	0	0	cold	0.0	0	0
9	9	uniform	1	0	0	warm	0.0	0	0
9	9	uniform	1	7	0	cold	0.0	0	0
9	9	uniform	1	7	0	warm	1.8028141171888632e-17	0	0
9	9	uniform	1	15	0	cold	0.0	0	0
9	9	uniform	1	15	0	warm	6.21651980856842e-16	0	0
9	9	uniform	1	23	0	cold	0.0	0	0
9	9	uniform	1	23	0	warm	1.4986544712124203e-18	0	0
9	9	uniform	2	0	0	cold	0.0	0	0
9	9	uniform	2	0	0	warm	0.0	0	0
9	9	uniform	2	7	0	cold	0.0	0	0
9	9	uniform	2	7	0	warm	1.2996819349155947e-15	0	0
9	9	uniform	2	15	0	cold	0.0	0	0
9	9	uniform	2	15	0	warm	5.998446734368375e-16	0	0
9	9	uniform	2	23	0	cold	0.0	0	0
9	9	uniform	2	23	0	warm	1.0117238923808742e-16	0	0
9	9	uniform	3	0	0	cold	0.0	0	0
9	9	uniform	3	0	0	warm	0.0	0	0
9	9	uniform	3	7	0	cold	0.0	0	0
9	9	uniform	3	7	0	warm	7.892279747769206e-49	0	0
9	9	uniform	3	15	0	cold	0.0	0	0
9	9	uniform	3	15	0	warm	1.2395745441705286e-48	0	0
9	9	uniform	3	23	0	cold	0.0	0	0
9	9	uniform	3	23	0	warm	3.274537694755758e-48	0	0
9	9	uniform	4	0	0	cold	0.0	0	0
9	9	uniform	4	0	0	warm	0.0	0	0
9	9	uniform	4	7	0	cold	0.0	0	0
9	9	uniform	4	7	0	warm	3.751403208724201e-19	0	0
9	9	uniform	4	15	0	cold	0.0	0	0
9	9	uniform	4	15	0	warm	1.0034781518153425e-19	0	0
9	9	uniform	4	23	0	cold	0.0	0	0
9	9	uniform	4	23	0	warm	2.296993479631504e-19	0	0
10	10	linear	0	0	0	cold	0.0	0	0
10	10	linear	0	0	0	warm	0.0	0	0
10	10	linear	0	7	0	cold	0.0	0	0
10	10	linear	0	7	0	warm	5.271532233859687e-46	0	0
10	10	linear	0	15	0	cold	0.0	0	0
10	10	linear	0	15	0	warm	2.6542706574199006e-53	0	0
10	10	linear	0	23	0	cold	0.0	0	0
10	10	linear	0	23	0	warm	4.1658959573493475e-72	0	0
10	10	linear	1	0	0	cold	0.0	0	0
10	10	linear	1	0	0	warm	0.0	0	0
10	10	linear	1	7	0	cold	0.0	0	0
10	10	linear	1	7	0	warm	2.30248604446567e-60	0	0
10	10	linear	1	15	0	cold	0.0	0	0
10	10	linear	1	15	0	warm	5.3698801767901124e-67	0	0
10	10	linear	1	23	0	cold	0.0	0	0
10	10	linear	1	23	0	warm	4.917709093045443e-64	0	0
10	10	linear	2	0	0	cold	0.0	0	0
10	10	linear	2	0	0	warm	0.0	0	0
10	10	linear	2	7	0	cold	0.0	0	0
10	10	linear	2	7	0	warm	4.484631282340269e-57	0	0
10	10	linear	2	15	0	cold	0.0	0	0
10	10	linear	2	15	0	warm	1.2654562038907084e-57	0	0
10	10	linear	2	23	0	cold	0.0	0	0
10	10	linear	2	23	0	warm	4.928672085514015e-59	0	0
10	10	linear	3	0	0	cold	0.0	0	0
10	10	linear	3	0	0	warm	0.0	0	0
10	10	linear	3	7	0	cold	0.0	0	0
10	10	linear	3	7	0	warm	9.846784725920695e-50	0	0
10	10	linear	3	15	0	cold	0.0	0	0
10	10	linear	3	15	0	warm	8.255527267305348e-48	0	0
10	10	linear	3	23	0	cold	0.0	0	0
10	10	linear	3	23	0	warm	6.311675831091641e-48	0	0
10	10	linear	4	0	0	cold	0.0	0	0
10	10	linear	4	0	0	warm	0.0	0	0
10	10	linear	4	7	0	cold	0.0	0	0
10	10	linear	4	7	0	warm	4.174407246237675e-47	0	0
10	10	linear	4	15	0	cold	0.0	0	0
10	10	linear	4	15	0	warm	6.032635611100333e-48	0	0
10	10	linear	4	23	0	cold	0.0	0	0
10	10	linear	4	23	0	warm	4.538467168219873e-46	0	0
10	10	uniform	0	0	0	cold	0.0	0	0
10	10	uniform	0	0	0	warm	0.0	0	0
10	10	uniform	0	7	0	cold	0.0	0	0
10	10	uniform	0	7	0	warm	5.271532233859687e-46	0	0
10	10	uniform	0	15	0	cold	0.0	0	0
10	10	uniform	0	15	0	warm	2.6542706574199006e-53	0	0
10	10	uniform	0	23	0	cold	0.0	0	0
10	10	uniform	0	23	0	warm	4.1658959573493475e-72	0	0
10	10	uniform	1	0	0	cold	0.0	0	0
10	10	uniform	1	0	0	warm	0.0	0	0
10	10	uniform	1	7	0	cold	0.0	0	0
10	10	uniform	1	7	0	warm	2.30248604446567e-60	0	0
10	10	uniform	1	15	0	cold	0.0	0	0
10	10	uniform	1	15	0	warm	5.3698801767901124e-67	0	0
10	10	uniform	1	23	0	cold	0.0	0	0
10	10	uniform	1	23	0	warm	4.917709093045443e-64	0	0
10	10	uniform	2	0	0	cold	0.0	0	0
10	10	uniform	2	0	0	warm	0.0	0	0
10	10	uniform	2	7	0	cold	0.0	0	0
10	10	uniform	2	7	0	warm	4.484631282340269e-57	0	0
10	10	uniform	2	15	0	cold	0.0	0	0
10	10	uniform	2	15	0	warm	1.2654562038907084e-57	0	0
10	10	uniform	2	23	0	cold	0.0	0	0
10	10	uniform	2	23	0	warm	4.928672085514015e-59	0	0
10	10	uniform	3	0	0	cold	0.0	0	0
10	10	uniform	3	0	0	warm	0.0	0	0
10	10	uniform	3	7	0	cold	0.0	0	0
10	10	uniform	3	7	0	warm	9.846784725920695e-50	0	0
10	10	uniform	3	15	0	cold	0.0	0	0
10	10	uniform	3	15	0	warm	8.255527267305348e-48	0	0
10	10	uniform	3	23	0	cold	0.0	0	0
10	10	uniform	3	23	0	warm	6.311675831091641e-48	0	0
10	10	uniform	4	0	0	cold	0.0	0	0
10	10	uniform	4	0	0	warm	0.0	0	0
10	10	uniform	4	7	0	cold	0.0	0	0
10	10	uniform	4	7	0	warm	4.174407246237675e-47	0	0
10	10	uniform	4	15	0	cold	0.0	0	0
10	10	uniform	4	15	0	warm	6.032635611100333e-48	0	0
10	10	uniform	4	23	0	cold	0.0	0	0
10	10	uniform	4	23	0	warm	4.538467168219873e-46	0	0
11	11	linear	0	0	0	cold	0.0	0	0
11	11	linear	0	0	0	warm	0.0	0	0
11	11	linear	0	7	0	cold	0.0	0	0
11	11	linear	0	7	0	warm	1.0476798573757676e-71	0	0
11	11	linear	0	15	0	cold	0.0	0	0
11	11	linear	0	15	0	warm	6.627379769691126e-70	0	0
11	11	linear	0	23	0	cold	0.0	0	0
11	11	linear	0	23	0	warm	1.2746921208872355e-70	0	0
11	11	linear	1	0	0	cold	0.0	0	0
11	11	linear	1	0	0	warm	0.0	0	0
11	11	linear	1	7	0	cold	0.0	0	0
11	11	linear	1	7	0	warm	2.7290098183111174e-72	0	0
11	11	linear	1	15	0	cold	0.0	0	0
11	11	linear	1	15	0	warm	1.9084178030416225e-75	0	0
11	11	linear	1	23	0	cold	0.0	0	0
11	11	linear	1	23	0	warm	3.3413021284250295e-72	0	0
11	11	linear	2	0	0	cold	0.0	0	0
11	11	linear	2	0	0	warm	0.0	0	0
11	11	linear	2	7	0	cold	0.0	0	0
11	11	linear	2	7	0	warm	0.0	0	0
11	11	linear	2	15	0	cold	0.0	0	0
11	11	linear	2	15	0	warm	0.0	0	0
11	11	linear	2	23	0	cold	0.0	0	0
11	11	linear	2	23	0	warm	0.0	0	0
11	11	linear	3	0	0	cold	0.0	0	0
11	11	linear	3	0	0	warm	0.0	0	0
11	11	linear	3	7	0	cold	0.0	0	0
11	11	linear	3	7	0	warm	0.0	0	0
11	11	linear	3	15	0	cold	0.0	0	0
11	11	linear	3	15	0	warm	0.0	0	0
11	11	linear	3	23	0	cold	0.0	0	0
11	11	linear	3	23	0	warm	0.0	0	0
11	11	linear	4	0	0	cold	0.0	0	0
11	11	linear	4	0	0	warm	0.0	0	0
11	11	linear	4	7	0	cold	0.0	0	0
11	11	linear	4	7	0	warm	0.0	0	0
11	11	linear	4	15	0	cold	0.0	0	0
11	11	linear	4	15	0	warm	0.0	0	0
11	11	linear	4	23	0	cold	0.0	0	0
11	11	linear	4	23	0	warm	0.0	0	0
11	11	uniform	0	0	0	cold	0.0	0	0
11	11	uniform	0	0	0	warm	0.0	0	0
11	11	uniform	0	7	0	cold	0.0	0	0
11	11	uniform	0	7	0	warm	1.0476798573757676e-71	0	0
11	11	uniform	0	15	0	cold	0.0	0	0
11	11	uniform	0	15	0	warm	6.627379769691126e-70	0	0
11	11	uniform	0	23	0	cold	0.0	0	0
11	11	uniform	0	23	0	warm	1.2746921208872355e-70	0	0
11	11	uniform	1	0	0	cold	0.0	0	0
11	11	uniform	1	0	0	warm	0.0	0	0
11	11	uniform	1	7	0	cold	0.0	0	0
11	11	uniform	1	7	0	warm	2.7290098183111174e-72	0	0
11	11	uniform	1	15	0	cold	0.0	0	0
11	11	uniform	1	15	0	warm	1.9084178030416225e-75	0	0
11	11	uniform	1	23	0	cold	0.0	0	0
11	11	uniform	1	23	0	warm	3.3413021284250295e-72	0	0
11	11	uniform	2	0	0	cold	0.0	0	0
11	11	uniform	2	0	0	warm	0.0	0	0
11	11	uniform	2	7	0	cold	0.0	0	0
11	11	uniform	2	7	0	warm	0.0	0	0
11	11	uniform	2	15	0	cold	0.0	0	0
11	11	uniform	2	15	0	warm	0.0	0	0
11	11	uniform	2	23	0	cold	0.0	0	0
11	11	uniform	2	23	0	warm	0.0	0	0
11	11	uniform	3	0	0	cold	0.0	0	0
11	11	uniform	3	0	0	warm	0.0	0	0
11	11	uniform	3	7	0	cold	0.0	0	0
11	11	uniform	3	7	0	warm	0.0	0	0
11	11	uniform	3	15	0	cold	0.0	0	0
11	11	uniform	3	15	0	warm	0.0	0	0
11	11	uniform	3	23	0	cold	0.0	0	0
11	11	uniform	3	23	0	warm	0.0	0	0
11	11	uniform	4	0	0	cold	0.0	0	0
11	11	uniform	4	0	0	warm	0.0	0	0
11	11	uniform	4	7	0	cold	0.0	0	0
11	11	uniform	4	7	0	warm	0.0	0	0
11	11	uniform	4	15	0	cold	0.0	0	0
11	11	uniform	4	15	0	warm	0.0	0	0
11	11	uniform	4	23	0	cold	0.0	0	0
11	11	uniform	4	23	0	warm	0.0	0	0
12	12	linear	0	0	0	cold	0.0	0	0
12	12	linear	0	0	0	warm	0.0	0	0
12	12	linear	0	7	0	cold	0.0	0	0
12	12	linear	0	7	0	warm	7.631112770000717e-52	0	0
12	12	linear	0	15	0	cold	0.0	0	0
12	12	linear	0	15	0	warm	3.680145710425768e-36	0	0
12	12	linear	0	23	0	cold	0.0	0	0
12	12	linear	0	23	0	warm	2.620262284750084e-38	0	0
12	12	linear	1	0	0	cold	0.0	0	0
12	12	linear	1	0	0	warm	0.0	0	0
12	12	linear	1	7	0	cold	0.0	0	0
12	12	linear	1	7	0	warm	7.47682680492725e-42	0	0
12	12	linear	1	15	0	cold	0.0	0	0
12	12	linear	1	15	0	warm	3.98626501502912e-41	0	0
12	12	linear	1	23	0	cold	0.0	0	0
12	12	linear	1	23	0	warm	9.558564333517009e-43	0	0
12	12	linear	2	0	0	cold	0.0	0	0
12	12	linear	2	0	0	warm	0.0	0	0
12	12	linear	2	7	0	cold	0.0	0	0
12	12	linear	2	7	0	warm	2.7610313531219033e-41	0	0
12	12	linear	2	15	0	cold	0.0	0	0
12	12	linear	2	15	0	warm	1.9562144393644118e-41	0	0
12	12	linear	2	23	0	cold	0.0	0	0
12	12	linear	2	23	0	warm	8.37023328574038e-63	0	0
12	12	linear	3	0	0	cold	0.0	0	0
12	12	linear	3	0	0	warm	0.0	0	0
12	12	linear	3	7	0	cold	0.0	0	0
12	12	linear	3	7	0	warm	3.6064009904588264e-63	0	0
12	12	linear	3	15	0	cold	0.0	0	0
12	12	linear	3	15	0	warm	5.70251753967049e-65	0	0
12	12	linear	3	23	0	cold	0.0	0	0
12	12	linear	3	23	0	warm	1.816120077560863e-64	0	0
12	12	linear	4	0	0	cold	0.0	0	0
12	12	linear	4	0	0	warm	0.0	0	0
12	12	linear	4	7	0	cold	0.0	0	0
12	12	linear	4	7	0	warm	9.678993519241174e-51	0	0
12	12	linear	4	15	0	cold	0.0	0	0
12	12	linear	4	15	0	warm	6.396032638737311e-57	0	0
12	12	linear	4	23	0	cold	0.0	0	0
12	12	linear	4	23	0	warm	1.4253931312287792e-50	0	0
12	12	uniform	0	0	0	cold	0.0	0	0
12	12	uniform	0	0	0	warm	0.0	0	0
12	12	uniform	0	7	0	cold	0.0	0	0
12	12	uniform	0	7	0	warm	7.631112770000717e-52	0	0
12	12	uniform	0	15	0	cold	0.0	0	0
12	12	uniform	0	15	0	warm	3.680145710425768e-36	0	0
12	12	uniform	0	23	0	cold	0.0	0	0
12	12	uniform	0	23	0	warm	2.620262284750084e-38	0	0
12	12	uniform	1	0	0	cold	0.0	0	0
12	12	uniform	1	0	0	warm	0.0	0	0
12	12	uniform	1	7	0	cold	0.0	0	0
12	12	uniform	1	7	0	warm	7.47682680492725e-42	0	0
12	12	uniform	1	15	0	cold	0.0	0	0
12	12	uniform	1	15	0	warm	3.98626501502912e-41	0	0
12	12	uniform	1	23	0	cold	0.0	0	0
12	12	uniform	1	23	0	warm	9.558564333517009e-43	0	0
12	12	uniform	2	0	0	cold	0.0	0	0
12	12	uniform	2	0	0	warm	0.0	0	0
12	12	uniform	2	7	0	cold	0.0	0	0
12	12	uniform	2	7	0	warm	2.7610313531219033e-41	0	0
12	12	uniform	2	15	0	cold	0.0	0	0
12	12	uniform	2	15	0	warm	1.9562144393644118e-41	0	0
12	12	uniform	2	23	0	cold	0.0	0	0
12	12	uniform	2	23	0	warm	8.37023328574038e-63	0	0
12	12	uniform	3	0	0	cold	0.0	0	0
12	12	uniform	3	0	0	warm	0.0	0	0
12	12	uniform	3	7	0	cold	0.0	0	0
12	12	uniform	3	7	0	warm	3.6064009904588264e-63	0	0
12	12	uniform	3	15	0	cold	0.0	0	0
12	12	uniform	3	15	0	warm	5.70251753967049e-65	0	0
12	12	uniform	3	23	0	cold	0.0	0	0
12	12	uniform	3	23	0	warm	1.816120077560863e-64	0	0
12	12	uniform	4	0	0	cold	0.0	0	0
12	12	uniform	4	0	0	warm	0.0	0	0
12	12	uniform	4	7	0	cold	0.0	0	0
12	12	uniform	4	7	0	warm	9.678993519241174e-51	0	0
12	12	uniform	4	15	0	cold	0.0	0	0
12	12	uniform	4	15	0	warm	6.396032638737311e-57	0	0
12	12	uniform	4	23	0	cold	0.0	0	0
12	12	uniform	4	23	0	warm	1.4253931312287792e-50	0	0
13	13	linear	0	0	0	cold	0.0	0	0
13	13	linear	0	0	0	warm	0.0	0	0
13	13	linear	0	7	0	cold	0.0	0	0
13	13	linear	0	7	0	warm	7.170557386926114e-66	0	0
13	13	linear	0	15	0	cold	0.0	0	0
13	13	linear	0	15	0	warm	1.8436148109923529e-65	0	0
13	13	linear	0	23	0	cold	0.0	0	0
13	13	linear	0	23	0	warm	2.205544376704205e-67	0	0
13	13	linear	1	0	0	cold	0.0	0	0
13	13	linear	1	0	0	warm	0.0	0	0
13	13	linear	1	7	0	cold	0.0	0	0
13	13	linear	1	7	0	warm	0.0	0	0
13	13	linear	1	15	0	cold	0.0	0	0
13	13	linear	1	15	0	warm	1.128413193283591e-75	0	0
13	13	linear	1	23	0	cold	0.0	0	0
13	13	linear	1	23	0	warm	0.0	0	0
13	13	linear	2	0	0	cold	0.0	0	0
13	13	linear	2	0	0	warm	0.0	0	0
13	13	linear	2	7	0	cold	0.0	0	0
13	13	linear	2	7	0	warm	7.569100956440189e-66	0	0
13	13	linear	2	15	0	cold	0.0	0	0
13	13	linear	2	15	0	warm	1.2454102790961879e-67	0	0
13	13	linear	2	23	0	cold	0.0	0	0
13	13	linear	2	23	0	warm	1.1245612542363143e-64	0	0
13	13	linear	3	0	0	cold	0.0	0	0
13	13	linear	3	0	0	warm	0.0	0	0
13	13	linear	3	7	0	cold	0.0	0	0
13	13	linear	3	7	0	warm	3.154177011723858e-68	0	0
13	13	linear	3	15	0	cold	0.0	0	0
13	13	linear	3	15	0	warm	2.6900979148012383e-66	0	0
13	13	linear	3	23	0	cold	0.0	0	0
13	13	linear	3	23	0	warm	1.0507702294709359e-73	0	0
13	13	linear	4	0	0	cold	0.0	0	0
13	13	linear	4	0	0	warm	0.0	0	0
13	13	linear	4	7	0	cold	0.0	0	0
13	13	linear	4	7	0	warm	1.0438289608882243e-69	0	0
13	13	linear	4	15	0	cold	0.0	0	0
13	13	linear	4	15	0	warm	8.2770987740021e-69	0	0
13	13	linear	4	23	0	cold	0.0	0	0
13	13	linear	4	23	0	warm	1.0255467881277551e-69	0	0
13	13	uniform	0	0	0	cold	0.0	0	0
13	13	uniform	0	0	0	warm	0.0	0	0
13	13	uniform	0	7	0	cold	0.0	0	0
13	13	uniform	0	7	0	warm	7.170557386926114e-66	0	0
13	13	uniform	0	15	0	cold	0.0	0	0
13	13	uniform	0	15	0	warm	1.8436148109923529e-65	0	0
13	13	uniform	0	23	0	cold	0.0	0	0
13	13	uniform	0	23	0	warm	2.205544376704205e-67	0	0
13	13	uniform	1	0	0	cold	0.0	0	0
13	13	uniform	1	0	0	warm	0.0	0	0
13	13	uniform	1	7	0	cold	0.0	0	0
13	13	uniform	1	7	0	warm	0.0	0	0
13	13	uniform	1	15	0	cold	0.0	0	0
13	13	uniform	1	15	0	warm	1.128413193283591e-75	0	0
13	13	uniform	1	23	0	cold	0.0	0	0
13	13	uniform	1	23	0	warm	0.0	0	0
13	13	uniform	2	0	0	cold	0.0	0	0
13	13	uniform	2	0	0	warm	0.0	0	0
13	13	uniform	2	7	0	cold	0.0	0	0
13	13	uniform	2	7	0	warm	7.569100956440189e-66	0	0
13	13	uniform	2	15	0	cold	0.0	0	0
13	13	uniform	2	15	0	warm	1.2454102790961879e-67	0	0
13	13	uniform	2	23	0	cold	0.0	0	0
13	13	uniform	2	23	0	warm	1.1245612542363143e-64	0	0
13	13	uniform	3	0	0	cold	0.0	0	0
13	13	uniform	3	0	0	warm	0.0	0	0
13	13	uniform	3	7	0	cold	0.0	0	0
13	13	uniform	3	7	0	warm	3.154177011723858e-68	0	0
13	13	uniform	3	15	0	cold	0.0	0	0
13	13	uniform	3	15	0	warm	2.6900979148012383e-66	0	0
13	13	uniform	3	23	0	cold	0.0	0	0
13	13	uniform	3	23	0	warm	1.0507702294709359e-73	0	0
13	13	uniform	4	0	0	cold	0.0	0	0
13	13	uniform	4	0	0	warm	0.0	0	0
13	13	uniform	4	7	0	cold	0.0	0	0
13	13	uniform	4	7	0	warm	1.0438289608882243e-69	0	0
13	13	uniform	4	15	0	cold	0.0	0	0
13	13	uniform	4	15	0	warm	8.2770987740021e-69	0	0
13	13	uniform	4	23	0	cold	0.0	0	0
13	13	uniform	4	23	0	warm	1.0255467881277551e-69	0	0
14	14	linear	0	0	0	cold	0.0	0	0
14	14	linear	0	0	0	warm	0.0	0	0
14	14	linear	0	7	0	cold	0.0	0	0
14	14	linear	0	7	0	warm	1.3008404673418233e-64	0	0
14	14	linear	0	15	0	cold	0.0	0	0
14	14	linear	0	15	0	warm	3.3076360149197738e-65	0	0
14	14	linear	0	23	0	cold	0.0	0	0
14	14	linear	0	23	0	warm	2.9557418155210796e-64	0	0
14	14	linear	1	0	0	cold	0.0	0	0
14	14	linear	1	0	0	warm	0.0	0	0
14	14	linear	1	7	0	cold	0.0	0	0
14	14	linear	1	7	0	warm	2.053397402989093e-57	0	0
14	14	linear	1	15	0	cold	0.0	0	0
14	14	linear	1	15	0	warm	2.2044025536229287e-57	0	0
14	14	linear	1	23	0	cold	0.0	0	0
14	14	linear	1	23	0	warm	4.994962250192725e-58	0	0
14	14	linear	2	0	0	cold	0.0	0	0
14	14	linear	2	0	0	warm	0.0	0	0
14	14	linear	2	7	0	cold	0.0	0	0
14	14	linear	2	7	0	warm	1.7067047423273838e-64	0	0
14	14	linear	2	15	0	cold	0.0	0	0
14	14	linear	2	15	0	warm	1.923862815598661e-63	0	0
14	14	linear	2	23	0	cold	0.0	0	0
14	14	linear	2	23	0	warm	1.0419444635253218e-65	0	0
14	14	linear	3	0	0	cold	0.0	0	0
14	14	linear	3	0	0	warm	0.0	0	0
14	14	linear	3	7	0	cold	0.0	0	0
14	14	linear	3	7	0	warm	2.994729874792449e-63	0	0
14	14	linear	3	15	0	cold	0.0	0	0
14	14	linear	3	15	0	warm	4.3697796451411015e-61	0	0
14	14	linear	3	23	0	cold	0.0	0	0
14	14	linear	3	23	0	warm	1.3555868135577714e-59	0	0
14	14	linear	4	0	0	cold	0.0	0	0
14	14	linear	4	0	0	warm	0.0	0	0
14	14	linear	4	7	0	cold	0.0	0	0
14	14	linear	4	7	0	warm	7.699019470276076e-60	0	0
14	14	linear	4	15	0	cold	0.0	0	0
14	14	linear	4	15	0	warm	1.8979838838498423e-61	0	0
14	14	linear	4	23	0	cold	0.0	0	0
14	14	linear	4	23	0	warm	1.4680023051112094e-60	0	0
14	14	uniform	0	0	0	cold	0.0	0	0
14	14	uniform	0	0	0	warm	0.0	0	0
14	14	uniform	0	7	0	cold	0.0	0	0
14	14	uniform	0	7	0	warm	1.3008404673418233e-64	0	0
14	14	uniform	0	15	0	cold	0.0	0	0
14	14	uniform	0	15	0	warm	3.3076360149197738e-65	0	0
14	14	uniform	0	23	0	cold	0.0	0	0
14	14	uniform	0	23	0	warm	2.9557418155210796e-64	0	0
14	14	uniform	1	0	0	cold	0.0	0	0
14	14	uniform	1	0	0	warm	0.0	0	0
14	14	uniform	1	7	0	cold	0.0	0	0
14	14	uniform	1	7	0	warm	2.053397402989093e-57	0	0
14	14	uniform	1	15	0	cold	0.0	0	0
14	14	uniform	1	15	0	warm	2.2044025536229287e-57	0	0
14	14	uniform	1	23	0	cold	0.0	0	0
14	14	uniform	1	23	0	warm	4.994962250192725e-58	0	0
14	14	uniform	2	0	0	cold	0.0	0	0
14	14	uniform	2	0	0	warm	0.0	0	0
14	14	uniform	2	7	0	cold	0.0	0	0
14	14	uniform	2	7	0	warm	1.7067047423273838e-64	0	0
14	14	uniform	2	15	0	cold	0.0	0	0
14	14	uniform	2	15	0	warm	1.923862815598661e-63	0	0
14	14	uniform	2	23	0	cold	0.0	0	0
14	14	uniform	2	23	0	warm	1.0419444635253218e-65	0	0
14	14	uniform	3	0	0	cold	0.0	0	0
14	14	uniform	3	0	0	warm	0.0	0	0
14	14	uniform	3	7	0	cold	0.0	0	0
14	14	uniform	3	7	0	warm	2.994729874792449e-63	0	0
14	14	uniform	3	15	0	cold	0.0	0	0
14	14	uniform	3	15	0	warm	4.3697796451411015e-61	0	0
14	14	uniform	3	23	0	cold	0.0	0	0
14	14	uniform	3	23	0	warm	1.3555868135577714e-59	0	0
14	14	uniform	4	0	0	cold	0.0	0	0
14	14	uniform	4	0	0	warm	0.0	0	0
14	14	uniform	4	7	0	cold	0.0	0	0
14	14	uniform	4	7	0	warm	7.699019470276076e-60	0	0
14	14	uniform	4	15	0	cold	0.0	0	0
14	14	uniform	4	15	0	warm	1.8979838838498423e-61	0	0
14	14	uniform	4	23	0	cold	0.0	0	0
14	14	uniform	4	23	0	warm	1.4680023051112094e-60	0	0
15	15	linear	0	0	0	cold	0.0	0	0
15	15	linear	0	0	0	warm	0.0	0	0
15	15	linear	0	7	0	cold	0.0	0	0
15	15	linear	0	7	0	warm	1.3927524195207746e-69	0	0
15	15	linear	0	15	0	cold	0.0	0	0
15	15	linear	0	15	0	warm	5.492407875690721e-70	0	0
15	15	linear	0	23	0	cold	0.0	0	0
15	15	linear	0	23	0	warm	1.2066625501596245e-69	0	0
15	15	linear	1	0	0	cold	0.0	0	0
15	15	linear	1	0	0	warm	0.0	0	0
15	15	linear	1	7	0	cold	0.0	0	0
15	15	linear	1	7	0	warm	4.811264168753701e-69	0	0
15	15	linear	1	15	0	cold	0.0	0	0
15	15	linear	1	15	0	warm	7.620030757702342e-70	0	0
15	15	linear	1	23	0	cold	0.0	0	0
15	15	linear	1	23	0	warm	4.003070617102901e-69	0	0
15	15	linear	2	0	0	cold	0.0	0	0
15	15	linear	2	0	0	warm	0.0	0	0
15	15	linear	2	7	0	cold	0.0	0	0
15	15	linear	2	7	0	warm	1.4978251645600972e-68	0	0
15	15	linear	2	15	0	cold	0.0	0	0
15	15	linear	2	15	0	warm	4.721786464971381e-70	0	0
15	15	linear	2	23	0	cold	0.0	0	0
15	15	linear	2	23	0	warm	1.649332304731996e-70	0	0
15	15	linear	3	0	0	cold	0.0	0	0
15	15	linear	3	0	0	warm	0.0	0	0
15	15	linear	3	7	0	cold	0.0	0	0
15	15	linear	3	7	0	warm	6.275200962306834e-69	0	0
15	15	linear	3	15	0	cold	0.0	0	0
15	15	linear	3	15	0	warm	2.9811207316617635e-69	0	0
15	15	linear	3	23	0	cold	0.0	0	0
15	15	linear	3	23	0	warm	2.1245089605005877e-68	0	0
15	15	linear	4	0	0	cold	0.0	0	0
15	15	linear	4	0	0	warm	0.0	0	0
15	15	linear	4	7	0	cold	0.0	0	0
15	15	linear	4	7	0	warm	5.419401915499233e-69	0	0
15	15	linear	4	15	0	cold	0.0	0	0
15	15	linear	4	15	0	warm	3.074619072793803e-69	0	0
15	15	linear	4	23	0	cold	0.0	0	0
15	15	linear	4	23	0	warm	4.867859797691306e-71	0	0
15	15	uniform	0	0	0	cold	0.0	0	0
15	15	uniform	0	0	0	warm	0.0	0	0
15	15	uniform	0	7	0	cold	0.0	0	0
15	15	uniform	0	7	0	warm	1.3927524195207746e-69	0	0
15	15	uniform	0	15	0	cold	0.0	0	0
15	15	uniform	0	15	0	warm	5.492407875690721e-70	0	0
15	15	uniform	0	23	0	cold	0.0	0	0
15	15	uniform	0	23	0	warm	1.2066625501596245e-69	0	0
15	15	uniform	1	0	0	cold	0.0	0	0
15	15	uniform	1	0	0	warm	0.0	0	0
15	15	uniform	1	7	0	cold	0.0	0	0
15	15	uniform	1	7	0	warm	4.811264168753701e-69	0	0
15	15	uniform	1	15	0	cold	0.0	0	0
15	15	uniform	1	15	0	warm	7.620030757702342e-70	0	0
15	15	uniform	1	23	0	cold	0.0	0	0
15	15	uniform	1	23	0	warm	4.003070617102901e-69	0	0
15	15	uniform	2	0	0	cold	0.0	0	0
15	15	uniform	2	0	0	warm	0.0	0	0
15	15	uniform	2	7	0	cold	0.0	0	0
15	15	uniform	2	7	0	warm	1.4978251645600972e-68	0	0
15	15	uniform	2	15	0	cold	0.0	0	0
15	15	uniform	2	15	0	warm	4.721786464971381e-70	0	0
15	15	uniform	2	23	0	cold	0.0	0	0
15	15	uniform	2	23	0	warm	1.649332304731996e-70	0	0
15	15	uniform	3	0	0	cold	0.0	0	0
15	15	uniform	3	0	0	warm	0.0	0	0
15	15	uniform	3	7	0	cold	0.0	0	0
15	15	uniform	3	7	0	warm	6.275200962306834e-69	0	0
15	15	uniform	3	15	0	cold	0.0	0	0
15	15	uniform	3	15	0	warm	2.9811207316617635e-69	0	0
15	15	uniform	3	23	0	cold	0.0	0	0
15	15	uniform	3	23	0	warm	2.1245089605005877e-68	0	0
15	15	uniform	4	0	0	cold	0.0	0	0
15	15	uniform	4	0	0	warm	0.0	0	0
15	15	uniform	4	7	0	cold	0.0	0	0
15	15	uniform	4	7	0	warm	5.419401915499233e-69	0	0
15	15	uniform	4	15	0	cold	0.0	0	0
15	15	uniform	4	15	0	warm	3.074619072793803e-69	0	0
15	15	uniform	4	23	0	cold	0.0	0	0
15	15	uniform	4	23	0	warm	4.867859797691306e-71	0	0
16	16	linear	0	0	0	cold	0.0	0	0
16	16	linear	0	0	0	warm	0.0	0	0
16	16	linear	0	7	0	cold	0.0	0	0
16	16	linear	0	7	0	warm	2.3636563755797666e-59	0	0
16	16	linear	0	15	0	cold	0.0	0	0
16	16	linear	0	15	0	warm	6.512747966511595e-46	0	0
16	16	linear	0	23	0	cold	0.0	0	0
16	16	linear	0	23	0	warm	7.452047579712798e-58	0	0
16	16	linear	1	0	0	cold	0.0	0	0
16	16	linear	1	0	0	warm	0.0	0	0
16	16	linear	1	7	0	cold	0.0	0	0
16	16	linear	1	7	0	warm	9.9465430829656e-65	0	0
16	16	linear	1	15	0	cold	0.0	0	0
16	16	linear	1	15	0	warm	2.9442852775869845e-62	0	0
16	16	linear	1	23	0	cold	0.0	0	0
16	16	linear	1	23	0	warm	6.679054900875543e-63	0	0
16	16	linear	2	0	0	cold	0.0	0	0
16	16	linear	2	0	0	warm	0.0	0	0
16	16	linear	2	7	0	cold	0.0	0	0
16	16	linear	2	7	0	warm	9.378453229647198e-52	0	0
16	16	linear	2	15	0	cold	0.0	0	0
16	16	linear	2	15	0	warm	1.6504882930733716e-45	0	0
16	16	linear	2	23	0	cold	0.0	0	0
16	16	linear	2	23	0	warm	1.307134089386692e-61	0	0
16	16	linear	3	0	0	cold	0.0	0	0
16	16	linear	3	0	0	warm	0.0	0	0
16	16	linear	3	7	0	cold	0.0	0	0
16	16	linear	3	7	0	warm	2.7562894210105346e-48	0	0
16	16	linear	3	15	0	cold	0.0	0	0
16	16	linear	3	15	0	warm	2.944883207734316e-69	0	0
16	16	linear	3	23	0	cold	0.0	0	0
16	16	linear	3	23	0	warm	1.7651745076600125e-70	0	0
16	16	linear	4	0	0	cold	0.0	0	0
16	16	linear	4	0	0	warm	0.0	0	0
16	16	linear	4	7	0	cold	0.0	0	0
16	16	linear	4	7	0	warm	5.565262882460054e-54	0	0
16	16	linear	4	15	0	cold	0.0	0	0
16	16	linear	4	15	0	warm	2.736962717902066e-43	0	0
16	16	linear	4	23	0	cold	0.0	0	0
16	16	linear	4	23	0	warm	2.790515953295601e-48	0	0
16	16	uniform	0	0	0	cold	0.0	0	0
16	16	uniform	0	0	0	warm	0.0	0	0
16	16	uniform	0	7	0	cold	0.0	0	0
16	16	uniform	0	7	0	warm	2.3636563755797666e-59	0	0
16	16	uniform	0	15	0	cold	0.0	0	0
16	16	uniform	0	15	0	warm	6.512747966511595e-46	0	0
16	16	uniform	0	23	0	cold	0.0	0	0
16	16	uniform	0	23	0	warm	7.452047579712798e-58	0	0
16	16	uniform	1	0	0	cold	0.0	0	0
16	16	uniform	1	0	0	warm	0.0	0	0
16	16	uniform	1	7	0	cold	0.0	0	0
16	16	uniform	1	7	0	warm	9.9465430829656e-65	0	0
16	16	uniform	1	15	0	cold	0.0	0	0
16	16	uniform	1	15	0	warm	2.9442852775869845e-62	0	0
16	16	uniform	1	23	0	cold	0.0	0	0
16	16	uniform	1	23	0	warm	6.679054900875543e-63	0	0
16	16	uniform	2	0	0	cold	0.0	0	0
16	16	uniform	2	0	0	warm	0.0	0	0
16	16	uniform	2	7	0	cold	0.0	0	0
16	16	uniform	2	7	0	warm	9.378453229647198e-52	0	0
16	16	uniform	2	15	0	cold	0.0	0	0
16	16	uniform	2	15	0	warm	1.6504882930733716e-45	0	0
16	16	uniform	2	23	0	cold	0.0	0	0
16	16	uniform	2	23	0	warm	1.307134089386692e-61	0	0
16	16	uniform	3	0	0	cold	0.0	0	0
16	16	uniform	3	0	0	warm	0.0	0	0
16	16	uniform	3	7	0	cold	0.0	0	0
16	16	uniform	3	7	0	warm	2.7562894210105346e-48	0	0
16	16	uniform	3	15	0	cold	0.0	0	0
16	16	uniform	3	15	0	warm	2.944883207734316e-69	0	0
16	16	uniform	3	23	0	cold	0.0	0	0
16	16	uniform	3	23	0	warm	1.7651745076600125e-70	0	0
16	16	uniform	4	0	0	cold	0.0	0	0
16	16	uniform	4	0	0	warm	0.0	0	0
16	16	uniform	4	7	0	cold	0.0	0	0
16	16	uniform	4	7	0	warm	5.565262882460054e-54	0	0
16	16	uniform	4	15	0	cold	0.0	0	0
16	16	uniform	4	15	0	warm	2.736962717902066e-43	0	0
16	16	uniform	4	23	0	cold	0.0	0	0
16	16	uniform	4	23	0	warm	2.790515953295601e-48	0	0
17	17	linear	0	0	0	cold	0.0	0	0
17	17	linear	0	0	0	warm	0.0	0	0
17	17	linear	0	7	0	cold	0.0	0	0
17	17	linear	0	7	0	warm	1.0095805162515197e-56	0	0
17	17	linear	0	15	0	cold	0.0	0	0
17	17	linear	0	15	0	warm	1.742313641068306e-56	0	0
17	17	linear	0	23	0	cold	0.0	0	0
17	17	linear	0	23	0	warm	9.26169146480527e-52	0	0
17	17	linear	1	0	0	cold	0.0	0	0
17	17	linear	1	0	0	warm	0.0	0	0
17	17	linear	1	7	0	cold	0.0	0	0
17	17	linear	1	7	0	warm	3.16310296850487e-51	0	0
17	17	linear	1	15	0	cold	0.0	0	0
17	17	linear	1	15	0	warm	1.487621012304056e-49	0	0
17	17	linear	1	23	0	cold	0.0	0	0
17	17	linear	1	23	0	warm	1.4550499581334776e-51	0	0
17	17	linear	2	0	0	cold	0.0	0	0
17	17	linear	2	0	0	warm	0.0	0	0
17	17	linear	2	7	0	cold	0.0	0	0
17	17	linear	2	7	0	warm	7.53989978762835e-50	0	0
17	17	linear	2	15	0	cold	0.0	0	0
17	17	linear	2	15	0	warm	1.080688905765144e-58	0	0
17	17	linear	2	23	0	cold	0.0	0	0
17	17	linear	2	23	0	warm	6.596565242038172e-57	0	0
17	17	linear	3	0	0	cold	0.0	0	0
17	17	linear	3	0	0	warm	0.0	0	0
17	17	linear	3	7	0	cold	0.0	0	0
17	17	linear	3	7	0	warm	5.512212856815623e-54	0	0
17	17	linear	3	15	0	cold	0.0	0	0
17	17	linear	3	15	0	warm	3.514459339768837e-51	0	0
17	17	linear	3	23	0	cold	0.0	0	0
17	17	linear	3	23	0	warm	1.938975612169128e-48	0	0
17	17	linear	4	0	0	cold	0.0	0	0
17	17	linear	4	0	0	warm	0.0	0	0
17	17	linear	4	7	0	cold	0.0	0	0
17	17	linear	4	7	0	warm	8.123571687654568e-59	0	0
17	17	linear	4	15	0	cold	0.0	0	0
17	17	linear	4	15	0	warm	2.651947620395463e-57	0	0
17	17	linear	4	23	0	cold	0.0	0	0
17	17	linear	4	23	0	warm	6.951705330673767e-57	0	0
17	17	uniform	0	0	0	cold	0.0	0	0
17	17	uniform	0	0	0	warm	0.0	0	0
17	17	uniform	0	7	0	cold	0.0	0	0
17	17	uniform	0	7	0	warm	1.0095805162515197e-56	0	0
17	17	uniform	0	15	0	cold	0.0	0	0
17	17	uniform	0	15	0	warm	1.742313641068306e-56	0	0
17	17	uniform	0	23	0	cold	0.0	0	0
17	17	uniform	0	23	0	warm	9.26169146480527e-52	0	0
17	17	uniform	1	0	0	cold	0.0	0	0
17	17	uniform	1	0	0	warm	0.0	0	0
17	17	uniform	1	7	0	cold	0.0	0	0
17	17	uniform	1	7	0	warm	3.16310296850487e-51	0	0
17	17	uniform	1	15	0	cold	0.0	0	0
17	17	uniform	1	15	0	warm	1.487621012304056e-49	0	0
17	17	uniform	1	23	0	cold	0.0	0	0
17	17	uniform	1	23	0	warm	1.4550499581334776e-51	0	0
17	17	uniform	2	0	0	cold	0.0	0	0
17	17	uniform	2	0	0	warm	0.0	0	0
17	17	uniform	2	7	0	cold	0.0	0	0
17	17	uniform	2	7	0	warm	7.53989978762835e-50	0	0
17	17	uniform	2	15	0	cold	0.0	0	0
17	17	uniform	2	15	0	warm	1.080688905765144e-58	0	0
17	17	uniform	2	23	0	cold	0.0	0	0
17	17	uniform	2	23	0	warm	6.596565242038172e-57	0	0
17	17	uniform	3	0	0	cold	0.0	0	0
17	17	uniform	3	0	0	warm	0.0	0	0
17	17	uniform	3	7	0	cold	0.0	0	0
17	17	uniform	3	7	0	warm	5.512212856815623e-54	0	0
17	17	uniform	3	15	0	cold	0.0	0	0
17	17	uniform	3	15	0	warm	3.514459339768837e-51	0	0
17	17	uniform	3	23	0	cold	0.0	0	0
17	17	uniform	3	23	0	warm	1.938975612169128e-48	0	0
17	17	uniform	4	0	0	cold	0.0	0	0
17	17	uniform	4	0	0	warm	0.0	0	0
17	17	uniform	4	7	0	cold	0.0	0	0
17	17	uniform	4	7	0	warm	8.123571687654568e-59	0	0
17	17	uniform	4	15	0	cold	0.0	0	0
17	17	uniform	4	15	0	warm	2.651947620395463e-57	0	0
17	17	uniform	4	23	0	cold	0.0	0	0
17	17	uniform	4	23	0	warm	6.951705330673767e-57	0	0
18	18	linear	0	0	0	cold	0.0	0	0
18	18	linear	0	0	0	warm	0.0	0	0
18	18	linear	0	7	0	cold	0.0	0	0
18	18	linear	0	7	0	warm	1.0502869974688662e-49	0	0
18	18	linear	0	15	0	cold	0.0	0	0
18	18	linear	0	15	0	warm	9.769145297539092e-46	0	0
18	18	linear	0	23	0	cold	0.0	0	0
18	18	linear	0	23	0	warm	1.5376106712525553e-44	0	0
18	18	linear	1	0	0	cold	0.0	0	0
18	18	linear	1	0	0	warm	0.0	0	0
18	18	linear	1	7	0	cold	0.0	0	0
18	18	linear	1	7	0	warm	1.8987169896281342e-45	0	0
18	18	linear	1	15	0	cold	0.0	0	0
18	18	linear	1	15	0	warm	2.010764266778878e-39	0	0
18	18	linear	1	23	0	cold	0.0	0	0
18	18	linear	1	23	0	warm	4.760126079293858e-50	0	0
18	18	linear	2	0	0	cold	0.0	0	0
18	18	linear	2	0	0	warm	0.0	0	0
18	18	linear	2	7	0	cold	0.0	0	0
18	18	linear	2	7	0	warm	6.422661458427944e-50	0	0
18	18	linear	2	15	0	cold	0.0	0	0
18	18	linear	2	15	0	warm	4.520181873995975e-46	0	0
18	18	linear	2	23	0	cold	0.0	0	0
18	18	linear	2	23	0	warm	8.454590383093508e-47	0	0
18	18	linear	3	0	0	cold	0.0	0	0
18	18	linear	3	0	0	warm	0.0	0	0
18	18	linear	3	7	0	cold	0.0	0	0
18	18	linear	3	7	0	warm	7.15702251395577e-61	0	0
18	18	linear	3	15	0	cold	0.0	0	0
18	18	linear	3	15	0	warm	1.2347215609466665e-61	0	0
18	18	linear	3	23	0	cold	0.0	0	0
18	18	linear	3	23	0	warm	1.9779941653304528e-62	0	0
18	18	linear	4	0	0	cold	0.0	0	0
18	18	linear	4	0	0	warm	0.0	0	0
18	18	linear	4	7	0	cold	0.0	0	0
18	18	linear	4	7	0	warm	1.5650010443559372e-61	0	0
18	18	linear	4	15	0	cold	0.0	0	0
18	18	linear	4	15	0	warm	6.867651028843575e-63	0	0
18	18	linear	4	23	0	cold	0.0	0	0
18	18	linear	4	23	0	warm	4.408149780713738e-65	0	0
18	18	uniform	0	0	0	cold	0.0	0	0
18	18	uniform	0	0	0	warm	0.0	0	0
18	18	uniform	0	7	0	cold	0.0	0	0
18	18	uniform	0	7	0	warm	1.0502869974688662e-49	0	0
18	18	uniform	0	15	0	cold	0.0	0	0
18	18	uniform	0	15	0	warm	9.769145297539092e-46	0	0
18	18	uniform	0	23	0	cold	0.0	0	0
18	18	uniform	0	23	0	warm	1.5376106712525553e-44	0	0
18	18	uniform	1	0	0	cold	0.0	0	0
18	18	uniform	1	0	0	warm	0.0	0	0
18	18	uniform	1	7	0	cold	0.0	0	0
18	18	uniform	1	7	0	warm	1.8987169896281342e-45	0	0
18	18	uniform	1	15	0	cold	0.0	0	0
18	18	uniform	1	15	0	warm	2.010764266778878e-39	0	0
18	18	uniform	1	23	0	cold	0.0	0	0
18	18	uniform	1	23	0	warm	4.760126079293858e-50	0	0
18	18	uniform	2	0	0	cold	0.0	0	0
18	18	uniform	2	0	0	warm	0.0	0	0
18	18	uniform	2	7	0	cold	0.0	0	0
18	18	uniform	2	7	0	warm	6.422661458427944e-50	0	0
18	18	uniform	2	15	0	cold	0.0	0	0
18	18	uniform	2	15	0	warm	4.520181873995975e-46	0	0
18	18	uniform	2	23	0	cold	0.0	0	0
18	18	uniform	2	23	0	warm	8.454590383093508e-47	0	0
18	18	uniform	3	0	0	cold	0.0	0	0
18	18	uniform	3	0	0	warm	0.0	0	0
18	18	uniform	3	7	0	cold	0.0	0	0
18	18	uniform	3	7	0	warm	7.15702251395577e-61	0	0
18	18	uniform	3	15	0	cold	0.0	0	0
18	18	uniform	3	15	0	warm	1.2347215609466665e-61	0	0
18	18	uniform	3	23	0	cold	0.0	0	0
18	18	uniform	3	23	0	warm	1.9779941653304528e-62	0	0
18	18	uniform	4	0	0	cold	0.0	0	0
18	18	uniform	4	0	0	warm	0.0	0	0
18	18	uniform	4	7	0	cold	0.0	0	0
18	18	uniform	4	7	0	warm	1.5650010443559372e-61	0	0
18	18	uniform	4	15	0	cold	0.0	0	0
18	18	uniform	4	15	0	warm	6.867651028843575e-63	0	0
18	18	uniform	4	23	0	cold	0.0	0	0
18	18	uniform	4	23	0	warm	4.408149780713738e-65	0	0
19	19	linear	0	0	0	cold	0.0	0	0
19	19	linear	0	0	0	warm	0.0	0	0
19	19	linear	0	7	0	cold	0.0	0	0
19	19	linear	0	7	0	warm	2.5974641795527645e-53	0	0
19	19	linear	0	15	0	cold	0.0	0	0
19	19	linear	0	15	0	warm	6.331205595949363e-54	0	0
19	19	linear	0	23	0	cold	0.0	0	0
19	19	linear	0	23	0	warm	1.5136763837476925e-35	0	0
19	19	linear	1	0	0	cold	0.0	0	0
19	19	linear	1	0	0	warm	0.0	0	0
19	19	linear	1	7	0	cold	0.0	0	0
19	19	linear	1	7	0	warm	6.194526034856072e-40	0	0
19	19	linear	1	15	0	cold	0.0	0	0
19	19	linear	1	15	0	warm	1.90984550022881e-40	0	0
19	19	linear	1	23	0	cold	0.0	0	0
19	19	linear	1	23	0	warm	1.4200308358364862e-61	0	0
19	19	linear	2	0	0	cold	0.0	0	0
19	19	linear	2	0	0	warm	0.0	0	0
19	19	linear	2	7	0	cold	0.0	0	0
19	19	linear	2	7	0	warm	1.8712917922618472e-33	0	0
19	19	linear	2	15	0	cold	0.0	0	0
19	19	linear	2	15	0	warm	9.101429379545756e-17	0	0
19	19	linear	2	23	0	cold	0.0	0	0
19	19	linear	2	23	0	warm	6.087816844035576e-17	0	0
19	19	linear	3	0	0	cold	0.0	0	0
19	19	linear	3	0	0	warm	0.0	0	0
19	19	linear	3	7	0	cold	0.0	0	0
19	19	linear	3	7	0	warm	2.0193557149825186e-47	0	0
19	19	linear	3	15	0	cold	0.0	0	0
19	19	linear	3	15	0	warm	1.4871594590166307e-45	0	0
19	19	linear	3	23	0	cold	0.0	0	0
19	19	linear	3	23	0	warm	2.7063468153721173e-38	0	0
19	19	linear	4	0	0	cold	0.0	0	0
19	19	linear	4	0	0	warm	0.0	0	0
19	19	linear	4	7	0	cold	0.0	0	0
19	19	linear	4	7	0	warm	1.5315380554575237e-47	0	0
19	19	linear	4	15	0	cold	0.0	0	0
19	19	linear	4	15	0	warm	2.054448922514215e-47	0	0
19	19	linear	4	23	0	cold	0.0	0	0
19	19	linear	4	23	0	warm	1.1348428897285127e-48	0	0
19	19	uniform	0	0	0	cold	0.0	0	0
19	19	uniform	0	0	0	warm	0.0	0	0
19	19	uniform	0	7	0	cold	0.0	0	0
19	19	uniform	0	7	0	warm	2.5974641795527645e-53	0	0
19	19	uniform	0	15	0	cold	0.0	0	0
19	19	uniform	0	15	0	warm	6.331205595949363e-54	0	0
19	19	uniform	0	23	0	cold	0.0	0	0
19	19	uniform	0	23	0	warm	1.5136763837476925e-35	0	0
19	19	uniform	1	0	0	cold	0.0	0	0
19	19	uniform	1	0	0	warm	0.0	0	0
19	19	uniform	1	7	0	cold	0.0	0	0
19	19	uniform	1	7	0	warm	6.194526034856072e-40	0	0
19	19	uniform	1	15	0	cold	0.0	0	0
19	19	uniform	1	15	0	warm	1.90984550022881e-40	0	0
19	19	uniform	1	23	0	cold	0.0	0	0
19	19	uniform	1	23	0	warm	1.4200308358364862e-61	0	0
19	19	uniform	2	0	0	cold	0.0	0	0
19	19	uniform	2	0	0	warm	0.0	0	0
19	19	uniform	2	7	0	cold	0.0	0	0
19	19	uniform	2	7	0	warm	1.8712917922618472e-33	0	0
19	19	uniform	2	15	0	cold	0.0	0	0
19	19	uniform	2	15	0	warm	9.101429379545756e-17	0	0
19	19	uniform	2	23	0	cold	0.0	0	0
19	19	uniform	2	23	0	warm	6.087816844035576e-17	0	0
19	19	uniform	3	0	0	cold	0.0	0	0
19	19	uniform	3	0	0	warm	0.0	0	0
19	19	uniform	3	7	0	cold	0.0	0	0
19	19	uniform	3	7	0	warm	2.0193557149825186e-47	0	0
19	19	uniform	3	15	0	cold	0.0	0	0
19	19	uniform	3	15	0	warm	1.4871594590166307e-45	0	0
19	19	uniform	3	23	0	cold	0.0	0	0
19	19	uniform	3	23	0	warm	2.7063468153721173e-38	0	0
19	19	uniform	4	0	0	cold	0.0	0	0
19	19	uniform	4	0	0	warm	0.0	0	0
19	19	uniform	4	7	0	cold	0.0	0	0
19	19	uniform	4	7	0	warm	1.5315380554575237e-47	0	0
19	19	uniform	4	15	0	cold	0.0	0	0
19	19	uniform	4	15	0	warm	2.054448922514215e-47	0	0
19	19	uniform	4	23	0	cold	0.0	0	0
19	19	uniform	4	23	0	warm	1.1348428897285127e-48	0	0
20	20	linear	0	0	0	cold	0.0	0	0
20	20	linear	0	0	0	warm	0.0	0	0
20	20	linear	0	7	0	cold	0.0	0	0
20	20	linear	0	7	0	warm	1.7839350284903607e-43	0	0
20	20	linear	0	15	0	cold	0.0	0	0
20	20	linear	0	15	0	warm	8.226540432299065e-31	0	0
20	20	linear	0	23	0	cold	0.0	0	0
20	20	linear	0	23	0	warm	7.401291076681779e-31	0	0
20	20	linear	1	0	0	cold	0.0	0	0
20	20	linear	1	0	0	warm	0.0	0	0
20	20	linear	1	7	0	cold	0.0	0	0
20	20	linear	1	7	0	warm	1.5533192511534284e-48	0	0
20	20	linear	1	15	0	cold	0.0	0	0
20	20	linear	1	15	0	warm	1.418709824477026e-48	0	0
20	20	linear	1	23	0	cold	0.0	0	0
20	20	linear	1	23	0	warm	5.510279625469218e-34	0	0
20	20	linear	2	0	0	cold	0.0	0	0
20	20	linear	2	0	0	warm	0.0	0	0
20	20	linear	2	7	0	cold	0.0	0	0
20	20	linear	2	7	0	warm	3.921365911008362e-36	0	0
20	20	linear	2	15	0	cold	0.0	0	0
20	20	linear	2	15	0	warm	1.1284512972164269e-35	0	0
20	20	linear	2	23	0	cold	0.0	0	0
20	20	linear	2	23	0	warm	2.3163482336714656e-34	0	0
20	20	linear	3	0	0	cold	0.0	0	0
20	20	linear	3	0	0	warm	0.0	0	0
20	20	linear	3	7	0	cold	0.0	0	0
20	20	linear	3	7	0	warm	5.589468208053435e-44	0	0
20	20	linear	3	15	0	cold	0.0	0	0
20	20	linear	3	15	0	warm	6.99221891787778e-42	0	0
20	20	linear	3	23	0	cold	0.0	0	0
20	20	linear	3	23	0	warm	2.3675044695959615e-46	0	0
20	20	linear	4	0	0	cold	0.0	0	0
20	20	linear	4	0	0	warm	0.0	0	0
20	20	linear	4	7	0	cold	0.0	0	0
20	20	linear	4	7	0	warm	1.5956764070053292e-47	0	0
20	20	linear	4	15	0	cold	0.0	0	0
20	20	linear	4	15	0	warm	3.4879076601357165e-44	0	0
20	20	linear	4	23	0	cold	0.0	0	0
20	20	linear	4	23	0	warm	5.574563314748939e-47	0	0
20	20	uniform	0	0	0	cold	0.0	0	0
20	20	uniform	0	0	0	warm	0.0	0	0
20	20	uniform	0	7	0	cold	0.0	0	0
20	20	uniform	0	7	0	warm	1.7839350284903607e-43	0	0
20	20	uniform	0	15	0	cold	0.0	0	0
20	20	uniform	0	15	0	warm	8.226540432299065e-31	0	0
20	20	uniform	0	23	0	cold	0.0	0	0
20	20	uniform	0	23	0	warm	7.401291076681779e-31	0	0
20	20	uniform	1	0	0	cold	0.0	0	0
20	20	uniform	1	0	0	warm	0.0	0	0
20	20	uniform	1	7	0	cold	0.0	0	0
20	20	uniform	1	7	0	warm	1.5533192511534284e-48	0	0
20	20	uniform	1	15	0	cold	0.0	0	0
20	20	uniform	1	15	0	warm	1.418709824477026e-48	0	0
20	20	uniform	1	23	0	cold	0.0	0	0
20	20	uniform	1	23	0	warm	5.510279625469218e-34	0	0
20	20	uniform	2	0	0	cold	0.0	0	0
20	20	uniform	2	0	0	warm	0.0	0	0
20	20	uniform	2	7	0	cold	0.0	0	0
20	20	uniform	2	7	0	warm	3.921365911008362e-36	0	0
20	20	uniform	2	15	0	cold	0.0	0	0
20	20	uniform	2	15	0	warm	1.1284512972164269e-35	0	0
20	20	uniform	2	23	0	cold	0.0	0	0
20	20	uniform	2	23	0	warm	2.3163482336714656e-34	0	0
20	20	uniform	3	0	0	cold	0.0	0	0
20	20	uniform	3	0	0	warm	0.0	0	0
20	20	uniform	3	7	0	cold	0.0	0	0
20	20	uniform	3	7	0	warm	5.589468208053435e-44	0	0
20	20	uniform	3	15	0	cold	0.0	0	0
20	20	uniform	3	15	0	warm	6.99221891787778e-42	0	0
20	20	uniform	3	23	0	cold	0.0	0	0
20	20	uniform	3	23	0	warm	2.3675044695959615e-46	0	0
20	20	uniform	4	0	0	cold	0.0	0	0
20	20	uniform	4	0	0	warm	0.0	0	0
20	20	uniform	4	7	0	cold	0.0	0	0
20	20	uniform	4	7	0	warm	1.5956764070053292e-47	0	0
20	20	uniform	4	15	0	cold	0.0	0	0
20	20	uniform	4	15	0	warm	3.4879076601357165e-44	0	0
20	20	uniform	4	23	0	cold	0.0	0	0
20	20	uniform	4	23	0	warm	5.574563314748939e-47	0	0
21	21	linear	0	0	0	cold	0.0	0	0
21	21	linear	0	0	0	warm	0.0	0	0
21	21	linear	0	7	0	cold	0.0	0	0
21	21	linear	0	7	0	warm	6.626652939280439e-65	0	0
21	21	linear	0	15	0	cold	0.0	0	0
21	21	linear	0	15	0	warm	1.1012869107272117e-65	0	0
21	21	linear	0	23	0	cold	0.0	0	0
21	21	linear	0	23	0	warm	5.4299315746561465e-67	0	0
21	21	linear	1	0	0	cold	0.0	0	0
21	21	linear	1	0	0	warm	0.0	0	0
21	21	linear	1	7	0	cold	0.0	0	0
21	21	linear	1	7	0	warm	1.2593081471400361e-36	0	0
21	21	linear	1	15	0	cold	0.0	0	0
21	21	linear	1	15	0	warm	3.9474450830756287e-72	0	0
21	21	linear	1	23	0	cold	0.0	0	0
21	21	linear	1	23	0	warm	4.511420163621768e-65	0	0
21	21	linear	2	0	0	cold	0.0	0	0
21	21	linear	2	0	0	warm	0.0	0	0
21	21	linear	2	7	0	cold	0.0	0	0
21	21	linear	2	7	0	warm	4.440782538039929e-62	0	0
21	21	linear	2	15	0	cold	0.0	0	0
21	21	linear	2	15	0	warm	4.227400223076301e-62	0	0
21	21	linear	2	23	0	cold	0.0	0	0
21	21	linear	2	23	0	warm	8.851755026348243e-64	0	0
21	21	linear	3	0	0	cold	0.0	0	0
21	21	linear	3	0	0	warm	0.0	0	0
21	21	linear	3	7	0	cold	0.0	0	0
21	21	linear	3	7	0	warm	4.8448170248319704e-48	0	0
21	21	linear	3	15	0	cold	0.0	0	0
21	21	linear	3	15	0	warm	2.935791508247778e-49	0	0
21	21	linear	3	23	0	cold	0.0	0	0
21	21	linear	3	23	0	warm	5.187029369185887e-49	0	0
21	21	linear	4	0	0	cold	0.0	0	0
21	21	linear	4	0	0	warm	0.0	0	0
21	21	linear	4	7	0	cold	0.0	0	0
21	21	linear	4	7	0	warm	2.8113315587617914e-55	0	0
21	21	linear	4	15	0	cold	0.0	0	0
21	21	linear	4	15	0	warm	1.48249464547491e-54	0	0
21	21	linear	4	23	0	cold	0.0	0	0
21	21	linear	4	23	0	warm	9.169633996223823e-57	0	0
21	21	uniform	0	0	0	cold	0.0	0	0
21	21	uniform	0	0	0	warm	0.0	0	0
21	21	uniform	0	7	0	cold	0.0	0	0
21	21	uniform	0	7	0	warm	6.626652939280439e-65	0	0
21	21	uniform	0	15	0	cold	0.0	0	0
21	21	uniform	0	15	0	warm	1.1012869107272117e-65	0	0
21	21	uniform	0	23	0	cold	0.0	0	0
21	21	uniform	0	23	0	warm	5.4299315746561465e-67	0	0
21	21	uniform	1	0	0	cold	0.0	0	0
21	21	uniform	1	0	0	warm	0.0	0	0
21	21	uniform	1	7	0	cold	0.0	0	0
21	21	uniform	1	7	0	warm	1.2593081471400361e-36	0	0
21	21	uniform	1	15	0	cold	0.0	0	0
21	21	uniform	1	15	0	warm	3.9474450830756287e-72	0	0
21	21	uniform	1	23	0	cold	0.0	0	0
21	21	uniform	1	23	0	warm	4.511420163621768e-65	0	0
21	21	uniform	2	0	0	cold	0.0	0	0
21	21	uniform	2	0	0	warm	0.0	0	0
21	21	uniform	2	7	0	cold	0.0	0	0
21	21	uniform	2	7	0	warm	4.440782538039929e-62	0	0
21	21	uniform	2	15	0	cold	0.0	0	0
21	21	uniform	2	15	0	warm	4.227400223076301e-62	0	0
21	21	uniform	2	23	0	cold	0.0	0	0
21	21	uniform	2	23	0	warm	8.851755026348243e-64	0	0
21	21	uniform	3	0	0	cold	0.0	0	0
21	21	uniform	3	0	0	warm	0.0	0	0
21	21	uniform	3	7	0	cold	0.0	0	0
21	21	uniform	3	7	0	warm	4.8448170248319704e-48	0	0
21	21	uniform	3	15	0	cold	0.0	0	0
21	21	uniform	3	15	0	warm	2.935791508247778e-49	0	0
21	21	uniform	3	23	0	cold	0.0	0	0
21	21	uniform	3	23	0	warm	5.187029369185887e-49	0	0
21	21	uniform	4	0	0	cold	0.0	0	0
21	21	uniform	4	0	0	warm	0.0	0	0
21	21	uniform	4	7	0	cold	0.0	0	0
21	21	uniform	4	7	0	warm	2.8113315587617914e-55	0	0
21	21	uniform	4	15	0	cold	0.0	0	0
21	21	uniform	4	15	0	warm	1.48249464547491e-54	0	0
21	21	uniform	4	23	0	cold	0.0	0	0
21	21	uniform	4	23	0	warm	9.169633996223823e-57	0	0
22	22	linear	0	0	0	cold	0.0	0	0
22	22	linear	0	0	0	warm	0.0	0	0
22	22	linear	0	7	0	cold	0.0	0	0
22	22	linear	0	7	0	warm	4.162108960007614e-65	0	0
22	22	linear	0	15	0	cold	0.0	0	0
22	22	linear	0	15	0	warm	9.555570012303947e-65	0	0
22	22	linear	0	23	0	cold	0.0	0	0
22	22	linear	0	23	0	warm	1.1609729679654343e-65	0	0
22	22	linear	1	0	0	cold	0.0	0	0
22	22	linear	1	0	0	warm	0.0	0	0
22	22	linear	1	7	0	cold	0.0	0	0
22	22	linear	1	7	0	warm	4.41972319926473e-51	0	0
22	22	linear	1	15	0	cold	0.0	0	0
22	22	linear	1	15	0	warm	9.646473028647952e-48	0	0
22	22	linear	1	23	0	cold	0.0	0	0
22	22	linear	1	23	0	warm	3.29666252638571e-44	0	0
22	22	linear	2	0	0	cold	0.0	0	0
22	22	linear	2	0	0	warm	0.0	0	0
22	22	linear	2	7	0	cold	0.0	0	0
22	22	linear	2	7	0	warm	9.269479150886995e-65	0	0
22	22	linear	2	15	0	cold	0.0	0	0
22	22	linear	2	15	0	warm	5.150319171199211e-65	0	0
22	22	linear	2	23	0	cold	0.0	0	0
22	22	linear	2	23	0	warm	2.1439609946383907e-61	0	0
22	22	linear	3	0	0	cold	0.0	0	0
22	22	linear	3	0	0	warm	0.0	0	0
22	22	linear	3	7	0	cold	0.0	0	0
22	22	linear	3	7	0	warm	1.9812142879204807e-58	0	0
22	22	linear	3	15	0	cold	0.0	0	0
22	22	linear	3	15	0	warm	3.20792933255254e-58	0	0
22	22	linear	3	23	0	cold	0.0	0	0
22	22	linear	3	23	0	warm	1.7362221751420427e-56	0	0
22	22	linear	4	0	0	cold	0.0	0	0
22	22	linear	4	0	0	warm	0.0	0	0
22	22	linear	4	7	0	cold	0.0	0	0
22	22	linear	4	7	0	warm	7.101987390113597e-64	0	0
22	22	linear	4	15	0	cold	0.0	0	0
22	22	linear	4	15	0	warm	2.27043708264264e-64	0	0
22	22	linear	4	23	0	cold	0.0	0	0
22	22	linear	4	23	0	warm	1.817278482301114e-64	0	0
22	22	uniform	0	0	0	cold	0.0	0	0
22	22	uniform	0	0	0	warm	0.0	0	0
22	22	uniform	0	7	0	cold	0.0	0	0
22	22	uniform	0	7	0	warm	4.162108960007614e-65	0	0
22	22	uniform	0	15	0	cold	0.0	0	0
22	22	uniform	0	15	0	warm	9.555570012303947e-65	0	0
22	22	uniform	0	23	0	cold	0.0	0	0
22	22	uniform	0	23	0	warm	1.1609729679654343e-65	0	0
22	22	uniform	1	0	0	cold	0.0	0	0
22	22	uniform	1	0	0	warm	0.0	0	0
22	22	uniform	1	7	0	cold	0.0	0	0
22	22	uniform	1	7	0	warm	4.41972319926473e-51	0	0
22	22	uniform	1	15	0	cold	0.0	0	0
22	22	uniform	1	15	0	warm	9.646473028647952e-48	0	0
22	22	uniform	1	23	0	cold	0.0	0	0
22	22	uniform	1	23	0	warm	3.29666252638571e-44	0	0
22	22	uniform	2	0	0	cold	0.0	0	0
22	22	uniform	2	0	0	warm	0.0	0	0
22	22	uniform	2	7	0	cold	0.0	0	0
22	22	uniform	2	7	0	warm	9.269479150886995e-65	0	0
22	22	uniform	2	15	0	cold	0.0	0	0
22	22	uniform	2	15	0	warm	5.150319171199211e-65	0	0
22	22	uniform	2	23	0	cold	0.0	0	0
22	22	uniform	2	23	0	warm	2.1439609946383907e-61	0	0
22	22	uniform	3	0	0	cold	0.0	0	0
22	22	uniform	3	0	0	warm	0.0	0	0
22	22	uniform	3	7	0	cold	0.0	0	0
22	22	uniform	3	7	0	warm	1.9812142879204807e-58	0	0
22	22	uniform	3	15	0	cold	0.0	0	0
22	22	uniform	3	15	0	warm	3.20792933255254e-58	0	0
22	22	uniform	3	23	0	cold	0.0	0	0
22	22	uniform	3	23	0	warm	1.7362221751420427e-56	0	0
22	22	uniform	4	0	0	cold	0.0	0	0
22	22	uniform	4	0	0	warm	0.0	0	0
22	22	uniform	4	7	0	cold	0.0	0	0
22	22	uniform	4	7	0	warm	7.101987390113597e-64	0	0
22	22	uniform	4	15	0	cold	0.0	0	0
22	22	uniform	4	15	0	warm	2.27043708264264e-64	0	0
22	22	uniform	4	23	0	cold	0.0	0	0
22	22	uniform	4	23	0	warm	1.817278482301114e-64	0	0
23	23	linear	0	0	0	cold	0.0	0	0
23	23	linear	0	0	0	warm	0.0	0	0
23	23	linear	0	7	0	cold	0.0	0	0
23	23	linear	0	7	0	warm	6.8721059487251715e-71	0	0
23	23	linear	0	15	0	cold	0.0	0	0
23	23	linear	0	15	0	warm	3.477432031966809e-72	0	0
23	23	linear	0	23	0	cold	0.0	0	0
23	23	linear	0	23	0	warm	0.0	0	0
23	23	linear	1	0	0	cold	0.0	0	0
23	23	linear	1	0	0	warm	0.0	0	0
23	23	linear	1	7	0	cold	0.0	0	0
23	23	linear	1	7	0	warm	5.099529989191072e-75	0	0
23	23	linear	1	15	0	cold	0.0	0	0
23	23	linear	1	15	0	warm	3.9250287385377436e-74	0	0
23	23	linear	1	23	0	cold	0.0	0	0
23	23	linear	1	23	0	warm	4.50970503535634e-74	0	0
23	23	linear	2	0	0	cold	0.0	0	0
23	23	linear	2	0	0	warm	0.0	0	0
23	23	linear	2	7	0	cold	0.0	0	0
23	23	linear	2	7	0	warm	3.439953559498121e-73	0	0
23	23	linear	2	15	0	cold	0.0	0	0
23	23	linear	2	15	0	warm	1.7504984957403002e-74	0	0
23	23	linear	2	23	0	cold	0.0	0	0
23	23	linear	2	23	0	warm	1.6464780446913386e-75	0	0
23	23	linear	3	0	0	cold	0.0	0	0
23	23	linear	3	0	0	warm	0.0	0	0
23	23	linear	3	7	0	cold	0.0	0	0
23	23	linear	3	7	0	warm	2.3043497293802674e-64	0	0
23	23	linear	3	15	0	cold	0.0	0	0
23	23	linear	3	15	0	warm	1.0395023364676905e-64	0	0
23	23	linear	3	23	0	cold	0.0	0	0
23	23	linear	3	23	0	warm	1.2739056664877956e-65	0	0
23	23	linear	4	0	0	cold	0.0	0	0
23	23	linear	4	0	0	warm	0.0	0	0
23	23	linear	4	7	0	cold	0.0	0	0
23	23	linear	4	7	0	warm	2.352808322026542e-62	0	0
23	23	linear	4	15	0	cold	0.0	0	0
23	23	linear	4	15	0	warm	1.889388507027123e-62	0	0
23	23	linear	4	23	0	cold	0.0	0	0
23	23	linear	4	23	0	warm	9.495124463657934e-65	0	0
23	23	uniform	0	0	0	cold	0.0	0	0
23	23	uniform	0	0	0	warm	0.0	0	0
23	23	uniform	0	7	0	cold	0.0	0	0
23	23	uniform	0	7	0	warm	6.8721059487251715e-71	0	0
23	23	uniform	0	15	0	cold	0.0	0	0
23	23	uniform	0	15	0	warm	3.477432031966809e-72	0	0
23	23	uniform	0	23	0	cold	0.0	0	0
23	23	uniform	0	23	0	warm	0.0	0	0
23	23	uniform	1	0	0	cold	0.0	0	0
23	23	uniform	1	0	0	warm	0.0	0	0
23	23	uniform	1	7	0	cold	0.0	0	0
23	23	uniform	1	7	0	warm	5.099529989191072e-75	0	0
23	23	uniform	1	15	0	cold	0.0	0	0
23	23	uniform	1	15	0	warm	3.9250287385377436e-74	0	0
23	23	uniform	1	23	0	cold	0.0	0	0
23	23	uniform	1	23	0	warm	4.50970503535634e-74	0	0
23	23	uniform	2	0	0	cold	0.0	0	0
23	23	uniform	2	0	0	warm	0.0	0	0
23	23	uniform	2	7	0	cold	0.0	0	0
23	23	uniform	2	7	0	warm	3.439953559498121e-73	0	0
23	23	uniform	2	15	0	cold	0.0	0	0
23	23	uniform	2	15	0	warm	1.7504984957403002e-74	0	0
23	23	uniform	2	23	0	cold	0.0	0	0
23	23	uniform	2	23	0	warm	1.6464780446913386e-75	0	0
23	23	uniform	3	0	0	cold	0.0	0	0
23	23	uniform	3	0	0	warm	0.0	0	0
23	23	uniform	3	7	0	cold	0.0	0	0
23	23	uniform	3	7	0	warm	2.3043497293802674e-64	0	0
23	23	uniform	3	15	0	cold	0.0	0	0
23	23	uniform	3	15	0	warm	1.0395023364676905e-64	0	0
23	23	uniform	3	23	0	cold	0.0	0	0
23	23	uniform	3	23	0	warm	1.2739056664877956e-65	0	0
23	23	uniform	4	0	0	cold	0.0	0	0
23	23	uniform	4	0	0	warm	0.0	0	0
23	23	uniform	4	7	0	cold	0.0	0	0
23	23	uniform	4	7	0	warm	2.352808322026542e-62	0	0
23	23	uniform	4	15	0	cold	0.0	0	0
23	23	uniform	4	15	0	warm	1.889388507027123e-62	0	0
23	23	uniform	4	23	0	cold	0.0	0	0
23	23	uniform	4	23	0	warm	9.495124463657934e-65	0	0
24	24	linear	0	0	0	cold	0.0	0	0
24	24	linear	0	0	0	warm	0.0	0	0
24	24	linear	0	7	0	cold	0.0	0	0
24	24	linear	0	7	0	warm	1.05711052111993e-46	0	0
24	24	linear	0	15	0	cold	0.0	0	0
24	24	linear	0	15	0	warm	1.72506758557885e-46	0	0
24	24	linear	0	23	0	cold	0.0	0	0
24	24	linear	0	23	0	warm	4.081523112216879e-45	0	0
24	24	linear	1	0	0	cold	0.0	0	0
24	24	linear	1	0	0	warm	0.0	0	0
24	24	linear	1	7	0	cold	0.0	0	0
24	24	linear	1	7	0	warm	1.4307944759785476e-58	0	0
24	24	linear	1	15	0	cold	0.0	0	0
24	24	linear	1	15	0	warm	1.5273998107370705e-59	0	0
24	24	linear	1	23	0	cold	0.0	0	0
24	24	linear	1	23	0	warm	1.3120748411975606e-59	0	0
24	24	linear	2	0	0	cold	0.0	0	0
24	24	linear	2	0	0	warm	0.0	0	0
24	24	linear	2	7	0	cold	0.0	0	0
24	24	linear	2	7	0	warm	4.030589147319115e-38	0	0
24	24	linear	2	15	0	cold	0.0	0	0
24	24	linear	2	15	0	warm	2.393416667878178e-37	0	0
24	24	linear	2	23	0	cold	0.0	0	0
24	24	linear	2	23	0	warm	1.0839373815909447e-51	0	0
24	24	linear	3	0	0	cold	0.0	0	0
24	24	linear	3	0	0	warm	0.0	0	0
24	24	linear	3	7	0	cold	0.0	0	0
24	24	linear	3	7	0	warm	9.536247548859036e-49	0	0
24	24	linear	3	15	0	cold	0.0	0	0
24	24	linear	3	15	0	warm	8.691507978200019e-49	0	0
24	24	linear	3	23	0	cold	0.0	0	0
24	24	linear	3	23	0	warm	4.916446738325231e-51	0	0
24	24	linear	4	0	0	cold	0.0	0	0
24	24	linear	4	0	0	warm	0.0	0	0
24	24	linear	4	7	0	cold	0.0	0	0
24	24	linear	4	7	0	warm	9.314598123112758e-51	0	0
24	24	linear	4	15	0	cold	0.0	0	0
24	24	linear	4	15	0	warm	3.494424921762714e-50	0	0
24	24	linear	4	23	0	cold	0.0	0	0
24	24	linear	4	23	0	warm	3.628037357370098e-50	0	0
24	24	uniform	0	0	0	cold	0.0	0	0
24	24	uniform	0	0	0	warm	0.0	0	0
24	24	uniform	0	7	0	cold	0.0	0	0
24	24	uniform	0	7	0	warm	1.05711052111993e-46	0	0
24	24	uniform	0	15	0	cold	0.0	0	0
24	24	uniform	0	15	0	warm	1.72506758557885e-46	0	0
24	24	uniform	0	23	0	cold	0.0	0	0
24	24	uniform	0	23	0	warm	4.081523112216879e-45	0	0
24	24	uniform	1	0	0	cold	0.0	0	0
24	24	uniform	1	0	0	warm	0.0	0	0
24	24	uniform	1	7	0	cold	0.0	0	0
24	24	uniform	1	7	0	warm	1.4307944759785476e-58	0	0
24	24	uniform	1	15	0	cold	0.0	0	0
24	24	uniform	1	15	0	warm	1.5273998107370705e-59	0	0
24	24	uniform	1	23	0	cold	0.0	0	0
24	24	uniform	1	23	0	warm	1.3120748411975606e-59	0	0
24	24	uniform	2	0	0	cold	0.0	0	0
24	24	uniform	2	0	0	warm	0.0	0	0
24	24	uniform	2	7	0	cold	0.0	0	0
24	24	uniform	2	7	0	warm	4.030589147319115e-38	0	0
24	24	uniform	2	15	0	cold	0.0	0	0
24	24	uniform	2	15	0	warm	2.393416667878178e-37	0	0
24	24	uniform	2	23	0	cold	0.0	0	0
24	24	uniform	2	23	0	warm	1.0839373815909447e-51	0	0
24	24	uniform	3	0	0	cold	0.0	0	0
24	24	uniform	3	0	0	warm	0.0	0	0
24	24	uniform	3	7	0	cold	0.0	0	0
24	24	uniform	3	7	0	warm	9.536247548859036e-49	0	0
24	24	uniform	3	15	0	cold	0.0	0	0
24	24	uniform	3	15	0	warm	8.691507978200019e-49	0	0
24	24	uniform	3	23	0	cold	0.0	0	0
24	24	uniform	3	23	0	warm	4.916446738325231e-51	0	0
24	24	uniform	4	0	0	cold	0.0	0	0
24	24	uniform	4	0	0	warm	0.0	0	0
24	24	uniform	4	7	0	cold	0.0	0	0
24	24	uniform	4	7	0	warm	9.314598123112758e-51	0	0
24	24	uniform	4	15	0	cold	0.0	0	0
24	24	uniform	4	15	0	warm	3.494424921762714e-50	0	0
24	24	uniform	4	23	0	cold	0.0	0	0
24	24	uniform	4	23	0	warm	3.628037357370098e-50	0	0
25	25	linear	0	0	0	cold	0.0	0	0
25	25	linear	0	0	0	warm	0.0	0	0
25	25	linear	0	7	0	cold	0.0	0	0
25	25	linear	0	7	0	warm	8.261269291158163e-71	0	0
25	25	linear	0	15	0	cold	0.0	0	0
25	25	linear	0	15	0	warm	1.3765756967290307e-70	0	0
25	25	linear	0	23	0	cold	0.0	0	0
25	25	linear	0	23	0	warm	5.4279397001367e-65	0	0
25	25	linear	1	0	0	cold	0.0	0	0
25	25	linear	1	0	0	warm	0.0	0	0
25	25	linear	1	7	0	cold	0.0	0	0
25	25	linear	1	7	0	warm	1.4592682417966994e-67	0	0
25	25	linear	1	15	0	cold	0.0	0	0
25	25	linear	1	15	0	warm	1.6951644886862456e-70	0	0
25	25	linear	1	23	0	cold	0.0	0	0
25	25	linear	1	23	0	warm	0.0	0	0
25	25	linear	2	0	0	cold	0.0	0	0
25	25	linear	2	0	0	warm	0.0	0	0
25	25	linear	2	7	0	cold	0.0	0	0
25	25	linear	2	7	0	warm	0.0	0	0
25	25	linear	2	15	0	cold	0.0	0	0
25	25	linear	2	15	0	warm	0.0	0	0
25	25	linear	2	23	0	cold	0.0	0	0
25	25	linear	2	23	0	warm	0.0	0	0
25	25	linear	3	0	0	cold	0.0	0	0
25	25	linear	3	0	0	warm	0.0	0	0
25	25	linear	3	7	0	cold	0.0	0	0
25	25	linear	3	7	0	warm	0.0	0	0
25	25	linear	3	15	0	cold	0.0	0	0
25	25	linear	3	15	0	warm	0.0	0	0
25	25	linear	3	23	0	cold	0.0	0	0
25	25	linear	3	23	0	warm	0.0	0	0
25	25	linear	4	0	0	cold	0.0	0	0
25	25	linear	4	0	0	warm	0.0	0	0
25	25	linear	4	7	0	cold	0.0	0	0
25	25	linear	4	7	0	warm	4.035836786987241e-68	0	0
25	25	linear	4	15	0	cold	0.0	0	0
25	25	linear	4	15	0	warm	1.8802402833883678e-67	0	0
25	25	linear	4	23	0	cold	0.0	0	0
25	25	linear	4	23	0	warm	4.513682779077861e-68	0	0
25	25	uniform	0	0	0	cold	0.0	0	0
25	25	uniform	0	0	0	warm	0.0	0	0
25	25	uniform	0	7	0	cold	0.0	0	0
25	25	uniform	0	7	0	warm	8.261269291158163e-71	0	0
25	25	uniform	0	15	0	cold	0.0	0	0
25	25	uniform	0	15	0	warm	1.3765756967290307e-70	0	0
25	25	uniform	0	23	0	cold	0.0	0	0
25	25	uniform	0	23	0	warm	5.4279397001367e-65	0	0
25	25	uniform	1	0	0	cold	0.0	0	0
25	25	uniform	1	0	0	warm	0.0	0	0
25	25	uniform	1	7	0	cold	0.0	0	0
25	25	uniform	1	7	0	warm	1.4592682417966994e-67	0	0
25	25	uniform	1	15	0	cold	0.0	0	0
25	25	uniform	1	15	0	warm	1.6951644886862456e-70	0	0
25	25	uniform	1	23	0	cold	0.0	0	0
25	25	uniform	1	23	0	warm	0.0	0	0
25	25	uniform	2	0	0	cold	0.0	0	0
25	25	uniform	2	0	0	warm	0.0	0	0
25	25	uniform	2	7	0	cold	0.0	0	0
25	25	uniform	2	7	0	warm	0.0	0	0
25	25	uniform	2	15	0	cold	0.0	0	0
25	25	uniform	2	15	0	warm	0.0	0	0
25	25	uniform	2	23	0	cold	0.0	0	0
25	25	uniform	2	23	0	warm	0.0	0	0
25	25	uniform	3	0	0	cold	0.0	0	0
25	25	uniform	3	0	0	warm	0.0	0	0
25	25	uniform	3	7	0	cold	0.0	0	0
25	25	uniform	3	7	0	warm	0.0	0	0
25	25	uniform	3	15	0	cold	0.0	0	0
25	25	uniform	3	15	0	warm	0.0	0	0
25	25	uniform	3	23	0	cold	0.0	0	0
25	25	uniform	3	23	0	warm	0.0	0	0
25	25	uniform	4	0	0	cold	0.0	0	0
25	25	uniform	4	0	0	warm	0.0	0	0
25	25	uniform	4	7	0	cold	0.0	0	0
25	25	uniform	4	7	0	warm	4.035836786987241e-68	0	0
25	25	uniform	4	15	0	cold	0.0	0	0
25	25	uniform	4	15	0	warm	1.8802402833883678e-67	0	0
25	25	uniform	4	23	0	cold	0.0	0	0
25	25	uniform	4	23	0	warm	4.513682779077861e-68	0	0
26	26	linear	0	0	0	cold	0.0	0	0
26	26	linear	0	0	0	warm	0.0	0	0
26	26	linear	0	7	0	cold	0.0	0	0
26	26	linear	0	7	0	warm	1.6485280793961948e-17	0	0
26	26	linear	0	15	0	cold	0.0	0	0
26	26	linear	0	15	0	warm	4.825006264381985e-17	0	0
26	26	linear	0	23	0	cold	0.0	0	0
26	26	linear	0	23	0	warm	1.617178296380413e-16	0	0
26	26	linear	1	0	0	cold	0.0	0	0
26	26	linear	1	0	0	warm	0.0	0	0
26	26	linear	1	7	0	cold	0.0	0	0
26	26	linear	1	7	0	warm	1.8226462049185952e-69	0	0
26	26	linear	1	15	0	cold	0.0	0	0
26	26	linear	1	15	0	warm	2.8523350337530415e-66	0	0
26	26	linear	1	23	0	cold	0.0	0	0
26	26	linear	1	23	0	warm	2.4616849845197754e-70	0	0
26	26	linear	2	0	0	cold	0.0	0	0
26	26	linear	2	0	0	warm	0.0	0	0
26	26	linear	2	7	0	cold	0.0	0	0
26	26	linear	2	7	0	warm	5.5377495098049375e-56	0	0
26	26	linear	2	15	0	cold	0.0	0	0
26	26	linear	2	15	0	warm	2.0718466642057392e-52	0	0
26	26	linear	2	23	0	cold	0.0	0	0
26	26	linear	2	23	0	warm	3.6758059876850243e-53	0	0
26	26	linear	3	0	0	cold	0.0	0	0
26	26	linear	3	0	0	warm	0.0	0	0
26	26	linear	3	7	0	cold	0.0	0	0
26	26	linear	3	7	0	warm	6.68560499581459e-70	0	0
26	26	linear	3	15	0	cold	0.0	0	0
26	26	linear	3	15	0	warm	3.39852564581147e-68	0	0
26	26	linear	3	23	0	cold	0.0	0	0
26	26	linear	3	23	0	warm	3.3260184263984763e-71	0	0
26	26	linear	4	0	0	cold	0.0	0	0
26	26	linear	4	0	0	warm	0.0	0	0
26	26	linear	4	7	0	cold	0.0	0	0
26	26	linear	4	7	0	warm	3.593539994254757e-55	0	0
26	26	linear	4	15	0	cold	0.0	0	0
26	26	linear	4	15	0	warm	4.990909199680059e-56	0	0
26	26	linear	4	23	0	cold	0.0	0	0
26	26	linear	4	23	0	warm	1.0631779175047997e-54	0	0
26	26	uniform	0	0	0	cold	0.0	0	0
26	26	uniform	0	0	0	warm	0.0	0	0
26	26	uniform	0	7	0	cold	0.0	0	0
26	26	uniform	0	7	0	warm	1.6485280793961948e-17	0	0
26	26	uniform	0	15	0	cold	0.0	0	0
26	26	uniform	0	15	0	warm	4.825006264381985e-17	0	0
26	26	uniform	0	23	0	cold	0.0	0	0
26	26	uniform	0	23	0	warm	1.617178296380413e-16	0	0
26	26	uniform	1	0	0	cold	0.0	0	0
26	26	uniform	1	0	0	warm	0.0	0	0
26	26	uniform	1	7	0	cold	0.0	0	0
26	26	uniform	1	7	0	warm	1.8226462049185952e-69	0	0
26	26	uniform	1	15	0	cold	0.0	0	0
26	26	uniform	1	15	0	warm	2.8523350337530415e-66	0	0
26	26	uniform	1	23	0	cold	0.0	0	0
26	26	uniform	1	23	0	warm	2.4616849845197754e-70	0	0
26	26	uniform	2	0	0	cold	0.0	0	0
26	26	uniform	2	0	0	warm	0.0	0	0
26	26	uniform	2	7	0	cold	0.0	0	0
26	26	uniform	2	7	0	warm	5.5377495098049375e-56	0	0
26	26	uniform	2	15	0	cold	0.0	0	0
26	26	uniform	2	15	0	warm	2.0718466642057392e-52	0	0
26	26	uniform	2	23	0	cold	0.0	0	0
26	26	uniform	2	23	0	warm	3.6758059876850243e-53	0	0
26	26	uniform	3	0	0	cold	0.0	0	0
26	26	uniform	3	0	0	warm	0.0	0	0
26	26	uniform	3	7	0	cold	0.0	0	0
26	26	uniform	3	7	0	warm	6.68560499581459e-70	0	0
26	26	uniform	3	15	0	cold	0.0	0	0
26	26	uniform	3	15	0	warm	3.39852564581147e-68	0	0
26	26	uniform	3	23	0	cold	0.0	0	0
26	26	uniform	3	23	0	warm	3.3260184263984763e-71	0	0
26	26	uniform	4	0	0	cold	0.0	0	0
26	26	uniform	4	0	0	warm	0.0	0	0
26	26	uniform	4	7	0	cold	0.0	0	0
26	26	uniform	4	7	0	warm	3.593539994254757e-55	0	0
26	26	uniform	4	15	0	cold	0.0	0	0
26	26	uniform	4	15	0	warm	4.990909199680059e-56	0	0
26	26	uniform	4	23	0	cold	0.0	0	0
26	26	uniform	4	23	0	warm	1.0631779175047997e-54	0	0
27	27	linear	0	0	0	cold	0.0	0	0
27	27	linear	0	0	0	warm	0.0	0	0
27	27	linear	0	7	0	cold	0.0	0	0
27	27	linear	0	7	0	warm	2.716164380599078e-60	0	0
27	27	linear	0	15	0	cold	0.0	0	0
27	27	linear	0	15	0	warm	6.798235977761993e-61	0	0
27	27	linear	0	23	0	cold	0.0	0	0
27	27	linear	0	23	0	warm	5.836567076908673e-62	0	0
27	27	linear	1	0	0	cold	0.0	0	0
27	27	linear	1	0	0	warm	0.0	0	0
27	27	linear	1	7	0	cold	0.0	0	0
27	27	linear	1	7	0	warm	1.3715849386710608e-67	0	0
27	27	linear	1	15	0	cold	0.0	0	0
27	27	linear	1	15	0	warm	1.19095948907697e-66	0	0
27	27	linear	1	23	0	cold	0.0	0	0
27	27	linear	1	23	0	warm	0.0	0	0
27	27	linear	2	0	0	cold	0.0	0	0
27	27	linear	2	0	0	warm	0.0	0	0
27	27	linear	2	7	0	cold	0.0	0	0
27	27	linear	2	7	0	warm	4.3439806323310347e-47	0	0
27	27	linear	2	15	0	cold	0.0	0	0
27	27	linear	2	15	0	warm	5.410503010013405e-50	0	0
27	27	linear	2	23	0	cold	0.0	0	0
27	27	linear	2	23	0	warm	9.671885479457351e-51	0	0
27	27	linear	3	0	0	cold	0.0	0	0
27	27	linear	3	0	0	warm	0.0	0	0
27	27	linear	3	7	0	cold	0.0	0	0
27	27	linear	3	7	0	warm	3.0750991115366336e-63	0	0
27	27	linear	3	15	0	cold	0.0	0	0
27	27	linear	3	15	0	warm	6.659756068151936e-63	0	0
27	27	linear	3	23	0	cold	0.0	0	0
27	27	linear	3	23	0	warm	2.94249542894163e-63	0	0
27	27	linear	4	0	0	cold	0.0	0	0
27	27	linear	4	0	0	warm	0.0	0	0
27	27	linear	4	7	0	cold	0.0	0	0
27	27	linear	4	7	0	warm	4.468299577039918e-53	0	0
27	27	linear	4	15	0	cold	0.0	0	0
27	27	linear	4	15	0	warm	1.9816558304128105e-54	0	0
27	27	linear	4	23	0	cold	0.0	0	0
27	27	linear	4	23	0	warm	1.4784729086889784e-51	0	0
27	27	uniform	0	0	0	cold	0.0	0	0
27	27	uniform	0	0	0	warm	0.0	0	0
27	27	uniform	0	7	0	cold	0.0	0	0
27	27	uniform	0	7	0	warm	2.716164380599078e-60	0	0
27	27	uniform	0	15	0	cold	0.0	0	0
27	27	uniform	0	15	0	warm	6.798235977761993e-61	0	0
27	27	uniform	0	23	0	cold	0.0	0	0
27	27	uniform	0	23	0	warm	5.836567076908673e-62	0	0
27	27	uniform	1	0	0	cold	0.0	0	0
27	27	uniform	1	0	0	warm	0.0	0	0
27	27	uniform	1	7	0	cold	0.0	0	0
27	27	uniform	1	7	0	warm	1.3715849386710608e-67	0	0
27	27	uniform	1	15	0	cold	0.0	0	0
27	27	uniform	1	15	0	warm	1.19095948907697e-66	0	0
27	27	uniform	1	23	0	cold	0.0	0	0
27	27	uniform	1	23	0	warm	0.0	0	0
27	27	uniform	2	0	0	cold	0.0	0	0
27	27	uniform	2	0	0	warm	0.0	0	0
27	27	uniform	2	7	0	cold	0.0	0	0
27	27	uniform	2	7	0	warm	4.3439806323310347e-47	0	0
27	27	uniform	2	15	0	cold	0.0	0	0
27	27	uniform	2	15	0	warm	5.410503010013405e-50	0	0
27	27	uniform	2	23	0	cold	0.0	0	0
27	27	uniform	2	23	0	warm	9.671885479457351e-51	0	0
27	27	uniform	3	0	0	cold	0.0	0	0
27	27	uniform	3	0	0	warm	0.0	0	0
27	27	uniform	3	7	0	cold	0.0	0	0
27	27	uniform	3	7	0	warm	3.0750991115366336e-63	0	0
27	27	uniform	3	15	0	cold	0.0	0	0
27	27	uniform	3	15	0	warm	6.659756068151936e-63	0	0
27	27	uniform	3	23	0	cold	0.0	0	0
27	27	uniform	3	23	0	warm	2.94249542894163e-63	0	0
27	27	uniform	4	0	0	cold	0.0	0	0
27	27	uniform	4	0	0	warm	0.0	0	0
27	27	uniform	4	7	0	cold	0.0	0	0
27	27	uniform	4	7	0	warm	4.468299577039918e-53	0	0
27	27	uniform	4	15	0	cold	0.0	0	0
27	27	uniform	4	15	0	warm	1.9816558304128105e-54	0	0
27	27	uniform	4	23	0	cold	0.0	0	0
27	27	uniform	4	23	0	warm	1.4784729086889784e-51	0	0
28	28	linear	0	0	0	cold	0.0	0	0
28	28	linear	0	0	0	warm	0.0	0	0
28	28	linear	0	7	0	cold	0.0	0	0
28	28	linear	0	7	0	warm	2.1114832720559524e-46	0	0
28	28	linear	0	15	0	cold	0.0	0	0
28	28	linear	0	15	0	warm	7.367706508951743e-44	0	0
28	28	linear	0	23	0	cold	0.0	0	0
28	28	linear	0	23	0	warm	2.2509047850353187e-45	0	0
28	28	linear	1	0	0	cold	0.0	0	0
28	28	linear	1	0	0	warm	0.0	0	0
28	28	linear	1	7	0	cold	0.0	0	0
28	28	linear	1	7	0	warm	2.3360359944430706e-54	0	0
28	28	linear	1	15	0	cold	0.0	0	0
28	28	linear	1	15	0	warm	3.238363891898854e-64	0	0
28	28	linear	1	23	0	cold	0.0	0	0
28	28	linear	1	23	0	warm	2.4280323919134286e-60	0	0
28	28	linear	2	0	0	cold	0.0	0	0
28	28	linear	2	0	0	warm	0.0	0	0
28	28	linear	2	7	0	cold	0.0	0	0
28	28	linear	2	7	0	warm	9.294768177118705e-41	0	0
28	28	linear	2	15	0	cold	0.0	0	0
28	28	linear	2	15	0	warm	2.5386300203429903e-53	0	0
28	28	linear	2	23	0	cold	0.0	0	0
28	28	linear	2	23	0	warm	7.190436854129883e-39	0	0
28	28	linear	3	0	0	cold	0.0	0	0
28	28	linear	3	0	0	warm	0.0	0	0
28	28	linear	3	7	0	cold	0.0	0	0
28	28	linear	3	7	0	warm	3.612271523156306e-68	0	0
28	28	linear	3	15	0	cold	0.0	0	0
28	28	linear	3	15	0	warm	1.6224387202244456e-51	0	0
28	28	linear	3	23	0	cold	0.0	0	0
28	28	linear	3	23	0	warm	6.755269617018459e-60	0	0
28	28	linear	4	0	0	cold	0.0	0	0
28	28	linear	4	0	0	warm	0.0	0	0
28	28	linear	4	7	0	cold	0.0	0	0
28	28	linear	4	7	0	warm	1.71788624176101e-74	0	0
28	28	linear	4	15	0	cold	0.0	0	0
28	28	linear	4	15	0	warm	1.6062778600318572e-49	0	0
28	28	linear	4	23	0	cold	0.0	0	0
28	28	linear	4	23	0	warm	1.4164421352762377e-50	0	0
28	28	uniform	0	0	0	cold	0.0	0	0
28	28	uniform	0	0	0	warm	0.0	0	0
28	28	uniform	0	7	0	cold	0.0	0	0
28	28	uniform	0	7	0	warm	2.1114832720559524e-46	0	0
28	28	uniform	0	15	0	cold	0.0	0	0
28	28	uniform	0	15	0	warm	7.367706508951743e-44	0	0
28	28	uniform	0	23	0	cold	0.0	0	0
28	28	uniform	0	23	0	warm	2.2509047850353187e-45	0	0
28	28	uniform	1	0	0	cold	0.0	0	0
28	28	uniform	1	0	0	warm	0.0	0	0
28	28	uniform	1	7	0	cold	0.0	0	0
28	28	uniform	1	7	0	warm	2.3360359944430706e-54	0	0
28	28	uniform	1	15	0	cold	0.0	0	0
28	28	uniform	1	15	0	warm	3.238363891898854e-64	0	0
28	28	uniform	1	23	0	cold	0.0	0	0
28	28	uniform	1	23	0	warm	2.4280323919134286e-60	0	0
28	28	uniform	2	0	0	cold	0.0	0	0
28	28	uniform	2	0	0	warm	0.0	0	0
28	28	uniform	2	7	0	cold	0.0	0	0
28	28	uniform	2	7	0	warm	9.294768177118705e-41	0	0
28	28	uniform	2	15	0	cold	0.0	0	0
28	28	uniform	2	15	0	warm	2.5386300203429903e-53	0	0
28	28	uniform	2	23	0	cold	0.0	0	0
28	28	uniform	2	23	0	warm	7.190436854129883e-39	0	0
28	28	uniform	3	0	0	cold	0.0	0	0
28	28	uniform	3	0	0	warm	0.0	0	0
28	28	uniform	3	7	0	cold	0.0	0	0
28	28	uniform	3	7	0	warm	3.612271523156306e-68	0	0
28	28	uniform	3	15	0	cold	0.0	0	0
28	28	uniform	3	15	0	warm	1.6224387202244456e-51	0	0
28	28	uniform	3	23	0	cold	0.0	0	0
28	28	uniform	3	23	0	warm	6.755269617018459e-60	0	0
28	28	uniform	4	0	0	cold	0.0	0	0
28	28	uniform	4	0	0	warm	0.0	0	0
28	28	uniform	4	7	0	cold	0.0	0	0
28	28	uniform	4	7	0	warm	1.71788624176101e-74	0	0
28	28	uniform	4	15	0	cold	0.0	0	0
28	28	uniform	4	15	0	warm	1.6062778600318572e-49	0	0
28	28	uniform	4	23	0	cold	0.0	0	0
28	28	uniform	4	23	0	warm	1.4164421352762377e-50	0	0
29	29	linear	0	0	0	cold	0.0	0	0
29	29	linear	0	0	0	warm	0.0	0	0
29	29	linear	0	7	0	cold	0.0	0	0
29	29	linear	0	7	0	warm	5.778199711231053e-59	0	0
29	29	linear	0	15	0	cold	0.0	0	0
29	29	linear	0	15	0	warm	4.9504724798203257e-60	0	0
29	29	linear	0	23	0	cold	0.0	0	0
29	29	linear	0	23	0	warm	6.863215281570652e-60	0	0
29	29	linear	1	0	0	cold	0.0	0	0
29	29	linear	1	0	0	warm	0.0	0	0
29	29	linear	1	7	0	cold	0.0	0	0
29	29	linear	1	7	0	warm	2.0270697047427157e-43	0	0
29	29	linear	1	15	0	cold	0.0	0	0
29	29	linear	1	15	0	warm	7.81803151174358e-43	0	0
29	29	linear	1	23	0	cold	0.0	0	0
29	29	linear	1	23	0	warm	1.3933948363065334e-38	0	0
29	29	linear	2	0	0	cold	0.0	0	0
29	29	linear	2	0	0	warm	0.0	0	0
29	29	linear	2	7	0	cold	0.0	0	0
29	29	linear	2	7	0	warm	1.6717540002188494e-64	0	0
29	29	linear	2	15	0	cold	0.0	0	0
29	29	linear	2	15	0	warm	1.7264340475327626e-65	0	0
29	29	linear	2	23	0	cold	0.0	0	0
29	29	linear	2	23	0	warm	5.849600291429785e-66	0	0
29	29	linear	3	0	0	cold	0.0	0	0
29	29	linear	3	0	0	warm	0.0	0	0
29	29	linear	3	7	0	cold	0.0	0	0
29	29	linear	3	7	0	warm	1.6551616409187612e-63	0	0
29	29	linear	3	15	0	cold	0.0	0	0
29	29	linear	3	15	0	warm	6.454049391373364e-62	0	0
29	29	linear	3	23	0	cold	0.0	0	0
29	29	linear	3	23	0	warm	7.586680294342377e-64	0	0
29	29	linear	4	0	0	cold	0.0	0	0
29	29	linear	4	0	0	warm	0.0	0	0
29	29	linear	4	7	0	cold	0.0	0	0
29	29	linear	4	7	0	warm	0.0	0	0
29	29	linear	4	15	0	cold	0.0	0	0
29	29	linear	4	15	0	warm	9.47831276051826e-69	0	0
29	29	linear	4	23	0	cold	0.0	0	0
29	29	linear	4	23	0	warm	2.8636224132995724e-71	0	0
29	29	uniform	0	0	0	cold	0.0	0	0
29	29	uniform	0	0	0	warm	0.0	0	0
29	29	uniform	0	7	0	cold	0.0	0	0
29	29	uniform	0	7	0	warm	5.778199711231053e-59	0	0
29	29	uniform	0	15	0	cold	0.0	0	0
29	29	uniform	0	15	0	warm	4.9504724798203257e-60	0	0
29	29	uniform	0	23	0	cold	0.0	0	0
29	29	uniform	0	23	0	warm	6.863215281570652e-60	0	0
29	29	uniform	1	0	0	cold	0.0	0	0
29	29	uniform	1	0	0	warm	0.0	0	0
29	29	uniform	1	7	0	cold	0.0	0	0
29	29	uniform	1	7	0	warm	2.0270697047427157e-43	0	0
29	29	uniform	1	15	0	cold	0.0	0	0
29	29	uniform	1	15	0	warm	7.81803151174358e-43	0	0
29	29	uniform	1	23	0	cold	0.0	0	0
29	29	uniform	1	23	0	warm	1.3933948363065334e-38	0	0
29	29	uniform	2	0	0	cold	0.0	0	0
29	29	uniform	2	0	0	warm	0.0	0	0
29	29	uniform	2	7	0	cold	0.0	0	0
29	29	uniform	2	7	0	warm	1.6717540002188494e-64	0	0
29	29	uniform	2	15	0	cold	0.0	0	0
29	29	uniform	2	15	0	warm	1.7264340475327626e-65	0	0
29	29	uniform	2	23	0	cold	0.0	0	0
29	29	uniform	2	23	0	warm	5.849600291429785e-66	0	0
29	29	uniform	3	0	0	cold	0.0	0	0
29	29	uniform	3	0	0	warm	0.0	0	0
29	29	uniform	3	7	0	cold	0.0	0	0
29	29	uniform	3	7	0	warm	1.6551616409187612e-63	0	0
29	29	uniform	3	15	0	cold	0.0	0	0
29	29	uniform	3	15	0	warm	6.454049391373364e-62	0	0
29	29	uniform	3	23	0	cold	0.0	0	0
29	29	uniform	3	23	0	warm	7.586680294342377e-64	0	0
29	29	uniform	4	0	0	cold	0.0	0	0
29	29	uniform	4	0	0	warm	0.0	0	0
29	29	uniform	4	7	0	cold	0.0	0	0
29	29	uniform	4	7	0	warm	0.0	0	0
29	29	uniform	4	15	0	cold	0.0	0	0
29	29	uniform	4	15	0	warm	9.47831276051826e-69	0	0
29	29	uniform	4	23	0	cold	0.0	0	0
29	29	uniform	4	23	0	warm	2.8636224132995724e-71	0	0
30	30	linear	0	0	0	cold	0.0	0	0
30	30	linear	0	0	0	warm	0.0	0	0
30	30	linear	0	7	0	cold	0.0	0	0
30	30	linear	0	7	0	warm	4.793760246461915e-58	0	0
30	30	linear	0	15	0	cold	0.0	0	0
30	30	linear	0	15	0	warm	1.2361394879042003e-55	0	0
30	30	linear	0	23	0	cold	0.0	0	0
30	30	linear	0	23	0	warm	6.2919690242001726e-58	0	0
30	30	linear	1	0	0	cold	0.0	0	0
30	30	linear	1	0	0	warm	0.0	0	0
30	30	linear	1	7	0	cold	0.0	0	0
30	30	linear	1	7	0	warm	2.574000731974708e-64	0	0
30	30	linear	1	15	0	cold	0.0	0	0
30	30	linear	1	15	0	warm	1.1138707831374682e-52	0	0
30	30	linear	1	23	0	cold	0.0	0	0
30	30	linear	1	23	0	warm	7.745543220345778e-58	0	0
30	30	linear	2	0	0	cold	0.0	0	0
30	30	linear	2	0	0	warm	0.0	0	0
30	30	linear	2	7	0	cold	0.0	0	0
30	30	linear	2	7	0	warm	1.8024299015098205e-65	0	0
30	30	linear	2	15	0	cold	0.0	0	0
30	30	linear	2	15	0	warm	1.072452342268522e-71	0	0
30	30	linear	2	23	0	cold	0.0	0	0
30	30	linear	2	23	0	warm	3.425803675632326e-70	0	0
30	30	linear	3	0	0	cold	0.0	0	0
30	30	linear	3	0	0	warm	0.0	0	0
30	30	linear	3	7	0	cold	0.0	0	0
30	30	linear	3	7	0	warm	4.822803721254077e-64	0	0
30	30	linear	3	15	0	cold	0.0	0	0
30	30	linear	3	15	0	warm	3.652492864605388e-63	0	0
30	30	linear	3	23	0	cold	0.0	0	0
30	30	linear	3	23	0	warm	1.478007016660842e-63	0	0
30	30	linear	4	0	0	cold	0.0	0	0
30	30	linear	4	0	0	warm	0.0	0	0
30	30	linear	4	7	0	cold	0.0	0	0
30	30	linear	4	7	0	warm	1.0197882561753751e-69	0	0
30	30	linear	4	15	0	cold	0.0	0	0
30	30	linear	4	15	0	warm	1.0188446741547308e-67	0	0
30	30	linear	4	23	0	cold	0.0	0	0
30	30	linear	4	23	0	warm	3.3839064471616066e-68	0	0
30	30	uniform	0	0	0	cold	0.0	0	0
30	30	uniform	0	0	0	warm	0.0	0	0
30	30	uniform	0	7	0	cold	0.0	0	0
30	30	uniform	0	7	0	warm	4.793760246461915e-58	0	0
30	30	uniform	0	15	0	cold	0.0	0	0
30	30	uniform	0	15	0	warm	1.2361394879042003e-55	0	0
30	30	uniform	0	23	0	cold	0.0	0	0
30	30	uniform	0	23	0	warm	6.2919690242001726e-58	0	0
30	30	uniform	1	0	0	cold	0.0	0	0
30	30	uniform	1	0	0	warm	0.0	0	0
30	30	uniform	1	7	0	cold	0.0	0	0
30	30	uniform	1	7	0	warm	2.574000731974708e-64	0	0
30	30	uniform	1	15	0	cold	0.0	0	0
30	30	uniform	1	15	0	warm	1.1138707831374682e-52	0	0
30	30	uniform	1	23	0	cold	0.0	0	0
30	30	uniform	1	23	0	warm	7.745543220345778e-58	0	0
30	30	uniform	2	0	0	cold	0.0	0	0
30	30	uniform	2	0	0	warm	0.0	0	0
30	30	uniform	2	7	0	cold	0.0	0	0
30	30	uniform	2	7	0	warm	1.8024299015098205e-65	0	0
30	30	uniform	2	15	0	cold	0.0	0	0
30	30	uniform	2	15	0	warm	1.072452342268522e-71	0	0
30	30	uniform	2	23	0	cold	0.0	0	0
30	30	uniform	2	23	0	warm	3.425803675632326e-70	0	0
30	30	uniform	3	0	0	cold	0.0	0	0
30	30	uniform	3	0	0	warm	0.0	0	0
30	30	uniform	3	7	0	cold	0.0	0	0
30	30	uniform	3	7	0	warm	4.822803721254077e-64	0	0
30	30	uniform	3	15	0	cold	0.0	0	0
30	30	uniform	3	15	0	warm	3.652492864605388e-63	0	0
30	30	uniform	3	23	0	cold	0.0	0	0
30	30	uniform	3	23	0	warm	1.478007016660842e-63	0	0
30	30	uniform	4	0	0	cold	0.0	0	0
30	30	uniform	4	0	0	warm	0.0	0	0
30	30	uniform	4	7	0	cold	0.0	0	0
30	30	uniform	4	7	0	warm	1.0197882561753751e-69	0	0
30	30	uniform	4	15	0	cold	0.0	0	0
30	30	uniform	4	15	0	warm	1.0188446741547308e-67	0	0
30	30	uniform	4	23	0	cold	0.0	0	0
30	30	uniform	4	23	0	warm	3.3839064471616066e-68	0	0
31	31	linear	0	0	0	cold	0.0	0	0
31	31	linear	0	0	0	warm	0.0	0	0
31	31	linear	0	7	0	cold	0.0	0	0
31	31	linear	0	7	0	warm	0.0	0	0
31	31	linear	0	15	0	cold	0.0	0	0
31	31	linear	0	15	0	warm	0.0	0	0
31	31	linear	0	23	0	cold	0.0	0	0
31	31	linear	0	23	0	warm	0.0	0	0
31	31	linear	1	0	0	cold	0.0	0	0
31	31	linear	1	0	0	warm	0.0	0	0
31	31	linear	1	7	0	cold	0.0	0	0
31	31	linear	1	7	0	warm	4.496257848935101e-70	0	0
31	31	linear	1	15	0	cold	0.0	0	0
31	31	linear	1	15	0	warm	3.305054950343507e-70	0	0
31	31	linear	1	23	0	cold	0.0	0	0
31	31	linear	1	23	0	warm	6.081302658661502e-71	0	0
31	31	linear	2	0	0	cold	0.0	0	0
31	31	linear	2	0	0	warm	0.0	0	0
31	31	linear	2	7	0	cold	0.0	0	0
31	31	linear	2	7	0	warm	1.1076249025623325e-70	0	0
31	31	linear	2	15	0	cold	0.0	0	0
31	31	linear	2	15	0	warm	2.4539797880523542e-73	0	0
31	31	linear	2	23	0	cold	0.0	0	0
31	31	linear	2	23	0	warm	1.8967491591208094e-66	0	0
31	31	linear	3	0	0	cold	0.0	0	0
31	31	linear	3	0	0	warm	0.0	0	0
31	31	linear	3	7	0	cold	0.0	0	0
31	31	linear	3	7	0	warm	2.041978437515297e-71	0	0
31	31	linear	3	15	0	cold	0.0	0	0
31	31	linear	3	15	0	warm	1.1688276021616506e-72	0	0
31	31	linear	3	23	0	cold	0.0	0	0
31	31	linear	3	23	0	warm	9.801068834541501e-74	0	0
31	31	linear	4	0	0	cold	0.0	0	0
31	31	linear	4	0	0	warm	0.0	0	0
31	31	linear	4	7	0	cold	0.0	0	0
31	31	linear	4	7	0	warm	3.84000894557132e-72	0	0
31	31	linear	4	15	0	cold	0.0	0	0
31	31	linear	4	15	0	warm	1.350145477598738e-72	0	0
31	31	linear	4	23	0	cold	0.0	0	0
31	31	linear	4	23	0	warm	1.101994503402631e-70	0	0
31	31	uniform	0	0	0	cold	0.0	0	0
31	31	uniform	0	0	0	warm	0.0	0	0
31	31	uniform	0	7	0	cold	0.0	0	0
31	31	uniform	0	7	0	warm	0.0	0	0
31	31	uniform	0	15	0	cold	0.0	0	0
31	31	uniform	0	15	0	warm	0.0	0	0
31	31	uniform	0	23	0	cold	0.0	0	0
31	31	uniform	0	23	0	warm	0.0	0	0
31	31	uniform	1	0	0	cold	0.0	0	0
31	31	uniform	1	0	0	warm	0.0	0	0
31	31	uniform	1	7	0	cold	0.0	0	0
31	31	uniform	1	7	0	warm	4.496257848935101e-70	0	0
31	31	uniform	1	15	0	cold	0.0	0	0
31	31	uniform	1	15	0	warm	3.305054950343507e-70	0	0
31	31	uniform	1	23	0	cold	0.0	0	0
31	31	uniform	1	23	0	warm	6.081302658661502e-71	0	0
31	31	uniform	2	0	0	cold	0.0	0	0
31	31	uniform	2	0	0	warm	0.0	0	0
31	31	uniform	2	7	0	cold	0.0	0	0
31	31	uniform	2	7	0	warm	1.1076249025623325e-70	0	0
31	31	uniform	2	15	0	cold	0.0	0	0
31	31	uniform	2	15	0	warm	2.4539797880523542e-73	0	0
31	31	uniform	2	23	0	cold	0.0	0	0
31	31	uniform	2	23	0	warm	1.8967491591208094e-66	0	0
31	31	uniform	3	0	0	cold	0.0	0	0
31	31	uniform	3	0	0	warm	0.0	0	0
31	31	uniform	3	7	0	cold	0.0	0	0
31	31	uniform	3	7	0	warm	2.041978437515297e-71	0	0
31	31	uniform	3	15	0	cold	0.0	0	0
31	31	uniform	3	15	0	warm	1.1688276021616506e-72	0	0
31	31	uniform	3	23	0	cold	0.0	0	0
31	31	uniform	3	23	0	warm	9.801068834541501e-74	0	0
31	31	uniform	4	0	0	cold	0.0	0	0
31	31	uniform	4	0	0	warm	0.0	0	0
31	31	uniform	4	7	0	cold	0.0	0	0
31	31	uniform	4	7	0	warm	3.84000894557132e-72	0	0
31	31	uniform	4	15	0	cold	0.0	0	0
31	31	uniform	4	15	0	warm	1.350145477598738e-72	0	0
31	31	uniform	4	23	0	cold	0.0	0	0
31	31	uniform	4	23	0	warm	1.101994503402631e-70	0	0
32	32	linear	0	0	0	cold	0.0	0	0
32	32	linear	0	0	0	warm	0.0	0	0
32	32	linear	0	7	0	cold	0.0	0	0
32	32	linear	0	7	0	warm	2.5072670486988597e-20	0	0
32	32	linear	0	15	0	cold	0.0	0	0
32	32	linear	0	15	0	warm	5.6432173323634165e-40	0	0
32	32	linear	0	23	0	cold	0.0	0	0
32	32	linear	0	23	0	warm	2.4529373581328683e-32	0	0
32	32	linear	1	0	0	cold	0.0	0	0
32	32	linear	1	0	0	warm	0.0	0	0
32	32	linear	1	7	0	cold	0.0	0	0
32	32	linear	1	7	0	warm	5.817168389413635e-60	0	0
32	32	linear	1	15	0	cold	0.0	0	0
32	32	linear	1	15	0	warm	1.4292130901112977e-41	0	0
32	32	linear	1	23	0	cold	0.0	0	0
32	32	linear	1	23	0	warm	4.211413217097642e-53	0	0
32	32	linear	2	0	0	cold	0.0	0	0
32	32	linear	2	0	0	warm	0.0	0	0
32	32	linear	2	7	0	cold	0.0	0	0
32	32	linear	2	7	0	warm	2.4077833556637983e-47	0	0
32	32	linear	2	15	0	cold	0.0	0	0
32	32	linear	2	15	0	warm	4.529519849003297e-46	0	0
32	32	linear	2	23	0	cold	0.0	0	0
32	32	linear	2	23	0	warm	6.3765249648267e-45	0	0
32	32	linear	3	0	0	cold	0.0	0	0
32	32	linear	3	0	0	warm	0.0	0	0
32	32	linear	3	7	0	cold	0.0	0	0
32	32	linear	3	7	0	warm	5.073062831372928e-53	0	0
32	32	linear	3	15	0	cold	0.0	0	0
32	32	linear	3	15	0	warm	1.2594921819310616e-53	0	0
32	32	linear	3	23	0	cold	0.0	0	0
32	32	linear	3	23	0	warm	6.471896744047497e-53	0	0
32	32	linear	4	0	0	cold	0.0	0	0
32	32	linear	4	0	0	warm	0.0	0	0
32	32	linear	4	7	0	cold	0.0	0	0
32	32	linear	4	7	0	warm	3.028410211218207e-58	0	0
32	32	linear	4	15	0	cold	0.0	0	0
32	32	linear	4	15	0	warm	2.8305369766238853e-57	0	0
32	32	linear	4	23	0	cold	0.0	0	0
32	32	linear	4	23	0	warm	4.1925612338555175e-56	0	0
32	32	uniform	0	0	0	cold	0.0	0	0
32	32	uniform	0	0	0	warm	0.0	0	0
32	32	uniform	0	7	0	cold	0.0	0	0
32	32	uniform	0	7	0	warm	2.5072670486988597e-20	0	0
32	32	uniform	0	15	0	cold	0.0	0	0
32	32	uniform	0	15	0	warm	5.6432173323634165e-40	0	0
32	32	uniform	0	23	0	cold	0.0	0	0
32	32	uniform	0	23	0	warm	2.4529373581328683e-32	0	0
32	32	uniform	1	0	0	cold	0.0	0	0
32	32	uniform	1	0	0	warm	0.0	0	0
32	32	uniform	1	7	0	cold	0.0	0	0
32	32	uniform	1	7	0	warm	5.817168389413635e-60	0	0
32	32	uniform	1	15	0	cold	0.0	0	0
32	32	uniform	1	15	0	warm	1.4292130901112977e-41	0	0
32	32	uniform	1	23	0	cold	0.0	0	0
32	32	uniform	1	23	0	warm	4.211413217097642e-53	0	0
32	32	uniform	2	0	0	cold	0.0	0	0
32	32	uniform	2	0	0	warm	0.0	0	0
32	32	uniform	2	7	0	cold	0.0	0	0
32	32	uniform	2	7	0	warm	2.4077833556637983e-47	0	0
32	32	uniform	2	15	0	cold	0.0	0	0
32	32	uniform	2	15	0	warm	4.529519849003297e-46	0	0
32	32	uniform	2	23	0	cold	0.0	0	0
32	32	uniform	2	23	0	warm	6.3765249648267e-45	0	0
32	32	uniform	3	0	0	cold	0.0	0	0
32	32	uniform	3	0	0	warm	0.0	0	0
32	32	uniform	3	7	0	cold	0.0	0	0
32	32	uniform	3	7	0	warm	5.073062831372928e-53	0	0
32	32	uniform	3	15	0	cold	0.0	0	0
32	32	uniform	3	15	0	warm	1.2594921819310616e-53	0	0
32	32	uniform	3	23	0	cold	0.0	0	0
32	32	uniform	3	23	0	warm	6.471896744047497e-53	0	0
32	32	uniform	4	0	0	cold	0.0	0	0
32	32	uniform	4	0	0	warm	0.0	0	0
32	32	uniform	4	7	0	cold	0.0	0	0
32	32	uniform	4	7	0	warm	3.028410211218207e-58	0	0
32	32	uniform	4	15	0	cold	0.0	0	0
32	32	uniform	4	15	0	warm	2.8305369766238853e-57	0	0
32	32	uniform	4	23	0	cold	0.0	0	0
32	32	uniform	4	23	0	warm	4.1925612338555175e-56	0	0
33	33	linear	0	0	0	cold	0.0	0	0
33	33	linear	0	0	0	warm	0.0	0	0
33	33	linear	0	7	0	cold	0.0	0	0
33	33	linear	0	7	0	warm	1.7382330886850646e-61	0	0
33	33	linear	0	15	0	cold	0.0	0	0
33	33	linear	0	15	0	warm	6.786809380647291e-62	0	0
33	33	linear	0	23	0	cold	0.0	0	0
33	33	linear	0	23	0	warm	4.989216390201307e-63	0	0
33	33	linear	1	0	0	cold	0.0	0	0
33	33	linear	1	0	0	warm	0.0	0	0
33	33	linear	1	7	0	cold	0.0	0	0
33	33	linear	1	7	0	warm	3.606436421482554e-73	0	0
33	33	linear	1	15	0	cold	0.0	0	0
33	33	linear	1	15	0	warm	2.8768073774937485e-71	0	0
33	33	linear	1	23	0	cold	0.0	0	0
33	33	linear	1	23	0	warm	2.3306106465722263e-72	0	0
33	33	linear	2	0	0	cold	0.0	0	0
33	33	linear	2	0	0	warm	0.0	0	0
33	33	linear	2	7	0	cold	0.0	0	0
33	33	linear	2	7	0	warm	1.0168802333678251e-75	0	0
33	33	linear	2	15	0	cold	0.0	0	0
33	33	linear	2	15	0	warm	5.575515511213793e-76	0	0
33	33	linear	2	23	0	cold	0.0	0	0
33	33	linear	2	23	0	warm	4.870219338478955e-75	0	0
33	33	linear	3	0	0	cold	0.0	0	0
33	33	linear	3	0	0	warm	0.0	0	0
33	33	linear	3	7	0	cold	0.0	0	0
33	33	linear	3	7	0	warm	4.3545483166258455e-65	0	0
33	33	linear	3	15	0	cold	0.0	0	0
33	33	linear	3	15	0	warm	2.3973640531474967e-64	0	0
33	33	linear	3	23	0	cold	0.0	0	0
33	33	linear	3	23	0	warm	1.6159985941062448e-63	0	0
33	33	linear	4	0	0	cold	0.0	0	0
33	33	linear	4	0	0	warm	0.0	0	0
33	33	linear	4	7	0	cold	0.0	0	0
33	33	linear	4	7	0	warm	1.9618866572502164e-64	0	0
33	33	linear	4	15	0	cold	0.0	0	0
33	33	linear	4	15	0	warm	1.999442242795546e-65	0	0
33	33	linear	4	23	0	cold	0.0	0	0
33	33	linear	4	23	0	warm	1.967265533340324e-64	0	0
33	33	uniform	0	0	0	cold	0.0	0	0
33	33	uniform	0	0	0	warm	0.0	0	0
33	33	uniform	0	7	0	cold	0.0	0	0
33	33	uniform	0	7	0	warm	1.7382330886850646e-61	0	0
33	33	uniform	0	15	0	cold	0.0	0	0
33	33	uniform	0	15	0	warm	6.786809380647291e-62	0	0
33	33	uniform	0	23	0	cold	0.0	0	0
33	33	uniform	0	23	0	warm	4.989216390201307e-63	0	0
33	33	uniform	1	0	0	cold	0.0	0	0
33	33	uniform	1	0	0	warm	0.0	0	0
33	33	uniform	1	7	0	cold	0.0	0	0
33	33	uniform	1	7	0	warm	3.606436421482554e-73	0	0
33	33	uniform	1	15	0	cold	0.0	0	0
33	33	uniform	1	15	0	warm	2.8768073774937485e-71	0	0
33	33	uniform	1	23	0	cold	0.0	0	0
33	33	uniform	1	23	0	warm	2.3306106465722263e-72	0	0
33	33	uniform	2	0	0	cold	0.0	0	0
33	33	uniform	2	0	0	warm	0.0	0	0
33	33	uniform	2	7	0	cold	0.0	0	0
33	33	uniform	2	7	0	warm	1.0168802333678251e-75	0	0
33	33	uniform	2	15	0	cold	0.0	0	0
33	33	uniform	2	15	0	warm	5.575515511213793e-76	0	0
33	33	uniform	2	23	0	cold	0.0	0	0
33	33	uniform	2	23	0	warm	4.870219338478955e-75	0	0
33	33	uniform	3	0	0	cold	0.0	0	0
33	33	uniform	3	0	0	warm	0.0	0	0
33	33	uniform	3	7	0	cold	0.0	0	0
33	33	uniform	3	7	0	warm	4.3545483166258455e-65	0	0
33	33	uniform	3	15	0	cold	0.0	0	0
33	33	uniform	3	15	0	warm	2.3973640531474967e-64	0	0
33	33	uniform	3	23	0	cold	0.0	0	0
33	33	uniform	3	23	0	warm	1.6159985941062448e-63	0	0
33	33	uniform	4	0	0	cold	0.0	0	0
33	33	uniform	4	0	0	warm	0.0	0	0
33	33	uniform	4	7	0	cold	0.0	0	0
33	33	uniform	4	7	0	warm	1.9618866572502164e-64	0	0
33	33	uniform	4	15	0	cold	0.0	0	0
33	33	uniform	4	15	0	warm	1.999442242795546e-65	0	0
33	33	uniform	4	23	0	cold	0.0	0	0
33	33	uniform	4	23	0	warm	1.967265533340324e-64	0	0
34	34	linear	0	0	0	cold	0.0	0	0
34	34	linear	0	0	0	warm	0.0	0	0
34	34	linear	0	7	0	cold	0.0	0	0
34	34	linear	0	7	0	warm	0.0	0	0
34	34	linear	0	15	0	cold	0.0	0	0
34	34	linear	0	15	0	warm	0.0	0	0
34	34	linear	0	23	0	cold	0.0	0	0
34	34	linear	0	23	0	warm	0.0	0	0
34	34	linear	1	0	0	cold	0.0	0	0
34	34	linear	1	0	0	warm	0.0	0	0
34	34	linear	1	7	0	cold	0.0	0	0
34	34	linear	1	7	0	warm	0.0	0	0
34	34	linear	1	15	0	cold	0.0	0	0
34	34	linear	1	15	0	warm	0.0	0	0
34	34	linear	1	23	0	cold	0.0	0	0
34	34	linear	1	23	0	warm	0.0	0	0
34	34	linear	2	0	0	cold	0.0	0	0
34	34	linear	2	0	0	warm	0.0	0	0
34	34	linear	2	7	0	cold	0.0	0	0
34	34	linear	2	7	0	warm	6.905894777799237e-63	0	0
34	34	linear	2	15	0	cold	0.0	0	0
34	34	linear	2	15	0	warm	0.0	0	0
34	34	linear	2	23	0	cold	0.0	0	0
34	34	linear	2	23	0	warm	0.0	0	0
34	34	linear	3	0	0	cold	0.0	0	0
34	34	linear	3	0	0	warm	0.0	0	0
34	34	linear	3	7	0	cold	0.0	0	0
34	34	linear	3	7	0	warm	0.0	0	0
34	34	linear	3	15	0	cold	0.0	0	0
34	34	linear	3	15	0	warm	0.0	0	0
34	34	linear	3	23	0	cold	0.0	0	0
34	34	linear	3	23	0	warm	0.0	0	0
34	34	linear	4	0	0	cold	0.0	0	0
34	34	linear	4	0	0	warm	0.0	0	0
34	34	linear	4	7	0	cold	0.0	0	0
34	34	linear	4	7	0	warm	0.0	0	0
34	34	linear	4	15	0	cold	0.0	0	0
34	34	linear	4	15	0	warm	0.0	0	0
34	34	linear	4	23	0	cold	0.0	0	0
34	34	linear	4	23	0	warm	0.0	0	0
34	34	uniform	0	0	0	cold	0.0	0	0
34	34	uniform	0	0	0	warm	0.0	0	0
34	34	uniform	0	7	0	cold	0.0	0	0
34	34	uniform	0	7	0	warm	0.0	0	0
34	34	uniform	0	15	0	cold	0.0	0	0
34	34	uniform	0	15	0	warm	0.0	0	0
34	34	uniform	0	23	0	cold	0.0	0	0
34	34	uniform	0	23	0	warm	0.0	0	0
34	34	uniform	1	0	0	cold	0.0	0	0
34	34	uniform	1	0	0	warm	0.0	0	0
34	34	uniform	1	7	0	cold	0.0	0	0
34	34	uniform	1	7	0	warm	0.0	0	0
34	34	uniform	1	15	0	cold	0.0	0	0
34	34	uniform	1	15	0	warm	0.0	0	0
34	34	uniform	1	23	0	cold	0.0	0	0
34	34	uniform	1	23	0	warm	0.0	0	0
34	34	uniform	2	0	0	cold	0.0	0	0
34	34	uniform	2	0	0	warm	0.0	0	0
34	34	uniform	2	7	0	cold	0.0	0	0
34	34	uniform	2	7	0	warm	6.905894777799237e-63	0	0
34	34	uniform	2	15	0	cold	0.0	0	0
34	34	uniform	2	15	0	warm	0.0	0	0
34	34	uniform	2	23	0	cold	0.0	0	0
34	34	uniform	2	23	0	warm	0.0	0	0
34	34	uniform	3	0	0	cold	0.0	0	0
34	34	uniform	3	0	0	warm	0.0	0	0
34	34	uniform	3	7	0	cold	0.0	0	0
34	34	uniform	3	7	0	warm	0.0	0	0
34	34	uniform	3	15	0	cold	0.0	0	0
34	34	uniform	3	15	0	warm	0.0	0	0
34	34	uniform	3	23	0	cold	0.0	0	0
34	34	uniform	3	23	0	warm	0.0	0	0
34	34	uniform	4	0	0	cold	0.0	0	0
34	34	uniform	4	0	0	warm	0.0	0	0
34	34	uniform	4	7	0	cold	0.0	0	0
34	34	uniform	4	7	0	warm	0.0	0	0
34	34	uniform	4	15	0	cold	0.0	0	0
34	34	uniform	4	15	0	warm	0.0	0	0
34	34	uniform	4	23	0	cold	0.0	0	0
34	34	uniform	4	23	0	warm	0.0	0	0
35	35	linear	0	0	0	cold	0.0	0	0
35	35	linear	0	0	0	warm	0.0	0	0
35	35	linear	0	7	0	cold	0.0	0	0
35	35	linear	0	7	0	warm	3.018114426323287e-33	0	0
35	35	linear	0	15	0	cold	0.0	0	0
35	35	linear	0	15	0	warm	2.7010916631326483e-20	0	0
35	35	linear	0	23	0	cold	0.0	0	0
35	35	linear	0	23	0	warm	4.051672172940852e-20	0	0
35	35	linear	1	0	0	cold	0.0	0	0
35	35	linear	1	0	0	warm	0.0	0	0
35	35	linear	1	7	0	cold	0.0	0	0
35	35	linear	1	7	0	warm	6.498698797100151e-56	0	0
35	35	linear	1	15	0	cold	0.0	0	0
35	35	linear	1	15	0	warm	1.6639869233542656e-55	0	0
35	35	linear	1	23	0	cold	0.0	0	0
35	35	linear	1	23	0	warm	1.187547944710394e-54	0	0
35	35	linear	2	0	0	cold	0.0	0	0
35	35	linear	2	0	0	warm	0.0	0	0
35	35	linear	2	7	0	cold	0.0	0	0
35	35	linear	2	7	0	warm	2.5860453090078796e-57	0	0
35	35	linear	2	15	0	cold	0.0	0	0
35	35	linear	2	15	0	warm	2.798211672518763e-58	0	0
35	35	linear	2	23	0	cold	0.0	0	0
35	35	linear	2	23	0	warm	1.876464011169968e-59	0	0
35	35	linear	3	0	0	cold	0.0	0	0
35	35	linear	3	0	0	warm	0.0	0	0
35	35	linear	3	7	0	cold	0.0	0	0
35	35	linear	3	7	0	warm	4.1309726761499597e-38	0	0
35	35	linear	3	15	0	cold	0.0	0	0
35	35	linear	3	15	0	warm	2.4469189117601645e-39	0	0
35	35	linear	3	23	0	cold	0.0	0	0
35	35	linear	3	23	0	warm	9.351951962690044e-40	0	0
35	35	linear	4	0	0	cold	0.0	0	0
35	35	linear	4	0	0	warm	0.0	0	0
35	35	linear	4	7	0	cold	0.0	0	0
35	35	linear	4	7	0	warm	1.1535872633546467e-48	0	0
35	35	linear	4	15	0	cold	0.0	0	0
35	35	linear	4	15	0	warm	2.962864687798691e-51	0	0
35	35	linear	4	23	0	cold	0.0	0	0
35	35	linear	4	23	0	warm	5.131810972323553e-49	0	0
35	35	uniform	0	0	0	cold	0.0	0	0
35	35	uniform	0	0	0	warm	0.0	0	0
35	35	uniform	0	7	0	cold	0.0	0	0
35	35	uniform	0	7	0	warm	3.018114426323287e-33	0	0
35	35	uniform	0	15	0	cold	0.0	0	0
35	35	uniform	0	15	0	warm	2.7010916631326483e-20	0	0
35	35	uniform	0	23	0	cold	0.0	0	0
35	35	uniform	0	23	0	warm	4.051672172940852e-20	0	0
35	35	uniform	1	0	0	cold	0.0	0	0
35	35	uniform	1	0	0	warm	0.0	0	0
35	35	uniform	1	7	0	cold	0.0	0	0
35	35	uniform	1	7	0	warm	6.498698797100151e-56	0	0
35	35	uniform	1	15	0	cold	0.0	0	0
35	35	uniform	1	15	0	warm	1.6639869233542656e-55	0	0
35	35	uniform	1	23	0	cold	0.0	0	0
35	35	uniform	1	23	0	warm	1.187547944710394e-54	0	0
35	35	uniform	2	0	0	cold	0.0	0	0
35	35	uniform	2	0	0	warm	0.0	0	0
35	35	uniform	2	7	0	cold	0.0	0	0
35	35	uniform	2	7	0	warm	2.5860453090078796e-57	0	0
35	35	uniform	2	15	0	cold	0.0	0	0
35	35	uniform	2	15	0	warm	2.798211672518763e-58	0	0
35	35	uniform	2	23	0	cold	0.0	0	0
35	35	uniform	2	23	0	warm	1.876464011169968e-59	0	0
35	35	uniform	3	0	0	cold	0.0	0	0
35	35	uniform	3	0	0	warm	0.0	0	0
35	35	uniform	3	7	0	cold	0.0	0	0
35	35	uniform	3	7	0	warm	4.1309726761499597e-38	0	0
35	35	uniform	3	15	0	cold	0.0	0	0
35	35	uniform	3	15	0	warm	2.4469189117601645e-39	0	0
35	35	uniform	3	23	0	cold	0.0	0	0
35	35	uniform	3	23	0	warm	9.351951962690044e-40	0	0
35	35	uniform	4	0	0	cold	0.0	0	0
35	35	uniform	4	0	0	warm	0.0	0	0
35	35	uniform	4	7	0	cold	0.0	0	0
35	35	uniform	4	7	0	warm	1.1535872633546467e-48	0	0
35	35	uniform	4	15	0	cold	0.0	0	0
35	35	uniform	4	15	0	warm	2.962864687798691e-51	0	0
35	35	uniform	4	23	0	cold	0.0	0	0
35	35	uniform	4	23	0	warm	5.131810972323553e-49	0	0
36	36	linear	0	0	0	cold	0.0	0	0
36	36	linear	0	0	0	warm	0.0	0	0
36	36	linear	0	7	0	cold	0.0	0	0
36	36	linear	0	7	0	warm	0.0	0	0
36	36	linear	0	15	0	cold	0.0	0	0
36	36	linear	0	15	0	warm	0.0	0	0
36	36	linear	0	23	0	cold	0.0	0	0
36	36	linear	0	23	0	warm	0.0	0	0
36	36	linear	1	0	0	cold	0.0	0	0
36	36	linear	1	0	0	warm	0.0	0	0
36	36	linear	1	7	0	cold	0.0	0	0
36	36	linear	1	7	0	warm	0.0	0	0
36	36	linear	1	15	0	cold	0.0	0	0
36	36	linear	1	15	0	warm	0.0	0	0
36	36	linear	1	23	0	cold	0.0	0	0
36	36	linear	1	23	0	warm	0.0	0	0
36	36	linear	2	0	0	cold	0.0	0	0
36	36	linear	2	0	0	warm	0.0	0	0
36	36	linear	2	7	0	cold	0.0	0	0
36	36	linear	2	7	0	warm	7.659363626547451e-64	0	0
36	36	linear	2	15	0	cold	0.0	0	0
36	36	linear	2	15	0	warm	2.1889202069556745e-62	0	0
36	36	linear	2	23	0	cold	0.0	0	0
36	36	linear	2	23	0	warm	2.09269482901407e-64	0	0
36	36	linear	3	0	0	cold	0.0	0	0
36	36	linear	3	0	0	warm	0.0	0	0
36	36	linear	3	7	0	cold	0.0	0	0
36	36	linear	3	7	0	warm	1.6955142810552646e-65	0	0
36	36	linear	3	15	0	cold	0.0	0	0
36	36	linear	3	15	0	warm	1.6857008551851908e-66	0	0
36	36	linear	3	23	0	cold	0.0	0	0
36	36	linear	3	23	0	warm	5.562367737534993e-66	0	0
36	36	linear	4	0	0	cold	0.0	0	0
36	36	linear	4	0	0	warm	0.0	0	0
36	36	linear	4	7	0	cold	0.0	0	0
36	36	linear	4	7	0	warm	0.0	0	0
36	36	linear	4	15	0	cold	0.0	0	0
36	36	linear	4	15	0	warm	0.0	0	0
36	36	linear	4	23	0	cold	0.0	0	0
36	36	linear	4	23	0	warm	0.0	0	0
36	36	uniform	0	0	0	cold	0.0	0	0
36	36	uniform	0	0	0	warm	0.0	0	0
36	36	uniform	0	7	0	cold	0.0	0	0
36	36	uniform	0	7	0	warm	0.0	0	0
36	36	uniform	0	15	0	cold	0.0	0	0
36	36	uniform	0	15	0	warm	0.0	0	0
36	36	uniform	0	23	0	cold	0.0	0	0
36	36	uniform	0	23	0	warm	0.0	0	0
36	36	uniform	1	0	0	cold	0.0	0	0
36	36	uniform	1	0	0	warm	0.0	0	0
36	36	uniform	1	7	0	cold	0.0	0	0
36	36	uniform	1	7	0	warm	0.0	0	0
36	36	uniform	1	15	0	cold	0.0	0	0
36	36	uniform	1	15	0	warm	0.0	0	0
36	36	uniform	1	23	0	cold	0.0	0	0
36	36	uniform	1	23	0	warm	0.0	0	0
36	36	uniform	2	0	0	cold	0.0	0	0
36	36	uniform	2	0	0	warm	0.0	0	0
36	36	uniform	2	7	0	cold	0.0	0	0
36	36	uniform	2	7	0	warm	7.659363626547451e-64	0	0
36	36	uniform	2	15	0	cold	0.0	0	0
36	36	uniform	2	15	0	warm	2.1889202069556745e-62	0	0
36	36	uniform	2	23	0	cold	0.0	0	0
36	36	uniform	2	23	0	warm	2.09269482901407e-64	0	0
36	36	uniform	3	0	0	cold	0.0	0	0
36	36	uniform	3	0	0	warm	0.0	0	0
36	36	uniform	3	7	0	cold	0.0	0	0
36	36	uniform	3	7	0	warm	1.6955142810552646e-65	0	0
36	36	uniform	3	15	0	cold	0.0	0	0
36	36	uniform	3	15	0	warm	1.6857008551851908e-66	0	0
36	36	uniform	3	23	0	cold	0.0	0	0
36	36	uniform	3	23	0	warm	5.562367737534993e-66	0	0
36	36	uniform	4	0	0	cold	0.0	0	0
36	36	uniform	4	0	0	warm	0.0	0	0
36	36	uniform	4	7	0	cold	0.0	0	0
36	36	uniform	4	7	0	warm	0.0	0	0
36	36	uniform	4	15	0	cold	0.0	0	0
36	36	uniform	4	15	0	warm	0.0	0	0
36	36	uniform	4	23	0	cold	0.0	0	0
36	36	uniform	4	23	0	warm	0.0	0	0
37	37	linear	0	0	0	cold	0.0	0	0
37	37	linear	0	0	0	warm	0.0	0	0
37	37	linear	0	7	0	cold	0.0	0	0
37	37	linear	0	7	0	warm	5.1172866085924715e-50	0	0
37	37	linear	0	15	0	cold	0.0	0	0
37	37	linear	0	15	0	warm	9.106477149648727e-51	0	0
37	37	linear	0	23	0	cold	0.0	0	0
37	37	linear	0	23	0	warm	2.1685823114026364e-50	0	0
37	37	linear	1	0	0	cold	0.0	0	0
37	37	linear	1	0	0	warm	0.0	0	0
37	37	linear	1	7	0	cold	0.0	0	0
37	37	linear	1	7	0	warm	4.931344871116431e-51	0	0
37	37	linear	1	15	0	cold	0.0	0	0
37	37	linear	1	15	0	warm	8.564603482011158e-52	0	0
37	37	linear	1	23	0	cold	0.0	0	0
37	37	linear	1	23	0	warm	9.435594077355074e-55	0	0
37	37	linear	2	0	0	cold	0.0	0	0
37	37	linear	2	0	0	warm	0.0	0	0
37	37	linear	2	7	0	cold	0.0	0	0
37	37	linear	2	7	0	warm	2.933024510920291e-55	0	0
37	37	linear	2	15	0	cold	0.0	0	0
37	37	linear	2	15	0	warm	7.8211039680555e-52	0	0
37	37	linear	2	23	0	cold	0.0	0	0
37	37	linear	2	23	0	warm	1.3917102729795998e-53	0	0
37	37	linear	3	0	0	cold	0.0	0	0
37	37	linear	3	0	0	warm	0.0	0	0
37	37	linear	3	7	0	cold	0.0	0	0
37	37	linear	3	7	0	warm	9.998852093800812e-44	0	0
37	37	linear	3	15	0	cold	0.0	0	0
37	37	linear	3	15	0	warm	2.4516771632963986e-40	0	0
37	37	linear	3	23	0	cold	0.0	0	0
37	37	linear	3	23	0	warm	2.6668135376159068e-42	0	0
37	37	linear	4	0	0	cold	0.0	0	0
37	37	linear	4	0	0	warm	0.0	0	0
37	37	linear	4	7	0	cold	0.0	0	0
37	37	linear	4	7	0	warm	3.588792215703395e-52	0	0
37	37	linear	4	15	0	cold	0.0	0	0
37	37	linear	4	15	0	warm	7.03565861600066e-53	0	0
37	37	linear	4	23	0	cold	0.0	0	0
37	37	linear	4	23	0	warm	5.885165220457492e-52	0	0
37	37	uniform	0	0	0	cold	0.0	0	0
37	37	uniform	0	0	0	warm	0.0	0	0
37	37	uniform	0	7	0	cold	0.0	0	0
37	37	uniform	0	7	0	warm	5.1172866085924715e-50	0	0
37	37	uniform	0	15	0	cold	0.0	0	0
37	37	uniform	0	15	0	warm	9.106477149648727e-51	0	0
37	37	uniform	0	23	0	cold	0.0	0	0
37	37	uniform	0	23	0	warm	2.1685823114026364e-50	0	0
37	37	uniform	1	0	0	cold	0.0	0	0
37	37	uniform	1	0	0	warm	0.0	0	0
37	37	uniform	1	7	0	cold	0.0	0	0
37	37	uniform	1	7	0	warm	4.931344871116431e-51	0	0
37	37	uniform	1	15	0	cold	0.0	0	0
37	37	uniform	1	15	0	warm	8.564603482011158e-52	0	0
37	37	uniform	1	23	0	cold	0.0	0	0
37	37	uniform	1	23	0	warm	9.435594077355074e-55	0	0
37	37	uniform	2	0	0	cold	0.0	0	0
37	37	uniform	2	0	0	warm	0.0	0	0
37	37	uniform	2	7	0	cold	0.0	0	0
37	37	uniform	2	7	0	warm	2.933024510920291e-55	0	0
37	37	uniform	2	15	0	cold	0.0	0	0
37	37	uniform	2	15	0	warm	7.8211039680555e-52	0	0
37	37	uniform	2	23	0	cold	0.0	0	0
37	37	uniform	2	23	0	warm	1.3917102729795998e-53	0	0
37	37	uniform	3	0	0	cold	0.0	0	0
37	37	uniform	3	0	0	warm	0.0	0	0
37	37	uniform	3	7	0	cold	0.0	0	0
37	37	uniform	3	7	0	warm	9.998852093800812e-44	0	0
37	37	uniform	3	15	0	cold	0.0	0	0
37	37	uniform	3	15	0	warm	2.4516771632963986e-40	0	0
37	37	uniform	3	23	0	cold	0.0	0	0
37	37	uniform	3	23	0	warm	2.6668135376159068e-42	0	0
37	37	uniform	4	0	0	cold	0.0	0	0
37	37	uniform	4	0	0	warm	0.0	0	0
37	37	uniform	4	7	0	cold	0.0	0	0
37	37	uniform	4	7	0	warm	3.588792215703395e-52	0	0
37	37	uniform	4	15	0	cold	0.0	0	0
37	37	uniform	4	15	0	warm	7.03565861600066e-53	0	0
37	37	uniform	4	23	0	cold	0.0	0	0
37	37	uniform	4	23	0	warm	5.885165220457492e-52	0	0
38	38	linear	0	0	0	cold	0.0	0	0
38	38	linear	0	0	0	warm	0.0	0	0
38	38	linear	0	7	0	cold	0.0	0	0
38	38	linear	0	7	0	warm	4.258145551106593e-62	0	0
38	38	linear	0	15	0	cold	0.0	0	0
38	38	linear	0	15	0	warm	7.410576618871106e-37	0	0
38	38	linear	0	23	0	cold	0.0	0	0
38	38	linear	0	23	0	warm	9.476640203051644e-44	0	0
38	38	linear	1	0	0	cold	0.0	0	0
38	38	linear	1	0	0	warm	0.0	0	0
38	38	linear	1	7	0	cold	0.0	0	0
38	38	linear	1	7	0	warm	5.982294814165524e-16	0	0
38	38	linear	1	15	0	cold	0.0	0	0
38	38	linear	1	15	0	warm	1.096606145919442e-15	0	0
38	38	linear	1	23	0	cold	0.0	0	0
38	38	linear	1	23	0	warm	1.8635436943232307e-15	0	0
38	38	linear	2	0	0	cold	0.0	0	0
38	38	linear	2	0	0	warm	0.0	0	0
38	38	linear	2	7	0	cold	0.0	0	0
38	38	linear	2	7	0	warm	1.4510893631263794e-46	0	0
38	38	linear	2	15	0	cold	0.0	0	0
38	38	linear	2	15	0	warm	3.145970877458776e-32	0	0
38	38	linear	2	23	0	cold	0.0	0	0
38	38	linear	2	23	0	warm	4.063544507932333e-34	0	0
38	38	linear	3	0	0	cold	0.0	0	0
38	38	linear	3	0	0	warm	0.0	0	0
38	38	linear	3	7	0	cold	0.0	0	0
38	38	linear	3	7	0	warm	6.504424510655021e-56	0	0
38	38	linear	3	15	0	cold	0.0	0	0
38	38	linear	3	15	0	warm	1.603249952960181e-56	0	0
38	38	linear	3	23	0	cold	0.0	0	0
38	38	linear	3	23	0	warm	3.0560438444634374e-56	0	0
38	38	linear	4	0	0	cold	0.0	0	0
38	38	linear	4	0	0	warm	0.0	0	0
38	38	linear	4	7	0	cold	0.0	0	0
38	38	linear	4	7	0	warm	1.485372927167697e-19	0	0
38	38	linear	4	15	0	cold	0.0	0	0
38	38	linear	4	15	0	warm	5.603903181800169e-19	0	0
38	38	linear	4	23	0	cold	0.0	0	0
38	38	linear	4	23	0	warm	4.321079053034807e-19	0	0
38	38	uniform	0	0	0	cold	0.0	0	0
38	38	uniform	0	0	0	warm	0.0	0	0
38	38	uniform	0	7	0	cold	0.0	0	0
38	38	uniform	0	7	0	warm	4.258145551106593e-62	0	0
38	38	uniform	0	15	0	cold	0.0	0	0
38	38	uniform	0	15	0	warm	7.410576618871106e-37	0	0
38	38	uniform	0	23	0	cold	0.0	0	0
38	38	uniform	0	23	0	warm	9.476640203051644e-44	0	0
38	38	uniform	1	0	0	cold	0.0	0	0
38	38	uniform	1	0	0	warm	0.0	0	0
38	38	uniform	1	7	0	cold	0.0	0	0
38	38	uniform	1	7	0	warm	5.982294814165524e-16	0	0
38	38	uniform	1	15	0	cold	0.0	0	0
38	38	uniform	1	15	0	warm	1.096606145919442e-15	0	0
38	38	uniform	1	23	0	cold	0.0	0	0
38	38	uniform	1	23	0	warm	1.8635436943232307e-15	0	0
38	38	uniform	2	0	0	cold	0.0	0	0
38	38	uniform	2	0	0	warm	0.0	0	0
38	38	uniform	2	7	0	cold	0.0	0	0
38	38	uniform	2	7	0	warm	1.4510893631263794e-46	0	0
38	38	uniform	2	15	0	cold	0.0	0	0
38	38	uniform	2	15	0	warm	3.145970877458776e-32	0	0
38	38	uniform	2	23	0	cold	0.0	0	0
38	38	uniform	2	23	0	warm	4.063544507932333e-34	0	0
38	38	uniform	3	0	0	cold	0.0	0	0
38	38	uniform	3	0	0	warm	0.0	0	0
38	38	uniform	3	7	0	cold	0.0	0	0
38	38	uniform	3	7	0	warm	6.504424510655021e-56	0	0
38	38	uniform	3	15	0	cold	0.0	0	0
38	38	uniform	3	15	0	warm	1.603249952960181e-56	0	0
38	38	uniform	3	23	0	cold	0.0	0	0
38	38	uniform	3	23	0	warm	3.0560438444634374e-56	0	0
38	38	uniform	4	0	0	cold	0.0	0	0
38	38	uniform	4	0	0	warm	0.0	0	0
38	38	uniform	4	7	0	cold	0.0	0	0
38	38	uniform	4	7	0	warm	1.485372927167697e-19	0	0
38	38	uniform	4	15	0	cold	0.0	0	0
38	38	uniform	4	15	0	warm	5.603903181800169e-19	0	0
38	38	uniform	4	23	0	cold	0.0	0	0
38	38	uniform	4	23	0	warm	4.321079053034807e-19	0	0
39	39	linear	0	0	0	cold	0.0	0	0
39	39	linear	0	0	0	warm	0.0	0	0
39	39	linear	0	7	0	cold	0.0	0	0
39	39	linear	0	7	0	warm	1.2388740904179233e-59	0	0
39	39	linear	0	15	0	cold	0.0	0	0
39	39	linear	0	15	0	warm	1.3787819470943807e-70	0	0
39	39	linear	0	23	0	cold	0.0	0	0
39	39	linear	0	23	0	warm	4.805552529318991e-72	0	0
39	39	linear	1	0	0	cold	0.0	0	0
39	39	linear	1	0	0	warm	0.0	0	0
39	39	linear	1	7	0	cold	0.0	0	0
39	39	linear	1	7	0	warm	1.552448787615857e-71	0	0
39	39	linear	1	15	0	cold	0.0	0	0
39	39	linear	1	15	0	warm	6.5739716074759504e-71	0	0
39	39	linear	1	23	0	cold	0.0	0	0
39	39	linear	1	23	0	warm	2.1418566220110202e-72	0	0
39	39	linear	2	0	0	cold	0.0	0	0
39	39	linear	2	0	0	warm	0.0	0	0
39	39	linear	2	7	0	cold	0.0	0	0
39	39	linear	2	7	0	warm	2.1717937581821303e-71	0	0
39	39	linear	2	15	0	cold	0.0	0	0
39	39	linear	2	15	0	warm	1.3277460037139123e-70	0	0
39	39	linear	2	23	0	cold	0.0	0	0
39	39	linear	2	23	0	warm	1.2028659556412436e-72	0	0
39	39	linear	3	0	0	cold	0.0	0	0
39	39	linear	3	0	0	warm	0.0	0	0
39	39	linear	3	7	0	cold	0.0	0	0
39	39	linear	3	7	0	warm	3.0087955249286166e-72	0	0
39	39	linear	3	15	0	cold	0.0	0	0
39	39	linear	3	15	0	warm	7.821879114034054e-72	0	0
39	39	linear	3	23	0	cold	0.0	0	0
39	39	linear	3	23	0	warm	9.368258457981744e-72	0	0
39	39	linear	4	0	0	cold	0.0	0	0
39	39	linear	4	0	0	warm	0.0	0	0
39	39	linear	4	7	0	cold	0.0	0	0
39	39	linear	4	7	0	warm	8.135512637272301e-72	0	0
39	39	linear	4	15	0	cold	0.0	0	0
39	39	linear	4	15	0	warm	5.976304276482894e-71	0	0
39	39	linear	4	23	0	cold	0.0	0	0
39	39	linear	4	23	0	warm	1.2505718806367576e-73	0	0
39	39	uniform	0	0	0	cold	0.0	0	0
39	39	uniform	0	0	0	warm	0.0	0	0
39	39	uniform	0	7	0	cold	0.0	0	0
39	39	uniform	0	7	0	warm	1.2388740904179233e-59	0	0
39	39	uniform	0	15	0	cold	0.0	0	0
39	39	uniform	0	15	0	warm	1.3787819470943807e-70	0	0
39	39	uniform	0	23	0	cold	0.0	0	0
39	39	uniform	0	23	0	warm	4.805552529318991e-72	0	0
39	39	uniform	1	0	0	cold	0.0	0	0
39	39	uniform	1	0	0	warm	0.0	0	0
39	39	uniform	1	7	0	cold	0.0	0	0
39	39	uniform	1	7	0	warm	1.552448787615857e-71	0	0
39	39	uniform	1	15	0	cold	0.0	0	0
39	39	uniform	1	15	0	warm	6.5739716074759504e-71	0	0
39	39	uniform	1	23	0	cold	0.0	0	0
39	39	uniform	1	23	0	warm	2.1418566220110202e-72	0	0
39	39	uniform	2	0	0	cold	0.0	0	0
39	39	uniform	2	0	0	warm	0.0	0	0
39	39	uniform	2	7	0	cold	0.0	0	0
39	39	uniform	2	7	0	warm	2.1717937581821303e-71	0	0
39	39	uniform	2	15	0	cold	0.0	0	0
39	39	uniform	2	15	0	warm	1.3277460037139123e-70	0	0
39	39	uniform	2	23	0	cold	0.0	0	0
39	39	uniform	2	23	0	warm	1.2028659556412436e-72	0	0
39	39	uniform	3	0	0	cold	0.0	0	0
39	39	uniform	3	0	0	warm	0.0	0	0
39	39	uniform	3	7	0	cold	0.0	0	0
39	39	uniform	3	7	0	warm	3.0087955249286166e-72	0	0
39	39	uniform	3	15	0	cold	0.0	0	0
39	39	uniform	3	15	0	warm	7.821879114034054e-72	0	0
39	39	uniform	3	23	0	cold	0.0	0	0
39	39	uniform	3	23	0	warm	9.368258457981744e-72	0	0
39	39	uniform	4	0	0	cold	0.0	0	0
39	39	uniform	4	0	0	warm	0.0	0	0
39	39	uniform	4	7	0	cold	0.0	0	0
39	39	uniform	4	7	0	warm	8.135512637272301e-72	0	0
39	39	uniform	4	15	0	cold	0.0	0	0
39	39	uniform	4	15	0	warm	5.976304276482894e-71	0	0
39	39	uniform	4	23	0	cold	0.0	0	0
39	39	uniform	4	23	0	warm	1.2505718806367576e-73	0	0
40	40	linear	0	0	0	cold	0.0	0	0
40	40	linear	0	0	0	warm	0.0	0	0
40	40	linear	0	7	0	cold	0.0	0	0
40	40	linear	0	7	0	warm	0.0	0	0
40	40	linear	0	15	0	cold	0.0	0	0
40	40	linear	0	15	0	warm	0.0	0	0
40	40	linear	0	23	0	cold	0.0	0	0
40	40	linear	0	23	0	warm	0.0	0	0
40	40	linear	1	0	0	cold	0.0	0	0
40	40	linear	1	0	0	warm	0.0	0	0
40	40	linear	1	7	0	cold	0.0	0	0
40	40	linear	1	7	0	warm	0.0	0	0
40	40	linear	1	15	0	cold	0.0	0	0
40	40	linear	1	15	0	warm	0.0	0	0
40	40	linear	1	23	0	cold	0.0	0	0
40	40	linear	1	23	0	warm	0.0	0	0
40	40	linear	2	0	0	cold	0.0	0	0
40	40	linear	2	0	0	warm	0.0	0	0
40	40	linear	2	7	0	cold	0.0	0	0
40	40	linear	2	7	0	warm	2.884937192783863e-72	0	0
40	40	linear	2	15	0	cold	0.0	0	0
40	40	linear	2	15	0	warm	0.0	0	0
40	40	linear	2	23	0	cold	0.0	0	0
40	40	linear	2	23	0	warm	0.0	0	0
40	40	linear	3	0	0	cold	0.0	0	0
40	40	linear	3	0	0	warm	0.0	0	0
40	40	linear	3	7	0	cold	0.0	0	0
40	40	linear	3	7	0	warm	0.0	0	0
40	40	linear	3	15	0	cold	0.0	0	0
40	40	linear	3	15	0	warm	0.0	0	0
40	40	linear	3	23	0	cold	0.0	0	0
40	40	linear	3	23	0	warm	0.0	0	0
40	40	linear	4	0	0	cold	0.0	0	0
40	40	linear	4	0	0	warm	0.0	0	0
40	40	linear	4	7	0	cold	0.0	0	0
40	40	linear	4	7	0	warm	0.0	0	0
40	40	linear	4	15	0	cold	0.0	0	0
40	40	linear	4	15	0	warm	0.0	0	0
40	40	linear	4	23	0	cold	0.0	0	0
40	40	linear	4	23	0	warm	0.0	0	0
40	40	uniform	0	0	0	cold	0.0	0	0
40	40	uniform	0	0	0	warm	0.0	0	0
40	40	uniform	0	7	0	cold	0.0	0	0
40	40	uniform	0	7	0	warm	0.0	0	0
40	40	uniform	0	15	0	cold	0.0	0	0
40	40	uniform	0	15	0	warm	0.0	0	0
40	40	uniform	0	23	0	cold	0.0	0	0
40	40	uniform	0	23	0	warm	0.0	0	0
40	40	uniform	1	0	0	cold	0.0	0	0
40	40	uniform	1	0	0	warm	0.0	0	0
40	40	uniform	1	7	0	cold	0.0	0	0
40	40	uniform	1	7	0	warm	0.0	0	0
40	40	uniform	1	15	0	cold	0.0	0	0
40	40	uniform	1	15	0	warm	0.0	0	0
40	40	uniform	1	23	0	cold	0.0	0	0
40	40	uniform	1	23	0	warm	0.0	0	0
40	40	uniform	2	0	0	cold	0.0	0	0
40	40	uniform	2	0	0	warm	0.0	0	0
40	40	uniform	2	7	0	cold	0.0	0	0
40	40	uniform	2	7	0	warm	2.884937192783863e-72	0	0
40	40	uniform	2	15	0	cold	0.0	0	0
40	40	uniform	2	15	0	warm	0.0	0	0
40	40	uniform	2	23	0	cold	0.0	0	0
40	40	uniform	2	23	0	warm	0.0	0	0
40	40	uniform	3	0	0	cold	0.0	0	0
40	40	uniform	3	0	0	warm	0.0	0	0
40	40	uniform	3	7	0	cold	0.0	0	0
40	40	uniform	3	7	0	warm	0.0	0	0
40	40	uniform	3	15	0	cold	0.0	0	0
40	40	uniform	3	15	0	warm	0.0	0	0
40	40	uniform	3	23	0	cold	0.0	0	0
40	40	uniform	3	23	0	warm	0.0	0	0
40	40	uniform	4	0	0	cold	0.0	0	0
40	40	uniform	4	0	0	warm	0.0	0	0
40	40	uniform	4	7	0	cold	0.0	0	0
40	40	uniform	4	7	0	warm	0.0	0	0
40	40	uniform	4	15	0	cold	0.0	0	0
40	40	uniform	4	15	0	warm	0.0	0	0
40	40	uniform	4	23	0	cold	0.0	0	0
40	40	uniform	4	23	0	warm	0.0	0	0
41	41	linear	0	0	0	cold	0.0	0	0
41	41	linear	0	0	0	warm	0.0	0	0
41	41	linear	0	7	0	cold	0.0	0	0
41	41	linear	0	7	0	warm	8.75231652037235e-73	0	0
41	41	linear	0	15	0	cold	0.0	0	0
41	41	linear	0	15	0	warm	1.6645130632475536e-52	0	0
41	41	linear	0	23	0	cold	0.0	0	0
41	41	linear	0	23	0	warm	3.948971037411871e-48	0	0
41	41	linear	1	0	0	cold	0.0	0	0
41	41	linear	1	0	0	warm	0.0	0	0
41	41	linear	1	7	0	cold	0.0	0	0
41	41	linear	1	7	0	warm	1.8560019416401764e-52	0	0
41	41	linear	1	15	0	cold	0.0	0	0
41	41	linear	1	15	0	warm	2.375927996130263e-54	0	0
41	41	linear	1	23	0	cold	0.0	0	0
41	41	linear	1	23	0	warm	1.3293382507020143e-54	0	0
41	41	linear	2	0	0	cold	0.0	0	0
41	41	linear	2	0	0	warm	0.0	0	0
41	41	linear	2	7	0	cold	0.0	0	0
41	41	linear	2	7	0	warm	4.273665766286693e-71	0	0
41	41	linear	2	15	0	cold	0.0	0	0
41	41	linear	2	15	0	warm	1.3195526435633176e-70	0	0
41	41	linear	2	23	0	cold	0.0	0	0
41	41	linear	2	23	0	warm	2.0178975601463992e-70	0	0
41	41	linear	3	0	0	cold	0.0	0	0
41	41	linear	3	0	0	warm	0.0	0	0
41	41	linear	3	7	0	cold	0.0	0	0
41	41	linear	3	7	0	warm	3.477373558201886e-57	0	0
41	41	linear	3	15	0	cold	0.0	0	0
41	41	linear	3	15	0	warm	6.275123719883561e-56	0	0
41	41	linear	3	23	0	cold	0.0	0	0
41	41	linear	3	23	0	warm	2.2547875180956196e-53	0	0
41	41	linear	4	0	0	cold	0.0	0	0
41	41	linear	4	0	0	warm	0.0	0	0
41	41	linear	4	7	0	cold	0.0	0	0
41	41	linear	4	7	0	warm	3.7157156612946443e-69	0	0
41	41	linear	4	15	0	cold	0.0	0	0
41	41	linear	4	15	0	warm	1.4968602925548448e-66	0	0
41	41	linear	4	23	0	cold	0.0	0	0
41	41	linear	4	23	0	warm	1.2276518504539855e-63	0	0
41	41	uniform	0	0	0	cold	0.0	0	0
41	41	uniform	0	0	0	warm	0.0	0	0
41	41	uniform	0	7	0	cold	0.0	0	0
41	41	uniform	0	7	0	warm	8.75231652037235e-73	0	0
41	41	uniform	0	15	0	cold	0.0	0	0
41	41	uniform	0	15	0	warm	1.6645130632475536e-52	0	0
41	41	uniform	0	23	0	cold	0.0	0	0
41	41	uniform	0	23	0	warm	3.948971037411871e-48	0	0
41	41	uniform	1	0	0	cold	0.0	0	0
41	41	uniform	1	0	0	warm	0.0	0	0
41	41	uniform	1	7	0	cold	0.0	0	0
41	41	uniform	1	7	0	warm	1.8560019416401764e-52	0	0
41	41	uniform	1	15	0	cold	0.0	0	0
41	41	uniform	1	15	0	warm	2.375927996130263e-54	0	0
41	41	uniform	1	23	0	cold	0.0	0	0
41	41	uniform	1	23	0	warm	1.3293382507020143e-54	0	0
41	41	uniform	2	0	0	cold	0.0	0	0
41	41	uniform	2	0	0	warm	0.0	0	0
41	41	uniform	2	7	0	cold	0.0	0	0
41	41	uniform	2	7	0	warm	4.273665766286693e-71	0	0
41	41	uniform	2	15	0	cold	0.0	0	0
41	41	uniform	2	15	0	warm	1.3195526435633176e-70	0	0
41	41	uniform	2	23	0	cold	0.0	0	0
41	41	uniform	2	23	0	warm	2.0178975601463992e-70	0	0
41	41	uniform	3	0	0	cold	0.0	0	0
41	41	uniform	3	0	0	warm	0.0	0	0
41	41	uniform	3	7	0	cold	0.0	0	0
41	41	uniform	3	7	0	warm	3.477373558201886e-57	0	0
41	41	uniform	3	15	0	cold	0.0	0	0
41	41	uniform	3	15	0	warm	6.275123719883561e-56	0	0
41	41	uniform	3	23	0	cold	0.0	0	0
41	41	uniform	3	23	0	warm	2.2547875180956196e-53	0	0
41	41	uniform	4	0	0	cold	0.0	0	0
41	41	uniform	4	0	0	warm	0.0	0	0
41	41	uniform	4	7	0	cold	0.0	0	0
41	41	uniform	4	7	0	warm	3.7157156612946443e-69	0	0
41	41	uniform	4	15	0	cold	0.0	0	0
41	41	uniform	4	15	0	warm	1.4968602925548448e-66	0	0
41	41	uniform	4	23	0	cold	0.0	0	0
41	41	uniform	4	23	0	warm	1.2276518504539855e-63	0	0
42	42	linear	0	0	0	cold	0.0	0	0
42	42	linear	0	0	0	warm	0.0	0	0
42	42	linear	0	7	0	cold	0.0	0	0
42	42	linear	0	7	0	warm	7.525326542382724e-78	0	0
42	42	linear	0	15	0	cold	0.0	0	0
42	42	linear	0	15	0	warm	1.5173239484338697e-77	0	0
42	42	linear	0	23	0	cold	0.0	0	0
42	42	linear	0	23	0	warm	8.911075147927102e-76	0	0
42	42	linear	1	0	0	cold	0.0	0	0
42	42	linear	1	0	0	warm	0.0	0	0
42	42	linear	1	7	0	cold	0.0	0	0
42	42	linear	1	7	0	warm	1.578265256299877e-59	0	0
42	42	linear	1	15	0	cold	0.0	0	0
42	42	linear	1	15	0	warm	8.166479410437795e-60	0	0
42	42	linear	1	23	0	cold	0.0	0	0
42	42	linear	1	23	0	warm	1.9512013877315088e-59	0	0
42	42	linear	2	0	0	cold	0.0	0	0
42	42	linear	2	0	0	warm	0.0	0	0
42	42	linear	2	7	0	cold	0.0	0	0
42	42	linear	2	7	0	warm	3.606488451380425e-55	0	0
42	42	linear	2	15	0	cold	0.0	0	0
42	42	linear	2	15	0	warm	7.60257065483829e-53	0	0
42	42	linear	2	23	0	cold	0.0	0	0
42	42	linear	2	23	0	warm	4.9290642963387705e-55	0	0
42	42	linear	3	0	0	cold	0.0	0	0
42	42	linear	3	0	0	warm	0.0	0	0
42	42	linear	3	7	0	cold	0.0	0	0
42	42	linear	3	7	0	warm	2.6611132230087103e-59	0	0
42	42	linear	3	15	0	cold	0.0	0	0
42	42	linear	3	15	0	warm	9.117459388944106e-55	0	0
42	42	linear	3	23	0	cold	0.0	0	0
42	42	linear	3	23	0	warm	3.0062668305938694e-55	0	0
42	42	linear	4	0	0	cold	0.0	0	0
42	42	linear	4	0	0	warm	0.0	0	0
42	42	linear	4	7	0	cold	0.0	0	0
42	42	linear	4	7	0	warm	8.13805161977295e-49	0	0
42	42	linear	4	15	0	cold	0.0	0	0
42	42	linear	4	15	0	warm	1.882853805670576e-43	0	0
42	42	linear	4	23	0	cold	0.0	0	0
42	42	linear	4	23	0	warm	1.4428300840124243e-46	0	0
42	42	uniform	0	0	0	cold	0.0	0	0
42	42	uniform	0	0	0	warm	0.0	0	0
42	42	uniform	0	7	0	cold	0.0	0	0
42	42	uniform	0	7	0	warm	7.525326542382724e-78	0	0
42	42	uniform	0	15	0	cold	0.0	0	0
42	42	uniform	0	15	0	warm	1.5173239484338697e-77	0	0
42	42	uniform	0	23	0	cold	0.0	0	0
42	42	uniform	0	23	0	warm	8.911075147927102e-76	0	0
42	42	uniform	1	0	0	cold	0.0	0	0
42	42	uniform	1	0	0	warm	0.0	0	0
42	42	uniform	1	7	0	cold	0.0	0	0
42	42	uniform	1	7	0	warm	1.578265256299877e-59	0	0
42	42	uniform	1	15	0	cold	0.0	0	0
42	42	uniform	1	15	0	warm	8.166479410437795e-60	0	0
42	42	uniform	1	23	0	cold	0.0	0	0
42	42	uniform	1	23	0	warm	1.9512013877315088e-59	0	0
42	42	uniform	2	0	0	cold	0.0	0	0
42	42	uniform	2	0	0	warm	0.0	0	0
42	42	uniform	2	7	0	cold	0.0	0	0
42	42	uniform	2	7	0	warm	3.606488451380425e-55	0	0
42	42	uniform	2	15	0	cold	0.0	0	0
42	42	uniform	2	15	0	warm	7.60257065483829e-53	0	0
42	42	uniform	2	23	0	cold	0.0	0	0
42	42	uniform	2	23	0	warm	4.9290642963387705e-55	0	0
42	42	uniform	3	0	0	cold	0.0	0	0
42	42	uniform	3	0	0	warm	0.0	0	0
42	42	uniform	3	7	0	cold	0.0	0	0
42	42	uniform	3	7	0	warm	2.6611132230087103e-59	0	0
42	42	uniform	3	15	0	cold	0.0	0	0
42	42	uniform	3	15	0	warm	9.117459388944106e-55	0	0
42	42	uniform	3	23	0	cold	0.0	0	0
42	42	uniform	3	23	0	warm	3.0062668305938694e-55	0	0
42	42	uniform	4	0	0	cold	0.0	0	0
42	42	uniform	4	0	0	warm	0.0	0	0
42	42	uniform	4	7	0	cold	0.0	0	0
42	42	uniform	4	7	0	warm	8.13805161977295e-49	0	0
42	42	uniform	4	15	0	cold	0.0	0	0
42	42	uniform	4	15	0	warm	1.882853805670576e-43	0	0
42	42	uniform	4	23	0	cold	0.0	0	0
42	42	uniform	4	23	0	warm	1.4428300840124243e-46	0	0
43	43	linear	0	0	0	cold	0.0	0	0
43	43	linear	0	0	0	warm	0.0	0	0
43	43	linear	0	7	0	cold	0.0	0	0
43	43	linear	0	7	0	warm	6.892382390099721e-70	0	0
43	43	linear	0	15	0	cold	0.0	0	0
43	43	linear	0	15	0	warm	2.616557963188514e-70	0	0
43	43	linear	0	23	0	cold	0.0	0	0
43	43	linear	0	23	0	warm	2.8426918976586005e-71	0	0
43	43	linear	1	0	0	cold	0.0	0	0
43	43	linear	1	0	0	warm	0.0	0	0
43	43	linear	1	7	0	cold	0.0	0	0
43	43	linear	1	7	0	warm	1.1744380213778676e-71	0	0
43	43	linear	1	15	0	cold	0.0	0	0
43	43	linear	1	15	0	warm	3.517174415285583e-70	0	0
43	43	linear	1	23	0	cold	0.0	0	0
43	43	linear	1	23	0	warm	5.9425712318249536e-71	0	0
43	43	linear	2	0	0	cold	0.0	0	0
43	43	linear	2	0	0	warm	0.0	0	0
43	43	linear	2	7	0	cold	0.0	0	0
43	43	linear	2	7	0	warm	2.2746194405651823e-71	0	0
43	43	linear	2	15	0	cold	0.0	0	0
43	43	linear	2	15	0	warm	6.5942810275924194e-71	0	0
43	43	linear	2	23	0	cold	0.0	0	0
43	43	linear	2	23	0	warm	2.0375254185307005e-69	0	0
43	43	linear	3	0	0	cold	0.0	0	0
43	43	linear	3	0	0	warm	0.0	0	0
43	43	linear	3	7	0	cold	0.0	0	0
43	43	linear	3	7	0	warm	3.251226325267149e-70	0	0
43	43	linear	3	15	0	cold	0.0	0	0
43	43	linear	3	15	0	warm	9.427563953331968e-70	0	0
43	43	linear	3	23	0	cold	0.0	0	0
43	43	linear	3	23	0	warm	6.8118798216069805e-71	0	0
43	43	linear	4	0	0	cold	0.0	0	0
43	43	linear	4	0	0	warm	0.0	0	0
43	43	linear	4	7	0	cold	0.0	0	0
43	43	linear	4	7	0	warm	6.068423250951532e-72	0	0
43	43	linear	4	15	0	cold	0.0	0	0
43	43	linear	4	15	0	warm	1.5856602474568474e-71	0	0
43	43	linear	4	23	0	cold	0.0	0	0
43	43	linear	4	23	0	warm	4.5243399863147826e-72	0	0
43	43	uniform	0	0	0	cold	0.0	0	0
43	43	uniform	0	0	0	warm	0.0	0	0
43	43	uniform	0	7	0	cold	0.0	0	0
43	43	uniform	0	7	0	warm	6.892382390099721e-70	0	0
43	43	uniform	0	15	0	cold	0.0	0	0
43	43	uniform	0	15	0	warm	2.616557963188514e-70	0	0
43	43	uniform	0	23	0	cold	0.0	0	0
43	43	uniform	0	23	0	warm	2.8426918976586005e-71	0	0
43	43	uniform	1	0	0	cold	0.0	0	0
43	43	uniform	1	0	0	warm	0.0	0	0
43	43	uniform	1	7	0	cold	0.0	0	0
43	43	uniform	1	7	0	warm	1.1744380213778676e-71	0	0
43	43	uniform	1	15	0	cold	0.0	0	0
43	43	uniform	1	15	0	warm	3.517174415285583e-70	0	0
43	43	uniform	1	23	0	cold	0.0	0	0
43	43	uniform	1	23	0	warm	5.9425712318249536e-71	0	0
43	43	uniform	2	0	0	cold	0.0	0	0
43	43	uniform	2	0	0	warm	0.0	0	0
43	43	uniform	2	7	0	cold	0.0	0	0
43	43	uniform	2	7	0	warm	2.2746194405651823e-71	0	0
43	43	uniform	2	15	0	cold	0.0	0	0
43	43	uniform	2	15	0	warm	6.5942810275924194e-71	0	0
43	43	uniform	2	23	0	cold	0.0	0	0
43	43	uniform	2	23	0	warm	2.0375254185307005e-69	0	0
43	43	uniform	3	0	0	cold	0.0	0	0
43	43	uniform	3	0	0	warm	0.0	0	0
43	43	uniform	3	7	0	cold	0.0	0	0
43	43	uniform	3	7	0	warm	3.251226325267149e-70	0	0
43	43	uniform	3	15	0	cold	0.0	0	0
43	43	uniform	3	15	0	warm	9.427563953331968e-70	0	0
43	43	uniform	3	23	0	cold	0.0	0	0
43	43	uniform	3	23	0	warm	6.8118798216069805e-71	0	0
43	43	uniform	4	0	0	cold	0.0	0	0
43	43	uniform	4	0	0	warm	0.0	0	0
43	43	uniform	4	7	0	cold	0.0	0	0
43	43	uniform	4	7	0	warm	6.068423250951532e-72	0	0
43	43	uniform	4	15	0	cold	0.0	0	0
43	43	uniform	4	15	0	warm	1.5856602474568474e-71	0	0
43	43	uniform	4	23	0	cold	0.0	0	0
43	43	uniform	4	23	0	warm	4.5243399863147826e-72	0	0
44	44	linear	0	0	0	cold	0.0	0	0
44	44	linear	0	0	0	warm	0.0	0	0
44	44	linear	0	7	0	cold	0.0	0	0
44	44	linear	0	7	0	warm	1.355010333336409e-66	0	0
44	44	linear	0	15	0	cold	0.0	0	0
44	44	linear	0	15	0	warm	1.6184753816648707e-66	0	0
44	44	linear	0	23	0	cold	0.0	0	0
44	44	linear	0	23	0	warm	2.007483518858846e-67	0	0
44	44	linear	1	0	0	cold	0.0	0	0
44	44	linear	1	0	0	warm	0.0	0	0
44	44	linear	1	7	0	cold	0.0	0	0
44	44	linear	1	7	0	warm	2.018631955878853e-67	0	0
44	44	linear	1	15	0	cold	0.0	0	0
44	44	linear	1	15	0	warm	6.373332768178358e-68	0	0
44	44	linear	1	23	0	cold	0.0	0	0
44	44	linear	1	23	0	warm	1.860817783420995e-68	0	0
44	44	linear	2	0	0	cold	0.0	0	0
44	44	linear	2	0	0	warm	0.0	0	0
44	44	linear	2	7	0	cold	0.0	0	0
44	44	linear	2	7	0	warm	6.587414949606735e-63	0	0
44	44	linear	2	15	0	cold	0.0	0	0
44	44	linear	2	15	0	warm	8.609293293687724e-61	0	0
44	44	linear	2	23	0	cold	0.0	0	0
44	44	linear	2	23	0	warm	7.639848954161064e-58	0	0
44	44	linear	3	0	0	cold	0.0	0	0
44	44	linear	3	0	0	warm	0.0	0	0
44	44	linear	3	7	0	cold	0.0	0	0
44	44	linear	3	7	0	warm	7.23452262543212e-61	0	0
44	44	linear	3	15	0	cold	0.0	0	0
44	44	linear	3	15	0	warm	8.050177351028203e-58	0	0
44	44	linear	3	23	0	cold	0.0	0	0
44	44	linear	3	23	0	warm	3.257248260573856e-61	0	0
44	44	linear	4	0	0	cold	0.0	0	0
44	44	linear	4	0	0	warm	0.0	0	0
44	44	linear	4	7	0	cold	0.0	0	0
44	44	linear	4	7	0	warm	0.0	0	0
44	44	linear	4	15	0	cold	0.0	0	0
44	44	linear	4	15	0	warm	0.0	0	0
44	44	linear	4	23	0	cold	0.0	0	0
44	44	linear	4	23	0	warm	0.0	0	0
44	44	uniform	0	0	0	cold	0.0	0	0
44	44	uniform	0	0	0	warm	0.0	0	0
44	44	uniform	0	7	0	cold	0.0	0	0
44	44	uniform	0	7	0	warm	1.355010333336409e-66	0	0
44	44	uniform	0	15	0	cold	0.0	0	0
44	44	uniform	0	15	0	warm	1.6184753816648707e-66	0	0
44	44	uniform	0	23	0	cold	0.0	0	0
44	44	uniform	0	23	0	warm	2.007483518858846e-67	0	0
44	44	uniform	1	0	0	cold	0.0	0	0
44	44	uniform	1	0	0	warm	0.0	0	0
44	44	uniform	1	7	0	cold	0.0	0	0
44	44	uniform	1	7	0	warm	2.018631955878853e-67	0	0
44	44	uniform	1	15	0	cold	0.0	0	0
44	44	uniform	1	15	0	warm	6.373332768178358e-68	0	0
44	44	uniform	1	23	0	cold	0.0	0	0
44	44	uniform	1	23	0	warm	1.860817783420995e-68	0	0
44	44	uniform	2	0	0	cold	0.0	0	0
44	44	uniform	2	0	0	warm	0.0	0	0
44	44	uniform	2	7	0	cold	0.0	0	0
44	44	uniform	2	7	0	warm	6.587414949606735e-63	0	0
44	44	uniform	2	15	0	cold	0.0	0	0
44	44	uniform	2	15	0	warm	8.609293293687724e-61	0	0
44	44	uniform	2	23	0	cold	0.0	0	0
44	44	uniform	2	23	0	warm	7.639848954161064e-58	0	0
44	44	uniform	3	0	0	cold	0.0	0	0
44	44	uniform	3	0	0	warm	0.0	0	0
44	44	uniform	3	7	0	cold	0.0	0	0
44	44	uniform	3	7	0	warm	7.23452262543212e-61	0	0
44	44	uniform	3	15	0	cold	0.0	0	0
44	44	uniform	3	15	0	warm	8.050177351028203e-58	0	0
44	44	uniform	3	23	0	cold	0.0	0	0
44	44	uniform	3	23	0	warm	3.257248260573856e-61	0	0
44	44	uniform	4	0	0	cold	0.0	0	0
44	44	uniform	4	0	0	warm	0.0	0	0
44	44	uniform	4	7	0	cold	0.0	0	0
44	44	uniform	4	7	0	warm	0.0	0	0
44	44	uniform	4	15	0	cold	0.0	0	0
44	44	uniform	4	15	0	warm	0.0	0	0
44	44	uniform	4	23	0	cold	0.0	0	0
44	44	uniform	4	23	0	warm	0.0	0	0
45	45	linear	0	0	0	cold	0.0	0	0
45	45	linear	0	0	0	warm	0.0	0	0
45	45	linear	0	7	0	cold	0.0	0	0
45	45	linear	0	7	0	warm	4.877396823378143e-50	0	0
45	45	linear	0	15	0	cold	0.0	0	0
45	45	linear	0	15	0	warm	8.103862960461312e-48	0	0
45	45	linear	0	23	0	cold	0.0	0	0
45	45	linear	0	23	0	warm	7.219478899035086e-45	0	0
45	45	linear	1	0	0	cold	0.0	0	0
45	45	linear	1	0	0	warm	0.0	0	0
45	45	linear	1	7	0	cold	0.0	0	0
45	45	linear	1	7	0	warm	3.281025494800532e-48	0	0
45	45	linear	1	15	0	cold	0.0	0	0
45	45	linear	1	15	0	warm	4.1436346721858013e-50	0	0
45	45	linear	1	23	0	cold	0.0	0	0
45	45	linear	1	23	0	warm	1.4000478301200507e-49	0	0
45	45	linear	2	0	0	cold	0.0	0	0
45	45	linear	2	0	0	warm	0.0	0	0
45	45	linear	2	7	0	cold	0.0	0	0
45	45	linear	2	7	0	warm	3.876883069812681e-74	0	0
45	45	linear	2	15	0	cold	0.0	0	0
45	45	linear	2	15	0	warm	3.854119405952057e-74	0	0
45	45	linear	2	23	0	cold	0.0	0	0
45	45	linear	2	23	0	warm	6.905818996635072e-79	0	0
45	45	linear	3	0	0	cold	0.0	0	0
45	45	linear	3	0	0	warm	0.0	0	0
45	45	linear	3	7	0	cold	0.0	0	0
45	45	linear	3	7	0	warm	3.558267984943225e-42	0	0
45	45	linear	3	15	0	cold	0.0	0	0
45	45	linear	3	15	0	warm	1.4456063989913193e-40	0	0
45	45	linear	3	23	0	cold	0.0	0	0
45	45	linear	3	23	0	warm	2.977068365120296e-54	0	0
45	45	linear	4	0	0	cold	0.0	0	0
45	45	linear	4	0	0	warm	0.0	0	0
45	45	linear	4	7	0	cold	0.0	0	0
45	45	linear	4	7	0	warm	2.6024603077939295e-74	0	0
45	45	linear	4	15	0	cold	0.0	0	0
45	45	linear	4	15	0	warm	1.939188171184086e-71	0	0
45	45	linear	4	23	0	cold	0.0	0	0
45	45	linear	4	23	0	warm	7.973167393170411e-60	0	0
45	45	uniform	0	0	0	cold	0.0	0	0
45	45	uniform	0	0	0	warm	0.0	0	0
45	45	uniform	0	7	0	cold	0.0	0	0
45	45	uniform	0	7	0	warm	4.877396823378143e-50	0	0
45	45	uniform	0	15	0	cold	0.0	0	0
45	45	uniform	0	15	0	warm	8.103862960461312e-48	0	0
45	45	uniform	0	23	0	cold	0.0	0	0
45	45	uniform	0	23	0	warm	7.219478899035086e-45	0	0
45	45	uniform	1	0	0	cold	0.0	0	0
45	45	uniform	1	0	0	warm	0.0	0	0
45	45	uniform	1	7	0	cold	0.0	0	0
45	45	uniform	1	7	0	warm	3.281025494800532e-48	0	0
45	45	uniform	1	15	0	cold	0.0	0	0
45	45	uniform	1	15	0	warm	4.1436346721858013e-50	0	0
45	45	uniform	1	23	0	cold	0.0	0	0
45	45	uniform	1	23	0	warm	1.4000478301200507e-49	0	0
45	45	uniform	2	0	0	cold	0.0	0	0
45	45	uniform	2	0	0	warm	0.0	0	0
45	45	uniform	2	7	0	cold	0.0	0	0
45	45	uniform	2	7	0	warm	3.876883069812681e-74	0	0
45	45	uniform	2	15	0	cold	0.0	0	0
45	45	uniform	2	15	0	warm	3.854119405952057e-74	0	0
45	45	uniform	2	23	0	cold	0.0	0	0
45	45	uniform	2	23	0	warm	6.905818996635072e-79	0	0
45	45	uniform	3	0	0	cold	0.0	0	0
45	45	uniform	3	0	0	warm	0.0	0	0
45	45	uniform	3	7	0	cold	0.0	0	0
45	45	uniform	3	7	0	warm	3.558267984943225e-42	0	0
45	45	uniform	3	15	0	cold	0.0	0	0
45	45	uniform	3	15	0	warm	1.4456063989913193e-40	0	0
45	45	uniform	3	23	0	cold	0.0	0	0
45	45	uniform	3	23	0	warm	2.977068365120296e-54	0	0
45	45	uniform	4	0	0	cold	0.0	0	0
45	45	uniform	4	0	0	warm	0.0	0	0
45	45	uniform	4	7	0	cold	0.0	0	0
45	45	uniform	4	7	0	warm	2.6024603077939295e-74	0	0
45	45	uniform	4	15	0	cold	0.0	0	0
45	45	uniform	4	15	0	warm	1.939188171184086e-71	0	0
45	45	uniform	4	23	0	cold	0.0	0	0
45	45	uniform	4	23	0	warm	7.973167393170411e-60	0	0
46	46	linear	0	0	0	cold	0.0	0	0
46	46	linear	0	0	0	warm	0.0	0	0
46	46	linear	0	7	0	cold	0.0	0	0
46	46	linear	0	7	0	warm	2.317191140948738e-73	0	0
46	46	linear	0	15	0	cold	0.0	0	0
46	46	linear	0	15	0	warm	9.563149219114043e-74	0	0
46	46	linear	0	23	0	cold	0.0	0	0
46	46	linear	0	23	0	warm	1.3068466095947762e-73	0	0
46	46	linear	1	0	0	cold	0.0	0	0
46	46	linear	1	0	0	warm	0.0	0	0
46	46	linear	1	7	0	cold	0.0	0	0
46	46	linear	1	7	0	warm	5.4044577978949985e-61	0	0
46	46	linear	1	15	0	cold	0.0	0	0
46	46	linear	1	15	0	warm	8.380808262423273e-56	0	0
46	46	linear	1	23	0	cold	0.0	0	0
46	46	linear	1	23	0	warm	5.8837464688500355e-61	0	0
46	46	linear	2	0	0	cold	0.0	0	0
46	46	linear	2	0	0	warm	0.0	0	0
46	46	linear	2	7	0	cold	0.0	0	0
46	46	linear	2	7	0	warm	5.974176181548272e-52	0	0
46	46	linear	2	15	0	cold	0.0	0	0
46	46	linear	2	15	0	warm	3.481621250030377e-52	0	0
46	46	linear	2	23	0	cold	0.0	0	0
46	46	linear	2	23	0	warm	9.76460957747523e-52	0	0
46	46	linear	3	0	0	cold	0.0	0	0
46	46	linear	3	0	0	warm	0.0	0	0
46	46	linear	3	7	0	cold	0.0	0	0
46	46	linear	3	7	0	warm	8.74857034328799e-50	0	0
46	46	linear	3	15	0	cold	0.0	0	0
46	46	linear	3	15	0	warm	1.625090531888095e-49	0	0
46	46	linear	3	23	0	cold	0.0	0	0
46	46	linear	3	23	0	warm	3.375207969532834e-50	0	0
46	46	linear	4	0	0	cold	0.0	0	0
46	46	linear	4	0	0	warm	0.0	0	0
46	46	linear	4	7	0	cold	0.0	0	0
46	46	linear	4	7	0	warm	2.60567992335831e-56	0	0
46	46	linear	4	15	0	cold	0.0	0	0
46	46	linear	4	15	0	warm	1.8545118386275204e-56	0	0
46	46	linear	4	23	0	cold	0.0	0	0
46	46	linear	4	23	0	warm	6.174433330735548e-57	0	0
46	46	uniform	0	0	0	cold	0.0	0	0
46	46	uniform	0	0	0	warm	0.0	0	0
46	46	uniform	0	7	0	cold	0.0	0	0
46	46	uniform	0	7	0	warm	2.317191140948738e-73	0	0
46	46	uniform	0	15	0	cold	0.0	0	0
46	46	uniform	0	15	0	warm	9.563149219114043e-74	0	0
46	46	uniform	0	23	0	cold	0.0	0	0
46	46	uniform	0	23	0	warm	1.3068466095947762e-73	0	0
46	46	uniform	1	0	0	cold	0.0	0	0
46	46	uniform	1	0	0	warm	0.0	0	0
46	46	uniform	1	7	0	cold	0.0	0	0
46	46	uniform	1	7	0	warm	5.4044577978949985e-61	0	0
46	46	uniform	1	15	0	cold	0.0	0	0
46	46	uniform	1	15	0	warm	8.380808262423273e-56	0	0
46	46	uniform	1	23	0	cold	0.0	0	0
46	46	uniform	1	23	0	warm	5.8837464688500355e-61	0	0
46	46	uniform	2	0	0	cold	0.0	0	0
46	46	uniform	2	0	0	warm	0.0	0	0
46	46	uniform	2	7	0	cold	0.0	0	0
46	46	uniform	2	7	0	warm	5.974176181548272e-52	0	0
46	46	uniform	2	15	0	cold	0.0	0	0
46	46	uniform	2	15	0	warm	3.481621250030377e-52	0	0
46	46	uniform	2	23	0	cold	0.0	0	0
46	46	uniform	2	23	0	warm	9.76460957747523e-52	0	0
46	46	uniform	3	0	0	cold	0.0	0	0
46	46	uniform	3	0	0	warm	0.0	0	0
46	46	uniform	3	7	0	cold	0.0	0	0
46	46	uniform	3	7	0	warm	8.74857034328799e-50	0	0
46	46	uniform	3	15	0	cold	0.0	0	0
46	46	uniform	3	15	0	warm	1.625090531888095e-49	0	0
46	46	uniform	3	23	0	cold	0.0	0	0
46	46	uniform	3	23	0	warm	3.375207969532834e-50	0	0
46	46	uniform	4	0	0	cold	0.0	0	0
46	46	uniform	4	0	0	warm	0.0	0	0
46	46	uniform	4	7	0	cold	0.0	0	0
46	46	uniform	4	7	0	warm	2.60567992335831e-56	0	0
46	46	uniform	4	15	0	cold	0.0	0	0
46	46	uniform	4	15	0	warm	1.8545118386275204e-56	0	0
46	46	uniform	4	23	0	cold	0.0	0	0
46	46	uniform	4	23	0	warm	6.174433330735548e-57	0	0
47	47	linear	0	0	0	cold	0.0	0	0
47	47	linear	0	0	0	warm	0.0	0	0
47	47	linear	0	7	0	cold	0.0	0	0
47	47	linear	0	7	0	warm	0.0	0	0
47	47	linear	0	15	0	cold	0.0	0	0
47	47	linear	0	15	0	warm	0.0	0	0
47	47	linear	0	23	0	cold	0.0	0	0
47	47	linear	0	23	0	warm	0.0	0	0
47	47	linear	1	0	0	cold	0.0	0	0
47	47	linear	1	0	0	warm	0.0	0	0
47	47	linear	1	7	0	cold	0.0	0	0
47	47	linear	1	7	0	warm	0.0	0	0
47	47	linear	1	15	0	cold	0.0	0	0
47	47	linear	1	15	0	warm	0.0	0	0
47	47	linear	1	23	0	cold	0.0	0	0
47	47	linear	1	23	0	warm	0.0	0	0
47	47	linear	2	0	0	cold	0.0	0	0
47	47	linear	2	0	0	warm	0.0	0	0
47	47	linear	2	7	0	cold	0.0	0	0
47	47	linear	2	7	0	warm	6.001330397419118e-71	0	0
47	47	linear	2	15	0	cold	0.0	0	0
47	47	linear	2	15	0	warm	1.4550193664827957e-73	0	0
47	47	linear	2	23	0	cold	0.0	0	0
47	47	linear	2	23	0	warm	0.0	0	0
47	47	linear	3	0	0	cold	0.0	0	0
47	47	linear	3	0	0	warm	0.0	0	0
47	47	linear	3	7	0	cold	0.0	0	0
47	47	linear	3	7	0	warm	5.601903521486353e-71	0	0
47	47	linear	3	15	0	cold	0.0	0	0
47	47	linear	3	15	0	warm	5.81306796109194e-69	0	0
47	47	linear	3	23	0	cold	0.0	0	0
47	47	linear	3	23	0	warm	1.1015844140151545e-67	0	0
47	47	linear	4	0	0	cold	0.0	0	0
47	47	linear	4	0	0	warm	0.0	0	0
47	47	linear	4	7	0	cold	0.0	0	0
47	47	linear	4	7	0	warm	2.0949693083837393e-73	0	0
47	47	linear	4	15	0	cold	0.0	0	0
47	47	linear	4	15	0	warm	8.753249432570765e-73	0	0
47	47	linear	4	23	0	cold	0.0	0	0
47	47	linear	4	23	0	warm	4.246033974113269e-73	0	0
47	47	uniform	0	0	0	cold	0.0	0	0
47	47	uniform	0	0	0	warm	0.0	0	0
47	47	uniform	0	7	0	cold	0.0	0	0
47	47	uniform	0	7	0	warm	0.0	0	0
47	47	uniform	0	15	0	cold	0.0	0	0
47	47	uniform	0	15	0	warm	0.0	0	0
47	47	uniform	0	23	0	cold	0.0	0	0
47	47	uniform	0	23	0	warm	0.0	0	0
47	47	uniform	1	0	0	cold	0.0	0	0
47	47	uniform	1	0	0	warm	0.0	0	0
47	47	uniform	1	7	0	cold	0.0	0	0
47	47	uniform	1	7	0	warm	0.0	0	0
47	47	uniform	1	15	0	cold	0.0	0	0
47	47	uniform	1	15	0	warm	0.0	0	0
47	47	uniform	1	23	0	cold	0.0	0	0
47	47	uniform	1	23	0	warm	0.0	0	0
47	47	uniform	2	0	0	cold	0.0	0	0
47	47	uniform	2	0	0	warm	0.0	0	0
47	47	uniform	2	7	0	cold	0.0	0	0
47	47	uniform	2	7	0	warm	6.001330397419118e-71	0	0
47	47	uniform	2	15	0	cold	0.0	0	0
47	47	uniform	2	15	0	warm	1.4550193664827957e-73	0	0
47	47	uniform	2	23	0	cold	0.0	0	0
47	47	uniform	2	23	0	warm	0.0	0	0
47	47	uniform	3	0	0	cold	0.0	0	0
47	47	uniform	3	0	0	warm	0.0	0	0
47	47	uniform	3	7	0	cold	0.0	0	0
47	47	uniform	3	7	0	warm	5.601903521486353e-71	0	0
47	47	uniform	3	15	0	cold	0.0	0	0
47	47	uniform	3	15	0	warm	5.81306796109194e-69	0	0
47	47	uniform	3	23	0	cold	0.0	0	0
47	47	uniform	3	23	0	warm	1.1015844140151545e-67	0	0
47	47	uniform	4	0	0	cold	0.0	0	0
47	47	uniform	4	0	0	warm	0.0	0	0
47	47	uniform	4	7	0	cold	0.0	0	0
47	47	uniform	4	7	0	warm	2.0949693083837393e-73	0	0
47	47	uniform	4	15	0	cold	0.0	0	0
47	47	uniform	4	15	0	warm	8.753249432570765e-73	0	0
47	47	uniform	4	23	0	cold	0.0	0	0
47	47	uniform	4	23	0	warm	4.246033974113269e-73	0	0
48	48	linear	0	0	0	cold	0.0	0	0
48	48	linear	0	0	0	warm	0.0	0	0
48	48	linear	0	7	0	cold	0.0	0	0
48	48	linear	0	7	0	warm	1.449953381397894e-59	0	0
48	48	linear	0	15	0	cold	0.0	0	0
48	48	linear	0	15	0	warm	4.649971310773574e-56	0	0
48	48	linear	0	23	0	cold	0.0	0	0
48	48	linear	0	23	0	warm	8.066105238216415e-58	0	0
48	48	linear	1	0	0	cold	0.0	0	0
48	48	linear	1	0	0	warm	0.0	0	0
48	48	linear	1	7	0	cold	0.0	0	0
48	48	linear	1	7	0	warm	3.954226556694397e-51	0	0
48	48	linear	1	15	0	cold	0.0	0	0
48	48	linear	1	15	0	warm	3.948110560944797e-50	0	0
48	48	linear	1	23	0	cold	0.0	0	0
48	48	linear	1	23	0	warm	8.726932695665863e-39	0	0
48	48	linear	2	0	0	cold	0.0	0	0
48	48	linear	2	0	0	warm	0.0	0	0
48	48	linear	2	7	0	cold	0.0	0	0
48	48	linear	2	7	0	warm	4.350987848205285e-42	0	0
48	48	linear	2	15	0	cold	0.0	0	0
48	48	linear	2	15	0	warm	8.355514777835995e-73	0	0
48	48	linear	2	23	0	cold	0.0	0	0
48	48	linear	2	23	0	warm	5.2665531899291493e-73	0	0
48	48	linear	3	0	0	cold	0.0	0	0
48	48	linear	3	0	0	warm	0.0	0	0
48	48	linear	3	7	0	cold	0.0	0	0
48	48	linear	3	7	0	warm	4.7258079671564336e-61	0	0
48	48	linear	3	15	0	cold	0.0	0	0
48	48	linear	3	15	0	warm	1.1649508673107416e-60	0	0
48	48	linear	3	23	0	cold	0.0	0	0
48	48	linear	3	23	0	warm	1.2385635505629685e-61	0	0
48	48	linear	4	0	0	cold	0.0	0	0
48	48	linear	4	0	0	warm	0.0	0	0
48	48	linear	4	7	0	cold	0.0	0	0
48	48	linear	4	7	0	warm	3.365363732627839e-61	0	0
48	48	linear	4	15	0	cold	0.0	0	0
48	48	linear	4	15	0	warm	8.365494375779768e-62	0	0
48	48	linear	4	23	0	cold	0.0	0	0
48	48	linear	4	23	0	warm	4.596697814002778e-56	0	0
48	48	uniform	0	0	0	cold	0.0	0	0
48	48	uniform	0	0	0	warm	0.0	0	0
48	48	uniform	0	7	0	cold	0.0	0	0
48	48	uniform	0	7	0	warm	1.449953381397894e-59	0	0
48	48	uniform	0	15	0	cold	0.0	0	0
48	48	uniform	0	15	0	warm	4.649971310773574e-56	0	0
48	48	uniform	0	23	0	cold	0.0	0	0
48	48	uniform	0	23	0	warm	8.066105238216415e-58	0	0
48	48	uniform	1	0	0	cold	0.0	0	0
48	48	uniform	1	0	0	warm	0.0	0	0
48	48	uniform	1	7	0	cold	0.0	0	0
48	48	uniform	1	7	0	warm	3.954226556694397e-51	0	0
48	48	uniform	1	15	0	cold	0.0	0	0
48	48	uniform	1	15	0	warm	3.948110560944797e-50	0	0
48	48	uniform	1	23	0	cold	0.0	0	0
48	48	uniform	1	23	0	warm	8.726932695665863e-39	0	0
48	48	uniform	2	0	0	cold	0.0	0	0
48	48	uniform	2	0	0	warm	0.0	0	0
48	48	uniform	2	7	0	cold	0.0	0	0
48	48	uniform	2	7	0	warm	4.350987848205285e-42	0	0
48	48	uniform	2	15	0	cold	0.0	0	0
48	48	uniform	2	15	0	warm	8.355514777835995e-73	0	0
48	48	uniform	2	23	0	cold	0.0	0	0
48	48	uniform	2	23	0	warm	5.2665531899291493e-73	0	0
48	48	uniform	3	0	0	cold	0.0	0	0
48	48	uniform	3	0	0	warm	0.0	0	0
48	48	uniform	3	7	0	cold	0.0	0	0
48	48	uniform	3	7	0	warm	4.7258079671564336e-61	0	0
48	48	uniform	3	15	0	cold	0.0	0	0
48	48	uniform	3	15	0	warm	1.1649508673107416e-60	0	0
48	48	uniform	3	23	0	cold	0.0	0	0
48	48	uniform	3	23	0	warm	1.2385635505629685e-61	0	0
48	48	uniform	4	0	0	cold	0.0	0	0
48	48	uniform	4	0	0	warm	0.0	0	0
48	48	uniform	4	7	0	cold	0.0	0	0
48	48	uniform	4	7	0	warm	3.365363732627839e-61	0	0
48	48	uniform	4	15	0	cold	0.0	0	0
48	48	uniform	4	15	0	warm	8.365494375779768e-62	0	0
48	48	uniform	4	23	0	cold	0.0	0	0
48	48	uniform	4	23	0	warm	4.596697814002778e-56	0	0
49	49	linear	0	0	0	cold	0.0	0	0
49	49	linear	0	0	0	warm	0.0	0	0
49	49	linear	0	7	0	cold	0.0	0	0
49	49	linear	0	7	0	warm	2.4846704504145734e-73	0	0
49	49	linear	0	15	0	cold	0.0	0	0
49	49	linear	0	15	0	warm	5.705974499890325e-73	0	0
49	49	linear	0	23	0	cold	0.0	0	0
49	49	linear	0	23	0	warm	4.853251708103888e-74	0	0
49	49	linear	1	0	0	cold	0.0	0	0
49	49	linear	1	0	0	warm	0.0	0	0
49	49	linear	1	7	0	cold	0.0	0	0
49	49	linear	1	7	0	warm	0.0	0	0
49	49	linear	1	15	0	cold	0.0	0	0
49	49	linear	1	15	0	warm	0.0	0	0
49	49	linear	1	23	0	cold	0.0	0	0
49	49	linear	1	23	0	warm	0.0	0	0
49	49	linear	2	0	0	cold	0.0	0	0
49	49	linear	2	0	0	warm	0.0	0	0
49	49	linear	2	7	0	cold	0.0	0	0
49	49	linear	2	7	0	warm	1.008105389877069e-73	0	0
49	49	linear	2	15	0	cold	0.0	0	0
49	49	linear	2	15	0	warm	6.495513501254187e-74	0	0
49	49	linear	2	23	0	cold	0.0	0	0
49	49	linear	2	23	0	warm	3.648860417650558e-73	0	0
49	49	linear	3	0	0	cold	0.0	0	0
49	49	linear	3	0	0	warm	0.0	0	0
49	49	linear	3	7	0	cold	0.0	0	0
49	49	linear	3	7	0	warm	2.5211441910217514e-72	0	0
49	49	linear	3	15	0	cold	0.0	0	0
49	49	linear	3	15	0	warm	1.1518864929175215e-73	0	0
49	49	linear	3	23	0	cold	0.0	0	0
49	49	linear	3	23	0	warm	7.834627695497316e-73	0	0
49	49	linear	4	0	0	cold	0.0	0	0
49	49	linear	4	0	0	warm	0.0	0	0
49	49	linear	4	7	0	cold	0.0	0	0
49	49	linear	4	7	0	warm	7.330582862830523e-75	0	0
49	49	linear	4	15	0	cold	0.0	0	0
49	49	linear	4	15	0	warm	1.810079864792889e-74	0	0
49	49	linear	4	23	0	cold	0.0	0	0
49	49	linear	4	23	0	warm	7.209974686060897e-75	0	0
49	49	uniform	0	0	0	cold	0.0	0	0
49	49	uniform	0	0	0	warm	0.0	0	0
49	49	uniform	0	7	0	cold	0.0	0	0
49	49	uniform	0	7	0	warm	2.4846704504145734e-73	0	0
49	49	uniform	0	15	0	cold	0.0	0	0
49	49	uniform	0	15	0	warm	5.705974499890325e-73	0	0
49	49	uniform	0	23	0	cold	0.0	0	0
49	49	uniform	0	23	0	warm	4.853251708103888e-74	0	0
49	49	uniform	1	0	0	cold	0.0	0	0
49	49	uniform	1	0	0	warm	0.0	0	0
49	49	uniform	1	7	0	cold	0.0	0	0
49	49	uniform	1	7	0	warm	0.0	0	0
49	49	uniform	1	15	0	cold	0.0	0	0
49	49	uniform	1	15	0	warm	0.0	0	0
49	49	uniform	1	23	0	cold	0.0	0	0
49	49	uniform	1	23	0	warm	0.0	0	0
49	49	uniform	2	0	0	cold	0.0	0	0
49	49	uniform	2	0	0	warm	0.0	0	0
49	49	uniform	2	7	0	cold	0.0	0	0
49	49	uniform	2	7	0	warm	1.008105389877069e-73	0	0
49	49	uniform	2	15	0	cold	0.0	0	0
49	49	uniform	2	15	0	warm	6.495513501254187e-74	0	0
49	49	uniform	2	23	0	cold	0.0	0	0
49	49	uniform	2	23	0	warm	3.648860417650558e-73	0	0
49	49	uniform	3	0	0	cold	0.0	0	0
49	49	uniform	3	0	0	warm	0.0	0	0
49	49	uniform	3	7	0	cold	0.0	0	0
49	49	uniform	3	7	0	warm	2.5211441910217514e-72	0	0
49	49	uniform	3	15	0	cold	0.0	0	0
49	49	uniform	3	15	0	warm	1.1518864929175215e-73	0	0
49	49	uniform	3	23	0	cold	0.0	0	0
49	49	uniform	3	23	0	warm	7.834627695497316e-73	0	0
49	49	uniform	4	0	0	cold	0.0	0	0
49	49	uniform	4	0	0	warm	0.0	0	0
49	49	uniform	4	7	0	cold	0.0	0	0
49	49	uniform	4	7	0	warm	7.330582862830523e-75	0	0
49	49	uniform	4	15	0	cold	0.0	0	0
49	49	uniform	4	15	0	warm	1.810079864792889e-74	0	0
49	49	uniform	4	23	0	cold	0.0	0	0
49	49	uniform	4	23	0	warm	7.209974686060897e-75	0	0
50	50	linear	0	0	0	cold	0.0	0	0
50	50	linear	0	0	0	warm	0.0	0	0
50	50	linear	0	7	0	cold	0.0	0	0
50	50	linear	0	7	0	warm	1.5180247495852588e-16	0	0
50	50	linear	0	15	0	cold	0.0	0	0
50	50	linear	0	15	0	warm	9.78105563923552e-17	0	0
50	50	linear	0	23	0	cold	0.0	0	0
50	50	linear	0	23	0	warm	1.0431143574652838e-32	0	0
50	50	linear	1	0	0	cold	0.0	0	0
50	50	linear	1	0	0	warm	0.0	0	0
50	50	linear	1	7	0	cold	0.0	0	0
50	50	linear	1	7	0	warm	3.8340029690540366e-54	0	0
50	50	linear	1	15	0	cold	0.0	0	0
50	50	linear	1	15	0	warm	7.389434034186996e-61	0	0
50	50	linear	1	23	0	cold	0.0	0	0
50	50	linear	1	23	0	warm	3.383090458038825e-55	0	0
50	50	linear	2	0	0	cold	0.0	0	0
50	50	linear	2	0	0	warm	0.0	0	0
50	50	linear	2	7	0	cold	0.0	0	0
50	50	linear	2	7	0	warm	1.0519527703638597e-65	0	0
50	50	linear	2	15	0	cold	0.0	0	0
50	50	linear	2	15	0	warm	2.8276632680310806e-48	0	0
50	50	linear	2	23	0	cold	0.0	0	0
50	50	linear	2	23	0	warm	1.1383482553427773e-74	0	0
50	50	linear	3	0	0	cold	0.0	0	0
50	50	linear	3	0	0	warm	0.0	0	0
50	50	linear	3	7	0	cold	0.0	0	0
50	50	linear	3	7	0	warm	1.1868864901184304e-44	0	0
50	50	linear	3	15	0	cold	0.0	0	0
50	50	linear	3	15	0	warm	1.2207982909274604e-47	0	0
50	50	linear	3	23	0	cold	0.0	0	0
50	50	linear	3	23	0	warm	2.869771515612419e-48	0	0
50	50	linear	4	0	0	cold	0.0	0	0
50	50	linear	4	0	0	warm	0.0	0	0
50	50	linear	4	7	0	cold	0.0	0	0
50	50	linear	4	7	0	warm	4.860286962678267e-49	0	0
50	50	linear	4	15	0	cold	0.0	0	0
50	50	linear	4	15	0	warm	1.6664668303854444e-48	0	0
50	50	linear	4	23	0	cold	0.0	0	0
50	50	linear	4	23	0	warm	6.653556061916775e-51	0	0
50	50	uniform	0	0	0	cold	0.0	0	0
50	50	uniform	0	0	0	warm	0.0	0	0
50	50	uniform	0	7	0	cold	0.0	0	0
50	50	uniform	0	7	0	warm	1.5180247495852588e-16	0	0
50	50	uniform	0	15	0	cold	0.0	0	0
50	50	uniform	0	15	0	warm	9.78105563923552e-17	0	0
50	50	uniform	0	23	0	cold	0.0	0	0
50	50	uniform	0	23	0	warm	1.0431143574652838e-32	0	0
50	50	uniform	1	0	0	cold	0.0	0	0
50	50	uniform	1	0	0	warm	0.0	0	0
50	50	uniform	1	7	0	cold	0.0	0	0
50	50	uniform	1	7	0	warm	3.8340029690540366e-54	0	0
50	50	uniform	1	15	0	cold	0.0	0	0
50	50	uniform	1	15	0	warm	7.389434034186996e-61	0	0
50	50	uniform	1	23	0	cold	0.0	0	0
50	50	uniform	1	23	0	warm	3.383090458038825e-55	0	0
50	50	uniform	2	0	0	cold	0.0	0	0
50	50	uniform	2	0	0	warm	0.0	0	0
50	50	uniform	2	7	0	cold	0.0	0	0
50	50	uniform	2	7	0	warm	1.0519527703638597e-65	0	0
50	50	uniform	2	15	0	cold	0.0	0	0
50	50	uniform	2	15	0	warm	2.8276632680310806e-48	0	0
50	50	uniform	2	23	0	cold	0.0	0	0
50	50	uniform	2	23	0	warm	1.1383482553427773e-74	0	0
50	50	uniform	3	0	0	cold	0.0	0	0
50	50	uniform	3	0	0	warm	0.0	0	0
50	50	uniform	3	7	0	cold	0.0	0	0
50	50	uniform	3	7	0	warm	1.1868864901184304e-44	0	0
50	50	uniform	3	15	0	cold	0.0	0	0
50	50	uniform	3	15	0	warm	1.2207982909274604e-47	0	0
50	50	uniform	3	23	0	cold	0.0	0	0
50	50	uniform	3	23	0	warm	2.869771515612419e-48	0	0
50	50	uniform	4	0	0	cold	0.0	0	0
50	50	uniform	4	0	0	warm	0.0	0	0
50	50	uniform	4	7	0	cold	0.0	0	0
50	50	uniform	4	7	0	warm	4.860286962678267e-49	0	0
50	50	uniform	4	15	0	cold	0.0	0	0
50	50	uniform	4	15	0	warm	1.6664668303854444e-48	0	0
50	50	uniform	4	23	0	cold	0.0	0	0
50	50	uniform	4	23	0	warm	6.653556061916775e-51	0	0
51	51	linear	0	0	0	cold	0.0	0	0
51	51	linear	0	0	0	warm	0.0	0	0
51	51	linear	0	7	0	cold	0.0	0	0
51	51	linear	0	7	0	warm	7.329557653607438e-47	0	0
51	51	linear	0	15	0	cold	0.0	0	0
51	51	linear	0	15	0	warm	3.1814335669746706e-47	0	0
51	51	linear	0	23	0	cold	0.0	0	0
51	51	linear	0	23	0	warm	4.341319587638687e-48	0	0
51	51	linear	1	0	0	cold	0.0	0	0
51	51	linear	1	0	0	warm	0.0	0	0
51	51	linear	1	7	0	cold	0.0	0	0
51	51	linear	1	7	0	warm	1.2773083672744807e-59	0	0
51	51	linear	1	15	0	cold	0.0	0	0
51	51	linear	1	15	0	warm	1.0175723323435762e-62	0	0
51	51	linear	1	23	0	cold	0.0	0	0
51	51	linear	1	23	0	warm	2.7527086255248526e-60	0	0
51	51	linear	2	0	0	cold	0.0	0	0
51	51	linear	2	0	0	warm	0.0	0	0
51	51	linear	2	7	0	cold	0.0	0	0
51	51	linear	2	7	0	warm	4.2862439222668725e-65	0	0
51	51	linear	2	15	0	cold	0.0	0	0
51	51	linear	2	15	0	warm	3.247576463363159e-63	0	0
51	51	linear	2	23	0	cold	0.0	0	0
51	51	linear	2	23	0	warm	7.295753150570187e-64	0	0
51	51	linear	3	0	0	cold	0.0	0	0
51	51	linear	3	0	0	warm	0.0	0	0
51	51	linear	3	7	0	cold	0.0	0	0
51	51	linear	3	7	0	warm	3.0456398409331567e-64	0	0
51	51	linear	3	15	0	cold	0.0	0	0
51	51	linear	3	15	0	warm	1.2800774009975794e-63	0	0
51	51	linear	3	23	0	cold	0.0	0	0
51	51	linear	3	23	0	warm	4.146064667047163e-65	0	0
51	51	linear	4	0	0	cold	0.0	0	0
51	51	linear	4	0	0	warm	0.0	0	0
51	51	linear	4	7	0	cold	0.0	0	0
51	51	linear	4	7	0	warm	1.0721555433169438e-60	0	0
51	51	linear	4	15	0	cold	0.0	0	0
51	51	linear	4	15	0	warm	1.3310987593375263e-59	0	0
51	51	linear	4	23	0	cold	0.0	0	0
51	51	linear	4	23	0	warm	5.1953157621449796e-61	0	0
51	51	uniform	0	0	0	cold	0.0	0	0
51	51	uniform	0	0	0	warm	0.0	0	0
51	51	uniform	0	7	0	cold	0.0	0	0
51	51	uniform	0	7	0	warm	7.329557653607438e-47	0	0
51	51	uniform	0	15	0	cold	0.0	0	0
51	51	uniform	0	15	0	warm	3.1814335669746706e-47	0	0
51	51	uniform	0	23	0	cold	0.0	0	0
51	51	uniform	0	23	0	warm	4.341319587638687e-48	0	0
51	51	uniform	1	0	0	cold	0.0	0	0
51	51	uniform	1	0	0	warm	0.0	0	0
51	51	uniform	1	7	0	cold	0.0	0	0
51	51	uniform	1	7	0	warm	1.2773083672744807e-59	0	0
51	51	uniform	1	15	0	cold	0.0	0	0
51	51	uniform	1	15	0	warm	1.0175723323435762e-62	0	0
51	51	uniform	1	23	0	cold	0.0	0	0
51	51	uniform	1	23	0	warm	2.7527086255248526e-60	0	0
51	51	uniform	2	0	0	cold	0.0	0	0
51	51	uniform	2	0	0	warm	0.0	0	0
51	51	uniform	2	7	0	cold	0.0	0	0
51	51	uniform	2	7	0	warm	4.2862439222668725e-65	0	0
51	51	uniform	2	15	0	cold	0.0	0	0
51	51	uniform	2	15	0	warm	3.247576463363159e-63	0	0
51	51	uniform	2	23	0	cold	0.0	0	0
51	51	uniform	2	23	0	warm	7.295753150570187e-64	0	0
51	51	uniform	3	0	0	cold	0.0	0	0
51	51	uniform	3	0	0	warm	0.0	0	0
51	51	uniform	3	7	0	cold	0.0	0	0
51	51	uniform	3	7	0	warm	3.0456398409331567e-64	0	0
51	51	uniform	3	15	0	cold	0.0	0	0
51	51	uniform	3	15	0	warm	1.2800774009975794e-63	0	0
51	51	uniform	3	23	0	cold	0.0	0	0
51	51	uniform	3	23	0	warm	4.146064667047163e-65	0	0
51	51	uniform	4	0	0	cold	0.0	0	0
51	51	uniform	4	0	0	warm	0.0	0	0
51	51	uniform	4	7	0	cold	0.0	0	0
51	51	uniform	4	7	0	warm	1.0721555433169438e-60	0	0
51	51	uniform	4	15	0	cold	0.0	0	0
51	51	uniform	4	15	0	warm	1.3310987593375263e-59	0	0
51	51	uniform	4	23	0	cold	0.0	0	0
51	51	uniform	4	23	0	warm	5.1953157621449796e-61	0	0
52	52	linear	0	0	0	cold	0.0	0	0
52	52	linear	0	0	0	warm	0.0	0	0
52	52	linear	0	7	0	cold	0.0	0	0
52	52	linear	0	7	0	warm	1.2256977124091692e-40	0	0
52	52	linear	0	15	0	cold	0.0	0	0
52	52	linear	0	15	0	warm	6.478425099637181e-40	0	0
52	52	linear	0	23	0	cold	0.0	0	0
52	52	linear	0	23	0	warm	1.016568311411038e-39	0	0
52	52	linear	1	0	0	cold	0.0	0	0
52	52	linear	1	0	0	warm	0.0	0	0
52	52	linear	1	7	0	cold	0.0	0	0
52	52	linear	1	7	0	warm	5.413623292573178e-20	0	0
52	52	linear	1	15	0	cold	0.0	0	0
52	52	linear	1	15	0	warm	3.045159721449199e-20	0	0
52	52	linear	1	23	0	cold	0.0	0	0
52	52	linear	1	23	0	warm	6.7670148660778414e-21	0	0
52	52	linear	2	0	0	cold	0.0	0	0
52	52	linear	2	0	0	warm	0.0	0	0
52	52	linear	2	7	0	cold	0.0	0	0
52	52	linear	2	7	0	warm	1.4460718829289945e-45	0	0
52	52	linear	2	15	0	cold	0.0	0	0
52	52	linear	2	15	0	warm	2.4121738862024114e-44	0	0
52	52	linear	2	23	0	cold	0.0	0	0
52	52	linear	2	23	0	warm	1.6527153180152635e-47	0	0
52	52	linear	3	0	0	cold	0.0	0	0
52	52	linear	3	0	0	warm	0.0	0	0
52	52	linear	3	7	0	cold	0.0	0	0
52	52	linear	3	7	0	warm	6.755828117847363e-88	0	0
52	52	linear	3	15	0	cold	0.0	0	0
52	52	linear	3	15	0	warm	6.382663223807681e-89	0	0
52	52	linear	3	23	0	cold	0.0	0	0
52	52	linear	3	23	0	warm	9.259151631285296e-90	0	0
52	52	linear	4	0	0	cold	0.0	0	0
52	52	linear	4	0	0	warm	0.0	0	0
52	52	linear	4	7	0	cold	0.0	0	0
52	52	linear	4	7	0	warm	1.49746954309959e-69	0	0
52	52	linear	4	15	0	cold	0.0	0	0
52	52	linear	4	15	0	warm	3.9797133970140823e-44	0	0
52	52	linear	4	23	0	cold	0.0	0	0
52	52	linear	4	23	0	warm	2.786284218850608e-46	0	0
52	52	uniform	0	0	0	cold	0.0	0	0
52	52	uniform	0	0	0	warm	0.0	0	0
52	52	uniform	0	7	0	cold	0.0	0	0
52	52	uniform	0	7	0	warm	1.2256977124091692e-40	0	0
52	52	uniform	0	15	0	cold	0.0	0	0
52	52	uniform	0	15	0	warm	6.478425099637181e-40	0	0
52	52	uniform	0	23	0	cold	0.0	0	0
52	52	uniform	0	23	0	warm	1.016568311411038e-39	0	0
52	52	uniform	1	0	0	cold	0.0	0	0
52	52	uniform	1	0	0	warm	0.0	0	0
52	52	uniform	1	7	0	cold	0.0	0	0
52	52	uniform	1	7	0	warm	5.413623292573178e-20	0	0
52	52	uniform	1	15	0	cold	0.0	0	0
52	52	uniform	1	15	0	warm	3.045159721449199e-20	0	0
52	52	uniform	1	23	0	cold	0.0	0	0
52	52	uniform	1	23	0	warm	6.7670148660778414e-21	0	0
52	52	uniform	2	0	0	cold	0.0	0	0
52	52	uniform	2	0	0	warm	0.0	0	0
52	52	uniform	2	7	0	cold	0.0	0	0
52	52	uniform	2	7	0	warm	1.4460718829289945e-45	0	0
52	52	uniform	2	15	0	cold	0.0	0	0
52	52	uniform	2	15	0	warm	2.4121738862024114e-44	0	0
52	52	uniform	2	23	0	cold	0.0	0	0
52	52	uniform	2	23	0	warm	1.6527153180152635e-47	0	0
52	52	uniform	3	0	0	cold	0.0	0	0
52	52	uniform	3	0	0	warm	0.0	0	0
52	52	uniform	3	7	0	cold	0.0	0	0
52	52	uniform	3	7	0	warm	6.755828117847363e-88	0	0
52	52	uniform	3	15	0	cold	0.0	0	0
52	52	uniform	3	15	0	warm	6.382663223807681e-89	0	0
52	52	uniform	3	23	0	cold	0.0	0	0
52	52	uniform	3	23	0	warm	9.259151631285296e-90	0	0
52	52	uniform	4	0	0	cold	0.0	0	0
52	52	uniform	4	0	0	warm	0.0	0	0
52	52	uniform	4	7	0	cold	0.0	0	0
52	52	uniform	4	7	0	warm	1.49746954309959e-69	0	0
52	52	uniform	4	15	0	cold	0.0	0	0
52	52	uniform	4	15	0	warm	3.9797133970140823e-44	0	0
52	52	uniform	4	23	0	cold	0.0	0	0
52	52	uniform	4	23	0	warm	2.786284218850608e-46	0	0
53	53	linear	0	0	0	cold	0.0	0	0
53	53	linear	0	0	0	warm	0.0	0	0
53	53	linear	0	7	0	cold	0.0	0	0
53	53	linear	0	7	0	warm	1.227620825143193e-57	0	0
53	53	linear	0	15	0	cold	0.0	0	0
53	53	linear	0	15	0	warm	1.35983541914648e-56	0	0
53	53	linear	0	23	0	cold	0.0	0	0
53	53	linear	0	23	0	warm	3.1041730189286776e-57	0	0
53	53	linear	1	0	0	cold	0.0	0	0
53	53	linear	1	0	0	warm	0.0	0	0
53	53	linear	1	7	0	cold	0.0	0	0
53	53	linear	1	7	0	warm	3.389310096668583e-63	0	0
53	53	linear	1	15	0	cold	0.0	0	0
53	53	linear	1	15	0	warm	7.9302294342091e-63	0	0
53	53	linear	1	23	0	cold	0.0	0	0
53	53	linear	1	23	0	warm	8.048716051757557e-63	0	0
53	53	linear	2	0	0	cold	0.0	0	0
53	53	linear	2	0	0	warm	0.0	0	0
53	53	linear	2	7	0	cold	0.0	0	0
53	53	linear	2	7	0	warm	2.357505316827247e-63	0	0
53	53	linear	2	15	0	cold	0.0	0	0
53	53	linear	2	15	0	warm	7.474300124097635e-56	0	0
53	53	linear	2	23	0	cold	0.0	0	0
53	53	linear	2	23	0	warm	7.81398548852168e-60	0	0
53	53	linear	3	0	0	cold	0.0	0	0
53	53	linear	3	0	0	warm	0.0	0	0
53	53	linear	3	7	0	cold	0.0	0	0
53	53	linear	3	7	0	warm	6.606123459722041e-77	0	0
53	53	linear	3	15	0	cold	0.0	0	0
53	53	linear	3	15	0	warm	2.3899707959999828e-76	0	0
53	53	linear	3	23	0	cold	0.0	0	0
53	53	linear	3	23	0	warm	2.603481058948852e-84	0	0
53	53	linear	4	0	0	cold	0.0	0	0
53	53	linear	4	0	0	warm	0.0	0	0
53	53	linear	4	7	0	cold	0.0	0	0
53	53	linear	4	7	0	warm	9.053619852580048e-61	0	0
53	53	linear	4	15	0	cold	0.0	0	0
53	53	linear	4	15	0	warm	6.605365987567411e-61	0	0
53	53	linear	4	23	0	cold	0.0	0	0
53	53	linear	4	23	0	warm	7.402764654327453e-63	0	0
53	53	uniform	0	0	0	cold	0.0	0	0
53	53	uniform	0	0	0	warm	0.0	0	0
53	53	uniform	0	7	0	cold	0.0	0	0
53	53	uniform	0	7	0	warm	1.227620825143193e-57	0	0
53	53	uniform	0	15	0	cold	0.0	0	0
53	53	uniform	0	15	0	warm	1.35983541914648e-56	0	0
53	53	uniform	0	23	0	cold	0.0	0	0
53	53	uniform	0	23	0	warm	3.1041730189286776e-57	0	0
53	53	uniform	1	0	0	cold	0.0	0	0
53	53	uniform	1	0	0	warm	0.0	0	0
53	53	uniform	1	7	0	cold	0.0	0	0
53	53	uniform	1	7	0	warm	3.389310096668583e-63	0	0
53	53	uniform	1	15	0	cold	0.0	0	0
53	53	uniform	1	15	0	warm	7.9302294342091e-63	0	0
53	53	uniform	1	23	0	cold	0.0	0	0
53	53	uniform	1	23	0	warm	8.048716051757557e-63	0	0
53	53	uniform	2	0	0	cold	0.0	0	0
53	53	uniform	2	0	0	warm	0.0	0	0
53	53	uniform	2	7	0	cold	0.0	0	0
53	53	uniform	2	7	0	warm	2.357505316827247e-63	0	0
53	53	uniform	2	15	0	cold	0.0	0	0
53	53	uniform	2	15	0	warm	7.474300124097635e-56	0	0
53	53	uniform	2	23	0	cold	0.0	0	0
53	53	uniform	2	23	0	warm	7.81398548852168e-60	0	0
53	53	uniform	3	0	0	cold	0.0	0	0
53	53	uniform	3	0	0	warm	0.0	0	0
53	53	uniform	3	7	0	cold	0.0	0	0
53	53	uniform	3	7	0	warm	6.606123459722041e-77	0	0
53	53	uniform	3	15	0	cold	0.0	0	0
53	53	uniform	3	15	0	warm	2.3899707959999828e-76	0	0
53	53	uniform	3	23	0	cold	0.0	0	0
53	53	uniform	3	23	0	warm	2.603481058948852e-84	0	0
53	53	uniform	4	0	0	cold	0.0	0	0
53	53	uniform	4	0	0	warm	0.0	0	0
53	53	uniform	4	7	0	cold	0.0	0	0
53	53	uniform	4	7	0	warm	9.053619852580048e-61	0	0
53	53	uniform	4	15	0	cold	0.0	0	0
53	53	uniform	4	15	0	warm	6.605365987567411e-61	0	0
53	53	uniform	4	23	0	cold	0.0	0	0
53	53	uniform	4	23	0	warm	7.402764654327453e-63	0	0
54	54	linear	0	0	0	cold	0.0	0	0
54	54	linear	0	0	0	warm	0.0	0	0
54	54	linear	0	7	0	cold	0.0	0	0
54	54	linear	0	7	0	warm	2.5058053205586333e-66	0	0
54	54	linear	0	15	0	cold	0.0	0	0
54	54	linear	0	15	0	warm	0.0	0	0
54	54	linear	0	23	0	cold	0.0	0	0
54	54	linear	0	23	0	warm	0.0	0	0
54	54	linear	1	0	0	cold	0.0	0	0
54	54	linear	1	0	0	warm	0.0	0	0
54	54	linear	1	7	0	cold	0.0	0	0
54	54	linear	1	7	0	warm	0.0	0	0
54	54	linear	1	15	0	cold	0.0	0	0
54	54	linear	1	15	0	warm	1.146126618019883e-62	0	0
54	54	linear	1	23	0	cold	0.0	0	0
54	54	linear	1	23	0	warm	0.0	0	0
54	54	linear	2	0	0	cold	0.0	0	0
54	54	linear	2	0	0	warm	0.0	0	0
54	54	linear	2	7	0	cold	0.0	0	0
54	54	linear	2	7	0	warm	0.0	0	0
54	54	linear	2	15	0	cold	0.0	0	0
54	54	linear	2	15	0	warm	0.0	0	0
54	54	linear	2	23	0	cold	0.0	0	0
54	54	linear	2	23	0	warm	0.0	0	0
54	54	linear	3	0	0	cold	0.0	0	0
54	54	linear	3	0	0	warm	0.0	0	0
54	54	linear	3	7	0	cold	0.0	0	0
54	54	linear	3	7	0	warm	0.0	0	0
54	54	linear	3	15	0	cold	0.0	0	0
54	54	linear	3	15	0	warm	0.0	0	0
54	54	linear	3	23	0	cold	0.0	0	0
54	54	linear	3	23	0	warm	0.0	0	0
54	54	linear	4	0	0	cold	0.0	0	0
54	54	linear	4	0	0	warm	0.0	0	0
54	54	linear	4	7	0	cold	0.0	0	0
54	54	linear	4	7	0	warm	0.0	0	0
54	54	linear	4	15	0	cold	0.0	0	0
54	54	linear	4	15	0	warm	0.0	0	0
54	54	linear	4	23	0	cold	0.0	0	0
54	54	linear	4	23	0	warm	0.0	0	0
54	54	uniform	0	0	0	cold	0.0	0	0
54	54	uniform	0	0	0	warm	0.0	0	0
54	54	uniform	0	7	0	cold	0.0	0	0
54	54	uniform	0	7	0	warm	2.5058053205586333e-66	0	0
54	54	uniform	0	15	0	cold	0.0	0	0
54	54	uniform	0	15	0	warm	0.0	0	0
54	54	uniform	0	23	0	cold	0.0	0	0
54	54	uniform	0	23	0	warm	0.0	0	0
54	54	uniform	1	0	0	cold	0.0	0	0
54	54	uniform	1	0	0	warm	0.0	0	0
54	54	uniform	1	7	0	cold	0.0	0	0
54	54	uniform	1	7	0	warm	0.0	0	0
54	54	uniform	1	15	0	cold	0.0	0	0
54	54	uniform	1	15	0	warm	1.146126618019883e-62	0	0
54	54	uniform	1	23	0	cold	0.0	0	0
54	54	uniform	1	23	0	warm	0.0	0	0
54	54	uniform	2	0	0	cold	0.0	0	0
54	54	uniform	2	0	0	warm	0.0	0	0
54	54	uniform	2	7	0	cold	0.0	0	0
54	54	uniform	2	7	0	warm	0.0	0	0
54	54	uniform	2	15	0	cold	0.0	0	0
54	54	uniform	2	15	0	warm	0.0	0	0
54	54	uniform	2	23	0	cold	0.0	0	0
54	54	uniform	2	23	0	warm	0.0	0	0
54	54	uniform	3	0	0	cold	0.0	0	0
54	54	uniform	3	0	0	warm	0.0	0	0
54	54	uniform	3	7	0	cold	0.0	0	0
54	54	uniform	3	7	0	warm	0.0	0	0
54	54	uniform	3	15	0	cold	0.0	0	0
54	54	uniform	3	15	0	warm	0.0	0	0
54	54	uniform	3	23	0	cold	0.0	0	0
54	54	uniform	3	23	0	warm	0.0	0	0
54	54	uniform	4	0	0	cold	0.0	0	0
54	54	uniform	4	0	0	warm	0.0	0	0
54	54	uniform	4	7	0	cold	0.0	0	0
54	54	uniform	4	7	0	warm	0.0	0	0
54	54	uniform	4	15	0	cold	0.0	0	0
54	54	uniform	4	15	0	warm	0.0	0	0
54	54	uniform	4	23	0	cold	0.0	0	0
54	54	uniform	4	23	0	warm	0.0	0	0
55	55	linear	0	0	0	cold	0.0	0	0
55	55	linear	0	0	0	warm	0.0	0	0
55	55	linear	0	7	0	cold	0.0	0	0
55	55	linear	0	7	0	warm	4.0121711088536553e-50	0	0
55	55	linear	0	15	0	cold	0.0	0	0
55	55	linear	0	15	0	warm	4.781811556183028e-53	0	0
55	55	linear	0	23	0	cold	0.0	0	0
55	55	linear	0	23	0	warm	1.0637132233601042e-78	0	0
55	55	linear	1	0	0	cold	0.0	0	0
55	55	linear	1	0	0	warm	0.0	0	0
55	55	linear	1	7	0	cold	0.0	0	0
55	55	linear	1	7	0	warm	4.206144579163674e-57	0	0
55	55	linear	1	15	0	cold	0.0	0	0
55	55	linear	1	15	0	warm	4.482210447873845e-58	0	0
55	55	linear	1	23	0	cold	0.0	0	0
55	55	linear	1	23	0	warm	1.5536352240274524e-60	0	0
55	55	linear	2	0	0	cold	0.0	0	0
55	55	linear	2	0	0	warm	0.0	0	0
55	55	linear	2	7	0	cold	0.0	0	0
55	55	linear	2	7	0	warm	5.964002770652877e-38	0	0
55	55	linear	2	15	0	cold	0.0	0	0
55	55	linear	2	15	0	warm	9.507022083997042e-37	0	0
55	55	linear	2	23	0	cold	0.0	0	0
55	55	linear	2	23	0	warm	2.6868861637424357e-37	0	0
55	55	linear	3	0	0	cold	0.0	0	0
55	55	linear	3	0	0	warm	0.0	0	0
55	55	linear	3	7	0	cold	0.0	0	0
55	55	linear	3	7	0	warm	6.772141469492526e-21	0	0
55	55	linear	3	15	0	cold	0.0	0	0
55	55	linear	3	15	0	warm	8.98922296522771e-42	0	0
55	55	linear	3	23	0	cold	0.0	0	0
55	55	linear	3	23	0	warm	1.3544286742416598e-20	0	0
55	55	linear	4	0	0	cold	0.0	0	0
55	55	linear	4	0	0	warm	0.0	0	0
55	55	linear	4	7	0	cold	0.0	0	0
55	55	linear	4	7	0	warm	5.367259223126275e-19	0	0
55	55	linear	4	15	0	cold	0.0	0	0
55	55	linear	4	15	0	warm	1.2698561430905832e-19	0	0
55	55	linear	4	23	0	cold	0.0	0	0
55	55	linear	4	23	0	warm	2.844477475747851e-19	0	0
55	55	uniform	0	0	0	cold	0.0	0	0
55	55	uniform	0	0	0	warm	0.0	0	0
55	55	uniform	0	7	0	cold	0.0	0	0
55	55	uniform	0	7	0	warm	4.0121711088536553e-50	0	0
55	55	uniform	0	15	0	cold	0.0	0	0
55	55	uniform	0	15	0	warm	4.781811556183028e-53	0	0
55	55	uniform	0	23	0	cold	0.0	0	0
55	55	uniform	0	23	0	warm	1.0637132233601042e-78	0	0
55	55	uniform	1	0	0	cold	0.0	0	0
55	55	uniform	1	0	0	warm	0.0	0	0
55	55	uniform	1	7	0	cold	0.0	0	0
55	55	uniform	1	7	0	warm	4.206144579163674e-57	0	0
55	55	uniform	1	15	0	cold	0.0	0	0
55	55	uniform	1	15	0	warm	4.482210447873845e-58	0	0
55	55	uniform	1	23	0	cold	0.0	0	0
55	55	uniform	1	23	0	warm	1.5536352240274524e-60	0	0
55	55	uniform	2	0	0	cold	0.0	0	0
55	55	uniform	2	0	0	warm	0.0	0	0
55	55	uniform	2	7	0	cold	0.0	0	0
55	55	uniform	2	7	0	warm	5.964002770652877e-38	0	0
55	55	uniform	2	15	0	cold	0.0	0	0
55	55	uniform	2	15	0	warm	9.507022083997042e-37	0	0
55	55	uniform	2	23	0	cold	0.0	0	0
55	55	uniform	2	23	0	warm	2.6868861637424357e-37	0	0
55	55	uniform	3	0	0	cold	0.0	0	0
55	55	uniform	3	0	0	warm	0.0	0	0
55	55	uniform	3	7	0	cold	0.0	0	0
55	55	uniform	3	7	0	warm	6.772141469492526e-21	0	0
55	55	uniform	3	15	0	cold	0.0	0	0
55	55	uniform	3	15	0	warm	8.98922296522771e-42	0	0
55	55	uniform	3	23	0	cold	0.0	0	0
55	55	uniform	3	23	0	warm	1.3544286742416598e-20	0	0
55	55	uniform	4	0	0	cold	0.0	0	0
55	55	uniform	4	0	0	warm	0.0	0	0
55	55	uniform	4	7	0	cold	0.0	0	0
55	55	uniform	4	7	0	warm	5.367259223126275e-19	0	0
55	55	uniform	4	15	0	cold	0.0	0	0
55	55	uniform	4	15	0	warm	1.2698561430905832e-19	0	0
55	55	uniform	4	23	0	cold	0.0	0	0
55	55	uniform	4	23	0	warm	2.844477475747851e-19	0	0
56	56	linear	0	0	0	cold	0.0	0	0
56	56	linear	0	0	0	warm	0.0	0	0
56	56	linear	0	7	0	cold	0.0	0	0
56	56	linear	0	7	0	warm	1.1490013024234086e-41	0	0
56	56	linear	0	15	0	cold	0.0	0	0
56	56	linear	0	15	0	warm	1.9469897376535481e-47	0	0
56	56	linear	0	23	0	cold	0.0	0	0
56	56	linear	0	23	0	warm	2.7310824108759088e-56	0	0
56	56	linear	1	0	0	cold	0.0	0	0
56	56	linear	1	0	0	warm	0.0	0	0
56	56	linear	1	7	0	cold	0.0	0	0
56	56	linear	1	7	0	warm	2.547620303347568e-16	0	0
56	56	linear	1	15	0	cold	0.0	0	0
56	56	linear	1	15	0	warm	3.242409496174247e-16	0	0
56	56	linear	1	23	0	cold	0.0	0	0
56	56	linear	1	23	0	warm	9.44141200510578e-18	0	0
56	56	linear	2	0	0	cold	0.0	0	0
56	56	linear	2	0	0	warm	0.0	0	0
56	56	linear	2	7	0	cold	0.0	0	0
56	56	linear	2	7	0	warm	1.0027600472405042e-42	0	0
56	56	linear	2	15	0	cold	0.0	0	0
56	56	linear	2	15	0	warm	1.3570037459990589e-46	0	0
56	56	linear	2	23	0	cold	0.0	0	0
56	56	linear	2	23	0	warm	1.9033532878106103e-39	0	0
56	56	linear	3	0	0	cold	0.0	0	0
56	56	linear	3	0	0	warm	0.0	0	0
56	56	linear	3	7	0	cold	0.0	0	0
56	56	linear	3	7	0	warm	6.247152602432823e-67	0	0
56	56	linear	3	15	0	cold	0.0	0	0
56	56	linear	3	15	0	warm	6.594297671908067e-66	0	0
56	56	linear	3	23	0	cold	0.0	0	0
56	56	linear	3	23	0	warm	7.30901682247008e-70	0	0
56	56	linear	4	0	0	cold	0.0	0	0
56	56	linear	4	0	0	warm	0.0	0	0
56	56	linear	4	7	0	cold	0.0	0	0
56	56	linear	4	7	0	warm	4.808875625095105e-18	0	0
56	56	linear	4	15	0	cold	0.0	0	0
56	56	linear	4	15	0	warm	1.5031264204725782e-18	0	0
56	56	linear	4	23	0	cold	0.0	0	0
56	56	linear	4	23	0	warm	5.763866726012066e-19	0	0
56	56	uniform	0	0	0	cold	0.0	0	0
56	56	uniform	0	0	0	warm	0.0	0	0
56	56	uniform	0	7	0	cold	0.0	0	0
56	56	uniform	0	7	0	warm	1.1490013024234086e-41	0	0
56	56	uniform	0	15	0	cold	0.0	0	0
56	56	uniform	0	15	0	warm	1.9469897376535481e-47	0	0
56	56	uniform	0	23	0	cold	0.0	0	0
56	56	uniform	0	23	0	warm	2.7310824108759088e-56	0	0
56	56	uniform	1	0	0	cold	0.0	0	0
56	56	uniform	1	0	0	warm	0.0	0	0
56	56	uniform	1	7	0	cold	0.0	0	0
56	56	uniform	1	7	0	warm	2.547620303347568e-16	0	0
56	56	uniform	1	15	0	cold	0.0	0	0
56	56	uniform	1	15	0	warm	3.242409496174247e-16	0	0
56	56	uniform	1	23	0	cold	0.0	0	0
56	56	uniform	1	23	0	warm	9.44141200510578e-18	0	0
56	56	uniform	2	0	0	cold	0.0	0	0
56	56	uniform	2	0	0	warm	0.0	0	0
56	56	uniform	2	7	0	cold	0.0	0	0
56	56	uniform	2	7	0	warm	1.0027600472405042e-42	0	0
56	56	uniform	2	15	0	cold	0.0	0	0
56	56	uniform	2	15	0	warm	1.3570037459990589e-46	0	0
56	56	uniform	2	23	0	cold	0.0	0	0
56	56	uniform	2	23	0	warm	1.9033532878106103e-39	0	0
56	56	uniform	3	0	0	cold	0.0	0	0
56	56	uniform	3	0	0	warm	0.0	0	0
56	56	uniform	3	7	0	cold	0.0	0	0
56	56	uniform	3	7	0	warm	6.247152602432823e-67	0	0
56	56	uniform	3	15	0	cold	0.0	0	0
56	56	uniform	3	15	0	warm	6.594297671908067e-66	0	0
56	56	uniform	3	23	0	cold	0.0	0	0
56	56	uniform	3	23	0	warm	7.30901682247008e-70	0	0
56	56	uniform	4	0	0	cold	0.0	0	0
56	56	uniform	4	0	0	warm	0.0	0	0
56	56	uniform	4	7	0	cold	0.0	0	0
56	56	uniform	4	7	0	warm	4.808875625095105e-18	0	0
56	56	uniform	4	15	0	cold	0.0	0	0
56	56	uniform	4	15	0	warm	1.5031264204725782e-18	0	0
56	56	uniform	4	23	0	cold	0.0	0	0
56	56	uniform	4	23	0	warm	5.763866726012066e-19	0	0
57	57	linear	0	0	0	cold	0.0	0	0
57	57	linear	0	0	0	warm	0.0	0	0
57	57	linear	0	7	0	cold	0.0	0	0
57	57	linear	0	7	0	warm	0.0	0	0
57	57	linear	0	15	0	cold	0.0	0	0
57	57	linear	0	15	0	warm	0.0	0	0
57	57	linear	0	23	0	cold	0.0	0	0
57	57	linear	0	23	0	warm	0.0	0	0
57	57	linear	1	0	0	cold	0.0	0	0
57	57	linear	1	0	0	warm	0.0	0	0
57	57	linear	1	7	0	cold	0.0	0	0
57	57	linear	1	7	0	warm	1.6673979825005737e-69	0	0
57	57	linear	1	15	0	cold	0.0	0	0
57	57	linear	1	15	0	warm	4.546575443378049e-70	0	0
57	57	linear	1	23	0	cold	0.0	0	0
57	57	linear	1	23	0	warm	3.234477037377547e-68	0	0
57	57	linear	2	0	0	cold	0.0	0	0
57	57	linear	2	0	0	warm	0.0	0	0
57	57	linear	2	7	0	cold	0.0	0	0
57	57	linear	2	7	0	warm	0.0	0	0
57	57	linear	2	15	0	cold	0.0	0	0
57	57	linear	2	15	0	warm	0.0	0	0
57	57	linear	2	23	0	cold	0.0	0	0
57	57	linear	2	23	0	warm	0.0	0	0
57	57	linear	3	0	0	cold	0.0	0	0
57	57	linear	3	0	0	warm	0.0	0	0
57	57	linear	3	7	0	cold	0.0	0	0
57	57	linear	3	7	0	warm	2.6353535388399086e-65	0	0
57	57	linear	3	15	0	cold	0.0	0	0
57	57	linear	3	15	0	warm	1.315307820916324e-67	0	0
57	57	linear	3	23	0	cold	0.0	0	0
57	57	linear	3	23	0	warm	3.5530503150097577e-65	0	0
57	57	linear	4	0	0	cold	0.0	0	0
57	57	linear	4	0	0	warm	0.0	0	0
57	57	linear	4	7	0	cold	0.0	0	0
57	57	linear	4	7	0	warm	1.3501305836815664e-70	0	0
57	57	linear	4	15	0	cold	0.0	0	0
57	57	linear	4	15	0	warm	3.8414587547181407e-72	0	0
57	57	linear	4	23	0	cold	0.0	0	0
57	57	linear	4	23	0	warm	4.5953766565834184e-69	0	0
57	57	uniform	0	0	0	cold	0.0	0	0
57	57	uniform	0	0	0	warm	0.0	0	0
57	57	uniform	0	7	0	cold	0.0	0	0
57	57	uniform	0	7	0	warm	0.0	0	0
57	57	uniform	0	15	0	cold	0.0	0	0
57	57	uniform	0	15	0	warm	0.0	0	0
57	57	uniform	0	23	0	cold	0.0	0	0
57	57	uniform	0	23	0	warm	0.0	0	0
57	57	uniform	1	0	0	cold	0.0	0	0
57	57	uniform	1	0	0	warm	0.0	0	0
57	57	uniform	1	7	0	cold	0.0	0	0
57	57	uniform	1	7	0	warm	1.6673979825005737e-69	0	0
57	57	uniform	1	15	0	cold	0.0	0	0
57	57	uniform	1	15	0	warm	4.546575443378049e-70	0	0
57	57	uniform	1	23	0	cold	0.0	0	0
57	57	uniform	1	23	0	warm	3.234477037377547e-68	0	0
57	57	uniform	2	0	0	cold	0.0	0	0
57	57	uniform	2	0	0	warm	0.0	0	0
57	57	uniform	2	7	0	cold	0.0	0	0
57	57	uniform	2	7	0	warm	0.0	0	0
57	57	uniform	2	15	0	cold	0.0	0	0
57	57	uniform	2	15	0	warm	0.0	0	0
57	57	uniform	2	23	0	cold	0.0	0	0
57	57	uniform	2	23	0	warm	0.0	0	0
57	57	uniform	3	0	0	cold	0.0	0	0
57	57	uniform	3	0	0	warm	0.0	0	0
57	57	uniform	3	7	0	cold	0.0	0	0
57	57	uniform	3	7	0	warm	2.6353535388399086e-65	0	0
57	57	uniform	3	15	0	cold	0.0	0	0
57	57	uniform	3	15	0	warm	1.315307820916324e-67	0	0
57	57	uniform	3	23	0	cold	0.0	0	0
57	57	uniform	3	23	0	warm	3.5530503150097577e-65	0	0
57	57	uniform	4	0	0	cold	0.0	0	0
57	57	uniform	4	0	0	warm	0.0	0	0
57	57	uniform	4	7	0	cold	0.0	0	0
57	57	uniform	4	7	0	warm	1.3501305836815664e-70	0	0
57	57	uniform	4	15	0	cold	0.0	0	0
57	57	uniform	4	15	0	warm	3.8414587547181407e-72	0	0
57	57	uniform	4	23	0	cold	0.0	0	0
57	57	uniform	4	23	0	warm	4.5953766565834184e-69	0	0
58	58	linear	0	0	0	cold	0.0	0	0
58	58	linear	0	0	0	warm	0.0	0	0
58	58	linear	0	7	0	cold	0.0	0	0
58	58	linear	0	7	0	warm	3.718776290430736e-75	0	0
58	58	linear	0	15	0	cold	0.0	0	0
58	58	linear	0	15	0	warm	9.341761181793693e-73	0	0
58	58	linear	0	23	0	cold	0.0	0	0
58	58	linear	0	23	0	warm	4.1593531553210203e-73	0	0
58	58	linear	1	0	0	cold	0.0	0	0
58	58	linear	1	0	0	warm	0.0	0	0
58	58	linear	1	7	0	cold	0.0	0	0
58	58	linear	1	7	0	warm	0.0	0	0
58	58	linear	1	15	0	cold	0.0	0	0
58	58	linear	1	15	0	warm	0.0	0	0
58	58	linear	1	23	0	cold	0.0	0	0
58	58	linear	1	23	0	warm	3.263496096441027e-71	0	0
58	58	linear	2	0	0	cold	0.0	0	0
58	58	linear	2	0	0	warm	0.0	0	0
58	58	linear	2	7	0	cold	0.0	0	0
58	58	linear	2	7	0	warm	1.5393375254124304e-74	0	0
58	58	linear	2	15	0	cold	0.0	0	0
58	58	linear	2	15	0	warm	2.9973356797652914e-75	0	0
58	58	linear	2	23	0	cold	0.0	0	0
58	58	linear	2	23	0	warm	1.5742512745804004e-73	0	0
58	58	linear	3	0	0	cold	0.0	0	0
58	58	linear	3	0	0	warm	0.0	0	0
58	58	linear	3	7	0	cold	0.0	0	0
58	58	linear	3	7	0	warm	8.642168420481608e-72	0	0
58	58	linear	3	15	0	cold	0.0	0	0
58	58	linear	3	15	0	warm	2.234832982701341e-72	0	0
58	58	linear	3	23	0	cold	0.0	0	0
58	58	linear	3	23	0	warm	1.5235249720105606e-71	0	0
58	58	linear	4	0	0	cold	0.0	0	0
58	58	linear	4	0	0	warm	0.0	0	0
58	58	linear	4	7	0	cold	0.0	0	0
58	58	linear	4	7	0	warm	5.8049674241432586e-71	0	0
58	58	linear	4	15	0	cold	0.0	0	0
58	58	linear	4	15	0	warm	2.009888018615197e-71	0	0
58	58	linear	4	23	0	cold	0.0	0	0
58	58	linear	4	23	0	warm	4.886337926182496e-71	0	0
58	58	uniform	0	0	0	cold	0.0	0	0
58	58	uniform	0	0	0	warm	0.0	0	0
58	58	uniform	0	7	0	cold	0.0	0	0
58	58	uniform	0	7	0	warm	3.718776290430736e-75	0	0
58	58	uniform	0	15	0	cold	0.0	0	0
58	58	uniform	0	15	0	warm	9.341761181793693e-73	0	0
58	58	uniform	0	23	0	cold	0.0	0	0
58	58	uniform	0	23	0	warm	4.1593531553210203e-73	0	0
58	58	uniform	1	0	0	cold	0.0	0	0
58	58	uniform	1	0	0	warm	0.0	0	0
58	58	uniform	1	7	0	cold	0.0	0	0
58	58	uniform	1	7	0	warm	0.0	0	0
58	58	uniform	1	15	0	cold	0.0	0	0
58	58	uniform	1	15	0	warm	0.0	0	0
58	58	uniform	1	23	0	cold	0.0	0	0
58	58	uniform	1	23	0	warm	3.263496096441027e-71	0	0
58	58	uniform	2	0	0	cold	0.0	0	0
58	58	uniform	2	0	0	warm	0.0	0	0
58	58	uniform	2	7	0	cold	0.0	0	0
58	58	uniform	2	7	0	warm	1.5393375254124304e-74	0	0
58	58	uniform	2	15	0	cold	0.0	0	0
58	58	uniform	2	15	0	warm	2.9973356797652914e-75	0	0
58	58	uniform	2	23	0	cold	0.0	0	0
58	58	uniform	2	23	0	warm	1.5742512745804004e-73	0	0
58	58	uniform	3	0	0	cold	0.0	0	0
58	58	uniform	3	0	0	warm	0.0	0	0
58	58	uniform	3	7	0	cold	0.0	0	0
58	58	uniform	3	7	0	warm	8.642168420481608e-72	0	0
58	58	uniform	3	15	0	cold	0.0	0	0
58	58	uniform	3	15	0	warm	2.234832982701341e-72	0	0
58	58	uniform	3	23	0	cold	0.0	0	0
58	58	uniform	3	23	0	warm	1.5235249720105606e-71	0	0
58	58	uniform	4	0	0	cold	0.0	0	0
58	58	uniform	4	0	0	warm	0.0	0	0
58	58	uniform	4	7	0	cold	0.0	0	0
58	58	uniform	4	7	0	warm	5.8049674241432586e-71	0	0
58	58	uniform	4	15	0	cold	0.0	0	0
58	58	uniform	4	15	0	warm	2.009888018615197e-71	0	0
58	58	uniform	4	23	0	cold	0.0	0	0
58	58	uniform	4	23	0	warm	4.886337926182496e-71	0	0
59	59	linear	0	0	0	cold	0.0	0	0
59	59	linear	0	0	0	warm	0.0	0	0
59	59	linear	0	7	0	cold	0.0	0	0
59	59	linear	0	7	0	warm	2.5062455053913107e-72	0	0
59	59	linear	0	15	0	cold	0.0	0	0
59	59	linear	0	15	0	warm	1.9188787637536935e-72	0	0
59	59	linear	0	23	0	cold	0.0	0	0
59	59	linear	0	23	0	warm	2.364669966762362e-72	0	0
59	59	linear	1	0	0	cold	0.0	0	0
59	59	linear	1	0	0	warm	0.0	0	0
59	59	linear	1	7	0	cold	0.0	0	0
59	59	linear	1	7	0	warm	7.070575218762892e-72	0	0
59	59	linear	1	15	0	cold	0.0	0	0
59	59	linear	1	15	0	warm	4.188209270080197e-71	0	0
59	59	linear	1	23	0	cold	0.0	0	0
59	59	linear	1	23	0	warm	5.0460266575927614e-71	0	0
59	59	linear	2	0	0	cold	0.0	0	0
59	59	linear	2	0	0	warm	0.0	0	0
59	59	linear	2	7	0	cold	0.0	0	0
59	59	linear	2	7	0	warm	4.188395557197747e-64	0	0
59	59	linear	2	15	0	cold	0.0	0	0
59	59	linear	2	15	0	warm	2.9956261464609368e-71	0	0
59	59	linear	2	23	0	cold	0.0	0	0
59	59	linear	2	23	0	warm	5.179168630911279e-73	0	0
59	59	linear	3	0	0	cold	0.0	0	0
59	59	linear	3	0	0	warm	0.0	0	0
59	59	linear	3	7	0	cold	0.0	0	0
59	59	linear	3	7	0	warm	1.586470794658484e-70	0	0
59	59	linear	3	15	0	cold	0.0	0	0
59	59	linear	3	15	0	warm	2.1021100338929906e-71	0	0
59	59	linear	3	23	0	cold	0.0	0	0
59	59	linear	3	23	0	warm	3.82103483517116e-71	0	0
59	59	linear	4	0	0	cold	0.0	0	0
59	59	linear	4	0	0	warm	0.0	0	0
59	59	linear	4	7	0	cold	0.0	0	0
59	59	linear	4	7	0	warm	2.8036566042457308e-71	0	0
59	59	linear	4	15	0	cold	0.0	0	0
59	59	linear	4	15	0	warm	9.965673462867979e-72	0	0
59	59	linear	4	23	0	cold	0.0	0	0
59	59	linear	4	23	0	warm	2.5890398928485543e-72	0	0
59	59	uniform	0	0	0	cold	0.0	0	0
59	59	uniform	0	0	0	warm	0.0	0	0
59	59	uniform	0	7	0	cold	0.0	0	0
59	59	uniform	0	7	0	warm	2.5062455053913107e-72	0	0
59	59	uniform	0	15	0	cold	0.0	0	0
59	59	uniform	0	15	0	warm	1.9188787637536935e-72	0	0
59	59	uniform	0	23	0	cold	0.0	0	0
59	59	uniform	0	23	0	warm	2.364669966762362e-72	0	0
59	59	uniform	1	0	0	cold	0.0	0	0
59	59	uniform	1	0	0	warm	0.0	0	0
59	59	uniform	1	7	0	cold	0.0	0	0
59	59	uniform	1	7	0	warm	7.070575218762892e-72	0	0
59	59	uniform	1	15	0	cold	0.0	0	0
59	59	uniform	1	15	0	warm	4.188209270080197e-71	0	0
59	59	uniform	1	23	0	cold	0.0	0	0
59	59	uniform	1	23	0	warm	5.0460266575927614e-71	0	0
59	59	uniform	2	0	0	cold	0.0	0	0
59	59	uniform	2	0	0	warm	0.0	0	0
59	59	uniform	2	7	0	cold	0.0	0	0
59	59	uniform	2	7	0	warm	4.188395557197747e-64	0	0
59	59	uniform	2	15	0	cold	0.0	0	0
59	59	uniform	2	15	0	warm	2.9956261464609368e-71	0	0
59	59	uniform	2	23	0	cold	0.0	0	0
59	59	uniform	2	23	0	warm	5.179168630911279e-73	0	0
59	59	uniform	3	0	0	cold	0.0	0	0
59	59	uniform	3	0	0	warm	0.0	0	0
59	59	uniform	3	7	0	cold	0.0	0	0
59	59	uniform	3	7	0	warm	1.586470794658484e-70	0	0
59	59	uniform	3	15	0	cold	0.0	0	0
59	59	uniform	3	15	0	warm	2.1021100338929906e-71	0	0
59	59	uniform	3	23	0	cold	0.0	0	0
59	59	uniform	3	23	0	warm	3.82103483517116e-71	0	0
59	59	uniform	4	0	0	cold	0.0	0	0
59	59	uniform	4	0	0	warm	0.0	0	0
59	59	uniform	4	7	0	cold	0.0	0	0
59	59	uniform	4	7	0	warm	2.8036566042457308e-71	0	0
59	59	uniform	4	15	0	cold	0.0	0	0
59	59	uniform	4	15	0	warm	9.965673462867979e-72	0	0
59	59	uniform	4	23	0	cold	0.0	0	0
59	59	uniform	4	23	0	warm	2.5890398928485543e-72	0	0
60	60	linear	0	0	0	cold	0.0	0	0
60	60	linear	0	0	0	warm	0.0	0	0
60	60	linear	0	7	0	cold	0.0	0	0
60	60	linear	0	7	0	warm	2.5476764460211254e-58	0	0
60	60	linear	0	15	0	cold	0.0	0	0
60	60	linear	0	15	0	warm	2.741573669190453e-61	0	0
60	60	linear	0	23	0	cold	0.0	0	0
60	60	linear	0	23	0	warm	5.46800223897772e-63	0	0
60	60	linear	1	0	0	cold	0.0	0	0
60	60	linear	1	0	0	warm	0.0	0	0
60	60	linear	1	7	0	cold	0.0	0	0
60	60	linear	1	7	0	warm	1.8178199594303519e-59	0	0
60	60	linear	1	15	0	cold	0.0	0	0
60	60	linear	1	15	0	warm	1.360913219140673e-60	0	0
60	60	linear	1	23	0	cold	0.0	0	0
60	60	linear	1	23	0	warm	1.1486308871643263e-63	0	0
60	60	linear	2	0	0	cold	0.0	0	0
60	60	linear	2	0	0	warm	0.0	0	0
60	60	linear	2	7	0	cold	0.0	0	0
60	60	linear	2	7	0	warm	1.1106070287582764e-63	0	0
60	60	linear	2	15	0	cold	0.0	0	0
60	60	linear	2	15	0	warm	2.6791650024509266e-61	0	0
60	60	linear	2	23	0	cold	0.0	0	0
60	60	linear	2	23	0	warm	2.6005958636067155e-56	0	0
60	60	linear	3	0	0	cold	0.0	0	0
60	60	linear	3	0	0	warm	0.0	0	0
60	60	linear	3	7	0	cold	0.0	0	0
60	60	linear	3	7	0	warm	4.144695141651175e-71	0	0
60	60	linear	3	15	0	cold	0.0	0	0
60	60	linear	3	15	0	warm	1.3811737319473448e-70	0	0
60	60	linear	3	23	0	cold	0.0	0	0
60	60	linear	3	23	0	warm	6.903911728483615e-70	0	0
60	60	linear	4	0	0	cold	0.0	0	0
60	60	linear	4	0	0	warm	0.0	0	0
60	60	linear	4	7	0	cold	0.0	0	0
60	60	linear	4	7	0	warm	1.4726698549166204e-64	0	0
60	60	linear	4	15	0	cold	0.0	0	0
60	60	linear	4	15	0	warm	5.778372546518684e-65	0	0
60	60	linear	4	23	0	cold	0.0	0	0
60	60	linear	4	23	0	warm	6.377255167751479e-65	0	0
60	60	uniform	0	0	0	cold	0.0	0	0
60	60	uniform	0	0	0	warm	0.0	0	0
60	60	uniform	0	7	0	cold	0.0	0	0
60	60	uniform	0	7	0	warm	2.5476764460211254e-58	0	0
60	60	uniform	0	15	0	cold	0.0	0	0
60	60	uniform	0	15	0	warm	2.741573669190453e-61	0	0
60	60	uniform	0	23	0	cold	0.0	0	0
60	60	uniform	0	23	0	warm	5.46800223897772e-63	0	0
60	60	uniform	1	0	0	cold	0.0	0	0
60	60	uniform	1	0	0	warm	0.0	0	0
60	60	uniform	1	7	0	cold	0.0	0	0
60	60	uniform	1	7	0	warm	1.8178199594303519e-59	0	0
60	60	uniform	1	15	0	cold	0.0	0	0
60	60	uniform	1	15	0	warm	1.360913219140673e-60	0	0
60	60	uniform	1	23	0	cold	0.0	0	0
60	60	uniform	1	23	0	warm	1.1486308871643263e-63	0	0
60	60	uniform	2	0	0	cold	0.0	0	0
60	60	uniform	2	0	0	warm	0.0	0	0
60	60	uniform	2	7	0	cold	0.0	0	0
60	60	uniform	2	7	0	warm	1.1106070287582764e-63	0	0
60	60	uniform	2	15	0	cold	0.0	0	0
60	60	uniform	2	15	0	warm	2.6791650024509266e-61	0	0
60	60	uniform	2	23	0	cold	0.0	0	0
60	60	uniform	2	23	0	warm	2.6005958636067155e-56	0	0
60	60	uniform	3	0	0	cold	0.0	0	0
60	60	uniform	3	0	0	warm	0.0	0	0
60	60	uniform	3	7	0	cold	0.0	0	0
60	60	uniform	3	7	0	warm	4.144695141651175e-71	0	0
60	60	uniform	3	15	0	cold	0.0	0	0
60	60	uniform	3	15	0	warm	1.3811737319473448e-70	0	0
60	60	uniform	3	23	0	cold	0.0	0	0
60	60	uniform	3	23	0	warm	6.903911728483615e-70	0	0
60	60	uniform	4	0	0	cold	0.0	0	0
60	60	uniform	4	0	0	warm	0.0	0	0
60	60	uniform	4	7	0	cold	0.0	0	0
60	60	uniform	4	7	0	warm	1.4726698549166204e-64	0	0
60	60	uniform	4	15	0	cold	0.0	0	0
60	60	uniform	4	15	0	warm	5.778372546518684e-65	0	0
60	60	uniform	4	23	0	cold	0.0	0	0
60	60	uniform	4	23	0	warm	6.377255167751479e-65	0	0
61	61	linear	0	0	0	cold	0.0	0	0
61	61	linear	0	0	0	warm	0.0	0	0
61	61	linear	0	7	0	cold	0.0	0	0
61	61	linear	0	7	0	warm	3.846893375199334e-56	0	0
61	61	linear	0	15	0	cold	0.0	0	0
61	61	linear	0	15	0	warm	1.2432895436692837e-54	0	0
61	61	linear	0	23	0	cold	0.0	0	0
61	61	linear	0	23	0	warm	1.0419937777602688e-54	0	0
61	61	linear	1	0	0	cold	0.0	0	0
61	61	linear	1	0	0	warm	0.0	0	0
61	61	linear	1	7	0	cold	0.0	0	0
61	61	linear	1	7	0	warm	1.2438904656158747e-45	0	0
61	61	linear	1	15	0	cold	0.0	0	0
61	61	linear	1	15	0	warm	2.6311779001492297e-45	0	0
61	61	linear	1	23	0	cold	0.0	0	0
61	61	linear	1	23	0	warm	2.1300463796100364e-48	0	0
61	61	linear	2	0	0	cold	0.0	0	0
61	61	linear	2	0	0	warm	0.0	0	0
61	61	linear	2	7	0	cold	0.0	0	0
61	61	linear	2	7	0	warm	1.7109406734516948e-56	0	0
61	61	linear	2	15	0	cold	0.0	0	0
61	61	linear	2	15	0	warm	8.149385621827997e-54	0	0
61	61	linear	2	23	0	cold	0.0	0	0
61	61	linear	2	23	0	warm	3.958934772521771e-56	0	0
61	61	linear	3	0	0	cold	0.0	0	0
61	61	linear	3	0	0	warm	0.0	0	0
61	61	linear	3	7	0	cold	0.0	0	0
61	61	linear	3	7	0	warm	2.7924745811569393e-47	0	0
61	61	linear	3	15	0	cold	0.0	0	0
61	61	linear	3	15	0	warm	2.265184142561446e-47	0	0
61	61	linear	3	23	0	cold	0.0	0	0
61	61	linear	3	23	0	warm	7.525205232398941e-49	0	0
61	61	linear	4	0	0	cold	0.0	0	0
61	61	linear	4	0	0	warm	0.0	0	0
61	61	linear	4	7	0	cold	0.0	0	0
61	61	linear	4	7	0	warm	1.0630729462765606e-45	0	0
61	61	linear	4	15	0	cold	0.0	0	0
61	61	linear	4	15	0	warm	3.951101132012951e-44	0	0
61	61	linear	4	23	0	cold	0.0	0	0
61	61	linear	4	23	0	warm	3.004844984393794e-46	0	0
61	61	uniform	0	0	0	cold	0.0	0	0
61	61	uniform	0	0	0	warm	0.0	0	0
61	61	uniform	0	7	0	cold	0.0	0	0
61	61	uniform	0	7	0	warm	3.846893375199334e-56	0	0
61	61	uniform	0	15	0	cold	0.0	0	0
61	61	uniform	0	15	0	warm	1.2432895436692837e-54	0	0
61	61	uniform	0	23	0	cold	0.0	0	0
61	61	uniform	0	23	0	warm	1.0419937777602688e-54	0	0
61	61	uniform	1	0	0	cold	0.0	0	0
61	61	uniform	1	0	0	warm	0.0	0	0
61	61	uniform	1	7	0	cold	0.0	0	0
61	61	uniform	1	7	0	warm	1.2438904656158747e-45	0	0
61	61	uniform	1	15	0	cold	0.0	0	0
61	61	uniform	1	15	0	warm	2.6311779001492297e-45	0	0
61	61	uniform	1	23	0	cold	0.0	0	0
61	61	uniform	1	23	0	warm	2.1300463796100364e-48	0	0
61	61	uniform	2	0	0	cold	0.0	0	0
61	61	uniform	2	0	0	warm	0.0	0	0
61	61	uniform	2	7	0	cold	0.0	0	0
61	61	uniform	2	7	0	warm	1.7109406734516948e-56	0	0
61	61	uniform	2	15	0	cold	0.0	0	0
61	61	uniform	2	15	0	warm	8.149385621827997e-54	0	0
61	61	uniform	2	23	0	cold	0.0	0	0
61	61	uniform	2	23	0	warm	3.958934772521771e-56	0	0
61	61	uniform	3	0	0	cold	0.0	0	0
61	61	uniform	3	0	0	warm	0.0	0	0
61	61	uniform	3	7	0	cold	0.0	0	0
61	61	uniform	3	7	0	warm	2.7924745811569393e-47	0	0
61	61	uniform	3	15	0	cold	0.0	0	0
61	61	uniform	3	15	0	warm	2.265184142561446e-47	0	0
61	61	uniform	3	23	0	cold	0.0	0	0
61	61	uniform	3	23	0	warm	7.525205232398941e-49	0	0
61	61	uniform	4	0	0	cold	0.0	0	0
61	61	uniform	4	0	0	warm	0.0	0	0
61	61	uniform	4	7	0	cold	0.0	0	0
61	61	uniform	4	7	0	warm	1.0630729462765606e-45	0	0
61	61	uniform	4	15	0	cold	0.0	0	0
61	61	uniform	4	15	0	warm	3.951101132012951e-44	0	0
61	61	uniform	4	23	0	cold	0.0	0	0
61	61	uniform	4	23	0	warm	3.004844984393794e-46	0	0
62	62	linear	0	0	0	cold	0.0	0	0
62	62	linear	0	0	0	warm	0.0	0	0
62	62	linear	0	7	0	cold	0.0	0	0
62	62	linear	0	7	0	warm	1.397102654171725e-71	0	0
62	62	linear	0	15	0	cold	0.0	0	0
62	62	linear	0	15	0	warm	3.754536878968509e-73	0	0
62	62	linear	0	23	0	cold	0.0	0	0
62	62	linear	0	23	0	warm	2.922188111284713e-74	0	0
62	62	linear	1	0	0	cold	0.0	0	0
62	62	linear	1	0	0	warm	0.0	0	0
62	62	linear	1	7	0	cold	0.0	0	0
62	62	linear	1	7	0	warm	4.2941732049357974e-57	0	0
62	62	linear	1	15	0	cold	0.0	0	0
62	62	linear	1	15	0	warm	1.1405825116187213e-56	0	0
62	62	linear	1	23	0	cold	0.0	0	0
62	62	linear	1	23	0	warm	8.78964088089293e-57	0	0
62	62	linear	2	0	0	cold	0.0	0	0
62	62	linear	2	0	0	warm	0.0	0	0
62	62	linear	2	7	0	cold	0.0	0	0
62	62	linear	2	7	0	warm	1.4162659692688288e-56	0	0
62	62	linear	2	15	0	cold	0.0	0	0
62	62	linear	2	15	0	warm	4.197081070560065e-56	0	0
62	62	linear	2	23	0	cold	0.0	0	0
62	62	linear	2	23	0	warm	2.6372956632733496e-56	0	0
62	62	linear	3	0	0	cold	0.0	0	0
62	62	linear	3	0	0	warm	0.0	0	0
62	62	linear	3	7	0	cold	0.0	0	0
62	62	linear	3	7	0	warm	1.774894915115779e-69	0	0
62	62	linear	3	15	0	cold	0.0	0	0
62	62	linear	3	15	0	warm	8.737344878322463e-71	0	0
62	62	linear	3	23	0	cold	0.0	0	0
62	62	linear	3	23	0	warm	6.878299485184998e-70	0	0
62	62	linear	4	0	0	cold	0.0	0	0
62	62	linear	4	0	0	warm	0.0	0	0
62	62	linear	4	7	0	cold	0.0	0	0
62	62	linear	4	7	0	warm	2.308797637028503e-67	0	0
62	62	linear	4	15	0	cold	0.0	0	0
62	62	linear	4	15	0	warm	1.9657527534184935e-67	0	0
62	62	linear	4	23	0	cold	0.0	0	0
62	62	linear	4	23	0	warm	8.833799732509704e-69	0	0
62	62	uniform	0	0	0	cold	0.0	0	0
62	62	uniform	0	0	0	warm	0.0	0	0
62	62	uniform	0	7	0	cold	0.0	0	0
62	62	uniform	0	7	0	warm	1.397102654171725e-71	0	0
62	62	uniform	0	15	0	cold	0.0	0	0
62	62	uniform	0	15	0	warm	3.754536878968509e-73	0	0
62	62	uniform	0	23	0	cold	0.0	0	0
62	62	uniform	0	23	0	warm	2.922188111284713e-74	0	0
62	62	uniform	1	0	0	cold	0.0	0	0
62	62	uniform	1	0	0	warm	0.0	0	0
62	62	uniform	1	7	0	cold	0.0	0	0
62	62	uniform	1	7	0	warm	4.2941732049357974e-57	0	0
62	62	uniform	1	15	0	cold	0.0	0	0
62	62	uniform	1	15	0	warm	1.1405825116187213e-56	0	0
62	62	uniform	1	23	0	cold	0.0	0	0
62	62	uniform	1	23	0	warm	8.78964088089293e-57	0	0
62	62	uniform	2	0	0	cold	0.0	0	0
62	62	uniform	2	0	0	warm	0.0	0	0
62	62	uniform	2	7	0	cold	0.0	0	0
62	62	uniform	2	7	0	warm	1.4162659692688288e-56	0	0
62	62	uniform	2	15	0	cold	0.0	0	0
62	62	uniform	2	15	0	warm	4.197081070560065e-56	0	0
62	62	uniform	2	23	0	cold	0.0	0	0
62	62	uniform	2	23	0	warm	2.6372956632733496e-56	0	0
62	62	uniform	3	0	0	cold	0.0	0	0
62	62	uniform	3	0	0	warm	0.0	0	0
62	62	uniform	3	7	0	cold	0.0	0	0
62	62	uniform	3	7	0	warm	1.774894915115779e-69	0	0
62	62	uniform	3	15	0	cold	0.0	0	0
62	62	uniform	3	15	0	warm	8.737344878322463e-71	0	0
62	62	uniform	3	23	0	cold	0.0	0	0
62	62	uniform	3	23	0	warm	6.878299485184998e-70	0	0
62	62	uniform	4	0	0	cold	0.0	0	0
62	62	uniform	4	0	0	warm	0.0	0	0
62	62	uniform	4	7	0	cold	0.0	0	0
62	62	uniform	4	7	0	warm	2.308797637028503e-67	0	0
62	62	uniform	4	15	0	cold	0.0	0	0
62	62	uniform	4	15	0	warm	1.9657527534184935e-67	0	0
62	62	uniform	4	23	0	cold	0.0	0	0
62	62	uniform	4	23	0	warm	8.833799732509704e-69	0	0
63	63	linear	0	0	0	cold	0.0	0	0
63	63	linear	0	0	0	warm	0.0	0	0
63	63	linear	0	7	0	cold	0.0	0	0
63	63	linear	0	7	0	warm	1.3218514472221608e-64	0	0
63	63	linear	0	15	0	cold	0.0	0	0
63	63	linear	0	15	0	warm	5.016255794970953e-68	0	0
63	63	linear	0	23	0	cold	0.0	0	0
63	63	linear	0	23	0	warm	4.5372965066961953e-69	0	0
63	63	linear	1	0	0	cold	0.0	0	0
63	63	linear	1	0	0	warm	0.0	0	0
63	63	linear	1	7	0	cold	0.0	0	0
63	63	linear	1	7	0	warm	4.569265940197807e-49	0	0
63	63	linear	1	15	0	cold	0.0	0	0
63	63	linear	1	15	0	warm	2.40701963637064e-51	0	0
63	63	linear	1	23	0	cold	0.0	0	0
63	63	linear	1	23	0	warm	7.835722439703753e-51	0	0
63	63	linear	2	0	0	cold	0.0	0	0
63	63	linear	2	0	0	warm	0.0	0	0
63	63	linear	2	7	0	cold	0.0	0	0
63	63	linear	2	7	0	warm	4.823308631877376e-60	0	0
63	63	linear	2	15	0	cold	0.0	0	0
63	63	linear	2	15	0	warm	4.4061721274473656e-60	0	0
63	63	linear	2	23	0	cold	0.0	0	0
63	63	linear	2	23	0	warm	4.142776658863542e-62	0	0
63	63	linear	3	0	0	cold	0.0	0	0
63	63	linear	3	0	0	warm	0.0	0	0
63	63	linear	3	7	0	cold	0.0	0	0
63	63	linear	3	7	0	warm	1.3485853027700704e-55	0	0
63	63	linear	3	15	0	cold	0.0	0	0
63	63	linear	3	15	0	warm	1.1350587425669155e-55	0	0
63	63	linear	3	23	0	cold	0.0	0	0
63	63	linear	3	23	0	warm	5.406980935389861e-56	0	0
63	63	linear	4	0	0	cold	0.0	0	0
63	63	linear	4	0	0	warm	0.0	0	0
63	63	linear	4	7	0	cold	0.0	0	0
63	63	linear	4	7	0	warm	1.0465980536074577e-56	0	0
63	63	linear	4	15	0	cold	0.0	0	0
63	63	linear	4	15	0	warm	3.8349948305163766e-58	0	0
63	63	linear	4	23	0	cold	0.0	0	0
63	63	linear	4	23	0	warm	1.0193943207892566e-60	0	0
63	63	uniform	0	0	0	cold	0.0	0	0
63	63	uniform	0	0	0	warm	0.0	0	0
63	63	uniform	0	7	0	cold	0.0	0	0
63	63	uniform	0	7	0	warm	1.3218514472221608e-64	0	0
63	63	uniform	0	15	0	cold	0.0	0	0
63	63	uniform	0	15	0	warm	5.016255794970953e-68	0	0
63	63	uniform	0	23	0	cold	0.0	0	0
63	63	uniform	0	23	0	warm	4.5372965066961953e-69	0	0
63	63	uniform	1	0	0	cold	0.0	0	0
63	63	uniform	1	0	0	warm	0.0	0	0
63	63	uniform	1	7	0	cold	0.0	0	0
63	63	uniform	1	7	0	warm	4.569265940197807e-49	0	0
63	63	uniform	1	15	0	cold	0.0	0	0
63	63	uniform	1	15	0	warm	2.40701963637064e-51	0	0
63	63	uniform	1	23	0	cold	0.0	0	0
63	63	uniform	1	23	0	warm	7.835722439703753e-51	0	0
63	63	uniform	2	0	0	cold	0.0	0	0
63	63	uniform	2	0	0	warm	0.0	0	0
63	63	uniform	2	7	0	cold	0.0	0	0
63	63	uniform	2	7	0	warm	4.823308631877376e-60	0	0
63	63	uniform	2	15	0	cold	0.0	0	0
63	63	uniform	2	15	0	warm	4.4061721274473656e-60	0	0
63	63	uniform	2	23	0	cold	0.0	0	0
63	63	uniform	2	23	0	warm	4.142776658863542e-62	0	0
63	63	uniform	3	0	0	cold	0.0	0	0
63	63	uniform	3	0	0	warm	0.0	0	0
63	63	uniform	3	7	0	cold	0.0	0	0
63	63	uniform	3	7	0	warm	1.3485853027700704e-55	0	0
63	63	uniform	3	15	0	cold	0.0	0	0
63	63	uniform	3	15	0	warm	1.1350587425669155e-55	0	0
63	63	uniform	3	23	0	cold	0.0	0	0
63	63	uniform	3	23	0	warm	5.406980935389861e-56	0	0
63	63	uniform	4	0	0	cold	0.0	0	0
63	63	uniform	4	0	0	warm	0.0	0	0
63	63	uniform	4	7	0	cold	0.0	0	0
63	63	uniform	4	7	0	warm	1.0465980536074577e-56	0	0
63	63	uniform	4	15	0	cold	0.0	0	0
63	63	uniform	4	15	0	warm	3.8349948305163766e-58	0	0
63	63	uniform	4	23	0	cold	0.0	0	0
63	63	uniform	4	23	0	warm	1.0193943207892566e-60	0	0
64	64	linear	0	0	0	cold	0.0	0	0
64	64	linear	0	0	0	warm	0.0	0	0
64	64	linear	0	7	0	cold	0.0	0	0
64	64	linear	0	7	0	warm	0.0	0	0
64	64	linear	0	15	0	cold	0.0	0	0
64	64	linear	0	15	0	warm	0.0	0	0
64	64	linear	0	23	0	cold	0.0	0	0
64	64	linear	0	23	0	warm	0.0	0	0
64	64	linear	1	0	0	cold	0.0	0	0
64	64	linear	1	0	0	warm	0.0	0	0
64	64	linear	1	7	0	cold	0.0	0	0
64	64	linear	1	7	0	warm	5.350237675686969e-16	0	0
64	64	linear	1	15	0	cold	0.0	0	0
64	64	linear	1	15	0	warm	5.962012948759726e-16	0	0
64	64	linear	1	23	0	cold	0.0	0	0
64	64	linear	1	23	0	warm	1.1915350944728458e-15	0	0
64	64	linear	2	0	0	cold	0.0	0	0
64	64	linear	2	0	0	warm	0.0	0	0
64	64	linear	2	7	0	cold	0.0	0	0
64	64	linear	2	7	0	warm	4.4402349400520777e-16	0	0
64	64	linear	2	15	0	cold	0.0	0	0
64	64	linear	2	15	0	warm	1.1184040113859149e-15	0	0
64	64	linear	2	23	0	cold	0.0	0	0
64	64	linear	2	23	0	warm	3.97067381110361e-16	0	0
64	64	linear	3	0	0	cold	0.0	0	0
64	64	linear	3	0	0	warm	0.0	0	0
64	64	linear	3	7	0	cold	0.0	0	0
64	64	linear	3	7	0	warm	1.4735102717989126e-47	0	0
64	64	linear	3	15	0	cold	0.0	0	0
64	64	linear	3	15	0	warm	2.997004420603117e-54	0	0
64	64	linear	3	23	0	cold	0.0	0	0
64	64	linear	3	23	0	warm	9.95589795024696e-51	0	0
64	64	linear	4	0	0	cold	0.0	0	0
64	64	linear	4	0	0	warm	0.0	0	0
64	64	linear	4	7	0	cold	0.0	0	0
64	64	linear	4	7	0	warm	5.962122676327862e-16	0	0
64	64	linear	4	15	0	cold	0.0	0	0
64	64	linear	4	15	0	warm	3.9728871062654526e-16	0	0
64	64	linear	4	23	0	cold	0.0	0	0
64	64	linear	4	23	0	warm	9.9346789414008e-16	0	0
64	64	uniform	0	0	0	cold	0.0	0	0
64	64	uniform	0	0	0	warm	0.0	0	0
64	64	uniform	0	7	0	cold	0.0	0	0
64	64	uniform	0	7	0	warm	0.0	0	0
64	64	uniform	0	15	0	cold	0.0	0	0
64	64	uniform	0	15	0	warm	0.0	0	0
64	64	uniform	0	23	0	cold	0.0	0	0
64	64	uniform	0	23	0	warm	0.0	0	0
64	64	uniform	1	0	0	cold	0.0	0	0
64	64	uniform	1	0	0	warm	0.0	0	0
64	64	uniform	1	7	0	cold	0.0	0	0
64	64	uniform	1	7	0	warm	5.350237675686969e-16	0	0
64	64	uniform	1	15	0	cold	0.0	0	0
64	64	uniform	1	15	0	warm	5.962012948759726e-16	0	0
64	64	uniform	1	23	0	cold	0.0	0	0
64	64	uniform	1	23	0	warm	1.1915350944728458e-15	0	0
64	64	uniform	2	0	0	cold	0.0	0	0
64	64	uniform	2	0	0	warm	0.0	0	0
64	64	uniform	2	7	0	cold	0.0	0	0
64	64	uniform	2	7	0	warm	4.4402349400520777e-16	0	0
64	64	uniform	2	15	0	cold	0.0	0	0
64	64	uniform	2	15	0	warm	1.1184040113859149e-15	0	0
64	64	uniform	2	23	0	cold	0.0	0	0
64	64	uniform	2	23	0	warm	3.97067381110361e-16	0	0
64	64	uniform	3	0	0	cold	0.0	0	0
64	64	uniform	3	0	0	warm	0.0	0	0
64	64	uniform	3	7	0	cold	0.0	0	0
64	64	uniform	3	7	0	warm	1.4735102717989126e-47	0	0
64	64	uniform	3	15	0	cold	0.0	0	0
64	64	uniform	3	15	0	warm	2.997004420603117e-54	0	0
64	64	uniform	3	23	0	cold	0.0	0	0
64	64	uniform	3	23	0	warm	9.95589795024696e-51	0	0
64	64	uniform	4	0	0	cold	0.0	0	0
64	64	uniform	4	0	0	warm	0.0	0	0
64	64	uniform	4	7	0	cold	0.0	0	0
64	64	uniform	4	7	0	warm	5.962122676327862e-16	0	0
64	64	uniform	4	15	0	cold	0.0	0	0
64	64	uniform	4	15	0	warm	3.9728871062654526e-16	0	0
64	64	uniform	4	23	0	cold	0.0	0	0
64	64	uniform	4	23	0	warm	9.9346789414008e-16	0	0
65	65	linear	0	0	0	cold	0.0	0	0
65	65	linear	0	0	0	warm	0.0	0	0
65	65	linear	0	7	0	cold	0.0	0	0
65	65	linear	0	7	0	warm	1.1076470220095032e-70	0	0
65	65	linear	0	15	0	cold	0.0	0	0
65	65	linear	0	15	0	warm	0.0	0	0
65	65	linear	0	23	0	cold	0.0	0	0
65	65	linear	0	23	0	warm	0.0	0	0
65	65	linear	1	0	0	cold	0.0	0	0
65	65	linear	1	0	0	warm	0.0	0	0
65	65	linear	1	7	0	cold	0.0	0	0
65	65	linear	1	7	0	warm	1.882858249220579e-69	0	0
65	65	linear	1	15	0	cold	0.0	0	0
65	65	linear	1	15	0	warm	0.0	0	0
65	65	linear	1	23	0	cold	0.0	0	0
65	65	linear	1	23	0	warm	0.0	0	0
65	65	linear	2	0	0	cold	0.0	0	0
65	65	linear	2	0	0	warm	0.0	0	0
65	65	linear	2	7	0	cold	0.0	0	0
65	65	linear	2	7	0	warm	0.0	0	0
65	65	linear	2	15	0	cold	0.0	0	0
65	65	linear	2	15	0	warm	0.0	0	0
65	65	linear	2	23	0	cold	0.0	0	0
65	65	linear	2	23	0	warm	0.0	0	0
65	65	linear	3	0	0	cold	0.0	0	0
65	65	linear	3	0	0	warm	0.0	0	0
65	65	linear	3	7	0	cold	0.0	0	0
65	65	linear	3	7	0	warm	0.0	0	0
65	65	linear	3	15	0	cold	0.0	0	0
65	65	linear	3	15	0	warm	0.0	0	0
65	65	linear	3	23	0	cold	0.0	0	0
65	65	linear	3	23	0	warm	0.0	0	0
65	65	linear	4	0	0	cold	0.0	0	0
65	65	linear	4	0	0	warm	0.0	0	0
65	65	linear	4	7	0	cold	0.0	0	0
65	65	linear	4	7	0	warm	0.0	0	0
65	65	linear	4	15	0	cold	0.0	0	0
65	65	linear	4	15	0	warm	0.0	0	0
65	65	linear	4	23	0	cold	0.0	0	0
65	65	linear	4	23	0	warm	0.0	0	0
65	65	uniform	0	0	0	cold	0.0	0	0
65	65	uniform	0	0	0	warm	0.0	0	0
65	65	uniform	0	7	0	cold	0.0	0	0
65	65	uniform	0	7	0	warm	1.1076470220095032e-70	0	0
65	65	uniform	0	15	0	cold	0.0	0	0
65	65	uniform	0	15	0	warm	0.0	0	0
65	65	uniform	0	23	0	cold	0.0	0	0
65	65	uniform	0	23	0	warm	0.0	0	0
65	65	uniform	1	0	0	cold	0.0	0	0
65	65	uniform	1	0	0	warm	0.0	0	0
65	65	uniform	1	7	0	cold	0.0	0	0
65	65	uniform	1	7	0	warm	1.882858249220579e-69	0	0
65	65	uniform	1	15	0	cold	0.0	0	0
65	65	uniform	1	15	0	warm	0.0	0	0
65	65	uniform	1	23	0	cold	0.0	0	0
65	65	uniform	1	23	0	warm	0.0	0	0
65	65	uniform	2	0	0	cold	0.0	0	0
65	65	uniform	2	0	0	warm	0.0	0	0
65	65	uniform	2	7	0	cold	0.0	0	0
65	65	uniform	2	7	0	warm	0.0	0	0
65	65	uniform	2	15	0	cold	0.0	0	0
65	65	uniform	2	15	0	warm	0.0	0	0
65	65	uniform	2	23	0	cold	0.0	0	0
65	65	uniform	2	23	0	warm	0.0	0	0
65	65	uniform	3	0	0	cold	0.0	0	0
65	65	uniform	3	0	0	warm	0.0	0	0
65	65	uniform	3	7	0	cold	0.0	0	0
65	65	uniform	3	7	0	warm	0.0	0	0
65	65	uniform	3	15	0	cold	0.0	0	0
65	65	uniform	3	15	0	warm	0.0	0	0
65	65	uniform	3	23	0	cold	0.0	0	0
65	65	uniform	3	23	0	warm	0.0	0	0
65	65	uniform	4	0	0	cold	0.0	0	0
65	65	uniform	4	0	0	warm	0.0	0	0
65	65	uniform	4	7	0	cold	0.0	0	0
65	65	uniform	4	7	0	warm	0.0	0	0
65	65	uniform	4	15	0	cold	0.0	0	0
65	65	uniform	4	15	0	warm	0.0	0	0
65	65	uniform	4	23	0	cold	0.0	0	0
65	65	uniform	4	23	0	warm	0.0	0	0
66	66	linear	0	0	0	cold	0.0	0	0
66	66	linear	0	0	0	warm	0.0	0	0
66	66	linear	0	7	0	cold	0.0	0	0
66	66	linear	0	7	0	warm	7.754854861809021e-71	0	0
66	66	linear	0	15	0	cold	0.0	0	0
66	66	linear	0	15	0	warm	1.484626535246217e-69	0	0
66	66	linear	0	23	0	cold	0.0	0	0
66	66	linear	0	23	0	warm	1.7328265027143357e-68	0	0
66	66	linear	1	0	0	cold	0.0	0	0
66	66	linear	1	0	0	warm	0.0	0	0
66	66	linear	1	7	0	cold	0.0	0	0
66	66	linear	1	7	0	warm	2.838512701276001e-69	0	0
66	66	linear	1	15	0	cold	0.0	0	0
66	66	linear	1	15	0	warm	3.656432436508716e-69	0	0
66	66	linear	1	23	0	cold	0.0	0	0
66	66	linear	1	23	0	warm	1.2931741939105606e-69	0	0
66	66	linear	2	0	0	cold	0.0	0	0
66	66	linear	2	0	0	warm	0.0	0	0
66	66	linear	2	7	0	cold	0.0	0	0
66	66	linear	2	7	0	warm	1.6751921104766853e-61	0	0
66	66	linear	2	15	0	cold	0.0	0	0
66	66	linear	2	15	0	warm	5.27163609860097e-61	0	0
66	66	linear	2	23	0	cold	0.0	0	0
66	66	linear	2	23	0	warm	3.048807670858817e-59	0	0
66	66	linear	3	0	0	cold	0.0	0	0
66	66	linear	3	0	0	warm	0.0	0	0
66	66	linear	3	7	0	cold	0.0	0	0
66	66	linear	3	7	0	warm	2.83401679875763e-70	0	0
66	66	linear	3	15	0	cold	0.0	0	0
66	66	linear	3	15	0	warm	1.5235394896228126e-69	0	0
66	66	linear	3	23	0	cold	0.0	0	0
66	66	linear	3	23	0	warm	1.0236651963653323e-68	0	0
66	66	linear	4	0	0	cold	0.0	0	0
66	66	linear	4	0	0	warm	0.0	0	0
66	66	linear	4	7	0	cold	0.0	0	0
66	66	linear	4	7	0	warm	1.404213381944057e-71	0	0
66	66	linear	4	15	0	cold	0.0	0	0
66	66	linear	4	15	0	warm	1.2816143521150669e-68	0	0
66	66	linear	4	23	0	cold	0.0	0	0
66	66	linear	4	23	0	warm	1.2471440530993668e-70	0	0
66	66	uniform	0	0	0	cold	0.0	0	0
66	66	uniform	0	0	0	warm	0.0	0	0
66	66	uniform	0	7	0	cold	0.0	0	0
66	66	uniform	0	7	0	warm	7.754854861809021e-71	0	0
66	66	uniform	0	15	0	cold	0.0	0	0
66	66	uniform	0	15	0	warm	1.484626535246217e-69	0	0
66	66	uniform	0	23	0	cold	0.0	0	0
66	66	uniform	0	23	0	warm	1.7328265027143357e-68	0	0
66	66	uniform	1	0	0	cold	0.0	0	0
66	66	uniform	1	0	0	warm	0.0	0	0
66	66	uniform	1	7	0	cold	0.0	0	0
66	66	uniform	1	7	0	warm	2.838512701276001e-69	0	0
66	66	uniform	1	15	0	cold	0.0	0	0
66	66	uniform	1	15	0	warm	3.656432436508716e-69	0	0
66	66	uniform	1	23	0	cold	0.0	0	0
66	66	uniform	1	23	0	warm	1.2931741939105606e-69	0	0
66	66	uniform	2	0	0	cold	0.0	0	0
66	66	uniform	2	0	0	warm	0.0	0	0
66	66	uniform	2	7	0	cold	0.0	0	0
66	66	uniform	2	7	0	warm	1.6751921104766853e-61	0	0
66	66	uniform	2	15	0	cold	0.0	0	0
66	66	uniform	2	15	0	warm	5.27163609860097e-61	0	0
66	66	uniform	2	23	0	cold	0.0	0	0
66	66	uniform	2	23	0	warm	3.048807670858817e-59	0	0
66	66	uniform	3	0	0	cold	0.0	0	0
66	66	uniform	3	0	0	warm	0.0	0	0
66	66	uniform	3	7	0	cold	0.0	0	0
66	66	uniform	3	7	0	warm	2.83401679875763e-70	0	0
66	66	uniform	3	15	0	cold	0.0	0	0
66	66	uniform	3	15	0	warm	1.5235394896228126e-69	0	0
66	66	uniform	3	23	0	cold	0.0	0	0
66	66	uniform	3	23	0	warm	1.0236651963653323e-68	0	0
66	66	uniform	4	0	0	cold	0.0	0	0
66	66	uniform	4	0	0	warm	0.0	0	0
66	66	uniform	4	7	0	cold	0.0	0	0
66	66	uniform	4	7	0	warm	1.404213381944057e-71	0	0
66	66	uniform	4	15	0	cold	0.0	0	0
66	66	uniform	4	15	0	warm	1.2816143521150669e-68	0	0
66	66	uniform	4	23	0	cold	0.0	0	0
66	66	uniform	4	23	0	warm	1.2471440530993668e-70	0	0
67	67	linear	0	0	0	cold	0.0	0	0
67	67	linear	0	0	0	warm	0.0	0	0
67	67	linear	0	7	0	cold	0.0	0	0
67	67	linear	0	7	0	warm	0.0	0	0
67	67	linear	0	15	0	cold	0.0	0	0
67	67	linear	0	15	0	warm	7.924344360645912e-68	0	0
67	67	linear	0	23	0	cold	0.0	0	0
67	67	linear	0	23	0	warm	0.0	0	0
67	67	linear	1	0	0	cold	0.0	0	0
67	67	linear	1	0	0	warm	0.0	0	0
67	67	linear	1	7	0	cold	0.0	0	0
67	67	linear	1	7	0	warm	0.0	0	0
67	67	linear	1	15	0	cold	0.0	0	0
67	67	linear	1	15	0	warm	0.0	0	0
67	67	linear	1	23	0	cold	0.0	0	0
67	67	linear	1	23	0	warm	0.0	0	0
67	67	linear	2	0	0	cold	0.0	0	0
67	67	linear	2	0	0	warm	0.0	0	0
67	67	linear	2	7	0	cold	0.0	0	0
67	67	linear	2	7	0	warm	8.644737234073173e-62	0	0
67	67	linear	2	15	0	cold	0.0	0	0
67	67	linear	2	15	0	warm	2.122799018970675e-66	0	0
67	67	linear	2	23	0	cold	0.0	0	0
67	67	linear	2	23	0	warm	4.278590859658154e-64	0	0
67	67	linear	3	0	0	cold	0.0	0	0
67	67	linear	3	0	0	warm	0.0	0	0
67	67	linear	3	7	0	cold	0.0	0	0
67	67	linear	3	7	0	warm	3.955845685276407e-66	0	0
67	67	linear	3	15	0	cold	0.0	0	0
67	67	linear	3	15	0	warm	2.830763365723029e-66	0	0
67	67	linear	3	23	0	cold	0.0	0	0
67	67	linear	3	23	0	warm	1.8377969811971982e-68	0	0
67	67	linear	4	0	0	cold	0.0	0	0
67	67	linear	4	0	0	warm	0.0	0	0
67	67	linear	4	7	0	cold	0.0	0	0
67	67	linear	4	7	0	warm	0.0	0	0
67	67	linear	4	15	0	cold	0.0	0	0
67	67	linear	4	15	0	warm	0.0	0	0
67	67	linear	4	23	0	cold	0.0	0	0
67	67	linear	4	23	0	warm	0.0	0	0
67	67	uniform	0	0	0	cold	0.0	0	0
67	67	uniform	0	0	0	warm	0.0	0	0
67	67	uniform	0	7	0	cold	0.0	0	0
67	67	uniform	0	7	0	warm	0.0	0	0
67	67	uniform	0	15	0	cold	0.0	0	0
67	67	uniform	0	15	0	warm	7.924344360645912e-68	0	0
67	67	uniform	0	23	0	cold	0.0	0	0
67	67	uniform	0	23	0	warm	0.0	0	0
67	67	uniform	1	0	0	cold	0.0	0	0
67	67	uniform	1	0	0	warm	0.0	0	0
67	67	uniform	1	7	0	cold	0.0	0	0
67	67	uniform	1	7	0	warm	0.0	0	0
67	67	uniform	1	15	0	cold	0.0	0	0
67	67	uniform	1	15	0	warm	0.0	0	0
67	67	uniform	1	23	0	cold	0.0	0	0
67	67	uniform	1	23	0	warm	0.0	0	0
67	67	uniform	2	0	0	cold	0.0	0	0
67	67	uniform	2	0	0	warm	0.0	0	0
67	67	uniform	2	7	0	cold	0.0	0	0
67	67	uniform	2	7	0	warm	8.644737234073173e-62	0	0
67	67	uniform	2	15	0	cold	0.0	0	0
67	67	uniform	2	15	0	warm	2.122799018970675e-66	0	0
67	67	uniform	2	23	0	cold	0.0	0	0
67	67	uniform	2	23	0	warm	4.278590859658154e-64	0	0
67	67	uniform	3	0	0	cold	0.0	0	0
67	67	uniform	3	0	0	warm	0.0	0	0
67	67	uniform	3	7	0	cold	0.0	0	0
67	67	uniform	3	7	0	warm	3.955845685276407e-66	0	0
67	67	uniform	3	15	0	cold	0.0	0	0
67	67	uniform	3	15	0	warm	2.830763365723029e-66	0	0
67	67	uniform	3	23	0	cold	0.0	0	0
67	67	uniform	3	23	0	warm	1.8377969811971982e-68	0	0
67	67	uniform	4	0	0	cold	0.0	0	0
67	67	uniform	4	0	0	warm	0.0	0	0
67	67	uniform	4	7	0	cold	0.0	0	0
67	67	uniform	4	7	0	warm	0.0	0	0
67	67	uniform	4	15	0	cold	0.0	0	0
67	67	uniform	4	15	0	warm	0.0	0	0
67	67	uniform	4	23	0	cold	0.0	0	0
67	67	uniform	4	23	0	warm	0.0	0	0
68	68	linear	0	0	0	cold	0.0	0	0
68	68	linear	0	0	0	warm	0.0	0	0
68	68	linear	0	7	0	cold	0.0	0	0
68	68	linear	0	7	0	warm	4.200827921473158e-55	0	0
68	68	linear	0	15	0	cold	0.0	0	0
68	68	linear	0	15	0	warm	3.0303655387551374e-54	0	0
68	68	linear	0	23	0	cold	0.0	0	0
68	68	linear	0	23	0	warm	1.4234053917666105e-56	0	0
68	68	linear	1	0	0	cold	0.0	0	0
68	68	linear	1	0	0	warm	0.0	0	0
68	68	linear	1	7	0	cold	0.0	0	0
68	68	linear	1	7	0	warm	3.027477412014914e-59	0	0
68	68	linear	1	15	0	cold	0.0	0	0
68	68	linear	1	15	0	warm	1.5387438477580522e-58	0	0
68	68	linear	1	23	0	cold	0.0	0	0
68	68	linear	1	23	0	warm	6.690921467835105e-58	0	0
68	68	linear	2	0	0	cold	0.0	0	0
68	68	linear	2	0	0	warm	0.0	0	0
68	68	linear	2	7	0	cold	0.0	0	0
68	68	linear	2	7	0	warm	2.9784968178782016e-61	0	0
68	68	linear	2	15	0	cold	0.0	0	0
68	68	linear	2	15	0	warm	1.2628076170640454e-63	0	0
68	68	linear	2	23	0	cold	0.0	0	0
68	68	linear	2	23	0	warm	1.2685964804327996e-66	0	0
68	68	linear	3	0	0	cold	0.0	0	0
68	68	linear	3	0	0	warm	0.0	0	0
68	68	linear	3	7	0	cold	0.0	0	0
68	68	linear	3	7	0	warm	7.513649015254517e-60	0	0
68	68	linear	3	15	0	cold	0.0	0	0
68	68	linear	3	15	0	warm	6.509425353047128e-65	0	0
68	68	linear	3	23	0	cold	0.0	0	0
68	68	linear	3	23	0	warm	9.758457668530641e-64	0	0
68	68	linear	4	0	0	cold	0.0	0	0
68	68	linear	4	0	0	warm	0.0	0	0
68	68	linear	4	7	0	cold	0.0	0	0
68	68	linear	4	7	0	warm	1.7209199462481158e-63	0	0
68	68	linear	4	15	0	cold	0.0	0	0
68	68	linear	4	15	0	warm	4.1213480861045195e-65	0	0
68	68	linear	4	23	0	cold	0.0	0	0
68	68	linear	4	23	0	warm	1.3376033582655696e-63	0	0
68	68	uniform	0	0	0	cold	0.0	0	0
68	68	uniform	0	0	0	warm	0.0	0	0
68	68	uniform	0	7	0	cold	0.0	0	0
68	68	uniform	0	7	0	warm	4.200827921473158e-55	0	0
68	68	uniform	0	15	0	cold	0.0	0	0
68	68	uniform	0	15	0	warm	3.0303655387551374e-54	0	0
68	68	uniform	0	23	0	cold	0.0	0	0
68	68	uniform	0	23	0	warm	1.4234053917666105e-56	0	0
68	68	uniform	1	0	0	cold	0.0	0	0
68	68	uniform	1	0	0	warm	0.0	0	0
68	68	uniform	1	7	0	cold	0.0	0	0
68	68	uniform	1	7	0	warm	3.027477412014914e-59	0	0
68	68	uniform	1	15	0	cold	0.0	0	0
68	68	uniform	1	15	0	warm	1.5387438477580522e-58	0	0
68	68	uniform	1	23	0	cold	0.0	0	0
68	68	uniform	1	23	0	warm	6.690921467835105e-58	0	0
68	68	uniform	2	0	0	cold	0.0	0	0
68	68	uniform	2	0	0	warm	0.0	0	0
68	68	uniform	2	7	0	cold	0.0	0	0
68	68	uniform	2	7	0	warm	2.9784968178782016e-61	0	0
68	68	uniform	2	15	0	cold	0.0	0	0
68	68	uniform	2	15	0	warm	1.2628076170640454e-63	0	0
68	68	uniform	2	23	0	cold	0.0	0	0
68	68	uniform	2	23	0	warm	1.2685964804327996e-66	0	0
68	68	uniform	3	0	0	cold	0.0	0	0
68	68	uniform	3	0	0	warm	0.0	0	0
68	68	uniform	3	7	0	cold	0.0	0	0
68	68	uniform	3	7	0	warm	7.513649015254517e-60	0	0
68	68	uniform	3	15	0	cold	0.0	0	0
68	68	uniform	3	15	0	warm	6.509425353047128e-65	0	0
68	68	uniform	3	23	0	cold	0.0	0	0
68	68	uniform	3	23	0	warm	9.758457668530641e-64	0	0
68	68	uniform	4	0	0	cold	0.0	0	0
68	68	uniform	4	0	0	warm	0.0	0	0
68	68	uniform	4	7	0	cold	0.0	0	0
68	68	uniform	4	7	0	warm	1.7209199462481158e-63	0	0
68	68	uniform	4	15	0	cold	0.0	0	0
68	68	uniform	4	15	0	warm	4.1213480861045195e-65	0	0
68	68	uniform	4	23	0	cold	0.0	0	0
68	68	uniform	4	23	0	warm	1.3376033582655696e-63	0	0
69	69	linear	0	0	0	cold	0.0	0	0
69	69	linear	0	0	0	warm	0.0	0	0
69	69	linear	0	7	0	cold	0.0	0	0
69	69	linear	0	7	0	warm	4.114258267732288e-68	0	0
69	69	linear	0	15	0	cold	0.0	0	0
69	69	linear	0	15	0	warm	1.181326354090871e-72	0	0
69	69	linear	0	23	0	cold	0.0	0	0
69	69	linear	0	23	0	warm	5.904689052734268e-73	0	0
69	69	linear	1	0	0	cold	0.0	0	0
69	69	linear	1	0	0	warm	0.0	0	0
69	69	linear	1	7	0	cold	0.0	0	0
69	69	linear	1	7	0	warm	1.6518233070415545e-65	0	0
69	69	linear	1	15	0	cold	0.0	0	0
69	69	linear	1	15	0	warm	4.968320426391247e-63	0	0
69	69	linear	1	23	0	cold	0.0	0	0
69	69	linear	1	23	0	warm	1.2770947268000327e-60	0	0
69	69	linear	2	0	0	cold	0.0	0	0
69	69	linear	2	0	0	warm	0.0	0	0
69	69	linear	2	7	0	cold	0.0	0	0
69	69	linear	2	7	0	warm	4.3711993506260045e-68	0	0
69	69	linear	2	15	0	cold	0.0	0	0
69	69	linear	2	15	0	warm	1.7719161784086646e-67	0	0
69	69	linear	2	23	0	cold	0.0	0	0
69	69	linear	2	23	0	warm	3.722138272390985e-70	0	0
69	69	linear	3	0	0	cold	0.0	0	0
69	69	linear	3	0	0	warm	0.0	0	0
69	69	linear	3	7	0	cold	0.0	0	0
69	69	linear	3	7	0	warm	1.2132281222886124e-64	0	0
69	69	linear	3	15	0	cold	0.0	0	0
69	69	linear	3	15	0	warm	5.199019661564002e-62	0	0
69	69	linear	3	23	0	cold	0.0	0	0
69	69	linear	3	23	0	warm	4.389174675088743e-65	0	0
69	69	linear	4	0	0	cold	0.0	0	0
69	69	linear	4	0	0	warm	0.0	0	0
69	69	linear	4	7	0	cold	0.0	0	0
69	69	linear	4	7	0	warm	3.055976184685095e-63	0	0
69	69	linear	4	15	0	cold	0.0	0	0
69	69	linear	4	15	0	warm	1.36502948840618e-63	0	0
69	69	linear	4	23	0	cold	0.0	0	0
69	69	linear	4	23	0	warm	8.034427556301183e-64	0	0
69	69	uniform	0	0	0	cold	0.0	0	0
69	69	uniform	0	0	0	warm	0.0	0	0
69	69	uniform	0	7	0	cold	0.0	0	0
69	69	uniform	0	7	0	warm	4.114258267732288e-68	0	0
69	69	uniform	0	15	0	cold	0.0	0	0
69	69	uniform	0	15	0	warm	1.181326354090871e-72	0	0
69	69	uniform	0	23	0	cold	0.0	0	0
69	69	uniform	0	23	0	warm	5.904689052734268e-73	0	0
69	69	uniform	1	0	0	cold	0.0	0	0
69	69	uniform	1	0	0	warm	0.0	0	0
69	69	uniform	1	7	0	cold	0.0	0	0
69	69	uniform	1	7	0	warm	1.6518233070415545e-65	0	0
69	69	uniform	1	15	0	cold	0.0	0	0
69	69	uniform	1	15	0	warm	4.968320426391247e-63	0	0
69	69	uniform	1	23	0	cold	0.0	0	0
69	69	uniform	1	23	0	warm	1.2770947268000327e-60	0	0
69	69	uniform	2	0	0	cold	0.0	0	0
69	69	uniform	2	0	0	warm	0.0	0	0
69	69	uniform	2	7	0	cold	0.0	0	0
69	69	uniform	2	7	0	warm	4.3711993506260045e-68	0	0
69	69	uniform	2	15	0	cold	0.0	0	0
69	69	uniform	2	15	0	warm	1.7719161784086646e-67	0	0
69	69	uniform	2	23	0	cold	0.0	0	0
69	69	uniform	2	23	0	warm	3.722138272390985e-70	0	0
69	69	uniform	3	0	0	cold	0.0	0	0
69	69	uniform	3	0	0	warm	0.0	0	0
69	69	uniform	3	7	0	cold	0.0	0	0
69	69	uniform	3	7	0	warm	1.2132281222886124e-64	0	0
69	69	uniform	3	15	0	cold	0.0	0	0
69	69	uniform	3	15	0	warm	5.199019661564002e-62	0	0
69	69	uniform	3	23	0	cold	0.0	0	0
69	69	uniform	3	23	0	warm	4.389174675088743e-65	0	0
69	69	uniform	4	0	0	cold	0.0	0	0
69	69	uniform	4	0	0	warm	0.0	0	0
69	69	uniform	4	7	0	cold	0.0	0	0
69	69	uniform	4	7	0	warm	3.055976184685095e-63	0	0
69	69	uniform	4	15	0	cold	0.0	0	0
69	69	uniform	4	15	0	warm	1.36502948840618e-63	0	0
69	69	uniform	4	23	0	cold	0.0	0	0
69	69	uniform	4	23	0	warm	8.034427556301183e-64	0	0
70	70	linear	0	0	0	cold	0.0	0	0
70	70	linear	0	0	0	warm	0.0	0	0
70	70	linear	0	7	0	cold	0.0	0	0
70	70	linear	0	7	0	warm	1.5905926603163425e-55	0	0
70	70	linear	0	15	0	cold	0.0	0	0
70	70	linear	0	15	0	warm	1.0423554307860024e-57	0	0
70	70	linear	0	23	0	cold	0.0	0	0
70	70	linear	0	23	0	warm	1.0192913626472398e-61	0	0
70	70	linear	1	0	0	cold	0.0	0	0
70	70	linear	1	0	0	warm	0.0	0	0
70	70	linear	1	7	0	cold	0.0	0	0
70	70	linear	1	7	0	warm	7.43606222578262e-77	0	0
70	70	linear	1	15	0	cold	0.0	0	0
70	70	linear	1	15	0	warm	1.940753536241188e-43	0	0
70	70	linear	1	23	0	cold	0.0	0	0
70	70	linear	1	23	0	warm	5.222715924195981e-53	0	0
70	70	linear	2	0	0	cold	0.0	0	0
70	70	linear	2	0	0	warm	0.0	0	0
70	70	linear	2	7	0	cold	0.0	0	0
70	70	linear	2	7	0	warm	2.9630273811305798e-62	0	0
70	70	linear	2	15	0	cold	0.0	0	0
70	70	linear	2	15	0	warm	4.3601165576710476e-52	0	0
70	70	linear	2	23	0	cold	0.0	0	0
70	70	linear	2	23	0	warm	1.0120371239807633e-69	0	0
70	70	linear	3	0	0	cold	0.0	0	0
70	70	linear	3	0	0	warm	0.0	0	0
70	70	linear	3	7	0	cold	0.0	0	0
70	70	linear	3	7	0	warm	2.897135717448071e-46	0	0
70	70	linear	3	15	0	cold	0.0	0	0
70	70	linear	3	15	0	warm	2.268556003128845e-47	0	0
70	70	linear	3	23	0	cold	0.0	0	0
70	70	linear	3	23	0	warm	3.8586168494564464e-51	0	0
70	70	linear	4	0	0	cold	0.0	0	0
70	70	linear	4	0	0	warm	0.0	0	0
70	70	linear	4	7	0	cold	0.0	0	0
70	70	linear	4	7	0	warm	7.251466190540513e-52	0	0
70	70	linear	4	15	0	cold	0.0	0	0
70	70	linear	4	15	0	warm	4.7945323584430225e-52	0	0
70	70	linear	4	23	0	cold	0.0	0	0
70	70	linear	4	23	0	warm	2.5823494196076516e-51	0	0
70	70	uniform	0	0	0	cold	0.0	0	0
70	70	uniform	0	0	0	warm	0.0	0	0
70	70	uniform	0	7	0	cold	0.0	0	0
70	70	uniform	0	7	0	warm	1.5905926603163425e-55	0	0
70	70	uniform	0	15	0	cold	0.0	0	0
70	70	uniform	0	15	0	warm	1.0423554307860024e-57	0	0
70	70	uniform	0	23	0	cold	0.0	0	0
70	70	uniform	0	23	0	warm	1.0192913626472398e-61	0	0
70	70	uniform	1	0	0	cold	0.0	0	0
70	70	uniform	1	0	0	warm	0.0	0	0
70	70	uniform	1	7	0	cold	0.0	0	0
70	70	uniform	1	7	0	warm	7.43606222578262e-77	0	0
70	70	uniform	1	15	0	cold	0.0	0	0
70	70	uniform	1	15	0	warm	1.940753536241188e-43	0	0
70	70	uniform	1	23	0	cold	0.0	0	0
70	70	uniform	1	23	0	warm	5.222715924195981e-53	0	0
70	70	uniform	2	0	0	cold	0.0	0	0
70	70	uniform	2	0	0	warm	0.0	0	0
70	70	uniform	2	7	0	cold	0.0	0	0
70	70	uniform	2	7	0	warm	2.9630273811305798e-62	0	0
70	70	uniform	2	15	0	cold	0.0	0	0
70	70	uniform	2	15	0	warm	4.3601165576710476e-52	0	0
70	70	uniform	2	23	0	cold	0.0	0	0
70	70	uniform	2	23	0	warm	1.0120371239807633e-69	0	0
70	70	uniform	3	0	0	cold	0.0	0	0
70	70	uniform	3	0	0	warm	0.0	0	0
70	70	uniform	3	7	0	cold	0.0	0	0
70	70	uniform	3	7	0	warm	2.897135717448071e-46	0	0
70	70	uniform	3	15	0	cold	0.0	0	0
70	70	uniform	3	15	0	warm	2.268556003128845e-47	0	0
70	70	uniform	3	23	0	cold	0.0	0	0
70	70	uniform	3	23	0	warm	3.8586168494564464e-51	0	0
70	70	uniform	4	0	0	cold	0.0	0	0
70	70	uniform	4	0	0	warm	0.0	0	0
70	70	uniform	4	7	0	cold	0.0	0	0
70	70	uniform	4	7	0	warm	7.251466190540513e-52	0	0
70	70	uniform	4	15	0	cold	0.0	0	0
70	70	uniform	4	15	0	warm	4.7945323584430225e-52	0	0
70	70	uniform	4	23	0	cold	0.0	0	0
70	70	uniform	4	23	0	warm	2.5823494196076516e-51	0	0
71	71	linear	0	0	0	cold	0.0	0	0
71	71	linear	0	0	0	warm	0.0	0	0
71	71	linear	0	7	0	cold	0.0	0	0
71	71	linear	0	7	0	warm	1.2116115146433794e-33	0	0
71	71	linear	0	15	0	cold	0.0	0	0
71	71	linear	0	15	0	warm	2.9523519975058513e-39	0	0
71	71	linear	0	23	0	cold	0.0	0	0
71	71	linear	0	23	0	warm	9.331066236467366e-36	0	0
71	71	linear	1	0	0	cold	0.0	0	0
71	71	linear	1	0	0	warm	0.0	0	0
71	71	linear	1	7	0	cold	0.0	0	0
71	71	linear	1	7	0	warm	4.635685508966028e-34	0	0
71	71	linear	1	15	0	cold	0.0	0	0
71	71	linear	1	15	0	warm	6.100837596494867e-39	0	0
71	71	linear	1	23	0	cold	0.0	0	0
71	71	linear	1	23	0	warm	7.3872946185174374e-37	0	0
71	71	linear	2	0	0	cold	0.0	0	0
71	71	linear	2	0	0	warm	0.0	0	0
71	71	linear	2	7	0	cold	0.0	0	0
71	71	linear	2	7	0	warm	2.2163682750209683e-35	0	0
71	71	linear	2	15	0	cold	0.0	0	0
71	71	linear	2	15	0	warm	9.967184524277112e-17	0	0
71	71	linear	2	23	0	cold	0.0	0	0
71	71	linear	2	23	0	warm	9.303847792184022e-17	0	0
71	71	linear	3	0	0	cold	0.0	0	0
71	71	linear	3	0	0	warm	0.0	0	0
71	71	linear	3	7	0	cold	0.0	0	0
71	71	linear	3	7	0	warm	2.9643119989354014e-53	0	0
71	71	linear	3	15	0	cold	0.0	0	0
71	71	linear	3	15	0	warm	2.9389516951583173e-53	0	0
71	71	linear	3	23	0	cold	0.0	0	0
71	71	linear	3	23	0	warm	5.903323593282887e-53	0	0
71	71	linear	4	0	0	cold	0.0	0	0
71	71	linear	4	0	0	warm	0.0	0	0
71	71	linear	4	7	0	cold	0.0	0	0
71	71	linear	4	7	0	warm	7.423348241540455e-40	0	0
71	71	linear	4	15	0	cold	0.0	0	0
71	71	linear	4	15	0	warm	1.7999686655402465e-51	0	0
71	71	linear	4	23	0	cold	0.0	0	0
71	71	linear	4	23	0	warm	1.3882425437750853e-44	0	0
71	71	uniform	0	0	0	cold	0.0	0	0
71	71	uniform	0	0	0	warm	0.0	0	0
71	71	uniform	0	7	0	cold	0.0	0	0
71	71	uniform	0	7	0	warm	1.2116115146433794e-33	0	0
71	71	uniform	0	15	0	cold	0.0	0	0
71	71	uniform	0	15	0	warm	2.9523519975058513e-39	0	0
71	71	uniform	0	23	0	cold	0.0	0	0
71	71	uniform	0	23	0	warm	9.331066236467366e-36	0	0
71	71	uniform	1	0	0	cold	0.0	0	0
71	71	uniform	1	0	0	warm	0.0	0	0
71	71	uniform	1	7	0	cold	0.0	0	0
71	71	uniform	1	7	0	warm	4.635685508966028e-34	0	0
71	71	uniform	1	15	0	cold	0.0	0	0
71	71	uniform	1	15	0	warm	6.100837596494867e-39	0	0
71	71	uniform	1	23	0	cold	0.0	0	0
71	71	uniform	1	23	0	warm	7.3872946185174374e-37	0	0
71	71	uniform	2	0	0	cold	0.0	0	0
71	71	uniform	2	0	0	warm	0.0	0	0
71	71	uniform	2	7	0	cold	0.0	0	0
71	71	uniform	2	7	0	warm	2.2163682750209683e-35	0	0
71	71	uniform	2	15	0	cold	0.0	0	0
71	71	uniform	2	15	0	warm	9.967184524277112e-17	0	0
71	71	uniform	2	23	0	cold	0.0	0	0
71	71	uniform	2	23	0	warm	9.303847792184022e-17	0	0
71	71	uniform	3	0	0	cold	0.0	0	0
71	71	uniform	3	0	0	warm	0.0	0	0
71	71	uniform	3	7	0	cold	0.0	0	0
71	71	uniform	3	7	0	warm	2.9643119989354014e-53	0	0
71	71	uniform	3	15	0	cold	0.0	0	0
71	71	uniform	3	15	0	warm	2.9389516951583173e-53	0	0
71	71	uniform	3	23	0	cold	0.0	0	0
71	71	uniform	3	23	0	warm	5.903323593282887e-53	0	0
71	71	uniform	4	0	0	cold	0.0	0	0
71	71	uniform	4	0	0	warm	0.0	0	0
71	71	uniform	4	7	0	cold	0.0	0	0
71	71	uniform	4	7	0	warm	7.423348241540455e-40	0	0
71	71	uniform	4	15	0	cold	0.0	0	0
71	71	uniform	4	15	0	warm	1.7999686655402465e-51	0	0
71	71	uniform	4	23	0	cold	0.0	0	0
71	71	uniform	4	23	0	warm	1.3882425437750853e-44	0	0
72	72	linear	0	0	0	cold	0.0	0	0
72	72	linear	0	0	0	warm	0.0	0	0
72	72	linear	0	7	0	cold	0.0	0	0
72	72	linear	0	7	0	warm	7.184175439071063e-49	0	0
72	72	linear	0	15	0	cold	0.0	0	0
72	72	linear	0	15	0	warm	5.320282213248795e-47	0	0
72	72	linear	0	23	0	cold	0.0	0	0
72	72	linear	0	23	0	warm	2.6750935478118777e-47	0	0
72	72	linear	1	0	0	cold	0.0	0	0
72	72	linear	1	0	0	warm	0.0	0	0
72	72	linear	1	7	0	cold	0.0	0	0
72	72	linear	1	7	0	warm	2.753126728644169e-56	0	0
72	72	linear	1	15	0	cold	0.0	0	0
72	72	linear	1	15	0	warm	1.075797751363091e-54	0	0
72	72	linear	1	23	0	cold	0.0	0	0
72	72	linear	1	23	0	warm	1.0614002613334574e-50	0	0
72	72	linear	2	0	0	cold	0.0	0	0
72	72	linear	2	0	0	warm	0.0	0	0
72	72	linear	2	7	0	cold	0.0	0	0
72	72	linear	2	7	0	warm	5.4398839502161975e-56	0	0
72	72	linear	2	15	0	cold	0.0	0	0
72	72	linear	2	15	0	warm	1.6350233961490005e-39	0	0
72	72	linear	2	23	0	cold	0.0	0	0
72	72	linear	2	23	0	warm	9.865070543901852e-55	0	0
72	72	linear	3	0	0	cold	0.0	0	0
72	72	linear	3	0	0	warm	0.0	0	0
72	72	linear	3	7	0	cold	0.0	0	0
72	72	linear	3	7	0	warm	7.439225782239774e-48	0	0
72	72	linear	3	15	0	cold	0.0	0	0
72	72	linear	3	15	0	warm	1.254083056840474e-50	0	0
72	72	linear	3	23	0	cold	0.0	0	0
72	72	linear	3	23	0	warm	5.309886128474758e-49	0	0
72	72	linear	4	0	0	cold	0.0	0	0
72	72	linear	4	0	0	warm	0.0	0	0
72	72	linear	4	7	0	cold	0.0	0	0
72	72	linear	4	7	0	warm	1.9233226479025414e-16	0	0
72	72	linear	4	15	0	cold	0.0	0	0
72	72	linear	4	15	0	warm	8.975940348000974e-17	0	0
72	72	linear	4	23	0	cold	0.0	0	0
72	72	linear	4	23	0	warm	8.975537214468243e-17	0	0
72	72	uniform	0	0	0	cold	0.0	0	0
72	72	uniform	0	0	0	warm	0.0	0	0
72	72	uniform	0	7	0	cold	0.0	0	0
72	72	uniform	0	7	0	warm	7.184175439071063e-49	0	0
72	72	uniform	0	15	0	cold	0.0	0	0
72	72	uniform	0	15	0	warm	5.320282213248795e-47	0	0
72	72	uniform	0	23	0	cold	0.0	0	0
72	72	uniform	0	23	0	warm	2.6750935478118777e-47	0	0
72	72	uniform	1	0	0	cold	0.0	0	0
72	72	uniform	1	0	0	warm	0.0	0	0
72	72	uniform	1	7	0	cold	0.0	0	0
72	72	uniform	1	7	0	warm	2.753126728644169e-56	0	0
72	72	uniform	1	15	0	cold	0.0	0	0
72	72	uniform	1	15	0	warm	1.075797751363091e-54	0	0
72	72	uniform	1	23	0	cold	0.0	0	0
72	72	uniform	1	23	0	warm	1.0614002613334574e-50	0	0
72	72	uniform	2	0	0	cold	0.0	0	0
72	72	uniform	2	0	0	warm	0.0	0	0
72	72	uniform	2	7	0	cold	0.0	0	0
72	72	uniform	2	7	0	warm	5.4398839502161975e-56	0	0
72	72	uniform	2	15	0	cold	0.0	0	0
72	72	uniform	2	15	0	warm	1.6350233961490005e-39	0	0
72	72	uniform	2	23	0	cold	0.0	0	0
72	72	uniform	2	23	0	warm	9.865070543901852e-55	0	0
72	72	uniform	3	0	0	cold	0.0	0	0
72	72	uniform	3	0	0	warm	0.0	0	0
72	72	uniform	3	7	0	cold	0.0	0	0
72	72	uniform	3	7	0	warm	7.439225782239774e-48	0	0
72	72	uniform	3	15	0	cold	0.0	0	0
72	72	uniform	3	15	0	warm	1.254083056840474e-50	0	0
72	72	uniform	3	23	0	cold	0.0	0	0
72	72	uniform	3	23	0	warm	5.309886128474758e-49	0	0
72	72	uniform	4	0	0	cold	0.0	0	0
72	72	uniform	4	0	0	warm	0.0	0	0
72	72	uniform	4	7	0	cold	0.0	0	0
72	72	uniform	4	7	0	warm	1.9233226479025414e-16	0	0
72	72	uniform	4	15	0	cold	0.0	0	0
72	72	uniform	4	15	0	warm	8.975940348000974e-17	0	0
72	72	uniform	4	23	0	cold	0.0	0	0
72	72	uniform	4	23	0	warm	8.975537214468243e-17	0	0
73	73	linear	0	0	0	cold	0.0	0	0
73	73	linear	0	0	0	warm	0.0	0	0
73	73	linear	0	7	0	cold	0.0	0	0
73	73	linear	0	7	0	warm	3.1797977886214503e-58	0	0
73	73	linear	0	15	0	cold	0.0	0	0
73	73	linear	0	15	0	warm	1.4249606426607666e-50	0	0
73	73	linear	0	23	0	cold	0.0	0	0
73	73	linear	0	23	0	warm	2.3551772303595357e-51	0	0
73	73	linear	1	0	0	cold	0.0	0	0
73	73	linear	1	0	0	warm	0.0	0	0
73	73	linear	1	7	0	cold	0.0	0	0
73	73	linear	1	7	0	warm	2.4618929314122324e-68	0	0
73	73	linear	1	15	0	cold	0.0	0	0
73	73	linear	1	15	0	warm	5.769107945553063e-70	0	0
73	73	linear	1	23	0	cold	0.0	0	0
73	73	linear	1	23	0	warm	5.5801464012384386e-70	0	0
73	73	linear	2	0	0	cold	0.0	0	0
73	73	linear	2	0	0	warm	0.0	0	0
73	73	linear	2	7	0	cold	0.0	0	0
73	73	linear	2	7	0	warm	6.014351614811032e-62	0	0
73	73	linear	2	15	0	cold	0.0	0	0
73	73	linear	2	15	0	warm	3.118538583063178e-58	0	0
73	73	linear	2	23	0	cold	0.0	0	0
73	73	linear	2	23	0	warm	2.823799116033255e-47	0	0
73	73	linear	3	0	0	cold	0.0	0	0
73	73	linear	3	0	0	warm	0.0	0	0
73	73	linear	3	7	0	cold	0.0	0	0
73	73	linear	3	7	0	warm	1.4481910943552165e-77	0	0
73	73	linear	3	15	0	cold	0.0	0	0
73	73	linear	3	15	0	warm	5.128174583690349e-77	0	0
73	73	linear	3	23	0	cold	0.0	0	0
73	73	linear	3	23	0	warm	1.0927362398935358e-74	0	0
73	73	linear	4	0	0	cold	0.0	0	0
73	73	linear	4	0	0	warm	0.0	0	0
73	73	linear	4	7	0	cold	0.0	0	0
73	73	linear	4	7	0	warm	1.3645176563579126e-49	0	0
73	73	linear	4	15	0	cold	0.0	0	0
73	73	linear	4	15	0	warm	2.035936773961679e-50	0	0
73	73	linear	4	23	0	cold	0.0	0	0
73	73	linear	4	23	0	warm	1.03665026304646e-49	0	0
73	73	uniform	0	0	0	cold	0.0	0	0
73	73	uniform	0	0	0	warm	0.0	0	0
73	73	uniform	0	7	0	cold	0.0	0	0
73	73	uniform	0	7	0	warm	3.1797977886214503e-58	0	0
73	73	uniform	0	15	0	cold	0.0	0	0
73	73	uniform	0	15	0	warm	1.4249606426607666e-50	0	0
73	73	uniform	0	23	0	cold	0.0	0	0
73	73	uniform	0	23	0	warm	2.3551772303595357e-51	0	0
73	73	uniform	1	0	0	cold	0.0	0	0
73	73	uniform	1	0	0	warm	0.0	0	0
73	73	uniform	1	7	0	cold	0.0	0	0
73	73	uniform	1	7	0	warm	2.4618929314122324e-68	0	0
73	73	uniform	1	15	0	cold	0.0	0	0
73	73	uniform	1	15	0	warm	5.769107945553063e-70	0	0
73	73	uniform	1	23	0	cold	0.0	0	0
73	73	uniform	1	23	0	warm	5.5801464012384386e-70	0	0
73	73	uniform	2	0	0	cold	0.0	0	0
73	73	uniform	2	0	0	warm	0.0	0	0
73	73	uniform	2	7	0	cold	0.0	0	0
73	73	uniform	2	7	0	warm	6.014351614811032e-62	0	0
73	73	uniform	2	15	0	cold	0.0	0	0
73	73	uniform	2	15	0	warm	3.118538583063178e-58	0	0
73	73	uniform	2	23	0	cold	0.0	0	0
73	73	uniform	2	23	0	warm	2.823799116033255e-47	0	0
73	73	uniform	3	0	0	cold	0.0	0	0
73	73	uniform	3	0	0	warm	0.0	0	0
73	73	uniform	3	7	0	cold	0.0	0	0
73	73	uniform	3	7	0	warm	1.4481910943552165e-77	0	0
73	73	uniform	3	15	0	cold	0.0	0	0
73	73	uniform	3	15	0	warm	5.128174583690349e-77	0	0
73	73	uniform	3	23	0	cold	0.0	0	0
73	73	uniform	3	23	0	warm	1.0927362398935358e-74	0	0
73	73	uniform	4	0	0	cold	0.0	0	0
73	73	uniform	4	0	0	warm	0.0	0	0
73	73	uniform	4	7	0	cold	0.0	0	0
73	73	uniform	4	7	0	warm	1.3645176563579126e-49	0	0
73	73	uniform	4	15	0	cold	0.0	0	0
73	73	uniform	4	15	0	warm	2.035936773961679e-50	0	0
73	73	uniform	4	23	0	cold	0.0	0	0
73	73	uniform	4	23	0	warm	1.03665026304646e-49	0	0
74	74	linear	0	0	0	cold	0.0	0	0
74	74	linear	0	0	0	warm	0.0	0	0
74	74	linear	0	7	0	cold	0.0	0	0
74	74	linear	0	7	0	warm	6.413621665184064e-45	0	0
74	74	linear	0	15	0	cold	0.0	0	0
74	74	linear	0	15	0	warm	6.3905090683342965e-55	0	0
74	74	linear	0	23	0	cold	0.0	0	0
74	74	linear	0	23	0	warm	9.957576136426715e-45	0	0
74	74	linear	1	0	0	cold	0.0	0	0
74	74	linear	1	0	0	warm	0.0	0	0
74	74	linear	1	7	0	cold	0.0	0	0
74	74	linear	1	7	0	warm	9.257227204799619e-38	0	0
74	74	linear	1	15	0	cold	0.0	0	0
74	74	linear	1	15	0	warm	1.9647726718742236e-41	0	0
74	74	linear	1	23	0	cold	0.0	0	0
74	74	linear	1	23	0	warm	4.020208937074866e-49	0	0
74	74	linear	2	0	0	cold	0.0	0	0
74	74	linear	2	0	0	warm	0.0	0	0
74	74	linear	2	7	0	cold	0.0	0	0
74	74	linear	2	7	0	warm	5.025403998573417e-49	0	0
74	74	linear	2	15	0	cold	0.0	0	0
74	74	linear	2	15	0	warm	8.250964981032702e-58	0	0
74	74	linear	2	23	0	cold	0.0	0	0
74	74	linear	2	23	0	warm	2.339864751074369e-58	0	0
74	74	linear	3	0	0	cold	0.0	0	0
74	74	linear	3	0	0	warm	0.0	0	0
74	74	linear	3	7	0	cold	0.0	0	0
74	74	linear	3	7	0	warm	5.337549095543549e-71	0	0
74	74	linear	3	15	0	cold	0.0	0	0
74	74	linear	3	15	0	warm	1.0804176618184216e-71	0	0
74	74	linear	3	23	0	cold	0.0	0	0
74	74	linear	3	23	0	warm	5.2842910634720034e-73	0	0
74	74	linear	4	0	0	cold	0.0	0	0
74	74	linear	4	0	0	warm	0.0	0	0
74	74	linear	4	7	0	cold	0.0	0	0
74	74	linear	4	7	0	warm	2.932101106777788e-57	0	0
74	74	linear	4	15	0	cold	0.0	0	0
74	74	linear	4	15	0	warm	1.2163688143575072e-57	0	0
74	74	linear	4	23	0	cold	0.0	0	0
74	74	linear	4	23	0	warm	2.6067560821481705e-57	0	0
74	74	uniform	0	0	0	cold	0.0	0	0
74	74	uniform	0	0	0	warm	0.0	0	0
74	74	uniform	0	7	0	cold	0.0	0	0
74	74	uniform	0	7	0	warm	6.413621665184064e-45	0	0
74	74	uniform	0	15	0	cold	0.0	0	0
74	74	uniform	0	15	0	warm	6.3905090683342965e-55	0	0
74	74	uniform	0	23	0	cold	0.0	0	0
74	74	uniform	0	23	0	warm	9.957576136426715e-45	0	0
74	74	uniform	1	0	0	cold	0.0	0	0
74	74	uniform	1	0	0	warm	0.0	0	0
74	74	uniform	1	7	0	cold	0.0	0	0
74	74	uniform	1	7	0	warm	9.257227204799619e-38	0	0
74	74	uniform	1	15	0	cold	0.0	0	0
74	74	uniform	1	15	0	warm	1.9647726718742236e-41	0	0
74	74	uniform	1	23	0	cold	0.0	0	0
74	74	uniform	1	23	0	warm	4.020208937074866e-49	0	0
74	74	uniform	2	0	0	cold	0.0	0	0
74	74	uniform	2	0	0	warm	0.0	0	0
74	74	uniform	2	7	0	cold	0.0	0	0
74	74	uniform	2	7	0	warm	5.025403998573417e-49	0	0
74	74	uniform	2	15	0	cold	0.0	0	0
74	74	uniform	2	15	0	warm	8.250964981032702e-58	0	0
74	74	uniform	2	23	0	cold	0.0	0	0
74	74	uniform	2	23	0	warm	2.339864751074369e-58	0	0
74	74	uniform	3	0	0	cold	0.0	0	0
74	74	uniform	3	0	0	warm	0.0	0	0
74	74	uniform	3	7	0	cold	0.0	0	0
74	74	uniform	3	7	0	warm	5.337549095543549e-71	0	0
74	74	uniform	3	15	0	cold	0.0	0	0
74	74	uniform	3	15	0	warm	1.0804176618184216e-71	0	0
74	74	uniform	3	23	0	cold	0.0	0	0
74	74	uniform	3	23	0	warm	5.2842910634720034e-73	0	0
74	74	uniform	4	0	0	cold	0.0	0	0
74	74	uniform	4	0	0	warm	0.0	0	0
74	74	uniform	4	7	0	cold	0.0	0	0
74	74	uniform	4	7	0	warm	2.932101106777788e-57	0	0
74	74	uniform	4	15	0	cold	0.0	0	0
74	74	uniform	4	15	0	warm	1.2163688143575072e-57	0	0
74	74	uniform	4	23	0	cold	0.0	0	0
74	74	uniform	4	23	0	warm	2.6067560821481705e-57	0	0
75	75	linear	0	0	0	cold	0.0	0	0
75	75	linear	0	0	0	warm	0.0	0	0
75	75	linear	0	7	0	cold	0.0	0	0
75	75	linear	0	7	0	warm	0.0	0	0
75	75	linear	0	15	0	cold	0.0	0	0
75	75	linear	0	15	0	warm	1.9600130757023355e-73	0	0
75	75	linear	0	23	0	cold	0.0	0	0
75	75	linear	0	23	0	warm	5.411122302253232e-72	0	0
75	75	linear	1	0	0	cold	0.0	0	0
75	75	linear	1	0	0	warm	0.0	0	0
75	75	linear	1	7	0	cold	0.0	0	0
75	75	linear	1	7	0	warm	2.9599647433969895e-66	0	0
75	75	linear	1	15	0	cold	0.0	0	0
75	75	linear	1	15	0	warm	4.538948982163523e-64	0	0
75	75	linear	1	23	0	cold	0.0	0	0
75	75	linear	1	23	0	warm	2.412912978035604e-56	0	0
75	75	linear	2	0	0	cold	0.0	0	0
75	75	linear	2	0	0	warm	0.0	0	0
75	75	linear	2	7	0	cold	0.0	0	0
75	75	linear	2	7	0	warm	7.842567800532612e-67	0	0
75	75	linear	2	15	0	cold	0.0	0	0
75	75	linear	2	15	0	warm	8.895016580542104e-69	0	0
75	75	linear	2	23	0	cold	0.0	0	0
75	75	linear	2	23	0	warm	5.2018955529645745e-70	0	0
75	75	linear	3	0	0	cold	0.0	0	0
75	75	linear	3	0	0	warm	0.0	0	0
75	75	linear	3	7	0	cold	0.0	0	0
75	75	linear	3	7	0	warm	1.1146449537203938e-68	0	0
75	75	linear	3	15	0	cold	0.0	0	0
75	75	linear	3	15	0	warm	1.3835795562013446e-69	0	0
75	75	linear	3	23	0	cold	0.0	0	0
75	75	linear	3	23	0	warm	2.5433452827331465e-72	0	0
75	75	linear	4	0	0	cold	0.0	0	0
75	75	linear	4	0	0	warm	0.0	0	0
75	75	linear	4	7	0	cold	0.0	0	0
75	75	linear	4	7	0	warm	9.026768577610802e-59	0	0
75	75	linear	4	15	0	cold	0.0	0	0
75	75	linear	4	15	0	warm	3.565883750931515e-57	0	0
75	75	linear	4	23	0	cold	0.0	0	0
75	75	linear	4	23	0	warm	3.0289646175016864e-58	0	0
75	75	uniform	0	0	0	cold	0.0	0	0
75	75	uniform	0	0	0	warm	0.0	0	0
75	75	uniform	0	7	0	cold	0.0	0	0
75	75	uniform	0	7	0	warm	0.0	0	0
75	75	uniform	0	15	0	cold	0.0	0	0
75	75	uniform	0	15	0	warm	1.9600130757023355e-73	0	0
75	75	uniform	0	23	0	cold	0.0	0	0
75	75	uniform	0	23	0	warm	5.411122302253232e-72	0	0
75	75	uniform	1	0	0	cold	0.0	0	0
75	75	uniform	1	0	0	warm	0.0	0	0
75	75	uniform	1	7	0	cold	0.0	0	0
75	75	uniform	1	7	0	warm	2.9599647433969895e-66	0	0
75	75	uniform	1	15	0	cold	0.0	0	0
75	75	uniform	1	15	0	warm	4.538948982163523e-64	0	0
75	75	uniform	1	23	0	cold	0.0	0	0
75	75	uniform	1	23	0	warm	2.412912978035604e-56	0	0
75	75	uniform	2	0	0	cold	0.0	0	0
75	75	uniform	2	0	0	warm	0.0	0	0
75	75	uniform	2	7	0	cold	0.0	0	0
75	75	uniform	2	7	0	warm	7.842567800532612e-67	0	0
75	75	uniform	2	15	0	cold	0.0	0	0
75	75	uniform	2	15	0	warm	8.895016580542104e-69	0	0
75	75	uniform	2	23	0	cold	0.0	0	0
75	75	uniform	2	23	0	warm	5.2018955529645745e-70	0	0
75	75	uniform	3	0	0	cold	0.0	0	0
75	75	uniform	3	0	0	warm	0.0	0	0
75	75	uniform	3	7	0	cold	0.0	0	0
75	75	uniform	3	7	0	warm	1.1146449537203938e-68	0	0
75	75	uniform	3	15	0	cold	0.0	0	0
75	75	uniform	3	15	0	warm	1.3835795562013446e-69	0	0
75	75	uniform	3	23	0	cold	0.0	0	0
75	75	uniform	3	23	0	warm	2.5433452827331465e-72	0	0
75	75	uniform	4	0	0	cold	0.0	0	0
75	75	uniform	4	0	0	warm	0.0	0	0
75	75	uniform	4	7	0	cold	0.0	0	0
75	75	uniform	4	7	0	warm	9.026768577610802e-59	0	0
75	75	uniform	4	15	0	cold	0.0	0	0
75	75	uniform	4	15	0	warm	3.565883750931515e-57	0	0
75	75	uniform	4	23	0	cold	0.0	0	0
75	75	uniform	4	23	0	warm	3.0289646175016864e-58	0	0
76	76	linear	0	0	0	cold	0.0	0	0
76	76	linear	0	0	0	warm	0.0	0	0
76	76	linear	0	7	0	cold	0.0	0	0
76	76	linear	0	7	0	warm	3.9249128629515672e-56	0	0
76	76	linear	0	15	0	cold	0.0	0	0
76	76	linear	0	15	0	warm	1.661395155787124e-48	0	0
76	76	linear	0	23	0	cold	0.0	0	0
76	76	linear	0	23	0	warm	1.6978092322830393e-47	0	0
76	76	linear	1	0	0	cold	0.0	0	0
76	76	linear	1	0	0	warm	0.0	0	0
76	76	linear	1	7	0	cold	0.0	0	0
76	76	linear	1	7	0	warm	3.566008875659361e-55	0	0
76	76	linear	1	15	0	cold	0.0	0	0
76	76	linear	1	15	0	warm	2.5060484759212507e-55	0	0
76	76	linear	1	23	0	cold	0.0	0	0
76	76	linear	1	23	0	warm	2.8650615326208663e-56	0	0
76	76	linear	2	0	0	cold	0.0	0	0
76	76	linear	2	0	0	warm	0.0	0	0
76	76	linear	2	7	0	cold	0.0	0	0
76	76	linear	2	7	0	warm	2.024959190352298e-60	0	0
76	76	linear	2	15	0	cold	0.0	0	0
76	76	linear	2	15	0	warm	9.913076711270923e-61	0	0
76	76	linear	2	23	0	cold	0.0	0	0
76	76	linear	2	23	0	warm	2.8161232515303217e-62	0	0
76	76	linear	3	0	0	cold	0.0	0	0
76	76	linear	3	0	0	warm	0.0	0	0
76	76	linear	3	7	0	cold	0.0	0	0
76	76	linear	3	7	0	warm	2.2572433043165196e-48	0	0
76	76	linear	3	15	0	cold	0.0	0	0
76	76	linear	3	15	0	warm	5.714369363295661e-51	0	0
76	76	linear	3	23	0	cold	0.0	0	0
76	76	linear	3	23	0	warm	9.195801900252171e-53	0	0
76	76	linear	4	0	0	cold	0.0	0	0
76	76	linear	4	0	0	warm	0.0	0	0
76	76	linear	4	7	0	cold	0.0	0	0
76	76	linear	4	7	0	warm	9.342647173492509e-53	0	0
76	76	linear	4	15	0	cold	0.0	0	0
76	76	linear	4	15	0	warm	6.856996446671231e-51	0	0
76	76	linear	4	23	0	cold	0.0	0	0
76	76	linear	4	23	0	warm	6.101454617575721e-48	0	0
76	76	uniform	0	0	0	cold	0.0	0	0
76	76	uniform	0	0	0	warm	0.0	0	0
76	76	uniform	0	7	0	cold	0.0	0	0
76	76	uniform	0	7	0	warm	3.9249128629515672e-56	0	0
76	76	uniform	0	15	0	cold	0.0	0	0
76	76	uniform	0	15	0	warm	1.661395155787124e-48	0	0
76	76	uniform	0	23	0	cold	0.0	0	0
76	76	uniform	0	23	0	warm	1.6978092322830393e-47	0	0
76	76	uniform	1	0	0	cold	0.0	0	0
76	76	uniform	1	0	0	warm	0.0	0	0
76	76	uniform	1	7	0	cold	0.0	0	0
76	76	uniform	1	7	0	warm	3.566008875659361e-55	0	0
76	76	uniform	1	15	0	cold	0.0	0	0
76	76	uniform	1	15	0	warm	2.5060484759212507e-55	0	0
76	76	uniform	1	23	0	cold	0.0	0	0
76	76	uniform	1	23	0	warm	2.8650615326208663e-56	0	0
76	76	uniform	2	0	0	cold	0.0	0	0
76	76	uniform	2	0	0	warm	0.0	0	0
76	76	uniform	2	7	0	cold	0.0	0	0
76	76	uniform	2	7	0	warm	2.024959190352298e-60	0	0
76	76	uniform	2	15	0	cold	0.0	0	0
76	76	uniform	2	15	0	warm	9.913076711270923e-61	0	0
76	76	uniform	2	23	0	cold	0.0	0	0
76	76	uniform	2	23	0	warm	2.8161232515303217e-62	0	0
76	76	uniform	3	0	0	cold	0.0	0	0
76	76	uniform	3	0	0	warm	0.0	0	0
76	76	uniform	3	7	0	cold	0.0	0	0
76	76	uniform	3	7	0	warm	2.2572433043165196e-48	0	0
76	76	uniform	3	15	0	cold	0.0	0	0
76	76	uniform	3	15	0	warm	5.714369363295661e-51	0	0
76	76	uniform	3	23	0	cold	0.0	0	0
76	76	uniform	3	23	0	warm	9.195801900252171e-53	0	0
76	76	uniform	4	0	0	cold	0.0	0	0
76	76	uniform	4	0	0	warm	0.0	0	0
76	76	uniform	4	7	0	cold	0.0	0	0
76	76	uniform	4	7	0	warm	9.342647173492509e-53	0	0
76	76	uniform	4	15	0	cold	0.0	0	0
76	76	uniform	4	15	0	warm	6.856996446671231e-51	0	0
76	76	uniform	4	23	0	cold	0.0	0	0
76	76	uniform	4	23	0	warm	6.101454617575721e-48	0	0
77	77	linear	0	0	0	cold	0.0	0	0
77	77	linear	0	0	0	warm	0.0	0	0
77	77	linear	0	7	0	cold	0.0	0	0
77	77	linear	0	7	0	warm	1.0617060271577674e-43	0	0
77	77	linear	0	15	0	cold	0.0	0	0
77	77	linear	0	15	0	warm	5.724634838977673e-48	0	0
77	77	linear	0	23	0	cold	0.0	0	0
77	77	linear	0	23	0	warm	1.5992595677854633e-41	0	0
77	77	linear	1	0	0	cold	0.0	0	0
77	77	linear	1	0	0	warm	0.0	0	0
77	77	linear	1	7	0	cold	0.0	0	0
77	77	linear	1	7	0	warm	2.3337452767170217e-54	0	0
77	77	linear	1	15	0	cold	0.0	0	0
77	77	linear	1	15	0	warm	5.6815528975317575e-55	0	0
77	77	linear	1	23	0	cold	0.0	0	0
77	77	linear	1	23	0	warm	1.7753376151928974e-57	0	0
77	77	linear	2	0	0	cold	0.0	0	0
77	77	linear	2	0	0	warm	0.0	0	0
77	77	linear	2	7	0	cold	0.0	0	0
77	77	linear	2	7	0	warm	2.6432246381858346e-60	0	0
77	77	linear	2	15	0	cold	0.0	0	0
77	77	linear	2	15	0	warm	3.472216273994174e-60	0	0
77	77	linear	2	23	0	cold	0.0	0	0
77	77	linear	2	23	0	warm	2.4183795035649e-62	0	0
77	77	linear	3	0	0	cold	0.0	0	0
77	77	linear	3	0	0	warm	0.0	0	0
77	77	linear	3	7	0	cold	0.0	0	0
77	77	linear	3	7	0	warm	1.8280521142928017e-50	0	0
77	77	linear	3	15	0	cold	0.0	0	0
77	77	linear	3	15	0	warm	1.3949650562333774e-51	0	0
77	77	linear	3	23	0	cold	0.0	0	0
77	77	linear	3	23	0	warm	5.479212883602345e-52	0	0
77	77	linear	4	0	0	cold	0.0	0	0
77	77	linear	4	0	0	warm	0.0	0	0
77	77	linear	4	7	0	cold	0.0	0	0
77	77	linear	4	7	0	warm	8.686227833509053e-74	0	0
77	77	linear	4	15	0	cold	0.0	0	0
77	77	linear	4	15	0	warm	1.3683627044568484e-74	0	0
77	77	linear	4	23	0	cold	0.0	0	0
77	77	linear	4	23	0	warm	1.3319092772796282e-46	0	0
77	77	uniform	0	0	0	cold	0.0	0	0
77	77	uniform	0	0	0	warm	0.0	0	0
77	77	uniform	0	7	0	cold	0.0	0	0
77	77	uniform	0	7	0	warm	1.0617060271577674e-43	0	0
77	77	uniform	0	15	0	cold	0.0	0	0
77	77	uniform	0	15	0	warm	5.724634838977673e-48	0	0
77	77	uniform	0	23	0	cold	0.0	0	0
77	77	uniform	0	23	0	warm	1.5992595677854633e-41	0	0
77	77	uniform	1	0	0	cold	0.0	0	0
77	77	uniform	1	0	0	warm	0.0	0	0
77	77	uniform	1	7	0	cold	0.0	0	0
77	77	uniform	1	7	0	warm	2.3337452767170217e-54	0	0
77	77	uniform	1	15	0	cold	0.0	0	0
77	77	uniform	1	15	0	warm	5.6815528975317575e-55	0	0
77	77	uniform	1	23	0	cold	0.0	0	0
77	77	uniform	1	23	0	warm	1.7753376151928974e-57	0	0
77	77	uniform	2	0	0	cold	0.0	0	0
77	77	uniform	2	0	0	warm	0.0	0	0
77	77	uniform	2	7	0	cold	0.0	0	0
77	77	uniform	2	7	0	warm	2.6432246381858346e-60	0	0
77	77	uniform	2	15	0	cold	0.0	0	0
77	77	uniform	2	15	0	warm	3.472216273994174e-60	0	0
77	77	uniform	2	23	0	cold	0.0	0	0
77	77	uniform	2	23	0	warm	2.4183795035649e-62	0	0
77	77	uniform	3	0	0	cold	0.0	0	0
77	77	uniform	3	0	0	warm	0.0	0	0
77	77	uniform	3	7	0	cold	0.0	0	0
77	77	uniform	3	7	0	warm	1.8280521142928017e-50	0	0
77	77	uniform	3	15	0	cold	0.0	0	0
77	77	uniform	3	15	0	warm	1.3949650562333774e-51	0	0
77	77	uniform	3	23	0	cold	0.0	0	0
77	77	uniform	3	23	0	warm	5.479212883602345e-52	0	0
77	77	uniform	4	0	0	cold	0.0	0	0
77	77	uniform	4	0	0	warm	0.0	0	0
77	77	uniform	4	7	0	cold	0.0	0	0
77	77	uniform	4	7	0	warm	8.686227833509053e-74	0	0
77	77	uniform	4	15	0	cold	0.0	0	0
77	77	uniform	4	15	0	warm	1.3683627044568484e-74	0	0
77	77	uniform	4	23	0	cold	0.0	0	0
77	77	uniform	4	23	0	warm	1.3319092772796282e-46	0	0
78	78	linear	0	0	0	cold	0.0	0	0
78	78	linear	0	0	0	warm	0.0	0	0
78	78	linear	0	7	0	cold	0.0	0	0
78	78	linear	0	7	0	warm	5.803699565217815e-41	0	0
78	78	linear	0	15	0	cold	0.0	0	0
78	78	linear	0	15	0	warm	6.148923607274399e-42	0	0
78	78	linear	0	23	0	cold	0.0	0	0
78	78	linear	0	23	0	warm	5.389783440394929e-43	0	0
78	78	linear	1	0	0	cold	0.0	0	0
78	78	linear	1	0	0	warm	0.0	0	0
78	78	linear	1	7	0	cold	0.0	0	0
78	78	linear	1	7	0	warm	2.5118386114936576e-65	0	0
78	78	linear	1	15	0	cold	0.0	0	0
78	78	linear	1	15	0	warm	3.624304013636495e-60	0	0
78	78	linear	1	23	0	cold	0.0	0	0
78	78	linear	1	23	0	warm	2.288625302693247e-61	0	0
78	78	linear	2	0	0	cold	0.0	0	0
78	78	linear	2	0	0	warm	0.0	0	0
78	78	linear	2	7	0	cold	0.0	0	0
78	78	linear	2	7	0	warm	1.9439020484315686e-53	0	0
78	78	linear	2	15	0	cold	0.0	0	0
78	78	linear	2	15	0	warm	1.191401702948974e-53	0	0
78	78	linear	2	23	0	cold	0.0	0	0
78	78	linear	2	23	0	warm	1.291104782524196e-53	0	0
78	78	linear	3	0	0	cold	0.0	0	0
78	78	linear	3	0	0	warm	0.0	0	0
78	78	linear	3	7	0	cold	0.0	0	0
78	78	linear	3	7	0	warm	1.9171751631976343e-45	0	0
78	78	linear	3	15	0	cold	0.0	0	0
78	78	linear	3	15	0	warm	1.3284601496290168e-43	0	0
78	78	linear	3	23	0	cold	0.0	0	0
78	78	linear	3	23	0	warm	4.837199829062554e-47	0	0
78	78	linear	4	0	0	cold	0.0	0	0
78	78	linear	4	0	0	warm	0.0	0	0
78	78	linear	4	7	0	cold	0.0	0	0
78	78	linear	4	7	0	warm	1.9452726050131084e-57	0	0
78	78	linear	4	15	0	cold	0.0	0	0
78	78	linear	4	15	0	warm	3.0390131802796395e-56	0	0
78	78	linear	4	23	0	cold	0.0	0	0
78	78	linear	4	23	0	warm	1.0091834262559771e-56	0	0
78	78	uniform	0	0	0	cold	0.0	0	0
78	78	uniform	0	0	0	warm	0.0	0	0
78	78	uniform	0	7	0	cold	0.0	0	0
78	78	uniform	0	7	0	warm	5.803699565217815e-41	0	0
78	78	uniform	0	15	0	cold	0.0	0	0
78	78	uniform	0	15	0	warm	6.148923607274399e-42	0	0
78	78	uniform	0	23	0	cold	0.0	0	0
78	78	uniform	0	23	0	warm	5.389783440394929e-43	0	0
78	78	uniform	1	0	0	cold	0.0	0	0
78	78	uniform	1	0	0	warm	0.0	0	0
78	78	uniform	1	7	0	cold	0.0	0	0
78	78	uniform	1	7	0	warm	2.5118386114936576e-65	0	0
78	78	uniform	1	15	0	cold	0.0	0	0
78	78	uniform	1	15	0	warm	3.624304013636495e-60	0	0
78	78	uniform	1	23	0	cold	0.0	0	0
78	78	uniform	1	23	0	warm	2.288625302693247e-61	0	0
78	78	uniform	2	0	0	cold	0.0	0	0
78	78	uniform	2	0	0	warm	0.0	0	0
78	78	uniform	2	7	0	cold	0.0	0	0
78	78	uniform	2	7	0	warm	1.9439020484315686e-53	0	0
78	78	uniform	2	15	0	cold	0.0	0	0
78	78	uniform	2	15	0	warm	1.191401702948974e-53	0	0
78	78	uniform	2	23	0	cold	0.0	0	0
78	78	uniform	2	23	0	warm	1.291104782524196e-53	0	0
78	78	uniform	3	0	0	cold	0.0	0	0
78	78	uniform	3	0	0	warm	0.0	0	0
78	78	uniform	3	7	0	cold	0.0	0	0
78	78	uniform	3	7	0	warm	1.9171751631976343e-45	0	0
78	78	uniform	3	15	0	cold	0.0	0	0
78	78	uniform	3	15	0	warm	1.3284601496290168e-43	0	0
78	78	uniform	3	23	0	cold	0.0	0	0
78	78	uniform	3	23	0	warm	4.837199829062554e-47	0	0
78	78	uniform	4	0	0	cold	0.0	0	0
78	78	uniform	4	0	0	warm	0.0	0	0
78	78	uniform	4	7	0	cold	0.0	0	0
78	78	uniform	4	7	0	warm	1.9452726050131084e-57	0	0
78	78	uniform	4	15	0	cold	0.0	0	0
78	78	uniform	4	15	0	warm	3.0390131802796395e-56	0	0
78	78	uniform	4	23	0	cold	0.0	0	0
78	78	uniform	4	23	0	warm	1.0091834262559771e-56	0	0
79	79	linear	0	0	0	cold	0.0	0	0
79	79	linear	0	0	0	warm	0.0	0	0
79	79	linear	0	7	0	cold	0.0	0	0
79	79	linear	0	7	0	warm	3.403624574022978e-59	0	0
79	79	linear	0	15	0	cold	0.0	0	0
79	79	linear	0	15	0	warm	2.0604682078392667e-60	0	0
79	79	linear	0	23	0	cold	0.0	0	0
79	79	linear	0	23	0	warm	1.1440546546439142e-61	0	0
79	79	linear	1	0	0	cold	0.0	0	0
79	79	linear	1	0	0	warm	0.0	0	0
79	79	linear	1	7	0	cold	0.0	0	0
79	79	linear	1	7	0	warm	3.581226742493216e-59	0	0
79	79	linear	1	15	0	cold	0.0	0	0
79	79	linear	1	15	0	warm	7.13762839682219e-59	0	0
79	79	linear	1	23	0	cold	0.0	0	0
79	79	linear	1	23	0	warm	9.602816132693249e-61	0	0
79	79	linear	2	0	0	cold	0.0	0	0
79	79	linear	2	0	0	warm	0.0	0	0
79	79	linear	2	7	0	cold	0.0	0	0
79	79	linear	2	7	0	warm	1.2668125578543293e-63	0	0
79	79	linear	2	15	0	cold	0.0	0	0
79	79	linear	2	15	0	warm	1.77438115032295e-63	0	0
79	79	linear	2	23	0	cold	0.0	0	0
79	79	linear	2	23	0	warm	1.0144135378505207e-63	0	0
79	79	linear	3	0	0	cold	0.0	0	0
79	79	linear	3	0	0	warm	0.0	0	0
79	79	linear	3	7	0	cold	0.0	0	0
79	79	linear	3	7	0	warm	1.7642069684271022e-50	0	0
79	79	linear	3	15	0	cold	0.0	0	0
79	79	linear	3	15	0	warm	1.110760836091039e-49	0	0
79	79	linear	3	23	0	cold	0.0	0	0
79	79	linear	3	23	0	warm	3.4900660103172695e-53	0	0
79	79	linear	4	0	0	cold	0.0	0	0
79	79	linear	4	0	0	warm	0.0	0	0
79	79	linear	4	7	0	cold	0.0	0	0
79	79	linear	4	7	0	warm	1.7264353599093823e-58	0	0
79	79	linear	4	15	0	cold	0.0	0	0
79	79	linear	4	15	0	warm	4.7283348995966836e-57	0	0
79	79	linear	4	23	0	cold	0.0	0	0
79	79	linear	4	23	0	warm	7.144923399441428e-58	0	0
79	79	uniform	0	0	0	cold	0.0	0	0
79	79	uniform	0	0	0	warm	0.0	0	0
79	79	uniform	0	7	0	cold	0.0	0	0
79	79	uniform	0	7	0	warm	3.403624574022978e-59	0	0
79	79	uniform	0	15	0	cold	0.0	0	0
79	79	uniform	0	15	0	warm	2.0604682078392667e-60	0	0
79	79	uniform	0	23	0	cold	0.0	0	0
79	79	uniform	0	23	0	warm	1.1440546546439142e-61	0	0
79	79	uniform	1	0	0	cold	0.0	0	0
79	79	uniform	1	0	0	warm	0.0	0	0
79	79	uniform	1	7	0	cold	0.0	0	0
79	79	uniform	1	7	0	warm	3.581226742493216e-59	0	0
79	79	uniform	1	15	0	cold	0.0	0	0
79	79	uniform	1	15	0	warm	7.13762839682219e-59	0	0
79	79	uniform	1	23	0	cold	0.0	0	0
79	79	uniform	1	23	0	warm	9.602816132693249e-61	0	0
79	79	uniform	2	0	0	cold	0.0	0	0
79	79	uniform	2	0	0	warm	0.0	0	0
79	79	uniform	2	7	0	cold	0.0	0	0
79	79	uniform	2	7	0	warm	1.2668125578543293e-63	0	0
79	79	uniform	2	15	0	cold	0.0	0	0
79	79	uniform	2	15	0	warm	1.77438115032295e-63	0	0
79	79	uniform	2	23	0	cold	0.0	0	0
79	79	uniform	2	23	0	warm	1.0144135378505207e-63	0	0
79	79	uniform	3	0	0	cold	0.0	0	0
79	79	uniform	3	0	0	warm	0.0	0	0
79	79	uniform	3	7	0	cold	0.0	0	0
79	79	uniform	3	7	0	warm	1.7642069684271022e-50	0	0
79	79	uniform	3	15	0	cold	0.0	0	0
79	79	uniform	3	15	0	warm	1.110760836091039e-49	0	0
79	79	uniform	3	23	0	cold	0.0	0	0
79	79	uniform	3	23	0	warm	3.4900660103172695e-53	0	0
79	79	uniform	4	0	0	cold	0.0	0	0
79	79	uniform	4	0	0	warm	0.0	0	0
79	79	uniform	4	7	0	cold	0.0	0	0
79	79	uniform	4	7	0	warm	1.7264353599093823e-58	0	0
79	79	uniform	4	15	0	cold	0.0	0	0
79	79	uniform	4	15	0	warm	4.7283348995966836e-57	0	0
79	79	uniform	4	23	0	cold	0.0	0	0
79	79	uniform	4	23	0	warm	7.144923399441428e-58	0	0
80	80	linear	0	0	0	cold	0.0	0	0
80	80	linear	0	0	0	warm	0.0	0	0
80	80	linear	0	7	0	cold	0.0	0	0
80	80	linear	0	7	0	warm	6.289425340089127e-66	0	0
80	80	linear	0	15	0	cold	0.0	0	0
80	80	linear	0	15	0	warm	5.048101537159733e-71	0	0
80	80	linear	0	23	0	cold	0.0	0	0
80	80	linear	0	23	0	warm	9.572347215014784e-47	0	0
80	80	linear	1	0	0	cold	0.0	0	0
80	80	linear	1	0	0	warm	0.0	0	0
80	80	linear	1	7	0	cold	0.0	0	0
80	80	linear	1	7	0	warm	7.500865720963247e-54	0	0
80	80	linear	1	15	0	cold	0.0	0	0
80	80	linear	1	15	0	warm	6.685976213636649e-53	0	0
80	80	linear	1	23	0	cold	0.0	0	0
80	80	linear	1	23	0	warm	9.068133341799276e-55	0	0
80	80	linear	2	0	0	cold	0.0	0	0
80	80	linear	2	0	0	warm	0.0	0	0
80	80	linear	2	7	0	cold	0.0	0	0
80	80	linear	2	7	0	warm	3.094245205490782e-45	0	0
80	80	linear	2	15	0	cold	0.0	0	0
80	80	linear	2	15	0	warm	2.887641284603116e-47	0	0
80	80	linear	2	23	0	cold	0.0	0	0
80	80	linear	2	23	0	warm	7.333312622925623e-50	0	0
80	80	linear	3	0	0	cold	0.0	0	0
80	80	linear	3	0	0	warm	0.0	0	0
80	80	linear	3	7	0	cold	0.0	0	0
80	80	linear	3	7	0	warm	8.038382603853157e-48	0	0
80	80	linear	3	15	0	cold	0.0	0	0
80	80	linear	3	15	0	warm	2.2305971207829712e-72	0	0
80	80	linear	3	23	0	cold	0.0	0	0
80	80	linear	3	23	0	warm	1.3142892982728386e-45	0	0
80	80	linear	4	0	0	cold	0.0	0	0
80	80	linear	4	0	0	warm	0.0	0	0
80	80	linear	4	7	0	cold	0.0	0	0
80	80	linear	4	7	0	warm	1.0257826535142376e-58	0	0
80	80	linear	4	15	0	cold	0.0	0	0
80	80	linear	4	15	0	warm	1.2329457584131415e-59	0	0
80	80	linear	4	23	0	cold	0.0	0	0
80	80	linear	4	23	0	warm	5.954345851319918e-59	0	0
80	80	uniform	0	0	0	cold	0.0	0	0
80	80	uniform	0	0	0	warm	0.0	0	0
80	80	uniform	0	7	0	cold	0.0	0	0
80	80	uniform	0	7	0	warm	6.289425340089127e-66	0	0
80	80	uniform	0	15	0	cold	0.0	0	0
80	80	uniform	0	15	0	warm	5.048101537159733e-71	0	0
80	80	uniform	0	23	0	cold	0.0	0	0
80	80	uniform	0	23	0	warm	9.572347215014784e-47	0	0
80	80	uniform	1	0	0	cold	0.0	0	0
80	80	uniform	1	0	0	warm	0.0	0	0
80	80	uniform	1	7	0	cold	0.0	0	0
80	80	uniform	1	7	0	warm	7.500865720963247e-54	0	0
80	80	uniform	1	15	0	cold	0.0	0	0
80	80	uniform	1	15	0	warm	6.685976213636649e-53	0	0
80	80	uniform	1	23	0	cold	0.0	0	0
80	80	uniform	1	23	0	warm	9.068133341799276e-55	0	0
80	80	uniform	2	0	0	cold	0.0	0	0
80	80	uniform	2	0	0	warm	0.0	0	0
80	80	uniform	2	7	0	cold	0.0	0	0
80	80	uniform	2	7	0	warm	3.094245205490782e-45	0	0
80	80	uniform	2	15	0	cold	0.0	0	0
80	80	uniform	2	15	0	warm	2.887641284603116e-47	0	0
80	80	uniform	2	23	0	cold	0.0	0	0
80	80	uniform	2	23	0	warm	7.333312622925623e-50	0	0
80	80	uniform	3	0	0	cold	0.0	0	0
80	80	uniform	3	0	0	warm	0.0	0	0
80	80	uniform	3	7	0	cold	0.0	0	0
80	80	uniform	3	7	0	warm	8.038382603853157e-48	0	0
80	80	uniform	3	15	0	cold	0.0	0	0
80	80	uniform	3	15	0	warm	2.2305971207829712e-72	0	0
80	80	uniform	3	23	0	cold	0.0	0	0
80	80	uniform	3	23	0	warm	1.3142892982728386e-45	0	0
80	80	uniform	4	0	0	cold	0.0	0	0
80	80	uniform	4	0	0	warm	0.0	0	0
80	80	uniform	4	7	0	cold	0.0	0	0
80	80	uniform	4	7	0	warm	1.0257826535142376e-58	0	0
80	80	uniform	4	15	0	cold	0.0	0	0
80	80	uniform	4	15	0	warm	1.2329457584131415e-59	0	0
80	80	uniform	4	23	0	cold	0.0	0	0
80	80	uniform	4	23	0	warm	5.954345851319918e-59	0	0
81	81	linear	0	0	0	cold	0.0	0	0
81	81	linear	0	0	0	warm	0.0	0	0
81	81	linear	0	7	0	cold	0.0	0	0
81	81	linear	0	7	0	warm	3.467515760632962e-70	0	0
81	81	linear	0	15	0	cold	0.0	0	0
81	81	linear	0	15	0	warm	4.7543184169361906e-70	0	0
81	81	linear	0	23	0	cold	0.0	0	0
81	81	linear	0	23	0	warm	7.424982802266266e-70	0	0
81	81	linear	1	0	0	cold	0.0	0	0
81	81	linear	1	0	0	warm	0.0	0	0
81	81	linear	1	7	0	cold	0.0	0	0
81	81	linear	1	7	0	warm	8.372214393387856e-64	0	0
81	81	linear	1	15	0	cold	0.0	0	0
81	81	linear	1	15	0	warm	8.32992462498743e-64	0	0
81	81	linear	1	23	0	cold	0.0	0	0
81	81	linear	1	23	0	warm	6.796327094455466e-66	0	0
81	81	linear	2	0	0	cold	0.0	0	0
81	81	linear	2	0	0	warm	0.0	0	0
81	81	linear	2	7	0	cold	0.0	0	0
81	81	linear	2	7	0	warm	1.0515468817716866e-67	0	0
81	81	linear	2	15	0	cold	0.0	0	0
81	81	linear	2	15	0	warm	2.124398759204485e-67	0	0
81	81	linear	2	23	0	cold	0.0	0	0
81	81	linear	2	23	0	warm	9.020649784298229e-62	0	0
81	81	linear	3	0	0	cold	0.0	0	0
81	81	linear	3	0	0	warm	0.0	0	0
81	81	linear	3	7	0	cold	0.0	0	0
81	81	linear	3	7	0	warm	1.3637037851055386e-70	0	0
81	81	linear	3	15	0	cold	0.0	0	0
81	81	linear	3	15	0	warm	0.0	0	0
81	81	linear	3	23	0	cold	0.0	0	0
81	81	linear	3	23	0	warm	4.286092963075678e-71	0	0
81	81	linear	4	0	0	cold	0.0	0	0
81	81	linear	4	0	0	warm	0.0	0	0
81	81	linear	4	7	0	cold	0.0	0	0
81	81	linear	4	7	0	warm	0.0	0	0
81	81	linear	4	15	0	cold	0.0	0	0
81	81	linear	4	15	0	warm	1.5699397851693797e-69	0	0
81	81	linear	4	23	0	cold	0.0	0	0
81	81	linear	4	23	0	warm	0.0	0	0
81	81	uniform	0	0	0	cold	0.0	0	0
81	81	uniform	0	0	0	warm	0.0	0	0
81	81	uniform	0	7	0	cold	0.0	0	0
81	81	uniform	0	7	0	warm	3.467515760632962e-70	0	0
81	81	uniform	0	15	0	cold	0.0	0	0
81	81	uniform	0	15	0	warm	4.7543184169361906e-70	0	0
81	81	uniform	0	23	0	cold	0.0	0	0
81	81	uniform	0	23	0	warm	7.424982802266266e-70	0	0
81	81	uniform	1	0	0	cold	0.0	0	0
81	81	uniform	1	0	0	warm	0.0	0	0
81	81	uniform	1	7	0	cold	0.0	0	0
81	81	uniform	1	7	0	warm	8.372214393387856e-64	0	0
81	81	uniform	1	15	0	cold	0.0	0	0
81	81	uniform	1	15	0	warm	8.32992462498743e-64	0	0
81	81	uniform	1	23	0	cold	0.0	0	0
81	81	uniform	1	23	0	warm	6.796327094455466e-66	0	0
81	81	uniform	2	0	0	cold	0.0	0	0
81	81	uniform	2	0	0	warm	0.0	0	0
81	81	uniform	2	7	0	cold	0.0	0	0
81	81	uniform	2	7	0	warm	1.0515468817716866e-67	0	0
81	81	uniform	2	15	0	cold	0.0	0	0
81	81	uniform	2	15	0	warm	2.124398759204485e-67	0	0
81	81	uniform	2	23	0	cold	0.0	0	0
81	81	uniform	2	23	0	warm	9.020649784298229e-62	0	0
81	81	uniform	3	0	0	cold	0.0	0	0
81	81	uniform	3	0	0	warm	0.0	0	0
81	81	uniform	3	7	0	cold	0.0	0	0
81	81	uniform	3	7	0	warm	1.3637037851055386e-70	0	0
81	81	uniform	3	15	0	cold	0.0	0	0
81	81	uniform	3	15	0	warm	0.0	0	0
81	81	uniform	3	23	0	cold	0.0	0	0
81	81	uniform	3	23	0	warm	4.286092963075678e-71	0	0
81	81	uniform	4	0	0	cold	0.0	0	0
81	81	uniform	4	0	0	warm	0.0	0	0
81	81	uniform	4	7	0	cold	0.0	0	0
81	81	uniform	4	7	0	warm	0.0	0	0
81	81	uniform	4	15	0	cold	0.0	0	0
81	81	uniform	4	15	0	warm	1.5699397851693797e-69	0	0
81	81	uniform	4	23	0	cold	0.0	0	0
81	81	uniform	4	23	0	warm	0.0	0	0
82	82	linear	0	0	0	cold	0.0	0	0
82	82	linear	0	0	0	warm	0.0	0	0
82	82	linear	0	7	0	cold	0.0	0	0
82	82	linear	0	7	0	warm	0.0	0	0
82	82	linear	0	15	0	cold	0.0	0	0
82	82	linear	0	15	0	warm	0.0	0	0
82	82	linear	0	23	0	cold	0.0	0	0
82	82	linear	0	23	0	warm	0.0	0	0
82	82	linear	1	0	0	cold	0.0	0	0
82	82	linear	1	0	0	warm	0.0	0	0
82	82	linear	1	7	0	cold	0.0	0	0
82	82	linear	1	7	0	warm	2.9542727690387114e-73	0	0
82	82	linear	1	15	0	cold	0.0	0	0
82	82	linear	1	15	0	warm	4.217446635827766e-71	0	0
82	82	linear	1	23	0	cold	0.0	0	0
82	82	linear	1	23	0	warm	9.240530817339762e-71	0	0
82	82	linear	2	0	0	cold	0.0	0	0
82	82	linear	2	0	0	warm	0.0	0	0
82	82	linear	2	7	0	cold	0.0	0	0
82	82	linear	2	7	0	warm	8.018670822106311e-72	0	0
82	82	linear	2	15	0	cold	0.0	0	0
82	82	linear	2	15	0	warm	4.4174776894973044e-71	0	0
82	82	linear	2	23	0	cold	0.0	0	0
82	82	linear	2	23	0	warm	2.0038810270604326e-73	0	0
82	82	linear	3	0	0	cold	0.0	0	0
82	82	linear	3	0	0	warm	0.0	0	0
82	82	linear	3	7	0	cold	0.0	0	0
82	82	linear	3	7	0	warm	1.7502769733363656e-71	0	0
82	82	linear	3	15	0	cold	0.0	0	0
82	82	linear	3	15	0	warm	3.669000154527696e-71	0	0
82	82	linear	3	23	0	cold	0.0	0	0
82	82	linear	3	23	0	warm	8.53229667626416e-71	0	0
82	82	linear	4	0	0	cold	0.0	0	0
82	82	linear	4	0	0	warm	0.0	0	0
82	82	linear	4	7	0	cold	0.0	0	0
82	82	linear	4	7	0	warm	5.2810460084591634e-76	0	0
82	82	linear	4	15	0	cold	0.0	0	0
82	82	linear	4	15	0	warm	2.6301552249894206e-77	0	0
82	82	linear	4	23	0	cold	0.0	0	0
82	82	linear	4	23	0	warm	4.36346860963061e-78	0	0
82	82	uniform	0	0	0	cold	0.0	0	0
82	82	uniform	0	0	0	warm	0.0	0	0
82	82	uniform	0	7	0	cold	0.0	0	0
82	82	uniform	0	7	0	warm	0.0	0	0
82	82	uniform	0	15	0	cold	0.0	0	0
82	82	uniform	0	15	0	warm	0.0	0	0
82	82	uniform	0	23	0	cold	0.0	0	0
82	82	uniform	0	23	0	warm	0.0	0	0
82	82	uniform	1	0	0	cold	0.0	0	0
82	82	uniform	1	0	0	warm	0.0	0	0
82	82	uniform	1	7	0	cold	0.0	0	0
82	82	uniform	1	7	0	warm	2.9542727690387114e-73	0	0
82	82	uniform	1	15	0	cold	0.0	0	0
82	82	uniform	1	15	0	warm	4.217446635827766e-71	0	0
82	82	uniform	1	23	0	cold	0.0	0	0
82	82	uniform	1	23	0	warm	9.240530817339762e-71	0	0
82	82	uniform	2	0	0	cold	0.0	0	0
82	82	uniform	2	0	0	warm	0.0	0	0
82	82	uniform	2	7	0	cold	0.0	0	0
82	82	uniform	2	7	0	warm	8.018670822106311e-72	0	0
82	82	uniform	2	15	0	cold	0.0	0	0
82	82	uniform	2	15	0	warm	4.4174776894973044e-71	0	0
82	82	uniform	2	23	0	cold	0.0	0	0
82	82	uniform	2	23	0	warm	2.0038810270604326e-73	0	0
82	82	uniform	3	0	0	cold	0.0	0	0
82	82	uniform	3	0	0	warm	0.0	0	0
82	82	uniform	3	7	0	cold	0.0	0	0
82	82	uniform	3	7	0	warm	1.7502769733363656e-71	0	0
82	82	uniform	3	15	0	cold	0.0	0	0
82	82	uniform	3	15	0	warm	3.669000154527696e-71	0	0
82	82	uniform	3	23	0	cold	0.0	0	0
82	82	uniform	3	23	0	warm	8.53229667626416e-71	0	0
82	82	uniform	4	0	0	cold	0.0	0	0
82	82	uniform	4	0	0	warm	0.0	0	0
82	82	uniform	4	7	0	cold	0.0	0	0
82	82	uniform	4	7	0	warm	5.2810460084591634e-76	0	0
82	82	uniform	4	15	0	cold	0.0	0	0
82	82	uniform	4	15	0	warm	2.6301552249894206e-77	0	0
82	82	uniform	4	23	0	cold	0.0	0	0
82	82	uniform	4	23	0	warm	4.36346860963061e-78	0	0
83	83	linear	0	0	0	cold	0.0	0	0
83	83	linear	0	0	0	warm	0.0	0	0
83	83	linear	0	7	0	cold	0.0	0	0
83	83	linear	0	7	0	warm	1.2106420241765987e-47	0	0
83	83	linear	0	15	0	cold	0.0	0	0
83	83	linear	0	15	0	warm	5.425583608784924e-48	0	0
83	83	linear	0	23	0	cold	0.0	0	0
83	83	linear	0	23	0	warm	8.817421418873116e-49	0	0
83	83	linear	1	0	0	cold	0.0	0	0
83	83	linear	1	0	0	warm	0.0	0	0
83	83	linear	1	7	0	cold	0.0	0	0
83	83	linear	1	7	0	warm	5.796297454466514e-51	0	0
83	83	linear	1	15	0	cold	0.0	0	0
83	83	linear	1	15	0	warm	5.0891134435823796e-48	0	0
83	83	linear	1	23	0	cold	0.0	0	0
83	83	linear	1	23	0	warm	5.435949543893784e-50	0	0
83	83	linear	2	0	0	cold	0.0	0	0
83	83	linear	2	0	0	warm	0.0	0	0
83	83	linear	2	7	0	cold	0.0	0	0
83	83	linear	2	7	0	warm	1.335531303894828e-51	0	0
83	83	linear	2	15	0	cold	0.0	0	0
83	83	linear	2	15	0	warm	2.9569762492888507e-53	0	0
83	83	linear	2	23	0	cold	0.0	0	0
83	83	linear	2	23	0	warm	3.2435000044587745e-54	0	0
83	83	linear	3	0	0	cold	0.0	0	0
83	83	linear	3	0	0	warm	0.0	0	0
83	83	linear	3	7	0	cold	0.0	0	0
83	83	linear	3	7	0	warm	7.946298551210505e-43	0	0
83	83	linear	3	15	0	cold	0.0	0	0
83	83	linear	3	15	0	warm	5.680497522712642e-39	0	0
83	83	linear	3	23	0	cold	0.0	0	0
83	83	linear	3	23	0	warm	2.666341104962765e-37	0	0
83	83	linear	4	0	0	cold	0.0	0	0
83	83	linear	4	0	0	warm	0.0	0	0
83	83	linear	4	7	0	cold	0.0	0	0
83	83	linear	4	7	0	warm	1.4431988675558077e-51	0	0
83	83	linear	4	15	0	cold	0.0	0	0
83	83	linear	4	15	0	warm	7.977558662250232e-50	0	0
83	83	linear	4	23	0	cold	0.0	0	0
83	83	linear	4	23	0	warm	2.8987088931949855e-50	0	0
83	83	uniform	0	0	0	cold	0.0	0	0
83	83	uniform	0	0	0	warm	0.0	0	0
83	83	uniform	0	7	0	cold	0.0	0	0
83	83	uniform	0	7	0	warm	1.2106420241765987e-47	0	0
83	83	uniform	0	15	0	cold	0.0	0	0
83	83	uniform	0	15	0	warm	5.425583608784924e-48	0	0
83	83	uniform	0	23	0	cold	0.0	0	0
83	83	uniform	0	23	0	warm	8.817421418873116e-49	0	0
83	83	uniform	1	0	0	cold	0.0	0	0
83	83	uniform	1	0	0	warm	0.0	0	0
83	83	uniform	1	7	0	cold	0.0	0	0
83	83	uniform	1	7	0	warm	5.796297454466514e-51	0	0
83	83	uniform	1	15	0	cold	0.0	0	0
83	83	uniform	1	15	0	warm	5.0891134435823796e-48	0	0
83	83	uniform	1	23	0	cold	0.0	0	0
83	83	uniform	1	23	0	warm	5.435949543893784e-50	0	0
83	83	uniform	2	0	0	cold	0.0	0	0
83	83	uniform	2	0	0	warm	0.0	0	0
83	83	uniform	2	7	0	cold	0.0	0	0
83	83	uniform	2	7	0	warm	1.335531303894828e-51	0	0
83	83	uniform	2	15	0	cold	0.0	0	0
83	83	uniform	2	15	0	warm	2.9569762492888507e-53	0	0
83	83	uniform	2	23	0	cold	0.0	0	0
83	83	uniform	2	23	0	warm	3.2435000044587745e-54	0	0
83	83	uniform	3	0	0	cold	0.0	0	0
83	83	uniform	3	0	0	warm	0.0	0	0
83	83	uniform	3	7	0	cold	0.0	0	0
83	83	uniform	3	7	0	warm	7.946298551210505e-43	0	0
83	83	uniform	3	15	0	cold	0.0	0	0
83	83	uniform	3	15	0	warm	5.680497522712642e-39	0	0
83	83	uniform	3	23	0	cold	0.0	0	0
83	83	uniform	3	23	0	warm	2.666341104962765e-37	0	0
83	83	uniform	4	0	0	cold	0.0	0	0
83	83	uniform	4	0	0	warm	0.0	0	0
83	83	uniform	4	7	0	cold	0.0	0	0
83	83	uniform	4	7	0	warm	1.4431988675558077e-51	0	0
83	83	uniform	4	15	0	cold	0.0	0	0
83	83	uniform	4	15	0	warm	7.977558662250232e-50	0	0
83	83	uniform	4	23	0	cold	0.0	0	0
83	83	uniform	4	23	0	warm	2.8987088931949855e-50	0	0
84	84	linear	0	0	0	cold	0.0	0	0
84	84	linear	0	0	0	warm	0.0	0	0
84	84	linear	0	7	0	cold	0.0	0	0
84	84	linear	0	7	0	warm	7.320311572805341e-60	0	0
84	84	linear	0	15	0	cold	0.0	0	0
84	84	linear	0	15	0	warm	2.4632040543775765e-60	0	0
84	84	linear	0	23	0	cold	0.0	0	0
84	84	linear	0	23	0	warm	9.308272636957265e-61	0	0
84	84	linear	1	0	0	cold	0.0	0	0
84	84	linear	1	0	0	warm	0.0	0	0
84	84	linear	1	7	0	cold	0.0	0	0
84	84	linear	1	7	0	warm	3.987923507593314e-51	0	0
84	84	linear	1	15	0	cold	0.0	0	0
84	84	linear	1	15	0	warm	1.1656988171300606e-50	0	0
84	84	linear	1	23	0	cold	0.0	0	0
84	84	linear	1	23	0	warm	1.0838811950433854e-51	0	0
84	84	linear	2	0	0	cold	0.0	0	0
84	84	linear	2	0	0	warm	0.0	0	0
84	84	linear	2	7	0	cold	0.0	0	0
84	84	linear	2	7	0	warm	3.163810196899707e-45	0	0
84	84	linear	2	15	0	cold	0.0	0	0
84	84	linear	2	15	0	warm	1.8444845572707735e-46	0	0
84	84	linear	2	23	0	cold	0.0	0	0
84	84	linear	2	23	0	warm	1.3183671659230466e-41	0	0
84	84	linear	3	0	0	cold	0.0	0	0
84	84	linear	3	0	0	warm	0.0	0	0
84	84	linear	3	7	0	cold	0.0	0	0
84	84	linear	3	7	0	warm	3.907875882344831e-55	0	0
84	84	linear	3	15	0	cold	0.0	0	0
84	84	linear	3	15	0	warm	4.4672676177240294e-42	0	0
84	84	linear	3	23	0	cold	0.0	0	0
84	84	linear	3	23	0	warm	2.4219999002569837e-53	0	0
84	84	linear	4	0	0	cold	0.0	0	0
84	84	linear	4	0	0	warm	0.0	0	0
84	84	linear	4	7	0	cold	0.0	0	0
84	84	linear	4	7	0	warm	1.8193351018929664e-52	0	0
84	84	linear	4	15	0	cold	0.0	0	0
84	84	linear	4	15	0	warm	1.3226908116763124e-51	0	0
84	84	linear	4	23	0	cold	0.0	0	0
84	84	linear	4	23	0	warm	3.6607218509071703e-51	0	0
84	84	uniform	0	0	0	cold	0.0	0	0
84	84	uniform	0	0	0	warm	0.0	0	0
84	84	uniform	0	7	0	cold	0.0	0	0
84	84	uniform	0	7	0	warm	7.320311572805341e-60	0	0
84	84	uniform	0	15	0	cold	0.0	0	0
84	84	uniform	0	15	0	warm	2.4632040543775765e-60	0	0
84	84	uniform	0	23	0	cold	0.0	0	0
84	84	uniform	0	23	0	warm	9.308272636957265e-61	0	0
84	84	uniform	1	0	0	cold	0.0	0	0
84	84	uniform	1	0	0	warm	0.0	0	0
84	84	uniform	1	7	0	cold	0.0	0	0
84	84	uniform	1	7	0	warm	3.987923507593314e-51	0	0
84	84	uniform	1	15	0	cold	0.0	0	0
84	84	uniform	1	15	0	warm	1.1656988171300606e-50	0	0
84	84	uniform	1	23	0	cold	0.0	0	0
84	84	uniform	1	23	0	warm	1.0838811950433854e-51	0	0
84	84	uniform	2	0	0	cold	0.0	0	0
84	84	uniform	2	0	0	warm	0.0	0	0
84	84	uniform	2	7	0	cold	0.0	0	0
84	84	uniform	2	7	0	warm	3.163810196899707e-45	0	0
84	84	uniform	2	15	0	cold	0.0	0	0
84	84	uniform	2	15	0	warm	1.8444845572707735e-46	0	0
84	84	uniform	2	23	0	cold	0.0	0	0
84	84	uniform	2	23	0	warm	1.3183671659230466e-41	0	0
84	84	uniform	3	0	0	cold	0.0	0	0
84	84	uniform	3	0	0	warm	0.0	0	0
84	84	uniform	3	7	0	cold	0.0	0	0
84	84	uniform	3	7	0	warm	3.907875882344831e-55	0	0
84	84	uniform	3	15	0	cold	0.0	0	0
84	84	uniform	3	15	0	warm	4.4672676177240294e-42	0	0
84	84	uniform	3	23	0	cold	0.0	0	0
84	84	uniform	3	23	0	warm	2.4219999002569837e-53	0	0
84	84	uniform	4	0	0	cold	0.0	0	0
84	84	uniform	4	0	0	warm	0.0	0	0
84	84	uniform	4	7	0	cold	0.0	0	0
84	84	uniform	4	7	0	warm	1.8193351018929664e-52	0	0
84	84	uniform	4	15	0	cold	0.0	0	0
84	84	uniform	4	15	0	warm	1.3226908116763124e-51	0	0
84	84	uniform	4	23	0	cold	0.0	0	0
84	84	uniform	4	23	0	warm	3.6607218509071703e-51	0	0
85	85	linear	0	0	0	cold	0.0	0	0
85	85	linear	0	0	0	warm	0.0	0	0
85	85	linear	0	7	0	cold	0.0	0	0
85	85	linear	0	7	0	warm	8.925181094432563e-56	0	0
85	85	linear	0	15	0	cold	0.0	0	0
85	85	linear	0	15	0	warm	2.9455913106090415e-56	0	0
85	85	linear	0	23	0	cold	0.0	0	0
85	85	linear	0	23	0	warm	4.619341470945162e-56	0	0
85	85	linear	1	0	0	cold	0.0	0	0
85	85	linear	1	0	0	warm	0.0	0	0
85	85	linear	1	7	0	cold	0.0	0	0
85	85	linear	1	7	0	warm	6.3561542993929965e-53	0	0
85	85	linear	1	15	0	cold	0.0	0	0
85	85	linear	1	15	0	warm	1.3730088312889592e-52	0	0
85	85	linear	1	23	0	cold	0.0	0	0
85	85	linear	1	23	0	warm	3.167769903111995e-53	0	0
85	85	linear	2	0	0	cold	0.0	0	0
85	85	linear	2	0	0	warm	0.0	0	0
85	85	linear	2	7	0	cold	0.0	0	0
85	85	linear	2	7	0	warm	4.360685160900455e-56	0	0
85	85	linear	2	15	0	cold	0.0	0	0
85	85	linear	2	15	0	warm	4.165313197077288e-56	0	0
85	85	linear	2	23	0	cold	0.0	0	0
85	85	linear	2	23	0	warm	1.0110439784895073e-47	0	0
85	85	linear	3	0	0	cold	0.0	0	0
85	85	linear	3	0	0	warm	0.0	0	0
85	85	linear	3	7	0	cold	0.0	0	0
85	85	linear	3	7	0	warm	3.581488028026413e-62	0	0
85	85	linear	3	15	0	cold	0.0	0	0
85	85	linear	3	15	0	warm	2.455050363368569e-63	0	0
85	85	linear	3	23	0	cold	0.0	0	0
85	85	linear	3	23	0	warm	3.4906807929848544e-61	0	0
85	85	linear	4	0	0	cold	0.0	0	0
85	85	linear	4	0	0	warm	0.0	0	0
85	85	linear	4	7	0	cold	0.0	0	0
85	85	linear	4	7	0	warm	1.4821696279466587e-53	0	0
85	85	linear	4	15	0	cold	0.0	0	0
85	85	linear	4	15	0	warm	3.993945253058412e-53	0	0
85	85	linear	4	23	0	cold	0.0	0	0
85	85	linear	4	23	0	warm	2.145214843894958e-55	0	0
85	85	uniform	0	0	0	cold	0.0	0	0
85	85	uniform	0	0	0	warm	0.0	0	0
85	85	uniform	0	7	0	cold	0.0	0	0
85	85	uniform	0	7	0	warm	8.925181094432563e-56	0	0
85	85	uniform	0	15	0	cold	0.0	0	0
85	85	uniform	0	15	0	warm	2.9455913106090415e-56	0	0
85	85	uniform	0	23	0	cold	0.0	0	0
85	85	uniform	0	23	0	warm	4.619341470945162e-56	0	0
85	85	uniform	1	0	0	cold	0.0	0	0
85	85	uniform	1	0	0	warm	0.0	0	0
85	85	uniform	1	7	0	cold	0.0	0	0
85	85	uniform	1	7	0	warm	6.3561542993929965e-53	0	0
85	85	uniform	1	15	0	cold	0.0	0	0
85	85	uniform	1	15	0	warm	1.3730088312889592e-52	0	0
85	85	uniform	1	23	0	cold	0.0	0	0
85	85	uniform	1	23	0	warm	3.167769903111995e-53	0	0
85	85	uniform	2	0	0	cold	0.0	0	0
85	85	uniform	2	0	0	warm	0.0	0	0
85	85	uniform	2	7	0	cold	0.0	0	0
85	85	uniform	2	7	0	warm	4.360685160900455e-56	0	0
85	85	uniform	2	15	0	cold	0.0	0	0
85	85	uniform	2	15	0	warm	4.165313197077288e-56	0	0
85	85	uniform	2	23	0	cold	0.0	0	0
85	85	uniform	2	23	0	warm	1.0110439784895073e-47	0	0
85	85	uniform	3	0	0	cold	0.0	0	0
85	85	uniform	3	0	0	warm	0.0	0	0
85	85	uniform	3	7	0	cold	0.0	0	0
85	85	uniform	3	7	0	warm	3.581488028026413e-62	0	0
85	85	uniform	3	15	0	cold	0.0	0	0
85	85	uniform	3	15	0	warm	2.455050363368569e-63	0	0
85	85	uniform	3	23	0	cold	0.0	0	0
85	85	uniform	3	23	0	warm	3.4906807929848544e-61	0	0
85	85	uniform	4	0	0	cold	0.0	0	0
85	85	uniform	4	0	0	warm	0.0	0	0
85	85	uniform	4	7	0	cold	0.0	0	0
85	85	uniform	4	7	0	warm	1.4821696279466587e-53	0	0
85	85	uniform	4	15	0	cold	0.0	0	0
85	85	uniform	4	15	0	warm	3.993945253058412e-53	0	0
85	85	uniform	4	23	0	cold	0.0	0	0
85	85	uniform	4	23	0	warm	2.145214843894958e-55	0	0
86	86	linear	0	0	0	cold	0.0	0	0
86	86	linear	0	0	0	warm	0.0	0	0
86	86	linear	0	7	0	cold	0.0	0	0
86	86	linear	0	7	0	warm	1.1404482789257763e-65	0	0
86	86	linear	0	15	0	cold	0.0	0	0
86	86	linear	0	15	0	warm	6.267563009215525e-65	0	0
86	86	linear	0	23	0	cold	0.0	0	0
86	86	linear	0	23	0	warm	1.2058183276622917e-64	0	0
86	86	linear	1	0	0	cold	0.0	0	0
86	86	linear	1	0	0	warm	0.0	0	0
86	86	linear	1	7	0	cold	0.0	0	0
86	86	linear	1	7	0	warm	7.197200549363394e-72	0	0
86	86	linear	1	15	0	cold	0.0	0	0
86	86	linear	1	15	0	warm	3.2904392928006234e-73	0	0
86	86	linear	1	23	0	cold	0.0	0	0
86	86	linear	1	23	0	warm	7.290133532328212e-76	0	0
86	86	linear	2	0	0	cold	0.0	0	0
86	86	linear	2	0	0	warm	0.0	0	0
86	86	linear	2	7	0	cold	0.0	0	0
86	86	linear	2	7	0	warm	1.7320261034519478e-71	0	0
86	86	linear	2	15	0	cold	0.0	0	0
86	86	linear	2	15	0	warm	1.834498615213629e-75	0	0
86	86	linear	2	23	0	cold	0.0	0	0
86	86	linear	2	23	0	warm	2.078846630903229e-75	0	0
86	86	linear	3	0	0	cold	0.0	0	0
86	86	linear	3	0	0	warm	0.0	0	0
86	86	linear	3	7	0	cold	0.0	0	0
86	86	linear	3	7	0	warm	3.2857101330839003e-75	0	0
86	86	linear	3	15	0	cold	0.0	0	0
86	86	linear	3	15	0	warm	3.842743224142767e-74	0	0
86	86	linear	3	23	0	cold	0.0	0	0
86	86	linear	3	23	0	warm	7.664994450410745e-75	0	0
86	86	linear	4	0	0	cold	0.0	0	0
86	86	linear	4	0	0	warm	0.0	0	0
86	86	linear	4	7	0	cold	0.0	0	0
86	86	linear	4	7	0	warm	2.634120213667212e-67	0	0
86	86	linear	4	15	0	cold	0.0	0	0
86	86	linear	4	15	0	warm	4.469491500279159e-70	0	0
86	86	linear	4	23	0	cold	0.0	0	0
86	86	linear	4	23	0	warm	2.8074693923784112e-68	0	0
86	86	uniform	0	0	0	cold	0.0	0	0
86	86	uniform	0	0	0	warm	0.0	0	0
86	86	uniform	0	7	0	cold	0.0	0	0
86	86	uniform	0	7	0	warm	1.1404482789257763e-65	0	0
86	86	uniform	0	15	0	cold	0.0	0	0
86	86	uniform	0	15	0	warm	6.267563009215525e-65	0	0
86	86	uniform	0	23	0	cold	0.0	0	0
86	86	uniform	0	23	0	warm	1.2058183276622917e-64	0	0
86	86	uniform	1	0	0	cold	0.0	0	0
86	86	uniform	1	0	0	warm	0.0	0	0
86	86	uniform	1	7	0	cold	0.0	0	0
86	86	uniform	1	7	0	warm	7.197200549363394e-72	0	0
86	86	uniform	1	15	0	cold	0.0	0	0
86	86	uniform	1	15	0	warm	3.2904392928006234e-73	0	0
86	86	uniform	1	23	0	cold	0.0	0	0
86	86	uniform	1	23	0	warm	7.290133532328212e-76	0	0
86	86	uniform	2	0	0	cold	0.0	0	0
86	86	uniform	2	0	0	warm	0.0	0	0
86	86	uniform	2	7	0	cold	0.0	0	0
86	86	uniform	2	7	0	warm	1.7320261034519478e-71	0	0
86	86	uniform	2	15	0	cold	0.0	0	0
86	86	uniform	2	15	0	warm	1.834498615213629e-75	0	0
86	86	uniform	2	23	0	cold	0.0	0	0
86	86	uniform	2	23	0	warm	2.078846630903229e-75	0	0
86	86	uniform	3	0	0	cold	0.0	0	0
86	86	uniform	3	0	0	warm	0.0	0	0
86	86	uniform	3	7	0	cold	0.0	0	0
86	86	uniform	3	7	0	warm	3.2857101330839003e-75	0	0
86	86	uniform	3	15	0	cold	0.0	0	0
86	86	uniform	3	15	0	warm	3.842743224142767e-74	0	0
86	86	uniform	3	23	0	cold	0.0	0	0
86	86	uniform	3	23	0	warm	7.664994450410745e-75	0	0
86	86	uniform	4	0	0	cold	0.0	0	0
86	86	uniform	4	0	0	warm	0.0	0	0
86	86	uniform	4	7	0	cold	0.0	0	0
86	86	uniform	4	7	0	warm	2.634120213667212e-67	0	0
86	86	uniform	4	15	0	cold	0.0	0	0
86	86	uniform	4	15	0	warm	4.469491500279159e-70	0	0
86	86	uniform	4	23	0	cold	0.0	0	0
86	86	uniform	4	23	0	warm	2.8074693923784112e-68	0	0
87	87	linear	0	0	0	cold	0.0	0	0
87	87	linear	0	0	0	warm	0.0	0	0
87	87	linear	0	7	0	cold	0.0	0	0
87	87	linear	0	7	0	warm	0.0	0	0
87	87	linear	0	15	0	cold	0.0	0	0
87	87	linear	0	15	0	warm	0.0	0	0
87	87	linear	0	23	0	cold	0.0	0	0
87	87	linear	0	23	0	warm	9.422487083802769e-74	0	0
87	87	linear	1	0	0	cold	0.0	0	0
87	87	linear	1	0	0	warm	0.0	0	0
87	87	linear	1	7	0	cold	0.0	0	0
87	87	linear	1	7	0	warm	1.504054401759469e-72	0	0
87	87	linear	1	15	0	cold	0.0	0	0
87	87	linear	1	15	0	warm	0.0	0	0
87	87	linear	1	23	0	cold	0.0	0	0
87	87	linear	1	23	0	warm	0.0	0	0
87	87	linear	2	0	0	cold	0.0	0	0
87	87	linear	2	0	0	warm	0.0	0	0
87	87	linear	2	7	0	cold	0.0	0	0
87	87	linear	2	7	0	warm	5.359295642805224e-71	0	0
87	87	linear	2	15	0	cold	0.0	0	0
87	87	linear	2	15	0	warm	7.456774131730693e-70	0	0
87	87	linear	2	23	0	cold	0.0	0	0
87	87	linear	2	23	0	warm	3.5441311331239205e-67	0	0
87	87	linear	3	0	0	cold	0.0	0	0
87	87	linear	3	0	0	warm	0.0	0	0
87	87	linear	3	7	0	cold	0.0	0	0
87	87	linear	3	7	0	warm	0.0	0	0
87	87	linear	3	15	0	cold	0.0	0	0
87	87	linear	3	15	0	warm	0.0	0	0
87	87	linear	3	23	0	cold	0.0	0	0
87	87	linear	3	23	0	warm	0.0	0	0
87	87	linear	4	0	0	cold	0.0	0	0
87	87	linear	4	0	0	warm	0.0	0	0
87	87	linear	4	7	0	cold	0.0	0	0
87	87	linear	4	7	0	warm	0.0	0	0
87	87	linear	4	15	0	cold	0.0	0	0
87	87	linear	4	15	0	warm	0.0	0	0
87	87	linear	4	23	0	cold	0.0	0	0
87	87	linear	4	23	0	warm	0.0	0	0
87	87	uniform	0	0	0	cold	0.0	0	0
87	87	uniform	0	0	0	warm	0.0	0	0
87	87	uniform	0	7	0	cold	0.0	0	0
87	87	uniform	0	7	0	warm	0.0	0	0
87	87	uniform	0	15	0	cold	0.0	0	0
87	87	uniform	0	15	0	warm	0.0	0	0
87	87	uniform	0	23	0	cold	0.0	0	0
87	87	uniform	0	23	0	warm	9.422487083802769e-74	0	0
87	87	uniform	1	0	0	cold	0.0	0	0
87	87	uniform	1	0	0	warm	0.0	0	0
87	87	uniform	1	7	0	cold	0.0	0	0
87	87	uniform	1	7	0	warm	1.504054401759469e-72	0	0
87	87	uniform	1	15	0	cold	0.0	0	0
87	87	uniform	1	15	0	warm	0.0	0	0
87	87	uniform	1	23	0	cold	0.0	0	0
87	87	uniform	1	23	0	warm	0.0	0	0
87	87	uniform	2	0	0	cold	0.0	0	0
87	87	uniform	2	0	0	warm	0.0	0	0
87	87	uniform	2	7	0	cold	0.0	0	0
87	87	uniform	2	7	0	warm	5.359295642805224e-71	0	0
87	87	uniform	2	15	0	cold	0.0	0	0
87	87	uniform	2	15	0	warm	7.456774131730693e-70	0	0
87	87	uniform	2	23	0	cold	0.0	0	0
87	87	uniform	2	23	0	warm	3.5441311331239205e-67	0	0
87	87	uniform	3	0	0	cold	0.0	0	0
87	87	uniform	3	0	0	warm	0.0	0	0
87	87	uniform	3	7	0	cold	0.0	0	0
87	87	uniform	3	7	0	warm	0.0	0	0
87	87	uniform	3	15	0	cold	0.0	0	0
87	87	uniform	3	15	0	warm	0.0	0	0
87	87	uniform	3	23	0	cold	0.0	0	0
87	87	uniform	3	23	0	warm	0.0	0	0
87	87	uniform	4	0	0	cold	0.0	0	0
87	87	uniform	4	0	0	warm	0.0	0	0
87	87	uniform	4	7	0	cold	0.0	0	0
87	87	uniform	4	7	0	warm	0.0	0	0
87	87	uniform	4	15	0	cold	0.0	0	0
87	87	uniform	4	15	0	warm	0.0	0	0
87	87	uniform	4	23	0	cold	0.0	0	0
87	87	uniform	4	23	0	warm	0.0	0	0
88	88	linear	0	0	0	cold	0.0	0	0
88	88	linear	0	0	0	warm	0.0	0	0
88	88	linear	0	7	0	cold	0.0	0	0
88	88	linear	0	7	0	warm	3.908066974828579e-63	0	0
88	88	linear	0	15	0	cold	0.0	0	0
88	88	linear	0	15	0	warm	5.484922994450608e-62	0	0
88	88	linear	0	23	0	cold	0.0	0	0
88	88	linear	0	23	0	warm	8.912787991302577e-63	0	0
88	88	linear	1	0	0	cold	0.0	0	0
88	88	linear	1	0	0	warm	0.0	0	0
88	88	linear	1	7	0	cold	0.0	0	0
88	88	linear	1	7	0	warm	1.0303868824938239e-53	0	0
88	88	linear	1	15	0	cold	0.0	0	0
88	88	linear	1	15	0	warm	9.41013162744508e-59	0	0
88	88	linear	1	23	0	cold	0.0	0	0
88	88	linear	1	23	0	warm	1.4649419016644113e-56	0	0
88	88	linear	2	0	0	cold	0.0	0	0
88	88	linear	2	0	0	warm	0.0	0	0
88	88	linear	2	7	0	cold	0.0	0	0
88	88	linear	2	7	0	warm	6.624970331509642e-52	0	0
88	88	linear	2	15	0	cold	0.0	0	0
88	88	linear	2	15	0	warm	1.5872989769677333e-39	0	0
88	88	linear	2	23	0	cold	0.0	0	0
88	88	linear	2	23	0	warm	5.373144482940862e-63	0	0
88	88	linear	3	0	0	cold	0.0	0	0
88	88	linear	3	0	0	warm	0.0	0	0
88	88	linear	3	7	0	cold	0.0	0	0
88	88	linear	3	7	0	warm	5.105516400339709e-69	0	0
88	88	linear	3	15	0	cold	0.0	0	0
88	88	linear	3	15	0	warm	5.099159644153077e-68	0	0
88	88	linear	3	23	0	cold	0.0	0	0
88	88	linear	3	23	0	warm	2.3803284746985e-74	0	0
88	88	linear	4	0	0	cold	0.0	0	0
88	88	linear	4	0	0	warm	0.0	0	0
88	88	linear	4	7	0	cold	0.0	0	0
88	88	linear	4	7	0	warm	3.5388634144567384e-48	0	0
88	88	linear	4	15	0	cold	0.0	0	0
88	88	linear	4	15	0	warm	2.420826521952518e-49	0	0
88	88	linear	4	23	0	cold	0.0	0	0
88	88	linear	4	23	0	warm	3.613854899992824e-52	0	0
88	88	uniform	0	0	0	cold	0.0	0	0
88	88	uniform	0	0	0	warm	0.0	0	0
88	88	uniform	0	7	0	cold	0.0	0	0
88	88	uniform	0	7	0	warm	3.908066974828579e-63	0	0
88	88	uniform	0	15	0	cold	0.0	0	0
88	88	uniform	0	15	0	warm	5.484922994450608e-62	0	0
88	88	uniform	0	23	0	cold	0.0	0	0
88	88	uniform	0	23	0	warm	8.912787991302577e-63	0	0
88	88	uniform	1	0	0	cold	0.0	0	0
88	88	uniform	1	0	0	warm	0.0	0	0
88	88	uniform	1	7	0	cold	0.0	0	0
88	88	uniform	1	7	0	warm	1.0303868824938239e-53	0	0
88	88	uniform	1	15	0	cold	0.0	0	0
88	88	uniform	1	15	0	warm	9.41013162744508e-59	0	0
88	88	uniform	1	23	0	cold	0.0	0	0
88	88	uniform	1	23	0	warm	1.4649419016644113e-56	0	0
88	88	uniform	2	0	0	cold	0.0	0	0
88	88	uniform	2	0	0	warm	0.0	0	0
88	88	uniform	2	7	0	cold	0.0	0	0
88	88	uniform	2	7	0	warm	6.624970331509642e-52	0	0
88	88	uniform	2	15	0	cold	0.0	0	0
88	88	uniform	2	15	0	warm	1.5872989769677333e-39	0	0
88	88	uniform	2	23	0	cold	0.0	0	0
88	88	uniform	2	23	0	warm	5.373144482940862e-63	0	0
88	88	uniform	3	0	0	cold	0.0	0	0
88	88	uniform	3	0	0	warm	0.0	0	0
88	88	uniform	3	7	0	cold	0.0	0	0
88	88	uniform	3	7	0	warm	5.105516400339709e-69	0	0
88	88	uniform	3	15	0	cold	0.0	0	0
88	88	uniform	3	15	0	warm	5.099159644153077e-68	0	0
88	88	uniform	3	23	0	cold	0.0	0	0
88	88	uniform	3	23	0	warm	2.3803284746985e-74	0	0
88	88	uniform	4	0	0	cold	0.0	0	0
88	88	uniform	4	0	0	warm	0.0	0	0
88	88	uniform	4	7	0	cold	0.0	0	0
88	88	uniform	4	7	0	warm	3.5388634144567384e-48	0	0
88	88	uniform	4	15	0	cold	0.0	0	0
88	88	uniform	4	15	0	warm	2.420826521952518e-49	0	0
88	88	uniform	4	23	0	cold	0.0	0	0
88	88	uniform	4	23	0	warm	3.613854899992824e-52	0	0
89	89	linear	0	0	0	cold	0.0	0	0
89	89	linear	0	0	0	warm	0.0	0	0
89	89	linear	0	7	0	cold	0.0	0	0
89	89	linear	0	7	0	warm	1.0962446924689222e-72	0	0
89	89	linear	0	15	0	cold	0.0	0	0
89	89	linear	0	15	0	warm	1.7520454778890538e-78	0	0
89	89	linear	0	23	0	cold	0.0	0	0
89	89	linear	0	23	0	warm	0.0	0	0
89	89	linear	1	0	0	cold	0.0	0	0
89	89	linear	1	0	0	warm	0.0	0	0
89	89	linear	1	7	0	cold	0.0	0	0
89	89	linear	1	7	0	warm	1.4989895986210486e-62	0	0
89	89	linear	1	15	0	cold	0.0	0	0
89	89	linear	1	15	0	warm	4.083273359438528e-61	0	0
89	89	linear	1	23	0	cold	0.0	0	0
89	89	linear	1	23	0	warm	1.7675316149878902e-60	0	0
89	89	linear	2	0	0	cold	0.0	0	0
89	89	linear	2	0	0	warm	0.0	0	0
89	89	linear	2	7	0	cold	0.0	0	0
89	89	linear	2	7	0	warm	1.250028853633954e-61	0	0
89	89	linear	2	15	0	cold	0.0	0	0
89	89	linear	2	15	0	warm	5.964889418167571e-59	0	0
89	89	linear	2	23	0	cold	0.0	0	0
89	89	linear	2	23	0	warm	1.0511613198743256e-59	0	0
89	89	linear	3	0	0	cold	0.0	0	0
89	89	linear	3	0	0	warm	0.0	0	0
89	89	linear	3	7	0	cold	0.0	0	0
89	89	linear	3	7	0	warm	7.293092454063656e-67	0	0
89	89	linear	3	15	0	cold	0.0	0	0
89	89	linear	3	15	0	warm	5.461206296218807e-67	0	0
89	89	linear	3	23	0	cold	0.0	0	0
89	89	linear	3	23	0	warm	3.117520298031221e-67	0	0
89	89	linear	4	0	0	cold	0.0	0	0
89	89	linear	4	0	0	warm	0.0	0	0
89	89	linear	4	7	0	cold	0.0	0	0
89	89	linear	4	7	0	warm	2.52825587843251e-66	0	0
89	89	linear	4	15	0	cold	0.0	0	0
89	89	linear	4	15	0	warm	1.5546360355202324e-66	0	0
89	89	linear	4	23	0	cold	0.0	0	0
89	89	linear	4	23	0	warm	6.960054588356233e-67	0	0
89	89	uniform	0	0	0	cold	0.0	0	0
89	89	uniform	0	0	0	warm	0.0	0	0
89	89	uniform	0	7	0	cold	0.0	0	0
89	89	uniform	0	7	0	warm	1.0962446924689222e-72	0	0
89	89	uniform	0	15	0	cold	0.0	0	0
89	89	uniform	0	15	0	warm	1.7520454778890538e-78	0	0
89	89	uniform	0	23	0	cold	0.0	0	0
89	89	uniform	0	23	0	warm	0.0	0	0
89	89	uniform	1	0	0	cold	0.0	0	0
89	89	uniform	1	0	0	warm	0.0	0	0
89	89	uniform	1	7	0	cold	0.0	0	0
89	89	uniform	1	7	0	warm	1.4989895986210486e-62	0	0
89	89	uniform	1	15	0	cold	0.0	0	0
89	89	uniform	1	15	0	warm	4.083273359438528e-61	0	0
89	89	uniform	1	23	0	cold	0.0	0	0
89	89	uniform	1	23	0	warm	1.7675316149878902e-60	0	0
89	89	uniform	2	0	0	cold	0.0	0	0
89	89	uniform	2	0	0	warm	0.0	0	0
89	89	uniform	2	7	0	cold	0.0	0	0
89	89	uniform	2	7	0	warm	1.250028853633954e-61	0	0
89	89	uniform	2	15	0	cold	0.0	0	0
89	89	uniform	2	15	0	warm	5.964889418167571e-59	0	0
89	89	uniform	2	23	0	cold	0.0	0	0
89	89	uniform	2	23	0	warm	1.0511613198743256e-59	0	0
89	89	uniform	3	0	0	cold	0.0	0	0
89	89	uniform	3	0	0	warm	0.0	0	0
89	89	uniform	3	7	0	cold	0.0	0	0
89	89	uniform	3	7	0	warm	7.293092454063656e-67	0	0
89	89	uniform	3	15	0	cold	0.0	0	0
89	89	uniform	3	15	0	warm	5.461206296218807e-67	0	0
89	89	uniform	3	23	0	cold	0.0	0	0
89	89	uniform	3	23	0	warm	3.117520298031221e-67	0	0
89	89	uniform	4	0	0	cold	0.0	0	0
89	89	uniform	4	0	0	warm	0.0	0	0
89	89	uniform	4	7	0	cold	0.0	0	0
89	89	uniform	4	7	0	warm	2.52825587843251e-66	0	0
89	89	uniform	4	15	0	cold	0.0	0	0
89	89	uniform	4	15	0	warm	1.5546360355202324e-66	0	0
89	89	uniform	4	23	0	cold	0.0	0	0
89	89	uniform	4	23	0	warm	6.960054588356233e-67	0	0
90	90	linear	0	0	0	cold	0.0	0	0
90	90	linear	0	0	0	warm	0.0	0	0
90	90	linear	0	7	0	cold	0.0	0	0
90	90	linear	0	7	0	warm	4.092704938414924e-43	0	0
90	90	linear	0	15	0	cold	0.0	0	0
90	90	linear	0	15	0	warm	0.0	0	0
90	90	linear	0	23	0	cold	0.0	0	0
90	90	linear	0	23	0	warm	0.0	0	0
90	90	linear	1	0	0	cold	0.0	0	0
90	90	linear	1	0	0	warm	0.0	0	0
90	90	linear	1	7	0	cold	0.0	0	0
90	90	linear	1	7	0	warm	3.7888288809132344e-74	0	0
90	90	linear	1	15	0	cold	0.0	0	0
90	90	linear	1	15	0	warm	2.555570568147063e-73	0	0
90	90	linear	1	23	0	cold	0.0	0	0
90	90	linear	1	23	0	warm	5.669162481552262e-76	0	0
90	90	linear	2	0	0	cold	0.0	0	0
90	90	linear	2	0	0	warm	0.0	0	0
90	90	linear	2	7	0	cold	0.0	0	0
90	90	linear	2	7	0	warm	9.140482409170571e-68	0	0
90	90	linear	2	15	0	cold	0.0	0	0
90	90	linear	2	15	0	warm	1.6203126390520645e-74	0	0
90	90	linear	2	23	0	cold	0.0	0	0
90	90	linear	2	23	0	warm	4.2826417390101935e-65	0	0
90	90	linear	3	0	0	cold	0.0	0	0
90	90	linear	3	0	0	warm	0.0	0	0
90	90	linear	3	7	0	cold	0.0	0	0
90	90	linear	3	7	0	warm	5.4529883090656175e-71	0	0
90	90	linear	3	15	0	cold	0.0	0	0
90	90	linear	3	15	0	warm	2.889919194145383e-70	0	0
90	90	linear	3	23	0	cold	0.0	0	0
90	90	linear	3	23	0	warm	3.011326369706794e-69	0	0
90	90	linear	4	0	0	cold	0.0	0	0
90	90	linear	4	0	0	warm	0.0	0	0
90	90	linear	4	7	0	cold	0.0	0	0
90	90	linear	4	7	0	warm	0.0	0	0
90	90	linear	4	15	0	cold	0.0	0	0
90	90	linear	4	15	0	warm	0.0	0	0
90	90	linear	4	23	0	cold	0.0	0	0
90	90	linear	4	23	0	warm	1.4696237640250306e-69	0	0
90	90	uniform	0	0	0	cold	0.0	0	0
90	90	uniform	0	0	0	warm	0.0	0	0
90	90	uniform	0	7	0	cold	0.0	0	0
90	90	uniform	0	7	0	warm	4.092704938414924e-43	0	0
90	90	uniform	0	15	0	cold	0.0	0	0
90	90	uniform	0	15	0	warm	0.0	0	0
90	90	uniform	0	23	0	cold	0.0	0	0
90	90	uniform	0	23	0	warm	0.0	0	0
90	90	uniform	1	0	0	cold	0.0	0	0
90	90	uniform	1	0	0	warm	0.0	0	0
90	90	uniform	1	7	0	cold	0.0	0	0
90	90	uniform	1	7	0	warm	3.7888288809132344e-74	0	0
90	90	uniform	1	15	0	cold	0.0	0	0
90	90	uniform	1	15	0	warm	2.555570568147063e-73	0	0
90	90	uniform	1	23	0	cold	0.0	0	0
90	90	uniform	1	23	0	warm	5.669162481552262e-76	0	0
90	90	uniform	2	0	0	cold	0.0	0	0
90	90	uniform	2	0	0	warm	0.0	0	0
90	90	uniform	2	7	0	cold	0.0	0	0
90	90	uniform	2	7	0	warm	9.140482409170571e-68	0	0
90	90	uniform	2	15	0	cold	0.0	0	0
90	90	uniform	2	15	0	warm	1.6203126390520645e-74	0	0
90	90	uniform	2	23	0	cold	0.0	0	0
90	90	uniform	2	23	0	warm	4.2826417390101935e-65	0	0
90	90	uniform	3	0	0	cold	0.0	0	0
90	90	uniform	3	0	0	warm	0.0	0	0
90	90	uniform	3	7	0	cold	0.0	0	0
90	90	uniform	3	7	0	warm	5.4529883090656175e-71	0	0
90	90	uniform	3	15	0	cold	0.0	0	0
90	90	uniform	3	15	0	warm	2.889919194145383e-70	0	0
90	90	uniform	3	23	0	cold	0.0	0	0
90	90	uniform	3	23	0	warm	3.011326369706794e-69	0	0
90	90	uniform	4	0	0	cold	0.0	0	0
90	90	uniform	4	0	0	warm	0.0	0	0
90	90	uniform	4	7	0	cold	0.0	0	0
90	90	uniform	4	7	0	warm	0.0	0	0
90	90	uniform	4	15	0	cold	0.0	0	0
90	90	uniform	4	15	0	warm	0.0	0	0
90	90	uniform	4	23	0	cold	0.0	0	0
90	90	uniform	4	23	0	warm	1.4696237640250306e-69	0	0
91	91	linear	0	0	0	cold	0.0	0	0
91	91	linear	0	0	0	warm	0.0	0	0
91	91	linear	0	7	0	cold	0.0	0	0
91	91	linear	0	7	0	warm	1.6007870063020333e-65	0	0
91	91	linear	0	15	0	cold	0.0	0	0
91	91	linear	0	15	0	warm	1.2470484732388452e-63	0	0
91	91	linear	0	23	0	cold	0.0	0	0
91	91	linear	0	23	0	warm	5.667667212746981e-63	0	0
91	91	linear	1	0	0	cold	0.0	0	0
91	91	linear	1	0	0	warm	0.0	0	0
91	91	linear	1	7	0	cold	0.0	0	0
91	91	linear	1	7	0	warm	0.0	0	0
91	91	linear	1	15	0	cold	0.0	0	0
91	91	linear	1	15	0	warm	0.0	0	0
91	91	linear	1	23	0	cold	0.0	0	0
91	91	linear	1	23	0	warm	0.0	0	0
91	91	linear	2	0	0	cold	0.0	0	0
91	91	linear	2	0	0	warm	0.0	0	0
91	91	linear	2	7	0	cold	0.0	0	0
91	91	linear	2	7	0	warm	0.0	0	0
91	91	linear	2	15	0	cold	0.0	0	0
91	91	linear	2	15	0	warm	0.0	0	0
91	91	linear	2	23	0	cold	0.0	0	0
91	91	linear	2	23	0	warm	0.0	0	0
91	91	linear	3	0	0	cold	0.0	0	0
91	91	linear	3	0	0	warm	0.0	0	0
91	91	linear	3	7	0	cold	0.0	0	0
91	91	linear	3	7	0	warm	0.0	0	0
91	91	linear	3	15	0	cold	0.0	0	0
91	91	linear	3	15	0	warm	0.0	0	0
91	91	linear	3	23	0	cold	0.0	0	0
91	91	linear	3	23	0	warm	0.0	0	0
91	91	linear	4	0	0	cold	0.0	0	0
91	91	linear	4	0	0	warm	0.0	0	0
91	91	linear	4	7	0	cold	0.0	0	0
91	91	linear	4	7	0	warm	0.0	0	0
91	91	linear	4	15	0	cold	0.0	0	0
91	91	linear	4	15	0	warm	0.0	0	0
91	91	linear	4	23	0	cold	0.0	0	0
91	91	linear	4	23	0	warm	0.0	0	0
91	91	uniform	0	0	0	cold	0.0	0	0
91	91	uniform	0	0	0	warm	0.0	0	0
91	91	uniform	0	7	0	cold	0.0	0	0
91	91	uniform	0	7	0	warm	1.6007870063020333e-65	0	0
91	91	uniform	0	15	0	cold	0.0	0	0
91	91	uniform	0	15	0	warm	1.2470484732388452e-63	0	0
91	91	uniform	0	23	0	cold	0.0	0	0
91	91	uniform	0	23	0	warm	5.667667212746981e-63	0	0
91	91	uniform	1	0	0	cold	0.0	0	0
91	91	uniform	1	0	0	warm	0.0	0	0
91	91	uniform	1	7	0	cold	0.0	0	0
91	91	uniform	1	7	0	warm	0.0	0	0
91	91	uniform	1	15	0	cold	0.0	0	0
91	91	uniform	1	15	0	warm	0.0	0	0
91	91	uniform	1	23	0	cold	0.0	0	0
91	91	uniform	1	23	0	warm	0.0	0	0
91	91	uniform	2	0	0	cold	0.0	0	0
91	91	uniform	2	0	0	warm	0.0	0	0
91	91	uniform	2	7	0	cold	0.0	0	0
91	91	uniform	2	7	0	warm	0.0	0	0
91	91	uniform	2	15	0	cold	0.0	0	0
91	91	uniform	2	15	0	warm	0.0	0	0
91	91	uniform	2	23	0	cold	0.0	0	0
91	91	uniform	2	23	0	warm	0.0	0	0
91	91	uniform	3	0	0	cold	0.0	0	0
91	91	uniform	3	0	0	warm	0.0	0	0
91	91	uniform	3	7	0	cold	0.0	0	0
91	91	uniform	3	7	0	warm	0.0	0	0
91	91	uniform	3	15	0	cold	0.0	0	0
91	91	uniform	3	15	0	warm	0.0	0	0
91	91	uniform	3	23	0	cold	0.0	0	0
91	91	uniform	3	23	0	warm	0.0	0	0
91	91	uniform	4	0	0	cold	0.0	0	0
91	91	uniform	4	0	0	warm	0.0	0	0
91	91	uniform	4	7	0	cold	0.0	0	0
91	91	uniform	4	7	0	warm	0.0	0	0
91	91	uniform	4	15	0	cold	0.0	0	0
91	91	uniform	4	15	0	warm	0.0	0	0
91	91	uniform	4	23	0	cold	0.0	0	0
91	91	uniform	4	23	0	warm	0.0	0	0
92	92	linear	0	0	0	cold	0.0	0	0
92	92	linear	0	0	0	warm	0.0	0	0
92	92	linear	0	7	0	cold	0.0	0	0
92	92	linear	0	7	0	warm	4.234090677607859e-58	0	0
92	92	linear	0	15	0	cold	0.0	0	0
92	92	linear	0	15	0	warm	8.030301502649274e-63	0	0
92	92	linear	0	23	0	cold	0.0	0	0
92	92	linear	0	23	0	warm	1.3458761739117562e-61	0	0
92	92	linear	1	0	0	cold	0.0	0	0
92	92	linear	1	0	0	warm	0.0	0	0
92	92	linear	1	7	0	cold	0.0	0	0
92	92	linear	1	7	0	warm	2.1524665251627256e-46	0	0
92	92	linear	1	15	0	cold	0.0	0	0
92	92	linear	1	15	0	warm	2.5218414352114405e-39	0	0
92	92	linear	1	23	0	cold	0.0	0	0
92	92	linear	1	23	0	warm	8.99201320119321e-39	0	0
92	92	linear	2	0	0	cold	0.0	0	0
92	92	linear	2	0	0	warm	0.0	0	0
92	92	linear	2	7	0	cold	0.0	0	0
92	92	linear	2	7	0	warm	1.1995074282555125e-52	0	0
92	92	linear	2	15	0	cold	0.0	0	0
92	92	linear	2	15	0	warm	5.866043632035945e-50	0	0
92	92	linear	2	23	0	cold	0.0	0	0
92	92	linear	2	23	0	warm	6.2136197735086406e-61	0	0
92	92	linear	3	0	0	cold	0.0	0	0
92	92	linear	3	0	0	warm	0.0	0	0
92	92	linear	3	7	0	cold	0.0	0	0
92	92	linear	3	7	0	warm	7.353721250760786e-52	0	0
92	92	linear	3	15	0	cold	0.0	0	0
92	92	linear	3	15	0	warm	9.798044331684287e-71	0	0
92	92	linear	3	23	0	cold	0.0	0	0
92	92	linear	3	23	0	warm	2.650526005771108e-72	0	0
92	92	linear	4	0	0	cold	0.0	0	0
92	92	linear	4	0	0	warm	0.0	0	0
92	92	linear	4	7	0	cold	0.0	0	0
92	92	linear	4	7	0	warm	1.1898094915152908e-74	0	0
92	92	linear	4	15	0	cold	0.0	0	0
92	92	linear	4	15	0	warm	6.545032811691072e-78	0	0
92	92	linear	4	23	0	cold	0.0	0	0
92	92	linear	4	23	0	warm	1.8029165293568857e-80	0	0
92	92	uniform	0	0	0	cold	0.0	0	0
92	92	uniform	0	0	0	warm	0.0	0	0
92	92	uniform	0	7	0	cold	0.0	0	0
92	92	uniform	0	7	0	warm	4.234090677607859e-58	0	0
92	92	uniform	0	15	0	cold	0.0	0	0
92	92	uniform	0	15	0	warm	8.030301502649274e-63	0	0
92	92	uniform	0	23	0	cold	0.0	0	0
92	92	uniform	0	23	0	warm	1.3458761739117562e-61	0	0
92	92	uniform	1	0	0	cold	0.0	0	0
92	92	uniform	1	0	0	warm	0.0	0	0
92	92	uniform	1	7	0	cold	0.0	0	0
92	92	uniform	1	7	0	warm	2.1524665251627256e-46	0	0
92	92	uniform	1	15	0	cold	0.0	0	0
92	92	uniform	1	15	0	warm	2.5218414352114405e-39	0	0
92	92	uniform	1	23	0	cold	0.0	0	0
92	92	uniform	1	23	0	warm	8.99201320119321e-39	0	0
92	92	uniform	2	0	0	cold	0.0	0	0
92	92	uniform	2	0	0	warm	0.0	0	0
92	92	uniform	2	7	0	cold	0.0	0	0
92	92	uniform	2	7	0	warm	1.1995074282555125e-52	0	0
92	92	uniform	2	15	0	cold	0.0	0	0
92	92	uniform	2	15	0	warm	5.866043632035945e-50	0	0
92	92	uniform	2	23	0	cold	0.0	0	0
92	92	uniform	2	23	0	warm	6.2136197735086406e-61	0	0
92	92	uniform	3	0	0	cold	0.0	0	0
92	92	uniform	3	0	0	warm	0.0	0	0
92	92	uniform	3	7	0	cold	0.0	0	0
92	92	uniform	3	7	0	warm	7.353721250760786e-52	0	0
92	92	uniform	3	15	0	cold	0.0	0	0
92	92	uniform	3	15	0	warm	9.798044331684287e-71	0	0
92	92	uniform	3	23	0	cold	0.0	0	0
92	92	uniform	3	23	0	warm	2.650526005771108e-72	0	0
92	92	uniform	4	0	0	cold	0.0	0	0
92	92	uniform	4	0	0	warm	0.0	0	0
92	92	uniform	4	7	0	cold	0.0	0	0
92	92	uniform	4	7	0	warm	1.1898094915152908e-74	0	0
92	92	uniform	4	15	0	cold	0.0	0	0
92	92	uniform	4	15	0	warm	6.545032811691072e-78	0	0
92	92	uniform	4	23	0	cold	0.0	0	0
92	92	uniform	4	23	0	warm	1.8029165293568857e-80	0	0
93	93	linear	0	0	0	cold	0.0	0	0
93	93	linear	0	0	0	warm	0.0	0	0
93	93	linear	0	7	0	cold	0.0	0	0
93	93	linear	0	7	0	warm	8.947771231682083e-51	0	0
93	93	linear	0	15	0	cold	0.0	0	0
93	93	linear	0	15	0	warm	1.3856284926264175e-47	0	0
93	93	linear	0	23	0	cold	0.0	0	0
93	93	linear	0	23	0	warm	1.610975375623552e-19	0	0
93	93	linear	1	0	0	cold	0.0	0	0
93	93	linear	1	0	0	warm	0.0	0	0
93	93	linear	1	7	0	cold	0.0	0	0
93	93	linear	1	7	0	warm	7.818514566485831e-57	0	0
93	93	linear	1	15	0	cold	0.0	0	0
93	93	linear	1	15	0	warm	1.3457384261704675e-59	0	0
93	93	linear	1	23	0	cold	0.0	0	0
93	93	linear	1	23	0	warm	2.417417903370367e-56	0	0
93	93	linear	2	0	0	cold	0.0	0	0
93	93	linear	2	0	0	warm	0.0	0	0
93	93	linear	2	7	0	cold	0.0	0	0
93	93	linear	2	7	0	warm	2.015382862855467e-51	0	0
93	93	linear	2	15	0	cold	0.0	0	0
93	93	linear	2	15	0	warm	8.54447948955603e-53	0	0
93	93	linear	2	23	0	cold	0.0	0	0
93	93	linear	2	23	0	warm	5.799512942058229e-53	0	0
93	93	linear	3	0	0	cold	0.0	0	0
93	93	linear	3	0	0	warm	0.0	0	0
93	93	linear	3	7	0	cold	0.0	0	0
93	93	linear	3	7	0	warm	2.3008141577109693e-62	0	0
93	93	linear	3	15	0	cold	0.0	0	0
93	93	linear	3	15	0	warm	9.62659788144047e-64	0	0
93	93	linear	3	23	0	cold	0.0	0	0
93	93	linear	3	23	0	warm	7.918195246547719e-64	0	0
93	93	linear	4	0	0	cold	0.0	0	0
93	93	linear	4	0	0	warm	0.0	0	0
93	93	linear	4	7	0	cold	0.0	0	0
93	93	linear	4	7	0	warm	1.0531489054684712e-63	0	0
93	93	linear	4	15	0	cold	0.0	0	0
93	93	linear	4	15	0	warm	3.420079639783595e-63	0	0
93	93	linear	4	23	0	cold	0.0	0	0
93	93	linear	4	23	0	warm	5.71753093927759e-56	0	0
93	93	uniform	0	0	0	cold	0.0	0	0
93	93	uniform	0	0	0	warm	0.0	0	0
93	93	uniform	0	7	0	cold	0.0	0	0
93	93	uniform	0	7	0	warm	8.947771231682083e-51	0	0
93	93	uniform	0	15	0	cold	0.0	0	0
93	93	uniform	0	15	0	warm	1.3856284926264175e-47	0	0
93	93	uniform	0	23	0	cold	0.0	0	0
93	93	uniform	0	23	0	warm	1.610975375623552e-19	0	0
93	93	uniform	1	0	0	cold	0.0	0	0
93	93	uniform	1	0	0	warm	0.0	0	0
93	93	uniform	1	7	0	cold	0.0	0	0
93	93	uniform	1	7	0	warm	7.818514566485831e-57	0	0
93	93	uniform	1	15	0	cold	0.0	0	0
93	93	uniform	1	15	0	warm	1.3457384261704675e-59	0	0
93	93	uniform	1	23	0	cold	0.0	0	0
93	93	uniform	1	23	0	warm	2.417417903370367e-56	0	0
93	93	uniform	2	0	0	cold	0.0	0	0
93	93	uniform	2	0	0	warm	0.0	0	0
93	93	uniform	2	7	0	cold	0.0	0	0
93	93	uniform	2	7	0	warm	2.015382862855467e-51	0	0
93	93	uniform	2	15	0	cold	0.0	0	0
93	93	uniform	2	15	0	warm	8.54447948955603e-53	0	0
93	93	uniform	2	23	0	cold	0.0	0	0
93	93	uniform	2	23	0	warm	5.799512942058229e-53	0	0
93	93	uniform	3	0	0	cold	0.0	0	0
93	93	uniform	3	0	0	warm	0.0	0	0
93	93	uniform	3	7	0	cold	0.0	0	0
93	93	uniform	3	7	0	warm	2.3008141577109693e-62	0	0
93	93	uniform	3	15	0	cold	0.0	0	0
93	93	uniform	3	15	0	warm	9.62659788144047e-64	0	0
93	93	uniform	3	23	0	cold	0.0	0	0
93	93	uniform	3	23	0	warm	7.918195246547719e-64	0	0
93	93	uniform	4	0	0	cold	0.0	0	0
93	93	uniform	4	0	0	warm	0.0	0	0
93	93	uniform	4	7	0	cold	0.0	0	0
93	93	uniform	4	7	0	warm	1.0531489054684712e-63	0	0
93	93	uniform	4	15	0	cold	0.0	0	0
93	93	uniform	4	15	0	warm	3.420079639783595e-63	0	0
93	93	uniform	4	23	0	cold	0.0	0	0
93	93	uniform	4	23	0	warm	5.71753093927759e-56	0	0
94	94	linear	0	0	0	cold	0.0	0	0
94	94	linear	0	0	0	warm	0.0	0	0
94	94	linear	0	7	0	cold	0.0	0	0
94	94	linear	0	7	0	warm	6.5419144331442845e-52	0	0
94	94	linear	0	15	0	cold	0.0	0	0
94	94	linear	0	15	0	warm	3.3250030085579417e-52	0	0
94	94	linear	0	23	0	cold	0.0	0	0
94	94	linear	0	23	0	warm	5.815288835329762e-53	0	0
94	94	linear	1	0	0	cold	0.0	0	0
94	94	linear	1	0	0	warm	0.0	0	0
94	94	linear	1	7	0	cold	0.0	0	0
94	94	linear	1	7	0	warm	2.6648042897754664e-57	0	0
94	94	linear	1	15	0	cold	0.0	0	0
94	94	linear	1	15	0	warm	4.865485901784796e-59	0	0
94	94	linear	1	23	0	cold	0.0	0	0
94	94	linear	1	23	0	warm	1.634121395978555e-60	0	0
94	94	linear	2	0	0	cold	0.0	0	0
94	94	linear	2	0	0	warm	0.0	0	0
94	94	linear	2	7	0	cold	0.0	0	0
94	94	linear	2	7	0	warm	3.7381242849770943e-59	0	0
94	94	linear	2	15	0	cold	0.0	0	0
94	94	linear	2	15	0	warm	1.2255245140719222e-57	0	0
94	94	linear	2	23	0	cold	0.0	0	0
94	94	linear	2	23	0	warm	4.234077971507255e-56	0	0
94	94	linear	3	0	0	cold	0.0	0	0
94	94	linear	3	0	0	warm	0.0	0	0
94	94	linear	3	7	0	cold	0.0	0	0
94	94	linear	3	7	0	warm	4.5764645257431756e-60	0	0
94	94	linear	3	15	0	cold	0.0	0	0
94	94	linear	3	15	0	warm	5.9156293492949863e-64	0	0
94	94	linear	3	23	0	cold	0.0	0	0
94	94	linear	3	23	0	warm	1.3847563057803065e-63	0	0
94	94	linear	4	0	0	cold	0.0	0	0
94	94	linear	4	0	0	warm	0.0	0	0
94	94	linear	4	7	0	cold	0.0	0	0
94	94	linear	4	7	0	warm	5.87804248923725e-59	0	0
94	94	linear	4	15	0	cold	0.0	0	0
94	94	linear	4	15	0	warm	7.648034228791317e-61	0	0
94	94	linear	4	23	0	cold	0.0	0	0
94	94	linear	4	23	0	warm	1.2009630581846038e-61	0	0
94	94	uniform	0	0	0	cold	0.0	0	0
94	94	uniform	0	0	0	warm	0.0	0	0
94	94	uniform	0	7	0	cold	0.0	0	0
94	94	uniform	0	7	0	warm	6.5419144331442845e-52	0	0
94	94	uniform	0	15	0	cold	0.0	0	0
94	94	uniform	0	15	0	warm	3.3250030085579417e-52	0	0
94	94	uniform	0	23	0	cold	0.0	0	0
94	94	uniform	0	23	0	warm	5.815288835329762e-53	0	0
94	94	uniform	1	0	0	cold	0.0	0	0
94	94	uniform	1	0	0	warm	0.0	0	0
94	94	uniform	1	7	0	cold	0.0	0	0
94	94	uniform	1	7	0	warm	2.6648042897754664e-57	0	0
94	94	uniform	1	15	0	cold	0.0	0	0
94	94	uniform	1	15	0	warm	4.865485901784796e-59	0	0
94	94	uniform	1	23	0	cold	0.0	0	0
94	94	uniform	1	23	0	warm	1.634121395978555e-60	0	0
94	94	uniform	2	0	0	cold	0.0	0	0
94	94	uniform	2	0	0	warm	0.0	0	0
94	94	uniform	2	7	0	cold	0.0	0	0
94	94	uniform	2	7	0	warm	3.7381242849770943e-59	0	0
94	94	uniform	2	15	0	cold	0.0	0	0
94	94	uniform	2	15	0	warm	1.2255245140719222e-57	0	0
94	94	uniform	2	23	0	cold	0.0	0	0
94	94	uniform	2	23	0	warm	4.234077971507255e-56	0	0
94	94	uniform	3	0	0	cold	0.0	0	0
94	94	uniform	3	0	0	warm	0.0	0	0
94	94	uniform	3	7	0	cold	0.0	0	0
94	94	uniform	3	7	0	warm	4.5764645257431756e-60	0	0
94	94	uniform	3	15	0	cold	0.0	0	0
94	94	uniform	3	15	0	warm	5.9156293492949863e-64	0	0
94	94	uniform	3	23	0	cold	0.0	0	0
94	94	uniform	3	23	0	warm	1.3847563057803065e-63	0	0
94	94	uniform	4	0	0	cold	0.0	0	0
94	94	uniform	4	0	0	warm	0.0	0	0
94	94	uniform	4	7	0	cold	0.0	0	0
94	94	uniform	4	7	0	warm	5.87804248923725e-59	0	0
94	94	uniform	4	15	0	cold	0.0	0	0
94	94	uniform	4	15	0	warm	7.648034228791317e-61	0	0
94	94	uniform	4	23	0	cold	0.0	0	0
94	94	uniform	4	23	0	warm	1.2009630581846038e-61	0	0
95	95	linear	0	0	0	cold	0.0	0	0
95	95	linear	0	0	0	warm	0.0	0	0
95	95	linear	0	7	0	cold	0.0	0	0
95	95	linear	0	7	0	warm	1.0594016461440361e-51	0	0
95	95	linear	0	15	0	cold	0.0	0	0
95	95	linear	0	15	0	warm	9.860146828165766e-52	0	0
95	95	linear	0	23	0	cold	0.0	0	0
95	95	linear	0	23	0	warm	1.5144176826550758e-66	0	0
95	95	linear	1	0	0	cold	0.0	0	0
95	95	linear	1	0	0	warm	0.0	0	0
95	95	linear	1	7	0	cold	0.0	0	0
95	95	linear	1	7	0	warm	1.0591608370156288e-49	0	0
95	95	linear	1	15	0	cold	0.0	0	0
95	95	linear	1	15	0	warm	3.2110854635385486e-21	0	0
95	95	linear	1	23	0	cold	0.0	0	0
95	95	linear	1	23	0	warm	2.488073505405643e-38	0	0
95	95	linear	2	0	0	cold	0.0	0	0
95	95	linear	2	0	0	warm	0.0	0	0
95	95	linear	2	7	0	cold	0.0	0	0
95	95	linear	2	7	0	warm	9.436214051238536e-55	0	0
95	95	linear	2	15	0	cold	0.0	0	0
95	95	linear	2	15	0	warm	3.564774609997277e-54	0	0
95	95	linear	2	23	0	cold	0.0	0	0
95	95	linear	2	23	0	warm	1.9289719695348765e-50	0	0
95	95	linear	3	0	0	cold	0.0	0	0
95	95	linear	3	0	0	warm	0.0	0	0
95	95	linear	3	7	0	cold	0.0	0	0
95	95	linear	3	7	0	warm	1.7389191496073382e-41	0	0
95	95	linear	3	15	0	cold	0.0	0	0
95	95	linear	3	15	0	warm	5.471901761994926e-44	0	0
95	95	linear	3	23	0	cold	0.0	0	0
95	95	linear	3	23	0	warm	2.815640229979504e-49	0	0
95	95	linear	4	0	0	cold	0.0	0	0
95	95	linear	4	0	0	warm	0.0	0	0
95	95	linear	4	7	0	cold	0.0	0	0
95	95	linear	4	7	0	warm	6.229075862861039e-64	0	0
95	95	linear	4	15	0	cold	0.0	0	0
95	95	linear	4	15	0	warm	5.915487127737641e-44	0	0
95	95	linear	4	23	0	cold	0.0	0	0
95	95	linear	4	23	0	warm	4.0293736504804815e-75	0	0
95	95	uniform	0	0	0	cold	0.0	0	0
95	95	uniform	0	0	0	warm	0.0	0	0
95	95	uniform	0	7	0	cold	0.0	0	0
95	95	uniform	0	7	0	warm	1.0594016461440361e-51	0	0
95	95	uniform	0	15	0	cold	0.0	0	0
95	95	uniform	0	15	0	warm	9.860146828165766e-52	0	0
95	95	uniform	0	23	0	cold	0.0	0	0
95	95	uniform	0	23	0	warm	1.5144176826550758e-66	0	0
95	95	uniform	1	0	0	cold	0.0	0	0
95	95	uniform	1	0	0	warm	0.0	0	0
95	95	uniform	1	7	0	cold	0.0	0	0
95	95	uniform	1	7	0	warm	1.0591608370156288e-49	0	0
95	95	uniform	1	15	0	cold	0.0	0	0
95	95	uniform	1	15	0	warm	3.2110854635385486e-21	0	0
95	95	uniform	1	23	0	cold	0.0	0	0
95	95	uniform	1	23	0	warm	2.488073505405643e-38	0	0
95	95	uniform	2	0	0	cold	0.0	0	0
95	95	uniform	2	0	0	warm	0.0	0	0
95	95	uniform	2	7	0	cold	0.0	0	0
95	95	uniform	2	7	0	warm	9.436214051238536e-55	0	0
95	95	uniform	2	15	0	cold	0.0	0	0
95	95	uniform	2	15	0	warm	3.564774609997277e-54	0	0
95	95	uniform	2	23	0	cold	0.0	0	0
95	95	uniform	2	23	0	warm	1.9289719695348765e-50	0	0
95	95	uniform	3	0	0	cold	0.0	0	0
95	95	uniform	3	0	0	warm	0.0	0	0
95	95	uniform	3	7	0	cold	0.0	0	0
95	95	uniform	3	7	0	warm	1.7389191496073382e-41	0	0
95	95	uniform	3	15	0	cold	0.0	0	0
95	95	uniform	3	15	0	warm	5.471901761994926e-44	0	0
95	95	uniform	3	23	0	cold	0.0	0	0
95	95	uniform	3	23	0	warm	2.815640229979504e-49	0	0
95	95	uniform	4	0	0	cold	0.0	0	0
95	95	uniform	4	0	0	warm	0.0	0	0
95	95	uniform	4	7	0	cold	0.0	0	0
95	95	uniform	4	7	0	warm	6.229075862861039e-64	0	0
95	95	uniform	4	15	0	cold	0.0	0	0
95	95	uniform	4	15	0	warm	5.915487127737641e-44	0	0
95	95	uniform	4	23	0	cold	0.0	0	0
95	95	uniform	4	23	0	warm	4.0293736504804815e-75	0	0
96	96	linear	0	0	0	cold	0.0	0	0
96	96	linear	0	0	0	warm	0.0	0	0
96	96	linear	0	7	0	cold	0.0	0	0
96	96	linear	0	7	0	warm	3.06018481379332e-61	0	0
96	96	linear	0	15	0	cold	0.0	0	0
96	96	linear	0	15	0	warm	3.2697127931329184e-60	0	0
96	96	linear	0	23	0	cold	0.0	0	0
96	96	linear	0	23	0	warm	2.2966578275051833e-60	0	0
96	96	linear	1	0	0	cold	0.0	0	0
96	96	linear	1	0	0	warm	0.0	0	0
96	96	linear	1	7	0	cold	0.0	0	0
96	96	linear	1	7	0	warm	4.606936171298533e-72	0	0
96	96	linear	1	15	0	cold	0.0	0	0
96	96	linear	1	15	0	warm	1.4246396332591476e-70	0	0
96	96	linear	1	23	0	cold	0.0	0	0
96	96	linear	1	23	0	warm	1.1789874051608213e-69	0	0
96	96	linear	2	0	0	cold	0.0	0	0
96	96	linear	2	0	0	warm	0.0	0	0
96	96	linear	2	7	0	cold	0.0	0	0
96	96	linear	2	7	0	warm	2.303303840390216e-62	0	0
96	96	linear	2	15	0	cold	0.0	0	0
96	96	linear	2	15	0	warm	2.869218097819407e-60	0	0
96	96	linear	2	23	0	cold	0.0	0	0
96	96	linear	2	23	0	warm	1.8246975481561266e-59	0	0
96	96	linear	3	0	0	cold	0.0	0	0
96	96	linear	3	0	0	warm	0.0	0	0
96	96	linear	3	7	0	cold	0.0	0	0
96	96	linear	3	7	0	warm	2.0573285849923728e-59	0	0
96	96	linear	3	15	0	cold	0.0	0	0
96	96	linear	3	15	0	warm	4.681281467423577e-60	0	0
96	96	linear	3	23	0	cold	0.0	0	0
96	96	linear	3	23	0	warm	2.4366206038738936e-61	0	0
96	96	linear	4	0	0	cold	0.0	0	0
96	96	linear	4	0	0	warm	0.0	0	0
96	96	linear	4	7	0	cold	0.0	0	0
96	96	linear	4	7	0	warm	1.560390403349509e-63	0	0
96	96	linear	4	15	0	cold	0.0	0	0
96	96	linear	4	15	0	warm	2.1459635403980632e-64	0	0
96	96	linear	4	23	0	cold	0.0	0	0
96	96	linear	4	23	0	warm	1.3746347935942118e-62	0	0
96	96	uniform	0	0	0	cold	0.0	0	0
96	96	uniform	0	0	0	warm	0.0	0	0
96	96	uniform	0	7	0	cold	0.0	0	0
96	96	uniform	0	7	0	warm	3.06018481379332e-61	0	0
96	96	uniform	0	15	0	cold	0.0	0	0
96	96	uniform	0	15	0	warm	3.2697127931329184e-60	0	0
96	96	uniform	0	23	0	cold	0.0	0	0
96	96	uniform	0	23	0	warm	2.2966578275051833e-60	0	0
96	96	uniform	1	0	0	cold	0.0	0	0
96	96	uniform	1	0	0	warm	0.0	0	0
96	96	uniform	1	7	0	cold	0.0	0	0
96	96	uniform	1	7	0	warm	4.606936171298533e-72	0	0
96	96	uniform	1	15	0	cold	0.0	0	0
96	96	uniform	1	15	0	warm	1.4246396332591476e-70	0	0
96	96	uniform	1	23	0	cold	0.0	0	0
96	96	uniform	1	23	0	warm	1.1789874051608213e-69	0	0
96	96	uniform	2	0	0	cold	0.0	0	0
96	96	uniform	2	0	0	warm	0.0	0	0
96	96	uniform	2	7	0	cold	0.0	0	0
96	96	uniform	2	7	0	warm	2.303303840390216e-62	0	0
96	96	uniform	2	15	0	cold	0.0	0	0
96	96	uniform	2	15	0	warm	2.869218097819407e-60	0	0
96	96	uniform	2	23	0	cold	0.0	0	0
96	96	uniform	2	23	0	warm	1.8246975481561266e-59	0	0
96	96	uniform	3	0	0	cold	0.0	0	0
96	96	uniform	3	0	0	warm	0.0	0	0
96	96	uniform	3	7	0	cold	0.0	0	0
96	96	uniform	3	7	0	warm	2.0573285849923728e-59	0	0
96	96	uniform	3	15	0	cold	0.0	0	0
96	96	uniform	3	15	0	warm	4.681281467423577e-60	0	0
96	96	uniform	3	23	0	cold	0.0	0	0
96	96	uniform	3	23	0	warm	2.4366206038738936e-61	0	0
96	96	uniform	4	0	0	cold	0.0	0	0
96	96	uniform	4	0	0	warm	0.0	0	0
96	96	uniform	4	7	0	cold	0.0	0	0
96	96	uniform	4	7	0	warm	1.560390403349509e-63	0	0
96	96	uniform	4	15	0	cold	0.0	0	0
96	96	uniform	4	15	0	warm	2.1459635403980632e-64	0	0
96	96	uniform	4	23	0	cold	0.0	0	0
96	96	uniform	4	23	0	warm	1.3746347935942118e-62	0	0
97	97	linear	0	0	0	cold	0.0	0	0
97	97	linear	0	0	0	warm	0.0	0	0
97	97	linear	0	7	0	cold	0.0	0	0
97	97	linear	0	7	0	warm	4.1320292230154095e-47	0	0
97	97	linear	0	15	0	cold	0.0	0	0
97	97	linear	0	15	0	warm	3.4690253553866795e-49	0	0
97	97	linear	0	23	0	cold	0.0	0	0
97	97	linear	0	23	0	warm	8.850073417887546e-49	0	0
97	97	linear	1	0	0	cold	0.0	0	0
97	97	linear	1	0	0	warm	0.0	0	0
97	97	linear	1	7	0	cold	0.0	0	0
97	97	linear	1	7	0	warm	3.1751088240988725e-50	0	0
97	97	linear	1	15	0	cold	0.0	0	0
97	97	linear	1	15	0	warm	5.580071323253258e-52	0	0
97	97	linear	1	23	0	cold	0.0	0	0
97	97	linear	1	23	0	warm	2.5380342916735353e-48	0	0
97	97	linear	2	0	0	cold	0.0	0	0
97	97	linear	2	0	0	warm	0.0	0	0
97	97	linear	2	7	0	cold	0.0	0	0
97	97	linear	2	7	0	warm	4.5553322059220045e-60	0	0
97	97	linear	2	15	0	cold	0.0	0	0
97	97	linear	2	15	0	warm	2.3767226366484808e-61	0	0
97	97	linear	2	23	0	cold	0.0	0	0
97	97	linear	2	23	0	warm	2.76364426059844e-59	0	0
97	97	linear	3	0	0	cold	0.0	0	0
97	97	linear	3	0	0	warm	0.0	0	0
97	97	linear	3	7	0	cold	0.0	0	0
97	97	linear	3	7	0	warm	2.904011668860438e-64	0	0
97	97	linear	3	15	0	cold	0.0	0	0
97	97	linear	3	15	0	warm	1.45755047917996e-63	0	0
97	97	linear	3	23	0	cold	0.0	0	0
97	97	linear	3	23	0	warm	1.926879270285826e-65	0	0
97	97	linear	4	0	0	cold	0.0	0	0
97	97	linear	4	0	0	warm	0.0	0	0
97	97	linear	4	7	0	cold	0.0	0	0
97	97	linear	4	7	0	warm	3.1018811450143663e-57	0	0
97	97	linear	4	15	0	cold	0.0	0	0
97	97	linear	4	15	0	warm	5.055618938076604e-57	0	0
97	97	linear	4	23	0	cold	0.0	0	0
97	97	linear	4	23	0	warm	1.2927445849539592e-56	0	0
97	97	uniform	0	0	0	cold	0.0	0	0
97	97	uniform	0	0	0	warm	0.0	0	0
97	97	uniform	0	7	0	cold	0.0	0	0
97	97	uniform	0	7	0	warm	4.1320292230154095e-47	0	0
97	97	uniform	0	15	0	cold	0.0	0	0
97	97	uniform	0	15	0	warm	3.4690253553866795e-49	0	0
97	97	uniform	0	23	0	cold	0.0	0	0
97	97	uniform	0	23	0	warm	8.850073417887546e-49	0	0
97	97	uniform	1	0	0	cold	0.0	0	0
97	97	uniform	1	0	0	warm	0.0	0	0
97	97	uniform	1	7	0	cold	0.0	0	0
97	97	uniform	1	7	0	warm	3.1751088240988725e-50	0	0
97	97	uniform	1	15	0	cold	0.0	0	0
97	97	uniform	1	15	0	warm	5.580071323253258e-52	0	0
97	97	uniform	1	23	0	cold	0.0	0	0
97	97	uniform	1	23	0	warm	2.5380342916735353e-48	0	0
97	97	uniform	2	0	0	cold	0.0	0	0
97	97	uniform	2	0	0	warm	0.0	0	0
97	97	uniform	2	7	0	cold	0.0	0	0
97	97	uniform	2	7	0	warm	4.5553322059220045e-60	0	0
97	97	uniform	2	15	0	cold	0.0	0	0
97	97	uniform	2	15	0	warm	2.3767226366484808e-61	0	0
97	97	uniform	2	23	0	cold	0.0	0	0
97	97	uniform	2	23	0	warm	2.76364426059844e-59	0	0
97	97	uniform	3	0	0	cold	0.0	0	0
97	97	uniform	3	0	0	warm	0.0	0	0
97	97	uniform	3	7	0	cold	0.0	0	0
97	97	uniform	3	7	0	warm	2.904011668860438e-64	0	0
97	97	uniform	3	15	0	cold	0.0	0	0
97	97	uniform	3	15	0	warm	1.45755047917996e-63	0	0
97	97	uniform	3	23	0	cold	0.0	0	0
97	97	uniform	3	23	0	warm	1.926879270285826e-65	0	0
97	97	uniform	4	0	0	cold	0.0	0	0
97	97	uniform	4	0	0	warm	0.0	0	0
97	97	uniform	4	7	0	cold	0.0	0	0
97	97	uniform	4	7	0	warm	3.1018811450143663e-57	0	0
97	97	uniform	4	15	0	cold	0.0	0	0
97	97	uniform	4	15	0	warm	5.055618938076604e-57	0	0
97	97	uniform	4	23	0	cold	0.0	0	0
97	97	uniform	4	23	0	warm	1.2927445849539592e-56	0	0
98	98	linear	0	0	0	cold	0.0	0	0
98	98	linear	0	0	0	warm	0.0	0	0
98	98	linear	0	7	0	cold	0.0	0	0
98	98	linear	0	7	0	warm	5.089543569647943e-63	0	0
98	98	linear	0	15	0	cold	0.0	0	0
98	98	linear	0	15	0	warm	2.3795023532753866e-58	0	0
98	98	linear	0	23	0	cold	0.0	0	0
98	98	linear	0	23	0	warm	1.8202525350777765e-59	0	0
98	98	linear	1	0	0	cold	0.0	0	0
98	98	linear	1	0	0	warm	0.0	0	0
98	98	linear	1	7	0	cold	0.0	0	0
98	98	linear	1	7	0	warm	1.789180120005568e-50	0	0
98	98	linear	1	15	0	cold	0.0	0	0
98	98	linear	1	15	0	warm	5.568635545411469e-49	0	0
98	98	linear	1	23	0	cold	0.0	0	0
98	98	linear	1	23	0	warm	2.0604099922046228e-48	0	0
98	98	linear	2	0	0	cold	0.0	0	0
98	98	linear	2	0	0	warm	0.0	0	0
98	98	linear	2	7	0	cold	0.0	0	0
98	98	linear	2	7	0	warm	2.657179574464263e-63	0	0
98	98	linear	2	15	0	cold	0.0	0	0
98	98	linear	2	15	0	warm	5.929270779380145e-63	0	0
98	98	linear	2	23	0	cold	0.0	0	0
98	98	linear	2	23	0	warm	4.758387681044707e-62	0	0
98	98	linear	3	0	0	cold	0.0	0	0
98	98	linear	3	0	0	warm	0.0	0	0
98	98	linear	3	7	0	cold	0.0	0	0
98	98	linear	3	7	0	warm	1.0511613667988438e-43	0	0
98	98	linear	3	15	0	cold	0.0	0	0
98	98	linear	3	15	0	warm	1.7308392454898347e-41	0	0
98	98	linear	3	23	0	cold	0.0	0	0
98	98	linear	3	23	0	warm	7.087436723470754e-42	0	0
98	98	linear	4	0	0	cold	0.0	0	0
98	98	linear	4	0	0	warm	0.0	0	0
98	98	linear	4	7	0	cold	0.0	0	0
98	98	linear	4	7	0	warm	1.8229645544279468e-44	0	0
98	98	linear	4	15	0	cold	0.0	0	0
98	98	linear	4	15	0	warm	1.0083791397750433e-44	0	0
98	98	linear	4	23	0	cold	0.0	0	0
98	98	linear	4	23	0	warm	3.255650570481595e-44	0	0
98	98	uniform	0	0	0	cold	0.0	0	0
98	98	uniform	0	0	0	warm	0.0	0	0
98	98	uniform	0	7	0	cold	0.0	0	0
98	98	uniform	0	7	0	warm	5.089543569647943e-63	0	0
98	98	uniform	0	15	0	cold	0.0	0	0
98	98	uniform	0	15	0	warm	2.3795023532753866e-58	0	0
98	98	uniform	0	23	0	cold	0.0	0	0
98	98	uniform	0	23	0	warm	1.8202525350777765e-59	0	0
98	98	uniform	1	0	0	cold	0.0	0	0
98	98	uniform	1	0	0	warm	0.0	0	0
98	98	uniform	1	7	0	cold	0.0	0	0
98	98	uniform	1	7	0	warm	1.789180120005568e-50	0	0
98	98	uniform	1	15	0	cold	0.0	0	0
98	98	uniform	1	15	0	warm	5.568635545411469e-49	0	0
98	98	uniform	1	23	0	cold	0.0	0	0
98	98	uniform	1	23	0	warm	2.0604099922046228e-48	0	0
98	98	uniform	2	0	0	cold	0.0	0	0
98	98	uniform	2	0	0	warm	0.0	0	0
98	98	uniform	2	7	0	cold	0.0	0	0
98	98	uniform	2	7	0	warm	2.657179574464263e-63	0	0
98	98	uniform	2	15	0	cold	0.0	0	0
98	98	uniform	2	15	0	warm	5.929270779380145e-63	0	0
98	98	uniform	2	23	0	cold	0.0	0	0
98	98	uniform	2	23	0	warm	4.758387681044707e-62	0	0
98	98	uniform	3	0	0	cold	0.0	0	0
98	98	uniform	3	0	0	warm	0.0	0	0
98	98	uniform	3	7	0	cold	0.0	0	0
98	98	uniform	3	7	0	warm	1.0511613667988438e-43	0	0
98	98	uniform	3	15	0	cold	0.0	0	0
98	98	uniform	3	15	0	warm	1.7308392454898347e-41	0	0
98	98	uniform	3	23	0	cold	0.0	0	0
98	98	uniform	3	23	0	warm	7.087436723470754e-42	0	0
98	98	uniform	4	0	0	cold	0.0	0	0
98	98	uniform	4	0	0	warm	0.0	0	0
98	98	uniform	4	7	0	cold	0.0	0	0
98	98	uniform	4	7	0	warm	1.8229645544279468e-44	0	0
98	98	uniform	4	15	0	cold	0.0	0	0
98	98	uniform	4	15	0	warm	1.0083791397750433e-44	0	0
98	98	uniform	4	23	0	cold	0.0	0	0
98	98	uniform	4	23	0	warm	3.255650570481595e-44	0	0
99	99	linear	0	0	0	cold	0.0	0	0
99	99	linear	0	0	0	warm	0.0	0	0
99	99	linear	0	7	0	cold	0.0	0	0
99	99	linear	0	7	0	warm	9.515394677788307e-58	0	0
99	99	linear	0	15	0	cold	0.0	0	0
99	99	linear	0	15	0	warm	5.491396452558051e-55	0	0
99	99	linear	0	23	0	cold	0.0	0	0
99	99	linear	0	23	0	warm	1.8597039481686636e-62	0	0
99	99	linear	1	0	0	cold	0.0	0	0
99	99	linear	1	0	0	warm	0.0	0	0
99	99	linear	1	7	0	cold	0.0	0	0
99	99	linear	1	7	0	warm	3.2570681934108484e-61	0	0
99	99	linear	1	15	0	cold	0.0	0	0
99	99	linear	1	15	0	warm	3.4056683334213634e-64	0	0
99	99	linear	1	23	0	cold	0.0	0	0
99	99	linear	1	23	0	warm	4.62937684741564e-46	0	0
99	99	linear	2	0	0	cold	0.0	0	0
99	99	linear	2	0	0	warm	0.0	0	0
99	99	linear	2	7	0	cold	0.0	0	0
99	99	linear	2	7	0	warm	8.583147930037896e-72	0	0
99	99	linear	2	15	0	cold	0.0	0	0
99	99	linear	2	15	0	warm	3.0890503124163963e-72	0	0
99	99	linear	2	23	0	cold	0.0	0	0
99	99	linear	2	23	0	warm	7.321064410656508e-71	0	0
99	99	linear	3	0	0	cold	0.0	0	0
99	99	linear	3	0	0	warm	0.0	0	0
99	99	linear	3	7	0	cold	0.0	0	0
99	99	linear	3	7	0	warm	1.220777631426116e-51	0	0
99	99	linear	3	15	0	cold	0.0	0	0
99	99	linear	3	15	0	warm	5.39656120841903e-50	0	0
99	99	linear	3	23	0	cold	0.0	0	0
99	99	linear	3	23	0	warm	1.0254927840671925e-50	0	0
99	99	linear	4	0	0	cold	0.0	0	0
99	99	linear	4	0	0	warm	0.0	0	0
99	99	linear	4	7	0	cold	0.0	0	0
99	99	linear	4	7	0	warm	6.2685024691797584e-43	0	0
99	99	linear	4	15	0	cold	0.0	0	0
99	99	linear	4	15	0	warm	7.465497504186882e-41	0	0
99	99	linear	4	23	0	cold	0.0	0	0
99	99	linear	4	23	0	warm	1.7151744028353038e-38	0	0
99	99	uniform	0	0	0	cold	0.0	0	0
99	99	uniform	0	0	0	warm	0.0	0	0
99	99	uniform	0	7	0	cold	0.0	0	0
99	99	uniform	0	7	0	warm	9.515394677788307e-58	0	0
99	99	uniform	0	15	0	cold	0.0	0	0
99	99	uniform	0	15	0	warm	5.491396452558051e-55	0	0
99	99	uniform	0	23	0	cold	0.0	0	0
99	99	uniform	0	23	0	warm	1.8597039481686636e-62	0	0
99	99	uniform	1	0	0	cold	0.0	0	0
99	99	uniform	1	0	0	warm	0.0	0	0
99	99	uniform	1	7	0	cold	0.0	0	0
99	99	uniform	1	7	0	warm	3.2570681934108484e-61	0	0
99	99	uniform	1	15	0	cold	0.0	0	0
99	99	uniform	1	15	0	warm	3.4056683334213634e-64	0	0
99	99	uniform	1	23	0	cold	0.0	0	0
99	99	uniform	1	23	0	warm	4.62937684741564e-46	0	0
99	99	uniform	2	0	0	cold	0.0	0	0
99	99	uniform	2	0	0	warm	0.0	0	0
99	99	uniform	2	7	0	cold	0.0	0	0
99	99	uniform	2	7	0	warm	8.583147930037896e-72	0	0
99	99	uniform	2	15	0	cold	0.0	0	0
99	99	uniform	2	15	0	warm	3.0890503124163963e-72	0	0
99	99	uniform	2	23	0	cold	0.0	0	0
99	99	uniform	2	23	0	warm	7.321064410656508e-71	0	0
99	99	uniform	3	0	0	cold	0.0	0	0
99	99	uniform	3	0	0	warm	0.0	0	0
99	99	uniform	3	7	0	cold	0.0	0	0
99	99	uniform	3	7	0	warm	1.220777631426116e-51	0	0
99	99	uniform	3	15	0	cold	0.0	0	0
99	99	uniform	3	15	0	warm	5.39656120841903e-50	0	0
99	99	uniform	3	23	0	cold	0.0	0	0
99	99	uniform	3	23	0	warm	1.0254927840671925e-50	0	0
99	99	uniform	4	0	0	cold	0.0	0	0
99	99	uniform	4	0	0	warm	0.0	0	0
99	99	uniform	4	7	0	cold	0.0	0	0
99	99	uniform	4	7	0	warm	6.2685024691797584e-43	0	0
99	99	uniform	4	15	0	cold	0.0	0	0
99	99	uniform	4	15	0	warm	7.465497504186882e-41	0	0
99	99	uniform	4	23	0	cold	0.0	0	0
99	99	uniform	4	23	0	warm	1.7151744028353038e-38	0	0
100	100	linear	0	0	0	cold	0.0	0	0
100	100	linear	0	0	0	warm	0.0	0	0
100	100	linear	0	7	0	cold	0.0	0	0
100	100	linear	0	7	0	warm	6.7990883837088854e-49	0	0
100	100	linear	0	15	0	cold	0.0	0	0
100	100	linear	0	15	0	warm	2.900017143156032e-51	0	0
100	100	linear	0	23	0	cold	0.0	0	0
100	100	linear	0	23	0	warm	6.928295856220363e-51	0	0
100	100	linear	1	0	0	cold	0.0	0	0
100	100	linear	1	0	0	warm	0.0	0	0
100	100	linear	1	7	0	cold	0.0	0	0
100	100	linear	1	7	0	warm	7.80319873906023e-52	0	0
100	100	linear	1	15	0	cold	0.0	0	0
100	100	linear	1	15	0	warm	1.982134694538886e-51	0	0
100	100	linear	1	23	0	cold	0.0	0	0
100	100	linear	1	23	0	warm	5.123716361889763e-45	0	0
100	100	linear	2	0	0	cold	0.0	0	0
100	100	linear	2	0	0	warm	0.0	0	0
100	100	linear	2	7	0	cold	0.0	0	0
100	100	linear	2	7	0	warm	9.669978627975499e-68	0	0
100	100	linear	2	15	0	cold	0.0	0	0
100	100	linear	2	15	0	warm	2.1711905947544687e-69	0	0
100	100	linear	2	23	0	cold	0.0	0	0
100	100	linear	2	23	0	warm	7.823829628304324e-69	0	0
100	100	linear	3	0	0	cold	0.0	0	0
100	100	linear	3	0	0	warm	0.0	0	0
100	100	linear	3	7	0	cold	0.0	0	0
100	100	linear	3	7	0	warm	6.33892260677325e-66	0	0
100	100	linear	3	15	0	cold	0.0	0	0
100	100	linear	3	15	0	warm	2.075143207316129e-64	0	0
100	100	linear	3	23	0	cold	0.0	0	0
100	100	linear	3	23	0	warm	2.305985329578095e-65	0	0
100	100	linear	4	0	0	cold	0.0	0	0
100	100	linear	4	0	0	warm	0.0	0	0
100	100	linear	4	7	0	cold	0.0	0	0
100	100	linear	4	7	0	warm	1.4824075438945465e-58	0	0
100	100	linear	4	15	0	cold	0.0	0	0
100	100	linear	4	15	0	warm	5.297392040973221e-57	0	0
100	100	linear	4	23	0	cold	0.0	0	0
100	100	linear	4	23	0	warm	6.853532401319885e-57	0	0
100	100	uniform	0	0	0	cold	0.0	0	0
100	100	uniform	0	0	0	warm	0.0	0	0
100	100	uniform	0	7	0	cold	0.0	0	0
100	100	uniform	0	7	0	warm	6.7990883837088854e-49	0	0
100	100	uniform	0	15	0	cold	0.0	0	0
100	100	uniform	0	15	0	warm	2.900017143156032e-51	0	0
100	100	uniform	0	23	0	cold	0.0	0	0
100	100	uniform	0	23	0	warm	6.928295856220363e-51	0	0
100	100	uniform	1	0	0	cold	0.0	0	0
100	100	uniform	1	0	0	warm	0.0	0	0
100	100	uniform	1	7	0	cold	0.0	0	0
100	100	uniform	1	7	0	warm	7.80319873906023e-52	0	0
100	100	uniform	1	15	0	cold	0.0	0	0
100	100	uniform	1	15	0	warm	1.982134694538886e-51	0	0
100	100	uniform	1	23	0	cold	0.0	0	0
100	100	uniform	1	23	0	warm	5.123716361889763e-45	0	0
100	100	uniform	2	0	0	cold	0.0	0	0
100	100	uniform	2	0	0	warm	0.0	0	0
100	100	uniform	2	7	0	cold	0.0	0	0
100	100	uniform	2	7	0	warm	9.669978627975499e-68	0	0
100	100	uniform	2	15	0	cold	0.0	0	0
100	100	uniform	2	15	0	warm	2.1711905947544687e-69	0	0
100	100	uniform	2	23	0	cold	0.0	0	0
100	100	uniform	2	23	0	warm	7.823829628304324e-69	0	0
100	100	uniform	3	0	0	cold	0.0	0	0
100	100	uniform	3	0	0	warm	0.0	0	0
100	100	uniform	3	7	0	cold	0.0	0	0
100	100	uniform	3	7	0	warm	6.33892260677325e-66	0	0
100	100	uniform	3	15	0	cold	0.0	0	0
100	100	uniform	3	15	0	warm	2.075143207316129e-64	0	0
100	100	uniform	3	23	0	cold	0.0	0	0
100	100	uniform	3	23	0	warm	2.305985329578095e-65	0	0
100	100	uniform	4	0	0	cold	0.0	0	0
100	100	uniform	4	0	0	warm	0.0	0	0
100	100	uniform	4	7	0	cold	0.0	0	0
100	100	uniform	4	7	0	warm	1.4824075438945465e-58	0	0
100	100	uniform	4	15	0	cold	0.0	0	0
100	100	uniform	4	15	0	warm	5.297392040973221e-57	0	0
100	100	uniform	4	23	0	cold	0.0	0	0
100	100	uniform	4	23	0	warm	6.853532401319885e-57	0	0
101	101	linear	0	0	0	cold	0.0	0	0
101	101	linear	0	0	0	warm	0.0	0	0
101	101	linear	0	7	0	cold	0.0	0	0
101	101	linear	0	7	0	warm	1.0427369811502584e-53	0	0
101	101	linear	0	15	0	cold	0.0	0	0
101	101	linear	0	15	0	warm	4.808036306557059e-80	0	0
101	101	linear	0	23	0	cold	0.0	0	0
101	101	linear	0	23	0	warm	3.2312741621533504e-69	0	0
101	101	linear	1	0	0	cold	0.0	0	0
101	101	linear	1	0	0	warm	0.0	0	0
101	101	linear	1	7	0	cold	0.0	0	0
101	101	linear	1	7	0	warm	3.4834696762329576e-50	0	0
101	101	linear	1	15	0	cold	0.0	0	0
101	101	linear	1	15	0	warm	2.6761500255640955e-50	0	0
101	101	linear	1	23	0	cold	0.0	0	0
101	101	linear	1	23	0	warm	1.002550089260557e-49	0	0
101	101	linear	2	0	0	cold	0.0	0	0
101	101	linear	2	0	0	warm	0.0	0	0
101	101	linear	2	7	0	cold	0.0	0	0
101	101	linear	2	7	0	warm	4.51210032859376e-43	0	0
101	101	linear	2	15	0	cold	0.0	0	0
101	101	linear	2	15	0	warm	3.4036901342109186e-44	0	0
101	101	linear	2	23	0	cold	0.0	0	0
101	101	linear	2	23	0	warm	6.394091498856116e-45	0	0
101	101	linear	3	0	0	cold	0.0	0	0
101	101	linear	3	0	0	warm	0.0	0	0
101	101	linear	3	7	0	cold	0.0	0	0
101	101	linear	3	7	0	warm	1.0218614146930755e-63	0	0
101	101	linear	3	15	0	cold	0.0	0	0
101	101	linear	3	15	0	warm	1.7349527840223042e-70	0	0
101	101	linear	3	23	0	cold	0.0	0	0
101	101	linear	3	23	0	warm	2.504492431629572e-70	0	0
101	101	linear	4	0	0	cold	0.0	0	0
101	101	linear	4	0	0	warm	0.0	0	0
101	101	linear	4	7	0	cold	0.0	0	0
101	101	linear	4	7	0	warm	1.5666703072068602e-47	0	0
101	101	linear	4	15	0	cold	0.0	0	0
101	101	linear	4	15	0	warm	1.626374057050602e-47	0	0
101	101	linear	4	23	0	cold	0.0	0	0
101	101	linear	4	23	0	warm	4.3031234705575686e-49	0	0
101	101	uniform	0	0	0	cold	0.0	0	0
101	101	uniform	0	0	0	warm	0.0	0	0
101	101	uniform	0	7	0	cold	0.0	0	0
101	101	uniform	0	7	0	warm	1.0427369811502584e-53	0	0
101	101	uniform	0	15	0	cold	0.0	0	0
101	101	uniform	0	15	0	warm	4.808036306557059e-80	0	0
101	101	uniform	0	23	0	cold	0.0	0	0
101	101	uniform	0	23	0	warm	3.2312741621533504e-69	0	0
101	101	uniform	1	0	0	cold	0.0	0	0
101	101	uniform	1	0	0	warm	0.0	0	0
101	101	uniform	1	7	0	cold	0.0	0	0
101	101	uniform	1	7	0	warm	3.4834696762329576e-50	0	0
101	101	uniform	1	15	0	cold	0.0	0	0
101	101	uniform	1	15	0	warm	2.6761500255640955e-50	0	0
101	101	uniform	1	23	0	cold	0.0	0	0
101	101	uniform	1	23	0	warm	1.002550089260557e-49	0	0
101	101	uniform	2	0	0	cold	0.0	0	0
101	101	uniform	2	0	0	warm	0.0	0	0
101	101	uniform	2	7	0	cold	0.0	0	0
101	101	uniform	2	7	0	warm	4.51210032859376e-43	0	0
101	101	uniform	2	15	0	cold	0.0	0	0
101	101	uniform	2	15	0	warm	3.4036901342109186e-44	0	0
101	101	uniform	2	23	0	cold	0.0	0	0
101	101	uniform	2	23	0	warm	6.394091498856116e-45	0	0
101	101	uniform	3	0	0	cold	0.0	0	0
101	101	uniform	3	0	0	warm	0.0	0	0
101	101	uniform	3	7	0	cold	0.0	0	0
101	101	uniform	3	7	0	warm	1.0218614146930755e-63	0	0
101	101	uniform	3	15	0	cold	0.0	0	0
101	101	uniform	3	15	0	warm	1.7349527840223042e-70	0	0
101	101	uniform	3	23	0	cold	0.0	0	0
101	101	uniform	3	23	0	warm	2.504492431629572e-70	0	0
101	101	uniform	4	0	0	cold	0.0	0	0
101	101	uniform	4	0	0	warm	0.0	0	0
101	101	uniform	4	7	0	cold	0.0	0	0
101	101	uniform	4	7	0	warm	1.5666703072068602e-47	0	0
101	101	uniform	4	15	0	cold	0.0	0	0
101	101	uniform	4	15	0	warm	1.626374057050602e-47	0	0
101	101	uniform	4	23	0	cold	0.0	0	0
101	101	uniform	4	23	0	warm	4.3031234705575686e-49	0	0
102	102	linear	0	0	0	cold	0.0	0	0
102	102	linear	0	0	0	warm	0.0	0	0
102	102	linear	0	7	0	cold	0.0	0	0
102	102	linear	0	7	0	warm	7.025591438039945e-63	0	0
102	102	linear	0	15	0	cold	0.0	0	0
102	102	linear	0	15	0	warm	4.645588690799112e-62	0	0
102	102	linear	0	23	0	cold	0.0	0	0
102	102	linear	0	23	0	warm	3.8548326388847536e-60	0	0
102	102	linear	1	0	0	cold	0.0	0	0
102	102	linear	1	0	0	warm	0.0	0	0
102	102	linear	1	7	0	cold	0.0	0	0
102	102	linear	1	7	0	warm	2.3560670178562094e-70	0	0
102	102	linear	1	15	0	cold	0.0	0	0
102	102	linear	1	15	0	warm	5.021987007146909e-70	0	0
102	102	linear	1	23	0	cold	0.0	0	0
102	102	linear	1	23	0	warm	1.5567460802146953e-70	0	0
102	102	linear	2	0	0	cold	0.0	0	0
102	102	linear	2	0	0	warm	0.0	0	0
102	102	linear	2	7	0	cold	0.0	0	0
102	102	linear	2	7	0	warm	6.602964842560371e-76	0	0
102	102	linear	2	15	0	cold	0.0	0	0
102	102	linear	2	15	0	warm	2.6501878935420694e-68	0	0
102	102	linear	2	23	0	cold	0.0	0	0
102	102	linear	2	23	0	warm	9.6565981223851e-59	0	0
102	102	linear	3	0	0	cold	0.0	0	0
102	102	linear	3	0	0	warm	0.0	0	0
102	102	linear	3	7	0	cold	0.0	0	0
102	102	linear	3	7	0	warm	2.5002188278589173e-54	0	0
102	102	linear	3	15	0	cold	0.0	0	0
102	102	linear	3	15	0	warm	2.993035251061679e-55	0	0
102	102	linear	3	23	0	cold	0.0	0	0
102	102	linear	3	23	0	warm	2.957645555885429e-56	0	0
102	102	linear	4	0	0	cold	0.0	0	0
102	102	linear	4	0	0	warm	0.0	0	0
102	102	linear	4	7	0	cold	0.0	0	0
102	102	linear	4	7	0	warm	5.224044404434757e-53	0	0
102	102	linear	4	15	0	cold	0.0	0	0
102	102	linear	4	15	0	warm	9.375463123848254e-51	0	0
102	102	linear	4	23	0	cold	0.0	0	0
102	102	linear	4	23	0	warm	3.1655739448414025e-48	0	0
102	102	uniform	0	0	0	cold	0.0	0	0
102	102	uniform	0	0	0	warm	0.0	0	0
102	102	uniform	0	7	0	cold	0.0	0	0
102	102	uniform	0	7	0	warm	7.025591438039945e-63	0	0
102	102	uniform	0	15	0	cold	0.0	0	0
102	102	uniform	0	15	0	warm	4.645588690799112e-62	0	0
102	102	uniform	0	23	0	cold	0.0	0	0
102	102	uniform	0	23	0	warm	3.8548326388847536e-60	0	0
102	102	uniform	1	0	0	cold	0.0	0	0
102	102	uniform	1	0	0	warm	0.0	0	0
102	102	uniform	1	7	0	cold	0.0	0	0
102	102	uniform	1	7	0	warm	2.3560670178562094e-70	0	0
102	102	uniform	1	15	0	cold	0.0	0	0
102	102	uniform	1	15	0	warm	5.021987007146909e-70	0	0
102	102	uniform	1	23	0	cold	0.0	0	0
102	102	uniform	1	23	0	warm	1.5567460802146953e-70	0	0
102	102	uniform	2	0	0	cold	0.0	0	0
102	102	uniform	2	0	0	warm	0.0	0	0
102	102	uniform	2	7	0	cold	0.0	0	0
102	102	uniform	2	7	0	warm	6.602964842560371e-76	0	0
102	102	uniform	2	15	0	cold	0.0	0	0
102	102	uniform	2	15	0	warm	2.6501878935420694e-68	0	0
102	102	uniform	2	23	0	cold	0.0	0	0
102	102	uniform	2	23	0	warm	9.6565981223851e-59	0	0
102	102	uniform	3	0	0	cold	0.0	0	0
102	102	uniform	3	0	0	warm	0.0	0	0
102	102	uniform	3	7	0	cold	0.0	0	0
102	102	uniform	3	7	0	warm	2.5002188278589173e-54	0	0
102	102	uniform	3	15	0	cold	0.0	0	0
102	102	uniform	3	15	0	warm	2.993035251061679e-55	0	0
102	102	uniform	3	23	0	cold	0.0	0	0
102	102	uniform	3	23	0	warm	2.957645555885429e-56	0	0
102	102	uniform	4	0	0	cold	0.0	0	0
102	102	uniform	4	0	0	warm	0.0	0	0
102	102	uniform	4	7	0	cold	0.0	0	0
102	102	uniform	4	7	0	warm	5.224044404434757e-53	0	0
102	102	uniform	4	15	0	cold	0.0	0	0
102	102	uniform	4	15	0	warm	9.375463123848254e-51	0	0
102	102	uniform	4	23	0	cold	0.0	0	0
102	102	uniform	4	23	0	warm	3.1655739448414025e-48	0	0
103	103	linear	0	0	0	cold	0.0	0	0
103	103	linear	0	0	0	warm	0.0	0	0
103	103	linear	0	7	0	cold	0.0	0	0
103	103	linear	0	7	0	warm	1.6133304355321163e-45	0	0
103	103	linear	0	15	0	cold	0.0	0	0
103	103	linear	0	15	0	warm	3.94103676734527e-43	0	0
103	103	linear	0	23	0	cold	0.0	0	0
103	103	linear	0	23	0	warm	1.7514937742825268e-42	0	0
103	103	linear	1	0	0	cold	0.0	0	0
103	103	linear	1	0	0	warm	0.0	0	0
103	103	linear	1	7	0	cold	0.0	0	0
103	103	linear	1	7	0	warm	3.2584185336596754e-46	0	0
103	103	linear	1	15	0	cold	0.0	0	0
103	103	linear	1	15	0	warm	4.1513050975336265e-73	0	0
103	103	linear	1	23	0	cold	0.0	0	0
103	103	linear	1	23	0	warm	2.9965940871798454e-49	0	0
103	103	linear	2	0	0	cold	0.0	0	0
103	103	linear	2	0	0	warm	0.0	0	0
103	103	linear	2	7	0	cold	0.0	0	0
103	103	linear	2	7	0	warm	1.0480524869498742e-49	0	0
103	103	linear	2	15	0	cold	0.0	0	0
103	103	linear	2	15	0	warm	3.3253600236125554e-64	0	0
103	103	linear	2	23	0	cold	0.0	0	0
103	103	linear	2	23	0	warm	2.3836743458561776e-53	0	0
103	103	linear	3	0	0	cold	0.0	0	0
103	103	linear	3	0	0	warm	0.0	0	0
103	103	linear	3	7	0	cold	0.0	0	0
103	103	linear	3	7	0	warm	3.68389269348689e-39	0	0
103	103	linear	3	15	0	cold	0.0	0	0
103	103	linear	3	15	0	warm	2.2356514796260578e-41	0	0
103	103	linear	3	23	0	cold	0.0	0	0
103	103	linear	3	23	0	warm	1.7784307348838602e-54	0	0
103	103	linear	4	0	0	cold	0.0	0	0
103	103	linear	4	0	0	warm	0.0	0	0
103	103	linear	4	7	0	cold	0.0	0	0
103	103	linear	4	7	0	warm	2.1764713530496482e-44	0	0
103	103	linear	4	15	0	cold	0.0	0	0
103	103	linear	4	15	0	warm	5.38990145081512e-56	0	0
103	103	linear	4	23	0	cold	0.0	0	0
103	103	linear	4	23	0	warm	2.1273089018540155e-43	0	0
103	103	uniform	0	0	0	cold	0.0	0	0
103	103	uniform	0	0	0	warm	0.0	0	0
103	103	uniform	0	7	0	cold	0.0	0	0
103	103	uniform	0	7	0	warm	1.6133304355321163e-45	0	0
103	103	uniform	0	15	0	cold	0.0	0	0
103	103	uniform	0	15	0	warm	3.94103676734527e-43	0	0
103	103	uniform	0	23	0	cold	0.0	0	0
103	103	uniform	0	23	0	warm	1.7514937742825268e-42	0	0
103	103	uniform	1	0	0	cold	0.0	0	0
103	103	uniform	1	0	0	warm	0.0	0	0
103	103	uniform	1	7	0	cold	0.0	0	0
103	103	uniform	1	7	0	warm	3.2584185336596754e-46	0	0
103	103	uniform	1	15	0	cold	0.0	0	0
103	103	uniform	1	15	0	warm	4.1513050975336265e-73	0	0
103	103	uniform	1	23	0	cold	0.0	0	0
103	103	uniform	1	23	0	warm	2.9965940871798454e-49	0	0
103	103	uniform	2	0	0	cold	0.0	0	0
103	103	uniform	2	0	0	warm	0.0	0	0
103	103	uniform	2	7	0	cold	0.0	0	0
103	103	uniform	2	7	0	warm	1.0480524869498742e-49	0	0
103	103	uniform	2	15	0	cold	0.0	0	0
103	103	uniform	2	15	0	warm	3.3253600236125554e-64	0	0
103	103	uniform	2	23	0	cold	0.0	0	0
103	103	uniform	2	23	0	warm	2.3836743458561776e-53	0	0
103	103	uniform	3	0	0	cold	0.0	0	0
103	103	uniform	3	0	0	warm	0.0	0	0
103	103	uniform	3	7	0	cold	0.0	0	0
103	103	uniform	3	7	0	warm	3.68389269348689e-39	0	0
103	103	uniform	3	15	0	cold	0.0	0	0
103	103	uniform	3	15	0	warm	2.2356514796260578e-41	0	0
103	103	uniform	3	23	0	cold	0.0	0	0
103	103	uniform	3	23	0	warm	1.7784307348838602e-54	0	0
103	103	uniform	4	0	0	cold	0.0	0	0
103	103	uniform	4	0	0	warm	0.0	0	0
103	103	uniform	4	7	0	cold	0.0	0	0
103	103	uniform	4	7	0	warm	2.1764713530496482e-44	0	0
103	103	uniform	4	15	0	cold	0.0	0	0
103	103	uniform	4	15	0	warm	5.38990145081512e-56	0	0
103	103	uniform	4	23	0	cold	0.0	0	0
103	103	uniform	4	23	0	warm	2.1273089018540155e-43	0	0
104	104	linear	0	0	0	cold	0.0	0	0
104	104	linear	0	0	0	warm	0.0	0	0
104	104	linear	0	7	0	cold	0.0	0	0
104	104	linear	0	7	0	warm	0.0	0	0
104	104	linear	0	15	0	cold	0.0	0	0
104	104	linear	0	15	0	warm	0.0	0	0
104	104	linear	0	23	0	cold	0.0	0	0
104	104	linear	0	23	0	warm	0.0	0	0
104	104	linear	1	0	0	cold	0.0	0	0
104	104	linear	1	0	0	warm	0.0	0	0
104	104	linear	1	7	0	cold	0.0	0	0
104	104	linear	1	7	0	warm	6.486630744197399e-74	0	0
104	104	linear	1	15	0	cold	0.0	0	0
104	104	linear	1	15	0	warm	3.520601232778468e-73	0	0
104	104	linear	1	23	0	cold	0.0	0	0
104	104	linear	1	23	0	warm	1.9364962623170468e-72	0	0
104	104	linear	2	0	0	cold	0.0	0	0
104	104	linear	2	0	0	warm	0.0	0	0
104	104	linear	2	7	0	cold	0.0	0	0
104	104	linear	2	7	0	warm	4.3537983391110794e-72	0	0
104	104	linear	2	15	0	cold	0.0	0	0
104	104	linear	2	15	0	warm	2.9309356900333347e-72	0	0
104	104	linear	2	23	0	cold	0.0	0	0
104	104	linear	2	23	0	warm	8.798242049983489e-73	0	0
104	104	linear	3	0	0	cold	0.0	0	0
104	104	linear	3	0	0	warm	0.0	0	0
104	104	linear	3	7	0	cold	0.0	0	0
104	104	linear	3	7	0	warm	8.184226151997637e-61	0	0
104	104	linear	3	15	0	cold	0.0	0	0
104	104	linear	3	15	0	warm	3.318592966801971e-61	0	0
104	104	linear	3	23	0	cold	0.0	0	0
104	104	linear	3	23	0	warm	3.339641955389466e-61	0	0
104	104	linear	4	0	0	cold	0.0	0	0
104	104	linear	4	0	0	warm	0.0	0	0
104	104	linear	4	7	0	cold	0.0	0	0
104	104	linear	4	7	0	warm	8.815860496476152e-62	0	0
104	104	linear	4	15	0	cold	0.0	0	0
104	104	linear	4	15	0	warm	2.7426827160019237e-63	0	0
104	104	linear	4	23	0	cold	0.0	0	0
104	104	linear	4	23	0	warm	8.015889812213423e-64	0	0
104	104	uniform	0	0	0	cold	0.0	0	0
104	104	uniform	0	0	0	warm	0.0	0	0
104	104	uniform	0	7	0	cold	0.0	0	0
104	104	uniform	0	7	0	warm	0.0	0	0
104	104	uniform	0	15	0	cold	0.0	0	0
104	104	uniform	0	15	0	warm	0.0	0	0
104	104	uniform	0	23	0	cold	0.0	0	0
104	104	uniform	0	23	0	warm	0.0	0	0
104	104	uniform	1	0	0	cold	0.0	0	0
104	104	uniform	1	0	0	warm	0.0	0	0
104	104	uniform	1	7	0	cold	0.0	0	0
104	104	uniform	1	7	0	warm	6.486630744197399e-74	0	0
104	104	uniform	1	15	0	cold	0.0	0	0
104	104	uniform	1	15	0	warm	3.520601232778468e-73	0	0
104	104	uniform	1	23	0	cold	0.0	0	0
104	104	uniform	1	23	0	warm	1.9364962623170468e-72	0	0
104	104	uniform	2	0	0	cold	0.0	0	0
104	104	uniform	2	0	0	warm	0.0	0	0
104	104	uniform	2	7	0	cold	0.0	0	0
104	104	uniform	2	7	0	warm	4.3537983391110794e-72	0	0
104	104	uniform	2	15	0	cold	0.0	0	0
104	104	uniform	2	15	0	warm	2.9309356900333347e-72	0	0
104	104	uniform	2	23	0	cold	0.0	0	0
104	104	uniform	2	23	0	warm	8.798242049983489e-73	0	0
104	104	uniform	3	0	0	cold	0.0	0	0
104	104	uniform	3	0	0	warm	0.0	0	0
104	104	uniform	3	7	0	cold	0.0	0	0
104	104	uniform	3	7	0	warm	8.184226151997637e-61	0	0
104	104	uniform	3	15	0	cold	0.0	0	0
104	104	uniform	3	15	0	warm	3.318592966801971e-61	0	0
104	104	uniform	3	23	0	cold	0.0	0	0
104	104	uniform	3	23	0	warm	3.339641955389466e-61	0	0
104	104	uniform	4	0	0	cold	0.0	0	0
104	104	uniform	4	0	0	warm	0.0	0	0
104	104	uniform	4	7	0	cold	0.0	0	0
104	104	uniform	4	7	0	warm	8.815860496476152e-62	0	0
104	104	uniform	4	15	0	cold	0.0	0	0
104	104	uniform	4	15	0	warm	2.7426827160019237e-63	0	0
104	104	uniform	4	23	0	cold	0.0	0	0
104	104	uniform	4	23	0	warm	8.015889812213423e-64	0	0
105	105	linear	0	0	0	cold	0.0	0	0
105	105	linear	0	0	0	warm	0.0	0	0
105	105	linear	0	7	0	cold	0.0	0	0
105	105	linear	0	7	0	warm	4.1997020456581604e-42	0	0
105	105	linear	0	15	0	cold	0.0	0	0
105	105	linear	0	15	0	warm	5.363982512950822e-50	0	0
105	105	linear	0	23	0	cold	0.0	0	0
105	105	linear	0	23	0	warm	1.5009512557755586e-47	0	0
105	105	linear	1	0	0	cold	0.0	0	0
105	105	linear	1	0	0	warm	0.0	0	0
105	105	linear	1	7	0	cold	0.0	0	0
105	105	linear	1	7	0	warm	6.601627413892971e-15	0	0
105	105	linear	1	15	0	cold	0.0	0	0
105	105	linear	1	15	0	warm	1.2025302763951368e-14	0	0
105	105	linear	1	23	0	cold	0.0	0	0
105	105	linear	1	23	0	warm	0.0	0	0
105	105	linear	2	0	0	cold	0.0	0	0
105	105	linear	2	0	0	warm	0.0	0	0
105	105	linear	2	7	0	cold	0.0	0	0
105	105	linear	2	7	0	warm	7.423902349111413e-42	0	0
105	105	linear	2	15	0	cold	0.0	0	0
105	105	linear	2	15	0	warm	2.6994932830919573e-40	0	0
105	105	linear	2	23	0	cold	0.0	0	0
105	105	linear	2	23	0	warm	2.6504290109616028e-64	0	0
105	105	linear	3	0	0	cold	0.0	0	0
105	105	linear	3	0	0	warm	0.0	0	0
105	105	linear	3	7	0	cold	0.0	0	0
105	105	linear	3	7	0	warm	1.7601040376716566e-37	0	0
105	105	linear	3	15	0	cold	0.0	0	0
105	105	linear	3	15	0	warm	8.224131234081617e-47	0	0
105	105	linear	3	23	0	cold	0.0	0	0
105	105	linear	3	23	0	warm	1.3521363893900026e-34	0	0
105	105	linear	4	0	0	cold	0.0	0	0
105	105	linear	4	0	0	warm	0.0	0	0
105	105	linear	4	7	0	cold	0.0	0	0
105	105	linear	4	7	0	warm	9.779565905193592e-66	0	0
105	105	linear	4	15	0	cold	0.0	0	0
105	105	linear	4	15	0	warm	1.3256450758409403e-66	0	0
105	105	linear	4	23	0	cold	0.0	0	0
105	105	linear	4	23	0	warm	8.7961250285415e-68	0	0
105	105	uniform	0	0	0	cold	0.0	0	0
105	105	uniform	0	0	0	warm	0.0	0	0
105	105	uniform	0	7	0	cold	0.0	0	0
105	105	uniform	0	7	0	warm	4.1997020456581604e-42	0	0
105	105	uniform	0	15	0	cold	0.0	0	0
105	105	uniform	0	15	0	warm	5.363982512950822e-50	0	0
105	105	uniform	0	23	0	cold	0.0	0	0
105	105	uniform	0	23	0	warm	1.5009512557755586e-47	0	0
105	105	uniform	1	0	0	cold	0.0	0	0
105	105	uniform	1	0	0	warm	0.0	0	0
105	105	uniform	1	7	0	cold	0.0	0	0
105	105	uniform	1	7	0	warm	6.601627413892971e-15	0	0
105	105	uniform	1	15	0	cold	0.0	0	0
105	105	uniform	1	15	0	warm	1.2025302763951368e-14	0	0
105	105	uniform	1	23	0	cold	0.0	0	0
105	105	uniform	1	23	0	warm	0.0	0	0
105	105	uniform	2	0	0	cold	0.0	0	0
105	105	uniform	2	0	0	warm	0.0	0	0
105	105	uniform	2	7	0	cold	0.0	0	0
105	105	uniform	2	7	0	warm	7.423902349111413e-42	0	0
105	105	uniform	2	15	0	cold	0.0	0	0
105	105	uniform	2	15	0	warm	2.6994932830919573e-40	0	0
105	105	uniform	2	23	0	cold	0.0	0	0
105	105	uniform	2	23	0	warm	2.6504290109616028e-64	0	0
105	105	uniform	3	0	0	cold	0.0	0	0
105	105	uniform	3	0	0	warm	0.0	0	0
105	105	uniform	3	7	0	cold	0.0	0	0
105	105	uniform	3	7	0	warm	1.7601040376716566e-37	0	0
105	105	uniform	3	15	0	cold	0.0	0	0
105	105	uniform	3	15	0	warm	8.224131234081617e-47	0	0
105	105	uniform	3	23	0	cold	0.0	0	0
105	105	uniform	3	23	0	warm	1.3521363893900026e-34	0	0
105	105	uniform	4	0	0	cold	0.0	0	0
105	105	uniform	4	0	0	warm	0.0	0	0
105	105	uniform	4	7	0	cold	0.0	0	0
105	105	uniform	4	7	0	warm	9.779565905193592e-66	0	0
105	105	uniform	4	15	0	cold	0.0	0	0
105	105	uniform	4	15	0	warm	1.3256450758409403e-66	0	0
105	105	uniform	4	23	0	cold	0.0	0	0
105	105	uniform	4	23	0	warm	8.7961250285415e-68	0	0
106	106	linear	0	0	0	cold	0.0	0	0
106	106	linear	0	0	0	warm	0.0	0	0
106	106	linear	0	7	0	cold	0.0	0	0
106	106	linear	0	7	0	warm	2.2702282860148152e-74	0	0
106	106	linear	0	15	0	cold	0.0	0	0
106	106	linear	0	15	0	warm	3.668697356349068e-72	0	0
106	106	linear	0	23	0	cold	0.0	0	0
106	106	linear	0	23	0	warm	4.073325062727579e-73	0	0
106	106	linear	1	0	0	cold	0.0	0	0
106	106	linear	1	0	0	warm	0.0	0	0
106	106	linear	1	7	0	cold	0.0	0	0
106	106	linear	1	7	0	warm	8.877993859488164e-74	0	0
106	106	linear	1	15	0	cold	0.0	0	0
106	106	linear	1	15	0	warm	4.009824435796976e-74	0	0
106	106	linear	1	23	0	cold	0.0	0	0
106	106	linear	1	23	0	warm	4.5981248343912634e-74	0	0
106	106	linear	2	0	0	cold	0.0	0	0
106	106	linear	2	0	0	warm	0.0	0	0
106	106	linear	2	7	0	cold	0.0	0	0
106	106	linear	2	7	0	warm	7.469117305571613e-69	0	0
106	106	linear	2	15	0	cold	0.0	0	0
106	106	linear	2	15	0	warm	3.8124103248470004e-72	0	0
106	106	linear	2	23	0	cold	0.0	0	0
106	106	linear	2	23	0	warm	2.139312462948885e-71	0	0
106	106	linear	3	0	0	cold	0.0	0	0
106	106	linear	3	0	0	warm	0.0	0	0
106	106	linear	3	7	0	cold	0.0	0	0
106	106	linear	3	7	0	warm	4.2243433389388577e-60	0	0
106	106	linear	3	15	0	cold	0.0	0	0
106	106	linear	3	15	0	warm	7.862610897704495e-59	0	0
106	106	linear	3	23	0	cold	0.0	0	0
106	106	linear	3	23	0	warm	2.1404744850500837e-59	0	0
106	106	linear	4	0	0	cold	0.0	0	0
106	106	linear	4	0	0	warm	0.0	0	0
106	106	linear	4	7	0	cold	0.0	0	0
106	106	linear	4	7	0	warm	8.036669633308599e-73	0	0
106	106	linear	4	15	0	cold	0.0	0	0
106	106	linear	4	15	0	warm	2.294726088260851e-73	0	0
106	106	linear	4	23	0	cold	0.0	0	0
106	106	linear	4	23	0	warm	2.0675612662326606e-73	0	0
106	106	uniform	0	0	0	cold	0.0	0	0
106	106	uniform	0	0	0	warm	0.0	0	0
106	106	uniform	0	7	0	cold	0.0	0	0
106	106	uniform	0	7	0	warm	2.2702282860148152e-74	0	0
106	106	uniform	0	15	0	cold	0.0	0	0
106	106	uniform	0	15	0	warm	3.668697356349068e-72	0	0
106	106	uniform	0	23	0	cold	0.0	0	0
106	106	uniform	0	23	0	warm	4.073325062727579e-73	0	0
106	106	uniform	1	0	0	cold	0.0	0	0
106	106	uniform	1	0	0	warm	0.0	0	0
106	106	uniform	1	7	0	cold	0.0	0	0
106	106	uniform	1	7	0	warm	8.877993859488164e-74	0	0
106	106	uniform	1	15	0	cold	0.0	0	0
106	106	uniform	1	15	0	warm	4.009824435796976e-74	0	0
106	106	uniform	1	23	0	cold	0.0	0	0
106	106	uniform	1	23	0	warm	4.5981248343912634e-74	0	0
106	106	uniform	2	0	0	cold	0.0	0	0
106	106	uniform	2	0	0	warm	0.0	0	0
106	106	uniform	2	7	0	cold	0.0	0	0
106	106	uniform	2	7	0	warm	7.469117305571613e-69	0	0
106	106	uniform	2	15	0	cold	0.0	0	0
106	106	uniform	2	15	0	warm	3.8124103248470004e-72	0	0
106	106	uniform	2	23	0	cold	0.0	0	0
106	106	uniform	2	23	0	warm	2.139312462948885e-71	0	0
106	106	uniform	3	0	0	cold	0.0	0	0
106	106	uniform	3	0	0	warm	0.0	0	0
106	106	uniform	3	7	0	cold	0.0	0	0
106	106	uniform	3	7	0	warm	4.2243433389388577e-60	0	0
106	106	uniform	3	15	0	cold	0.0	0	0
106	106	uniform	3	15	0	warm	7.862610897704495e-59	0	0
106	106	uniform	3	23	0	cold	0.0	0	0
106	106	uniform	3	23	0	warm	2.1404744850500837e-59	0	0
106	106	uniform	4	0	0	cold	0.0	0	0
106	106	uniform	4	0	0	warm	0.0	0	0
106	106	uniform	4	7	0	cold	0.0	0	0
106	106	uniform	4	7	0	warm	8.036669633308599e-73	0	0
106	106	uniform	4	15	0	cold	0.0	0	0
106	106	uniform	4	15	0	warm	2.294726088260851e-73	0	0
106	106	uniform	4	23	0	cold	0.0	0	0
106	106	uniform	4	23	0	warm	2.0675612662326606e-73	0	0
107	107	linear	0	0	0	cold	0.0	0	0
107	107	linear	0	0	0	warm	0.0	0	0
107	107	linear	0	7	0	cold	0.0	0	0
107	107	linear	0	7	0	warm	7.876857733066225e-64	0	0
107	107	linear	0	15	0	cold	0.0	0	0
107	107	linear	0	15	0	warm	2.0969313138430202e-66	0	0
107	107	linear	0	23	0	cold	0.0	0	0
107	107	linear	0	23	0	warm	1.065625207752904e-67	0	0
107	107	linear	1	0	0	cold	0.0	0	0
107	107	linear	1	0	0	warm	0.0	0	0
107	107	linear	1	7	0	cold	0.0	0	0
107	107	linear	1	7	0	warm	6.626659400515143e-54	0	0
107	107	linear	1	15	0	cold	0.0	0	0
107	107	linear	1	15	0	warm	8.996069620496645e-51	0	0
107	107	linear	1	23	0	cold	0.0	0	0
107	107	linear	1	23	0	warm	6.972976869128012e-55	0	0
107	107	linear	2	0	0	cold	0.0	0	0
107	107	linear	2	0	0	warm	0.0	0	0
107	107	linear	2	7	0	cold	0.0	0	0
107	107	linear	2	7	0	warm	5.717269176216061e-48	0	0
107	107	linear	2	15	0	cold	0.0	0	0
107	107	linear	2	15	0	warm	1.389250945053944e-51	0	0
107	107	linear	2	23	0	cold	0.0	0	0
107	107	linear	2	23	0	warm	1.9681149791290573e-52	0	0
107	107	linear	3	0	0	cold	0.0	0	0
107	107	linear	3	0	0	warm	0.0	0	0
107	107	linear	3	7	0	cold	0.0	0	0
107	107	linear	3	7	0	warm	1.0877439691931234e-51	0	0
107	107	linear	3	15	0	cold	0.0	0	0
107	107	linear	3	15	0	warm	2.210999347609768e-52	0	0
107	107	linear	3	23	0	cold	0.0	0	0
107	107	linear	3	23	0	warm	5.874737311097077e-54	0	0
107	107	linear	4	0	0	cold	0.0	0	0
107	107	linear	4	0	0	warm	0.0	0	0
107	107	linear	4	7	0	cold	0.0	0	0
107	107	linear	4	7	0	warm	1.1792431725570299e-56	0	0
107	107	linear	4	15	0	cold	0.0	0	0
107	107	linear	4	15	0	warm	3.941425554324505e-40	0	0
107	107	linear	4	23	0	cold	0.0	0	0
107	107	linear	4	23	0	warm	2.592084417973195e-60	0	0
107	107	uniform	0	0	0	cold	0.0	0	0
107	107	uniform	0	0	0	warm	0.0	0	0
107	107	uniform	0	7	0	cold	0.0	0	0
107	107	uniform	0	7	0	warm	7.876857733066225e-64	0	0
107	107	uniform	0	15	0	cold	0.0	0	0
107	107	uniform	0	15	0	warm	2.0969313138430202e-66	0	0
107	107	uniform	0	23	0	cold	0.0	0	0
107	107	uniform	0	23	0	warm	1.065625207752904e-67	0	0
107	107	uniform	1	0	0	cold	0.0	0	0
107	107	uniform	1	0	0	warm	0.0	0	0
107	107	uniform	1	7	0	cold	0.0	0	0
107	107	uniform	1	7	0	warm	6.626659400515143e-54	0	0
107	107	uniform	1	15	0	cold	0.0	0	0
107	107	uniform	1	15	0	warm	8.996069620496645e-51	0	0
107	107	uniform	1	23	0	cold	0.0	0	0
107	107	uniform	1	23	0	warm	6.972976869128012e-55	0	0
107	107	uniform	2	0	0	cold	0.0	0	0
107	107	uniform	2	0	0	warm	0.0	0	0
107	107	uniform	2	7	0	cold	0.0	0	0
107	107	uniform	2	7	0	warm	5.717269176216061e-48	0	0
107	107	uniform	2	15	0	cold	0.0	0	0
107	107	uniform	2	15	0	warm	1.389250945053944e-51	0	0
107	107	uniform	2	23	0	cold	0.0	0	0
107	107	uniform	2	23	0	warm	1.9681149791290573e-52	0	0
107	107	uniform	3	0	0	cold	0.0	0	0
107	107	uniform	3	0	0	warm	0.0	0	0
107	107	uniform	3	7	0	cold	0.0	0	0
107	107	uniform	3	7	0	warm	1.0877439691931234e-51	0	0
107	107	uniform	3	15	0	cold	0.0	0	0
107	107	uniform	3	15	0	warm	2.210999347609768e-52	0	0
107	107	uniform	3	23	0	cold	0.0	0	0
107	107	uniform	3	23	0	warm	5.874737311097077e-54	0	0
107	107	uniform	4	0	0	cold	0.0	0	0
107	107	uniform	4	0	0	warm	0.0	0	0
107	107	uniform	4	7	0	cold	0.0	0	0
107	107	uniform	4	7	0	warm	1.1792431725570299e-56	0	0
107	107	uniform	4	15	0	cold	0.0	0	0
107	107	uniform	4	15	0	warm	3.941425554324505e-40	0	0
107	107	uniform	4	23	0	cold	0.0	0	0
107	107	uniform	4	23	0	warm	2.592084417973195e-60	0	0
108	108	linear	0	0	0	cold	0.0	0	0
108	108	linear	0	0	0	warm	0.0	0	0
108	108	linear	0	7	0	cold	0.0	0	0
108	108	linear	0	7	0	warm	5.523195474262257e-71	0	0
108	108	linear	0	15	0	cold	0.0	0	0
108	108	linear	0	15	0	warm	2.4520837196281155e-50	0	0
108	108	linear	0	23	0	cold	0.0	0	0
108	108	linear	0	23	0	warm	9.537231600355085e-55	0	0
108	108	linear	1	0	0	cold	0.0	0	0
108	108	linear	1	0	0	warm	0.0	0	0
108	108	linear	1	7	0	cold	0.0	0	0
108	108	linear	1	7	0	warm	3.921541584005961e-59	0	0
108	108	linear	1	15	0	cold	0.0	0	0
108	108	linear	1	15	0	warm	4.1499379153652407e-72	0	0
108	108	linear	1	23	0	cold	0.0	0	0
108	108	linear	1	23	0	warm	5.608417605212356e-72	0	0
108	108	linear	2	0	0	cold	0.0	0	0
108	108	linear	2	0	0	warm	0.0	0	0
108	108	linear	2	7	0	cold	0.0	0	0
108	108	linear	2	7	0	warm	2.713241789309766e-57	0	0
108	108	linear	2	15	0	cold	0.0	0	0
108	108	linear	2	15	0	warm	1.0339380313845662e-58	0	0
108	108	linear	2	23	0	cold	0.0	0	0
108	108	linear	2	23	0	warm	5.3760460024890954e-73	0	0
108	108	linear	3	0	0	cold	0.0	0	0
108	108	linear	3	0	0	warm	0.0	0	0
108	108	linear	3	7	0	cold	0.0	0	0
108	108	linear	3	7	0	warm	3.020204326337287e-65	0	0
108	108	linear	3	15	0	cold	0.0	0	0
108	108	linear	3	15	0	warm	3.3195021159452664e-64	0	0
108	108	linear	3	23	0	cold	0.0	0	0
108	108	linear	3	23	0	warm	4.849958319276151e-65	0	0
108	108	linear	4	0	0	cold	0.0	0	0
108	108	linear	4	0	0	warm	0.0	0	0
108	108	linear	4	7	0	cold	0.0	0	0
108	108	linear	4	7	0	warm	3.646105509954491e-67	0	0
108	108	linear	4	15	0	cold	0.0	0	0
108	108	linear	4	15	0	warm	3.304902325338727e-67	0	0
108	108	linear	4	23	0	cold	0.0	0	0
108	108	linear	4	23	0	warm	3.4151269011746533e-66	0	0
108	108	uniform	0	0	0	cold	0.0	0	0
108	108	uniform	0	0	0	warm	0.0	0	0
108	108	uniform	0	7	0	cold	0.0	0	0
108	108	uniform	0	7	0	warm	5.523195474262257e-71	0	0
108	108	uniform	0	15	0	cold	0.0	0	0
108	108	uniform	0	15	0	warm	2.4520837196281155e-50	0	0
108	108	uniform	0	23	0	cold	0.0	0	0
108	108	uniform	0	23	0	warm	9.537231600355085e-55	0	0
108	108	uniform	1	0	0	cold	0.0	0	0
108	108	uniform	1	0	0	warm	0.0	0	0
108	108	uniform	1	7	0	cold	0.0	0	0
108	108	uniform	1	7	0	warm	3.921541584005961e-59	0	0
108	108	uniform	1	15	0	cold	0.0	0	0
108	108	uniform	1	15	0	warm	4.1499379153652407e-72	0	0
108	108	uniform	1	23	0	cold	0.0	0	0
108	108	uniform	1	23	0	warm	5.608417605212356e-72	0	0
108	108	uniform	2	0	0	cold	0.0	0	0
108	108	uniform	2	0	0	warm	0.0	0	0
108	108	uniform	2	7	0	cold	0.0	0	0
108	108	uniform	2	7	0	warm	2.713241789309766e-57	0	0
108	108	uniform	2	15	0	cold	0.0	0	0
108	108	uniform	2	15	0	warm	1.0339380313845662e-58	0	0
108	108	uniform	2	23	0	cold	0.0	0	0
108	108	uniform	2	23	0	warm	5.3760460024890954e-73	0	0
108	108	uniform	3	0	0	cold	0.0	0	0
108	108	uniform	3	0	0	warm	0.0	0	0
108	108	uniform	3	7	0	cold	0.0	0	0
108	108	uniform	3	7	0	warm	3.020204326337287e-65	0	0
108	108	uniform	3	15	0	cold	0.0	0	0
108	108	uniform	3	15	0	warm	3.3195021159452664e-64	0	0
108	108	uniform	3	23	0	cold	0.0	0	0
108	108	uniform	3	23	0	warm	4.849958319276151e-65	0	0
108	108	uniform	4	0	0	cold	0.0	0	0
108	108	uniform	4	0	0	warm	0.0	0	0
108	108	uniform	4	7	0	cold	0.0	0	0
108	108	uniform	4	7	0	warm	3.646105509954491e-67	0	0
108	108	uniform	4	15	0	cold	0.0	0	0
108	108	uniform	4	15	0	warm	3.304902325338727e-67	0	0
108	108	uniform	4	23	0	cold	0.0	0	0
108	108	uniform	4	23	0	warm	3.4151269011746533e-66	0	0
109	109	linear	0	0	0	cold	0.0	0	0
109	109	linear	0	0	0	warm	0.0	0	0
109	109	linear	0	7	0	cold	0.0	0	0
109	109	linear	0	7	0	warm	4.917862402476096e-64	0	0
109	109	linear	0	15	0	cold	0.0	0	0
109	109	linear	0	15	0	warm	0.0	0	0
109	109	linear	0	23	0	cold	0.0	0	0
109	109	linear	0	23	0	warm	0.0	0	0
109	109	linear	1	0	0	cold	0.0	0	0
109	109	linear	1	0	0	warm	0.0	0	0
109	109	linear	1	7	0	cold	0.0	0	0
109	109	linear	1	7	0	warm	0.0	0	0
109	109	linear	1	15	0	cold	0.0	0	0
109	109	linear	1	15	0	warm	2.739533864602945e-65	0	0
109	109	linear	1	23	0	cold	0.0	0	0
109	109	linear	1	23	0	warm	9.337553437592697e-63	0	0
109	109	linear	2	0	0	cold	0.0	0	0
109	109	linear	2	0	0	warm	0.0	0	0
109	109	linear	2	7	0	cold	0.0	0	0
109	109	linear	2	7	0	warm	0.0	0	0
109	109	linear	2	15	0	cold	0.0	0	0
109	109	linear	2	15	0	warm	0.0	0	0
109	109	linear	2	23	0	cold	0.0	0	0
109	109	linear	2	23	0	warm	0.0	0	0
109	109	linear	3	0	0	cold	0.0	0	0
109	109	linear	3	0	0	warm	0.0	0	0
109	109	linear	3	7	0	cold	0.0	0	0
109	109	linear	3	7	0	warm	0.0	0	0
109	109	linear	3	15	0	cold	0.0	0	0
109	109	linear	3	15	0	warm	0.0	0	0
109	109	linear	3	23	0	cold	0.0	0	0
109	109	linear	3	23	0	warm	0.0	0	0
109	109	linear	4	0	0	cold	0.0	0	0
109	109	linear	4	0	0	warm	0.0	0	0
109	109	linear	4	7	0	cold	0.0	0	0
109	109	linear	4	7	0	warm	0.0	0	0
109	109	linear	4	15	0	cold	0.0	0	0
109	109	linear	4	15	0	warm	0.0	0	0
109	109	linear	4	23	0	cold	0.0	0	0
109	109	linear	4	23	0	warm	0.0	0	0
109	109	uniform	0	0	0	cold	0.0	0	0
109	109	uniform	0	0	0	warm	0.0	0	0
109	109	uniform	0	7	0	cold	0.0	0	0
109	109	uniform	0	7	0	warm	4.917862402476096e-64	0	0
109	109	uniform	0	15	0	cold	0.0	0	0
109	109	uniform	0	15	0	warm	0.0	0	0
109	109	uniform	0	23	0	cold	0.0	0	0
109	109	uniform	0	23	0	warm	0.0	0	0
109	109	uniform	1	0	0	cold	0.0	0	0
109	109	uniform	1	0	0	warm	0.0	0	0
109	109	uniform	1	7	0	cold	0.0	0	0
109	109	uniform	1	7	0	warm	0.0	0	0
109	109	uniform	1	15	0	cold	0.0	0	0
109	109	uniform	1	15	0	warm	2.739533864602945e-65	0	0
109	109	uniform	1	23	0	cold	0.0	0	0
109	109	uniform	1	23	0	warm	9.337553437592697e-63	0	0
109	109	uniform	2	0	0	cold	0.0	0	0
109	109	uniform	2	0	0	warm	0.0	0	0
109	109	uniform	2	7	0	cold	0.0	0	0
109	109	uniform	2	7	0	warm	0.0	0	0
109	109	uniform	2	15	0	cold	0.0	0	0
109	109	uniform	2	15	0	warm	0.0	0	0
109	109	uniform	2	23	0	cold	0.0	0	0
109	109	uniform	2	23	0	warm	0.0	0	0
109	109	uniform	3	0	0	cold	0.0	0	0
109	109	uniform	3	0	0	warm	0.0	0	0
109	109	uniform	3	7	0	cold	0.0	0	0
109	109	uniform	3	7	0	warm	0.0	0	0
109	109	uniform	3	15	0	cold	0.0	0	0
109	109	uniform	3	15	0	warm	0.0	0	0
109	109	uniform	3	23	0	cold	0.0	0	0
109	109	uniform	3	23	0	warm	0.0	0	0
109	109	uniform	4	0	0	cold	0.0	0	0
109	109	uniform	4	0	0	warm	0.0	0	0
109	109	uniform	4	7	0	cold	0.0	0	0
109	109	uniform	4	7	0	warm	0.0	0	0
109	109	uniform	4	15	0	cold	0.0	0	0
109	109	uniform	4	15	0	warm	0.0	0	0
109	109	uniform	4	23	0	cold	0.0	0	0
109	109	uniform	4	23	0	warm	0.0	0	0
110	110	linear	0	0	0	cold	0.0	0	0
110	110	linear	0	0	0	warm	0.0	0	0
110	110	linear	0	7	0	cold	0.0	0	0
110	110	linear	0	7	0	warm	3.057272026908143e-63	0	0
110	110	linear	0	15	0	cold	0.0	0	0
110	110	linear	0	15	0	warm	2.3583735663056906e-64	0	0
110	110	linear	0	23	0	cold	0.0	0	0
110	110	linear	0	23	0	warm	2.4384346416366902e-67	0	0
110	110	linear	1	0	0	cold	0.0	0	0
110	110	linear	1	0	0	warm	0.0	0	0
110	110	linear	1	7	0	cold	0.0	0	0
110	110	linear	1	7	0	warm	8.787821133957899e-48	0	0
110	110	linear	1	15	0	cold	0.0	0	0
110	110	linear	1	15	0	warm	6.51371010880105e-51	0	0
110	110	linear	1	23	0	cold	0.0	0	0
110	110	linear	1	23	0	warm	2.2924124991201483e-50	0	0
110	110	linear	2	0	0	cold	0.0	0	0
110	110	linear	2	0	0	warm	0.0	0	0
110	110	linear	2	7	0	cold	0.0	0	0
110	110	linear	2	7	0	warm	1.4802157812281946e-52	0	0
110	110	linear	2	15	0	cold	0.0	0	0
110	110	linear	2	15	0	warm	1.1474309993632417e-53	0	0
110	110	linear	2	23	0	cold	0.0	0	0
110	110	linear	2	23	0	warm	3.7451529073757126e-58	0	0
110	110	linear	3	0	0	cold	0.0	0	0
110	110	linear	3	0	0	warm	0.0	0	0
110	110	linear	3	7	0	cold	0.0	0	0
110	110	linear	3	7	0	warm	3.661546425400561e-63	0	0
110	110	linear	3	15	0	cold	0.0	0	0
110	110	linear	3	15	0	warm	7.14295326962712e-61	0	0
110	110	linear	3	23	0	cold	0.0	0	0
110	110	linear	3	23	0	warm	3.8567219209179506e-37	0	0
110	110	linear	4	0	0	cold	0.0	0	0
110	110	linear	4	0	0	warm	0.0	0	0
110	110	linear	4	7	0	cold	0.0	0	0
110	110	linear	4	7	0	warm	9.182966153383788e-76	0	0
110	110	linear	4	15	0	cold	0.0	0	0
110	110	linear	4	15	0	warm	2.45460749455773e-78	0	0
110	110	linear	4	23	0	cold	0.0	0	0
110	110	linear	4	23	0	warm	3.3549139794667006e-77	0	0
110	110	uniform	0	0	0	cold	0.0	0	0
110	110	uniform	0	0	0	warm	0.0	0	0
110	110	uniform	0	7	0	cold	0.0	0	0
110	110	uniform	0	7	0	warm	3.057272026908143e-63	0	0
110	110	uniform	0	15	0	cold	0.0	0	0
110	110	uniform	0	15	0	warm	2.3583735663056906e-64	0	0
110	110	uniform	0	23	0	cold	0.0	0	0
110	110	uniform	0	23	0	warm	2.4384346416366902e-67	0	0
110	110	uniform	1	0	0	cold	0.0	0	0
110	110	uniform	1	0	0	warm	0.0	0	0
110	110	uniform	1	7	0	cold	0.0	0	0
110	110	uniform	1	7	0	warm	8.787821133957899e-48	0	0
110	110	uniform	1	15	0	cold	0.0	0	0
110	110	uniform	1	15	0	warm	6.51371010880105e-51	0	0
110	110	uniform	1	23	0	cold	0.0	0	0
110	110	uniform	1	23	0	warm	2.2924124991201483e-50	0	0
110	110	uniform	2	0	0	cold	0.0	0	0
110	110	uniform	2	0	0	warm	0.0	0	0
110	110	uniform	2	7	0	cold	0.0	0	0
110	110	uniform	2	7	0	warm	1.4802157812281946e-52	0	0
110	110	uniform	2	15	0	cold	0.0	0	0
110	110	uniform	2	15	0	warm	1.1474309993632417e-53	0	0
110	110	uniform	2	23	0	cold	0.0	0	0
110	110	uniform	2	23	0	warm	3.7451529073757126e-58	0	0
110	110	uniform	3	0	0	cold	0.0	0	0
110	110	uniform	3	0	0	warm	0.0	0	0
110	110	uniform	3	7	0	cold	0.0	0	0
110	110	uniform	3	7	0	warm	3.661546425400561e-63	0	0
110	110	uniform	3	15	0	cold	0.0	0	0
110	110	uniform	3	15	0	warm	7.14295326962712e-61	0	0
110	110	uniform	3	23	0	cold	0.0	0	0
110	110	uniform	3	23	0	warm	3.8567219209179506e-37	0	0
110	110	uniform	4	0	0	cold	0.0	0	0
110	110	uniform	4	0	0	warm	0.0	0	0
110	110	uniform	4	7	0	cold	0.0	0	0
110	110	uniform	4	7	0	warm	9.182966153383788e-76	0	0
110	110	uniform	4	15	0	cold	0.0	0	0
110	110	uniform	4	15	0	warm	2.45460749455773e-78	0	0
110	110	uniform	4	23	0	cold	0.0	0	0
110	110	uniform	4	23	0	warm	3.3549139794667006e-77	0	0
111	111	linear	0	0	0	cold	0.0	0	0
111	111	linear	0	0	0	warm	0.0	0	0
111	111	linear	0	7	0	cold	0.0	0	0
111	111	linear	0	7	0	warm	1.8165810258011247e-41	0	0
111	111	linear	0	15	0	cold	0.0	0	0
111	111	linear	0	15	0	warm	1.9122650625856511e-41	0	0
111	111	linear	0	23	0	cold	0.0	0	0
111	111	linear	0	23	0	warm	1.7200634657351896e-40	0	0
111	111	linear	1	0	0	cold	0.0	0	0
111	111	linear	1	0	0	warm	0.0	0	0
111	111	linear	1	7	0	cold	0.0	0	0
111	111	linear	1	7	0	warm	5.704264251956414e-41	0	0
111	111	linear	1	15	0	cold	0.0	0	0
111	111	linear	1	15	0	warm	1.441333032029787e-41	0	0
111	111	linear	1	23	0	cold	0.0	0	0
111	111	linear	1	23	0	warm	1.714787774835466e-42	0	0
111	111	linear	2	0	0	cold	0.0	0	0
111	111	linear	2	0	0	warm	0.0	0	0
111	111	linear	2	7	0	cold	0.0	0	0
111	111	linear	2	7	0	warm	1.8973669967100187e-45	0	0
111	111	linear	2	15	0	cold	0.0	0	0
111	111	linear	2	15	0	warm	1.650075203758772e-42	0	0
111	111	linear	2	23	0	cold	0.0	0	0
111	111	linear	2	23	0	warm	1.3325125214153817e-39	0	0
111	111	linear	3	0	0	cold	0.0	0	0
111	111	linear	3	0	0	warm	0.0	0	0
111	111	linear	3	7	0	cold	0.0	0	0
111	111	linear	3	7	0	warm	4.234824251186221e-22	0	0
111	111	linear	3	15	0	cold	0.0	0	0
111	111	linear	3	15	0	warm	4.2348245308705893e-22	0	0
111	111	linear	3	23	0	cold	0.0	0	0
111	111	linear	3	23	0	warm	4.2348248199867656e-22	0	0
111	111	linear	4	0	0	cold	0.0	0	0
111	111	linear	4	0	0	warm	0.0	0	0
111	111	linear	4	7	0	cold	0.0	0	0
111	111	linear	4	7	0	warm	4.1438831975524605e-50	0	0
111	111	linear	4	15	0	cold	0.0	0	0
111	111	linear	4	15	0	warm	2.710296285164907e-20	0	0
111	111	linear	4	23	0	cold	0.0	0	0
111	111	linear	4	23	0	warm	1.270452390241622e-21	0	0
111	111	uniform	0	0	0	cold	0.0	0	0
111	111	uniform	0	0	0	warm	0.0	0	0
111	111	uniform	0	7	0	cold	0.0	0	0
111	111	uniform	0	7	0	warm	1.8165810258011247e-41	0	0
111	111	uniform	0	15	0	cold	0.0	0	0
111	111	uniform	0	15	0	warm	1.9122650625856511e-41	0	0
111	111	uniform	0	23	0	cold	0.0	0	0
111	111	uniform	0	23	0	warm	1.7200634657351896e-40	0	0
111	111	uniform	1	0	0	cold	0.0	0	0
111	111	uniform	1	0	0	warm	0.0	0	0
111	111	uniform	1	7	0	cold	0.0	0	0
111	111	uniform	1	7	0	warm	5.704264251956414e-41	0	0
111	111	uniform	1	15	0	cold	0.0	0	0
111	111	uniform	1	15	0	warm	1.441333032029787e-41	0	0
111	111	uniform	1	23	0	cold	0.0	0	0
111	111	uniform	1	23	0	warm	1.714787774835466e-42	0	0
111	111	uniform	2	0	0	cold	0.0	0	0
111	111	uniform	2	0	0	warm	0.0	0	0
111	111	uniform	2	7	0	cold	0.0	0	0
111	111	uniform	2	7	0	warm	1.8973669967100187e-45	0	0
111	111	uniform	2	15	0	cold	0.0	0	0
111	111	uniform	2	15	0	warm	1.650075203758772e-42	0	0
111	111	uniform	2	23	0	cold	0.0	0	0
111	111	uniform	2	23	0	warm	1.3325125214153817e-39	0	0
111	111	uniform	3	0	0	cold	0.0	0	0
111	111	uniform	3	0	0	warm	0.0	0	0
111	111	uniform	3	7	0	cold	0.0	0	0
111	111	uniform	3	7	0	warm	4.234824251186221e-22	0	0
111	111	uniform	3	15	0	cold	0.0	0	0
111	111	uniform	3	15	0	warm	4.2348245308705893e-22	0	0
111	111	uniform	3	23	0	cold	0.0	0	0
111	111	uniform	3	23	0	warm	4.2348248199867656e-22	0	0
111	111	uniform	4	0	0	cold	0.0	0	0
111	111	uniform	4	0	0	warm	0.0	0	0
111	111	uniform	4	7	0	cold	0.0	0	0
111	111	uniform	4	7	0	warm	4.1438831975524605e-50	0	0
111	111	uniform	4	15	0	cold	0.0	0	0
111	111	uniform	4	15	0	warm	2.710296285164907e-20	0	0
111	111	uniform	4	23	0	cold	0.0	0	0
111	111	uniform	4	23	0	warm	1.270452390241622e-21	0	0
112	112	linear	0	0	0	cold	0.0	0	0
112	112	linear	0	0	0	warm	0.0	0	0
112	112	linear	0	7	0	cold	0.0	0	0
112	112	linear	0	7	0	warm	1.6904877997039476e-48	0	0
112	112	linear	0	15	0	cold	0.0	0	0
112	112	linear	0	15	0	warm	1.4038732452550713e-48	0	0
112	112	linear	0	23	0	cold	0.0	0	0
112	112	linear	0	23	0	warm	3.4653021135002725e-47	0	0
112	112	linear	1	0	0	cold	0.0	0	0
112	112	linear	1	0	0	warm	0.0	0	0
112	112	linear	1	7	0	cold	0.0	0	0
112	112	linear	1	7	0	warm	4.5471001394399236e-64	0	0
112	112	linear	1	15	0	cold	0.0	0	0
112	112	linear	1	15	0	warm	2.9877015784447397e-65	0	0
112	112	linear	1	23	0	cold	0.0	0	0
112	112	linear	1	23	0	warm	7.361062398989817e-66	0	0
112	112	linear	2	0	0	cold	0.0	0	0
112	112	linear	2	0	0	warm	0.0	0	0
112	112	linear	2	7	0	cold	0.0	0	0
112	112	linear	2	7	0	warm	3.5870979573710774e-42	0	0
112	112	linear	2	15	0	cold	0.0	0	0
112	112	linear	2	15	0	warm	4.074290270125939e-43	0	0
112	112	linear	2	23	0	cold	0.0	0	0
112	112	linear	2	23	0	warm	1.058436446702518e-41	0	0
112	112	linear	3	0	0	cold	0.0	0	0
112	112	linear	3	0	0	warm	0.0	0	0
112	112	linear	3	7	0	cold	0.0	0	0
112	112	linear	3	7	0	warm	8.624691395146353e-75	0	0
112	112	linear	3	15	0	cold	0.0	0	0
112	112	linear	3	15	0	warm	6.149497715772604e-47	0	0
112	112	linear	3	23	0	cold	0.0	0	0
112	112	linear	3	23	0	warm	6.336765233226502e-53	0	0
112	112	linear	4	0	0	cold	0.0	0	0
112	112	linear	4	0	0	warm	0.0	0	0
112	112	linear	4	7	0	cold	0.0	0	0
112	112	linear	4	7	0	warm	3.4171246815703535e-63	0	0
112	112	linear	4	15	0	cold	0.0	0	0
112	112	linear	4	15	0	warm	1.4833978476615038e-63	0	0
112	112	linear	4	23	0	cold	0.0	0	0
112	112	linear	4	23	0	warm	1.975959932013525e-63	0	0
112	112	uniform	0	0	0	cold	0.0	0	0
112	112	uniform	0	0	0	warm	0.0	0	0
112	112	uniform	0	7	0	cold	0.0	0	0
112	112	uniform	0	7	0	warm	1.6904877997039476e-48	0	0
112	112	uniform	0	15	0	cold	0.0	0	0
112	112	uniform	0	15	0	warm	1.4038732452550713e-48	0	0
112	112	uniform	0	23	0	cold	0.0	0	0
112	112	uniform	0	23	0	warm	3.4653021135002725e-47	0	0
112	112	uniform	1	0	0	cold	0.0	0	0
112	112	uniform	1	0	0	warm	0.0	0	0
112	112	uniform	1	7	0	cold	0.0	0	0
112	112	uniform	1	7	0	warm	4.5471001394399236e-64	0	0
112	112	uniform	1	15	0	cold	0.0	0	0
112	112	uniform	1	15	0	warm	2.9877015784447397e-65	0	0
112	112	uniform	1	23	0	cold	0.0	0	0
112	112	uniform	1	23	0	warm	7.361062398989817e-66	0	0
112	112	uniform	2	0	0	cold	0.0	0	0
112	112	uniform	2	0	0	warm	0.0	0	0
112	112	uniform	2	7	0	cold	0.0	0	0
112	112	uniform	2	7	0	warm	3.5870979573710774e-42	0	0
112	112	uniform	2	15	0	cold	0.0	0	0
112	112	uniform	2	15	0	warm	4.074290270125939e-43	0	0
112	112	uniform	2	23	0	cold	0.0	0	0
112	112	uniform	2	23	0	warm	1.058436446702518e-41	0	0
112	112	uniform	3	0	0	cold	0.0	0	0
112	112	uniform	3	0	0	warm	0.0	0	0
112	112	uniform	3	7	0	cold	0.0	0	0
112	112	uniform	3	7	0	warm	8.624691395146353e-75	0	0
112	112	uniform	3	15	0	cold	0.0	0	0
112	112	uniform	3	15	0	warm	6.149497715772604e-47	0	0
112	112	uniform	3	23	0	cold	0.0	0	0
112	112	uniform	3	23	0	warm	6.336765233226502e-53	0	0
112	112	uniform	4	0	0	cold	0.0	0	0
112	112	uniform	4	0	0	warm	0.0	0	0
112	112	uniform	4	7	0	cold	0.0	0	0
112	112	uniform	4	7	0	warm	3.4171246815703535e-63	0	0
112	112	uniform	4	15	0	cold	0.0	0	0
112	112	uniform	4	15	0	warm	1.4833978476615038e-63	0	0
112	112	uniform	4	23	0	cold	0.0	0	0
112	112	uniform	4	23	0	warm	1.975959932013525e-63	0	0
113	113	linear	0	0	0	cold	0.0	0	0
113	113	linear	0	0	0	warm	0.0	0	0
113	113	linear	0	7	0	cold	0.0	0	0
113	113	linear	0	7	0	warm	1.5391580341549772e-48	0	0
113	113	linear	0	15	0	cold	0.0	0	0
113	113	linear	0	15	0	warm	5.476302160019764e-48	0	0
113	113	linear	0	23	0	cold	0.0	0	0
113	113	linear	0	23	0	warm	2.1079496056426315e-46	0	0
113	113	linear	1	0	0	cold	0.0	0	0
113	113	linear	1	0	0	warm	0.0	0	0
113	113	linear	1	7	0	cold	0.0	0	0
113	113	linear	1	7	0	warm	5.1852210681418676e-51	0	0
113	113	linear	1	15	0	cold	0.0	0	0
113	113	linear	1	15	0	warm	2.812717265163439e-51	0	0
113	113	linear	1	23	0	cold	0.0	0	0
113	113	linear	1	23	0	warm	1.049268198242041e-50	0	0
113	113	linear	2	0	0	cold	0.0	0	0
113	113	linear	2	0	0	warm	0.0	0	0
113	113	linear	2	7	0	cold	0.0	0	0
113	113	linear	2	7	0	warm	4.674889833152918e-52	0	0
113	113	linear	2	15	0	cold	0.0	0	0
113	113	linear	2	15	0	warm	4.888664307476012e-52	0	0
113	113	linear	2	23	0	cold	0.0	0	0
113	113	linear	2	23	0	warm	8.2750385852891875e-53	0	0
113	113	linear	3	0	0	cold	0.0	0	0
113	113	linear	3	0	0	warm	0.0	0	0
113	113	linear	3	7	0	cold	0.0	0	0
113	113	linear	3	7	0	warm	2.1027779538029242e-59	0	0
113	113	linear	3	15	0	cold	0.0	0	0
113	113	linear	3	15	0	warm	1.4296730919633308e-58	0	0
113	113	linear	3	23	0	cold	0.0	0	0
113	113	linear	3	23	0	warm	4.475878619348175e-57	0	0
113	113	linear	4	0	0	cold	0.0	0	0
113	113	linear	4	0	0	warm	0.0	0	0
113	113	linear	4	7	0	cold	0.0	0	0
113	113	linear	4	7	0	warm	4.302480641024165e-43	0	0
113	113	linear	4	15	0	cold	0.0	0	0
113	113	linear	4	15	0	warm	2.5942394360163364e-44	0	0
113	113	linear	4	23	0	cold	0.0	0	0
113	113	linear	4	23	0	warm	1.581205785651291e-44	0	0
113	113	uniform	0	0	0	cold	0.0	0	0
113	113	uniform	0	0	0	warm	0.0	0	0
113	113	uniform	0	7	0	cold	0.0	0	0
113	113	uniform	0	7	0	warm	1.5391580341549772e-48	0	0
113	113	uniform	0	15	0	cold	0.0	0	0
113	113	uniform	0	15	0	warm	5.476302160019764e-48	0	0
113	113	uniform	0	23	0	cold	0.0	0	0
113	113	uniform	0	23	0	warm	2.1079496056426315e-46	0	0
113	113	uniform	1	0	0	cold	0.0	0	0
113	113	uniform	1	0	0	warm	0.0	0	0
113	113	uniform	1	7	0	cold	0.0	0	0
113	113	uniform	1	7	0	warm	5.1852210681418676e-51	0	0
113	113	uniform	1	15	0	cold	0.0	0	0
113	113	uniform	1	15	0	warm	2.812717265163439e-51	0	0
113	113	uniform	1	23	0	cold	0.0	0	0
113	113	uniform	1	23	0	warm	1.049268198242041e-50	0	0
113	113	uniform	2	0	0	cold	0.0	0	0
113	113	uniform	2	0	0	warm	0.0	0	0
113	113	uniform	2	7	0	cold	0.0	0	0
113	113	uniform	2	7	0	warm	4.674889833152918e-52	0	0
113	113	uniform	2	15	0	cold	0.0	0	0
113	113	uniform	2	15	0	warm	4.888664307476012e-52	0	0
113	113	uniform	2	23	0	cold	0.0	0	0
113	113	uniform	2	23	0	warm	8.2750385852891875e-53	0	0
113	113	uniform	3	0	0	cold	0.0	0	0
113	113	uniform	3	0	0	warm	0.0	0	0
113	113	uniform	3	7	0	cold	0.0	0	0
113	113	uniform	3	7	0	warm	2.1027779538029242e-59	0	0
113	113	uniform	3	15	0	cold	0.0	0	0
113	113	uniform	3	15	0	warm	1.4296730919633308e-58	0	0
113	113	uniform	3	23	0	cold	0.0	0	0
113	113	uniform	3	23	0	warm	4.475878619348175e-57	0	0
113	113	uniform	4	0	0	cold	0.0	0	0
113	113	uniform	4	0	0	warm	0.0	0	0
113	113	uniform	4	7	0	cold	0.0	0	0
113	113	uniform	4	7	0	warm	4.302480641024165e-43	0	0
113	113	uniform	4	15	0	cold	0.0	0	0
113	113	uniform	4	15	0	warm	2.5942394360163364e-44	0	0
113	113	uniform	4	23	0	cold	0.0	0	0
113	113	uniform	4	23	0	warm	1.581205785651291e-44	0	0
114	114	linear	0	0	0	cold	0.0	0	0
114	114	linear	0	0	0	warm	0.0	0	0
114	114	linear	0	7	0	cold	0.0	0	0
114	114	linear	0	7	0	warm	4.1494002272623006e-75	0	0
114	114	linear	0	15	0	cold	0.0	0	0
114	114	linear	0	15	0	warm	2.554899550847103e-76	0	0
114	114	linear	0	23	0	cold	0.0	0	0
114	114	linear	0	23	0	warm	1.0373174223823786e-75	0	0
114	114	linear	1	0	0	cold	0.0	0	0
114	114	linear	1	0	0	warm	0.0	0	0
114	114	linear	1	7	0	cold	0.0	0	0
114	114	linear	1	7	0	warm	7.603481169663367e-64	0	0
114	114	linear	1	15	0	cold	0.0	0	0
114	114	linear	1	15	0	warm	4.9760189959991444e-58	0	0
114	114	linear	1	23	0	cold	0.0	0	0
114	114	linear	1	23	0	warm	2.719249638796699e-61	0	0
114	114	linear	2	0	0	cold	0.0	0	0
114	114	linear	2	0	0	warm	0.0	0	0
114	114	linear	2	7	0	cold	0.0	0	0
114	114	linear	2	7	0	warm	9.934807022994801e-71	0	0
114	114	linear	2	15	0	cold	0.0	0	0
114	114	linear	2	15	0	warm	1.5456147965465527e-67	0	0
114	114	linear	2	23	0	cold	0.0	0	0
114	114	linear	2	23	0	warm	4.661085116888156e-72	0	0
114	114	linear	3	0	0	cold	0.0	0	0
114	114	linear	3	0	0	warm	0.0	0	0
114	114	linear	3	7	0	cold	0.0	0	0
114	114	linear	3	7	0	warm	1.0992961737536218e-54	0	0
114	114	linear	3	15	0	cold	0.0	0	0
114	114	linear	3	15	0	warm	3.0825618546182315e-54	0	0
114	114	linear	3	23	0	cold	0.0	0	0
114	114	linear	3	23	0	warm	1.3709611987874415e-55	0	0
114	114	linear	4	0	0	cold	0.0	0	0
114	114	linear	4	0	0	warm	0.0	0	0
114	114	linear	4	7	0	cold	0.0	0	0
114	114	linear	4	7	0	warm	4.457729998253602e-56	0	0
114	114	linear	4	15	0	cold	0.0	0	0
114	114	linear	4	15	0	warm	1.94916749186804e-56	0	0
114	114	linear	4	23	0	cold	0.0	0	0
114	114	linear	4	23	0	warm	5.943938839572466e-57	0	0
114	114	uniform	0	0	0	cold	0.0	0	0
114	114	uniform	0	0	0	warm	0.0	0	0
114	114	uniform	0	7	0	cold	0.0	0	0
114	114	uniform	0	7	0	warm	4.1494002272623006e-75	0	0
114	114	uniform	0	15	0	cold	0.0	0	0
114	114	uniform	0	15	0	warm	2.554899550847103e-76	0	0
114	114	uniform	0	23	0	cold	0.0	0	0
114	114	uniform	0	23	0	warm	1.0373174223823786e-75	0	0
114	114	uniform	1	0	0	cold	0.0	0	0
114	114	uniform	1	0	0	warm	0.0	0	0
114	114	uniform	1	7	0	cold	0.0	0	0
114	114	uniform	1	7	0	warm	7.603481169663367e-64	0	0
114	114	uniform	1	15	0	cold	0.0	0	0
114	114	uniform	1	15	0	warm	4.9760189959991444e-58	0	0
114	114	uniform	1	23	0	cold	0.0	0	0
114	114	uniform	1	23	0	warm	2.719249638796699e-61	0	0
114	114	uniform	2	0	0	cold	0.0	0	0
114	114	uniform	2	0	0	warm	0.0	0	0
114	114	uniform	2	7	0	cold	0.0	0	0
114	114	uniform	2	7	0	warm	9.934807022994801e-71	0	0
114	114	uniform	2	15	0	cold	0.0	0	0
114	114	uniform	2	15	0	warm	1.5456147965465527e-67	0	0
114	114	uniform	2	23	0	cold	0.0	0	0
114	114	uniform	2	23	0	warm	4.661085116888156e-72	0	0
114	114	uniform	3	0	0	cold	0.0	0	0
114	114	uniform	3	0	0	warm	0.0	0	0
114	114	uniform	3	7	0	cold	0.0	0	0
114	114	uniform	3	7	0	warm	1.0992961737536218e-54	0	0
114	114	uniform	3	15	0	cold	0.0	0	0
114	114	uniform	3	15	0	warm	3.0825618546182315e-54	0	0
114	114	uniform	3	23	0	cold	0.0	0	0
114	114	uniform	3	23	0	warm	1.3709611987874415e-55	0	0
114	114	uniform	4	0	0	cold	0.0	0	0
114	114	uniform	4	0	0	warm	0.0	0	0
114	114	uniform	4	7	0	cold	0.0	0	0
114	114	uniform	4	7	0	warm	4.457729998253602e-56	0	0
114	114	uniform	4	15	0	cold	0.0	0	0
114	114	uniform	4	15	0	warm	1.94916749186804e-56	0	0
114	114	uniform	4	23	0	cold	0.0	0	0
114	114	uniform	4	23	0	warm	5.943938839572466e-57	0	0
115	115	linear	0	0	0	cold	0.0	0	0
115	115	linear	0	0	0	warm	0.0	0	0
115	115	linear	0	7	0	cold	0.0	0	0
115	115	linear	0	7	0	warm	2.3337189901896003e-64	0	0
115	115	linear	0	15	0	cold	0.0	0	0
115	115	linear	0	15	0	warm	9.027308287024714e-69	0	0
115	115	linear	0	23	0	cold	0.0	0	0
115	115	linear	0	23	0	warm	5.070346776000554e-69	0	0
115	115	linear	1	0	0	cold	0.0	0	0
115	115	linear	1	0	0	warm	0.0	0	0
115	115	linear	1	7	0	cold	0.0	0	0
115	115	linear	1	7	0	warm	1.5782164273467163e-49	0	0
115	115	linear	1	15	0	cold	0.0	0	0
115	115	linear	1	15	0	warm	1.5204066327393206e-49	0	0
115	115	linear	1	23	0	cold	0.0	0	0
115	115	linear	1	23	0	warm	1.106453720097851e-49	0	0
115	115	linear	2	0	0	cold	0.0	0	0
115	115	linear	2	0	0	warm	0.0	0	0
115	115	linear	2	7	0	cold	0.0	0	0
115	115	linear	2	7	0	warm	4.086518626845152e-65	0	0
115	115	linear	2	15	0	cold	0.0	0	0
115	115	linear	2	15	0	warm	1.710287023140347e-68	0	0
115	115	linear	2	23	0	cold	0.0	0	0
115	115	linear	2	23	0	warm	4.7497256931096445e-70	0	0
115	115	linear	3	0	0	cold	0.0	0	0
115	115	linear	3	0	0	warm	0.0	0	0
115	115	linear	3	7	0	cold	0.0	0	0
115	115	linear	3	7	0	warm	3.63750062106348e-52	0	0
115	115	linear	3	15	0	cold	0.0	0	0
115	115	linear	3	15	0	warm	4.414421223835011e-71	0	0
115	115	linear	3	23	0	cold	0.0	0	0
115	115	linear	3	23	0	warm	8.009096550705787e-65	0	0
115	115	linear	4	0	0	cold	0.0	0	0
115	115	linear	4	0	0	warm	0.0	0	0
115	115	linear	4	7	0	cold	0.0	0	0
115	115	linear	4	7	0	warm	1.2991764877949401e-45	0	0
115	115	linear	4	15	0	cold	0.0	0	0
115	115	linear	4	15	0	warm	3.722360269867475e-42	0	0
115	115	linear	4	23	0	cold	0.0	0	0
115	115	linear	4	23	0	warm	1.8708768458631664e-46	0	0
115	115	uniform	0	0	0	cold	0.0	0	0
115	115	uniform	0	0	0	warm	0.0	0	0
115	115	uniform	0	7	0	cold	0.0	0	0
115	115	uniform	0	7	0	warm	2.3337189901896003e-64	0	0
115	115	uniform	0	15	0	cold	0.0	0	0
115	115	uniform	0	15	0	warm	9.027308287024714e-69	0	0
115	115	uniform	0	23	0	cold	0.0	0	0
115	115	uniform	0	23	0	warm	5.070346776000554e-69	0	0
115	115	uniform	1	0	0	cold	0.0	0	0
115	115	uniform	1	0	0	warm	0.0	0	0
115	115	uniform	1	7	0	cold	0.0	0	0
115	115	uniform	1	7	0	warm	1.5782164273467163e-49	0	0
115	115	uniform	1	15	0	cold	0.0	0	0
115	115	uniform	1	15	0	warm	1.5204066327393206e-49	0	0
115	115	uniform	1	23	0	cold	0.0	0	0
115	115	uniform	1	23	0	warm	1.106453720097851e-49	0	0
115	115	uniform	2	0	0	cold	0.0	0	0
115	115	uniform	2	0	0	warm	0.0	0	0
115	115	uniform	2	7	0	cold	0.0	0	0
115	115	uniform	2	7	0	warm	4.086518626845152e-65	0	0
115	115	uniform	2	15	0	cold	0.0	0	0
115	115	uniform	2	15	0	warm	1.710287023140347e-68	0	0
115	115	uniform	2	23	0	cold	0.0	0	0
115	115	uniform	2	23	0	warm	4.7497256931096445e-70	0	0
115	115	uniform	3	0	0	cold	0.0	0	0
115	115	uniform	3	0	0	warm	0.0	0	0
115	115	uniform	3	7	0	cold	0.0	0	0
115	115	uniform	3	7	0	warm	3.63750062106348e-52	0	0
115	115	uniform	3	15	0	cold	0.0	0	0
115	115	uniform	3	15	0	warm	4.414421223835011e-71	0	0
115	115	uniform	3	23	0	cold	0.0	0	0
115	115	uniform	3	23	0	warm	8.009096550705787e-65	0	0
115	115	uniform	4	0	0	cold	0.0	0	0
115	115	uniform	4	0	0	warm	0.0	0	0
115	115	uniform	4	7	0	cold	0.0	0	0
115	115	uniform	4	7	0	warm	1.2991764877949401e-45	0	0
115	115	uniform	4	15	0	cold	0.0	0	0
115	115	uniform	4	15	0	warm	3.722360269867475e-42	0	0
115	115	uniform	4	23	0	cold	0.0	0	0
115	115	uniform	4	23	0	warm	1.8708768458631664e-46	0	0
116	116	linear	0	0	0	cold	0.0	0	0
116	116	linear	0	0	0	warm	0.0	0	0
116	116	linear	0	7	0	cold	0.0	0	0
116	116	linear	0	7	0	warm	0.0	0	0
116	116	linear	0	15	0	cold	0.0	0	0
116	116	linear	0	15	0	warm	0.0	0	0
116	116	linear	0	23	0	cold	0.0	0	0
116	116	linear	0	23	0	warm	0.0	0	0
116	116	linear	1	0	0	cold	0.0	0	0
116	116	linear	1	0	0	warm	0.0	0	0
116	116	linear	1	7	0	cold	0.0	0	0
116	116	linear	1	7	0	warm	1.011761585430864e-61	0	0
116	116	linear	1	15	0	cold	0.0	0	0
116	116	linear	1	15	0	warm	6.169570655599853e-61	0	0
116	116	linear	1	23	0	cold	0.0	0	0
116	116	linear	1	23	0	warm	9.23230630008255e-61	0	0
116	116	linear	2	0	0	cold	0.0	0	0
116	116	linear	2	0	0	warm	0.0	0	0
116	116	linear	2	7	0	cold	0.0	0	0
116	116	linear	2	7	0	warm	1.9695675471279258e-59	0	0
116	116	linear	2	15	0	cold	0.0	0	0
116	116	linear	2	15	0	warm	1.0619494743443545e-62	0	0
116	116	linear	2	23	0	cold	0.0	0	0
116	116	linear	2	23	0	warm	1.1005564398836276e-62	0	0
116	116	linear	3	0	0	cold	0.0	0	0
116	116	linear	3	0	0	warm	0.0	0	0
116	116	linear	3	7	0	cold	0.0	0	0
116	116	linear	3	7	0	warm	5.9620496225175655e-61	0	0
116	116	linear	3	15	0	cold	0.0	0	0
116	116	linear	3	15	0	warm	1.4432010215258698e-60	0	0
116	116	linear	3	23	0	cold	0.0	0	0
116	116	linear	3	23	0	warm	1.0574440679997859e-59	0	0
116	116	linear	4	0	0	cold	0.0	0	0
116	116	linear	4	0	0	warm	0.0	0	0
116	116	linear	4	7	0	cold	0.0	0	0
116	116	linear	4	7	0	warm	1.4688613252320017e-69	0	0
116	116	linear	4	15	0	cold	0.0	0	0
116	116	linear	4	15	0	warm	2.335605223564757e-68	0	0
116	116	linear	4	23	0	cold	0.0	0	0
116	116	linear	4	23	0	warm	1.2196013920725436e-66	0	0
116	116	uniform	0	0	0	cold	0.0	0	0
116	116	uniform	0	0	0	warm	0.0	0	0
116	116	uniform	0	7	0	cold	0.0	0	0
116	116	uniform	0	7	0	warm	0.0	0	0
116	116	uniform	0	15	0	cold	0.0	0	0
116	116	uniform	0	15	0	warm	0.0	0	0
116	116	uniform	0	23	0	cold	0.0	0	0
116	116	uniform	0	23	0	warm	0.0	0	0
116	116	uniform	1	0	0	cold	0.0	0	0
116	116	uniform	1	0	0	warm	0.0	0	0
116	116	uniform	1	7	0	cold	0.0	0	0
116	116	uniform	1	7	0	warm	1.011761585430864e-61	0	0
116	116	uniform	1	15	0	cold	0.0	0	0
116	116	uniform	1	15	0	warm	6.169570655599853e-61	0	0
116	116	uniform	1	23	0	cold	0.0	0	0
116	116	uniform	1	23	0	warm	9.23230630008255e-61	0	0
116	116	uniform	2	0	0	cold	0.0	0	0
116	116	uniform	2	0	0	warm	0.0	0	0
116	116	uniform	2	7	0	cold	0.0	0	0
116	116	uniform	2	7	0	warm	1.9695675471279258e-59	0	0
116	116	uniform	2	15	0	cold	0.0	0	0
116	116	uniform	2	15	0	warm	1.0619494743443545e-62	0	0
116	116	uniform	2	23	0	cold	0.0	0	0
116	116	uniform	2	23	0	warm	1.1005564398836276e-62	0	0
116	116	uniform	3	0	0	cold	0.0	0	0
116	116	uniform	3	0	0	warm	0.0	0	0
116	116	uniform	3	7	0	cold	0.0	0	0
116	116	uniform	3	7	0	warm	5.9620496225175655e-61	0	0
116	116	uniform	3	15	0	cold	0.0	0	0
116	116	uniform	3	15	0	warm	1.4432010215258698e-60	0	0
116	116	uniform	3	23	0	cold	0.0	0	0
116	116	uniform	3	23	0	warm	1.0574440679997859e-59	0	0
116	116	uniform	4	0	0	cold	0.0	0	0
116	116	uniform	4	0	0	warm	0.0	0	0
116	116	uniform	4	7	0	cold	0.0	0	0
116	116	uniform	4	7	0	warm	1.4688613252320017e-69	0	0
116	116	uniform	4	15	0	cold	0.0	0	0
116	116	uniform	4	15	0	warm	2.335605223564757e-68	0	0
116	116	uniform	4	23	0	cold	0.0	0	0
116	116	uniform	4	23	0	warm	1.2196013920725436e-66	0	0
117	117	linear	0	0	0	cold	0.0	0	0
117	117	linear	0	0	0	warm	0.0	0	0
117	117	linear	0	7	0	cold	0.0	0	0
117	117	linear	0	7	0	warm	2.6618393943969406e-61	0	0
117	117	linear	0	15	0	cold	0.0	0	0
117	117	linear	0	15	0	warm	4.649764254032546e-56	0	0
117	117	linear	0	23	0	cold	0.0	0	0
117	117	linear	0	23	0	warm	1.5009208709385998e-79	0	0
117	117	linear	1	0	0	cold	0.0	0	0
117	117	linear	1	0	0	warm	0.0	0	0
117	117	linear	1	7	0	cold	0.0	0	0
117	117	linear	1	7	0	warm	1.1485828322945578e-17	0	0
117	117	linear	1	15	0	cold	0.0	0	0
117	117	linear	1	15	0	warm	3.531507055415113e-18	0	0
117	117	linear	1	23	0	cold	0.0	0	0
117	117	linear	1	23	0	warm	1.6631184459084894e-17	0	0
117	117	linear	2	0	0	cold	0.0	0	0
117	117	linear	2	0	0	warm	0.0	0	0
117	117	linear	2	7	0	cold	0.0	0	0
117	117	linear	2	7	0	warm	2.2479312959640485e-36	0	0
117	117	linear	2	15	0	cold	0.0	0	0
117	117	linear	2	15	0	warm	1.0668482746878651e-18	0	0
117	117	linear	2	23	0	cold	0.0	0	0
117	117	linear	2	23	0	warm	5.401749384733132e-20	0	0
117	117	linear	3	0	0	cold	0.0	0	0
117	117	linear	3	0	0	warm	0.0	0	0
117	117	linear	3	7	0	cold	0.0	0	0
117	117	linear	3	7	0	warm	5.490870099987692e-47	0	0
117	117	linear	3	15	0	cold	0.0	0	0
117	117	linear	3	15	0	warm	6.25605731764426e-45	0	0
117	117	linear	3	23	0	cold	0.0	0	0
117	117	linear	3	23	0	warm	1.2827023889464372e-46	0	0
117	117	linear	4	0	0	cold	0.0	0	0
117	117	linear	4	0	0	warm	0.0	0	0
117	117	linear	4	7	0	cold	0.0	0	0
117	117	linear	4	7	0	warm	1.0130037065907227e-16	0	0
117	117	linear	4	15	0	cold	0.0	0	0
117	117	linear	4	15	0	warm	1.4412850506285832e-16	0	0
117	117	linear	4	23	0	cold	0.0	0	0
117	117	linear	4	23	0	warm	1.576556659225867e-16	0	0
117	117	uniform	0	0	0	cold	0.0	0	0
117	117	uniform	0	0	0	warm	0.0	0	0
117	117	uniform	0	7	0	cold	0.0	0	0
117	117	uniform	0	7	0	warm	2.6618393943969406e-61	0	0
117	117	uniform	0	15	0	cold	0.0	0	0
117	117	uniform	0	15	0	warm	4.649764254032546e-56	0	0
117	117	uniform	0	23	0	cold	0.0	0	0
117	117	uniform	0	23	0	warm	1.5009208709385998e-79	0	0
117	117	uniform	1	0	0	cold	0.0	0	0
117	117	uniform	1	0	0	warm	0.0	0	0
117	117	uniform	1	7	0	cold	0.0	0	0
117	117	uniform	1	7	0	warm	1.1485828322945578e-17	0	0
117	117	uniform	1	15	0	cold	0.0	0	0
117	117	uniform	1	15	0	warm	3.531507055415113e-18	0	0
117	117	uniform	1	23	0	cold	0.0	0	0
117	117	uniform	1	23	0	warm	1.6631184459084894e-17	0	0
117	117	uniform	2	0	0	cold	0.0	0	0
117	117	uniform	2	0	0	warm	0.0	0	0
117	117	uniform	2	7	0	cold	0.0	0	0
117	117	uniform	2	7	0	warm	2.2479312959640485e-36	0	0
117	117	uniform	2	15	0	cold	0.0	0	0
117	117	uniform	2	15	0	warm	1.0668482746878651e-18	0	0
117	117	uniform	2	23	0	cold	0.0	0	0
117	117	uniform	2	23	0	warm	5.401749384733132e-20	0	0
117	117	uniform	3	0	0	cold	0.0	0	0
117	117	uniform	3	0	0	warm	0.0	0	0
117	117	uniform	3	7	0	cold	0.0	0	0
117	117	uniform	3	7	0	warm	5.490870099987692e-47	0	0
117	117	uniform	3	15	0	cold	0.0	0	0
117	117	uniform	3	15	0	warm	6.25605731764426e-45	0	0
117	117	uniform	3	23	0	cold	0.0	0	0
117	117	uniform	3	23	0	warm	1.2827023889464372e-46	0	0
117	117	uniform	4	0	0	cold	0.0	0	0
117	117	uniform	4	0	0	warm	0.0	0	0
117	117	uniform	4	7	0	cold	0.0	0	0
117	117	uniform	4	7	0	warm	1.0130037065907227e-16	0	0
117	117	uniform	4	15	0	cold	0.0	0	0
117	117	uniform	4	15	0	warm	1.4412850506285832e-16	0	0
117	117	uniform	4	23	0	cold	0.0	0	0
117	117	uniform	4	23	0	warm	1.576556659225867e-16	0	0
118	118	linear	0	0	0	cold	0.0	0	0
118	118	linear	0	0	0	warm	0.0	0	0
118	118	linear	0	7	0	cold	0.0	0	0
118	118	linear	0	7	0	warm	6.93647626766665e-53	0	0
118	118	linear	0	15	0	cold	0.0	0	0
118	118	linear	0	15	0	warm	2.259608806278957e-54	0	0
118	118	linear	0	23	0	cold	0.0	0	0
118	118	linear	0	23	0	warm	2.7471188789943003e-53	0	0
118	118	linear	1	0	0	cold	0.0	0	0
118	118	linear	1	0	0	warm	0.0	0	0
118	118	linear	1	7	0	cold	0.0	0	0
118	118	linear	1	7	0	warm	1.5638090443310803e-55	0	0
118	118	linear	1	15	0	cold	0.0	0	0
118	118	linear	1	15	0	warm	2.7574101676111525e-56	0	0
118	118	linear	1	23	0	cold	0.0	0	0
118	118	linear	1	23	0	warm	1.4201821980942027e-71	0	0
118	118	linear	2	0	0	cold	0.0	0	0
118	118	linear	2	0	0	warm	0.0	0	0
118	118	linear	2	7	0	cold	0.0	0	0
118	118	linear	2	7	0	warm	1.0995074932706951e-65	0	0
118	118	linear	2	15	0	cold	0.0	0	0
118	118	linear	2	15	0	warm	3.3287423513562524e-66	0	0
118	118	linear	2	23	0	cold	0.0	0	0
118	118	linear	2	23	0	warm	7.95966268910125e-64	0	0
118	118	linear	3	0	0	cold	0.0	0	0
118	118	linear	3	0	0	warm	0.0	0	0
118	118	linear	3	7	0	cold	0.0	0	0
118	118	linear	3	7	0	warm	3.124274908369653e-60	0	0
118	118	linear	3	15	0	cold	0.0	0	0
118	118	linear	3	15	0	warm	1.5589182180482434e-44	0	0
118	118	linear	3	23	0	cold	0.0	0	0
118	118	linear	3	23	0	warm	1.7442284418067948e-42	0	0
118	118	linear	4	0	0	cold	0.0	0	0
118	118	linear	4	0	0	warm	0.0	0	0
118	118	linear	4	7	0	cold	0.0	0	0
118	118	linear	4	7	0	warm	8.334651517220165e-72	0	0
118	118	linear	4	15	0	cold	0.0	0	0
118	118	linear	4	15	0	warm	2.4415568702377486e-71	0	0
118	118	linear	4	23	0	cold	0.0	0	0
118	118	linear	4	23	0	warm	2.658889720698218e-75	0	0
118	118	uniform	0	0	0	cold	0.0	0	0
118	118	uniform	0	0	0	warm	0.0	0	0
118	118	uniform	0	7	0	cold	0.0	0	0
118	118	uniform	0	7	0	warm	6.93647626766665e-53	0	0
118	118	uniform	0	15	0	cold	0.0	0	0
118	118	uniform	0	15	0	warm	2.259608806278957e-54	0	0
118	118	uniform	0	23	0	cold	0.0	0	0
118	118	uniform	0	23	0	warm	2.7471188789943003e-53	0	0
118	118	uniform	1	0	0	cold	0.0	0	0
118	118	uniform	1	0	0	warm	0.0	0	0
118	118	uniform	1	7	0	cold	0.0	0	0
118	118	uniform	1	7	0	warm	1.5638090443310803e-55	0	0
118	118	uniform	1	15	0	cold	0.0	0	0
118	118	uniform	1	15	0	warm	2.7574101676111525e-56	0	0
118	118	uniform	1	23	0	cold	0.0	0	0
118	118	uniform	1	23	0	warm	1.4201821980942027e-71	0	0
118	118	uniform	2	0	0	cold	0.0	0	0
118	118	uniform	2	0	0	warm	0.0	0	0
118	118	uniform	2	7	0	cold	0.0	0	0
118	118	uniform	2	7	0	warm	1.0995074932706951e-65	0	0
118	118	uniform	2	15	0	cold	0.0	0	0
118	118	uniform	2	15	0	warm	3.3287423513562524e-66	0	0
118	118	uniform	2	23	0	cold	0.0	0	0
118	118	uniform	2	23	0	warm	7.95966268910125e-64	0	0
118	118	uniform	3	0	0	cold	0.0	0	0
118	118	uniform	3	0	0	warm	0.0	0	0
118	118	uniform	3	7	0	cold	0.0	0	0
118	118	uniform	3	7	0	warm	3.124274908369653e-60	0	0
118	118	uniform	3	15	0	cold	0.0	0	0
118	118	uniform	3	15	0	warm	1.5589182180482434e-44	0	0
118	118	uniform	3	23	0	cold	0.0	0	0
118	118	uniform	3	23	0	warm	1.7442284418067948e-42	0	0
118	118	uniform	4	0	0	cold	0.0	0	0
118	118	uniform	4	0	0	warm	0.0	0	0
118	118	uniform	4	7	0	cold	0.0	0	0
118	118	uniform	4	7	0	warm	8.334651517220165e-72	0	0
118	118	uniform	4	15	0	cold	0.0	0	0
118	118	uniform	4	15	0	warm	2.4415568702377486e-71	0	0
118	118	uniform	4	23	0	cold	0.0	0	0
118	118	uniform	4	23	0	warm	2.658889720698218e-75	0	0
119	119	linear	0	0	0	cold	0.0	0	0
119	119	linear	0	0	0	warm	0.0	0	0
119	119	linear	0	7	0	cold	0.0	0	0
119	119	linear	0	7	0	warm	7.461709351478577e-66	0	0
119	119	linear	0	15	0	cold	0.0	0	0
119	119	linear	0	15	0	warm	6.895641370149742e-64	0	0
119	119	linear	0	23	0	cold	0.0	0	0
119	119	linear	0	23	0	warm	5.6337613622411496e-64	0	0
119	119	linear	1	0	0	cold	0.0	0	0
119	119	linear	1	0	0	warm	0.0	0	0
119	119	linear	1	7	0	cold	0.0	0	0
119	119	linear	1	7	0	warm	0.0	0	0
119	119	linear	1	15	0	cold	0.0	0	0
119	119	linear	1	15	0	warm	0.0	0	0
119	119	linear	1	23	0	cold	0.0	0	0
119	119	linear	1	23	0	warm	0.0	0	0
119	119	linear	2	0	0	cold	0.0	0	0
119	119	linear	2	0	0	warm	0.0	0	0
119	119	linear	2	7	0	cold	0.0	0	0
119	119	linear	2	7	0	warm	4.7061784195219825e-65	0	0
119	119	linear	2	15	0	cold	0.0	0	0
119	119	linear	2	15	0	warm	1.7126249741169543e-66	0	0
119	119	linear	2	23	0	cold	0.0	0	0
119	119	linear	2	23	0	warm	5.437124885669926e-66	0	0
119	119	linear	3	0	0	cold	0.0	0	0
119	119	linear	3	0	0	warm	0.0	0	0
119	119	linear	3	7	0	cold	0.0	0	0
119	119	linear	3	7	0	warm	8.999599596902917e-69	0	0
119	119	linear	3	15	0	cold	0.0	0	0
119	119	linear	3	15	0	warm	1.5300731115456536e-68	0	0
119	119	linear	3	23	0	cold	0.0	0	0
119	119	linear	3	23	0	warm	2.233847526939123e-68	0	0
119	119	linear	4	0	0	cold	0.0	0	0
119	119	linear	4	0	0	warm	0.0	0	0
119	119	linear	4	7	0	cold	0.0	0	0
119	119	linear	4	7	0	warm	1.1357782620148211e-64	0	0
119	119	linear	4	15	0	cold	0.0	0	0
119	119	linear	4	15	0	warm	7.501668442439069e-67	0	0
119	119	linear	4	23	0	cold	0.0	0	0
119	119	linear	4	23	0	warm	1.7107257208871774e-68	0	0
119	119	uniform	0	0	0	cold	0.0	0	0
119	119	uniform	0	0	0	warm	0.0	0	0
119	119	uniform	0	7	0	cold	0.0	0	0
119	119	uniform	0	7	0	warm	7.461709351478577e-66	0	0
119	119	uniform	0	15	0	cold	0.0	0	0
119	119	uniform	0	15	0	warm	6.895641370149742e-64	0	0
119	119	uniform	0	23	0	cold	0.0	0	0
119	119	uniform	0	23	0	warm	5.6337613622411496e-64	0	0
119	119	uniform	1	0	0	cold	0.0	0	0
119	119	uniform	1	0	0	warm	0.0	0	0
119	119	uniform	1	7	0	cold	0.0	0	0
119	119	uniform	1	7	0	warm	0.0	0	0
119	119	uniform	1	15	0	cold	0.0	0	0
119	119	uniform	1	15	0	warm	0.0	0	0
119	119	uniform	1	23	0	cold	0.0	0	0
119	119	uniform	1	23	0	warm	0.0	0	0
119	119	uniform	2	0	0	cold	0.0	0	0
119	119	uniform	2	0	0	warm	0.0	0	0
119	119	uniform	2	7	0	cold	0.0	0	0
119	119	uniform	2	7	0	warm	4.7061784195219825e-65	0	0
119	119	uniform	2	15	0	cold	0.0	0	0
119	119	uniform	2	15	0	warm	1.7126249741169543e-66	0	0
119	119	uniform	2	23	0	cold	0.0	0	0
119	119	uniform	2	23	0	warm	5.437124885669926e-66	0	0
119	119	uniform	3	0	0	cold	0.0	0	0
119	119	uniform	3	0	0	warm	0.0	0	0
119	119	uniform	3	7	0	cold	0.0	0	0
119	119	uniform	3	7	0	warm	8.999599596902917e-69	0	0
119	119	uniform	3	15	0	cold	0.0	0	0
119	119	uniform	3	15	0	warm	1.5300731115456536e-68	0	0
119	119	uniform	3	23	0	cold	0.0	0	0
119	119	uniform	3	23	0	warm	2.233847526939123e-68	0	0
119	119	uniform	4	0	0	cold	0.0	0	0
119	119	uniform	4	0	0	warm	0.0	0	0
119	119	uniform	4	7	0	cold	0.0	0	0
119	119	uniform	4	7	0	warm	1.1357782620148211e-64	0	0
119	119	uniform	4	15	0	cold	0.0	0	0
119	119	uniform	4	15	0	warm	7.501668442439069e-67	0	0
119	119	uniform	4	23	0	cold	0.0	0	0
119	119	uniform	4	23	0	warm	1.7107257208871774e-68	0	0
120	120	linear	0	0	0	cold	0.0	0	0
120	120	linear	0	0	0	warm	0.0	0	0
120	120	linear	0	7	0	cold	0.0	0	0
120	120	linear	0	7	0	warm	2.459825867175982e-44	0	0
120	120	linear	0	15	0	cold	0.0	0	0
120	120	linear	0	15	0	warm	2.1747250939465096e-45	0	0
120	120	linear	0	23	0	cold	0.0	0	0
120	120	linear	0	23	0	warm	8.338459181144642e-44	0	0
120	120	linear	1	0	0	cold	0.0	0	0
120	120	linear	1	0	0	warm	0.0	0	0
120	120	linear	1	7	0	cold	0.0	0	0
120	120	linear	1	7	0	warm	3.0309560409120855e-43	0	0
120	120	linear	1	15	0	cold	0.0	0	0
120	120	linear	1	15	0	warm	1.619312080567375e-41	0	0
120	120	linear	1	23	0	cold	0.0	0	0
120	120	linear	1	23	0	warm	4.3205031743102236e-46	0	0
120	120	linear	2	0	0	cold	0.0	0	0
120	120	linear	2	0	0	warm	0.0	0	0
120	120	linear	2	7	0	cold	0.0	0	0
120	120	linear	2	7	0	warm	4.9102887810550273e-60	0	0
120	120	linear	2	15	0	cold	0.0	0	0
120	120	linear	2	15	0	warm	3.119426945165492e-54	0	0
120	120	linear	2	23	0	cold	0.0	0	0
120	120	linear	2	23	0	warm	2.6985507199137646e-50	0	0
120	120	linear	3	0	0	cold	0.0	0	0
120	120	linear	3	0	0	warm	0.0	0	0
120	120	linear	3	7	0	cold	0.0	0	0
120	120	linear	3	7	0	warm	1.5992379493200252e-66	0	0
120	120	linear	3	15	0	cold	0.0	0	0
120	120	linear	3	15	0	warm	1.2348620044557688e-63	0	0
120	120	linear	3	23	0	cold	0.0	0	0
120	120	linear	3	23	0	warm	9.336292816820098e-71	0	0
120	120	linear	4	0	0	cold	0.0	0	0
120	120	linear	4	0	0	warm	0.0	0	0
120	120	linear	4	7	0	cold	0.0	0	0
120	120	linear	4	7	0	warm	6.970738753967066e-67	0	0
120	120	linear	4	15	0	cold	0.0	0	0
120	120	linear	4	15	0	warm	6.302538907955146e-66	0	0
120	120	linear	4	23	0	cold	0.0	0	0
120	120	linear	4	23	0	warm	6.397156603075753e-66	0	0
120	120	uniform	0	0	0	cold	0.0	0	0
120	120	uniform	0	0	0	warm	0.0	0	0
120	120	uniform	0	7	0	cold	0.0	0	0
120	120	uniform	0	7	0	warm	2.459825867175982e-44	0	0
120	120	uniform	0	15	0	cold	0.0	0	0
120	120	uniform	0	15	0	warm	2.1747250939465096e-45	0	0
120	120	uniform	0	23	0	cold	0.0	0	0
120	120	uniform	0	23	0	warm	8.338459181144642e-44	0	0
120	120	uniform	1	0	0	cold	0.0	0	0
120	120	uniform	1	0	0	warm	0.0	0	0
120	120	uniform	1	7	0	cold	0.0	0	0
120	120	uniform	1	7	0	warm	3.0309560409120855e-43	0	0
120	120	uniform	1	15	0	cold	0.0	0	0
120	120	uniform	1	15	0	warm	1.619312080567375e-41	0	0
120	120	uniform	1	23	0	cold	0.0	0	0
120	120	uniform	1	23	0	warm	4.3205031743102236e-46	0	0
120	120	uniform	2	0	0	cold	0.0	0	0
120	120	uniform	2	0	0	warm	0.0	0	0
120	120	uniform	2	7	0	cold	0.0	0	0
120	120	uniform	2	7	0	warm	4.9102887810550273e-60	0	0
120	120	uniform	2	15	0	cold	0.0	0	0
120	120	uniform	2	15	0	warm	3.119426945165492e-54	0	0
120	120	uniform	2	23	0	cold	0.0	0	0
120	120	uniform	2	23	0	warm	2.6985507199137646e-50	0	0
120	120	uniform	3	0	0	cold	0.0	0	0
120	120	uniform	3	0	0	warm	0.0	0	0
120	120	uniform	3	7	0	cold	0.0	0	0
120	120	uniform	3	7	0	warm	1.5992379493200252e-66	0	0
120	120	uniform	3	15	0	cold	0.0	0	0
120	120	uniform	3	15	0	warm	1.2348620044557688e-63	0	0
120	120	uniform	3	23	0	cold	0.0	0	0
120	120	uniform	3	23	0	warm	9.336292816820098e-71	0	0
120	120	uniform	4	0	0	cold	0.0	0	0
120	120	uniform	4	0	0	warm	0.0	0	0
120	120	uniform	4	7	0	cold	0.0	0	0
120	120	uniform	4	7	0	warm	6.970738753967066e-67	0	0
120	120	uniform	4	15	0	cold	0.0	0	0
120	120	uniform	4	15	0	warm	6.302538907955146e-66	0	0
120	120	uniform	4	23	0	cold	0.0	0	0
120	120	uniform	4	23	0	warm	6.397156603075753e-66	0	0
121	121	linear	0	0	0	cold	0.0	0	0
121	121	linear	0	0	0	warm	0.0	0	0
121	121	linear	0	7	0	cold	0.0	0	0
121	121	linear	0	7	0	warm	0.0	0	0
121	121	linear	0	15	0	cold	0.0	0	0
121	121	linear	0	15	0	warm	0.0	0	0
121	121	linear	0	23	0	cold	0.0	0	0
121	121	linear	0	23	0	warm	0.0	0	0
121	121	linear	1	0	0	cold	0.0	0	0
121	121	linear	1	0	0	warm	0.0	0	0
121	121	linear	1	7	0	cold	0.0	0	0
121	121	linear	1	7	0	warm	0.0	0	0
121	121	linear	1	15	0	cold	0.0	0	0
121	121	linear	1	15	0	warm	6.831228400365143e-73	0	0
121	121	linear	1	23	0	cold	0.0	0	0
121	121	linear	1	23	0	warm	5.065725682952372e-73	0	0
121	121	linear	2	0	0	cold	0.0	0	0
121	121	linear	2	0	0	warm	0.0	0	0
121	121	linear	2	7	0	cold	0.0	0	0
121	121	linear	2	7	0	warm	8.757227830683067e-78	0	0
121	121	linear	2	15	0	cold	0.0	0	0
121	121	linear	2	15	0	warm	9.406331329462677e-78	0	0
121	121	linear	2	23	0	cold	0.0	0	0
121	121	linear	2	23	0	warm	6.829598381505619e-75	0	0
121	121	linear	3	0	0	cold	0.0	0	0
121	121	linear	3	0	0	warm	0.0	0	0
121	121	linear	3	7	0	cold	0.0	0	0
121	121	linear	3	7	0	warm	5.085928178551929e-69	0	0
121	121	linear	3	15	0	cold	0.0	0	0
121	121	linear	3	15	0	warm	5.727102182337391e-69	0	0
121	121	linear	3	23	0	cold	0.0	0	0
121	121	linear	3	23	0	warm	3.6226649719979323e-69	0	0
121	121	linear	4	0	0	cold	0.0	0	0
121	121	linear	4	0	0	warm	0.0	0	0
121	121	linear	4	7	0	cold	0.0	0	0
121	121	linear	4	7	0	warm	1.799864394222002e-67	0	0
121	121	linear	4	15	0	cold	0.0	0	0
121	121	linear	4	15	0	warm	7.328762945243657e-70	0	0
121	121	linear	4	23	0	cold	0.0	0	0
121	121	linear	4	23	0	warm	4.518423924446013e-68	0	0
121	121	uniform	0	0	0	cold	0.0	0	0
121	121	uniform	0	0	0	warm	0.0	0	0
121	121	uniform	0	7	0	cold	0.0	0	0
121	121	uniform	0	7	0	warm	0.0	0	0
121	121	uniform	0	15	0	cold	0.0	0	0
121	121	uniform	0	15	0	warm	0.0	0	0
121	121	uniform	0	23	0	cold	0.0	0	0
121	121	uniform	0	23	0	warm	0.0	0	0
121	121	uniform	1	0	0	cold	0.0	0	0
121	121	uniform	1	0	0	warm	0.0	0	0
121	121	uniform	1	7	0	cold	0.0	0	0
121	121	uniform	1	7	0	warm	0.0	0	0
121	121	uniform	1	15	0	cold	0.0	0	0
121	121	uniform	1	15	0	warm	6.831228400365143e-73	0	0
121	121	uniform	1	23	0	cold	0.0	0	0
121	121	uniform	1	23	0	warm	5.065725682952372e-73	0	0
121	121	uniform	2	0	0	cold	0.0	0	0
121	121	uniform	2	0	0	warm	0.0	0	0
121	121	uniform	2	7	0	cold	0.0	0	0
121	121	uniform	2	7	0	warm	8.757227830683067e-78	0	0
121	121	uniform	2	15	0	cold	0.0	0	0
121	121	uniform	2	15	0	warm	9.406331329462677e-78	0	0
121	121	uniform	2	23	0	cold	0.0	0	0
121	121	uniform	2	23	0	warm	6.829598381505619e-75	0	0
121	121	uniform	3	0	0	cold	0.0	0	0
121	121	uniform	3	0	0	warm	0.0	0	0
121	121	uniform	3	7	0	cold	0.0	0	0
121	121	uniform	3	7	0	warm	5.085928178551929e-69	0	0
121	121	uniform	3	15	0	cold	0.0	0	0
121	121	uniform	3	15	0	warm	5.727102182337391e-69	0	0
121	121	uniform	3	23	0	cold	0.0	0	0
121	121	uniform	3	23	0	warm	3.6226649719979323e-69	0	0
121	121	uniform	4	0	0	cold	0.0	0	0
121	121	uniform	4	0	0	warm	0.0	0	0
121	121	uniform	4	7	0	cold	0.0	0	0
121	121	uniform	4	7	0	warm	1.799864394222002e-67	0	0
121	121	uniform	4	15	0	cold	0.0	0	0
121	121	uniform	4	15	0	warm	7.328762945243657e-70	0	0
121	121	uniform	4	23	0	cold	0.0	0	0
121	121	uniform	4	23	0	warm	4.518423924446013e-68	0	0
122	122	linear	0	0	0	cold	0.0	0	0
122	122	linear	0	0	0	warm	0.0	0	0
122	122	linear	0	7	0	cold	0.0	0	0
122	122	linear	0	7	0	warm	3.658010410476638e-46	0	0
122	122	linear	0	15	0	cold	0.0	0	0
122	122	linear	0	15	0	warm	7.82991345446474e-46	0	0
122	122	linear	0	23	0	cold	0.0	0	0
122	122	linear	0	23	0	warm	1.381519381232115e-44	0	0
122	122	linear	1	0	0	cold	0.0	0	0
122	122	linear	1	0	0	warm	0.0	0	0
122	122	linear	1	7	0	cold	0.0	0	0
122	122	linear	1	7	0	warm	1.3259962258621142e-43	0	0
122	122	linear	1	15	0	cold	0.0	0	0
122	122	linear	1	15	0	warm	3.9625063036513056e-42	0	0
122	122	linear	1	23	0	cold	0.0	0	0
122	122	linear	1	23	0	warm	3.712520740578803e-44	0	0
122	122	linear	2	0	0	cold	0.0	0	0
122	122	linear	2	0	0	warm	0.0	0	0
122	122	linear	2	7	0	cold	0.0	0	0
122	122	linear	2	7	0	warm	1.0623845631491511e-42	0	0
122	122	linear	2	15	0	cold	0.0	0	0
122	122	linear	2	15	0	warm	5.72501828890997e-43	0	0
122	122	linear	2	23	0	cold	0.0	0	0
122	122	linear	2	23	0	warm	1.2666512530296204e-41	0	0
122	122	linear	3	0	0	cold	0.0	0	0
122	122	linear	3	0	0	warm	0.0	0	0
122	122	linear	3	7	0	cold	0.0	0	0
122	122	linear	3	7	0	warm	4.567803508098024e-54	0	0
122	122	linear	3	15	0	cold	0.0	0	0
122	122	linear	3	15	0	warm	5.351086246087504e-54	0	0
122	122	linear	3	23	0	cold	0.0	0	0
122	122	linear	3	23	0	warm	2.92690780972816e-53	0	0
122	122	linear	4	0	0	cold	0.0	0	0
122	122	linear	4	0	0	warm	0.0	0	0
122	122	linear	4	7	0	cold	0.0	0	0
122	122	linear	4	7	0	warm	9.385959851941965e-51	0	0
122	122	linear	4	15	0	cold	0.0	0	0
122	122	linear	4	15	0	warm	1.8934360096431524e-51	0	0
122	122	linear	4	23	0	cold	0.0	0	0
122	122	linear	4	23	0	warm	8.10947820533931e-51	0	0
122	122	uniform	0	0	0	cold	0.0	0	0
122	122	uniform	0	0	0	warm	0.0	0	0
122	122	uniform	0	7	0	cold	0.0	0	0
122	122	uniform	0	7	0	warm	3.658010410476638e-46	0	0
122	122	uniform	0	15	0	cold	0.0	0	0
122	122	uniform	0	15	0	warm	7.82991345446474e-46	0	0
122	122	uniform	0	23	0	cold	0.0	0	0
122	122	uniform	0	23	0	warm	1.381519381232115e-44	0	0
122	122	uniform	1	0	0	cold	0.0	0	0
122	122	uniform	1	0	0	warm	0.0	0	0
122	122	uniform	1	7	0	cold	0.0	0	0
122	122	uniform	1	7	0	warm	1.3259962258621142e-43	0	0
122	122	uniform	1	15	0	cold	0.0	0	0
122	122	uniform	1	15	0	warm	3.9625063036513056e-42	0	0
122	122	uniform	1	23	0	cold	0.0	0	0
122	122	uniform	1	23	0	warm	3.712520740578803e-44	0	0
122	122	uniform	2	0	0	cold	0.0	0	0
122	122	uniform	2	0	0	warm	0.0	0	0
122	122	uniform	2	7	0	cold	0.0	0	0
122	122	uniform	2	7	0	warm	1.0623845631491511e-42	0	0
122	122	uniform	2	15	0	cold	0.0	0	0
122	122	uniform	2	15	0	warm	5.72501828890997e-43	0	0
122	122	uniform	2	23	0	cold	0.0	0	0
122	122	uniform	2	23	0	warm	1.2666512530296204e-41	0	0
122	122	uniform	3	0	0	cold	0.0	0	0
122	122	uniform	3	0	0	warm	0.0	0	0
122	122	uniform	3	7	0	cold	0.0	0	0
122	122	uniform	3	7	0	warm	4.567803508098024e-54	0	0
122	122	uniform	3	15	0	cold	0.0	0	0
122	122	uniform	3	15	0	warm	5.351086246087504e-54	0	0
122	122	uniform	3	23	0	cold	0.0	0	0
122	122	uniform	3	23	0	warm	2.92690780972816e-53	0	0
122	122	uniform	4	0	0	cold	0.0	0	0
122	122	uniform	4	0	0	warm	0.0	0	0
122	122	uniform	4	7	0	cold	0.0	0	0
122	122	uniform	4	7	0	warm	9.385959851941965e-51	0	0
122	122	uniform	4	15	0	cold	0.0	0	0
122	122	uniform	4	15	0	warm	1.8934360096431524e-51	0	0
122	122	uniform	4	23	0	cold	0.0	0	0
122	122	uniform	4	23	0	warm	8.10947820533931e-51	0	0
123	123	linear	0	0	0	cold	0.0	0	0
123	123	linear	0	0	0	warm	0.0	0	0
123	123	linear	0	7	0	cold	0.0	0	0
123	123	linear	0	7	0	warm	7.72626385214338e-73	0	0
123	123	linear	0	15	0	cold	0.0	0	0
123	123	linear	0	15	0	warm	3.4966934241328533e-73	0	0
123	123	linear	0	23	0	cold	0.0	0	0
123	123	linear	0	23	0	warm	2.2542473802434916e-74	0	0
123	123	linear	1	0	0	cold	0.0	0	0
123	123	linear	1	0	0	warm	0.0	0	0
123	123	linear	1	7	0	cold	0.0	0	0
123	123	linear	1	7	0	warm	1.131664688721242e-53	0	0
123	123	linear	1	15	0	cold	0.0	0	0
123	123	linear	1	15	0	warm	2.770355915093557e-55	0	0
123	123	linear	1	23	0	cold	0.0	0	0
123	123	linear	1	23	0	warm	9.654423009870543e-55	0	0
123	123	linear	2	0	0	cold	0.0	0	0
123	123	linear	2	0	0	warm	0.0	0	0
123	123	linear	2	7	0	cold	0.0	0	0
123	123	linear	2	7	0	warm	6.33986436608418e-74	0	0
123	123	linear	2	15	0	cold	0.0	0	0
123	123	linear	2	15	0	warm	1.6774249242135232e-74	0	0
123	123	linear	2	23	0	cold	0.0	0	0
123	123	linear	2	23	0	warm	2.775514722478353e-53	0	0
123	123	linear	3	0	0	cold	0.0	0	0
123	123	linear	3	0	0	warm	0.0	0	0
123	123	linear	3	7	0	cold	0.0	0	0
123	123	linear	3	7	0	warm	9.209273866053872e-69	0	0
123	123	linear	3	15	0	cold	0.0	0	0
123	123	linear	3	15	0	warm	1.0738855774279958e-68	0	0
123	123	linear	3	23	0	cold	0.0	0	0
123	123	linear	3	23	0	warm	3.5398225894069653e-53	0	0
123	123	linear	4	0	0	cold	0.0	0	0
123	123	linear	4	0	0	warm	0.0	0	0
123	123	linear	4	7	0	cold	0.0	0	0
123	123	linear	4	7	0	warm	2.2269869489262175e-67	0	0
123	123	linear	4	15	0	cold	0.0	0	0
123	123	linear	4	15	0	warm	1.4770008499022374e-58	0	0
123	123	linear	4	23	0	cold	0.0	0	0
123	123	linear	4	23	0	warm	1.6820822031003555e-54	0	0
123	123	uniform	0	0	0	cold	0.0	0	0
123	123	uniform	0	0	0	warm	0.0	0	0
123	123	uniform	0	7	0	cold	0.0	0	0
123	123	uniform	0	7	0	warm	7.72626385214338e-73	0	0
123	123	uniform	0	15	0	cold	0.0	0	0
123	123	uniform	0	15	0	warm	3.4966934241328533e-73	0	0
123	123	uniform	0	23	0	cold	0.0	0	0
123	123	uniform	0	23	0	warm	2.2542473802434916e-74	0	0
123	123	uniform	1	0	0	cold	0.0	0	0
123	123	uniform	1	0	0	warm	0.0	0	0
123	123	uniform	1	7	0	cold	0.0	0	0
123	123	uniform	1	7	0	warm	1.131664688721242e-53	0	0
123	123	uniform	1	15	0	cold	0.0	0	0
123	123	uniform	1	15	0	warm	2.770355915093557e-55	0	0
123	123	uniform	1	23	0	cold	0.0	0	0
123	123	uniform	1	23	0	warm	9.654423009870543e-55	0	0
123	123	uniform	2	0	0	cold	0.0	0	0
123	123	uniform	2	0	0	warm	0.0	0	0
123	123	uniform	2	7	0	cold	0.0	0	0
123	123	uniform	2	7	0	warm	6.33986436608418e-74	0	0
123	123	uniform	2	15	0	cold	0.0	0	0
123	123	uniform	2	15	0	warm	1.6774249242135232e-74	0	0
123	123	uniform	2	23	0	cold	0.0	0	0
123	123	uniform	2	23	0	warm	2.775514722478353e-53	0	0
123	123	uniform	3	0	0	cold	0.0	0	0
123	123	uniform	3	0	0	warm	0.0	0	0
123	123	uniform	3	7	0	cold	0.0	0	0
123	123	uniform	3	7	0	warm	9.209273866053872e-69	0	0
123	123	uniform	3	15	0	cold	0.0	0	0
123	123	uniform	3	15	0	warm	1.0738855774279958e-68	0	0
123	123	uniform	3	23	0	cold	0.0	0	0
123	123	uniform	3	23	0	warm	3.5398225894069653e-53	0	0
123	123	uniform	4	0	0	cold	0.0	0	0
123	123	uniform	4	0	0	warm	0.0	0	0
123	123	uniform	4	7	0	cold	0.0	0	0
123	123	uniform	4	7	0	warm	2.2269869489262175e-67	0	0
123	123	uniform	4	15	0	cold	0.0	0	0
123	123	uniform	4	15	0	warm	1.4770008499022374e-58	0	0
123	123	uniform	4	23	0	cold	0.0	0	0
123	123	uniform	4	23	0	warm	1.6820822031003555e-54	0	0
124	124	linear	0	0	0	cold	0.0	0	0
124	124	linear	0	0	0	warm	0.0	0	0
124	124	linear	0	7	0	cold	0.0	0	0
124	124	linear	0	7	0	warm	1.997989461194594e-40	0	0
124	124	linear	0	15	0	cold	0.0	0	0
124	124	linear	0	15	0	warm	3.908169677255755e-41	0	0
124	124	linear	0	23	0	cold	0.0	0	0
124	124	linear	0	23	0	warm	3.9934500483367294e-42	0	0
124	124	linear	1	0	0	cold	0.0	0	0
124	124	linear	1	0	0	warm	0.0	0	0
124	124	linear	1	7	0	cold	0.0	0	0
124	124	linear	1	7	0	warm	2.308705982228415e-66	0	0
124	124	linear	1	15	0	cold	0.0	0	0
124	124	linear	1	15	0	warm	2.9579252503044114e-68	0	0
124	124	linear	1	23	0	cold	0.0	0	0
124	124	linear	1	23	0	warm	4.2020374400138326e-60	0	0
124	124	linear	2	0	0	cold	0.0	0	0
124	124	linear	2	0	0	warm	0.0	0	0
124	124	linear	2	7	0	cold	0.0	0	0
124	124	linear	2	7	0	warm	3.651801902988583e-48	0	0
124	124	linear	2	15	0	cold	0.0	0	0
124	124	linear	2	15	0	warm	1.7511985006801318e-48	0	0
124	124	linear	2	23	0	cold	0.0	0	0
124	124	linear	2	23	0	warm	1.2016180019530473e-47	0	0
124	124	linear	3	0	0	cold	0.0	0	0
124	124	linear	3	0	0	warm	0.0	0	0
124	124	linear	3	7	0	cold	0.0	0	0
124	124	linear	3	7	0	warm	2.2414593655752937e-56	0	0
124	124	linear	3	15	0	cold	0.0	0	0
124	124	linear	3	15	0	warm	1.1255982171682575e-57	0	0
124	124	linear	3	23	0	cold	0.0	0	0
124	124	linear	3	23	0	warm	4.182283117299873e-56	0	0
124	124	linear	4	0	0	cold	0.0	0	0
124	124	linear	4	0	0	warm	0.0	0	0
124	124	linear	4	7	0	cold	0.0	0	0
124	124	linear	4	7	0	warm	5.620852334940858e-50	0	0
124	124	linear	4	15	0	cold	0.0	0	0
124	124	linear	4	15	0	warm	3.551058740182592e-50	0	0
124	124	linear	4	23	0	cold	0.0	0	0
124	124	linear	4	23	0	warm	3.055837715904663e-50	0	0
124	124	uniform	0	0	0	cold	0.0	0	0
124	124	uniform	0	0	0	warm	0.0	0	0
124	124	uniform	0	7	0	cold	0.0	0	0
124	124	uniform	0	7	0	warm	1.997989461194594e-40	0	0
124	124	uniform	0	15	0	cold	0.0	0	0
124	124	uniform	0	15	0	warm	3.908169677255755e-41	0	0
124	124	uniform	0	23	0	cold	0.0	0	0
124	124	uniform	0	23	0	warm	3.9934500483367294e-42	0	0
124	124	uniform	1	0	0	cold	0.0	0	0
124	124	uniform	1	0	0	warm	0.0	0	0
124	124	uniform	1	7	0	cold	0.0	0	0
124	124	uniform	1	7	0	warm	2.308705982228415e-66	0	0
124	124	uniform	1	15	0	cold	0.0	0	0
124	124	uniform	1	15	0	warm	2.9579252503044114e-68	0	0
124	124	uniform	1	23	0	cold	0.0	0	0
124	124	uniform	1	23	0	warm	4.2020374400138326e-60	0	0
124	124	uniform	2	0	0	cold	0.0	0	0
124	124	uniform	2	0	0	warm	0.0	0	0
124	124	uniform	2	7	0	cold	0.0	0	0
124	124	uniform	2	7	0	warm	3.651801902988583e-48	0	0
124	124	uniform	2	15	0	cold	0.0	0	0
124	124	uniform	2	15	0	warm	1.7511985006801318e-48	0	0
124	124	uniform	2	23	0	cold	0.0	0	0
124	124	uniform	2	23	0	warm	1.2016180019530473e-47	0	0
124	124	uniform	3	0	0	cold	0.0	0	0
124	124	uniform	3	0	0	warm	0.0	0	0
124	124	uniform	3	7	0	cold	0.0	0	0
124	124	uniform	3	7	0	warm	2.2414593655752937e-56	0	0
124	124	uniform	3	15	0	cold	0.0	0	0
124	124	uniform	3	15	0	warm	1.1255982171682575e-57	0	0
124	124	uniform	3	23	0	cold	0.0	0	0
124	124	uniform	3	23	0	warm	4.182283117299873e-56	0	0
124	124	uniform	4	0	0	cold	0.0	0	0
124	124	uniform	4	0	0	warm	0.0	0	0
124	124	uniform	4	7	0	cold	0.0	0	0
124	124	uniform	4	7	0	warm	5.620852334940858e-50	0	0
124	124	uniform	4	15	0	cold	0.0	0	0
124	124	uniform	4	15	0	warm	3.551058740182592e-50	0	0
124	124	uniform	4	23	0	cold	0.0	0	0
124	124	uniform	4	23	0	warm	3.055837715904663e-50	0	0
125	125	linear	0	0	0	cold	0.0	0	0
125	125	linear	0	0	0	warm	0.0	0	0
125	125	linear	0	7	0	cold	0.0	0	0
125	125	linear	0	7	0	warm	2.250331035265107e-63	0	0
125	125	linear	0	15	0	cold	0.0	0	0
125	125	linear	0	15	0	warm	2.5788270507252735e-63	0	0
125	125	linear	0	23	0	cold	0.0	0	0
125	125	linear	0	23	0	warm	2.6266592923537016e-64	0	0
125	125	linear	1	0	0	cold	0.0	0	0
125	125	linear	1	0	0	warm	0.0	0	0
125	125	linear	1	7	0	cold	0.0	0	0
125	125	linear	1	7	0	warm	2.317981609822916e-49	0	0
125	125	linear	1	15	0	cold	0.0	0	0
125	125	linear	1	15	0	warm	3.654478069817083e-49	0	0
125	125	linear	1	23	0	cold	0.0	0	0
125	125	linear	1	23	0	warm	2.1968464771546936e-48	0	0
125	125	linear	2	0	0	cold	0.0	0	0
125	125	linear	2	0	0	warm	0.0	0	0
125	125	linear	2	7	0	cold	0.0	0	0
125	125	linear	2	7	0	warm	9.566408744113206e-48	0	0
125	125	linear	2	15	0	cold	0.0	0	0
125	125	linear	2	15	0	warm	1.1619878233327115e-48	0	0
125	125	linear	2	23	0	cold	0.0	0	0
125	125	linear	2	23	0	warm	1.555572479529963e-47	0	0
125	125	linear	3	0	0	cold	0.0	0	0
125	125	linear	3	0	0	warm	0.0	0	0
125	125	linear	3	7	0	cold	0.0	0	0
125	125	linear	3	7	0	warm	7.048904966672722e-50	0	0
125	125	linear	3	15	0	cold	0.0	0	0
125	125	linear	3	15	0	warm	1.5426706240989256e-49	0	0
125	125	linear	3	23	0	cold	0.0	0	0
125	125	linear	3	23	0	warm	2.303503380435087e-47	0	0
125	125	linear	4	0	0	cold	0.0	0	0
125	125	linear	4	0	0	warm	0.0	0	0
125	125	linear	4	7	0	cold	0.0	0	0
125	125	linear	4	7	0	warm	4.8306945160482226e-61	0	0
125	125	linear	4	15	0	cold	0.0	0	0
125	125	linear	4	15	0	warm	5.7101218470910375e-62	0	0
125	125	linear	4	23	0	cold	0.0	0	0
125	125	linear	4	23	0	warm	6.724406720713199e-61	0	0
125	125	uniform	0	0	0	cold	0.0	0	0
125	125	uniform	0	0	0	warm	0.0	0	0
125	125	uniform	0	7	0	cold	0.0	0	0
125	125	uniform	0	7	0	warm	2.250331035265107e-63	0	0
125	125	uniform	0	15	0	cold	0.0	0	0
125	125	uniform	0	15	0	warm	2.5788270507252735e-63	0	0
125	125	uniform	0	23	0	cold	0.0	0	0
125	125	uniform	0	23	0	warm	2.6266592923537016e-64	0	0
125	125	uniform	1	0	0	cold	0.0	0	0
125	125	uniform	1	0	0	warm	0.0	0	0
125	125	uniform	1	7	0	cold	0.0	0	0
125	125	uniform	1	7	0	warm	2.317981609822916e-49	0	0
125	125	uniform	1	15	0	cold	0.0	0	0
125	125	uniform	1	15	0	warm	3.654478069817083e-49	0	0
125	125	uniform	1	23	0	cold	0.0	0	0
125	125	uniform	1	23	0	warm	2.1968464771546936e-48	0	0
125	125	uniform	2	0	0	cold	0.0	0	0
125	125	uniform	2	0	0	warm	0.0	0	0
125	125	uniform	2	7	0	cold	0.0	0	0
125	125	uniform	2	7	0	warm	9.566408744113206e-48	0	0
125	125	uniform	2	15	0	cold	0.0	0	0
125	125	uniform	2	15	0	warm	1.1619878233327115e-48	0	0
125	125	uniform	2	23	0	cold	0.0	0	0
125	125	uniform	2	23	0	warm	1.555572479529963e-47	0	0
125	125	uniform	3	0	0	cold	0.0	0	0
125	125	uniform	3	0	0	warm	0.0	0	0
125	125	uniform	3	7	0	cold	0.0	0	0
125	125	uniform	3	7	0	warm	7.048904966672722e-50	0	0
125	125	uniform	3	15	0	cold	0.0	0	0
125	125	uniform	3	15	0	warm	1.5426706240989256e-49	0	0
125	125	uniform	3	23	0	cold	0.0	0	0
125	125	uniform	3	23	0	warm	2.303503380435087e-47	0	0
125	125	uniform	4	0	0	cold	0.0	0	0
125	125	uniform	4	0	0	warm	0.0	0	0
125	125	uniform	4	7	0	cold	0.0	0	0
125	125	uniform	4	7	0	warm	4.8306945160482226e-61	0	0
125	125	uniform	4	15	0	cold	0.0	0	0
125	125	uniform	4	15	0	warm	5.7101218470910375e-62	0	0
125	125	uniform	4	23	0	cold	0.0	0	0
125	125	uniform	4	23	0	warm	6.724406720713199e-61	0	0
126	126	linear	0	0	0	cold	0.0	0	0
126	126	linear	0	0	0	warm	0.0	0	0
126	126	linear	0	7	0	cold	0.0	0	0
126	126	linear	0	7	0	warm	0.0	0	0
126	126	linear	0	15	0	cold	0.0	0	0
126	126	linear	0	15	0	warm	0.0	0	0
126	126	linear	0	23	0	cold	0.0	0	0
126	126	linear	0	23	0	warm	0.0	0	0
126	126	linear	1	0	0	cold	0.0	0	0
126	126	linear	1	0	0	warm	0.0	0	0
126	126	linear	1	7	0	cold	0.0	0	0
126	126	linear	1	7	0	warm	8.925090292648425e-74	0	0
126	126	linear	1	15	0	cold	0.0	0	0
126	126	linear	1	15	0	warm	2.7630793921413656e-46	0	0
126	126	linear	1	23	0	cold	0.0	0	0
126	126	linear	1	23	0	warm	4.0545299847158576e-75	0	0
126	126	linear	2	0	0	cold	0.0	0	0
126	126	linear	2	0	0	warm	0.0	0	0
126	126	linear	2	7	0	cold	0.0	0	0
126	126	linear	2	7	0	warm	2.2522169019814432e-70	0	0
126	126	linear	2	15	0	cold	0.0	0	0
126	126	linear	2	15	0	warm	1.0036410936847294e-71	0	0
126	126	linear	2	23	0	cold	0.0	0	0
126	126	linear	2	23	0	warm	4.364807905715487e-72	0	0
126	126	linear	3	0	0	cold	0.0	0	0
126	126	linear	3	0	0	warm	0.0	0	0
126	126	linear	3	7	0	cold	0.0	0	0
126	126	linear	3	7	0	warm	1.6299882051274502e-70	0	0
126	126	linear	3	15	0	cold	0.0	0	0
126	126	linear	3	15	0	warm	1.821300240019009e-71	0	0
126	126	linear	3	23	0	cold	0.0	0	0
126	126	linear	3	23	0	warm	4.74936840705219e-72	0	0
126	126	linear	4	0	0	cold	0.0	0	0
126	126	linear	4	0	0	warm	0.0	0	0
126	126	linear	4	7	0	cold	0.0	0	0
126	126	linear	4	7	0	warm	7.787142399509321e-73	0	0
126	126	linear	4	15	0	cold	0.0	0	0
126	126	linear	4	15	0	warm	9.361755564121925e-73	0	0
126	126	linear	4	23	0	cold	0.0	0	0
126	126	linear	4	23	0	warm	7.093701040892286e-73	0	0
126	126	uniform	0	0	0	cold	0.0	0	0
126	126	uniform	0	0	0	warm	0.0	0	0
126	126	uniform	0	7	0	cold	0.0	0	0
126	126	uniform	0	7	0	warm	0.0	0	0
126	126	uniform	0	15	0	cold	0.0	0	0
126	126	uniform	0	15	0	warm	0.0	0	0
126	126	uniform	0	23	0	cold	0.0	0	0
126	126	uniform	0	23	0	warm	0.0	0	0
126	126	uniform	1	0	0	cold	0.0	0	0
126	126	uniform	1	0	0	warm	0.0	0	0
126	126	uniform	1	7	0	cold	0.0	0	0
126	126	uniform	1	7	0	warm	8.925090292648425e-74	0	0
126	126	uniform	1	15	0	cold	0.0	0	0
126	126	uniform	1	15	0	warm	2.7630793921413656e-46	0	0
126	126	uniform	1	23	0	cold	0.0	0	0
126	126	uniform	1	23	0	warm	4.0545299847158576e-75	0	0
126	126	uniform	2	0	0	cold	0.0	0	0
126	126	uniform	2	0	0	warm	0.0	0	0
126	126	uniform	2	7	0	cold	0.0	0	0
126	126	uniform	2	7	0	warm	2.2522169019814432e-70	0	0
126	126	uniform	2	15	0	cold	0.0	0	0
126	126	uniform	2	15	0	warm	1.0036410936847294e-71	0	0
126	126	uniform	2	23	0	cold	0.0	0	0
126	126	uniform	2	23	0	warm	4.364807905715487e-72	0	0
126	126	uniform	3	0	0	cold	0.0	0	0
126	126	uniform	3	0	0	warm	0.0	0	0
126	126	uniform	3	7	0	cold	0.0	0	0
126	126	uniform	3	7	0	warm	1.6299882051274502e-70	0	0
126	126	uniform	3	15	0	cold	0.0	0	0
126	126	uniform	3	15	0	warm	1.821300240019009e-71	0	0
126	126	uniform	3	23	0	cold	0.0	0	0
126	126	uniform	3	23	0	warm	4.74936840705219e-72	0	0
126	126	uniform	4	0	0	cold	0.0	0	0
126	126	uniform	4	0	0	warm	0.0	0	0
126	126	uniform	4	7	0	cold	0.0	0	0
126	126	uniform	4	7	0	warm	7.787142399509321e-73	0	0
126	126	uniform	4	15	0	cold	0.0	0	0
126	126	uniform	4	15	0	warm	9.361755564121925e-73	0	0
126	126	uniform	4	23	0	cold	0.0	0	0
126	126	uniform	4	23	0	warm	7.093701040892286e-73	0	0
127	127	linear	0	0	0	cold	0.0	0	0
127	127	linear	0	0	0	warm	0.0	0	0
127	127	linear	0	7	0	cold	0.0	0	0
127	127	linear	0	7	0	warm	4.759582520179398e-45	0	0
127	127	linear	0	15	0	cold	0.0	0	0
127	127	linear	0	15	0	warm	1.583837337628573e-44	0	0
127	127	linear	0	23	0	cold	0.0	0	0
127	127	linear	0	23	0	warm	6.835170176724883e-46	0	0
127	127	linear	1	0	0	cold	0.0	0	0
127	127	linear	1	0	0	warm	0.0	0	0
127	127	linear	1	7	0	cold	0.0	0	0
127	127	linear	1	7	0	warm	5.460045079686218e-47	0	0
127	127	linear	1	15	0	cold	0.0	0	0
127	127	linear	1	15	0	warm	6.046143560981602e-49	0	0
127	127	linear	1	23	0	cold	0.0	0	0
127	127	linear	1	23	0	warm	8.633202160968408e-45	0	0
127	127	linear	2	0	0	cold	0.0	0	0
127	127	linear	2	0	0	warm	0.0	0	0
127	127	linear	2	7	0	cold	0.0	0	0
127	127	linear	2	7	0	warm	4.7730773445109e-45	0	0
127	127	linear	2	15	0	cold	0.0	0	0
127	127	linear	2	15	0	warm	2.1461520418568713e-43	0	0
127	127	linear	2	23	0	cold	0.0	0	0
127	127	linear	2	23	0	warm	1.0931838904069109e-44	0	0
127	127	linear	3	0	0	cold	0.0	0	0
127	127	linear	3	0	0	warm	0.0	0	0
127	127	linear	3	7	0	cold	0.0	0	0
127	127	linear	3	7	0	warm	4.8509882443943595e-62	0	0
127	127	linear	3	15	0	cold	0.0	0	0
127	127	linear	3	15	0	warm	1.455298601324291e-61	0	0
127	127	linear	3	23	0	cold	0.0	0	0
127	127	linear	3	23	0	warm	9.338179673958482e-62	0	0
127	127	linear	4	0	0	cold	0.0	0	0
127	127	linear	4	0	0	warm	0.0	0	0
127	127	linear	4	7	0	cold	0.0	0	0
127	127	linear	4	7	0	warm	7.827625033880886e-48	0	0
127	127	linear	4	15	0	cold	0.0	0	0
127	127	linear	4	15	0	warm	1.261158204763966e-47	0	0
127	127	linear	4	23	0	cold	0.0	0	0
127	127	linear	4	23	0	warm	2.789811277534531e-46	0	0
127	127	uniform	0	0	0	cold	0.0	0	0
127	127	uniform	0	0	0	warm	0.0	0	0
127	127	uniform	0	7	0	cold	0.0	0	0
127	127	uniform	0	7	0	warm	4.759582520179398e-45	0	0
127	127	uniform	0	15	0	cold	0.0	0	0
127	127	uniform	0	15	0	warm	1.583837337628573e-44	0	0
127	127	uniform	0	23	0	cold	0.0	0	0
127	127	uniform	0	23	0	warm	6.835170176724883e-46	0	0
127	127	uniform	1	0	0	cold	0.0	0	0
127	127	uniform	1	0	0	warm	0.0	0	0
127	127	uniform	1	7	0	cold	0.0	0	0
127	127	uniform	1	7	0	warm	5.460045079686218e-47	0	0
127	127	uniform	1	15	0	cold	0.0	0	0
127	127	uniform	1	15	0	warm	6.046143560981602e-49	0	0
127	127	uniform	1	23	0	cold	0.0	0	0
127	127	uniform	1	23	0	warm	8.633202160968408e-45	0	0
127	127	uniform	2	0	0	cold	0.0	0	0
127	127	uniform	2	0	0	warm	0.0	0	0
127	127	uniform	2	7	0	cold	0.0	0	0
127	127	uniform	2	7	0	warm	4.7730773445109e-45	0	0
127	127	uniform	2	15	0	cold	0.0	0	0
127	127	uniform	2	15	0	warm	2.1461520418568713e-43	0	0
127	127	uniform	2	23	0	cold	0.0	0	0
127	127	uniform	2	23	0	warm	1.0931838904069109e-44	0	0
127	127	uniform	3	0	0	cold	0.0	0	0
127	127	uniform	3	0	0	warm	0.0	0	0
127	127	uniform	3	7	0	cold	0.0	0	0
127	127	uniform	3	7	0	warm	4.8509882443943595e-62	0	0
127	127	uniform	3	15	0	cold	0.0	0	0
127	127	uniform	3	15	0	warm	1.455298601324291e-61	0	0
127	127	uniform	3	23	0	cold	0.0	0	0
127	127	uniform	3	23	0	warm	9.338179673958482e-62	0	0
127	127	uniform	4	0	0	cold	0.0	0	0
127	127	uniform	4	0	0	warm	0.0	0	0
127	127	uniform	4	7	0	cold	0.0	0	0
127	127	uniform	4	7	0	warm	7.827625033880886e-48	0	0
127	127	uniform	4	15	0	cold	0.0	0	0
127	127	uniform	4	15	0	warm	1.261158204763966e-47	0	0
127	127	uniform	4	23	0	cold	0.0	0	0
127	127	uniform	4	23	0	warm	2.789811277534531e-46	0	0
128	128	linear	0	0	0	cold	0.0	0	0
128	128	linear	0	0	0	warm	0.0	0	0
128	128	linear	0	7	0	cold	0.0	0	0
128	128	linear	0	7	0	warm	0.0	0	0
128	128	linear	0	15	0	cold	0.0	0	0
128	128	linear	0	15	0	warm	0.0	0	0
128	128	linear	0	23	0	cold	0.0	0	0
128	128	linear	0	23	0	warm	9.505407580282673e-74	0	0
128	128	linear	1	0	0	cold	0.0	0	0
128	128	linear	1	0	0	warm	0.0	0	0
128	128	linear	1	7	0	cold	0.0	0	0
128	128	linear	1	7	0	warm	1.0766994328730558e-70	0	0
128	128	linear	1	15	0	cold	0.0	0	0
128	128	linear	1	15	0	warm	8.570020469154555e-73	0	0
128	128	linear	1	23	0	cold	0.0	0	0
128	128	linear	1	23	0	warm	3.0294919294089032e-74	0	0
128	128	linear	2	0	0	cold	0.0	0	0
128	128	linear	2	0	0	warm	0.0	0	0
128	128	linear	2	7	0	cold	0.0	0	0
128	128	linear	2	7	0	warm	9.862303030277266e-59	0	0
128	128	linear	2	15	0	cold	0.0	0	0
128	128	linear	2	15	0	warm	4.2280712107256675e-65	0	0
128	128	linear	2	23	0	cold	0.0	0	0
128	128	linear	2	23	0	warm	5.009522954248475e-67	0	0
128	128	linear	3	0	0	cold	0.0	0	0
128	128	linear	3	0	0	warm	0.0	0	0
128	128	linear	3	7	0	cold	0.0	0	0
128	128	linear	3	7	0	warm	1.664794752897956e-69	0	0
128	128	linear	3	15	0	cold	0.0	0	0
128	128	linear	3	15	0	warm	9.069662060770912e-72	0	0
128	128	linear	3	23	0	cold	0.0	0	0
128	128	linear	3	23	0	warm	4.551021452271543e-71	0	0
128	128	linear	4	0	0	cold	0.0	0	0
128	128	linear	4	0	0	warm	0.0	0	0
128	128	linear	4	7	0	cold	0.0	0	0
128	128	linear	4	7	0	warm	1.4897531544122584e-70	0	0
128	128	linear	4	15	0	cold	0.0	0	0
128	128	linear	4	15	0	warm	1.6888296015983125e-68	0	0
128	128	linear	4	23	0	cold	0.0	0	0
128	128	linear	4	23	0	warm	5.186381271819433e-68	0	0
128	128	uniform	0	0	0	cold	0.0	0	0
128	128	uniform	0	0	0	warm	0.0	0	0
128	128	uniform	0	7	0	cold	0.0	0	0
128	128	uniform	0	7	0	warm	0.0	0	0
128	128	uniform	0	15	0	cold	0.0	0	0
128	128	uniform	0	15	0	warm	0.0	0	0
128	128	uniform	0	23	0	cold	0.0	0	0
128	128	uniform	0	23	0	warm	9.505407580282673e-74	0	0
128	128	uniform	1	0	0	cold	0.0	0	0
128	128	uniform	1	0	0	warm	0.0	0	0
128	128	uniform	1	7	0	cold	0.0	0	0
128	128	uniform	1	7	0	warm	1.0766994328730558e-70	0	0
128	128	uniform	1	15	0	cold	0.0	0	0
128	128	uniform	1	15	0	warm	8.570020469154555e-73	0	0
128	128	uniform	1	23	0	cold	0.0	0	0
128	128	uniform	1	23	0	warm	3.0294919294089032e-74	0	0
128	128	uniform	2	0	0	cold	0.0	0	0
128	128	uniform	2	0	0	warm	0.0	0	0
128	128	uniform	2	7	0	cold	0.0	0	0
128	128	uniform	2	7	0	warm	9.862303030277266e-59	0	0
128	128	uniform	2	15	0	cold	0.0	0	0
128	128	uniform	2	15	0	warm	4.2280712107256675e-65	0	0
128	128	uniform	2	23	0	cold	0.0	0	0
128	128	uniform	2	23	0	warm	5.009522954248475e-67	0	0
128	128	uniform	3	0	0	cold	0.0	0	0
128	128	uniform	3	0	0	warm	0.0	0	0
128	128	uniform	3	7	0	cold	0.0	0	0
128	128	uniform	3	7	0	warm	1.664794752897956e-69	0	0
128	128	uniform	3	15	0	cold	0.0	0	0
128	128	uniform	3	15	0	warm	9.069662060770912e-72	0	0
128	128	uniform	3	23	0	cold	0.0	0	0
128	128	uniform	3	23	0	warm	4.551021452271543e-71	0	0
128	128	uniform	4	0	0	cold	0.0	0	0
128	128	uniform	4	0	0	warm	0.0	0	0
128	128	uniform	4	7	0	cold	0.0	0	0
128	128	uniform	4	7	0	warm	1.4897531544122584e-70	0	0
128	128	uniform	4	15	0	cold	0.0	0	0
128	128	uniform	4	15	0	warm	1.6888296015983125e-68	0	0
128	128	uniform	4	23	0	cold	0.0	0	0
128	128	uniform	4	23	0	warm	5.186381271819433e-68	0	0
129	129	linear	0	0	0	cold	0.0	0	0
129	129	linear	0	0	0	warm	0.0	0	0
129	129	linear	0	7	0	cold	0.0	0	0
129	129	linear	0	7	0	warm	3.3003407071513414e-61	0	0
129	129	linear	0	15	0	cold	0.0	0	0
129	129	linear	0	15	0	warm	1.5852713606392094e-65	0	0
129	129	linear	0	23	0	cold	0.0	0	0
129	129	linear	0	23	0	warm	7.706630977619201e-56	0	0
129	129	linear	1	0	0	cold	0.0	0	0
129	129	linear	1	0	0	warm	0.0	0	0
129	129	linear	1	7	0	cold	0.0	0	0
129	129	linear	1	7	0	warm	7.813719316860157e-57	0	0
129	129	linear	1	15	0	cold	0.0	0	0
129	129	linear	1	15	0	warm	3.5037935570675713e-56	0	0
129	129	linear	1	23	0	cold	0.0	0	0
129	129	linear	1	23	0	warm	2.970687951199054e-56	0	0
129	129	linear	2	0	0	cold	0.0	0	0
129	129	linear	2	0	0	warm	0.0	0	0
129	129	linear	2	7	0	cold	0.0	0	0
129	129	linear	2	7	0	warm	2.0642239408629257e-61	0	0
129	129	linear	2	15	0	cold	0.0	0	0
129	129	linear	2	15	0	warm	1.8541961108899193e-44	0	0
129	129	linear	2	23	0	cold	0.0	0	0
129	129	linear	2	23	0	warm	7.742199341583117e-44	0	0
129	129	linear	3	0	0	cold	0.0	0	0
129	129	linear	3	0	0	warm	0.0	0	0
129	129	linear	3	7	0	cold	0.0	0	0
129	129	linear	3	7	0	warm	8.984523967978044e-73	0	0
129	129	linear	3	15	0	cold	0.0	0	0
129	129	linear	3	15	0	warm	3.1554548668439743e-75	0	0
129	129	linear	3	23	0	cold	0.0	0	0
129	129	linear	3	23	0	warm	1.6730988428580926e-75	0	0
129	129	linear	4	0	0	cold	0.0	0	0
129	129	linear	4	0	0	warm	0.0	0	0
129	129	linear	4	7	0	cold	0.0	0	0
129	129	linear	4	7	0	warm	1.6268500861288678e-62	0	0
129	129	linear	4	15	0	cold	0.0	0	0
129	129	linear	4	15	0	warm	2.0892005464472646e-59	0	0
129	129	linear	4	23	0	cold	0.0	0	0
129	129	linear	4	23	0	warm	1.1913618415803323e-58	0	0
129	129	uniform	0	0	0	cold	0.0	0	0
129	129	uniform	0	0	0	warm	0.0	0	0
129	129	uniform	0	7	0	cold	0.0	0	0
129	129	uniform	0	7	0	warm	3.3003407071513414e-61	0	0
129	129	uniform	0	15	0	cold	0.0	0	0
129	129	uniform	0	15	0	warm	1.5852713606392094e-65	0	0
129	129	uniform	0	23	0	cold	0.0	0	0
129	129	uniform	0	23	0	warm	7.706630977619201e-56	0	0
129	129	uniform	1	0	0	cold	0.0	0	0
129	129	uniform	1	0	0	warm	0.0	0	0
129	129	uniform	1	7	0	cold	0.0	0	0
129	129	uniform	1	7	0	warm	7.813719316860157e-57	0	0
129	129	uniform	1	15	0	cold	0.0	0	0
129	129	uniform	1	15	0	warm	3.5037935570675713e-56	0	0
129	129	uniform	1	23	0	cold	0.0	0	0
129	129	uniform	1	23	0	warm	2.970687951199054e-56	0	0
129	129	uniform	2	0	0	cold	0.0	0	0
129	129	uniform	2	0	0	warm	0.0	0	0
129	129	uniform	2	7	0	cold	0.0	0	0
129	129	uniform	2	7	0	warm	2.0642239408629257e-61	0	0
129	129	uniform	2	15	0	cold	0.0	0	0
129	129	uniform	2	15	0	warm	1.8541961108899193e-44	0	0
129	129	uniform	2	23	0	cold	0.0	0	0
129	129	uniform	2	23	0	warm	7.742199341583117e-44	0	0
129	129	uniform	3	0	0	cold	0.0	0	0
129	129	uniform	3	0	0	warm	0.0	0	0
129	129	uniform	3	7	0	cold	0.0	0	0
129	129	uniform	3	7	0	warm	8.984523967978044e-73	0	0
129	129	uniform	3	15	0	cold	0.0	0	0
129	129	uniform	3	15	0	warm	3.1554548668439743e-75	0	0
129	129	uniform	3	23	0	cold	0.0	0	0
129	129	uniform	3	23	0	warm	1.6730988428580926e-75	0	0
129	129	uniform	4	0	0	cold	0.0	0	0
129	129	uniform	4	0	0	warm	0.0	0	0
129	129	uniform	4	7	0	cold	0.0	0	0
129	129	uniform	4	7	0	warm	1.6268500861288678e-62	0	0
129	129	uniform	4	15	0	cold	0.0	0	0
129	129	uniform	4	15	0	warm	2.0892005464472646e-59	0	0
129	129	uniform	4	23	0	cold	0.0	0	0
129	129	uniform	4	23	0	warm	1.1913618415803323e-58	0	0
130	130	linear	0	0	0	cold	0.0	0	0
130	130	linear	0	0	0	warm	0.0	0	0
130	130	linear	0	7	0	cold	0.0	0	0
130	130	linear	0	7	0	warm	3.753972804096724e-68	0	0
130	130	linear	0	15	0	cold	0.0	0	0
130	130	linear	0	15	0	warm	1.1741144834892766e-69	0	0
130	130	linear	0	23	0	cold	0.0	0	0
130	130	linear	0	23	0	warm	1.404490926773468e-71	0	0
130	130	linear	1	0	0	cold	0.0	0	0
130	130	linear	1	0	0	warm	0.0	0	0
130	130	linear	1	7	0	cold	0.0	0	0
130	130	linear	1	7	0	warm	1.5014446488618374e-65	0	0
130	130	linear	1	15	0	cold	0.0	0	0
130	130	linear	1	15	0	warm	4.841850209638577e-66	0	0
130	130	linear	1	23	0	cold	0.0	0	0
130	130	linear	1	23	0	warm	1.5012531442167908e-67	0	0
130	130	linear	2	0	0	cold	0.0	0	0
130	130	linear	2	0	0	warm	0.0	0	0
130	130	linear	2	7	0	cold	0.0	0	0
130	130	linear	2	7	0	warm	1.5565743729601582e-74	0	0
130	130	linear	2	15	0	cold	0.0	0	0
130	130	linear	2	15	0	warm	1.2902387453206693e-54	0	0
130	130	linear	2	23	0	cold	0.0	0	0
130	130	linear	2	23	0	warm	8.842230015339589e-35	0	0
130	130	linear	3	0	0	cold	0.0	0	0
130	130	linear	3	0	0	warm	0.0	0	0
130	130	linear	3	7	0	cold	0.0	0	0
130	130	linear	3	7	0	warm	9.134814955976275e-49	0	0
130	130	linear	3	15	0	cold	0.0	0	0
130	130	linear	3	15	0	warm	2.679939562217604e-52	0	0
130	130	linear	3	23	0	cold	0.0	0	0
130	130	linear	3	23	0	warm	9.995163325835442e-55	0	0
130	130	linear	4	0	0	cold	0.0	0	0
130	130	linear	4	0	0	warm	0.0	0	0
130	130	linear	4	7	0	cold	0.0	0	0
130	130	linear	4	7	0	warm	7.129505365706362e-58	0	0
130	130	linear	4	15	0	cold	0.0	0	0
130	130	linear	4	15	0	warm	9.651045088363387e-59	0	0
130	130	linear	4	23	0	cold	0.0	0	0
130	130	linear	4	23	0	warm	9.272637445796459e-57	0	0
130	130	uniform	0	0	0	cold	0.0	0	0
130	130	uniform	0	0	0	warm	0.0	0	0
130	130	uniform	0	7	0	cold	0.0	0	0
130	130	uniform	0	7	0	warm	3.753972804096724e-68	0	0
130	130	uniform	0	15	0	cold	0.0	0	0
130	130	uniform	0	15	0	warm	1.1741144834892766e-69	0	0
130	130	uniform	0	23	0	cold	0.0	0	0
130	130	uniform	0	23	0	warm	1.404490926773468e-71	0	0
130	130	uniform	1	0	0	cold	0.0	0	0
130	130	uniform	1	0	0	warm	0.0	0	0
130	130	uniform	1	7	0	cold	0.0	0	0
130	130	uniform	1	7	0	warm	1.5014446488618374e-65	0	0
130	130	uniform	1	15	0	cold	0.0	0	0
130	130	uniform	1	15	0	warm	4.841850209638577e-66	0	0
130	130	uniform	1	23	0	cold	0.0	0	0
130	130	uniform	1	23	0	warm	1.5012531442167908e-67	0	0
130	130	uniform	2	0	0	cold	0.0	0	0
130	130	uniform	2	0	0	warm	0.0	0	0
130	130	uniform	2	7	0	cold	0.0	0	0
130	130	uniform	2	7	0	warm	1.5565743729601582e-74	0	0
130	130	uniform	2	15	0	cold	0.0	0	0
130	130	uniform	2	15	0	warm	1.2902387453206693e-54	0	0
130	130	uniform	2	23	0	cold	0.0	0	0
130	130	uniform	2	23	0	warm	8.842230015339589e-35	0	0
130	130	uniform	3	0	0	cold	0.0	0	0
130	130	uniform	3	0	0	warm	0.0	0	0
130	130	uniform	3	7	0	cold	0.0	0	0
130	130	uniform	3	7	0	warm	9.134814955976275e-49	0	0
130	130	uniform	3	15	0	cold	0.0	0	0
130	130	uniform	3	15	0	warm	2.679939562217604e-52	0	0
130	130	uniform	3	23	0	cold	0.0	0	0
130	130	uniform	3	23	0	warm	9.995163325835442e-55	0	0
130	130	uniform	4	0	0	cold	0.0	0	0
130	130	uniform	4	0	0	warm	0.0	0	0
130	130	uniform	4	7	0	cold	0.0	0	0
130	130	uniform	4	7	0	warm	7.129505365706362e-58	0	0
130	130	uniform	4	15	0	cold	0.0	0	0
130	130	uniform	4	15	0	warm	9.651045088363387e-59	0	0
130	130	uniform	4	23	0	cold	0.0	0	0
130	130	uniform	4	23	0	warm	9.272637445796459e-57	0	0
131	131	linear	0	0	0	cold	0.0	0	0
131	131	linear	0	0	0	warm	0.0	0	0
131	131	linear	0	7	0	cold	0.0	0	0
131	131	linear	0	7	0	warm	1.953999556968993e-40	0	0
131	131	linear	0	15	0	cold	0.0	0	0
131	131	linear	0	15	0	warm	3.6976953670460393e-57	0	0
131	131	linear	0	23	0	cold	0.0	0	0
131	131	linear	0	23	0	warm	1.2395727399285455e-73	0	0
131	131	linear	1	0	0	cold	0.0	0	0
131	131	linear	1	0	0	warm	0.0	0	0
131	131	linear	1	7	0	cold	0.0	0	0
131	131	linear	1	7	0	warm	1.0101037184963906e-41	0	0
131	131	linear	1	15	0	cold	0.0	0	0
131	131	linear	1	15	0	warm	6.40441602577684e-43	0	0
131	131	linear	1	23	0	cold	0.0	0	0
131	131	linear	1	23	0	warm	4.2863030639666625e-41	0	0
131	131	linear	2	0	0	cold	0.0	0	0
131	131	linear	2	0	0	warm	0.0	0	0
131	131	linear	2	7	0	cold	0.0	0	0
131	131	linear	2	7	0	warm	5.729200768947502e-61	0	0
131	131	linear	2	15	0	cold	0.0	0	0
131	131	linear	2	15	0	warm	1.8346290697961355e-61	0	0
131	131	linear	2	23	0	cold	0.0	0	0
131	131	linear	2	23	0	warm	9.992384149487447e-61	0	0
131	131	linear	3	0	0	cold	0.0	0	0
131	131	linear	3	0	0	warm	0.0	0	0
131	131	linear	3	7	0	cold	0.0	0	0
131	131	linear	3	7	0	warm	3.7932573646627456e-63	0	0
131	131	linear	3	15	0	cold	0.0	0	0
131	131	linear	3	15	0	warm	6.898131150916589e-64	0	0
131	131	linear	3	23	0	cold	0.0	0	0
131	131	linear	3	23	0	warm	8.47750971253439e-64	0	0
131	131	linear	4	0	0	cold	0.0	0	0
131	131	linear	4	0	0	warm	0.0	0	0
131	131	linear	4	7	0	cold	0.0	0	0
131	131	linear	4	7	0	warm	1.8466091805038125e-58	0	0
131	131	linear	4	15	0	cold	0.0	0	0
131	131	linear	4	15	0	warm	1.9389395474201423e-60	0	0
131	131	linear	4	23	0	cold	0.0	0	0
131	131	linear	4	23	0	warm	4.369329616779694e-62	0	0
131	131	uniform	0	0	0	cold	0.0	0	0
131	131	uniform	0	0	0	warm	0.0	0	0
131	131	uniform	0	7	0	cold	0.0	0	0
131	131	uniform	0	7	0	warm	1.953999556968993e-40	0	0
131	131	uniform	0	15	0	cold	0.0	0	0
131	131	uniform	0	15	0	warm	3.6976953670460393e-57	0	0
131	131	uniform	0	23	0	cold	0.0	0	0
131	131	uniform	0	23	0	warm	1.2395727399285455e-73	0	0
131	131	uniform	1	0	0	cold	0.0	0	0
131	131	uniform	1	0	0	warm	0.0	0	0
131	131	uniform	1	7	0	cold	0.0	0	0
131	131	uniform	1	7	0	warm	1.0101037184963906e-41	0	0
131	131	uniform	1	15	0	cold	0.0	0	0
131	131	uniform	1	15	0	warm	6.40441602577684e-43	0	0
131	131	uniform	1	23	0	cold	0.0	0	0
131	131	uniform	1	23	0	warm	4.2863030639666625e-41	0	0
131	131	uniform	2	0	0	cold	0.0	0	0
131	131	uniform	2	0	0	warm	0.0	0	0
131	131	uniform	2	7	0	cold	0.0	0	0
131	131	uniform	2	7	0	warm	5.729200768947502e-61	0	0
131	131	uniform	2	15	0	cold	0.0	0	0
131	131	uniform	2	15	0	warm	1.8346290697961355e-61	0	0
131	131	uniform	2	23	0	cold	0.0	0	0
131	131	uniform	2	23	0	warm	9.992384149487447e-61	0	0
131	131	uniform	3	0	0	cold	0.0	0	0
131	131	uniform	3	0	0	warm	0.0	0	0
131	131	uniform	3	7	0	cold	0.0	0	0
131	131	uniform	3	7	0	warm	3.7932573646627456e-63	0	0
131	131	uniform	3	15	0	cold	0.0	0	0
131	131	uniform	3	15	0	warm	6.898131150916589e-64	0	0
131	131	uniform	3	23	0	cold	0.0	0	0
131	131	uniform	3	23	0	warm	8.47750971253439e-64	0	0
131	131	uniform	4	0	0	cold	0.0	0	0
131	131	uniform	4	0	0	warm	0.0	0	0
131	131	uniform	4	7	0	cold	0.0	0	0
131	131	uniform	4	7	0	warm	1.8466091805038125e-58	0	0
131	131	uniform	4	15	0	cold	0.0	0	0
131	131	uniform	4	15	0	warm	1.9389395474201423e-60	0	0
131	131	uniform	4	23	0	cold	0.0	0	0
131	131	uniform	4	23	0	warm	4.369329616779694e-62	0	0
132	132	linear	0	0	0	cold	0.0	0	0
132	132	linear	0	0	0	warm	0.0	0	0
132	132	linear	0	7	0	cold	0.0	0	0
132	132	linear	0	7	0	warm	1.0037801055360043e-77	0	0
132	132	linear	0	15	0	cold	0.0	0	0
132	132	linear	0	15	0	warm	4.0079781531556875e-76	0	0
132	132	linear	0	23	0	cold	0.0	0	0
132	132	linear	0	23	0	warm	7.821268502250255e-75	0	0
132	132	linear	1	0	0	cold	0.0	0	0
132	132	linear	1	0	0	warm	0.0	0	0
132	132	linear	1	7	0	cold	0.0	0	0
132	132	linear	1	7	0	warm	5.512919020817991e-64	0	0
132	132	linear	1	15	0	cold	0.0	0	0
132	132	linear	1	15	0	warm	4.291551453812877e-65	0	0
132	132	linear	1	23	0	cold	0.0	0	0
132	132	linear	1	23	0	warm	6.541803241644423e-67	0	0
132	132	linear	2	0	0	cold	0.0	0	0
132	132	linear	2	0	0	warm	0.0	0	0
132	132	linear	2	7	0	cold	0.0	0	0
132	132	linear	2	7	0	warm	0.0	0	0
132	132	linear	2	15	0	cold	0.0	0	0
132	132	linear	2	15	0	warm	4.594446471854358e-71	0	0
132	132	linear	2	23	0	cold	0.0	0	0
132	132	linear	2	23	0	warm	9.585549251177254e-75	0	0
132	132	linear	3	0	0	cold	0.0	0	0
132	132	linear	3	0	0	warm	0.0	0	0
132	132	linear	3	7	0	cold	0.0	0	0
132	132	linear	3	7	0	warm	2.3963182857540375e-77	0	0
132	132	linear	3	15	0	cold	0.0	0	0
132	132	linear	3	15	0	warm	0.0	0	0
132	132	linear	3	23	0	cold	0.0	0	0
132	132	linear	3	23	0	warm	4.6570063354795814e-76	0	0
132	132	linear	4	0	0	cold	0.0	0	0
132	132	linear	4	0	0	warm	0.0	0	0
132	132	linear	4	7	0	cold	0.0	0	0
132	132	linear	4	7	0	warm	2.70964060639207e-73	0	0
132	132	linear	4	15	0	cold	0.0	0	0
132	132	linear	4	15	0	warm	2.1105711968337183e-71	0	0
132	132	linear	4	23	0	cold	0.0	0	0
132	132	linear	4	23	0	warm	1.6169334281977977e-71	0	0
132	132	uniform	0	0	0	cold	0.0	0	0
132	132	uniform	0	0	0	warm	0.0	0	0
132	132	uniform	0	7	0	cold	0.0	0	0
132	132	uniform	0	7	0	warm	1.0037801055360043e-77	0	0
132	132	uniform	0	15	0	cold	0.0	0	0
132	132	uniform	0	15	0	warm	4.0079781531556875e-76	0	0
132	132	uniform	0	23	0	cold	0.0	0	0
132	132	uniform	0	23	0	warm	7.821268502250255e-75	0	0
132	132	uniform	1	0	0	cold	0.0	0	0
132	132	uniform	1	0	0	warm	0.0	0	0
132	132	uniform	1	7	0	cold	0.0	0	0
132	132	uniform	1	7	0	warm	5.512919020817991e-64	0	0
132	132	uniform	1	15	0	cold	0.0	0	0
132	132	uniform	1	15	0	warm	4.291551453812877e-65	0	0
132	132	uniform	1	23	0	cold	0.0	0	0
132	132	uniform	1	23	0	warm	6.541803241644423e-67	0	0
132	132	uniform	2	0	0	cold	0.0	0	0
132	132	uniform	2	0	0	warm	0.0	0	0
132	132	uniform	2	7	0	cold	0.0	0	0
132	132	uniform	2	7	0	warm	0.0	0	0
132	132	uniform	2	15	0	cold	0.0	0	0
132	132	uniform	2	15	0	warm	4.594446471854358e-71	0	0
132	132	uniform	2	23	0	cold	0.0	0	0
132	132	uniform	2	23	0	warm	9.585549251177254e-75	0	0
132	132	uniform	3	0	0	cold	0.0	0	0
132	132	uniform	3	0	0	warm	0.0	0	0
132	132	uniform	3	7	0	cold	0.0	0	0
132	132	uniform	3	7	0	warm	2.3963182857540375e-77	0	0
132	132	uniform	3	15	0	cold	0.0	0	0
132	132	uniform	3	15	0	warm	0.0	0	0
132	132	uniform	3	23	0	cold	0.0	0	0
132	132	uniform	3	23	0	warm	4.6570063354795814e-76	0	0
132	132	uniform	4	0	0	cold	0.0	0	0
132	132	uniform	4	0	0	warm	0.0	0	0
132	132	uniform	4	7	0	cold	0.0	0	0
132	132	uniform	4	7	0	warm	2.70964060639207e-73	0	0
132	132	uniform	4	15	0	cold	0.0	0	0
132	132	uniform	4	15	0	warm	2.1105711968337183e-71	0	0
132	132	uniform	4	23	0	cold	0.0	0	0
132	132	uniform	4	23	0	warm	1.6169334281977977e-71	0	0
133	133	linear	0	0	0	cold	0.0	0	0
133	133	linear	0	0	0	warm	0.0	0	0
133	133	linear	0	7	0	cold	0.0	0	0
133	133	linear	0	7	0	warm	1.9480607149317793e-69	0	0
133	133	linear	0	15	0	cold	0.0	0	0
133	133	linear	0	15	0	warm	1.2227720001596828e-67	0	0
133	133	linear	0	23	0	cold	0.0	0	0
133	133	linear	0	23	0	warm	1.9145242048086133e-65	0	0
133	133	linear	1	0	0	cold	0.0	0	0
133	133	linear	1	0	0	warm	0.0	0	0
133	133	linear	1	7	0	cold	0.0	0	0
133	133	linear	1	7	0	warm	0.0	0	0
133	133	linear	1	15	0	cold	0.0	0	0
133	133	linear	1	15	0	warm	0.0	0	0
133	133	linear	1	23	0	cold	0.0	0	0
133	133	linear	1	23	0	warm	0.0	0	0
133	133	linear	2	0	0	cold	0.0	0	0
133	133	linear	2	0	0	warm	0.0	0	0
133	133	linear	2	7	0	cold	0.0	0	0
133	133	linear	2	7	0	warm	3.0760805864135093e-63	0	0
133	133	linear	2	15	0	cold	0.0	0	0
133	133	linear	2	15	0	warm	3.476018881857244e-63	0	0
133	133	linear	2	23	0	cold	0.0	0	0
133	133	linear	2	23	0	warm	1.7515873705118127e-61	0	0
133	133	linear	3	0	0	cold	0.0	0	0
133	133	linear	3	0	0	warm	0.0	0	0
133	133	linear	3	7	0	cold	0.0	0	0
133	133	linear	3	7	0	warm	1.6870373280616925e-62	0	0
133	133	linear	3	15	0	cold	0.0	0	0
133	133	linear	3	15	0	warm	5.177729596756296e-65	0	0
133	133	linear	3	23	0	cold	0.0	0	0
133	133	linear	3	23	0	warm	1.832683036361647e-63	0	0
133	133	linear	4	0	0	cold	0.0	0	0
133	133	linear	4	0	0	warm	0.0	0	0
133	133	linear	4	7	0	cold	0.0	0	0
133	133	linear	4	7	0	warm	0.0	0	0
133	133	linear	4	15	0	cold	0.0	0	0
133	133	linear	4	15	0	warm	0.0	0	0
133	133	linear	4	23	0	cold	0.0	0	0
133	133	linear	4	23	0	warm	0.0	0	0
133	133	uniform	0	0	0	cold	0.0	0	0
133	133	uniform	0	0	0	warm	0.0	0	0
133	133	uniform	0	7	0	cold	0.0	0	0
133	133	uniform	0	7	0	warm	1.9480607149317793e-69	0	0
133	133	uniform	0	15	0	cold	0.0	0	0
133	133	uniform	0	15	0	warm	1.2227720001596828e-67	0	0
133	133	uniform	0	23	0	cold	0.0	0	0
133	133	uniform	0	23	0	warm	1.9145242048086133e-65	0	0
133	133	uniform	1	0	0	cold	0.0	0	0
133	133	uniform	1	0	0	warm	0.0	0	0
133	133	uniform	1	7	0	cold	0.0	0	0
133	133	uniform	1	7	0	warm	0.0	0	0
133	133	uniform	1	15	0	cold	0.0	0	0
133	133	uniform	1	15	0	warm	0.0	0	0
133	133	uniform	1	23	0	cold	0.0	0	0
133	133	uniform	1	23	0	warm	0.0	0	0
133	133	uniform	2	0	0	cold	0.0	0	0
133	133	uniform	2	0	0	warm	0.0	0	0
133	133	uniform	2	7	0	cold	0.0	0	0
133	133	uniform	2	7	0	warm	3.0760805864135093e-63	0	0
133	133	uniform	2	15	0	cold	0.0	0	0
133	133	uniform	2	15	0	warm	3.476018881857244e-63	0	0
133	133	uniform	2	23	0	cold	0.0	0	0
133	133	uniform	2	23	0	warm	1.7515873705118127e-61	0	0
133	133	uniform	3	0	0	cold	0.0	0	0
133	133	uniform	3	0	0	warm	0.0	0	0
133	133	uniform	3	7	0	cold	0.0	0	0
133	133	uniform	3	7	0	warm	1.6870373280616925e-62	0	0
133	133	uniform	3	15	0	cold	0.0	0	0
133	133	uniform	3	15	0	warm	5.177729596756296e-65	0	0
133	133	uniform	3	23	0	cold	0.0	0	0
133	133	uniform	3	23	0	warm	1.832683036361647e-63	0	0
133	133	uniform	4	0	0	cold	0.0	0	0
133	133	uniform	4	0	0	warm	0.0	0	0
133	133	uniform	4	7	0	cold	0.0	0	0
133	133	uniform	4	7	0	warm	0.0	0	0
133	133	uniform	4	15	0	cold	0.0	0	0
133	133	uniform	4	15	0	warm	0.0	0	0
133	133	uniform	4	23	0	cold	0.0	0	0
133	133	uniform	4	23	0	warm	0.0	0	0
134	134	linear	0	0	0	cold	0.0	0	0
134	134	linear	0	0	0	warm	0.0	0	0
134	134	linear	0	7	0	cold	0.0	0	0
134	134	linear	0	7	0	warm	0.0	0	0
134	134	linear	0	15	0	cold	0.0	0	0
134	134	linear	0	15	0	warm	0.0	0	0
134	134	linear	0	23	0	cold	0.0	0	0
134	134	linear	0	23	0	warm	0.0	0	0
134	134	linear	1	0	0	cold	0.0	0	0
134	134	linear	1	0	0	warm	0.0	0	0
134	134	linear	1	7	0	cold	0.0	0	0
134	134	linear	1	7	0	warm	1.8632019559967598e-69	0	0
134	134	linear	1	15	0	cold	0.0	0	0
134	134	linear	1	15	0	warm	9.57016766301785e-69	0	0
134	134	linear	1	23	0	cold	0.0	0	0
134	134	linear	1	23	0	warm	1.544443739849376e-70	0	0
134	134	linear	2	0	0	cold	0.0	0	0
134	134	linear	2	0	0	warm	0.0	0	0
134	134	linear	2	7	0	cold	0.0	0	0
134	134	linear	2	7	0	warm	1.1507174627942842e-68	0	0
134	134	linear	2	15	0	cold	0.0	0	0
134	134	linear	2	15	0	warm	1.3912197078048204e-69	0	0
134	134	linear	2	23	0	cold	0.0	0	0
134	134	linear	2	23	0	warm	1.02220633635593e-62	0	0
134	134	linear	3	0	0	cold	0.0	0	0
134	134	linear	3	0	0	warm	0.0	0	0
134	134	linear	3	7	0	cold	0.0	0	0
134	134	linear	3	7	0	warm	1.8369642918140534e-71	0	0
134	134	linear	3	15	0	cold	0.0	0	0
134	134	linear	3	15	0	warm	4.027767001336068e-73	0	0
134	134	linear	3	23	0	cold	0.0	0	0
134	134	linear	3	23	0	warm	2.1229630100255222e-70	0	0
134	134	linear	4	0	0	cold	0.0	0	0
134	134	linear	4	0	0	warm	0.0	0	0
134	134	linear	4	7	0	cold	0.0	0	0
134	134	linear	4	7	0	warm	4.337228091245685e-65	0	0
134	134	linear	4	15	0	cold	0.0	0	0
134	134	linear	4	15	0	warm	1.4497933102164382e-65	0	0
134	134	linear	4	23	0	cold	0.0	0	0
134	134	linear	4	23	0	warm	2.922969210530086e-67	0	0
134	134	uniform	0	0	0	cold	0.0	0	0
134	134	uniform	0	0	0	warm	0.0	0	0
134	134	uniform	0	7	0	cold	0.0	0	0
134	134	uniform	0	7	0	warm	0.0	0	0
134	134	uniform	0	15	0	cold	0.0	0	0
134	134	uniform	0	15	0	warm	0.0	0	0
134	134	uniform	0	23	0	cold	0.0	0	0
134	134	uniform	0	23	0	warm	0.0	0	0
134	134	uniform	1	0	0	cold	0.0	0	0
134	134	uniform	1	0	0	warm	0.0	0	0
134	134	uniform	1	7	0	cold	0.0	0	0
134	134	uniform	1	7	0	warm	1.8632019559967598e-69	0	0
134	134	uniform	1	15	0	cold	0.0	0	0
134	134	uniform	1	15	0	warm	9.57016766301785e-69	0	0
134	134	uniform	1	23	0	cold	0.0	0	0
134	134	uniform	1	23	0	warm	1.544443739849376e-70	0	0
134	134	uniform	2	0	0	cold	0.0	0	0
134	134	uniform	2	0	0	warm	0.0	0	0
134	134	uniform	2	7	0	cold	0.0	0	0
134	134	uniform	2	7	0	warm	1.1507174627942842e-68	0	0
134	134	uniform	2	15	0	cold	0.0	0	0
134	134	uniform	2	15	0	warm	1.3912197078048204e-69	0	0
134	134	uniform	2	23	0	cold	0.0	0	0
134	134	uniform	2	23	0	warm	1.02220633635593e-62	0	0
134	134	uniform	3	0	0	cold	0.0	0	0
134	134	uniform	3	0	0	warm	0.0	0	0
134	134	uniform	3	7	0	cold	0.0	0	0
134	134	uniform	3	7	0	warm	1.8369642918140534e-71	0	0
134	134	uniform	3	15	0	cold	0.0	0	0
134	134	uniform	3	15	0	warm	4.027767001336068e-73	0	0
134	134	uniform	3	23	0	cold	0.0	0	0
134	134	uniform	3	23	0	warm	2.1229630100255222e-70	0	0
134	134	uniform	4	0	0	cold	0.0	0	0
134	134	uniform	4	0	0	warm	0.0	0	0
134	134	uniform	4	7	0	cold	0.0	0	0
134	134	uniform	4	7	0	warm	4.337228091245685e-65	0	0
134	134	uniform	4	15	0	cold	0.0	0	0
134	134	uniform	4	15	0	warm	1.4497933102164382e-65	0	0
134	134	uniform	4	23	0	cold	0.0	0	0
134	134	uniform	4	23	0	warm	2.922969210530086e-67	0	0
135	135	linear	0	0	0	cold	0.0	0	0
135	135	linear	0	0	0	warm	0.0	0	0
135	135	linear	0	7	0	cold	0.0	0	0
135	135	linear	0	7	0	warm	4.386772051690268e-56	0	0
135	135	linear	0	15	0	cold	0.0	0	0
135	135	linear	0	15	0	warm	1.0569067079613367e-40	0	0
135	135	linear	0	23	0	cold	0.0	0	0
135	135	linear	0	23	0	warm	2.0347218055480556e-43	0	0
135	135	linear	1	0	0	cold	0.0	0	0
135	135	linear	1	0	0	warm	0.0	0	0
135	135	linear	1	7	0	cold	0.0	0	0
135	135	linear	1	7	0	warm	7.397432021943492e-57	0	0
135	135	linear	1	15	0	cold	0.0	0	0
135	135	linear	1	15	0	warm	4.320638548029985e-57	0	0
135	135	linear	1	23	0	cold	0.0	0	0
135	135	linear	1	23	0	warm	6.62046092724976e-58	0	0
135	135	linear	2	0	0	cold	0.0	0	0
135	135	linear	2	0	0	warm	0.0	0	0
135	135	linear	2	7	0	cold	0.0	0	0
135	135	linear	2	7	0	warm	4.88626036467093e-64	0	0
135	135	linear	2	15	0	cold	0.0	0	0
135	135	linear	2	15	0	warm	4.179099524024672e-65	0	0
135	135	linear	2	23	0	cold	0.0	0	0
135	135	linear	2	23	0	warm	3.1867362840215675e-65	0	0
135	135	linear	3	0	0	cold	0.0	0	0
135	135	linear	3	0	0	warm	0.0	0	0
135	135	linear	3	7	0	cold	0.0	0	0
135	135	linear	3	7	0	warm	6.706565683194597e-54	0	0
135	135	linear	3	15	0	cold	0.0	0	0
135	135	linear	3	15	0	warm	6.379437329637747e-57	0	0
135	135	linear	3	23	0	cold	0.0	0	0
135	135	linear	3	23	0	warm	2.3799430269991875e-53	0	0
135	135	linear	4	0	0	cold	0.0	0	0
135	135	linear	4	0	0	warm	0.0	0	0
135	135	linear	4	7	0	cold	0.0	0	0
135	135	linear	4	7	0	warm	7.743687089628681e-61	0	0
135	135	linear	4	15	0	cold	0.0	0	0
135	135	linear	4	15	0	warm	1.4048558233087943e-61	0	0
135	135	linear	4	23	0	cold	0.0	0	0
135	135	linear	4	23	0	warm	2.1151174657255337e-61	0	0
135	135	uniform	0	0	0	cold	0.0	0	0
135	135	uniform	0	0	0	warm	0.0	0	0
135	135	uniform	0	7	0	cold	0.0	0	0
135	135	uniform	0	7	0	warm	4.386772051690268e-56	0	0
135	135	uniform	0	15	0	cold	0.0	0	0
135	135	uniform	0	15	0	warm	1.0569067079613367e-40	0	0
135	135	uniform	0	23	0	cold	0.0	0	0
135	135	uniform	0	23	0	warm	2.0347218055480556e-43	0	0
135	135	uniform	1	0	0	cold	0.0	0	0
135	135	uniform	1	0	0	warm	0.0	0	0
135	135	uniform	1	7	0	cold	0.0	0	0
135	135	uniform	1	7	0	warm	7.397432021943492e-57	0	0
135	135	uniform	1	15	0	cold	0.0	0	0
135	135	uniform	1	15	0	warm	4.320638548029985e-57	0	0
135	135	uniform	1	23	0	cold	0.0	0	0
135	135	uniform	1	23	0	warm	6.62046092724976e-58	0	0
135	135	uniform	2	0	0	cold	0.0	0	0
135	135	uniform	2	0	0	warm	0.0	0	0
135	135	uniform	2	7	0	cold	0.0	0	0
135	135	uniform	2	7	0	warm	4.88626036467093e-64	0	0
135	135	uniform	2	15	0	cold	0.0	0	0
135	135	uniform	2	15	0	warm	4.179099524024672e-65	0	0
135	135	uniform	2	23	0	cold	0.0	0	0
135	135	uniform	2	23	0	warm	3.1867362840215675e-65	0	0
135	135	uniform	3	0	0	cold	0.0	0	0
135	135	uniform	3	0	0	warm	0.0	0	0
135	135	uniform	3	7	0	cold	0.0	0	0
135	135	uniform	3	7	0	warm	6.706565683194597e-54	0	0
135	135	uniform	3	15	0	cold	0.0	0	0
135	135	uniform	3	15	0	warm	6.379437329637747e-57	0	0
135	135	uniform	3	23	0	cold	0.0	0	0
135	135	uniform	3	23	0	warm	2.3799430269991875e-53	0	0
135	135	uniform	4	0	0	cold	0.0	0	0
135	135	uniform	4	0	0	warm	0.0	0	0
135	135	uniform	4	7	0	cold	0.0	0	0
135	135	uniform	4	7	0	warm	7.743687089628681e-61	0	0
135	135	uniform	4	15	0	cold	0.0	0	0
135	135	uniform	4	15	0	warm	1.4048558233087943e-61	0	0
135	135	uniform	4	23	0	cold	0.0	0	0
135	135	uniform	4	23	0	warm	2.1151174657255337e-61	0	0
136	136	linear	0	0	0	cold	0.0	0	0
136	136	linear	0	0	0	warm	0.0	0	0
136	136	linear	0	7	0	cold	0.0	0	0
136	136	linear	0	7	0	warm	7.604586193629713e-72	0	0
136	136	linear	0	15	0	cold	0.0	0	0
136	136	linear	0	15	0	warm	2.432641969433085e-70	0	0
136	136	linear	0	23	0	cold	0.0	0	0
136	136	linear	0	23	0	warm	1.65805648158582e-72	0	0
136	136	linear	1	0	0	cold	0.0	0	0
136	136	linear	1	0	0	warm	0.0	0	0
136	136	linear	1	7	0	cold	0.0	0	0
136	136	linear	1	7	0	warm	2.2092738828532321e-72	0	0
136	136	linear	1	15	0	cold	0.0	0	0
136	136	linear	1	15	0	warm	2.4735456259533953e-70	0	0
136	136	linear	1	23	0	cold	0.0	0	0
136	136	linear	1	23	0	warm	5.519429356001262e-72	0	0
136	136	linear	2	0	0	cold	0.0	0	0
136	136	linear	2	0	0	warm	0.0	0	0
136	136	linear	2	7	0	cold	0.0	0	0
136	136	linear	2	7	0	warm	1.7052181138175055e-61	0	0
136	136	linear	2	15	0	cold	0.0	0	0
136	136	linear	2	15	0	warm	1.6645626014126994e-61	0	0
136	136	linear	2	23	0	cold	0.0	0	0
136	136	linear	2	23	0	warm	1.2400481207176682e-61	0	0
136	136	linear	3	0	0	cold	0.0	0	0
136	136	linear	3	0	0	warm	0.0	0	0
136	136	linear	3	7	0	cold	0.0	0	0
136	136	linear	3	7	0	warm	1.3774705284660036e-73	0	0
136	136	linear	3	15	0	cold	0.0	0	0
136	136	linear	3	15	0	warm	6.0654965937986585e-77	0	0
136	136	linear	3	23	0	cold	0.0	0	0
136	136	linear	3	23	0	warm	6.8858695994416034e-74	0	0
136	136	linear	4	0	0	cold	0.0	0	0
136	136	linear	4	0	0	warm	0.0	0	0
136	136	linear	4	7	0	cold	0.0	0	0
136	136	linear	4	7	0	warm	2.2551201668287786e-61	0	0
136	136	linear	4	15	0	cold	0.0	0	0
136	136	linear	4	15	0	warm	1.8747875034946317e-61	0	0
136	136	linear	4	23	0	cold	0.0	0	0
136	136	linear	4	23	0	warm	3.3852664201626843e-60	0	0
136	136	uniform	0	0	0	cold	0.0	0	0
136	136	uniform	0	0	0	warm	0.0	0	0
136	136	uniform	0	7	0	cold	0.0	0	0
136	136	uniform	0	7	0	warm	7.604586193629713e-72	0	0
136	136	uniform	0	15	0	cold	0.0	0	0
136	136	uniform	0	15	0	warm	2.432641969433085e-70	0	0
136	136	uniform	0	23	0	cold	0.0	0	0
136	136	uniform	0	23	0	warm	1.65805648158582e-72	0	0
136	136	uniform	1	0	0	cold	0.0	0	0
136	136	uniform	1	0	0	warm	0.0	0	0
136	136	uniform	1	7	0	cold	0.0	0	0
136	136	uniform	1	7	0	warm	2.2092738828532321e-72	0	0
136	136	uniform	1	15	0	cold	0.0	0	0
136	136	uniform	1	15	0	warm	2.4735456259533953e-70	0	0
136	136	uniform	1	23	0	cold	0.0	0	0
136	136	uniform	1	23	0	warm	5.519429356001262e-72	0	0
136	136	uniform	2	0	0	cold	0.0	0	0
136	136	uniform	2	0	0	warm	0.0	0	0
136	136	uniform	2	7	0	cold	0.0	0	0
136	136	uniform	2	7	0	warm	1.7052181138175055e-61	0	0
136	136	uniform	2	15	0	cold	0.0	0	0
136	136	uniform	2	15	0	warm	1.6645626014126994e-61	0	0
136	136	uniform	2	23	0	cold	0.0	0	0
136	136	uniform	2	23	0	warm	1.2400481207176682e-61	0	0
136	136	uniform	3	0	0	cold	0.0	0	0
136	136	uniform	3	0	0	warm	0.0	0	0
136	136	uniform	3	7	0	cold	0.0	0	0
136	136	uniform	3	7	0	warm	1.3774705284660036e-73	0	0
136	136	uniform	3	15	0	cold	0.0	0	0
136	136	uniform	3	15	0	warm	6.0654965937986585e-77	0	0
136	136	uniform	3	23	0	cold	0.0	0	0
136	136	uniform	3	23	0	warm	6.8858695994416034e-74	0	0
136	136	uniform	4	0	0	cold	0.0	0	0
136	136	uniform	4	0	0	warm	0.0	0	0
136	136	uniform	4	7	0	cold	0.0	0	0
136	136	uniform	4	7	0	warm	2.2551201668287786e-61	0	0
136	136	uniform	4	15	0	cold	0.0	0	0
136	136	uniform	4	15	0	warm	1.8747875034946317e-61	0	0
136	136	uniform	4	23	0	cold	0.0	0	0
136	136	uniform	4	23	0	warm	3.3852664201626843e-60	0	0
137	137	linear	0	0	0	cold	0.0	0	0
137	137	linear	0	0	0	warm	0.0	0	0
137	137	linear	0	7	0	cold	0.0	0	0
137	137	linear	0	7	0	warm	5.229214952630511e-60	0	0
137	137	linear	0	15	0	cold	0.0	0	0
137	137	linear	0	15	0	warm	1.2967241369281487e-60	0	0
137	137	linear	0	23	0	cold	0.0	0	0
137	137	linear	0	23	0	warm	2.1548787339444425e-60	0	0
137	137	linear	1	0	0	cold	0.0	0	0
137	137	linear	1	0	0	warm	0.0	0	0
137	137	linear	1	7	0	cold	0.0	0	0
137	137	linear	1	7	0	warm	1.3807987522799743e-50	0	0
137	137	linear	1	15	0	cold	0.0	0	0
137	137	linear	1	15	0	warm	1.4354843770118684e-52	0	0
137	137	linear	1	23	0	cold	0.0	0	0
137	137	linear	1	23	0	warm	2.0704929285321274e-54	0	0
137	137	linear	2	0	0	cold	0.0	0	0
137	137	linear	2	0	0	warm	0.0	0	0
137	137	linear	2	7	0	cold	0.0	0	0
137	137	linear	2	7	0	warm	6.2674618934589e-60	0	0
137	137	linear	2	15	0	cold	0.0	0	0
137	137	linear	2	15	0	warm	2.606443268724749e-60	0	0
137	137	linear	2	23	0	cold	0.0	0	0
137	137	linear	2	23	0	warm	5.2315940696653e-63	0	0
137	137	linear	3	0	0	cold	0.0	0	0
137	137	linear	3	0	0	warm	0.0	0	0
137	137	linear	3	7	0	cold	0.0	0	0
137	137	linear	3	7	0	warm	4.601669956195062e-48	0	0
137	137	linear	3	15	0	cold	0.0	0	0
137	137	linear	3	15	0	warm	1.6395984632708227e-51	0	0
137	137	linear	3	23	0	cold	0.0	0	0
137	137	linear	3	23	0	warm	6.444201531288207e-51	0	0
137	137	linear	4	0	0	cold	0.0	0	0
137	137	linear	4	0	0	warm	0.0	0	0
137	137	linear	4	7	0	cold	0.0	0	0
137	137	linear	4	7	0	warm	4.243678450142448e-62	0	0
137	137	linear	4	15	0	cold	0.0	0	0
137	137	linear	4	15	0	warm	2.0634491456515423e-63	0	0
137	137	linear	4	23	0	cold	0.0	0	0
137	137	linear	4	23	0	warm	4.088312686597994e-61	0	0
137	137	uniform	0	0	0	cold	0.0	0	0
137	137	uniform	0	0	0	warm	0.0	0	0
137	137	uniform	0	7	0	cold	0.0	0	0
137	137	uniform	0	7	0	warm	5.229214952630511e-60	0	0
137	137	uniform	0	15	0	cold	0.0	0	0
137	137	uniform	0	15	0	warm	1.2967241369281487e-60	0	0
137	137	uniform	0	23	0	cold	0.0	0	0
137	137	uniform	0	23	0	warm	2.1548787339444425e-60	0	0
137	137	uniform	1	0	0	cold	0.0	0	0
137	137	uniform	1	0	0	warm	0.0	0	0
137	137	uniform	1	7	0	cold	0.0	0	0
137	137	uniform	1	7	0	warm	1.3807987522799743e-50	0	0
137	137	uniform	1	15	0	cold	0.0	0	0
137	137	uniform	1	15	0	warm	1.4354843770118684e-52	0	0
137	137	uniform	1	23	0	cold	0.0	0	0
137	137	uniform	1	23	0	warm	2.0704929285321274e-54	0	0
137	137	uniform	2	0	0	cold	0.0	0	0
137	137	uniform	2	0	0	warm	0.0	0	0
137	137	uniform	2	7	0	cold	0.0	0	0
137	137	uniform	2	7	0	warm	6.2674618934589e-60	0	0
137	137	uniform	2	15	0	cold	0.0	0	0
137	137	uniform	2	15	0	warm	2.606443268724749e-60	0	0
137	137	uniform	2	23	0	cold	0.0	0	0
137	137	uniform	2	23	0	warm	5.2315940696653e-63	0	0
137	137	uniform	3	0	0	cold	0.0	0	0
137	137	uniform	3	0	0	warm	0.0	0	0
137	137	uniform	3	7	0	cold	0.0	0	0
137	137	uniform	3	7	0	warm	4.601669956195062e-48	0	0
137	137	uniform	3	15	0	cold	0.0	0	0
137	137	uniform	3	15	0	warm	1.6395984632708227e-51	0	0
137	137	uniform	3	23	0	cold	0.0	0	0
137	137	uniform	3	23	0	warm	6.444201531288207e-51	0	0
137	137	uniform	4	0	0	cold	0.0	0	0
137	137	uniform	4	0	0	warm	0.0	0	0
137	137	uniform	4	7	0	cold	0.0	0	0
137	137	uniform	4	7	0	warm	4.243678450142448e-62	0	0
137	137	uniform	4	15	0	cold	0.0	0	0
137	137	uniform	4	15	0	warm	2.0634491456515423e-63	0	0
137	137	uniform	4	23	0	cold	0.0	0	0
137	137	uniform	4	23	0	warm	4.088312686597994e-61	0	0
138	138	linear	0	0	0	cold	0.0	0	0
138	138	linear	0	0	0	warm	0.0	0	0
138	138	linear	0	7	0	cold	0.0	0	0
138	138	linear	0	7	0	warm	1.0228671110387066e-32	0	0
138	138	linear	0	15	0	cold	0.0	0	0
138	138	linear	0	15	0	warm	9.981394361918872e-43	0	0
138	138	linear	0	23	0	cold	0.0	0	0
138	138	linear	0	23	0	warm	6.842166551578621e-33	0	0
138	138	linear	1	0	0	cold	0.0	0	0
138	138	linear	1	0	0	warm	0.0	0	0
138	138	linear	1	7	0	cold	0.0	0	0
138	138	linear	1	7	0	warm	3.694591906361533e-51	0	0
138	138	linear	1	15	0	cold	0.0	0	0
138	138	linear	1	15	0	warm	1.3917142174659292e-48	0	0
138	138	linear	1	23	0	cold	0.0	0	0
138	138	linear	1	23	0	warm	3.298680682867572e-67	0	0
138	138	linear	2	0	0	cold	0.0	0	0
138	138	linear	2	0	0	warm	0.0	0	0
138	138	linear	2	7	0	cold	0.0	0	0
138	138	linear	2	7	0	warm	4.00122511323382e-48	0	0
138	138	linear	2	15	0	cold	0.0	0	0
138	138	linear	2	15	0	warm	1.6832478470599745e-71	0	0
138	138	linear	2	23	0	cold	0.0	0	0
138	138	linear	2	23	0	warm	2.275694895004274e-59	0	0
138	138	linear	3	0	0	cold	0.0	0	0
138	138	linear	3	0	0	warm	0.0	0	0
138	138	linear	3	7	0	cold	0.0	0	0
138	138	linear	3	7	0	warm	2.146278899629237e-66	0	0
138	138	linear	3	15	0	cold	0.0	0	0
138	138	linear	3	15	0	warm	2.2357013294125087e-63	0	0
138	138	linear	3	23	0	cold	0.0	0	0
138	138	linear	3	23	0	warm	2.8187524344236507e-64	0	0
138	138	linear	4	0	0	cold	0.0	0	0
138	138	linear	4	0	0	warm	0.0	0	0
138	138	linear	4	7	0	cold	0.0	0	0
138	138	linear	4	7	0	warm	9.633200023181658e-17	0	0
138	138	linear	4	15	0	cold	0.0	0	0
138	138	linear	4	15	0	warm	1.0132745252055605e-34	0	0
138	138	linear	4	23	0	cold	0.0	0	0
138	138	linear	4	23	0	warm	3.472480944247288e-42	0	0
138	138	uniform	0	0	0	cold	0.0	0	0
138	138	uniform	0	0	0	warm	0.0	0	0
138	138	uniform	0	7	0	cold	0.0	0	0
138	138	uniform	0	7	0	warm	1.0228671110387066e-32	0	0
138	138	uniform	0	15	0	cold	0.0	0	0
138	138	uniform	0	15	0	warm	9.981394361918872e-43	0	0
138	138	uniform	0	23	0	cold	0.0	0	0
138	138	uniform	0	23	0	warm	6.842166551578621e-33	0	0
138	138	uniform	1	0	0	cold	0.0	0	0
138	138	uniform	1	0	0	warm	0.0	0	0
138	138	uniform	1	7	0	cold	0.0	0	0
138	138	uniform	1	7	0	warm	3.694591906361533e-51	0	0
138	138	uniform	1	15	0	cold	0.0	0	0
138	138	uniform	1	15	0	warm	1.3917142174659292e-48	0	0
138	138	uniform	1	23	0	cold	0.0	0	0
138	138	uniform	1	23	0	warm	3.298680682867572e-67	0	0
138	138	uniform	2	0	0	cold	0.0	0	0
138	138	uniform	2	0	0	warm	0.0	0	0
138	138	uniform	2	7	0	cold	0.0	0	0
138	138	uniform	2	7	0	warm	4.00122511323382e-48	0	0
138	138	uniform	2	15	0	cold	0.0	0	0
138	138	uniform	2	15	0	warm	1.6832478470599745e-71	0	0
138	138	uniform	2	23	0	cold	0.0	0	0
138	138	uniform	2	23	0	warm	2.275694895004274e-59	0	0
138	138	uniform	3	0	0	cold	0.0	0	0
138	138	uniform	3	0	0	warm	0.0	0	0
138	138	uniform	3	7	0	cold	0.0	0	0
138	138	uniform	3	7	0	warm	2.146278899629237e-66	0	0
138	138	uniform	3	15	0	cold	0.0	0	0
138	138	uniform	3	15	0	warm	2.2357013294125087e-63	0	0
138	138	uniform	3	23	0	cold	0.0	0	0
138	138	uniform	3	23	0	warm	2.8187524344236507e-64	0	0
138	138	uniform	4	0	0	cold	0.0	0	0
138	138	uniform	4	0	0	warm	0.0	0	0
138	138	uniform	4	7	0	cold	0.0	0	0
138	138	uniform	4	7	0	warm	9.633200023181658e-17	0	0
138	138	uniform	4	15	0	cold	0.0	0	0
138	138	uniform	4	15	0	warm	1.0132745252055605e-34	0	0
138	138	uniform	4	23	0	cold	0.0	0	0
138	138	uniform	4	23	0	warm	3.472480944247288e-42	0	0
139	139	linear	0	0	0	cold	0.0	0	0
139	139	linear	0	0	0	warm	0.0	0	0
139	139	linear	0	7	0	cold	0.0	0	0
139	139	linear	0	7	0	warm	3.451187217210734e-72	0	0
139	139	linear	0	15	0	cold	0.0	0	0
139	139	linear	0	15	0	warm	4.725778285581656e-71	0	0
139	139	linear	0	23	0	cold	0.0	0	0
139	139	linear	0	23	0	warm	5.339799638843889e-49	0	0
139	139	linear	1	0	0	cold	0.0	0	0
139	139	linear	1	0	0	warm	0.0	0	0
139	139	linear	1	7	0	cold	0.0	0	0
139	139	linear	1	7	0	warm	4.606914943401236e-39	0	0
139	139	linear	1	15	0	cold	0.0	0	0
139	139	linear	1	15	0	warm	4.401904014466029e-43	0	0
139	139	linear	1	23	0	cold	0.0	0	0
139	139	linear	1	23	0	warm	4.107909147826883e-53	0	0
139	139	linear	2	0	0	cold	0.0	0	0
139	139	linear	2	0	0	warm	0.0	0	0
139	139	linear	2	7	0	cold	0.0	0	0
139	139	linear	2	7	0	warm	5.159083044972362e-50	0	0
139	139	linear	2	15	0	cold	0.0	0	0
139	139	linear	2	15	0	warm	6.614158045686738e-49	0	0
139	139	linear	2	23	0	cold	0.0	0	0
139	139	linear	2	23	0	warm	8.07395885248926e-73	0	0
139	139	linear	3	0	0	cold	0.0	0	0
139	139	linear	3	0	0	warm	0.0	0	0
139	139	linear	3	7	0	cold	0.0	0	0
139	139	linear	3	7	0	warm	2.3426739755469602e-49	0	0
139	139	linear	3	15	0	cold	0.0	0	0
139	139	linear	3	15	0	warm	2.691775697633508e-47	0	0
139	139	linear	3	23	0	cold	0.0	0	0
139	139	linear	3	23	0	warm	1.6685890196718826e-39	0	0
139	139	linear	4	0	0	cold	0.0	0	0
139	139	linear	4	0	0	warm	0.0	0	0
139	139	linear	4	7	0	cold	0.0	0	0
139	139	linear	4	7	0	warm	4.4218508559776844e-69	0	0
139	139	linear	4	15	0	cold	0.0	0	0
139	139	linear	4	15	0	warm	4.540133109076322e-71	0	0
139	139	linear	4	23	0	cold	0.0	0	0
139	139	linear	4	23	0	warm	4.844096301843139e-70	0	0
139	139	uniform	0	0	0	cold	0.0	0	0
139	139	uniform	0	0	0	warm	0.0	0	0
139	139	uniform	0	7	0	cold	0.0	0	0
139	139	uniform	0	7	0	warm	3.451187217210734e-72	0	0
139	139	uniform	0	15	0	cold	0.0	0	0
139	139	uniform	0	15	0	warm	4.725778285581656e-71	0	0
139	139	uniform	0	23	0	cold	0.0	0	0
139	139	uniform	0	23	0	warm	5.339799638843889e-49	0	0
139	139	uniform	1	0	0	cold	0.0	0	0
139	139	uniform	1	0	0	warm	0.0	0	0
139	139	uniform	1	7	0	cold	0.0	0	0
139	139	uniform	1	7	0	warm	4.606914943401236e-39	0	0
139	139	uniform	1	15	0	cold	0.0	0	0
139	139	uniform	1	15	0	warm	4.401904014466029e-43	0	0
139	139	uniform	1	23	0	cold	0.0	0	0
139	139	uniform	1	23	0	warm	4.107909147826883e-53	0	0
139	139	uniform	2	0	0	cold	0.0	0	0
139	139	uniform	2	0	0	warm	0.0	0	0
139	139	uniform	2	7	0	cold	0.0	0	0
139	139	uniform	2	7	0	warm	5.159083044972362e-50	0	0
139	139	uniform	2	15	0	cold	0.0	0	0
139	139	uniform	2	15	0	warm	6.614158045686738e-49	0	0
139	139	uniform	2	23	0	cold	0.0	0	0
139	139	uniform	2	23	0	warm	8.07395885248926e-73	0	0
139	139	uniform	3	0	0	cold	0.0	0	0
139	139	uniform	3	0	0	warm	0.0	0	0
139	139	uniform	3	7	0	cold	0.0	0	0
139	139	uniform	3	7	0	warm	2.3426739755469602e-49	0	0
139	139	uniform	3	15	0	cold	0.0	0	0
139	139	uniform	3	15	0	warm	2.691775697633508e-47	0	0
139	139	uniform	3	23	0	cold	0.0	0	0
139	139	uniform	3	23	0	warm	1.6685890196718826e-39	0	0
139	139	uniform	4	0	0	cold	0.0	0	0
139	139	uniform	4	0	0	warm	0.0	0	0
139	139	uniform	4	7	0	cold	0.0	0	0
139	139	uniform	4	7	0	warm	4.4218508559776844e-69	0	0
139	139	uniform	4	15	0	cold	0.0	0	0
139	139	uniform	4	15	0	warm	4.540133109076322e-71	0	0
139	139	uniform	4	23	0	cold	0.0	0	0
139	139	uniform	4	23	0	warm	4.844096301843139e-70	0	0
140	140	linear	0	0	0	cold	0.0	0	0
140	140	linear	0	0	0	warm	0.0	0	0
140	140	linear	0	7	0	cold	0.0	0	0
140	140	linear	0	7	0	warm	2.7149227284558004e-72	0	0
140	140	linear	0	15	0	cold	0.0	0	0
140	140	linear	0	15	0	warm	3.9481245965806893e-70	0	0
140	140	linear	0	23	0	cold	0.0	0	0
140	140	linear	0	23	0	warm	5.612163816054985e-69	0	0
140	140	linear	1	0	0	cold	0.0	0	0
140	140	linear	1	0	0	warm	0.0	0	0
140	140	linear	1	7	0	cold	0.0	0	0
140	140	linear	1	7	0	warm	0.0	0	0
140	140	linear	1	15	0	cold	0.0	0	0
140	140	linear	1	15	0	warm	1.6721727064074123e-73	0	0
140	140	linear	1	23	0	cold	0.0	0	0
140	140	linear	1	23	0	warm	4.851734769158455e-72	0	0
140	140	linear	2	0	0	cold	0.0	0	0
140	140	linear	2	0	0	warm	0.0	0	0
140	140	linear	2	7	0	cold	0.0	0	0
140	140	linear	2	7	0	warm	7.275847722073789e-69	0	0
140	140	linear	2	15	0	cold	0.0	0	0
140	140	linear	2	15	0	warm	2.6168451712846487e-68	0	0
140	140	linear	2	23	0	cold	0.0	0	0
140	140	linear	2	23	0	warm	4.920195992842582e-68	0	0
140	140	linear	3	0	0	cold	0.0	0	0
140	140	linear	3	0	0	warm	0.0	0	0
140	140	linear	3	7	0	cold	0.0	0	0
140	140	linear	3	7	0	warm	9.612134202324824e-69	0	0
140	140	linear	3	15	0	cold	0.0	0	0
140	140	linear	3	15	0	warm	5.1720156816149846e-70	0	0
140	140	linear	3	23	0	cold	0.0	0	0
140	140	linear	3	23	0	warm	2.731395939887363e-69	0	0
140	140	linear	4	0	0	cold	0.0	0	0
140	140	linear	4	0	0	warm	0.0	0	0
140	140	linear	4	7	0	cold	0.0	0	0
140	140	linear	4	7	0	warm	3.328373211414096e-70	0	0
140	140	linear	4	15	0	cold	0.0	0	0
140	140	linear	4	15	0	warm	5.746308018818671e-65	0	0
140	140	linear	4	23	0	cold	0.0	0	0
140	140	linear	4	23	0	warm	1.0326970113555709e-62	0	0
140	140	uniform	0	0	0	cold	0.0	0	0
140	140	uniform	0	0	0	warm	0.0	0	0
140	140	uniform	0	7	0	cold	0.0	0	0
140	140	uniform	0	7	0	warm	2.7149227284558004e-72	0	0
140	140	uniform	0	15	0	cold	0.0	0	0
140	140	uniform	0	15	0	warm	3.9481245965806893e-70	0	0
140	140	uniform	0	23	0	cold	0.0	0	0
140	140	uniform	0	23	0	warm	5.612163816054985e-69	0	0
140	140	uniform	1	0	0	cold	0.0	0	0
140	140	uniform	1	0	0	warm	0.0	0	0
140	140	uniform	1	7	0	cold	0.0	0	0
140	140	uniform	1	7	0	warm	0.0	0	0
140	140	uniform	1	15	0	cold	0.0	0	0
140	140	uniform	1	15	0	warm	1.6721727064074123e-73	0	0
140	140	uniform	1	23	0	cold	0.0	0	0
140	140	uniform	1	23	0	warm	4.851734769158455e-72	0	0
140	140	uniform	2	0	0	cold	0.0	0	0
140	140	uniform	2	0	0	warm	0.0	0	0
140	140	uniform	2	7	0	cold	0.0	0	0
140	140	uniform	2	7	0	warm	7.275847722073789e-69	0	0
140	140	uniform	2	15	0	cold	0.0	0	0
140	140	uniform	2	15	0	warm	2.6168451712846487e-68	0	0
140	140	uniform	2	23	0	cold	0.0	0	0
140	140	uniform	2	23	0	warm	4.920195992842582e-68	0	0
140	140	uniform	3	0	0	cold	0.0	0	0
140	140	uniform	3	0	0	warm	0.0	0	0
140	140	uniform	3	7	0	cold	0.0	0	0
140	140	uniform	3	7	0	warm	9.612134202324824e-69	0	0
140	140	uniform	3	15	0	cold	0.0	0	0
140	140	uniform	3	15	0	warm	5.1720156816149846e-70	0	0
140	140	uniform	3	23	0	cold	0.0	0	0
140	140	uniform	3	23	0	warm	2.731395939887363e-69	0	0
140	140	uniform	4	0	0	cold	0.0	0	0
140	140	uniform	4	0	0	warm	0.0	0	0
140	140	uniform	4	7	0	cold	0.0	0	0
140	140	uniform	4	7	0	warm	3.328373211414096e-70	0	0
140	140	uniform	4	15	0	cold	0.0	0	0
140	140	uniform	4	15	0	warm	5.746308018818671e-65	0	0
140	140	uniform	4	23	0	cold	0.0	0	0
140	140	uniform	4	23	0	warm	1.0326970113555709e-62	0	0
141	141	linear	0	0	0	cold	0.0	0	0
141	141	linear	0	0	0	warm	0.0	0	0
141	141	linear	0	7	0	cold	0.0	0	0
141	141	linear	0	7	0	warm	2.8391263691204603e-46	0	0
141	141	linear	0	15	0	cold	0.0	0	0
141	141	linear	0	15	0	warm	9.930189064282166e-47	0	0
141	141	linear	0	23	0	cold	0.0	0	0
141	141	linear	0	23	0	warm	4.0703685789685285e-48	0	0
141	141	linear	1	0	0	cold	0.0	0	0
141	141	linear	1	0	0	warm	0.0	0	0
141	141	linear	1	7	0	cold	0.0	0	0
141	141	linear	1	7	0	warm	4.387264606143869e-39	0	0
141	141	linear	1	15	0	cold	0.0	0	0
141	141	linear	1	15	0	warm	1.4252117360403019e-42	0	0
141	141	linear	1	23	0	cold	0.0	0	0
141	141	linear	1	23	0	warm	2.3510923204344055e-43	0	0
141	141	linear	2	0	0	cold	0.0	0	0
141	141	linear	2	0	0	warm	0.0	0	0
141	141	linear	2	7	0	cold	0.0	0	0
141	141	linear	2	7	0	warm	3.697531692137736e-46	0	0
141	141	linear	2	15	0	cold	0.0	0	0
141	141	linear	2	15	0	warm	4.974966995693976e-39	0	0
141	141	linear	2	23	0	cold	0.0	0	0
141	141	linear	2	23	0	warm	5.16172476071767e-47	0	0
141	141	linear	3	0	0	cold	0.0	0	0
141	141	linear	3	0	0	warm	0.0	0	0
141	141	linear	3	7	0	cold	0.0	0	0
141	141	linear	3	7	0	warm	3.1159826403153684e-49	0	0
141	141	linear	3	15	0	cold	0.0	0	0
141	141	linear	3	15	0	warm	1.404642946389499e-50	0	0
141	141	linear	3	23	0	cold	0.0	0	0
141	141	linear	3	23	0	warm	2.1103914004357194e-48	0	0
141	141	linear	4	0	0	cold	0.0	0	0
141	141	linear	4	0	0	warm	0.0	0	0
141	141	linear	4	7	0	cold	0.0	0	0
141	141	linear	4	7	0	warm	4.322819730862972e-52	0	0
141	141	linear	4	15	0	cold	0.0	0	0
141	141	linear	4	15	0	warm	1.1318611246311894e-52	0	0
141	141	linear	4	23	0	cold	0.0	0	0
141	141	linear	4	23	0	warm	3.9345539857720276e-52	0	0
141	141	uniform	0	0	0	cold	0.0	0	0
141	141	uniform	0	0	0	warm	0.0	0	0
141	141	uniform	0	7	0	cold	0.0	0	0
141	141	uniform	0	7	0	warm	2.8391263691204603e-46	0	0
141	141	uniform	0	15	0	cold	0.0	0	0
141	141	uniform	0	15	0	warm	9.930189064282166e-47	0	0
141	141	uniform	0	23	0	cold	0.0	0	0
141	141	uniform	0	23	0	warm	4.0703685789685285e-48	0	0
141	141	uniform	1	0	0	cold	0.0	0	0
141	141	uniform	1	0	0	warm	0.0	0	0
141	141	uniform	1	7	0	cold	0.0	0	0
141	141	uniform	1	7	0	warm	4.387264606143869e-39	0	0
141	141	uniform	1	15	0	cold	0.0	0	0
141	141	uniform	1	15	0	warm	1.4252117360403019e-42	0	0
141	141	uniform	1	23	0	cold	0.0	0	0
141	141	uniform	1	23	0	warm	2.3510923204344055e-43	0	0
141	141	uniform	2	0	0	cold	0.0	0	0
141	141	uniform	2	0	0	warm	0.0	0	0
141	141	uniform	2	7	0	cold	0.0	0	0
141	141	uniform	2	7	0	warm	3.697531692137736e-46	0	0
141	141	uniform	2	15	0	cold	0.0	0	0
141	141	uniform	2	15	0	warm	4.974966995693976e-39	0	0
141	141	uniform	2	23	0	cold	0.0	0	0
141	141	uniform	2	23	0	warm	5.16172476071767e-47	0	0
141	141	uniform	3	0	0	cold	0.0	0	0
141	141	uniform	3	0	0	warm	0.0	0	0
141	141	uniform	3	7	0	cold	0.0	0	0
141	141	uniform	3	7	0	warm	3.1159826403153684e-49	0	0
141	141	uniform	3	15	0	cold	0.0	0	0
141	141	uniform	3	15	0	warm	1.404642946389499e-50	0	0
141	141	uniform	3	23	0	cold	0.0	0	0
141	141	uniform	3	23	0	warm	2.1103914004357194e-48	0	0
141	141	uniform	4	0	0	cold	0.0	0	0
141	141	uniform	4	0	0	warm	0.0	0	0
141	141	uniform	4	7	0	cold	0.0	0	0
141	141	uniform	4	7	0	warm	4.322819730862972e-52	0	0
141	141	uniform	4	15	0	cold	0.0	0	0
141	141	uniform	4	15	0	warm	1.1318611246311894e-52	0	0
141	141	uniform	4	23	0	cold	0.0	0	0
141	141	uniform	4	23	0	warm	3.9345539857720276e-52	0	0
142	142	linear	0	0	0	cold	0.0	0	0
142	142	linear	0	0	0	warm	0.0	0	0
142	142	linear	0	7	0	cold	0.0	0	0
142	142	linear	0	7	0	warm	0.0	0	0
142	142	linear	0	15	0	cold	0.0	0	0
142	142	linear	0	15	0	warm	0.0	0	0
142	142	linear	0	23	0	cold	0.0	0	0
142	142	linear	0	23	0	warm	0.0	0	0
142	142	linear	1	0	0	cold	0.0	0	0
142	142	linear	1	0	0	warm	0.0	0	0
142	142	linear	1	7	0	cold	0.0	0	0
142	142	linear	1	7	0	warm	1.3495664136871616e-61	0	0
142	142	linear	1	15	0	cold	0.0	0	0
142	142	linear	1	15	0	warm	1.1336592559849576e-62	0	0
142	142	linear	1	23	0	cold	0.0	0	0
142	142	linear	1	23	0	warm	2.2675615336360186e-61	0	0
142	142	linear	2	0	0	cold	0.0	0	0
142	142	linear	2	0	0	warm	0.0	0	0
142	142	linear	2	7	0	cold	0.0	0	0
142	142	linear	2	7	0	warm	2.6312432111922833e-58	0	0
142	142	linear	2	15	0	cold	0.0	0	0
142	142	linear	2	15	0	warm	9.052171872877695e-60	0	0
142	142	linear	2	23	0	cold	0.0	0	0
142	142	linear	2	23	0	warm	2.054400986243642e-59	0	0
142	142	linear	3	0	0	cold	0.0	0	0
142	142	linear	3	0	0	warm	0.0	0	0
142	142	linear	3	7	0	cold	0.0	0	0
142	142	linear	3	7	0	warm	1.2780022642062287e-61	0	0
142	142	linear	3	15	0	cold	0.0	0	0
142	142	linear	3	15	0	warm	8.255510729565625e-62	0	0
142	142	linear	3	23	0	cold	0.0	0	0
142	142	linear	3	23	0	warm	8.55687253956875e-62	0	0
142	142	linear	4	0	0	cold	0.0	0	0
142	142	linear	4	0	0	warm	0.0	0	0
142	142	linear	4	7	0	cold	0.0	0	0
142	142	linear	4	7	0	warm	3.661534264537847e-65	0	0
142	142	linear	4	15	0	cold	0.0	0	0
142	142	linear	4	15	0	warm	5.165090879852008e-65	0	0
142	142	linear	4	23	0	cold	0.0	0	0
142	142	linear	4	23	0	warm	2.3711526730857427e-69	0	0
142	142	uniform	0	0	0	cold	0.0	0	0
142	142	uniform	0	0	0	warm	0.0	0	0
142	142	uniform	0	7	0	cold	0.0	0	0
142	142	uniform	0	7	0	warm	0.0	0	0
142	142	uniform	0	15	0	cold	0.0	0	0
142	142	uniform	0	15	0	warm	0.0	0	0
142	142	uniform	0	23	0	cold	0.0	0	0
142	142	uniform	0	23	0	warm	0.0	0	0
142	142	uniform	1	0	0	cold	0.0	0	0
142	142	uniform	1	0	0	warm	0.0	0	0
142	142	uniform	1	7	0	cold	0.0	0	0
142	142	uniform	1	7	0	warm	1.3495664136871616e-61	0	0
142	142	uniform	1	15	0	cold	0.0	0	0
142	142	uniform	1	15	0	warm	1.1336592559849576e-62	0	0
142	142	uniform	1	23	0	cold	0.0	0	0
142	142	uniform	1	23	0	warm	2.2675615336360186e-61	0	0
142	142	uniform	2	0	0	cold	0.0	0	0
142	142	uniform	2	0	0	warm	0.0	0	0
142	142	uniform	2	7	0	cold	0.0	0	0
142	142	uniform	2	7	0	warm	2.6312432111922833e-58	0	0
142	142	uniform	2	15	0	cold	0.0	0	0
142	142	uniform	2	15	0	warm	9.052171872877695e-60	0	0
142	142	uniform	2	23	0	cold	0.0	0	0
142	142	uniform	2	23	0	warm	2.054400986243642e-59	0	0
142	142	uniform	3	0	0	cold	0.0	0	0
142	142	uniform	3	0	0	warm	0.0	0	0
142	142	uniform	3	7	0	cold	0.0	0	0
142	142	uniform	3	7	0	warm	1.2780022642062287e-61	0	0
142	142	uniform	3	15	0	cold	0.0	0	0
142	142	uniform	3	15	0	warm	8.255510729565625e-62	0	0
142	142	uniform	3	23	0	cold	0.0	0	0
142	142	uniform	3	23	0	warm	8.55687253956875e-62	0	0
142	142	uniform	4	0	0	cold	0.0	0	0
142	142	uniform	4	0	0	warm	0.0	0	0
142	142	uniform	4	7	0	cold	0.0	0	0
142	142	uniform	4	7	0	warm	3.661534264537847e-65	0	0
142	142	uniform	4	15	0	cold	0.0	0	0
142	142	uniform	4	15	0	warm	5.165090879852008e-65	0	0
142	142	uniform	4	23	0	cold	0.0	0	0
142	142	uniform	4	23	0	warm	2.3711526730857427e-69	0	0
143	143	linear	0	0	0	cold	0.0	0	0
143	143	linear	0	0	0	warm	0.0	0	0
143	143	linear	0	7	0	cold	0.0	0	0
143	143	linear	0	7	0	warm	5.882364923367262e-41	0	0
143	143	linear	0	15	0	cold	0.0	0	0
143	143	linear	0	15	0	warm	4.728510978252575e-41	0	0
143	143	linear	0	23	0	cold	0.0	0	0
143	143	linear	0	23	0	warm	1.4584962171880414e-43	0	0
143	143	linear	1	0	0	cold	0.0	0	0
143	143	linear	1	0	0	warm	0.0	0	0
143	143	linear	1	7	0	cold	0.0	0	0
143	143	linear	1	7	0	warm	2.7604847805742622e-42	0	0
143	143	linear	1	15	0	cold	0.0	0	0
143	143	linear	1	15	0	warm	8.78769710811836e-43	0	0
143	143	linear	1	23	0	cold	0.0	0	0
143	143	linear	1	23	0	warm	8.836666943359135e-43	0	0
143	143	linear	2	0	0	cold	0.0	0	0
143	143	linear	2	0	0	warm	0.0	0	0
143	143	linear	2	7	0	cold	0.0	0	0
143	143	linear	2	7	0	warm	1.1211425047235938e-56	0	0
143	143	linear	2	15	0	cold	0.0	0	0
143	143	linear	2	15	0	warm	6.874022287211576e-60	0	0
143	143	linear	2	23	0	cold	0.0	0	0
143	143	linear	2	23	0	warm	3.0968572604645154e-58	0	0
143	143	linear	3	0	0	cold	0.0	0	0
143	143	linear	3	0	0	warm	0.0	0	0
143	143	linear	3	7	0	cold	0.0	0	0
143	143	linear	3	7	0	warm	1.107816419324413e-43	0	0
143	143	linear	3	15	0	cold	0.0	0	0
143	143	linear	3	15	0	warm	2.5152021627083555e-45	0	0
143	143	linear	3	23	0	cold	0.0	0	0
143	143	linear	3	23	0	warm	5.94739457251941e-44	0	0
143	143	linear	4	0	0	cold	0.0	0	0
143	143	linear	4	0	0	warm	0.0	0	0
143	143	linear	4	7	0	cold	0.0	0	0
143	143	linear	4	7	0	warm	3.565125615057505e-60	0	0
143	143	linear	4	15	0	cold	0.0	0	0
143	143	linear	4	15	0	warm	2.4518600733308485e-61	0	0
143	143	linear	4	23	0	cold	0.0	0	0
143	143	linear	4	23	0	warm	6.162147401142942e-61	0	0
143	143	uniform	0	0	0	cold	0.0	0	0
143	143	uniform	0	0	0	warm	0.0	0	0
143	143	uniform	0	7	0	cold	0.0	0	0
143	143	uniform	0	7	0	warm	5.882364923367262e-41	0	0
143	143	uniform	0	15	0	cold	0.0	0	0
143	143	uniform	0	15	0	warm	4.728510978252575e-41	0	0
143	143	uniform	0	23	0	cold	0.0	0	0
143	143	uniform	0	23	0	warm	1.4584962171880414e-43	0	0
143	143	uniform	1	0	0	cold	0.0	0	0
143	143	uniform	1	0	0	warm	0.0	0	0
143	143	uniform	1	7	0	cold	0.0	0	0
143	143	uniform	1	7	0	warm	2.7604847805742622e-42	0	0
143	143	uniform	1	15	0	cold	0.0	0	0
143	143	uniform	1	15	0	warm	8.78769710811836e-43	0	0
143	143	uniform	1	23	0	cold	0.0	0	0
143	143	uniform	1	23	0	warm	8.836666943359135e-43	0	0
143	143	uniform	2	0	0	cold	0.0	0	0
143	143	uniform	2	0	0	warm	0.0	0	0
143	143	uniform	2	7	0	cold	0.0	0	0
143	143	uniform	2	7	0	warm	1.1211425047235938e-56	0	0
143	143	uniform	2	15	0	cold	0.0	0	0
143	143	uniform	2	15	0	warm	6.874022287211576e-60	0	0
143	143	uniform	2	23	0	cold	0.0	0	0
143	143	uniform	2	23	0	warm	3.0968572604645154e-58	0	0
143	143	uniform	3	0	0	cold	0.0	0	0
143	143	uniform	3	0	0	warm	0.0	0	0
143	143	uniform	3	7	0	cold	0.0	0	0
143	143	uniform	3	7	0	warm	1.107816419324413e-43	0	0
143	143	uniform	3	15	0	cold	0.0	0	0
143	143	uniform	3	15	0	warm	2.5152021627083555e-45	0	0
143	143	uniform	3	23	0	cold	0.0	0	0
143	143	uniform	3	23	0	warm	5.94739457251941e-44	0	0
143	143	uniform	4	0	0	cold	0.0	0	0
143	143	uniform	4	0	0	warm	0.0	0	0
143	143	uniform	4	7	0	cold	0.0	0	0
143	143	uniform	4	7	0	warm	3.565125615057505e-60	0	0
143	143	uniform	4	15	0	cold	0.0	0	0
143	143	uniform	4	15	0	warm	2.4518600733308485e-61	0	0
143	143	uniform	4	23	0	cold	0.0	0	0
143	143	uniform	4	23	0	warm	6.162147401142942e-61	0	0
144	144	linear	0	0	0	cold	0.0	0	0
144	144	linear	0	0	0	warm	0.0	0	0
144	144	linear	0	7	0	cold	0.0	0	0
144	144	linear	0	7	0	warm	0.0	0	0
144	144	linear	0	15	0	cold	0.0	0	0
144	144	linear	0	15	0	warm	0.0	0	0
144	144	linear	0	23	0	cold	0.0	0	0
144	144	linear	0	23	0	warm	0.0	0	0
144	144	linear	1	0	0	cold	0.0	0	0
144	144	linear	1	0	0	warm	0.0	0	0
144	144	linear	1	7	0	cold	0.0	0	0
144	144	linear	1	7	0	warm	2.325926205370889e-63	0	0
144	144	linear	1	15	0	cold	0.0	0	0
144	144	linear	1	15	0	warm	4.2413110514602633e-63	0	0
144	144	linear	1	23	0	cold	0.0	0	0
144	144	linear	1	23	0	warm	6.313631370098375e-64	0	0
144	144	linear	2	0	0	cold	0.0	0	0
144	144	linear	2	0	0	warm	0.0	0	0
144	144	linear	2	7	0	cold	0.0	0	0
144	144	linear	2	7	0	warm	0.0	0	0
144	144	linear	2	15	0	cold	0.0	0	0
144	144	linear	2	15	0	warm	3.8412266564006464e-70	0	0
144	144	linear	2	23	0	cold	0.0	0	0
144	144	linear	2	23	0	warm	9.583601886484405e-72	0	0
144	144	linear	3	0	0	cold	0.0	0	0
144	144	linear	3	0	0	warm	0.0	0	0
144	144	linear	3	7	0	cold	0.0	0	0
144	144	linear	3	7	0	warm	2.8205774491316683e-65	0	0
144	144	linear	3	15	0	cold	0.0	0	0
144	144	linear	3	15	0	warm	1.6159584865646993e-66	0	0
144	144	linear	3	23	0	cold	0.0	0	0
144	144	linear	3	23	0	warm	1.6615875948464733e-64	0	0
144	144	linear	4	0	0	cold	0.0	0	0
144	144	linear	4	0	0	warm	0.0	0	0
144	144	linear	4	7	0	cold	0.0	0	0
144	144	linear	4	7	0	warm	1.1739324220664704e-63	0	0
144	144	linear	4	15	0	cold	0.0	0	0
144	144	linear	4	15	0	warm	6.839745490179568e-66	0	0
144	144	linear	4	23	0	cold	0.0	0	0
144	144	linear	4	23	0	warm	6.343677840680866e-65	0	0
144	144	uniform	0	0	0	cold	0.0	0	0
144	144	uniform	0	0	0	warm	0.0	0	0
144	144	uniform	0	7	0	cold	0.0	0	0
144	144	uniform	0	7	0	warm	0.0	0	0
144	144	uniform	0	15	0	cold	0.0	0	0
144	144	uniform	0	15	0	warm	0.0	0	0
144	144	uniform	0	23	0	cold	0.0	0	0
144	144	uniform	0	23	0	warm	0.0	0	0
144	144	uniform	1	0	0	cold	0.0	0	0
144	144	uniform	1	0	0	warm	0.0	0	0
144	144	uniform	1	7	0	cold	0.0	0	0
144	144	uniform	1	7	0	warm	2.325926205370889e-63	0	0
144	144	uniform	1	15	0	cold	0.0	0	0
144	144	uniform	1	15	0	warm	4.2413110514602633e-63	0	0
144	144	uniform	1	23	0	cold	0.0	0	0
144	144	uniform	1	23	0	warm	6.313631370098375e-64	0	0
144	144	uniform	2	0	0	cold	0.0	0	0
144	144	uniform	2	0	0	warm	0.0	0	0
144	144	uniform	2	7	0	cold	0.0	0	0
144	144	uniform	2	7	0	warm	0.0	0	0
144	144	uniform	2	15	0	cold	0.0	0	0
144	144	uniform	2	15	0	warm	3.8412266564006464e-70	0	0
144	144	uniform	2	23	0	cold	0.0	0	0
144	144	uniform	2	23	0	warm	9.583601886484405e-72	0	0
144	144	uniform	3	0	0	cold	0.0	0	0
144	144	uniform	3	0	0	warm	0.0	0	0
144	144	uniform	3	7	0	cold	0.0	0	0
144	144	uniform	3	7	0	warm	2.8205774491316683e-65	0	0
144	144	uniform	3	15	0	cold	0.0	0	0
144	144	uniform	3	15	0	warm	1.6159584865646993e-66	0	0
144	144	uniform	3	23	0	cold	0.0	0	0
144	144	uniform	3	23	0	warm	1.6615875948464733e-64	0	0
144	144	uniform	4	0	0	cold	0.0	0	0
144	144	uniform	4	0	0	warm	0.0	0	0
144	144	uniform	4	7	0	cold	0.0	0	0
144	144	uniform	4	7	0	warm	1.1739324220664704e-63	0	0
144	144	uniform	4	15	0	cold	0.0	0	0
144	144	uniform	4	15	0	warm	6.839745490179568e-66	0	0
144	144	uniform	4	23	0	cold	0.0	0	0
144	144	uniform	4	23	0	warm	6.343677840680866e-65	0	0
145	145	linear	0	0	0	cold	0.0	0	0
145	145	linear	0	0	0	warm	0.0	0	0
145	145	linear	0	7	0	cold	0.0	0	0
145	145	linear	0	7	0	warm	1.6836733534102418e-54	0	0
145	145	linear	0	15	0	cold	0.0	0	0
145	145	linear	0	15	0	warm	4.976643361206422e-46	0	0
145	145	linear	0	23	0	cold	0.0	0	0
145	145	linear	0	23	0	warm	7.751620998325372e-54	0	0
145	145	linear	1	0	0	cold	0.0	0	0
145	145	linear	1	0	0	warm	0.0	0	0
145	145	linear	1	7	0	cold	0.0	0	0
145	145	linear	1	7	0	warm	1.4534688449890378e-57	0	0
145	145	linear	1	15	0	cold	0.0	0	0
145	145	linear	1	15	0	warm	2.753236275075703e-53	0	0
145	145	linear	1	23	0	cold	0.0	0	0
145	145	linear	1	23	0	warm	5.602526840284473e-54	0	0
145	145	linear	2	0	0	cold	0.0	0	0
145	145	linear	2	0	0	warm	0.0	0	0
145	145	linear	2	7	0	cold	0.0	0	0
145	145	linear	2	7	0	warm	4.3228365459152004e-58	0	0
145	145	linear	2	15	0	cold	0.0	0	0
145	145	linear	2	15	0	warm	5.432315876410597e-57	0	0
145	145	linear	2	23	0	cold	0.0	0	0
145	145	linear	2	23	0	warm	3.3761871774728305e-53	0	0
145	145	linear	3	0	0	cold	0.0	0	0
145	145	linear	3	0	0	warm	0.0	0	0
145	145	linear	3	7	0	cold	0.0	0	0
145	145	linear	3	7	0	warm	3.2108872426882384e-61	0	0
145	145	linear	3	15	0	cold	0.0	0	0
145	145	linear	3	15	0	warm	3.903433256080971e-62	0	0
145	145	linear	3	23	0	cold	0.0	0	0
145	145	linear	3	23	0	warm	1.1571995830352122e-61	0	0
145	145	linear	4	0	0	cold	0.0	0	0
145	145	linear	4	0	0	warm	0.0	0	0
145	145	linear	4	7	0	cold	0.0	0	0
145	145	linear	4	7	0	warm	1.9824476028057402e-61	0	0
145	145	linear	4	15	0	cold	0.0	0	0
145	145	linear	4	15	0	warm	1.2548961985588758e-60	0	0
145	145	linear	4	23	0	cold	0.0	0	0
145	145	linear	4	23	0	warm	1.8266263411123616e-60	0	0
145	145	uniform	0	0	0	cold	0.0	0	0
145	145	uniform	0	0	0	warm	0.0	0	0
145	145	uniform	0	7	0	cold	0.0	0	0
145	145	uniform	0	7	0	warm	1.6836733534102418e-54	0	0
145	145	uniform	0	15	0	cold	0.0	0	0
145	145	uniform	0	15	0	warm	4.976643361206422e-46	0	0
145	145	uniform	0	23	0	cold	0.0	0	0
145	145	uniform	0	23	0	warm	7.751620998325372e-54	0	0
145	145	uniform	1	0	0	cold	0.0	0	0
145	145	uniform	1	0	0	warm	0.0	0	0
145	145	uniform	1	7	0	cold	0.0	0	0
145	145	uniform	1	7	0	warm	1.4534688449890378e-57	0	0
145	145	uniform	1	15	0	cold	0.0	0	0
145	145	uniform	1	15	0	warm	2.753236275075703e-53	0	0
145	145	uniform	1	23	0	cold	0.0	0	0
145	145	uniform	1	23	0	warm	5.602526840284473e-54	0	0
145	145	uniform	2	0	0	cold	0.0	0	0
145	145	uniform	2	0	0	warm	0.0	0	0
145	145	uniform	2	7	0	cold	0.0	0	0
145	145	uniform	2	7	0	warm	4.3228365459152004e-58	0	0
145	145	uniform	2	15	0	cold	0.0	0	0
145	145	uniform	2	15	0	warm	5.432315876410597e-57	0	0
145	145	uniform	2	23	0	cold	0.0	0	0
145	145	uniform	2	23	0	warm	3.3761871774728305e-53	0	0
145	145	uniform	3	0	0	cold	0.0	0	0
145	145	uniform	3	0	0	warm	0.0	0	0
145	145	uniform	3	7	0	cold	0.0	0	0
145	145	uniform	3	7	0	warm	3.2108872426882384e-61	0	0
145	145	uniform	3	15	0	cold	0.0	0	0
145	145	uniform	3	15	0	warm	3.903433256080971e-62	0	0
145	145	uniform	3	23	0	cold	0.0	0	0
145	145	uniform	3	23	0	warm	1.1571995830352122e-61	0	0
145	145	uniform	4	0	0	cold	0.0	0	0
145	145	uniform	4	0	0	warm	0.0	0	0
145	145	uniform	4	7	0	cold	0.0	0	0
145	145	uniform	4	7	0	warm	1.9824476028057402e-61	0	0
145	145	uniform	4	15	0	cold	0.0	0	0
145	145	uniform	4	15	0	warm	1.2548961985588758e-60	0	0
145	145	uniform	4	23	0	cold	0.0	0	0
145	145	uniform	4	23	0	warm	1.8266263411123616e-60	0	0
146	146	linear	0	0	0	cold	0.0	0	0
146	146	linear	0	0	0	warm	0.0	0	0
146	146	linear	0	7	0	cold	0.0	0	0
146	146	linear	0	7	0	warm	2.154900520050926e-43	0	0
146	146	linear	0	15	0	cold	0.0	0	0
146	146	linear	0	15	0	warm	1.2671309863549395e-36	0	0
146	146	linear	0	23	0	cold	0.0	0	0
146	146	linear	0	23	0	warm	2.850965759023813e-39	0	0
146	146	linear	1	0	0	cold	0.0	0	0
146	146	linear	1	0	0	warm	0.0	0	0
146	146	linear	1	7	0	cold	0.0	0	0
146	146	linear	1	7	0	warm	8.217993681282566e-43	0	0
146	146	linear	1	15	0	cold	0.0	0	0
146	146	linear	1	15	0	warm	1.9952570196358416e-48	0	0
146	146	linear	1	23	0	cold	0.0	0	0
146	146	linear	1	23	0	warm	2.2171015802454825e-45	0	0
146	146	linear	2	0	0	cold	0.0	0	0
146	146	linear	2	0	0	warm	0.0	0	0
146	146	linear	2	7	0	cold	0.0	0	0
146	146	linear	2	7	0	warm	1.300898655842489e-41	0	0
146	146	linear	2	15	0	cold	0.0	0	0
146	146	linear	2	15	0	warm	1.1728869122581378e-50	0	0
146	146	linear	2	23	0	cold	0.0	0	0
146	146	linear	2	23	0	warm	2.926665662290068e-73	0	0
146	146	linear	3	0	0	cold	0.0	0	0
146	146	linear	3	0	0	warm	0.0	0	0
146	146	linear	3	7	0	cold	0.0	0	0
146	146	linear	3	7	0	warm	2.497043739163968e-56	0	0
146	146	linear	3	15	0	cold	0.0	0	0
146	146	linear	3	15	0	warm	3.07104626084666e-58	0	0
146	146	linear	3	23	0	cold	0.0	0	0
146	146	linear	3	23	0	warm	2.1311997480165635e-56	0	0
146	146	linear	4	0	0	cold	0.0	0	0
146	146	linear	4	0	0	warm	0.0	0	0
146	146	linear	4	7	0	cold	0.0	0	0
146	146	linear	4	7	0	warm	2.8962056082343905e-58	0	0
146	146	linear	4	15	0	cold	0.0	0	0
146	146	linear	4	15	0	warm	7.44079679541039e-44	0	0
146	146	linear	4	23	0	cold	0.0	0	0
146	146	linear	4	23	0	warm	1.4541532536563924e-49	0	0
146	146	uniform	0	0	0	cold	0.0	0	0
146	146	uniform	0	0	0	warm	0.0	0	0
146	146	uniform	0	7	0	cold	0.0	0	0
146	146	uniform	0	7	0	warm	2.154900520050926e-43	0	0
146	146	uniform	0	15	0	cold	0.0	0	0
146	146	uniform	0	15	0	warm	1.2671309863549395e-36	0	0
146	146	uniform	0	23	0	cold	0.0	0	0
146	146	uniform	0	23	0	warm	2.850965759023813e-39	0	0
146	146	uniform	1	0	0	cold	0.0	0	0
146	146	uniform	1	0	0	warm	0.0	0	0
146	146	uniform	1	7	0	cold	0.0	0	0
146	146	uniform	1	7	0	warm	8.217993681282566e-43	0	0
146	146	uniform	1	15	0	cold	0.0	0	0
146	146	uniform	1	15	0	warm	1.9952570196358416e-48	0	0
146	146	uniform	1	23	0	cold	0.0	0	0
146	146	uniform	1	23	0	warm	2.2171015802454825e-45	0	0
146	146	uniform	2	0	0	cold	0.0	0	0
146	146	uniform	2	0	0	warm	0.0	0	0
146	146	uniform	2	7	0	cold	0.0	0	0
146	146	uniform	2	7	0	warm	1.300898655842489e-41	0	0
146	146	uniform	2	15	0	cold	0.0	0	0
146	146	uniform	2	15	0	warm	1.1728869122581378e-50	0	0
146	146	uniform	2	23	0	cold	0.0	0	0
146	146	uniform	2	23	0	warm	2.926665662290068e-73	0	0
146	146	uniform	3	0	0	cold	0.0	0	0
146	146	uniform	3	0	0	warm	0.0	0	0
146	146	uniform	3	7	0	cold	0.0	0	0
146	146	uniform	3	7	0	warm	2.497043739163968e-56	0	0
146	146	uniform	3	15	0	cold	0.0	0	0
146	146	uniform	3	15	0	warm	3.07104626084666e-58	0	0
146	146	uniform	3	23	0	cold	0.0	0	0
146	146	uniform	3	23	0	warm	2.1311997480165635e-56	0	0
146	146	uniform	4	0	0	cold	0.0	0	0
146	146	uniform	4	0	0	warm	0.0	0	0
146	146	uniform	4	7	0	cold	0.0	0	0
146	146	uniform	4	7	0	warm	2.8962056082343905e-58	0	0
146	146	uniform	4	15	0	cold	0.0	0	0
146	146	uniform	4	15	0	warm	7.44079679541039e-44	0	0
146	146	uniform	4	23	0	cold	0.0	0	0
146	146	uniform	4	23	0	warm	1.4541532536563924e-49	0	0
147	147	linear	0	0	0	cold	0.0	0	0
147	147	linear	0	0	0	warm	0.0	0	0
147	147	linear	0	7	0	cold	0.0	0	0
147	147	linear	0	7	0	warm	0.0	0	0
147	147	linear	0	15	0	cold	0.0	0	0
147	147	linear	0	15	0	warm	6.845914665777605e-72	0	0
147	147	linear	0	23	0	cold	0.0	0	0
147	147	linear	0	23	0	warm	1.9222958795122222e-72	0	0
147	147	linear	1	0	0	cold	0.0	0	0
147	147	linear	1	0	0	warm	0.0	0	0
147	147	linear	1	7	0	cold	0.0	0	0
147	147	linear	1	7	0	warm	3.3637959735209276e-61	0	0
147	147	linear	1	15	0	cold	0.0	0	0
147	147	linear	1	15	0	warm	1.1604995889268008e-60	0	0
147	147	linear	1	23	0	cold	0.0	0	0
147	147	linear	1	23	0	warm	8.827209226154969e-61	0	0
147	147	linear	2	0	0	cold	0.0	0	0
147	147	linear	2	0	0	warm	0.0	0	0
147	147	linear	2	7	0	cold	0.0	0	0
147	147	linear	2	7	0	warm	1.4573994911645388e-60	0	0
147	147	linear	2	15	0	cold	0.0	0	0
147	147	linear	2	15	0	warm	3.629883074725978e-61	0	0
147	147	linear	2	23	0	cold	0.0	0	0
147	147	linear	2	23	0	warm	2.4662219511628995e-61	0	0
147	147	linear	3	0	0	cold	0.0	0	0
147	147	linear	3	0	0	warm	0.0	0	0
147	147	linear	3	7	0	cold	0.0	0	0
147	147	linear	3	7	0	warm	1.1393686208133509e-60	0	0
147	147	linear	3	15	0	cold	0.0	0	0
147	147	linear	3	15	0	warm	1.74933277992843e-61	0	0
147	147	linear	3	23	0	cold	0.0	0	0
147	147	linear	3	23	0	warm	5.685440413890395e-60	0	0
147	147	linear	4	0	0	cold	0.0	0	0
147	147	linear	4	0	0	warm	0.0	0	0
147	147	linear	4	7	0	cold	0.0	0	0
147	147	linear	4	7	0	warm	7.929622622845681e-62	0	0
147	147	linear	4	15	0	cold	0.0	0	0
147	147	linear	4	15	0	warm	4.6775678593967116e-63	0	0
147	147	linear	4	23	0	cold	0.0	0	0
147	147	linear	4	23	0	warm	3.0656999595184658e-61	0	0
147	147	uniform	0	0	0	cold	0.0	0	0
147	147	uniform	0	0	0	warm	0.0	0	0
147	147	uniform	0	7	0	cold	0.0	0	0
147	147	uniform	0	7	0	warm	0.0	0	0
147	147	uniform	0	15	0	cold	0.0	0	0
147	147	uniform	0	15	0	warm	6.845914665777605e-72	0	0
147	147	uniform	0	23	0	cold	0.0	0	0
147	147	uniform	0	23	0	warm	1.9222958795122222e-72	0	0
147	147	uniform	1	0	0	cold	0.0	0	0
147	147	uniform	1	0	0	warm	0.0	0	0
147	147	uniform	1	7	0	cold	0.0	0	0
147	147	uniform	1	7	0	warm	3.3637959735209276e-61	0	0
147	147	uniform	1	15	0	cold	0.0	0	0
147	147	uniform	1	15	0	warm	1.1604995889268008e-60	0	0
147	147	uniform	1	23	0	cold	0.0	0	0
147	147	uniform	1	23	0	warm	8.827209226154969e-61	0	0
147	147	uniform	2	0	0	cold	0.0	0	0
147	147	uniform	2	0	0	warm	0.0	0	0
147	147	uniform	2	7	0	cold	0.0	0	0
147	147	uniform	2	7	0	warm	1.4573994911645388e-60	0	0
147	147	uniform	2	15	0	cold	0.0	0	0
147	147	uniform	2	15	0	warm	3.629883074725978e-61	0	0
147	147	uniform	2	23	0	cold	0.0	0	0
147	147	uniform	2	23	0	warm	2.4662219511628995e-61	0	0
147	147	uniform	3	0	0	cold	0.0	0	0
147	147	uniform	3	0	0	warm	0.0	0	0
147	147	uniform	3	7	0	cold	0.0	0	0
147	147	uniform	3	7	0	warm	1.1393686208133509e-60	0	0
147	147	uniform	3	15	0	cold	0.0	0	0
147	147	uniform	3	15	0	warm	1.74933277992843e-61	0	0
147	147	uniform	3	23	0	cold	0.0	0	0
147	147	uniform	3	23	0	warm	5.685440413890395e-60	0	0
147	147	uniform	4	0	0	cold	0.0	0	0
147	147	uniform	4	0	0	warm	0.0	0	0
147	147	uniform	4	7	0	cold	0.0	0	0
147	147	uniform	4	7	0	warm	7.929622622845681e-62	0	0
147	147	uniform	4	15	0	cold	0.0	0	0
147	147	uniform	4	15	0	warm	4.6775678593967116e-63	0	0
147	147	uniform	4	23	0	cold	0.0	0	0
147	147	uniform	4	23	0	warm	3.0656999595184658e-61	0	0
148	148	linear	0	0	0	cold	0.0	0	0
148	148	linear	0	0	0	warm	0.0	0	0
148	148	linear	0	7	0	cold	0.0	0	0
148	148	linear	0	7	0	warm	0.0	0	0
148	148	linear	0	15	0	cold	0.0	0	0
148	148	linear	0	15	0	warm	0.0	0	0
148	148	linear	0	23	0	cold	0.0	0	0
148	148	linear	0	23	0	warm	0.0	0	0
148	148	linear	1	0	0	cold	0.0	0	0
148	148	linear	1	0	0	warm	0.0	0	0
148	148	linear	1	7	0	cold	0.0	0	0
148	148	linear	1	7	0	warm	0.0	0	0
148	148	linear	1	15	0	cold	0.0	0	0
148	148	linear	1	15	0	warm	0.0	0	0
148	148	linear	1	23	0	cold	0.0	0	0
148	148	linear	1	23	0	warm	0.0	0	0
148	148	linear	2	0	0	cold	0.0	0	0
148	148	linear	2	0	0	warm	0.0	0	0
148	148	linear	2	7	0	cold	0.0	0	0
148	148	linear	2	7	0	warm	0.0	0	0
148	148	linear	2	15	0	cold	0.0	0	0
148	148	linear	2	15	0	warm	0.0	0	0
148	148	linear	2	23	0	cold	0.0	0	0
148	148	linear	2	23	0	warm	0.0	0	0
148	148	linear	3	0	0	cold	0.0	0	0
148	148	linear	3	0	0	warm	0.0	0	0
148	148	linear	3	7	0	cold	0.0	0	0
148	148	linear	3	7	0	warm	0.0	0	0
148	148	linear	3	15	0	cold	0.0	0	0
148	148	linear	3	15	0	warm	0.0	0	0
148	148	linear	3	23	0	cold	0.0	0	0
148	148	linear	3	23	0	warm	0.0	0	0
148	148	linear	4	0	0	cold	0.0	0	0
148	148	linear	4	0	0	warm	0.0	0	0
148	148	linear	4	7	0	cold	0.0	0	0
148	148	linear	4	7	0	warm	0.0	0	0
148	148	linear	4	15	0	cold	0.0	0	0
148	148	linear	4	15	0	warm	0.0	0	0
148	148	linear	4	23	0	cold	0.0	0	0
148	148	linear	4	23	0	warm	0.0	0	0
148	148	uniform	0	0	0	cold	0.0	0	0
148	148	uniform	0	0	0	warm	0.0	0	0
148	148	uniform	0	7	0	cold	0.0	0	0
148	148	uniform	0	7	0	warm	0.0	0	0
148	148	uniform	0	15	0	cold	0.0	0	0
148	148	uniform	0	15	0	warm	0.0	0	0
148	148	uniform	0	23	0	cold	0.0	0	0
148	148	uniform	0	23	0	warm	0.0	0	0
148	148	uniform	1	0	0	cold	0.0	0	0
148	148	uniform	1	0	0	warm	0.0	0	0
148	148	uniform	1	7	0	cold	0.0	0	0
148	148	uniform	1	7	0	warm	0.0	0	0
148	148	uniform	1	15	0	cold	0.0	0	0
148	148	uniform	1	15	0	warm	0.0	0	0
148	148	uniform	1	23	0	cold	0.0	0	0
148	148	uniform	1	23	0	warm	0.0	0	0
148	148	uniform	2	0	0	cold	0.0	0	0
148	148	uniform	2	0	0	warm	0.0	0	0
148	148	uniform	2	7	0	cold	0.0	0	0
148	148	uniform	2	7	0	warm	0.0	0	0
148	148	uniform	2	15	0	cold	0.0	0	0
148	148	uniform	2	15	0	warm	0.0	0	0
148	148	uniform	2	23	0	cold	0.0	0	0
148	148	uniform	2	23	0	warm	0.0	0	0
148	148	uniform	3	0	0	cold	0.0	0	0
148	148	uniform	3	0	0	warm	0.0	0	0
148	148	uniform	3	7	0	cold	0.0	0	0
148	148	uniform	3	7	0	warm	0.0	0	0
148	148	uniform	3	15	0	cold	0.0	0	0
148	148	uniform	3	15	0	warm	0.0	0	0
148	148	uniform	3	23	0	cold	0.0	0	0
148	148	uniform	3	23	0	warm	0.0	0	0
148	148	uniform	4	0	0	cold	0.0	0	0
148	148	uniform	4	0	0	warm	0.0	0	0
148	148	uniform	4	7	0	cold	0.0	0	0
148	148	uniform	4	7	0	warm	0.0	0	0
148	148	uniform	4	15	0	cold	0.0	0	0
148	148	uniform	4	15	0	warm	0.0	0	0
148	148	uniform	4	23	0	cold	0.0	0	0
148	148	uniform	4	23	0	warm	0.0	0	0
149	149	linear	0	0	0	cold	0.0	0	0
149	149	linear	0	0	0	warm	0.0	0	0
149	149	linear	0	7	0	cold	0.0	0	0
149	149	linear	0	7	0	warm	7.861923927746962e-46	0	0
149	149	linear	0	15	0	cold	0.0	0	0
149	149	linear	0	15	0	warm	2.5925896831736545e-52	0	0
149	149	linear	0	23	0	cold	0.0	0	0
149	149	linear	0	23	0	warm	1.1422371662204675e-52	0	0
149	149	linear	1	0	0	cold	0.0	0	0
149	149	linear	1	0	0	warm	0.0	0	0
149	149	linear	1	7	0	cold	0.0	0	0
149	149	linear	1	7	0	warm	0.0	0	0
149	149	linear	1	15	0	cold	0.0	0	0
149	149	linear	1	15	0	warm	3.611134369891063e-15	0	0
149	149	linear	1	23	0	cold	0.0	0	0
149	149	linear	1	23	0	warm	2.209755872379835e-14	0	0
149	149	linear	2	0	0	cold	0.0	0	0
149	149	linear	2	0	0	warm	0.0	0	0
149	149	linear	2	7	0	cold	0.0	0	0
149	149	linear	2	7	0	warm	8.62222813012427e-73	0	0
149	149	linear	2	15	0	cold	0.0	0	0
149	149	linear	2	15	0	warm	6.212723444055205e-71	0	0
149	149	linear	2	23	0	cold	0.0	0	0
149	149	linear	2	23	0	warm	3.5047074497658284e-49	0	0
149	149	linear	3	0	0	cold	0.0	0	0
149	149	linear	3	0	0	warm	0.0	0	0
149	149	linear	3	7	0	cold	0.0	0	0
149	149	linear	3	7	0	warm	3.8552023194611138e-56	0	0
149	149	linear	3	15	0	cold	0.0	0	0
149	149	linear	3	15	0	warm	4.439553001660341e-37	0	0
149	149	linear	3	23	0	cold	0.0	0	0
149	149	linear	3	23	0	warm	1.7554848761927e-52	0	0
149	149	linear	4	0	0	cold	0.0	0	0
149	149	linear	4	0	0	warm	0.0	0	0
149	149	linear	4	7	0	cold	0.0	0	0
149	149	linear	4	7	0	warm	2.6400128745971665e-69	0	0
149	149	linear	4	15	0	cold	0.0	0	0
149	149	linear	4	15	0	warm	2.2170523191950887e-68	0	0
149	149	linear	4	23	0	cold	0.0	0	0
149	149	linear	4	23	0	warm	3.393169742766319e-70	0	0
149	149	uniform	0	0	0	cold	0.0	0	0
149	149	uniform	0	0	0	warm	0.0	0	0
149	149	uniform	0	7	0	cold	0.0	0	0
149	149	uniform	0	7	0	warm	7.861923927746962e-46	0	0
149	149	uniform	0	15	0	cold	0.0	0	0
149	149	uniform	0	15	0	warm	2.5925896831736545e-52	0	0
149	149	uniform	0	23	0	cold	0.0	0	0
149	149	uniform	0	23	0	warm	1.1422371662204675e-52	0	0
149	149	uniform	1	0	0	cold	0.0	0	0
149	149	uniform	1	0	0	warm	0.0	0	0
149	149	uniform	1	7	0	cold	0.0	0	0
149	149	uniform	1	7	0	warm	0.0	0	0
149	149	uniform	1	15	0	cold	0.0	0	0
149	149	uniform	1	15	0	warm	3.611134369891063e-15	0	0
149	149	uniform	1	23	0	cold	0.0	0	0
149	149	uniform	1	23	0	warm	2.209755872379835e-14	0	0
149	149	uniform	2	0	0	cold	0.0	0	0
149	149	uniform	2	0	0	warm	0.0	0	0
149	149	uniform	2	7	0	cold	0.0	0	0
149	149	uniform	2	7	0	warm	8.62222813012427e-73	0	0
149	149	uniform	2	15	0	cold	0.0	0	0
149	149	uniform	2	15	0	warm	6.212723444055205e-71	0	0
149	149	uniform	2	23	0	cold	0.0	0	0
149	149	uniform	2	23	0	warm	3.5047074497658284e-49	0	0
149	149	uniform	3	0	0	cold	0.0	0	0
149	149	uniform	3	0	0	warm	0.0	0	0
149	149	uniform	3	7	0	cold	0.0	0	0
149	149	uniform	3	7	0	warm	3.8552023194611138e-56	0	0
149	149	uniform	3	15	0	cold	0.0	0	0
149	149	uniform	3	15	0	warm	4.439553001660341e-37	0	0
149	149	uniform	3	23	0	cold	0.0	0	0
149	149	uniform	3	23	0	warm	1.7554848761927e-52	0	0
149	149	uniform	4	0	0	cold	0.0	0	0
149	149	uniform	4	0	0	warm	0.0	0	0
149	149	uniform	4	7	0	cold	0.0	0	0
149	149	uniform	4	7	0	warm	2.6400128745971665e-69	0	0
149	149	uniform	4	15	0	cold	0.0	0	0
149	149	uniform	4	15	0	warm	2.2170523191950887e-68	0	0
149	149	uniform	4	23	0	cold	0.0	0	0
149	149	uniform	4	23	0	warm	3.393169742766319e-70	0	0
150	150	linear	0	0	0	cold	0.0	0	0
150	150	linear	0	0	0	warm	0.0	0	0
150	150	linear	0	7	0	cold	0.0	0	0
150	150	linear	0	7	0	warm	0.0	0	0
150	150	linear	0	15	0	cold	0.0	0	0
150	150	linear	0	15	0	warm	0.0	0	0
150	150	linear	0	23	0	cold	0.0	0	0
150	150	linear	0	23	0	warm	0.0	0	0
150	150	linear	1	0	0	cold	0.0	0	0
150	150	linear	1	0	0	warm	0.0	0	0
150	150	linear	1	7	0	cold	0.0	0	0
150	150	linear	1	7	0	warm	0.0	0	0
150	150	linear	1	15	0	cold	0.0	0	0
150	150	linear	1	15	0	warm	0.0	0	0
150	150	linear	1	23	0	cold	0.0	0	0
150	150	linear	1	23	0	warm	0.0	0	0
150	150	linear	2	0	0	cold	0.0	0	0
150	150	linear	2	0	0	warm	0.0	0	0
150	150	linear	2	7	0	cold	0.0	0	0
150	150	linear	2	7	0	warm	0.0	0	0
150	150	linear	2	15	0	cold	0.0	0	0
150	150	linear	2	15	0	warm	0.0	0	0
150	150	linear	2	23	0	cold	0.0	0	0
150	150	linear	2	23	0	warm	0.0	0	0
150	150	linear	3	0	0	cold	0.0	0	0
150	150	linear	3	0	0	warm	0.0	0	0
150	150	linear	3	7	0	cold	0.0	0	0
150	150	linear	3	7	0	warm	0.0	0	0
150	150	linear	3	15	0	cold	0.0	0	0
150	150	linear	3	15	0	warm	0.0	0	0
150	150	linear	3	23	0	cold	0.0	0	0
150	150	linear	3	23	0	warm	1.6241895964969605e-58	0	0
150	150	linear	4	0	0	cold	0.0	0	0
150	150	linear	4	0	0	warm	0.0	0	0
150	150	linear	4	7	0	cold	0.0	0	0
150	150	linear	4	7	0	warm	1.4262759004966103e-91	0	0
150	150	linear	4	15	0	cold	0.0	0	0
150	150	linear	4	15	0	warm	2.8451787139222483e-71	0	0
150	150	linear	4	23	0	cold	0.0	0	0
150	150	linear	4	23	0	warm	1.310904669446096e-71	0	0
150	150	uniform	0	0	0	cold	0.0	0	0
150	150	uniform	0	0	0	warm	0.0	0	0
150	150	uniform	0	7	0	cold	0.0	0	0
150	150	uniform	0	7	0	warm	0.0	0	0
150	150	uniform	0	15	0	cold	0.0	0	0
150	150	uniform	0	15	0	warm	0.0	0	0
150	150	uniform	0	23	0	cold	0.0	0	0
150	150	uniform	0	23	0	warm	0.0	0	0
150	150	uniform	1	0	0	cold	0.0	0	0
150	150	uniform	1	0	0	warm	0.0	0	0
150	150	uniform	1	7	0	cold	0.0	0	0
150	150	uniform	1	7	0	warm	0.0	0	0
150	150	uniform	1	15	0	cold	0.0	0	0
150	150	uniform	1	15	0	warm	0.0	0	0
150	150	uniform	1	23	0	cold	0.0	0	0
150	150	uniform	1	23	0	warm	0.0	0	0
150	150	uniform	2	0	0	cold	0.0	0	0
150	150	uniform	2	0	0	warm	0.0	0	0
150	150	uniform	2	7	0	cold	0.0	0	0
150	150	uniform	2	7	0	warm	0.0	0	0
150	150	uniform	2	15	0	cold	0.0	0	0
150	150	uniform	2	15	0	warm	0.0	0	0
150	150	uniform	2	23	0	cold	0.0	0	0
150	150	uniform	2	23	0	warm	0.0	0	0
150	150	uniform	3	0	0	cold	0.0	0	0
150	150	uniform	3	0	0	warm	0.0	0	0
150	150	uniform	3	7	0	cold	0.0	0	0
150	150	uniform	3	7	0	warm	0.0	0	0
150	150	uniform	3	15	0	cold	0.0	0	0
150	150	uniform	3	15	0	warm	0.0	0	0
150	150	uniform	3	23	0	cold	0.0	0	0
150	150	uniform	3	23	0	warm	1.6241895964969605e-58	0	0
150	150	uniform	4	0	0	cold	0.0	0	0
150	150	uniform	4	0	0	warm	0.0	0	0
150	150	uniform	4	7	0	cold	0.0	0	0
150	150	uniform	4	7	0	warm	1.4262759004966103e-91	0	0
150	150	uniform	4	15	0	cold	0.0	0	0
150	150	uniform	4	15	0	warm	2.8451787139222483e-71	0	0
150	150	uniform	4	23	0	cold	0.0	0	0
150	150	uniform	4	23	0	warm	1.310904669446096e-71	0	0
151	151	linear	0	0	0	cold	0.0	0	0
151	151	linear	0	0	0	warm	0.0	0	0
151	151	linear	0	7	0	cold	0.0	0	0
151	151	linear	0	7	0	warm	6.319002827466507e-72	0	0
151	151	linear	0	15	0	cold	0.0	0	0
151	151	linear	0	15	0	warm	7.442599220960931e-73	0	0
151	151	linear	0	23	0	cold	0.0	0	0
151	151	linear	0	23	0	warm	5.678363467983676e-72	0	0
151	151	linear	1	0	0	cold	0.0	0	0
151	151	linear	1	0	0	warm	0.0	0	0
151	151	linear	1	7	0	cold	0.0	0	0
151	151	linear	1	7	0	warm	2.838599577246468e-64	0	0
151	151	linear	1	15	0	cold	0.0	0	0
151	151	linear	1	15	0	warm	8.383217214571569e-66	0	0
151	151	linear	1	23	0	cold	0.0	0	0
151	151	linear	1	23	0	warm	1.583987347524606e-64	0	0
151	151	linear	2	0	0	cold	0.0	0	0
151	151	linear	2	0	0	warm	0.0	0	0
151	151	linear	2	7	0	cold	0.0	0	0
151	151	linear	2	7	0	warm	2.2248970304752757e-59	0	0
151	151	linear	2	15	0	cold	0.0	0	0
151	151	linear	2	15	0	warm	8.903478076054009e-59	0	0
151	151	linear	2	23	0	cold	0.0	0	0
151	151	linear	2	23	0	warm	1.9025507502462755e-59	0	0
151	151	linear	3	0	0	cold	0.0	0	0
151	151	linear	3	0	0	warm	0.0	0	0
151	151	linear	3	7	0	cold	0.0	0	0
151	151	linear	3	7	0	warm	1.5367495497279884e-55	0	0
151	151	linear	3	15	0	cold	0.0	0	0
151	151	linear	3	15	0	warm	3.210776027372416e-51	0	0
151	151	linear	3	23	0	cold	0.0	0	0
151	151	linear	3	23	0	warm	6.0072739881370675e-50	0	0
151	151	linear	4	0	0	cold	0.0	0	0
151	151	linear	4	0	0	warm	0.0	0	0
151	151	linear	4	7	0	cold	0.0	0	0
151	151	linear	4	7	0	warm	1.7093341600754903e-72	0	0
151	151	linear	4	15	0	cold	0.0	0	0
151	151	linear	4	15	0	warm	3.6093704869217727e-72	0	0
151	151	linear	4	23	0	cold	0.0	0	0
151	151	linear	4	23	0	warm	1.3571504457943839e-71	0	0
151	151	uniform	0	0	0	cold	0.0	0	0
151	151	uniform	0	0	0	warm	0.0	0	0
151	151	uniform	0	7	0	cold	0.0	0	0
151	151	uniform	0	7	0	warm	6.319002827466507e-72	0	0
151	151	uniform	0	15	0	cold	0.0	0	0
151	151	uniform	0	15	0	warm	7.442599220960931e-73	0	0
151	151	uniform	0	23	0	cold	0.0	0	0
151	151	uniform	0	23	0	warm	5.678363467983676e-72	0	0
151	151	uniform	1	0	0	cold	0.0	0	0
151	151	uniform	1	0	0	warm	0.0	0	0
151	151	uniform	1	7	0	cold	0.0	0	0
151	151	uniform	1	7	0	warm	2.838599577246468e-64	0	0
151	151	uniform	1	15	0	cold	0.0	0	0
151	151	uniform	1	15	0	warm	8.383217214571569e-66	0	0
151	151	uniform	1	23	0	cold	0.0	0	0
151	151	uniform	1	23	0	warm	1.583987347524606e-64	0	0
151	151	uniform	2	0	0	cold	0.0	0	0
151	151	uniform	2	0	0	warm	0.0	0	0
151	151	uniform	2	7	0	cold	0.0	0	0
151	151	uniform	2	7	0	warm	2.2248970304752757e-59	0	0
151	151	uniform	2	15	0	cold	0.0	0	0
151	151	uniform	2	15	0	warm	8.903478076054009e-59	0	0
151	151	uniform	2	23	0	cold	0.0	0	0
151	151	uniform	2	23	0	warm	1.9025507502462755e-59	0	0
151	151	uniform	3	0	0	cold	0.0	0	0
151	151	uniform	3	0	0	warm	0.0	0	0
151	151	uniform	3	7	0	cold	0.0	0	0
151	151	uniform	3	7	0	warm	1.5367495497279884e-55	0	0
151	151	uniform	3	15	0	cold	0.0	0	0
151	151	uniform	3	15	0	warm	3.210776027372416e-51	0	0
151	151	uniform	3	23	0	cold	0.0	0	0
151	151	uniform	3	23	0	warm	6.0072739881370675e-50	0	0
151	151	uniform	4	0	0	cold	0.0	0	0
151	151	uniform	4	0	0	warm	0.0	0	0
151	151	uniform	4	7	0	cold	0.0	0	0
151	151	uniform	4	7	0	warm	1.7093341600754903e-72	0	0
151	151	uniform	4	15	0	cold	0.0	0	0
151	151	uniform	4	15	0	warm	3.6093704869217727e-72	0	0
151	151	uniform	4	23	0	cold	0.0	0	0
151	151	uniform	4	23	0	warm	1.3571504457943839e-71	0	0
152	152	linear	0	0	0	cold	0.0	0	0
152	152	linear	0	0	0	warm	0.0	0	0
152	152	linear	0	7	0	cold	0.0	0	0
152	152	linear	0	7	0	warm	0.0	0	0
152	152	linear	0	15	0	cold	0.0	0	0
152	152	linear	0	15	0	warm	7.502929993159938e-76	0	0
152	152	linear	0	23	0	cold	0.0	0	0
152	152	linear	0	23	0	warm	1.9756093494165166e-74	0	0
152	152	linear	1	0	0	cold	0.0	0	0
152	152	linear	1	0	0	warm	0.0	0	0
152	152	linear	1	7	0	cold	0.0	0	0
152	152	linear	1	7	0	warm	7.210488669222853e-75	0	0
152	152	linear	1	15	0	cold	0.0	0	0
152	152	linear	1	15	0	warm	8.846042161955607e-76	0	0
152	152	linear	1	23	0	cold	0.0	0	0
152	152	linear	1	23	0	warm	3.8899227301215985e-75	0	0
152	152	linear	2	0	0	cold	0.0	0	0
152	152	linear	2	0	0	warm	0.0	0	0
152	152	linear	2	7	0	cold	0.0	0	0
152	152	linear	2	7	0	warm	2.339592933363623e-47	0	0
152	152	linear	2	15	0	cold	0.0	0	0
152	152	linear	2	15	0	warm	2.3225437591081933e-75	0	0
152	152	linear	2	23	0	cold	0.0	0	0
152	152	linear	2	23	0	warm	1.3862666702499085e-76	0	0
152	152	linear	3	0	0	cold	0.0	0	0
152	152	linear	3	0	0	warm	0.0	0	0
152	152	linear	3	7	0	cold	0.0	0	0
152	152	linear	3	7	0	warm	0.0	0	0
152	152	linear	3	15	0	cold	0.0	0	0
152	152	linear	3	15	0	warm	1.0292661969438844e-76	0	0
152	152	linear	3	23	0	cold	0.0	0	0
152	152	linear	3	23	0	warm	1.802213941413189e-75	0	0
152	152	linear	4	0	0	cold	0.0	0	0
152	152	linear	4	0	0	warm	0.0	0	0
152	152	linear	4	7	0	cold	0.0	0	0
152	152	linear	4	7	0	warm	3.3011180212642143e-69	0	0
152	152	linear	4	15	0	cold	0.0	0	0
152	152	linear	4	15	0	warm	2.231361160560807e-67	0	0
152	152	linear	4	23	0	cold	0.0	0	0
152	152	linear	4	23	0	warm	8.040087154268238e-69	0	0
152	152	uniform	0	0	0	cold	0.0	0	0
152	152	uniform	0	0	0	warm	0.0	0	0
152	152	uniform	0	7	0	cold	0.0	0	0
152	152	uniform	0	7	0	warm	0.0	0	0
152	152	uniform	0	15	0	cold	0.0	0	0
152	152	uniform	0	15	0	warm	7.502929993159938e-76	0	0
152	152	uniform	0	23	0	cold	0.0	0	0
152	152	uniform	0	23	0	warm	1.9756093494165166e-74	0	0
152	152	uniform	1	0	0	cold	0.0	0	0
152	152	uniform	1	0	0	warm	0.0	0	0
152	152	uniform	1	7	0	cold	0.0	0	0
152	152	uniform	1	7	0	warm	7.210488669222853e-75	0	0
152	152	uniform	1	15	0	cold	0.0	0	0
152	152	uniform	1	15	0	warm	8.846042161955607e-76	0	0
152	152	uniform	1	23	0	cold	0.0	0	0
152	152	uniform	1	23	0	warm	3.8899227301215985e-75	0	0
152	152	uniform	2	0	0	cold	0.0	0	0
152	152	uniform	2	0	0	warm	0.0	0	0
152	152	uniform	2	7	0	cold	0.0	0	0
152	152	uniform	2	7	0	warm	2.339592933363623e-47	0	0
152	152	uniform	2	15	0	cold	0.0	0	0
152	152	uniform	2	15	0	warm	2.3225437591081933e-75	0	0
152	152	uniform	2	23	0	cold	0.0	0	0
152	152	uniform	2	23	0	warm	1.3862666702499085e-76	0	0
152	152	uniform	3	0	0	cold	0.0	0	0
152	152	uniform	3	0	0	warm	0.0	0	0
152	152	uniform	3	7	0	cold	0.0	0	0
152	152	uniform	3	7	0	warm	0.0	0	0
152	152	uniform	3	15	0	cold	0.0	0	0
152	152	uniform	3	15	0	warm	1.0292661969438844e-76	0	0
152	152	uniform	3	23	0	cold	0.0	0	0
152	152	uniform	3	23	0	warm	1.802213941413189e-75	0	0
152	152	uniform	4	0	0	cold	0.0	0	0
152	152	uniform	4	0	0	warm	0.0	0	0
152	152	uniform	4	7	0	cold	0.0	0	0
152	152	uniform	4	7	0	warm	3.3011180212642143e-69	0	0
152	152	uniform	4	15	0	cold	0.0	0	0
152	152	uniform	4	15	0	warm	2.231361160560807e-67	0	0
152	152	uniform	4	23	0	cold	0.0	0	0
152	152	uniform	4	23	0	warm	8.040087154268238e-69	0	0
153	153	linear	0	0	0	cold	0.0	0	0
153	153	linear	0	0	0	warm	0.0	0	0
153	153	linear	0	7	0	cold	0.0	0	0
153	153	linear	0	7	0	warm	2.6749943938676347e-65	0	0
153	153	linear	0	15	0	cold	0.0	0	0
153	153	linear	0	15	0	warm	1.303523842290772e-67	0	0
153	153	linear	0	23	0	cold	0.0	0	0
153	153	linear	0	23	0	warm	2.4040502665331623e-67	0	0
153	153	linear	1	0	0	cold	0.0	0	0
153	153	linear	1	0	0	warm	0.0	0	0
153	153	linear	1	7	0	cold	0.0	0	0
153	153	linear	1	7	0	warm	2.3286872415948002e-57	0	0
153	153	linear	1	15	0	cold	0.0	0	0
153	153	linear	1	15	0	warm	3.84865780949952e-58	0	0
153	153	linear	1	23	0	cold	0.0	0	0
153	153	linear	1	23	0	warm	1.6817341351181375e-56	0	0
153	153	linear	2	0	0	cold	0.0	0	0
153	153	linear	2	0	0	warm	0.0	0	0
153	153	linear	2	7	0	cold	0.0	0	0
153	153	linear	2	7	0	warm	1.596035736543191e-72	0	0
153	153	linear	2	15	0	cold	0.0	0	0
153	153	linear	2	15	0	warm	1.5956066463786564e-73	0	0
153	153	linear	2	23	0	cold	0.0	0	0
153	153	linear	2	23	0	warm	9.145955193701596e-73	0	0
153	153	linear	3	0	0	cold	0.0	0	0
153	153	linear	3	0	0	warm	0.0	0	0
153	153	linear	3	7	0	cold	0.0	0	0
153	153	linear	3	7	0	warm	3.6957445527568935e-58	0	0
153	153	linear	3	15	0	cold	0.0	0	0
153	153	linear	3	15	0	warm	6.79898309221438e-56	0	0
153	153	linear	3	23	0	cold	0.0	0	0
153	153	linear	3	23	0	warm	1.4218040702276067e-56	0	0
153	153	linear	4	0	0	cold	0.0	0	0
153	153	linear	4	0	0	warm	0.0	0	0
153	153	linear	4	7	0	cold	0.0	0	0
153	153	linear	4	7	0	warm	5.903371453391784e-67	0	0
153	153	linear	4	15	0	cold	0.0	0	0
153	153	linear	4	15	0	warm	3.5191883733565073e-66	0	0
153	153	linear	4	23	0	cold	0.0	0	0
153	153	linear	4	23	0	warm	9.811233466243204e-67	0	0
153	153	uniform	0	0	0	cold	0.0	0	0
153	153	uniform	0	0	0	warm	0.0	0	0
153	153	uniform	0	7	0	cold	0.0	0	0
153	153	uniform	0	7	0	warm	2.6749943938676347e-65	0	0
153	153	uniform	0	15	0	cold	0.0	0	0
153	153	uniform	0	15	0	warm	1.303523842290772e-67	0	0
153	153	uniform	0	23	0	cold	0.0	0	0
153	153	uniform	0	23	0	warm	2.4040502665331623e-67	0	0
153	153	uniform	1	0	0	cold	0.0	0	0
153	153	uniform	1	0	0	warm	0.0	0	0
153	153	uniform	1	7	0	cold	0.0	0	0
153	153	uniform	1	7	0	warm	2.3286872415948002e-57	0	0
153	153	uniform	1	15	0	cold	0.0	0	0
153	153	uniform	1	15	0	warm	3.84865780949952e-58	0	0
153	153	uniform	1	23	0	cold	0.0	0	0
153	153	uniform	1	23	0	warm	1.6817341351181375e-56	0	0
153	153	uniform	2	0	0	cold	0.0	0	0
153	153	uniform	2	0	0	warm	0.0	0	0
153	153	uniform	2	7	0	cold	0.0	0	0
153	153	uniform	2	7	0	warm	1.596035736543191e-72	0	0
153	153	uniform	2	15	0	cold	0.0	0	0
153	153	uniform	2	15	0	warm	1.5956066463786564e-73	0	0
153	153	uniform	2	23	0	cold	0.0	0	0
153	153	uniform	2	23	0	warm	9.145955193701596e-73	0	0
153	153	uniform	3	0	0	cold	0.0	0	0
153	153	uniform	3	0	0	warm	0.0	0	0
153	153	uniform	3	7	0	cold	0.0	0	0
153	153	uniform	3	7	0	warm	3.6957445527568935e-58	0	0
153	153	uniform	3	15	0	cold	0.0	0	0
153	153	uniform	3	15	0	warm	6.79898309221438e-56	0	0
153	153	uniform	3	23	0	cold	0.0	0	0
153	153	uniform	3	23	0	warm	1.4218040702276067e-56	0	0
153	153	uniform	4	0	0	cold	0.0	0	0
153	153	uniform	4	0	0	warm	0.0	0	0
153	153	uniform	4	7	0	cold	0.0	0	0
153	153	uniform	4	7	0	warm	5.903371453391784e-67	0	0
153	153	uniform	4	15	0	cold	0.0	0	0
153	153	uniform	4	15	0	warm	3.5191883733565073e-66	0	0
153	153	uniform	4	23	0	cold	0.0	0	0
153	153	uniform	4	23	0	warm	9.811233466243204e-67	0	0
154	154	linear	0	0	0	cold	0.0	0	0
154	154	linear	0	0	0	warm	0.0	0	0
154	154	linear	0	7	0	cold	0.0	0	0
154	154	linear	0	7	0	warm	2.0636261944797395e-47	0	0
154	154	linear	0	15	0	cold	0.0	0	0
154	154	linear	0	15	0	warm	3.369186012229209e-47	0	0
154	154	linear	0	23	0	cold	0.0	0	0
154	154	linear	0	23	0	warm	1.8158635273458798e-47	0	0
154	154	linear	1	0	0	cold	0.0	0	0
154	154	linear	1	0	0	warm	0.0	0	0
154	154	linear	1	7	0	cold	0.0	0	0
154	154	linear	1	7	0	warm	1.0444462076344985e-66	0	0
154	154	linear	1	15	0	cold	0.0	0	0
154	154	linear	1	15	0	warm	1.726432419051388e-43	0	0
154	154	linear	1	23	0	cold	0.0	0	0
154	154	linear	1	23	0	warm	4.0350651511944065e-66	0	0
154	154	linear	2	0	0	cold	0.0	0	0
154	154	linear	2	0	0	warm	0.0	0	0
154	154	linear	2	7	0	cold	0.0	0	0
154	154	linear	2	7	0	warm	2.694142928788819e-40	0	0
154	154	linear	2	15	0	cold	0.0	0	0
154	154	linear	2	15	0	warm	2.5082274203253955e-37	0	0
154	154	linear	2	23	0	cold	0.0	0	0
154	154	linear	2	23	0	warm	1.4720982582193088e-58	0	0
154	154	linear	3	0	0	cold	0.0	0	0
154	154	linear	3	0	0	warm	0.0	0	0
154	154	linear	3	7	0	cold	0.0	0	0
154	154	linear	3	7	0	warm	7.109104755414438e-54	0	0
154	154	linear	3	15	0	cold	0.0	0	0
154	154	linear	3	15	0	warm	2.414260848279354e-55	0	0
154	154	linear	3	23	0	cold	0.0	0	0
154	154	linear	3	23	0	warm	2.7255244260434145e-54	0	0
154	154	linear	4	0	0	cold	0.0	0	0
154	154	linear	4	0	0	warm	0.0	0	0
154	154	linear	4	7	0	cold	0.0	0	0
154	154	linear	4	7	0	warm	1.0787337690217136e-19	0	0
154	154	linear	4	15	0	cold	0.0	0	0
154	154	linear	4	15	0	warm	6.742099692626969e-20	0	0
154	154	linear	4	23	0	cold	0.0	0	0
154	154	linear	4	23	0	warm	6.067890906796552e-20	0	0
154	154	uniform	0	0	0	cold	0.0	0	0
154	154	uniform	0	0	0	warm	0.0	0	0
154	154	uniform	0	7	0	cold	0.0	0	0
154	154	uniform	0	7	0	warm	2.0636261944797395e-47	0	0
154	154	uniform	0	15	0	cold	0.0	0	0
154	154	uniform	0	15	0	warm	3.369186012229209e-47	0	0
154	154	uniform	0	23	0	cold	0.0	0	0
154	154	uniform	0	23	0	warm	1.8158635273458798e-47	0	0
154	154	uniform	1	0	0	cold	0.0	0	0
154	154	uniform	1	0	0	warm	0.0	0	0
154	154	uniform	1	7	0	cold	0.0	0	0
154	154	uniform	1	7	0	warm	1.0444462076344985e-66	0	0
154	154	uniform	1	15	0	cold	0.0	0	0
154	154	uniform	1	15	0	warm	1.726432419051388e-43	0	0
154	154	uniform	1	23	0	cold	0.0	0	0
154	154	uniform	1	23	0	warm	4.0350651511944065e-66	0	0
154	154	uniform	2	0	0	cold	0.0	0	0
154	154	uniform	2	0	0	warm	0.0	0	0
154	154	uniform	2	7	0	cold	0.0	0	0
154	154	uniform	2	7	0	warm	2.694142928788819e-40	0	0
154	154	uniform	2	15	0	cold	0.0	0	0
154	154	uniform	2	15	0	warm	2.5082274203253955e-37	0	0
154	154	uniform	2	23	0	cold	0.0	0	0
154	154	uniform	2	23	0	warm	1.4720982582193088e-58	0	0
154	154	uniform	3	0	0	cold	0.0	0	0
154	154	uniform	3	0	0	warm	0.0	0	0
154	154	uniform	3	7	0	cold	0.0	0	0
154	154	uniform	3	7	0	warm	7.109104755414438e-54	0	0
154	154	uniform	3	15	0	cold	0.0	0	0
154	154	uniform	3	15	0	warm	2.414260848279354e-55	0	0
154	154	uniform	3	23	0	cold	0.0	0	0
154	154	uniform	3	23	0	warm	2.7255244260434145e-54	0	0
154	154	uniform	4	0	0	cold	0.0	0	0
154	154	uniform	4	0	0	warm	0.0	0	0
154	154	uniform	4	7	0	cold	0.0	0	0
154	154	uniform	4	7	0	warm	1.0787337690217136e-19	0	0
154	154	uniform	4	15	0	cold	0.0	0	0
154	154	uniform	4	15	0	warm	6.742099692626969e-20	0	0
154	154	uniform	4	23	0	cold	0.0	0	0
154	154	uniform	4	23	0	warm	6.067890906796552e-20	0	0
155	155	linear	0	0	0	cold	0.0	0	0
155	155	linear	0	0	0	warm	0.0	0	0
155	155	linear	0	7	0	cold	0.0	0	0
155	155	linear	0	7	0	warm	3.868054177355156e-70	0	0
155	155	linear	0	15	0	cold	0.0	0	0
155	155	linear	0	15	0	warm	6.076414885132599e-63	0	0
155	155	linear	0	23	0	cold	0.0	0	0
155	155	linear	0	23	0	warm	1.9838388365661917e-72	0	0
155	155	linear	1	0	0	cold	0.0	0	0
155	155	linear	1	0	0	warm	0.0	0	0
155	155	linear	1	7	0	cold	0.0	0	0
155	155	linear	1	7	0	warm	8.398480090801328e-73	0	0
155	155	linear	1	15	0	cold	0.0	0	0
155	155	linear	1	15	0	warm	9.59379011809667e-76	0	0
155	155	linear	1	23	0	cold	0.0	0	0
155	155	linear	1	23	0	warm	2.5055115465756055e-72	0	0
155	155	linear	2	0	0	cold	0.0	0	0
155	155	linear	2	0	0	warm	0.0	0	0
155	155	linear	2	7	0	cold	0.0	0	0
155	155	linear	2	7	0	warm	1.8154893845276744e-62	0	0
155	155	linear	2	15	0	cold	0.0	0	0
155	155	linear	2	15	0	warm	1.1469020429812479e-63	0	0
155	155	linear	2	23	0	cold	0.0	0	0
155	155	linear	2	23	0	warm	2.0923141728545872e-63	0	0
155	155	linear	3	0	0	cold	0.0	0	0
155	155	linear	3	0	0	warm	0.0	0	0
155	155	linear	3	7	0	cold	0.0	0	0
155	155	linear	3	7	0	warm	4.374103819492805e-70	0	0
155	155	linear	3	15	0	cold	0.0	0	0
155	155	linear	3	15	0	warm	5.177769036492626e-68	0	0
155	155	linear	3	23	0	cold	0.0	0	0
155	155	linear	3	23	0	warm	7.687999167615859e-62	0	0
155	155	linear	4	0	0	cold	0.0	0	0
155	155	linear	4	0	0	warm	0.0	0	0
155	155	linear	4	7	0	cold	0.0	0	0
155	155	linear	4	7	0	warm	1.9467318410294757e-66	0	0
155	155	linear	4	15	0	cold	0.0	0	0
155	155	linear	4	15	0	warm	1.4282669363493333e-67	0	0
155	155	linear	4	23	0	cold	0.0	0	0
155	155	linear	4	23	0	warm	1.671463638062846e-66	0	0
155	155	uniform	0	0	0	cold	0.0	0	0
155	155	uniform	0	0	0	warm	0.0	0	0
155	155	uniform	0	7	0	cold	0.0	0	0
155	155	uniform	0	7	0	warm	3.868054177355156e-70	0	0
155	155	uniform	0	15	0	cold	0.0	0	0
155	155	uniform	0	15	0	warm	6.076414885132599e-63	0	0
155	155	uniform	0	23	0	cold	0.0	0	0
155	155	uniform	0	23	0	warm	1.9838388365661917e-72	0	0
155	155	uniform	1	0	0	cold	0.0	0	0
155	155	uniform	1	0	0	warm	0.0	0	0
155	155	uniform	1	7	0	cold	0.0	0	0
155	155	uniform	1	7	0	warm	8.398480090801328e-73	0	0
155	155	uniform	1	15	0	cold	0.0	0	0
155	155	uniform	1	15	0	warm	9.59379011809667e-76	0	0
155	155	uniform	1	23	0	cold	0.0	0	0
155	155	uniform	1	23	0	warm	2.5055115465756055e-72	0	0
155	155	uniform	2	0	0	cold	0.0	0	0
155	155	uniform	2	0	0	warm	0.0	0	0
155	155	uniform	2	7	0	cold	0.0	0	0
155	155	uniform	2	7	0	warm	1.8154893845276744e-62	0	0
155	155	uniform	2	15	0	cold	0.0	0	0
155	155	uniform	2	15	0	warm	1.1469020429812479e-63	0	0
155	155	uniform	2	23	0	cold	0.0	0	0
155	155	uniform	2	23	0	warm	2.0923141728545872e-63	0	0
155	155	uniform	3	0	0	cold	0.0	0	0
155	155	uniform	3	0	0	warm	0.0	0	0
155	155	uniform	3	7	0	cold	0.0	0	0
155	155	uniform	3	7	0	warm	4.374103819492805e-70	0	0
155	155	uniform	3	15	0	cold	0.0	0	0
155	155	uniform	3	15	0	warm	5.177769036492626e-68	0	0
155	155	uniform	3	23	0	cold	0.0	0	0
155	155	uniform	3	23	0	warm	7.687999167615859e-62	0	0
155	155	uniform	4	0	0	cold	0.0	0	0
155	155	uniform	4	0	0	warm	0.0	0	0
155	155	uniform	4	7	0	cold	0.0	0	0
155	155	uniform	4	7	0	warm	1.9467318410294757e-66	0	0
155	155	uniform	4	15	0	cold	0.0	0	0
155	155	uniform	4	15	0	warm	1.4282669363493333e-67	0	0
155	155	uniform	4	23	0	cold	0.0	0	0
155	155	uniform	4	23	0	warm	1.671463638062846e-66	0	0
156	156	linear	0	0	0	cold	0.0	0	0
156	156	linear	0	0	0	warm	0.0	0	0
156	156	linear	0	7	0	cold	0.0	0	0
156	156	linear	0	7	0	warm	3.25178077553736e-45	0	0
156	156	linear	0	15	0	cold	0.0	0	0
156	156	linear	0	15	0	warm	6.28238167512882e-46	0	0
156	156	linear	0	23	0	cold	0.0	0	0
156	156	linear	0	23	0	warm	5.889899459131254e-43	0	0
156	156	linear	1	0	0	cold	0.0	0	0
156	156	linear	1	0	0	warm	0.0	0	0
156	156	linear	1	7	0	cold	0.0	0	0
156	156	linear	1	7	0	warm	4.033679454046173e-63	0	0
156	156	linear	1	15	0	cold	0.0	0	0
156	156	linear	1	15	0	warm	1.4203289347632637e-64	0	0
156	156	linear	1	23	0	cold	0.0	0	0
156	156	linear	1	23	0	warm	2.3998453718274866e-65	0	0
156	156	linear	2	0	0	cold	0.0	0	0
156	156	linear	2	0	0	warm	0.0	0	0
156	156	linear	2	7	0	cold	0.0	0	0
156	156	linear	2	7	0	warm	7.720518600846824e-48	0	0
156	156	linear	2	15	0	cold	0.0	0	0
156	156	linear	2	15	0	warm	6.27513394333023e-50	0	0
156	156	linear	2	23	0	cold	0.0	0	0
156	156	linear	2	23	0	warm	2.1126646441673976e-51	0	0
156	156	linear	3	0	0	cold	0.0	0	0
156	156	linear	3	0	0	warm	0.0	0	0
156	156	linear	3	7	0	cold	0.0	0	0
156	156	linear	3	7	0	warm	1.6439616588458316e-56	0	0
156	156	linear	3	15	0	cold	0.0	0	0
156	156	linear	3	15	0	warm	1.279695142590547e-67	0	0
156	156	linear	3	23	0	cold	0.0	0	0
156	156	linear	3	23	0	warm	3.227703528198824e-46	0	0
156	156	linear	4	0	0	cold	0.0	0	0
156	156	linear	4	0	0	warm	0.0	0	0
156	156	linear	4	7	0	cold	0.0	0	0
156	156	linear	4	7	0	warm	3.3913117317844705e-52	0	0
156	156	linear	4	15	0	cold	0.0	0	0
156	156	linear	4	15	0	warm	9.001686513143393e-51	0	0
156	156	linear	4	23	0	cold	0.0	0	0
156	156	linear	4	23	0	warm	5.469991971901074e-51	0	0
156	156	uniform	0	0	0	cold	0.0	0	0
156	156	uniform	0	0	0	warm	0.0	0	0
156	156	uniform	0	7	0	cold	0.0	0	0
156	156	uniform	0	7	0	warm	3.25178077553736e-45	0	0
156	156	uniform	0	15	0	cold	0.0	0	0
156	156	uniform	0	15	0	warm	6.28238167512882e-46	0	0
156	156	uniform	0	23	0	cold	0.0	0	0
156	156	uniform	0	23	0	warm	5.889899459131254e-43	0	0
156	156	uniform	1	0	0	cold	0.0	0	0
156	156	uniform	1	0	0	warm	0.0	0	0
156	156	uniform	1	7	0	cold	0.0	0	0
156	156	uniform	1	7	0	warm	4.033679454046173e-63	0	0
156	156	uniform	1	15	0	cold	0.0	0	0
156	156	uniform	1	15	0	warm	1.4203289347632637e-64	0	0
156	156	uniform	1	23	0	cold	0.0	0	0
156	156	uniform	1	23	0	warm	2.3998453718274866e-65	0	0
156	156	uniform	2	0	0	cold	0.0	0	0
156	156	uniform	2	0	0	warm	0.0	0	0
156	156	uniform	2	7	0	cold	0.0	0	0
156	156	uniform	2	7	0	warm	7.720518600846824e-48	0	0
156	156	uniform	2	15	0	cold	0.0	0	0
156	156	uniform	2	15	0	warm	6.27513394333023e-50	0	0
156	156	uniform	2	23	0	cold	0.0	0	0
156	156	uniform	2	23	0	warm	2.1126646441673976e-51	0	0
156	156	uniform	3	0	0	cold	0.0	0	0
156	156	uniform	3	0	0	warm	0.0	0	0
156	156	uniform	3	7	0	cold	0.0	0	0
156	156	uniform	3	7	0	warm	1.6439616588458316e-56	0	0
156	156	uniform	3	15	0	cold	0.0	0	0
156	156	uniform	3	15	0	warm	1.279695142590547e-67	0	0
156	156	uniform	3	23	0	cold	0.0	0	0
156	156	uniform	3	23	0	warm	3.227703528198824e-46	0	0
156	156	uniform	4	0	0	cold	0.0	0	0
156	156	uniform	4	0	0	warm	0.0	0	0
156	156	uniform	4	7	0	cold	0.0	0	0
156	156	uniform	4	7	0	warm	3.3913117317844705e-52	0	0
156	156	uniform	4	15	0	cold	0.0	0	0
156	156	uniform	4	15	0	warm	9.001686513143393e-51	0	0
156	156	uniform	4	23	0	cold	0.0	0	0
156	156	uniform	4	23	0	warm	5.469991971901074e-51	0	0
157	157	linear	0	0	0	cold	0.0	0	0
157	157	linear	0	0	0	warm	0.0	0	0
157	157	linear	0	7	0	cold	0.0	0	0
157	157	linear	0	7	0	warm	1.607193001391398e-65	0	0
157	157	linear	0	15	0	cold	0.0	0	0
157	157	linear	0	15	0	warm	1.5418706079390067e-66	0	0
157	157	linear	0	23	0	cold	0.0	0	0
157	157	linear	0	23	0	warm	2.675489279866467e-65	0	0
157	157	linear	1	0	0	cold	0.0	0	0
157	157	linear	1	0	0	warm	0.0	0	0
157	157	linear	1	7	0	cold	0.0	0	0
157	157	linear	1	7	0	warm	1.3303575065443334e-68	0	0
157	157	linear	1	15	0	cold	0.0	0	0
157	157	linear	1	15	0	warm	8.854334734504937e-67	0	0
157	157	linear	1	23	0	cold	0.0	0	0
157	157	linear	1	23	0	warm	3.564915377622323e-66	0	0
157	157	linear	2	0	0	cold	0.0	0	0
157	157	linear	2	0	0	warm	0.0	0	0
157	157	linear	2	7	0	cold	0.0	0	0
157	157	linear	2	7	0	warm	3.564653944925243e-69	0	0
157	157	linear	2	15	0	cold	0.0	0	0
157	157	linear	2	15	0	warm	2.56121877008943e-66	0	0
157	157	linear	2	23	0	cold	0.0	0	0
157	157	linear	2	23	0	warm	1.963083078589776e-68	0	0
157	157	linear	3	0	0	cold	0.0	0	0
157	157	linear	3	0	0	warm	0.0	0	0
157	157	linear	3	7	0	cold	0.0	0	0
157	157	linear	3	7	0	warm	1.9448629390404817e-67	0	0
157	157	linear	3	15	0	cold	0.0	0	0
157	157	linear	3	15	0	warm	3.597846332523105e-67	0	0
157	157	linear	3	23	0	cold	0.0	0	0
157	157	linear	3	23	0	warm	8.953933712966371e-69	0	0
157	157	linear	4	0	0	cold	0.0	0	0
157	157	linear	4	0	0	warm	0.0	0	0
157	157	linear	4	7	0	cold	0.0	0	0
157	157	linear	4	7	0	warm	1.4121471489596622e-69	0	0
157	157	linear	4	15	0	cold	0.0	0	0
157	157	linear	4	15	0	warm	1.1313579182441158e-70	0	0
157	157	linear	4	23	0	cold	0.0	0	0
157	157	linear	4	23	0	warm	2.7511356412481255e-72	0	0
157	157	uniform	0	0	0	cold	0.0	0	0
157	157	uniform	0	0	0	warm	0.0	0	0
157	157	uniform	0	7	0	cold	0.0	0	0
157	157	uniform	0	7	0	warm	1.607193001391398e-65	0	0
157	157	uniform	0	15	0	cold	0.0	0	0
157	157	uniform	0	15	0	warm	1.5418706079390067e-66	0	0
157	157	uniform	0	23	0	cold	0.0	0	0
157	157	uniform	0	23	0	warm	2.675489279866467e-65	0	0
157	157	uniform	1	0	0	cold	0.0	0	0
157	157	uniform	1	0	0	warm	0.0	0	0
157	157	uniform	1	7	0	cold	0.0	0	0
157	157	uniform	1	7	0	warm	1.3303575065443334e-68	0	0
157	157	uniform	1	15	0	cold	0.0	0	0
157	157	uniform	1	15	0	warm	8.854334734504937e-67	0	0
157	157	uniform	1	23	0	cold	0.0	0	0
157	157	uniform	1	23	0	warm	3.564915377622323e-66	0	0
157	157	uniform	2	0	0	cold	0.0	0	0
157	157	uniform	2	0	0	warm	0.0	0	0
157	157	uniform	2	7	0	cold	0.0	0	0
157	157	uniform	2	7	0	warm	3.564653944925243e-69	0	0
157	157	uniform	2	15	0	cold	0.0	0	0
157	157	uniform	2	15	0	warm	2.56121877008943e-66	0	0
157	157	uniform	2	23	0	cold	0.0	0	0
157	157	uniform	2	23	0	warm	1.963083078589776e-68	0	0
157	157	uniform	3	0	0	cold	0.0	0	0
157	157	uniform	3	0	0	warm	0.0	0	0
157	157	uniform	3	7	0	cold	0.0	0	0
157	157	uniform	3	7	0	warm	1.9448629390404817e-67	0	0
157	157	uniform	3	15	0	cold	0.0	0	0
157	157	uniform	3	15	0	warm	3.597846332523105e-67	0	0
157	157	uniform	3	23	0	cold	0.0	0	0
157	157	uniform	3	23	0	warm	8.953933712966371e-69	0	0
157	157	uniform	4	0	0	cold	0.0	0	0
157	157	uniform	4	0	0	warm	0.0	0	0
157	157	uniform	4	7	0	cold	0.0	0	0
157	157	uniform	4	7	0	warm	1.4121471489596622e-69	0	0
157	157	uniform	4	15	0	cold	0.0	0	0
157	157	uniform	4	15	0	warm	1.1313579182441158e-70	0	0
157	157	uniform	4	23	0	cold	0.0	0	0
157	157	uniform	4	23	0	warm	2.7511356412481255e-72	0	0
158	158	linear	0	0	0	cold	0.0	0	0
158	158	linear	0	0	0	warm	0.0	0	0
158	158	linear	0	7	0	cold	0.0	0	0
158	158	linear	0	7	0	warm	2.1927797108442513e-70	0	0
158	158	linear	0	15	0	cold	0.0	0	0
158	158	linear	0	15	0	warm	6.707838524743441e-69	0	0
158	158	linear	0	23	0	cold	0.0	0	0
158	158	linear	0	23	0	warm	5.343340680447669e-68	0	0
158	158	linear	1	0	0	cold	0.0	0	0
158	158	linear	1	0	0	warm	0.0	0	0
158	158	linear	1	7	0	cold	0.0	0	0
158	158	linear	1	7	0	warm	0.0	0	0
158	158	linear	1	15	0	cold	0.0	0	0
158	158	linear	1	15	0	warm	0.0	0	0
158	158	linear	1	23	0	cold	0.0	0	0
158	158	linear	1	23	0	warm	0.0	0	0
158	158	linear	2	0	0	cold	0.0	0	0
158	158	linear	2	0	0	warm	0.0	0	0
158	158	linear	2	7	0	cold	0.0	0	0
158	158	linear	2	7	0	warm	2.7460839268388904e-65	0	0
158	158	linear	2	15	0	cold	0.0	0	0
158	158	linear	2	15	0	warm	1.4440537025446841e-68	0	0
158	158	linear	2	23	0	cold	0.0	0	0
158	158	linear	2	23	0	warm	5.529959446661448e-71	0	0
158	158	linear	3	0	0	cold	0.0	0	0
158	158	linear	3	0	0	warm	0.0	0	0
158	158	linear	3	7	0	cold	0.0	0	0
158	158	linear	3	7	0	warm	4.249906184531847e-65	0	0
158	158	linear	3	15	0	cold	0.0	0	0
158	158	linear	3	15	0	warm	6.55634669759732e-67	0	0
158	158	linear	3	23	0	cold	0.0	0	0
158	158	linear	3	23	0	warm	1.5796211173891555e-67	0	0
158	158	linear	4	0	0	cold	0.0	0	0
158	158	linear	4	0	0	warm	0.0	0	0
158	158	linear	4	7	0	cold	0.0	0	0
158	158	linear	4	7	0	warm	2.4214972222456382e-67	0	0
158	158	linear	4	15	0	cold	0.0	0	0
158	158	linear	4	15	0	warm	1.069953789611606e-67	0	0
158	158	linear	4	23	0	cold	0.0	0	0
158	158	linear	4	23	0	warm	7.483179009978261e-66	0	0
158	158	uniform	0	0	0	cold	0.0	0	0
158	158	uniform	0	0	0	warm	0.0	0	0
158	158	uniform	0	7	0	cold	0.0	0	0
158	158	uniform	0	7	0	warm	2.1927797108442513e-70	0	0
158	158	uniform	0	15	0	cold	0.0	0	0
158	158	uniform	0	15	0	warm	6.707838524743441e-69	0	0
158	158	uniform	0	23	0	cold	0.0	0	0
158	158	uniform	0	23	0	warm	5.343340680447669e-68	0	0
158	158	uniform	1	0	0	cold	0.0	0	0
158	158	uniform	1	0	0	warm	0.0	0	0
158	158	uniform	1	7	0	cold	0.0	0	0
158	158	uniform	1	7	0	warm	0.0	0	0
158	158	uniform	1	15	0	cold	0.0	0	0
158	158	uniform	1	15	0	warm	0.0	0	0
158	158	uniform	1	23	0	cold	0.0	0	0
158	158	uniform	1	23	0	warm	0.0	0	0
158	158	uniform	2	0	0	cold	0.0	0	0
158	158	uniform	2	0	0	warm	0.0	0	0
158	158	uniform	2	7	0	cold	0.0	0	0
158	158	uniform	2	7	0	warm	2.7460839268388904e-65	0	0
158	158	uniform	2	15	0	cold	0.0	0	0
158	158	uniform	2	15	0	warm	1.4440537025446841e-68	0	0
158	158	uniform	2	23	0	cold	0.0	0	0
158	158	uniform	2	23	0	warm	5.529959446661448e-71	0	0
158	158	uniform	3	0	0	cold	0.0	0	0
158	158	uniform	3	0	0	warm	0.0	0	0
158	158	uniform	3	7	0	cold	0.0	0	0
158	158	uniform	3	7	0	warm	4.249906184531847e-65	0	0
158	158	uniform	3	15	0	cold	0.0	0	0
158	158	uniform	3	15	0	warm	6.55634669759732e-67	0	0
158	158	uniform	3	23	0	cold	0.0	0	0
158	158	uniform	3	23	0	warm	1.5796211173891555e-67	0	0
158	158	uniform	4	0	0	cold	0.0	0	0
158	158	uniform	4	0	0	warm	0.0	0	0
158	158	uniform	4	7	0	cold	0.0	0	0
158	158	uniform	4	7	0	warm	2.4214972222456382e-67	0	0
158	158	uniform	4	15	0	cold	0.0	0	0
158	158	uniform	4	15	0	warm	1.069953789611606e-67	0	0
158	158	uniform	4	23	0	cold	0.0	0	0
158	158	uniform	4	23	0	warm	7.483179009978261e-66	0	0
159	159	linear	0	0	0	cold	0.0	0	0
159	159	linear	0	0	0	warm	0.0	0	0
159	159	linear	0	7	0	cold	0.0	0	0
159	159	linear	0	7	0	warm	0.0	0	0
159	159	linear	0	15	0	cold	0.0	0	0
159	159	linear	0	15	0	warm	0.0	0	0
159	159	linear	0	23	0	cold	0.0	0	0
159	159	linear	0	23	0	warm	0.0	0	0
159	159	linear	1	0	0	cold	0.0	0	0
159	159	linear	1	0	0	warm	0.0	0	0
159	159	linear	1	7	0	cold	0.0	0	0
159	159	linear	1	7	0	warm	0.0	0	0
159	159	linear	1	15	0	cold	0.0	0	0
159	159	linear	1	15	0	warm	0.0	0	0
159	159	linear	1	23	0	cold	0.0	0	0
159	159	linear	1	23	0	warm	0.0	0	0
159	159	linear	2	0	0	cold	0.0	0	0
159	159	linear	2	0	0	warm	0.0	0	0
159	159	linear	2	7	0	cold	0.0	0	0
159	159	linear	2	7	0	warm	0.0	0	0
159	159	linear	2	15	0	cold	0.0	0	0
159	159	linear	2	15	0	warm	0.0	0	0
159	159	linear	2	23	0	cold	0.0	0	0
159	159	linear	2	23	0	warm	8.198377205628613e-71	0	0
159	159	linear	3	0	0	cold	0.0	0	0
159	159	linear	3	0	0	warm	0.0	0	0
159	159	linear	3	7	0	cold	0.0	0	0
159	159	linear	3	7	0	warm	6.675013973045287e-68	0	0
159	159	linear	3	15	0	cold	0.0	0	0
159	159	linear	3	15	0	warm	1.3805735864072072e-67	0	0
159	159	linear	3	23	0	cold	0.0	0	0
159	159	linear	3	23	0	warm	1.2594055560174488e-67	0	0
159	159	linear	4	0	0	cold	0.0	0	0
159	159	linear	4	0	0	warm	0.0	0	0
159	159	linear	4	7	0	cold	0.0	0	0
159	159	linear	4	7	0	warm	0.0	0	0
159	159	linear	4	15	0	cold	0.0	0	0
159	159	linear	4	15	0	warm	0.0	0	0
159	159	linear	4	23	0	cold	0.0	0	0
159	159	linear	4	23	0	warm	0.0	0	0
159	159	uniform	0	0	0	cold	0.0	0	0
159	159	uniform	0	0	0	warm	0.0	0	0
159	159	uniform	0	7	0	cold	0.0	0	0
159	159	uniform	0	7	0	warm	0.0	0	0
159	159	uniform	0	15	0	cold	0.0	0	0
159	159	uniform	0	15	0	warm	0.0	0	0
159	159	uniform	0	23	0	cold	0.0	0	0
159	159	uniform	0	23	0	warm	0.0	0	0
159	159	uniform	1	0	0	cold	0.0	0	0
159	159	uniform	1	0	0	warm	0.0	0	0
159	159	uniform	1	7	0	cold	0.0	0	0
159	159	uniform	1	7	0	warm	0.0	0	0
159	159	uniform	1	15	0	cold	0.0	0	0
159	159	uniform	1	15	0	warm	0.0	0	0
159	159	uniform	1	23	0	cold	0.0	0	0
159	159	uniform	1	23	0	warm	0.0	0	0
159	159	uniform	2	0	0	cold	0.0	0	0
159	159	uniform	2	0	0	warm	0.0	0	0
159	159	uniform	2	7	0	cold	0.0	0	0
159	159	uniform	2	7	0	warm	0.0	0	0
159	159	uniform	2	15	0	cold	0.0	0	0
159	159	uniform	2	15	0	warm	0.0	0	0
159	159	uniform	2	23	0	cold	0.0	0	0
159	159	uniform	2	23	0	warm	8.198377205628613e-71	0	0
159	159	uniform	3	0	0	cold	0.0	0	0
159	159	uniform	3	0	0	warm	0.0	0	0
159	159	uniform	3	7	0	cold	0.0	0	0
159	159	uniform	3	7	0	warm	6.675013973045287e-68	0	0
159	159	uniform	3	15	0	cold	0.0	0	0
159	159	uniform	3	15	0	warm	1.3805735864072072e-67	0	0
159	159	uniform	3	23	0	cold	0.0	0	0
159	159	uniform	3	23	0	warm	1.2594055560174488e-67	0	0
159	159	uniform	4	0	0	cold	0.0	0	0
159	159	uniform	4	0	0	warm	0.0	0	0
159	159	uniform	4	7	0	cold	0.0	0	0
159	159	uniform	4	7	0	warm	0.0	0	0
159	159	uniform	4	15	0	cold	0.0	0	0
159	159	uniform	4	15	0	warm	0.0	0	0
159	159	uniform	4	23	0	cold	0.0	0	0
159	159	uniform	4	23	0	warm	0.0	0	0
160	160	linear	3	0	0	cold	0.0	0	0
160	160	linear	3	0	0	warm	0.0	0	0
160	160	linear	3	7	0	cold	0.0	0	0
160	160	linear	3	7	0	warm	1.445888956102078e-54	0	0
160	160	linear	3	15	0	cold	0.0	0	0
160	160	linear	3	15	0	warm	2.5235405087967378e-52	0	0
160	160	linear	3	23	0	cold	0.0	0	0
160	160	linear	3	23	0	warm	1.702944812536274e-52	0	0
160	160	linear	4	0	0	cold	0.0	0	0
160	160	linear	4	0	0	warm	0.0	0	0
160	160	linear	4	7	0	cold	0.0	0	0
160	160	linear	4	7	0	warm	5.863342928071251e-66	0	0
160	160	linear	4	15	0	cold	0.0	0	0
160	160	linear	4	15	0	warm	2.1002630687985067e-63	0	0
160	160	linear	4	23	0	cold	0.0	0	0
160	160	linear	4	23	0	warm	1.8378244281410868e-43	0	0
160	160	uniform	3	0	0	cold	0.0	0	0
160	160	uniform	3	0	0	warm	0.0	0	0
160	160	uniform	3	7	0	cold	0.0	0	0
160	160	uniform	3	7	0	warm	1.445888956102078e-54	0	0
160	160	uniform	3	15	0	cold	0.0	0	0
160	160	uniform	3	15	0	warm	2.5235405087967378e-52	0	0
160	160	uniform	3	23	0	cold	0.0	0	0
160	160	uniform	3	23	0	warm	1.702944812536274e-52	0	0
160	160	uniform	4	0	0	cold	0.0	0	0
160	160	uniform	4	0	0	warm	0.0	0	0
160	160	uniform	4	7	0	cold	0.0	0	0
160	160	uniform	4	7	0	warm	5.863342928071251e-66	0	0
160	160	uniform	4	15	0	cold	0.0	0	0
160	160	uniform	4	15	0	warm	2.1002630687985067e-63	0	0
160	160	uniform	4	23	0	cold	0.0	0	0
160	160	uniform	4	23	0	warm	1.8378244281410868e-43	0	0
161	161	linear	3	0	0	cold	0.0	0	0
161	161	linear	3	0	0	warm	0.0	0	0
161	161	linear	3	7	0	cold	0.0	0	0
161	161	linear	3	7	0	warm	3.8302536939926114e-49	0	0
161	161	linear	3	15	0	cold	0.0	0	0
161	161	linear	3	15	0	warm	1.8163032525399964e-48	0	0
161	161	linear	3	23	0	cold	0.0	0	0
161	161	linear	3	23	0	warm	1.2232858482303733e-45	0	0
161	161	linear	4	0	0	cold	0.0	0	0
161	161	linear	4	0	0	warm	0.0	0	0
161	161	linear	4	7	0	cold	0.0	0	0
161	161	linear	4	7	0	warm	2.0367422082773296e-63	0	0
161	161	linear	4	15	0	cold	0.0	0	0
161	161	linear	4	15	0	warm	4.105879985520896e-64	0	0
161	161	linear	4	23	0	cold	0.0	0	0
161	161	linear	4	23	0	warm	5.865678926234701e-63	0	0
161	161	uniform	3	0	0	cold	0.0	0	0
161	161	uniform	3	0	0	warm	0.0	0	0
161	161	uniform	3	7	0	cold	0.0	0	0
161	161	uniform	3	7	0	warm	3.8302536939926114e-49	0	0
161	161	uniform	3	15	0	cold	0.0	0	0
161	161	uniform	3	15	0	warm	1.8163032525399964e-48	0	0
161	161	uniform	3	23	0	cold	0.0	0	0
161	161	uniform	3	23	0	warm	1.2232858482303733e-45	0	0
161	161	uniform	4	0	0	cold	0.0	0	0
161	161	uniform	4	0	0	warm	0.0	0	0
161	161	uniform	4	7	0	cold	0.0	0	0
161	161	uniform	4	7	0	warm	2.0367422082773296e-63	0	0
161	161	uniform	4	15	0	cold	0.0	0	0
161	161	uniform	4	15	0	warm	4.105879985520896e-64	0	0
161	161	uniform	4	23	0	cold	0.0	0	0
161	161	uniform	4	23	0	warm	5.865678926234701e-63	0	0
162	162	linear	3	0	0	cold	0.0	0	0
162	162	linear	3	0	0	warm	0.0	0	0
162	162	linear	3	7	0	cold	0.0	0	0
162	162	linear	3	7	0	warm	4.568755077059895e-50	0	0
162	162	linear	3	15	0	cold	0.0	0	0
162	162	linear	3	15	0	warm	3.465255154147977e-45	0	0
162	162	linear	3	23	0	cold	0.0	0	0
162	162	linear	3	23	0	warm	1.1839602492443247e-46	0	0
162	162	linear	4	0	0	cold	0.0	0	0
162	162	linear	4	0	0	warm	0.0	0	0
162	162	linear	4	7	0	cold	0.0	0	0
162	162	linear	4	7	0	warm	2.8106005764194606e-55	0	0
162	162	linear	4	15	0	cold	0.0	0	0
162	162	linear	4	15	0	warm	8.466709176720912e-22	0	0
162	162	linear	4	23	0	cold	0.0	0	0
162	162	linear	4	23	0	warm	3.081505869971637e-42	0	0
162	162	uniform	3	0	0	cold	0.0	0	0
162	162	uniform	3	0	0	warm	0.0	0	0
162	162	uniform	3	7	0	cold	0.0	0	0
162	162	uniform	3	7	0	warm	4.568755077059895e-50	0	0
162	162	uniform	3	15	0	cold	0.0	0	0
162	162	uniform	3	15	0	warm	3.465255154147977e-45	0	0
162	162	uniform	3	23	0	cold	0.0	0	0
162	162	uniform	3	23	0	warm	1.1839602492443247e-46	0	0
162	162	uniform	4	0	0	cold	0.0	0	0
162	162	uniform	4	0	0	warm	0.0	0	0
162	162	uniform	4	7	0	cold	0.0	0	0
162	162	uniform	4	7	0	warm	2.8106005764194606e-55	0	0
162	162	uniform	4	15	0	cold	0.0	0	0
162	162	uniform	4	15	0	warm	8.466709176720912e-22	0	0
162	162	uniform	4	23	0	cold	0.0	0	0
162	162	uniform	4	23	0	warm	3.081505869971637e-42	0	0
163	163	linear	3	0	0	cold	0.0	0	0
163	163	linear	3	0	0	warm	0.0	0	0
163	163	linear	3	7	0	cold	0.0	0	0
163	163	linear	3	7	0	warm	3.8699999399692724e-58	0	0
163	163	linear	3	15	0	cold	0.0	0	0
163	163	linear	3	15	0	warm	1.742535640856321e-57	0	0
163	163	linear	3	23	0	cold	0.0	0	0
163	163	linear	3	23	0	warm	3.768416582159844e-58	0	0
163	163	linear	4	0	0	cold	0.0	0	0
163	163	linear	4	0	0	warm	0.0	0	0
163	163	linear	4	7	0	cold	0.0	0	0
163	163	linear	4	7	0	warm	2.4520317951753345e-52	0	0
163	163	linear	4	15	0	cold	0.0	0	0
163	163	linear	4	15	0	warm	3.329457256130211e-52	0	0
163	163	linear	4	23	0	cold	0.0	0	0
163	163	linear	4	23	0	warm	1.8317702620301108e-52	0	0
163	163	uniform	3	0	0	cold	0.0	0	0
163	163	uniform	3	0	0	warm	0.0	0	0
163	163	uniform	3	7	0	cold	0.0	0	0
163	163	uniform	3	7	0	warm	3.8699999399692724e-58	0	0
163	163	uniform	3	15	0	cold	0.0	0	0
163	163	uniform	3	15	0	warm	1.742535640856321e-57	0	0
163	163	uniform	3	23	0	cold	0.0	0	0
163	163	uniform	3	23	0	warm	3.768416582159844e-58	0	0
163	163	uniform	4	0	0	cold	0.0	0	0
163	163	uniform	4	0	0	warm	0.0	0	0
163	163	uniform	4	7	0	cold	0.0	0	0
163	163	uniform	4	7	0	warm	2.4520317951753345e-52	0	0
163	163	uniform	4	15	0	cold	0.0	0	0
163	163	uniform	4	15	0	warm	3.329457256130211e-52	0	0
163	163	uniform	4	23	0	cold	0.0	0	0
163	163	uniform	4	23	0	warm	1.8317702620301108e-52	0	0
164	164	linear	3	0	0	cold	0.0	0	0
164	164	linear	3	0	0	warm	0.0	0	0
164	164	linear	3	7	0	cold	0.0	0	0
164	164	linear	3	7	0	warm	4.833659172900727e-63	0	0
164	164	linear	3	15	0	cold	0.0	0	0
164	164	linear	3	15	0	warm	3.474573708765013e-64	0	0
164	164	linear	3	23	0	cold	0.0	0	0
164	164	linear	3	23	0	warm	1.1225893574495981e-64	0	0
164	164	linear	4	0	0	cold	0.0	0	0
164	164	linear	4	0	0	warm	0.0	0	0
164	164	linear	4	7	0	cold	0.0	0	0
164	164	linear	4	7	0	warm	9.799082964465889e-58	0	0
164	164	linear	4	15	0	cold	0.0	0	0
164	164	linear	4	15	0	warm	1.7048966735984443e-58	0	0
164	164	linear	4	23	0	cold	0.0	0	0
164	164	linear	4	23	0	warm	9.121894586974996e-57	0	0
164	164	uniform	3	0	0	cold	0.0	0	0
164	164	uniform	3	0	0	warm	0.0	0	0
164	164	uniform	3	7	0	cold	0.0	0	0
164	164	uniform	3	7	0	warm	4.833659172900727e-63	0	0
164	164	uniform	3	15	0	cold	0.0	0	0
164	164	uniform	3	15	0	warm	3.474573708765013e-64	0	0
164	164	uniform	3	23	0	cold	0.0	0	0
164	164	uniform	3	23	0	warm	1.1225893574495981e-64	0	0
164	164	uniform	4	0	0	cold	0.0	0	0
164	164	uniform	4	0	0	warm	0.0	0	0
164	164	uniform	4	7	0	cold	0.0	0	0
164	164	uniform	4	7	0	warm	9.799082964465889e-58	0	0
164	164	uniform	4	15	0	cold	0.0	0	0
164	164	uniform	4	15	0	warm	1.7048966735984443e-58	0	0
164	164	uniform	4	23	0	cold	0.0	0	0
164	164	uniform	4	23	0	warm	9.121894586974996e-57	0	0
165	165	linear	3	0	0	cold	0.0	0	0
165	165	linear	3	0	0	warm	0.0	0	0
165	165	linear	3	7	0	cold	0.0	0	0
165	165	linear	3	7	0	warm	1.4991250653108767e-61	0	0
165	165	linear	3	15	0	cold	0.0	0	0
165	165	linear	3	15	0	warm	1.280075733680617e-60	0	0
165	165	linear	3	23	0	cold	0.0	0	0
165	165	linear	3	23	0	warm	6.717156756296278e-59	0	0
165	165	linear	4	0	0	cold	0.0	0	0
165	165	linear	4	0	0	warm	0.0	0	0
165	165	linear	4	7	0	cold	0.0	0	0
165	165	linear	4	7	0	warm	1.315170859745361e-53	0	0
165	165	linear	4	15	0	cold	0.0	0	0
165	165	linear	4	15	0	warm	1.220888957441817e-50	0	0
165	165	linear	4	23	0	cold	0.0	0	0
165	165	linear	4	23	0	warm	1.0253130165753442e-51	0	0
165	165	uniform	3	0	0	cold	0.0	0	0
165	165	uniform	3	0	0	warm	0.0	0	0
165	165	uniform	3	7	0	cold	0.0	0	0
165	165	uniform	3	7	0	warm	1.4991250653108767e-61	0	0
165	165	uniform	3	15	0	cold	0.0	0	0
165	165	uniform	3	15	0	warm	1.280075733680617e-60	0	0
165	165	uniform	3	23	0	cold	0.0	0	0
165	165	uniform	3	23	0	warm	6.717156756296278e-59	0	0
165	165	uniform	4	0	0	cold	0.0	0	0
165	165	uniform	4	0	0	warm	0.0	0	0
165	165	uniform	4	7	0	cold	0.0	0	0
165	165	uniform	4	7	0	warm	1.315170859745361e-53	0	0
165	165	uniform	4	15	0	cold	0.0	0	0
165	165	uniform	4	15	0	warm	1.220888957441817e-50	0	0
165	165	uniform	4	23	0	cold	0.0	0	0
165	165	uniform	4	23	0	warm	1.0253130165753442e-51	0	0
166	166	linear	3	0	0	cold	0.0	0	0
166	166	linear	3	0	0	warm	0.0	0	0
166	166	linear	3	7	0	cold	0.0	0	0
166	166	linear	3	7	0	warm	7.24345168232521e-66	0	0
166	166	linear	3	15	0	cold	0.0	0	0
166	166	linear	3	15	0	warm	1.6759951201203483e-68	0	0
166	166	linear	3	23	0	cold	0.0	0	0
166	166	linear	3	23	0	warm	4.1012488998588765e-70	0	0
166	166	linear	4	0	0	cold	0.0	0	0
166	166	linear	4	0	0	warm	0.0	0	0
166	166	linear	4	7	0	cold	0.0	0	0
166	166	linear	4	7	0	warm	2.1971600665887712e-60	0	0
166	166	linear	4	15	0	cold	0.0	0	0
166	166	linear	4	15	0	warm	8.80450560716734e-61	0	0
166	166	linear	4	23	0	cold	0.0	0	0
166	166	linear	4	23	0	warm	1.0598020241242062e-59	0	0
166	166	uniform	3	0	0	cold	0.0	0	0
166	166	uniform	3	0	0	warm	0.0	0	0
166	166	uniform	3	7	0	cold	0.0	0	0
166	166	uniform	3	7	0	warm	7.24345168232521e-66	0	0
166	166	uniform	3	15	0	cold	0.0	0	0
166	166	uniform	3	15	0	warm	1.6759951201203483e-68	0	0
166	166	uniform	3	23	0	cold	0.0	0	0
166	166	uniform	3	23	0	warm	4.1012488998588765e-70	0	0
166	166	uniform	4	0	0	cold	0.0	0	0
166	166	uniform	4	0	0	warm	0.0	0	0
166	166	uniform	4	7	0	cold	0.0	0	0
166	166	uniform	4	7	0	warm	2.1971600665887712e-60	0	0
166	166	uniform	4	15	0	cold	0.0	0	0
166	166	uniform	4	15	0	warm	8.80450560716734e-61	0	0
166	166	uniform	4	23	0	cold	0.0	0	0
166	166	uniform	4	23	0	warm	1.0598020241242062e-59	0	0
167	167	linear	3	0	0	cold	0.0	0	0
167	167	linear	3	0	0	warm	0.0	0	0
167	167	linear	3	7	0	cold	0.0	0	0
167	167	linear	3	7	0	warm	6.164305942224952e-72	0	0
167	167	linear	3	15	0	cold	0.0	0	0
167	167	linear	3	15	0	warm	2.3939141878375263e-72	0	0
167	167	linear	3	23	0	cold	0.0	0	0
167	167	linear	3	23	0	warm	6.014493052541237e-73	0	0
167	167	linear	4	0	0	cold	0.0	0	0
167	167	linear	4	0	0	warm	0.0	0	0
167	167	linear	4	7	0	cold	0.0	0	0
167	167	linear	4	7	0	warm	8.696629029839143e-55	0	0
167	167	linear	4	15	0	cold	0.0	0	0
167	167	linear	4	15	0	warm	2.7304340892025783e-55	0	0
167	167	linear	4	23	0	cold	0.0	0	0
167	167	linear	4	23	0	warm	1.1402377189767612e-53	0	0
167	167	uniform	3	0	0	cold	0.0	0	0
167	167	uniform	3	0	0	warm	0.0	0	0
167	167	uniform	3	7	0	cold	0.0	0	0
167	167	uniform	3	7	0	warm	6.164305942224952e-72	0	0
167	167	uniform	3	15	0	cold	0.0	0	0
167	167	uniform	3	15	0	warm	2.3939141878375263e-72	0	0
167	167	uniform	3	23	0	cold	0.0	0	0
167	167	uniform	3	23	0	warm	6.014493052541237e-73	0	0
167	167	uniform	4	0	0	cold	0.0	0	0
167	167	uniform	4	0	0	warm	0.0	0	0
167	167	uniform	4	7	0	cold	0.0	0	0
167	167	uniform	4	7	0	warm	8.696629029839143e-55	0	0
167	167	uniform	4	15	0	cold	0.0	0	0
167	167	uniform	4	15	0	warm	2.7304340892025783e-55	0	0
167	167	uniform	4	23	0	cold	0.0	0	0
167	167	uniform	4	23	0	warm	1.1402377189767612e-53	0	0
168	168	linear	3	0	0	cold	0.0	0	0
168	168	linear	3	0	0	warm	0.0	0	0
168	168	linear	3	7	0	cold	0.0	0	0
168	168	linear	3	7	0	warm	5.2298102522327595e-55	0	0
168	168	linear	3	15	0	cold	0.0	0	0
168	168	linear	3	15	0	warm	3.863794106630371e-56	0	0
168	168	linear	3	23	0	cold	0.0	0	0
168	168	linear	3	23	0	warm	3.367957515762427e-57	0	0
168	168	linear	4	0	0	cold	0.0	0	0
168	168	linear	4	0	0	warm	0.0	0	0
168	168	linear	4	7	0	cold	0.0	0	0
168	168	linear	4	7	0	warm	5.491805900295129e-66	0	0
168	168	linear	4	15	0	cold	0.0	0	0
168	168	linear	4	15	0	warm	2.2428468706958904e-67	0	0
168	168	linear	4	23	0	cold	0.0	0	0
168	168	linear	4	23	0	warm	1.0594696026845488e-64	0	0
168	168	uniform	3	0	0	cold	0.0	0	0
168	168	uniform	3	0	0	warm	0.0	0	0
168	168	uniform	3	7	0	cold	0.0	0	0
168	168	uniform	3	7	0	warm	5.2298102522327595e-55	0	0
168	168	uniform	3	15	0	cold	0.0	0	0
168	168	uniform	3	15	0	warm	3.863794106630371e-56	0	0
168	168	uniform	3	23	0	cold	0.0	0	0
168	168	uniform	3	23	0	warm	3.367957515762427e-57	0	0
168	168	uniform	4	0	0	cold	0.0	0	0
168	168	uniform	4	0	0	warm	0.0	0	0
168	168	uniform	4	7	0	cold	0.0	0	0
168	168	uniform	4	7	0	warm	5.491805900295129e-66	0	0
168	168	uniform	4	15	0	cold	0.0	0	0
168	168	uniform	4	15	0	warm	2.2428468706958904e-67	0	0
168	168	uniform	4	23	0	cold	0.0	0	0
168	168	uniform	4	23	0	warm	1.0594696026845488e-64	0	0
169	169	linear	3	0	0	cold	0.0	0	0
169	169	linear	3	0	0	warm	0.0	0	0
169	169	linear	3	7	0	cold	0.0	0	0
169	169	linear	3	7	0	warm	9.074926875237575e-65	0	0
169	169	linear	3	15	0	cold	0.0	0	0
169	169	linear	3	15	0	warm	2.0586629691453166e-65	0	0
169	169	linear	3	23	0	cold	0.0	0	0
169	169	linear	3	23	0	warm	6.3019018379105e-66	0	0
169	169	linear	4	0	0	cold	0.0	0	0
169	169	linear	4	0	0	warm	0.0	0	0
169	169	linear	4	7	0	cold	0.0	0	0
169	169	linear	4	7	0	warm	9.362710706438131e-67	0	0
169	169	linear	4	15	0	cold	0.0	0	0
169	169	linear	4	15	0	warm	2.273914769764748e-65	0	0
169	169	linear	4	23	0	cold	0.0	0	0
169	169	linear	4	23	0	warm	1.0924614373046329e-65	0	0
169	169	uniform	3	0	0	cold	0.0	0	0
169	169	uniform	3	0	0	warm	0.0	0	0
169	169	uniform	3	7	0	cold	0.0	0	0
169	169	uniform	3	7	0	warm	9.074926875237575e-65	0	0
169	169	uniform	3	15	0	cold	0.0	0	0
169	169	uniform	3	15	0	warm	2.0586629691453166e-65	0	0
169	169	uniform	3	23	0	cold	0.0	0	0
169	169	uniform	3	23	0	warm	6.3019018379105e-66	0	0
169	169	uniform	4	0	0	cold	0.0	0	0
169	169	uniform	4	0	0	warm	0.0	0	0
169	169	uniform	4	7	0	cold	0.0	0	0
169	169	uniform	4	7	0	warm	9.362710706438131e-67	0	0
169	169	uniform	4	15	0	cold	0.0	0	0
169	169	uniform	4	15	0	warm	2.273914769764748e-65	0	0
169	169	uniform	4	23	0	cold	0.0	0	0
169	169	uniform	4	23	0	warm	1.0924614373046329e-65	0	0
170	170	linear	3	0	0	cold	0.0	0	0
170	170	linear	3	0	0	warm	0.0	0	0
170	170	linear	3	7	0	cold	0.0	0	0
170	170	linear	3	7	0	warm	7.0980328538365225e-56	0	0
170	170	linear	3	15	0	cold	0.0	0	0
170	170	linear	3	15	0	warm	4.977688575165577e-57	0	0
170	170	linear	3	23	0	cold	0.0	0	0
170	170	linear	3	23	0	warm	2.6961269822623173e-56	0	0
170	170	linear	4	0	0	cold	0.0	0	0
170	170	linear	4	0	0	warm	0.0	0	0
170	170	linear	4	7	0	cold	0.0	0	0
170	170	linear	4	7	0	warm	2.979943642294528e-55	0	0
170	170	linear	4	15	0	cold	0.0	0	0
170	170	linear	4	15	0	warm	9.351199842412899e-20	0	0
170	170	linear	4	23	0	cold	0.0	0	0
170	170	linear	4	23	0	warm	1.3358848924496098e-19	0	0
170	170	uniform	3	0	0	cold	0.0	0	0
170	170	uniform	3	0	0	warm	0.0	0	0
170	170	uniform	3	7	0	cold	0.0	0	0
170	170	uniform	3	7	0	warm	7.0980328538365225e-56	0	0
170	170	uniform	3	15	0	cold	0.0	0	0
170	170	uniform	3	15	0	warm	4.977688575165577e-57	0	0
170	170	uniform	3	23	0	cold	0.0	0	0
170	170	uniform	3	23	0	warm	2.6961269822623173e-56	0	0
170	170	uniform	4	0	0	cold	0.0	0	0
170	170	uniform	4	0	0	warm	0.0	0	0
170	170	uniform	4	7	0	cold	0.0	0	0
170	170	uniform	4	7	0	warm	2.979943642294528e-55	0	0
170	170	uniform	4	15	0	cold	0.0	0	0
170	170	uniform	4	15	0	warm	9.351199842412899e-20	0	0
170	170	uniform	4	23	0	cold	0.0	0	0
170	170	uniform	4	23	0	warm	1.3358848924496098e-19	0	0
171	171	linear	3	0	0	cold	0.0	0	0
171	171	linear	3	0	0	warm	0.0	0	0
171	171	linear	3	7	0	cold	0.0	0	0
171	171	linear	3	7	0	warm	1.7649385910296948e-60	0	0
171	171	linear	3	15	0	cold	0.0	0	0
171	171	linear	3	15	0	warm	3.316051052261367e-60	0	0
171	171	linear	3	23	0	cold	0.0	0	0
171	171	linear	3	23	0	warm	1.630135612886039e-61	0	0
171	171	linear	4	0	0	cold	0.0	0	0
171	171	linear	4	0	0	warm	0.0	0	0
171	171	linear	4	7	0	cold	0.0	0	0
171	171	linear	4	7	0	warm	3.5396693334966546e-52	0	0
171	171	linear	4	15	0	cold	0.0	0	0
171	171	linear	4	15	0	warm	1.1852133820582894e-51	0	0
171	171	linear	4	23	0	cold	0.0	0	0
171	171	linear	4	23	0	warm	4.7178893286321106e-52	0	0
171	171	uniform	3	0	0	cold	0.0	0	0
171	171	uniform	3	0	0	warm	0.0	0	0
171	171	uniform	3	7	0	cold	0.0	0	0
171	171	uniform	3	7	0	warm	1.7649385910296948e-60	0	0
171	171	uniform	3	15	0	cold	0.0	0	0
171	171	uniform	3	15	0	warm	3.316051052261367e-60	0	0
171	171	uniform	3	23	0	cold	0.0	0	0
171	171	uniform	3	23	0	warm	1.630135612886039e-61	0	0
171	171	uniform	4	0	0	cold	0.0	0	0
171	171	uniform	4	0	0	warm	0.0	0	0
171	171	uniform	4	7	0	cold	0.0	0	0
171	171	uniform	4	7	0	warm	3.5396693334966546e-52	0	0
171	171	uniform	4	15	0	cold	0.0	0	0
171	171	uniform	4	15	0	warm	1.1852133820582894e-51	0	0
171	171	uniform	4	23	0	cold	0.0	0	0
171	171	uniform	4	23	0	warm	4.7178893286321106e-52	0	0
172	172	linear	3	0	0	cold	0.0	0	0
172	172	linear	3	0	0	warm	0.0	0	0
172	172	linear	3	7	0	cold	0.0	0	0
172	172	linear	3	7	0	warm	2.7501006807889016e-61	0	0
172	172	linear	3	15	0	cold	0.0	0	0
172	172	linear	3	15	0	warm	1.1070702479369965e-60	0	0
172	172	linear	3	23	0	cold	0.0	0	0
172	172	linear	3	23	0	warm	2.038019225817842e-61	0	0
172	172	linear	4	0	0	cold	0.0	0	0
172	172	linear	4	0	0	warm	0.0	0	0
172	172	linear	4	7	0	cold	0.0	0	0
172	172	linear	4	7	0	warm	6.152829919931191e-52	0	0
172	172	linear	4	15	0	cold	0.0	0	0
172	172	linear	4	15	0	warm	9.478452872489416e-52	0	0
172	172	linear	4	23	0	cold	0.0	0	0
172	172	linear	4	23	0	warm	8.269161152065086e-51	0	0
172	172	uniform	3	0	0	cold	0.0	0	0
172	172	uniform	3	0	0	warm	0.0	0	0
172	172	uniform	3	7	0	cold	0.0	0	0
172	172	uniform	3	7	0	warm	2.7501006807889016e-61	0	0
172	172	uniform	3	15	0	cold	0.0	0	0
172	172	uniform	3	15	0	warm	1.1070702479369965e-60	0	0
172	172	uniform	3	23	0	cold	0.0	0	0
172	172	uniform	3	23	0	warm	2.038019225817842e-61	0	0
172	172	uniform	4	0	0	cold	0.0	0	0
172	172	uniform	4	0	0	warm	0.0	0	0
172	172	uniform	4	7	0	cold	0.0	0	0
172	172	uniform	4	7	0	warm	6.152829919931191e-52	0	0
172	172	uniform	4	15	0	cold	0.0	0	0
172	172	uniform	4	15	0	warm	9.478452872489416e-52	0	0
172	172	uniform	4	23	0	cold	0.0	0	0
172	172	uniform	4	23	0	warm	8.269161152065086e-51	0	0
173	173	linear	3	0	0	cold	0.0	0	0
173	173	linear	3	0	0	warm	0.0	0	0
173	173	linear	3	7	0	cold	0.0	0	0
173	173	linear	3	7	0	warm	1.307260039768765e-57	0	0
173	173	linear	3	15	0	cold	0.0	0	0
173	173	linear	3	15	0	warm	9.308285659978733e-56	0	0
173	173	linear	3	23	0	cold	0.0	0	0
173	173	linear	3	23	0	warm	5.355403464796866e-57	0	0
173	173	linear	4	0	0	cold	0.0	0	0
173	173	linear	4	0	0	warm	0.0	0	0
173	173	linear	4	7	0	cold	0.0	0	0
173	173	linear	4	7	0	warm	2.6668264005540574e-67	0	0
173	173	linear	4	15	0	cold	0.0	0	0
173	173	linear	4	15	0	warm	6.178895920127546e-68	0	0
173	173	linear	4	23	0	cold	0.0	0	0
173	173	linear	4	23	0	warm	8.4525509567621e-67	0	0
173	173	uniform	3	0	0	cold	0.0	0	0
173	173	uniform	3	0	0	warm	0.0	0	0
173	173	uniform	3	7	0	cold	0.0	0	0
173	173	uniform	3	7	0	warm	1.307260039768765e-57	0	0
173	173	uniform	3	15	0	cold	0.0	0	0
173	173	uniform	3	15	0	warm	9.308285659978733e-56	0	0
173	173	uniform	3	23	0	cold	0.0	0	0
173	173	uniform	3	23	0	warm	5.355403464796866e-57	0	0
173	173	uniform	4	0	0	cold	0.0	0	0
173	173	uniform	4	0	0	warm	0.0	0	0
173	173	uniform	4	7	0	cold	0.0	0	0
173	173	uniform	4	7	0	warm	2.6668264005540574e-67	0	0
173	173	uniform	4	15	0	cold	0.0	0	0
173	173	uniform	4	15	0	warm	6.178895920127546e-68	0	0
173	173	uniform	4	23	0	cold	0.0	0	0
173	173	uniform	4	23	0	warm	8.4525509567621e-67	0	0
174	174	linear	3	0	0	cold	0.0	0	0
174	174	linear	3	0	0	warm	0.0	0	0
174	174	linear	3	7	0	cold	0.0	0	0
174	174	linear	3	7	0	warm	1.179702645822709e-44	0	0
174	174	linear	3	15	0	cold	0.0	0	0
174	174	linear	3	15	0	warm	3.967241764827539e-46	0	0
174	174	linear	3	23	0	cold	0.0	0	0
174	174	linear	3	23	0	warm	1.3211988772787024e-47	0	0
174	174	linear	4	0	0	cold	0.0	0	0
174	174	linear	4	0	0	warm	0.0	0	0
174	174	linear	4	7	0	cold	0.0	0	0
174	174	linear	4	7	0	warm	7.29742405950707e-54	0	0
174	174	linear	4	15	0	cold	0.0	0	0
174	174	linear	4	15	0	warm	1.1433717500423783e-54	0	0
174	174	linear	4	23	0	cold	0.0	0	0
174	174	linear	4	23	0	warm	5.997140117319063e-54	0	0
174	174	uniform	3	0	0	cold	0.0	0	0
174	174	uniform	3	0	0	warm	0.0	0	0
174	174	uniform	3	7	0	cold	0.0	0	0
174	174	uniform	3	7	0	warm	1.179702645822709e-44	0	0
174	174	uniform	3	15	0	cold	0.0	0	0
174	174	uniform	3	15	0	warm	3.967241764827539e-46	0	0
174	174	uniform	3	23	0	cold	0.0	0	0
174	174	uniform	3	23	0	warm	1.3211988772787024e-47	0	0
174	174	uniform	4	0	0	cold	0.0	0	0
174	174	uniform	4	0	0	warm	0.0	0	0
174	174	uniform	4	7	0	cold	0.0	0	0
174	174	uniform	4	7	0	warm	7.29742405950707e-54	0	0
174	174	uniform	4	15	0	cold	0.0	0	0
174	174	uniform	4	15	0	warm	1.1433717500423783e-54	0	0
174	174	uniform	4	23	0	cold	0.0	0	0
174	174	uniform	4	23	0	warm	5.997140117319063e-54	0	0
175	175	linear	3	0	0	cold	0.0	0	0
175	175	linear	3	0	0	warm	0.0	0	0
175	175	linear	3	7	0	cold	0.0	0	0
175	175	linear	3	7	0	warm	2.5205348742337674e-64	0	0
175	175	linear	3	15	0	cold	0.0	0	0
175	175	linear	3	15	0	warm	1.08982308076814e-65	0	0
175	175	linear	3	23	0	cold	0.0	0	0
175	175	linear	3	23	0	warm	1.6431994713890284e-64	0	0
175	175	linear	4	0	0	cold	0.0	0	0
175	175	linear	4	0	0	warm	0.0	0	0
175	175	linear	4	7	0	cold	0.0	0	0
175	175	linear	4	7	0	warm	1.0827051748984406e-62	0	0
175	175	linear	4	15	0	cold	0.0	0	0
175	175	linear	4	15	0	warm	1.2921405501952922e-63	0	0
175	175	linear	4	23	0	cold	0.0	0	0
175	175	linear	4	23	0	warm	8.163071477168883e-64	0	0
175	175	uniform	3	0	0	cold	0.0	0	0
175	175	uniform	3	0	0	warm	0.0	0	0
175	175	uniform	3	7	0	cold	0.0	0	0
175	175	uniform	3	7	0	warm	2.5205348742337674e-64	0	0
175	175	uniform	3	15	0	cold	0.0	0	0
175	175	uniform	3	15	0	warm	1.08982308076814e-65	0	0
175	175	uniform	3	23	0	cold	0.0	0	0
175	175	uniform	3	23	0	warm	1.6431994713890284e-64	0	0
175	175	uniform	4	0	0	cold	0.0	0	0
175	175	uniform	4	0	0	warm	0.0	0	0
175	175	uniform	4	7	0	cold	0.0	0	0
175	175	uniform	4	7	0	warm	1.0827051748984406e-62	0	0
175	175	uniform	4	15	0	cold	0.0	0	0
175	175	uniform	4	15	0	warm	1.2921405501952922e-63	0	0
175	175	uniform	4	23	0	cold	0.0	0	0
175	175	uniform	4	23	0	warm	8.163071477168883e-64	0	0
176	176	linear	3	0	0	cold	0.0	0	0
176	176	linear	3	0	0	warm	0.0	0	0
176	176	linear	3	7	0	cold	0.0	0	0
176	176	linear	3	7	0	warm	6.363459736073274e-58	0	0
176	176	linear	3	15	0	cold	0.0	0	0
176	176	linear	3	15	0	warm	1.5936551818295557e-59	0	0
176	176	linear	3	23	0	cold	0.0	0	0
176	176	linear	3	23	0	warm	5.0526245791863e-59	0	0
176	176	linear	4	0	0	cold	0.0	0	0
176	176	linear	4	0	0	warm	0.0	0	0
176	176	linear	4	7	0	cold	0.0	0	0
176	176	linear	4	7	0	warm	1.109643555904493e-56	0	0
176	176	linear	4	15	0	cold	0.0	0	0
176	176	linear	4	15	0	warm	2.57036741103794e-56	0	0
176	176	linear	4	23	0	cold	0.0	0	0
176	176	linear	4	23	0	warm	1.8702732792980208e-57	0	0
176	176	uniform	3	0	0	cold	0.0	0	0
176	176	uniform	3	0	0	warm	0.0	0	0
176	176	uniform	3	7	0	cold	0.0	0	0
176	176	uniform	3	7	0	warm	6.363459736073274e-58	0	0
176	176	uniform	3	15	0	cold	0.0	0	0
176	176	uniform	3	15	0	warm	1.5936551818295557e-59	0	0
176	176	uniform	3	23	0	cold	0.0	0	0
176	176	uniform	3	23	0	warm	5.0526245791863e-59	0	0
176	176	uniform	4	0	0	cold	0.0	0	0
176	176	uniform	4	0	0	warm	0.0	0	0
176	176	uniform	4	7	0	cold	0.0	0	0
176	176	uniform	4	7	0	warm	1.109643555904493e-56	0	0
176	176	uniform	4	15	0	cold	0.0	0	0
176	176	uniform	4	15	0	warm	2.57036741103794e-56	0	0
176	176	uniform	4	23	0	cold	0.0	0	0
176	176	uniform	4	23	0	warm	1.8702732792980208e-57	0	0
177	177	linear	3	0	0	cold	0.0	0	0
177	177	linear	3	0	0	warm	0.0	0	0
177	177	linear	3	7	0	cold	0.0	0	0
177	177	linear	3	7	0	warm	1.0515165747873545e-67	0	0
177	177	linear	3	15	0	cold	0.0	0	0
177	177	linear	3	15	0	warm	4.5949749862155795e-67	0	0
177	177	linear	3	23	0	cold	0.0	0	0
177	177	linear	3	23	0	warm	3.02724239158432e-67	0	0
177	177	linear	4	0	0	cold	0.0	0	0
177	177	linear	4	0	0	warm	0.0	0	0
177	177	linear	4	7	0	cold	0.0	0	0
177	177	linear	4	7	0	warm	4.91015116839701e-68	0	0
177	177	linear	4	15	0	cold	0.0	0	0
177	177	linear	4	15	0	warm	2.94927725913508e-65	0	0
177	177	linear	4	23	0	cold	0.0	0	0
177	177	linear	4	23	0	warm	1.1331352297577437e-64	0	0
177	177	uniform	3	0	0	cold	0.0	0	0
177	177	uniform	3	0	0	warm	0.0	0	0
177	177	uniform	3	7	0	cold	0.0	0	0
177	177	uniform	3	7	0	warm	1.0515165747873545e-67	0	0
177	177	uniform	3	15	0	cold	0.0	0	0
177	177	uniform	3	15	0	warm	4.5949749862155795e-67	0	0
177	177	uniform	3	23	0	cold	0.0	0	0
177	177	uniform	3	23	0	warm	3.02724239158432e-67	0	0
177	177	uniform	4	0	0	cold	0.0	0	0
177	177	uniform	4	0	0	warm	0.0	0	0
177	177	uniform	4	7	0	cold	0.0	0	0
177	177	uniform	4	7	0	warm	4.91015116839701e-68	0	0
177	177	uniform	4	15	0	cold	0.0	0	0
177	177	uniform	4	15	0	warm	2.94927725913508e-65	0	0
177	177	uniform	4	23	0	cold	0.0	0	0
177	177	uniform	4	23	0	warm	1.1331352297577437e-64	0	0
178	178	linear	3	0	0	cold	0.0	0	0
178	178	linear	3	0	0	warm	0.0	0	0
178	178	linear	3	7	0	cold	0.0	0	0
178	178	linear	3	7	0	warm	1.1143574855225992e-60	0	0
178	178	linear	3	15	0	cold	0.0	0	0
178	178	linear	3	15	0	warm	3.857788998319943e-61	0	0
178	178	linear	3	23	0	cold	0.0	0	0
178	178	linear	3	23	0	warm	7.178148195371399e-60	0	0
178	178	linear	4	0	0	cold	0.0	0	0
178	178	linear	4	0	0	warm	0.0	0	0
178	178	linear	4	7	0	cold	0.0	0	0
178	178	linear	4	7	0	warm	2.864899376470098e-66	0	0
178	178	linear	4	15	0	cold	0.0	0	0
178	178	linear	4	15	0	warm	1.260952080536618e-67	0	0
178	178	linear	4	23	0	cold	0.0	0	0
178	178	linear	4	23	0	warm	8.490887677266278e-66	0	0
178	178	uniform	3	0	0	cold	0.0	0	0
178	178	uniform	3	0	0	warm	0.0	0	0
178	178	uniform	3	7	0	cold	0.0	0	0
178	178	uniform	3	7	0	warm	1.1143574855225992e-60	0	0
178	178	uniform	3	15	0	cold	0.0	0	0
178	178	uniform	3	15	0	warm	3.857788998319943e-61	0	0
178	178	uniform	3	23	0	cold	0.0	0	0
178	178	uniform	3	23	0	warm	7.178148195371399e-60	0	0
178	178	uniform	4	0	0	cold	0.0	0	0
178	178	uniform	4	0	0	warm	0.0	0	0
178	178	uniform	4	7	0	cold	0.0	0	0
178	178	uniform	4	7	0	warm	2.864899376470098e-66	0	0
178	178	uniform	4	15	0	cold	0.0	0	0
178	178	uniform	4	15	0	warm	1.260952080536618e-67	0	0
178	178	uniform	4	23	0	cold	0.0	0	0
178	178	uniform	4	23	0	warm	8.490887677266278e-66	0	0
179	179	linear	3	0	0	cold	0.0	0	0
179	179	linear	3	0	0	warm	0.0	0	0
179	179	linear	3	7	0	cold	0.0	0	0
179	179	linear	3	7	0	warm	2.645544606739999e-65	0	0
179	179	linear	3	15	0	cold	0.0	0	0
179	179	linear	3	15	0	warm	9.307247201670527e-66	0	0
179	179	linear	3	23	0	cold	0.0	0	0
179	179	linear	3	23	0	warm	1.194506519823671e-65	0	0
179	179	linear	4	0	0	cold	0.0	0	0
179	179	linear	4	0	0	warm	0.0	0	0
179	179	linear	4	7	0	cold	0.0	0	0
179	179	linear	4	7	0	warm	6.139122455401213e-56	0	0
179	179	linear	4	15	0	cold	0.0	0	0
179	179	linear	4	15	0	warm	1.957387691311423e-57	0	0
179	179	linear	4	23	0	cold	0.0	0	0
179	179	linear	4	23	0	warm	3.385309476825764e-57	0	0
179	179	uniform	3	0	0	cold	0.0	0	0
179	179	uniform	3	0	0	warm	0.0	0	0
179	179	uniform	3	7	0	cold	0.0	0	0
179	179	uniform	3	7	0	warm	2.645544606739999e-65	0	0
179	179	uniform	3	15	0	cold	0.0	0	0
179	179	uniform	3	15	0	warm	9.307247201670527e-66	0	0
179	179	uniform	3	23	0	cold	0.0	0	0
179	179	uniform	3	23	0	warm	1.194506519823671e-65	0	0
179	179	uniform	4	0	0	cold	0.0	0	0
179	179	uniform	4	0	0	warm	0.0	0	0
179	179	uniform	4	7	0	cold	0.0	0	0
179	179	uniform	4	7	0	warm	6.139122455401213e-56	0	0
179	179	uniform	4	15	0	cold	0.0	0	0
179	179	uniform	4	15	0	warm	1.957387691311423e-57	0	0
179	179	uniform	4	23	0	cold	0.0	0	0
179	179	uniform	4	23	0	warm	3.385309476825764e-57	0	0
180	180	linear	3	0	0	cold	0.0	0	0
180	180	linear	3	0	0	warm	0.0	0	0
180	180	linear	3	7	0	cold	0.0	0	0
180	180	linear	3	7	0	warm	4.0051328814647974e-51	0	0
180	180	linear	3	15	0	cold	0.0	0	0
180	180	linear	3	15	0	warm	7.423629362935488e-49	0	0
180	180	linear	3	23	0	cold	0.0	0	0
180	180	linear	3	23	0	warm	6.722719946176445e-50	0	0
180	180	linear	4	0	0	cold	0.0	0	0
180	180	linear	4	0	0	warm	0.0	0	0
180	180	linear	4	7	0	cold	0.0	0	0
180	180	linear	4	7	0	warm	1.8842458238148294e-58	0	0
180	180	linear	4	15	0	cold	0.0	0	0
180	180	linear	4	15	0	warm	5.840727831078447e-61	0	0
180	180	linear	4	23	0	cold	0.0	0	0
180	180	linear	4	23	0	warm	2.1931449226021067e-65	0	0
180	180	uniform	3	0	0	cold	0.0	0	0
180	180	uniform	3	0	0	warm	0.0	0	0
180	180	uniform	3	7	0	cold	0.0	0	0
180	180	uniform	3	7	0	warm	4.0051328814647974e-51	0	0
180	180	uniform	3	15	0	cold	0.0	0	0
180	180	uniform	3	15	0	warm	7.423629362935488e-49	0	0
180	180	uniform	3	23	0	cold	0.0	0	0
180	180	uniform	3	23	0	warm	6.722719946176445e-50	0	0
180	180	uniform	4	0	0	cold	0.0	0	0
180	180	uniform	4	0	0	warm	0.0	0	0
180	180	uniform	4	7	0	cold	0.0	0	0
180	180	uniform	4	7	0	warm	1.8842458238148294e-58	0	0
180	180	uniform	4	15	0	cold	0.0	0	0
180	180	uniform	4	15	0	warm	5.840727831078447e-61	0	0
180	180	uniform	4	23	0	cold	0.0	0	0
180	180	uniform	4	23	0	warm	2.1931449226021067e-65	0	0
181	181	linear	3	0	0	cold	0.0	0	0
181	181	linear	3	0	0	warm	0.0	0	0
181	181	linear	3	7	0	cold	0.0	0	0
181	181	linear	3	7	0	warm	1.5903767615413389e-62	0	0
181	181	linear	3	15	0	cold	0.0	0	0
181	181	linear	3	15	0	warm	1.4712109057973885e-62	0	0
181	181	linear	3	23	0	cold	0.0	0	0
181	181	linear	3	23	0	warm	4.709458317128616e-62	0	0
181	181	linear	4	0	0	cold	0.0	0	0
181	181	linear	4	0	0	warm	0.0	0	0
181	181	linear	4	7	0	cold	0.0	0	0
181	181	linear	4	7	0	warm	3.751320283873648e-75	0	0
181	181	linear	4	15	0	cold	0.0	0	0
181	181	linear	4	15	0	warm	7.051968910602076e-75	0	0
181	181	linear	4	23	0	cold	0.0	0	0
181	181	linear	4	23	0	warm	4.399851200932656e-73	0	0
181	181	uniform	3	0	0	cold	0.0	0	0
181	181	uniform	3	0	0	warm	0.0	0	0
181	181	uniform	3	7	0	cold	0.0	0	0
181	181	uniform	3	7	0	warm	1.5903767615413389e-62	0	0
181	181	uniform	3	15	0	cold	0.0	0	0
181	181	uniform	3	15	0	warm	1.4712109057973885e-62	0	0
181	181	uniform	3	23	0	cold	0.0	0	0
181	181	uniform	3	23	0	warm	4.709458317128616e-62	0	0
181	181	uniform	4	0	0	cold	0.0	0	0
181	181	uniform	4	0	0	warm	0.0	0	0
181	181	uniform	4	7	0	cold	0.0	0	0
181	181	uniform	4	7	0	warm	3.751320283873648e-75	0	0
181	181	uniform	4	15	0	cold	0.0	0	0
181	181	uniform	4	15	0	warm	7.051968910602076e-75	0	0
181	181	uniform	4	23	0	cold	0.0	0	0
181	181	uniform	4	23	0	warm	4.399851200932656e-73	0	0
182	182	linear	3	0	0	cold	0.0	0	0
182	182	linear	3	0	0	warm	0.0	0	0
182	182	linear	3	7	0	cold	0.0	0	0
182	182	linear	3	7	0	warm	9.169530556598028e-73	0	0
182	182	linear	3	15	0	cold	0.0	0	0
182	182	linear	3	15	0	warm	2.766929716626722e-75	0	0
182	182	linear	3	23	0	cold	0.0	0	0
182	182	linear	3	23	0	warm	1.4235806758609025e-73	0	0
182	182	linear	4	0	0	cold	0.0	0	0
182	182	linear	4	0	0	warm	0.0	0	0
182	182	linear	4	7	0	cold	0.0	0	0
182	182	linear	4	7	0	warm	1.556613488958783e-60	0	0
182	182	linear	4	15	0	cold	0.0	0	0
182	182	linear	4	15	0	warm	2.5933755762887737e-61	0	0
182	182	linear	4	23	0	cold	0.0	0	0
182	182	linear	4	23	0	warm	1.5451978501770497e-62	0	0
182	182	uniform	3	0	0	cold	0.0	0	0
182	182	uniform	3	0	0	warm	0.0	0	0
182	182	uniform	3	7	0	cold	0.0	0	0
182	182	uniform	3	7	0	warm	9.169530556598028e-73	0	0
182	182	uniform	3	15	0	cold	0.0	0	0
182	182	uniform	3	15	0	warm	2.766929716626722e-75	0	0
182	182	uniform	3	23	0	cold	0.0	0	0
182	182	uniform	3	23	0	warm	1.4235806758609025e-73	0	0
182	182	uniform	4	0	0	cold	0.0	0	0
182	182	uniform	4	0	0	warm	0.0	0	0
182	182	uniform	4	7	0	cold	0.0	0	0
182	182	uniform	4	7	0	warm	1.556613488958783e-60	0	0
182	182	uniform	4	15	0	cold	0.0	0	0
182	182	uniform	4	15	0	warm	2.5933755762887737e-61	0	0
182	182	uniform	4	23	0	cold	0.0	0	0
182	182	uniform	4	23	0	warm	1.5451978501770497e-62	0	0
183	183	linear	3	0	0	cold	0.0	0	0
183	183	linear	3	0	0	warm	0.0	0	0
183	183	linear	3	7	0	cold	0.0	0	0
183	183	linear	3	7	0	warm	2.5822846161184226e-48	0	0
183	183	linear	3	15	0	cold	0.0	0	0
183	183	linear	3	15	0	warm	4.5547550684696145e-50	0	0
183	183	linear	3	23	0	cold	0.0	0	0
183	183	linear	3	23	0	warm	2.231263769751949e-49	0	0
183	183	linear	4	0	0	cold	0.0	0	0
183	183	linear	4	0	0	warm	0.0	0	0
183	183	linear	4	7	0	cold	0.0	0	0
183	183	linear	4	7	0	warm	3.2138397216782087e-59	0	0
183	183	linear	4	15	0	cold	0.0	0	0
183	183	linear	4	15	0	warm	2.1790413247152125e-57	0	0
183	183	linear	4	23	0	cold	0.0	0	0
183	183	linear	4	23	0	warm	2.0714714009534953e-61	0	0
183	183	uniform	3	0	0	cold	0.0	0	0
183	183	uniform	3	0	0	warm	0.0	0	0
183	183	uniform	3	7	0	cold	0.0	0	0
183	183	uniform	3	7	0	warm	2.5822846161184226e-48	0	0
183	183	uniform	3	15	0	cold	0.0	0	0
183	183	uniform	3	15	0	warm	4.5547550684696145e-50	0	0
183	183	uniform	3	23	0	cold	0.0	0	0
183	183	uniform	3	23	0	warm	2.231263769751949e-49	0	0
183	183	uniform	4	0	0	cold	0.0	0	0
183	183	uniform	4	0	0	warm	0.0	0	0
183	183	uniform	4	7	0	cold	0.0	0	0
183	183	uniform	4	7	0	warm	3.2138397216782087e-59	0	0
183	183	uniform	4	15	0	cold	0.0	0	0
183	183	uniform	4	15	0	warm	2.1790413247152125e-57	0	0
183	183	uniform	4	23	0	cold	0.0	0	0
183	183	uniform	4	23	0	warm	2.0714714009534953e-61	0	0
184	184	linear	3	0	0	cold	0.0	0	0
184	184	linear	3	0	0	warm	0.0	0	0
184	184	linear	3	7	0	cold	0.0	0	0
184	184	linear	3	7	0	warm	4.3800661657295436e-66	0	0
184	184	linear	3	15	0	cold	0.0	0	0
184	184	linear	3	15	0	warm	8.858032105256693e-67	0	0
184	184	linear	3	23	0	cold	0.0	0	0
184	184	linear	3	23	0	warm	9.056062820451699e-68	0	0
184	184	linear	4	0	0	cold	0.0	0	0
184	184	linear	4	0	0	warm	0.0	0	0
184	184	linear	4	7	0	cold	0.0	0	0
184	184	linear	4	7	0	warm	2.7630065057694223e-62	0	0
184	184	linear	4	15	0	cold	0.0	0	0
184	184	linear	4	15	0	warm	2.29506742961788e-61	0	0
184	184	linear	4	23	0	cold	0.0	0	0
184	184	linear	4	23	0	warm	9.1312952169114e-62	0	0
184	184	uniform	3	0	0	cold	0.0	0	0
184	184	uniform	3	0	0	warm	0.0	0	0
184	184	uniform	3	7	0	cold	0.0	0	0
184	184	uniform	3	7	0	warm	4.3800661657295436e-66	0	0
184	184	uniform	3	15	0	cold	0.0	0	0
184	184	uniform	3	15	0	warm	8.858032105256693e-67	0	0
184	184	uniform	3	23	0	cold	0.0	0	0
184	184	uniform	3	23	0	warm	9.056062820451699e-68	0	0
184	184	uniform	4	0	0	cold	0.0	0	0
184	184	uniform	4	0	0	warm	0.0	0	0
184	184	uniform	4	7	0	cold	0.0	0	0
184	184	uniform	4	7	0	warm	2.7630065057694223e-62	0	0
184	184	uniform	4	15	0	cold	0.0	0	0
184	184	uniform	4	15	0	warm	2.29506742961788e-61	0	0
184	184	uniform	4	23	0	cold	0.0	0	0
184	184	uniform	4	23	0	warm	9.1312952169114e-62	0	0
185	185	linear	3	0	0	cold	0.0	0	0
185	185	linear	3	0	0	warm	0.0	0	0
185	185	linear	3	7	0	cold	0.0	0	0
185	185	linear	3	7	0	warm	1.895587706864616e-56	0	0
185	185	linear	3	15	0	cold	0.0	0	0
185	185	linear	3	15	0	warm	7.579265140615557e-57	0	0
185	185	linear	3	23	0	cold	0.0	0	0
185	185	linear	3	23	0	warm	3.5355783605373075e-57	0	0
185	185	linear	4	0	0	cold	0.0	0	0
185	185	linear	4	0	0	warm	0.0	0	0
185	185	linear	4	7	0	cold	0.0	0	0
185	185	linear	4	7	0	warm	4.4932847422696024e-66	0	0
185	185	linear	4	15	0	cold	0.0	0	0
185	185	linear	4	15	0	warm	2.6090059671262176e-67	0	0
185	185	linear	4	23	0	cold	0.0	0	0
185	185	linear	4	23	0	warm	2.946172481748405e-68	0	0
185	185	uniform	3	0	0	cold	0.0	0	0
185	185	uniform	3	0	0	warm	0.0	0	0
185	185	uniform	3	7	0	cold	0.0	0	0
185	185	uniform	3	7	0	warm	1.895587706864616e-56	0	0
185	185	uniform	3	15	0	cold	0.0	0	0
185	185	uniform	3	15	0	warm	7.579265140615557e-57	0	0
185	185	uniform	3	23	0	cold	0.0	0	0
185	185	uniform	3	23	0	warm	3.5355783605373075e-57	0	0
185	185	uniform	4	0	0	cold	0.0	0	0
185	185	uniform	4	0	0	warm	0.0	0	0
185	185	uniform	4	7	0	cold	0.0	0	0
185	185	uniform	4	7	0	warm	4.4932847422696024e-66	0	0
185	185	uniform	4	15	0	cold	0.0	0	0
185	185	uniform	4	15	0	warm	2.6090059671262176e-67	0	0
185	185	uniform	4	23	0	cold	0.0	0	0
185	185	uniform	4	23	0	warm	2.946172481748405e-68	0	0
186	186	linear	3	0	0	cold	0.0	0	0
186	186	linear	3	0	0	warm	0.0	0	0
186	186	linear	3	7	0	cold	0.0	0	0
186	186	linear	3	7	0	warm	8.718905132116027e-62	0	0
186	186	linear	3	15	0	cold	0.0	0	0
186	186	linear	3	15	0	warm	1.628250918324046e-61	0	0
186	186	linear	3	23	0	cold	0.0	0	0
186	186	linear	3	23	0	warm	2.0989728180075528e-61	0	0
186	186	linear	4	0	0	cold	0.0	0	0
186	186	linear	4	0	0	warm	0.0	0	0
186	186	linear	4	7	0	cold	0.0	0	0
186	186	linear	4	7	0	warm	6.620245504666845e-53	0	0
186	186	linear	4	15	0	cold	0.0	0	0
186	186	linear	4	15	0	warm	1.8818281493480974e-51	0	0
186	186	linear	4	23	0	cold	0.0	0	0
186	186	linear	4	23	0	warm	5.423469556203944e-52	0	0
186	186	uniform	3	0	0	cold	0.0	0	0
186	186	uniform	3	0	0	warm	0.0	0	0
186	186	uniform	3	7	0	cold	0.0	0	0
186	186	uniform	3	7	0	warm	8.718905132116027e-62	0	0
186	186	uniform	3	15	0	cold	0.0	0	0
186	186	uniform	3	15	0	warm	1.628250918324046e-61	0	0
186	186	uniform	3	23	0	cold	0.0	0	0
186	186	uniform	3	23	0	warm	2.0989728180075528e-61	0	0
186	186	uniform	4	0	0	cold	0.0	0	0
186	186	uniform	4	0	0	warm	0.0	0	0
186	186	uniform	4	7	0	cold	0.0	0	0
186	186	uniform	4	7	0	warm	6.620245504666845e-53	0	0
186	186	uniform	4	15	0	cold	0.0	0	0
186	186	uniform	4	15	0	warm	1.8818281493480974e-51	0	0
186	186	uniform	4	23	0	cold	0.0	0	0
186	186	uniform	4	23	0	warm	5.423469556203944e-52	0	0
187	187	linear	3	0	0	cold	0.0	0	0
187	187	linear	3	0	0	warm	0.0	0	0
187	187	linear	3	7	0	cold	0.0	0	0
187	187	linear	3	7	0	warm	5.661531797972091e-59	0	0
187	187	linear	3	15	0	cold	0.0	0	0
187	187	linear	3	15	0	warm	1.5489969479587497e-59	0	0
187	187	linear	3	23	0	cold	0.0	0	0
187	187	linear	3	23	0	warm	2.0059402002659675e-59	0	0
187	187	linear	4	0	0	cold	0.0	0	0
187	187	linear	4	0	0	warm	0.0	0	0
187	187	linear	4	7	0	cold	0.0	0	0
187	187	linear	4	7	0	warm	1.3636635376633252e-55	0	0
187	187	linear	4	15	0	cold	0.0	0	0
187	187	linear	4	15	0	warm	4.0849312375112585e-55	0	0
187	187	linear	4	23	0	cold	0.0	0	0
187	187	linear	4	23	0	warm	5.7862993455779324e-55	0	0
187	187	uniform	3	0	0	cold	0.0	0	0
187	187	uniform	3	0	0	warm	0.0	0	0
187	187	uniform	3	7	0	cold	0.0	0	0
187	187	uniform	3	7	0	warm	5.661531797972091e-59	0	0
187	187	uniform	3	15	0	cold	0.0	0	0
187	187	uniform	3	15	0	warm	1.5489969479587497e-59	0	0
187	187	uniform	3	23	0	cold	0.0	0	0
187	187	uniform	3	23	0	warm	2.0059402002659675e-59	0	0
187	187	uniform	4	0	0	cold	0.0	0	0
187	187	uniform	4	0	0	warm	0.0	0	0
187	187	uniform	4	7	0	cold	0.0	0	0
187	187	uniform	4	7	0	warm	1.3636635376633252e-55	0	0
187	187	uniform	4	15	0	cold	0.0	0	0
187	187	uniform	4	15	0	warm	4.0849312375112585e-55	0	0
187	187	uniform	4	23	0	cold	0.0	0	0
187	187	uniform	4	23	0	warm	5.7862993455779324e-55	0	0
188	188	linear	3	0	0	cold	0.0	0	0
188	188	linear	3	0	0	warm	0.0	0	0
188	188	linear	3	7	0	cold	0.0	0	0
188	188	linear	3	7	0	warm	1.0556156452723884e-55	0	0
188	188	linear	3	15	0	cold	0.0	0	0
188	188	linear	3	15	0	warm	5.100962824538792e-57	0	0
188	188	linear	3	23	0	cold	0.0	0	0
188	188	linear	3	23	0	warm	2.2862718458570217e-56	0	0
188	188	linear	4	0	0	cold	0.0	0	0
188	188	linear	4	0	0	warm	0.0	0	0
188	188	linear	4	7	0	cold	0.0	0	0
188	188	linear	4	7	0	warm	7.970834109109042e-42	0	0
188	188	linear	4	15	0	cold	0.0	0	0
188	188	linear	4	15	0	warm	1.6458234818970296e-42	0	0
188	188	linear	4	23	0	cold	0.0	0	0
188	188	linear	4	23	0	warm	1.0590860341973146e-45	0	0
188	188	uniform	3	0	0	cold	0.0	0	0
188	188	uniform	3	0	0	warm	0.0	0	0
188	188	uniform	3	7	0	cold	0.0	0	0
188	188	uniform	3	7	0	warm	1.0556156452723884e-55	0	0
188	188	uniform	3	15	0	cold	0.0	0	0
188	188	uniform	3	15	0	warm	5.100962824538792e-57	0	0
188	188	uniform	3	23	0	cold	0.0	0	0
188	188	uniform	3	23	0	warm	2.2862718458570217e-56	0	0
188	188	uniform	4	0	0	cold	0.0	0	0
188	188	uniform	4	0	0	warm	0.0	0	0
188	188	uniform	4	7	0	cold	0.0	0	0
188	188	uniform	4	7	0	warm	7.970834109109042e-42	0	0
188	188	uniform	4	15	0	cold	0.0	0	0
188	188	uniform	4	15	0	warm	1.6458234818970296e-42	0	0
188	188	uniform	4	23	0	cold	0.0	0	0
188	188	uniform	4	23	0	warm	1.0590860341973146e-45	0	0
189	189	linear	3	0	0	cold	0.0	0	0
189	189	linear	3	0	0	warm	0.0	0	0
189	189	linear	3	7	0	cold	0.0	0	0
189	189	linear	3	7	0	warm	2.0362430630833215e-58	0	0
189	189	linear	3	15	0	cold	0.0	0	0
189	189	linear	3	15	0	warm	3.173847209588008e-54	0	0
189	189	linear	3	23	0	cold	0.0	0	0
189	189	linear	3	23	0	warm	9.308564731020502e-58	0	0
189	189	linear	4	0	0	cold	0.0	0	0
189	189	linear	4	0	0	warm	0.0	0	0
189	189	linear	4	7	0	cold	0.0	0	0
189	189	linear	4	7	0	warm	1.3557319102104213e-58	0	0
189	189	linear	4	15	0	cold	0.0	0	0
189	189	linear	4	15	0	warm	3.478186944106367e-58	0	0
189	189	linear	4	23	0	cold	0.0	0	0
189	189	linear	4	23	0	warm	1.8067453944527313e-58	0	0
189	189	uniform	3	0	0	cold	0.0	0	0
189	189	uniform	3	0	0	warm	0.0	0	0
189	189	uniform	3	7	0	cold	0.0	0	0
189	189	uniform	3	7	0	warm	2.0362430630833215e-58	0	0
189	189	uniform	3	15	0	cold	0.0	0	0
189	189	uniform	3	15	0	warm	3.173847209588008e-54	0	0
189	189	uniform	3	23	0	cold	0.0	0	0
189	189	uniform	3	23	0	warm	9.308564731020502e-58	0	0
189	189	uniform	4	0	0	cold	0.0	0	0
189	189	uniform	4	0	0	warm	0.0	0	0
189	189	uniform	4	7	0	cold	0.0	0	0
189	189	uniform	4	7	0	warm	1.3557319102104213e-58	0	0
189	189	uniform	4	15	0	cold	0.0	0	0
189	189	uniform	4	15	0	warm	3.478186944106367e-58	0	0
189	189	uniform	4	23	0	cold	0.0	0	0
189	189	uniform	4	23	0	warm	1.8067453944527313e-58	0	0
190	190	linear	3	0	0	cold	0.0	0	0
190	190	linear	3	0	0	warm	0.0	0	0
190	190	linear	3	7	0	cold	0.0	0	0
190	190	linear	3	7	0	warm	1.6553534461617357e-56	0	0
190	190	linear	3	15	0	cold	0.0	0	0
190	190	linear	3	15	0	warm	2.8272742003698817e-56	0	0
190	190	linear	3	23	0	cold	0.0	0	0
190	190	linear	3	23	0	warm	5.191720023618733e-55	0	0
190	190	linear	4	0	0	cold	0.0	0	0
190	190	linear	4	0	0	warm	0.0	0	0
190	190	linear	4	7	0	cold	0.0	0	0
190	190	linear	4	7	0	warm	1.987396085866646e-50	0	0
190	190	linear	4	15	0	cold	0.0	0	0
190	190	linear	4	15	0	warm	2.3914884920333366e-53	0	0
190	190	linear	4	23	0	cold	0.0	0	0
190	190	linear	4	23	0	warm	2.6167571256867533e-49	0	0
190	190	uniform	3	0	0	cold	0.0	0	0
190	190	uniform	3	0	0	warm	0.0	0	0
190	190	uniform	3	7	0	cold	0.0	0	0
190	190	uniform	3	7	0	warm	1.6553534461617357e-56	0	0
190	190	uniform	3	15	0	cold	0.0	0	0
190	190	uniform	3	15	0	warm	2.8272742003698817e-56	0	0
190	190	uniform	3	23	0	cold	0.0	0	0
190	190	uniform	3	23	0	warm	5.191720023618733e-55	0	0
190	190	uniform	4	0	0	cold	0.0	0	0
190	190	uniform	4	0	0	warm	0.0	0	0
190	190	uniform	4	7	0	cold	0.0	0	0
190	190	uniform	4	7	0	warm	1.987396085866646e-50	0	0
190	190	uniform	4	15	0	cold	0.0	0	0
190	190	uniform	4	15	0	warm	2.3914884920333366e-53	0	0
190	190	uniform	4	23	0	cold	0.0	0	0
190	190	uniform	4	23	0	warm	2.6167571256867533e-49	0	0
191	191	linear	3	0	0	cold	0.0	0	0
191	191	linear	3	0	0	warm	0.0	0	0
191	191	linear	3	7	0	cold	0.0	0	0
191	191	linear	3	7	0	warm	9.07381729941587e-66	0	0
191	191	linear	3	15	0	cold	0.0	0	0
191	191	linear	3	15	0	warm	3.884920781283389e-65	0	0
191	191	linear	3	23	0	cold	0.0	0	0
191	191	linear	3	23	0	warm	2.7550433595279826e-64	0	0
191	191	linear	4	0	0	cold	0.0	0	0
191	191	linear	4	0	0	warm	0.0	0	0
191	191	linear	4	7	0	cold	0.0	0	0
191	191	linear	4	7	0	warm	2.2517040589176167e-66	0	0
191	191	linear	4	15	0	cold	0.0	0	0
191	191	linear	4	15	0	warm	1.3957433990303882e-67	0	0
191	191	linear	4	23	0	cold	0.0	0	0
191	191	linear	4	23	0	warm	5.124221887618778e-65	0	0
191	191	uniform	3	0	0	cold	0.0	0	0
191	191	uniform	3	0	0	warm	0.0	0	0
191	191	uniform	3	7	0	cold	0.0	0	0
191	191	uniform	3	7	0	warm	9.07381729941587e-66	0	0
191	191	uniform	3	15	0	cold	0.0	0	0
191	191	uniform	3	15	0	warm	3.884920781283389e-65	0	0
191	191	uniform	3	23	0	cold	0.0	0	0
191	191	uniform	3	23	0	warm	2.7550433595279826e-64	0	0
191	191	uniform	4	0	0	cold	0.0	0	0
191	191	uniform	4	0	0	warm	0.0	0	0
191	191	uniform	4	7	0	cold	0.0	0	0
191	191	uniform	4	7	0	warm	2.2517040589176167e-66	0	0
191	191	uniform	4	15	0	cold	0.0	0	0
191	191	uniform	4	15	0	warm	1.3957433990303882e-67	0	0
191	191	uniform	4	23	0	cold	0.0	0	0
191	191	uniform	4	23	0	warm	5.124221887618778e-65	0	0
192	192	linear	3	0	0	cold	0.0	0	0
192	192	linear	3	0	0	warm	0.0	0	0
192	192	linear	3	7	0	cold	0.0	0	0
192	192	linear	3	7	0	warm	6.792286423118366e-70	0	0
192	192	linear	3	15	0	cold	0.0	0	0
192	192	linear	3	15	0	warm	9.614714312225116e-71	0	0
192	192	linear	3	23	0	cold	0.0	0	0
192	192	linear	3	23	0	warm	3.6342186228500107e-69	0	0
192	192	linear	4	0	0	cold	0.0	0	0
192	192	linear	4	0	0	warm	0.0	0	0
192	192	linear	4	7	0	cold	0.0	0	0
192	192	linear	4	7	0	warm	7.156187596260171e-71	0	0
192	192	linear	4	15	0	cold	0.0	0	0
192	192	linear	4	15	0	warm	7.439591286883993e-71	0	0
192	192	linear	4	23	0	cold	0.0	0	0
192	192	linear	4	23	0	warm	1.0076810028075621e-70	0	0
192	192	uniform	3	0	0	cold	0.0	0	0
192	192	uniform	3	0	0	warm	0.0	0	0
192	192	uniform	3	7	0	cold	0.0	0	0
192	192	uniform	3	7	0	warm	6.792286423118366e-70	0	0
192	192	uniform	3	15	0	cold	0.0	0	0
192	192	uniform	3	15	0	warm	9.614714312225116e-71	0	0
192	192	uniform	3	23	0	cold	0.0	0	0
192	192	uniform	3	23	0	warm	3.6342186228500107e-69	0	0
192	192	uniform	4	0	0	cold	0.0	0	0
192	192	uniform	4	0	0	warm	0.0	0	0
192	192	uniform	4	7	0	cold	0.0	0	0
192	192	uniform	4	7	0	warm	7.156187596260171e-71	0	0
192	192	uniform	4	15	0	cold	0.0	0	0
192	192	uniform	4	15	0	warm	7.439591286883993e-71	0	0
192	192	uniform	4	23	0	cold	0.0	0	0
192	192	uniform	4	23	0	warm	1.0076810028075621e-70	0	0
193	193	linear	3	0	0	cold	0.0	0	0
193	193	linear	3	0	0	warm	0.0	0	0
193	193	linear	3	7	0	cold	0.0	0	0
193	193	linear	3	7	0	warm	1.1528776243562039e-70	0	0
193	193	linear	3	15	0	cold	0.0	0	0
193	193	linear	3	15	0	warm	4.009281758983605e-68	0	0
193	193	linear	3	23	0	cold	0.0	0	0
193	193	linear	3	23	0	warm	9.397359260093006e-69	0	0
193	193	linear	4	0	0	cold	0.0	0	0
193	193	linear	4	0	0	warm	0.0	0	0
193	193	linear	4	7	0	cold	0.0	0	0
193	193	linear	4	7	0	warm	3.58954052859116e-67	0	0
193	193	linear	4	15	0	cold	0.0	0	0
193	193	linear	4	15	0	warm	2.7862542941104785e-66	0	0
193	193	linear	4	23	0	cold	0.0	0	0
193	193	linear	4	23	0	warm	6.539104902802162e-66	0	0
193	193	uniform	3	0	0	cold	0.0	0	0
193	193	uniform	3	0	0	warm	0.0	0	0
193	193	uniform	3	7	0	cold	0.0	0	0
193	193	uniform	3	7	0	warm	1.1528776243562039e-70	0	0
193	193	uniform	3	15	0	cold	0.0	0	0
193	193	uniform	3	15	0	warm	4.009281758983605e-68	0	0
193	193	uniform	3	23	0	cold	0.0	0	0
193	193	uniform	3	23	0	warm	9.397359260093006e-69	0	0
193	193	uniform	4	0	0	cold	0.0	0	0
193	193	uniform	4	0	0	warm	0.0	0	0
193	193	uniform	4	7	0	cold	0.0	0	0
193	193	uniform	4	7	0	warm	3.58954052859116e-67	0	0
193	193	uniform	4	15	0	cold	0.0	0	0
193	193	uniform	4	15	0	warm	2.7862542941104785e-66	0	0
193	193	uniform	4	23	0	cold	0.0	0	0
193	193	uniform	4	23	0	warm	6.539104902802162e-66	0	0
194	194	linear	3	0	0	cold	0.0	0	0
194	194	linear	3	0	0	warm	0.0	0	0
194	194	linear	3	7	0	cold	0.0	0	0
194	194	linear	3	7	0	warm	1.5580473572266248e-54	0	0
194	194	linear	3	15	0	cold	0.0	0	0
194	194	linear	3	15	0	warm	9.883712426074315e-58	0	0
194	194	linear	3	23	0	cold	0.0	0	0
194	194	linear	3	23	0	warm	5.591952404057513e-57	0	0
194	194	linear	4	0	0	cold	0.0	0	0
194	194	linear	4	0	0	warm	0.0	0	0
194	194	linear	4	7	0	cold	0.0	0	0
194	194	linear	4	7	0	warm	1.3099194023781676e-68	0	0
194	194	linear	4	15	0	cold	0.0	0	0
194	194	linear	4	15	0	warm	3.1347749654272876e-69	0	0
194	194	linear	4	23	0	cold	0.0	0	0
194	194	linear	4	23	0	warm	4.454284967091624e-68	0	0
194	194	uniform	3	0	0	cold	0.0	0	0
194	194	uniform	3	0	0	warm	0.0	0	0
194	194	uniform	3	7	0	cold	0.0	0	0
194	194	uniform	3	7	0	warm	1.5580473572266248e-54	0	0
194	194	uniform	3	15	0	cold	0.0	0	0
194	194	uniform	3	15	0	warm	9.883712426074315e-58	0	0
194	194	uniform	3	23	0	cold	0.0	0	0
194	194	uniform	3	23	0	warm	5.591952404057513e-57	0	0
194	194	uniform	4	0	0	cold	0.0	0	0
194	194	uniform	4	0	0	warm	0.0	0	0
194	194	uniform	4	7	0	cold	0.0	0	0
194	194	uniform	4	7	0	warm	1.3099194023781676e-68	0	0
194	194	uniform	4	15	0	cold	0.0	0	0
194	194	uniform	4	15	0	warm	3.1347749654272876e-69	0	0
194	194	uniform	4	23	0	cold	0.0	0	0
194	194	uniform	4	23	0	warm	4.454284967091624e-68	0	0
195	195	linear	3	0	0	cold	0.0	0	0
195	195	linear	3	0	0	warm	0.0	0	0
195	195	linear	3	7	0	cold	0.0	0	0
195	195	linear	3	7	0	warm	2.3558415095383242e-58	0	0
195	195	linear	3	15	0	cold	0.0	0	0
195	195	linear	3	15	0	warm	4.0438848939212525e-64	0	0
195	195	linear	3	23	0	cold	0.0	0	0
195	195	linear	3	23	0	warm	4.2075605164167154e-67	0	0
195	195	linear	4	0	0	cold	0.0	0	0
195	195	linear	4	0	0	warm	0.0	0	0
195	195	linear	4	7	0	cold	0.0	0	0
195	195	linear	4	7	0	warm	7.136213177507749e-69	0	0
195	195	linear	4	15	0	cold	0.0	0	0
195	195	linear	4	15	0	warm	9.792900848001465e-71	0	0
195	195	linear	4	23	0	cold	0.0	0	0
195	195	linear	4	23	0	warm	5.012149145002203e-67	0	0
195	195	uniform	3	0	0	cold	0.0	0	0
195	195	uniform	3	0	0	warm	0.0	0	0
195	195	uniform	3	7	0	cold	0.0	0	0
195	195	uniform	3	7	0	warm	2.3558415095383242e-58	0	0
195	195	uniform	3	15	0	cold	0.0	0	0
195	195	uniform	3	15	0	warm	4.0438848939212525e-64	0	0
195	195	uniform	3	23	0	cold	0.0	0	0
195	195	uniform	3	23	0	warm	4.2075605164167154e-67	0	0
195	195	uniform	4	0	0	cold	0.0	0	0
195	195	uniform	4	0	0	warm	0.0	0	0
195	195	uniform	4	7	0	cold	0.0	0	0
195	195	uniform	4	7	0	warm	7.136213177507749e-69	0	0
195	195	uniform	4	15	0	cold	0.0	0	0
195	195	uniform	4	15	0	warm	9.792900848001465e-71	0	0
195	195	uniform	4	23	0	cold	0.0	0	0
195	195	uniform	4	23	0	warm	5.012149145002203e-67	0	0
196	196	linear	3	0	0	cold	0.0	0	0
196	196	linear	3	0	0	warm	0.0	0	0
196	196	linear	3	7	0	cold	0.0	0	0
196	196	linear	3	7	0	warm	1.1943432891388327e-62	0	0
196	196	linear	3	15	0	cold	0.0	0	0
196	196	linear	3	15	0	warm	1.6577784766021083e-62	0	0
196	196	linear	3	23	0	cold	0.0	0	0
196	196	linear	3	23	0	warm	4.8637758992731996e-61	0	0
196	196	linear	4	0	0	cold	0.0	0	0
196	196	linear	4	0	0	warm	0.0	0	0
196	196	linear	4	7	0	cold	0.0	0	0
196	196	linear	4	7	0	warm	1.1716906757282459e-67	0	0
196	196	linear	4	15	0	cold	0.0	0	0
196	196	linear	4	15	0	warm	6.565199840682914e-69	0	0
196	196	linear	4	23	0	cold	0.0	0	0
196	196	linear	4	23	0	warm	1.2186170064522295e-67	0	0
196	196	uniform	3	0	0	cold	0.0	0	0
196	196	uniform	3	0	0	warm	0.0	0	0
196	196	uniform	3	7	0	cold	0.0	0	0
196	196	uniform	3	7	0	warm	1.1943432891388327e-62	0	0
196	196	uniform	3	15	0	cold	0.0	0	0
196	196	uniform	3	15	0	warm	1.6577784766021083e-62	0	0
196	196	uniform	3	23	0	cold	0.0	0	0
196	196	uniform	3	23	0	warm	4.8637758992731996e-61	0	0
196	196	uniform	4	0	0	cold	0.0	0	0
196	196	uniform	4	0	0	warm	0.0	0	0
196	196	uniform	4	7	0	cold	0.0	0	0
196	196	uniform	4	7	0	warm	1.1716906757282459e-67	0	0
196	196	uniform	4	15	0	cold	0.0	0	0
196	196	uniform	4	15	0	warm	6.565199840682914e-69	0	0
196	196	uniform	4	23	0	cold	0.0	0	0
196	196	uniform	4	23	0	warm	1.2186170064522295e-67	0	0
197	197	linear	3	0	0	cold	0.0	0	0
197	197	linear	3	0	0	warm	0.0	0	0
197	197	linear	3	7	0	cold	0.0	0	0
197	197	linear	3	7	0	warm	3.866571657672579e-63	0	0
197	197	linear	3	15	0	cold	0.0	0	0
197	197	linear	3	15	0	warm	9.879562811650958e-61	0	0
197	197	linear	3	23	0	cold	0.0	0	0
197	197	linear	3	23	0	warm	1.0014934512067242e-61	0	0
197	197	linear	4	0	0	cold	0.0	0	0
197	197	linear	4	0	0	warm	0.0	0	0
197	197	linear	4	7	0	cold	0.0	0	0
197	197	linear	4	7	0	warm	3.724024910265656e-71	0	0
197	197	linear	4	15	0	cold	0.0	0	0
197	197	linear	4	15	0	warm	3.350177553687928e-63	0	0
197	197	linear	4	23	0	cold	0.0	0	0
197	197	linear	4	23	0	warm	6.942356009172003e-63	0	0
197	197	uniform	3	0	0	cold	0.0	0	0
197	197	uniform	3	0	0	warm	0.0	0	0
197	197	uniform	3	7	0	cold	0.0	0	0
197	197	uniform	3	7	0	warm	3.866571657672579e-63	0	0
197	197	uniform	3	15	0	cold	0.0	0	0
197	197	uniform	3	15	0	warm	9.879562811650958e-61	0	0
197	197	uniform	3	23	0	cold	0.0	0	0
197	197	uniform	3	23	0	warm	1.0014934512067242e-61	0	0
197	197	uniform	4	0	0	cold	0.0	0	0
197	197	uniform	4	0	0	warm	0.0	0	0
197	197	uniform	4	7	0	cold	0.0	0	0
197	197	uniform	4	7	0	warm	3.724024910265656e-71	0	0
197	197	uniform	4	15	0	cold	0.0	0	0
197	197	uniform	4	15	0	warm	3.350177553687928e-63	0	0
197	197	uniform	4	23	0	cold	0.0	0	0
197	197	uniform	4	23	0	warm	6.942356009172003e-63	0	0
198	198	linear	3	0	0	cold	0.0	0	0
198	198	linear	3	0	0	warm	0.0	0	0
198	198	linear	3	7	0	cold	0.0	0	0
198	198	linear	3	7	0	warm	2.800037073197862e-65	0	0
198	198	linear	3	15	0	cold	0.0	0	0
198	198	linear	3	15	0	warm	1.8721600189410565e-66	0	0
198	198	linear	3	23	0	cold	0.0	0	0
198	198	linear	3	23	0	warm	1.3614008416130566e-64	0	0
198	198	linear	4	0	0	cold	0.0	0	0
198	198	linear	4	0	0	warm	0.0	0	0
198	198	linear	4	7	0	cold	0.0	0	0
198	198	linear	4	7	0	warm	2.3963269603861106e-69	0	0
198	198	linear	4	15	0	cold	0.0	0	0
198	198	linear	4	15	0	warm	7.373474310562459e-72	0	0
198	198	linear	4	23	0	cold	0.0	0	0
198	198	linear	4	23	0	warm	1.0110081235983934e-71	0	0
198	198	uniform	3	0	0	cold	0.0	0	0
198	198	uniform	3	0	0	warm	0.0	0	0
198	198	uniform	3	7	0	cold	0.0	0	0
198	198	uniform	3	7	0	warm	2.800037073197862e-65	0	0
198	198	uniform	3	15	0	cold	0.0	0	0
198	198	uniform	3	15	0	warm	1.8721600189410565e-66	0	0
198	198	uniform	3	23	0	cold	0.0	0	0
198	198	uniform	3	23	0	warm	1.3614008416130566e-64	0	0
198	198	uniform	4	0	0	cold	0.0	0	0
198	198	uniform	4	0	0	warm	0.0	0	0
198	198	uniform	4	7	0	cold	0.0	0	0
198	198	uniform	4	7	0	warm	2.3963269603861106e-69	0	0
198	198	uniform	4	15	0	cold	0.0	0	0
198	198	uniform	4	15	0	warm	7.373474310562459e-72	0	0
198	198	uniform	4	23	0	cold	0.0	0	0
198	198	uniform	4	23	0	warm	1.0110081235983934e-71	0	0
199	199	linear	3	0	0	cold	0.0	0	0
199	199	linear	3	0	0	warm	0.0	0	0
199	199	linear	3	7	0	cold	0.0	0	0
199	199	linear	3	7	0	warm	4.644103831114415e-63	0	0
199	199	linear	3	15	0	cold	0.0	0	0
199	199	linear	3	15	0	warm	4.966502104251813e-64	0	0
199	199	linear	3	23	0	cold	0.0	0	0
199	199	linear	3	23	0	warm	2.1152138161236638e-63	0	0
199	199	linear	4	0	0	cold	0.0	0	0
199	199	linear	4	0	0	warm	0.0	0	0
199	199	linear	4	7	0	cold	0.0	0	0
199	199	linear	4	7	0	warm	1.0246129358279019e-69	0	0
199	199	linear	4	15	0	cold	0.0	0	0
199	199	linear	4	15	0	warm	7.411502076824992e-70	0	0
199	199	linear	4	23	0	cold	0.0	0	0
199	199	linear	4	23	0	warm	5.70473377951404e-70	0	0
199	199	uniform	3	0	0	cold	0.0	0	0
199	199	uniform	3	0	0	warm	0.0	0	0
199	199	uniform	3	7	0	cold	0.0	0	0
199	199	uniform	3	7	0	warm	4.644103831114415e-63	0	0
199	199	uniform	3	15	0	cold	0.0	0	0
199	199	uniform	3	15	0	warm	4.966502104251813e-64	0	0
199	199	uniform	3	23	0	cold	0.0	0	0
199	199	uniform	3	23	0	warm	2.1152138161236638e-63	0	0
199	199	uniform	4	0	0	cold	0.0	0	0
199	199	uniform	4	0	0	warm	0.0	0	0
199	199	uniform	4	7	0	cold	0.0	0	0
199	199	uniform	4	7	0	warm	1.0246129358279019e-69	0	0
199	199	uniform	4	15	0	cold	0.0	0	0
199	199	uniform	4	15	0	warm	7.411502076824992e-70	0	0
199	199	uniform	4	23	0	cold	0.0	0	0
199	199	uniform	4	23	0	warm	5.70473377951404e-70	0	0
200	200	linear	3	0	0	cold	0.0	0	0
200	200	linear	3	0	0	warm	0.0	0	0
200	200	linear	3	7	0	cold	0.0	0	0
200	200	linear	3	7	0	warm	5.5912131034415446e-70	0	0
200	200	linear	3	15	0	cold	0.0	0	0
200	200	linear	3	15	0	warm	1.711997561155984e-70	0	0
200	200	linear	3	23	0	cold	0.0	0	0
200	200	linear	3	23	0	warm	5.83582542758611e-71	0	0
200	200	linear	4	0	0	cold	0.0	0	0
200	200	linear	4	0	0	warm	0.0	0	0
200	200	linear	4	7	0	cold	0.0	0	0
200	200	linear	4	7	0	warm	1.6674711674061157e-71	0	0
200	200	linear	4	15	0	cold	0.0	0	0
200	200	linear	4	15	0	warm	0.0	0	0
200	200	linear	4	23	0	cold	0.0	0	0
200	200	linear	4	23	0	warm	4.550105690155644e-73	0	0
200	200	uniform	3	0	0	cold	0.0	0	0
200	200	uniform	3	0	0	warm	0.0	0	0
200	200	uniform	3	7	0	cold	0.0	0	0
200	200	uniform	3	7	0	warm	5.5912131034415446e-70	0	0
200	200	uniform	3	15	0	cold	0.0	0	0
200	200	uniform	3	15	0	warm	1.711997561155984e-70	0	0
200	200	uniform	3	23	0	cold	0.0	0	0
200	200	uniform	3	23	0	warm	5.83582542758611e-71	0	0
200	200	uniform	4	0	0	cold	0.0	0	0
200	200	uniform	4	0	0	warm	0.0	0	0
200	200	uniform	4	7	0	cold	0.0	0	0
200	200	uniform	4	7	0	warm	1.6674711674061157e-71	0	0
200	200	uniform	4	15	0	cold	0.0	0	0
200	200	uniform	4	15	0	warm	0.0	0	0
200	200	uniform	4	23	0	cold	0.0	0	0
200	200	uniform	4	23	0	warm	4.550105690155644e-73	0	0
201	201	linear	3	0	0	cold	0.0	0	0
201	201	linear	3	0	0	warm	0.0	0	0
201	201	linear	3	7	0	cold	0.0	0	0
201	201	linear	3	7	0	warm	3.862765336427165e-67	0	0
201	201	linear	3	15	0	cold	0.0	0	0
201	201	linear	3	15	0	warm	1.2100667365448473e-68	0	0
201	201	linear	3	23	0	cold	0.0	0	0
201	201	linear	3	23	0	warm	2.5724297884563173e-67	0	0
201	201	linear	4	0	0	cold	0.0	0	0
201	201	linear	4	0	0	warm	0.0	0	0
201	201	linear	4	7	0	cold	0.0	0	0
201	201	linear	4	7	0	warm	1.500149089917825e-67	0	0
201	201	linear	4	15	0	cold	0.0	0	0
201	201	linear	4	15	0	warm	6.63562189033537e-67	0	0
201	201	linear	4	23	0	cold	0.0	0	0
201	201	linear	4	23	0	warm	6.41875063814838e-68	0	0
201	201	uniform	3	0	0	cold	0.0	0	0
201	201	uniform	3	0	0	warm	0.0	0	0
201	201	uniform	3	7	0	cold	0.0	0	0
201	201	uniform	3	7	0	warm	3.862765336427165e-67	0	0
201	201	uniform	3	15	0	cold	0.0	0	0
201	201	uniform	3	15	0	warm	1.2100667365448473e-68	0	0
201	201	uniform	3	23	0	cold	0.0	0	0
201	201	uniform	3	23	0	warm	2.5724297884563173e-67	0	0
201	201	uniform	4	0	0	cold	0.0	0	0
201	201	uniform	4	0	0	warm	0.0	0	0
201	201	uniform	4	7	0	cold	0.0	0	0
201	201	uniform	4	7	0	warm	1.500149089917825e-67	0	0
201	201	uniform	4	15	0	cold	0.0	0	0
201	201	uniform	4	15	0	warm	6.63562189033537e-67	0	0
201	201	uniform	4	23	0	cold	0.0	0	0
201	201	uniform	4	23	0	warm	6.41875063814838e-68	0	0
202	202	linear	3	0	0	cold	0.0	0	0
202	202	linear	3	0	0	warm	0.0	0	0
202	202	linear	3	7	0	cold	0.0	0	0
202	202	linear	3	7	0	warm	1.355910760140229e-66	0	0
202	202	linear	3	15	0	cold	0.0	0	0
202	202	linear	3	15	0	warm	2.161151671763229e-68	0	0
202	202	linear	3	23	0	cold	0.0	0	0
202	202	linear	3	23	0	warm	6.296940713257171e-66	0	0
202	202	linear	4	0	0	cold	0.0	0	0
202	202	linear	4	0	0	warm	0.0	0	0
202	202	linear	4	7	0	cold	0.0	0	0
202	202	linear	4	7	0	warm	6.466746014365786e-69	0	0
202	202	linear	4	15	0	cold	0.0	0	0
202	202	linear	4	15	0	warm	1.0798696489053411e-69	0	0
202	202	linear	4	23	0	cold	0.0	0	0
202	202	linear	4	23	0	warm	5.2457150944253916e-70	0	0
202	202	uniform	3	0	0	cold	0.0	0	0
202	202	uniform	3	0	0	warm	0.0	0	0
202	202	uniform	3	7	0	cold	0.0	0	0
202	202	uniform	3	7	0	warm	1.355910760140229e-66	0	0
202	202	uniform	3	15	0	cold	0.0	0	0
202	202	uniform	3	15	0	warm	2.161151671763229e-68	0	0
202	202	uniform	3	23	0	cold	0.0	0	0
202	202	uniform	3	23	0	warm	6.296940713257171e-66	0	0
202	202	uniform	4	0	0	cold	0.0	0	0
202	202	uniform	4	0	0	warm	0.0	0	0
202	202	uniform	4	7	0	cold	0.0	0	0
202	202	uniform	4	7	0	warm	6.466746014365786e-69	0	0
202	202	uniform	4	15	0	cold	0.0	0	0
202	202	uniform	4	15	0	warm	1.0798696489053411e-69	0	0
202	202	uniform	4	23	0	cold	0.0	0	0
202	202	uniform	4	23	0	warm	5.2457150944253916e-70	0	0
203	203	linear	3	0	0	cold	0.0	0	0
203	203	linear	3	0	0	warm	0.0	0	0
203	203	linear	3	7	0	cold	0.0	0	0
203	203	linear	3	7	0	warm	1.1738676274030098e-71	0	0
203	203	linear	3	15	0	cold	0.0	0	0
203	203	linear	3	15	0	warm	9.155285709992325e-71	0	0
203	203	linear	3	23	0	cold	0.0	0	0
203	203	linear	3	23	0	warm	1.2061606869615534e-71	0	0
203	203	linear	4	0	0	cold	0.0	0	0
203	203	linear	4	0	0	warm	0.0	0	0
203	203	linear	4	7	0	cold	0.0	0	0
203	203	linear	4	7	0	warm	6.529677154000244e-71	0	0
203	203	linear	4	15	0	cold	0.0	0	0
203	203	linear	4	15	0	warm	2.4884720807144514e-68	0	0
203	203	linear	4	23	0	cold	0.0	0	0
203	203	linear	4	23	0	warm	3.566399679537193e-73	0	0
203	203	uniform	3	0	0	cold	0.0	0	0
203	203	uniform	3	0	0	warm	0.0	0	0
203	203	uniform	3	7	0	cold	0.0	0	0
203	203	uniform	3	7	0	warm	1.1738676274030098e-71	0	0
203	203	uniform	3	15	0	cold	0.0	0	0
203	203	uniform	3	15	0	warm	9.155285709992325e-71	0	0
203	203	uniform	3	23	0	cold	0.0	0	0
203	203	uniform	3	23	0	warm	1.2061606869615534e-71	0	0
203	203	uniform	4	0	0	cold	0.0	0	0
203	203	uniform	4	0	0	warm	0.0	0	0
203	203	uniform	4	7	0	cold	0.0	0	0
203	203	uniform	4	7	0	warm	6.529677154000244e-71	0	0
203	203	uniform	4	15	0	cold	0.0	0	0
203	203	uniform	4	15	0	warm	2.4884720807144514e-68	0	0
203	203	uniform	4	23	0	cold	0.0	0	0
203	203	uniform	4	23	0	warm	3.566399679537193e-73	0	0
204	204	linear	3	0	0	cold	0.0	0	0
204	204	linear	3	0	0	warm	0.0	0	0
204	204	linear	3	7	0	cold	0.0	0	0
204	204	linear	3	7	0	warm	1.754426479944537e-69	0	0
204	204	linear	3	15	0	cold	0.0	0	0
204	204	linear	3	15	0	warm	8.333466648213434e-69	0	0
204	204	linear	3	23	0	cold	0.0	0	0
204	204	linear	3	23	0	warm	2.6285245168158217e-63	0	0
204	204	linear	4	0	0	cold	0.0	0	0
204	204	linear	4	0	0	warm	0.0	0	0
204	204	linear	4	7	0	cold	0.0	0	0
204	204	linear	4	7	0	warm	1.178062786108747e-72	0	0
204	204	linear	4	15	0	cold	0.0	0	0
204	204	linear	4	15	0	warm	1.4980462082246428e-71	0	0
204	204	linear	4	23	0	cold	0.0	0	0
204	204	linear	4	23	0	warm	2.1667588362757652e-70	0	0
204	204	uniform	3	0	0	cold	0.0	0	0
204	204	uniform	3	0	0	warm	0.0	0	0
204	204	uniform	3	7	0	cold	0.0	0	0
204	204	uniform	3	7	0	warm	1.754426479944537e-69	0	0
204	204	uniform	3	15	0	cold	0.0	0	0
204	204	uniform	3	15	0	warm	8.333466648213434e-69	0	0
204	204	uniform	3	23	0	cold	0.0	0	0
204	204	uniform	3	23	0	warm	2.6285245168158217e-63	0	0
204	204	uniform	4	0	0	cold	0.0	0	0
204	204	uniform	4	0	0	warm	0.0	0	0
204	204	uniform	4	7	0	cold	0.0	0	0
204	204	uniform	4	7	0	warm	1.178062786108747e-72	0	0
204	204	uniform	4	15	0	cold	0.0	0	0
204	204	uniform	4	15	0	warm	1.4980462082246428e-71	0	0
204	204	uniform	4	23	0	cold	0.0	0	0
204	204	uniform	4	23	0	warm	2.1667588362757652e-70	0	0
205	205	linear	3	0	0	cold	0.0	0	0
205	205	linear	3	0	0	warm	0.0	0	0
205	205	linear	3	7	0	cold	0.0	0	0
205	205	linear	3	7	0	warm	0.0	0	0
205	205	linear	3	15	0	cold	0.0	0	0
205	205	linear	3	15	0	warm	0.0	0	0
205	205	linear	3	23	0	cold	0.0	0	0
205	205	linear	3	23	0	warm	0.0	0	0
205	205	linear	4	0	0	cold	0.0	0	0
205	205	linear	4	0	0	warm	0.0	0	0
205	205	linear	4	7	0	cold	0.0	0	0
205	205	linear	4	7	0	warm	3.871702717947582e-69	0	0
205	205	linear	4	15	0	cold	0.0	0	0
205	205	linear	4	15	0	warm	3.341060154192743e-69	0	0
205	205	linear	4	23	0	cold	0.0	0	0
205	205	linear	4	23	0	warm	7.60678935552401e-67	0	0
205	205	uniform	3	0	0	cold	0.0	0	0
205	205	uniform	3	0	0	warm	0.0	0	0
205	205	uniform	3	7	0	cold	0.0	0	0
205	205	uniform	3	7	0	warm	0.0	0	0
205	205	uniform	3	15	0	cold	0.0	0	0
205	205	uniform	3	15	0	warm	0.0	0	0
205	205	uniform	3	23	0	cold	0.0	0	0
205	205	uniform	3	23	0	warm	0.0	0	0
205	205	uniform	4	0	0	cold	0.0	0	0
205	205	uniform	4	0	0	warm	0.0	0	0
205	205	uniform	4	7	0	cold	0.0	0	0
205	205	uniform	4	7	0	warm	3.871702717947582e-69	0	0
205	205	uniform	4	15	0	cold	0.0	0	0
205	205	uniform	4	15	0	warm	3.341060154192743e-69	0	0
205	205	uniform	4	23	0	cold	0.0	0	0
205	205	uniform	4	23	0	warm	7.60678935552401e-67	0	0
206	206	linear	3	0	0	cold	0.0	0	0
206	206	linear	3	0	0	warm	0.0	0	0
206	206	linear	3	7	0	cold	0.0	0	0
206	206	linear	3	7	0	warm	3.741700470861292e-68	0	0
206	206	linear	3	15	0	cold	0.0	0	0
206	206	linear	3	15	0	warm	4.1333255889108746e-69	0	0
206	206	linear	3	23	0	cold	0.0	0	0
206	206	linear	3	23	0	warm	2.5695603751330054e-70	0	0
206	206	linear	4	0	0	cold	0.0	0	0
206	206	linear	4	0	0	warm	0.0	0	0
206	206	linear	4	7	0	cold	0.0	0	0
206	206	linear	4	7	0	warm	5.324603954077948e-70	0	0
206	206	linear	4	15	0	cold	0.0	0	0
206	206	linear	4	15	0	warm	3.976728699633919e-71	0	0
206	206	linear	4	23	0	cold	0.0	0	0
206	206	linear	4	23	0	warm	1.1527705210976503e-69	0	0
206	206	uniform	3	0	0	cold	0.0	0	0
206	206	uniform	3	0	0	warm	0.0	0	0
206	206	uniform	3	7	0	cold	0.0	0	0
206	206	uniform	3	7	0	warm	3.741700470861292e-68	0	0
206	206	uniform	3	15	0	cold	0.0	0	0
206	206	uniform	3	15	0	warm	4.1333255889108746e-69	0	0
206	206	uniform	3	23	0	cold	0.0	0	0
206	206	uniform	3	23	0	warm	2.5695603751330054e-70	0	0
206	206	uniform	4	0	0	cold	0.0	0	0
206	206	uniform	4	0	0	warm	0.0	0	0
206	206	uniform	4	7	0	cold	0.0	0	0
206	206	uniform	4	7	0	warm	5.324603954077948e-70	0	0
206	206	uniform	4	15	0	cold	0.0	0	0
206	206	uniform	4	15	0	warm	3.976728699633919e-71	0	0
206	206	uniform	4	23	0	cold	0.0	0	0
206	206	uniform	4	23	0	warm	1.1527705210976503e-69	0	0
207	207	linear	3	0	0	cold	0.0	0	0
207	207	linear	3	0	0	warm	0.0	0	0
207	207	linear	3	7	0	cold	0.0	0	0
207	207	linear	3	7	0	warm	8.225774132818384e-66	0	0
207	207	linear	3	15	0	cold	0.0	0	0
207	207	linear	3	15	0	warm	3.648132372553495e-65	0	0
207	207	linear	3	23	0	cold	0.0	0	0
207	207	linear	3	23	0	warm	2.0243368225962073e-64	0	0
207	207	linear	4	0	0	cold	0.0	0	0
207	207	linear	4	0	0	warm	0.0	0	0
207	207	linear	4	7	0	cold	0.0	0	0
207	207	linear	4	7	0	warm	0.0	0	0
207	207	linear	4	15	0	cold	0.0	0	0
207	207	linear	4	15	0	warm	0.0	0	0
207	207	linear	4	23	0	cold	0.0	0	0
207	207	linear	4	23	0	warm	0.0	0	0
207	207	uniform	3	0	0	cold	0.0	0	0
207	207	uniform	3	0	0	warm	0.0	0	0
207	207	uniform	3	7	0	cold	0.0	0	0
207	207	uniform	3	7	0	warm	8.225774132818384e-66	0	0
207	207	uniform	3	15	0	cold	0.0	0	0
207	207	uniform	3	15	0	warm	3.648132372553495e-65	0	0
207	207	uniform	3	23	0	cold	0.0	0	0
207	207	uniform	3	23	0	warm	2.0243368225962073e-64	0	0
207	207	uniform	4	0	0	cold	0.0	0	0
207	207	uniform	4	0	0	warm	0.0	0	0
207	207	uniform	4	7	0	cold	0.0	0	0
207	207	uniform	4	7	0	warm	0.0	0	0
207	207	uniform	4	15	0	cold	0.0	0	0
207	207	uniform	4	15	0	warm	0.0	0	0
207	207	uniform	4	23	0	cold	0.0	0	0
207	207	uniform	4	23	0	warm	0.0	0	0
208	208	linear	3	0	0	cold	0.0	0	0
208	208	linear	3	0	0	warm	0.0	0	0
208	208	linear	3	7	0	cold	0.0	0	0
208	208	linear	3	7	0	warm	1.665130353618664e-73	0	0
208	208	linear	3	15	0	cold	0.0	0	0
208	208	linear	3	15	0	warm	0.0	0	0
208	208	linear	3	23	0	cold	0.0	0	0
208	208	linear	3	23	0	warm	2.5324473679864675e-73	0	0
208	208	linear	4	0	0	cold	0.0	0	0
208	208	linear	4	0	0	warm	0.0	0	0
208	208	linear	4	7	0	cold	0.0	0	0
208	208	linear	4	7	0	warm	5.886637475562287e-72	0	0
208	208	linear	4	15	0	cold	0.0	0	0
208	208	linear	4	15	0	warm	1.7183296477640446e-72	0	0
208	208	linear	4	23	0	cold	0.0	0	0
208	208	linear	4	23	0	warm	1.2745391940182331e-73	0	0
208	208	uniform	3	0	0	cold	0.0	0	0
208	208	uniform	3	0	0	warm	0.0	0	0
208	208	uniform	3	7	0	cold	0.0	0	0
208	208	uniform	3	7	0	warm	1.665130353618664e-73	0	0
208	208	uniform	3	15	0	cold	0.0	0	0
208	208	uniform	3	15	0	warm	0.0	0	0
208	208	uniform	3	23	0	cold	0.0	0	0
208	208	uniform	3	23	0	warm	2.5324473679864675e-73	0	0
208	208	uniform	4	0	0	cold	0.0	0	0
208	208	uniform	4	0	0	warm	0.0	0	0
208	208	uniform	4	7	0	cold	0.0	0	0
208	208	uniform	4	7	0	warm	5.886637475562287e-72	0	0
208	208	uniform	4	15	0	cold	0.0	0	0
208	208	uniform	4	15	0	warm	1.7183296477640446e-72	0	0
208	208	uniform	4	23	0	cold	0.0	0	0
208	208	uniform	4	23	0	warm	1.2745391940182331e-73	0	0
209	209	linear	3	0	0	cold	0.0	0	0
209	209	linear	3	0	0	warm	0.0	0	0
209	209	linear	3	7	0	cold	0.0	0	0
209	209	linear	3	7	0	warm	0.0	0	0
209	209	linear	3	15	0	cold	0.0	0	0
209	209	linear	3	15	0	warm	0.0	0	0
209	209	linear	3	23	0	cold	0.0	0	0
209	209	linear	3	23	0	warm	9.958011166812479e-76	0	0
209	209	linear	4	0	0	cold	0.0	0	0
209	209	linear	4	0	0	warm	0.0	0	0
209	209	linear	4	7	0	cold	0.0	0	0
209	209	linear	4	7	0	warm	0.0	0	0
209	209	linear	4	15	0	cold	0.0	0	0
209	209	linear	4	15	0	warm	0.0	0	0
209	209	linear	4	23	0	cold	0.0	0	0
209	209	linear	4	23	0	warm	0.0	0	0
209	209	uniform	3	0	0	cold	0.0	0	0
209	209	uniform	3	0	0	warm	0.0	0	0
209	209	uniform	3	7	0	cold	0.0	0	0
209	209	uniform	3	7	0	warm	0.0	0	0
209	209	uniform	3	15	0	cold	0.0	0	0
209	209	uniform	3	15	0	warm	0.0	0	0
209	209	uniform	3	23	0	cold	0.0	0	0
209	209	uniform	3	23	0	warm	9.958011166812479e-76	0	0
209	209	uniform	4	0	0	cold	0.0	0	0
209	209	uniform	4	0	0	warm	0.0	0	0
209	209	uniform	4	7	0	cold	0.0	0	0
209	209	uniform	4	7	0	warm	0.0	0	0
209	209	uniform	4	15	0	cold	0.0	0	0
209	209	uniform	4	15	0	warm	0.0	0	0
209	209	uniform	4	23	0	cold	0.0	0	0
209	209	uniform	4	23	0	warm	0.0	0	0
210	210	linear	3	0	0	cold	0.0	0	0
210	210	linear	3	0	0	warm	0.0	0	0
210	210	linear	3	7	0	cold	0.0	0	0
210	210	linear	3	7	0	warm	0.0	0	0
210	210	linear	3	15	0	cold	0.0	0	0
210	210	linear	3	15	0	warm	0.0	0	0
210	210	linear	3	23	0	cold	0.0	0	0
210	210	linear	3	23	0	warm	0.0	0	0
210	210	linear	4	0	0	cold	0.0	0	0
210	210	linear	4	0	0	warm	0.0	0	0
210	210	linear	4	7	0	cold	0.0	0	0
210	210	linear	4	7	0	warm	0.0	0	0
210	210	linear	4	15	0	cold	0.0	0	0
210	210	linear	4	15	0	warm	0.0	0	0
210	210	linear	4	23	0	cold	0.0	0	0
210	210	linear	4	23	0	warm	0.0	0	0
210	210	uniform	3	0	0	cold	0.0	0	0
210	210	uniform	3	0	0	warm	0.0	0	0
210	210	uniform	3	7	0	cold	0.0	0	0
210	210	uniform	3	7	0	warm	0.0	0	0
210	210	uniform	3	15	0	cold	0.0	0	0
210	210	uniform	3	15	0	warm	0.0	0	0
210	210	uniform	3	23	0	cold	0.0	0	0
210	210	uniform	3	23	0	warm	0.0	0	0
210	210	uniform	4	0	0	cold	0.0	0	0
210	210	uniform	4	0	0	warm	0.0	0	0
210	210	uniform	4	7	0	cold	0.0	0	0
210	210	uniform	4	7	0	warm	0.0	0	0
210	210	uniform	4	15	0	cold	0.0	0	0
210	210	uniform	4	15	0	warm	0.0	0	0
210	210	uniform	4	23	0	cold	0.0	0	0
210	210	uniform	4	23	0	warm	0.0	0	0
