name,u,policy,warm,rtol,repeat,stop,value_stop,gradient_stop,value_converged,mu,value_error,whole_ms,topology_ms,setup_ms,setup_frame_ms,setup_cuts_ms,setup_event_ms,setup_panel_ms,nodes,evaluations,event_double_checks,event_dd_checks,event_dd_accepts,qf_family_constructions,event_qf_refinements,gq0,gq1,gq2,gq3,gq4,gr0,gr1,gr2,gr3,gr4
plan15,0.0,None,0,1.0e-03,0,Converged,Converged,Converged,1,6.0199516089053375,0.005839888,9.520988,7.937631,1.581692,0.000147,0.005028,0.449365,0.016348,120,120,8,0,0,1,8,NotRequested,NotRequested,NotRequested,NotRequested,NotRequested,NotRequested,NotRequested,NotRequested,NotRequested,NotRequested
plan15,0.0,None,0,1.0e-04,0,Converged,Converged,Converged,1,6.0199533596044921,0.00031935832,1.014557,0.305378,0.707539,0.000021,0.001539,0.429513,0.001979,176,176,8,0,0,1,8,NotRequested,NotRequested,NotRequested,NotRequested,NotRequested,NotRequested,NotRequested,NotRequested,NotRequested,NotRequested
plan15,0.0,None,1,1.0e-03,0,Converged,Converged,Converged,1,6.0267722202986089,0.0059217089,0.782135,0.171430,0.608466,0.000019,0.001396,0.443711,0.001825,120,120,8,0,0,1,8,NotRequested,NotRequested,NotRequested,NotRequested,NotRequested,NotRequested,NotRequested,NotRequested,NotRequested,NotRequested
plan15,0.0,None,1,1.0e-04,0,Converged,Converged,Converged,1,6.0267740818191173,0.00032163431,0.821555,0.174432,0.645236,0.000018,0.001265,0.412822,0.001640,176,176,8,0,0,1,8,NotRequested,NotRequested,NotRequested,NotRequested,NotRequested,NotRequested,NotRequested,NotRequested,NotRequested,NotRequested
plan15,0.0,Strict,0,1.0e-03,0,EventLocationLimited,Converged,EventLocationLimited,1,6.0199516089053375,0.005839888,24.267005,0.291200,23.974075,0.000022,0.001734,0.417229,0.002468,3219,3219,8,0,0,1,8,FiniteUncertified,FiniteUncertified,FiniteUncertified,FiniteUncertified,FiniteUncertified,EventLocationLimited,EventLocationLimited,EventLocationLimited,EventLocationLimited,EventLocationLimited
plan15,0.0,Strict,0,1.0e-04,0,EventLocationLimited,Converged,EventLocationLimited,1,6.0199533596044921,0.00031935832,10.370610,0.342072,10.002883,0.000153,0.002545,0.458486,0.004685,3219,3219,8,0,0,1,8,FiniteUncertified,FiniteUncertified,FiniteUncertified,FiniteUncertified,FiniteUncertified,EventLocationLimited,EventLocationLimited,EventLocationLimited,EventLocationLimited,EventLocationLimited
plan15,0.0,Strict,1,1.0e-03,0,EventLocationLimited,Converged,EventLocationLimited,1,6.0267722202986089,0.0059217089,13.511102,0.265705,13.053746,0.000202,0.004129,0.526590,0.004860,3092,3092,8,0,0,1,8,FiniteUncertified,FiniteUncertified,FiniteUncertified,FiniteUncertified,FiniteUncertified,EventLocationLimited,EventLocationLimited,EventLocationLimited,EventLocationLimited,EventLocationLimited
plan15,0.0,Strict,1,1.0e-04,0,EventLocationLimited,Converged,EventLocationLimited,1,6.0267740818191173,0.00032163431,13.088164,0.248357,12.814587,0.000046,0.002886,0.501510,0.004206,3092,3092,8,0,0,1,8,FiniteUncertified,FiniteUncertified,FiniteUncertified,FiniteUncertified,FiniteUncertified,EventLocationLimited,EventLocationLimited,EventLocationLimited,EventLocationLimited,EventLocationLimited
plan15,0.0,ValueFirst,0,1.0e-03,0,Converged,Converged,BudgetExceeded,1,6.0199516089053375,0.005839888,1.237495,0.402244,0.833068,0.000044,0.003696,0.504118,0.006581,160,160,8,0,0,1,8,FiniteUncertified,FiniteUncertified,FiniteUncertified,FiniteUncertified,FiniteUncertified,BudgetExceeded,BudgetExceeded,BudgetExceeded,BudgetExceeded,BudgetExceeded
plan15,0.0,ValueFirst,0,1.0e-04,0,Converged,Converged,BudgetExceeded,1,6.0199533596044921,0.00031935832,1.196803,0.327669,0.867175,0.000052,0.001586,0.461886,0.001936,232,232,8,0,0,1,8,FiniteUncertified,ToleranceMet,FiniteUncertified,FiniteUncertified,FiniteUncertified,BudgetExceeded,ToleranceMet,BudgetExceeded,BudgetExceeded,BudgetExceeded
plan15,0.0,ValueFirst,1,1.0e-03,0,Converged,Converged,BudgetExceeded,1,6.0267722202986089,0.0059217089,0.944856,0.191528,0.750687,0.000021,0.001487,0.466571,0.001942,160,160,8,0,0,1,8,FiniteUncertified,FiniteUncertified,FiniteUncertified,FiniteUncertified,FiniteUncertified,BudgetExceeded,BudgetExceeded,BudgetExceeded,BudgetExceeded,BudgetExceeded
plan15,0.0,ValueFirst,1,1.0e-04,0,Converged,Converged,BudgetExceeded,1,6.0267740818191173,0.00032163431,1.080905,0.196685,0.881636,0.000027,0.001502,0.475982,0.001897,232,232,8,0,0,1,8,FiniteUncertified,ToleranceMet,FiniteUncertified,FiniteUncertified,FiniteUncertified,BudgetExceeded,ToleranceMet,BudgetExceeded,BudgetExceeded,BudgetExceeded
plan15,0.5,None,0,1.0e-03,0,Converged,Converged,Converged,1,6.1205006645589828,0.0043222585,1.143430,0.333024,0.809807,0.000021,0.001871,0.490302,0.003132,128,128,8,0,0,1,8,NotRequested,NotRequested,NotRequested,NotRequested,NotRequested,NotRequested,NotRequested,NotRequested,NotRequested,NotRequested
plan15,0.5,None,0,1.0e-04,0,Converged,Converged,Converged,1,6.1205016288542371,0.00042465197,1.158165,0.331604,0.824815,0.000021,0.001560,0.479108,0.001885,176,176,8,0,0,1,8,NotRequested,NotRequested,NotRequested,NotRequested,NotRequested,NotRequested,NotRequested,NotRequested,NotRequested,NotRequested
plan15,0.5,None,1,1.0e-03,0,Converged,Converged,Converged,1,6.1294544594355331,0.0043589451,0.929643,0.188973,0.738962,0.000021,0.001458,0.467568,0.001961,128,128,8,0,0,1,8,NotRequested,NotRequested,NotRequested,NotRequested,NotRequested,NotRequested,NotRequested,NotRequested,NotRequested,NotRequested
plan15,0.5,None,1,1.0e-04,0,Converged,Converged,Converged,1,6.1294554772635701,0.00044604833,1.001779,0.194443,0.805414,0.000020,0.001476,0.467731,0.001816,176,176,8,0,0,1,8,NotRequested,NotRequested,NotRequested,NotRequested,NotRequested,NotRequested,NotRequested,NotRequested,NotRequested,NotRequested
plan15,0.5,Strict,0,1.0e-03,0,TopologyUnresolved,Converged,TopologyUnresolved,1,6.1205006645589828,0.0043222585,12.796687,0.320592,12.473802,0.000021,0.001769,0.482883,0.002936,2490,2490,8,0,0,1,8,Invalid,Invalid,Invalid,Invalid,Invalid,TopologyUnresolved,TopologyUnresolved,TopologyUnresolved,TopologyUnresolved,TopologyUnresolved
plan15,0.5,Strict,0,1.0e-04,0,TopologyUnresolved,Converged,TopologyUnresolved,1,6.1205016288542371,0.00042465197,10.395297,0.375954,9.999752,0.000036,0.002876,0.507680,0.004795,2490,2490,8,0,0,1,8,Invalid,Invalid,Invalid,Invalid,Invalid,TopologyUnresolved,TopologyUnresolved,TopologyUnresolved,TopologyUnresolved,TopologyUnresolved
plan15,0.5,Strict,1,1.0e-03,0,TopologyUnresolved,Converged,TopologyUnresolved,1,6.1294544594355331,0.0043589451,8.589994,0.218658,7.953421,0.000124,0.003477,0.449557,0.003866,2141,2141,8,0,0,1,8,Invalid,Invalid,Invalid,Invalid,Invalid,TopologyUnresolved,TopologyUnresolved,TopologyUnresolved,TopologyUnresolved,TopologyUnresolved
plan15,0.5,Strict,1,1.0e-04,0,TopologyUnresolved,Converged,TopologyUnresolved,1,6.1294554772635701,0.00044604833,7.988986,0.188650,7.783941,0.000041,0.001655,0.444538,0.002074,2141,2141,8,0,0,1,8,Invalid,Invalid,Invalid,Invalid,Invalid,TopologyUnresolved,TopologyUnresolved,TopologyUnresolved,TopologyUnresolved,TopologyUnresolved
plan15,0.5,ValueFirst,0,1.0e-03,0,Converged,Converged,BudgetExceeded,1,6.1205006645589828,0.0043222585,1.276844,0.331809,0.944053,0.000041,0.002307,0.446649,0.003349,176,176,8,0,0,1,8,FiniteUncertified,FiniteUncertified,FiniteUncertified,FiniteUncertified,FiniteUncertified,BudgetExceeded,BudgetExceeded,BudgetExceeded,BudgetExceeded,BudgetExceeded
plan15,0.5,ValueFirst,0,1.0e-04,0,Converged,Converged,BudgetExceeded,1,6.1205016288542371,0.00042465197,1.330754,0.293735,1.035155,0.000019,0.001474,0.428761,0.001894,216,216,8,0,0,1,8,FiniteUncertified,FiniteUncertified,FiniteUncertified,FiniteUncertified,FiniteUncertified,BudgetExceeded,BudgetExceeded,BudgetExceeded,BudgetExceeded,BudgetExceeded
plan15,0.5,ValueFirst,1,1.0e-03,0,Converged,Converged,BudgetExceeded,1,6.1294544594355331,0.0043589451,1.080076,0.176716,0.901258,0.000019,0.001390,0.440780,0.001753,176,176,8,0,0,1,8,FiniteUncertified,FiniteUncertified,FiniteUncertified,FiniteUncertified,FiniteUncertified,BudgetExceeded,BudgetExceeded,BudgetExceeded,BudgetExceeded,BudgetExceeded
plan15,0.5,ValueFirst,1,1.0e-04,0,Converged,Converged,BudgetExceeded,1,6.1294554772635701,0.00044604833,1.198567,0.178693,1.017784,0.000022,0.001330,0.420262,0.001720,232,232,8,0,0,1,8,FiniteUncertified,FiniteUncertified,FiniteUncertified,FiniteUncertified,FiniteUncertified,BudgetExceeded,BudgetExceeded,BudgetExceeded,BudgetExceeded,BudgetExceeded
resonant,0.0,None,0,1.0e-03,0,Converged,Converged,Converged,1,13.730120074185391,0.010819484,1.173897,0.409189,0.764033,0.000018,0.001960,0.538421,0.003454,119,119,8,3,3,1,5,NotRequested,NotRequested,NotRequested,NotRequested,NotRequested,NotRequested,NotRequested,NotRequested,NotRequested,NotRequested
resonant,0.0,None,0,1.0e-04,0,Converged,Converged,Converged,1,13.730116144653451,0.00071444952,1.198956,0.406534,0.791274,0.000020,0.001428,0.528808,0.001910,151,151,8,3,3,1,5,NotRequested,NotRequested,NotRequested,NotRequested,NotRequested,NotRequested,NotRequested,NotRequested,NotRequested,NotRequested
resonant,0.0,None,1,1.0e-03,0,Converged,Converged,Converged,1,13.807811515694054,0.011128461,1.120621,0.371503,0.747905,0.000019,0.001491,0.529461,0.001836,119,119,8,2,2,1,6,NotRequested,NotRequested,NotRequested,NotRequested,NotRequested,NotRequested,NotRequested,NotRequested,NotRequested,NotRequested
resonant,0.0,None,1,1.0e-04,0,Converged,Converged,Converged,1,13.807807472466951,0.0012349007,1.138156,0.374812,0.762082,0.000019,0.001443,0.514017,0.001723,143,143,8,2,2,1,6,NotRequested,NotRequested,NotRequested,NotRequested,NotRequested,NotRequested,NotRequested,NotRequested,NotRequested,NotRequested
resonant,0.0,Strict,0,1.0e-03,0,EventLocationLimited,Converged,EventLocationLimited,1,13.730120074185391,0.010819484,7.875273,0.404427,7.469780,0.000018,0.001730,0.515039,0.002914,2154,2154,8,3,3,1,5,FiniteUncertified,FiniteUncertified,FiniteUncertified,FiniteUncertified,FiniteUncertified,EventLocationLimited,EventLocationLimited,EventLocationLimited,EventLocationLimited,EventLocationLimited
resonant,0.0,Strict,0,1.0e-04,0,EventLocationLimited,Converged,EventLocationLimited,1,13.730116144653451,0.00071444952,6.258567,0.424638,5.818219,0.000036,0.001755,0.543637,0.002936,2154,2154,8,3,3,1,5,FiniteUncertified,FiniteUncertified,FiniteUncertified,FiniteUncertified,FiniteUncertified,EventLocationLimited,EventLocationLimited,EventLocationLimited,EventLocationLimited,EventLocationLimited
resonant,0.0,Strict,1,1.0e-03,0,EventLocationLimited,Converged,EventLocationLimited,1,13.807811515694054,0.011128461,7.609364,0.438813,6.904687,0.000260,0.002600,0.561222,0.005447,2138,2138,8,2,2,1,6,FiniteUncertified,FiniteUncertified,FiniteUncertified,FiniteUncertified,FiniteUncertified,EventLocationLimited,EventLocationLimited,EventLocationLimited,EventLocationLimited,EventLocationLimited
resonant,0.0,Strict,1,1.0e-04,0,EventLocationLimited,Converged,EventLocationLimited,1,13.807807472466951,0.0012349007,7.415947,0.400616,7.000963,0.000119,0.001715,0.538167,0.002563,2138,2138,8,2,2,1,6,FiniteUncertified,FiniteUncertified,FiniteUncertified,FiniteUncertified,FiniteUncertified,EventLocationLimited,EventLocationLimited,EventLocationLimited,EventLocationLimited,EventLocationLimited
resonant,0.0,ValueFirst,0,1.0e-03,0,Converged,Converged,BudgetExceeded,1,13.730120074185391,0.010819484,1.337651,0.437480,0.898278,0.000101,0.002443,0.541747,0.005984,151,151,8,3,3,1,5,FiniteUncertified,FiniteUncertified,FiniteUncertified,FiniteUncertified,FiniteUncertified,BudgetExceeded,BudgetExceeded,BudgetExceeded,BudgetExceeded,BudgetExceeded
resonant,0.0,ValueFirst,0,1.0e-04,0,Converged,Converged,BudgetExceeded,1,13.730116144653451,0.00071444952,1.337426,0.410079,0.925915,0.000037,0.001451,0.511566,0.001885,207,207,8,3,3,1,5,FiniteUncertified,ToleranceMet,FiniteUncertified,FiniteUncertified,FiniteUncertified,BudgetExceeded,ToleranceMet,BudgetExceeded,BudgetExceeded,BudgetExceeded
resonant,0.0,ValueFirst,1,1.0e-03,0,Converged,Converged,BudgetExceeded,1,13.807811515694054,0.011128461,1.216549,0.377068,0.836804,0.000019,0.001501,0.518197,0.001985,159,159,8,2,2,1,6,FiniteUncertified,FiniteUncertified,FiniteUncertified,FiniteUncertified,FiniteUncertified,BudgetExceeded,BudgetExceeded,BudgetExceeded,BudgetExceeded,BudgetExceeded
resonant,0.0,ValueFirst,1,1.0e-04,0,Converged,Converged,BudgetExceeded,1,13.807807472466951,0.0012349007,1.285449,0.375799,0.908137,0.000019,0.001389,0.518115,0.001668,199,199,8,2,2,1,6,FiniteUncertified,ToleranceMet,FiniteUncertified,FiniteUncertified,FiniteUncertified,BudgetExceeded,ToleranceMet,BudgetExceeded,BudgetExceeded,BudgetExceeded
resonant,0.5,None,0,1.0e-03,0,Converged,Converged,Converged,1,13.877484232546381,0.012850366,1.194837,0.405700,0.788464,0.000024,0.001747,0.523427,0.003003,103,103,8,3,3,1,5,NotRequested,NotRequested,NotRequested,NotRequested,NotRequested,NotRequested,NotRequested,NotRequested,NotRequested,NotRequested
resonant,0.5,None,0,1.0e-04,0,Converged,Converged,Converged,1,13.877481553095594,0.001385955,1.300547,0.411283,0.888069,0.000019,0.001383,0.525864,0.001795,159,159,8,3,3,1,5,NotRequested,NotRequested,NotRequested,NotRequested,NotRequested,NotRequested,NotRequested,NotRequested,NotRequested,NotRequested
resonant,0.5,None,1,1.0e-03,0,Converged,Converged,Converged,1,13.960822824509574,0.012731107,1.159607,0.369160,0.789388,0.000024,0.001431,0.537177,0.001765,103,103,8,2,2,1,6,NotRequested,NotRequested,NotRequested,NotRequested,NotRequested,NotRequested,NotRequested,NotRequested,NotRequested,NotRequested
resonant,0.5,None,1,1.0e-04,0,Converged,Converged,Converged,1,13.960820125801241,0.0011646163,1.264585,0.375158,0.888090,0.000028,0.001324,0.512563,0.001761,159,159,8,2,2,1,6,NotRequested,NotRequested,NotRequested,NotRequested,NotRequested,NotRequested,NotRequested,NotRequested,NotRequested,NotRequested
resonant,0.5,Strict,0,1.0e-03,0,InnerAccuracyLimited,Converged,InnerAccuracyLimited,1,13.877484232546381,0.012850366,2.222754,0.408192,1.813908,0.000018,0.001731,0.530864,0.003110,351,351,8,3,3,1,5,FiniteUncertified,FiniteUncertified,FiniteUncertified,FiniteUncertified,FiniteUncertified,InnerAccuracyLimited,InnerAccuracyLimited,InnerAccuracyLimited,InnerAccuracyLimited,InnerAccuracyLimited
resonant,0.5,Strict,0,1.0e-04,0,InnerAccuracyLimited,Converged,InnerAccuracyLimited,1,13.877481553095594,0.001385955,2.137909,0.406845,1.729164,0.000018,0.001448,0.523499,0.001894,351,351,8,3,3,1,5,FiniteUncertified,FiniteUncertified,FiniteUncertified,FiniteUncertified,FiniteUncertified,InnerAccuracyLimited,InnerAccuracyLimited,InnerAccuracyLimited,InnerAccuracyLimited,InnerAccuracyLimited
resonant,0.5,Strict,1,1.0e-03,0,InnerAccuracyLimited,Converged,InnerAccuracyLimited,1,13.960822824509574,0.012731107,2.026652,0.444102,1.341142,0.000117,0.003067,0.558407,0.014907,231,231,8,2,2,1,6,FiniteUncertified,FiniteUncertified,FiniteUncertified,FiniteUncertified,FiniteUncertified,InnerAccuracyLimited,InnerAccuracyLimited,InnerAccuracyLimited,InnerAccuracyLimited,InnerAccuracyLimited
resonant,0.5,Strict,1,1.0e-04,0,InnerAccuracyLimited,Converged,InnerAccuracyLimited,1,13.960820125801241,0.0011646163,1.657302,0.378743,1.276338,0.000019,0.001549,0.536600,0.001850,231,231,8,2,2,1,6,FiniteUncertified,FiniteUncertified,FiniteUncertified,FiniteUncertified,FiniteUncertified,InnerAccuracyLimited,InnerAccuracyLimited,InnerAccuracyLimited,InnerAccuracyLimited,InnerAccuracyLimited
resonant,0.5,ValueFirst,0,1.0e-03,0,Converged,Converged,BudgetExceeded,1,13.877484232546381,0.012850366,1.414313,0.420488,0.991887,0.000037,0.002604,0.527467,0.006877,143,143,8,3,3,1,5,FiniteUncertified,FiniteUncertified,FiniteUncertified,FiniteUncertified,FiniteUncertified,BudgetExceeded,BudgetExceeded,BudgetExceeded,BudgetExceeded,BudgetExceeded
resonant,0.5,ValueFirst,0,1.0e-04,0,Converged,Converged,BudgetExceeded,1,13.877481553095594,0.001385955,1.542074,0.409813,1.130783,0.000032,0.001555,0.524196,0.002057,191,191,8,3,3,1,5,FiniteUncertified,FiniteUncertified,FiniteUncertified,FiniteUncertified,FiniteUncertified,BudgetExceeded,BudgetExceeded,BudgetExceeded,BudgetExceeded,BudgetExceeded
resonant,0.5,ValueFirst,1,1.0e-03,0,Converged,Converged,BudgetExceeded,1,13.960822824509574,0.012731107,1.343501,0.371719,0.969334,0.000024,0.001420,0.528874,0.002006,143,143,8,2,2,1,6,FiniteUncertified,FiniteUncertified,FiniteUncertified,FiniteUncertified,FiniteUncertified,BudgetExceeded,BudgetExceeded,BudgetExceeded,BudgetExceeded,BudgetExceeded
resonant,0.5,ValueFirst,1,1.0e-04,0,Converged,Converged,BudgetExceeded,1,13.960820125801241,0.0011646163,1.600539,0.376088,1.222921,0.000018,0.001441,0.524650,0.001750,215,215,8,2,2,1,6,FiniteUncertified,FiniteUncertified,FiniteUncertified,FiniteUncertified,FiniteUncertified,BudgetExceeded,BudgetExceeded,BudgetExceeded,BudgetExceeded,BudgetExceeded
close-binary,0.0,None,0,1.0e-03,0,Converged,Converged,Converged,1,8.1331861615733256,0.0074880942,1.294798,0.601137,0.693024,0.000018,0.001871,0.532465,0.003501,88,88,8,0,0,1,8,NotRequested,NotRequested,NotRequested,NotRequested,NotRequested,NotRequested,NotRequested,NotRequested,NotRequested,NotRequested
close-binary,0.0,None,0,1.0e-04,0,Converged,Converged,Converged,1,8.1331871350959748,0.00034427416,1.348119,0.598074,0.748788,0.000018,0.001590,0.528601,0.001768,136,136,8,0,0,1,8,NotRequested,NotRequested,NotRequested,NotRequested,NotRequested,NotRequested,NotRequested,NotRequested,NotRequested,NotRequested
close-binary,0.0,None,1,1.0e-03,0,Converged,Converged,Converged,1,8.0874897495427014,0.0073473169,1.126967,0.435199,0.690153,0.000025,0.001524,0.529019,0.001789,88,88,8,1,1,1,7,NotRequested,NotRequested,NotRequested,NotRequested,NotRequested,NotRequested,NotRequested,NotRequested,NotRequested,NotRequested
close-binary,0.0,None,1,1.0e-04,0,Converged,Converged,Converged,1,8.0874907246957317,0.0003330452,1.182606,0.437486,0.743675,0.000018,0.001401,0.512593,0.001678,136,136,8,1,1,1,7,NotRequested,NotRequested,NotRequested,NotRequested,NotRequested,NotRequested,NotRequested,NotRequested,NotRequested,NotRequested
close-binary,0.0,Strict,0,1.0e-03,0,EventLocationLimited,Converged,EventLocationLimited,1,8.1331861615733256,0.0074880942,17.050485,0.602064,16.446560,0.000018,0.001707,0.540766,0.002608,3322,3322,8,0,0,1,8,FiniteUncertified,FiniteUncertified,FiniteUncertified,FiniteUncertified,FiniteUncertified,EventLocationLimited,EventLocationLimited,EventLocationLimited,EventLocationLimited,EventLocationLimited
close-binary,0.0,Strict,0,1.0e-04,0,EventLocationLimited,Converged,EventLocationLimited,1,8.1331871350959748,0.00034427416,11.275567,0.659882,10.588516,0.000029,0.003245,0.575472,0.004124,3322,3322,8,0,0,1,8,FiniteUncertified,FiniteUncertified,FiniteUncertified,FiniteUncertified,FiniteUncertified,EventLocationLimited,EventLocationLimited,EventLocationLimited,EventLocationLimited,EventLocationLimited
close-binary,0.0,Strict,1,1.0e-03,0,EventLocationLimited,Converged,EventLocationLimited,1,8.0874897495427014,0.0073473169,10.007936,0.517289,9.249462,0.000210,0.003445,0.561299,0.005675,2242,2242,8,1,1,1,7,FiniteUncertified,FiniteUncertified,FiniteUncertified,FiniteUncertified,FiniteUncertified,EventLocationLimited,EventLocationLimited,EventLocationLimited,EventLocationLimited,EventLocationLimited
close-binary,0.0,Strict,1,1.0e-04,0,EventLocationLimited,Converged,EventLocationLimited,1,8.0874907246957317,0.0003330452,9.616085,0.669725,8.915233,0.000114,0.003924,0.762906,0.004835,2242,2242,8,1,1,1,7,FiniteUncertified,FiniteUncertified,FiniteUncertified,FiniteUncertified,FiniteUncertified,EventLocationLimited,EventLocationLimited,EventLocationLimited,EventLocationLimited,EventLocationLimited
close-binary,0.0,ValueFirst,0,1.0e-03,0,Converged,Converged,BudgetExceeded,1,8.1331861615733256,0.0074880942,1.667597,0.721110,0.944548,0.000100,0.003617,0.608133,0.004900,120,120,8,0,0,1,8,FiniteUncertified,FiniteUncertified,FiniteUncertified,FiniteUncertified,FiniteUncertified,BudgetExceeded,BudgetExceeded,BudgetExceeded,BudgetExceeded,BudgetExceeded
close-binary,0.0,ValueFirst,0,1.0e-04,0,Converged,Converged,BudgetExceeded,1,8.1331871350959748,0.00034427416,1.740233,0.755580,0.982668,0.000029,0.002606,0.624142,0.002122,168,168,8,0,0,1,8,ToleranceMet,ToleranceMet,FiniteUncertified,ToleranceMet,ToleranceMet,ToleranceMet,ToleranceMet,BudgetExceeded,ToleranceMet,ToleranceMet
close-binary,0.0,ValueFirst,1,1.0e-03,0,Converged,Converged,BudgetExceeded,1,8.0874897495427014,0.0073473169,1.367533,0.463353,0.900203,0.000021,0.001799,0.619534,0.002054,120,120,8,1,1,1,7,FiniteUncertified,FiniteUncertified,FiniteUncertified,FiniteUncertified,FiniteUncertified,BudgetExceeded,BudgetExceeded,BudgetExceeded,BudgetExceeded,BudgetExceeded
close-binary,0.0,ValueFirst,1,1.0e-04,0,Converged,Converged,BudgetExceeded,1,8.0874907246957317,0.0003330452,1.387226,0.483871,0.901858,0.000019,0.001544,0.553134,0.001742,168,168,8,1,1,1,7,ToleranceMet,ToleranceMet,FiniteUncertified,ToleranceMet,ToleranceMet,ToleranceMet,ToleranceMet,BudgetExceeded,ToleranceMet,ToleranceMet
close-binary,0.5,None,0,1.0e-03,0,Converged,Converged,Converged,1,8.0833951022848609,0.0030327108,1.543246,0.640434,0.902203,0.000020,0.003108,0.575628,0.002990,120,120,8,0,0,1,8,NotRequested,NotRequested,NotRequested,NotRequested,NotRequested,NotRequested,NotRequested,NotRequested,NotRequested,NotRequested
close-binary,0.5,None,0,1.0e-04,0,Converged,Converged,Converged,1,8.0833997168360217,0.00059138924,1.435104,0.598804,0.834881,0.000026,0.001534,0.539231,0.001704,136,136,8,0,0,1,8,NotRequested,NotRequested,NotRequested,NotRequested,NotRequested,NotRequested,NotRequested,NotRequested,NotRequested,NotRequested
close-binary,0.5,None,1,1.0e-03,0,Converged,Converged,Converged,1,8.036982527855697,0.0030296107,1.263368,0.452809,0.808962,0.000019,0.001509,0.528324,0.001706,120,120,8,1,1,1,7,NotRequested,NotRequested,NotRequested,NotRequested,NotRequested,NotRequested,NotRequested,NotRequested,NotRequested,NotRequested
close-binary,0.5,None,1,1.0e-04,0,Converged,Converged,Converged,1,8.0369871411537464,0.00059108031,1.265026,0.434480,0.829127,0.000018,0.001529,0.515545,0.001736,136,136,8,1,1,1,7,NotRequested,NotRequested,NotRequested,NotRequested,NotRequested,NotRequested,NotRequested,NotRequested,NotRequested,NotRequested
close-binary,0.5,Strict,0,1.0e-03,0,InnerAccuracyLimited,Converged,InnerAccuracyLimited,1,8.0833951022848609,0.0030327108,1.531020,0.596318,0.934111,0.000018,0.001746,0.525638,0.002574,128,128,8,0,0,1,8,FiniteUncertified,FiniteUncertified,FiniteUncertified,FiniteUncertified,FiniteUncertified,InnerAccuracyLimited,InnerAccuracyLimited,InnerAccuracyLimited,InnerAccuracyLimited,InnerAccuracyLimited
close-binary,0.5,Strict,0,1.0e-04,0,InnerAccuracyLimited,Converged,InnerAccuracyLimited,1,8.0833997168360217,0.00059138924,1.555236,0.605515,0.948280,0.000018,0.001592,0.538351,0.001744,136,136,8,0,0,1,8,FiniteUncertified,FiniteUncertified,FiniteUncertified,FiniteUncertified,FiniteUncertified,InnerAccuracyLimited,InnerAccuracyLimited,InnerAccuracyLimited,InnerAccuracyLimited,InnerAccuracyLimited
close-binary,0.5,Strict,1,1.0e-03,0,InnerAccuracyLimited,Converged,InnerAccuracyLimited,1,8.036982527855697,0.0030296107,1.763582,0.505003,1.009413,0.000102,0.003499,0.563414,0.005797,128,128,8,1,1,1,7,FiniteUncertified,FiniteUncertified,FiniteUncertified,FiniteUncertified,FiniteUncertified,InnerAccuracyLimited,InnerAccuracyLimited,InnerAccuracyLimited,InnerAccuracyLimited,InnerAccuracyLimited
close-binary,0.5,Strict,1,1.0e-04,0,InnerAccuracyLimited,Converged,InnerAccuracyLimited,1,8.0369871411537464,0.00059108031,1.419294,0.440114,0.977485,0.000019,0.001573,0.533357,0.001714,136,136,8,1,1,1,7,FiniteUncertified,FiniteUncertified,FiniteUncertified,FiniteUncertified,FiniteUncertified,InnerAccuracyLimited,InnerAccuracyLimited,InnerAccuracyLimited,InnerAccuracyLimited,InnerAccuracyLimited
close-binary,0.5,ValueFirst,0,1.0e-03,0,Converged,Converged,InnerAccuracyLimited,1,8.0833951022848609,0.0030327108,1.555999,0.608296,0.945859,0.000019,0.002922,0.527749,0.002947,128,128,8,0,0,1,8,FiniteUncertified,FiniteUncertified,FiniteUncertified,FiniteUncertified,FiniteUncertified,InnerAccuracyLimited,InnerAccuracyLimited,InnerAccuracyLimited,InnerAccuracyLimited,InnerAccuracyLimited
close-binary,0.5,ValueFirst,0,1.0e-04,0,Converged,Converged,InnerAccuracyLimited,1,8.0833997168360217,0.00059138924,1.557376,0.605619,0.950102,0.000020,0.001523,0.530696,0.001668,136,136,8,0,0,1,8,FiniteUncertified,FiniteUncertified,FiniteUncertified,FiniteUncertified,FiniteUncertified,InnerAccuracyLimited,InnerAccuracyLimited,InnerAccuracyLimited,InnerAccuracyLimited,InnerAccuracyLimited
close-binary,0.5,ValueFirst,1,1.0e-03,0,Converged,Converged,InnerAccuracyLimited,1,8.036982527855697,0.0030296107,1.385316,0.432512,0.950199,0.000018,0.001585,0.534356,0.001753,128,128,8,1,1,1,7,FiniteUncertified,FiniteUncertified,FiniteUncertified,FiniteUncertified,FiniteUncertified,InnerAccuracyLimited,InnerAccuracyLimited,InnerAccuracyLimited,InnerAccuracyLimited,InnerAccuracyLimited
close-binary,0.5,ValueFirst,1,1.0e-04,0,Converged,Converged,InnerAccuracyLimited,1,8.0369871411537464,0.00059108031,1.386574,0.431746,0.953388,0.000019,0.001513,0.519925,0.001615,136,136,8,1,1,1,7,FiniteUncertified,FiniteUncertified,FiniteUncertified,FiniteUncertified,FiniteUncertified,InnerAccuracyLimited,InnerAccuracyLimited,InnerAccuracyLimited,InnerAccuracyLimited,InnerAccuracyLimited
wide-planet,0.0,None,0,1.0e-03,0,Converged,Converged,Converged,1,1.1591934436470934,9.2917863e-05,0.826661,0.405386,0.420543,0.000018,0.001628,0.321934,0.002922,53,53,6,2,2,1,4,NotRequested,NotRequested,NotRequested,NotRequested,NotRequested,NotRequested,NotRequested,NotRequested,NotRequested,NotRequested
wide-planet,0.0,None,0,1.0e-04,0,Converged,Converged,Converged,1,1.1591934436470934,9.2917863e-05,0.805976,0.397435,0.407508,0.000017,0.001183,0.320908,0.000868,53,53,6,2,2,1,4,NotRequested,NotRequested,NotRequested,NotRequested,NotRequested,NotRequested,NotRequested,NotRequested,NotRequested,NotRequested
wide-planet,0.0,None,1,1.0e-03,0,Converged,Converged,Converged,1,1.15911069692811,9.2869681e-05,0.729234,0.268090,0.459922,0.000025,0.001056,0.358253,0.000822,53,53,6,1,1,1,5,NotRequested,NotRequested,NotRequested,NotRequested,NotRequested,NotRequested,NotRequested,NotRequested,NotRequested,NotRequested
wide-planet,0.0,None,1,1.0e-04,0,Converged,Converged,Converged,1,1.15911069692811,9.2869681e-05,0.726457,0.268156,0.457440,0.000017,0.001040,0.356590,0.000725,53,53,6,1,1,1,5,NotRequested,NotRequested,NotRequested,NotRequested,NotRequested,NotRequested,NotRequested,NotRequested,NotRequested,NotRequested
wide-planet,0.0,Strict,0,1.0e-03,0,EventLocationLimited,Converged,EventLocationLimited,1,1.1591934436470934,9.2917863e-05,0.901439,0.400913,0.499916,0.000019,0.001371,0.304396,0.001487,93,93,6,2,2,1,4,ToleranceMet,ToleranceMet,FiniteUncertified,ToleranceMet,FiniteUncertified,ToleranceMet,ToleranceMet,EventLocationLimited,ToleranceMet,EventLocationLimited
wide-planet,0.0,Strict,0,1.0e-04,0,EventLocationLimited,Converged,EventLocationLimited,1,1.1591934436470934,9.2917863e-05,0.915973,0.402246,0.512577,0.000018,0.001060,0.323245,0.000793,93,93,6,2,2,1,4,ToleranceMet,ToleranceMet,FiniteUncertified,ToleranceMet,FiniteUncertified,ToleranceMet,ToleranceMet,EventLocationLimited,ToleranceMet,EventLocationLimited
wide-planet,0.0,Strict,1,1.0e-03,0,EventLocationLimited,Converged,EventLocationLimited,1,1.15911069692811,9.2869681e-05,0.985734,0.328020,0.595182,0.000130,0.002668,0.401875,0.003194,77,77,6,1,1,1,5,ToleranceMet,ToleranceMet,FiniteUncertified,ToleranceMet,FiniteUncertified,ToleranceMet,ToleranceMet,EventLocationLimited,ToleranceMet,EventLocationLimited
wide-planet,0.0,Strict,1,1.0e-04,0,EventLocationLimited,Converged,EventLocationLimited,1,1.15911069692811,9.2869681e-05,0.805588,0.270216,0.533911,0.000024,0.001034,0.360829,0.000744,77,77,6,1,1,1,5,ToleranceMet,ToleranceMet,FiniteUncertified,ToleranceMet,FiniteUncertified,ToleranceMet,ToleranceMet,EventLocationLimited,ToleranceMet,EventLocationLimited
wide-planet,0.0,ValueFirst,0,1.0e-03,0,Converged,Converged,BudgetExceeded,1,1.1591934436470934,9.2917863e-05,0.912891,0.396815,0.514386,0.000018,0.001905,0.309707,0.001461,93,93,6,2,2,1,4,ToleranceMet,ToleranceMet,FiniteUncertified,ToleranceMet,FiniteUncertified,ToleranceMet,ToleranceMet,BudgetExceeded,ToleranceMet,BudgetExceeded
wide-planet,0.0,ValueFirst,0,1.0e-04,0,Converged,Converged,BudgetExceeded,1,1.1591934436470934,9.2917863e-05,0.881272,0.394371,0.485760,0.000018,0.001148,0.301795,0.000654,93,93,6,2,2,1,4,ToleranceMet,ToleranceMet,FiniteUncertified,ToleranceMet,FiniteUncertified,ToleranceMet,ToleranceMet,BudgetExceeded,ToleranceMet,BudgetExceeded
wide-planet,0.0,ValueFirst,1,1.0e-03,0,Converged,Converged,EventLocationLimited,1,1.15911069692811,9.2869681e-05,0.815026,0.268770,0.543687,0.000019,0.001105,0.364883,0.000850,77,77,6,1,1,1,5,ToleranceMet,ToleranceMet,FiniteUncertified,ToleranceMet,FiniteUncertified,ToleranceMet,ToleranceMet,EventLocationLimited,ToleranceMet,EventLocationLimited
wide-planet,0.0,ValueFirst,1,1.0e-04,0,Converged,Converged,EventLocationLimited,1,1.15911069692811,9.2869681e-05,0.806180,0.270585,0.534431,0.000018,0.001069,0.359888,0.000721,77,77,6,1,1,1,5,ToleranceMet,ToleranceMet,FiniteUncertified,ToleranceMet,FiniteUncertified,ToleranceMet,ToleranceMet,EventLocationLimited,ToleranceMet,EventLocationLimited
wide-planet,0.5,None,0,1.0e-03,0,Converged,Converged,Converged,1,1.1591902257554043,0.00044447822,0.831147,0.395953,0.434561,0.000018,0.001362,0.317338,0.001480,53,53,6,2,2,1,4,NotRequested,NotRequested,NotRequested,NotRequested,NotRequested,NotRequested,NotRequested,NotRequested,NotRequested,NotRequested
wide-planet,0.5,None,0,1.0e-04,0,Converged,Converged,Converged,1,1.1591902258251667,1.4117769e-06,0.861793,0.393366,0.467456,0.000018,0.000995,0.310184,0.000745,69,69,6,2,2,1,4,NotRequested,NotRequested,NotRequested,NotRequested,NotRequested,NotRequested,NotRequested,NotRequested,NotRequested,NotRequested
wide-planet,0.5,None,1,1.0e-03,0,Converged,Converged,Converged,1,1.1591074816517033,0.0004442461,0.766430,0.283777,0.481465,0.000019,0.001138,0.361260,0.000650,53,53,6,1,1,1,5,NotRequested,NotRequested,NotRequested,NotRequested,NotRequested,NotRequested,NotRequested,NotRequested,NotRequested,NotRequested
wide-planet,0.5,None,1,1.0e-04,0,Converged,Converged,Converged,1,1.1591074817214295,1.4141152e-06,0.788903,0.266764,0.521226,0.000018,0.000981,0.350947,0.000704,69,69,6,1,1,1,5,NotRequested,NotRequested,NotRequested,NotRequested,NotRequested,NotRequested,NotRequested,NotRequested,NotRequested,NotRequested
wide-planet,0.5,Strict,0,1.0e-03,0,EventLocationLimited,Converged,EventLocationLimited,1,1.1591902257554043,0.00044447822,1.009160,0.391262,0.617233,0.000019,0.001368,0.309358,0.001365,93,93,6,2,2,1,4,ToleranceMet,ToleranceMet,FiniteUncertified,ToleranceMet,FiniteUncertified,ToleranceMet,ToleranceMet,EventLocationLimited,ToleranceMet,EventLocationLimited
wide-planet,0.5,Strict,0,1.0e-04,0,EventLocationLimited,Converged,EventLocationLimited,1,1.1591902258251667,1.4117769e-06,0.993715,0.392031,0.600532,0.000018,0.000983,0.306992,0.000720,93,93,6,2,2,1,4,ToleranceMet,ToleranceMet,FiniteUncertified,ToleranceMet,FiniteUncertified,ToleranceMet,ToleranceMet,EventLocationLimited,ToleranceMet,EventLocationLimited
wide-planet,0.5,Strict,1,1.0e-03,0,EventLocationLimited,Converged,EventLocationLimited,1,1.1591074816517033,0.0004442461,1.121603,0.327263,0.731321,0.000146,0.002334,0.404041,0.003654,93,93,6,1,1,1,5,ToleranceMet,ToleranceMet,FiniteUncertified,ToleranceMet,FiniteUncertified,ToleranceMet,ToleranceMet,EventLocationLimited,ToleranceMet,EventLocationLimited
wide-planet,0.5,Strict,1,1.0e-04,0,EventLocationLimited,Converged,EventLocationLimited,1,1.1591074817214295,1.4141152e-06,0.933119,0.269849,0.661995,0.000019,0.000998,0.356061,0.000775,93,93,6,1,1,1,5,ToleranceMet,ToleranceMet,FiniteUncertified,ToleranceMet,FiniteUncertified,ToleranceMet,ToleranceMet,EventLocationLimited,ToleranceMet,EventLocationLimited
wide-planet,0.5,ValueFirst,0,1.0e-03,0,Converged,Converged,BudgetExceeded,1,1.1591902257554043,0.00044447822,1.016853,0.396215,0.618888,0.000018,0.001681,0.318304,0.001653,93,93,6,2,2,1,4,ToleranceMet,ToleranceMet,FiniteUncertified,ToleranceMet,FiniteUncertified,ToleranceMet,ToleranceMet,BudgetExceeded,ToleranceMet,BudgetExceeded
wide-planet,0.5,ValueFirst,0,1.0e-04,0,Converged,Converged,EventLocationLimited,1,1.1591902258251667,1.4117769e-06,0.987597,0.392666,0.593880,0.000018,0.001100,0.308849,0.000761,93,93,6,2,2,1,4,ToleranceMet,ToleranceMet,FiniteUncertified,ToleranceMet,FiniteUncertified,ToleranceMet,ToleranceMet,EventLocationLimited,ToleranceMet,EventLocationLimited
wide-planet,0.5,ValueFirst,1,1.0e-03,0,Converged,Converged,BudgetExceeded,1,1.1591074816517033,0.0004442461,0.952137,0.267425,0.681714,0.000019,0.001079,0.368416,0.000785,93,93,6,1,1,1,5,ToleranceMet,ToleranceMet,FiniteUncertified,ToleranceMet,FiniteUncertified,ToleranceMet,ToleranceMet,BudgetExceeded,ToleranceMet,BudgetExceeded
wide-planet,0.5,ValueFirst,1,1.0e-04,0,Converged,Converged,EventLocationLimited,1,1.1591074817214295,1.4141152e-06,0.939786,0.270055,0.668555,0.000018,0.001056,0.361977,0.000674,93,93,6,1,1,1,5,ToleranceMet,ToleranceMet,FiniteUncertified,ToleranceMet,FiniteUncertified,ToleranceMet,ToleranceMet,EventLocationLimited,ToleranceMet,EventLocationLimited
cusp-approach,0.0,None,0,1.0e-03,0,Converged,Converged,Converged,1,1.5003323150038625,9.2434261e-05,1.138862,0.531569,0.605666,0.000019,0.001537,0.474911,0.002486,76,76,6,0,0,1,6,NotRequested,NotRequested,NotRequested,NotRequested,NotRequested,NotRequested,NotRequested,NotRequested,NotRequested,NotRequested
cusp-approach,0.0,None,0,1.0e-04,0,Converged,Converged,Converged,1,1.5003323150038625,9.2434261e-05,1.103840,0.550803,0.551527,0.000020,0.000961,0.451233,0.001036,76,76,6,0,0,1,6,NotRequested,NotRequested,NotRequested,NotRequested,NotRequested,NotRequested,NotRequested,NotRequested,NotRequested,NotRequested
cusp-approach,0.0,None,1,1.0e-03,0,Converged,Converged,Converged,1,1.4998202014623159,9.2983709e-05,0.859555,0.260461,0.597928,0.000018,0.001007,0.455946,0.000979,76,76,6,0,0,1,6,NotRequested,NotRequested,NotRequested,NotRequested,NotRequested,NotRequested,NotRequested,NotRequested,NotRequested,NotRequested
cusp-approach,0.0,None,1,1.0e-04,0,Converged,Converged,Converged,1,1.4998202014623159,9.2983709e-05,0.869151,0.264510,0.603583,0.000018,0.000926,0.455687,0.000911,76,76,6,0,0,1,6,NotRequested,NotRequested,NotRequested,NotRequested,NotRequested,NotRequested,NotRequested,NotRequested,NotRequested,NotRequested
cusp-approach,0.0,Strict,0,1.0e-03,0,EventLocationLimited,Converged,EventLocationLimited,1,1.5003323150038625,9.2434261e-05,1.203199,0.521845,0.680847,0.000019,0.001092,0.463697,0.001452,124,124,6,0,0,1,6,ToleranceMet,ToleranceMet,FiniteUncertified,ToleranceMet,ToleranceMet,ToleranceMet,ToleranceMet,EventLocationLimited,ToleranceMet,ToleranceMet
cusp-approach,0.0,Strict,0,1.0e-04,0,EventLocationLimited,Converged,EventLocationLimited,1,1.5003323150038625,9.2434261e-05,1.200796,0.524543,0.674832,0.000019,0.000927,0.473045,0.000953,124,124,6,0,0,1,6,ToleranceMet,ToleranceMet,FiniteUncertified,ToleranceMet,ToleranceMet,ToleranceMet,ToleranceMet,EventLocationLimited,ToleranceMet,ToleranceMet
cusp-approach,0.0,Strict,1,1.0e-03,0,EventLocationLimited,Converged,EventLocationLimited,1,1.4998202014623159,9.2983709e-05,1.213967,0.329873,0.810996,0.000112,0.002132,0.496578,0.002814,124,124,6,0,0,1,6,ToleranceMet,ToleranceMet,FiniteUncertified,ToleranceMet,ToleranceMet,ToleranceMet,ToleranceMet,EventLocationLimited,ToleranceMet,ToleranceMet
cusp-approach,0.0,Strict,1,1.0e-04,0,EventLocationLimited,Converged,EventLocationLimited,1,1.4998202014623159,9.2983709e-05,0.998848,0.266937,0.730424,0.000019,0.000894,0.453948,0.000916,124,124,6,0,0,1,6,ToleranceMet,ToleranceMet,FiniteUncertified,ToleranceMet,ToleranceMet,ToleranceMet,ToleranceMet,EventLocationLimited,ToleranceMet,ToleranceMet
cusp-approach,0.0,ValueFirst,0,1.0e-03,0,Converged,Converged,BudgetExceeded,1,1.5003323150038625,9.2434261e-05,1.211082,0.528728,0.681254,0.000018,0.001624,0.469853,0.001514,124,124,6,0,0,1,6,ToleranceMet,ToleranceMet,FiniteUncertified,ToleranceMet,ToleranceMet,ToleranceMet,ToleranceMet,BudgetExceeded,ToleranceMet,ToleranceMet
cusp-approach,0.0,ValueFirst,0,1.0e-04,0,Converged,Converged,BudgetExceeded,1,1.5003323150038625,9.2434261e-05,1.188513,0.526555,0.660555,0.000019,0.000939,0.468248,0.000950,124,124,6,0,0,1,6,ToleranceMet,ToleranceMet,FiniteUncertified,ToleranceMet,ToleranceMet,ToleranceMet,ToleranceMet,BudgetExceeded,ToleranceMet,ToleranceMet
cusp-approach,0.0,ValueFirst,1,1.0e-03,0,Converged,Converged,BudgetExceeded,1,1.4998202014623159,9.2983709e-05,1.029735,0.266266,0.760749,0.000018,0.000930,0.465321,0.000975,124,124,6,0,0,1,6,ToleranceMet,ToleranceMet,FiniteUncertified,ToleranceMet,ToleranceMet,ToleranceMet,ToleranceMet,BudgetExceeded,ToleranceMet,ToleranceMet
cusp-approach,0.0,ValueFirst,1,1.0e-04,0,Converged,Converged,BudgetExceeded,1,1.4998202014623159,9.2983709e-05,1.010461,0.263662,0.745350,0.000022,0.000935,0.454377,0.000883,124,124,6,0,0,1,6,ToleranceMet,ToleranceMet,FiniteUncertified,ToleranceMet,ToleranceMet,ToleranceMet,ToleranceMet,BudgetExceeded,ToleranceMet,ToleranceMet
cusp-approach,0.5,None,0,1.0e-03,0,Converged,Converged,Converged,1,1.5002754656949193,0.00026001469,1.133128,0.525042,0.607550,0.000019,0.001222,0.474991,0.001565,76,76,6,0,0,1,6,NotRequested,NotRequested,NotRequested,NotRequested,NotRequested,NotRequested,NotRequested,NotRequested,NotRequested,NotRequested
cusp-approach,0.5,None,0,1.0e-04,0,Converged,Converged,Converged,1,1.5002754657092836,9.7025925e-05,1.117468,0.520246,0.596083,0.000019,0.000947,0.453833,0.000925,92,92,6,0,0,1,6,NotRequested,NotRequested,NotRequested,NotRequested,NotRequested,NotRequested,NotRequested,NotRequested,NotRequested,NotRequested
cusp-approach,0.5,None,1,1.0e-03,0,Converged,Converged,Converged,1,1.4997634600093368,0.00026234994,0.877926,0.261910,0.614766,0.000027,0.000893,0.452819,0.000893,76,76,6,0,0,1,6,NotRequested,NotRequested,NotRequested,NotRequested,NotRequested,NotRequested,NotRequested,NotRequested,NotRequested,NotRequested
cusp-approach,0.5,None,1,1.0e-04,0,Converged,Converged,Converged,1,1.4997634600250056,9.4840003e-05,0.904200,0.268457,0.634569,0.000025,0.000901,0.456190,0.000858,92,92,6,0,0,1,6,NotRequested,NotRequested,NotRequested,NotRequested,NotRequested,NotRequested,NotRequested,NotRequested,NotRequested,NotRequested
cusp-approach,0.5,Strict,0,1.0e-03,0,EventLocationLimited,Converged,EventLocationLimited,1,1.5002754656949193,0.00026001469,1.396246,0.528360,0.867407,0.000018,0.001098,0.468479,0.001335,156,156,6,0,0,1,6,ToleranceMet,ToleranceMet,FiniteUncertified,ToleranceMet,ToleranceMet,ToleranceMet,ToleranceMet,EventLocationLimited,ToleranceMet,ToleranceMet
cusp-approach,0.5,Strict,0,1.0e-04,0,EventLocationLimited,Converged,EventLocationLimited,1,1.5002754657092836,9.7025925e-05,1.362527,0.523943,0.836799,0.000019,0.000947,0.468953,0.000951,156,156,6,0,0,1,6,ToleranceMet,ToleranceMet,FiniteUncertified,ToleranceMet,ToleranceMet,ToleranceMet,ToleranceMet,EventLocationLimited,ToleranceMet,ToleranceMet
cusp-approach,0.5,Strict,1,1.0e-03,0,EventLocationLimited,Converged,EventLocationLimited,1,1.4997634600093368,0.00026234994,1.487995,0.343851,1.013770,0.000122,0.002474,0.491573,0.003190,156,156,6,0,0,1,6,ToleranceMet,ToleranceMet,FiniteUncertified,ToleranceMet,ToleranceMet,ToleranceMet,ToleranceMet,EventLocationLimited,ToleranceMet,ToleranceMet
cusp-approach,0.5,Strict,1,1.0e-04,0,EventLocationLimited,Converged,EventLocationLimited,1,1.4997634600250056,9.4840003e-05,1.202689,0.266438,0.934424,0.000018,0.000886,0.458308,0.000927,156,156,6,0,0,1,6,ToleranceMet,ToleranceMet,FiniteUncertified,ToleranceMet,ToleranceMet,ToleranceMet,ToleranceMet,EventLocationLimited,ToleranceMet,ToleranceMet
cusp-approach,0.5,ValueFirst,0,1.0e-03,0,Converged,Converged,BudgetExceeded,1,1.5002754656949193,0.00026001469,1.320307,0.527603,0.791354,0.000018,0.001765,0.464914,0.001413,124,124,6,0,0,1,6,ToleranceMet,ToleranceMet,FiniteUncertified,ToleranceMet,ToleranceMet,ToleranceMet,ToleranceMet,BudgetExceeded,ToleranceMet,ToleranceMet
cusp-approach,0.5,ValueFirst,0,1.0e-04,0,Converged,Converged,BudgetExceeded,1,1.5002754657092836,9.7025925e-05,1.374735,0.524473,0.848692,0.000020,0.000970,0.469251,0.000859,156,156,6,0,0,1,6,ToleranceMet,ToleranceMet,FiniteUncertified,ToleranceMet,ToleranceMet,ToleranceMet,ToleranceMet,BudgetExceeded,ToleranceMet,ToleranceMet
cusp-approach,0.5,ValueFirst,1,1.0e-03,0,Converged,Converged,BudgetExceeded,1,1.4997634600093368,0.00026234994,1.120355,0.267751,0.849931,0.000018,0.000967,0.455943,0.001164,124,124,6,0,0,1,6,ToleranceMet,ToleranceMet,FiniteUncertified,ToleranceMet,ToleranceMet,ToleranceMet,ToleranceMet,BudgetExceeded,ToleranceMet,ToleranceMet
cusp-approach,0.5,ValueFirst,1,1.0e-04,0,Converged,Converged,BudgetExceeded,1,1.4997634600250056,9.4840003e-05,1.200308,0.266570,0.932198,0.000020,0.000941,0.456732,0.000897,156,156,6,0,0,1,6,ToleranceMet,ToleranceMet,FiniteUncertified,ToleranceMet,ToleranceMet,ToleranceMet,ToleranceMet,BudgetExceeded,ToleranceMet,ToleranceMet
on-axis-off,0.0,None,0,1.0e-03,0,Converged,Converged,Converged,1,3.8271233587613938,0.0032575044,1.079874,0.766183,0.313045,0.000020,0.001574,0.148108,0.002856,99,99,6,0,0,1,2,NotRequested,NotRequested,NotRequested,NotRequested,NotRequested,NotRequested,NotRequested,NotRequested,NotRequested,NotRequested
on-axis-off,0.0,None,0,1.0e-04,0,Converged,Converged,Converged,1,3.827094009959612,0.00025155334,1.307723,0.757528,0.548927,0.000018,0.001164,0.141743,0.001262,243,243,6,0,0,1,2,NotRequested,NotRequested,NotRequested,NotRequested,NotRequested,NotRequested,NotRequested,NotRequested,NotRequested,NotRequested
on-axis-off,0.0,None,1,1.0e-03,0,Converged,Converged,Converged,1,3.8277152338090104,0.0033693513,0.954550,0.650496,0.302282,0.000018,0.001325,0.141587,0.001212,99,99,6,0,0,1,2,NotRequested,NotRequested,NotRequested,NotRequested,NotRequested,NotRequested,NotRequested,NotRequested,NotRequested,NotRequested
on-axis-off,0.0,None,1,1.0e-04,0,Converged,Converged,Converged,1,3.827689119180913,0.00036619568,1.049523,0.604299,0.443502,0.000019,0.001167,0.140440,0.000960,179,179,6,0,0,1,2,NotRequested,NotRequested,NotRequested,NotRequested,NotRequested,NotRequested,NotRequested,NotRequested,NotRequested,NotRequested
on-axis-off,0.0,Strict,0,1.0e-03,0,BudgetExceeded,Converged,BudgetExceeded,1,3.8271233587613938,0.0032575044,50.505957,0.753078,49.750050,0.000019,0.001362,0.138862,0.001936,6645,6645,6,0,0,1,2,FiniteUncertified,ToleranceMet,FiniteUncertified,FiniteUncertified,FiniteUncertified,BudgetExceeded,ToleranceMet,BudgetExceeded,BudgetExceeded,BudgetExceeded
on-axis-off,0.0,Strict,0,1.0e-04,0,BudgetExceeded,Converged,BudgetExceeded,1,3.827094009959612,0.00025155334,32.306278,0.824181,31.462916,0.000098,0.002602,0.180310,0.003287,6669,6669,6,0,0,1,2,FiniteUncertified,ToleranceMet,FiniteUncertified,FiniteUncertified,FiniteUncertified,BudgetExceeded,ToleranceMet,BudgetExceeded,BudgetExceeded,BudgetExceeded
on-axis-off,0.0,Strict,1,1.0e-03,0,BudgetExceeded,Converged,BudgetExceeded,1,3.8277152338090104,0.0033693513,32.103936,0.704918,31.250549,0.000168,0.003325,0.159283,0.002686,6645,6645,6,0,0,1,2,FiniteUncertified,ToleranceMet,FiniteUncertified,FiniteUncertified,FiniteUncertified,BudgetExceeded,ToleranceMet,BudgetExceeded,BudgetExceeded,BudgetExceeded
on-axis-off,0.0,Strict,1,1.0e-04,0,BudgetExceeded,Converged,BudgetExceeded,1,3.827689119180913,0.00036619568,31.946464,0.668518,31.262847,0.000275,0.003290,0.173686,0.003739,6661,6661,6,0,0,1,2,FiniteUncertified,ToleranceMet,FiniteUncertified,FiniteUncertified,FiniteUncertified,BudgetExceeded,ToleranceMet,BudgetExceeded,BudgetExceeded,BudgetExceeded
on-axis-off,0.0,ValueFirst,0,1.0e-03,0,Converged,Converged,BudgetExceeded,1,3.8271233587613938,0.0032575044,2.058992,0.838376,1.218449,0.000309,0.004531,0.185193,0.006900,323,323,6,0,0,1,2,FiniteUncertified,ToleranceMet,FiniteUncertified,FiniteUncertified,FiniteUncertified,BudgetExceeded,ToleranceMet,BudgetExceeded,BudgetExceeded,BudgetExceeded
on-axis-off,0.0,ValueFirst,0,1.0e-04,0,Converged,Converged,BudgetExceeded,1,3.827094009959612,0.00025155334,1.966239,0.774527,1.190112,0.000032,0.001761,0.148534,0.001398,385,385,6,0,0,1,2,FiniteUncertified,ToleranceMet,FiniteUncertified,FiniteUncertified,FiniteUncertified,BudgetExceeded,ToleranceMet,BudgetExceeded,BudgetExceeded,BudgetExceeded
on-axis-off,0.0,ValueFirst,1,1.0e-03,0,Converged,Converged,BudgetExceeded,1,3.8277152338090104,0.0033693513,1.746240,0.663173,1.079098,0.000033,0.001297,0.150994,0.001417,323,323,6,0,0,1,2,FiniteUncertified,ToleranceMet,FiniteUncertified,FiniteUncertified,FiniteUncertified,BudgetExceeded,ToleranceMet,BudgetExceeded,BudgetExceeded,BudgetExceeded
on-axis-off,0.0,ValueFirst,1,1.0e-04,0,Converged,Converged,BudgetExceeded,1,3.827689119180913,0.00036619568,1.803464,0.613567,1.188098,0.000032,0.001192,0.144718,0.001161,378,378,6,0,0,1,2,FiniteUncertified,FiniteUncertified,FiniteUncertified,FiniteUncertified,FiniteUncertified,BudgetExceeded,BudgetExceeded,BudgetExceeded,BudgetExceeded,BudgetExceeded
on-axis-off,0.5,None,0,1.0e-03,0,Converged,Converged,Converged,1,3.8255160277897398,0.001686613,1.124875,0.761374,0.362831,0.000033,0.001550,0.145646,0.002225,115,115,6,0,0,1,2,NotRequested,NotRequested,NotRequested,NotRequested,NotRequested,NotRequested,NotRequested,NotRequested,NotRequested,NotRequested
on-axis-off,0.5,None,0,1.0e-04,0,Converged,Converged,Converged,1,3.8255003674369688,0.00033957101,1.346588,0.765352,0.579848,0.000033,0.001227,0.148726,0.001101,195,195,6,0,0,1,2,NotRequested,NotRequested,NotRequested,NotRequested,NotRequested,NotRequested,NotRequested,NotRequested,NotRequested,NotRequested
on-axis-off,0.5,None,1,1.0e-03,0,Converged,Converged,Converged,1,3.8261030647895988,0.0017198717,1.006211,0.655410,0.349449,0.000032,0.001230,0.140380,0.001049,115,115,6,0,0,1,2,NotRequested,NotRequested,NotRequested,NotRequested,NotRequested,NotRequested,NotRequested,NotRequested,NotRequested,NotRequested
on-axis-off,0.5,None,1,1.0e-04,0,Converged,Converged,Converged,1,3.8260873963930835,0.00029562212,1.124887,0.603199,0.520070,0.000033,0.001097,0.143541,0.000910,195,195,6,0,0,1,2,NotRequested,NotRequested,NotRequested,NotRequested,NotRequested,NotRequested,NotRequested,NotRequested,NotRequested,NotRequested
on-axis-off,0.5,Strict,0,1.0e-03,0,BudgetExceeded,Converged,BudgetExceeded,1,3.8255160277897398,0.001686613,57.578759,0.751951,56.824380,0.000032,0.001393,0.144182,0.002013,6677,6677,6,0,0,1,2,FiniteUncertified,ToleranceMet,FiniteUncertified,FiniteUncertified,FiniteUncertified,BudgetExceeded,ToleranceMet,BudgetExceeded,BudgetExceeded,BudgetExceeded
on-axis-off,0.5,Strict,0,1.0e-04,0,BudgetExceeded,Converged,BudgetExceeded,1,3.8255003674369688,0.00033957101,36.500039,0.820121,35.661729,0.000208,0.003095,0.176860,0.003858,6677,6677,6,0,0,1,2,FiniteUncertified,ToleranceMet,FiniteUncertified,FiniteUncertified,FiniteUncertified,BudgetExceeded,ToleranceMet,BudgetExceeded,BudgetExceeded,BudgetExceeded
on-axis-off,0.5,Strict,1,1.0e-03,0,BudgetExceeded,Converged,BudgetExceeded,1,3.8261030647895988,0.0017198717,36.921443,0.701262,36.077433,0.000210,0.003195,0.157502,0.002599,6677,6677,6,0,0,1,2,FiniteUncertified,ToleranceMet,FiniteUncertified,FiniteUncertified,FiniteUncertified,BudgetExceeded,ToleranceMet,BudgetExceeded,BudgetExceeded,BudgetExceeded
on-axis-off,0.5,Strict,1,1.0e-04,0,BudgetExceeded,Converged,BudgetExceeded,1,3.8260873963930835,0.00029562212,36.876373,0.672871,36.193016,0.000108,0.002378,0.178272,0.003117,6677,6677,6,0,0,1,2,FiniteUncertified,ToleranceMet,FiniteUncertified,FiniteUncertified,FiniteUncertified,BudgetExceeded,ToleranceMet,BudgetExceeded,BudgetExceeded,BudgetExceeded
on-axis-off,0.5,ValueFirst,0,1.0e-03,0,Converged,Converged,BudgetExceeded,1,3.8255160277897398,0.001686613,2.271358,0.832941,1.436417,0.000139,0.004204,0.178212,0.007419,339,339,6,0,0,1,2,FiniteUncertified,ToleranceMet,FiniteUncertified,FiniteUncertified,FiniteUncertified,BudgetExceeded,ToleranceMet,BudgetExceeded,BudgetExceeded,BudgetExceeded
on-axis-off,0.5,ValueFirst,0,1.0e-04,0,Converged,Converged,BudgetExceeded,1,3.8255003674369688,0.00033957101,2.311762,0.771829,1.538326,0.000018,0.002790,0.153420,0.001748,394,394,6,0,0,1,2,FiniteUncertified,FiniteUncertified,FiniteUncertified,FiniteUncertified,FiniteUncertified,BudgetExceeded,BudgetExceeded,BudgetExceeded,BudgetExceeded,BudgetExceeded
on-axis-off,0.5,ValueFirst,1,1.0e-03,0,Converged,Converged,BudgetExceeded,1,3.8261030647895988,0.0017198717,2.041016,0.660151,1.376972,0.000019,0.001279,0.153325,0.001356,339,339,6,0,0,1,2,FiniteUncertified,ToleranceMet,FiniteUncertified,FiniteUncertified,FiniteUncertified,BudgetExceeded,ToleranceMet,BudgetExceeded,BudgetExceeded,BudgetExceeded
on-axis-off,0.5,ValueFirst,1,1.0e-04,0,Converged,Converged,BudgetExceeded,1,3.8260873963930835,0.00029562212,2.245024,0.614718,1.628451,0.000018,0.001131,0.145815,0.001186,394,394,6,0,0,1,2,FiniteUncertified,FiniteUncertified,FiniteUncertified,FiniteUncertified,FiniteUncertified,BudgetExceeded,BudgetExceeded,BudgetExceeded,BudgetExceeded,BudgetExceeded
R=sqrt(m0),0.0,None,0,1.0e-03,0,Converged,Converged,Converged,1,1.3878220326641866,0.00060585019,0.873492,0.287473,0.585354,0.000019,0.001493,0.483703,0.003952,68,68,6,0,0,1,6,NotRequested,NotRequested,NotRequested,NotRequested,NotRequested,NotRequested,NotRequested,NotRequested,NotRequested,NotRequested
R=sqrt(m0),0.0,None,0,1.0e-04,0,Converged,Converged,Converged,1,1.3878220326056712,4.9328132e-05,0.887202,0.286596,0.599425,0.000018,0.001117,0.478128,0.001007,92,92,6,0,0,1,6,NotRequested,NotRequested,NotRequested,NotRequested,NotRequested,NotRequested,NotRequested,NotRequested,NotRequested,NotRequested
R=sqrt(m0),0.0,None,1,1.0e-03,0,Converged,Converged,Converged,1,1.3878570237613608,0.00064091243,0.749201,0.165338,0.582490,0.000025,0.001038,0.463629,0.001204,68,68,6,0,0,1,6,NotRequested,NotRequested,NotRequested,NotRequested,NotRequested,NotRequested,NotRequested,NotRequested,NotRequested,NotRequested
R=sqrt(m0),0.0,None,1,1.0e-04,0,Converged,Converged,Converged,1,1.3878570236857222,4.4659416e-05,0.821098,0.171286,0.648630,0.000018,0.001126,0.487819,0.000893,92,92,6,0,0,1,6,NotRequested,NotRequested,NotRequested,NotRequested,NotRequested,NotRequested,NotRequested,NotRequested,NotRequested,NotRequested
R=sqrt(m0),0.0,Strict,0,1.0e-03,0,EventLocationLimited,Converged,EventLocationLimited,1,1.3878220326641866,0.00060585019,1.092658,0.276201,0.815788,0.000018,0.001350,0.464210,0.001633,204,204,6,0,0,1,6,ToleranceMet,ToleranceMet,FiniteUncertified,ToleranceMet,ToleranceMet,ToleranceMet,ToleranceMet,EventLocationLimited,ToleranceMet,ToleranceMet
R=sqrt(m0),0.0,Strict,0,1.0e-04,0,EventLocationLimited,Converged,EventLocationLimited,1,1.3878220326056712,4.9328132e-05,1.077722,0.279935,0.795796,0.000019,0.001105,0.472384,0.000993,204,204,6,0,0,1,6,ToleranceMet,ToleranceMet,FiniteUncertified,ToleranceMet,ToleranceMet,ToleranceMet,ToleranceMet,EventLocationLimited,ToleranceMet,ToleranceMet
R=sqrt(m0),0.0,Strict,1,1.0e-03,0,EventLocationLimited,Converged,EventLocationLimited,1,1.3878570237613608,0.00064091243,1.292140,0.236924,0.968398,0.000103,0.002631,0.515177,0.003722,204,204,6,0,0,1,6,ToleranceMet,ToleranceMet,FiniteUncertified,ToleranceMet,ToleranceMet,ToleranceMet,ToleranceMet,EventLocationLimited,ToleranceMet,ToleranceMet
R=sqrt(m0),0.0,Strict,1,1.0e-04,0,EventLocationLimited,Converged,EventLocationLimited,1,1.3878570236857222,4.4659416e-05,1.072980,0.172677,0.897655,0.000019,0.001076,0.469291,0.000909,204,204,6,0,0,1,6,ToleranceMet,ToleranceMet,FiniteUncertified,ToleranceMet,ToleranceMet,ToleranceMet,ToleranceMet,EventLocationLimited,ToleranceMet,ToleranceMet
R=sqrt(m0),0.0,ValueFirst,0,1.0e-03,0,Converged,Converged,BudgetExceeded,1,1.3878220326641866,0.00060585019,0.956541,0.280825,0.674396,0.000018,0.002021,0.468077,0.002016,124,124,6,0,0,1,6,FiniteUncertified,ToleranceMet,FiniteUncertified,FiniteUncertified,FiniteUncertified,BudgetExceeded,ToleranceMet,BudgetExceeded,BudgetExceeded,BudgetExceeded
R=sqrt(m0),0.0,ValueFirst,0,1.0e-04,0,Converged,Converged,BudgetExceeded,1,1.3878220326056712,4.9328132e-05,1.079053,0.280472,0.797129,0.000025,0.001089,0.463462,0.000858,204,204,6,0,0,1,6,ToleranceMet,ToleranceMet,FiniteUncertified,ToleranceMet,ToleranceMet,ToleranceMet,ToleranceMet,BudgetExceeded,ToleranceMet,ToleranceMet
R=sqrt(m0),0.0,ValueFirst,1,1.0e-03,0,Converged,Converged,BudgetExceeded,1,1.3878570237613608,0.00064091243,0.917021,0.174316,0.740514,0.000017,0.001147,0.486486,0.000933,124,124,6,0,0,1,6,FiniteUncertified,ToleranceMet,FiniteUncertified,FiniteUncertified,FiniteUncertified,BudgetExceeded,ToleranceMet,BudgetExceeded,BudgetExceeded,BudgetExceeded
R=sqrt(m0),0.0,ValueFirst,1,1.0e-04,0,Converged,Converged,BudgetExceeded,1,1.3878570236857222,4.4659416e-05,1.075296,0.168529,0.904864,0.000020,0.001118,0.475683,0.000869,204,204,6,0,0,1,6,ToleranceMet,ToleranceMet,FiniteUncertified,ToleranceMet,ToleranceMet,ToleranceMet,ToleranceMet,BudgetExceeded,ToleranceMet,ToleranceMet
R=sqrt(m0),0.5,None,0,1.0e-03,0,Converged,Converged,Converged,1,1.3878052400657817,0.00056274656,0.891424,0.282377,0.608362,0.000019,0.001316,0.467520,0.001750,84,84,6,0,0,1,6,NotRequested,NotRequested,NotRequested,NotRequested,NotRequested,NotRequested,NotRequested,NotRequested,NotRequested,NotRequested
R=sqrt(m0),0.5,None,0,1.0e-04,0,Converged,Converged,Converged,1,1.3878052400325598,0.00011943092,0.879501,0.276834,0.601392,0.000019,0.004068,0.462410,0.000810,92,92,6,0,0,1,6,NotRequested,NotRequested,NotRequested,NotRequested,NotRequested,NotRequested,NotRequested,NotRequested,NotRequested,NotRequested
R=sqrt(m0),0.5,None,1,1.0e-03,0,Converged,Converged,Converged,1,1.3878402243024923,0.00059465753,0.805288,0.166466,0.637442,0.000015,0.001094,0.474049,0.000966,84,84,6,0,0,1,6,NotRequested,NotRequested,NotRequested,NotRequested,NotRequested,NotRequested,NotRequested,NotRequested,NotRequested,NotRequested
R=sqrt(m0),0.5,None,1,1.0e-04,0,Converged,Converged,Converged,1,1.38784022425874,0.00011668054,0.814150,0.165876,0.647025,0.000018,0.000979,0.467442,0.000785,92,92,6,0,0,1,6,NotRequested,NotRequested,NotRequested,NotRequested,NotRequested,NotRequested,NotRequested,NotRequested,NotRequested,NotRequested
R=sqrt(m0),0.5,Strict,0,1.0e-03,0,EventLocationLimited,Converged,EventLocationLimited,1,1.3878052400657819,0.00056274656,1.231493,0.277652,0.953270,0.000019,0.001287,0.464284,0.001657,204,204,6,0,0,1,6,ToleranceMet,ToleranceMet,FiniteUncertified,ToleranceMet,ToleranceMet,ToleranceMet,ToleranceMet,EventLocationLimited,ToleranceMet,ToleranceMet
R=sqrt(m0),0.5,Strict,0,1.0e-04,0,EventLocationLimited,Converged,EventLocationLimited,1,1.38780524003256,0.00011943092,1.234908,0.285193,0.947757,0.000021,0.001109,0.478295,0.000859,204,204,6,0,0,1,6,ToleranceMet,ToleranceMet,FiniteUncertified,ToleranceMet,ToleranceMet,ToleranceMet,ToleranceMet,EventLocationLimited,ToleranceMet,ToleranceMet
R=sqrt(m0),0.5,Strict,1,1.0e-03,0,EventLocationLimited,Converged,EventLocationLimited,1,1.3878402243024923,0.00059465753,1.492507,0.264096,1.128445,0.000108,0.002788,0.527298,0.005103,204,204,6,0,0,1,6,ToleranceMet,ToleranceMet,FiniteUncertified,ToleranceMet,ToleranceMet,ToleranceMet,ToleranceMet,EventLocationLimited,ToleranceMet,ToleranceMet
R=sqrt(m0),0.5,Strict,1,1.0e-04,0,EventLocationLimited,Converged,EventLocationLimited,1,1.38784022425874,0.00011668054,1.216902,0.170632,1.043811,0.000028,0.001066,0.476020,0.000905,204,204,6,0,0,1,6,ToleranceMet,ToleranceMet,FiniteUncertified,ToleranceMet,ToleranceMet,ToleranceMet,ToleranceMet,EventLocationLimited,ToleranceMet,ToleranceMet
R=sqrt(m0),0.5,ValueFirst,0,1.0e-03,0,Converged,Converged,BudgetExceeded,1,1.3878052400657819,0.00056274656,1.079048,0.281436,0.796499,0.000019,0.001794,0.470631,0.002221,140,140,6,0,0,1,6,ToleranceMet,ToleranceMet,FiniteUncertified,ToleranceMet,ToleranceMet,ToleranceMet,ToleranceMet,BudgetExceeded,ToleranceMet,ToleranceMet
R=sqrt(m0),0.5,ValueFirst,0,1.0e-04,0,Converged,Converged,BudgetExceeded,1,1.38780524003256,0.00011943092,1.220502,0.278972,0.940039,0.000018,0.001099,0.470949,0.000900,204,204,6,0,0,1,6,ToleranceMet,ToleranceMet,FiniteUncertified,ToleranceMet,ToleranceMet,ToleranceMet,ToleranceMet,BudgetExceeded,ToleranceMet,ToleranceMet
R=sqrt(m0),0.5,ValueFirst,1,1.0e-03,0,Converged,Converged,BudgetExceeded,1,1.3878402243024923,0.00059465753,1.065892,0.174216,0.889706,0.000020,0.001130,0.493679,0.001048,140,140,6,0,0,1,6,ToleranceMet,ToleranceMet,FiniteUncertified,ToleranceMet,ToleranceMet,ToleranceMet,ToleranceMet,BudgetExceeded,ToleranceMet,ToleranceMet
R=sqrt(m0),0.5,ValueFirst,1,1.0e-04,0,Converged,Converged,BudgetExceeded,1,1.38784022425874,0.00011668054,1.232233,0.180079,1.050126,0.000018,0.001150,0.469340,0.000994,204,204,6,0,0,1,6,ToleranceMet,ToleranceMet,FiniteUncertified,ToleranceMet,ToleranceMet,ToleranceMet,ToleranceMet,BudgetExceeded,ToleranceMet,ToleranceMet
tiny-rho,0.0,None,0,1.0e-03,0,Converged,Converged,Converged,1,38.337679646328134,0.033012126,1.491652,0.774505,0.716514,0.000019,0.002286,0.574428,0.003690,90,90,10,0,0,1,10,NotRequested,NotRequested,NotRequested,NotRequested,NotRequested,NotRequested,NotRequested,NotRequested,NotRequested,NotRequested
tiny-rho,0.0,None,0,1.0e-04,0,Converged,Converged,Converged,1,38.337679148833615,0.00034462622,1.541267,0.777347,0.762687,0.000018,0.001663,0.564957,0.001548,138,138,10,0,0,1,10,NotRequested,NotRequested,NotRequested,NotRequested,NotRequested,NotRequested,NotRequested,NotRequested,NotRequested,NotRequested
tiny-rho,0.0,None,1,1.0e-03,0,Converged,Converged,Converged,1,38.304177513727694,0.033398413,1.044126,0.295149,0.747083,0.000018,0.001704,0.567424,0.001447,90,90,10,0,0,1,10,NotRequested,NotRequested,NotRequested,NotRequested,NotRequested,NotRequested,NotRequested,NotRequested,NotRequested,NotRequested
tiny-rho,0.0,None,1,1.0e-04,0,Converged,Converged,Converged,1,38.30417696424842,0.00034528391,1.144805,0.312126,0.831159,0.000019,0.001742,0.562899,0.001339,138,138,10,0,0,1,10,NotRequested,NotRequested,NotRequested,NotRequested,NotRequested,NotRequested,NotRequested,NotRequested,NotRequested,NotRequested
tiny-rho,0.0,Strict,0,1.0e-03,0,EventLocationLimited,Converged,EventLocationLimited,1,38.337679646328134,0.033012126,1.735763,0.775315,0.959884,0.000020,0.001955,0.548014,0.002213,202,202,10,0,0,1,10,ToleranceMet,ToleranceMet,ToleranceMet,ToleranceMet,FiniteUncertified,ToleranceMet,ToleranceMet,ToleranceMet,ToleranceMet,EventLocationLimited
tiny-rho,0.0,Strict,0,1.0e-04,0,EventLocationLimited,Converged,EventLocationLimited,1,38.337679148833615,0.00034462622,1.671714,0.779457,0.890216,0.000019,0.001830,0.568310,0.001509,202,202,10,0,0,1,10,ToleranceMet,ToleranceMet,ToleranceMet,ToleranceMet,FiniteUncertified,ToleranceMet,ToleranceMet,ToleranceMet,ToleranceMet,EventLocationLimited
tiny-rho,0.0,Strict,1,1.0e-03,0,EventLocationLimited,Converged,EventLocationLimited,1,38.304177513727694,0.033398413,2.041309,0.364606,1.301451,0.000295,0.003267,0.827750,0.005211,202,202,10,0,0,1,10,ToleranceMet,ToleranceMet,ToleranceMet,ToleranceMet,FiniteUncertified,ToleranceMet,ToleranceMet,ToleranceMet,ToleranceMet,EventLocationLimited
tiny-rho,0.0,Strict,1,1.0e-04,0,EventLocationLimited,Converged,EventLocationLimited,1,38.30417696424842,0.00034528391,1.337368,0.317903,1.017040,0.000018,0.001560,0.564392,0.001364,202,202,10,0,0,1,10,ToleranceMet,ToleranceMet,ToleranceMet,ToleranceMet,FiniteUncertified,ToleranceMet,ToleranceMet,ToleranceMet,ToleranceMet,EventLocationLimited
tiny-rho,0.0,ValueFirst,0,1.0e-03,0,Converged,Converged,BudgetExceeded,1,38.337679646328134,0.033012126,1.608767,0.787475,0.819995,0.000019,0.002865,0.568812,0.003009,138,138,10,0,0,1,10,ToleranceMet,ToleranceMet,FiniteUncertified,ToleranceMet,FiniteUncertified,ToleranceMet,ToleranceMet,BudgetExceeded,ToleranceMet,BudgetExceeded
tiny-rho,0.0,ValueFirst,0,1.0e-04,0,Converged,Converged,BudgetExceeded,1,38.337679148833615,0.00034462622,1.658450,0.769807,0.887121,0.000019,0.001649,0.557568,0.001428,202,202,10,0,0,1,10,ToleranceMet,ToleranceMet,ToleranceMet,ToleranceMet,FiniteUncertified,ToleranceMet,ToleranceMet,ToleranceMet,ToleranceMet,BudgetExceeded
tiny-rho,0.0,ValueFirst,1,1.0e-03,0,Converged,Converged,BudgetExceeded,1,38.304177513727694,0.033398413,1.194719,0.296955,0.895390,0.000019,0.001747,0.582287,0.001488,138,138,10,0,0,1,10,ToleranceMet,ToleranceMet,FiniteUncertified,ToleranceMet,FiniteUncertified,ToleranceMet,ToleranceMet,BudgetExceeded,ToleranceMet,BudgetExceeded
tiny-rho,0.0,ValueFirst,1,1.0e-04,0,Converged,Converged,BudgetExceeded,1,38.30417696424842,0.00034528391,1.326690,0.314729,1.010024,0.000023,0.001643,0.578805,0.001371,202,202,10,0,0,1,10,ToleranceMet,ToleranceMet,ToleranceMet,ToleranceMet,FiniteUncertified,ToleranceMet,ToleranceMet,ToleranceMet,ToleranceMet,BudgetExceeded
tiny-rho,0.5,None,0,1.0e-03,0,Converged,Converged,Converged,1,38.322870948591017,0.028812817,1.552009,0.773690,0.777743,0.000020,0.001937,0.563678,0.002204,114,114,10,0,0,1,10,NotRequested,NotRequested,NotRequested,NotRequested,NotRequested,NotRequested,NotRequested,NotRequested,NotRequested,NotRequested
tiny-rho,0.5,None,0,1.0e-04,0,Converged,Converged,Converged,1,38.322870590526378,0.0016680624,1.558735,0.769935,0.787394,0.000018,0.001646,0.559861,0.001355,138,138,10,0,0,1,10,NotRequested,NotRequested,NotRequested,NotRequested,NotRequested,NotRequested,NotRequested,NotRequested,NotRequested,NotRequested
tiny-rho,0.5,None,1,1.0e-03,0,Converged,Converged,Converged,1,38.289441393033897,0.028709353,1.123827,0.298892,0.823325,0.000018,0.001743,0.559253,0.001411,114,114,10,0,0,1,10,NotRequested,NotRequested,NotRequested,NotRequested,NotRequested,NotRequested,NotRequested,NotRequested,NotRequested,NotRequested
tiny-rho,0.5,None,1,1.0e-04,0,Converged,Converged,Converged,1,38.289441008892638,0.0016682614,1.191126,0.313930,0.875650,0.000018,0.001602,0.571095,0.001336,138,138,10,0,0,1,10,NotRequested,NotRequested,NotRequested,NotRequested,NotRequested,NotRequested,NotRequested,NotRequested,NotRequested,NotRequested
tiny-rho,0.5,Strict,0,1.0e-03,0,EventLocationLimited,Converged,EventLocationLimited,1,38.322870948591017,0.028812817,1.837243,0.770201,1.066381,0.000018,0.001847,0.548877,0.002241,202,202,10,0,0,1,10,ToleranceMet,ToleranceMet,FiniteUncertified,ToleranceMet,FiniteUncertified,ToleranceMet,ToleranceMet,EventLocationLimited,ToleranceMet,EventLocationLimited
tiny-rho,0.5,Strict,0,1.0e-04,0,EventLocationLimited,Converged,EventLocationLimited,1,38.322870590526378,0.0016680624,1.813727,0.770181,1.041586,0.000019,0.001710,0.569135,0.001405,202,202,10,0,0,1,10,ToleranceMet,ToleranceMet,FiniteUncertified,ToleranceMet,FiniteUncertified,ToleranceMet,ToleranceMet,EventLocationLimited,ToleranceMet,EventLocationLimited
tiny-rho,0.5,Strict,1,1.0e-03,0,EventLocationLimited,Converged,EventLocationLimited,1,38.289441393033897,0.028709353,2.041656,0.361710,1.380555,0.000120,0.003770,0.760969,0.005798,202,202,10,0,0,1,10,ToleranceMet,ToleranceMet,FiniteUncertified,ToleranceMet,FiniteUncertified,ToleranceMet,ToleranceMet,EventLocationLimited,ToleranceMet,EventLocationLimited
tiny-rho,0.5,Strict,1,1.0e-04,0,EventLocationLimited,Converged,EventLocationLimited,1,38.289441008892638,0.0016682614,1.473731,0.312044,1.159314,0.000019,0.001547,0.565225,0.001411,202,202,10,0,0,1,10,ToleranceMet,ToleranceMet,FiniteUncertified,ToleranceMet,FiniteUncertified,ToleranceMet,ToleranceMet,EventLocationLimited,ToleranceMet,EventLocationLimited
tiny-rho,0.5,ValueFirst,0,1.0e-03,0,Converged,Converged,BudgetExceeded,1,38.322870948591017,0.028812817,1.803183,0.793262,1.008579,0.000038,0.003886,0.570467,0.003200,154,154,10,0,0,1,10,FiniteUncertified,ToleranceMet,FiniteUncertified,FiniteUncertified,FiniteUncertified,BudgetExceeded,ToleranceMet,BudgetExceeded,BudgetExceeded,BudgetExceeded
tiny-rho,0.5,ValueFirst,0,1.0e-04,0,Converged,Converged,BudgetExceeded,1,38.322870590526378,0.0016680624,1.809834,0.772128,1.035921,0.000018,0.001707,0.549514,0.001362,202,202,10,0,0,1,10,ToleranceMet,ToleranceMet,FiniteUncertified,ToleranceMet,FiniteUncertified,ToleranceMet,ToleranceMet,BudgetExceeded,ToleranceMet,BudgetExceeded
tiny-rho,0.5,ValueFirst,1,1.0e-03,0,Converged,Converged,BudgetExceeded,1,38.289441393033897,0.028709353,1.350765,0.300107,1.047849,0.000019,0.001777,0.581927,0.001537,154,154,10,0,0,1,10,FiniteUncertified,ToleranceMet,FiniteUncertified,FiniteUncertified,FiniteUncertified,BudgetExceeded,ToleranceMet,BudgetExceeded,BudgetExceeded,BudgetExceeded
tiny-rho,0.5,ValueFirst,1,1.0e-04,0,Converged,Converged,BudgetExceeded,1,38.289441008892638,0.0016682614,1.488292,0.314526,1.172050,0.000019,0.001674,0.578752,0.001363,202,202,10,0,0,1,10,ToleranceMet,ToleranceMet,FiniteUncertified,ToleranceMet,FiniteUncertified,ToleranceMet,ToleranceMet,BudgetExceeded,ToleranceMet,BudgetExceeded
caustic-cross,0.0,None,0,1.0e-03,0,Converged,Converged,Converged,1,31.943801777427275,0.015208817,1.159138,0.843062,0.315396,0.000019,0.001335,0.090969,0.002763,131,131,5,0,0,1,1,NotRequested,NotRequested,NotRequested,NotRequested,NotRequested,NotRequested,NotRequested,NotRequested,NotRequested,NotRequested
caustic-cross,0.0,None,0,1.0e-04,0,Converged,Converged,Converged,1,31.943872600409247,0.0030871734,1.280829,0.839812,0.439425,0.000019,0.001041,0.083045,0.001154,227,227,5,0,0,1,1,NotRequested,NotRequested,NotRequested,NotRequested,NotRequested,NotRequested,NotRequested,NotRequested,NotRequested,NotRequested
caustic-cross,0.0,None,1,1.0e-03,0,Converged,Converged,Converged,1,31.968932142645752,0.015369871,11.303755,10.951859,0.350486,0.000020,0.002153,0.093832,0.001244,131,131,5,0,0,1,1,NotRequested,NotRequested,NotRequested,NotRequested,NotRequested,NotRequested,NotRequested,NotRequested,NotRequested,NotRequested
caustic-cross,0.0,None,1,1.0e-04,0,Converged,Converged,Converged,1,31.969003422700442,0.0031228236,11.439734,10.944444,0.492951,0.000438,0.001110,0.092213,0.001161,227,227,5,0,0,1,1,NotRequested,NotRequested,NotRequested,NotRequested,NotRequested,NotRequested,NotRequested,NotRequested,NotRequested,NotRequested
caustic-cross,0.0,Strict,0,1.0e-03,0,BudgetExceeded,Converged,BudgetExceeded,1,31.943801777427275,0.015208817,44.041548,0.845836,43.193550,0.000024,0.001268,0.077939,0.001856,6049,6049,5,0,0,1,1,FiniteUncertified,ToleranceMet,FiniteUncertified,FiniteUncertified,FiniteUncertified,BudgetExceeded,ToleranceMet,BudgetExceeded,BudgetExceeded,BudgetExceeded
caustic-cross,0.0,Strict,0,1.0e-04,0,BudgetExceeded,Converged,BudgetExceeded,1,31.943872600409247,0.0030871734,28.084257,0.900065,27.147634,0.000145,0.002167,0.104586,0.003987,6089,6089,5,0,0,1,1,FiniteUncertified,ToleranceMet,FiniteUncertified,FiniteUncertified,FiniteUncertified,BudgetExceeded,ToleranceMet,BudgetExceeded,BudgetExceeded,BudgetExceeded
caustic-cross,0.0,Strict,1,1.0e-03,0,BudgetExceeded,Converged,BudgetExceeded,1,31.968932142645752,0.015369871,37.962104,11.034796,26.663759,0.000120,0.002692,0.119761,0.003804,6049,6049,5,0,0,1,1,FiniteUncertified,ToleranceMet,FiniteUncertified,FiniteUncertified,FiniteUncertified,BudgetExceeded,ToleranceMet,BudgetExceeded,BudgetExceeded,BudgetExceeded
caustic-cross,0.0,Strict,1,1.0e-04,0,BudgetExceeded,Converged,BudgetExceeded,1,31.969003422700442,0.0031228236,37.735723,11.000860,26.699956,0.000206,0.002481,0.108782,0.003287,6089,6089,5,0,0,1,1,FiniteUncertified,ToleranceMet,FiniteUncertified,FiniteUncertified,FiniteUncertified,BudgetExceeded,ToleranceMet,BudgetExceeded,BudgetExceeded,BudgetExceeded
caustic-cross,0.0,ValueFirst,0,1.0e-03,0,Converged,Converged,BudgetExceeded,1,31.943801777427275,0.015208817,1.971628,0.901305,1.068199,0.000126,0.003240,0.110474,0.005910,330,330,5,0,0,1,1,FiniteUncertified,FiniteUncertified,FiniteUncertified,FiniteUncertified,FiniteUncertified,BudgetExceeded,BudgetExceeded,BudgetExceeded,BudgetExceeded,BudgetExceeded
caustic-cross,0.0,ValueFirst,0,1.0e-04,0,Converged,Converged,BudgetExceeded,1,31.943872600409247,0.0030871734,1.853293,0.853128,0.997101,0.000019,0.001277,0.083144,0.001493,369,369,5,0,0,1,1,FiniteUncertified,ToleranceMet,FiniteUncertified,FiniteUncertified,FiniteUncertified,BudgetExceeded,ToleranceMet,BudgetExceeded,BudgetExceeded,BudgetExceeded
caustic-cross,0.0,ValueFirst,1,1.0e-03,0,Converged,Converged,BudgetExceeded,1,31.968932142645752,0.015369871,12.031984,10.993960,1.034281,0.000019,0.001024,0.088239,0.001516,330,330,5,0,0,1,1,FiniteUncertified,FiniteUncertified,FiniteUncertified,FiniteUncertified,FiniteUncertified,BudgetExceeded,BudgetExceeded,BudgetExceeded,BudgetExceeded,BudgetExceeded
caustic-cross,0.0,ValueFirst,1,1.0e-04,0,Converged,Converged,BudgetExceeded,1,31.969003422700442,0.0031228236,12.077708,10.996898,1.076867,0.000077,0.001027,0.088303,0.001099,369,369,5,0,0,1,1,FiniteUncertified,ToleranceMet,FiniteUncertified,FiniteUncertified,FiniteUncertified,BudgetExceeded,ToleranceMet,BudgetExceeded,BudgetExceeded,BudgetExceeded
caustic-cross,0.5,None,0,1.0e-03,0,Converged,Converged,Converged,1,33.289129923596413,0.024331846,1.224680,0.844574,0.379322,0.000019,0.001335,0.081218,0.001992,123,123,5,0,0,1,1,NotRequested,NotRequested,NotRequested,NotRequested,NotRequested,NotRequested,NotRequested,NotRequested,NotRequested,NotRequested
caustic-cross,0.5,None,0,1.0e-04,0,Converged,Converged,Converged,1,33.288796153740229,0.0021504974,1.521457,0.835948,0.684154,0.000019,0.000938,0.079179,0.001025,267,267,5,0,0,1,1,NotRequested,NotRequested,NotRequested,NotRequested,NotRequested,NotRequested,NotRequested,NotRequested,NotRequested,NotRequested
caustic-cross,0.5,None,1,1.0e-03,0,Converged,Converged,Converged,1,33.304050190376834,0.024531584,11.360315,10.958812,0.400088,0.000028,0.002116,0.091053,0.001141,123,123,5,0,0,1,1,NotRequested,NotRequested,NotRequested,NotRequested,NotRequested,NotRequested,NotRequested,NotRequested,NotRequested,NotRequested
caustic-cross,0.5,None,1,1.0e-04,0,Converged,Converged,Converged,1,33.303712727538475,0.0021635559,11.647339,10.933436,0.711987,0.000019,0.000957,0.088623,0.001091,267,267,5,0,0,1,1,NotRequested,NotRequested,NotRequested,NotRequested,NotRequested,NotRequested,NotRequested,NotRequested,NotRequested,NotRequested
caustic-cross,0.5,Strict,0,1.0e-03,0,BudgetExceeded,Converged,BudgetExceeded,1,33.289129923596413,0.024331846,58.328099,0.843960,57.481125,0.000019,0.001224,0.083633,0.002240,6201,6201,5,0,0,1,1,FiniteUncertified,FiniteUncertified,FiniteUncertified,FiniteUncertified,FiniteUncertified,BudgetExceeded,BudgetExceeded,BudgetExceeded,BudgetExceeded,BudgetExceeded
caustic-cross,0.5,Strict,0,1.0e-04,0,BudgetExceeded,Converged,BudgetExceeded,1,33.288796153740229,0.0021504974,41.191047,0.901241,40.250220,0.000183,0.002075,0.107443,0.003662,6217,6217,5,0,0,1,1,FiniteUncertified,FiniteUncertified,FiniteUncertified,FiniteUncertified,FiniteUncertified,BudgetExceeded,BudgetExceeded,BudgetExceeded,BudgetExceeded,BudgetExceeded
caustic-cross,0.5,Strict,1,1.0e-03,0,BudgetExceeded,Converged,BudgetExceeded,1,33.304050190376834,0.024531584,51.006830,11.009582,39.746925,0.000205,0.001873,0.114889,0.003680,6201,6201,5,0,0,1,1,FiniteUncertified,FiniteUncertified,FiniteUncertified,FiniteUncertified,FiniteUncertified,BudgetExceeded,BudgetExceeded,BudgetExceeded,BudgetExceeded,BudgetExceeded
caustic-cross,0.5,Strict,1,1.0e-04,0,BudgetExceeded,Converged,BudgetExceeded,1,33.303712727538475,0.0021635559,50.934615,10.972456,39.925045,0.000350,0.001959,0.117517,0.002995,6217,6217,5,0,0,1,1,FiniteUncertified,FiniteUncertified,FiniteUncertified,FiniteUncertified,FiniteUncertified,BudgetExceeded,BudgetExceeded,BudgetExceeded,BudgetExceeded,BudgetExceeded
caustic-cross,0.5,ValueFirst,0,1.0e-03,0,Converged,Converged,BudgetExceeded,1,33.289129923596413,0.024331846,2.378305,0.895861,1.480245,0.000096,0.003036,0.107027,0.006282,331,331,5,0,0,1,1,FiniteUncertified,FiniteUncertified,FiniteUncertified,FiniteUncertified,FiniteUncertified,BudgetExceeded,BudgetExceeded,BudgetExceeded,BudgetExceeded,BudgetExceeded
caustic-cross,0.5,ValueFirst,0,1.0e-04,0,Converged,Converged,BudgetExceeded,1,33.288796153740229,0.0021504974,2.535450,0.853217,1.679185,0.000039,0.001156,0.084998,0.001484,409,409,5,0,0,1,1,FiniteUncertified,FiniteUncertified,FiniteUncertified,FiniteUncertified,FiniteUncertified,BudgetExceeded,BudgetExceeded,BudgetExceeded,BudgetExceeded,BudgetExceeded
caustic-cross,0.5,ValueFirst,1,1.0e-03,0,Converged,Converged,BudgetExceeded,1,33.304050190376834,0.024531584,12.460243,10.953138,1.503489,0.000018,0.001105,0.088686,0.001694,331,331,5,0,0,1,1,FiniteUncertified,FiniteUncertified,FiniteUncertified,FiniteUncertified,FiniteUncertified,BudgetExceeded,BudgetExceeded,BudgetExceeded,BudgetExceeded,BudgetExceeded
caustic-cross,0.5,ValueFirst,1,1.0e-04,0,Converged,Converged,BudgetExceeded,1,33.303712727538475,0.0021635559,12.701549,10.946896,1.750490,0.000018,0.001048,0.087362,0.001131,409,409,5,0,0,1,1,FiniteUncertified,FiniteUncertified,FiniteUncertified,FiniteUncertified,FiniteUncertified,BudgetExceeded,BudgetExceeded,BudgetExceeded,BudgetExceeded,BudgetExceeded
extreme-q-lo,0.0,None,0,1.0e-03,0,Converged,Converged,Converged,1,1.6758184942457073,0.00040262248,1.157582,0.747100,0.409753,0.000018,0.001553,0.304513,0.002531,53,53,6,3,3,1,3,NotRequested,NotRequested,NotRequested,NotRequested,NotRequested,NotRequested,NotRequested,NotRequested,NotRequested,NotRequested
extreme-q-lo,0.0,None,0,1.0e-04,0,Converged,Converged,Converged,1,1.6758184942425287,1.7991347e-09,1.171605,0.743222,0.427406,0.000018,0.001011,0.290597,0.000837,69,69,6,3,3,1,3,NotRequested,NotRequested,NotRequested,NotRequested,NotRequested,NotRequested,NotRequested,NotRequested,NotRequested,NotRequested
extreme-q-lo,0.0,None,1,1.0e-03,0,Converged,Converged,Converged,1,1.6754780330472665,0.00040240878,1.007386,0.616768,0.389277,0.000018,0.001035,0.289783,0.000768,53,53,6,3,3,1,3,NotRequested,NotRequested,NotRequested,NotRequested,NotRequested,NotRequested,NotRequested,NotRequested,NotRequested,NotRequested
extreme-q-lo,0.0,None,1,1.0e-04,0,Converged,Converged,Converged,1,1.6754780330440928,1.8032845e-09,1.049349,0.623084,0.425349,0.000018,0.000988,0.283327,0.000699,69,69,6,3,3,1,3,NotRequested,NotRequested,NotRequested,NotRequested,NotRequested,NotRequested,NotRequested,NotRequested,NotRequested,NotRequested
extreme-q-lo,0.0,Strict,0,1.0e-03,0,EventLocationLimited,Converged,EventLocationLimited,1,1.6758184942457073,0.00040262248,1.201754,0.738092,0.463030,0.000019,0.001309,0.284033,0.001441,77,77,6,3,3,1,3,ToleranceMet,ToleranceMet,FiniteUncertified,FiniteUncertified,FiniteUncertified,ToleranceMet,ToleranceMet,EventLocationLimited,EventLocationLimited,EventLocationLimited
extreme-q-lo,0.0,Strict,0,1.0e-04,0,EventLocationLimited,Converged,EventLocationLimited,1,1.6758184942425287,1.7991347e-09,1.182593,0.738049,0.443490,0.000019,0.001034,0.274241,0.000649,77,77,6,3,3,1,3,ToleranceMet,ToleranceMet,FiniteUncertified,FiniteUncertified,FiniteUncertified,ToleranceMet,ToleranceMet,EventLocationLimited,EventLocationLimited,EventLocationLimited
extreme-q-lo,0.0,Strict,1,1.0e-03,0,EventLocationLimited,Converged,EventLocationLimited,1,1.6754780330472665,0.00040240878,1.264126,0.682212,0.518671,0.000111,0.002498,0.325517,0.003300,77,77,6,3,3,1,3,ToleranceMet,ToleranceMet,FiniteUncertified,FiniteUncertified,FiniteUncertified,ToleranceMet,ToleranceMet,EventLocationLimited,EventLocationLimited,EventLocationLimited
extreme-q-lo,0.0,Strict,1,1.0e-04,0,EventLocationLimited,Converged,EventLocationLimited,1,1.6754780330440928,1.8032845e-09,1.076183,0.622137,0.452794,0.000019,0.001124,0.284109,0.000703,77,77,6,3,3,1,3,ToleranceMet,ToleranceMet,FiniteUncertified,FiniteUncertified,FiniteUncertified,ToleranceMet,ToleranceMet,EventLocationLimited,EventLocationLimited,EventLocationLimited
extreme-q-lo,0.0,ValueFirst,0,1.0e-03,0,Converged,Converged,EventLocationLimited,1,1.6758184942457073,0.00040262248,1.189394,0.734355,0.453786,0.000018,0.001893,0.283092,0.001701,77,77,6,3,3,1,3,ToleranceMet,ToleranceMet,FiniteUncertified,FiniteUncertified,FiniteUncertified,ToleranceMet,ToleranceMet,EventLocationLimited,EventLocationLimited,EventLocationLimited
extreme-q-lo,0.0,ValueFirst,0,1.0e-04,0,Converged,Converged,EventLocationLimited,1,1.6758184942425287,1.7991347e-09,1.229280,0.737601,0.490561,0.000018,0.001001,0.287802,0.000638,77,77,6,3,3,1,3,ToleranceMet,ToleranceMet,FiniteUncertified,FiniteUncertified,FiniteUncertified,ToleranceMet,ToleranceMet,EventLocationLimited,EventLocationLimited,EventLocationLimited
extreme-q-lo,0.0,ValueFirst,1,1.0e-03,0,Converged,Converged,EventLocationLimited,1,1.6754780330472665,0.00040240878,1.087225,0.617313,0.467240,0.000044,0.000982,0.293265,0.000719,77,77,6,3,3,1,3,ToleranceMet,ToleranceMet,FiniteUncertified,FiniteUncertified,FiniteUncertified,ToleranceMet,ToleranceMet,EventLocationLimited,EventLocationLimited,EventLocationLimited
extreme-q-lo,0.0,ValueFirst,1,1.0e-04,0,Converged,Converged,EventLocationLimited,1,1.6754780330440928,1.8032845e-09,1.072183,0.620019,0.451189,0.000023,0.000944,0.283915,0.000665,77,77,6,3,3,1,3,ToleranceMet,ToleranceMet,FiniteUncertified,FiniteUncertified,FiniteUncertified,ToleranceMet,ToleranceMet,EventLocationLimited,EventLocationLimited,EventLocationLimited
extreme-q-lo,0.5,None,0,1.0e-03,0,Converged,Converged,Converged,1,1.6758050595845753,3.3857945e-08,1.197863,0.735847,0.461334,0.000017,0.001294,0.291793,0.001346,69,69,6,3,3,1,3,NotRequested,NotRequested,NotRequested,NotRequested,NotRequested,NotRequested,NotRequested,NotRequested,NotRequested,NotRequested
extreme-q-lo,0.5,None,0,1.0e-04,0,Converged,Converged,Converged,1,1.6758050595845753,3.3857945e-08,1.183174,0.738288,0.443944,0.000019,0.001027,0.284419,0.000681,69,69,6,3,3,1,3,NotRequested,NotRequested,NotRequested,NotRequested,NotRequested,NotRequested,NotRequested,NotRequested,NotRequested,NotRequested
extreme-q-lo,0.5,None,1,1.0e-03,0,Converged,Converged,Converged,1,1.675464608123451,3.3841534e-08,1.064533,0.617483,0.446133,0.000026,0.000968,0.277752,0.000668,69,69,6,3,3,1,3,NotRequested,NotRequested,NotRequested,NotRequested,NotRequested,NotRequested,NotRequested,NotRequested,NotRequested,NotRequested
extreme-q-lo,0.5,None,1,1.0e-04,0,Converged,Converged,Converged,1,1.675464608123451,3.3841534e-08,1.073518,0.627251,0.445421,0.000018,0.001076,0.278446,0.000635,69,69,6,3,3,1,3,NotRequested,NotRequested,NotRequested,NotRequested,NotRequested,NotRequested,NotRequested,NotRequested,NotRequested,NotRequested
extreme-q-lo,0.5,Strict,0,1.0e-03,0,EventLocationLimited,Converged,EventLocationLimited,1,1.6758050595845753,3.3857946e-08,1.281096,0.737217,0.543265,0.000025,0.001351,0.279973,0.001424,77,77,6,3,3,1,3,ToleranceMet,ToleranceMet,FiniteUncertified,FiniteUncertified,FiniteUncertified,ToleranceMet,ToleranceMet,EventLocationLimited,EventLocationLimited,EventLocationLimited
extreme-q-lo,0.5,Strict,0,1.0e-04,0,EventLocationLimited,Converged,EventLocationLimited,1,1.6758050595845753,3.3857946e-08,1.270062,0.734840,0.534159,0.000018,0.000988,0.295020,0.000745,77,77,6,3,3,1,3,ToleranceMet,ToleranceMet,FiniteUncertified,FiniteUncertified,FiniteUncertified,ToleranceMet,ToleranceMet,EventLocationLimited,EventLocationLimited,EventLocationLimited
extreme-q-lo,0.5,Strict,1,1.0e-03,0,EventLocationLimited,Converged,EventLocationLimited,1,1.675464608123451,3.3841533e-08,1.343397,0.673342,0.606499,0.000112,0.002151,0.332409,0.002553,77,77,6,3,3,1,3,ToleranceMet,ToleranceMet,FiniteUncertified,FiniteUncertified,FiniteUncertified,ToleranceMet,ToleranceMet,EventLocationLimited,EventLocationLimited,EventLocationLimited
extreme-q-lo,0.5,Strict,1,1.0e-04,0,EventLocationLimited,Converged,EventLocationLimited,1,1.675464608123451,3.3841533e-08,1.156835,0.628238,0.527446,0.000019,0.001035,0.279607,0.000653,77,77,6,3,3,1,3,ToleranceMet,ToleranceMet,FiniteUncertified,FiniteUncertified,FiniteUncertified,ToleranceMet,ToleranceMet,EventLocationLimited,EventLocationLimited,EventLocationLimited
extreme-q-lo,0.5,ValueFirst,0,1.0e-03,0,Converged,Converged,EventLocationLimited,1,1.6758050595845753,3.3857946e-08,1.297054,0.739185,0.556326,0.000020,0.002290,0.286616,0.001843,77,77,6,3,3,1,3,ToleranceMet,ToleranceMet,FiniteUncertified,FiniteUncertified,FiniteUncertified,ToleranceMet,ToleranceMet,EventLocationLimited,EventLocationLimited,EventLocationLimited
extreme-q-lo,0.5,ValueFirst,0,1.0e-04,0,Converged,Converged,EventLocationLimited,1,1.6758050595845753,3.3857946e-08,1.269430,0.732511,0.535883,0.000020,0.001022,0.287489,0.000753,77,77,6,3,3,1,3,ToleranceMet,ToleranceMet,FiniteUncertified,FiniteUncertified,FiniteUncertified,ToleranceMet,ToleranceMet,EventLocationLimited,EventLocationLimited,EventLocationLimited
extreme-q-lo,0.5,ValueFirst,1,1.0e-03,0,Converged,Converged,EventLocationLimited,1,1.675464608123451,3.3841533e-08,1.172881,0.615783,0.554499,0.000017,0.001093,0.288927,0.000747,77,77,6,3,3,1,3,ToleranceMet,ToleranceMet,FiniteUncertified,FiniteUncertified,FiniteUncertified,ToleranceMet,ToleranceMet,EventLocationLimited,EventLocationLimited,EventLocationLimited
extreme-q-lo,0.5,ValueFirst,1,1.0e-04,0,Converged,Converged,EventLocationLimited,1,1.675464608123451,3.3841533e-08,1.167458,0.626666,0.539802,0.000018,0.001032,0.290353,0.000674,77,77,6,3,3,1,3,ToleranceMet,ToleranceMet,FiniteUncertified,FiniteUncertified,FiniteUncertified,ToleranceMet,ToleranceMet,EventLocationLimited,EventLocationLimited,EventLocationLimited
extreme-q-planet,0.0,None,0,1.0e-03,0,Converged,Converged,Converged,1,1.3710362547682691,0.00094213453,1.532944,0.902139,0.630146,0.000019,0.001676,0.472478,0.003305,82,82,6,3,3,1,3,NotRequested,NotRequested,NotRequested,NotRequested,NotRequested,NotRequested,NotRequested,NotRequested,NotRequested,NotRequested
extreme-q-planet,0.0,None,0,1.0e-04,0,Converged,Converged,Converged,1,1.3710366026352474,7.0940515e-05,1.593091,0.898897,0.693097,0.000019,0.001240,0.467936,0.001365,138,138,6,3,3,1,3,NotRequested,NotRequested,NotRequested,NotRequested,NotRequested,NotRequested,NotRequested,NotRequested,NotRequested,NotRequested
extreme-q-planet,0.0,None,1,1.0e-03,0,Converged,Converged,Converged,1,1.3707084399960816,0.00092875575,1.490793,0.818391,0.670983,0.000021,0.001139,0.505410,0.001216,82,82,6,2,2,1,4,NotRequested,NotRequested,NotRequested,NotRequested,NotRequested,NotRequested,NotRequested,NotRequested,NotRequested,NotRequested
extreme-q-planet,0.0,None,1,1.0e-04,0,Converged,Converged,Converged,1,1.3707087790830221,7.1188048e-05,1.606725,0.826311,0.778976,0.000019,0.001063,0.513822,0.001181,138,138,6,2,2,1,4,NotRequested,NotRequested,NotRequested,NotRequested,NotRequested,NotRequested,NotRequested,NotRequested,NotRequested,NotRequested
extreme-q-planet,0.0,Strict,0,1.0e-03,0,EventLocationLimited,Converged,EventLocationLimited,1,1.3710362547682691,0.00094213453,1.920251,0.894414,1.025191,0.000018,0.001375,0.453142,0.002216,282,282,6,3,3,1,3,ToleranceMet,ToleranceMet,FiniteUncertified,ToleranceMet,ToleranceMet,ToleranceMet,ToleranceMet,EventLocationLimited,ToleranceMet,ToleranceMet
extreme-q-planet,0.0,Strict,0,1.0e-04,0,EventLocationLimited,Converged,EventLocationLimited,1,1.3710366026352474,7.0940515e-05,1.892126,0.897975,0.992040,0.000018,0.001187,0.472439,0.001353,282,282,6,3,3,1,3,ToleranceMet,ToleranceMet,FiniteUncertified,ToleranceMet,ToleranceMet,ToleranceMet,ToleranceMet,EventLocationLimited,ToleranceMet,ToleranceMet
extreme-q-planet,0.0,Strict,1,1.0e-03,0,EventLocationLimited,Converged,EventLocationLimited,1,1.3707084399960816,0.00092875575,2.147547,0.880998,1.205096,0.000106,0.002310,0.539874,0.004018,282,282,6,2,2,1,4,ToleranceMet,ToleranceMet,FiniteUncertified,ToleranceMet,ToleranceMet,ToleranceMet,ToleranceMet,EventLocationLimited,ToleranceMet,ToleranceMet
extreme-q-planet,0.0,Strict,1,1.0e-04,0,EventLocationLimited,Converged,EventLocationLimited,1,1.3707087790830221,7.1188048e-05,2.117143,0.814917,1.299622,0.000019,0.001114,0.515099,0.001349,282,282,6,2,2,1,4,ToleranceMet,ToleranceMet,FiniteUncertified,ToleranceMet,ToleranceMet,ToleranceMet,ToleranceMet,EventLocationLimited,ToleranceMet,ToleranceMet
extreme-q-planet,0.0,ValueFirst,0,1.0e-03,0,Converged,Converged,BudgetExceeded,1,1.3710362547682691,0.00094213453,1.625888,0.901543,0.722797,0.000019,0.001804,0.469987,0.003088,138,138,6,3,3,1,3,FiniteUncertified,FiniteUncertified,FiniteUncertified,FiniteUncertified,FiniteUncertified,BudgetExceeded,BudgetExceeded,BudgetExceeded,BudgetExceeded,BudgetExceeded
extreme-q-planet,0.0,ValueFirst,0,1.0e-04,0,Converged,Converged,BudgetExceeded,1,1.3710366026352474,7.0940515e-05,1.818880,0.896502,0.920826,0.000018,0.001149,0.469757,0.001236,234,234,6,3,3,1,3,FiniteUncertified,FiniteUncertified,FiniteUncertified,FiniteUncertified,FiniteUncertified,BudgetExceeded,BudgetExceeded,BudgetExceeded,BudgetExceeded,BudgetExceeded
extreme-q-planet,0.0,ValueFirst,1,1.0e-03,0,Converged,Converged,BudgetExceeded,1,1.3707084399960816,0.00092875575,1.639912,0.815742,0.821131,0.000018,0.001139,0.518964,0.001400,138,138,6,2,2,1,4,FiniteUncertified,FiniteUncertified,FiniteUncertified,FiniteUncertified,FiniteUncertified,BudgetExceeded,BudgetExceeded,BudgetExceeded,BudgetExceeded,BudgetExceeded
extreme-q-planet,0.0,ValueFirst,1,1.0e-04,0,Converged,Converged,BudgetExceeded,1,1.3707087790830221,7.1188048e-05,1.850740,0.812784,1.035938,0.000018,0.001154,0.505969,0.001197,234,234,6,2,2,1,4,FiniteUncertified,FiniteUncertified,FiniteUncertified,FiniteUncertified,FiniteUncertified,BudgetExceeded,BudgetExceeded,BudgetExceeded,BudgetExceeded,BudgetExceeded
extreme-q-planet,0.5,None,0,1.0e-03,0,Converged,Converged,Converged,1,1.3699296354017536,0.00089569101,1.613225,0.897030,0.715453,0.000018,0.001429,0.470343,0.002221,82,82,6,3,3,1,3,NotRequested,NotRequested,NotRequested,NotRequested,NotRequested,NotRequested,NotRequested,NotRequested,NotRequested,NotRequested
extreme-q-planet,0.5,None,0,1.0e-04,0,Converged,Converged,Converged,1,1.369928322405584,0.00012805232,1.606753,0.901378,0.704264,0.000020,0.001202,0.461888,0.001187,106,106,6,3,3,1,3,NotRequested,NotRequested,NotRequested,NotRequested,NotRequested,NotRequested,NotRequested,NotRequested,NotRequested,NotRequested
extreme-q-planet,0.5,None,1,1.0e-03,0,Converged,Converged,Converged,1,1.3696280266602427,0.00089690364,1.538914,0.813858,0.723964,0.000026,0.001253,0.514533,0.001284,82,82,6,2,2,1,4,NotRequested,NotRequested,NotRequested,NotRequested,NotRequested,NotRequested,NotRequested,NotRequested,NotRequested,NotRequested
extreme-q-planet,0.5,None,1,1.0e-04,0,Converged,Converged,Converged,1,1.3696267140768188,0.00012950749,1.602132,0.818797,0.782240,0.000025,0.001193,0.509693,0.001147,106,106,6,2,2,1,4,NotRequested,NotRequested,NotRequested,NotRequested,NotRequested,NotRequested,NotRequested,NotRequested,NotRequested,NotRequested
extreme-q-planet,0.5,Strict,0,1.0e-03,0,EventLocationLimited,Converged,EventLocationLimited,1,1.3699296354017536,0.00089569101,8.121266,0.895222,7.224723,0.000019,0.001385,0.459427,0.002238,1768,1768,6,3,3,1,3,FiniteUncertified,FiniteUncertified,FiniteUncertified,FiniteUncertified,FiniteUncertified,EventLocationLimited,EventLocationLimited,EventLocationLimited,EventLocationLimited,EventLocationLimited
extreme-q-planet,0.5,Strict,0,1.0e-04,0,EventLocationLimited,Converged,EventLocationLimited,1,1.369928322405584,0.00012805232,7.141032,0.920743,6.208243,0.000021,0.001619,0.473137,0.010007,1768,1768,6,3,3,1,3,FiniteUncertified,FiniteUncertified,FiniteUncertified,FiniteUncertified,FiniteUncertified,EventLocationLimited,EventLocationLimited,EventLocationLimited,EventLocationLimited,EventLocationLimited
extreme-q-planet,0.5,Strict,1,1.0e-03,0,TopologyUnresolved,Converged,TopologyUnresolved,1,1.3696280266602427,0.00089690364,6.199734,0.880963,5.254336,0.000110,0.002471,0.539120,0.003008,1237,1237,6,2,2,1,4,Invalid,Invalid,Invalid,Invalid,Invalid,TopologyUnresolved,TopologyUnresolved,TopologyUnresolved,TopologyUnresolved,TopologyUnresolved
extreme-q-planet,0.5,Strict,1,1.0e-04,0,TopologyUnresolved,Converged,TopologyUnresolved,1,1.3696267140768188,0.00012950749,6.059945,0.821809,5.227426,0.000031,0.001142,0.515583,0.001431,1237,1237,6,2,2,1,4,Invalid,Invalid,Invalid,Invalid,Invalid,TopologyUnresolved,TopologyUnresolved,TopologyUnresolved,TopologyUnresolved,TopologyUnresolved
extreme-q-planet,0.5,ValueFirst,0,1.0e-03,0,Converged,Converged,BudgetExceeded,1,1.3699296354017536,0.00089569101,1.810887,0.905084,0.904518,0.000027,0.001723,0.477970,0.002470,138,138,6,3,3,1,3,FiniteUncertified,FiniteUncertified,FiniteUncertified,FiniteUncertified,FiniteUncertified,BudgetExceeded,BudgetExceeded,BudgetExceeded,BudgetExceeded,BudgetExceeded
extreme-q-planet,0.5,ValueFirst,0,1.0e-04,0,Converged,Converged,BudgetExceeded,1,1.369928322405584,0.00012805232,1.872404,0.895858,0.975016,0.000019,0.001151,0.465992,0.001243,170,170,6,3,3,1,3,FiniteUncertified,FiniteUncertified,FiniteUncertified,FiniteUncertified,FiniteUncertified,BudgetExceeded,BudgetExceeded,BudgetExceeded,BudgetExceeded,BudgetExceeded
extreme-q-planet,0.5,ValueFirst,1,1.0e-03,0,Converged,Converged,BudgetExceeded,1,1.3696280266602427,0.00089690364,1.824771,0.825339,0.997211,0.000024,0.001251,0.518772,0.001292,138,138,6,2,2,1,4,FiniteUncertified,FiniteUncertified,FiniteUncertified,FiniteUncertified,FiniteUncertified,BudgetExceeded,BudgetExceeded,BudgetExceeded,BudgetExceeded,BudgetExceeded
extreme-q-planet,0.5,ValueFirst,1,1.0e-04,0,Converged,Converged,BudgetExceeded,1,1.3696267140768188,0.00012950749,1.906422,0.816118,1.088707,0.000019,0.001128,0.509797,0.001179,170,170,6,2,2,1,4,FiniteUncertified,FiniteUncertified,FiniteUncertified,FiniteUncertified,FiniteUncertified,BudgetExceeded,BudgetExceeded,BudgetExceeded,BudgetExceeded,BudgetExceeded
very-wide,0.0,None,0,1.0e-03,0,Converged,Converged,Converged,1,1.032499564055972,1.1373617e-05,0.888781,0.453957,0.434183,0.000018,0.001648,0.331361,0.002849,61,61,6,0,0,1,6,NotRequested,NotRequested,NotRequested,NotRequested,NotRequested,NotRequested,NotRequested,NotRequested,NotRequested,NotRequested
very-wide,0.0,None,0,1.0e-04,0,Converged,Converged,Converged,1,1.032499564055972,1.1373617e-05,0.859444,0.448970,0.409451,0.000025,0.001091,0.316454,0.000871,61,61,6,0,0,1,6,NotRequested,NotRequested,NotRequested,NotRequested,NotRequested,NotRequested,NotRequested,NotRequested,NotRequested,NotRequested
very-wide,0.0,None,1,1.0e-03,0,Converged,Converged,Converged,1,1.0325050758619907,1.1375358e-05,0.828135,0.389368,0.437660,0.000018,0.001052,0.315227,0.000774,61,61,6,0,0,1,6,NotRequested,NotRequested,NotRequested,NotRequested,NotRequested,NotRequested,NotRequested,NotRequested,NotRequested,NotRequested
very-wide,0.0,None,1,1.0e-04,0,Converged,Converged,Converged,1,1.0325050758619907,1.1375358e-05,0.827421,0.383470,0.442939,0.000019,0.000987,0.322515,0.000684,61,61,6,0,0,1,6,NotRequested,NotRequested,NotRequested,NotRequested,NotRequested,NotRequested,NotRequested,NotRequested,NotRequested,NotRequested
very-wide,0.0,Strict,0,1.0e-03,0,EventLocationLimited,Converged,EventLocationLimited,1,1.032499564055972,1.1373617e-05,0.936643,0.444442,0.491557,0.000017,0.001251,0.296468,0.001379,93,93,6,0,0,1,6,FiniteUncertified,ToleranceMet,FiniteUncertified,ToleranceMet,ToleranceMet,EventLocationLimited,ToleranceMet,EventLocationLimited,ToleranceMet,ToleranceMet
very-wide,0.0,Strict,0,1.0e-04,0,EventLocationLimited,Converged,EventLocationLimited,1,1.032499564055972,1.1373617e-05,0.932017,0.445563,0.485377,0.000019,0.001048,0.307136,0.000721,93,93,6,0,0,1,6,FiniteUncertified,ToleranceMet,FiniteUncertified,ToleranceMet,ToleranceMet,EventLocationLimited,ToleranceMet,EventLocationLimited,ToleranceMet,ToleranceMet
very-wide,0.0,Strict,1,1.0e-03,0,EventLocationLimited,Converged,EventLocationLimited,1,1.0325050758619907,1.1375358e-05,1.034584,0.406412,0.578160,0.000188,0.001975,0.345325,0.002754,93,93,6,0,0,1,6,FiniteUncertified,ToleranceMet,FiniteUncertified,ToleranceMet,ToleranceMet,EventLocationLimited,ToleranceMet,EventLocationLimited,ToleranceMet,ToleranceMet
very-wide,0.0,Strict,1,1.0e-04,0,EventLocationLimited,Converged,EventLocationLimited,1,1.0325050758619907,1.1375358e-05,0.922808,0.384094,0.537505,0.000022,0.001051,0.313658,0.000734,93,93,6,0,0,1,6,FiniteUncertified,ToleranceMet,FiniteUncertified,ToleranceMet,ToleranceMet,EventLocationLimited,ToleranceMet,EventLocationLimited,ToleranceMet,ToleranceMet
very-wide,0.0,ValueFirst,0,1.0e-03,0,Converged,Converged,EventLocationLimited,1,1.032499564055972,1.1373617e-05,0.941682,0.446849,0.493731,0.000018,0.001388,0.302605,0.001709,93,93,6,0,0,1,6,FiniteUncertified,ToleranceMet,FiniteUncertified,ToleranceMet,ToleranceMet,EventLocationLimited,ToleranceMet,EventLocationLimited,ToleranceMet,ToleranceMet
very-wide,0.0,ValueFirst,0,1.0e-04,0,Converged,Converged,EventLocationLimited,1,1.032499564055972,1.1373617e-05,0.932756,0.446142,0.485550,0.000018,0.001060,0.307592,0.000720,93,93,6,0,0,1,6,FiniteUncertified,ToleranceMet,FiniteUncertified,ToleranceMet,ToleranceMet,EventLocationLimited,ToleranceMet,EventLocationLimited,ToleranceMet,ToleranceMet
very-wide,0.0,ValueFirst,1,1.0e-03,0,Converged,Converged,EventLocationLimited,1,1.0325050758619907,1.1375358e-05,0.951058,0.388685,0.559681,0.000033,0.001151,0.326518,0.001075,93,93,6,0,0,1,6,FiniteUncertified,ToleranceMet,FiniteUncertified,ToleranceMet,ToleranceMet,EventLocationLimited,ToleranceMet,EventLocationLimited,ToleranceMet,ToleranceMet
very-wide,0.0,ValueFirst,1,1.0e-04,0,Converged,Converged,EventLocationLimited,1,1.0325050758619907,1.1375358e-05,0.911752,0.387441,0.523246,0.000020,0.000972,0.306673,0.000691,93,93,6,0,0,1,6,FiniteUncertified,ToleranceMet,FiniteUncertified,ToleranceMet,ToleranceMet,EventLocationLimited,ToleranceMet,EventLocationLimited,ToleranceMet,ToleranceMet
very-wide,0.5,None,0,1.0e-03,0,Converged,Converged,Converged,1,1.032499473239388,5.6305701e-05,0.872164,0.450748,0.420782,0.000019,0.001282,0.305115,0.001506,61,61,6,0,0,1,6,NotRequested,NotRequested,NotRequested,NotRequested,NotRequested,NotRequested,NotRequested,NotRequested,NotRequested,NotRequested
very-wide,0.5,None,0,1.0e-04,0,Converged,Converged,Converged,1,1.032499473239388,5.6305701e-05,0.872254,0.449104,0.422264,0.000026,0.001133,0.315924,0.000712,61,61,6,0,0,1,6,NotRequested,NotRequested,NotRequested,NotRequested,NotRequested,NotRequested,NotRequested,NotRequested,NotRequested,NotRequested
very-wide,0.5,None,1,1.0e-03,0,Converged,Converged,Converged,1,1.0325049845476741,5.631502e-05,0.822214,0.378573,0.442550,0.000024,0.001012,0.307384,0.000788,61,61,6,0,0,1,6,NotRequested,NotRequested,NotRequested,NotRequested,NotRequested,NotRequested,NotRequested,NotRequested,NotRequested,NotRequested
very-wide,0.5,None,1,1.0e-04,0,Converged,Converged,Converged,1,1.0325049845476741,5.631502e-05,0.819359,0.380855,0.437517,0.000016,0.001018,0.303853,0.000676,61,61,6,0,0,1,6,NotRequested,NotRequested,NotRequested,NotRequested,NotRequested,NotRequested,NotRequested,NotRequested,NotRequested,NotRequested
very-wide,0.5,Strict,0,1.0e-03,0,EventLocationLimited,Converged,EventLocationLimited,1,1.032499473239388,5.6305701e-05,1.011401,0.444989,0.565745,0.000019,0.001349,0.305227,0.001370,93,93,6,0,0,1,6,FiniteUncertified,ToleranceMet,FiniteUncertified,ToleranceMet,ToleranceMet,EventLocationLimited,ToleranceMet,EventLocationLimited,ToleranceMet,ToleranceMet
very-wide,0.5,Strict,0,1.0e-04,0,EventLocationLimited,Converged,EventLocationLimited,1,1.032499473239388,5.6305701e-05,1.009751,0.445439,0.563284,0.000019,0.001081,0.321137,0.000622,93,93,6,0,0,1,6,FiniteUncertified,ToleranceMet,FiniteUncertified,ToleranceMet,ToleranceMet,EventLocationLimited,ToleranceMet,EventLocationLimited,ToleranceMet,ToleranceMet
very-wide,0.5,Strict,1,1.0e-03,0,EventLocationLimited,Converged,EventLocationLimited,1,1.0325049845476741,5.631502e-05,1.103431,0.417453,0.635161,0.000100,0.001809,0.337714,0.002450,93,93,6,0,0,1,6,FiniteUncertified,ToleranceMet,FiniteUncertified,ToleranceMet,ToleranceMet,EventLocationLimited,ToleranceMet,EventLocationLimited,ToleranceMet,ToleranceMet
very-wide,0.5,Strict,1,1.0e-04,0,EventLocationLimited,Converged,EventLocationLimited,1,1.0325049845476741,5.631502e-05,0.986250,0.386694,0.598347,0.000024,0.001029,0.315068,0.000657,93,93,6,0,0,1,6,FiniteUncertified,ToleranceMet,FiniteUncertified,ToleranceMet,ToleranceMet,EventLocationLimited,ToleranceMet,EventLocationLimited,ToleranceMet,ToleranceMet
very-wide,0.5,ValueFirst,0,1.0e-03,0,Converged,Converged,EventLocationLimited,1,1.032499473239388,5.6305701e-05,1.000329,0.452177,0.547138,0.000018,0.001390,0.302184,0.001491,93,93,6,0,0,1,6,FiniteUncertified,ToleranceMet,FiniteUncertified,ToleranceMet,ToleranceMet,EventLocationLimited,ToleranceMet,EventLocationLimited,ToleranceMet,ToleranceMet
very-wide,0.5,ValueFirst,0,1.0e-04,0,Converged,Converged,EventLocationLimited,1,1.032499473239388,5.6305701e-05,0.985047,0.445916,0.537903,0.000020,0.001030,0.298807,0.000630,93,93,6,0,0,1,6,FiniteUncertified,ToleranceMet,FiniteUncertified,ToleranceMet,ToleranceMet,EventLocationLimited,ToleranceMet,EventLocationLimited,ToleranceMet,ToleranceMet
very-wide,0.5,ValueFirst,1,1.0e-03,0,Converged,Converged,EventLocationLimited,1,1.0325049845476741,5.631502e-05,1.007564,0.380866,0.624056,0.000018,0.001112,0.322521,0.000761,93,93,6,0,0,1,6,FiniteUncertified,ToleranceMet,FiniteUncertified,ToleranceMet,ToleranceMet,EventLocationLimited,ToleranceMet,EventLocationLimited,ToleranceMet,ToleranceMet
very-wide,0.5,ValueFirst,1,1.0e-04,0,Converged,Converged,EventLocationLimited,1,1.0325049845476741,5.631502e-05,0.977673,0.382287,0.594231,0.000019,0.001124,0.305764,0.000678,93,93,6,0,0,1,6,FiniteUncertified,ToleranceMet,FiniteUncertified,ToleranceMet,ToleranceMet,EventLocationLimited,ToleranceMet,EventLocationLimited,ToleranceMet,ToleranceMet
very-close,0.0,None,0,1.0e-03,0,Converged,Converged,Converged,1,25.120844828671686,0.0094858769,1.154168,0.603705,0.549757,0.000020,0.001824,0.320701,0.004857,111,111,6,0,0,1,6,NotRequested,NotRequested,NotRequested,NotRequested,NotRequested,NotRequested,NotRequested,NotRequested,NotRequested,NotRequested
very-close,0.0,None,0,1.0e-04,0,Converged,Converged,Converged,1,25.120845198674093,0.0016851314,1.212780,0.601281,0.610069,0.000019,0.001126,0.317094,0.001797,175,175,6,0,0,1,6,NotRequested,NotRequested,NotRequested,NotRequested,NotRequested,NotRequested,NotRequested,NotRequested,NotRequested,NotRequested
very-close,0.0,None,1,1.0e-03,0,Converged,Converged,Converged,1,25.075552237346358,0.022438282,0.760680,0.410255,0.348978,0.000016,0.001042,0.161680,0.001664,103,103,5,1,1,1,4,NotRequested,NotRequested,NotRequested,NotRequested,NotRequested,NotRequested,NotRequested,NotRequested,NotRequested,NotRequested
very-close,0.0,None,1,1.0e-04,0,Converged,Converged,Converged,1,25.075585343214144,0.0015733188,0.831183,0.414536,0.414993,0.000019,0.001115,0.158513,0.001601,151,151,5,1,1,1,4,NotRequested,NotRequested,NotRequested,NotRequested,NotRequested,NotRequested,NotRequested,NotRequested,NotRequested,NotRequested
very-close,0.0,Strict,0,1.0e-03,0,EventLocationLimited,Converged,EventLocationLimited,1,25.120844828671686,0.0094858769,15.991241,0.605499,15.384617,0.000018,0.001446,0.317410,0.002863,3317,3317,6,0,0,1,6,FiniteUncertified,FiniteUncertified,FiniteUncertified,FiniteUncertified,FiniteUncertified,EventLocationLimited,EventLocationLimited,EventLocationLimited,EventLocationLimited,EventLocationLimited
very-close,0.0,Strict,0,1.0e-04,0,EventLocationLimited,Converged,EventLocationLimited,1,25.120845198674093,0.0016851314,12.070454,0.626713,11.430672,0.000257,0.001414,0.339276,0.003727,3317,3317,6,0,0,1,6,FiniteUncertified,FiniteUncertified,FiniteUncertified,FiniteUncertified,FiniteUncertified,EventLocationLimited,EventLocationLimited,EventLocationLimited,EventLocationLimited,EventLocationLimited
very-close,0.0,Strict,1,1.0e-03,0,BudgetExceeded,Converged,BudgetExceeded,1,25.075552237346358,0.022438282,22.882601,0.442233,22.390527,0.000102,0.001817,0.175886,0.004033,4507,4507,5,1,1,1,4,FiniteUncertified,FiniteUncertified,FiniteUncertified,FiniteUncertified,FiniteUncertified,BudgetExceeded,BudgetExceeded,BudgetExceeded,BudgetExceeded,BudgetExceeded
very-close,0.0,Strict,1,1.0e-04,0,BudgetExceeded,Converged,BudgetExceeded,1,25.075585343214144,0.0015733188,23.116595,0.434212,22.670587,0.000036,0.001374,0.166674,0.001981,4507,4507,5,1,1,1,4,FiniteUncertified,FiniteUncertified,FiniteUncertified,FiniteUncertified,FiniteUncertified,BudgetExceeded,BudgetExceeded,BudgetExceeded,BudgetExceeded,BudgetExceeded
very-close,0.0,ValueFirst,0,1.0e-03,0,Converged,Converged,BudgetExceeded,1,25.120844828671686,0.0094858769,1.313075,0.615765,0.696273,0.000031,0.001764,0.341824,0.004683,151,151,6,0,0,1,6,FiniteUncertified,FiniteUncertified,FiniteUncertified,FiniteUncertified,FiniteUncertified,BudgetExceeded,BudgetExceeded,BudgetExceeded,BudgetExceeded,BudgetExceeded
very-close,0.0,ValueFirst,0,1.0e-04,0,Converged,Converged,BudgetExceeded,1,25.120845198674093,0.0016851314,1.467682,0.611961,0.853975,0.000018,0.001319,0.326900,0.001843,231,231,6,0,0,1,6,FiniteUncertified,FiniteUncertified,FiniteUncertified,FiniteUncertified,FiniteUncertified,BudgetExceeded,BudgetExceeded,BudgetExceeded,BudgetExceeded,BudgetExceeded
very-close,0.0,ValueFirst,1,1.0e-03,0,Converged,Converged,BudgetExceeded,1,25.075552237346358,0.022438282,0.937555,0.411353,0.523048,0.000019,0.001106,0.157346,0.001758,159,159,5,1,1,1,4,FiniteUncertified,FiniteUncertified,FiniteUncertified,FiniteUncertified,FiniteUncertified,BudgetExceeded,BudgetExceeded,BudgetExceeded,BudgetExceeded,BudgetExceeded
very-close,0.0,ValueFirst,1,1.0e-04,0,Converged,Converged,BudgetExceeded,1,25.075585343214144,0.0015733188,1.186228,0.414949,0.769138,0.000019,0.001040,0.163533,0.001619,263,263,5,1,1,1,4,FiniteUncertified,FiniteUncertified,FiniteUncertified,FiniteUncertified,FiniteUncertified,BudgetExceeded,BudgetExceeded,BudgetExceeded,BudgetExceeded,BudgetExceeded
very-close,0.5,None,0,1.0e-03,0,Converged,Converged,Converged,1,24.840309469393116,0.016037942,1.296738,0.610712,0.685419,0.000019,0.001424,0.329138,0.003068,111,111,6,0,0,1,6,NotRequested,NotRequested,NotRequested,NotRequested,NotRequested,NotRequested,NotRequested,NotRequested,NotRequested,NotRequested
very-close,0.5,None,0,1.0e-04,0,Converged,Converged,Converged,1,24.840310020051493,0.0024430276,1.347431,0.599980,0.746110,0.000018,0.001139,0.321154,0.001625,159,159,6,0,0,1,6,NotRequested,NotRequested,NotRequested,NotRequested,NotRequested,NotRequested,NotRequested,NotRequested,NotRequested,NotRequested
very-close,0.5,None,1,1.0e-03,0,Converged,Converged,Converged,1,24.79585573216448,0.016419035,0.882344,0.409153,0.471777,0.000019,0.001051,0.152207,0.001697,111,111,5,1,1,1,4,NotRequested,NotRequested,NotRequested,NotRequested,NotRequested,NotRequested,NotRequested,NotRequested,NotRequested,NotRequested
very-close,0.5,None,1,1.0e-04,0,Converged,Converged,Converged,1,24.795840792214037,0.0021515315,1.009133,0.410355,0.597063,0.000025,0.001047,0.148610,0.001507,159,159,5,1,1,1,4,NotRequested,NotRequested,NotRequested,NotRequested,NotRequested,NotRequested,NotRequested,NotRequested,NotRequested,NotRequested
very-close,0.5,Strict,0,1.0e-03,0,InnerAccuracyLimited,Converged,InnerAccuracyLimited,1,24.840309469393116,0.016037942,2.135361,0.603302,1.531417,0.000019,0.001483,0.329022,0.002914,271,271,6,0,0,1,6,FiniteUncertified,FiniteUncertified,FiniteUncertified,FiniteUncertified,FiniteUncertified,InnerAccuracyLimited,InnerAccuracyLimited,InnerAccuracyLimited,InnerAccuracyLimited,InnerAccuracyLimited
very-close,0.5,Strict,0,1.0e-04,0,InnerAccuracyLimited,Converged,InnerAccuracyLimited,1,24.84031002005149,0.0024430276,2.047019,0.603803,1.440907,0.000025,0.001134,0.322072,0.001773,271,271,6,0,0,1,6,FiniteUncertified,FiniteUncertified,FiniteUncertified,FiniteUncertified,FiniteUncertified,InnerAccuracyLimited,InnerAccuracyLimited,InnerAccuracyLimited,InnerAccuracyLimited,InnerAccuracyLimited
very-close,0.5,Strict,1,1.0e-03,0,InnerAccuracyLimited,Converged,InnerAccuracyLimited,1,24.79585573216448,0.016419035,3.325902,0.458613,2.818346,0.000208,0.002422,0.183255,0.003858,559,559,5,1,1,1,4,FiniteUncertified,FiniteUncertified,FiniteUncertified,FiniteUncertified,FiniteUncertified,InnerAccuracyLimited,InnerAccuracyLimited,InnerAccuracyLimited,InnerAccuracyLimited,InnerAccuracyLimited
very-close,0.5,Strict,1,1.0e-04,0,InnerAccuracyLimited,Converged,InnerAccuracyLimited,1,24.795840792214037,0.0021515315,3.190309,0.420244,2.767675,0.000025,0.001067,0.154882,0.001673,559,559,5,1,1,1,4,FiniteUncertified,FiniteUncertified,FiniteUncertified,FiniteUncertified,FiniteUncertified,InnerAccuracyLimited,InnerAccuracyLimited,InnerAccuracyLimited,InnerAccuracyLimited,InnerAccuracyLimited
very-close,0.5,ValueFirst,0,1.0e-03,0,Converged,Converged,BudgetExceeded,1,24.840309469393116,0.016037942,1.613011,0.604852,1.007046,0.000019,0.001559,0.335828,0.004112,151,151,6,0,0,1,6,FiniteUncertified,FiniteUncertified,FiniteUncertified,FiniteUncertified,FiniteUncertified,BudgetExceeded,BudgetExceeded,BudgetExceeded,BudgetExceeded,BudgetExceeded
very-close,0.5,ValueFirst,0,1.0e-04,0,Converged,Converged,BudgetExceeded,1,24.84031002005149,0.0024430276,1.742113,0.610360,1.130118,0.000019,0.001145,0.324851,0.001637,199,199,6,0,0,1,6,FiniteUncertified,FiniteUncertified,FiniteUncertified,FiniteUncertified,FiniteUncertified,BudgetExceeded,BudgetExceeded,BudgetExceeded,BudgetExceeded,BudgetExceeded
very-close,0.5,ValueFirst,1,1.0e-03,0,Converged,Converged,BudgetExceeded,1,24.79585573216448,0.016419035,1.202061,0.413293,0.785556,0.000018,0.001090,0.167787,0.001788,151,151,5,1,1,1,4,FiniteUncertified,FiniteUncertified,FiniteUncertified,FiniteUncertified,FiniteUncertified,BudgetExceeded,BudgetExceeded,BudgetExceeded,BudgetExceeded,BudgetExceeded
very-close,0.5,ValueFirst,1,1.0e-04,0,Converged,Converged,BudgetExceeded,1,24.795840792214037,0.0021515315,1.452487,0.416256,1.034363,0.000018,0.001048,0.155158,0.001609,215,215,5,1,1,1,4,FiniteUncertified,FiniteUncertified,FiniteUncertified,FiniteUncertified,FiniteUncertified,BudgetExceeded,BudgetExceeded,BudgetExceeded,BudgetExceeded,BudgetExceeded
fold-tangent,0.0,None,0,1.0e-03,0,Converged,Converged,Converged,1,6.0800746173117313,0.0051479489,1.337061,0.297290,1.039194,0.000019,0.001687,0.861837,0.004139,120,120,8,0,0,1,8,NotRequested,NotRequested,NotRequested,NotRequested,NotRequested,NotRequested,NotRequested,NotRequested,NotRequested,NotRequested
fold-tangent,0.0,None,0,1.0e-04,0,Converged,Converged,Converged,1,6.0800735636231611,0.00012161914,1.375993,0.294964,1.079601,0.000020,0.001309,0.852252,0.001804,176,176,8,0,0,1,8,NotRequested,NotRequested,NotRequested,NotRequested,NotRequested,NotRequested,NotRequested,NotRequested,NotRequested,NotRequested
fold-tangent,0.0,None,1,1.0e-03,0,Converged,Converged,Converged,1,6.088186569982974,0.0052356498,1.242045,0.187711,1.052375,0.000018,0.001342,0.863658,0.001843,120,120,8,0,0,1,8,NotRequested,NotRequested,NotRequested,NotRequested,NotRequested,NotRequested,NotRequested,NotRequested,NotRequested,NotRequested
fold-tangent,0.0,None,1,1.0e-04,0,Converged,Converged,Converged,1,6.0881853044809091,0.00058013543,1.274177,0.182651,1.089820,0.000018,0.001283,0.842154,0.001766,168,168,8,0,0,1,8,NotRequested,NotRequested,NotRequested,NotRequested,NotRequested,NotRequested,NotRequested,NotRequested,NotRequested,NotRequested
fold-tangent,0.0,Strict,0,1.0e-03,0,EventLocationLimited,Converged,EventLocationLimited,1,6.0800746173117313,0.0051479489,16.676543,0.301916,16.373530,0.000018,0.001488,0.866451,0.002573,3592,3592,8,0,0,1,8,FiniteUncertified,FiniteUncertified,FiniteUncertified,FiniteUncertified,FiniteUncertified,EventLocationLimited,EventLocationLimited,EventLocationLimited,EventLocationLimited,EventLocationLimited
fold-tangent,0.0,Strict,0,1.0e-04,0,EventLocationLimited,Converged,EventLocationLimited,1,6.0800735636231611,0.00012161914,12.217992,0.317993,11.875465,0.000039,0.001608,0.879139,0.003822,3592,3592,8,0,0,1,8,FiniteUncertified,FiniteUncertified,FiniteUncertified,FiniteUncertified,FiniteUncertified,EventLocationLimited,EventLocationLimited,EventLocationLimited,EventLocationLimited,EventLocationLimited
fold-tangent,0.0,Strict,1,1.0e-03,0,EventLocationLimited,Converged,EventLocationLimited,1,6.088186569982974,0.0052356498,14.670228,0.228772,14.227102,0.000122,0.003103,0.871550,0.003495,3298,3298,8,0,0,1,8,FiniteUncertified,FiniteUncertified,FiniteUncertified,FiniteUncertified,FiniteUncertified,EventLocationLimited,EventLocationLimited,EventLocationLimited,EventLocationLimited,EventLocationLimited
fold-tangent,0.0,Strict,1,1.0e-04,0,EventLocationLimited,Converged,EventLocationLimited,1,6.0881853044809091,0.00058013543,14.517619,0.216413,14.279147,0.000093,0.001745,0.863569,0.003113,3298,3298,8,0,0,1,8,FiniteUncertified,FiniteUncertified,FiniteUncertified,FiniteUncertified,FiniteUncertified,EventLocationLimited,EventLocationLimited,EventLocationLimited,EventLocationLimited,EventLocationLimited
fold-tangent,0.0,ValueFirst,0,1.0e-03,0,Converged,Converged,BudgetExceeded,1,6.0800746173117313,0.0051479489,1.507382,0.317154,1.189166,0.000033,0.002046,0.880383,0.004685,168,168,8,0,0,1,8,FiniteUncertified,FiniteUncertified,FiniteUncertified,FiniteUncertified,FiniteUncertified,BudgetExceeded,BudgetExceeded,BudgetExceeded,BudgetExceeded,BudgetExceeded
fold-tangent,0.0,ValueFirst,0,1.0e-04,0,Converged,Converged,BudgetExceeded,1,6.0800735636231611,0.00012161914,1.554866,0.308438,1.244549,0.000031,0.001482,0.864933,0.001862,232,232,8,0,0,1,8,ToleranceMet,FiniteUncertified,ToleranceMet,ToleranceMet,ToleranceMet,ToleranceMet,BudgetExceeded,ToleranceMet,ToleranceMet,ToleranceMet
fold-tangent,0.0,ValueFirst,1,1.0e-03,0,Converged,Converged,BudgetExceeded,1,6.088186569982974,0.0052356498,1.363731,0.184102,1.176332,0.000018,0.001297,0.871526,0.001883,168,168,8,0,0,1,8,FiniteUncertified,FiniteUncertified,FiniteUncertified,FiniteUncertified,FiniteUncertified,BudgetExceeded,BudgetExceeded,BudgetExceeded,BudgetExceeded,BudgetExceeded
fold-tangent,0.0,ValueFirst,1,1.0e-04,0,Converged,Converged,BudgetExceeded,1,6.0881853044809091,0.00058013543,1.439581,0.183316,1.254256,0.000017,0.001312,0.851673,0.001803,224,224,8,0,0,1,8,ToleranceMet,FiniteUncertified,ToleranceMet,FiniteUncertified,ToleranceMet,ToleranceMet,BudgetExceeded,ToleranceMet,BudgetExceeded,ToleranceMet
fold-tangent,0.5,None,0,1.0e-03,0,Converged,Converged,Converged,1,6.0643553502750542,0.0032583828,1.416409,0.296070,1.119723,0.000017,0.001571,0.875083,0.002780,136,136,8,0,0,1,8,NotRequested,NotRequested,NotRequested,NotRequested,NotRequested,NotRequested,NotRequested,NotRequested,NotRequested,NotRequested
fold-tangent,0.5,None,0,1.0e-04,0,Converged,Converged,Converged,1,6.0643547136396929,0.00027876088,1.427389,0.295204,1.130700,0.000019,0.001255,0.863044,0.001756,176,176,8,0,0,1,8,NotRequested,NotRequested,NotRequested,NotRequested,NotRequested,NotRequested,NotRequested,NotRequested,NotRequested,NotRequested
fold-tangent,0.5,None,1,1.0e-03,0,Converged,Converged,Converged,1,6.0778222012955796,0.0033189503,1.285615,0.179187,1.104762,0.000016,0.001247,0.853860,0.001743,136,136,8,0,0,1,8,NotRequested,NotRequested,NotRequested,NotRequested,NotRequested,NotRequested,NotRequested,NotRequested,NotRequested,NotRequested
fold-tangent,0.5,None,1,1.0e-04,0,Converged,Converged,Converged,1,6.0778214381271827,0.00028825561,1.337833,0.181587,1.154450,0.000018,0.001327,0.847639,0.001678,176,176,8,0,0,1,8,NotRequested,NotRequested,NotRequested,NotRequested,NotRequested,NotRequested,NotRequested,NotRequested,NotRequested,NotRequested
fold-tangent,0.5,Strict,0,1.0e-03,0,TopologyUnresolved,Converged,TopologyUnresolved,1,6.0643553502750542,0.0032583828,10.661258,0.299767,10.360301,0.000018,0.001564,0.862039,0.002753,2315,2315,8,0,0,1,8,Invalid,Invalid,Invalid,Invalid,Invalid,TopologyUnresolved,TopologyUnresolved,TopologyUnresolved,TopologyUnresolved,TopologyUnresolved
fold-tangent,0.5,Strict,0,1.0e-04,0,TopologyUnresolved,Converged,TopologyUnresolved,1,6.0643547136396929,0.00027876088,8.656709,0.317254,8.315252,0.000027,0.001674,0.868482,0.004081,2315,2315,8,0,0,1,8,Invalid,Invalid,Invalid,Invalid,Invalid,TopologyUnresolved,TopologyUnresolved,TopologyUnresolved,TopologyUnresolved,TopologyUnresolved
fold-tangent,0.5,Strict,1,1.0e-03,0,TopologyUnresolved,Converged,Converged,1,6.0778222012955796,0.0033189503,9.187831,0.247073,8.807393,0.000112,0.002388,0.891413,0.006002,2013,2013,8,0,0,1,8,Invalid,Invalid,Invalid,Invalid,Invalid,TopologyUnresolved,TopologyUnresolved,TopologyUnresolved,TopologyUnresolved,TopologyUnresolved
fold-tangent,0.5,Strict,1,1.0e-04,0,TopologyUnresolved,Converged,Converged,1,6.0778214381271827,0.00028825561,8.933978,0.198708,8.718698,0.000097,0.001500,0.868934,0.002368,2013,2013,8,0,0,1,8,Invalid,Invalid,Invalid,Invalid,Invalid,TopologyUnresolved,TopologyUnresolved,TopologyUnresolved,TopologyUnresolved,TopologyUnresolved
fold-tangent,0.5,ValueFirst,0,1.0e-03,0,Converged,Converged,BudgetExceeded,1,6.0643553502750542,0.0032583828,1.683199,0.315541,1.366211,0.000126,0.002565,0.885711,0.004344,176,176,8,0,0,1,8,FiniteUncertified,FiniteUncertified,FiniteUncertified,FiniteUncertified,FiniteUncertified,BudgetExceeded,BudgetExceeded,BudgetExceeded,BudgetExceeded,BudgetExceeded
fold-tangent,0.5,ValueFirst,0,1.0e-04,0,Converged,Converged,BudgetExceeded,1,6.0643547136396929,0.00027876088,1.755109,0.304195,1.449069,0.000019,0.001455,0.857392,0.001822,240,240,8,0,0,1,8,ToleranceMet,FiniteUncertified,ToleranceMet,ToleranceMet,ToleranceMet,ToleranceMet,BudgetExceeded,ToleranceMet,ToleranceMet,ToleranceMet
fold-tangent,0.5,ValueFirst,1,1.0e-03,0,Converged,Converged,BudgetExceeded,1,6.0778222012955796,0.0033189503,1.524336,0.181518,1.339675,0.000019,0.001433,0.867936,0.001834,176,176,8,0,0,1,8,FiniteUncertified,FiniteUncertified,FiniteUncertified,FiniteUncertified,FiniteUncertified,BudgetExceeded,BudgetExceeded,BudgetExceeded,BudgetExceeded,BudgetExceeded
fold-tangent,0.5,ValueFirst,1,1.0e-04,0,Converged,Converged,BudgetExceeded,1,6.0778214381271827,0.00028825561,1.692436,0.183492,1.506690,0.000019,0.001287,0.866555,0.001722,240,240,8,0,0,1,8,ToleranceMet,FiniteUncertified,ToleranceMet,ToleranceMet,ToleranceMet,ToleranceMet,BudgetExceeded,ToleranceMet,ToleranceMet,ToleranceMet
rand000,0.0,None,0,1.0e-03,0,Converged,Converged,Converged,1,1.939077307051035,0.0017586629,1.135344,0.638421,0.496303,0.000019,0.001317,0.422978,0.002210,52,52,4,0,0,1,4,NotRequested,NotRequested,NotRequested,NotRequested,NotRequested,NotRequested,NotRequested,NotRequested,NotRequested,NotRequested
rand000,0.0,None,0,1.0e-04,0,Converged,Converged,Converged,1,1.9390773069889593,4.287572e-05,1.134571,0.634568,0.498998,0.000019,0.000905,0.413916,0.000850,68,68,4,0,0,1,4,NotRequested,NotRequested,NotRequested,NotRequested,NotRequested,NotRequested,NotRequested,NotRequested,NotRequested,NotRequested
rand000,0.0,None,1,1.0e-03,0,Converged,Converged,Converged,1,1.9396862097211514,0.0017616361,1.020822,0.523256,0.496203,0.000018,0.000898,0.415444,0.000828,52,52,4,0,0,1,4,NotRequested,NotRequested,NotRequested,NotRequested,NotRequested,NotRequested,NotRequested,NotRequested,NotRequested,NotRequested
rand000,0.0,None,1,1.0e-04,0,Converged,Converged,Converged,1,1.9396862096590108,4.5401136e-05,1.046826,0.524616,0.521199,0.000018,0.000854,0.413520,0.000682,68,68,4,0,0,1,4,NotRequested,NotRequested,NotRequested,NotRequested,NotRequested,NotRequested,NotRequested,NotRequested,NotRequested,NotRequested
rand000,0.0,Strict,0,1.0e-03,0,EventLocationLimited,Converged,EventLocationLimited,1,1.939077307051035,0.0017586629,1.211469,0.633261,0.577617,0.000018,0.001127,0.414661,0.001549,100,100,4,0,0,1,4,ToleranceMet,ToleranceMet,FiniteUncertified,ToleranceMet,ToleranceMet,ToleranceMet,ToleranceMet,EventLocationLimited,ToleranceMet,ToleranceMet
rand000,0.0,Strict,0,1.0e-04,0,EventLocationLimited,Converged,EventLocationLimited,1,1.9390773069889593,4.287572e-05,1.185958,0.630054,0.554563,0.000018,0.000848,0.404384,0.000773,100,100,4,0,0,1,4,ToleranceMet,ToleranceMet,FiniteUncertified,ToleranceMet,ToleranceMet,ToleranceMet,ToleranceMet,EventLocationLimited,ToleranceMet,ToleranceMet
rand000,0.0,Strict,1,1.0e-03,0,EventLocationLimited,Converged,EventLocationLimited,1,1.9396862097211514,0.0017616361,1.296096,0.569407,0.641023,0.000037,0.001943,0.441895,0.002454,100,100,4,0,0,1,4,ToleranceMet,ToleranceMet,FiniteUncertified,ToleranceMet,ToleranceMet,ToleranceMet,ToleranceMet,EventLocationLimited,ToleranceMet,ToleranceMet
rand000,0.0,Strict,1,1.0e-04,0,EventLocationLimited,Converged,EventLocationLimited,1,1.9396862096590108,4.5401136e-05,1.127005,0.523538,0.602003,0.000019,0.000852,0.416606,0.000753,100,100,4,0,0,1,4,ToleranceMet,ToleranceMet,FiniteUncertified,ToleranceMet,ToleranceMet,ToleranceMet,ToleranceMet,EventLocationLimited,ToleranceMet,ToleranceMet
rand000,0.0,ValueFirst,0,1.0e-03,0,Converged,Converged,BudgetExceeded,1,1.939077307051035,0.0017586629,1.217159,0.629302,0.586761,0.000018,0.001273,0.422563,0.001834,100,100,4,0,0,1,4,ToleranceMet,ToleranceMet,FiniteUncertified,ToleranceMet,ToleranceMet,ToleranceMet,ToleranceMet,BudgetExceeded,ToleranceMet,ToleranceMet
rand000,0.0,ValueFirst,0,1.0e-04,0,Converged,Converged,EventLocationLimited,1,1.9390773069889593,4.287572e-05,1.191057,0.633313,0.556433,0.000018,0.000854,0.415083,0.000785,100,100,4,0,0,1,4,ToleranceMet,ToleranceMet,FiniteUncertified,ToleranceMet,ToleranceMet,ToleranceMet,ToleranceMet,EventLocationLimited,ToleranceMet,ToleranceMet
rand000,0.0,ValueFirst,1,1.0e-03,0,Converged,Converged,BudgetExceeded,1,1.9396862097211514,0.0017616361,1.129479,0.520526,0.606067,0.000019,0.000875,0.412140,0.000885,100,100,4,0,0,1,4,ToleranceMet,ToleranceMet,FiniteUncertified,ToleranceMet,ToleranceMet,ToleranceMet,ToleranceMet,BudgetExceeded,ToleranceMet,ToleranceMet
rand000,0.0,ValueFirst,1,1.0e-04,0,Converged,Converged,EventLocationLimited,1,1.9396862096590108,4.5401136e-05,1.146218,0.523695,0.621234,0.000018,0.000866,0.420815,0.000768,100,100,4,0,0,1,4,ToleranceMet,ToleranceMet,FiniteUncertified,ToleranceMet,ToleranceMet,ToleranceMet,ToleranceMet,EventLocationLimited,ToleranceMet,ToleranceMet
rand000,0.5,None,0,1.0e-03,0,Converged,Converged,Converged,1,1.9390266451742608,2.6790656e-05,1.172656,0.644071,0.527931,0.000018,0.001178,0.416915,0.001502,68,68,4,0,0,1,4,NotRequested,NotRequested,NotRequested,NotRequested,NotRequested,NotRequested,NotRequested,NotRequested,NotRequested,NotRequested
rand000,0.5,None,0,1.0e-04,0,Converged,Converged,Converged,1,1.9390266451742608,2.6790656e-05,1.127763,0.625367,0.501376,0.000019,0.000871,0.403675,0.000731,68,68,4,0,0,1,4,NotRequested,NotRequested,NotRequested,NotRequested,NotRequested,NotRequested,NotRequested,NotRequested,NotRequested,NotRequested
rand000,0.5,None,1,1.0e-03,0,Converged,Converged,Converged,1,1.9396354897570207,2.8351258e-05,1.051813,0.521613,0.528969,0.000019,0.000942,0.408447,0.000758,68,68,4,0,0,1,4,NotRequested,NotRequested,NotRequested,NotRequested,NotRequested,NotRequested,NotRequested,NotRequested,NotRequested,NotRequested
rand000,0.5,None,1,1.0e-04,0,Converged,Converged,Converged,1,1.9396354897570207,2.8351258e-05,1.059769,0.525605,0.533084,0.000018,0.000867,0.412355,0.000703,68,68,4,0,0,1,4,NotRequested,NotRequested,NotRequested,NotRequested,NotRequested,NotRequested,NotRequested,NotRequested,NotRequested,NotRequested
rand000,0.5,Strict,0,1.0e-03,0,EventLocationLimited,Converged,EventLocationLimited,1,1.9390266451742608,2.6790656e-05,1.281463,0.630504,0.650256,0.000025,0.001197,0.415309,0.001561,100,100,4,0,0,1,4,ToleranceMet,ToleranceMet,FiniteUncertified,ToleranceMet,ToleranceMet,ToleranceMet,ToleranceMet,EventLocationLimited,ToleranceMet,ToleranceMet
rand000,0.5,Strict,0,1.0e-04,0,EventLocationLimited,Converged,EventLocationLimited,1,1.9390266451742608,2.6790656e-05,1.269062,0.624501,0.643330,0.000019,0.000885,0.428051,0.000774,100,100,4,0,0,1,4,ToleranceMet,ToleranceMet,FiniteUncertified,ToleranceMet,ToleranceMet,ToleranceMet,ToleranceMet,EventLocationLimited,ToleranceMet,ToleranceMet
rand000,0.5,Strict,1,1.0e-03,0,EventLocationLimited,Converged,EventLocationLimited,1,1.9396354897570207,2.8351258e-05,1.400354,0.582977,0.728672,0.000111,0.001787,0.444727,0.002852,100,100,4,0,0,1,4,ToleranceMet,ToleranceMet,FiniteUncertified,ToleranceMet,ToleranceMet,ToleranceMet,ToleranceMet,EventLocationLimited,ToleranceMet,ToleranceMet
rand000,0.5,Strict,1,1.0e-04,0,EventLocationLimited,Converged,EventLocationLimited,1,1.9396354897570207,2.8351258e-05,1.185702,0.524728,0.659297,0.000019,0.000815,0.409984,0.000757,100,100,4,0,0,1,4,ToleranceMet,ToleranceMet,FiniteUncertified,ToleranceMet,ToleranceMet,ToleranceMet,ToleranceMet,EventLocationLimited,ToleranceMet,ToleranceMet
rand000,0.5,ValueFirst,0,1.0e-03,0,Converged,Converged,EventLocationLimited,1,1.9390266451742608,2.6790656e-05,1.288483,0.630073,0.657201,0.000019,0.001303,0.423203,0.001560,100,100,4,0,0,1,4,ToleranceMet,ToleranceMet,FiniteUncertified,ToleranceMet,ToleranceMet,ToleranceMet,ToleranceMet,EventLocationLimited,ToleranceMet,ToleranceMet
rand000,0.5,ValueFirst,0,1.0e-04,0,Converged,Converged,EventLocationLimited,1,1.9390266451742608,2.6790656e-05,1.261741,0.630287,0.630071,0.000021,0.000848,0.408854,0.000771,100,100,4,0,0,1,4,ToleranceMet,ToleranceMet,FiniteUncertified,ToleranceMet,ToleranceMet,ToleranceMet,ToleranceMet,EventLocationLimited,ToleranceMet,ToleranceMet
rand000,0.5,ValueFirst,1,1.0e-03,0,Converged,Converged,EventLocationLimited,1,1.9396354897570207,2.8351258e-05,1.201690,0.529308,0.669602,0.000019,0.000921,0.413043,0.000871,100,100,4,0,0,1,4,ToleranceMet,ToleranceMet,FiniteUncertified,ToleranceMet,ToleranceMet,ToleranceMet,ToleranceMet,EventLocationLimited,ToleranceMet,ToleranceMet
rand000,0.5,ValueFirst,1,1.0e-04,0,Converged,Converged,EventLocationLimited,1,1.9396354897570207,2.8351258e-05,1.192390,0.524819,0.666285,0.000025,0.000825,0.404419,0.000739,100,100,4,0,0,1,4,ToleranceMet,ToleranceMet,FiniteUncertified,ToleranceMet,ToleranceMet,ToleranceMet,ToleranceMet,EventLocationLimited,ToleranceMet,ToleranceMet
rand001,0.0,None,0,1.0e-03,0,Converged,Converged,Converged,1,1.8549947111170857,0.0016100319,0.604101,0.298617,0.304795,0.000025,0.001521,0.229740,0.003104,52,52,6,2,2,1,4,NotRequested,NotRequested,NotRequested,NotRequested,NotRequested,NotRequested,NotRequested,NotRequested,NotRequested,NotRequested
rand001,0.0,None,0,1.0e-04,0,Converged,Converged,Converged,1,1.8549947114997145,6.6365089e-05,0.619159,0.295556,0.322638,0.000018,0.001024,0.225215,0.000830,68,68,6,2,2,1,4,NotRequested,NotRequested,NotRequested,NotRequested,NotRequested,NotRequested,NotRequested,NotRequested,NotRequested,NotRequested
rand001,0.0,None,1,1.0e-03,0,Converged,Converged,Converged,1,1.8524330488668375,0.001603293,0.518943,0.183450,0.333992,0.000018,0.002205,0.252047,0.000916,52,52,6,1,1,1,5,NotRequested,NotRequested,NotRequested,NotRequested,NotRequested,NotRequested,NotRequested,NotRequested,NotRequested,NotRequested
rand001,0.0,None,1,1.0e-04,0,Converged,Converged,Converged,1,1.8524330492436083,6.6199514e-05,0.505415,0.177271,0.327080,0.000019,0.001013,0.234002,0.000754,68,68,6,1,1,1,5,NotRequested,NotRequested,NotRequested,NotRequested,NotRequested,NotRequested,NotRequested,NotRequested,NotRequested,NotRequested
rand001,0.0,Strict,0,1.0e-03,0,EventLocationLimited,Converged,EventLocationLimited,1,1.8549947111170857,0.0016100319,3.941193,0.291014,3.648953,0.000019,0.001315,0.214262,0.001551,1308,1308,6,2,2,1,4,FiniteUncertified,FiniteUncertified,FiniteUncertified,FiniteUncertified,FiniteUncertified,EventLocationLimited,EventLocationLimited,EventLocationLimited,EventLocationLimited,EventLocationLimited
rand001,0.0,Strict,0,1.0e-04,0,EventLocationLimited,Converged,EventLocationLimited,1,1.8549947114997145,6.6365089e-05,3.408972,0.310559,3.088419,0.000114,0.001357,0.240617,0.001878,1308,1308,6,2,2,1,4,FiniteUncertified,FiniteUncertified,FiniteUncertified,FiniteUncertified,FiniteUncertified,EventLocationLimited,EventLocationLimited,EventLocationLimited,EventLocationLimited,EventLocationLimited
rand001,0.0,Strict,1,1.0e-03,0,EventLocationLimited,Converged,EventLocationLimited,1,1.8524330488668375,0.001603293,4.738705,0.230926,4.387648,0.000120,0.002105,0.278057,0.002829,1292,1292,6,1,1,1,5,FiniteUncertified,FiniteUncertified,FiniteUncertified,FiniteUncertified,FiniteUncertified,EventLocationLimited,EventLocationLimited,EventLocationLimited,EventLocationLimited,EventLocationLimited
rand001,0.0,Strict,1,1.0e-04,0,EventLocationLimited,Converged,EventLocationLimited,1,1.8524330492436083,6.6199514e-05,4.530780,0.184259,4.337170,0.000026,0.001115,0.255800,0.001121,1292,1292,6,1,1,1,5,FiniteUncertified,FiniteUncertified,FiniteUncertified,FiniteUncertified,FiniteUncertified,EventLocationLimited,EventLocationLimited,EventLocationLimited,EventLocationLimited,EventLocationLimited
rand001,0.0,ValueFirst,0,1.0e-03,0,Converged,Converged,BudgetExceeded,1,1.8549947111170857,0.0016100319,0.693947,0.306658,0.385947,0.000028,0.001467,0.237664,0.001780,92,92,6,2,2,1,4,FiniteUncertified,FiniteUncertified,FiniteUncertified,FiniteUncertified,FiniteUncertified,BudgetExceeded,BudgetExceeded,BudgetExceeded,BudgetExceeded,BudgetExceeded
rand001,0.0,ValueFirst,0,1.0e-04,0,Converged,Converged,BudgetExceeded,1,1.8549947114997145,6.6365089e-05,0.686646,0.295589,0.389759,0.000019,0.001017,0.233167,0.000868,108,108,6,2,2,1,4,ToleranceMet,ToleranceMet,ToleranceMet,ToleranceMet,FiniteUncertified,ToleranceMet,ToleranceMet,ToleranceMet,ToleranceMet,BudgetExceeded
rand001,0.0,ValueFirst,1,1.0e-03,0,Converged,Converged,BudgetExceeded,1,1.8524330488668375,0.001603293,0.584010,0.179513,0.402158,0.000019,0.001037,0.244590,0.000944,92,92,6,1,1,1,5,FiniteUncertified,FiniteUncertified,FiniteUncertified,FiniteUncertified,FiniteUncertified,BudgetExceeded,BudgetExceeded,BudgetExceeded,BudgetExceeded,BudgetExceeded
rand001,0.0,ValueFirst,1,1.0e-04,0,Converged,Converged,BudgetExceeded,1,1.8524330492436083,6.6199514e-05,0.602168,0.176224,0.424568,0.000019,0.000994,0.249448,0.001347,108,108,6,1,1,1,5,ToleranceMet,ToleranceMet,ToleranceMet,ToleranceMet,FiniteUncertified,ToleranceMet,ToleranceMet,ToleranceMet,ToleranceMet,BudgetExceeded
rand001,0.5,None,0,1.0e-03,0,Converged,Converged,Converged,1,1.8537210283970973,5.8260534e-05,0.642433,0.297613,0.344155,0.000018,0.001366,0.226773,0.001794,68,68,6,2,2,1,4,NotRequested,NotRequested,NotRequested,NotRequested,NotRequested,NotRequested,NotRequested,NotRequested,NotRequested,NotRequested
rand001,0.5,None,0,1.0e-04,0,Converged,Converged,Converged,1,1.8537210283970973,5.8260534e-05,0.607795,0.289916,0.316835,0.000018,0.001014,0.219377,0.000805,68,68,6,2,2,1,4,NotRequested,NotRequested,NotRequested,NotRequested,NotRequested,NotRequested,NotRequested,NotRequested,NotRequested,NotRequested
rand001,0.5,None,1,1.0e-03,0,Converged,Converged,Converged,1,1.8511657102650174,5.7939342e-05,0.512077,0.168917,0.341780,0.000019,0.000995,0.233737,0.000883,68,68,6,1,1,1,5,NotRequested,NotRequested,NotRequested,NotRequested,NotRequested,NotRequested,NotRequested,NotRequested,NotRequested,NotRequested
rand001,0.5,None,1,1.0e-04,0,Converged,Converged,Converged,1,1.8511657102650174,5.7939342e-05,0.510745,0.170736,0.338924,0.000023,0.000996,0.233224,0.000757,68,68,6,1,1,1,5,NotRequested,NotRequested,NotRequested,NotRequested,NotRequested,NotRequested,NotRequested,NotRequested,NotRequested,NotRequested
rand001,0.5,Strict,0,1.0e-03,0,TopologyUnresolved,Converged,TopologyUnresolved,1,1.8537210283970973,5.8260534e-05,4.227083,0.294191,3.931721,0.000019,0.001258,0.220964,0.002606,1079,1079,6,2,2,1,4,Invalid,Invalid,Invalid,Invalid,Invalid,TopologyUnresolved,TopologyUnresolved,TopologyUnresolved,TopologyUnresolved,TopologyUnresolved
rand001,0.5,Strict,0,1.0e-04,0,TopologyUnresolved,Converged,TopologyUnresolved,1,1.8537210283970973,5.8260534e-05,3.875338,0.305635,3.561277,0.000100,0.001427,0.233112,0.001826,1079,1079,6,2,2,1,4,Invalid,Invalid,Invalid,Invalid,Invalid,TopologyUnresolved,TopologyUnresolved,TopologyUnresolved,TopologyUnresolved,TopologyUnresolved
rand001,0.5,Strict,1,1.0e-03,0,TopologyUnresolved,Converged,TopologyUnresolved,1,1.8511657102650174,5.7939342e-05,4.950415,0.224324,4.609956,0.000100,0.002301,0.279715,0.003016,1047,1047,6,1,1,1,5,Invalid,Invalid,Invalid,Invalid,Invalid,TopologyUnresolved,TopologyUnresolved,TopologyUnresolved,TopologyUnresolved,TopologyUnresolved
rand001,0.5,Strict,1,1.0e-04,0,TopologyUnresolved,Converged,TopologyUnresolved,1,1.8511657102650174,5.7939342e-05,4.733801,0.182063,4.544064,0.000020,0.001120,0.257471,0.000915,1047,1047,6,1,1,1,5,Invalid,Invalid,Invalid,Invalid,Invalid,TopologyUnresolved,TopologyUnresolved,TopologyUnresolved,TopologyUnresolved,TopologyUnresolved
rand001,0.5,ValueFirst,0,1.0e-03,0,Converged,Converged,BudgetExceeded,1,1.8537210283970973,5.8260534e-05,0.798053,0.298541,0.497785,0.000027,0.001451,0.236977,0.001911,108,108,6,2,2,1,4,FiniteUncertified,FiniteUncertified,FiniteUncertified,FiniteUncertified,ToleranceMet,BudgetExceeded,BudgetExceeded,BudgetExceeded,BudgetExceeded,ToleranceMet
rand001,0.5,ValueFirst,0,1.0e-04,0,Converged,Converged,BudgetExceeded,1,1.8537210283970973,5.8260534e-05,0.761541,0.297236,0.462988,0.000018,0.001139,0.227613,0.000879,108,108,6,2,2,1,4,FiniteUncertified,FiniteUncertified,FiniteUncertified,FiniteUncertified,ToleranceMet,BudgetExceeded,BudgetExceeded,BudgetExceeded,BudgetExceeded,ToleranceMet
rand001,0.5,ValueFirst,1,1.0e-03,0,Converged,Converged,BudgetExceeded,1,1.8511657102650174,5.7939342e-05,0.716960,0.176200,0.538584,0.000019,0.001123,0.256219,0.000927,108,108,6,1,1,1,5,FiniteUncertified,FiniteUncertified,FiniteUncertified,FiniteUncertified,ToleranceMet,BudgetExceeded,BudgetExceeded,BudgetExceeded,BudgetExceeded,ToleranceMet
rand001,0.5,ValueFirst,1,1.0e-04,0,Converged,Converged,BudgetExceeded,1,1.8511657102650174,5.7939342e-05,0.693636,0.176683,0.515643,0.000019,0.001049,0.241821,0.000885,108,108,6,1,1,1,5,FiniteUncertified,FiniteUncertified,FiniteUncertified,FiniteUncertified,ToleranceMet,BudgetExceeded,BudgetExceeded,BudgetExceeded,BudgetExceeded,ToleranceMet
rand002,0.0,None,0,1.0e-03,0,Converged,Converged,Converged,1,2.5473527185520197,0.0018317939,1.222397,0.826294,0.395560,0.000030,0.004679,0.275762,0.002321,53,53,6,2,2,1,4,NotRequested,NotRequested,NotRequested,NotRequested,NotRequested,NotRequested,NotRequested,NotRequested,NotRequested,NotRequested
rand002,0.0,None,0,1.0e-04,0,Converged,Converged,Converged,1,2.5473527184751035,4.7454368e-08,1.191359,0.809979,0.380481,0.000018,0.003870,0.256700,0.000870,69,69,6,2,2,1,4,NotRequested,NotRequested,NotRequested,NotRequested,NotRequested,NotRequested,NotRequested,NotRequested,NotRequested,NotRequested
rand002,0.0,None,1,1.0e-03,0,Converged,Converged,Converged,1,2.5509855149502672,0.0018380113,1.073283,0.692822,0.379480,0.000018,0.003928,0.268350,0.001753,53,53,6,2,2,1,4,NotRequested,NotRequested,NotRequested,NotRequested,NotRequested,NotRequested,NotRequested,NotRequested,NotRequested,NotRequested
rand002,0.0,None,1,1.0e-04,0,Converged,Converged,Converged,1,2.5509855148742298,4.7745427e-08,1.101213,0.704169,0.396033,0.000018,0.003780,0.267120,0.000775,69,69,6,2,2,1,4,NotRequested,NotRequested,NotRequested,NotRequested,NotRequested,NotRequested,NotRequested,NotRequested,NotRequested,NotRequested
rand002,0.0,Strict,0,1.0e-03,0,EventLocationLimited,Converged,EventLocationLimited,1,2.5473527185520197,0.0018317939,17.735165,0.798446,16.935162,0.000018,0.004077,0.250602,0.001284,2976,2976,6,2,2,1,4,FiniteUncertified,FiniteUncertified,FiniteUncertified,FiniteUncertified,FiniteUncertified,EventLocationLimited,EventLocationLimited,EventLocationLimited,EventLocationLimited,EventLocationLimited
rand002,0.0,Strict,0,1.0e-04,0,EventLocationLimited,Converged,EventLocationLimited,1,2.5473527184751035,4.7454368e-08,14.496233,0.845656,13.627975,0.000124,0.004624,0.278336,0.002810,2976,2976,6,2,2,1,4,FiniteUncertified,FiniteUncertified,FiniteUncertified,FiniteUncertified,FiniteUncertified,EventLocationLimited,EventLocationLimited,EventLocationLimited,EventLocationLimited,EventLocationLimited
rand002,0.0,Strict,1,1.0e-03,0,EventLocationLimited,Converged,EventLocationLimited,1,2.5509855149502672,0.0018380113,16.266311,0.844193,15.238314,0.000240,0.007398,0.305657,0.002417,2976,2976,6,2,2,1,4,FiniteUncertified,FiniteUncertified,FiniteUncertified,FiniteUncertified,FiniteUncertified,EventLocationLimited,EventLocationLimited,EventLocationLimited,EventLocationLimited,EventLocationLimited
rand002,0.0,Strict,1,1.0e-04,0,EventLocationLimited,Converged,EventLocationLimited,1,2.5509855148742298,4.7745427e-08,15.928693,0.825705,15.078197,0.000042,0.006051,0.306048,0.002157,2976,2976,6,2,2,1,4,FiniteUncertified,FiniteUncertified,FiniteUncertified,FiniteUncertified,FiniteUncertified,EventLocationLimited,EventLocationLimited,EventLocationLimited,EventLocationLimited,EventLocationLimited
rand002,0.0,ValueFirst,0,1.0e-03,0,Converged,Converged,BudgetExceeded,1,2.5473527185520197,0.0018317939,1.546115,0.933913,0.610606,0.000042,0.005448,0.308531,0.004609,109,109,6,2,2,1,4,FiniteUncertified,FiniteUncertified,ToleranceMet,ToleranceMet,ToleranceMet,BudgetExceeded,BudgetExceeded,ToleranceMet,ToleranceMet,ToleranceMet
rand002,0.0,ValueFirst,0,1.0e-04,0,Converged,Converged,BudgetExceeded,1,2.5473527184751035,4.7454368e-08,1.684247,0.899903,0.782903,0.000021,0.004437,0.290775,0.000930,173,173,6,2,2,1,4,FiniteUncertified,FiniteUncertified,FiniteUncertified,FiniteUncertified,FiniteUncertified,BudgetExceeded,BudgetExceeded,BudgetExceeded,BudgetExceeded,BudgetExceeded
rand002,0.0,ValueFirst,1,1.0e-03,0,Converged,Converged,BudgetExceeded,1,2.5509855149502672,0.0018380113,1.353269,0.780807,0.570160,0.000023,0.004330,0.299948,0.002743,109,109,6,2,2,1,4,FiniteUncertified,FiniteUncertified,ToleranceMet,ToleranceMet,FiniteUncertified,BudgetExceeded,BudgetExceeded,ToleranceMet,ToleranceMet,BudgetExceeded
rand002,0.0,ValueFirst,1,1.0e-04,0,Converged,Converged,BudgetExceeded,1,2.5509855148742298,4.7745427e-08,1.539005,0.781677,0.755391,0.000028,0.004291,0.290060,0.000868,173,173,6,2,2,1,4,FiniteUncertified,FiniteUncertified,FiniteUncertified,FiniteUncertified,FiniteUncertified,BudgetExceeded,BudgetExceeded,BudgetExceeded,BudgetExceeded,BudgetExceeded
rand002,0.5,None,0,1.0e-03,0,Converged,Converged,Converged,1,2.5466658117848757,8.10756e-08,1.398193,0.918662,0.478931,0.000029,0.004752,0.295071,0.001595,69,69,6,2,2,1,4,NotRequested,NotRequested,NotRequested,NotRequested,NotRequested,NotRequested,NotRequested,NotRequested,NotRequested,NotRequested
rand002,0.5,None,0,1.0e-04,0,Converged,Converged,Converged,1,2.5466658117848757,8.10756e-08,1.358316,0.901624,0.455572,0.000029,0.004370,0.289281,0.000815,69,69,6,2,2,1,4,NotRequested,NotRequested,NotRequested,NotRequested,NotRequested,NotRequested,NotRequested,NotRequested,NotRequested,NotRequested
rand002,0.5,None,1,1.0e-03,0,Converged,Converged,Converged,1,2.5502953538432012,8.1019268e-08,1.261150,0.783606,0.476499,0.000021,0.004368,0.298756,0.001887,69,69,6,2,2,1,4,NotRequested,NotRequested,NotRequested,NotRequested,NotRequested,NotRequested,NotRequested,NotRequested,NotRequested,NotRequested
rand002,0.5,None,1,1.0e-04,0,Converged,Converged,Converged,1,2.5502953538432012,8.1019268e-08,1.265363,0.796635,0.467548,0.000021,0.004413,0.294168,0.000838,69,69,6,2,2,1,4,NotRequested,NotRequested,NotRequested,NotRequested,NotRequested,NotRequested,NotRequested,NotRequested,NotRequested,NotRequested
rand002,0.5,Strict,0,1.0e-03,0,TopologyUnresolved,Converged,TopologyUnresolved,1,2.5466658117848757,8.10756e-08,15.933930,0.907151,15.024664,0.000034,0.004609,0.286830,0.001554,2359,2359,6,2,2,1,4,Invalid,Invalid,Invalid,Invalid,Invalid,TopologyUnresolved,TopologyUnresolved,TopologyUnresolved,TopologyUnresolved,TopologyUnresolved
rand002,0.5,Strict,0,1.0e-04,0,TopologyUnresolved,Converged,TopologyUnresolved,1,2.5466658117848757,8.10756e-08,13.654111,0.990791,12.639564,0.000184,0.006355,0.324638,0.003419,2359,2359,6,2,2,1,4,Invalid,Invalid,Invalid,Invalid,Invalid,TopologyUnresolved,TopologyUnresolved,TopologyUnresolved,TopologyUnresolved,TopologyUnresolved
rand002,0.5,Strict,1,1.0e-03,0,TopologyUnresolved,Converged,Converged,1,2.5502953538432012,8.1019268e-08,12.105470,0.751537,11.156926,0.000120,0.005784,0.273820,0.001922,2263,2263,6,2,2,1,4,Invalid,Invalid,Invalid,Invalid,Invalid,TopologyUnresolved,TopologyUnresolved,TopologyUnresolved,TopologyUnresolved,TopologyUnresolved
rand002,0.5,Strict,1,1.0e-04,0,TopologyUnresolved,Converged,Converged,1,2.5502953538432012,8.1019268e-08,11.763335,0.712779,11.033540,0.000032,0.004075,0.272480,0.001055,2263,2263,6,2,2,1,4,Invalid,Invalid,Invalid,Invalid,Invalid,TopologyUnresolved,TopologyUnresolved,TopologyUnresolved,TopologyUnresolved,TopologyUnresolved
rand002,0.5,ValueFirst,0,1.0e-03,0,Converged,Converged,Converged,1,2.5466658117848757,8.10756e-08,1.523717,0.819919,0.702943,0.000034,0.004758,0.276946,0.001965,125,125,6,2,2,1,4,ToleranceMet,ToleranceMet,ToleranceMet,ToleranceMet,ToleranceMet,ToleranceMet,ToleranceMet,ToleranceMet,ToleranceMet,ToleranceMet
rand002,0.5,ValueFirst,0,1.0e-04,0,Converged,Converged,Converged,1,2.5466658117848757,8.10756e-08,1.468718,0.810858,0.656520,0.000025,0.003925,0.255515,0.000802,125,125,6,2,2,1,4,ToleranceMet,ToleranceMet,ToleranceMet,ToleranceMet,ToleranceMet,ToleranceMet,ToleranceMet,ToleranceMet,ToleranceMet,ToleranceMet
rand002,0.5,ValueFirst,1,1.0e-03,0,Converged,Converged,Converged,1,2.5502953538432012,8.1019268e-08,1.377022,0.704352,0.671155,0.000025,0.003915,0.269782,0.002102,125,125,6,2,2,1,4,ToleranceMet,ToleranceMet,ToleranceMet,ToleranceMet,ToleranceMet,ToleranceMet,ToleranceMet,ToleranceMet,ToleranceMet,ToleranceMet
rand002,0.5,ValueFirst,1,1.0e-04,0,Converged,Converged,Converged,1,2.5502953538432012,8.1019268e-08,1.357712,0.704297,0.651946,0.000026,0.003800,0.260417,0.000769,125,125,6,2,2,1,4,ToleranceMet,ToleranceMet,ToleranceMet,ToleranceMet,ToleranceMet,ToleranceMet,ToleranceMet,ToleranceMet,ToleranceMet,ToleranceMet
rand003,0.0,None,0,1.0e-03,0,Converged,Converged,Converged,1,2.1560022222041382,0.0010077086,0.905921,0.531572,0.373712,0.000018,0.001387,0.241421,0.002273,76,76,4,0,0,1,4,NotRequested,NotRequested,NotRequested,NotRequested,NotRequested,NotRequested,NotRequested,NotRequested,NotRequested,NotRequested
rand003,0.0,None,0,1.0e-04,0,Converged,Converged,Converged,1,2.1559988418171221,4.5819954e-05,0.927195,0.529022,0.397249,0.000019,0.001003,0.228188,0.000929,108,108,4,0,0,1,4,NotRequested,NotRequested,NotRequested,NotRequested,NotRequested,NotRequested,NotRequested,NotRequested,NotRequested,NotRequested
rand003,0.0,None,1,1.0e-03,0,Converged,Converged,Converged,1,2.1660083935920227,0.0010167244,0.778559,0.411802,0.365787,0.000017,0.001011,0.237136,0.000790,76,76,4,0,0,1,4,NotRequested,NotRequested,NotRequested,NotRequested,NotRequested,NotRequested,NotRequested,NotRequested,NotRequested,NotRequested
rand003,0.0,None,1,1.0e-04,0,Converged,Converged,Converged,1,2.1660049626692035,4.6455228e-05,0.824884,0.419794,0.404061,0.000019,0.000987,0.229125,0.000676,108,108,4,0,0,1,4,NotRequested,NotRequested,NotRequested,NotRequested,NotRequested,NotRequested,NotRequested,NotRequested,NotRequested,NotRequested
rand003,0.0,Strict,0,1.0e-03,0,Converged,Converged,Converged,1,2.1560022222041382,0.0010077086,12.735880,0.525886,12.208711,0.000026,0.001267,0.227792,0.001452,2429,2429,4,0,0,1,4,ToleranceMet,ToleranceMet,ToleranceMet,ToleranceMet,ToleranceMet,ToleranceMet,ToleranceMet,ToleranceMet,ToleranceMet,ToleranceMet
rand003,0.0,Strict,0,1.0e-04,0,Converged,Converged,Converged,1,2.1559988418171221,4.5819954e-05,10.969379,0.546822,10.418959,0.000031,0.001173,0.248521,0.001191,2429,2429,4,0,0,1,4,ToleranceMet,ToleranceMet,ToleranceMet,ToleranceMet,ToleranceMet,ToleranceMet,ToleranceMet,ToleranceMet,ToleranceMet,ToleranceMet
rand003,0.0,Strict,1,1.0e-03,0,EventLocationLimited,Converged,EventLocationLimited,1,2.1660083935920227,0.0010167244,10.811874,0.472438,10.286873,0.000101,0.002139,0.267269,0.002535,2429,2429,4,0,0,1,4,FiniteUncertified,FiniteUncertified,FiniteUncertified,FiniteUncertified,FiniteUncertified,EventLocationLimited,EventLocationLimited,EventLocationLimited,EventLocationLimited,EventLocationLimited
rand003,0.0,Strict,1,1.0e-04,0,EventLocationLimited,Converged,EventLocationLimited,1,2.1660049626692035,4.6455228e-05,10.667046,0.422525,10.242172,0.000046,0.001117,0.243763,0.000848,2429,2429,4,0,0,1,4,FiniteUncertified,FiniteUncertified,FiniteUncertified,FiniteUncertified,FiniteUncertified,EventLocationLimited,EventLocationLimited,EventLocationLimited,EventLocationLimited,EventLocationLimited
rand003,0.0,ValueFirst,0,1.0e-03,0,Converged,Converged,Converged,1,2.1560022222041382,0.0010077086,1.517432,0.535922,0.980351,0.000031,0.001579,0.245157,0.002012,300,300,4,0,0,1,4,ToleranceMet,ToleranceMet,ToleranceMet,ToleranceMet,ToleranceMet,ToleranceMet,ToleranceMet,ToleranceMet,ToleranceMet,ToleranceMet
rand003,0.0,ValueFirst,0,1.0e-04,0,Converged,Converged,Converged,1,2.1559988418171221,4.5819954e-05,1.505389,0.533745,0.970310,0.000018,0.001017,0.236076,0.000880,308,308,4,0,0,1,4,ToleranceMet,ToleranceMet,ToleranceMet,ToleranceMet,ToleranceMet,ToleranceMet,ToleranceMet,ToleranceMet,ToleranceMet,ToleranceMet
rand003,0.0,ValueFirst,1,1.0e-03,0,Converged,Converged,Converged,1,2.1660083935920227,0.0010167244,1.377745,0.418795,0.957088,0.000018,0.001011,0.240071,0.000793,300,300,4,0,0,1,4,ToleranceMet,ToleranceMet,ToleranceMet,ToleranceMet,ToleranceMet,ToleranceMet,ToleranceMet,ToleranceMet,ToleranceMet,ToleranceMet
rand003,0.0,ValueFirst,1,1.0e-04,0,Converged,Converged,Converged,1,2.1660049626692035,4.6455228e-05,1.396646,0.419805,0.975701,0.000023,0.000936,0.235015,0.000792,308,308,4,0,0,1,4,ToleranceMet,ToleranceMet,ToleranceMet,ToleranceMet,ToleranceMet,ToleranceMet,ToleranceMet,ToleranceMet,ToleranceMet,ToleranceMet
rand003,0.5,None,0,1.0e-03,0,Converged,Converged,Converged,1,2.1496379563436308,0.00062205303,0.935227,0.532215,0.402309,0.000037,0.001337,0.246263,0.001618,76,76,4,0,0,1,4,NotRequested,NotRequested,NotRequested,NotRequested,NotRequested,NotRequested,NotRequested,NotRequested,NotRequested,NotRequested
rand003,0.5,None,0,1.0e-04,0,Converged,Converged,Converged,1,2.149635928111421,4.4918028e-05,0.968349,0.551006,0.416354,0.000019,0.000940,0.224128,0.000710,108,108,4,0,0,1,4,NotRequested,NotRequested,NotRequested,NotRequested,NotRequested,NotRequested,NotRequested,NotRequested,NotRequested,NotRequested
rand003,0.5,None,1,1.0e-03,0,Converged,Converged,Converged,1,2.1595362723734843,0.00062754313,0.785952,0.412453,0.372422,0.000019,0.000965,0.226636,0.000692,76,76,4,0,0,1,4,NotRequested,NotRequested,NotRequested,NotRequested,NotRequested,NotRequested,NotRequested,NotRequested,NotRequested,NotRequested
rand003,0.5,None,1,1.0e-04,0,Converged,Converged,Converged,1,2.1595342138197928,4.5379656e-05,0.834443,0.412261,0.421225,0.000019,0.000910,0.222908,0.000599,108,108,4,0,0,1,4,NotRequested,NotRequested,NotRequested,NotRequested,NotRequested,NotRequested,NotRequested,NotRequested,NotRequested,NotRequested
rand003,0.5,Strict,0,1.0e-03,0,TopologyUnresolved,Converged,TopologyUnresolved,1,2.1496379563436308,0.00062205303,5.608449,0.523487,5.083995,0.000018,0.001291,0.233999,0.001410,1120,1120,4,0,0,1,4,Invalid,Invalid,Invalid,Invalid,Invalid,TopologyUnresolved,TopologyUnresolved,TopologyUnresolved,TopologyUnresolved,TopologyUnresolved
rand003,0.5,Strict,0,1.0e-04,0,TopologyUnresolved,Converged,TopologyUnresolved,1,2.149635928111421,4.4918028e-05,5.280629,0.539715,4.738898,0.000044,0.001138,0.249078,0.000977,1120,1120,4,0,0,1,4,Invalid,Invalid,Invalid,Invalid,Invalid,TopologyUnresolved,TopologyUnresolved,TopologyUnresolved,TopologyUnresolved,TopologyUnresolved
rand003,0.5,Strict,1,1.0e-03,0,TopologyUnresolved,Converged,Converged,1,2.1595362723734843,0.00062754313,5.280491,0.439124,4.788516,0.000036,0.001825,0.251244,0.001795,1120,1120,4,0,0,1,4,Invalid,Invalid,Invalid,Invalid,Invalid,TopologyUnresolved,TopologyUnresolved,TopologyUnresolved,TopologyUnresolved,TopologyUnresolved
rand003,0.5,Strict,1,1.0e-04,0,TopologyUnresolved,Converged,Converged,1,2.1595342138197928,4.5379656e-05,5.299980,0.425349,4.872815,0.000028,0.000971,0.245265,0.000752,1120,1120,4,0,0,1,4,Invalid,Invalid,Invalid,Invalid,Invalid,TopologyUnresolved,TopologyUnresolved,TopologyUnresolved,TopologyUnresolved,TopologyUnresolved
rand003,0.5,ValueFirst,0,1.0e-03,0,Converged,Converged,BudgetExceeded,1,2.1496379563436308,0.00062205303,1.706594,0.530604,1.175138,0.000022,0.001346,0.252807,0.001785,300,300,4,0,0,1,4,ToleranceMet,ToleranceMet,FiniteUncertified,ToleranceMet,ToleranceMet,ToleranceMet,ToleranceMet,BudgetExceeded,ToleranceMet,ToleranceMet
rand003,0.5,ValueFirst,0,1.0e-04,0,Converged,Converged,Converged,1,2.149635928111421,4.4918028e-05,1.716145,0.530551,1.184330,0.000020,0.000979,0.243048,0.000750,308,308,4,0,0,1,4,ToleranceMet,ToleranceMet,ToleranceMet,ToleranceMet,ToleranceMet,ToleranceMet,ToleranceMet,ToleranceMet,ToleranceMet,ToleranceMet
rand003,0.5,ValueFirst,1,1.0e-03,0,Converged,Converged,BudgetExceeded,1,2.1595362723734843,0.00062754313,1.576347,0.417792,1.156807,0.000019,0.000969,0.239684,0.000775,300,300,4,0,0,1,4,ToleranceMet,ToleranceMet,FiniteUncertified,ToleranceMet,ToleranceMet,ToleranceMet,ToleranceMet,BudgetExceeded,ToleranceMet,ToleranceMet
rand003,0.5,ValueFirst,1,1.0e-04,0,Converged,Converged,Converged,1,2.1595342138197928,4.5379656e-05,1.597105,0.421130,1.174927,0.000020,0.000938,0.230791,0.000693,308,308,4,0,0,1,4,ToleranceMet,ToleranceMet,ToleranceMet,ToleranceMet,ToleranceMet,ToleranceMet,ToleranceMet,ToleranceMet,ToleranceMet,ToleranceMet
rand004,0.0,None,0,1.0e-03,0,Converged,Converged,Converged,1,1.3953116562280516,0.00045082113,1.194776,0.774919,0.419267,0.000019,0.001708,0.344466,0.002626,53,53,6,0,0,1,6,NotRequested,NotRequested,NotRequested,NotRequested,NotRequested,NotRequested,NotRequested,NotRequested,NotRequested,NotRequested
rand004,0.0,None,0,1.0e-04,0,Converged,Converged,Converged,1,1.3953116561956087,1.4291283e-05,1.155510,0.758602,0.395997,0.000018,0.000922,0.310516,0.000844,69,69,6,0,0,1,6,NotRequested,NotRequested,NotRequested,NotRequested,NotRequested,NotRequested,NotRequested,NotRequested,NotRequested,NotRequested
rand004,0.0,None,1,1.0e-03,0,Converged,Converged,Converged,1,1.3943854465720771,0.00044941844,0.701796,0.310149,0.390384,0.000026,0.000892,0.316666,0.000827,53,53,6,0,0,1,6,NotRequested,NotRequested,NotRequested,NotRequested,NotRequested,NotRequested,NotRequested,NotRequested,NotRequested,NotRequested
rand004,0.0,None,1,1.0e-04,0,Converged,Converged,Converged,1,1.3943854465396912,1.4281201e-05,0.729330,0.316488,0.411809,0.000019,0.000910,0.318889,0.000663,69,69,6,0,0,1,6,NotRequested,NotRequested,NotRequested,NotRequested,NotRequested,NotRequested,NotRequested,NotRequested,NotRequested,NotRequested
rand004,0.0,Strict,0,1.0e-03,0,Converged,Converged,Converged,1,1.3953116562280516,0.00045082113,14.282132,0.747652,13.533564,0.000019,0.001150,0.318122,0.001310,3143,3143,6,0,0,1,6,ToleranceMet,ToleranceMet,ToleranceMet,ToleranceMet,ToleranceMet,ToleranceMet,ToleranceMet,ToleranceMet,ToleranceMet,ToleranceMet
rand004,0.0,Strict,0,1.0e-04,0,Converged,Converged,Converged,1,1.3953116561956087,1.4291283e-05,10.911537,0.764085,10.127035,0.000034,0.001331,0.339306,0.001757,3143,3143,6,0,0,1,6,ToleranceMet,ToleranceMet,ToleranceMet,ToleranceMet,ToleranceMet,ToleranceMet,ToleranceMet,ToleranceMet,ToleranceMet,ToleranceMet
rand004,0.0,Strict,1,1.0e-03,0,EventLocationLimited,Converged,EventLocationLimited,1,1.3943854465720771,0.00044941844,15.024147,0.368383,14.582643,0.000034,0.002406,0.354744,0.002957,3270,3270,6,0,0,1,6,FiniteUncertified,FiniteUncertified,FiniteUncertified,FiniteUncertified,FiniteUncertified,EventLocationLimited,EventLocationLimited,EventLocationLimited,EventLocationLimited,EventLocationLimited
rand004,0.0,Strict,1,1.0e-04,0,EventLocationLimited,Converged,EventLocationLimited,1,1.3943854465396912,1.4281201e-05,14.778157,0.331786,14.425745,0.000038,0.001121,0.336633,0.001094,3270,3270,6,0,0,1,6,FiniteUncertified,FiniteUncertified,FiniteUncertified,FiniteUncertified,FiniteUncertified,EventLocationLimited,EventLocationLimited,EventLocationLimited,EventLocationLimited,EventLocationLimited
rand004,0.0,ValueFirst,0,1.0e-03,0,Converged,Converged,Converged,1,1.3953116562280516,0.00045082113,1.248581,0.761935,0.485413,0.000036,0.002141,0.334947,0.001727,93,93,6,0,0,1,6,ToleranceMet,ToleranceMet,ToleranceMet,ToleranceMet,ToleranceMet,ToleranceMet,ToleranceMet,ToleranceMet,ToleranceMet,ToleranceMet
rand004,0.0,ValueFirst,0,1.0e-04,0,Converged,Converged,Converged,1,1.3953116561956087,1.4291283e-05,1.279783,0.762626,0.515916,0.000025,0.001068,0.326979,0.000778,125,125,6,0,0,1,6,ToleranceMet,ToleranceMet,ToleranceMet,ToleranceMet,ToleranceMet,ToleranceMet,ToleranceMet,ToleranceMet,ToleranceMet,ToleranceMet
rand004,0.0,ValueFirst,1,1.0e-03,0,Converged,Converged,Converged,1,1.3943854465720771,0.00044941844,0.810965,0.312681,0.495428,0.000019,0.001040,0.326398,0.000754,93,93,6,0,0,1,6,ToleranceMet,ToleranceMet,ToleranceMet,ToleranceMet,ToleranceMet,ToleranceMet,ToleranceMet,ToleranceMet,ToleranceMet,ToleranceMet
rand004,0.0,ValueFirst,1,1.0e-04,0,Converged,Converged,Converged,1,1.3943854465396912,1.4281201e-05,0.872183,0.316166,0.554565,0.000018,0.000969,0.327638,0.000696,125,125,6,0,0,1,6,ToleranceMet,ToleranceMet,ToleranceMet,ToleranceMet,ToleranceMet,ToleranceMet,ToleranceMet,ToleranceMet,ToleranceMet,ToleranceMet
rand004,0.5,None,0,1.0e-03,0,Converged,Converged,Converged,1,1.3950903759541713,0.0011632166,1.150660,0.749541,0.400578,0.000018,0.001145,0.317523,0.001387,53,53,6,0,0,1,6,NotRequested,NotRequested,NotRequested,NotRequested,NotRequested,NotRequested,NotRequested,NotRequested,NotRequested,NotRequested
rand004,0.5,None,0,1.0e-04,0,Converged,Converged,Converged,1,1.3950903758156228,1.927881e-05,1.155320,0.747036,0.407302,0.000018,0.000961,0.308440,0.000715,69,69,6,0,0,1,6,NotRequested,NotRequested,NotRequested,NotRequested,NotRequested,NotRequested,NotRequested,NotRequested,NotRequested,NotRequested
rand004,0.5,None,1,1.0e-03,0,Converged,Converged,Converged,1,1.3941649257932651,0.0011602747,0.725232,0.311956,0.412097,0.000029,0.000917,0.325203,0.000762,53,53,6,0,0,1,6,NotRequested,NotRequested,NotRequested,NotRequested,NotRequested,NotRequested,NotRequested,NotRequested,NotRequested,NotRequested
rand004,0.5,None,1,1.0e-04,0,Converged,Converged,Converged,1,1.3941649256557933,1.9265219e-05,0.749793,0.311411,0.437370,0.000015,0.000903,0.328201,0.000677,69,69,6,0,0,1,6,NotRequested,NotRequested,NotRequested,NotRequested,NotRequested,NotRequested,NotRequested,NotRequested,NotRequested,NotRequested
rand004,0.5,Strict,0,1.0e-03,0,TopologyUnresolved,Converged,TopologyUnresolved,1,1.3950903759541713,0.0011632166,9.682797,0.745352,8.936589,0.000018,0.001189,0.314899,0.001381,2136,2136,6,0,0,1,6,Invalid,Invalid,Invalid,Invalid,Invalid,TopologyUnresolved,TopologyUnresolved,TopologyUnresolved,TopologyUnresolved,TopologyUnresolved
rand004,0.5,Strict,0,1.0e-04,0,TopologyUnresolved,Converged,TopologyUnresolved,1,1.3950903758156228,1.927881e-05,8.250967,0.765262,7.472763,0.000025,0.001143,0.339204,0.001261,2136,2136,6,0,0,1,6,Invalid,Invalid,Invalid,Invalid,Invalid,TopologyUnresolved,TopologyUnresolved,TopologyUnresolved,TopologyUnresolved,TopologyUnresolved
rand004,0.5,Strict,1,1.0e-03,0,TopologyUnresolved,Converged,TopologyUnresolved,1,1.3941649257932651,0.0011602747,10.025554,0.356765,9.593411,0.000040,0.001670,0.343615,0.001788,2263,2263,6,0,0,1,6,Invalid,Invalid,Invalid,Invalid,Invalid,TopologyUnresolved,TopologyUnresolved,TopologyUnresolved,TopologyUnresolved,TopologyUnresolved
rand004,0.5,Strict,1,1.0e-04,0,TopologyUnresolved,Converged,TopologyUnresolved,1,1.3941649256557933,1.9265219e-05,9.945248,0.328737,9.601607,0.000019,0.001080,0.336099,0.000821,2263,2263,6,0,0,1,6,Invalid,Invalid,Invalid,Invalid,Invalid,TopologyUnresolved,TopologyUnresolved,TopologyUnresolved,TopologyUnresolved,TopologyUnresolved
rand004,0.5,ValueFirst,0,1.0e-03,0,Converged,Converged,Converged,1,1.3950903759541713,0.0011632166,1.302656,0.758942,0.542837,0.000019,0.001495,0.333583,0.001423,93,93,6,0,0,1,6,ToleranceMet,ToleranceMet,ToleranceMet,ToleranceMet,ToleranceMet,ToleranceMet,ToleranceMet,ToleranceMet,ToleranceMet,ToleranceMet
rand004,0.5,ValueFirst,0,1.0e-04,0,Converged,Converged,Converged,1,1.3950903758156228,1.927881e-05,1.338921,0.754089,0.583702,0.000017,0.000943,0.316716,0.000732,125,125,6,0,0,1,6,ToleranceMet,ToleranceMet,ToleranceMet,ToleranceMet,ToleranceMet,ToleranceMet,ToleranceMet,ToleranceMet,ToleranceMet,ToleranceMet
rand004,0.5,ValueFirst,1,1.0e-03,0,Converged,Converged,Converged,1,1.3941649257932651,0.0011602747,0.879831,0.313797,0.563233,0.000018,0.000986,0.332878,0.000803,93,93,6,0,0,1,6,ToleranceMet,ToleranceMet,ToleranceMet,ToleranceMet,ToleranceMet,ToleranceMet,ToleranceMet,ToleranceMet,ToleranceMet,ToleranceMet
rand004,0.5,ValueFirst,1,1.0e-04,0,Converged,Converged,Converged,1,1.3941649256557933,1.9265219e-05,0.928602,0.312764,0.614428,0.000018,0.000878,0.310271,0.000659,125,125,6,0,0,1,6,ToleranceMet,ToleranceMet,ToleranceMet,ToleranceMet,ToleranceMet,ToleranceMet,ToleranceMet,ToleranceMet,ToleranceMet,ToleranceMet
rand005,0.0,None,0,1.0e-03,0,Converged,Converged,Converged,1,1.4689930145548247,0.00079979412,0.964586,0.629378,0.334637,0.000019,0.001244,0.265714,0.001398,46,46,4,0,0,1,4,NotRequested,NotRequested,NotRequested,NotRequested,NotRequested,NotRequested,NotRequested,NotRequested,NotRequested,NotRequested
rand005,0.0,None,0,1.0e-04,0,Converged,Converged,Converged,1,1.4689930146031809,4.8967003e-08,0.961569,0.624181,0.336577,0.000018,0.001005,0.254555,0.000479,62,62,4,0,0,1,4,NotRequested,NotRequested,NotRequested,NotRequested,NotRequested,NotRequested,NotRequested,NotRequested,NotRequested,NotRequested
rand005,0.0,None,1,1.0e-03,0,Converged,Converged,Converged,1,1.4709535598806218,0.0008044317,0.846727,0.515350,0.329709,0.000019,0.001899,0.259319,0.000508,46,46,4,0,0,1,4,NotRequested,NotRequested,NotRequested,NotRequested,NotRequested,NotRequested,NotRequested,NotRequested,NotRequested,NotRequested
rand005,0.0,None,1,1.0e-04,0,Converged,Converged,Converged,1,1.4709535599308219,4.9163969e-08,0.827619,0.506114,0.320557,0.000019,0.000716,0.241580,0.000409,62,62,4,0,0,1,4,NotRequested,NotRequested,NotRequested,NotRequested,NotRequested,NotRequested,NotRequested,NotRequested,NotRequested,NotRequested
rand005,0.0,Strict,0,1.0e-03,0,Converged,Converged,Converged,1,1.4689930145548247,0.00079979412,13.967695,0.623786,13.343099,0.000019,0.000957,0.243771,0.000820,3112,3112,4,0,0,1,4,ToleranceMet,ToleranceMet,ToleranceMet,ToleranceMet,ToleranceMet,ToleranceMet,ToleranceMet,ToleranceMet,ToleranceMet,ToleranceMet
rand005,0.0,Strict,0,1.0e-04,0,Converged,Converged,Converged,1,1.4689930146031809,4.8967003e-08,10.863224,0.646128,10.197993,0.000035,0.001163,0.263234,0.000762,3112,3112,4,0,0,1,4,ToleranceMet,ToleranceMet,ToleranceMet,ToleranceMet,ToleranceMet,ToleranceMet,ToleranceMet,ToleranceMet,ToleranceMet,ToleranceMet
rand005,0.0,Strict,1,1.0e-03,0,Converged,Converged,Converged,1,1.4709535598806218,0.0008044317,12.690540,0.535263,12.044692,0.000097,0.001609,0.276667,0.001089,3112,3112,4,0,0,1,4,ToleranceMet,ToleranceMet,ToleranceMet,ToleranceMet,ToleranceMet,ToleranceMet,ToleranceMet,ToleranceMet,ToleranceMet,ToleranceMet
rand005,0.0,Strict,1,1.0e-04,0,Converged,Converged,Converged,1,1.4709535599308219,4.9163969e-08,12.863223,0.535397,12.306205,0.000019,0.000886,0.272154,0.000629,3112,3112,4,0,0,1,4,ToleranceMet,ToleranceMet,ToleranceMet,ToleranceMet,ToleranceMet,ToleranceMet,ToleranceMet,ToleranceMet,ToleranceMet,ToleranceMet
rand005,0.0,ValueFirst,0,1.0e-03,0,Converged,Converged,BudgetExceeded,1,1.4689930145548247,0.00079979412,1.253292,0.671483,0.580737,0.000037,0.001437,0.285073,0.001583,158,158,4,0,0,1,4,FiniteUncertified,FiniteUncertified,FiniteUncertified,FiniteUncertified,FiniteUncertified,BudgetExceeded,BudgetExceeded,BudgetExceeded,BudgetExceeded,BudgetExceeded
rand005,0.0,ValueFirst,0,1.0e-04,0,Converged,Converged,BudgetExceeded,1,1.4689930146031809,4.8967003e-08,1.591006,0.657885,0.931241,0.000029,0.000967,0.271898,0.000552,286,286,4,0,0,1,4,ToleranceMet,ToleranceMet,ToleranceMet,FiniteUncertified,ToleranceMet,ToleranceMet,ToleranceMet,ToleranceMet,BudgetExceeded,ToleranceMet
rand005,0.0,ValueFirst,1,1.0e-03,0,Converged,Converged,Converged,1,1.4709535598806218,0.0008044317,1.062857,0.512399,0.547633,0.000028,0.000833,0.257160,0.000488,158,158,4,0,0,1,4,ToleranceMet,ToleranceMet,ToleranceMet,ToleranceMet,ToleranceMet,ToleranceMet,ToleranceMet,ToleranceMet,ToleranceMet,ToleranceMet
rand005,0.0,ValueFirst,1,1.0e-04,0,Converged,Converged,BudgetExceeded,1,1.4709535599308219,4.9163969e-08,1.431528,0.508787,0.920348,0.000019,0.000785,0.274709,0.000518,286,286,4,0,0,1,4,FiniteUncertified,FiniteUncertified,FiniteUncertified,FiniteUncertified,FiniteUncertified,BudgetExceeded,BudgetExceeded,BudgetExceeded,BudgetExceeded,BudgetExceeded
rand005,0.5,None,0,1.0e-03,0,Converged,Converged,Converged,1,1.4682484776243063,1.6349485e-07,1.000360,0.642332,0.357526,0.000018,0.001072,0.255183,0.000765,62,62,4,0,0,1,4,NotRequested,NotRequested,NotRequested,NotRequested,NotRequested,NotRequested,NotRequested,NotRequested,NotRequested,NotRequested
rand005,0.5,None,0,1.0e-04,0,Converged,Converged,Converged,1,1.4682484776243063,1.6349485e-07,0.972020,0.631555,0.339493,0.000019,0.000758,0.246082,0.000469,62,62,4,0,0,1,4,NotRequested,NotRequested,NotRequested,NotRequested,NotRequested,NotRequested,NotRequested,NotRequested,NotRequested,NotRequested
rand005,0.5,None,1,1.0e-03,0,Converged,Converged,Converged,1,1.4702042894106411,1.6454874e-07,0.910194,0.546398,0.361829,0.000018,0.000858,0.256276,0.000458,62,62,4,0,0,1,4,NotRequested,NotRequested,NotRequested,NotRequested,NotRequested,NotRequested,NotRequested,NotRequested,NotRequested,NotRequested
rand005,0.5,None,1,1.0e-04,0,Converged,Converged,Converged,1,1.4702042894106411,1.6454874e-07,0.889066,0.516636,0.371459,0.000019,0.000747,0.270702,0.000483,62,62,4,0,0,1,4,NotRequested,NotRequested,NotRequested,NotRequested,NotRequested,NotRequested,NotRequested,NotRequested,NotRequested,NotRequested
rand005,0.5,Strict,0,1.0e-03,0,TopologyUnresolved,Converged,TopologyUnresolved,1,1.4682484776243063,1.6349485e-07,12.567557,0.628853,11.937836,0.000018,0.001009,0.246493,0.000749,2653,2653,4,0,0,1,4,Invalid,Invalid,Invalid,Invalid,Invalid,TopologyUnresolved,TopologyUnresolved,TopologyUnresolved,TopologyUnresolved,TopologyUnresolved
rand005,0.5,Strict,0,1.0e-04,0,TopologyUnresolved,Converged,TopologyUnresolved,1,1.4682484776243063,1.6349485e-07,10.143018,0.647744,9.478037,0.000025,0.001371,0.267655,0.000701,2653,2653,4,0,0,1,4,Invalid,Invalid,Invalid,Invalid,Invalid,TopologyUnresolved,TopologyUnresolved,TopologyUnresolved,TopologyUnresolved,TopologyUnresolved
rand005,0.5,Strict,1,1.0e-03,0,TopologyUnresolved,Converged,TopologyUnresolved,1,1.4702042894106411,1.6454874e-07,10.671031,0.555091,10.043756,0.000098,0.002054,0.275863,0.001637,2653,2653,4,0,0,1,4,Invalid,Invalid,Invalid,Invalid,Invalid,TopologyUnresolved,TopologyUnresolved,TopologyUnresolved,TopologyUnresolved,TopologyUnresolved
rand005,0.5,Strict,1,1.0e-04,0,TopologyUnresolved,Converged,TopologyUnresolved,1,1.4702042894106411,1.6454874e-07,10.521776,0.519793,9.985140,0.000035,0.000925,0.267119,0.000629,2653,2653,4,0,0,1,4,Invalid,Invalid,Invalid,Invalid,Invalid,TopologyUnresolved,TopologyUnresolved,TopologyUnresolved,TopologyUnresolved,TopologyUnresolved
rand005,0.5,ValueFirst,0,1.0e-03,0,Converged,Converged,Converged,1,1.4682484776243063,1.6349485e-07,1.752858,0.640516,1.111414,0.000018,0.001508,0.269431,0.001154,286,286,4,0,0,1,4,ToleranceMet,ToleranceMet,ToleranceMet,ToleranceMet,ToleranceMet,ToleranceMet,ToleranceMet,ToleranceMet,ToleranceMet,ToleranceMet
rand005,0.5,ValueFirst,0,1.0e-04,0,Converged,Converged,Converged,1,1.4682484776243063,1.6349485e-07,1.718614,0.634643,1.081425,0.000019,0.000898,0.257703,0.000462,286,286,4,0,0,1,4,ToleranceMet,ToleranceMet,ToleranceMet,ToleranceMet,ToleranceMet,ToleranceMet,ToleranceMet,ToleranceMet,ToleranceMet,ToleranceMet
rand005,0.5,ValueFirst,1,1.0e-03,0,Converged,Converged,Converged,1,1.4702042894106411,1.6454874e-07,1.613021,0.507301,1.102949,0.000019,0.000783,0.256080,0.000456,286,286,4,0,0,1,4,ToleranceMet,ToleranceMet,ToleranceMet,ToleranceMet,ToleranceMet,ToleranceMet,ToleranceMet,ToleranceMet,ToleranceMet,ToleranceMet
rand005,0.5,ValueFirst,1,1.0e-04,0,Converged,Converged,Converged,1,1.4702042894106411,1.6454874e-07,1.647717,0.510593,1.134745,0.000018,0.000776,0.258920,0.000454,286,286,4,0,0,1,4,ToleranceMet,ToleranceMet,ToleranceMet,ToleranceMet,ToleranceMet,ToleranceMet,ToleranceMet,ToleranceMet,ToleranceMet,ToleranceMet
rand006,0.0,None,0,1.0e-03,0,Converged,Converged,Converged,1,1.9709732048472273,0.00064261534,1.352420,0.875683,0.476189,0.000018,0.001590,0.346058,0.004076,67,67,6,0,0,1,6,NotRequested,NotRequested,NotRequested,NotRequested,NotRequested,NotRequested,NotRequested,NotRequested,NotRequested,NotRequested
rand006,0.0,None,0,1.0e-04,0,Converged,Converged,Converged,1,1.9709732047489885,0.00019395756,1.342248,0.867916,0.473375,0.000017,0.001131,0.339494,0.001181,75,75,6,0,0,1,6,NotRequested,NotRequested,NotRequested,NotRequested,NotRequested,NotRequested,NotRequested,NotRequested,NotRequested,NotRequested
rand006,0.0,None,1,1.0e-03,0,Converged,Converged,Converged,1,1.9650982714582919,0.00063968805,0.785177,0.311295,0.472661,0.000020,0.001113,0.352307,0.001112,67,67,6,0,0,1,6,NotRequested,NotRequested,NotRequested,NotRequested,NotRequested,NotRequested,NotRequested,NotRequested,NotRequested,NotRequested
rand006,0.0,None,1,1.0e-04,0,Converged,Converged,Converged,1,1.9650982713602423,0.00019309243,0.790356,0.315202,0.474207,0.000019,0.001017,0.339867,0.000976,75,75,6,0,0,1,6,NotRequested,NotRequested,NotRequested,NotRequested,NotRequested,NotRequested,NotRequested,NotRequested,NotRequested,NotRequested
rand006,0.0,Strict,0,1.0e-03,0,EventLocationLimited,Converged,EventLocationLimited,1,1.9709732048472273,0.00064261534,14.866943,0.869188,13.996881,0.000019,0.001328,0.334320,0.001790,3205,3205,6,0,0,1,6,FiniteUncertified,FiniteUncertified,FiniteUncertified,FiniteUncertified,FiniteUncertified,EventLocationLimited,EventLocationLimited,EventLocationLimited,EventLocationLimited,EventLocationLimited
rand006,0.0,Strict,0,1.0e-04,0,EventLocationLimited,Converged,EventLocationLimited,1,1.9709732047489885,0.00019395756,11.544888,0.891814,10.631602,0.000024,0.001419,0.357822,0.001652,3205,3205,6,0,0,1,6,FiniteUncertified,FiniteUncertified,FiniteUncertified,FiniteUncertified,FiniteUncertified,EventLocationLimited,EventLocationLimited,EventLocationLimited,EventLocationLimited,EventLocationLimited
rand006,0.0,Strict,1,1.0e-03,0,Converged,Converged,Converged,1,1.9650982714582919,0.00063968805,13.280292,0.365617,12.819956,0.000210,0.002409,0.387744,0.003005,3205,3205,6,0,0,1,6,ToleranceMet,ToleranceMet,ToleranceMet,ToleranceMet,ToleranceMet,ToleranceMet,ToleranceMet,ToleranceMet,ToleranceMet,ToleranceMet
rand006,0.0,Strict,1,1.0e-04,0,Converged,Converged,Converged,1,1.9650982713602423,0.00019309243,13.136237,0.329610,12.785332,0.000027,0.001311,0.364537,0.001490,3205,3205,6,0,0,1,6,ToleranceMet,ToleranceMet,ToleranceMet,ToleranceMet,ToleranceMet,ToleranceMet,ToleranceMet,ToleranceMet,ToleranceMet,ToleranceMet
rand006,0.0,ValueFirst,0,1.0e-03,0,Converged,Converged,BudgetExceeded,1,1.9709732048472273,0.00064261534,1.469043,0.882514,0.585523,0.000029,0.001999,0.360032,0.002681,99,99,6,0,0,1,6,ToleranceMet,ToleranceMet,ToleranceMet,ToleranceMet,FiniteUncertified,ToleranceMet,ToleranceMet,ToleranceMet,ToleranceMet,BudgetExceeded
rand006,0.0,ValueFirst,0,1.0e-04,0,Converged,Converged,Converged,1,1.9709732047489885,0.00019395756,1.445951,0.874717,0.570078,0.000019,0.001229,0.342514,0.001050,107,107,6,0,0,1,6,ToleranceMet,ToleranceMet,ToleranceMet,ToleranceMet,ToleranceMet,ToleranceMet,ToleranceMet,ToleranceMet,ToleranceMet,ToleranceMet
rand006,0.0,ValueFirst,1,1.0e-03,0,Converged,Converged,BudgetExceeded,1,1.9650982714582919,0.00063968805,0.890203,0.314605,0.572719,0.000036,0.001121,0.360936,0.001095,99,99,6,0,0,1,6,ToleranceMet,ToleranceMet,ToleranceMet,ToleranceMet,FiniteUncertified,ToleranceMet,ToleranceMet,ToleranceMet,ToleranceMet,BudgetExceeded
rand006,0.0,ValueFirst,1,1.0e-04,0,Converged,Converged,Converged,1,1.9650982713602423,0.00019309243,0.885110,0.313216,0.570742,0.000019,0.000993,0.348190,0.000976,107,107,6,0,0,1,6,ToleranceMet,ToleranceMet,ToleranceMet,ToleranceMet,ToleranceMet,ToleranceMet,ToleranceMet,ToleranceMet,ToleranceMet,ToleranceMet
rand006,0.5,None,0,1.0e-03,0,Converged,Converged,Converged,1,1.9681076866129232,0.00076523394,1.360313,0.866675,0.493032,0.000018,0.001405,0.336600,0.001823,67,67,6,0,0,1,6,NotRequested,NotRequested,NotRequested,NotRequested,NotRequested,NotRequested,NotRequested,NotRequested,NotRequested,NotRequested
rand006,0.5,None,0,1.0e-04,0,Converged,Converged,Converged,1,1.9681076854664519,0.00017465709,1.375023,0.865945,0.508064,0.000019,0.001081,0.336725,0.000968,75,75,6,0,0,1,6,NotRequested,NotRequested,NotRequested,NotRequested,NotRequested,NotRequested,NotRequested,NotRequested,NotRequested,NotRequested
rand006,0.5,None,1,1.0e-03,0,Converged,Converged,Converged,1,1.9622642010241105,0.00075973572,0.830948,0.324767,0.504913,0.000018,0.001055,0.357141,0.000998,67,67,6,0,0,1,6,NotRequested,NotRequested,NotRequested,NotRequested,NotRequested,NotRequested,NotRequested,NotRequested,NotRequested,NotRequested
rand006,0.5,None,1,1.0e-04,0,Converged,Converged,Converged,1,1.9622641998935615,0.00017396444,0.822221,0.317304,0.503996,0.000017,0.001045,0.341988,0.000904,75,75,6,0,0,1,6,NotRequested,NotRequested,NotRequested,NotRequested,NotRequested,NotRequested,NotRequested,NotRequested,NotRequested,NotRequested
rand006,0.5,Strict,0,1.0e-03,0,TopologyUnresolved,Converged,TopologyUnresolved,1,1.9681076866129232,0.00076523394,10.441484,0.868769,9.571786,0.000018,0.001348,0.344163,0.001727,2214,2214,6,0,0,1,6,Invalid,Invalid,Invalid,Invalid,Invalid,TopologyUnresolved,TopologyUnresolved,TopologyUnresolved,TopologyUnresolved,TopologyUnresolved
rand006,0.5,Strict,0,1.0e-04,0,TopologyUnresolved,Converged,TopologyUnresolved,1,1.9681076854664519,0.00017465709,8.722970,0.891664,7.816053,0.000028,0.001337,0.349896,0.001546,2214,2214,6,0,0,1,6,Invalid,Invalid,Invalid,Invalid,Invalid,TopologyUnresolved,TopologyUnresolved,TopologyUnresolved,TopologyUnresolved,TopologyUnresolved
rand006,0.5,Strict,1,1.0e-03,0,TopologyUnresolved,Converged,TopologyUnresolved,1,1.9622642010241105,0.00075973572,8.921173,0.367531,8.455246,0.000061,0.002282,0.378992,0.003093,2182,2182,6,0,0,1,6,Invalid,Invalid,Invalid,Invalid,Invalid,TopologyUnresolved,TopologyUnresolved,TopologyUnresolved,TopologyUnresolved,TopologyUnresolved
rand006,0.5,Strict,1,1.0e-04,0,TopologyUnresolved,Converged,TopologyUnresolved,1,1.9622641998935615,0.00017396444,8.778405,0.322775,8.441237,0.000036,0.001086,0.363976,0.001383,2182,2182,6,0,0,1,6,Invalid,Invalid,Invalid,Invalid,Invalid,TopologyUnresolved,TopologyUnresolved,TopologyUnresolved,TopologyUnresolved,TopologyUnresolved
rand006,0.5,ValueFirst,0,1.0e-03,0,Converged,Converged,BudgetExceeded,1,1.9681076866129232,0.00076523394,1.545296,0.878204,0.665703,0.000019,0.001679,0.360033,0.002346,99,99,6,0,0,1,6,ToleranceMet,ToleranceMet,ToleranceMet,ToleranceMet,FiniteUncertified,ToleranceMet,ToleranceMet,ToleranceMet,ToleranceMet,BudgetExceeded
rand006,0.5,ValueFirst,0,1.0e-04,0,Converged,Converged,Converged,1,1.9681076854664519,0.00017465709,1.531856,0.871805,0.658892,0.000019,0.001117,0.338754,0.001098,107,107,6,0,0,1,6,ToleranceMet,ToleranceMet,ToleranceMet,ToleranceMet,ToleranceMet,ToleranceMet,ToleranceMet,ToleranceMet,ToleranceMet,ToleranceMet
rand006,0.5,ValueFirst,1,1.0e-03,0,Converged,Converged,BudgetExceeded,1,1.9622642010241105,0.00075973572,0.977237,0.315714,0.658681,0.000019,0.001024,0.358911,0.001038,99,99,6,0,0,1,6,ToleranceMet,ToleranceMet,ToleranceMet,ToleranceMet,FiniteUncertified,ToleranceMet,ToleranceMet,ToleranceMet,ToleranceMet,BudgetExceeded
rand006,0.5,ValueFirst,1,1.0e-04,0,Converged,Converged,Converged,1,1.9622641998935615,0.00017396444,0.986671,0.314479,0.671068,0.000017,0.001021,0.349898,0.000966,107,107,6,0,0,1,6,ToleranceMet,ToleranceMet,ToleranceMet,ToleranceMet,ToleranceMet,ToleranceMet,ToleranceMet,ToleranceMet,ToleranceMet,ToleranceMet
rand007,0.0,None,0,1.0e-03,0,Converged,Converged,Converged,1,3.2108521264239895,0.0012449266,1.015638,0.639744,0.375256,0.000019,0.010688,0.297752,0.001961,46,46,4,0,0,1,4,NotRequested,NotRequested,NotRequested,NotRequested,NotRequested,NotRequested,NotRequested,NotRequested,NotRequested,NotRequested
rand007,0.0,None,0,1.0e-04,0,Converged,Converged,Converged,1,3.210852126431635,6.226958e-10,1.012535,0.635702,0.375895,0.000018,0.008578,0.285473,0.000573,62,62,4,0,0,1,4,NotRequested,NotRequested,NotRequested,NotRequested,NotRequested,NotRequested,NotRequested,NotRequested,NotRequested,NotRequested
rand007,0.0,None,1,1.0e-03,0,Converged,Converged,Converged,1,3.2107828186218392,0.0012448876,0.987925,0.529727,0.456982,0.000020,0.008267,0.287619,0.000470,46,46,4,0,0,1,4,NotRequested,NotRequested,NotRequested,NotRequested,NotRequested,NotRequested,NotRequested,NotRequested,NotRequested,NotRequested
rand007,0.0,None,1,1.0e-04,0,Converged,Converged,Converged,1,3.2107828186294229,6.2255634e-10,4.107783,3.572469,0.534276,0.000018,0.010825,0.307196,0.000550,62,62,4,0,0,1,4,NotRequested,NotRequested,NotRequested,NotRequested,NotRequested,NotRequested,NotRequested,NotRequested,NotRequested,NotRequested
rand007,0.0,Strict,0,1.0e-03,0,EventLocationLimited,Converged,EventLocationLimited,1,3.2108521264239895,0.0012449266,1.052292,0.644464,0.407180,0.000019,0.008833,0.289489,0.000953,62,62,4,0,0,1,4,FiniteUncertified,FiniteUncertified,FiniteUncertified,FiniteUncertified,ToleranceMet,EventLocationLimited,EventLocationLimited,EventLocationLimited,EventLocationLimited,ToleranceMet
rand007,0.0,Strict,0,1.0e-04,0,EventLocationLimited,Converged,EventLocationLimited,1,3.210852126431635,6.226958e-10,1.017849,0.633640,0.383212,0.000019,0.008158,0.280299,0.000468,62,62,4,0,0,1,4,FiniteUncertified,FiniteUncertified,FiniteUncertified,FiniteUncertified,ToleranceMet,EventLocationLimited,EventLocationLimited,EventLocationLimited,EventLocationLimited,ToleranceMet
rand007,0.0,Strict,1,1.0e-03,0,EventLocationLimited,Converged,EventLocationLimited,1,3.2107828186218392,0.0012448876,1.201956,0.569534,0.549596,0.000040,0.015027,0.313092,0.001437,62,62,4,0,0,1,4,FiniteUncertified,FiniteUncertified,FiniteUncertified,FiniteUncertified,ToleranceMet,EventLocationLimited,EventLocationLimited,EventLocationLimited,EventLocationLimited,ToleranceMet
rand007,0.0,Strict,1,1.0e-04,0,EventLocationLimited,Converged,EventLocationLimited,1,3.2107828186294229,6.2255634e-10,4.113281,3.566865,0.545266,0.000019,0.010827,0.305144,0.000531,62,62,4,0,0,1,4,FiniteUncertified,FiniteUncertified,FiniteUncertified,FiniteUncertified,ToleranceMet,EventLocationLimited,EventLocationLimited,EventLocationLimited,EventLocationLimited,ToleranceMet
rand007,0.0,ValueFirst,0,1.0e-03,0,Converged,Converged,EventLocationLimited,1,3.2108521264239895,0.0012449266,1.038213,0.642769,0.394082,0.000020,0.008838,0.283328,0.000897,62,62,4,0,0,1,4,FiniteUncertified,FiniteUncertified,FiniteUncertified,FiniteUncertified,ToleranceMet,EventLocationLimited,EventLocationLimited,EventLocationLimited,EventLocationLimited,ToleranceMet
rand007,0.0,ValueFirst,0,1.0e-04,0,Converged,Converged,EventLocationLimited,1,3.210852126431635,6.226958e-10,1.012142,0.632929,0.378265,0.000019,0.007827,0.277640,0.000443,62,62,4,0,0,1,4,FiniteUncertified,FiniteUncertified,FiniteUncertified,FiniteUncertified,ToleranceMet,EventLocationLimited,EventLocationLimited,EventLocationLimited,EventLocationLimited,ToleranceMet
rand007,0.0,ValueFirst,1,1.0e-03,0,Converged,Converged,EventLocationLimited,1,3.2107828186218392,0.0012448876,1.060631,0.530784,0.527164,0.000018,0.008120,0.305306,0.000464,62,62,4,0,0,1,4,FiniteUncertified,FiniteUncertified,FiniteUncertified,FiniteUncertified,ToleranceMet,EventLocationLimited,EventLocationLimited,EventLocationLimited,EventLocationLimited,ToleranceMet
rand007,0.0,ValueFirst,1,1.0e-04,0,Converged,Converged,EventLocationLimited,1,3.2107828186294229,6.2255634e-10,4.070105,3.490896,0.578205,0.000026,0.010855,0.304544,0.000513,62,62,4,0,0,1,4,FiniteUncertified,FiniteUncertified,FiniteUncertified,FiniteUncertified,ToleranceMet,EventLocationLimited,EventLocationLimited,EventLocationLimited,EventLocationLimited,ToleranceMet
rand007,0.5,None,0,1.0e-03,0,Converged,Converged,Converged,1,3.2108518017433307,3.8515963e-08,1.051560,0.648678,0.402282,0.000019,0.009811,0.288561,0.000963,62,62,4,0,0,1,4,NotRequested,NotRequested,NotRequested,NotRequested,NotRequested,NotRequested,NotRequested,NotRequested,NotRequested,NotRequested
rand007,0.5,None,0,1.0e-04,0,Converged,Converged,Converged,1,3.2108518017433307,3.8515963e-08,1.011197,0.635793,0.374454,0.000018,0.007825,0.274536,0.000486,62,62,4,0,0,1,4,NotRequested,NotRequested,NotRequested,NotRequested,NotRequested,NotRequested,NotRequested,NotRequested,NotRequested,NotRequested
rand007,0.5,None,1,1.0e-03,0,Converged,Converged,Converged,1,3.2107824939633209,3.8514987e-08,1.047091,0.527324,0.518708,0.000016,0.008085,0.298548,0.000468,62,62,4,0,0,1,4,NotRequested,NotRequested,NotRequested,NotRequested,NotRequested,NotRequested,NotRequested,NotRequested,NotRequested,NotRequested
rand007,0.5,None,1,1.0e-04,0,Converged,Converged,Converged,1,3.2107824939633209,3.8514987e-08,4.113383,3.556416,0.555901,0.000022,0.011150,0.305766,0.000502,62,62,4,0,0,1,4,NotRequested,NotRequested,NotRequested,NotRequested,NotRequested,NotRequested,NotRequested,NotRequested,NotRequested,NotRequested
rand007,0.5,Strict,0,1.0e-03,0,EventLocationLimited,Converged,EventLocationLimited,1,3.2108518017433307,3.8515963e-08,1.088725,0.648294,0.439865,0.000019,0.008737,0.283990,0.001076,62,62,4,0,0,1,4,FiniteUncertified,FiniteUncertified,FiniteUncertified,FiniteUncertified,ToleranceMet,EventLocationLimited,EventLocationLimited,EventLocationLimited,EventLocationLimited,ToleranceMet
rand007,0.5,Strict,0,1.0e-04,0,EventLocationLimited,Converged,EventLocationLimited,1,3.2108518017433307,3.8515963e-08,1.054937,0.636626,0.417287,0.000019,0.007800,0.274139,0.000424,62,62,4,0,0,1,4,FiniteUncertified,FiniteUncertified,FiniteUncertified,FiniteUncertified,ToleranceMet,EventLocationLimited,EventLocationLimited,EventLocationLimited,EventLocationLimited,ToleranceMet
rand007,0.5,Strict,1,1.0e-03,0,EventLocationLimited,Converged,EventLocationLimited,1,3.2107824939633209,3.8514987e-08,1.288045,0.592677,0.611694,0.000104,0.015431,0.325407,0.002037,62,62,4,0,0,1,4,FiniteUncertified,FiniteUncertified,FiniteUncertified,FiniteUncertified,ToleranceMet,EventLocationLimited,EventLocationLimited,EventLocationLimited,EventLocationLimited,ToleranceMet
rand007,0.5,Strict,1,1.0e-04,0,EventLocationLimited,Converged,EventLocationLimited,1,3.2107824939633209,3.8514987e-08,4.151269,3.563884,0.586279,0.000019,0.010677,0.307718,0.000490,62,62,4,0,0,1,4,FiniteUncertified,FiniteUncertified,FiniteUncertified,FiniteUncertified,ToleranceMet,EventLocationLimited,EventLocationLimited,EventLocationLimited,EventLocationLimited,ToleranceMet
rand007,0.5,ValueFirst,0,1.0e-03,0,Converged,Converged,EventLocationLimited,1,3.2108518017433307,3.8515963e-08,1.082921,0.645835,0.435818,0.000026,0.008886,0.284857,0.000926,62,62,4,0,0,1,4,FiniteUncertified,FiniteUncertified,FiniteUncertified,FiniteUncertified,ToleranceMet,EventLocationLimited,EventLocationLimited,EventLocationLimited,EventLocationLimited,ToleranceMet
rand007,0.5,ValueFirst,0,1.0e-04,0,Converged,Converged,EventLocationLimited,1,3.2108518017433307,3.8515963e-08,1.073221,0.637355,0.434834,0.000018,0.008205,0.286465,0.000483,62,62,4,0,0,1,4,FiniteUncertified,FiniteUncertified,FiniteUncertified,FiniteUncertified,ToleranceMet,EventLocationLimited,EventLocationLimited,EventLocationLimited,EventLocationLimited,ToleranceMet
rand007,0.5,ValueFirst,1,1.0e-03,0,Converged,Converged,EventLocationLimited,1,3.2107824939633209,3.8514987e-08,1.100860,0.532951,0.566113,0.000016,0.008165,0.301346,0.000462,62,62,4,0,0,1,4,FiniteUncertified,FiniteUncertified,FiniteUncertified,FiniteUncertified,ToleranceMet,EventLocationLimited,EventLocationLimited,EventLocationLimited,EventLocationLimited,ToleranceMet
rand007,0.5,ValueFirst,1,1.0e-04,0,Converged,Converged,EventLocationLimited,1,3.2107824939633209,3.8514987e-08,4.143581,3.504633,0.637978,0.000020,0.010704,0.304742,0.000467,62,62,4,0,0,1,4,FiniteUncertified,FiniteUncertified,FiniteUncertified,FiniteUncertified,ToleranceMet,EventLocationLimited,EventLocationLimited,EventLocationLimited,EventLocationLimited,ToleranceMet
rand008,0.0,None,0,1.0e-03,0,Converged,Converged,Converged,1,1.2029724641437101,0.00011426507,1.075967,0.607163,0.468165,0.000026,0.001488,0.383080,0.004505,53,53,6,0,0,1,6,NotRequested,NotRequested,NotRequested,NotRequested,NotRequested,NotRequested,NotRequested,NotRequested,NotRequested,NotRequested
rand008,0.0,None,0,1.0e-04,0,Converged,Converged,Converged,1,1.2029724641437101,0.00011426507,1.032251,0.594033,0.437248,0.000019,0.001063,0.361913,0.000797,53,53,6,0,0,1,6,NotRequested,NotRequested,NotRequested,NotRequested,NotRequested,NotRequested,NotRequested,NotRequested,NotRequested,NotRequested
rand008,0.0,None,1,1.0e-03,0,Converged,Converged,Converged,1,1.2029768818597908,0.00011426756,0.835193,0.257620,0.576401,0.000020,0.000982,0.425331,0.000760,53,53,6,0,0,1,6,NotRequested,NotRequested,NotRequested,NotRequested,NotRequested,NotRequested,NotRequested,NotRequested,NotRequested,NotRequested
rand008,0.0,None,1,1.0e-04,0,Converged,Converged,Converged,1,1.2029768818597908,0.00011426756,0.816468,0.254668,0.560830,0.000025,0.000982,0.411125,0.000743,53,53,6,0,0,1,6,NotRequested,NotRequested,NotRequested,NotRequested,NotRequested,NotRequested,NotRequested,NotRequested,NotRequested,NotRequested
rand008,0.0,Strict,0,1.0e-03,0,EventLocationLimited,Converged,EventLocationLimited,1,1.2029724641437101,0.00011426507,1.085381,0.589117,0.495631,0.000019,0.001228,0.360094,0.001468,77,77,6,0,0,1,6,FiniteUncertified,FiniteUncertified,FiniteUncertified,FiniteUncertified,FiniteUncertified,EventLocationLimited,EventLocationLimited,EventLocationLimited,EventLocationLimited,EventLocationLimited
rand008,0.0,Strict,0,1.0e-04,0,EventLocationLimited,Converged,EventLocationLimited,1,1.2029724641437101,0.00011426507,1.071217,0.589767,0.480382,0.000021,0.000971,0.357583,0.000695,77,77,6,0,0,1,6,FiniteUncertified,FiniteUncertified,FiniteUncertified,FiniteUncertified,FiniteUncertified,EventLocationLimited,EventLocationLimited,EventLocationLimited,EventLocationLimited,EventLocationLimited
rand008,0.0,Strict,1,1.0e-03,0,EventLocationLimited,Converged,EventLocationLimited,1,1.2029768818597908,0.00011426756,1.088035,0.304466,0.709268,0.000107,0.002015,0.464002,0.002413,77,77,6,0,0,1,6,FiniteUncertified,FiniteUncertified,FiniteUncertified,FiniteUncertified,FiniteUncertified,EventLocationLimited,EventLocationLimited,EventLocationLimited,EventLocationLimited,EventLocationLimited
rand008,0.0,Strict,1,1.0e-04,0,EventLocationLimited,Converged,EventLocationLimited,1,1.2029768818597908,0.00011426756,0.901576,0.263308,0.637055,0.000019,0.001027,0.412417,0.000737,77,77,6,0,0,1,6,FiniteUncertified,FiniteUncertified,FiniteUncertified,FiniteUncertified,FiniteUncertified,EventLocationLimited,EventLocationLimited,EventLocationLimited,EventLocationLimited,EventLocationLimited
rand008,0.0,ValueFirst,0,1.0e-03,0,Converged,Converged,EventLocationLimited,1,1.2029724641437101,0.00011426507,1.085234,0.597558,0.486315,0.000020,0.001505,0.356712,0.001447,77,77,6,0,0,1,6,FiniteUncertified,FiniteUncertified,FiniteUncertified,FiniteUncertified,FiniteUncertified,EventLocationLimited,EventLocationLimited,EventLocationLimited,EventLocationLimited,EventLocationLimited
rand008,0.0,ValueFirst,0,1.0e-04,0,Converged,Converged,EventLocationLimited,1,1.2029724641437101,0.00011426507,1.076599,0.593476,0.481959,0.000018,0.001052,0.359105,0.000712,77,77,6,0,0,1,6,FiniteUncertified,FiniteUncertified,FiniteUncertified,FiniteUncertified,FiniteUncertified,EventLocationLimited,EventLocationLimited,EventLocationLimited,EventLocationLimited,EventLocationLimited
rand008,0.0,ValueFirst,1,1.0e-03,0,Converged,Converged,EventLocationLimited,1,1.2029768818597908,0.00011426756,0.929308,0.258226,0.668343,0.000018,0.001062,0.436153,0.000735,77,77,6,0,0,1,6,FiniteUncertified,FiniteUncertified,FiniteUncertified,FiniteUncertified,FiniteUncertified,EventLocationLimited,EventLocationLimited,EventLocationLimited,EventLocationLimited,EventLocationLimited
rand008,0.0,ValueFirst,1,1.0e-04,0,Converged,Converged,EventLocationLimited,1,1.2029768818597908,0.00011426756,0.897208,0.259594,0.636546,0.000018,0.001035,0.413118,0.000671,77,77,6,0,0,1,6,FiniteUncertified,FiniteUncertified,FiniteUncertified,FiniteUncertified,FiniteUncertified,EventLocationLimited,EventLocationLimited,EventLocationLimited,EventLocationLimited,EventLocationLimited
rand008,0.5,None,0,1.0e-03,0,Converged,Converged,Converged,1,1.2029724528995207,0.00057051456,1.058863,0.592498,0.465712,0.000019,0.001299,0.360708,0.001373,53,53,6,0,0,1,6,NotRequested,NotRequested,NotRequested,NotRequested,NotRequested,NotRequested,NotRequested,NotRequested,NotRequested,NotRequested
rand008,0.5,None,0,1.0e-04,0,Converged,Converged,Converged,1,1.2029724529929686,4.1521822e-08,1.076624,0.593736,0.481890,0.000018,0.001096,0.357876,0.000768,69,69,6,0,0,1,6,NotRequested,NotRequested,NotRequested,NotRequested,NotRequested,NotRequested,NotRequested,NotRequested,NotRequested,NotRequested
rand008,0.5,None,1,1.0e-03,0,Converged,Converged,Converged,1,1.2029768706152597,0.00057052699,0.856117,0.252868,0.602078,0.000018,0.001142,0.430836,0.000758,53,53,6,0,0,1,6,NotRequested,NotRequested,NotRequested,NotRequested,NotRequested,NotRequested,NotRequested,NotRequested,NotRequested,NotRequested
rand008,0.5,None,1,1.0e-04,0,Converged,Converged,Converged,1,1.2029768707087205,4.1521518e-08,0.908017,0.256419,0.650515,0.000019,0.001063,0.428219,0.000663,69,69,6,0,0,1,6,NotRequested,NotRequested,NotRequested,NotRequested,NotRequested,NotRequested,NotRequested,NotRequested,NotRequested,NotRequested
rand008,0.5,Strict,0,1.0e-03,0,EventLocationLimited,Converged,EventLocationLimited,1,1.2029724528995207,0.00057051456,1.217063,0.587166,0.629260,0.000019,0.001324,0.353714,0.001440,93,93,6,0,0,1,6,FiniteUncertified,FiniteUncertified,FiniteUncertified,FiniteUncertified,FiniteUncertified,EventLocationLimited,EventLocationLimited,EventLocationLimited,EventLocationLimited,EventLocationLimited
rand008,0.5,Strict,0,1.0e-04,0,EventLocationLimited,Converged,EventLocationLimited,1,1.2029724529929686,4.1521822e-08,1.218562,0.592696,0.624650,0.000019,0.001129,0.365956,0.000754,93,93,6,0,0,1,6,FiniteUncertified,FiniteUncertified,FiniteUncertified,FiniteUncertified,FiniteUncertified,EventLocationLimited,EventLocationLimited,EventLocationLimited,EventLocationLimited,EventLocationLimited
rand008,0.5,Strict,1,1.0e-03,0,EventLocationLimited,Converged,EventLocationLimited,1,1.2029768706152597,0.00057052699,1.194401,0.286977,0.835694,0.000105,0.002338,0.459959,0.002437,93,93,6,0,0,1,6,FiniteUncertified,FiniteUncertified,FiniteUncertified,FiniteUncertified,FiniteUncertified,EventLocationLimited,EventLocationLimited,EventLocationLimited,EventLocationLimited,EventLocationLimited
rand008,0.5,Strict,1,1.0e-04,0,EventLocationLimited,Converged,EventLocationLimited,1,1.2029768707087205,4.1521518e-08,1.036723,0.257384,0.778010,0.000019,0.001005,0.418218,0.000665,93,93,6,0,0,1,6,FiniteUncertified,FiniteUncertified,FiniteUncertified,FiniteUncertified,FiniteUncertified,EventLocationLimited,EventLocationLimited,EventLocationLimited,EventLocationLimited,EventLocationLimited
rand008,0.5,ValueFirst,0,1.0e-03,0,Converged,Converged,BudgetExceeded,1,1.2029724528995207,0.00057051456,1.239871,0.598589,0.640153,0.000018,0.001944,0.368579,0.001441,93,93,6,0,0,1,6,FiniteUncertified,FiniteUncertified,FiniteUncertified,FiniteUncertified,FiniteUncertified,BudgetExceeded,BudgetExceeded,BudgetExceeded,BudgetExceeded,BudgetExceeded
rand008,0.5,ValueFirst,0,1.0e-04,0,Converged,Converged,EventLocationLimited,1,1.2029724529929686,4.1521822e-08,1.226845,0.592881,0.632634,0.000019,0.000979,0.372937,0.000727,93,93,6,0,0,1,6,FiniteUncertified,FiniteUncertified,FiniteUncertified,FiniteUncertified,FiniteUncertified,EventLocationLimited,EventLocationLimited,EventLocationLimited,EventLocationLimited,EventLocationLimited
rand008,0.5,ValueFirst,1,1.0e-03,0,Converged,Converged,BudgetExceeded,1,1.2029768706152597,0.00057052699,1.047127,0.255494,0.788987,0.000016,0.001067,0.425656,0.000768,93,93,6,0,0,1,6,FiniteUncertified,FiniteUncertified,FiniteUncertified,FiniteUncertified,FiniteUncertified,BudgetExceeded,BudgetExceeded,BudgetExceeded,BudgetExceeded,BudgetExceeded
rand008,0.5,ValueFirst,1,1.0e-04,0,Converged,Converged,EventLocationLimited,1,1.2029768707087205,4.1521518e-08,1.041979,0.259471,0.781276,0.000022,0.001031,0.424745,0.000732,93,93,6,0,0,1,6,FiniteUncertified,FiniteUncertified,FiniteUncertified,FiniteUncertified,FiniteUncertified,EventLocationLimited,EventLocationLimited,EventLocationLimited,EventLocationLimited,EventLocationLimited
rand009,0.0,None,0,1.0e-03,0,Converged,Converged,Converged,1,12.892230113278236,0.0067994715,1.087514,0.648686,0.438184,0.000018,0.001352,0.350871,0.001951,53,53,6,1,1,1,5,NotRequested,NotRequested,NotRequested,NotRequested,NotRequested,NotRequested,NotRequested,NotRequested,NotRequested,NotRequested
rand009,0.0,None,0,1.0e-04,0,Converged,Converged,Converged,1,12.892230113272376,2.2028101e-08,1.086476,0.647606,0.437901,0.000019,0.000982,0.334256,0.000743,69,69,6,1,1,1,5,NotRequested,NotRequested,NotRequested,NotRequested,NotRequested,NotRequested,NotRequested,NotRequested,NotRequested,NotRequested
rand009,0.0,None,1,1.0e-03,0,Converged,Converged,Converged,1,12.890028387166474,0.0067981728,1.001971,0.518656,0.482040,0.000019,0.001130,0.387281,0.000838,53,53,6,0,0,1,6,NotRequested,NotRequested,NotRequested,NotRequested,NotRequested,NotRequested,NotRequested,NotRequested,NotRequested,NotRequested
rand009,0.0,None,1,1.0e-04,0,Converged,Converged,Converged,1,12.890028387160749,2.20234e-08,1.026328,0.522122,0.503150,0.000017,0.001001,0.382517,0.000713,69,69,6,0,0,1,6,NotRequested,NotRequested,NotRequested,NotRequested,NotRequested,NotRequested,NotRequested,NotRequested,NotRequested,NotRequested
rand009,0.0,Strict,0,1.0e-03,0,EventLocationLimited,Converged,EventLocationLimited,1,12.892230113278236,0.0067994715,1.126295,0.644070,0.481592,0.000018,0.001259,0.335149,0.001584,77,77,6,1,1,1,5,ToleranceMet,ToleranceMet,FiniteUncertified,FiniteUncertified,FiniteUncertified,ToleranceMet,ToleranceMet,EventLocationLimited,EventLocationLimited,EventLocationLimited
rand009,0.0,Strict,0,1.0e-04,0,EventLocationLimited,Converged,EventLocationLimited,1,12.892230113272376,2.2028101e-08,1.099005,0.643533,0.454372,0.000026,0.001002,0.324439,0.000680,77,77,6,1,1,1,5,ToleranceMet,ToleranceMet,FiniteUncertified,FiniteUncertified,FiniteUncertified,ToleranceMet,ToleranceMet,EventLocationLimited,EventLocationLimited,EventLocationLimited
rand009,0.0,Strict,1,1.0e-03,0,EventLocationLimited,Converged,EventLocationLimited,1,12.890028387166474,0.0067981728,1.242886,0.560067,0.587083,0.000106,0.002294,0.421572,0.001968,77,77,6,0,0,1,6,ToleranceMet,ToleranceMet,FiniteUncertified,FiniteUncertified,FiniteUncertified,ToleranceMet,ToleranceMet,EventLocationLimited,EventLocationLimited,EventLocationLimited
rand009,0.0,Strict,1,1.0e-04,0,EventLocationLimited,Converged,EventLocationLimited,1,12.890028387160749,2.20234e-08,1.060748,0.524587,0.534979,0.000025,0.001105,0.380372,0.000740,77,77,6,0,0,1,6,ToleranceMet,ToleranceMet,FiniteUncertified,FiniteUncertified,FiniteUncertified,ToleranceMet,ToleranceMet,EventLocationLimited,EventLocationLimited,EventLocationLimited
rand009,0.0,ValueFirst,0,1.0e-03,0,Converged,Converged,EventLocationLimited,1,12.892230113278236,0.0067994715,1.119333,0.644538,0.473633,0.000018,0.001520,0.336867,0.001359,77,77,6,1,1,1,5,ToleranceMet,ToleranceMet,FiniteUncertified,FiniteUncertified,FiniteUncertified,ToleranceMet,ToleranceMet,EventLocationLimited,EventLocationLimited,EventLocationLimited
rand009,0.0,ValueFirst,0,1.0e-04,0,Converged,Converged,EventLocationLimited,1,12.892230113272376,2.2028101e-08,1.103018,0.641600,0.460261,0.000019,0.000991,0.332926,0.000731,77,77,6,1,1,1,5,ToleranceMet,ToleranceMet,FiniteUncertified,FiniteUncertified,FiniteUncertified,ToleranceMet,ToleranceMet,EventLocationLimited,EventLocationLimited,EventLocationLimited
rand009,0.0,ValueFirst,1,1.0e-03,0,Converged,Converged,EventLocationLimited,1,12.890028387166474,0.0067981728,1.073478,0.523811,0.546597,0.000016,0.001008,0.390532,0.000786,77,77,6,0,0,1,6,ToleranceMet,ToleranceMet,FiniteUncertified,FiniteUncertified,FiniteUncertified,ToleranceMet,ToleranceMet,EventLocationLimited,EventLocationLimited,EventLocationLimited
rand009,0.0,ValueFirst,1,1.0e-04,0,Converged,Converged,EventLocationLimited,1,12.890028387160749,2.20234e-08,1.099869,0.523348,0.575389,0.000018,0.001109,0.399115,0.000713,77,77,6,0,0,1,6,ToleranceMet,ToleranceMet,FiniteUncertified,FiniteUncertified,FiniteUncertified,ToleranceMet,ToleranceMet,EventLocationLimited,EventLocationLimited,EventLocationLimited
rand009,0.5,None,0,1.0e-03,0,Converged,Converged,Converged,1,12.89218482836403,2.5057333e-07,1.144821,0.670755,0.473409,0.000019,0.001246,0.331544,0.001458,69,69,6,1,1,1,5,NotRequested,NotRequested,NotRequested,NotRequested,NotRequested,NotRequested,NotRequested,NotRequested,NotRequested,NotRequested
rand009,0.5,None,0,1.0e-04,0,Converged,Converged,Converged,1,12.89218482836403,2.5057333e-07,1.100625,0.641526,0.458062,0.000025,0.000966,0.332481,0.000681,69,69,6,1,1,1,5,NotRequested,NotRequested,NotRequested,NotRequested,NotRequested,NotRequested,NotRequested,NotRequested,NotRequested,NotRequested
rand009,0.5,None,1,1.0e-03,0,Converged,Converged,Converged,1,12.889983125600386,2.5050817e-07,1.048042,0.518984,0.527978,0.000019,0.001036,0.381997,0.000743,69,69,6,0,0,1,6,NotRequested,NotRequested,NotRequested,NotRequested,NotRequested,NotRequested,NotRequested,NotRequested,NotRequested,NotRequested
rand009,0.5,None,1,1.0e-04,0,Converged,Converged,Converged,1,12.889983125600386,2.5050817e-07,1.054940,0.520988,0.532887,0.000018,0.001058,0.388728,0.000697,69,69,6,0,0,1,6,NotRequested,NotRequested,NotRequested,NotRequested,NotRequested,NotRequested,NotRequested,NotRequested,NotRequested,NotRequested
rand009,0.5,Strict,0,1.0e-03,0,EventLocationLimited,Converged,EventLocationLimited,1,12.892184828364032,2.5057333e-07,1.203017,0.645572,0.556844,0.000020,0.001311,0.335168,0.001437,77,77,6,1,1,1,5,ToleranceMet,ToleranceMet,FiniteUncertified,ToleranceMet,FiniteUncertified,ToleranceMet,ToleranceMet,EventLocationLimited,ToleranceMet,EventLocationLimited
rand009,0.5,Strict,0,1.0e-04,0,EventLocationLimited,Converged,EventLocationLimited,1,12.892184828364032,2.5057333e-07,1.178335,0.644825,0.532409,0.000019,0.001073,0.325459,0.000688,77,77,6,1,1,1,5,ToleranceMet,ToleranceMet,FiniteUncertified,ToleranceMet,FiniteUncertified,ToleranceMet,ToleranceMet,EventLocationLimited,ToleranceMet,EventLocationLimited
rand009,0.5,Strict,1,1.0e-03,0,EventLocationLimited,Converged,EventLocationLimited,1,12.889983125600386,2.5050817e-07,1.304270,0.561334,0.653144,0.000050,0.001807,0.412659,0.002141,77,77,6,0,0,1,6,ToleranceMet,ToleranceMet,FiniteUncertified,ToleranceMet,FiniteUncertified,ToleranceMet,ToleranceMet,EventLocationLimited,ToleranceMet,EventLocationLimited
rand009,0.5,Strict,1,1.0e-04,0,EventLocationLimited,Converged,EventLocationLimited,1,12.889983125600386,2.5050817e-07,1.141429,0.523053,0.617205,0.000018,0.001013,0.388293,0.000721,77,77,6,0,0,1,6,ToleranceMet,ToleranceMet,FiniteUncertified,ToleranceMet,FiniteUncertified,ToleranceMet,ToleranceMet,EventLocationLimited,ToleranceMet,EventLocationLimited
rand009,0.5,ValueFirst,0,1.0e-03,0,Converged,Converged,EventLocationLimited,1,12.892184828364032,2.5057333e-07,1.199190,0.643899,0.554277,0.000019,0.001708,0.339295,0.001463,77,77,6,1,1,1,5,ToleranceMet,ToleranceMet,FiniteUncertified,ToleranceMet,FiniteUncertified,ToleranceMet,ToleranceMet,EventLocationLimited,ToleranceMet,EventLocationLimited
rand009,0.5,ValueFirst,0,1.0e-04,0,Converged,Converged,EventLocationLimited,1,12.892184828364032,2.5057333e-07,1.185264,0.640845,0.543333,0.000018,0.001111,0.335962,0.000772,77,77,6,1,1,1,5,ToleranceMet,ToleranceMet,FiniteUncertified,ToleranceMet,FiniteUncertified,ToleranceMet,ToleranceMet,EventLocationLimited,ToleranceMet,EventLocationLimited
rand009,0.5,ValueFirst,1,1.0e-03,0,Converged,Converged,EventLocationLimited,1,12.889983125600386,2.5050817e-07,1.150454,0.522681,0.625292,0.000018,0.001121,0.390363,0.000765,77,77,6,0,0,1,6,ToleranceMet,ToleranceMet,FiniteUncertified,ToleranceMet,FiniteUncertified,ToleranceMet,ToleranceMet,EventLocationLimited,ToleranceMet,EventLocationLimited
rand009,0.5,ValueFirst,1,1.0e-04,0,Converged,Converged,EventLocationLimited,1,12.889983125600386,2.5050817e-07,1.145502,0.528553,0.615851,0.000018,0.001100,0.391968,0.000680,77,77,6,0,0,1,6,ToleranceMet,ToleranceMet,FiniteUncertified,ToleranceMet,FiniteUncertified,ToleranceMet,ToleranceMet,EventLocationLimited,ToleranceMet,EventLocationLimited
rand010,0.0,None,0,1.0e-03,0,Converged,Converged,Converged,1,16.366774197102345,0.015851484,1.097337,0.738969,0.357698,0.000019,0.001646,0.222168,0.004186,67,67,6,2,2,1,4,NotRequested,NotRequested,NotRequested,NotRequested,NotRequested,NotRequested,NotRequested,NotRequested,NotRequested,NotRequested
rand010,0.0,None,0,1.0e-04,0,Converged,Converged,Converged,1,16.366774142721557,0.00044664134,1.114567,0.736226,0.377284,0.000019,0.001156,0.214615,0.001148,83,83,6,2,2,1,4,NotRequested,NotRequested,NotRequested,NotRequested,NotRequested,NotRequested,NotRequested,NotRequested,NotRequested,NotRequested
rand010,0.0,None,1,1.0e-03,0,Converged,Converged,Converged,1,16.314028482993564,0.015807154,0.860766,0.510741,0.348760,0.000018,0.001158,0.217605,0.001177,67,67,6,3,3,1,3,NotRequested,NotRequested,NotRequested,NotRequested,NotRequested,NotRequested,NotRequested,NotRequested,NotRequested,NotRequested
rand010,0.0,None,1,1.0e-04,0,Converged,Converged,Converged,1,16.314028429035833,0.0004430941,0.895510,0.510900,0.383567,0.000019,0.001053,0.216407,0.001055,83,83,6,3,3,1,3,NotRequested,NotRequested,NotRequested,NotRequested,NotRequested,NotRequested,NotRequested,NotRequested,NotRequested,NotRequested
rand010,0.0,Strict,0,1.0e-03,0,EventLocationLimited,Converged,EventLocationLimited,1,16.366774197102345,0.015851484,1.409676,0.733024,0.676058,0.000018,0.001347,0.212669,0.001991,219,219,6,2,2,1,4,FiniteUncertified,FiniteUncertified,FiniteUncertified,FiniteUncertified,FiniteUncertified,EventLocationLimited,EventLocationLimited,EventLocationLimited,EventLocationLimited,EventLocationLimited
rand010,0.0,Strict,0,1.0e-04,0,EventLocationLimited,Converged,EventLocationLimited,1,16.366774142721557,0.00044664134,1.388963,0.735998,0.651094,0.000020,0.001138,0.220211,0.001101,219,219,6,2,2,1,4,FiniteUncertified,FiniteUncertified,FiniteUncertified,FiniteUncertified,FiniteUncertified,EventLocationLimited,EventLocationLimited,EventLocationLimited,EventLocationLimited,EventLocationLimited
rand010,0.0,Strict,1,1.0e-03,0,EventLocationLimited,Converged,EventLocationLimited,1,16.314028482993564,0.015807154,1.384645,0.570624,0.703449,0.000130,0.001897,0.250681,0.003344,219,219,6,3,3,1,3,FiniteUncertified,FiniteUncertified,FiniteUncertified,FiniteUncertified,FiniteUncertified,EventLocationLimited,EventLocationLimited,EventLocationLimited,EventLocationLimited,EventLocationLimited
rand010,0.0,Strict,1,1.0e-04,0,EventLocationLimited,Converged,EventLocationLimited,1,16.314028429035833,0.0004430941,1.154767,0.514157,0.638698,0.000018,0.001175,0.211026,0.001012,219,219,6,3,3,1,3,FiniteUncertified,FiniteUncertified,FiniteUncertified,FiniteUncertified,FiniteUncertified,EventLocationLimited,EventLocationLimited,EventLocationLimited,EventLocationLimited,EventLocationLimited
rand010,0.0,ValueFirst,0,1.0e-03,0,Converged,Converged,BudgetExceeded,1,16.366774197102345,0.015851484,1.170267,0.735551,0.433806,0.000018,0.002080,0.221507,0.002251,91,91,6,2,2,1,4,FiniteUncertified,FiniteUncertified,FiniteUncertified,FiniteUncertified,FiniteUncertified,BudgetExceeded,BudgetExceeded,BudgetExceeded,BudgetExceeded,BudgetExceeded
rand010,0.0,ValueFirst,0,1.0e-04,0,Converged,Converged,Converged,1,16.366774142721557,0.00044664134,1.210975,0.734320,0.475526,0.000019,0.001140,0.212840,0.001009,123,123,6,2,2,1,4,ToleranceMet,ToleranceMet,ToleranceMet,ToleranceMet,ToleranceMet,ToleranceMet,ToleranceMet,ToleranceMet,ToleranceMet,ToleranceMet
rand010,0.0,ValueFirst,1,1.0e-03,0,Converged,Converged,BudgetExceeded,1,16.314028482993564,0.015807154,0.942340,0.512691,0.426858,0.000023,0.001172,0.217623,0.001183,91,91,6,3,3,1,3,FiniteUncertified,FiniteUncertified,FiniteUncertified,FiniteUncertified,FiniteUncertified,BudgetExceeded,BudgetExceeded,BudgetExceeded,BudgetExceeded,BudgetExceeded
rand010,0.0,ValueFirst,1,1.0e-04,0,Converged,Converged,Converged,1,16.314028429035833,0.0004430941,1.021430,0.531208,0.489014,0.000020,0.001143,0.226120,0.001039,123,123,6,3,3,1,3,ToleranceMet,ToleranceMet,ToleranceMet,ToleranceMet,ToleranceMet,ToleranceMet,ToleranceMet,ToleranceMet,ToleranceMet,ToleranceMet
rand010,0.5,None,0,1.0e-03,0,Converged,Converged,Converged,1,16.348614342587986,0.013424228,1.112172,0.737161,0.374310,0.000019,0.001432,0.213003,0.001797,67,67,6,2,2,1,4,NotRequested,NotRequested,NotRequested,NotRequested,NotRequested,NotRequested,NotRequested,NotRequested,NotRequested,NotRequested
rand010,0.5,None,0,1.0e-04,0,Converged,Converged,Converged,1,16.3486142831315,0.00027200259,1.132725,0.731610,0.400125,0.000019,0.001109,0.208627,0.000953,83,83,6,2,2,1,4,NotRequested,NotRequested,NotRequested,NotRequested,NotRequested,NotRequested,NotRequested,NotRequested,NotRequested,NotRequested
rand010,0.5,None,1,1.0e-03,0,Converged,Converged,Converged,1,16.296046822960587,0.013369097,0.886075,0.509840,0.375126,0.000019,0.001136,0.218913,0.000967,67,67,6,3,3,1,3,NotRequested,NotRequested,NotRequested,NotRequested,NotRequested,NotRequested,NotRequested,NotRequested,NotRequested,NotRequested
rand010,0.5,None,1,1.0e-04,0,Converged,Converged,Converged,1,16.296046764033289,0.00026982409,0.918365,0.512794,0.404575,0.000019,0.001067,0.210823,0.000907,83,83,6,3,3,1,3,NotRequested,NotRequested,NotRequested,NotRequested,NotRequested,NotRequested,NotRequested,NotRequested,NotRequested,NotRequested
rand010,0.5,Strict,0,1.0e-03,0,EventLocationLimited,Converged,EventLocationLimited,1,16.348614342587982,0.013424228,1.766819,0.735089,1.031041,0.000024,0.001334,0.207276,0.001931,219,219,6,2,2,1,4,FiniteUncertified,FiniteUncertified,FiniteUncertified,FiniteUncertified,FiniteUncertified,EventLocationLimited,EventLocationLimited,EventLocationLimited,EventLocationLimited,EventLocationLimited
rand010,0.5,Strict,0,1.0e-04,0,EventLocationLimited,Converged,EventLocationLimited,1,16.3486142831315,0.00027200259,1.747032,0.736216,1.008952,0.000018,0.001173,0.224440,0.000963,219,219,6,2,2,1,4,FiniteUncertified,FiniteUncertified,FiniteUncertified,FiniteUncertified,FiniteUncertified,EventLocationLimited,EventLocationLimited,EventLocationLimited,EventLocationLimited,EventLocationLimited
rand010,0.5,Strict,1,1.0e-03,0,EventLocationLimited,Converged,EventLocationLimited,1,16.296046822960587,0.013369097,1.738601,0.564483,1.062591,0.000187,0.002226,0.248281,0.003392,219,219,6,3,3,1,3,FiniteUncertified,FiniteUncertified,FiniteUncertified,FiniteUncertified,FiniteUncertified,EventLocationLimited,EventLocationLimited,EventLocationLimited,EventLocationLimited,EventLocationLimited
rand010,0.5,Strict,1,1.0e-04,0,EventLocationLimited,Converged,EventLocationLimited,1,16.296046764033285,0.00026982409,1.512491,0.512944,0.997555,0.000019,0.001026,0.213618,0.001070,219,219,6,3,3,1,3,FiniteUncertified,FiniteUncertified,FiniteUncertified,FiniteUncertified,FiniteUncertified,EventLocationLimited,EventLocationLimited,EventLocationLimited,EventLocationLimited,EventLocationLimited
rand010,0.5,ValueFirst,0,1.0e-03,0,Converged,Converged,BudgetExceeded,1,16.348614342587982,0.013424228,1.252571,0.735423,0.516001,0.000019,0.001683,0.221111,0.001919,91,91,6,2,2,1,4,FiniteUncertified,FiniteUncertified,FiniteUncertified,FiniteUncertified,FiniteUncertified,BudgetExceeded,BudgetExceeded,BudgetExceeded,BudgetExceeded,BudgetExceeded
rand010,0.5,ValueFirst,0,1.0e-04,0,Converged,Converged,Converged,1,16.3486142831315,0.00027200259,1.340295,0.731329,0.607797,0.000019,0.001100,0.215343,0.001042,123,123,6,2,2,1,4,ToleranceMet,ToleranceMet,ToleranceMet,ToleranceMet,ToleranceMet,ToleranceMet,ToleranceMet,ToleranceMet,ToleranceMet,ToleranceMet
rand010,0.5,ValueFirst,1,1.0e-03,0,Converged,Converged,BudgetExceeded,1,16.296046822960587,0.013369097,1.127722,0.517065,0.606635,0.000020,0.001181,0.230015,0.001145,91,91,6,3,3,1,3,FiniteUncertified,FiniteUncertified,FiniteUncertified,FiniteUncertified,FiniteUncertified,BudgetExceeded,BudgetExceeded,BudgetExceeded,BudgetExceeded,BudgetExceeded
rand010,0.5,ValueFirst,1,1.0e-04,0,Converged,Converged,Converged,1,16.296046764033285,0.00026982409,1.120886,0.512860,0.606773,0.000018,0.001095,0.209704,0.000926,123,123,6,3,3,1,3,ToleranceMet,ToleranceMet,ToleranceMet,ToleranceMet,ToleranceMet,ToleranceMet,ToleranceMet,ToleranceMet,ToleranceMet,ToleranceMet
rand011,0.0,None,0,1.0e-03,0,Converged,Converged,Converged,1,5.1054532485860769,0.0029592395,1.552435,1.133566,0.418307,0.000025,0.014283,0.239426,0.001932,76,76,4,1,1,1,3,NotRequested,NotRequested,NotRequested,NotRequested,NotRequested,NotRequested,NotRequested,NotRequested,NotRequested,NotRequested
rand011,0.0,None,0,1.0e-04,0,Converged,Converged,Converged,1,5.1054243645721193,0.00023367007,1.570158,1.101105,0.468122,0.000019,0.008830,0.234121,0.000842,108,108,4,1,1,1,3,NotRequested,NotRequested,NotRequested,NotRequested,NotRequested,NotRequested,NotRequested,NotRequested,NotRequested,NotRequested
rand011,0.0,None,1,1.0e-03,0,Converged,Converged,Converged,1,5.1110595077332182,0.0029620326,1.421076,1.033776,0.386300,0.000019,0.008526,0.225991,0.000747,76,76,4,2,2,1,2,NotRequested,NotRequested,NotRequested,NotRequested,NotRequested,NotRequested,NotRequested,NotRequested,NotRequested,NotRequested
rand011,0.0,None,1,1.0e-04,0,Converged,Converged,Converged,1,5.1110305958575832,0.00023390042,1.172809,0.725470,0.446408,0.000019,0.008402,0.217599,0.000717,108,108,4,2,2,1,2,NotRequested,NotRequested,NotRequested,NotRequested,NotRequested,NotRequested,NotRequested,NotRequested,NotRequested,NotRequested
rand011,0.0,Strict,0,1.0e-03,0,EventLocationLimited,Converged,EventLocationLimited,1,5.1054532485860769,0.0029592395,4.361202,1.113787,3.246601,0.000025,0.008408,0.227339,0.001392,810,810,4,1,1,1,3,ToleranceMet,ToleranceMet,FiniteUncertified,ToleranceMet,ToleranceMet,ToleranceMet,ToleranceMet,EventLocationLimited,ToleranceMet,ToleranceMet
rand011,0.0,Strict,0,1.0e-04,0,EventLocationLimited,Converged,EventLocationLimited,1,5.1054243645721193,0.00023367007,4.093048,1.121176,2.970206,0.000044,0.009339,0.241165,0.001036,810,810,4,1,1,1,3,ToleranceMet,ToleranceMet,FiniteUncertified,ToleranceMet,ToleranceMet,ToleranceMet,ToleranceMet,EventLocationLimited,ToleranceMet,ToleranceMet
rand011,0.0,Strict,1,1.0e-03,0,EventLocationLimited,Converged,EventLocationLimited,1,5.1110595077332182,0.0029620326,5.978366,1.531293,4.377298,0.000159,0.019371,0.356805,0.002303,810,810,4,2,2,1,2,ToleranceMet,ToleranceMet,FiniteUncertified,ToleranceMet,ToleranceMet,ToleranceMet,ToleranceMet,EventLocationLimited,ToleranceMet,ToleranceMet
rand011,0.0,Strict,1,1.0e-04,0,EventLocationLimited,Converged,EventLocationLimited,1,5.1110305958575832,0.00023390042,5.274129,1.080797,4.191429,0.000037,0.012765,0.325697,0.001117,810,810,4,2,2,1,2,ToleranceMet,ToleranceMet,FiniteUncertified,ToleranceMet,ToleranceMet,ToleranceMet,ToleranceMet,EventLocationLimited,ToleranceMet,ToleranceMet
rand011,0.0,ValueFirst,0,1.0e-03,0,Converged,Converged,BudgetExceeded,1,5.1054532485860769,0.0029592395,2.942777,1.376989,1.564481,0.000029,0.010772,0.279298,0.001709,300,300,4,1,1,1,3,ToleranceMet,ToleranceMet,FiniteUncertified,FiniteUncertified,ToleranceMet,ToleranceMet,ToleranceMet,BudgetExceeded,BudgetExceeded,ToleranceMet
rand011,0.0,ValueFirst,0,1.0e-04,0,Converged,Converged,BudgetExceeded,1,5.1054243645721193,0.00023367007,3.074222,1.537980,1.534986,0.000028,0.011661,0.333571,0.001081,307,307,4,1,1,1,3,FiniteUncertified,FiniteUncertified,FiniteUncertified,FiniteUncertified,FiniteUncertified,BudgetExceeded,BudgetExceeded,BudgetExceeded,BudgetExceeded,BudgetExceeded
rand011,0.0,ValueFirst,1,1.0e-03,0,Converged,Converged,BudgetExceeded,1,5.1110595077332182,0.0029620326,2.710682,1.185583,1.522417,0.000021,0.009533,0.275358,0.000928,300,300,4,2,2,1,2,ToleranceMet,ToleranceMet,FiniteUncertified,FiniteUncertified,ToleranceMet,ToleranceMet,ToleranceMet,BudgetExceeded,BudgetExceeded,ToleranceMet
rand011,0.0,ValueFirst,1,1.0e-04,0,Converged,Converged,BudgetExceeded,1,5.1110305958575832,0.00023390042,2.227411,0.783475,1.442837,0.000024,0.009786,0.222727,0.000761,307,307,4,2,2,1,2,FiniteUncertified,FiniteUncertified,FiniteUncertified,FiniteUncertified,FiniteUncertified,BudgetExceeded,BudgetExceeded,BudgetExceeded,BudgetExceeded,BudgetExceeded
rand011,0.5,None,0,1.0e-03,0,Converged,Converged,Converged,1,5.1047907838799089,0.0017769765,1.685096,1.254490,0.430015,0.000019,0.008535,0.239265,0.001357,76,76,4,1,1,1,3,NotRequested,NotRequested,NotRequested,NotRequested,NotRequested,NotRequested,NotRequested,NotRequested,NotRequested,NotRequested
rand011,0.5,None,0,1.0e-04,0,Converged,Converged,Converged,1,5.1047734534715357,0.00014163489,1.698056,1.156745,0.540301,0.000021,0.009077,0.253779,0.000764,108,108,4,1,1,1,3,NotRequested,NotRequested,NotRequested,NotRequested,NotRequested,NotRequested,NotRequested,NotRequested,NotRequested,NotRequested
rand011,0.5,None,1,1.0e-03,0,Converged,Converged,Converged,1,5.1103948374680872,0.0017786538,1.461427,1.041351,0.419114,0.000030,0.009375,0.241358,0.000768,76,76,4,2,2,1,2,NotRequested,NotRequested,NotRequested,NotRequested,NotRequested,NotRequested,NotRequested,NotRequested,NotRequested,NotRequested
rand011,0.5,None,1,1.0e-04,0,Converged,Converged,Converged,1,5.1103774903427084,0.00014177447,1.205037,0.731780,0.472269,0.000019,0.008359,0.214216,0.000679,108,108,4,2,2,1,2,NotRequested,NotRequested,NotRequested,NotRequested,NotRequested,NotRequested,NotRequested,NotRequested,NotRequested,NotRequested
rand011,0.5,Strict,0,1.0e-03,0,EventLocationLimited,Converged,EventLocationLimited,1,5.1047907838799089,0.0017769765,4.797574,1.112767,3.684016,0.000019,0.008370,0.228598,0.001284,818,818,4,1,1,1,3,ToleranceMet,ToleranceMet,FiniteUncertified,ToleranceMet,ToleranceMet,ToleranceMet,ToleranceMet,EventLocationLimited,ToleranceMet,ToleranceMet
rand011,0.5,Strict,0,1.0e-04,0,EventLocationLimited,Converged,EventLocationLimited,1,5.1047734534715357,0.00014163489,4.714893,1.124277,3.588887,0.000047,0.009192,0.232447,0.001085,818,818,4,1,1,1,3,ToleranceMet,ToleranceMet,FiniteUncertified,ToleranceMet,ToleranceMet,ToleranceMet,ToleranceMet,EventLocationLimited,ToleranceMet,ToleranceMet
rand011,0.5,Strict,1,1.0e-03,0,EventLocationLimited,Converged,EventLocationLimited,1,5.1103948374680872,0.0017786538,4.757489,1.098249,3.602891,0.000037,0.014546,0.267694,0.001257,810,810,4,2,2,1,2,ToleranceMet,ToleranceMet,FiniteUncertified,ToleranceMet,ToleranceMet,ToleranceMet,ToleranceMet,EventLocationLimited,ToleranceMet,ToleranceMet
rand011,0.5,Strict,1,1.0e-04,0,EventLocationLimited,Converged,EventLocationLimited,1,5.1103774903427084,0.00014177447,4.260969,0.733589,3.525859,0.000030,0.008477,0.228347,0.000841,810,810,4,2,2,1,2,ToleranceMet,ToleranceMet,FiniteUncertified,ToleranceMet,ToleranceMet,ToleranceMet,ToleranceMet,EventLocationLimited,ToleranceMet,ToleranceMet
rand011,0.5,ValueFirst,0,1.0e-03,0,Converged,Converged,BudgetExceeded,1,5.1047907838799089,0.0017769765,2.576467,1.115294,1.460136,0.000025,0.008921,0.241842,0.001404,300,300,4,1,1,1,3,ToleranceMet,ToleranceMet,FiniteUncertified,ToleranceMet,ToleranceMet,ToleranceMet,ToleranceMet,BudgetExceeded,ToleranceMet,ToleranceMet
rand011,0.5,ValueFirst,0,1.0e-04,0,Converged,Converged,BudgetExceeded,1,5.1047734534715357,0.00014163489,2.554620,1.114715,1.438803,0.000025,0.008378,0.232703,0.000805,307,307,4,1,1,1,3,FiniteUncertified,FiniteUncertified,FiniteUncertified,FiniteUncertified,FiniteUncertified,BudgetExceeded,BudgetExceeded,BudgetExceeded,BudgetExceeded,BudgetExceeded
rand011,0.5,ValueFirst,1,1.0e-03,0,Converged,Converged,BudgetExceeded,1,5.1103948374680872,0.0017786538,2.432528,1.037782,1.393002,0.000019,0.008613,0.224407,0.000777,300,300,4,2,2,1,2,ToleranceMet,ToleranceMet,FiniteUncertified,FiniteUncertified,ToleranceMet,ToleranceMet,ToleranceMet,BudgetExceeded,BudgetExceeded,ToleranceMet
rand011,0.5,ValueFirst,1,1.0e-04,0,Converged,Converged,BudgetExceeded,1,5.1103774903427084,0.00014177447,2.139570,0.738307,1.400145,0.000019,0.008392,0.222630,0.000770,307,307,4,2,2,1,2,FiniteUncertified,FiniteUncertified,FiniteUncertified,FiniteUncertified,FiniteUncertified,BudgetExceeded,BudgetExceeded,BudgetExceeded,BudgetExceeded,BudgetExceeded
rand012,0.0,None,0,1.0e-03,0,Converged,Converged,Converged,1,3.8285679577583691,0.0016022183,1.147586,0.740688,0.406316,0.000019,0.001532,0.293704,0.001749,46,46,4,0,0,1,4,NotRequested,NotRequested,NotRequested,NotRequested,NotRequested,NotRequested,NotRequested,NotRequested,NotRequested,NotRequested
rand012,0.0,None,0,1.0e-04,0,Converged,Converged,Converged,1,3.8285679577646254,2.2258354e-09,1.132145,0.731047,0.400305,0.000025,0.000904,0.273713,0.000521,62,62,4,0,0,1,4,NotRequested,NotRequested,NotRequested,NotRequested,NotRequested,NotRequested,NotRequested,NotRequested,NotRequested,NotRequested
rand012,0.0,None,1,1.0e-03,0,Converged,Converged,Converged,1,3.8289528328644344,0.0016024383,0.976847,0.579876,0.395963,0.000018,0.001023,0.280910,0.000500,46,46,4,0,0,1,4,NotRequested,NotRequested,NotRequested,NotRequested,NotRequested,NotRequested,NotRequested,NotRequested,NotRequested,NotRequested
rand012,0.0,None,1,1.0e-04,0,Converged,Converged,Converged,1,3.8289528328706455,2.2262972e-09,0.996139,0.587358,0.407905,0.000019,0.000839,0.269922,0.000426,62,62,4,0,0,1,4,NotRequested,NotRequested,NotRequested,NotRequested,NotRequested,NotRequested,NotRequested,NotRequested,NotRequested,NotRequested
rand012,0.0,Strict,0,1.0e-03,0,EventLocationLimited,Converged,EventLocationLimited,1,3.8285679577583691,0.0016022183,1.141829,0.725981,0.415308,0.000019,0.001154,0.265942,0.000965,62,62,4,0,0,1,4,ToleranceMet,ToleranceMet,FiniteUncertified,ToleranceMet,ToleranceMet,ToleranceMet,ToleranceMet,EventLocationLimited,ToleranceMet,ToleranceMet
rand012,0.0,Strict,0,1.0e-04,0,EventLocationLimited,Converged,EventLocationLimited,1,3.8285679577646254,2.2258354e-09,1.146961,0.724752,0.421374,0.000018,0.000889,0.282878,0.000487,62,62,4,0,0,1,4,ToleranceMet,ToleranceMet,FiniteUncertified,ToleranceMet,ToleranceMet,ToleranceMet,ToleranceMet,EventLocationLimited,ToleranceMet,ToleranceMet
rand012,0.0,Strict,1,1.0e-03,0,EventLocationLimited,Converged,EventLocationLimited,1,3.8289528328644344,0.0016024383,1.132768,0.608738,0.460881,0.000037,0.001370,0.299220,0.001317,62,62,4,0,0,1,4,ToleranceMet,ToleranceMet,FiniteUncertified,ToleranceMet,ToleranceMet,ToleranceMet,ToleranceMet,EventLocationLimited,ToleranceMet,ToleranceMet
rand012,0.0,Strict,1,1.0e-04,0,EventLocationLimited,Converged,EventLocationLimited,1,3.8289528328706455,2.2262972e-09,1.014477,0.587014,0.426518,0.000019,0.000831,0.276004,0.000437,62,62,4,0,0,1,4,ToleranceMet,ToleranceMet,FiniteUncertified,ToleranceMet,ToleranceMet,ToleranceMet,ToleranceMet,EventLocationLimited,ToleranceMet,ToleranceMet
rand012,0.0,ValueFirst,0,1.0e-03,0,Converged,Converged,EventLocationLimited,1,3.8285679577583691,0.0016022183,1.158651,0.730840,0.426939,0.000021,0.001239,0.283799,0.000956,62,62,4,0,0,1,4,ToleranceMet,ToleranceMet,FiniteUncertified,ToleranceMet,ToleranceMet,ToleranceMet,ToleranceMet,EventLocationLimited,ToleranceMet,ToleranceMet
rand012,0.0,ValueFirst,0,1.0e-04,0,Converged,Converged,EventLocationLimited,1,3.8285679577646254,2.2258354e-09,1.135513,0.728029,0.406545,0.000018,0.000826,0.273668,0.000485,62,62,4,0,0,1,4,ToleranceMet,ToleranceMet,FiniteUncertified,ToleranceMet,ToleranceMet,ToleranceMet,ToleranceMet,EventLocationLimited,ToleranceMet,ToleranceMet
rand012,0.0,ValueFirst,1,1.0e-03,0,Converged,Converged,EventLocationLimited,1,3.8289528328644344,0.0016024383,1.025418,0.581477,0.442089,0.000019,0.000847,0.285975,0.000502,62,62,4,0,0,1,4,ToleranceMet,ToleranceMet,FiniteUncertified,ToleranceMet,ToleranceMet,ToleranceMet,ToleranceMet,EventLocationLimited,ToleranceMet,ToleranceMet
rand012,0.0,ValueFirst,1,1.0e-04,0,Converged,Converged,EventLocationLimited,1,3.8289528328706455,2.2262972e-09,1.009109,0.581346,0.426922,0.000018,0.000807,0.272852,0.000459,62,62,4,0,0,1,4,ToleranceMet,ToleranceMet,FiniteUncertified,ToleranceMet,ToleranceMet,ToleranceMet,ToleranceMet,EventLocationLimited,ToleranceMet,ToleranceMet
rand012,0.5,None,0,1.0e-03,0,Converged,Converged,Converged,1,3.8285636470169924,5.4692583e-08,1.146632,0.727451,0.418609,0.000018,0.001127,0.275065,0.000917,62,62,4,0,0,1,4,NotRequested,NotRequested,NotRequested,NotRequested,NotRequested,NotRequested,NotRequested,NotRequested,NotRequested,NotRequested
rand012,0.5,None,0,1.0e-04,0,Converged,Converged,Converged,1,3.8285636470169924,5.4692583e-08,1.131906,0.730610,0.400385,0.000018,0.000859,0.263557,0.000475,62,62,4,0,0,1,4,NotRequested,NotRequested,NotRequested,NotRequested,NotRequested,NotRequested,NotRequested,NotRequested,NotRequested,NotRequested
rand012,0.5,None,1,1.0e-03,0,Converged,Converged,Converged,1,3.8289485207720464,5.4700183e-08,1.005383,0.578093,0.426433,0.000023,0.000811,0.273644,0.000495,62,62,4,0,0,1,4,NotRequested,NotRequested,NotRequested,NotRequested,NotRequested,NotRequested,NotRequested,NotRequested,NotRequested,NotRequested
rand012,0.5,None,1,1.0e-04,0,Converged,Converged,Converged,1,3.8289485207720464,5.4700183e-08,1.041529,0.610872,0.429842,0.000020,0.000847,0.276019,0.000486,62,62,4,0,0,1,4,NotRequested,NotRequested,NotRequested,NotRequested,NotRequested,NotRequested,NotRequested,NotRequested,NotRequested,NotRequested
rand012,0.5,Strict,0,1.0e-03,0,EventLocationLimited,Converged,EventLocationLimited,1,3.8285636470169919,5.4692583e-08,1.176316,0.726380,0.449300,0.000018,0.001052,0.261137,0.000943,62,62,4,0,0,1,4,ToleranceMet,ToleranceMet,FiniteUncertified,ToleranceMet,ToleranceMet,ToleranceMet,ToleranceMet,EventLocationLimited,ToleranceMet,ToleranceMet
rand012,0.5,Strict,0,1.0e-04,0,EventLocationLimited,Converged,EventLocationLimited,1,3.8285636470169919,5.4692583e-08,1.187723,0.728941,0.457918,0.000018,0.000919,0.276681,0.000482,62,62,4,0,0,1,4,ToleranceMet,ToleranceMet,FiniteUncertified,ToleranceMet,ToleranceMet,ToleranceMet,ToleranceMet,EventLocationLimited,ToleranceMet,ToleranceMet
rand012,0.5,Strict,1,1.0e-03,0,EventLocationLimited,Converged,EventLocationLimited,1,3.8289485207720464,5.4700183e-08,1.176902,0.611628,0.506595,0.000037,0.001270,0.299736,0.001112,62,62,4,0,0,1,4,ToleranceMet,ToleranceMet,FiniteUncertified,ToleranceMet,ToleranceMet,ToleranceMet,ToleranceMet,EventLocationLimited,ToleranceMet,ToleranceMet
rand012,0.5,Strict,1,1.0e-04,0,EventLocationLimited,Converged,EventLocationLimited,1,3.8289485207720464,5.4700183e-08,1.056575,0.586819,0.468783,0.000025,0.000877,0.274808,0.000480,62,62,4,0,0,1,4,ToleranceMet,ToleranceMet,FiniteUncertified,ToleranceMet,ToleranceMet,ToleranceMet,ToleranceMet,EventLocationLimited,ToleranceMet,ToleranceMet
rand012,0.5,ValueFirst,0,1.0e-03,0,Converged,Converged,EventLocationLimited,1,3.8285636470169919,5.4692583e-08,1.179736,0.730871,0.448054,0.000024,0.001248,0.266460,0.001019,62,62,4,0,0,1,4,ToleranceMet,ToleranceMet,FiniteUncertified,ToleranceMet,ToleranceMet,ToleranceMet,ToleranceMet,EventLocationLimited,ToleranceMet,ToleranceMet
rand012,0.5,ValueFirst,0,1.0e-04,0,Converged,Converged,EventLocationLimited,1,3.8285636470169919,5.4692583e-08,1.190372,0.730744,0.458734,0.000018,0.000952,0.273582,0.000483,62,62,4,0,0,1,4,ToleranceMet,ToleranceMet,FiniteUncertified,ToleranceMet,ToleranceMet,ToleranceMet,ToleranceMet,EventLocationLimited,ToleranceMet,ToleranceMet
rand012,0.5,ValueFirst,1,1.0e-03,0,Converged,Converged,EventLocationLimited,1,3.8289485207720464,5.4700183e-08,1.066016,0.581526,0.483210,0.000019,0.000847,0.280552,0.000517,62,62,4,0,0,1,4,ToleranceMet,ToleranceMet,FiniteUncertified,ToleranceMet,ToleranceMet,ToleranceMet,ToleranceMet,EventLocationLimited,ToleranceMet,ToleranceMet
rand012,0.5,ValueFirst,1,1.0e-04,0,Converged,Converged,EventLocationLimited,1,3.8289485207720464,5.4700183e-08,1.053976,0.582570,0.470528,0.000018,0.000819,0.276517,0.000493,62,62,4,0,0,1,4,ToleranceMet,ToleranceMet,FiniteUncertified,ToleranceMet,ToleranceMet,ToleranceMet,ToleranceMet,EventLocationLimited,ToleranceMet,ToleranceMet
rand013,0.0,None,0,1.0e-03,0,Converged,Converged,Converged,1,4.3953750974934529,2.2944177e-07,0.970653,0.640701,0.329257,0.000019,0.006072,0.228478,0.002110,62,62,4,0,0,1,4,NotRequested,NotRequested,NotRequested,NotRequested,NotRequested,NotRequested,NotRequested,NotRequested,NotRequested,NotRequested
rand013,0.0,None,0,1.0e-04,0,Converged,Converged,Converged,1,4.3953750974934529,2.2944177e-07,0.915719,0.626123,0.288623,0.000018,0.000785,0.208657,0.000579,62,62,4,0,0,1,4,NotRequested,NotRequested,NotRequested,NotRequested,NotRequested,NotRequested,NotRequested,NotRequested,NotRequested,NotRequested
rand013,0.0,None,1,1.0e-03,0,Converged,Converged,Converged,1,4.4031972667975232,2.2979272e-07,0.826587,0.535162,0.290267,0.000019,0.000771,0.209264,0.000557,62,62,4,0,0,1,4,NotRequested,NotRequested,NotRequested,NotRequested,NotRequested,NotRequested,NotRequested,NotRequested,NotRequested,NotRequested
rand013,0.0,None,1,1.0e-04,0,Converged,Converged,Converged,1,4.4031972667975232,2.2979272e-07,0.865218,0.575110,0.289164,0.000018,0.000754,0.209678,0.000482,62,62,4,0,0,1,4,NotRequested,NotRequested,NotRequested,NotRequested,NotRequested,NotRequested,NotRequested,NotRequested,NotRequested,NotRequested
rand013,0.0,Strict,0,1.0e-03,0,EventLocationLimited,Converged,EventLocationLimited,1,4.3953750974934529,2.2944177e-07,12.684967,0.622070,12.061919,0.000024,0.001160,0.211582,0.001003,3009,3009,4,0,0,1,4,FiniteUncertified,FiniteUncertified,FiniteUncertified,FiniteUncertified,FiniteUncertified,EventLocationLimited,EventLocationLimited,EventLocationLimited,EventLocationLimited,EventLocationLimited
rand013,0.0,Strict,0,1.0e-04,0,EventLocationLimited,Converged,EventLocationLimited,1,4.3953750974934529,2.2944177e-07,9.786846,0.641070,9.125129,0.000029,0.001531,0.231404,0.000884,3009,3009,4,0,0,1,4,FiniteUncertified,FiniteUncertified,FiniteUncertified,FiniteUncertified,FiniteUncertified,EventLocationLimited,EventLocationLimited,EventLocationLimited,EventLocationLimited,EventLocationLimited
rand013,0.0,Strict,1,1.0e-03,0,EventLocationLimited,Converged,EventLocationLimited,1,4.4031972667975232,2.2979272e-07,12.303123,0.587491,11.628877,0.000101,0.001801,0.241595,0.001677,3009,3009,4,0,0,1,4,FiniteUncertified,FiniteUncertified,FiniteUncertified,FiniteUncertified,FiniteUncertified,EventLocationLimited,EventLocationLimited,EventLocationLimited,EventLocationLimited,EventLocationLimited
rand013,0.0,Strict,1,1.0e-04,0,EventLocationLimited,Converged,EventLocationLimited,1,4.4031972667975232,2.2979272e-07,12.087691,0.593915,11.474366,0.000035,0.000974,0.222416,0.000767,3009,3009,4,0,0,1,4,FiniteUncertified,FiniteUncertified,FiniteUncertified,FiniteUncertified,FiniteUncertified,EventLocationLimited,EventLocationLimited,EventLocationLimited,EventLocationLimited,EventLocationLimited
rand013,0.0,ValueFirst,0,1.0e-03,0,Converged,Converged,BudgetExceeded,1,4.3953750974934529,2.2944177e-07,1.506221,0.633388,0.871530,0.000032,0.001727,0.231760,0.001423,286,286,4,0,0,1,4,FiniteUncertified,FiniteUncertified,FiniteUncertified,FiniteUncertified,FiniteUncertified,BudgetExceeded,BudgetExceeded,BudgetExceeded,BudgetExceeded,BudgetExceeded
rand013,0.0,ValueFirst,0,1.0e-04,0,Converged,Converged,BudgetExceeded,1,4.3953750974934529,2.2944177e-07,1.475840,0.632084,0.841137,0.000018,0.000851,0.220906,0.000579,286,286,4,0,0,1,4,FiniteUncertified,FiniteUncertified,FiniteUncertified,FiniteUncertified,FiniteUncertified,BudgetExceeded,BudgetExceeded,BudgetExceeded,BudgetExceeded,BudgetExceeded
rand013,0.0,ValueFirst,1,1.0e-03,0,Converged,Converged,BudgetExceeded,1,4.4031972667975232,2.2979272e-07,1.412112,0.540959,0.867972,0.000019,0.000799,0.219802,0.000514,286,286,4,0,0,1,4,FiniteUncertified,FiniteUncertified,FiniteUncertified,FiniteUncertified,FiniteUncertified,BudgetExceeded,BudgetExceeded,BudgetExceeded,BudgetExceeded,BudgetExceeded
rand013,0.0,ValueFirst,1,1.0e-04,0,Converged,Converged,BudgetExceeded,1,4.4031972667975232,2.2979272e-07,1.443555,0.576215,0.864750,0.000029,0.000795,0.223711,0.000541,286,286,4,0,0,1,4,FiniteUncertified,FiniteUncertified,FiniteUncertified,FiniteUncertified,FiniteUncertified,BudgetExceeded,BudgetExceeded,BudgetExceeded,BudgetExceeded,BudgetExceeded
rand013,0.5,None,0,1.0e-03,0,Converged,Converged,Converged,1,4.3914301288671265,7.4989556e-07,0.978536,0.633020,0.344828,0.000020,0.001091,0.219414,0.001033,62,62,4,0,0,1,4,NotRequested,NotRequested,NotRequested,NotRequested,NotRequested,NotRequested,NotRequested,NotRequested,NotRequested,NotRequested
rand013,0.5,None,0,1.0e-04,0,Converged,Converged,Converged,1,4.3914301288671265,7.4989556e-07,0.946507,0.642022,0.303452,0.000019,0.000871,0.209351,0.000576,62,62,4,0,0,1,4,NotRequested,NotRequested,NotRequested,NotRequested,NotRequested,NotRequested,NotRequested,NotRequested,NotRequested,NotRequested
rand013,0.5,None,1,1.0e-03,0,Converged,Converged,Converged,1,4.3992303142498947,7.5519165e-07,0.834264,0.527938,0.305298,0.000019,0.000800,0.210702,0.000495,62,62,4,0,0,1,4,NotRequested,NotRequested,NotRequested,NotRequested,NotRequested,NotRequested,NotRequested,NotRequested,NotRequested,NotRequested
rand013,0.5,None,1,1.0e-04,0,Converged,Converged,Converged,1,4.3992303142498947,7.5519165e-07,0.880546,0.574963,0.304600,0.000019,0.000800,0.211860,0.000472,62,62,4,0,0,1,4,NotRequested,NotRequested,NotRequested,NotRequested,NotRequested,NotRequested,NotRequested,NotRequested,NotRequested,NotRequested
rand013,0.5,Strict,0,1.0e-03,0,TopologyUnresolved,Converged,TopologyUnresolved,1,4.3914301288671256,7.4989556e-07,9.859944,0.617836,9.241204,0.000024,0.001054,0.205741,0.000923,2232,2232,4,0,0,1,4,Invalid,Invalid,Invalid,Invalid,Invalid,TopologyUnresolved,TopologyUnresolved,TopologyUnresolved,TopologyUnresolved,TopologyUnresolved
rand013,0.5,Strict,0,1.0e-04,0,TopologyUnresolved,Converged,TopologyUnresolved,1,4.3914301288671256,7.4989556e-07,8.289595,0.638845,7.636473,0.000028,0.001120,0.230599,0.000885,2232,2232,4,0,0,1,4,Invalid,Invalid,Invalid,Invalid,Invalid,TopologyUnresolved,TopologyUnresolved,TopologyUnresolved,TopologyUnresolved,TopologyUnresolved
rand013,0.5,Strict,1,1.0e-03,0,TopologyUnresolved,Converged,TopologyUnresolved,1,4.3992303142498947,7.5519165e-07,7.793990,0.589441,7.120069,0.000109,0.001767,0.254766,0.002643,1970,1970,4,0,0,1,4,Invalid,Invalid,Invalid,Invalid,Invalid,TopologyUnresolved,TopologyUnresolved,TopologyUnresolved,TopologyUnresolved,TopologyUnresolved
rand013,0.5,Strict,1,1.0e-04,0,TopologyUnresolved,Converged,TopologyUnresolved,1,4.3992303142498947,7.5519165e-07,7.652355,0.597521,7.039282,0.000019,0.000822,0.228621,0.000712,1970,1970,4,0,0,1,4,Invalid,Invalid,Invalid,Invalid,Invalid,TopologyUnresolved,TopologyUnresolved,TopologyUnresolved,TopologyUnresolved,TopologyUnresolved
rand013,0.5,ValueFirst,0,1.0e-03,0,Converged,Converged,BudgetExceeded,1,4.3914301288671256,7.4989556e-07,1.343015,0.630176,0.711446,0.000020,0.001962,0.226618,0.001291,190,190,4,0,0,1,4,FiniteUncertified,FiniteUncertified,FiniteUncertified,FiniteUncertified,FiniteUncertified,BudgetExceeded,BudgetExceeded,BudgetExceeded,BudgetExceeded,BudgetExceeded
rand013,0.5,ValueFirst,0,1.0e-04,0,Converged,Converged,BudgetExceeded,1,4.3914301288671256,7.4989556e-07,1.298964,0.621810,0.675287,0.000018,0.000841,0.217371,0.000613,190,190,4,0,0,1,4,FiniteUncertified,FiniteUncertified,FiniteUncertified,FiniteUncertified,FiniteUncertified,BudgetExceeded,BudgetExceeded,BudgetExceeded,BudgetExceeded,BudgetExceeded
rand013,0.5,ValueFirst,1,1.0e-03,0,Converged,Converged,BudgetExceeded,1,4.3992303142498947,7.5519165e-07,1.253617,0.531817,0.719787,0.000015,0.000812,0.228229,0.000518,190,190,4,0,0,1,4,FiniteUncertified,FiniteUncertified,FiniteUncertified,FiniteUncertified,FiniteUncertified,BudgetExceeded,BudgetExceeded,BudgetExceeded,BudgetExceeded,BudgetExceeded
rand013,0.5,ValueFirst,1,1.0e-04,0,Converged,Converged,BudgetExceeded,1,4.3992303142498947,7.5519165e-07,1.273089,0.578007,0.693141,0.000019,0.000783,0.211651,0.000512,190,190,4,0,0,1,4,FiniteUncertified,FiniteUncertified,FiniteUncertified,FiniteUncertified,FiniteUncertified,BudgetExceeded,BudgetExceeded,BudgetExceeded,BudgetExceeded,BudgetExceeded
rand014,0.0,None,0,1.0e-03,0,Converged,Converged,Converged,1,1.487386506934764,0.00027302177,1.111870,0.649268,0.462001,0.000018,0.001569,0.339303,0.002552,53,53,6,0,0,1,6,NotRequested,NotRequested,NotRequested,NotRequested,NotRequested,NotRequested,NotRequested,NotRequested,NotRequested,NotRequested
rand014,0.0,None,0,1.0e-04,0,Converged,Converged,Converged,1,1.4873865069363803,5.8457525e-07,1.171012,0.647727,0.521902,0.000019,0.001080,0.339095,0.000846,69,69,6,0,0,1,6,NotRequested,NotRequested,NotRequested,NotRequested,NotRequested,NotRequested,NotRequested,NotRequested,NotRequested,NotRequested
rand014,0.0,None,1,1.0e-03,0,Converged,Converged,Converged,1,1.4874346984970961,0.00027304877,0.812969,0.336875,0.475108,0.000019,0.001151,0.337682,0.000795,53,53,6,0,0,1,6,NotRequested,NotRequested,NotRequested,NotRequested,NotRequested,NotRequested,NotRequested,NotRequested,NotRequested,NotRequested
rand014,0.0,None,1,1.0e-04,0,Converged,Converged,Converged,1,1.4874346984987161,5.8455479e-07,0.828686,0.339519,0.488265,0.000018,0.001052,0.324334,0.000677,69,69,6,0,0,1,6,NotRequested,NotRequested,NotRequested,NotRequested,NotRequested,NotRequested,NotRequested,NotRequested,NotRequested,NotRequested
rand014,0.0,Strict,0,1.0e-03,0,EventLocationLimited,Converged,EventLocationLimited,1,1.487386506934764,0.00027302177,1.158770,0.649223,0.508906,0.000023,0.001257,0.334034,0.001487,77,77,6,0,0,1,6,FiniteUncertified,FiniteUncertified,FiniteUncertified,FiniteUncertified,FiniteUncertified,EventLocationLimited,EventLocationLimited,EventLocationLimited,EventLocationLimited,EventLocationLimited
rand014,0.0,Strict,0,1.0e-04,0,EventLocationLimited,Converged,EventLocationLimited,1,1.4873865069363803,5.8457525e-07,1.129619,0.643516,0.485137,0.000020,0.001006,0.328256,0.000690,77,77,6,0,0,1,6,FiniteUncertified,FiniteUncertified,FiniteUncertified,FiniteUncertified,FiniteUncertified,EventLocationLimited,EventLocationLimited,EventLocationLimited,EventLocationLimited,EventLocationLimited
rand014,0.0,Strict,1,1.0e-03,0,EventLocationLimited,Converged,EventLocationLimited,1,1.4874346984970961,0.00027304877,1.038616,0.400132,0.588788,0.000091,0.002176,0.373410,0.002819,77,77,6,0,0,1,6,FiniteUncertified,FiniteUncertified,FiniteUncertified,FiniteUncertified,FiniteUncertified,EventLocationLimited,EventLocationLimited,EventLocationLimited,EventLocationLimited,EventLocationLimited
rand014,0.0,Strict,1,1.0e-04,0,EventLocationLimited,Converged,EventLocationLimited,1,1.4874346984987161,5.8455479e-07,0.867837,0.341863,0.524943,0.000024,0.001036,0.328257,0.000714,77,77,6,0,0,1,6,FiniteUncertified,FiniteUncertified,FiniteUncertified,FiniteUncertified,FiniteUncertified,EventLocationLimited,EventLocationLimited,EventLocationLimited,EventLocationLimited,EventLocationLimited
rand014,0.0,ValueFirst,0,1.0e-03,0,Converged,Converged,EventLocationLimited,1,1.487386506934764,0.00027302177,1.156844,0.648759,0.506873,0.000018,0.001998,0.336589,0.001450,77,77,6,0,0,1,6,FiniteUncertified,FiniteUncertified,FiniteUncertified,FiniteUncertified,FiniteUncertified,EventLocationLimited,EventLocationLimited,EventLocationLimited,EventLocationLimited,EventLocationLimited
rand014,0.0,ValueFirst,0,1.0e-04,0,Converged,Converged,EventLocationLimited,1,1.4873865069363803,5.8457525e-07,1.131700,0.645175,0.485501,0.000018,0.001037,0.332644,0.000672,77,77,6,0,0,1,6,FiniteUncertified,FiniteUncertified,FiniteUncertified,FiniteUncertified,FiniteUncertified,EventLocationLimited,EventLocationLimited,EventLocationLimited,EventLocationLimited,EventLocationLimited
rand014,0.0,ValueFirst,1,1.0e-03,0,Converged,Converged,EventLocationLimited,1,1.4874346984970961,0.00027304877,0.886024,0.343787,0.540790,0.000017,0.001142,0.338431,0.000735,77,77,6,0,0,1,6,FiniteUncertified,FiniteUncertified,FiniteUncertified,FiniteUncertified,FiniteUncertified,EventLocationLimited,EventLocationLimited,EventLocationLimited,EventLocationLimited,EventLocationLimited
rand014,0.0,ValueFirst,1,1.0e-04,0,Converged,Converged,EventLocationLimited,1,1.4874346984987161,5.8455479e-07,0.888935,0.346524,0.541463,0.000018,0.001013,0.342769,0.000699,77,77,6,0,0,1,6,FiniteUncertified,FiniteUncertified,FiniteUncertified,FiniteUncertified,FiniteUncertified,EventLocationLimited,EventLocationLimited,EventLocationLimited,EventLocationLimited,EventLocationLimited
rand014,0.5,None,0,1.0e-03,0,Converged,Converged,Converged,1,1.4873861388520075,0.0013588753,1.126316,0.652394,0.473311,0.000018,0.001258,0.332693,0.001475,53,53,6,0,0,1,6,NotRequested,NotRequested,NotRequested,NotRequested,NotRequested,NotRequested,NotRequested,NotRequested,NotRequested,NotRequested
rand014,0.5,None,0,1.0e-04,0,Converged,Converged,Converged,1,1.4873861390739149,8.0636517e-07,1.120467,0.648344,0.471262,0.000025,0.001013,0.319067,0.000700,69,69,6,0,0,1,6,NotRequested,NotRequested,NotRequested,NotRequested,NotRequested,NotRequested,NotRequested,NotRequested,NotRequested,NotRequested
rand014,0.5,None,1,1.0e-03,0,Converged,Converged,Converged,1,1.487434330359382,0.0013590097,0.840894,0.339311,0.500625,0.000018,0.001010,0.347953,0.000744,53,53,6,0,0,1,6,NotRequested,NotRequested,NotRequested,NotRequested,NotRequested,NotRequested,NotRequested,NotRequested,NotRequested,NotRequested
rand014,0.5,None,1,1.0e-04,0,Converged,Converged,Converged,1,1.4874343305813162,8.0633818e-07,0.865829,0.340597,0.524283,0.000018,0.000996,0.336301,0.000626,69,69,6,0,0,1,6,NotRequested,NotRequested,NotRequested,NotRequested,NotRequested,NotRequested,NotRequested,NotRequested,NotRequested,NotRequested
rand014,0.5,Strict,0,1.0e-03,0,EventLocationLimited,Converged,EventLocationLimited,1,1.4873861388520075,0.0013588753,1.270308,0.644816,0.624860,0.000019,0.001330,0.333154,0.001324,93,93,6,0,0,1,6,FiniteUncertified,FiniteUncertified,FiniteUncertified,ToleranceMet,ToleranceMet,EventLocationLimited,EventLocationLimited,EventLocationLimited,ToleranceMet,ToleranceMet
rand014,0.5,Strict,0,1.0e-04,0,EventLocationLimited,Converged,EventLocationLimited,1,1.4873861390739149,8.0636517e-07,1.257394,0.649704,0.606620,0.000019,0.001035,0.325443,0.000696,93,93,6,0,0,1,6,FiniteUncertified,FiniteUncertified,FiniteUncertified,ToleranceMet,ToleranceMet,EventLocationLimited,EventLocationLimited,EventLocationLimited,ToleranceMet,ToleranceMet
rand014,0.5,Strict,1,1.0e-03,0,EventLocationLimited,Converged,EventLocationLimited,1,1.487434330359382,0.0013590097,1.108649,0.366592,0.695537,0.000096,0.001822,0.362400,0.001654,93,93,6,0,0,1,6,FiniteUncertified,FiniteUncertified,FiniteUncertified,ToleranceMet,ToleranceMet,EventLocationLimited,EventLocationLimited,EventLocationLimited,ToleranceMet,ToleranceMet
rand014,0.5,Strict,1,1.0e-04,0,EventLocationLimited,Converged,EventLocationLimited,1,1.4874343305813162,8.0633818e-07,1.003609,0.346006,0.656427,0.000019,0.000984,0.331250,0.000726,93,93,6,0,0,1,6,FiniteUncertified,FiniteUncertified,FiniteUncertified,ToleranceMet,ToleranceMet,EventLocationLimited,EventLocationLimited,EventLocationLimited,ToleranceMet,ToleranceMet
rand014,0.5,ValueFirst,0,1.0e-03,0,Converged,Converged,BudgetExceeded,1,1.4873861388520075,0.0013588753,1.261725,0.649774,0.611057,0.000019,0.001680,0.321373,0.001300,93,93,6,0,0,1,6,FiniteUncertified,FiniteUncertified,FiniteUncertified,ToleranceMet,ToleranceMet,BudgetExceeded,BudgetExceeded,BudgetExceeded,ToleranceMet,ToleranceMet
rand014,0.5,ValueFirst,0,1.0e-04,0,Converged,Converged,EventLocationLimited,1,1.4873861390739149,8.0636517e-07,1.258378,0.645064,0.612126,0.000019,0.001038,0.332541,0.000686,93,93,6,0,0,1,6,FiniteUncertified,FiniteUncertified,FiniteUncertified,ToleranceMet,ToleranceMet,EventLocationLimited,EventLocationLimited,EventLocationLimited,ToleranceMet,ToleranceMet
rand014,0.5,ValueFirst,1,1.0e-03,0,Converged,Converged,BudgetExceeded,1,1.487434330359382,0.0013590097,1.011216,0.339911,0.670114,0.000019,0.001132,0.338108,0.000780,93,93,6,0,0,1,6,FiniteUncertified,FiniteUncertified,FiniteUncertified,ToleranceMet,ToleranceMet,BudgetExceeded,BudgetExceeded,BudgetExceeded,ToleranceMet,ToleranceMet
rand014,0.5,ValueFirst,1,1.0e-04,0,Converged,Converged,EventLocationLimited,1,1.4874343305813162,8.0633818e-07,1.075043,0.356825,0.717046,0.000018,0.002161,0.358607,0.000712,93,93,6,0,0,1,6,FiniteUncertified,FiniteUncertified,FiniteUncertified,ToleranceMet,ToleranceMet,EventLocationLimited,EventLocationLimited,EventLocationLimited,ToleranceMet,ToleranceMet
rand015,0.0,None,0,1.0e-03,0,Converged,Converged,Converged,1,2.1025684735043271,0.00069319217,0.965892,0.634810,0.330167,0.000018,0.001352,0.260832,0.001617,46,46,4,0,0,1,4,NotRequested,NotRequested,NotRequested,NotRequested,NotRequested,NotRequested,NotRequested,NotRequested,NotRequested,NotRequested
rand015,0.0,None,0,1.0e-04,0,Converged,Converged,Converged,1,2.1025684734872563,3.0654346e-09,0.965794,0.631157,0.333706,0.000018,0.000862,0.249402,0.000552,62,62,4,0,0,1,4,NotRequested,NotRequested,NotRequested,NotRequested,NotRequested,NotRequested,NotRequested,NotRequested,NotRequested,NotRequested
rand015,0.0,None,1,1.0e-03,0,Converged,Converged,Converged,1,2.1020062070366867,0.00069279959,0.849722,0.514219,0.334266,0.000019,0.001265,0.255564,0.000461,46,46,4,0,0,1,4,NotRequested,NotRequested,NotRequested,NotRequested,NotRequested,NotRequested,NotRequested,NotRequested,NotRequested,NotRequested
rand015,0.0,None,1,1.0e-04,0,Converged,Converged,Converged,1,2.1020062070196364,3.0637792e-09,0.884730,0.524525,0.359154,0.000018,0.000866,0.254983,0.000466,62,62,4,0,0,1,4,NotRequested,NotRequested,NotRequested,NotRequested,NotRequested,NotRequested,NotRequested,NotRequested,NotRequested,NotRequested
rand015,0.0,Strict,0,1.0e-03,0,EventLocationLimited,Converged,EventLocationLimited,1,2.1025684735043271,0.00069319217,0.986074,0.627785,0.357675,0.000026,0.001095,0.247185,0.000939,62,62,4,0,0,1,4,ToleranceMet,ToleranceMet,FiniteUncertified,ToleranceMet,ToleranceMet,ToleranceMet,ToleranceMet,EventLocationLimited,ToleranceMet,ToleranceMet
rand015,0.0,Strict,0,1.0e-04,0,EventLocationLimited,Converged,EventLocationLimited,1,2.1025684734872563,3.0654346e-09,0.988257,0.631009,0.356243,0.000018,0.000852,0.256585,0.000462,62,62,4,0,0,1,4,ToleranceMet,ToleranceMet,FiniteUncertified,ToleranceMet,ToleranceMet,ToleranceMet,ToleranceMet,EventLocationLimited,ToleranceMet,ToleranceMet
rand015,0.0,Strict,1,1.0e-03,0,EventLocationLimited,Converged,EventLocationLimited,1,2.1020062070366867,0.00069279959,1.029029,0.535556,0.413668,0.000060,0.001329,0.282042,0.001341,62,62,4,0,0,1,4,ToleranceMet,ToleranceMet,FiniteUncertified,ToleranceMet,ToleranceMet,ToleranceMet,ToleranceMet,EventLocationLimited,ToleranceMet,ToleranceMet
rand015,0.0,Strict,1,1.0e-04,0,EventLocationLimited,Converged,EventLocationLimited,1,2.1020062070196364,3.0637792e-09,0.892026,0.518569,0.372305,0.000018,0.000798,0.247501,0.000467,62,62,4,0,0,1,4,ToleranceMet,ToleranceMet,FiniteUncertified,ToleranceMet,ToleranceMet,ToleranceMet,ToleranceMet,EventLocationLimited,ToleranceMet,ToleranceMet
rand015,0.0,ValueFirst,0,1.0e-03,0,Converged,Converged,EventLocationLimited,1,2.1025684735043271,0.00069319217,0.968128,0.621284,0.345810,0.000018,0.001211,0.244431,0.000868,62,62,4,0,0,1,4,ToleranceMet,ToleranceMet,FiniteUncertified,ToleranceMet,ToleranceMet,ToleranceMet,ToleranceMet,EventLocationLimited,ToleranceMet,ToleranceMet
rand015,0.0,ValueFirst,0,1.0e-04,0,Converged,Converged,EventLocationLimited,1,2.1025684734872563,3.0654346e-09,0.957365,0.620264,0.336030,0.000019,0.000822,0.240235,0.000435,62,62,4,0,0,1,4,ToleranceMet,ToleranceMet,FiniteUncertified,ToleranceMet,ToleranceMet,ToleranceMet,ToleranceMet,EventLocationLimited,ToleranceMet,ToleranceMet
rand015,0.0,ValueFirst,1,1.0e-03,0,Converged,Converged,EventLocationLimited,1,2.1020062070366867,0.00069279959,0.911289,0.515857,0.392647,0.000018,0.000868,0.260665,0.000494,62,62,4,0,0,1,4,ToleranceMet,ToleranceMet,FiniteUncertified,ToleranceMet,ToleranceMet,ToleranceMet,ToleranceMet,EventLocationLimited,ToleranceMet,ToleranceMet
rand015,0.0,ValueFirst,1,1.0e-04,0,Converged,Converged,EventLocationLimited,1,2.1020062070196364,3.0637792e-09,0.889306,0.518045,0.370306,0.000019,0.000825,0.252018,0.000407,62,62,4,0,0,1,4,ToleranceMet,ToleranceMet,FiniteUncertified,ToleranceMet,ToleranceMet,ToleranceMet,ToleranceMet,EventLocationLimited,ToleranceMet,ToleranceMet
rand015,0.5,None,0,1.0e-03,0,Converged,Converged,Converged,1,2.1025314677020024,6.2201341e-08,0.979231,0.627778,0.350850,0.000018,0.001156,0.246076,0.000799,62,62,4,0,0,1,4,NotRequested,NotRequested,NotRequested,NotRequested,NotRequested,NotRequested,NotRequested,NotRequested,NotRequested,NotRequested
rand015,0.5,None,0,1.0e-04,0,Converged,Converged,Converged,1,2.1025314677020024,6.2201341e-08,0.996570,0.638785,0.356719,0.000020,0.000911,0.257171,0.000924,62,62,4,0,0,1,4,NotRequested,NotRequested,NotRequested,NotRequested,NotRequested,NotRequested,NotRequested,NotRequested,NotRequested,NotRequested
rand015,0.5,None,1,1.0e-03,0,Converged,Converged,Converged,1,2.1019692359748432,6.2164402e-08,0.885410,0.519880,0.364573,0.000018,0.000866,0.246768,0.000433,62,62,4,0,0,1,4,NotRequested,NotRequested,NotRequested,NotRequested,NotRequested,NotRequested,NotRequested,NotRequested,NotRequested,NotRequested
rand015,0.5,None,1,1.0e-04,0,Converged,Converged,Converged,1,2.1019692359748432,6.2164402e-08,0.885802,0.514421,0.370404,0.000018,0.000833,0.252274,0.000377,62,62,4,0,0,1,4,NotRequested,NotRequested,NotRequested,NotRequested,NotRequested,NotRequested,NotRequested,NotRequested,NotRequested,NotRequested
rand015,0.5,Strict,0,1.0e-03,0,EventLocationLimited,Converged,EventLocationLimited,1,2.1025314677020024,6.2201341e-08,1.022386,0.618168,0.403603,0.000029,0.001071,0.251997,0.000845,62,62,4,0,0,1,4,ToleranceMet,ToleranceMet,FiniteUncertified,ToleranceMet,ToleranceMet,ToleranceMet,ToleranceMet,EventLocationLimited,ToleranceMet,ToleranceMet
rand015,0.5,Strict,0,1.0e-04,0,EventLocationLimited,Converged,EventLocationLimited,1,2.1025314677020024,6.2201341e-08,1.029248,0.621338,0.406977,0.000019,0.000885,0.266119,0.000480,62,62,4,0,0,1,4,ToleranceMet,ToleranceMet,FiniteUncertified,ToleranceMet,ToleranceMet,ToleranceMet,ToleranceMet,EventLocationLimited,ToleranceMet,ToleranceMet
rand015,0.5,Strict,1,1.0e-03,0,EventLocationLimited,Converged,EventLocationLimited,1,2.1019692359748432,6.2164402e-08,1.076316,0.544785,0.451584,0.000021,0.001293,0.277165,0.000954,62,62,4,0,0,1,4,ToleranceMet,ToleranceMet,FiniteUncertified,ToleranceMet,ToleranceMet,ToleranceMet,ToleranceMet,EventLocationLimited,ToleranceMet,ToleranceMet
rand015,0.5,Strict,1,1.0e-04,0,EventLocationLimited,Converged,EventLocationLimited,1,2.1019692359748432,6.2164402e-08,0.937992,0.526994,0.409946,0.000018,0.000818,0.249329,0.000471,62,62,4,0,0,1,4,ToleranceMet,ToleranceMet,FiniteUncertified,ToleranceMet,ToleranceMet,ToleranceMet,ToleranceMet,EventLocationLimited,ToleranceMet,ToleranceMet
rand015,0.5,ValueFirst,0,1.0e-03,0,Converged,Converged,EventLocationLimited,1,2.1025314677020024,6.2201341e-08,1.042665,0.633651,0.408292,0.000018,0.001271,0.260364,0.001033,62,62,4,0,0,1,4,ToleranceMet,ToleranceMet,FiniteUncertified,ToleranceMet,ToleranceMet,ToleranceMet,ToleranceMet,EventLocationLimited,ToleranceMet,ToleranceMet
rand015,0.5,ValueFirst,0,1.0e-04,0,Converged,Converged,EventLocationLimited,1,2.1025314677020024,6.2201341e-08,1.018786,0.629198,0.388569,0.000019,0.000824,0.249709,0.000442,62,62,4,0,0,1,4,ToleranceMet,ToleranceMet,FiniteUncertified,ToleranceMet,ToleranceMet,ToleranceMet,ToleranceMet,EventLocationLimited,ToleranceMet,ToleranceMet
rand015,0.5,ValueFirst,1,1.0e-03,0,Converged,Converged,EventLocationLimited,1,2.1019692359748432,6.2164402e-08,0.956522,0.518743,0.435224,0.000018,0.000855,0.267803,0.000506,62,62,4,0,0,1,4,ToleranceMet,ToleranceMet,FiniteUncertified,ToleranceMet,ToleranceMet,ToleranceMet,ToleranceMet,EventLocationLimited,ToleranceMet,ToleranceMet
rand015,0.5,ValueFirst,1,1.0e-04,0,Converged,Converged,EventLocationLimited,1,2.1019692359748432,6.2164402e-08,0.936871,0.516395,0.419495,0.000018,0.000822,0.258941,0.000492,62,62,4,0,0,1,4,ToleranceMet,ToleranceMet,FiniteUncertified,ToleranceMet,ToleranceMet,ToleranceMet,ToleranceMet,EventLocationLimited,ToleranceMet,ToleranceMet
rand016,0.0,None,0,1.0e-03,0,Converged,Converged,Converged,1,1.6351967191748373,0.00075991786,1.257428,0.842459,0.414411,0.000021,0.014316,0.256008,0.001687,60,60,4,1,1,1,3,NotRequested,NotRequested,NotRequested,NotRequested,NotRequested,NotRequested,NotRequested,NotRequested,NotRequested,NotRequested
rand016,0.0,None,0,1.0e-04,0,Converged,Converged,Converged,1,1.6351962989602453,7.0369338e-06,1.325959,0.838227,0.486961,0.000018,0.008306,0.243699,0.000841,108,108,4,1,1,1,3,NotRequested,NotRequested,NotRequested,NotRequested,NotRequested,NotRequested,NotRequested,NotRequested,NotRequested,NotRequested
rand016,0.0,None,1,1.0e-03,0,Converged,Converged,Converged,1,1.6356273005201141,0.00076026907,1.070673,0.680770,0.389020,0.000019,0.008091,0.244305,0.000712,60,60,4,1,1,1,3,NotRequested,NotRequested,NotRequested,NotRequested,NotRequested,NotRequested,NotRequested,NotRequested,NotRequested,NotRequested
rand016,0.0,None,1,1.0e-04,0,Converged,Converged,Converged,1,1.6356268802333016,7.0381552e-06,1.205397,0.688774,0.515642,0.000020,0.009290,0.259490,0.000650,108,108,4,1,1,1,3,NotRequested,NotRequested,NotRequested,NotRequested,NotRequested,NotRequested,NotRequested,NotRequested,NotRequested,NotRequested
rand016,0.0,Strict,0,1.0e-03,0,EventLocationLimited,Converged,EventLocationLimited,1,1.6351967191748373,0.00075991786,2.147657,0.840522,1.306529,0.000019,0.007768,0.238618,0.001337,316,316,4,1,1,1,3,ToleranceMet,ToleranceMet,FiniteUncertified,ToleranceMet,ToleranceMet,ToleranceMet,ToleranceMet,EventLocationLimited,ToleranceMet,ToleranceMet
rand016,0.0,Strict,0,1.0e-04,0,EventLocationLimited,Converged,EventLocationLimited,1,1.6351962989602453,7.0369338e-06,2.125373,0.835159,1.289232,0.000026,0.008058,0.255050,0.000721,316,316,4,1,1,1,3,ToleranceMet,ToleranceMet,FiniteUncertified,ToleranceMet,ToleranceMet,ToleranceMet,ToleranceMet,EventLocationLimited,ToleranceMet,ToleranceMet
rand016,0.0,Strict,1,1.0e-03,0,EventLocationLimited,Converged,EventLocationLimited,1,1.6356273005201141,0.00076026907,2.101971,0.706749,1.333792,0.000045,0.012212,0.266099,0.001360,316,316,4,1,1,1,3,ToleranceMet,ToleranceMet,FiniteUncertified,ToleranceMet,ToleranceMet,ToleranceMet,ToleranceMet,EventLocationLimited,ToleranceMet,ToleranceMet
rand016,0.0,Strict,1,1.0e-04,0,EventLocationLimited,Converged,EventLocationLimited,1,1.6356268802333016,7.0381552e-06,1.998634,0.686041,1.311436,0.000024,0.008225,0.256143,0.000692,316,316,4,1,1,1,3,ToleranceMet,ToleranceMet,FiniteUncertified,ToleranceMet,ToleranceMet,ToleranceMet,ToleranceMet,EventLocationLimited,ToleranceMet,ToleranceMet
rand016,0.0,ValueFirst,0,1.0e-03,0,Converged,Converged,BudgetExceeded,1,1.6351967191748373,0.00075991786,1.596087,0.840522,0.754767,0.000025,0.008451,0.254742,0.001286,172,172,4,1,1,1,3,ToleranceMet,ToleranceMet,FiniteUncertified,ToleranceMet,ToleranceMet,ToleranceMet,ToleranceMet,BudgetExceeded,ToleranceMet,ToleranceMet
rand016,0.0,ValueFirst,0,1.0e-04,0,Converged,Converged,BudgetExceeded,1,1.6351962989602453,7.0369338e-06,1.787404,0.836516,0.949875,0.000018,0.008094,0.253305,0.000719,188,188,4,1,1,1,3,ToleranceMet,ToleranceMet,FiniteUncertified,ToleranceMet,ToleranceMet,ToleranceMet,ToleranceMet,BudgetExceeded,ToleranceMet,ToleranceMet
rand016,0.0,ValueFirst,1,1.0e-03,0,Converged,Converged,BudgetExceeded,1,1.6356273005201141,0.00076026907,1.436230,0.684776,0.748969,0.000018,0.007997,0.254579,0.000751,172,172,4,1,1,1,3,ToleranceMet,ToleranceMet,FiniteUncertified,ToleranceMet,ToleranceMet,ToleranceMet,ToleranceMet,BudgetExceeded,ToleranceMet,ToleranceMet
rand016,0.0,ValueFirst,1,1.0e-04,0,Converged,Converged,BudgetExceeded,1,1.6356268802333016,7.0381552e-06,1.482692,0.688118,0.793673,0.000021,0.008117,0.257153,0.000685,188,188,4,1,1,1,3,ToleranceMet,ToleranceMet,FiniteUncertified,ToleranceMet,ToleranceMet,ToleranceMet,ToleranceMet,BudgetExceeded,ToleranceMet,ToleranceMet
rand016,0.5,None,0,1.0e-03,0,Converged,Converged,Converged,1,1.635174680031378,0.0002365734,1.274303,0.829612,0.444115,0.000018,0.008227,0.257620,0.001320,76,76,4,1,1,1,3,NotRequested,NotRequested,NotRequested,NotRequested,NotRequested,NotRequested,NotRequested,NotRequested,NotRequested,NotRequested
rand016,0.5,None,0,1.0e-04,0,Converged,Converged,Converged,1,1.6351744279066029,2.0969268e-05,1.353909,0.836325,0.516702,0.000019,0.007843,0.248474,0.000698,108,108,4,1,1,1,3,NotRequested,NotRequested,NotRequested,NotRequested,NotRequested,NotRequested,NotRequested,NotRequested,NotRequested,NotRequested
rand016,0.5,None,1,1.0e-03,0,Converged,Converged,Converged,1,1.6356052375094721,0.00023661294,1.104549,0.678505,0.425169,0.000026,0.007618,0.243481,0.000654,76,76,4,1,1,1,3,NotRequested,NotRequested,NotRequested,NotRequested,NotRequested,NotRequested,NotRequested,NotRequested,NotRequested,NotRequested
rand016,0.5,None,1,1.0e-04,0,Converged,Converged,Converged,1,1.6356049853413739,2.0972762e-05,1.188263,0.673112,0.514318,0.000022,0.007567,0.245622,0.000609,108,108,4,1,1,1,3,NotRequested,NotRequested,NotRequested,NotRequested,NotRequested,NotRequested,NotRequested,NotRequested,NotRequested,NotRequested
rand016,0.5,Strict,0,1.0e-03,0,EventLocationLimited,Converged,EventLocationLimited,1,1.635174680031378,0.0002365734,2.351355,0.834353,1.516427,0.000019,0.008144,0.238754,0.001224,316,316,4,1,1,1,3,ToleranceMet,ToleranceMet,FiniteUncertified,ToleranceMet,ToleranceMet,ToleranceMet,ToleranceMet,EventLocationLimited,ToleranceMet,ToleranceMet
rand016,0.5,Strict,0,1.0e-04,0,EventLocationLimited,Converged,EventLocationLimited,1,1.6351744279066029,2.0969268e-05,2.397412,0.839910,1.556475,0.000021,0.009550,0.266053,0.000791,316,316,4,1,1,1,3,ToleranceMet,ToleranceMet,FiniteUncertified,ToleranceMet,ToleranceMet,ToleranceMet,ToleranceMet,EventLocationLimited,ToleranceMet,ToleranceMet
rand016,0.5,Strict,1,1.0e-03,0,EventLocationLimited,Converged,EventLocationLimited,1,1.6356052375094721,0.00023661294,2.439181,0.728388,1.650428,0.000113,0.016503,0.318610,0.002451,316,316,4,1,1,1,3,ToleranceMet,ToleranceMet,FiniteUncertified,ToleranceMet,ToleranceMet,ToleranceMet,ToleranceMet,EventLocationLimited,ToleranceMet,ToleranceMet
rand016,0.5,Strict,1,1.0e-04,0,EventLocationLimited,Converged,EventLocationLimited,1,1.6356049853413739,2.0972762e-05,2.447014,0.701296,1.744506,0.000030,0.008122,0.259448,0.000686,316,316,4,1,1,1,3,ToleranceMet,ToleranceMet,FiniteUncertified,ToleranceMet,ToleranceMet,ToleranceMet,ToleranceMet,EventLocationLimited,ToleranceMet,ToleranceMet
rand016,0.5,ValueFirst,0,1.0e-03,0,Converged,Converged,BudgetExceeded,1,1.635174680031378,0.0002365734,1.753731,0.843217,0.909317,0.000020,0.008756,0.254921,0.001378,180,180,4,1,1,1,3,FiniteUncertified,FiniteUncertified,FiniteUncertified,FiniteUncertified,ToleranceMet,BudgetExceeded,BudgetExceeded,BudgetExceeded,BudgetExceeded,ToleranceMet
rand016,0.5,ValueFirst,0,1.0e-04,0,Converged,Converged,BudgetExceeded,1,1.6351744279066029,2.0969268e-05,1.748650,0.830226,0.917349,0.000018,0.014165,0.253656,0.000750,188,188,4,1,1,1,3,ToleranceMet,ToleranceMet,FiniteUncertified,ToleranceMet,ToleranceMet,ToleranceMet,ToleranceMet,BudgetExceeded,ToleranceMet,ToleranceMet
rand016,0.5,ValueFirst,1,1.0e-03,0,Converged,Converged,BudgetExceeded,1,1.6356052375094721,0.00023661294,1.573107,0.675935,0.895429,0.000020,0.008124,0.262458,0.000751,180,180,4,1,1,1,3,FiniteUncertified,FiniteUncertified,FiniteUncertified,FiniteUncertified,ToleranceMet,BudgetExceeded,BudgetExceeded,BudgetExceeded,BudgetExceeded,ToleranceMet
rand016,0.5,ValueFirst,1,1.0e-04,0,Converged,Converged,BudgetExceeded,1,1.6356049853413739,2.0972762e-05,1.616621,0.684270,0.931353,0.000018,0.007848,0.246329,0.000699,188,188,4,1,1,1,3,ToleranceMet,ToleranceMet,FiniteUncertified,ToleranceMet,ToleranceMet,ToleranceMet,ToleranceMet,BudgetExceeded,ToleranceMet,ToleranceMet
rand017,0.0,None,0,1.0e-03,0,Converged,Converged,Converged,1,5.3729762894509872,1.8790015e-07,0.873306,0.623304,0.249424,0.000018,0.008871,0.146238,0.001555,62,62,4,0,0,1,4,NotRequested,NotRequested,NotRequested,NotRequested,NotRequested,NotRequested,NotRequested,NotRequested,NotRequested,NotRequested
rand017,0.0,None,0,1.0e-04,0,Converged,Converged,Converged,1,5.3729762894509872,1.8790015e-07,0.850531,0.624097,0.225393,0.000018,0.007898,0.135751,0.000529,62,62,4,0,0,1,4,NotRequested,NotRequested,NotRequested,NotRequested,NotRequested,NotRequested,NotRequested,NotRequested,NotRequested,NotRequested
rand017,0.0,None,1,1.0e-03,0,Converged,Converged,Converged,1,5.3783557998026303,1.8852059e-07,0.769850,0.503937,0.264674,0.000021,0.007930,0.166305,0.000429,62,62,4,0,0,1,4,NotRequested,NotRequested,NotRequested,NotRequested,NotRequested,NotRequested,NotRequested,NotRequested,NotRequested,NotRequested
rand017,0.0,None,1,1.0e-04,0,Converged,Converged,Converged,1,5.3783557998026303,1.8852059e-07,0.762179,0.497773,0.263439,0.000019,0.007661,0.164987,0.000402,62,62,4,0,0,1,4,NotRequested,NotRequested,NotRequested,NotRequested,NotRequested,NotRequested,NotRequested,NotRequested,NotRequested,NotRequested
rand017,0.0,Strict,0,1.0e-03,0,EventLocationLimited,Converged,EventLocationLimited,1,5.3729762894509872,1.8790015e-07,13.791320,0.621095,13.168967,0.000019,0.007811,0.133988,0.000908,3247,3247,4,0,0,1,4,FiniteUncertified,FiniteUncertified,FiniteUncertified,FiniteUncertified,FiniteUncertified,EventLocationLimited,EventLocationLimited,EventLocationLimited,EventLocationLimited,EventLocationLimited
rand017,0.0,Strict,0,1.0e-04,0,EventLocationLimited,Converged,EventLocationLimited,1,5.3729762894509872,1.8790015e-07,10.461215,0.649935,9.789600,0.000305,0.015776,0.162794,0.001489,3247,3247,4,0,0,1,4,FiniteUncertified,FiniteUncertified,FiniteUncertified,FiniteUncertified,FiniteUncertified,EventLocationLimited,EventLocationLimited,EventLocationLimited,EventLocationLimited,EventLocationLimited
rand017,0.0,Strict,1,1.0e-03,0,EventLocationLimited,Converged,EventLocationLimited,1,5.3783557998026303,1.8852059e-07,19.122909,0.565822,18.470849,0.000221,0.015669,0.243638,0.001715,2993,2993,4,0,0,1,4,FiniteUncertified,FiniteUncertified,FiniteUncertified,FiniteUncertified,FiniteUncertified,EventLocationLimited,EventLocationLimited,EventLocationLimited,EventLocationLimited,EventLocationLimited
rand017,0.0,Strict,1,1.0e-04,0,EventLocationLimited,Converged,EventLocationLimited,1,5.3783557998026303,1.8852059e-07,14.579559,0.518271,14.037817,0.000018,0.009683,0.228664,0.000731,2993,2993,4,0,0,1,4,FiniteUncertified,FiniteUncertified,FiniteUncertified,FiniteUncertified,FiniteUncertified,EventLocationLimited,EventLocationLimited,EventLocationLimited,EventLocationLimited,EventLocationLimited
rand017,0.0,ValueFirst,0,1.0e-03,0,Converged,Converged,BudgetExceeded,1,5.3729762894509872,1.8790015e-07,1.851223,0.901134,0.948798,0.000034,0.020572,0.203268,0.001558,286,286,4,0,0,1,4,FiniteUncertified,FiniteUncertified,FiniteUncertified,FiniteUncertified,FiniteUncertified,BudgetExceeded,BudgetExceeded,BudgetExceeded,BudgetExceeded,BudgetExceeded
rand017,0.0,ValueFirst,0,1.0e-04,0,Converged,Converged,BudgetExceeded,1,5.3729762894509872,1.8790015e-07,1.578259,0.671401,0.904345,0.000019,0.008433,0.144143,0.000498,286,286,4,0,0,1,4,FiniteUncertified,FiniteUncertified,FiniteUncertified,FiniteUncertified,FiniteUncertified,BudgetExceeded,BudgetExceeded,BudgetExceeded,BudgetExceeded,BudgetExceeded
rand017,0.0,ValueFirst,1,1.0e-03,0,Converged,Converged,BudgetExceeded,1,5.3783557998026303,1.8852059e-07,1.462786,0.564561,0.895134,0.000025,0.008266,0.175669,0.000444,286,286,4,0,0,1,4,FiniteUncertified,FiniteUncertified,FiniteUncertified,FiniteUncertified,FiniteUncertified,BudgetExceeded,BudgetExceeded,BudgetExceeded,BudgetExceeded,BudgetExceeded
rand017,0.0,ValueFirst,1,1.0e-04,0,Converged,Converged,BudgetExceeded,1,5.3783557998026303,1.8852059e-07,1.602688,0.636894,0.962411,0.000026,0.010935,0.212802,0.000562,286,286,4,0,0,1,4,FiniteUncertified,FiniteUncertified,FiniteUncertified,FiniteUncertified,FiniteUncertified,BudgetExceeded,BudgetExceeded,BudgetExceeded,BudgetExceeded,BudgetExceeded
rand017,0.5,None,0,1.0e-03,0,Converged,Converged,Converged,1,5.3706242487534901,1.8575414e-07,0.996011,0.720834,0.274549,0.000019,0.008316,0.151112,0.000866,62,62,4,0,0,1,4,NotRequested,NotRequested,NotRequested,NotRequested,NotRequested,NotRequested,NotRequested,NotRequested,NotRequested,NotRequested
rand017,0.5,None,0,1.0e-04,0,Converged,Converged,Converged,1,5.3706242487534901,1.8575414e-07,0.971630,0.674613,0.295861,0.000021,0.008489,0.160378,0.000488,62,62,4,0,0,1,4,NotRequested,NotRequested,NotRequested,NotRequested,NotRequested,NotRequested,NotRequested,NotRequested,NotRequested,NotRequested
rand017,0.5,None,1,1.0e-03,0,Converged,Converged,Converged,1,5.3759965113404684,1.8671812e-07,0.884542,0.551574,0.331791,0.000018,0.008517,0.183578,0.000468,62,62,4,0,0,1,4,NotRequested,NotRequested,NotRequested,NotRequested,NotRequested,NotRequested,NotRequested,NotRequested,NotRequested,NotRequested
rand017,0.5,None,1,1.0e-04,0,Converged,Converged,Converged,1,5.3759965113404684,1.8671812e-07,0.894666,0.591989,0.301695,0.000021,0.008487,0.181337,0.000485,62,62,4,0,0,1,4,NotRequested,NotRequested,NotRequested,NotRequested,NotRequested,NotRequested,NotRequested,NotRequested,NotRequested,NotRequested
rand017,0.5,Strict,0,1.0e-03,0,TopologyUnresolved,Converged,TopologyUnresolved,1,5.370624248753491,1.8575414e-07,8.696727,0.674744,8.021133,0.000018,0.007775,0.132894,0.000863,1954,1954,4,0,0,1,4,Invalid,Invalid,Invalid,Invalid,Invalid,TopologyUnresolved,TopologyUnresolved,TopologyUnresolved,TopologyUnresolved,TopologyUnresolved
rand017,0.5,Strict,0,1.0e-04,0,TopologyUnresolved,Converged,TopologyUnresolved,1,5.370624248753491,1.8575414e-07,7.414865,0.741909,6.656714,0.000041,0.013422,0.199504,0.000805,1954,1954,4,0,0,1,4,Invalid,Invalid,Invalid,Invalid,Invalid,TopologyUnresolved,TopologyUnresolved,TopologyUnresolved,TopologyUnresolved,TopologyUnresolved
rand017,0.5,Strict,1,1.0e-03,0,TopologyUnresolved,Converged,TopologyUnresolved,1,5.3759965113404684,1.8671812e-07,8.780974,0.575581,8.115407,0.000228,0.017496,0.210781,0.001900,2224,2224,4,0,0,1,4,Invalid,Invalid,Invalid,Invalid,Invalid,TopologyUnresolved,TopologyUnresolved,TopologyUnresolved,TopologyUnresolved,TopologyUnresolved
rand017,0.5,Strict,1,1.0e-04,0,TopologyUnresolved,Converged,TopologyUnresolved,1,5.3759965113404684,1.8671812e-07,8.554434,0.518519,8.022427,0.000038,0.008558,0.185453,0.000537,2224,2224,4,0,0,1,4,Invalid,Invalid,Invalid,Invalid,Invalid,TopologyUnresolved,TopologyUnresolved,TopologyUnresolved,TopologyUnresolved,TopologyUnresolved
rand017,0.5,ValueFirst,0,1.0e-03,0,Converged,Converged,BudgetExceeded,1,5.370624248753491,1.8575414e-07,1.637320,0.638165,0.997571,0.000036,0.009268,0.155558,0.001264,286,286,4,0,0,1,4,FiniteUncertified,FiniteUncertified,FiniteUncertified,FiniteUncertified,FiniteUncertified,BudgetExceeded,BudgetExceeded,BudgetExceeded,BudgetExceeded,BudgetExceeded
rand017,0.5,ValueFirst,0,1.0e-04,0,Converged,Converged,BudgetExceeded,1,5.370624248753491,1.8575414e-07,1.590450,0.624227,0.963851,0.000018,0.015442,0.149614,0.000532,286,286,4,0,0,1,4,FiniteUncertified,FiniteUncertified,FiniteUncertified,FiniteUncertified,FiniteUncertified,BudgetExceeded,BudgetExceeded,BudgetExceeded,BudgetExceeded,BudgetExceeded
rand017,0.5,ValueFirst,1,1.0e-03,0,Converged,Converged,BudgetExceeded,1,5.3759965113404684,1.8671812e-07,1.556303,0.502299,1.052010,0.000016,0.008290,0.181101,0.000478,286,286,4,0,0,1,4,FiniteUncertified,FiniteUncertified,FiniteUncertified,FiniteUncertified,FiniteUncertified,BudgetExceeded,BudgetExceeded,BudgetExceeded,BudgetExceeded,BudgetExceeded
rand017,0.5,ValueFirst,1,1.0e-04,0,Converged,Converged,BudgetExceeded,1,5.3759965113404684,1.8671812e-07,1.543031,0.502519,1.037959,0.000019,0.008109,0.170494,0.000433,286,286,4,0,0,1,4,FiniteUncertified,FiniteUncertified,FiniteUncertified,FiniteUncertified,FiniteUncertified,BudgetExceeded,BudgetExceeded,BudgetExceeded,BudgetExceeded,BudgetExceeded
rand018,0.0,None,0,1.0e-03,0,Converged,Converged,Converged,1,2.2051921431843593,0.00068480734,1.249597,0.646455,0.602526,0.000018,0.008720,0.519231,0.001368,46,46,4,0,0,1,4,NotRequested,NotRequested,NotRequested,NotRequested,NotRequested,NotRequested,NotRequested,NotRequested,NotRequested,NotRequested
rand018,0.0,None,0,1.0e-04,0,Converged,Converged,Converged,1,2.2051921431867036,1.2593773e-09,1.283542,0.650121,0.632475,0.000020,0.010858,0.525390,0.000533,62,62,4,0,0,1,4,NotRequested,NotRequested,NotRequested,NotRequested,NotRequested,NotRequested,NotRequested,NotRequested,NotRequested,NotRequested
rand018,0.0,None,1,1.0e-03,0,Converged,Converged,Converged,1,2.2050886634113778,0.0006847479,1.190845,0.540424,0.649200,0.000025,0.008283,0.521761,0.000496,46,46,4,0,0,1,4,NotRequested,NotRequested,NotRequested,NotRequested,NotRequested,NotRequested,NotRequested,NotRequested,NotRequested,NotRequested
rand018,0.0,None,1,1.0e-04,0,Converged,Converged,Converged,1,2.205088663413719,1.2592237e-09,1.204851,0.538530,0.665287,0.000020,0.008278,0.510363,0.000485,62,62,4,0,0,1,4,NotRequested,NotRequested,NotRequested,NotRequested,NotRequested,NotRequested,NotRequested,NotRequested,NotRequested,NotRequested
rand018,0.0,Strict,0,1.0e-03,0,EventLocationLimited,Converged,EventLocationLimited,1,2.2051921431843593,0.00068480734,1.285135,0.644622,0.639909,0.000018,0.008339,0.517972,0.000983,62,62,4,0,0,1,4,ToleranceMet,ToleranceMet,FiniteUncertified,ToleranceMet,ToleranceMet,ToleranceMet,ToleranceMet,EventLocationLimited,ToleranceMet,ToleranceMet
rand018,0.0,Strict,0,1.0e-04,0,EventLocationLimited,Converged,EventLocationLimited,1,2.2051921431867036,1.2593773e-09,1.276864,0.640339,0.635598,0.000017,0.007964,0.520612,0.000469,62,62,4,0,0,1,4,ToleranceMet,ToleranceMet,FiniteUncertified,ToleranceMet,ToleranceMet,ToleranceMet,ToleranceMet,EventLocationLimited,ToleranceMet,ToleranceMet
rand018,0.0,Strict,1,1.0e-03,0,EventLocationLimited,Converged,EventLocationLimited,1,2.2050886634113778,0.0006847479,1.422685,0.591499,0.751844,0.000136,0.015876,0.559911,0.002192,62,62,4,0,0,1,4,ToleranceMet,ToleranceMet,FiniteUncertified,ToleranceMet,ToleranceMet,ToleranceMet,ToleranceMet,EventLocationLimited,ToleranceMet,ToleranceMet
rand018,0.0,Strict,1,1.0e-04,0,EventLocationLimited,Converged,EventLocationLimited,1,2.205088663413719,1.2592237e-09,1.227107,0.543461,0.682592,0.000020,0.007963,0.503111,0.000507,62,62,4,0,0,1,4,ToleranceMet,ToleranceMet,FiniteUncertified,ToleranceMet,ToleranceMet,ToleranceMet,ToleranceMet,EventLocationLimited,ToleranceMet,ToleranceMet
rand018,0.0,ValueFirst,0,1.0e-03,0,Converged,Converged,EventLocationLimited,1,2.2051921431843593,0.00068480734,1.262487,0.635178,0.625703,0.000018,0.009289,0.509399,0.001066,62,62,4,0,0,1,4,ToleranceMet,ToleranceMet,FiniteUncertified,ToleranceMet,ToleranceMet,ToleranceMet,ToleranceMet,EventLocationLimited,ToleranceMet,ToleranceMet
rand018,0.0,ValueFirst,0,1.0e-04,0,Converged,Converged,EventLocationLimited,1,2.2051921431867036,1.2593773e-09,1.260493,0.639901,0.619577,0.000018,0.008089,0.509361,0.000474,62,62,4,0,0,1,4,ToleranceMet,ToleranceMet,FiniteUncertified,ToleranceMet,ToleranceMet,ToleranceMet,ToleranceMet,EventLocationLimited,ToleranceMet,ToleranceMet
rand018,0.0,ValueFirst,1,1.0e-03,0,Converged,Converged,EventLocationLimited,1,2.2050886634113778,0.0006847479,1.243802,0.542754,0.698129,0.000019,0.008346,0.524444,0.000489,62,62,4,0,0,1,4,ToleranceMet,ToleranceMet,FiniteUncertified,ToleranceMet,ToleranceMet,ToleranceMet,ToleranceMet,EventLocationLimited,ToleranceMet,ToleranceMet
rand018,0.0,ValueFirst,1,1.0e-04,0,Converged,Converged,EventLocationLimited,1,2.205088663413719,1.2592237e-09,1.294231,0.545835,0.747348,0.000019,0.010669,0.536212,0.000534,62,62,4,0,0,1,4,ToleranceMet,ToleranceMet,FiniteUncertified,ToleranceMet,ToleranceMet,ToleranceMet,ToleranceMet,EventLocationLimited,ToleranceMet,ToleranceMet
rand018,0.5,None,0,1.0e-03,0,Converged,Converged,Converged,1,2.2051890413061264,3.1721921e-08,1.290570,0.653228,0.636723,0.000019,0.008382,0.510417,0.000920,62,62,4,0,0,1,4,NotRequested,NotRequested,NotRequested,NotRequested,NotRequested,NotRequested,NotRequested,NotRequested,NotRequested,NotRequested
rand018,0.5,None,0,1.0e-04,0,Converged,Converged,Converged,1,2.2051890413061264,3.1721921e-08,1.242032,0.632479,0.608519,0.000019,0.007892,0.501011,0.000524,62,62,4,0,0,1,4,NotRequested,NotRequested,NotRequested,NotRequested,NotRequested,NotRequested,NotRequested,NotRequested,NotRequested,NotRequested
rand018,0.5,None,1,1.0e-03,0,Converged,Converged,Converged,1,2.2050855620348004,3.171968e-08,1.222433,0.532970,0.688441,0.000016,0.007975,0.517619,0.000506,62,62,4,0,0,1,4,NotRequested,NotRequested,NotRequested,NotRequested,NotRequested,NotRequested,NotRequested,NotRequested,NotRequested,NotRequested
rand018,0.5,None,1,1.0e-04,0,Converged,Converged,Converged,1,2.2050855620348004,3.171968e-08,1.224620,0.535838,0.687836,0.000018,0.007730,0.518789,0.000430,62,62,4,0,0,1,4,NotRequested,NotRequested,NotRequested,NotRequested,NotRequested,NotRequested,NotRequested,NotRequested,NotRequested,NotRequested
rand018,0.5,Strict,0,1.0e-03,0,EventLocationLimited,Converged,EventLocationLimited,1,2.2051890413061264,3.1721922e-08,1.301583,0.640496,0.660466,0.000019,0.007980,0.497203,0.000986,62,62,4,0,0,1,4,ToleranceMet,ToleranceMet,FiniteUncertified,ToleranceMet,ToleranceMet,ToleranceMet,ToleranceMet,EventLocationLimited,ToleranceMet,ToleranceMet
rand018,0.5,Strict,0,1.0e-04,0,EventLocationLimited,Converged,EventLocationLimited,1,2.2051890413061264,3.1721922e-08,1.313061,0.641145,0.670894,0.000019,0.008065,0.518828,0.000476,62,62,4,0,0,1,4,ToleranceMet,ToleranceMet,FiniteUncertified,ToleranceMet,ToleranceMet,ToleranceMet,ToleranceMet,EventLocationLimited,ToleranceMet,ToleranceMet
rand018,0.5,Strict,1,1.0e-03,0,EventLocationLimited,Converged,EventLocationLimited,1,2.2050855620348004,3.171968e-08,1.503428,0.614626,0.804565,0.000111,0.018219,0.563354,0.002418,62,62,4,0,0,1,4,ToleranceMet,ToleranceMet,FiniteUncertified,ToleranceMet,ToleranceMet,ToleranceMet,ToleranceMet,EventLocationLimited,ToleranceMet,ToleranceMet
rand018,0.5,Strict,1,1.0e-04,0,EventLocationLimited,Converged,EventLocationLimited,1,2.2050855620348004,3.171968e-08,1.257074,0.545140,0.710860,0.000019,0.008150,0.499032,0.000479,62,62,4,0,0,1,4,ToleranceMet,ToleranceMet,FiniteUncertified,ToleranceMet,ToleranceMet,ToleranceMet,ToleranceMet,EventLocationLimited,ToleranceMet,ToleranceMet
rand018,0.5,ValueFirst,0,1.0e-03,0,Converged,Converged,EventLocationLimited,1,2.2051890413061264,3.1721922e-08,1.317786,0.641560,0.674907,0.000018,0.009119,0.518436,0.001105,62,62,4,0,0,1,4,ToleranceMet,ToleranceMet,FiniteUncertified,ToleranceMet,ToleranceMet,ToleranceMet,ToleranceMet,EventLocationLimited,ToleranceMet,ToleranceMet
rand018,0.5,ValueFirst,0,1.0e-04,0,Converged,Converged,EventLocationLimited,1,2.2051890413061264,3.1721922e-08,1.292364,0.633713,0.657552,0.000019,0.008032,0.508526,0.000462,62,62,4,0,0,1,4,ToleranceMet,ToleranceMet,FiniteUncertified,ToleranceMet,ToleranceMet,ToleranceMet,ToleranceMet,EventLocationLimited,ToleranceMet,ToleranceMet
rand018,0.5,ValueFirst,1,1.0e-03,0,Converged,Converged,EventLocationLimited,1,2.2050855620348004,3.171968e-08,1.281560,0.545410,0.734177,0.000019,0.008251,0.518170,0.000520,62,62,4,0,0,1,4,ToleranceMet,ToleranceMet,FiniteUncertified,ToleranceMet,ToleranceMet,ToleranceMet,ToleranceMet,EventLocationLimited,ToleranceMet,ToleranceMet
rand018,0.5,ValueFirst,1,1.0e-04,0,Converged,Converged,EventLocationLimited,1,2.2050855620348004,3.171968e-08,1.492206,0.592729,0.893677,0.000167,0.021336,0.608578,0.003416,62,62,4,0,0,1,4,ToleranceMet,ToleranceMet,FiniteUncertified,ToleranceMet,ToleranceMet,ToleranceMet,ToleranceMet,EventLocationLimited,ToleranceMet,ToleranceMet
rand019,0.0,None,0,1.0e-03,0,Converged,Converged,Converged,1,1.9896879913079712,0.00066840804,0.951215,0.740891,0.209290,0.000040,0.006761,0.097544,0.003854,53,53,6,2,2,1,4,NotRequested,NotRequested,NotRequested,NotRequested,NotRequested,NotRequested,NotRequested,NotRequested,NotRequested,NotRequested
rand019,0.0,None,0,1.0e-04,0,Converged,Converged,Converged,1,1.9896879912803827,2.8050215e-09,0.884296,0.688828,0.194476,0.000020,0.004754,0.080088,0.000868,69,69,6,2,2,1,4,NotRequested,NotRequested,NotRequested,NotRequested,NotRequested,NotRequested,NotRequested,NotRequested,NotRequested,NotRequested
rand019,0.0,None,1,1.0e-03,0,Converged,Converged,Converged,1,1.9894641957057997,0.00066823187,0.778646,0.561248,0.215561,0.000021,0.004839,0.106813,0.002602,53,53,6,2,2,1,4,NotRequested,NotRequested,NotRequested,NotRequested,NotRequested,NotRequested,NotRequested,NotRequested,NotRequested,NotRequested
rand019,0.0,None,1,1.0e-04,0,Converged,Converged,Converged,1,1.9894641956782255,2.8045395e-09,0.768258,0.561606,0.205524,0.000021,0.004561,0.075700,0.000703,69,69,6,2,2,1,4,NotRequested,NotRequested,NotRequested,NotRequested,NotRequested,NotRequested,NotRequested,NotRequested,NotRequested,NotRequested
rand019,0.0,Strict,0,1.0e-03,0,EventLocationLimited,Converged,EventLocationLimited,1,1.9896879913079712,0.00066840804,0.933577,0.701865,0.231039,0.000025,0.004798,0.074132,0.001446,77,77,6,2,2,1,4,ToleranceMet,ToleranceMet,FiniteUncertified,ToleranceMet,ToleranceMet,ToleranceMet,ToleranceMet,EventLocationLimited,ToleranceMet,ToleranceMet
rand019,0.0,Strict,0,1.0e-04,0,EventLocationLimited,Converged,EventLocationLimited,1,1.9896879912803827,2.8050215e-09,0.925279,0.705805,0.218215,0.000020,0.004686,0.082266,0.000815,77,77,6,2,2,1,4,ToleranceMet,ToleranceMet,FiniteUncertified,ToleranceMet,ToleranceMet,ToleranceMet,ToleranceMet,EventLocationLimited,ToleranceMet,ToleranceMet
rand019,0.0,Strict,1,1.0e-03,0,EventLocationLimited,Converged,EventLocationLimited,1,1.9894641957057997,0.00066823187,1.081632,0.660944,0.323674,0.000438,0.008479,0.131770,0.004690,77,77,6,2,2,1,4,ToleranceMet,ToleranceMet,FiniteUncertified,ToleranceMet,ToleranceMet,ToleranceMet,ToleranceMet,EventLocationLimited,ToleranceMet,ToleranceMet
rand019,0.0,Strict,1,1.0e-04,0,EventLocationLimited,Converged,EventLocationLimited,1,1.9894641956782255,2.8045395e-09,0.802274,0.558333,0.242544,0.000025,0.004710,0.078667,0.000821,77,77,6,2,2,1,4,ToleranceMet,ToleranceMet,FiniteUncertified,ToleranceMet,ToleranceMet,ToleranceMet,ToleranceMet,EventLocationLimited,ToleranceMet,ToleranceMet
rand019,0.0,ValueFirst,0,1.0e-03,0,Converged,Converged,EventLocationLimited,1,1.9896879913079712,0.00066840804,0.933280,0.701839,0.229351,0.000036,0.005792,0.079483,0.001491,77,77,6,2,2,1,4,ToleranceMet,ToleranceMet,FiniteUncertified,ToleranceMet,ToleranceMet,ToleranceMet,ToleranceMet,EventLocationLimited,ToleranceMet,ToleranceMet
rand019,0.0,ValueFirst,0,1.0e-04,0,Converged,Converged,EventLocationLimited,1,1.9896879912803827,2.8050215e-09,0.906213,0.698383,0.206588,0.000044,0.004617,0.074285,0.000738,77,77,6,2,2,1,4,ToleranceMet,ToleranceMet,FiniteUncertified,ToleranceMet,ToleranceMet,ToleranceMet,ToleranceMet,EventLocationLimited,ToleranceMet,ToleranceMet
rand019,0.0,ValueFirst,1,1.0e-03,0,Converged,Converged,EventLocationLimited,1,1.9894641957057997,0.00066823187,0.809502,0.545278,0.260872,0.000035,0.004800,0.083778,0.003135,77,77,6,2,2,1,4,ToleranceMet,ToleranceMet,FiniteUncertified,ToleranceMet,ToleranceMet,ToleranceMet,ToleranceMet,EventLocationLimited,ToleranceMet,ToleranceMet
rand019,0.0,ValueFirst,1,1.0e-04,0,Converged,Converged,EventLocationLimited,1,1.9894641956782255,2.8045395e-09,0.798626,0.559443,0.237977,0.000023,0.004730,0.078366,0.000795,77,77,6,2,2,1,4,ToleranceMet,ToleranceMet,FiniteUncertified,ToleranceMet,ToleranceMet,ToleranceMet,ToleranceMet,EventLocationLimited,ToleranceMet,ToleranceMet
rand019,0.5,None,0,1.0e-03,0,Converged,Converged,Converged,1,1.9896271005530604,7.003135e-08,0.927751,0.704804,0.222245,0.000020,0.004992,0.075018,0.001521,69,69,6,2,2,1,4,NotRequested,NotRequested,NotRequested,NotRequested,NotRequested,NotRequested,NotRequested,NotRequested,NotRequested,NotRequested
rand019,0.5,None,0,1.0e-04,0,Converged,Converged,Converged,1,1.9896271005530604,7.003135e-08,0.908375,0.702275,0.204929,0.000020,0.004697,0.071922,0.000705,69,69,6,2,2,1,4,NotRequested,NotRequested,NotRequested,NotRequested,NotRequested,NotRequested,NotRequested,NotRequested,NotRequested,NotRequested
rand019,0.5,None,1,1.0e-03,0,Converged,Converged,Converged,1,1.9894033296124349,7.0013459e-08,0.793187,0.551845,0.240278,0.000034,0.004597,0.074488,0.001879,69,69,6,2,2,1,4,NotRequested,NotRequested,NotRequested,NotRequested,NotRequested,NotRequested,NotRequested,NotRequested,NotRequested,NotRequested
rand019,0.5,None,1,1.0e-04,0,Converged,Converged,Converged,1,1.9894033296124349,7.0013459e-08,0.786721,0.558103,0.227526,0.000020,0.004542,0.072691,0.000699,69,69,6,2,2,1,4,NotRequested,NotRequested,NotRequested,NotRequested,NotRequested,NotRequested,NotRequested,NotRequested,NotRequested,NotRequested
rand019,0.5,Strict,0,1.0e-03,0,EventLocationLimited,Converged,EventLocationLimited,1,1.9896271005530604,7.003135e-08,1.015737,0.699558,0.315475,0.000021,0.004782,0.076780,0.001652,77,77,6,2,2,1,4,ToleranceMet,ToleranceMet,FiniteUncertified,ToleranceMet,ToleranceMet,ToleranceMet,ToleranceMet,EventLocationLimited,ToleranceMet,ToleranceMet
rand019,0.5,Strict,0,1.0e-04,0,EventLocationLimited,Converged,EventLocationLimited,1,1.9896271005530604,7.003135e-08,1.003499,0.700872,0.301429,0.000023,0.004727,0.079517,0.000744,77,77,6,2,2,1,4,ToleranceMet,ToleranceMet,FiniteUncertified,ToleranceMet,ToleranceMet,ToleranceMet,ToleranceMet,EventLocationLimited,ToleranceMet,ToleranceMet
rand019,0.5,Strict,1,1.0e-03,0,EventLocationLimited,Converged,EventLocationLimited,1,1.9894033296124349,7.0013459e-08,1.162690,0.663943,0.402431,0.000186,0.008109,0.130554,0.004729,77,77,6,2,2,1,4,ToleranceMet,ToleranceMet,FiniteUncertified,ToleranceMet,ToleranceMet,ToleranceMet,ToleranceMet,EventLocationLimited,ToleranceMet,ToleranceMet
rand019,0.5,Strict,1,1.0e-04,0,EventLocationLimited,Converged,EventLocationLimited,1,1.9894033296124349,7.0013459e-08,0.862203,0.548722,0.312036,0.000027,0.004747,0.080690,0.000839,77,77,6,2,2,1,4,ToleranceMet,ToleranceMet,FiniteUncertified,ToleranceMet,ToleranceMet,ToleranceMet,ToleranceMet,EventLocationLimited,ToleranceMet,ToleranceMet
rand019,0.5,ValueFirst,0,1.0e-03,0,Converged,Converged,EventLocationLimited,1,1.9896271005530604,7.003135e-08,0.960402,0.671456,0.286795,0.000018,0.005437,0.075720,0.002172,77,77,6,2,2,1,4,ToleranceMet,ToleranceMet,FiniteUncertified,ToleranceMet,ToleranceMet,ToleranceMet,ToleranceMet,EventLocationLimited,ToleranceMet,ToleranceMet
rand019,0.5,ValueFirst,0,1.0e-04,0,Converged,Converged,EventLocationLimited,1,1.9896271005530604,7.003135e-08,0.971323,0.681528,0.288614,0.000022,0.004699,0.073045,0.000716,77,77,6,2,2,1,4,ToleranceMet,ToleranceMet,FiniteUncertified,ToleranceMet,ToleranceMet,ToleranceMet,ToleranceMet,EventLocationLimited,ToleranceMet,ToleranceMet
rand019,0.5,ValueFirst,1,1.0e-03,0,Converged,Converged,EventLocationLimited,1,1.9894033296124349,7.0013459e-08,0.902465,0.557732,0.341619,0.000028,0.004983,0.084900,0.003314,77,77,6,2,2,1,4,ToleranceMet,ToleranceMet,FiniteUncertified,ToleranceMet,ToleranceMet,ToleranceMet,ToleranceMet,EventLocationLimited,ToleranceMet,ToleranceMet
rand019,0.5,ValueFirst,1,1.0e-04,0,Converged,Converged,EventLocationLimited,1,1.9894033296124349,7.0013459e-08,0.894253,0.556731,0.336278,0.000022,0.004695,0.078638,0.000681,77,77,6,2,2,1,4,ToleranceMet,ToleranceMet,FiniteUncertified,ToleranceMet,ToleranceMet,ToleranceMet,ToleranceMet,EventLocationLimited,ToleranceMet,ToleranceMet
rand020,0.0,None,0,1.0e-03,0,Converged,Converged,Converged,1,1.3529871121532944,0.00074776577,0.991724,0.787610,0.203468,0.000021,0.001627,0.112596,0.002095,53,53,6,0,0,1,6,NotRequested,NotRequested,NotRequested,NotRequested,NotRequested,NotRequested,NotRequested,NotRequested,NotRequested,NotRequested
rand020,0.0,None,0,1.0e-04,0,Converged,Converged,Converged,1,1.3529873798198226,1.7219661e-06,0.969914,0.760896,0.208031,0.000031,0.001223,0.101459,0.000684,77,77,6,0,0,1,6,NotRequested,NotRequested,NotRequested,NotRequested,NotRequested,NotRequested,NotRequested,NotRequested,NotRequested,NotRequested
rand020,0.0,None,1,1.0e-03,0,Converged,Converged,Converged,1,1.3529236749791618,0.00074730487,0.368508,0.167634,0.199584,0.000033,0.001081,0.100745,0.000808,53,53,6,0,0,1,6,NotRequested,NotRequested,NotRequested,NotRequested,NotRequested,NotRequested,NotRequested,NotRequested,NotRequested,NotRequested
rand020,0.0,None,1,1.0e-04,0,Converged,Converged,Converged,1,1.3529239424198591,1.7205048e-06,0.395628,0.154841,0.239628,0.000036,0.001074,0.094335,0.000697,77,77,6,0,0,1,6,NotRequested,NotRequested,NotRequested,NotRequested,NotRequested,NotRequested,NotRequested,NotRequested,NotRequested,NotRequested
rand020,0.0,Strict,0,1.0e-03,0,EventLocationLimited,Converged,EventLocationLimited,1,1.3529871121532944,0.00074776577,14.488128,0.752310,13.734087,0.000019,0.001309,0.090330,0.001416,2881,2881,6,0,0,1,6,FiniteUncertified,FiniteUncertified,FiniteUncertified,FiniteUncertified,FiniteUncertified,EventLocationLimited,EventLocationLimited,EventLocationLimited,EventLocationLimited,EventLocationLimited
rand020,0.0,Strict,0,1.0e-04,0,EventLocationLimited,Converged,EventLocationLimited,1,1.3529873798198226,1.7219661e-06,10.684786,0.835112,9.824801,0.000212,0.002779,0.148528,0.004637,2881,2881,6,0,0,1,6,FiniteUncertified,FiniteUncertified,FiniteUncertified,FiniteUncertified,FiniteUncertified,EventLocationLimited,EventLocationLimited,EventLocationLimited,EventLocationLimited,EventLocationLimited
rand020,0.0,Strict,1,1.0e-03,0,EventLocationLimited,Converged,EventLocationLimited,1,1.3529236749791618,0.00074730487,14.382962,0.249100,14.041556,0.000020,0.003259,0.160512,0.004419,2881,2881,6,0,0,1,6,FiniteUncertified,FiniteUncertified,FiniteUncertified,FiniteUncertified,FiniteUncertified,EventLocationLimited,EventLocationLimited,EventLocationLimited,EventLocationLimited,EventLocationLimited
rand020,0.0,Strict,1,1.0e-04,0,EventLocationLimited,Converged,EventLocationLimited,1,1.3529239424198591,1.7205048e-06,14.805876,0.213303,14.569896,0.000065,0.001972,0.115502,0.001620,2881,2881,6,0,0,1,6,FiniteUncertified,FiniteUncertified,FiniteUncertified,FiniteUncertified,FiniteUncertified,EventLocationLimited,EventLocationLimited,EventLocationLimited,EventLocationLimited,EventLocationLimited
rand020,0.0,ValueFirst,0,1.0e-03,0,Converged,Converged,Converged,1,1.3529871121532944,0.00074776577,1.136348,0.819295,0.315108,0.000039,0.003420,0.119923,0.002911,93,93,6,0,0,1,6,ToleranceMet,ToleranceMet,ToleranceMet,ToleranceMet,ToleranceMet,ToleranceMet,ToleranceMet,ToleranceMet,ToleranceMet,ToleranceMet
rand020,0.0,ValueFirst,0,1.0e-04,0,Converged,Converged,Converged,1,1.3529873798198226,1.7219661e-06,1.268878,0.790440,0.477075,0.000034,0.001240,0.103388,0.000753,189,189,6,0,0,1,6,ToleranceMet,ToleranceMet,ToleranceMet,ToleranceMet,ToleranceMet,ToleranceMet,ToleranceMet,ToleranceMet,ToleranceMet,ToleranceMet
rand020,0.0,ValueFirst,1,1.0e-03,0,Converged,Converged,BudgetExceeded,1,1.3529236749791618,0.00074730487,0.499823,0.172546,0.323964,0.000044,0.001249,0.108021,0.000895,93,93,6,0,0,1,6,ToleranceMet,ToleranceMet,FiniteUncertified,ToleranceMet,ToleranceMet,ToleranceMet,ToleranceMet,BudgetExceeded,ToleranceMet,ToleranceMet
rand020,0.0,ValueFirst,1,1.0e-04,0,Converged,Converged,Converged,1,1.3529239424198591,1.7205048e-06,0.713408,0.173500,0.537837,0.000031,0.001174,0.104881,0.000837,189,189,6,0,0,1,6,ToleranceMet,ToleranceMet,ToleranceMet,ToleranceMet,ToleranceMet,ToleranceMet,ToleranceMet,ToleranceMet,ToleranceMet,ToleranceMet
rand020,0.5,None,0,1.0e-03,0,Converged,Converged,Converged,1,1.3529140450809731,0.00053715302,1.014449,0.782332,0.231338,0.000035,0.001356,0.098512,0.001502,69,69,6,0,0,1,6,NotRequested,NotRequested,NotRequested,NotRequested,NotRequested,NotRequested,NotRequested,NotRequested,NotRequested,NotRequested
rand020,0.5,None,0,1.0e-04,0,Converged,Converged,Converged,1,1.3529153270348584,8.5993615e-06,1.010849,0.779905,0.229717,0.000039,0.001135,0.096362,0.000719,77,77,6,0,0,1,6,NotRequested,NotRequested,NotRequested,NotRequested,NotRequested,NotRequested,NotRequested,NotRequested,NotRequested,NotRequested
rand020,0.5,None,1,1.0e-03,0,Converged,Converged,Converged,1,1.3528505899875243,0.0005366999,0.421683,0.167368,0.253174,0.000029,0.001178,0.100999,0.000728,69,69,6,0,0,1,6,NotRequested,NotRequested,NotRequested,NotRequested,NotRequested,NotRequested,NotRequested,NotRequested,NotRequested,NotRequested
rand020,0.5,None,1,1.0e-04,0,Converged,Converged,Converged,1,1.352851870859459,8.5921382e-06,0.427725,0.167052,0.259547,0.000022,0.001118,0.093142,0.000653,77,77,6,0,0,1,6,NotRequested,NotRequested,NotRequested,NotRequested,NotRequested,NotRequested,NotRequested,NotRequested,NotRequested,NotRequested
rand020,0.5,Strict,0,1.0e-03,0,TopologyUnresolved,Converged,TopologyUnresolved,1,1.3529140450809731,0.00053715302,13.175526,0.780473,12.392597,0.000021,0.001374,0.090529,0.001354,2398,2398,6,0,0,1,6,Invalid,Invalid,Invalid,Invalid,Invalid,TopologyUnresolved,TopologyUnresolved,TopologyUnresolved,TopologyUnresolved,TopologyUnresolved
rand020,0.5,Strict,0,1.0e-04,0,TopologyUnresolved,Converged,TopologyUnresolved,1,1.3529153270348584,8.5993615e-06,10.364838,0.837504,9.505851,0.000060,0.002881,0.136245,0.002927,2398,2398,6,0,0,1,6,Invalid,Invalid,Invalid,Invalid,Invalid,TopologyUnresolved,TopologyUnresolved,TopologyUnresolved,TopologyUnresolved,TopologyUnresolved
rand020,0.5,Strict,1,1.0e-03,0,TopologyUnresolved,Converged,Converged,1,1.3528505899875243,0.0005366999,7.934602,0.195537,7.655099,0.000130,0.003192,0.115827,0.002385,1874,1874,6,0,0,1,6,Invalid,Invalid,Invalid,Invalid,Invalid,TopologyUnresolved,TopologyUnresolved,TopologyUnresolved,TopologyUnresolved,TopologyUnresolved
rand020,0.5,Strict,1,1.0e-04,0,TopologyUnresolved,Converged,Converged,1,1.352851870859459,8.5921382e-06,7.881418,0.175547,7.686605,0.000032,0.001195,0.111632,0.001008,1874,1874,6,0,0,1,6,Invalid,Invalid,Invalid,Invalid,Invalid,TopologyUnresolved,TopologyUnresolved,TopologyUnresolved,TopologyUnresolved,TopologyUnresolved
rand020,0.5,ValueFirst,0,1.0e-03,0,Converged,Converged,Converged,1,1.3529140450809731,0.00053715302,1.130305,0.718131,0.411200,0.000035,0.001759,0.106406,0.001797,125,125,6,0,0,1,6,ToleranceMet,ToleranceMet,ToleranceMet,ToleranceMet,ToleranceMet,ToleranceMet,ToleranceMet,ToleranceMet,ToleranceMet,ToleranceMet
rand020,0.5,ValueFirst,0,1.0e-04,0,Converged,Converged,Converged,1,1.3529153270348584,8.5993615e-06,1.263612,0.710542,0.551464,0.000019,0.001213,0.094750,0.000721,189,189,6,0,0,1,6,ToleranceMet,ToleranceMet,ToleranceMet,ToleranceMet,ToleranceMet,ToleranceMet,ToleranceMet,ToleranceMet,ToleranceMet,ToleranceMet
rand020,0.5,ValueFirst,1,1.0e-03,0,Converged,Converged,Converged,1,1.3528505899875243,0.0005366999,0.595116,0.156637,0.435715,0.000020,0.001160,0.096035,0.000783,125,125,6,0,0,1,6,ToleranceMet,ToleranceMet,ToleranceMet,ToleranceMet,ToleranceMet,ToleranceMet,ToleranceMet,ToleranceMet,ToleranceMet,ToleranceMet
rand020,0.5,ValueFirst,1,1.0e-04,0,Converged,Converged,Converged,1,1.352851870859459,8.5921382e-06,0.762559,0.159816,0.600856,0.000019,0.000947,0.090510,0.000652,189,189,6,0,0,1,6,ToleranceMet,ToleranceMet,ToleranceMet,ToleranceMet,ToleranceMet,ToleranceMet,ToleranceMet,ToleranceMet,ToleranceMet,ToleranceMet
rand021,0.0,None,0,1.0e-03,0,Converged,Converged,Converged,1,2.5772087267241406,0.00088805457,1.155199,0.778440,0.376205,0.000021,0.001240,0.310531,0.000867,46,46,4,0,0,1,4,NotRequested,NotRequested,NotRequested,NotRequested,NotRequested,NotRequested,NotRequested,NotRequested,NotRequested,NotRequested
rand021,0.0,None,0,1.0e-04,0,Converged,Converged,Converged,1,2.5772087267296011,4.4921379e-10,1.151560,0.772157,0.378488,0.000019,0.000793,0.293114,0.000448,62,62,4,0,0,1,4,NotRequested,NotRequested,NotRequested,NotRequested,NotRequested,NotRequested,NotRequested,NotRequested,NotRequested,NotRequested
rand021,0.0,None,1,1.0e-03,0,Converged,Converged,Converged,1,2.5771570767240681,0.00088802547,0.986523,0.563465,0.421747,0.000020,0.001930,0.299620,0.000519,46,46,4,0,0,1,4,NotRequested,NotRequested,NotRequested,NotRequested,NotRequested,NotRequested,NotRequested,NotRequested,NotRequested,NotRequested
rand021,0.0,None,1,1.0e-04,0,Converged,Converged,Converged,1,2.5771570767294976,4.4912886e-10,0.994368,0.548759,0.444648,0.000019,0.000677,0.287989,0.000419,62,62,4,0,0,1,4,NotRequested,NotRequested,NotRequested,NotRequested,NotRequested,NotRequested,NotRequested,NotRequested,NotRequested,NotRequested
rand021,0.0,Strict,0,1.0e-03,0,EventLocationLimited,Converged,EventLocationLimited,1,2.5772087267241406,0.00088805457,1.178644,0.766218,0.411885,0.000019,0.000978,0.306835,0.000804,62,62,4,0,0,1,4,FiniteUncertified,FiniteUncertified,FiniteUncertified,FiniteUncertified,ToleranceMet,EventLocationLimited,EventLocationLimited,EventLocationLimited,EventLocationLimited,ToleranceMet
rand021,0.0,Strict,0,1.0e-04,0,EventLocationLimited,Converged,EventLocationLimited,1,2.5772087267296011,4.4921379e-10,1.157358,0.764943,0.391413,0.000019,0.000769,0.296156,0.000464,62,62,4,0,0,1,4,FiniteUncertified,FiniteUncertified,FiniteUncertified,FiniteUncertified,ToleranceMet,EventLocationLimited,EventLocationLimited,EventLocationLimited,EventLocationLimited,ToleranceMet
rand021,0.0,Strict,1,1.0e-03,0,EventLocationLimited,Converged,EventLocationLimited,1,2.5771570767240681,0.00088802547,1.271095,0.599806,0.523921,0.000104,0.002208,0.334042,0.002074,62,62,4,0,0,1,4,FiniteUncertified,FiniteUncertified,FiniteUncertified,FiniteUncertified,ToleranceMet,EventLocationLimited,EventLocationLimited,EventLocationLimited,EventLocationLimited,ToleranceMet
rand021,0.0,Strict,1,1.0e-04,0,EventLocationLimited,Converged,EventLocationLimited,1,2.5771570767294976,4.4912886e-10,1.019658,0.546199,0.472431,0.000024,0.000761,0.301384,0.000404,62,62,4,0,0,1,4,FiniteUncertified,FiniteUncertified,FiniteUncertified,FiniteUncertified,ToleranceMet,EventLocationLimited,EventLocationLimited,EventLocationLimited,EventLocationLimited,ToleranceMet
rand021,0.0,ValueFirst,0,1.0e-03,0,Converged,Converged,EventLocationLimited,1,2.5772087267241406,0.00088805457,1.175632,0.771811,0.402659,0.000018,0.001401,0.301791,0.000996,62,62,4,0,0,1,4,FiniteUncertified,FiniteUncertified,FiniteUncertified,FiniteUncertified,ToleranceMet,EventLocationLimited,EventLocationLimited,EventLocationLimited,EventLocationLimited,ToleranceMet
rand021,0.0,ValueFirst,0,1.0e-04,0,Converged,Converged,EventLocationLimited,1,2.5772087267296011,4.4921379e-10,1.157762,0.767358,0.389340,0.000018,0.000760,0.296171,0.000478,62,62,4,0,0,1,4,FiniteUncertified,FiniteUncertified,FiniteUncertified,FiniteUncertified,ToleranceMet,EventLocationLimited,EventLocationLimited,EventLocationLimited,EventLocationLimited,ToleranceMet
rand021,0.0,ValueFirst,1,1.0e-03,0,Converged,Converged,EventLocationLimited,1,2.5771570767240681,0.00088802547,1.023261,0.539732,0.480516,0.000017,0.000795,0.304828,0.000486,62,62,4,0,0,1,4,FiniteUncertified,FiniteUncertified,FiniteUncertified,FiniteUncertified,ToleranceMet,EventLocationLimited,EventLocationLimited,EventLocationLimited,EventLocationLimited,ToleranceMet
rand021,0.0,ValueFirst,1,1.0e-04,0,Converged,Converged,EventLocationLimited,1,2.5771570767294976,4.4912886e-10,1.016754,0.548230,0.467540,0.000019,0.000698,0.296987,0.000417,62,62,4,0,0,1,4,FiniteUncertified,FiniteUncertified,FiniteUncertified,FiniteUncertified,ToleranceMet,EventLocationLimited,EventLocationLimited,EventLocationLimited,EventLocationLimited,ToleranceMet
rand021,0.5,None,0,1.0e-03,0,Converged,Converged,Converged,1,2.5772085120680908,3.0772036e-08,1.169708,0.769614,0.399567,0.000018,0.001141,0.296845,0.000725,62,62,4,0,0,1,4,NotRequested,NotRequested,NotRequested,NotRequested,NotRequested,NotRequested,NotRequested,NotRequested,NotRequested,NotRequested
rand021,0.5,None,0,1.0e-04,0,Converged,Converged,Converged,1,2.5772085120680908,3.0772036e-08,1.160313,0.772855,0.386426,0.000020,0.000796,0.292543,0.000430,62,62,4,0,0,1,4,NotRequested,NotRequested,NotRequested,NotRequested,NotRequested,NotRequested,NotRequested,NotRequested,NotRequested,NotRequested
rand021,0.5,None,1,1.0e-03,0,Converged,Converged,Converged,1,2.5771568620821981,3.0771256e-08,1.014902,0.540322,0.473545,0.000016,0.000827,0.300402,0.000474,62,62,4,0,0,1,4,NotRequested,NotRequested,NotRequested,NotRequested,NotRequested,NotRequested,NotRequested,NotRequested,NotRequested,NotRequested
rand021,0.5,None,1,1.0e-04,0,Converged,Converged,Converged,1,2.5771568620821981,3.0771256e-08,1.003337,0.540529,0.461856,0.000018,0.000733,0.291726,0.000427,62,62,4,0,0,1,4,NotRequested,NotRequested,NotRequested,NotRequested,NotRequested,NotRequested,NotRequested,NotRequested,NotRequested,NotRequested
rand021,0.5,Strict,0,1.0e-03,0,EventLocationLimited,Converged,EventLocationLimited,1,2.5772085120680908,3.0772036e-08,1.208985,0.769754,0.438741,0.000017,0.000946,0.292417,0.000857,62,62,4,0,0,1,4,FiniteUncertified,FiniteUncertified,FiniteUncertified,FiniteUncertified,ToleranceMet,EventLocationLimited,EventLocationLimited,EventLocationLimited,EventLocationLimited,ToleranceMet
rand021,0.5,Strict,0,1.0e-04,0,EventLocationLimited,Converged,EventLocationLimited,1,2.5772085120680908,3.0772036e-08,1.192650,0.765583,0.426103,0.000018,0.000724,0.289036,0.000444,62,62,4,0,0,1,4,FiniteUncertified,FiniteUncertified,FiniteUncertified,FiniteUncertified,ToleranceMet,EventLocationLimited,EventLocationLimited,EventLocationLimited,EventLocationLimited,ToleranceMet
rand021,0.5,Strict,1,1.0e-03,0,EventLocationLimited,Converged,EventLocationLimited,1,2.5771568620821981,3.0771256e-08,1.305359,0.596454,0.566588,0.000115,0.001761,0.337889,0.001610,62,62,4,0,0,1,4,FiniteUncertified,FiniteUncertified,FiniteUncertified,FiniteUncertified,ToleranceMet,EventLocationLimited,EventLocationLimited,EventLocationLimited,EventLocationLimited,ToleranceMet
rand021,0.5,Strict,1,1.0e-04,0,EventLocationLimited,Converged,EventLocationLimited,1,2.5771568620821981,3.0771256e-08,1.047133,0.547256,0.498815,0.000018,0.000783,0.287426,0.000465,62,62,4,0,0,1,4,FiniteUncertified,FiniteUncertified,FiniteUncertified,FiniteUncertified,ToleranceMet,EventLocationLimited,EventLocationLimited,EventLocationLimited,EventLocationLimited,ToleranceMet
rand021,0.5,ValueFirst,0,1.0e-03,0,Converged,Converged,EventLocationLimited,1,2.5772085120680908,3.0772036e-08,1.230416,0.776016,0.453020,0.000025,0.001858,0.297976,0.000945,62,62,4,0,0,1,4,FiniteUncertified,FiniteUncertified,FiniteUncertified,FiniteUncertified,ToleranceMet,EventLocationLimited,EventLocationLimited,EventLocationLimited,EventLocationLimited,ToleranceMet
rand021,0.5,ValueFirst,0,1.0e-04,0,Converged,Converged,EventLocationLimited,1,2.5772085120680908,3.0772036e-08,1.199523,0.769870,0.428637,0.000018,0.000738,0.292538,0.000473,62,62,4,0,0,1,4,FiniteUncertified,FiniteUncertified,FiniteUncertified,FiniteUncertified,ToleranceMet,EventLocationLimited,EventLocationLimited,EventLocationLimited,EventLocationLimited,ToleranceMet
rand021,0.5,ValueFirst,1,1.0e-03,0,Converged,Converged,EventLocationLimited,1,2.5771568620821981,3.0771256e-08,1.067751,0.540568,0.525279,0.000020,0.000758,0.307375,0.000497,62,62,4,0,0,1,4,FiniteUncertified,FiniteUncertified,FiniteUncertified,FiniteUncertified,ToleranceMet,EventLocationLimited,EventLocationLimited,EventLocationLimited,EventLocationLimited,ToleranceMet
rand021,0.5,ValueFirst,1,1.0e-04,0,Converged,Converged,EventLocationLimited,1,2.5771568620821981,3.0771256e-08,1.106957,0.546488,0.559493,0.000028,0.000696,0.296929,0.000466,62,62,4,0,0,1,4,FiniteUncertified,FiniteUncertified,FiniteUncertified,FiniteUncertified,ToleranceMet,EventLocationLimited,EventLocationLimited,EventLocationLimited,EventLocationLimited,ToleranceMet
rand022,0.0,None,0,1.0e-03,0,Converged,Converged,Converged,1,4.275714537596083,0.0019672602,1.018452,0.871749,0.146073,0.000018,0.001111,0.070134,0.001484,46,46,4,0,0,1,4,NotRequested,NotRequested,NotRequested,NotRequested,NotRequested,NotRequested,NotRequested,NotRequested,NotRequested,NotRequested
rand022,0.0,None,0,1.0e-04,0,Converged,Converged,Converged,1,4.2757145375619867,6.9116981e-09,0.987579,0.834908,0.151796,0.000019,0.000772,0.062813,0.000539,62,62,4,0,0,1,4,NotRequested,NotRequested,NotRequested,NotRequested,NotRequested,NotRequested,NotRequested,NotRequested,NotRequested,NotRequested
rand022,0.0,None,1,1.0e-03,0,Converged,Converged,Converged,1,4.2761865424781149,0.0019675686,0.656120,0.504673,0.150253,0.000019,0.000801,0.062768,0.000453,46,46,4,0,0,1,4,NotRequested,NotRequested,NotRequested,NotRequested,NotRequested,NotRequested,NotRequested,NotRequested,NotRequested,NotRequested
rand022,0.0,None,1,1.0e-04,0,Converged,Converged,Converged,1,4.2761865424439911,6.9130023e-09,0.674742,0.498923,0.174886,0.000019,0.000706,0.064225,0.000421,62,62,4,0,0,1,4,NotRequested,NotRequested,NotRequested,NotRequested,NotRequested,NotRequested,NotRequested,NotRequested,NotRequested,NotRequested
rand022,0.0,Strict,0,1.0e-03,0,EventLocationLimited,Converged,EventLocationLimited,1,4.275714537596083,0.0019672602,1.009652,0.829856,0.179233,0.000026,0.001007,0.065342,0.002027,62,62,4,0,0,1,4,ToleranceMet,ToleranceMet,FiniteUncertified,FiniteUncertified,ToleranceMet,ToleranceMet,ToleranceMet,EventLocationLimited,EventLocationLimited,ToleranceMet
rand022,0.0,Strict,0,1.0e-04,0,EventLocationLimited,Converged,EventLocationLimited,1,4.2757145375619867,6.9116981e-09,1.004453,0.837743,0.165714,0.000026,0.000783,0.062436,0.000491,62,62,4,0,0,1,4,ToleranceMet,ToleranceMet,FiniteUncertified,FiniteUncertified,ToleranceMet,ToleranceMet,ToleranceMet,EventLocationLimited,EventLocationLimited,ToleranceMet
rand022,0.0,Strict,1,1.0e-03,0,EventLocationLimited,Converged,EventLocationLimited,1,4.2761865424781149,0.0019675686,0.915094,0.570189,0.247890,0.000174,0.001906,0.101258,0.002042,62,62,4,0,0,1,4,ToleranceMet,ToleranceMet,FiniteUncertified,FiniteUncertified,ToleranceMet,ToleranceMet,ToleranceMet,EventLocationLimited,EventLocationLimited,ToleranceMet
rand022,0.0,Strict,1,1.0e-04,0,EventLocationLimited,Converged,EventLocationLimited,1,4.2761865424439911,6.9130023e-09,0.693486,0.501948,0.190432,0.000019,0.000755,0.063766,0.000426,62,62,4,0,0,1,4,ToleranceMet,ToleranceMet,FiniteUncertified,FiniteUncertified,ToleranceMet,ToleranceMet,ToleranceMet,EventLocationLimited,EventLocationLimited,ToleranceMet
rand022,0.0,ValueFirst,0,1.0e-03,0,Converged,Converged,EventLocationLimited,1,4.275714537596083,0.0019672602,1.007294,0.838494,0.167484,0.000019,0.001865,0.060273,0.000854,62,62,4,0,0,1,4,ToleranceMet,ToleranceMet,FiniteUncertified,FiniteUncertified,ToleranceMet,ToleranceMet,ToleranceMet,EventLocationLimited,EventLocationLimited,ToleranceMet
rand022,0.0,ValueFirst,0,1.0e-04,0,Converged,Converged,EventLocationLimited,1,4.2757145375619867,6.9116981e-09,1.000344,0.834879,0.164444,0.000019,0.000775,0.064805,0.000440,62,62,4,0,0,1,4,ToleranceMet,ToleranceMet,FiniteUncertified,FiniteUncertified,ToleranceMet,ToleranceMet,ToleranceMet,EventLocationLimited,EventLocationLimited,ToleranceMet
rand022,0.0,ValueFirst,1,1.0e-03,0,Converged,Converged,EventLocationLimited,1,4.2761865424781149,0.0019675686,0.719526,0.503273,0.213630,0.000019,0.000844,0.075383,0.000485,62,62,4,0,0,1,4,ToleranceMet,ToleranceMet,FiniteUncertified,FiniteUncertified,ToleranceMet,ToleranceMet,ToleranceMet,EventLocationLimited,EventLocationLimited,ToleranceMet
rand022,0.0,ValueFirst,1,1.0e-04,0,Converged,Converged,EventLocationLimited,1,4.2761865424439911,6.9130023e-09,0.690362,0.501763,0.187658,0.000018,0.000755,0.061416,0.000405,62,62,4,0,0,1,4,ToleranceMet,ToleranceMet,FiniteUncertified,FiniteUncertified,ToleranceMet,ToleranceMet,ToleranceMet,EventLocationLimited,EventLocationLimited,ToleranceMet
rand022,0.5,None,0,1.0e-03,0,Converged,Converged,Converged,1,4.2756631923194997,1.212934e-07,1.007401,0.833405,0.173341,0.000018,0.001053,0.062761,0.000903,62,62,4,0,0,1,4,NotRequested,NotRequested,NotRequested,NotRequested,NotRequested,NotRequested,NotRequested,NotRequested,NotRequested,NotRequested
rand022,0.5,None,0,1.0e-04,0,Converged,Converged,Converged,1,4.2756631923194997,1.212934e-07,0.998280,0.832851,0.164479,0.000019,0.000782,0.064003,0.000424,62,62,4,0,0,1,4,NotRequested,NotRequested,NotRequested,NotRequested,NotRequested,NotRequested,NotRequested,NotRequested,NotRequested,NotRequested
rand022,0.5,None,1,1.0e-03,0,Converged,Converged,Converged,1,4.2761351796802032,1.2131819e-07,0.694316,0.498607,0.194779,0.000020,0.000771,0.069190,0.000496,62,62,4,0,0,1,4,NotRequested,NotRequested,NotRequested,NotRequested,NotRequested,NotRequested,NotRequested,NotRequested,NotRequested,NotRequested
rand022,0.5,None,1,1.0e-04,0,Converged,Converged,Converged,1,4.2761351796802032,1.2131819e-07,0.690991,0.502478,0.187563,0.000018,0.000701,0.062194,0.000390,62,62,4,0,0,1,4,NotRequested,NotRequested,NotRequested,NotRequested,NotRequested,NotRequested,NotRequested,NotRequested,NotRequested,NotRequested
rand022,0.5,Strict,0,1.0e-03,0,EventLocationLimited,Converged,EventLocationLimited,1,4.2756631923194997,1.212934e-07,1.048215,0.830240,0.217389,0.000019,0.001033,0.059830,0.000842,62,62,4,0,0,1,4,ToleranceMet,ToleranceMet,FiniteUncertified,FiniteUncertified,ToleranceMet,ToleranceMet,ToleranceMet,EventLocationLimited,EventLocationLimited,ToleranceMet
rand022,0.5,Strict,0,1.0e-04,0,EventLocationLimited,Converged,EventLocationLimited,1,4.2756631923194997,1.212934e-07,1.029108,0.828093,0.200119,0.000019,0.000729,0.056731,0.000460,62,62,4,0,0,1,4,ToleranceMet,ToleranceMet,FiniteUncertified,FiniteUncertified,ToleranceMet,ToleranceMet,ToleranceMet,EventLocationLimited,EventLocationLimited,ToleranceMet
rand022,0.5,Strict,1,1.0e-03,0,EventLocationLimited,Converged,EventLocationLimited,1,4.2761351796802032,1.2131819e-07,0.938831,0.560041,0.291071,0.000225,0.002258,0.103202,0.002196,62,62,4,0,0,1,4,ToleranceMet,ToleranceMet,FiniteUncertified,FiniteUncertified,ToleranceMet,ToleranceMet,ToleranceMet,EventLocationLimited,EventLocationLimited,ToleranceMet
rand022,0.5,Strict,1,1.0e-04,0,EventLocationLimited,Converged,EventLocationLimited,1,4.2761351796802032,1.2131819e-07,0.744043,0.509753,0.233240,0.000019,0.000826,0.065491,0.000465,62,62,4,0,0,1,4,ToleranceMet,ToleranceMet,FiniteUncertified,FiniteUncertified,ToleranceMet,ToleranceMet,ToleranceMet,EventLocationLimited,EventLocationLimited,ToleranceMet
rand022,0.5,ValueFirst,0,1.0e-03,0,Converged,Converged,EventLocationLimited,1,4.2756631923194997,1.212934e-07,1.049989,0.839779,0.208832,0.000018,0.001530,0.061278,0.001177,62,62,4,0,0,1,4,ToleranceMet,ToleranceMet,FiniteUncertified,FiniteUncertified,ToleranceMet,ToleranceMet,ToleranceMet,EventLocationLimited,EventLocationLimited,ToleranceMet
rand022,0.5,ValueFirst,0,1.0e-04,0,Converged,Converged,EventLocationLimited,1,4.2756631923194997,1.212934e-07,1.034364,0.834038,0.199352,0.000019,0.000747,0.058590,0.000429,62,62,4,0,0,1,4,ToleranceMet,ToleranceMet,FiniteUncertified,FiniteUncertified,ToleranceMet,ToleranceMet,ToleranceMet,EventLocationLimited,EventLocationLimited,ToleranceMet
rand022,0.5,ValueFirst,1,1.0e-03,0,Converged,Converged,EventLocationLimited,1,4.2761351796802032,1.2131819e-07,0.748780,0.501553,0.244645,0.000019,0.000796,0.067708,0.000446,62,62,4,0,0,1,4,ToleranceMet,ToleranceMet,FiniteUncertified,FiniteUncertified,ToleranceMet,ToleranceMet,ToleranceMet,EventLocationLimited,EventLocationLimited,ToleranceMet
rand022,0.5,ValueFirst,1,1.0e-04,0,Converged,Converged,EventLocationLimited,1,4.2761351796802032,1.2131819e-07,0.729773,0.501455,0.227345,0.000017,0.000757,0.061080,0.000402,62,62,4,0,0,1,4,ToleranceMet,ToleranceMet,FiniteUncertified,FiniteUncertified,ToleranceMet,ToleranceMet,ToleranceMet,EventLocationLimited,EventLocationLimited,ToleranceMet
rand023,0.0,None,0,1.0e-03,0,Converged,Converged,Converged,1,2.7812379933850973,1.3774443e-07,0.786108,0.629458,0.156077,0.000018,0.001259,0.069390,0.001729,62,62,4,0,0,1,4,NotRequested,NotRequested,NotRequested,NotRequested,NotRequested,NotRequested,NotRequested,NotRequested,NotRequested,NotRequested
rand023,0.0,None,0,1.0e-04,0,Converged,Converged,Converged,1,2.7812379933850973,1.3774443e-07,0.763401,0.621761,0.140724,0.000018,0.000873,0.066217,0.000467,62,62,4,0,0,1,4,NotRequested,NotRequested,NotRequested,NotRequested,NotRequested,NotRequested,NotRequested,NotRequested,NotRequested,NotRequested
rand023,0.0,None,1,1.0e-03,0,Converged,Converged,Converged,1,2.7788304409119919,1.3749935e-07,0.695234,0.526070,0.167869,0.000018,0.000866,0.074925,0.000494,62,62,4,0,0,1,4,NotRequested,NotRequested,NotRequested,NotRequested,NotRequested,NotRequested,NotRequested,NotRequested,NotRequested,NotRequested
rand023,0.0,None,1,1.0e-04,0,Converged,Converged,Converged,1,2.7788304409119919,1.3749935e-07,0.644210,0.498390,0.144829,0.000018,0.000800,0.059386,0.000401,62,62,4,0,0,1,4,NotRequested,NotRequested,NotRequested,NotRequested,NotRequested,NotRequested,NotRequested,NotRequested,NotRequested,NotRequested
rand023,0.0,Strict,0,1.0e-03,0,Converged,Converged,Converged,1,2.7812379933850973,1.3774443e-07,14.372505,0.617016,13.754444,0.000019,0.001070,0.057144,0.000939,3271,3271,4,0,0,1,4,ToleranceMet,ToleranceMet,ToleranceMet,ToleranceMet,ToleranceMet,ToleranceMet,ToleranceMet,ToleranceMet,ToleranceMet,ToleranceMet
rand023,0.0,Strict,0,1.0e-04,0,Converged,Converged,Converged,1,2.7812379933850973,1.3774443e-07,11.127313,0.641127,10.462377,0.000105,0.001376,0.097791,0.001781,3271,3271,4,0,0,1,4,ToleranceMet,ToleranceMet,ToleranceMet,ToleranceMet,ToleranceMet,ToleranceMet,ToleranceMet,ToleranceMet,ToleranceMet,ToleranceMet
rand023,0.0,Strict,1,1.0e-03,0,Converged,Converged,Converged,1,2.7788304409119919,1.3749935e-07,13.594558,0.579258,12.934469,0.000260,0.001996,0.099687,0.002074,3271,3271,4,0,0,1,4,ToleranceMet,ToleranceMet,ToleranceMet,ToleranceMet,ToleranceMet,ToleranceMet,ToleranceMet,ToleranceMet,ToleranceMet,ToleranceMet
rand023,0.0,Strict,1,1.0e-04,0,Converged,Converged,Converged,1,2.7788304409119919,1.3749935e-07,13.562782,0.533829,13.009100,0.000025,0.002288,0.081929,0.000847,3271,3271,4,0,0,1,4,ToleranceMet,ToleranceMet,ToleranceMet,ToleranceMet,ToleranceMet,ToleranceMet,ToleranceMet,ToleranceMet,ToleranceMet,ToleranceMet
rand023,0.0,ValueFirst,0,1.0e-03,0,Converged,Converged,BudgetExceeded,1,2.7812379933850973,1.3774443e-07,1.374223,0.639603,0.732865,0.000029,0.001828,0.073677,0.001284,286,286,4,0,0,1,4,FiniteUncertified,FiniteUncertified,FiniteUncertified,FiniteUncertified,FiniteUncertified,BudgetExceeded,BudgetExceeded,BudgetExceeded,BudgetExceeded,BudgetExceeded
rand023,0.0,ValueFirst,0,1.0e-04,0,Converged,Converged,BudgetExceeded,1,2.7812379933850973,1.3774443e-07,1.309924,0.631414,0.675866,0.000018,0.000945,0.068688,0.000562,286,286,4,0,0,1,4,FiniteUncertified,FiniteUncertified,FiniteUncertified,FiniteUncertified,FiniteUncertified,BudgetExceeded,BudgetExceeded,BudgetExceeded,BudgetExceeded,BudgetExceeded
rand023,0.0,ValueFirst,1,1.0e-03,0,Converged,Converged,BudgetExceeded,1,2.7788304409119919,1.3749935e-07,1.246121,0.504954,0.737915,0.000019,0.000885,0.077268,0.000522,286,286,4,0,0,1,4,FiniteUncertified,FiniteUncertified,FiniteUncertified,ToleranceMet,FiniteUncertified,BudgetExceeded,BudgetExceeded,BudgetExceeded,ToleranceMet,BudgetExceeded
rand023,0.0,ValueFirst,1,1.0e-04,0,Converged,Converged,BudgetExceeded,1,2.7788304409119919,1.3749935e-07,1.230840,0.511277,0.717243,0.000019,0.000817,0.075914,0.000419,286,286,4,0,0,1,4,FiniteUncertified,FiniteUncertified,FiniteUncertified,ToleranceMet,FiniteUncertified,BudgetExceeded,BudgetExceeded,BudgetExceeded,ToleranceMet,BudgetExceeded
rand023,0.5,None,0,1.0e-03,0,Converged,Converged,Converged,1,2.7784364508347243,5.6304919e-07,0.788779,0.621120,0.167028,0.000019,0.001064,0.065826,0.000806,62,62,4,0,0,1,4,NotRequested,NotRequested,NotRequested,NotRequested,NotRequested,NotRequested,NotRequested,NotRequested,NotRequested,NotRequested
rand023,0.5,None,0,1.0e-04,0,Converged,Converged,Converged,1,2.7784364508347243,5.6304919e-07,0.769842,0.621035,0.147817,0.000019,0.000824,0.060040,0.000451,62,62,4,0,0,1,4,NotRequested,NotRequested,NotRequested,NotRequested,NotRequested,NotRequested,NotRequested,NotRequested,NotRequested,NotRequested
rand023,0.5,None,1,1.0e-03,0,Converged,Converged,Converged,1,2.7760368747455022,5.6143328e-07,0.663964,0.499200,0.163796,0.000024,0.000856,0.062553,0.000471,62,62,4,0,0,1,4,NotRequested,NotRequested,NotRequested,NotRequested,NotRequested,NotRequested,NotRequested,NotRequested,NotRequested,NotRequested
rand023,0.5,None,1,1.0e-04,0,Converged,Converged,Converged,1,2.7760368747455022,5.6143328e-07,0.673452,0.503563,0.168962,0.000017,0.000811,0.065508,0.000383,62,62,4,0,0,1,4,NotRequested,NotRequested,NotRequested,NotRequested,NotRequested,NotRequested,NotRequested,NotRequested,NotRequested,NotRequested
rand023,0.5,Strict,0,1.0e-03,0,TopologyUnresolved,Converged,TopologyUnresolved,1,2.7784364508347243,5.6304919e-07,9.819494,0.620056,9.198477,0.000026,0.001124,0.066864,0.002016,2232,2232,4,0,0,1,4,Invalid,Invalid,Invalid,Invalid,Invalid,TopologyUnresolved,TopologyUnresolved,TopologyUnresolved,TopologyUnresolved,TopologyUnresolved
rand023,0.5,Strict,0,1.0e-04,0,TopologyUnresolved,Converged,TopologyUnresolved,1,2.7784364508347243,5.6304919e-07,8.224429,0.645447,7.565482,0.000153,0.001076,0.073982,0.000795,2232,2232,4,0,0,1,4,Invalid,Invalid,Invalid,Invalid,Invalid,TopologyUnresolved,TopologyUnresolved,TopologyUnresolved,TopologyUnresolved,TopologyUnresolved
rand023,0.5,Strict,1,1.0e-03,0,TopologyUnresolved,Converged,TopologyUnresolved,1,2.7760368747455022,5.6143328e-07,9.052758,0.565763,8.404164,0.000108,0.001761,0.104267,0.002186,2232,2232,4,0,0,1,4,Invalid,Invalid,Invalid,Invalid,Invalid,TopologyUnresolved,TopologyUnresolved,TopologyUnresolved,TopologyUnresolved,TopologyUnresolved
rand023,0.5,Strict,1,1.0e-04,0,TopologyUnresolved,Converged,TopologyUnresolved,1,2.7760368747455022,5.6143328e-07,8.883819,0.519180,8.349425,0.000026,0.000918,0.080510,0.000606,2232,2232,4,0,0,1,4,Invalid,Invalid,Invalid,Invalid,Invalid,TopologyUnresolved,TopologyUnresolved,TopologyUnresolved,TopologyUnresolved,TopologyUnresolved
rand023,0.5,ValueFirst,0,1.0e-03,0,Converged,Converged,BudgetExceeded,1,2.7784364508347243,5.6304919e-07,1.192924,0.634225,0.557314,0.000034,0.001847,0.076486,0.001351,190,190,4,0,0,1,4,FiniteUncertified,FiniteUncertified,FiniteUncertified,FiniteUncertified,FiniteUncertified,BudgetExceeded,BudgetExceeded,BudgetExceeded,BudgetExceeded,BudgetExceeded
rand023,0.5,ValueFirst,0,1.0e-04,0,Converged,Converged,BudgetExceeded,1,2.7784364508347243,5.6304919e-07,1.161819,0.628744,0.531193,0.000020,0.000847,0.075898,0.000514,190,190,4,0,0,1,4,FiniteUncertified,FiniteUncertified,FiniteUncertified,FiniteUncertified,FiniteUncertified,BudgetExceeded,BudgetExceeded,BudgetExceeded,BudgetExceeded,BudgetExceeded
rand023,0.5,ValueFirst,1,1.0e-03,0,Converged,Converged,BudgetExceeded,1,2.7760368747455022,5.6143328e-07,1.081054,0.505957,0.572317,0.000016,0.000897,0.077545,0.000502,190,190,4,0,0,1,4,FiniteUncertified,FiniteUncertified,FiniteUncertified,FiniteUncertified,FiniteUncertified,BudgetExceeded,BudgetExceeded,BudgetExceeded,BudgetExceeded,BudgetExceeded
rand023,0.5,ValueFirst,1,1.0e-04,0,Converged,Converged,BudgetExceeded,1,2.7760368747455022,5.6143328e-07,1.057780,0.508172,0.547711,0.000018,0.000881,0.069032,0.000406,190,190,4,0,0,1,4,FiniteUncertified,FiniteUncertified,FiniteUncertified,FiniteUncertified,FiniteUncertified,BudgetExceeded,BudgetExceeded,BudgetExceeded,BudgetExceeded,BudgetExceeded
rand024,0.0,None,0,1.0e-03,0,Converged,Converged,Converged,1,1.8874366866258909,0.00049951944,1.038226,0.649390,0.388222,0.000018,0.004698,0.313299,0.001573,46,46,4,0,0,1,4,NotRequested,NotRequested,NotRequested,NotRequested,NotRequested,NotRequested,NotRequested,NotRequested,NotRequested,NotRequested
rand024,0.0,None,0,1.0e-04,0,Converged,Converged,Converged,1,1.8874366866290111,2.3257614e-10,1.039685,0.653130,0.385634,0.000019,0.003753,0.300664,0.000553,62,62,4,0,0,1,4,NotRequested,NotRequested,NotRequested,NotRequested,NotRequested,NotRequested,NotRequested,NotRequested,NotRequested,NotRequested
rand024,0.0,None,1,1.0e-03,0,Converged,Converged,Converged,1,1.8874373552563828,0.00049951981,1.119755,0.524649,0.592866,0.000025,0.003768,0.317515,0.000563,46,46,4,0,0,1,4,NotRequested,NotRequested,NotRequested,NotRequested,NotRequested,NotRequested,NotRequested,NotRequested,NotRequested,NotRequested
rand024,0.0,None,1,1.0e-04,0,Converged,Converged,Converged,1,1.8874373552595316,2.3263987e-10,1.091508,0.531974,0.558586,0.000019,0.003682,0.291223,0.000451,62,62,4,0,0,1,4,NotRequested,NotRequested,NotRequested,NotRequested,NotRequested,NotRequested,NotRequested,NotRequested,NotRequested,NotRequested
rand024,0.0,Strict,0,1.0e-03,0,EventLocationLimited,Converged,EventLocationLimited,1,1.8874366866258909,0.00049951944,1.050201,0.641939,0.407643,0.000019,0.003950,0.298156,0.000949,62,62,4,0,0,1,4,FiniteUncertified,FiniteUncertified,FiniteUncertified,FiniteUncertified,ToleranceMet,EventLocationLimited,EventLocationLimited,EventLocationLimited,EventLocationLimited,ToleranceMet
rand024,0.0,Strict,0,1.0e-04,0,EventLocationLimited,Converged,EventLocationLimited,1,1.8874366866290111,2.3257614e-10,1.057579,0.645482,0.411142,0.000019,0.003791,0.311806,0.000423,62,62,4,0,0,1,4,FiniteUncertified,FiniteUncertified,FiniteUncertified,FiniteUncertified,ToleranceMet,EventLocationLimited,EventLocationLimited,EventLocationLimited,EventLocationLimited,ToleranceMet
rand024,0.0,Strict,1,1.0e-03,0,EventLocationLimited,Converged,EventLocationLimited,1,1.8874373552563828,0.00049951981,1.342724,0.586290,0.626983,0.000121,0.005314,0.327694,0.002332,62,62,4,0,0,1,4,FiniteUncertified,FiniteUncertified,FiniteUncertified,FiniteUncertified,ToleranceMet,EventLocationLimited,EventLocationLimited,EventLocationLimited,EventLocationLimited,ToleranceMet
rand024,0.0,Strict,1,1.0e-04,0,EventLocationLimited,Converged,EventLocationLimited,1,1.8874373552595316,2.3263987e-10,1.109018,0.530877,0.577081,0.000019,0.003642,0.288243,0.000439,62,62,4,0,0,1,4,FiniteUncertified,FiniteUncertified,FiniteUncertified,FiniteUncertified,ToleranceMet,EventLocationLimited,EventLocationLimited,EventLocationLimited,EventLocationLimited,ToleranceMet
rand024,0.0,ValueFirst,0,1.0e-03,0,Converged,Converged,EventLocationLimited,1,1.8874366866258909,0.00049951944,1.050417,0.642316,0.406860,0.000026,0.004599,0.302771,0.001081,62,62,4,0,0,1,4,FiniteUncertified,FiniteUncertified,FiniteUncertified,FiniteUncertified,ToleranceMet,EventLocationLimited,EventLocationLimited,EventLocationLimited,EventLocationLimited,ToleranceMet
rand024,0.0,ValueFirst,0,1.0e-04,0,Converged,Converged,EventLocationLimited,1,1.8874366866290111,2.3257614e-10,1.039056,0.642642,0.395357,0.000018,0.003679,0.299906,0.000431,62,62,4,0,0,1,4,FiniteUncertified,FiniteUncertified,FiniteUncertified,FiniteUncertified,ToleranceMet,EventLocationLimited,EventLocationLimited,EventLocationLimited,EventLocationLimited,ToleranceMet
rand024,0.0,ValueFirst,1,1.0e-03,0,Converged,Converged,EventLocationLimited,1,1.8874373552563828,0.00049951981,1.256832,0.548216,0.704381,0.000029,0.005356,0.338517,0.000674,62,62,4,0,0,1,4,FiniteUncertified,FiniteUncertified,FiniteUncertified,FiniteUncertified,ToleranceMet,EventLocationLimited,EventLocationLimited,EventLocationLimited,EventLocationLimited,ToleranceMet
rand024,0.0,ValueFirst,1,1.0e-04,0,Converged,Converged,EventLocationLimited,1,1.8874373552595316,2.3263987e-10,1.102099,0.532701,0.568488,0.000019,0.003654,0.288500,0.000401,62,62,4,0,0,1,4,FiniteUncertified,FiniteUncertified,FiniteUncertified,FiniteUncertified,ToleranceMet,EventLocationLimited,EventLocationLimited,EventLocationLimited,EventLocationLimited,ToleranceMet
rand024,0.5,None,0,1.0e-03,0,Converged,Converged,Converged,1,1.8874366262075819,2.2297096e-08,1.054796,0.640654,0.413569,0.000019,0.003889,0.305087,0.000834,62,62,4,0,0,1,4,NotRequested,NotRequested,NotRequested,NotRequested,NotRequested,NotRequested,NotRequested,NotRequested,NotRequested,NotRequested
rand024,0.5,None,0,1.0e-04,0,Converged,Converged,Converged,1,1.8874366262075819,2.2297096e-08,1.040677,0.638721,0.400977,0.000018,0.003741,0.304894,0.000399,62,62,4,0,0,1,4,NotRequested,NotRequested,NotRequested,NotRequested,NotRequested,NotRequested,NotRequested,NotRequested,NotRequested,NotRequested
rand024,0.5,None,1,1.0e-03,0,Converged,Converged,Converged,1,1.8874372948380167,2.2297258e-08,1.110084,0.532992,0.576163,0.000019,0.003644,0.294718,0.000400,62,62,4,0,0,1,4,NotRequested,NotRequested,NotRequested,NotRequested,NotRequested,NotRequested,NotRequested,NotRequested,NotRequested,NotRequested
rand024,0.5,None,1,1.0e-04,0,Converged,Converged,Converged,1,1.8874372948380167,2.2297258e-08,1.099987,0.525590,0.573467,0.000018,0.003613,0.286923,0.000412,62,62,4,0,0,1,4,NotRequested,NotRequested,NotRequested,NotRequested,NotRequested,NotRequested,NotRequested,NotRequested,NotRequested,NotRequested
rand024,0.5,Strict,0,1.0e-03,0,EventLocationLimited,Converged,EventLocationLimited,1,1.8874366262075819,2.2297096e-08,1.090177,0.638664,0.450932,0.000019,0.003912,0.301294,0.000877,62,62,4,0,0,1,4,FiniteUncertified,FiniteUncertified,FiniteUncertified,FiniteUncertified,ToleranceMet,EventLocationLimited,EventLocationLimited,EventLocationLimited,EventLocationLimited,ToleranceMet
rand024,0.5,Strict,0,1.0e-04,0,EventLocationLimited,Converged,EventLocationLimited,1,1.8874366262075819,2.2297096e-08,1.076719,0.642817,0.432957,0.000019,0.003650,0.293421,0.000427,62,62,4,0,0,1,4,FiniteUncertified,FiniteUncertified,FiniteUncertified,FiniteUncertified,ToleranceMet,EventLocationLimited,EventLocationLimited,EventLocationLimited,EventLocationLimited,ToleranceMet
rand024,0.5,Strict,1,1.0e-03,0,EventLocationLimited,Converged,EventLocationLimited,1,1.8874372948380167,2.2297257e-08,1.419166,0.602768,0.679020,0.000127,0.005634,0.334429,0.001949,62,62,4,0,0,1,4,FiniteUncertified,FiniteUncertified,FiniteUncertified,FiniteUncertified,ToleranceMet,EventLocationLimited,EventLocationLimited,EventLocationLimited,EventLocationLimited,ToleranceMet
rand024,0.5,Strict,1,1.0e-04,0,EventLocationLimited,Converged,EventLocationLimited,1,1.8874372948380167,2.2297257e-08,1.150939,0.529915,0.619996,0.000028,0.003687,0.293129,0.000439,62,62,4,0,0,1,4,FiniteUncertified,FiniteUncertified,FiniteUncertified,FiniteUncertified,ToleranceMet,EventLocationLimited,EventLocationLimited,EventLocationLimited,EventLocationLimited,ToleranceMet
rand024,0.5,ValueFirst,0,1.0e-03,0,Converged,Converged,EventLocationLimited,1,1.8874366262075819,2.2297096e-08,1.097198,0.649266,0.446457,0.000018,0.004429,0.302253,0.001103,62,62,4,0,0,1,4,FiniteUncertified,FiniteUncertified,FiniteUncertified,FiniteUncertified,ToleranceMet,EventLocationLimited,EventLocationLimited,EventLocationLimited,EventLocationLimited,ToleranceMet
rand024,0.5,ValueFirst,0,1.0e-04,0,Converged,Converged,EventLocationLimited,1,1.8874366262075819,2.2297096e-08,1.092130,0.647749,0.443411,0.000018,0.003820,0.305775,0.000490,62,62,4,0,0,1,4,FiniteUncertified,FiniteUncertified,FiniteUncertified,FiniteUncertified,ToleranceMet,EventLocationLimited,EventLocationLimited,EventLocationLimited,EventLocationLimited,ToleranceMet
rand024,0.5,ValueFirst,1,1.0e-03,0,Converged,Converged,EventLocationLimited,1,1.8874372948380167,2.2297257e-08,1.320952,0.681414,0.637541,0.000019,0.003794,0.300178,0.000502,62,62,4,0,0,1,4,FiniteUncertified,FiniteUncertified,FiniteUncertified,FiniteUncertified,ToleranceMet,EventLocationLimited,EventLocationLimited,EventLocationLimited,EventLocationLimited,ToleranceMet
rand024,0.5,ValueFirst,1,1.0e-04,0,Converged,Converged,EventLocationLimited,1,1.8874372948380167,2.2297257e-08,1.177449,0.528379,0.648066,0.000024,0.003755,0.308282,0.000447,62,62,4,0,0,1,4,FiniteUncertified,FiniteUncertified,FiniteUncertified,FiniteUncertified,ToleranceMet,EventLocationLimited,EventLocationLimited,EventLocationLimited,EventLocationLimited,ToleranceMet
rand025,0.0,None,0,1.0e-03,0,Converged,Converged,Converged,1,2.5955746595699232,0.0023112393,1.248557,0.338843,0.909116,0.000019,0.001784,0.763573,0.004752,95,95,6,0,0,1,6,NotRequested,NotRequested,NotRequested,NotRequested,NotRequested,NotRequested,NotRequested,NotRequested,NotRequested,NotRequested
rand025,0.0,None,0,1.0e-04,0,Converged,Converged,Converged,1,2.595574557287343,0.00023861281,1.220115,0.320308,0.898457,0.000018,0.001105,0.738703,0.001691,127,127,6,0,0,1,6,NotRequested,NotRequested,NotRequested,NotRequested,NotRequested,NotRequested,NotRequested,NotRequested,NotRequested,NotRequested
rand025,0.0,None,1,1.0e-03,0,Converged,Converged,Converged,1,2.5878149827780632,0.0022342952,1.089448,0.203742,0.884003,0.000024,0.001066,0.742376,0.001708,95,95,6,0,0,1,6,NotRequested,NotRequested,NotRequested,NotRequested,NotRequested,NotRequested,NotRequested,NotRequested,NotRequested,NotRequested
rand025,0.0,None,1,1.0e-04,0,Converged,Converged,Converged,1,2.5878148901782452,0.0002472031,1.113668,0.209194,0.902910,0.000022,0.001042,0.733397,0.001572,127,127,6,0,0,1,6,NotRequested,NotRequested,NotRequested,NotRequested,NotRequested,NotRequested,NotRequested,NotRequested,NotRequested,NotRequested
rand025,0.0,Strict,0,1.0e-03,0,EventLocationLimited,Converged,EventLocationLimited,1,2.5955746595699232,0.0023112393,8.053100,0.324035,7.727984,0.000019,0.001328,0.762954,0.002942,2106,2106,6,0,0,1,6,FiniteUncertified,FiniteUncertified,FiniteUncertified,FiniteUncertified,FiniteUncertified,EventLocationLimited,EventLocationLimited,EventLocationLimited,EventLocationLimited,EventLocationLimited
rand025,0.0,Strict,0,1.0e-04,0,EventLocationLimited,Converged,EventLocationLimited,1,2.595574557287343,0.00023861281,6.676806,0.345282,6.315558,0.000093,0.001813,0.770302,0.002850,2106,2106,6,0,0,1,6,FiniteUncertified,FiniteUncertified,FiniteUncertified,FiniteUncertified,FiniteUncertified,EventLocationLimited,EventLocationLimited,EventLocationLimited,EventLocationLimited,EventLocationLimited
rand025,0.0,Strict,1,1.0e-03,0,EventLocationLimited,Converged,EventLocationLimited,1,2.5878149827780632,0.0022342952,8.191497,0.262749,7.809977,0.000255,0.002415,0.762822,0.004205,2106,2106,6,0,0,1,6,FiniteUncertified,FiniteUncertified,FiniteUncertified,FiniteUncertified,FiniteUncertified,EventLocationLimited,EventLocationLimited,EventLocationLimited,EventLocationLimited,EventLocationLimited
rand025,0.0,Strict,1,1.0e-04,0,EventLocationLimited,Converged,EventLocationLimited,1,2.5878148901782452,0.0002472031,8.103805,0.219415,7.870349,0.000033,0.001161,0.755034,0.002091,2106,2106,6,0,0,1,6,FiniteUncertified,FiniteUncertified,FiniteUncertified,FiniteUncertified,FiniteUncertified,EventLocationLimited,EventLocationLimited,EventLocationLimited,EventLocationLimited,EventLocationLimited
rand025,0.0,ValueFirst,0,1.0e-03,0,Converged,Converged,BudgetExceeded,1,2.5955746595699232,0.0023112393,1.308081,0.338389,0.968322,0.000035,0.001566,0.758746,0.003845,119,119,6,0,0,1,6,FiniteUncertified,FiniteUncertified,FiniteUncertified,FiniteUncertified,FiniteUncertified,BudgetExceeded,BudgetExceeded,BudgetExceeded,BudgetExceeded,BudgetExceeded
rand025,0.0,ValueFirst,0,1.0e-04,0,Converged,Converged,BudgetExceeded,1,2.595574557287343,0.00023861281,1.308750,0.322409,0.984749,0.000019,0.001132,0.739403,0.001636,159,159,6,0,0,1,6,FiniteUncertified,FiniteUncertified,FiniteUncertified,FiniteUncertified,FiniteUncertified,BudgetExceeded,BudgetExceeded,BudgetExceeded,BudgetExceeded,BudgetExceeded
rand025,0.0,ValueFirst,1,1.0e-03,0,Converged,Converged,BudgetExceeded,1,2.5878149827780632,0.0022342952,1.163844,0.208178,0.953369,0.000018,0.001050,0.747120,0.001700,119,119,6,0,0,1,6,FiniteUncertified,FiniteUncertified,FiniteUncertified,FiniteUncertified,FiniteUncertified,BudgetExceeded,BudgetExceeded,BudgetExceeded,BudgetExceeded,BudgetExceeded
rand025,0.0,ValueFirst,1,1.0e-04,0,Converged,Converged,BudgetExceeded,1,2.5878148901782452,0.0002472031,1.223021,0.209160,1.012329,0.000018,0.001008,0.728020,0.001535,159,159,6,0,0,1,6,FiniteUncertified,FiniteUncertified,FiniteUncertified,FiniteUncertified,FiniteUncertified,BudgetExceeded,BudgetExceeded,BudgetExceeded,BudgetExceeded,BudgetExceeded
rand025,0.5,None,0,1.0e-03,0,Converged,Converged,Converged,1,2.5914836571155955,0.0019936548,1.263186,0.325153,0.937528,0.000018,0.001379,0.750248,0.002739,103,103,6,0,0,1,6,NotRequested,NotRequested,NotRequested,NotRequested,NotRequested,NotRequested,NotRequested,NotRequested,NotRequested,NotRequested
rand025,0.5,None,0,1.0e-04,0,Converged,Converged,Converged,1,2.5914836149097882,2.3839601e-05,1.273140,0.321330,0.950430,0.000030,0.001092,0.744034,0.001544,135,135,6,0,0,1,6,NotRequested,NotRequested,NotRequested,NotRequested,NotRequested,NotRequested,NotRequested,NotRequested,NotRequested,NotRequested
rand025,0.5,None,1,1.0e-03,0,Converged,Converged,Converged,1,2.58376608829496,0.0020008198,1.134438,0.209022,0.923926,0.000018,0.001047,0.746709,0.001681,103,103,6,0,0,1,6,NotRequested,NotRequested,NotRequested,NotRequested,NotRequested,NotRequested,NotRequested,NotRequested,NotRequested,NotRequested
rand025,0.5,None,1,1.0e-04,0,Converged,Converged,Converged,1,2.5837660495191224,2.3382452e-05,1.148991,0.208380,0.939110,0.000018,0.001113,0.721887,0.001429,135,135,6,0,0,1,6,NotRequested,NotRequested,NotRequested,NotRequested,NotRequested,NotRequested,NotRequested,NotRequested,NotRequested,NotRequested
rand025,0.5,Strict,0,1.0e-03,0,TopologyUnresolved,Converged,TopologyUnresolved,1,2.591483657115595,0.0019936548,5.456404,0.318634,5.137006,0.000025,0.001340,0.749571,0.002792,1171,1171,6,0,0,1,6,Invalid,Invalid,Invalid,Invalid,Invalid,TopologyUnresolved,TopologyUnresolved,TopologyUnresolved,TopologyUnresolved,TopologyUnresolved
rand025,0.5,Strict,0,1.0e-04,0,TopologyUnresolved,Converged,TopologyUnresolved,1,2.5914836149097877,2.3839601e-05,5.141845,0.334398,4.798886,0.000030,0.001186,0.768212,0.001964,1171,1171,6,0,0,1,6,Invalid,Invalid,Invalid,Invalid,Invalid,TopologyUnresolved,TopologyUnresolved,TopologyUnresolved,TopologyUnresolved,TopologyUnresolved
rand025,0.5,Strict,1,1.0e-03,0,TopologyUnresolved,Converged,TopologyUnresolved,1,2.58376608829496,0.0020008198,4.830524,0.250101,4.466312,0.000133,0.002743,0.757770,0.003291,901,901,6,0,0,1,6,Invalid,Invalid,Invalid,Invalid,Invalid,TopologyUnresolved,TopologyUnresolved,TopologyUnresolved,TopologyUnresolved,TopologyUnresolved
rand025,0.5,Strict,1,1.0e-04,0,TopologyUnresolved,Converged,TopologyUnresolved,1,2.5837660495191224,2.3382452e-05,4.633450,0.217184,4.407472,0.000032,0.001174,0.751240,0.001742,901,901,6,0,0,1,6,Invalid,Invalid,Invalid,Invalid,Invalid,TopologyUnresolved,TopologyUnresolved,TopologyUnresolved,TopologyUnresolved,TopologyUnresolved
rand025,0.5,ValueFirst,0,1.0e-03,0,Converged,Converged,BudgetExceeded,1,2.591483657115595,0.0019936548,1.452800,0.328979,1.122706,0.000033,0.001808,0.772732,0.004416,135,135,6,0,0,1,6,FiniteUncertified,FiniteUncertified,FiniteUncertified,FiniteUncertified,FiniteUncertified,BudgetExceeded,BudgetExceeded,BudgetExceeded,BudgetExceeded,BudgetExceeded
rand025,0.5,ValueFirst,0,1.0e-04,0,Converged,Converged,BudgetExceeded,1,2.5914836149097877,2.3839601e-05,1.496021,0.324264,1.170149,0.000033,0.001007,0.755993,0.001603,167,167,6,0,0,1,6,FiniteUncertified,FiniteUncertified,FiniteUncertified,ToleranceMet,FiniteUncertified,BudgetExceeded,BudgetExceeded,BudgetExceeded,ToleranceMet,BudgetExceeded
rand025,0.5,ValueFirst,1,1.0e-03,0,Converged,Converged,BudgetExceeded,1,2.58376608829496,0.0020008198,1.295549,0.207468,1.085816,0.000035,0.001017,0.737078,0.001659,135,135,6,0,0,1,6,FiniteUncertified,FiniteUncertified,FiniteUncertified,FiniteUncertified,FiniteUncertified,BudgetExceeded,BudgetExceeded,BudgetExceeded,BudgetExceeded,BudgetExceeded
rand025,0.5,ValueFirst,1,1.0e-04,0,Converged,Converged,BudgetExceeded,1,2.5837660495191224,2.3382452e-05,1.419218,0.209648,1.207762,0.000033,0.001053,0.741604,0.001651,167,167,6,0,0,1,6,FiniteUncertified,FiniteUncertified,FiniteUncertified,ToleranceMet,FiniteUncertified,BudgetExceeded,BudgetExceeded,BudgetExceeded,ToleranceMet,BudgetExceeded
rand026,0.0,None,0,1.0e-03,0,Converged,Converged,Converged,1,3.0881588461696028,0.0011844089,1.009256,0.652211,0.356383,0.000032,0.001275,0.283069,0.001192,46,46,4,0,0,1,4,NotRequested,NotRequested,NotRequested,NotRequested,NotRequested,NotRequested,NotRequested,NotRequested,NotRequested,NotRequested
rand026,0.0,None,0,1.0e-04,0,Converged,Converged,Converged,1,3.0881588461738767,1.8443339e-09,1.002758,0.647669,0.354110,0.000019,0.000909,0.268456,0.000561,62,62,4,0,0,1,4,NotRequested,NotRequested,NotRequested,NotRequested,NotRequested,NotRequested,NotRequested,NotRequested,NotRequested,NotRequested
rand026,0.0,None,1,1.0e-03,0,Converged,Converged,Converged,1,3.0883994857049437,0.0011845468,0.878131,0.511481,0.365428,0.000020,0.000894,0.269740,0.001665,46,46,4,0,0,1,4,NotRequested,NotRequested,NotRequested,NotRequested,NotRequested,NotRequested,NotRequested,NotRequested,NotRequested,NotRequested
rand026,0.0,None,1,1.0e-04,0,Converged,Converged,Converged,1,3.0883994857092194,1.8446834e-09,0.909582,0.512943,0.395598,0.000018,0.000854,0.264502,0.000448,62,62,4,0,0,1,4,NotRequested,NotRequested,NotRequested,NotRequested,NotRequested,NotRequested,NotRequested,NotRequested,NotRequested,NotRequested
rand026,0.0,Strict,0,1.0e-03,0,EventLocationLimited,Converged,EventLocationLimited,1,3.0881588461696028,0.0011844089,1.017929,0.641298,0.375961,0.000018,0.001127,0.267172,0.000847,62,62,4,0,0,1,4,ToleranceMet,ToleranceMet,FiniteUncertified,FiniteUncertified,ToleranceMet,ToleranceMet,ToleranceMet,EventLocationLimited,EventLocationLimited,ToleranceMet
rand026,0.0,Strict,0,1.0e-04,0,EventLocationLimited,Converged,EventLocationLimited,1,3.0881588461738767,1.8443339e-09,1.012657,0.640374,0.371216,0.000019,0.000878,0.273683,0.000514,62,62,4,0,0,1,4,ToleranceMet,ToleranceMet,FiniteUncertified,FiniteUncertified,ToleranceMet,ToleranceMet,ToleranceMet,EventLocationLimited,EventLocationLimited,ToleranceMet
rand026,0.0,Strict,1,1.0e-03,0,EventLocationLimited,Converged,EventLocationLimited,1,3.0883994857049437,0.0011845468,1.132526,0.580986,0.463504,0.000112,0.001978,0.300721,0.002425,62,62,4,0,0,1,4,ToleranceMet,ToleranceMet,FiniteUncertified,FiniteUncertified,ToleranceMet,ToleranceMet,ToleranceMet,EventLocationLimited,EventLocationLimited,ToleranceMet
rand026,0.0,Strict,1,1.0e-04,0,EventLocationLimited,Converged,EventLocationLimited,1,3.0883994857092194,1.8446834e-09,0.927512,0.521475,0.405019,0.000019,0.000830,0.260996,0.000491,62,62,4,0,0,1,4,ToleranceMet,ToleranceMet,FiniteUncertified,FiniteUncertified,ToleranceMet,ToleranceMet,ToleranceMet,EventLocationLimited,EventLocationLimited,ToleranceMet
rand026,0.0,ValueFirst,0,1.0e-03,0,Converged,Converged,EventLocationLimited,1,3.0881588461696028,0.0011844089,1.015285,0.650911,0.362858,0.000019,0.001518,0.259281,0.000970,62,62,4,0,0,1,4,ToleranceMet,ToleranceMet,FiniteUncertified,FiniteUncertified,ToleranceMet,ToleranceMet,ToleranceMet,EventLocationLimited,EventLocationLimited,ToleranceMet
rand026,0.0,ValueFirst,0,1.0e-04,0,Converged,Converged,EventLocationLimited,1,3.0881588461738767,1.8443339e-09,1.006485,0.645810,0.359625,0.000025,0.000857,0.263713,0.000474,62,62,4,0,0,1,4,ToleranceMet,ToleranceMet,FiniteUncertified,FiniteUncertified,ToleranceMet,ToleranceMet,ToleranceMet,EventLocationLimited,EventLocationLimited,ToleranceMet
rand026,0.0,ValueFirst,1,1.0e-03,0,Converged,Converged,EventLocationLimited,1,3.0883994857049437,0.0011845468,0.944284,0.518106,0.423934,0.000019,0.000903,0.273353,0.000468,62,62,4,0,0,1,4,ToleranceMet,ToleranceMet,FiniteUncertified,FiniteUncertified,ToleranceMet,ToleranceMet,ToleranceMet,EventLocationLimited,EventLocationLimited,ToleranceMet
rand026,0.0,ValueFirst,1,1.0e-04,0,Converged,Converged,EventLocationLimited,1,3.0883994857092194,1.8446834e-09,0.953778,0.525519,0.427258,0.000020,0.000951,0.274984,0.000469,62,62,4,0,0,1,4,ToleranceMet,ToleranceMet,FiniteUncertified,FiniteUncertified,ToleranceMet,ToleranceMet,ToleranceMet,EventLocationLimited,EventLocationLimited,ToleranceMet
rand026,0.5,None,0,1.0e-03,0,Converged,Converged,Converged,1,3.0881549216818134,4.4676198e-08,1.034563,0.668595,0.365346,0.000023,0.001105,0.258922,0.000812,62,62,4,0,0,1,4,NotRequested,NotRequested,NotRequested,NotRequested,NotRequested,NotRequested,NotRequested,NotRequested,NotRequested,NotRequested
rand026,0.5,None,0,1.0e-04,0,Converged,Converged,Converged,1,3.0881549216818134,4.4676198e-08,0.997379,0.641431,0.354990,0.000018,0.000828,0.257950,0.000432,62,62,4,0,0,1,4,NotRequested,NotRequested,NotRequested,NotRequested,NotRequested,NotRequested,NotRequested,NotRequested,NotRequested,NotRequested
rand026,0.5,None,1,1.0e-03,0,Converged,Converged,Converged,1,3.0883955602417412,4.4681129e-08,0.920858,0.511153,0.408736,0.000026,0.000967,0.263984,0.000465,62,62,4,0,0,1,4,NotRequested,NotRequested,NotRequested,NotRequested,NotRequested,NotRequested,NotRequested,NotRequested,NotRequested,NotRequested
rand026,0.5,None,1,1.0e-04,0,Converged,Converged,Converged,1,3.0883955602417412,4.4681129e-08,0.922435,0.512748,0.408710,0.000018,0.000806,0.266968,0.000425,62,62,4,0,0,1,4,NotRequested,NotRequested,NotRequested,NotRequested,NotRequested,NotRequested,NotRequested,NotRequested,NotRequested,NotRequested
rand026,0.5,Strict,0,1.0e-03,0,EventLocationLimited,Converged,EventLocationLimited,1,3.0881549216818134,4.4676198e-08,1.054809,0.638039,0.416159,0.000019,0.001095,0.263972,0.000848,62,62,4,0,0,1,4,ToleranceMet,ToleranceMet,FiniteUncertified,ToleranceMet,ToleranceMet,ToleranceMet,ToleranceMet,EventLocationLimited,ToleranceMet,ToleranceMet
rand026,0.5,Strict,0,1.0e-04,0,EventLocationLimited,Converged,EventLocationLimited,1,3.0881549216818134,4.4676198e-08,1.039355,0.640397,0.397971,0.000020,0.000892,0.258031,0.000460,62,62,4,0,0,1,4,ToleranceMet,ToleranceMet,FiniteUncertified,ToleranceMet,ToleranceMet,ToleranceMet,ToleranceMet,EventLocationLimited,ToleranceMet,ToleranceMet
rand026,0.5,Strict,1,1.0e-03,0,EventLocationLimited,Converged,EventLocationLimited,1,3.0883955602417412,4.4681129e-08,1.188719,0.587392,0.511205,0.000108,0.002434,0.304062,0.002386,62,62,4,0,0,1,4,ToleranceMet,ToleranceMet,FiniteUncertified,ToleranceMet,ToleranceMet,ToleranceMet,ToleranceMet,EventLocationLimited,ToleranceMet,ToleranceMet
rand026,0.5,Strict,1,1.0e-04,0,EventLocationLimited,Converged,EventLocationLimited,1,3.0883955602417412,4.4681129e-08,0.969039,0.516970,0.451020,0.000025,0.000876,0.266053,0.000386,62,62,4,0,0,1,4,ToleranceMet,ToleranceMet,FiniteUncertified,ToleranceMet,ToleranceMet,ToleranceMet,ToleranceMet,EventLocationLimited,ToleranceMet,ToleranceMet
rand026,0.5,ValueFirst,0,1.0e-03,0,Converged,Converged,EventLocationLimited,1,3.0881549216818134,4.4676198e-08,1.056174,0.642974,0.411882,0.000018,0.001913,0.267458,0.001030,62,62,4,0,0,1,4,ToleranceMet,ToleranceMet,FiniteUncertified,ToleranceMet,ToleranceMet,ToleranceMet,ToleranceMet,EventLocationLimited,ToleranceMet,ToleranceMet
rand026,0.5,ValueFirst,0,1.0e-04,0,Converged,Converged,EventLocationLimited,1,3.0881549216818134,4.4676198e-08,1.044693,0.641425,0.402239,0.000018,0.000864,0.266086,0.000387,62,62,4,0,0,1,4,ToleranceMet,ToleranceMet,FiniteUncertified,ToleranceMet,ToleranceMet,ToleranceMet,ToleranceMet,EventLocationLimited,ToleranceMet,ToleranceMet
rand026,0.5,ValueFirst,1,1.0e-03,0,Converged,Converged,EventLocationLimited,1,3.0883955602417412,4.4681129e-08,0.995595,0.514626,0.479057,0.000018,0.000819,0.286276,0.000528,62,62,4,0,0,1,4,ToleranceMet,ToleranceMet,FiniteUncertified,ToleranceMet,ToleranceMet,ToleranceMet,ToleranceMet,EventLocationLimited,ToleranceMet,ToleranceMet
rand026,0.5,ValueFirst,1,1.0e-04,0,Converged,Converged,EventLocationLimited,1,3.0883955602417412,4.4681129e-08,0.973770,0.514336,0.458463,0.000025,0.000829,0.273375,0.000427,62,62,4,0,0,1,4,ToleranceMet,ToleranceMet,FiniteUncertified,ToleranceMet,ToleranceMet,ToleranceMet,ToleranceMet,EventLocationLimited,ToleranceMet,ToleranceMet
rand027,0.0,None,0,1.0e-03,0,Converged,Converged,Converged,1,2.2454434764191169,0.00088264975,0.852474,0.664630,0.187171,0.000019,0.001724,0.102909,0.003376,53,53,6,0,0,1,6,NotRequested,NotRequested,NotRequested,NotRequested,NotRequested,NotRequested,NotRequested,NotRequested,NotRequested,NotRequested
rand027,0.0,None,0,1.0e-04,0,Converged,Converged,Converged,1,2.2454434763705491,3.7625609e-09,0.857235,0.658945,0.197319,0.000024,0.001039,0.098451,0.000826,69,69,6,0,0,1,6,NotRequested,NotRequested,NotRequested,NotRequested,NotRequested,NotRequested,NotRequested,NotRequested,NotRequested,NotRequested
rand027,0.0,None,1,1.0e-03,0,Converged,Converged,Converged,1,2.2454010038265682,0.00088261351,0.416353,0.240384,0.174668,0.000017,0.000996,0.091887,0.000722,53,53,6,0,0,1,6,NotRequested,NotRequested,NotRequested,NotRequested,NotRequested,NotRequested,NotRequested,NotRequested,NotRequested,NotRequested
rand027,0.0,None,1,1.0e-04,0,Converged,Converged,Converged,1,2.2454010037780052,3.7624132e-09,0.427158,0.238378,0.187758,0.000016,0.000970,0.085496,0.000626,69,69,6,0,0,1,6,NotRequested,NotRequested,NotRequested,NotRequested,NotRequested,NotRequested,NotRequested,NotRequested,NotRequested,NotRequested
rand027,0.0,Strict,0,1.0e-03,0,EventLocationLimited,Converged,EventLocationLimited,1,2.2454434764191169,0.00088264975,0.882584,0.651524,0.230408,0.000019,0.001255,0.092256,0.001412,77,77,6,0,0,1,6,ToleranceMet,ToleranceMet,FiniteUncertified,ToleranceMet,ToleranceMet,ToleranceMet,ToleranceMet,EventLocationLimited,ToleranceMet,ToleranceMet
rand027,0.0,Strict,0,1.0e-04,0,EventLocationLimited,Converged,EventLocationLimited,1,2.2454434763705491,3.7625609e-09,0.860790,0.651811,0.207865,0.000024,0.000944,0.088363,0.000659,77,77,6,0,0,1,6,ToleranceMet,ToleranceMet,FiniteUncertified,ToleranceMet,ToleranceMet,ToleranceMet,ToleranceMet,EventLocationLimited,ToleranceMet,ToleranceMet
rand027,0.0,Strict,1,1.0e-03,0,EventLocationLimited,Converged,EventLocationLimited,1,2.2454010038265682,0.00088261351,0.661812,0.295364,0.286611,0.000547,0.002301,0.132574,0.003251,77,77,6,0,0,1,6,ToleranceMet,ToleranceMet,FiniteUncertified,ToleranceMet,ToleranceMet,ToleranceMet,ToleranceMet,EventLocationLimited,ToleranceMet,ToleranceMet
rand027,0.0,Strict,1,1.0e-04,0,EventLocationLimited,Converged,EventLocationLimited,1,2.2454010037780052,3.7624132e-09,0.480126,0.242017,0.236767,0.000024,0.001032,0.095130,0.000660,77,77,6,0,0,1,6,ToleranceMet,ToleranceMet,FiniteUncertified,ToleranceMet,ToleranceMet,ToleranceMet,ToleranceMet,EventLocationLimited,ToleranceMet,ToleranceMet
rand027,0.0,ValueFirst,0,1.0e-03,0,Converged,Converged,EventLocationLimited,1,2.2454434764191169,0.00088264975,0.882904,0.658017,0.223424,0.000019,0.001997,0.094286,0.001547,77,77,6,0,0,1,6,ToleranceMet,ToleranceMet,FiniteUncertified,ToleranceMet,ToleranceMet,ToleranceMet,ToleranceMet,EventLocationLimited,ToleranceMet,ToleranceMet
rand027,0.0,ValueFirst,0,1.0e-04,0,Converged,Converged,EventLocationLimited,1,2.2454434763705491,3.7625609e-09,0.885601,0.656870,0.227544,0.000018,0.001055,0.103791,0.000930,77,77,6,0,0,1,6,ToleranceMet,ToleranceMet,FiniteUncertified,ToleranceMet,ToleranceMet,ToleranceMet,ToleranceMet,EventLocationLimited,ToleranceMet,ToleranceMet
rand027,0.0,ValueFirst,1,1.0e-03,0,Converged,Converged,EventLocationLimited,1,2.2454010038265682,0.00088261351,0.488962,0.240830,0.245138,0.000016,0.001046,0.105382,0.001536,77,77,6,0,0,1,6,ToleranceMet,ToleranceMet,FiniteUncertified,ToleranceMet,ToleranceMet,ToleranceMet,ToleranceMet,EventLocationLimited,ToleranceMet,ToleranceMet
rand027,0.0,ValueFirst,1,1.0e-04,0,Converged,Converged,EventLocationLimited,1,2.2454010037780052,3.7624132e-09,0.454006,0.237249,0.215611,0.000019,0.000938,0.086710,0.000637,77,77,6,0,0,1,6,ToleranceMet,ToleranceMet,FiniteUncertified,ToleranceMet,ToleranceMet,ToleranceMet,ToleranceMet,EventLocationLimited,ToleranceMet,ToleranceMet
rand027,0.5,None,0,1.0e-03,0,Converged,Converged,Converged,1,2.2453478305060739,9.2371022e-08,0.874812,0.656383,0.217775,0.000018,0.001325,0.090434,0.001206,69,69,6,0,0,1,6,NotRequested,NotRequested,NotRequested,NotRequested,NotRequested,NotRequested,NotRequested,NotRequested,NotRequested,NotRequested
rand027,0.5,None,0,1.0e-04,0,Converged,Converged,Converged,1,2.2453478305060739,9.2371022e-08,0.883219,0.663128,0.219087,0.000019,0.001063,0.102438,0.000641,69,69,6,0,0,1,6,NotRequested,NotRequested,NotRequested,NotRequested,NotRequested,NotRequested,NotRequested,NotRequested,NotRequested,NotRequested
rand027,0.5,None,1,1.0e-03,0,Converged,Converged,Converged,1,2.2453053640699476,9.2367416e-08,0.464031,0.235548,0.227463,0.000015,0.001018,0.098704,0.001382,69,69,6,0,0,1,6,NotRequested,NotRequested,NotRequested,NotRequested,NotRequested,NotRequested,NotRequested,NotRequested,NotRequested,NotRequested
rand027,0.5,None,1,1.0e-04,0,Converged,Converged,Converged,1,2.2453053640699476,9.2367416e-08,0.443695,0.232911,0.209814,0.000019,0.000892,0.084047,0.000580,69,69,6,0,0,1,6,NotRequested,NotRequested,NotRequested,NotRequested,NotRequested,NotRequested,NotRequested,NotRequested,NotRequested,NotRequested
rand027,0.5,Strict,0,1.0e-03,0,EventLocationLimited,Converged,EventLocationLimited,1,2.2453478305060739,9.2371022e-08,1.019196,0.653507,0.365141,0.000019,0.001259,0.091728,0.001277,93,93,6,0,0,1,6,ToleranceMet,ToleranceMet,FiniteUncertified,ToleranceMet,ToleranceMet,ToleranceMet,ToleranceMet,EventLocationLimited,ToleranceMet,ToleranceMet
rand027,0.5,Strict,0,1.0e-04,0,EventLocationLimited,Converged,EventLocationLimited,1,2.2453478305060739,9.2371022e-08,1.004959,0.653424,0.350254,0.000019,0.001002,0.096586,0.000679,93,93,6,0,0,1,6,ToleranceMet,ToleranceMet,FiniteUncertified,ToleranceMet,ToleranceMet,ToleranceMet,ToleranceMet,EventLocationLimited,ToleranceMet,ToleranceMet
rand027,0.5,Strict,1,1.0e-03,0,EventLocationLimited,Converged,EventLocationLimited,1,2.2453053640699476,9.2367416e-08,0.797937,0.294806,0.422859,0.000109,0.002427,0.129557,0.003163,93,93,6,0,0,1,6,ToleranceMet,ToleranceMet,FiniteUncertified,ToleranceMet,ToleranceMet,ToleranceMet,ToleranceMet,EventLocationLimited,ToleranceMet,ToleranceMet
rand027,0.5,Strict,1,1.0e-04,0,EventLocationLimited,Converged,EventLocationLimited,1,2.2453053640699476,9.2367416e-08,0.600102,0.243194,0.355553,0.000018,0.000990,0.091702,0.000682,93,93,6,0,0,1,6,ToleranceMet,ToleranceMet,FiniteUncertified,ToleranceMet,ToleranceMet,ToleranceMet,ToleranceMet,EventLocationLimited,ToleranceMet,ToleranceMet
rand027,0.5,ValueFirst,0,1.0e-03,0,Converged,Converged,EventLocationLimited,1,2.2453478305060739,9.2371022e-08,1.019681,0.662285,0.355895,0.000019,0.001891,0.092956,0.001533,93,93,6,0,0,1,6,ToleranceMet,ToleranceMet,FiniteUncertified,ToleranceMet,ToleranceMet,ToleranceMet,ToleranceMet,EventLocationLimited,ToleranceMet,ToleranceMet
rand027,0.5,ValueFirst,0,1.0e-04,0,Converged,Converged,EventLocationLimited,1,2.2453478305060739,9.2371022e-08,0.997661,0.656655,0.339711,0.000021,0.001009,0.089440,0.000697,93,93,6,0,0,1,6,ToleranceMet,ToleranceMet,FiniteUncertified,ToleranceMet,ToleranceMet,ToleranceMet,ToleranceMet,EventLocationLimited,ToleranceMet,ToleranceMet
rand027,0.5,ValueFirst,1,1.0e-03,0,Converged,Converged,EventLocationLimited,1,2.2453053640699476,9.2367416e-08,0.609742,0.236998,0.369876,0.000018,0.001116,0.097034,0.000706,93,93,6,0,0,1,6,ToleranceMet,ToleranceMet,FiniteUncertified,ToleranceMet,ToleranceMet,ToleranceMet,ToleranceMet,EventLocationLimited,ToleranceMet,ToleranceMet
rand027,0.5,ValueFirst,1,1.0e-04,0,Converged,Converged,EventLocationLimited,1,2.2453053640699476,9.2367416e-08,0.595539,0.239530,0.354777,0.000019,0.000975,0.090904,0.000613,93,93,6,0,0,1,6,ToleranceMet,ToleranceMet,FiniteUncertified,ToleranceMet,ToleranceMet,ToleranceMet,ToleranceMet,EventLocationLimited,ToleranceMet,ToleranceMet
rand028,0.0,None,0,1.0e-03,0,Converged,Converged,Converged,1,4.5373602874801122,0.0023335486,1.564891,1.150515,0.413823,0.000018,0.007447,0.258062,0.002087,60,60,4,1,1,1,3,NotRequested,NotRequested,NotRequested,NotRequested,NotRequested,NotRequested,NotRequested,NotRequested,NotRequested,NotRequested
rand028,0.0,None,0,1.0e-04,0,Converged,Converged,Converged,1,4.5373602874643053,0.00026762673,1.608771,1.155613,0.452388,0.000019,0.004955,0.266114,0.000867,76,76,4,1,1,1,3,NotRequested,NotRequested,NotRequested,NotRequested,NotRequested,NotRequested,NotRequested,NotRequested,NotRequested,NotRequested
rand028,0.0,None,1,1.0e-03,0,Converged,Converged,Converged,1,4.5384955739924182,0.0023343018,1.421741,1.013541,0.407217,0.000018,0.003761,0.259057,0.000841,60,60,4,1,1,1,3,NotRequested,NotRequested,NotRequested,NotRequested,NotRequested,NotRequested,NotRequested,NotRequested,NotRequested,NotRequested
rand028,0.0,None,1,1.0e-04,0,Converged,Converged,Converged,1,4.5384955739765873,0.00026768217,1.467404,1.042327,0.424179,0.000019,0.003682,0.254545,0.000738,76,76,4,1,1,1,3,NotRequested,NotRequested,NotRequested,NotRequested,NotRequested,NotRequested,NotRequested,NotRequested,NotRequested,NotRequested
rand028,0.0,Strict,0,1.0e-03,0,EventLocationLimited,Converged,EventLocationLimited,1,4.5373602874801122,0.0023335486,1.953286,1.129751,0.822962,0.000018,0.003928,0.262744,0.001388,188,188,4,1,1,1,3,ToleranceMet,ToleranceMet,FiniteUncertified,FiniteUncertified,ToleranceMet,ToleranceMet,ToleranceMet,EventLocationLimited,EventLocationLimited,ToleranceMet
rand028,0.0,Strict,0,1.0e-04,0,EventLocationLimited,Converged,EventLocationLimited,1,4.5373602874643053,0.00026762673,1.941032,1.137233,0.802862,0.000035,0.003743,0.252887,0.000789,188,188,4,1,1,1,3,ToleranceMet,ToleranceMet,FiniteUncertified,FiniteUncertified,ToleranceMet,ToleranceMet,ToleranceMet,EventLocationLimited,EventLocationLimited,ToleranceMet
rand028,0.0,Strict,1,1.0e-03,0,EventLocationLimited,Converged,EventLocationLimited,1,4.5384955739924182,0.0023343018,2.024754,1.121998,0.843737,0.000115,0.005251,0.282914,0.002297,188,188,4,1,1,1,3,ToleranceMet,ToleranceMet,FiniteUncertified,FiniteUncertified,ToleranceMet,ToleranceMet,ToleranceMet,EventLocationLimited,EventLocationLimited,ToleranceMet
rand028,0.0,Strict,1,1.0e-04,0,EventLocationLimited,Converged,EventLocationLimited,1,4.5384955739765873,0.00026768217,1.877531,1.050127,0.826401,0.000026,0.003707,0.265037,0.000725,188,188,4,1,1,1,3,ToleranceMet,ToleranceMet,FiniteUncertified,FiniteUncertified,ToleranceMet,ToleranceMet,ToleranceMet,EventLocationLimited,EventLocationLimited,ToleranceMet
rand028,0.0,ValueFirst,0,1.0e-03,0,Converged,Converged,BudgetExceeded,1,4.5373602874801122,0.0023335486,1.908301,1.141394,0.765608,0.000018,0.004471,0.263903,0.001475,172,172,4,1,1,1,3,FiniteUncertified,FiniteUncertified,FiniteUncertified,FiniteUncertified,ToleranceMet,BudgetExceeded,BudgetExceeded,BudgetExceeded,BudgetExceeded,ToleranceMet
rand028,0.0,ValueFirst,0,1.0e-04,0,Converged,Converged,BudgetExceeded,1,4.5373602874643053,0.00026762673,1.929747,1.142540,0.786171,0.000024,0.003608,0.261266,0.000766,180,180,4,1,1,1,3,ToleranceMet,ToleranceMet,FiniteUncertified,FiniteUncertified,ToleranceMet,ToleranceMet,ToleranceMet,BudgetExceeded,BudgetExceeded,ToleranceMet
rand028,0.0,ValueFirst,1,1.0e-03,0,Converged,Converged,BudgetExceeded,1,4.5384955739924182,0.0023343018,1.798957,1.027023,0.769344,0.000019,0.003697,0.259177,0.000830,172,172,4,1,1,1,3,FiniteUncertified,FiniteUncertified,FiniteUncertified,FiniteUncertified,ToleranceMet,BudgetExceeded,BudgetExceeded,BudgetExceeded,BudgetExceeded,ToleranceMet
rand028,0.0,ValueFirst,1,1.0e-04,0,Converged,Converged,BudgetExceeded,1,4.5384955739765873,0.00026768217,1.992378,1.056913,0.934400,0.000019,0.004941,0.264969,0.001940,180,180,4,1,1,1,3,ToleranceMet,ToleranceMet,FiniteUncertified,FiniteUncertified,ToleranceMet,ToleranceMet,ToleranceMet,BudgetExceeded,BudgetExceeded,ToleranceMet
rand028,0.5,None,0,1.0e-03,0,Converged,Converged,Converged,1,4.5373296894308277,0.00029639593,1.588922,1.143501,0.444837,0.000025,0.003853,0.253295,0.001302,76,76,4,1,1,1,3,NotRequested,NotRequested,NotRequested,NotRequested,NotRequested,NotRequested,NotRequested,NotRequested,NotRequested,NotRequested
rand028,0.5,None,0,1.0e-04,0,Converged,Converged,Converged,1,4.5373296894308277,0.00029639593,1.574334,1.134900,0.438540,0.000018,0.003610,0.257329,0.000735,76,76,4,1,1,1,3,NotRequested,NotRequested,NotRequested,NotRequested,NotRequested,NotRequested,NotRequested,NotRequested,NotRequested,NotRequested
rand028,0.5,None,1,1.0e-03,0,Converged,Converged,Converged,1,4.5384649523728262,0.0002964571,1.475997,1.021427,0.453700,0.000020,0.003740,0.263139,0.000796,76,76,4,1,1,1,3,NotRequested,NotRequested,NotRequested,NotRequested,NotRequested,NotRequested,NotRequested,NotRequested,NotRequested,NotRequested
rand028,0.5,None,1,1.0e-04,0,Converged,Converged,Converged,1,4.5384649523728262,0.0002964571,1.485460,1.040224,0.444264,0.000018,0.003617,0.256598,0.000774,76,76,4,1,1,1,3,NotRequested,NotRequested,NotRequested,NotRequested,NotRequested,NotRequested,NotRequested,NotRequested,NotRequested,NotRequested
rand028,0.5,Strict,0,1.0e-03,0,EventLocationLimited,Converged,EventLocationLimited,1,4.5373296894308277,0.00029639593,2.112106,1.138971,0.972588,0.000018,0.003931,0.249648,0.001362,188,188,4,1,1,1,3,ToleranceMet,ToleranceMet,FiniteUncertified,FiniteUncertified,ToleranceMet,ToleranceMet,ToleranceMet,EventLocationLimited,EventLocationLimited,ToleranceMet
rand028,0.5,Strict,0,1.0e-04,0,EventLocationLimited,Converged,EventLocationLimited,1,4.5373296894308277,0.00029639593,2.067898,1.135532,0.931473,0.000031,0.003684,0.257636,0.000832,188,188,4,1,1,1,3,ToleranceMet,ToleranceMet,FiniteUncertified,FiniteUncertified,ToleranceMet,ToleranceMet,ToleranceMet,EventLocationLimited,EventLocationLimited,ToleranceMet
rand028,0.5,Strict,1,1.0e-03,0,EventLocationLimited,Converged,EventLocationLimited,1,4.5384649523728262,0.0002964571,2.153380,1.113119,0.982005,0.000116,0.005894,0.285515,0.003160,188,188,4,1,1,1,3,ToleranceMet,ToleranceMet,FiniteUncertified,FiniteUncertified,ToleranceMet,ToleranceMet,ToleranceMet,EventLocationLimited,EventLocationLimited,ToleranceMet
rand028,0.5,Strict,1,1.0e-04,0,EventLocationLimited,Converged,EventLocationLimited,1,4.5384649523728262,0.0002964571,1.988048,1.046411,0.940532,0.000035,0.003674,0.258289,0.000845,188,188,4,1,1,1,3,ToleranceMet,ToleranceMet,FiniteUncertified,FiniteUncertified,ToleranceMet,ToleranceMet,ToleranceMet,EventLocationLimited,EventLocationLimited,ToleranceMet
rand028,0.5,ValueFirst,0,1.0e-03,0,Converged,Converged,BudgetExceeded,1,4.5373296894308277,0.00029639593,1.849878,1.140395,0.708462,0.000025,0.004281,0.256923,0.002025,124,124,4,1,1,1,3,FiniteUncertified,FiniteUncertified,FiniteUncertified,FiniteUncertified,ToleranceMet,BudgetExceeded,BudgetExceeded,BudgetExceeded,BudgetExceeded,ToleranceMet
rand028,0.5,ValueFirst,0,1.0e-04,0,Converged,Converged,BudgetExceeded,1,4.5373296894308277,0.00029639593,1.841986,1.148906,0.692168,0.000027,0.003899,0.259032,0.000828,124,124,4,1,1,1,3,FiniteUncertified,FiniteUncertified,FiniteUncertified,FiniteUncertified,ToleranceMet,BudgetExceeded,BudgetExceeded,BudgetExceeded,BudgetExceeded,ToleranceMet
rand028,0.5,ValueFirst,1,1.0e-03,0,Converged,Converged,BudgetExceeded,1,4.5384649523728262,0.0002964571,1.732458,1.037174,0.692845,0.000025,0.003669,0.260366,0.000756,124,124,4,1,1,1,3,FiniteUncertified,FiniteUncertified,FiniteUncertified,FiniteUncertified,ToleranceMet,BudgetExceeded,BudgetExceeded,BudgetExceeded,BudgetExceeded,ToleranceMet
rand028,0.5,ValueFirst,1,1.0e-04,0,Converged,Converged,BudgetExceeded,1,4.5384649523728262,0.0002964571,1.750805,1.042899,0.706932,0.000018,0.003604,0.260828,0.000728,124,124,4,1,1,1,3,FiniteUncertified,FiniteUncertified,FiniteUncertified,FiniteUncertified,ToleranceMet,BudgetExceeded,BudgetExceeded,BudgetExceeded,BudgetExceeded,ToleranceMet
rand029,0.0,None,0,1.0e-03,0,Converged,Converged,Converged,1,37.446645987232735,0.035630633,1.045900,0.631085,0.414127,0.000019,0.001797,0.274302,0.004471,67,67,6,0,0,1,6,NotRequested,NotRequested,NotRequested,NotRequested,NotRequested,NotRequested,NotRequested,NotRequested,NotRequested,NotRequested
rand029,0.0,None,0,1.0e-04,0,Converged,Converged,Converged,1,37.44664515136887,5.6537047e-05,1.080406,0.627962,0.451356,0.000018,0.001127,0.261801,0.001094,99,99,6,0,0,1,6,NotRequested,NotRequested,NotRequested,NotRequested,NotRequested,NotRequested,NotRequested,NotRequested,NotRequested,NotRequested
rand029,0.0,None,1,1.0e-03,0,Converged,Converged,Converged,1,37.678245427361048,0.035680993,0.814184,0.429781,0.383107,0.000020,0.001107,0.251495,0.001099,67,67,6,1,1,1,5,NotRequested,NotRequested,NotRequested,NotRequested,NotRequested,NotRequested,NotRequested,NotRequested,NotRequested,NotRequested
rand029,0.0,None,1,1.0e-04,0,Converged,Converged,Converged,1,37.678244570283283,5.7908301e-05,0.867270,0.434008,0.432072,0.000024,0.001137,0.245432,0.000946,99,99,6,1,1,1,5,NotRequested,NotRequested,NotRequested,NotRequested,NotRequested,NotRequested,NotRequested,NotRequested,NotRequested,NotRequested
rand029,0.0,Strict,0,1.0e-03,0,EventLocationLimited,Converged,EventLocationLimited,1,37.446645987232735,0.035630633,12.416654,0.625719,11.789820,0.000018,0.001440,0.258486,0.001777,2530,2530,6,0,0,1,6,FiniteUncertified,FiniteUncertified,FiniteUncertified,FiniteUncertified,FiniteUncertified,EventLocationLimited,EventLocationLimited,EventLocationLimited,EventLocationLimited,EventLocationLimited
rand029,0.0,Strict,0,1.0e-04,0,EventLocationLimited,Converged,EventLocationLimited,1,37.44664515136887,5.6537047e-05,10.398524,0.647311,9.744814,0.000037,0.001681,0.291452,0.002243,2530,2530,6,0,0,1,6,FiniteUncertified,FiniteUncertified,FiniteUncertified,FiniteUncertified,FiniteUncertified,EventLocationLimited,EventLocationLimited,EventLocationLimited,EventLocationLimited,EventLocationLimited
rand029,0.0,Strict,1,1.0e-03,0,EventLocationLimited,Converged,EventLocationLimited,1,37.678245427361048,0.035680993,6.208815,0.497605,5.601260,0.000130,0.002723,0.287703,0.003863,1855,1855,6,1,1,1,5,FiniteUncertified,FiniteUncertified,FiniteUncertified,FiniteUncertified,FiniteUncertified,EventLocationLimited,EventLocationLimited,EventLocationLimited,EventLocationLimited,EventLocationLimited
rand029,0.0,Strict,1,1.0e-04,0,EventLocationLimited,Converged,EventLocationLimited,1,37.678244570283283,5.7908301e-05,6.031114,0.442366,5.584226,0.000036,0.001522,0.263527,0.001325,1855,1855,6,1,1,1,5,FiniteUncertified,FiniteUncertified,FiniteUncertified,FiniteUncertified,FiniteUncertified,EventLocationLimited,EventLocationLimited,EventLocationLimited,EventLocationLimited,EventLocationLimited
rand029,0.0,ValueFirst,0,1.0e-03,0,Converged,Converged,BudgetExceeded,1,37.446645987232735,0.035630633,1.149936,0.634085,0.514266,0.000042,0.002151,0.280890,0.002682,99,99,6,0,0,1,6,ToleranceMet,ToleranceMet,ToleranceMet,ToleranceMet,FiniteUncertified,ToleranceMet,ToleranceMet,ToleranceMet,ToleranceMet,BudgetExceeded
rand029,0.0,ValueFirst,0,1.0e-04,0,Converged,Converged,Converged,1,37.44664515136887,5.6537047e-05,1.270891,0.627573,0.642112,0.000025,0.001156,0.273872,0.001034,171,171,6,0,0,1,6,ToleranceMet,ToleranceMet,ToleranceMet,ToleranceMet,ToleranceMet,ToleranceMet,ToleranceMet,ToleranceMet,ToleranceMet,ToleranceMet
rand029,0.0,ValueFirst,1,1.0e-03,0,Converged,Converged,BudgetExceeded,1,37.678245427361048,0.035680993,0.915085,0.433697,0.478403,0.000019,0.001161,0.258699,0.001156,99,99,6,1,1,1,5,ToleranceMet,ToleranceMet,ToleranceMet,ToleranceMet,FiniteUncertified,ToleranceMet,ToleranceMet,ToleranceMet,ToleranceMet,BudgetExceeded
rand029,0.0,ValueFirst,1,1.0e-04,0,Converged,Converged,Converged,1,37.678244570283283,5.7908301e-05,1.045648,0.422573,0.621565,0.000019,0.001081,0.248639,0.000993,171,171,6,1,1,1,5,ToleranceMet,ToleranceMet,ToleranceMet,ToleranceMet,ToleranceMet,ToleranceMet,ToleranceMet,ToleranceMet,ToleranceMet,ToleranceMet
rand029,0.5,None,0,1.0e-03,0,Converged,Converged,Converged,1,37.269634626423475,0.005643954,1.079884,0.629202,0.450003,0.000018,0.001424,0.266106,0.001939,75,75,6,0,0,1,6,NotRequested,NotRequested,NotRequested,NotRequested,NotRequested,NotRequested,NotRequested,NotRequested,NotRequested,NotRequested
rand029,0.5,None,0,1.0e-04,0,Converged,Converged,Converged,1,37.269634602705636,0.00252592,1.089626,0.626238,0.462254,0.000019,0.001050,0.266583,0.000963,83,83,6,0,0,1,6,NotRequested,NotRequested,NotRequested,NotRequested,NotRequested,NotRequested,NotRequested,NotRequested,NotRequested,NotRequested
rand029,0.5,None,1,1.0e-03,0,Converged,Converged,Converged,1,37.497691000214054,0.005697772,0.845093,0.429108,0.414645,0.000018,0.001111,0.248184,0.001014,75,75,6,1,1,1,5,NotRequested,NotRequested,NotRequested,NotRequested,NotRequested,NotRequested,NotRequested,NotRequested,NotRequested,NotRequested
rand029,0.5,None,1,1.0e-04,0,Converged,Converged,Converged,1,37.497690976622032,0.0025973738,0.842348,0.417845,0.423468,0.000018,0.001045,0.239069,0.000852,83,83,6,1,1,1,5,NotRequested,NotRequested,NotRequested,NotRequested,NotRequested,NotRequested,NotRequested,NotRequested,NotRequested,NotRequested
rand029,0.5,Strict,0,1.0e-03,0,TopologyUnresolved,Converged,TopologyUnresolved,1,37.269634626423475,0.005643954,10.554456,0.629822,9.923499,0.000019,0.001396,0.268386,0.001876,2031,2031,6,0,0,1,6,Invalid,Invalid,Invalid,Invalid,Invalid,TopologyUnresolved,TopologyUnresolved,TopologyUnresolved,TopologyUnresolved,TopologyUnresolved
rand029,0.5,Strict,0,1.0e-04,0,TopologyUnresolved,Converged,TopologyUnresolved,1,37.269634602705636,0.00252592,9.235144,0.642194,8.587963,0.000036,0.001305,0.293420,0.001502,2031,2031,6,0,0,1,6,Invalid,Invalid,Invalid,Invalid,Invalid,TopologyUnresolved,TopologyUnresolved,TopologyUnresolved,TopologyUnresolved,TopologyUnresolved
rand029,0.5,Strict,1,1.0e-03,0,EventLocationLimited,Converged,EventLocationLimited,1,37.497691000214054,0.005697772,7.534918,0.506402,6.955676,0.000110,0.002520,0.291724,0.003683,1879,1879,6,1,1,1,5,FiniteUncertified,FiniteUncertified,FiniteUncertified,FiniteUncertified,FiniteUncertified,EventLocationLimited,EventLocationLimited,EventLocationLimited,EventLocationLimited,EventLocationLimited
rand029,0.5,Strict,1,1.0e-04,0,EventLocationLimited,Converged,EventLocationLimited,1,37.497690976622032,0.0025973738,7.375909,0.452678,6.918211,0.000018,0.001259,0.264607,0.001211,1879,1879,6,1,1,1,5,FiniteUncertified,FiniteUncertified,FiniteUncertified,FiniteUncertified,FiniteUncertified,EventLocationLimited,EventLocationLimited,EventLocationLimited,EventLocationLimited,EventLocationLimited
rand029,0.5,ValueFirst,0,1.0e-03,0,Converged,Converged,Converged,1,37.269634626423475,0.005643954,1.279854,0.640045,0.638163,0.000035,0.002083,0.286383,0.002421,107,107,6,0,0,1,6,ToleranceMet,ToleranceMet,ToleranceMet,ToleranceMet,ToleranceMet,ToleranceMet,ToleranceMet,ToleranceMet,ToleranceMet,ToleranceMet
rand029,0.5,ValueFirst,0,1.0e-04,0,Converged,Converged,Converged,1,37.269634602705636,0.00252592,1.299105,0.629126,0.668676,0.000019,0.001163,0.267382,0.001059,139,139,6,0,0,1,6,ToleranceMet,ToleranceMet,ToleranceMet,ToleranceMet,ToleranceMet,ToleranceMet,ToleranceMet,ToleranceMet,ToleranceMet,ToleranceMet
rand029,0.5,ValueFirst,1,1.0e-03,0,Converged,Converged,Converged,1,37.497691000214054,0.005697772,1.037232,0.434265,0.600136,0.000018,0.001178,0.262336,0.001060,107,107,6,1,1,1,5,ToleranceMet,ToleranceMet,ToleranceMet,ToleranceMet,ToleranceMet,ToleranceMet,ToleranceMet,ToleranceMet,ToleranceMet,ToleranceMet
rand029,0.5,ValueFirst,1,1.0e-04,0,Converged,Converged,Converged,1,37.497690976622032,0.0025973738,1.087448,0.418403,0.667613,0.000019,0.001112,0.264255,0.000983,139,139,6,1,1,1,5,ToleranceMet,ToleranceMet,ToleranceMet,ToleranceMet,ToleranceMet,ToleranceMet,ToleranceMet,ToleranceMet,ToleranceMet,ToleranceMet
rand030,0.0,None,0,1.0e-03,0,Converged,Converged,Converged,1,2.5377006005542921,0.0012986648,1.330137,0.899077,0.430303,0.000019,0.001409,0.276055,0.001973,67,67,5,2,2,1,3,NotRequested,NotRequested,NotRequested,NotRequested,NotRequested,NotRequested,NotRequested,NotRequested,NotRequested,NotRequested
rand030,0.0,None,0,1.0e-04,0,Converged,Converged,Converged,1,2.5377003804507079,0.00010494307,1.414222,0.898286,0.514986,0.000019,0.001032,0.266236,0.000892,115,115,5,2,2,1,3,NotRequested,NotRequested,NotRequested,NotRequested,NotRequested,NotRequested,NotRequested,NotRequested,NotRequested,NotRequested
rand030,0.0,None,1,1.0e-03,0,Converged,Converged,Converged,1,2.5378910734514064,0.0013974332,0.707671,0.420450,0.286239,0.000019,0.000897,0.123801,0.000796,67,67,4,1,1,1,3,NotRequested,NotRequested,NotRequested,NotRequested,NotRequested,NotRequested,NotRequested,NotRequested,NotRequested,NotRequested
rand030,0.0,None,1,1.0e-04,0,Converged,Converged,Converged,1,2.5378908533361386,0.00020358831,0.817835,0.432067,0.384804,0.000024,0.000981,0.124019,0.000815,115,115,4,1,1,1,3,NotRequested,NotRequested,NotRequested,NotRequested,NotRequested,NotRequested,NotRequested,NotRequested,NotRequested,NotRequested
rand030,0.0,Strict,0,1.0e-03,0,BudgetExceeded,Converged,BudgetExceeded,1,2.5377006005542921,0.0012986648,22.597600,0.892050,21.703667,0.000018,0.001268,0.263457,0.001836,3571,3571,5,2,2,1,3,FiniteUncertified,FiniteUncertified,FiniteUncertified,FiniteUncertified,FiniteUncertified,BudgetExceeded,BudgetExceeded,BudgetExceeded,BudgetExceeded,BudgetExceeded
rand030,0.0,Strict,0,1.0e-04,0,BudgetExceeded,Converged,BudgetExceeded,1,2.5377003804507079,0.00010494307,18.262549,0.924352,17.331210,0.000286,0.001770,0.286348,0.001951,3571,3571,5,2,2,1,3,FiniteUncertified,FiniteUncertified,FiniteUncertified,FiniteUncertified,FiniteUncertified,BudgetExceeded,BudgetExceeded,BudgetExceeded,BudgetExceeded,BudgetExceeded
rand030,0.0,Strict,1,1.0e-03,0,BudgetExceeded,Converged,BudgetExceeded,1,2.5378910734514064,0.0013974332,34.643485,0.493149,34.091223,0.000113,0.002629,0.161503,0.003176,6963,6963,4,1,1,1,3,FiniteUncertified,FiniteUncertified,FiniteUncertified,FiniteUncertified,FiniteUncertified,BudgetExceeded,BudgetExceeded,BudgetExceeded,BudgetExceeded,BudgetExceeded
rand030,0.0,Strict,1,1.0e-04,0,BudgetExceeded,Converged,BudgetExceeded,1,2.5378908533361386,0.00020358831,34.422440,0.444222,33.974102,0.000025,0.001625,0.138823,0.001121,6963,6963,4,1,1,1,3,FiniteUncertified,FiniteUncertified,FiniteUncertified,FiniteUncertified,FiniteUncertified,BudgetExceeded,BudgetExceeded,BudgetExceeded,BudgetExceeded,BudgetExceeded
rand030,0.0,ValueFirst,0,1.0e-03,0,Converged,Converged,BudgetExceeded,1,2.5377006005542921,0.0012986648,1.579355,0.925857,0.651900,0.000034,0.002606,0.294065,0.003511,123,123,5,2,2,1,3,FiniteUncertified,FiniteUncertified,FiniteUncertified,FiniteUncertified,FiniteUncertified,BudgetExceeded,BudgetExceeded,BudgetExceeded,BudgetExceeded,BudgetExceeded
rand030,0.0,ValueFirst,0,1.0e-04,0,Converged,Converged,BudgetExceeded,1,2.5377003804507079,0.00010494307,1.627631,0.900736,0.725829,0.000018,0.001185,0.270934,0.000941,171,171,5,2,2,1,3,FiniteUncertified,FiniteUncertified,FiniteUncertified,FiniteUncertified,FiniteUncertified,BudgetExceeded,BudgetExceeded,BudgetExceeded,BudgetExceeded,BudgetExceeded
rand030,0.0,ValueFirst,1,1.0e-03,0,Converged,Converged,BudgetExceeded,1,2.5378910734514064,0.0013974332,0.839840,0.431636,0.405099,0.000021,0.001033,0.134489,0.001001,99,99,4,1,1,1,3,FiniteUncertified,FiniteUncertified,FiniteUncertified,FiniteUncertified,FiniteUncertified,BudgetExceeded,BudgetExceeded,BudgetExceeded,BudgetExceeded,BudgetExceeded
rand030,0.0,ValueFirst,1,1.0e-04,0,Converged,Converged,BudgetExceeded,1,2.5378908533361386,0.00020358831,0.948481,0.431547,0.515907,0.000018,0.000961,0.127441,0.000883,147,147,4,1,1,1,3,FiniteUncertified,FiniteUncertified,FiniteUncertified,FiniteUncertified,FiniteUncertified,BudgetExceeded,BudgetExceeded,BudgetExceeded,BudgetExceeded,BudgetExceeded
rand030,0.5,None,0,1.0e-03,0,Converged,Converged,Converged,1,2.5376972838590492,0.00027941456,1.370331,0.895256,0.474376,0.000018,0.001401,0.268042,0.001820,83,83,5,2,2,1,3,NotRequested,NotRequested,NotRequested,NotRequested,NotRequested,NotRequested,NotRequested,NotRequested,NotRequested,NotRequested
rand030,0.5,None,0,1.0e-04,0,Converged,Converged,Converged,1,2.5376971517942915,8.2556119e-05,1.457428,0.890462,0.565949,0.000025,0.001020,0.269623,0.000822,115,115,5,2,2,1,3,NotRequested,NotRequested,NotRequested,NotRequested,NotRequested,NotRequested,NotRequested,NotRequested,NotRequested,NotRequested
rand030,0.5,None,1,1.0e-03,0,Converged,Converged,Converged,1,2.5378863170566128,0.00031909049,0.765059,0.420565,0.343460,0.000018,0.000946,0.129881,0.000944,83,83,4,1,1,1,3,NotRequested,NotRequested,NotRequested,NotRequested,NotRequested,NotRequested,NotRequested,NotRequested,NotRequested,NotRequested
rand030,0.5,None,1,1.0e-04,0,Converged,Converged,Converged,1,2.5378861849848495,0.00012222161,0.847690,0.421815,0.424897,0.000022,0.000905,0.124632,0.000854,115,115,4,1,1,1,3,NotRequested,NotRequested,NotRequested,NotRequested,NotRequested,NotRequested,NotRequested,NotRequested,NotRequested,NotRequested
rand030,0.5,Strict,0,1.0e-03,0,BudgetExceeded,Converged,BudgetExceeded,1,2.5376972838590492,0.00027941456,26.516723,0.891729,25.623394,0.000018,0.001328,0.270737,0.001780,3571,3571,5,2,2,1,3,FiniteUncertified,FiniteUncertified,FiniteUncertified,FiniteUncertified,FiniteUncertified,BudgetExceeded,BudgetExceeded,BudgetExceeded,BudgetExceeded,BudgetExceeded
rand030,0.5,Strict,0,1.0e-04,0,BudgetExceeded,Converged,BudgetExceeded,1,2.5376971517942915,8.2556119e-05,21.976685,0.931086,21.037643,0.000026,0.001646,0.285485,0.002123,3571,3571,5,2,2,1,3,FiniteUncertified,FiniteUncertified,FiniteUncertified,FiniteUncertified,FiniteUncertified,BudgetExceeded,BudgetExceeded,BudgetExceeded,BudgetExceeded,BudgetExceeded
rand030,0.5,Strict,1,1.0e-03,0,BudgetExceeded,Converged,BudgetExceeded,1,2.5378863170566128,0.00031909049,41.021521,0.490551,40.470814,0.000212,0.002228,0.162242,0.002862,6963,6963,4,1,1,1,3,FiniteUncertified,FiniteUncertified,FiniteUncertified,FiniteUncertified,FiniteUncertified,BudgetExceeded,BudgetExceeded,BudgetExceeded,BudgetExceeded,BudgetExceeded
rand030,0.5,Strict,1,1.0e-04,0,BudgetExceeded,Converged,BudgetExceeded,1,2.5378861849848495,0.00012222161,40.703340,0.440113,40.259263,0.000030,0.001322,0.139055,0.001219,6963,6963,4,1,1,1,3,FiniteUncertified,FiniteUncertified,FiniteUncertified,FiniteUncertified,FiniteUncertified,BudgetExceeded,BudgetExceeded,BudgetExceeded,BudgetExceeded,BudgetExceeded
rand030,0.5,ValueFirst,0,1.0e-03,0,Converged,Converged,BudgetExceeded,1,2.5376972838590492,0.00027941456,1.686966,0.912162,0.772983,0.000036,0.002260,0.283963,0.003083,139,139,5,2,2,1,3,FiniteUncertified,FiniteUncertified,FiniteUncertified,FiniteUncertified,FiniteUncertified,BudgetExceeded,BudgetExceeded,BudgetExceeded,BudgetExceeded,BudgetExceeded
rand030,0.5,ValueFirst,0,1.0e-04,0,Converged,Converged,BudgetExceeded,1,2.5376971517942915,8.2556119e-05,1.745305,0.901217,0.842976,0.000019,0.001187,0.271545,0.000964,171,171,5,2,2,1,3,FiniteUncertified,FiniteUncertified,FiniteUncertified,FiniteUncertified,FiniteUncertified,BudgetExceeded,BudgetExceeded,BudgetExceeded,BudgetExceeded,BudgetExceeded
rand030,0.5,ValueFirst,1,1.0e-03,0,Converged,Converged,BudgetExceeded,1,2.5378863170566128,0.00031909049,0.961549,0.424901,0.533755,0.000019,0.000994,0.135933,0.000952,115,115,4,1,1,1,3,FiniteUncertified,FiniteUncertified,FiniteUncertified,FiniteUncertified,FiniteUncertified,BudgetExceeded,BudgetExceeded,BudgetExceeded,BudgetExceeded,BudgetExceeded
rand030,0.5,ValueFirst,1,1.0e-04,0,Converged,Converged,BudgetExceeded,1,2.5378861849848495,0.00012222161,1.058643,0.428374,0.629220,0.000018,0.000963,0.131219,0.000844,147,147,4,1,1,1,3,FiniteUncertified,FiniteUncertified,FiniteUncertified,FiniteUncertified,FiniteUncertified,BudgetExceeded,BudgetExceeded,BudgetExceeded,BudgetExceeded,BudgetExceeded
rand031,0.0,None,0,1.0e-03,0,Converged,Converged,Converged,1,2.2235674620758901,0.0015457224,1.015805,0.656726,0.358384,0.000019,0.001303,0.226894,0.001860,76,76,4,2,2,1,2,NotRequested,NotRequested,NotRequested,NotRequested,NotRequested,NotRequested,NotRequested,NotRequested,NotRequested,NotRequested
rand031,0.0,None,0,1.0e-04,0,Converged,Converged,Converged,1,2.2235560580385947,0.00011994165,1.034068,0.652245,0.380866,0.000019,0.000986,0.215038,0.000783,108,108,4,2,2,1,2,NotRequested,NotRequested,NotRequested,NotRequested,NotRequested,NotRequested,NotRequested,NotRequested,NotRequested,NotRequested
rand031,0.0,None,1,1.0e-03,0,Converged,Converged,Converged,1,2.2340490007589371,0.0015566814,1.103233,0.742988,0.359260,0.000020,0.001009,0.232064,0.000765,76,76,4,1,1,1,3,NotRequested,NotRequested,NotRequested,NotRequested,NotRequested,NotRequested,NotRequested,NotRequested,NotRequested,NotRequested
rand031,0.0,None,1,1.0e-04,0,Converged,Converged,Converged,1,2.2340374750662795,0.00012123313,1.141914,0.748439,0.392530,0.000019,0.001048,0.224323,0.000663,108,108,4,1,1,1,3,NotRequested,NotRequested,NotRequested,NotRequested,NotRequested,NotRequested,NotRequested,NotRequested,NotRequested,NotRequested
rand031,0.0,Strict,0,1.0e-03,0,EventLocationLimited,Converged,EventLocationLimited,1,2.2235674620758901,0.0015457224,11.751608,0.646239,11.103993,0.000019,0.001222,0.209575,0.001370,2938,2938,4,2,2,1,2,FiniteUncertified,FiniteUncertified,FiniteUncertified,FiniteUncertified,FiniteUncertified,EventLocationLimited,EventLocationLimited,EventLocationLimited,EventLocationLimited,EventLocationLimited
rand031,0.0,Strict,0,1.0e-04,0,EventLocationLimited,Converged,EventLocationLimited,1,2.2235560580385947,0.00011994165,8.825805,0.677541,8.129884,0.000039,0.001427,0.236848,0.001213,2938,2938,4,2,2,1,2,FiniteUncertified,FiniteUncertified,FiniteUncertified,FiniteUncertified,FiniteUncertified,EventLocationLimited,EventLocationLimited,EventLocationLimited,EventLocationLimited,EventLocationLimited
rand031,0.0,Strict,1,1.0e-03,0,EventLocationLimited,Converged,EventLocationLimited,1,2.2340490007589371,0.0015566814,10.670316,0.808281,9.804843,0.000276,0.002408,0.272459,0.003081,3185,3185,4,1,1,1,3,FiniteUncertified,FiniteUncertified,FiniteUncertified,FiniteUncertified,FiniteUncertified,EventLocationLimited,EventLocationLimited,EventLocationLimited,EventLocationLimited,EventLocationLimited
rand031,0.0,Strict,1,1.0e-04,0,EventLocationLimited,Converged,EventLocationLimited,1,2.2340374750662795,0.00012123313,10.355717,0.754611,9.583303,0.000078,0.001162,0.258251,0.001213,3185,3185,4,1,1,1,3,FiniteUncertified,FiniteUncertified,FiniteUncertified,FiniteUncertified,FiniteUncertified,EventLocationLimited,EventLocationLimited,EventLocationLimited,EventLocationLimited,EventLocationLimited
rand031,0.0,ValueFirst,0,1.0e-03,0,Converged,Converged,Converged,1,2.2235674620758901,0.0015457224,1.628872,0.666317,0.961139,0.000037,0.001756,0.237236,0.001950,300,300,4,2,2,1,2,ToleranceMet,ToleranceMet,ToleranceMet,ToleranceMet,ToleranceMet,ToleranceMet,ToleranceMet,ToleranceMet,ToleranceMet,ToleranceMet
rand031,0.0,ValueFirst,0,1.0e-04,0,Converged,Converged,Converged,1,2.2235560580385947,0.00011994165,1.641385,0.654680,0.985562,0.000025,0.001023,0.228098,0.000832,332,332,4,2,2,1,2,ToleranceMet,ToleranceMet,ToleranceMet,ToleranceMet,ToleranceMet,ToleranceMet,ToleranceMet,ToleranceMet,ToleranceMet,ToleranceMet
rand031,0.0,ValueFirst,1,1.0e-03,0,Converged,Converged,Converged,1,2.2340490007589371,0.0015566814,1.697177,0.746154,0.948180,0.000018,0.001056,0.240202,0.000891,300,300,4,1,1,1,3,ToleranceMet,ToleranceMet,ToleranceMet,ToleranceMet,ToleranceMet,ToleranceMet,ToleranceMet,ToleranceMet,ToleranceMet,ToleranceMet
rand031,0.0,ValueFirst,1,1.0e-04,0,Converged,Converged,Converged,1,2.2340374750662795,0.00012123313,1.769067,0.748201,1.019515,0.000019,0.001018,0.235043,0.000738,332,332,4,1,1,1,3,ToleranceMet,ToleranceMet,ToleranceMet,ToleranceMet,ToleranceMet,ToleranceMet,ToleranceMet,ToleranceMet,ToleranceMet,ToleranceMet
rand031,0.5,None,0,1.0e-03,0,Converged,Converged,Converged,1,2.2169701326337239,0.00093105759,1.048550,0.667731,0.380100,0.000019,0.001155,0.229709,0.001591,76,76,4,2,2,1,2,NotRequested,NotRequested,NotRequested,NotRequested,NotRequested,NotRequested,NotRequested,NotRequested,NotRequested,NotRequested
rand031,0.5,None,0,1.0e-04,0,Converged,Converged,Converged,1,2.2169632902113467,7.5587321e-05,1.057212,0.645773,0.410516,0.000019,0.001018,0.219338,0.000759,108,108,4,2,2,1,2,NotRequested,NotRequested,NotRequested,NotRequested,NotRequested,NotRequested,NotRequested,NotRequested,NotRequested,NotRequested
rand031,0.5,None,1,1.0e-03,0,Converged,Converged,Converged,1,2.2273393823162349,0.00093764685,1.124069,0.740999,0.382120,0.000019,0.000959,0.236829,0.000748,76,76,4,1,1,1,3,NotRequested,NotRequested,NotRequested,NotRequested,NotRequested,NotRequested,NotRequested,NotRequested,NotRequested,NotRequested
rand031,0.5,None,1,1.0e-04,0,Converged,Converged,Converged,1,2.2273324669006405,7.6375903e-05,1.160376,0.736986,0.422438,0.000019,0.000945,0.229811,0.000641,108,108,4,1,1,1,3,NotRequested,NotRequested,NotRequested,NotRequested,NotRequested,NotRequested,NotRequested,NotRequested,NotRequested,NotRequested
rand031,0.5,Strict,0,1.0e-03,0,TopologyUnresolved,Converged,TopologyUnresolved,1,2.2169701326337239,0.00093105759,12.580688,0.652937,11.926551,0.000018,0.001225,0.223748,0.001435,2685,2685,4,2,2,1,2,Invalid,Invalid,Invalid,Invalid,Invalid,TopologyUnresolved,TopologyUnresolved,TopologyUnresolved,TopologyUnresolved,TopologyUnresolved
rand031,0.5,Strict,0,1.0e-04,0,TopologyUnresolved,Converged,TopologyUnresolved,1,2.2169632902113467,7.5587321e-05,9.774187,0.672207,9.086233,0.000049,0.001300,0.239265,0.001390,2685,2685,4,2,2,1,2,Invalid,Invalid,Invalid,Invalid,Invalid,TopologyUnresolved,TopologyUnresolved,TopologyUnresolved,TopologyUnresolved,TopologyUnresolved
rand031,0.5,Strict,1,1.0e-03,0,TopologyUnresolved,Converged,TopologyUnresolved,1,2.2273393823162349,0.00093764685,11.381550,0.817089,10.501254,0.000158,0.002650,0.266902,0.002757,2956,2956,4,1,1,1,3,Invalid,Invalid,Invalid,Invalid,Invalid,TopologyUnresolved,TopologyUnresolved,TopologyUnresolved,TopologyUnresolved,TopologyUnresolved
rand031,0.5,Strict,1,1.0e-04,0,TopologyUnresolved,Converged,TopologyUnresolved,1,2.22733246690064,7.6375903e-05,11.346058,0.762360,10.569277,0.000018,0.001187,0.250431,0.001037,2956,2956,4,1,1,1,3,Invalid,Invalid,Invalid,Invalid,Invalid,TopologyUnresolved,TopologyUnresolved,TopologyUnresolved,TopologyUnresolved,TopologyUnresolved
rand031,0.5,ValueFirst,0,1.0e-03,0,Converged,Converged,BudgetExceeded,1,2.2169701326337239,0.00093105759,1.869233,0.678104,1.189490,0.000035,0.002785,0.237819,0.001885,300,300,4,2,2,1,2,ToleranceMet,ToleranceMet,FiniteUncertified,ToleranceMet,ToleranceMet,ToleranceMet,ToleranceMet,BudgetExceeded,ToleranceMet,ToleranceMet
rand031,0.5,ValueFirst,0,1.0e-04,0,Converged,Converged,Converged,1,2.2169632902113467,7.5587321e-05,1.829699,0.655050,1.173488,0.000019,0.001000,0.226890,0.000820,308,308,4,2,2,1,2,ToleranceMet,ToleranceMet,ToleranceMet,ToleranceMet,ToleranceMet,ToleranceMet,ToleranceMet,ToleranceMet,ToleranceMet,ToleranceMet
rand031,0.5,ValueFirst,1,1.0e-03,0,Converged,Converged,BudgetExceeded,1,2.2273393823162349,0.00093764685,1.913750,0.752184,1.159383,0.000019,0.000982,0.242919,0.000744,300,300,4,1,1,1,3,ToleranceMet,ToleranceMet,FiniteUncertified,ToleranceMet,ToleranceMet,ToleranceMet,ToleranceMet,BudgetExceeded,ToleranceMet,ToleranceMet
rand031,0.5,ValueFirst,1,1.0e-04,0,Converged,Converged,Converged,1,2.22733246690064,7.6375903e-05,1.921708,0.739952,1.180733,0.000018,0.001028,0.242360,0.000692,308,308,4,1,1,1,3,ToleranceMet,ToleranceMet,ToleranceMet,ToleranceMet,ToleranceMet,ToleranceMet,ToleranceMet,ToleranceMet,ToleranceMet,ToleranceMet
rand032,0.0,None,0,1.0e-03,0,Converged,Converged,Converged,1,3.8885147668478521,0.0038395369,0.783390,0.623469,0.159321,0.000020,0.011322,0.073667,0.001755,46,46,4,0,0,1,4,NotRequested,NotRequested,NotRequested,NotRequested,NotRequested,NotRequested,NotRequested,NotRequested,NotRequested,NotRequested
rand032,0.0,None,0,1.0e-04,0,Converged,Converged,Converged,1,3.8885147672927323,1.2748293e-07,0.784748,0.622057,0.161796,0.000018,0.008191,0.066552,0.000449,62,62,4,0,0,1,4,NotRequested,NotRequested,NotRequested,NotRequested,NotRequested,NotRequested,NotRequested,NotRequested,NotRequested,NotRequested
rand032,0.0,None,1,1.0e-03,0,Converged,Converged,Converged,1,3.8877170776557484,0.0038379174,0.661796,0.505729,0.154808,0.000029,0.009229,0.077258,0.000449,46,46,4,0,0,1,4,NotRequested,NotRequested,NotRequested,NotRequested,NotRequested,NotRequested,NotRequested,NotRequested,NotRequested,NotRequested
rand032,0.0,None,1,1.0e-04,0,Converged,Converged,Converged,1,3.887717078099616,1.2739327e-07,0.667477,0.505271,0.161287,0.000018,0.007587,0.064173,0.000409,62,62,4,0,0,1,4,NotRequested,NotRequested,NotRequested,NotRequested,NotRequested,NotRequested,NotRequested,NotRequested,NotRequested,NotRequested
rand032,0.0,Strict,0,1.0e-03,0,EventLocationLimited,Converged,EventLocationLimited,1,3.8885147668478521,0.0038395369,12.749343,0.621111,12.127198,0.000018,0.007716,0.060451,0.000894,2993,2993,4,0,0,1,4,FiniteUncertified,FiniteUncertified,FiniteUncertified,FiniteUncertified,FiniteUncertified,EventLocationLimited,EventLocationLimited,EventLocationLimited,EventLocationLimited,EventLocationLimited
rand032,0.0,Strict,0,1.0e-04,0,EventLocationLimited,Converged,EventLocationLimited,1,3.8885147672927323,1.2748293e-07,9.808104,0.637534,9.150000,0.000031,0.010806,0.082489,0.001282,2993,2993,4,0,0,1,4,FiniteUncertified,FiniteUncertified,FiniteUncertified,FiniteUncertified,FiniteUncertified,EventLocationLimited,EventLocationLimited,EventLocationLimited,EventLocationLimited,EventLocationLimited
rand032,0.0,Strict,1,1.0e-03,0,EventLocationLimited,Converged,EventLocationLimited,1,3.8877170776557484,0.0038379174,13.500666,0.565269,12.851514,0.000112,0.017043,0.103355,0.002361,2993,2993,4,0,0,1,4,FiniteUncertified,FiniteUncertified,FiniteUncertified,FiniteUncertified,FiniteUncertified,EventLocationLimited,EventLocationLimited,EventLocationLimited,EventLocationLimited,EventLocationLimited
rand032,0.0,Strict,1,1.0e-04,0,EventLocationLimited,Converged,EventLocationLimited,1,3.887717078099616,1.2739327e-07,13.490573,0.523867,12.947051,0.000018,0.009473,0.082144,0.000669,2993,2993,4,0,0,1,4,FiniteUncertified,FiniteUncertified,FiniteUncertified,FiniteUncertified,FiniteUncertified,EventLocationLimited,EventLocationLimited,EventLocationLimited,EventLocationLimited,EventLocationLimited
rand032,0.0,ValueFirst,0,1.0e-03,0,Converged,Converged,BudgetExceeded,1,3.8885147668478521,0.0038395369,1.027674,0.637537,0.388523,0.000032,0.009333,0.073981,0.001212,158,158,4,0,0,1,4,FiniteUncertified,FiniteUncertified,FiniteUncertified,FiniteUncertified,FiniteUncertified,BudgetExceeded,BudgetExceeded,BudgetExceeded,BudgetExceeded,BudgetExceeded
rand032,0.0,ValueFirst,0,1.0e-04,0,Converged,Converged,BudgetExceeded,1,3.8885147672927323,1.2748293e-07,1.337635,0.626649,0.709196,0.000018,0.008343,0.070511,0.000510,286,286,4,0,0,1,4,FiniteUncertified,FiniteUncertified,FiniteUncertified,FiniteUncertified,FiniteUncertified,BudgetExceeded,BudgetExceeded,BudgetExceeded,BudgetExceeded,BudgetExceeded
rand032,0.0,ValueFirst,1,1.0e-03,0,Converged,Converged,BudgetExceeded,1,3.8877170776557484,0.0038379174,0.910527,0.504264,0.403348,0.000018,0.008418,0.076896,0.000502,158,158,4,0,0,1,4,FiniteUncertified,FiniteUncertified,FiniteUncertified,FiniteUncertified,FiniteUncertified,BudgetExceeded,BudgetExceeded,BudgetExceeded,BudgetExceeded,BudgetExceeded
rand032,0.0,ValueFirst,1,1.0e-04,0,Converged,Converged,BudgetExceeded,1,3.887717078099616,1.2739327e-07,1.257403,0.503705,0.751151,0.000018,0.007960,0.073221,0.000486,286,286,4,0,0,1,4,FiniteUncertified,FiniteUncertified,FiniteUncertified,FiniteUncertified,FiniteUncertified,BudgetExceeded,BudgetExceeded,BudgetExceeded,BudgetExceeded,BudgetExceeded
rand032,0.5,None,0,1.0e-03,0,Converged,Converged,Converged,1,3.886896362999086,1.3677071e-07,0.810470,0.623653,0.186180,0.000019,0.008322,0.067914,0.000932,62,62,4,0,0,1,4,NotRequested,NotRequested,NotRequested,NotRequested,NotRequested,NotRequested,NotRequested,NotRequested,NotRequested,NotRequested
rand032,0.5,None,0,1.0e-04,0,Converged,Converged,Converged,1,3.886896362999086,1.3677071e-07,0.792139,0.617059,0.174100,0.000018,0.007759,0.068201,0.000421,62,62,4,0,0,1,4,NotRequested,NotRequested,NotRequested,NotRequested,NotRequested,NotRequested,NotRequested,NotRequested,NotRequested,NotRequested
rand032,0.5,None,1,1.0e-03,0,Converged,Converged,Converged,1,3.8860997128384103,1.3665291e-07,0.686853,0.500129,0.185762,0.000019,0.007606,0.072117,0.000454,62,62,4,0,0,1,4,NotRequested,NotRequested,NotRequested,NotRequested,NotRequested,NotRequested,NotRequested,NotRequested,NotRequested,NotRequested
rand032,0.5,None,1,1.0e-04,0,Converged,Converged,Converged,1,3.8860997128384103,1.3665291e-07,0.679967,0.499246,0.179781,0.000018,0.007254,0.066979,0.000592,62,62,4,0,0,1,4,NotRequested,NotRequested,NotRequested,NotRequested,NotRequested,NotRequested,NotRequested,NotRequested,NotRequested,NotRequested
rand032,0.5,Strict,0,1.0e-03,0,TopologyUnresolved,Converged,TopologyUnresolved,1,3.886896362999086,1.3677071e-07,11.767155,0.612220,11.153659,0.000018,0.007337,0.058399,0.000829,2612,2612,4,0,0,1,4,Invalid,Invalid,Invalid,Invalid,Invalid,TopologyUnresolved,TopologyUnresolved,TopologyUnresolved,TopologyUnresolved,TopologyUnresolved
rand032,0.5,Strict,0,1.0e-04,0,TopologyUnresolved,Converged,TopologyUnresolved,1,3.886896362999086,1.3677071e-07,9.238146,0.636258,8.585311,0.000032,0.009670,0.082330,0.000794,2612,2612,4,0,0,1,4,Invalid,Invalid,Invalid,Invalid,Invalid,TopologyUnresolved,TopologyUnresolved,TopologyUnresolved,TopologyUnresolved,TopologyUnresolved
rand032,0.5,Strict,1,1.0e-03,0,TopologyUnresolved,Converged,Converged,1,3.8860997128384103,1.3665291e-07,9.696571,0.564919,9.045716,0.000104,0.016699,0.102957,0.002360,2478,2478,4,0,0,1,4,Invalid,Invalid,Invalid,Invalid,Invalid,TopologyUnresolved,TopologyUnresolved,TopologyUnresolved,TopologyUnresolved,TopologyUnresolved
rand032,0.5,Strict,1,1.0e-04,0,TopologyUnresolved,Converged,Converged,1,3.8860997128384103,1.3665291e-07,9.540266,0.515260,9.008065,0.000018,0.008978,0.082434,0.000636,2478,2478,4,0,0,1,4,Invalid,Invalid,Invalid,Invalid,Invalid,TopologyUnresolved,TopologyUnresolved,TopologyUnresolved,TopologyUnresolved,TopologyUnresolved
rand032,0.5,ValueFirst,0,1.0e-03,0,Converged,Converged,BudgetExceeded,1,3.886896362999086,1.3677071e-07,1.560331,0.634820,0.924007,0.000032,0.009443,0.081491,0.001082,286,286,4,0,0,1,4,FiniteUncertified,FiniteUncertified,FiniteUncertified,FiniteUncertified,FiniteUncertified,BudgetExceeded,BudgetExceeded,BudgetExceeded,BudgetExceeded,BudgetExceeded
rand032,0.5,ValueFirst,0,1.0e-04,0,Converged,Converged,BudgetExceeded,1,3.886896362999086,1.3677071e-07,1.519070,0.628472,0.888021,0.000019,0.008393,0.073898,0.000534,286,286,4,0,0,1,4,FiniteUncertified,FiniteUncertified,FiniteUncertified,FiniteUncertified,FiniteUncertified,BudgetExceeded,BudgetExceeded,BudgetExceeded,BudgetExceeded,BudgetExceeded
rand032,0.5,ValueFirst,1,1.0e-03,0,Converged,Converged,BudgetExceeded,1,3.8860997128384103,1.3665291e-07,1.474361,0.504028,0.968335,0.000027,0.008224,0.074777,0.000473,286,286,4,0,0,1,4,FiniteUncertified,FiniteUncertified,FiniteUncertified,FiniteUncertified,FiniteUncertified,BudgetExceeded,BudgetExceeded,BudgetExceeded,BudgetExceeded,BudgetExceeded
rand032,0.5,ValueFirst,1,1.0e-04,0,Converged,Converged,BudgetExceeded,1,3.8860997128384103,1.3665291e-07,1.448656,0.509193,0.936900,0.000018,0.007883,0.066316,0.000449,286,286,4,0,0,1,4,FiniteUncertified,FiniteUncertified,FiniteUncertified,FiniteUncertified,FiniteUncertified,BudgetExceeded,BudgetExceeded,BudgetExceeded,BudgetExceeded,BudgetExceeded
rand033,0.0,None,0,1.0e-03,0,Converged,Converged,Converged,1,30.385545837825465,0.020144436,1.526833,0.736982,0.789199,0.000025,0.001893,0.534052,0.006413,126,126,8,0,0,1,8,NotRequested,NotRequested,NotRequested,NotRequested,NotRequested,NotRequested,NotRequested,NotRequested,NotRequested,NotRequested
rand033,0.0,None,0,1.0e-04,0,Converged,Converged,Converged,1,30.38542675520273,0.0014642169,1.538271,0.739833,0.797015,0.000019,0.001391,0.516459,0.002146,166,166,8,0,0,1,8,NotRequested,NotRequested,NotRequested,NotRequested,NotRequested,NotRequested,NotRequested,NotRequested,NotRequested,NotRequested
rand033,0.0,None,1,1.0e-03,0,Converged,Converged,Converged,1,30.320526339462802,0.019709671,1.060821,0.313155,0.746100,0.000017,0.001400,0.515497,0.002075,126,126,8,1,1,1,7,NotRequested,NotRequested,NotRequested,NotRequested,NotRequested,NotRequested,NotRequested,NotRequested,NotRequested,NotRequested
rand033,0.0,None,1,1.0e-04,0,Converged,Converged,Converged,1,30.320408382691031,0.0014683874,1.127390,0.322508,0.798077,0.000018,0.001447,0.512431,0.001736,166,166,8,1,1,1,7,NotRequested,NotRequested,NotRequested,NotRequested,NotRequested,NotRequested,NotRequested,NotRequested,NotRequested,NotRequested
rand033,0.0,Strict,0,1.0e-03,0,EventLocationLimited,Converged,EventLocationLimited,1,30.385545837825465,0.020144436,17.468377,0.727402,16.739919,0.000018,0.001704,0.514377,0.003027,3506,3506,8,0,0,1,8,FiniteUncertified,FiniteUncertified,FiniteUncertified,FiniteUncertified,FiniteUncertified,EventLocationLimited,EventLocationLimited,EventLocationLimited,EventLocationLimited,EventLocationLimited
rand033,0.0,Strict,0,1.0e-04,0,EventLocationLimited,Converged,EventLocationLimited,1,30.38542675520273,0.0014642169,13.348570,0.749660,12.585946,0.000028,0.001965,0.535897,0.002946,3506,3506,8,0,0,1,8,FiniteUncertified,FiniteUncertified,FiniteUncertified,FiniteUncertified,FiniteUncertified,EventLocationLimited,EventLocationLimited,EventLocationLimited,EventLocationLimited,EventLocationLimited
rand033,0.0,Strict,1,1.0e-03,0,EventLocationLimited,Converged,EventLocationLimited,1,30.320526339462802,0.019709671,6.432783,0.376476,5.979990,0.000111,0.002904,0.545052,0.005231,1996,1996,8,1,1,1,7,FiniteUncertified,FiniteUncertified,FiniteUncertified,FiniteUncertified,FiniteUncertified,EventLocationLimited,EventLocationLimited,EventLocationLimited,EventLocationLimited,EventLocationLimited
rand033,0.0,Strict,1,1.0e-04,0,EventLocationLimited,Converged,EventLocationLimited,1,30.320408382691031,0.0014683874,6.398924,0.350405,6.037826,0.000039,0.001823,0.534981,0.002438,1996,1996,8,1,1,1,7,FiniteUncertified,FiniteUncertified,FiniteUncertified,FiniteUncertified,FiniteUncertified,EventLocationLimited,EventLocationLimited,EventLocationLimited,EventLocationLimited,EventLocationLimited
rand033,0.0,ValueFirst,0,1.0e-03,0,Converged,Converged,BudgetExceeded,1,30.385545837825465,0.020144436,1.696054,0.745731,0.948905,0.000018,0.002413,0.536441,0.004605,190,190,8,0,0,1,8,FiniteUncertified,FiniteUncertified,FiniteUncertified,FiniteUncertified,FiniteUncertified,BudgetExceeded,BudgetExceeded,BudgetExceeded,BudgetExceeded,BudgetExceeded
rand033,0.0,ValueFirst,0,1.0e-04,0,Converged,Converged,BudgetExceeded,1,30.38542675520273,0.0014642169,1.727158,0.735594,0.990084,0.000019,0.001724,0.524010,0.002103,238,238,8,0,0,1,8,FiniteUncertified,FiniteUncertified,FiniteUncertified,FiniteUncertified,FiniteUncertified,BudgetExceeded,BudgetExceeded,BudgetExceeded,BudgetExceeded,BudgetExceeded
rand033,0.0,ValueFirst,1,1.0e-03,0,Converged,Converged,BudgetExceeded,1,30.320526339462802,0.019709671,1.226544,0.313769,0.909778,0.000028,0.001509,0.518219,0.002186,190,190,8,1,1,1,7,FiniteUncertified,FiniteUncertified,FiniteUncertified,FiniteUncertified,FiniteUncertified,BudgetExceeded,BudgetExceeded,BudgetExceeded,BudgetExceeded,BudgetExceeded
rand033,0.0,ValueFirst,1,1.0e-04,0,Converged,Converged,BudgetExceeded,1,30.320408382691031,0.0014683874,1.318797,0.316625,1.000647,0.000019,0.001490,0.512724,0.002034,238,238,8,1,1,1,7,FiniteUncertified,FiniteUncertified,FiniteUncertified,FiniteUncertified,FiniteUncertified,BudgetExceeded,BudgetExceeded,BudgetExceeded,BudgetExceeded,BudgetExceeded
rand033,0.5,None,0,1.0e-03,0,Converged,Converged,Converged,1,31.514303523854018,0.017609381,1.654474,0.749878,0.903932,0.000020,0.003027,0.538549,0.003264,126,126,8,0,0,1,8,NotRequested,NotRequested,NotRequested,NotRequested,NotRequested,NotRequested,NotRequested,NotRequested,NotRequested,NotRequested
rand033,0.5,None,0,1.0e-04,0,Converged,Converged,Converged,1,31.514232885565136,0.0011865112,1.603696,0.727535,0.874723,0.000019,0.001475,0.514432,0.001988,166,166,8,0,0,1,8,NotRequested,NotRequested,NotRequested,NotRequested,NotRequested,NotRequested,NotRequested,NotRequested,NotRequested,NotRequested
rand033,0.5,None,1,1.0e-03,0,Converged,Converged,Converged,1,31.450052479057092,0.017684428,1.140233,0.315713,0.822960,0.000017,0.001448,0.525827,0.001919,126,126,8,1,1,1,7,NotRequested,NotRequested,NotRequested,NotRequested,NotRequested,NotRequested,NotRequested,NotRequested,NotRequested,NotRequested
rand033,0.5,None,1,1.0e-04,0,Converged,Converged,Converged,1,31.449982528016122,0.0011818299,1.194950,0.316224,0.877425,0.000018,0.001472,0.506938,0.001780,166,166,8,1,1,1,7,NotRequested,NotRequested,NotRequested,NotRequested,NotRequested,NotRequested,NotRequested,NotRequested,NotRequested,NotRequested
rand033,0.5,Strict,0,1.0e-03,0,InnerAccuracyLimited,Converged,InnerAccuracyLimited,1,31.514303523854018,0.017609381,2.112798,0.732371,1.379793,0.000019,0.001757,0.513330,0.003082,270,270,8,0,0,1,8,FiniteUncertified,FiniteUncertified,FiniteUncertified,FiniteUncertified,FiniteUncertified,InnerAccuracyLimited,InnerAccuracyLimited,InnerAccuracyLimited,InnerAccuracyLimited,InnerAccuracyLimited
rand033,0.5,Strict,0,1.0e-04,0,InnerAccuracyLimited,Converged,InnerAccuracyLimited,1,31.514232885565136,0.0011865112,2.073827,0.733808,1.338238,0.000018,0.001430,0.526122,0.001821,270,270,8,0,0,1,8,FiniteUncertified,FiniteUncertified,FiniteUncertified,FiniteUncertified,FiniteUncertified,InnerAccuracyLimited,InnerAccuracyLimited,InnerAccuracyLimited,InnerAccuracyLimited,InnerAccuracyLimited
rand033,0.5,Strict,1,1.0e-03,0,InnerAccuracyLimited,Converged,InnerAccuracyLimited,1,31.450052479057092,0.017684428,1.934451,0.384997,1.469734,0.000118,0.002834,0.536451,0.005326,286,286,8,1,1,1,7,FiniteUncertified,FiniteUncertified,FiniteUncertified,FiniteUncertified,FiniteUncertified,InnerAccuracyLimited,InnerAccuracyLimited,InnerAccuracyLimited,InnerAccuracyLimited,InnerAccuracyLimited
rand033,0.5,Strict,1,1.0e-04,0,InnerAccuracyLimited,Converged,InnerAccuracyLimited,1,31.449982528016122,0.0011818299,1.754160,0.326230,1.426106,0.000019,0.001652,0.519707,0.001933,286,286,8,1,1,1,7,FiniteUncertified,FiniteUncertified,FiniteUncertified,FiniteUncertified,FiniteUncertified,InnerAccuracyLimited,InnerAccuracyLimited,InnerAccuracyLimited,InnerAccuracyLimited,InnerAccuracyLimited
rand033,0.5,ValueFirst,0,1.0e-03,0,Converged,Converged,BudgetExceeded,1,31.514303523854018,0.017609381,1.869875,0.735968,1.132551,0.000019,0.002296,0.532292,0.003454,190,190,8,0,0,1,8,FiniteUncertified,FiniteUncertified,FiniteUncertified,FiniteUncertified,FiniteUncertified,BudgetExceeded,BudgetExceeded,BudgetExceeded,BudgetExceeded,BudgetExceeded
rand033,0.5,ValueFirst,0,1.0e-04,0,Converged,Converged,BudgetExceeded,1,31.514232885565136,0.0011865112,1.948922,0.730997,1.216418,0.000018,0.001539,0.519891,0.002091,238,238,8,0,0,1,8,FiniteUncertified,FiniteUncertified,FiniteUncertified,FiniteUncertified,FiniteUncertified,BudgetExceeded,BudgetExceeded,BudgetExceeded,BudgetExceeded,BudgetExceeded
rand033,0.5,ValueFirst,1,1.0e-03,0,Converged,Converged,BudgetExceeded,1,31.450052479057092,0.017684428,1.431066,0.317127,1.110826,0.000023,0.001591,0.531778,0.002008,190,190,8,1,1,1,7,FiniteUncertified,FiniteUncertified,FiniteUncertified,FiniteUncertified,FiniteUncertified,BudgetExceeded,BudgetExceeded,BudgetExceeded,BudgetExceeded,BudgetExceeded
rand033,0.5,ValueFirst,1,1.0e-04,0,Converged,Converged,BudgetExceeded,1,31.449982528016122,0.0011818299,1.563005,0.317803,1.243679,0.000026,0.001542,0.519756,0.001888,238,238,8,1,1,1,7,FiniteUncertified,FiniteUncertified,FiniteUncertified,FiniteUncertified,FiniteUncertified,BudgetExceeded,BudgetExceeded,BudgetExceeded,BudgetExceeded,BudgetExceeded
rand034,0.0,None,0,1.0e-03,0,Converged,Converged,Converged,1,3.6734003418334504,7.805644e-07,0.678336,0.294421,0.383325,0.000019,0.001396,0.282379,0.002207,69,69,6,0,0,1,6,NotRequested,NotRequested,NotRequested,NotRequested,NotRequested,NotRequested,NotRequested,NotRequested,NotRequested,NotRequested
rand034,0.0,None,0,1.0e-04,0,Converged,Converged,Converged,1,3.6734003418334504,7.805644e-07,0.652449,0.292239,0.359192,0.000018,0.001070,0.270358,0.000829,69,69,6,0,0,1,6,NotRequested,NotRequested,NotRequested,NotRequested,NotRequested,NotRequested,NotRequested,NotRequested,NotRequested,NotRequested
rand034,0.0,None,1,1.0e-03,0,Converged,Converged,Converged,1,3.6809986408110125,7.8197239e-07,0.631433,0.265133,0.365043,0.000025,0.001144,0.264231,0.000789,69,69,6,1,1,1,5,NotRequested,NotRequested,NotRequested,NotRequested,NotRequested,NotRequested,NotRequested,NotRequested,NotRequested,NotRequested
rand034,0.0,None,1,1.0e-04,0,Converged,Converged,Converged,1,3.6809986408110125,7.8197239e-07,0.619676,0.261198,0.357429,0.000019,0.001062,0.258083,0.000741,69,69,6,1,1,1,5,NotRequested,NotRequested,NotRequested,NotRequested,NotRequested,NotRequested,NotRequested,NotRequested,NotRequested,NotRequested
rand034,0.0,Strict,0,1.0e-03,0,EventLocationLimited,Converged,EventLocationLimited,1,3.6734003418334504,7.805644e-07,6.529614,0.290973,6.237726,0.000018,0.001270,0.261836,0.001388,1960,1960,6,0,0,1,6,FiniteUncertified,FiniteUncertified,FiniteUncertified,FiniteUncertified,FiniteUncertified,EventLocationLimited,EventLocationLimited,EventLocationLimited,EventLocationLimited,EventLocationLimited
rand034,0.0,Strict,0,1.0e-04,0,EventLocationLimited,Converged,EventLocationLimited,1,3.6734003418334504,7.805644e-07,5.454570,0.307760,5.132153,0.000032,0.001286,0.291433,0.001353,1960,1960,6,0,0,1,6,FiniteUncertified,FiniteUncertified,FiniteUncertified,FiniteUncertified,FiniteUncertified,EventLocationLimited,EventLocationLimited,EventLocationLimited,EventLocationLimited,EventLocationLimited
rand034,0.0,Strict,1,1.0e-03,0,EventLocationLimited,Converged,EventLocationLimited,1,3.6809986408110125,7.8197239e-07,2.970629,0.317639,2.551467,0.000128,0.002028,0.315750,0.002613,856,856,6,1,1,1,5,FiniteUncertified,FiniteUncertified,FiniteUncertified,FiniteUncertified,FiniteUncertified,EventLocationLimited,EventLocationLimited,EventLocationLimited,EventLocationLimited,EventLocationLimited
rand034,0.0,Strict,1,1.0e-04,0,EventLocationLimited,Converged,EventLocationLimited,1,3.6809986408110125,7.8197239e-07,2.790407,0.274112,2.501959,0.000019,0.001185,0.284119,0.000881,856,856,6,1,1,1,5,FiniteUncertified,FiniteUncertified,FiniteUncertified,FiniteUncertified,FiniteUncertified,EventLocationLimited,EventLocationLimited,EventLocationLimited,EventLocationLimited,EventLocationLimited
rand034,0.0,ValueFirst,0,1.0e-03,0,Converged,Converged,BudgetExceeded,1,3.6734003418334504,7.805644e-07,0.812803,0.300163,0.511223,0.000020,0.001686,0.291472,0.001707,125,125,6,0,0,1,6,FiniteUncertified,FiniteUncertified,FiniteUncertified,FiniteUncertified,FiniteUncertified,BudgetExceeded,BudgetExceeded,BudgetExceeded,BudgetExceeded,BudgetExceeded
rand034,0.0,ValueFirst,0,1.0e-04,0,Converged,Converged,BudgetExceeded,1,3.6734003418334504,7.805644e-07,0.761398,0.298501,0.461400,0.000018,0.001043,0.270595,0.000789,125,125,6,0,0,1,6,FiniteUncertified,FiniteUncertified,FiniteUncertified,FiniteUncertified,FiniteUncertified,BudgetExceeded,BudgetExceeded,BudgetExceeded,BudgetExceeded,BudgetExceeded
rand034,0.0,ValueFirst,1,1.0e-03,0,Converged,Converged,BudgetExceeded,1,3.6809986408110125,7.8197239e-07,0.791009,0.262860,0.525171,0.000023,0.001022,0.275759,0.000800,125,125,6,1,1,1,5,FiniteUncertified,FiniteUncertified,FiniteUncertified,FiniteUncertified,FiniteUncertified,BudgetExceeded,BudgetExceeded,BudgetExceeded,BudgetExceeded,BudgetExceeded
rand034,0.0,ValueFirst,1,1.0e-04,0,Converged,Converged,BudgetExceeded,1,3.6809986408110125,7.8197239e-07,0.776297,0.266554,0.508294,0.000018,0.000994,0.269086,0.000774,125,125,6,1,1,1,5,FiniteUncertified,FiniteUncertified,FiniteUncertified,FiniteUncertified,FiniteUncertified,BudgetExceeded,BudgetExceeded,BudgetExceeded,BudgetExceeded,BudgetExceeded
rand034,0.5,None,0,1.0e-03,0,Converged,Converged,Converged,1,3.6695309830359113,1.5781705e-06,0.702261,0.293055,0.408604,0.000029,0.001338,0.283749,0.001394,69,69,6,0,0,1,6,NotRequested,NotRequested,NotRequested,NotRequested,NotRequested,NotRequested,NotRequested,NotRequested,NotRequested,NotRequested
rand034,0.5,None,0,1.0e-04,0,Converged,Converged,Converged,1,3.6695309830359113,1.5781705e-06,0.681050,0.287553,0.392472,0.000020,0.001012,0.281308,0.000754,69,69,6,0,0,1,6,NotRequested,NotRequested,NotRequested,NotRequested,NotRequested,NotRequested,NotRequested,NotRequested,NotRequested,NotRequested
rand034,0.5,None,1,1.0e-03,0,Converged,Converged,Converged,1,3.677104090278196,1.5841438e-06,0.652135,0.260657,0.390290,0.000017,0.001072,0.267507,0.000722,69,69,6,1,1,1,5,NotRequested,NotRequested,NotRequested,NotRequested,NotRequested,NotRequested,NotRequested,NotRequested,NotRequested,NotRequested
rand034,0.5,None,1,1.0e-04,0,Converged,Converged,Converged,1,3.677104090278196,1.5841438e-06,0.642964,0.266491,0.375510,0.000019,0.001033,0.255749,0.000669,69,69,6,1,1,1,5,NotRequested,NotRequested,NotRequested,NotRequested,NotRequested,NotRequested,NotRequested,NotRequested,NotRequested,NotRequested
rand034,0.5,Strict,0,1.0e-03,0,TopologyUnresolved,Converged,TopologyUnresolved,1,3.6695309830359117,1.5781705e-06,3.607710,0.284433,3.322539,0.000019,0.001290,0.274764,0.001404,921,921,6,0,0,1,6,Invalid,Invalid,Invalid,Invalid,Invalid,TopologyUnresolved,TopologyUnresolved,TopologyUnresolved,TopologyUnresolved,TopologyUnresolved
rand034,0.5,Strict,0,1.0e-04,0,TopologyUnresolved,Converged,TopologyUnresolved,1,3.6695309830359117,1.5781705e-06,3.415991,0.296693,3.112414,0.000034,0.001097,0.283210,0.001156,921,921,6,0,0,1,6,Invalid,Invalid,Invalid,Invalid,Invalid,TopologyUnresolved,TopologyUnresolved,TopologyUnresolved,TopologyUnresolved,TopologyUnresolved
rand034,0.5,Strict,1,1.0e-03,0,EventLocationLimited,Converged,EventLocationLimited,1,3.677104090278196,1.5841438e-06,4.348500,0.316960,3.927999,0.000179,0.002246,0.312247,0.003565,888,888,6,1,1,1,5,FiniteUncertified,FiniteUncertified,FiniteUncertified,FiniteUncertified,FiniteUncertified,EventLocationLimited,EventLocationLimited,EventLocationLimited,EventLocationLimited,EventLocationLimited
rand034,0.5,Strict,1,1.0e-04,0,EventLocationLimited,Converged,EventLocationLimited,1,3.677104090278196,1.5841438e-06,4.133266,0.275031,3.847809,0.000027,0.001060,0.273823,0.000814,888,888,6,1,1,1,5,FiniteUncertified,FiniteUncertified,FiniteUncertified,FiniteUncertified,FiniteUncertified,EventLocationLimited,EventLocationLimited,EventLocationLimited,EventLocationLimited,EventLocationLimited
rand034,0.5,ValueFirst,0,1.0e-03,0,Converged,Converged,Converged,1,3.6695309830359117,1.5781705e-06,0.937156,0.302989,0.632589,0.000019,0.001813,0.290069,0.001496,125,125,6,0,0,1,6,ToleranceMet,ToleranceMet,ToleranceMet,ToleranceMet,ToleranceMet,ToleranceMet,ToleranceMet,ToleranceMet,ToleranceMet,ToleranceMet
rand034,0.5,ValueFirst,0,1.0e-04,0,Converged,Converged,Converged,1,3.6695309830359117,1.5781705e-06,0.887685,0.302108,0.584114,0.000019,0.001117,0.278533,0.000868,125,125,6,0,0,1,6,ToleranceMet,ToleranceMet,ToleranceMet,ToleranceMet,ToleranceMet,ToleranceMet,ToleranceMet,ToleranceMet,ToleranceMet,ToleranceMet
rand034,0.5,ValueFirst,1,1.0e-03,0,Converged,Converged,BudgetExceeded,1,3.677104090278196,1.5841438e-06,0.930302,0.263444,0.664757,0.000026,0.001090,0.275883,0.000845,125,125,6,1,1,1,5,FiniteUncertified,FiniteUncertified,ToleranceMet,FiniteUncertified,FiniteUncertified,BudgetExceeded,BudgetExceeded,ToleranceMet,BudgetExceeded,BudgetExceeded
rand034,0.5,ValueFirst,1,1.0e-04,0,Converged,Converged,BudgetExceeded,1,3.677104090278196,1.5841438e-06,0.927020,0.267015,0.658539,0.000019,0.001086,0.270393,0.000705,125,125,6,1,1,1,5,FiniteUncertified,FiniteUncertified,ToleranceMet,FiniteUncertified,FiniteUncertified,BudgetExceeded,BudgetExceeded,ToleranceMet,BudgetExceeded,BudgetExceeded
rand035,0.0,None,0,1.0e-03,0,Converged,Converged,Converged,1,6.3075026394839107,0.0053878626,1.022087,0.636194,0.385241,0.000019,0.015616,0.275128,0.001837,69,69,4,0,0,1,4,NotRequested,NotRequested,NotRequested,NotRequested,NotRequested,NotRequested,NotRequested,NotRequested,NotRequested,NotRequested
rand035,0.0,None,0,1.0e-04,0,Converged,Converged,Converged,1,6.3074299975410266,5.0818195e-05,1.085448,0.630839,0.453566,0.000018,0.008314,0.264088,0.000753,165,165,4,0,0,1,4,NotRequested,NotRequested,NotRequested,NotRequested,NotRequested,NotRequested,NotRequested,NotRequested,NotRequested,NotRequested
rand035,0.0,None,1,1.0e-03,0,Converged,Converged,Converged,1,6.3202372468444734,0.0013569946,0.873528,0.511336,0.360883,0.000025,0.008239,0.260227,0.001214,76,76,4,0,0,1,4,NotRequested,NotRequested,NotRequested,NotRequested,NotRequested,NotRequested,NotRequested,NotRequested,NotRequested,NotRequested
rand035,0.0,None,1,1.0e-04,0,Converged,Converged,Converged,1,6.3202360717174306,2.2692144e-05,0.906001,0.516392,0.387892,0.000020,0.008126,0.252647,0.000700,108,108,4,0,0,1,4,NotRequested,NotRequested,NotRequested,NotRequested,NotRequested,NotRequested,NotRequested,NotRequested,NotRequested,NotRequested
rand035,0.0,Strict,0,1.0e-03,0,EventLocationLimited,Converged,EventLocationLimited,1,6.3075026394839107,0.0053878626,18.739255,0.634639,18.103517,0.000019,0.008191,0.246426,0.001344,4066,4066,4,0,0,1,4,FiniteUncertified,FiniteUncertified,FiniteUncertified,FiniteUncertified,FiniteUncertified,EventLocationLimited,EventLocationLimited,EventLocationLimited,EventLocationLimited,EventLocationLimited
rand035,0.0,Strict,0,1.0e-04,0,EventLocationLimited,Converged,EventLocationLimited,1,6.3074299975410266,5.0818195e-05,12.632424,0.660800,11.944923,0.000096,0.013522,0.280102,0.002234,4066,4066,4,0,0,1,4,FiniteUncertified,FiniteUncertified,FiniteUncertified,FiniteUncertified,FiniteUncertified,EventLocationLimited,EventLocationLimited,EventLocationLimited,EventLocationLimited,EventLocationLimited
rand035,0.0,Strict,1,1.0e-03,0,EventLocationLimited,Converged,EventLocationLimited,1,6.3202372468444734,0.0013569946,14.778358,0.562558,14.145823,0.000106,0.015826,0.301508,0.002558,3485,3485,4,0,0,1,4,FiniteUncertified,FiniteUncertified,FiniteUncertified,FiniteUncertified,FiniteUncertified,EventLocationLimited,EventLocationLimited,EventLocationLimited,EventLocationLimited,EventLocationLimited
rand035,0.0,Strict,1,1.0e-04,0,EventLocationLimited,Converged,EventLocationLimited,1,6.3202360717174306,2.2692144e-05,14.592165,0.533234,14.034108,0.000028,0.009536,0.275822,0.001441,3485,3485,4,0,0,1,4,FiniteUncertified,FiniteUncertified,FiniteUncertified,FiniteUncertified,FiniteUncertified,EventLocationLimited,EventLocationLimited,EventLocationLimited,EventLocationLimited,EventLocationLimited
rand035,0.0,ValueFirst,0,1.0e-03,0,Converged,Converged,BudgetExceeded,1,6.3075026394839107,0.0053878626,1.544759,0.646801,0.896527,0.000040,0.013301,0.273411,0.001993,293,293,4,0,0,1,4,FiniteUncertified,FiniteUncertified,FiniteUncertified,FiniteUncertified,ToleranceMet,BudgetExceeded,BudgetExceeded,BudgetExceeded,BudgetExceeded,ToleranceMet
rand035,0.0,ValueFirst,0,1.0e-04,0,Converged,Converged,BudgetExceeded,1,6.3074299975410266,5.0818195e-05,1.557820,0.642432,0.912668,0.000019,0.008446,0.263556,0.000741,307,307,4,0,0,1,4,FiniteUncertified,FiniteUncertified,FiniteUncertified,FiniteUncertified,ToleranceMet,BudgetExceeded,BudgetExceeded,BudgetExceeded,BudgetExceeded,ToleranceMet
rand035,0.0,ValueFirst,1,1.0e-03,0,Converged,Converged,Converged,1,6.3202372468444734,0.0013569946,1.095075,0.514596,0.577462,0.000019,0.008267,0.266384,0.000920,180,180,4,0,0,1,4,ToleranceMet,ToleranceMet,ToleranceMet,ToleranceMet,ToleranceMet,ToleranceMet,ToleranceMet,ToleranceMet,ToleranceMet,ToleranceMet
rand035,0.0,ValueFirst,1,1.0e-04,0,Converged,Converged,Converged,1,6.3202360717174306,2.2692144e-05,1.159739,0.511135,0.645935,0.000025,0.008165,0.269823,0.000832,212,212,4,0,0,1,4,ToleranceMet,ToleranceMet,ToleranceMet,ToleranceMet,ToleranceMet,ToleranceMet,ToleranceMet,ToleranceMet,ToleranceMet,ToleranceMet
rand035,0.5,None,0,1.0e-03,0,Converged,Converged,Converged,1,6.2928395629757876,0.0032327235,1.026484,0.634681,0.391176,0.000019,0.008391,0.268416,0.001388,69,69,4,0,0,1,4,NotRequested,NotRequested,NotRequested,NotRequested,NotRequested,NotRequested,NotRequested,NotRequested,NotRequested,NotRequested
rand035,0.5,None,0,1.0e-04,0,Converged,Converged,Converged,1,6.2927977757548783,0.00041380521,1.061679,0.656310,0.404317,0.000020,0.008426,0.260487,0.000607,101,101,4,0,0,1,4,NotRequested,NotRequested,NotRequested,NotRequested,NotRequested,NotRequested,NotRequested,NotRequested,NotRequested,NotRequested
rand035,0.5,None,1,1.0e-03,0,Converged,Converged,Converged,1,6.3055091452168428,0.00085585941,0.892198,0.505922,0.385174,0.000024,0.007914,0.266619,0.000764,76,76,4,0,0,1,4,NotRequested,NotRequested,NotRequested,NotRequested,NotRequested,NotRequested,NotRequested,NotRequested,NotRequested,NotRequested
rand035,0.5,None,1,1.0e-04,0,Converged,Converged,Converged,1,6.305508440140617,5.5277974e-05,0.931953,0.505035,0.425658,0.000019,0.007818,0.256702,0.000750,108,108,4,0,0,1,4,NotRequested,NotRequested,NotRequested,NotRequested,NotRequested,NotRequested,NotRequested,NotRequested,NotRequested,NotRequested
rand035,0.5,Strict,0,1.0e-03,0,TopologyUnresolved,Converged,TopologyUnresolved,1,6.2928395629757876,0.0032327235,15.659347,0.631854,15.026586,0.000021,0.008236,0.258749,0.001311,3297,3297,4,0,0,1,4,Invalid,Invalid,Invalid,Invalid,Invalid,TopologyUnresolved,TopologyUnresolved,TopologyUnresolved,TopologyUnresolved,TopologyUnresolved
rand035,0.5,Strict,0,1.0e-04,0,TopologyUnresolved,Converged,TopologyUnresolved,1,6.2927977757548783,0.00041380521,11.687863,0.651339,11.015509,0.000028,0.009550,0.271891,0.001125,3297,3297,4,0,0,1,4,Invalid,Invalid,Invalid,Invalid,Invalid,TopologyUnresolved,TopologyUnresolved,TopologyUnresolved,TopologyUnresolved,TopologyUnresolved
rand035,0.5,Strict,1,1.0e-03,0,TopologyUnresolved,Converged,TopologyUnresolved,1,6.3055091452168428,0.00085585941,9.856712,0.562791,9.220255,0.000109,0.016374,0.294062,0.002189,2446,2446,4,0,0,1,4,Invalid,Invalid,Invalid,Invalid,Invalid,TopologyUnresolved,TopologyUnresolved,TopologyUnresolved,TopologyUnresolved,TopologyUnresolved
rand035,0.5,Strict,1,1.0e-04,0,TopologyUnresolved,Converged,TopologyUnresolved,1,6.305508440140617,5.5277974e-05,9.722850,0.533699,9.167795,0.000028,0.009156,0.278169,0.001330,2446,2446,4,0,0,1,4,Invalid,Invalid,Invalid,Invalid,Invalid,TopologyUnresolved,TopologyUnresolved,TopologyUnresolved,TopologyUnresolved,TopologyUnresolved
rand035,0.5,ValueFirst,0,1.0e-03,0,Converged,Converged,BudgetExceeded,1,6.2928395629757876,0.0032327235,1.742655,0.648030,1.093023,0.000044,0.009670,0.275028,0.001698,293,293,4,0,0,1,4,FiniteUncertified,FiniteUncertified,FiniteUncertified,FiniteUncertified,ToleranceMet,BudgetExceeded,BudgetExceeded,BudgetExceeded,BudgetExceeded,ToleranceMet
rand035,0.5,ValueFirst,0,1.0e-04,0,Converged,Converged,BudgetExceeded,1,6.2927977757548783,0.00041380521,1.738608,0.638180,1.097787,0.000017,0.008611,0.273547,0.000705,300,300,4,0,0,1,4,FiniteUncertified,FiniteUncertified,FiniteUncertified,FiniteUncertified,FiniteUncertified,BudgetExceeded,BudgetExceeded,BudgetExceeded,BudgetExceeded,BudgetExceeded
rand035,0.5,ValueFirst,1,1.0e-03,0,Converged,Converged,Converged,1,6.3055091452168428,0.00085585941,1.221379,0.509533,0.709750,0.000018,0.008472,0.271273,0.000976,180,180,4,0,0,1,4,ToleranceMet,ToleranceMet,ToleranceMet,ToleranceMet,ToleranceMet,ToleranceMet,ToleranceMet,ToleranceMet,ToleranceMet,ToleranceMet
rand035,0.5,ValueFirst,1,1.0e-04,0,Converged,Converged,Converged,1,6.305508440140617,5.5277974e-05,1.302560,0.514905,0.785064,0.000018,0.008211,0.263832,0.000867,212,212,4,0,0,1,4,ToleranceMet,ToleranceMet,ToleranceMet,ToleranceMet,ToleranceMet,ToleranceMet,ToleranceMet,ToleranceMet,ToleranceMet,ToleranceMet
rand036,0.0,None,0,1.0e-03,0,Converged,Converged,Converged,1,4.1379159792647195,8.4271206e-07,0.963116,0.290644,0.671843,0.000018,0.001463,0.565633,0.003210,69,69,6,1,1,1,5,NotRequested,NotRequested,NotRequested,NotRequested,NotRequested,NotRequested,NotRequested,NotRequested,NotRequested,NotRequested
rand036,0.0,None,0,1.0e-04,0,Converged,Converged,Converged,1,4.1379159792647195,8.4271206e-07,0.981656,0.288244,0.691195,0.000020,0.002266,0.577573,0.000879,69,69,6,1,1,1,5,NotRequested,NotRequested,NotRequested,NotRequested,NotRequested,NotRequested,NotRequested,NotRequested,NotRequested,NotRequested
rand036,0.0,None,1,1.0e-03,0,Converged,Converged,Converged,1,4.1343805971329708,8.4378593e-07,0.862358,0.173086,0.688025,0.000029,0.001224,0.574502,0.000819,69,69,6,1,1,1,5,NotRequested,NotRequested,NotRequested,NotRequested,NotRequested,NotRequested,NotRequested,NotRequested,NotRequested,NotRequested
rand036,0.0,None,1,1.0e-04,0,Converged,Converged,Converged,1,4.1343805971329708,8.4378593e-07,0.853305,0.169982,0.682244,0.000018,0.001017,0.569079,0.000771,69,69,6,1,1,1,5,NotRequested,NotRequested,NotRequested,NotRequested,NotRequested,NotRequested,NotRequested,NotRequested,NotRequested,NotRequested
rand036,0.0,Strict,0,1.0e-03,0,EventLocationLimited,Converged,EventLocationLimited,1,4.1379159792647195,8.4271206e-07,3.542431,0.288073,3.253545,0.000020,0.001401,0.556251,0.001449,1126,1126,6,1,1,1,5,FiniteUncertified,FiniteUncertified,FiniteUncertified,FiniteUncertified,FiniteUncertified,EventLocationLimited,EventLocationLimited,EventLocationLimited,EventLocationLimited,EventLocationLimited
rand036,0.0,Strict,0,1.0e-04,0,EventLocationLimited,Converged,EventLocationLimited,1,4.1379159792647195,8.4271206e-07,3.236912,0.300324,2.928373,0.000021,0.001252,0.576141,0.001192,1126,1126,6,1,1,1,5,FiniteUncertified,FiniteUncertified,FiniteUncertified,FiniteUncertified,FiniteUncertified,EventLocationLimited,EventLocationLimited,EventLocationLimited,EventLocationLimited,EventLocationLimited
rand036,0.0,Strict,1,1.0e-03,0,EventLocationLimited,Converged,EventLocationLimited,1,4.1343805971329708,8.4378593e-07,3.797906,0.224665,3.474837,0.000218,0.002533,0.617861,0.003149,999,999,6,1,1,1,5,FiniteUncertified,FiniteUncertified,FiniteUncertified,FiniteUncertified,FiniteUncertified,EventLocationLimited,EventLocationLimited,EventLocationLimited,EventLocationLimited,EventLocationLimited
rand036,0.0,Strict,1,1.0e-04,0,EventLocationLimited,Converged,EventLocationLimited,1,4.1343805971329708,8.4378593e-07,3.584589,0.185041,3.391809,0.000019,0.001306,0.584145,0.000814,999,999,6,1,1,1,5,FiniteUncertified,FiniteUncertified,FiniteUncertified,FiniteUncertified,FiniteUncertified,EventLocationLimited,EventLocationLimited,EventLocationLimited,EventLocationLimited,EventLocationLimited
rand036,0.0,ValueFirst,0,1.0e-03,0,Converged,Converged,BudgetExceeded,1,4.1379159792647195,8.4271206e-07,1.085787,0.291673,0.793092,0.000018,0.001946,0.575677,0.001519,125,125,6,1,1,1,5,FiniteUncertified,FiniteUncertified,FiniteUncertified,FiniteUncertified,FiniteUncertified,BudgetExceeded,BudgetExceeded,BudgetExceeded,BudgetExceeded,BudgetExceeded
rand036,0.0,ValueFirst,0,1.0e-04,0,Converged,Converged,BudgetExceeded,1,4.1379159792647195,8.4271206e-07,1.066592,0.291004,0.774222,0.000019,0.001138,0.573499,0.000845,125,125,6,1,1,1,5,FiniteUncertified,FiniteUncertified,FiniteUncertified,FiniteUncertified,FiniteUncertified,BudgetExceeded,BudgetExceeded,BudgetExceeded,BudgetExceeded,BudgetExceeded
rand036,0.0,ValueFirst,1,1.0e-03,0,Converged,Converged,BudgetExceeded,1,4.1343805971329708,8.4378593e-07,1.021510,0.170282,0.848253,0.000019,0.001046,0.586603,0.000832,125,125,6,1,1,1,5,FiniteUncertified,FiniteUncertified,FiniteUncertified,FiniteUncertified,FiniteUncertified,BudgetExceeded,BudgetExceeded,BudgetExceeded,BudgetExceeded,BudgetExceeded
rand036,0.0,ValueFirst,1,1.0e-04,0,Converged,Converged,BudgetExceeded,1,4.1343805971329708,8.4378593e-07,1.004433,0.171148,0.831862,0.000023,0.001034,0.574714,0.000771,125,125,6,1,1,1,5,FiniteUncertified,FiniteUncertified,FiniteUncertified,FiniteUncertified,FiniteUncertified,BudgetExceeded,BudgetExceeded,BudgetExceeded,BudgetExceeded,BudgetExceeded
rand036,0.5,None,0,1.0e-03,0,Converged,Converged,Converged,1,4.135848960062483,1.1299319e-06,0.975283,0.290503,0.684179,0.000019,0.001365,0.559378,0.001570,69,69,6,1,1,1,5,NotRequested,NotRequested,NotRequested,NotRequested,NotRequested,NotRequested,NotRequested,NotRequested,NotRequested,NotRequested
rand036,0.5,None,0,1.0e-04,0,Converged,Converged,Converged,1,4.135848960062483,1.1299319e-06,0.961200,0.286162,0.673892,0.000025,0.001120,0.562881,0.000837,69,69,6,1,1,1,5,NotRequested,NotRequested,NotRequested,NotRequested,NotRequested,NotRequested,NotRequested,NotRequested,NotRequested,NotRequested
rand036,0.5,None,1,1.0e-03,0,Converged,Converged,Converged,1,4.1323190812779087,1.1308417e-06,0.895632,0.179192,0.715332,0.000018,0.001110,0.583684,0.000775,69,69,6,1,1,1,5,NotRequested,NotRequested,NotRequested,NotRequested,NotRequested,NotRequested,NotRequested,NotRequested,NotRequested,NotRequested
rand036,0.5,None,1,1.0e-04,0,Converged,Converged,Converged,1,4.1323190812779087,1.1308417e-06,0.869255,0.178688,0.689613,0.000020,0.001082,0.559766,0.000727,69,69,6,1,1,1,5,NotRequested,NotRequested,NotRequested,NotRequested,NotRequested,NotRequested,NotRequested,NotRequested,NotRequested,NotRequested
rand036,0.5,Strict,0,1.0e-03,0,EventLocationLimited,Converged,EventLocationLimited,1,4.135848960062483,1.1299319e-06,5.136234,0.289961,4.845339,0.000026,0.001398,0.549104,0.001427,1126,1126,6,1,1,1,5,FiniteUncertified,FiniteUncertified,FiniteUncertified,FiniteUncertified,FiniteUncertified,EventLocationLimited,EventLocationLimited,EventLocationLimited,EventLocationLimited,EventLocationLimited
rand036,0.5,Strict,0,1.0e-04,0,EventLocationLimited,Converged,EventLocationLimited,1,4.135848960062483,1.1299319e-06,4.858471,0.300212,4.549764,0.000036,0.001317,0.572095,0.001264,1126,1126,6,1,1,1,5,FiniteUncertified,FiniteUncertified,FiniteUncertified,FiniteUncertified,FiniteUncertified,EventLocationLimited,EventLocationLimited,EventLocationLimited,EventLocationLimited,EventLocationLimited
rand036,0.5,Strict,1,1.0e-03,0,TopologyUnresolved,Converged,TopologyUnresolved,1,4.1323190812779087,1.1308417e-06,4.167658,0.224313,3.843197,0.000104,0.001993,0.606858,0.003681,746,746,6,1,1,1,5,Invalid,Invalid,Invalid,Invalid,Invalid,TopologyUnresolved,TopologyUnresolved,TopologyUnresolved,TopologyUnresolved,TopologyUnresolved
rand036,0.5,Strict,1,1.0e-04,0,TopologyUnresolved,Converged,TopologyUnresolved,1,4.1323190812779087,1.1308417e-06,3.936531,0.176717,3.750148,0.000019,0.001210,0.580659,0.000832,746,746,6,1,1,1,5,Invalid,Invalid,Invalid,Invalid,Invalid,TopologyUnresolved,TopologyUnresolved,TopologyUnresolved,TopologyUnresolved,TopologyUnresolved
rand036,0.5,ValueFirst,0,1.0e-03,0,Converged,Converged,Converged,1,4.135848960062483,1.1299319e-06,1.214939,0.291534,0.921827,0.000018,0.001721,0.576347,0.001475,125,125,6,1,1,1,5,ToleranceMet,ToleranceMet,ToleranceMet,ToleranceMet,ToleranceMet,ToleranceMet,ToleranceMet,ToleranceMet,ToleranceMet,ToleranceMet
rand036,0.5,ValueFirst,0,1.0e-04,0,Converged,Converged,Converged,1,4.135848960062483,1.1299319e-06,1.179948,0.292189,0.886298,0.000040,0.001105,0.562546,0.000802,125,125,6,1,1,1,5,ToleranceMet,ToleranceMet,ToleranceMet,ToleranceMet,ToleranceMet,ToleranceMet,ToleranceMet,ToleranceMet,ToleranceMet,ToleranceMet
rand036,0.5,ValueFirst,1,1.0e-03,0,Converged,Converged,BudgetExceeded,1,4.1323190812779087,1.1308417e-06,1.147338,0.171042,0.974123,0.000018,0.001169,0.583917,0.000841,125,125,6,1,1,1,5,FiniteUncertified,FiniteUncertified,ToleranceMet,FiniteUncertified,ToleranceMet,BudgetExceeded,BudgetExceeded,ToleranceMet,BudgetExceeded,ToleranceMet
rand036,0.5,ValueFirst,1,1.0e-04,0,Converged,Converged,BudgetExceeded,1,4.1323190812779087,1.1308417e-06,1.119550,0.171735,0.946218,0.000018,0.001068,0.564879,0.000742,125,125,6,1,1,1,5,FiniteUncertified,FiniteUncertified,ToleranceMet,FiniteUncertified,ToleranceMet,BudgetExceeded,BudgetExceeded,ToleranceMet,BudgetExceeded,ToleranceMet
rand037,0.0,None,0,1.0e-03,0,Converged,Converged,Converged,1,8.2775810290531506,0.0078278224,1.256102,0.841271,0.414148,0.000024,0.001635,0.274155,0.002601,67,67,6,4,4,1,2,NotRequested,NotRequested,NotRequested,NotRequested,NotRequested,NotRequested,NotRequested,NotRequested,NotRequested,NotRequested
rand037,0.0,None,0,1.0e-04,0,Converged,Converged,Converged,1,8.2775810233764506,0.00016366717,1.286143,0.834278,0.450848,0.000019,0.001218,0.274751,0.001212,83,83,6,4,4,1,2,NotRequested,NotRequested,NotRequested,NotRequested,NotRequested,NotRequested,NotRequested,NotRequested,NotRequested,NotRequested
rand037,0.0,None,1,1.0e-03,0,Converged,Converged,Converged,1,8.2787429020592729,0.0078288311,1.212825,0.726436,0.485154,0.000018,0.001324,0.340234,0.001088,67,67,6,1,1,1,5,NotRequested,NotRequested,NotRequested,NotRequested,NotRequested,NotRequested,NotRequested,NotRequested,NotRequested,NotRequested
rand037,0.0,None,1,1.0e-04,0,Converged,Converged,Converged,1,8.2787428963815746,0.00016368843,1.235505,0.725157,0.509423,0.000019,0.001087,0.323305,0.000938,83,83,6,1,1,1,5,NotRequested,NotRequested,NotRequested,NotRequested,NotRequested,NotRequested,NotRequested,NotRequested,NotRequested,NotRequested
rand037,0.0,Strict,0,1.0e-03,0,EventLocationLimited,Converged,EventLocationLimited,1,8.2775810290531506,0.0078278224,1.371507,0.835226,0.535664,0.000019,0.001415,0.264757,0.001839,107,107,6,4,4,1,2,FiniteUncertified,FiniteUncertified,FiniteUncertified,FiniteUncertified,FiniteUncertified,EventLocationLimited,EventLocationLimited,EventLocationLimited,EventLocationLimited,EventLocationLimited
rand037,0.0,Strict,0,1.0e-04,0,EventLocationLimited,Converged,EventLocationLimited,1,8.2775810233764506,0.00016366717,1.341382,0.830615,0.509651,0.000019,0.001117,0.257663,0.000960,107,107,6,4,4,1,2,FiniteUncertified,FiniteUncertified,FiniteUncertified,FiniteUncertified,FiniteUncertified,EventLocationLimited,EventLocationLimited,EventLocationLimited,EventLocationLimited,EventLocationLimited
rand037,0.0,Strict,1,1.0e-03,0,EventLocationLimited,Converged,EventLocationLimited,1,8.2787429020592729,0.0078288311,1.497575,0.780578,0.655669,0.000107,0.002292,0.371674,0.003669,107,107,6,1,1,1,5,ToleranceMet,ToleranceMet,FiniteUncertified,FiniteUncertified,FiniteUncertified,ToleranceMet,ToleranceMet,EventLocationLimited,EventLocationLimited,EventLocationLimited
rand037,0.0,Strict,1,1.0e-04,0,EventLocationLimited,Converged,EventLocationLimited,1,8.2787428963815746,0.00016368843,1.324630,0.730792,0.592687,0.000018,0.001128,0.327848,0.000984,107,107,6,1,1,1,5,ToleranceMet,ToleranceMet,FiniteUncertified,FiniteUncertified,FiniteUncertified,ToleranceMet,ToleranceMet,EventLocationLimited,EventLocationLimited,EventLocationLimited
rand037,0.0,ValueFirst,0,1.0e-03,0,Converged,Converged,BudgetExceeded,1,8.2775810290531506,0.0078278224,1.356368,0.830096,0.524955,0.000018,0.001630,0.269368,0.002145,99,99,6,4,4,1,2,FiniteUncertified,FiniteUncertified,FiniteUncertified,FiniteUncertified,FiniteUncertified,BudgetExceeded,BudgetExceeded,BudgetExceeded,BudgetExceeded,BudgetExceeded
rand037,0.0,ValueFirst,0,1.0e-04,0,Converged,Converged,EventLocationLimited,1,8.2775810233764506,0.00016366717,1.334247,0.829745,0.503468,0.000018,0.001038,0.257543,0.001037,107,107,6,4,4,1,2,FiniteUncertified,FiniteUncertified,FiniteUncertified,FiniteUncertified,FiniteUncertified,EventLocationLimited,EventLocationLimited,EventLocationLimited,EventLocationLimited,EventLocationLimited
rand037,0.0,ValueFirst,1,1.0e-03,0,Converged,Converged,BudgetExceeded,1,8.2787429020592729,0.0078288311,1.364360,0.737367,0.624045,0.000019,0.001201,0.355611,0.001167,99,99,6,1,1,1,5,ToleranceMet,ToleranceMet,FiniteUncertified,FiniteUncertified,FiniteUncertified,ToleranceMet,ToleranceMet,BudgetExceeded,BudgetExceeded,BudgetExceeded
rand037,0.0,ValueFirst,1,1.0e-04,0,Converged,Converged,EventLocationLimited,1,8.2787428963815746,0.00016368843,1.314783,0.721050,0.592663,0.000018,0.001077,0.330435,0.001022,107,107,6,1,1,1,5,ToleranceMet,ToleranceMet,FiniteUncertified,FiniteUncertified,FiniteUncertified,ToleranceMet,ToleranceMet,EventLocationLimited,EventLocationLimited,EventLocationLimited
rand037,0.5,None,0,1.0e-03,0,Converged,Converged,Converged,1,8.277563760065469,0.0066530389,1.274045,0.836590,0.436806,0.000020,0.001430,0.271456,0.002103,67,67,6,4,4,1,2,NotRequested,NotRequested,NotRequested,NotRequested,NotRequested,NotRequested,NotRequested,NotRequested,NotRequested,NotRequested
rand037,0.5,None,0,1.0e-04,0,Converged,Converged,Converged,1,8.2775637566429747,9.8734484e-05,1.299330,0.832045,0.466333,0.000018,0.001208,0.262817,0.001065,83,83,6,4,4,1,2,NotRequested,NotRequested,NotRequested,NotRequested,NotRequested,NotRequested,NotRequested,NotRequested,NotRequested,NotRequested
rand037,0.5,None,1,1.0e-03,0,Converged,Converged,Converged,1,8.27872562564467,0.0066538967,1.241833,0.724024,0.516827,0.000025,0.001094,0.345394,0.001063,67,67,6,1,1,1,5,NotRequested,NotRequested,NotRequested,NotRequested,NotRequested,NotRequested,NotRequested,NotRequested,NotRequested,NotRequested
rand037,0.5,None,1,1.0e-04,0,Converged,Converged,Converged,1,8.278725622221458,9.8747261e-05,1.273374,0.724905,0.547525,0.000020,0.001128,0.329054,0.000957,83,83,6,1,1,1,5,NotRequested,NotRequested,NotRequested,NotRequested,NotRequested,NotRequested,NotRequested,NotRequested,NotRequested,NotRequested
rand037,0.5,Strict,0,1.0e-03,0,EventLocationLimited,Converged,EventLocationLimited,1,8.277563760065469,0.0066530389,1.460063,0.829215,0.630173,0.000019,0.001392,0.258513,0.001894,107,107,6,4,4,1,2,FiniteUncertified,FiniteUncertified,FiniteUncertified,FiniteUncertified,FiniteUncertified,EventLocationLimited,EventLocationLimited,EventLocationLimited,EventLocationLimited,EventLocationLimited
rand037,0.5,Strict,0,1.0e-04,0,EventLocationLimited,Converged,EventLocationLimited,1,8.2775637566429747,9.8734484e-05,1.448720,0.828083,0.619569,0.000032,0.001137,0.270290,0.001018,107,107,6,4,4,1,2,FiniteUncertified,FiniteUncertified,FiniteUncertified,FiniteUncertified,FiniteUncertified,EventLocationLimited,EventLocationLimited,EventLocationLimited,EventLocationLimited,EventLocationLimited
rand037,0.5,Strict,1,1.0e-03,0,EventLocationLimited,Converged,EventLocationLimited,1,8.27872562564467,0.0066538967,1.682520,0.784308,0.832476,0.000083,0.002286,0.368367,0.003930,123,123,6,1,1,1,5,ToleranceMet,ToleranceMet,FiniteUncertified,FiniteUncertified,FiniteUncertified,ToleranceMet,ToleranceMet,EventLocationLimited,EventLocationLimited,EventLocationLimited
rand037,0.5,Strict,1,1.0e-04,0,EventLocationLimited,Converged,EventLocationLimited,1,8.278725622221458,9.8747261e-05,1.918734,0.757363,1.159760,0.000040,0.001782,0.504594,0.001594,123,123,6,1,1,1,5,ToleranceMet,ToleranceMet,FiniteUncertified,FiniteUncertified,FiniteUncertified,ToleranceMet,ToleranceMet,EventLocationLimited,EventLocationLimited,EventLocationLimited
rand037,0.5,ValueFirst,0,1.0e-03,0,Converged,Converged,BudgetExceeded,1,8.277563760065469,0.0066530389,2.111013,1.247905,0.861181,0.000027,0.002510,0.402723,0.003309,91,91,6,4,4,1,2,FiniteUncertified,FiniteUncertified,FiniteUncertified,FiniteUncertified,FiniteUncertified,BudgetExceeded,BudgetExceeded,BudgetExceeded,BudgetExceeded,BudgetExceeded
rand037,0.5,ValueFirst,0,1.0e-04,0,Converged,Converged,EventLocationLimited,1,8.2775637566429747,9.8734484e-05,2.140771,1.231447,0.907765,0.000037,0.001699,0.389918,0.001580,107,107,6,4,4,1,2,FiniteUncertified,FiniteUncertified,FiniteUncertified,FiniteUncertified,FiniteUncertified,EventLocationLimited,EventLocationLimited,EventLocationLimited,EventLocationLimited,EventLocationLimited
rand037,0.5,ValueFirst,1,1.0e-03,0,Converged,Converged,BudgetExceeded,1,8.27872562564467,0.0066538967,2.042547,1.074114,0.964385,0.000028,0.001772,0.504666,0.001640,91,91,6,1,1,1,5,FiniteUncertified,FiniteUncertified,FiniteUncertified,FiniteUncertified,FiniteUncertified,BudgetExceeded,BudgetExceeded,BudgetExceeded,BudgetExceeded,BudgetExceeded
rand037,0.5,ValueFirst,1,1.0e-04,0,Converged,Converged,BudgetExceeded,1,8.278725622221458,9.8747261e-05,2.197092,1.076492,1.118964,0.000027,0.001688,0.488409,0.001627,123,123,6,1,1,1,5,ToleranceMet,ToleranceMet,FiniteUncertified,FiniteUncertified,FiniteUncertified,ToleranceMet,ToleranceMet,BudgetExceeded,BudgetExceeded,BudgetExceeded
rand038,0.0,None,0,1.0e-03,0,Converged,Converged,Converged,1,1.3724565263638087,0.00020927338,1.994765,1.189707,0.804317,0.000037,0.002219,0.624523,0.002765,53,53,6,0,0,1,6,NotRequested,NotRequested,NotRequested,NotRequested,NotRequested,NotRequested,NotRequested,NotRequested,NotRequested,NotRequested
rand038,0.0,None,0,1.0e-04,0,Converged,Converged,Converged,1,1.3724565263651214,3.1176714e-08,1.981978,1.178394,0.802441,0.000028,0.001292,0.605838,0.001159,69,69,6,0,0,1,6,NotRequested,NotRequested,NotRequested,NotRequested,NotRequested,NotRequested,NotRequested,NotRequested,NotRequested,NotRequested
rand038,0.0,None,1,1.0e-03,0,Converged,Converged,Converged,1,1.3724715293877341,0.00020928181,1.628327,0.851006,0.775909,0.000026,0.001305,0.582843,0.001049,53,53,6,0,0,1,6,NotRequested,NotRequested,NotRequested,NotRequested,NotRequested,NotRequested,NotRequested,NotRequested,NotRequested,NotRequested
rand038,0.0,None,1,1.0e-04,0,Converged,Converged,Converged,1,1.3724715293890426,3.1177789e-08,1.668967,0.847875,0.819832,0.000028,0.001318,0.590711,0.000965,69,69,6,0,0,1,6,NotRequested,NotRequested,NotRequested,NotRequested,NotRequested,NotRequested,NotRequested,NotRequested,NotRequested,NotRequested
rand038,0.0,Strict,0,1.0e-03,0,EventLocationLimited,Converged,EventLocationLimited,1,1.3724565263638087,0.00020927338,1.977826,1.143507,0.833673,0.000027,0.001713,0.593728,0.001872,77,77,6,0,0,1,6,FiniteUncertified,FiniteUncertified,FiniteUncertified,FiniteUncertified,FiniteUncertified,EventLocationLimited,EventLocationLimited,EventLocationLimited,EventLocationLimited,EventLocationLimited
rand038,0.0,Strict,0,1.0e-04,0,EventLocationLimited,Converged,EventLocationLimited,1,1.3724565263651214,3.1176714e-08,1.749842,1.068924,0.679816,0.000020,0.001042,0.506492,0.000829,77,77,6,0,0,1,6,FiniteUncertified,FiniteUncertified,FiniteUncertified,FiniteUncertified,FiniteUncertified,EventLocationLimited,EventLocationLimited,EventLocationLimited,EventLocationLimited,EventLocationLimited
rand038,0.0,Strict,1,1.0e-03,0,EventLocationLimited,Converged,EventLocationLimited,1,1.3724715293877341,0.00020928181,1.471648,0.744519,0.673002,0.000124,0.002389,0.447162,0.002952,77,77,6,0,0,1,6,FiniteUncertified,FiniteUncertified,FiniteUncertified,FiniteUncertified,FiniteUncertified,EventLocationLimited,EventLocationLimited,EventLocationLimited,EventLocationLimited,EventLocationLimited
rand038,0.0,Strict,1,1.0e-04,0,EventLocationLimited,Converged,EventLocationLimited,1,1.3724715293890426,3.1177789e-08,1.212434,0.605377,0.605942,0.000026,0.000976,0.416271,0.000687,77,77,6,0,0,1,6,FiniteUncertified,FiniteUncertified,FiniteUncertified,FiniteUncertified,FiniteUncertified,EventLocationLimited,EventLocationLimited,EventLocationLimited,EventLocationLimited,EventLocationLimited
rand038,0.0,ValueFirst,0,1.0e-03,0,Converged,Converged,EventLocationLimited,1,1.3724565263638087,0.00020927338,1.477842,0.881105,0.595495,0.000020,0.001435,0.421693,0.001274,77,77,6,0,0,1,6,FiniteUncertified,FiniteUncertified,FiniteUncertified,FiniteUncertified,FiniteUncertified,EventLocationLimited,EventLocationLimited,EventLocationLimited,EventLocationLimited,EventLocationLimited
rand038,0.0,ValueFirst,0,1.0e-04,0,Converged,Converged,EventLocationLimited,1,1.3724565263651214,3.1176714e-08,1.358709,0.791111,0.566552,0.000018,0.000945,0.411088,0.000676,77,77,6,0,0,1,6,FiniteUncertified,FiniteUncertified,FiniteUncertified,FiniteUncertified,FiniteUncertified,EventLocationLimited,EventLocationLimited,EventLocationLimited,EventLocationLimited,EventLocationLimited
rand038,0.0,ValueFirst,1,1.0e-03,0,Converged,Converged,EventLocationLimited,1,1.3724715293877341,0.00020928181,1.207406,0.586883,0.619010,0.000025,0.000922,0.429329,0.000718,77,77,6,0,0,1,6,FiniteUncertified,FiniteUncertified,FiniteUncertified,FiniteUncertified,FiniteUncertified,EventLocationLimited,EventLocationLimited,EventLocationLimited,EventLocationLimited,EventLocationLimited
rand038,0.0,ValueFirst,1,1.0e-04,0,Converged,Converged,EventLocationLimited,1,1.3724715293890426,3.1177789e-08,1.201547,0.590374,0.610249,0.000019,0.000929,0.417314,0.000647,77,77,6,0,0,1,6,FiniteUncertified,FiniteUncertified,FiniteUncertified,FiniteUncertified,FiniteUncertified,EventLocationLimited,EventLocationLimited,EventLocationLimited,EventLocationLimited,EventLocationLimited
rand038,0.5,None,0,1.0e-03,0,Converged,Converged,Converged,1,1.3724564800215366,0.0010446916,1.359256,0.792058,0.566616,0.000019,0.001174,0.421873,0.001225,53,53,6,0,0,1,6,NotRequested,NotRequested,NotRequested,NotRequested,NotRequested,NotRequested,NotRequested,NotRequested,NotRequested,NotRequested
rand038,0.5,None,0,1.0e-04,0,Converged,Converged,Converged,1,1.3724564801926198,5.8046638e-08,1.367851,0.792103,0.574927,0.000018,0.000904,0.410873,0.000645,69,69,6,0,0,1,6,NotRequested,NotRequested,NotRequested,NotRequested,NotRequested,NotRequested,NotRequested,NotRequested,NotRequested,NotRequested
rand038,0.5,None,1,1.0e-03,0,Converged,Converged,Converged,1,1.3724714830427673,0.0010447336,1.148914,0.587463,0.560590,0.000019,0.000921,0.407040,0.000651,53,53,6,0,0,1,6,NotRequested,NotRequested,NotRequested,NotRequested,NotRequested,NotRequested,NotRequested,NotRequested,NotRequested,NotRequested
rand038,0.5,None,1,1.0e-04,0,Converged,Converged,Converged,1,1.372471483213852,5.8048267e-08,1.185298,0.585141,0.599252,0.000019,0.000824,0.410006,0.000623,69,69,6,0,0,1,6,NotRequested,NotRequested,NotRequested,NotRequested,NotRequested,NotRequested,NotRequested,NotRequested,NotRequested,NotRequested
rand038,0.5,Strict,0,1.0e-03,0,EventLocationLimited,Converged,EventLocationLimited,1,1.3724564800215366,0.0010446916,1.522317,0.792435,0.729434,0.000018,0.001174,0.411087,0.001198,93,93,6,0,0,1,6,FiniteUncertified,FiniteUncertified,FiniteUncertified,FiniteUncertified,FiniteUncertified,EventLocationLimited,EventLocationLimited,EventLocationLimited,EventLocationLimited,EventLocationLimited
rand038,0.5,Strict,0,1.0e-04,0,EventLocationLimited,Converged,EventLocationLimited,1,1.3724564801926198,5.8046638e-08,1.548599,0.811513,0.735980,0.000019,0.000925,0.428451,0.000704,93,93,6,0,0,1,6,FiniteUncertified,FiniteUncertified,FiniteUncertified,FiniteUncertified,FiniteUncertified,EventLocationLimited,EventLocationLimited,EventLocationLimited,EventLocationLimited,EventLocationLimited
rand038,0.5,Strict,1,1.0e-03,0,EventLocationLimited,Converged,EventLocationLimited,1,1.3724714830427673,0.0010447336,1.493752,0.646803,0.801891,0.000107,0.002475,0.453887,0.002993,93,93,6,0,0,1,6,FiniteUncertified,FiniteUncertified,FiniteUncertified,FiniteUncertified,FiniteUncertified,EventLocationLimited,EventLocationLimited,EventLocationLimited,EventLocationLimited,EventLocationLimited
rand038,0.5,Strict,1,1.0e-04,0,EventLocationLimited,Converged,EventLocationLimited,1,1.372471483213852,5.8048268e-08,1.342997,0.599206,0.742615,0.000019,0.000943,0.412545,0.000773,93,93,6,0,0,1,6,FiniteUncertified,FiniteUncertified,FiniteUncertified,FiniteUncertified,FiniteUncertified,EventLocationLimited,EventLocationLimited,EventLocationLimited,EventLocationLimited,EventLocationLimited
rand038,0.5,ValueFirst,0,1.0e-03,0,Converged,Converged,BudgetExceeded,1,1.3724564800215366,0.0010446916,1.516476,0.794311,0.721052,0.000019,0.001777,0.411774,0.001366,93,93,6,0,0,1,6,FiniteUncertified,FiniteUncertified,FiniteUncertified,FiniteUncertified,FiniteUncertified,BudgetExceeded,BudgetExceeded,BudgetExceeded,BudgetExceeded,BudgetExceeded
rand038,0.5,ValueFirst,0,1.0e-04,0,Converged,Converged,EventLocationLimited,1,1.3724564801926198,5.8046638e-08,1.516213,0.794604,0.720510,0.000019,0.000915,0.414917,0.000785,93,93,6,0,0,1,6,FiniteUncertified,FiniteUncertified,FiniteUncertified,FiniteUncertified,FiniteUncertified,EventLocationLimited,EventLocationLimited,EventLocationLimited,EventLocationLimited,EventLocationLimited
rand038,0.5,ValueFirst,1,1.0e-03,0,Converged,Converged,BudgetExceeded,1,1.3724714830427673,0.0010447336,1.342898,0.586806,0.754850,0.000018,0.000853,0.418685,0.000694,93,93,6,0,0,1,6,FiniteUncertified,FiniteUncertified,FiniteUncertified,FiniteUncertified,FiniteUncertified,BudgetExceeded,BudgetExceeded,BudgetExceeded,BudgetExceeded,BudgetExceeded
rand038,0.5,ValueFirst,1,1.0e-04,0,Converged,Converged,EventLocationLimited,1,1.372471483213852,5.8048268e-08,1.320945,0.585326,0.734601,0.000019,0.000870,0.409727,0.000717,93,93,6,0,0,1,6,FiniteUncertified,FiniteUncertified,FiniteUncertified,FiniteUncertified,FiniteUncertified,EventLocationLimited,EventLocationLimited,EventLocationLimited,EventLocationLimited,EventLocationLimited
rand039,0.0,None,0,1.0e-03,0,Converged,Converged,Converged,1,4.8567956613970846,0.0021971966,1.086603,0.701212,0.384761,0.000018,0.001341,0.305858,0.001543,46,46,4,0,0,1,4,NotRequested,NotRequested,NotRequested,NotRequested,NotRequested,NotRequested,NotRequested,NotRequested,NotRequested,NotRequested
rand039,0.0,None,0,1.0e-04,0,Converged,Converged,Converged,1,4.8567956614004935,3.9477496e-09,1.080091,0.695476,0.383781,0.000019,0.000795,0.291242,0.000553,62,62,4,0,0,1,4,NotRequested,NotRequested,NotRequested,NotRequested,NotRequested,NotRequested,NotRequested,NotRequested,NotRequested,NotRequested
rand039,0.0,None,1,1.0e-03,0,Converged,Converged,Converged,1,4.8571244603382553,0.0021973874,0.938329,0.528667,0.408427,0.000018,0.000751,0.309473,0.000482,46,46,4,0,0,1,4,NotRequested,NotRequested,NotRequested,NotRequested,NotRequested,NotRequested,NotRequested,NotRequested,NotRequested,NotRequested
rand039,0.0,None,1,1.0e-04,0,Converged,Converged,Converged,1,4.8571244603417121,3.948238e-09,0.985162,0.537617,0.446561,0.000017,0.000819,0.313489,0.000474,62,62,4,0,0,1,4,NotRequested,NotRequested,NotRequested,NotRequested,NotRequested,NotRequested,NotRequested,NotRequested,NotRequested,NotRequested
rand039,0.0,Strict,0,1.0e-03,0,EventLocationLimited,Converged,EventLocationLimited,1,4.8567956613970846,0.0021971966,1.108459,0.693424,0.414462,0.000018,0.001054,0.298200,0.000881,62,62,4,0,0,1,4,ToleranceMet,ToleranceMet,FiniteUncertified,FiniteUncertified,ToleranceMet,ToleranceMet,ToleranceMet,EventLocationLimited,EventLocationLimited,ToleranceMet
rand039,0.0,Strict,0,1.0e-04,0,EventLocationLimited,Converged,EventLocationLimited,1,4.8567956614004935,3.9477496e-09,1.109161,0.697537,0.410693,0.000020,0.000785,0.304882,0.000503,62,62,4,0,0,1,4,ToleranceMet,ToleranceMet,FiniteUncertified,FiniteUncertified,ToleranceMet,ToleranceMet,ToleranceMet,EventLocationLimited,EventLocationLimited,ToleranceMet
rand039,0.0,Strict,1,1.0e-03,0,EventLocationLimited,Converged,EventLocationLimited,1,4.8571244603382553,0.0021973874,1.178254,0.585479,0.504615,0.000103,0.002196,0.341639,0.001714,62,62,4,0,0,1,4,ToleranceMet,ToleranceMet,FiniteUncertified,FiniteUncertified,ToleranceMet,ToleranceMet,ToleranceMet,EventLocationLimited,EventLocationLimited,ToleranceMet
rand039,0.0,Strict,1,1.0e-04,0,EventLocationLimited,Converged,EventLocationLimited,1,4.8571244603417121,3.948238e-09,0.989845,0.542581,0.446096,0.000019,0.000767,0.298723,0.000439,62,62,4,0,0,1,4,ToleranceMet,ToleranceMet,FiniteUncertified,FiniteUncertified,ToleranceMet,ToleranceMet,ToleranceMet,EventLocationLimited,EventLocationLimited,ToleranceMet
rand039,0.0,ValueFirst,0,1.0e-03,0,Converged,Converged,EventLocationLimited,1,4.8567956613970846,0.0021971966,1.107266,0.698481,0.407946,0.000019,0.001613,0.297012,0.000971,62,62,4,0,0,1,4,ToleranceMet,ToleranceMet,FiniteUncertified,FiniteUncertified,ToleranceMet,ToleranceMet,ToleranceMet,EventLocationLimited,EventLocationLimited,ToleranceMet
rand039,0.0,ValueFirst,0,1.0e-04,0,Converged,Converged,EventLocationLimited,1,4.8567956614004935,3.9477496e-09,1.093498,0.697307,0.395173,0.000020,0.000847,0.290158,0.000444,62,62,4,0,0,1,4,ToleranceMet,ToleranceMet,FiniteUncertified,FiniteUncertified,ToleranceMet,ToleranceMet,ToleranceMet,EventLocationLimited,EventLocationLimited,ToleranceMet
rand039,0.0,ValueFirst,1,1.0e-03,0,Converged,Converged,EventLocationLimited,1,4.8571244603382553,0.0021973874,1.005521,0.531190,0.471653,0.000024,0.000814,0.311712,0.000470,62,62,4,0,0,1,4,ToleranceMet,ToleranceMet,FiniteUncertified,FiniteUncertified,ToleranceMet,ToleranceMet,ToleranceMet,EventLocationLimited,EventLocationLimited,ToleranceMet
rand039,0.0,ValueFirst,1,1.0e-04,0,Converged,Converged,EventLocationLimited,1,4.8571244603417121,3.948238e-09,1.008965,0.556233,0.451733,0.000019,0.000793,0.299886,0.000445,62,62,4,0,0,1,4,ToleranceMet,ToleranceMet,FiniteUncertified,FiniteUncertified,ToleranceMet,ToleranceMet,ToleranceMet,EventLocationLimited,EventLocationLimited,ToleranceMet
rand039,0.5,None,0,1.0e-03,0,Converged,Converged,Converged,1,4.8567849794679159,7.982047e-08,1.106512,0.694713,0.411227,0.000024,0.001045,0.298829,0.000973,62,62,4,0,0,1,4,NotRequested,NotRequested,NotRequested,NotRequested,NotRequested,NotRequested,NotRequested,NotRequested,NotRequested,NotRequested
rand039,0.5,None,0,1.0e-04,0,Converged,Converged,Converged,1,4.8567849794679159,7.982047e-08,1.091792,0.691218,0.399562,0.000018,0.000825,0.297543,0.000445,62,62,4,0,0,1,4,NotRequested,NotRequested,NotRequested,NotRequested,NotRequested,NotRequested,NotRequested,NotRequested,NotRequested,NotRequested
rand039,0.5,None,1,1.0e-03,0,Converged,Converged,Converged,1,4.8571137761898964,7.9828626e-08,0.991987,0.527505,0.463470,0.000019,0.000812,0.313277,0.000525,62,62,4,0,0,1,4,NotRequested,NotRequested,NotRequested,NotRequested,NotRequested,NotRequested,NotRequested,NotRequested,NotRequested,NotRequested
rand039,0.5,None,1,1.0e-04,0,Converged,Converged,Converged,1,4.8571137761898964,7.9828626e-08,0.992949,0.538620,0.453347,0.000019,0.000775,0.304092,0.000494,62,62,4,0,0,1,4,NotRequested,NotRequested,NotRequested,NotRequested,NotRequested,NotRequested,NotRequested,NotRequested,NotRequested,NotRequested
rand039,0.5,Strict,0,1.0e-03,0,EventLocationLimited,Converged,EventLocationLimited,1,4.8567849794679159,7.982047e-08,1.152162,0.694132,0.457464,0.000019,0.001061,0.297395,0.000976,62,62,4,0,0,1,4,ToleranceMet,ToleranceMet,FiniteUncertified,FiniteUncertified,ToleranceMet,ToleranceMet,ToleranceMet,EventLocationLimited,EventLocationLimited,ToleranceMet
rand039,0.5,Strict,0,1.0e-04,0,EventLocationLimited,Converged,EventLocationLimited,1,4.8567849794679159,7.982047e-08,1.143476,0.693809,0.448700,0.000019,0.000806,0.301157,0.000483,62,62,4,0,0,1,4,ToleranceMet,ToleranceMet,FiniteUncertified,FiniteUncertified,ToleranceMet,ToleranceMet,ToleranceMet,EventLocationLimited,EventLocationLimited,ToleranceMet
rand039,0.5,Strict,1,1.0e-03,0,EventLocationLimited,Converged,EventLocationLimited,1,4.8571137761898964,7.9828626e-08,1.266211,0.603882,0.568673,0.000121,0.002229,0.343628,0.002490,62,62,4,0,0,1,4,ToleranceMet,ToleranceMet,FiniteUncertified,FiniteUncertified,ToleranceMet,ToleranceMet,ToleranceMet,EventLocationLimited,EventLocationLimited,ToleranceMet
rand039,0.5,Strict,1,1.0e-04,0,EventLocationLimited,Converged,EventLocationLimited,1,4.8571137761898964,7.9828626e-08,1.027454,0.536367,0.489988,0.000018,0.000787,0.296708,0.000456,62,62,4,0,0,1,4,ToleranceMet,ToleranceMet,FiniteUncertified,FiniteUncertified,ToleranceMet,ToleranceMet,ToleranceMet,EventLocationLimited,EventLocationLimited,ToleranceMet
rand039,0.5,ValueFirst,0,1.0e-03,0,Converged,Converged,EventLocationLimited,1,4.8567849794679159,7.982047e-08,1.159841,0.694306,0.464078,0.000018,0.001558,0.310535,0.001019,62,62,4,0,0,1,4,ToleranceMet,ToleranceMet,FiniteUncertified,FiniteUncertified,ToleranceMet,ToleranceMet,ToleranceMet,EventLocationLimited,EventLocationLimited,ToleranceMet
rand039,0.5,ValueFirst,0,1.0e-04,0,Converged,Converged,EventLocationLimited,1,4.8567849794679159,7.982047e-08,1.141626,0.697241,0.443373,0.000019,0.000929,0.295954,0.000459,62,62,4,0,0,1,4,ToleranceMet,ToleranceMet,FiniteUncertified,FiniteUncertified,ToleranceMet,ToleranceMet,ToleranceMet,EventLocationLimited,EventLocationLimited,ToleranceMet
rand039,0.5,ValueFirst,1,1.0e-03,0,Converged,Converged,EventLocationLimited,1,4.8571137761898964,7.9828626e-08,1.052913,0.532616,0.517563,0.000027,0.000820,0.316331,0.000452,62,62,4,0,0,1,4,ToleranceMet,ToleranceMet,FiniteUncertified,FiniteUncertified,ToleranceMet,ToleranceMet,ToleranceMet,EventLocationLimited,EventLocationLimited,ToleranceMet
rand039,0.5,ValueFirst,1,1.0e-04,0,Converged,Converged,EventLocationLimited,1,4.8571137761898964,7.9828626e-08,1.031205,0.536639,0.493572,0.000017,0.000779,0.299904,0.000468,62,62,4,0,0,1,4,ToleranceMet,ToleranceMet,FiniteUncertified,FiniteUncertified,ToleranceMet,ToleranceMet,ToleranceMet,EventLocationLimited,EventLocationLimited,ToleranceMet
paper_highA,0.0,None,0,1.0e-03,0,Converged,Converged,Converged,1,12363.403507981775,7.8671045,16.825110,15.524314,1.300351,0.000030,0.002830,0.737461,0.004396,224,224,8,4,4,1,4,NotRequested,NotRequested,NotRequested,NotRequested,NotRequested,NotRequested,NotRequested,NotRequested,NotRequested,NotRequested
paper_highA,0.0,None,0,1.0e-04,0,Converged,Converged,Converged,1,12363.402164698842,0.37493637,16.846584,15.499544,1.343947,0.000035,0.001293,0.734101,0.002004,256,256,8,4,4,1,4,NotRequested,NotRequested,NotRequested,NotRequested,NotRequested,NotRequested,NotRequested,NotRequested,NotRequested,NotRequested
paper_highA,0.0,None,1,1.0e-03,0,Converged,Converged,Converged,1,12254.514935569234,8.1125102,1.880357,0.389823,1.469147,0.000046,0.002107,0.740699,0.003794,224,224,8,4,4,1,4,NotRequested,NotRequested,NotRequested,NotRequested,NotRequested,NotRequested,NotRequested,NotRequested,NotRequested,NotRequested
paper_highA,0.0,None,1,1.0e-04,0,Converged,Converged,Converged,1,12254.513556057163,1.2162227,1.880834,0.375749,1.502767,0.000030,0.001344,0.721918,0.001867,248,248,8,4,4,1,4,NotRequested,NotRequested,NotRequested,NotRequested,NotRequested,NotRequested,NotRequested,NotRequested,NotRequested,NotRequested
paper_highA,0.0,Strict,0,1.0e-03,0,EventLocationLimited,Converged,EventLocationLimited,1,12363.403507981775,7.8671045,17.698061,15.560828,2.136351,0.000030,0.002942,0.734073,0.002776,416,416,8,4,4,1,4,FiniteUncertified,FiniteUncertified,FiniteUncertified,FiniteUncertified,FiniteUncertified,EventLocationLimited,EventLocationLimited,EventLocationLimited,EventLocationLimited,EventLocationLimited
paper_highA,0.0,Strict,0,1.0e-04,0,EventLocationLimited,Converged,EventLocationLimited,1,12363.402164698842,0.37493637,17.528750,15.526101,1.997930,0.000027,0.001308,0.727723,0.002114,416,416,8,4,4,1,4,FiniteUncertified,FiniteUncertified,FiniteUncertified,FiniteUncertified,FiniteUncertified,EventLocationLimited,EventLocationLimited,EventLocationLimited,EventLocationLimited,EventLocationLimited
paper_highA,0.0,Strict,1,1.0e-03,0,EventLocationLimited,Converged,EventLocationLimited,1,12254.514935569234,8.1125102,2.903316,0.431578,2.437951,0.000249,0.002331,0.746985,0.004373,416,416,8,4,4,1,4,FiniteUncertified,FiniteUncertified,FiniteUncertified,FiniteUncertified,FiniteUncertified,EventLocationLimited,EventLocationLimited,EventLocationLimited,EventLocationLimited,EventLocationLimited
paper_highA,0.0,Strict,1,1.0e-04,0,EventLocationLimited,Converged,EventLocationLimited,1,12254.513556057163,1.2162227,2.804446,0.374297,2.426644,0.000029,0.001376,0.719093,0.001964,416,416,8,4,4,1,4,FiniteUncertified,FiniteUncertified,FiniteUncertified,FiniteUncertified,FiniteUncertified,EventLocationLimited,EventLocationLimited,EventLocationLimited,EventLocationLimited,EventLocationLimited
paper_highA,0.0,ValueFirst,0,1.0e-03,0,Converged,Converged,BudgetExceeded,1,12363.403507981775,7.8671045,17.587750,15.567008,2.019631,0.000030,0.002898,0.734975,0.002974,392,392,8,4,4,1,4,FiniteUncertified,FiniteUncertified,FiniteUncertified,FiniteUncertified,FiniteUncertified,BudgetExceeded,BudgetExceeded,BudgetExceeded,BudgetExceeded,BudgetExceeded
paper_highA,0.0,ValueFirst,0,1.0e-04,0,Converged,Converged,EventLocationLimited,1,12363.402164698842,0.37493637,17.601564,15.595333,2.001564,0.000031,0.001335,0.738045,0.002074,416,416,8,4,4,1,4,FiniteUncertified,FiniteUncertified,FiniteUncertified,FiniteUncertified,FiniteUncertified,EventLocationLimited,EventLocationLimited,EventLocationLimited,EventLocationLimited,EventLocationLimited
paper_highA,0.0,ValueFirst,1,1.0e-03,0,Converged,Converged,BudgetExceeded,1,12254.514935569234,8.1125102,2.751505,0.400032,2.339513,0.000138,0.001594,0.736591,0.002992,392,392,8,4,4,1,4,FiniteUncertified,FiniteUncertified,FiniteUncertified,FiniteUncertified,FiniteUncertified,BudgetExceeded,BudgetExceeded,BudgetExceeded,BudgetExceeded,BudgetExceeded
paper_highA,0.0,ValueFirst,1,1.0e-04,0,Converged,Converged,BudgetExceeded,1,12254.513556057163,1.2162227,2.827191,0.389671,2.434089,0.000020,0.001334,0.752030,0.001952,416,416,8,4,4,1,4,FiniteUncertified,FiniteUncertified,FiniteUncertified,FiniteUncertified,FiniteUncertified,BudgetExceeded,BudgetExceeded,BudgetExceeded,BudgetExceeded,BudgetExceeded
paper_highA,0.5,None,0,1.0e-03,0,Converged,Converged,Converged,1,12152.919086236559,8.7711869,17.000023,15.536116,1.463231,0.000019,0.002778,0.735062,0.002891,224,224,8,4,4,1,4,NotRequested,NotRequested,NotRequested,NotRequested,NotRequested,NotRequested,NotRequested,NotRequested,NotRequested,NotRequested
paper_highA,0.5,None,0,1.0e-04,0,Converged,Converged,Converged,1,12152.9177838945,0.90722524,17.121556,15.544249,1.574195,0.000018,0.001225,0.735165,0.001998,256,256,8,4,4,1,4,NotRequested,NotRequested,NotRequested,NotRequested,NotRequested,NotRequested,NotRequested,NotRequested,NotRequested,NotRequested
paper_highA,0.5,None,1,1.0e-03,0,Converged,Converged,Converged,1,12035.296321511274,9.004818,2.006263,0.392246,1.602155,0.000021,0.001548,0.738146,0.002808,224,224,8,4,4,1,4,NotRequested,NotRequested,NotRequested,NotRequested,NotRequested,NotRequested,NotRequested,NotRequested,NotRequested,NotRequested
paper_highA,0.5,None,1,1.0e-04,0,Converged,Converged,Converged,1,12035.29500587338,0.90299015,2.051845,0.374402,1.675304,0.000019,0.001251,0.714781,0.001754,256,256,8,4,4,1,4,NotRequested,NotRequested,NotRequested,NotRequested,NotRequested,NotRequested,NotRequested,NotRequested,NotRequested,NotRequested
paper_highA,0.5,Strict,0,1.0e-03,0,InnerAccuracyLimited,Converged,InnerAccuracyLimited,1,12152.919086236559,8.7711869,19.868911,15.539768,4.328253,0.000026,0.002739,0.732421,0.002794,750,750,8,4,4,1,4,FiniteUncertified,FiniteUncertified,FiniteUncertified,FiniteUncertified,FiniteUncertified,InnerAccuracyLimited,InnerAccuracyLimited,InnerAccuracyLimited,InnerAccuracyLimited,InnerAccuracyLimited
paper_highA,0.5,Strict,0,1.0e-04,0,InnerAccuracyLimited,Converged,InnerAccuracyLimited,1,12152.9177838945,0.90722524,19.767051,15.549209,4.210838,0.000026,0.001820,0.736956,0.002495,782,782,8,4,4,1,4,FiniteUncertified,FiniteUncertified,FiniteUncertified,FiniteUncertified,FiniteUncertified,InnerAccuracyLimited,InnerAccuracyLimited,InnerAccuracyLimited,InnerAccuracyLimited,InnerAccuracyLimited
paper_highA,0.5,Strict,1,1.0e-03,0,InnerAccuracyLimited,Converged,InnerAccuracyLimited,1,12035.296321511274,9.004818,5.562582,0.412887,5.116891,0.000035,0.002363,0.734139,0.003543,750,750,8,4,4,1,4,FiniteUncertified,FiniteUncertified,FiniteUncertified,FiniteUncertified,FiniteUncertified,InnerAccuracyLimited,InnerAccuracyLimited,InnerAccuracyLimited,InnerAccuracyLimited,InnerAccuracyLimited
paper_highA,0.5,Strict,1,1.0e-04,0,InnerAccuracyLimited,Converged,InnerAccuracyLimited,1,12035.29500587338,0.90299015,5.598064,0.376234,5.215947,0.000019,0.001263,0.728731,0.002018,782,782,8,4,4,1,4,FiniteUncertified,FiniteUncertified,FiniteUncertified,FiniteUncertified,FiniteUncertified,InnerAccuracyLimited,InnerAccuracyLimited,InnerAccuracyLimited,InnerAccuracyLimited,InnerAccuracyLimited
paper_highA,0.5,ValueFirst,0,1.0e-03,0,Converged,Converged,BudgetExceeded,1,12152.919086236559,8.7711869,18.207086,15.546192,2.659811,0.000019,0.002911,0.727292,0.002931,400,400,8,4,4,1,4,FiniteUncertified,FiniteUncertified,FiniteUncertified,FiniteUncertified,FiniteUncertified,BudgetExceeded,BudgetExceeded,BudgetExceeded,BudgetExceeded,BudgetExceeded
paper_highA,0.5,ValueFirst,0,1.0e-04,0,Converged,Converged,BudgetExceeded,1,12152.9177838945,0.90722524,18.201002,15.509290,2.687250,0.000025,0.001218,0.735080,0.002230,432,432,8,4,4,1,4,FiniteUncertified,FiniteUncertified,FiniteUncertified,FiniteUncertified,FiniteUncertified,BudgetExceeded,BudgetExceeded,BudgetExceeded,BudgetExceeded,BudgetExceeded
paper_highA,0.5,ValueFirst,1,1.0e-03,0,Converged,Converged,BudgetExceeded,1,12035.296321511274,9.004818,3.405215,0.397231,2.996149,0.000030,0.001669,0.739799,0.002603,400,400,8,4,4,1,4,FiniteUncertified,FiniteUncertified,FiniteUncertified,FiniteUncertified,FiniteUncertified,BudgetExceeded,BudgetExceeded,BudgetExceeded,BudgetExceeded,BudgetExceeded
paper_highA,0.5,ValueFirst,1,1.0e-04,0,Converged,Converged,BudgetExceeded,1,12035.29500587338,0.90299015,3.488712,0.376427,3.108775,0.000018,0.001247,0.728152,0.001890,432,432,8,4,4,1,4,FiniteUncertified,FiniteUncertified,FiniteUncertified,FiniteUncertified,FiniteUncertified,BudgetExceeded,BudgetExceeded,BudgetExceeded,BudgetExceeded,BudgetExceeded
