case_id	configuration_id	profile	d_bin_index	epoch_index	rep	lane	max_scaled_root_delta	role_mismatches	physical_mismatches
0	0	linear	0	0	0	cold	0.0	0	0
0	0	linear	0	0	0	warm	0.0	0	0
0	0	linear	0	7	0	cold	0.0	0	0
0	0	linear	0	7	0	warm	0.0	0	0
0	0	linear	0	15	0	cold	0.0	0	0
0	0	linear	0	15	0	warm	0.0	0	0
0	0	linear	0	23	0	cold	0.0	0	0
0	0	linear	0	23	0	warm	0.0	0	0
0	0	linear	1	0	0	cold	5.952195047482642e-50	0	0
0	0	linear	1	0	0	warm	5.952195047482642e-50	0	0
0	0	linear	1	7	0	cold	8.791436437613415e-58	0	0
0	0	linear	1	7	0	warm	1.3151045663971866e-57	0	0
0	0	linear	1	15	0	cold	2.4007251104039565e-60	0	0
0	0	linear	1	15	0	warm	4.893766889146799e-46	0	0
0	0	linear	1	23	0	cold	1.4505969670579199e-49	0	0
0	0	linear	1	23	0	warm	1.5105182961613555e-46	0	0
0	0	linear	2	0	0	cold	0.0	0	0
0	0	linear	2	0	0	warm	0.0	0	0
0	0	linear	2	7	0	cold	0.0	0	0
0	0	linear	2	7	0	warm	0.0	0	0
0	0	linear	2	15	0	cold	0.0	0	0
0	0	linear	2	15	0	warm	0.0	0	0
0	0	linear	2	23	0	cold	0.0	0	0
0	0	linear	2	23	0	warm	0.0	0	0
0	0	linear	3	0	0	cold	5.0797032567488916e-61	0	0
0	0	linear	3	0	0	warm	5.0797032567488916e-61	0	0
0	0	linear	3	7	0	cold	1.4143500439812518e-54	0	0
0	0	linear	3	7	0	warm	7.8105841313443775e-53	0	0
0	0	linear	3	15	0	cold	3.7767600924618127e-76	0	0
0	0	linear	3	15	0	warm	2.446338961554481e-44	0	0
0	0	linear	3	23	0	cold	3.180900648787801e-65	0	0
0	0	linear	3	23	0	warm	2.523520757964243e-51	0	0
0	0	linear	4	0	0	cold	1.7555212263988705e-14	0	0
0	0	linear	4	0	0	warm	1.7555212263988705e-14	0	0
0	0	linear	4	7	0	cold	2.6479036169350896e-15	0	0
0	0	linear	4	7	0	warm	2.9406024743340918e-15	0	0
0	0	linear	4	15	0	cold	2.5522259274282283e-15	0	0
0	0	linear	4	15	0	warm	4.413649370499189e-15	0	0
0	0	linear	4	23	0	cold	4.413723772006862e-15	0	0
0	0	linear	4	23	0	warm	7.0612774301574755e-15	0	0
0	0	uniform	0	0	0	cold	0.0	0	0
0	0	uniform	0	0	0	warm	0.0	0	0
0	0	uniform	0	7	0	cold	0.0	0	0
0	0	uniform	0	7	0	warm	0.0	0	0
0	0	uniform	0	15	0	cold	0.0	0	0
0	0	uniform	0	15	0	warm	0.0	0	0
0	0	uniform	0	23	0	cold	0.0	0	0
0	0	uniform	0	23	0	warm	0.0	0	0
0	0	uniform	1	0	0	cold	5.952195047482642e-50	0	0
0	0	uniform	1	0	0	warm	5.952195047482642e-50	0	0
0	0	uniform	1	7	0	cold	8.791436437613415e-58	0	0
0	0	uniform	1	7	0	warm	1.3151045663971866e-57	0	0
0	0	uniform	1	15	0	cold	2.4007251104039565e-60	0	0
0	0	uniform	1	15	0	warm	4.893766889146799e-46	0	0
0	0	uniform	1	23	0	cold	1.4505969670579199e-49	0	0
0	0	uniform	1	23	0	warm	1.5105182961613555e-46	0	0
0	0	uniform	2	0	0	cold	0.0	0	0
0	0	uniform	2	0	0	warm	0.0	0	0
0	0	uniform	2	7	0	cold	0.0	0	0
0	0	uniform	2	7	0	warm	0.0	0	0
0	0	uniform	2	15	0	cold	0.0	0	0
0	0	uniform	2	15	0	warm	0.0	0	0
0	0	uniform	2	23	0	cold	0.0	0	0
0	0	uniform	2	23	0	warm	0.0	0	0
0	0	uniform	3	0	0	cold	5.0797032567488916e-61	0	0
0	0	uniform	3	0	0	warm	5.0797032567488916e-61	0	0
0	0	uniform	3	7	0	cold	1.4143500439812518e-54	0	0
0	0	uniform	3	7	0	warm	7.8105841313443775e-53	0	0
0	0	uniform	3	15	0	cold	3.7767600924618127e-76	0	0
0	0	uniform	3	15	0	warm	2.446338961554481e-44	0	0
0	0	uniform	3	23	0	cold	3.180900648787801e-65	0	0
0	0	uniform	3	23	0	warm	2.523520757964243e-51	0	0
0	0	uniform	4	0	0	cold	1.7555212263988705e-14	0	0
0	0	uniform	4	0	0	warm	1.7555212263988705e-14	0	0
0	0	uniform	4	7	0	cold	2.6479036169350896e-15	0	0
0	0	uniform	4	7	0	warm	2.9406024743340918e-15	0	0
0	0	uniform	4	15	0	cold	2.5522259274282283e-15	0	0
0	0	uniform	4	15	0	warm	4.413649370499189e-15	0	0
0	0	uniform	4	23	0	cold	4.413723772006862e-15	0	0
0	0	uniform	4	23	0	warm	7.0612774301574755e-15	0	0
1	1	linear	0	0	0	cold	2.4785665273468035e-44	0	0
1	1	linear	0	0	0	warm	2.4785665273468035e-44	0	0
1	1	linear	0	7	0	cold	3.109331593262903e-42	0	0
1	1	linear	0	7	0	warm	4.9171243665267456e-42	0	0
1	1	linear	0	15	0	cold	3.805113143081256e-40	0	0
1	1	linear	0	15	0	warm	4.828172823446658e-43	0	0
1	1	linear	0	23	0	cold	1.5045617187937086e-45	0	0
1	1	linear	0	23	0	warm	5.780122374914575e-44	0	0
1	1	linear	1	0	0	cold	2.916182109905125e-67	0	0
1	1	linear	1	0	0	warm	2.916182109905125e-67	0	0
1	1	linear	1	7	0	cold	3.0054106694184556e-41	0	0
1	1	linear	1	7	0	warm	1.9121972526023697e-47	0	0
1	1	linear	1	15	0	cold	2.8657902878903875e-45	0	0
1	1	linear	1	15	0	warm	9.788342716528104e-56	0	0
1	1	linear	1	23	0	cold	3.248625454427117e-46	0	0
1	1	linear	1	23	0	warm	8.00912672383992e-48	0	0
1	1	linear	2	0	0	cold	2.4736297663765908e-57	0	0
1	1	linear	2	0	0	warm	2.4736297663765908e-57	0	0
1	1	linear	2	7	0	cold	8.102162324144183e-36	0	0
1	1	linear	2	7	0	warm	1.6880451973690543e-21	0	0
1	1	linear	2	15	0	cold	4.470446128494474e-38	0	0
1	1	linear	2	15	0	warm	1.861882169571287e-41	0	0
1	1	linear	2	23	0	cold	1.864880004761629e-33	0	0
1	1	linear	2	23	0	warm	1.6231746516906422e-34	0	0
1	1	linear	3	0	0	cold	4.40180367010082e-41	0	0
1	1	linear	3	0	0	warm	4.40180367010082e-41	0	0
1	1	linear	3	7	0	cold	1.1384089254445619e-45	0	0
1	1	linear	3	7	0	warm	4.246842021849287e-48	0	0
1	1	linear	3	15	0	cold	4.482571038799607e-43	0	0
1	1	linear	3	15	0	warm	1.7785726375478426e-41	0	0
1	1	linear	3	23	0	cold	4.884818043959113e-44	0	0
1	1	linear	3	23	0	warm	7.457301175519058e-39	0	0
1	1	linear	4	0	0	cold	1.7554865070810157e-67	0	0
1	1	linear	4	0	0	warm	1.7554865070810157e-67	0	0
1	1	linear	4	7	0	cold	5.478454454651293e-67	0	0
1	1	linear	4	7	0	warm	8.804658944975295e-68	0	0
1	1	linear	4	15	0	cold	2.3415887901695837e-75	0	0
1	1	linear	4	15	0	warm	5.2839365282749375e-67	0	0
1	1	linear	4	23	0	cold	4.367597220313159e-67	0	0
1	1	linear	4	23	0	warm	3.574288117911591e-64	0	0
1	1	uniform	0	0	0	cold	2.4785665273468035e-44	0	0
1	1	uniform	0	0	0	warm	2.4785665273468035e-44	0	0
1	1	uniform	0	7	0	cold	3.109331593262903e-42	0	0
1	1	uniform	0	7	0	warm	4.9171243665267456e-42	0	0
1	1	uniform	0	15	0	cold	3.805113143081256e-40	0	0
1	1	uniform	0	15	0	warm	4.828172823446658e-43	0	0
1	1	uniform	0	23	0	cold	1.5045617187937086e-45	0	0
1	1	uniform	0	23	0	warm	5.780122374914575e-44	0	0
1	1	uniform	1	0	0	cold	2.916182109905125e-67	0	0
1	1	uniform	1	0	0	warm	2.916182109905125e-67	0	0
1	1	uniform	1	7	0	cold	3.0054106694184556e-41	0	0
1	1	uniform	1	7	0	warm	1.9121972526023697e-47	0	0
1	1	uniform	1	15	0	cold	2.8657902878903875e-45	0	0
1	1	uniform	1	15	0	warm	9.788342716528104e-56	0	0
1	1	uniform	1	23	0	cold	3.248625454427117e-46	0	0
1	1	uniform	1	23	0	warm	8.00912672383992e-48	0	0
1	1	uniform	2	0	0	cold	2.4736297663765908e-57	0	0
1	1	uniform	2	0	0	warm	2.4736297663765908e-57	0	0
1	1	uniform	2	7	0	cold	8.102162324144183e-36	0	0
1	1	uniform	2	7	0	warm	1.6880451973690543e-21	0	0
1	1	uniform	2	15	0	cold	4.470446128494474e-38	0	0
1	1	uniform	2	15	0	warm	1.861882169571287e-41	0	0
1	1	uniform	2	23	0	cold	1.864880004761629e-33	0	0
1	1	uniform	2	23	0	warm	1.6231746516906422e-34	0	0
1	1	uniform	3	0	0	cold	4.40180367010082e-41	0	0
1	1	uniform	3	0	0	warm	4.40180367010082e-41	0	0
1	1	uniform	3	7	0	cold	1.1384089254445619e-45	0	0
1	1	uniform	3	7	0	warm	4.246842021849287e-48	0	0
1	1	uniform	3	15	0	cold	4.482571038799607e-43	0	0
1	1	uniform	3	15	0	warm	1.7785726375478426e-41	0	0
1	1	uniform	3	23	0	cold	4.884818043959113e-44	0	0
1	1	uniform	3	23	0	warm	7.457301175519058e-39	0	0
1	1	uniform	4	0	0	cold	1.7554865070810157e-67	0	0
1	1	uniform	4	0	0	warm	1.7554865070810157e-67	0	0
1	1	uniform	4	7	0	cold	5.478454454651293e-67	0	0
1	1	uniform	4	7	0	warm	8.804658944975295e-68	0	0
1	1	uniform	4	15	0	cold	2.3415887901695837e-75	0	0
1	1	uniform	4	15	0	warm	5.2839365282749375e-67	0	0
1	1	uniform	4	23	0	cold	4.367597220313159e-67	0	0
1	1	uniform	4	23	0	warm	3.574288117911591e-64	0	0
2	2	linear	0	0	0	cold	9.25706248042163e-58	0	0
2	2	linear	0	0	0	warm	9.25706248042163e-58	0	0
2	2	linear	0	7	0	cold	1.3723616475298833e-58	0	0
2	2	linear	0	7	0	warm	1.9719761956020046e-58	0	0
2	2	linear	0	15	0	cold	2.1182124217243953e-59	0	0
2	2	linear	0	15	0	warm	2.7561261660496118e-61	0	0
2	2	linear	0	23	0	cold	1.5011787365409752e-60	0	0
2	2	linear	0	23	0	warm	1.9690084602058236e-59	0	0
2	2	linear	1	0	0	cold	1.4840779767424432e-58	0	0
2	2	linear	1	0	0	warm	1.4840779767424432e-58	0	0
2	2	linear	1	7	0	cold	4.056413223290529e-57	0	0
2	2	linear	1	7	0	warm	1.373969021427781e-57	0	0
2	2	linear	1	15	0	cold	2.4766606583210946e-57	0	0
2	2	linear	1	15	0	warm	1.1239924265437503e-55	0	0
2	2	linear	1	23	0	cold	9.180447275414766e-52	0	0
2	2	linear	1	23	0	warm	2.55565325277165e-55	0	0
2	2	linear	2	0	0	cold	7.235759303507546e-58	0	0
2	2	linear	2	0	0	warm	7.235759303507546e-58	0	0
2	2	linear	2	7	0	cold	6.2773964600039305e-58	0	0
2	2	linear	2	7	0	warm	4.357540774818925e-59	0	0
2	2	linear	2	15	0	cold	6.970920672117623e-58	0	0
2	2	linear	2	15	0	warm	1.980375190942507e-59	0	0
2	2	linear	2	23	0	cold	3.201048129676961e-56	0	0
2	2	linear	2	23	0	warm	1.2672366845477687e-57	0	0
2	2	linear	3	0	0	cold	1.175612480398329e-65	0	0
2	2	linear	3	0	0	warm	1.175612480398329e-65	0	0
2	2	linear	3	7	0	cold	8.904398906750918e-69	0	0
2	2	linear	3	7	0	warm	9.926604042710914e-69	0	0
2	2	linear	3	15	0	cold	5.378716668963157e-69	0	0
2	2	linear	3	15	0	warm	5.453439436605161e-69	0	0
2	2	linear	3	23	0	cold	1.3753963617495513e-69	0	0
2	2	linear	3	23	0	warm	1.2515767506596884e-71	0	0
2	2	linear	4	0	0	cold	1.3107221462752232e-58	0	0
2	2	linear	4	0	0	warm	1.3107221462752232e-58	0	0
2	2	linear	4	7	0	cold	2.256931479125084e-56	0	0
2	2	linear	4	7	0	warm	1.5482527302506248e-56	0	0
2	2	linear	4	15	0	cold	3.61148116735334e-57	0	0
2	2	linear	4	15	0	warm	3.095555286302861e-57	0	0
2	2	linear	4	23	0	cold	1.478620118133794e-57	0	0
2	2	linear	4	23	0	warm	7.414159248775034e-58	0	0
2	2	uniform	0	0	0	cold	9.25706248042163e-58	0	0
2	2	uniform	0	0	0	warm	9.25706248042163e-58	0	0
2	2	uniform	0	7	0	cold	1.3723616475298833e-58	0	0
2	2	uniform	0	7	0	warm	1.9719761956020046e-58	0	0
2	2	uniform	0	15	0	cold	2.1182124217243953e-59	0	0
2	2	uniform	0	15	0	warm	2.7561261660496118e-61	0	0
2	2	uniform	0	23	0	cold	1.5011787365409752e-60	0	0
2	2	uniform	0	23	0	warm	1.9690084602058236e-59	0	0
2	2	uniform	1	0	0	cold	1.4840779767424432e-58	0	0
2	2	uniform	1	0	0	warm	1.4840779767424432e-58	0	0
2	2	uniform	1	7	0	cold	4.056413223290529e-57	0	0
2	2	uniform	1	7	0	warm	1.373969021427781e-57	0	0
2	2	uniform	1	15	0	cold	2.4766606583210946e-57	0	0
2	2	uniform	1	15	0	warm	1.1239924265437503e-55	0	0
2	2	uniform	1	23	0	cold	9.180447275414766e-52	0	0
2	2	uniform	1	23	0	warm	2.55565325277165e-55	0	0
2	2	uniform	2	0	0	cold	7.235759303507546e-58	0	0
2	2	uniform	2	0	0	warm	7.235759303507546e-58	0	0
2	2	uniform	2	7	0	cold	6.2773964600039305e-58	0	0
2	2	uniform	2	7	0	warm	4.357540774818925e-59	0	0
2	2	uniform	2	15	0	cold	6.970920672117623e-58	0	0
2	2	uniform	2	15	0	warm	1.980375190942507e-59	0	0
2	2	uniform	2	23	0	cold	3.201048129676961e-56	0	0
2	2	uniform	2	23	0	warm	1.2672366845477687e-57	0	0
2	2	uniform	3	0	0	cold	1.175612480398329e-65	0	0
2	2	uniform	3	0	0	warm	1.175612480398329e-65	0	0
2	2	uniform	3	7	0	cold	8.904398906750918e-69	0	0
2	2	uniform	3	7	0	warm	9.926604042710914e-69	0	0
2	2	uniform	3	15	0	cold	5.378716668963157e-69	0	0
2	2	uniform	3	15	0	warm	5.453439436605161e-69	0	0
2	2	uniform	3	23	0	cold	1.3753963617495513e-69	0	0
2	2	uniform	3	23	0	warm	1.2515767506596884e-71	0	0
2	2	uniform	4	0	0	cold	1.3107221462752232e-58	0	0
2	2	uniform	4	0	0	warm	1.3107221462752232e-58	0	0
2	2	uniform	4	7	0	cold	2.256931479125084e-56	0	0
2	2	uniform	4	7	0	warm	1.5482527302506248e-56	0	0
2	2	uniform	4	15	0	cold	3.61148116735334e-57	0	0
2	2	uniform	4	15	0	warm	3.095555286302861e-57	0	0
2	2	uniform	4	23	0	cold	1.478620118133794e-57	0	0
2	2	uniform	4	23	0	warm	7.414159248775034e-58	0	0
3	3	linear	0	0	0	cold	1.4854185419469327e-42	0	0
3	3	linear	0	0	0	warm	1.4854185419469327e-42	0	0
3	3	linear	0	7	0	cold	1.0734848493318823e-53	0	0
3	3	linear	0	7	0	warm	1.2548823450764583e-52	0	0
3	3	linear	0	15	0	cold	1.8740984355470805e-36	0	0
3	3	linear	0	15	0	warm	8.709463145217682e-38	0	0
3	3	linear	0	23	0	cold	4.095944226106707e-39	0	0
3	3	linear	0	23	0	warm	1.0298424702484042e-38	0	0
3	3	linear	1	0	0	cold	5.979397965475019e-37	0	0
3	3	linear	1	0	0	warm	5.979397965475019e-37	0	0
3	3	linear	1	7	0	cold	3.0442848972731844e-38	0	0
3	3	linear	1	7	0	warm	6.831398198625629e-37	0	0
3	3	linear	1	15	0	cold	2.7745887735073934e-38	0	0
3	3	linear	1	15	0	warm	5.879032010658358e-40	0	0
3	3	linear	1	23	0	cold	7.482793420338619e-37	0	0
3	3	linear	1	23	0	warm	1.262443397633085e-40	0	0
3	3	linear	2	0	0	cold	1.0586130686692723e-19	0	0
3	3	linear	2	0	0	warm	1.0586130686692723e-19	0	0
3	3	linear	2	7	0	cold	9.842349658164687e-49	0	0
3	3	linear	2	7	0	warm	7.689804234904692e-35	0	0
3	3	linear	2	15	0	cold	4.82098295106687e-35	0	0
3	3	linear	2	15	0	warm	1.758186082340025e-36	0	0
3	3	linear	2	23	0	cold	7.487330234510758e-39	0	0
3	3	linear	2	23	0	warm	2.1337748664035257e-38	0	0
3	3	linear	3	0	0	cold	2.0021848613595906e-36	0	0
3	3	linear	3	0	0	warm	2.0021848613595906e-36	0	0
3	3	linear	3	7	0	cold	4.131553864157821e-38	0	0
3	3	linear	3	7	0	warm	1.8863498523371446e-39	0	0
3	3	linear	3	15	0	cold	5.3102230797254756e-40	0	0
3	3	linear	3	15	0	warm	4.56325257279476e-40	0	0
3	3	linear	3	23	0	cold	1.6818008099646595e-38	0	0
3	3	linear	3	23	0	warm	9.601093806008907e-40	0	0
3	3	linear	4	0	0	cold	2.2798643273489266e-43	0	0
3	3	linear	4	0	0	warm	2.2798643273489266e-43	0	0
3	3	linear	4	7	0	cold	1.388084155525296e-44	0	0
3	3	linear	4	7	0	warm	2.4677084709015656e-43	0	0
3	3	linear	4	15	0	cold	1.2547139091385721e-42	0	0
3	3	linear	4	15	0	warm	1.451472884510156e-43	0	0
3	3	linear	4	23	0	cold	4.0474169932300466e-45	0	0
3	3	linear	4	23	0	warm	2.7533982594520756e-46	0	0
3	3	uniform	0	0	0	cold	1.4854185419469327e-42	0	0
3	3	uniform	0	0	0	warm	1.4854185419469327e-42	0	0
3	3	uniform	0	7	0	cold	1.0734848493318823e-53	0	0
3	3	uniform	0	7	0	warm	1.2548823450764583e-52	0	0
3	3	uniform	0	15	0	cold	1.8740984355470805e-36	0	0
3	3	uniform	0	15	0	warm	8.709463145217682e-38	0	0
3	3	uniform	0	23	0	cold	4.095944226106707e-39	0	0
3	3	uniform	0	23	0	warm	1.0298424702484042e-38	0	0
3	3	uniform	1	0	0	cold	5.979397965475019e-37	0	0
3	3	uniform	1	0	0	warm	5.979397965475019e-37	0	0
3	3	uniform	1	7	0	cold	3.0442848972731844e-38	0	0
3	3	uniform	1	7	0	warm	6.831398198625629e-37	0	0
3	3	uniform	1	15	0	cold	2.7745887735073934e-38	0	0
3	3	uniform	1	15	0	warm	5.879032010658358e-40	0	0
3	3	uniform	1	23	0	cold	7.482793420338619e-37	0	0
3	3	uniform	1	23	0	warm	1.262443397633085e-40	0	0
3	3	uniform	2	0	0	cold	1.0586130686692723e-19	0	0
3	3	uniform	2	0	0	warm	1.0586130686692723e-19	0	0
3	3	uniform	2	7	0	cold	9.842349658164687e-49	0	0
3	3	uniform	2	7	0	warm	7.689804234904692e-35	0	0
3	3	uniform	2	15	0	cold	4.82098295106687e-35	0	0
3	3	uniform	2	15	0	warm	1.758186082340025e-36	0	0
3	3	uniform	2	23	0	cold	7.487330234510758e-39	0	0
3	3	uniform	2	23	0	warm	2.1337748664035257e-38	0	0
3	3	uniform	3	0	0	cold	2.0021848613595906e-36	0	0
3	3	uniform	3	0	0	warm	2.0021848613595906e-36	0	0
3	3	uniform	3	7	0	cold	4.131553864157821e-38	0	0
3	3	uniform	3	7	0	warm	1.8863498523371446e-39	0	0
3	3	uniform	3	15	0	cold	5.3102230797254756e-40	0	0
3	3	uniform	3	15	0	warm	4.56325257279476e-40	0	0
3	3	uniform	3	23	0	cold	1.6818008099646595e-38	0	0
3	3	uniform	3	23	0	warm	9.601093806008907e-40	0	0
3	3	uniform	4	0	0	cold	2.2798643273489266e-43	0	0
3	3	uniform	4	0	0	warm	2.2798643273489266e-43	0	0
3	3	uniform	4	7	0	cold	1.388084155525296e-44	0	0
3	3	uniform	4	7	0	warm	2.4677084709015656e-43	0	0
3	3	uniform	4	15	0	cold	1.2547139091385721e-42	0	0
3	3	uniform	4	15	0	warm	1.451472884510156e-43	0	0
3	3	uniform	4	23	0	cold	4.0474169932300466e-45	0	0
3	3	uniform	4	23	0	warm	2.7533982594520756e-46	0	0
4	4	linear	0	0	0	cold	3.249461862732236e-72	0	0
4	4	linear	0	0	0	warm	3.249461862732236e-72	0	0
4	4	linear	0	7	0	cold	3.4934206925587153e-74	0	0
4	4	linear	0	7	0	warm	1.2495318875165624e-74	0	0
4	4	linear	0	15	0	cold	5.421766314391796e-75	0	0
4	4	linear	0	15	0	warm	6.833228212052342e-80	0	0
4	4	linear	0	23	0	cold	5.230021356246705e-75	0	0
4	4	linear	0	23	0	warm	4.8923600544297805e-76	0	0
4	4	linear	1	0	0	cold	4.277530384014891e-72	0	0
4	4	linear	1	0	0	warm	4.277530384014891e-72	0	0
4	4	linear	1	7	0	cold	4.020103954268452e-65	0	0
4	4	linear	1	7	0	warm	4.751372220192778e-64	0	0
4	4	linear	1	15	0	cold	5.235700613865224e-73	0	0
4	4	linear	1	15	0	warm	4.898030310432118e-72	0	0
4	4	linear	1	23	0	cold	7.84188809788467e-45	0	0
4	4	linear	1	23	0	warm	4.3826489429773516e-69	0	0
4	4	linear	2	0	0	cold	3.5085970076755285e-58	0	0
4	4	linear	2	0	0	warm	3.5085970076755285e-58	0	0
4	4	linear	2	7	0	cold	1.0990411726820435e-52	0	0
4	4	linear	2	7	0	warm	1.5918231368901507e-46	0	0
4	4	linear	2	15	0	cold	4.453145662461926e-64	0	0
4	4	linear	2	15	0	warm	1.4328934431578073e-55	0	0
4	4	linear	2	23	0	cold	1.4353033628885564e-47	0	0
4	4	linear	2	23	0	warm	8.301064991171342e-40	0	0
4	4	linear	3	0	0	cold	1.3172237651533024e-73	0	0
4	4	linear	3	0	0	warm	1.3172237651533024e-73	0	0
4	4	linear	3	7	0	cold	1.8620963379423358e-58	0	0
4	4	linear	3	7	0	warm	2.2188247214138068e-59	0	0
4	4	linear	3	15	0	cold	5.996584692693303e-64	0	0
4	4	linear	3	15	0	warm	4.483311321272399e-71	0	0
4	4	linear	3	23	0	cold	1.7328770868067008e-73	0	0
4	4	linear	3	23	0	warm	1.1244479815834696e-70	0	0
4	4	linear	4	0	0	cold	1.8477030645032682e-73	0	0
4	4	linear	4	0	0	warm	1.8477030645032682e-73	0	0
4	4	linear	4	7	0	cold	2.9131529533003563e-77	0	0
4	4	linear	4	7	0	warm	2.903375532583006e-75	0	0
4	4	linear	4	15	0	cold	2.440542800602859e-69	0	0
4	4	linear	4	15	0	warm	3.922509151185638e-76	0	0
4	4	linear	4	23	0	cold	6.141044753697916e-71	0	0
4	4	linear	4	23	0	warm	1.5842010777113974e-75	0	0
4	4	uniform	0	0	0	cold	3.249461862732236e-72	0	0
4	4	uniform	0	0	0	warm	3.249461862732236e-72	0	0
4	4	uniform	0	7	0	cold	3.4934206925587153e-74	0	0
4	4	uniform	0	7	0	warm	1.2495318875165624e-74	0	0
4	4	uniform	0	15	0	cold	5.421766314391796e-75	0	0
4	4	uniform	0	15	0	warm	6.833228212052342e-80	0	0
4	4	uniform	0	23	0	cold	5.230021356246705e-75	0	0
4	4	uniform	0	23	0	warm	4.8923600544297805e-76	0	0
4	4	uniform	1	0	0	cold	4.277530384014891e-72	0	0
4	4	uniform	1	0	0	warm	4.277530384014891e-72	0	0
4	4	uniform	1	7	0	cold	4.020103954268452e-65	0	0
4	4	uniform	1	7	0	warm	4.751372220192778e-64	0	0
4	4	uniform	1	15	0	cold	5.235700613865224e-73	0	0
4	4	uniform	1	15	0	warm	4.898030310432118e-72	0	0
4	4	uniform	1	23	0	cold	7.84188809788467e-45	0	0
4	4	uniform	1	23	0	warm	4.3826489429773516e-69	0	0
4	4	uniform	2	0	0	cold	3.5085970076755285e-58	0	0
4	4	uniform	2	0	0	warm	3.5085970076755285e-58	0	0
4	4	uniform	2	7	0	cold	1.0990411726820435e-52	0	0
4	4	uniform	2	7	0	warm	1.5918231368901507e-46	0	0
4	4	uniform	2	15	0	cold	4.453145662461926e-64	0	0
4	4	uniform	2	15	0	warm	1.4328934431578073e-55	0	0
4	4	uniform	2	23	0	cold	1.4353033628885564e-47	0	0
4	4	uniform	2	23	0	warm	8.301064991171342e-40	0	0
4	4	uniform	3	0	0	cold	1.3172237651533024e-73	0	0
4	4	uniform	3	0	0	warm	1.3172237651533024e-73	0	0
4	4	uniform	3	7	0	cold	1.8620963379423358e-58	0	0
4	4	uniform	3	7	0	warm	2.2188247214138068e-59	0	0
4	4	uniform	3	15	0	cold	5.996584692693303e-64	0	0
4	4	uniform	3	15	0	warm	4.483311321272399e-71	0	0
4	4	uniform	3	23	0	cold	1.7328770868067008e-73	0	0
4	4	uniform	3	23	0	warm	1.1244479815834696e-70	0	0
4	4	uniform	4	0	0	cold	1.8477030645032682e-73	0	0
4	4	uniform	4	0	0	warm	1.8477030645032682e-73	0	0
4	4	uniform	4	7	0	cold	2.9131529533003563e-77	0	0
4	4	uniform	4	7	0	warm	2.903375532583006e-75	0	0
4	4	uniform	4	15	0	cold	2.440542800602859e-69	0	0
4	4	uniform	4	15	0	warm	3.922509151185638e-76	0	0
4	4	uniform	4	23	0	cold	6.141044753697916e-71	0	0
4	4	uniform	4	23	0	warm	1.5842010777113974e-75	0	0
5	5	linear	0	0	0	cold	1.2479678472081773e-72	0	0
5	5	linear	0	0	0	warm	1.2479678472081773e-72	0	0
5	5	linear	0	7	0	cold	1.691962928034296e-72	0	0
5	5	linear	0	7	0	warm	6.243683341531787e-72	0	0
5	5	linear	0	15	0	cold	9.369129005685821e-70	0	0
5	5	linear	0	15	0	warm	1.6457361417666339e-71	0	0
5	5	linear	0	23	0	cold	1.6029744714116071e-68	0	0
5	5	linear	0	23	0	warm	2.2308716575168894e-69	0	0
5	5	linear	1	0	0	cold	2.1750252394834596e-68	0	0
5	5	linear	1	0	0	warm	2.1750252394834596e-68	0	0
5	5	linear	1	7	0	cold	1.7762103166284375e-71	0	0
5	5	linear	1	7	0	warm	4.0360105574289033e-72	0	0
5	5	linear	1	15	0	cold	4.622520476531961e-72	0	0
5	5	linear	1	15	0	warm	7.704200794219935e-73	0	0
5	5	linear	1	23	0	cold	1.1392230125307125e-72	0	0
5	5	linear	1	23	0	warm	4.8371088260663343e-73	0	0
5	5	linear	2	0	0	cold	9.096363916542159e-73	0	0
5	5	linear	2	0	0	warm	9.096363916542159e-73	0	0
5	5	linear	2	7	0	cold	3.711366424844713e-71	0	0
5	5	linear	2	7	0	warm	8.811530558090942e-72	0	0
5	5	linear	2	15	0	cold	2.017043176099015e-68	0	0
5	5	linear	2	15	0	warm	3.1376227183762455e-68	0	0
5	5	linear	2	23	0	cold	3.64609235427864e-64	0	0
5	5	linear	2	23	0	warm	3.281483118850776e-64	0	0
5	5	linear	3	0	0	cold	2.7741989650567272e-70	0	0
5	5	linear	3	0	0	warm	2.7741989650567272e-70	0	0
5	5	linear	3	7	0	cold	4.831456152214835e-70	0	0
5	5	linear	3	7	0	warm	4.8013450018254085e-70	0	0
5	5	linear	3	15	0	cold	1.5981657973449777e-71	0	0
5	5	linear	3	15	0	warm	1.494655127299967e-70	0	0
5	5	linear	3	23	0	cold	2.1723321248604254e-70	0	0
5	5	linear	3	23	0	warm	3.2250527151141626e-70	0	0
5	5	linear	4	0	0	cold	2.4564003913592474e-71	0	0
5	5	linear	4	0	0	warm	2.4564003913592474e-71	0	0
5	5	linear	4	7	0	cold	4.679060012085397e-72	0	0
5	5	linear	4	7	0	warm	6.387704967115155e-72	0	0
5	5	linear	4	15	0	cold	1.1547207010545727e-70	0	0
5	5	linear	4	15	0	warm	1.439428942151132e-71	0	0
5	5	linear	4	23	0	cold	4.705671163992489e-71	0	0
5	5	linear	4	23	0	warm	7.676118661509132e-72	0	0
5	5	uniform	0	0	0	cold	1.2479678472081773e-72	0	0
5	5	uniform	0	0	0	warm	1.2479678472081773e-72	0	0
5	5	uniform	0	7	0	cold	1.691962928034296e-72	0	0
5	5	uniform	0	7	0	warm	6.243683341531787e-72	0	0
5	5	uniform	0	15	0	cold	9.369129005685821e-70	0	0
5	5	uniform	0	15	0	warm	1.6457361417666339e-71	0	0
5	5	uniform	0	23	0	cold	1.6029744714116071e-68	0	0
5	5	uniform	0	23	0	warm	2.2308716575168894e-69	0	0
5	5	uniform	1	0	0	cold	2.1750252394834596e-68	0	0
5	5	uniform	1	0	0	warm	2.1750252394834596e-68	0	0
5	5	uniform	1	7	0	cold	1.7762103166284375e-71	0	0
5	5	uniform	1	7	0	warm	4.0360105574289033e-72	0	0
5	5	uniform	1	15	0	cold	4.622520476531961e-72	0	0
5	5	uniform	1	15	0	warm	7.704200794219935e-73	0	0
5	5	uniform	1	23	0	cold	1.1392230125307125e-72	0	0
5	5	uniform	1	23	0	warm	4.8371088260663343e-73	0	0
5	5	uniform	2	0	0	cold	9.096363916542159e-73	0	0
5	5	uniform	2	0	0	warm	9.096363916542159e-73	0	0
5	5	uniform	2	7	0	cold	3.711366424844713e-71	0	0
5	5	uniform	2	7	0	warm	8.811530558090942e-72	0	0
5	5	uniform	2	15	0	cold	2.017043176099015e-68	0	0
5	5	uniform	2	15	0	warm	3.1376227183762455e-68	0	0
5	5	uniform	2	23	0	cold	3.64609235427864e-64	0	0
5	5	uniform	2	23	0	warm	3.281483118850776e-64	0	0
5	5	uniform	3	0	0	cold	2.7741989650567272e-70	0	0
5	5	uniform	3	0	0	warm	2.7741989650567272e-70	0	0
5	5	uniform	3	7	0	cold	4.831456152214835e-70	0	0
5	5	uniform	3	7	0	warm	4.8013450018254085e-70	0	0
5	5	uniform	3	15	0	cold	1.5981657973449777e-71	0	0
5	5	uniform	3	15	0	warm	1.494655127299967e-70	0	0
5	5	uniform	3	23	0	cold	2.1723321248604254e-70	0	0
5	5	uniform	3	23	0	warm	3.2250527151141626e-70	0	0
5	5	uniform	4	0	0	cold	2.4564003913592474e-71	0	0
5	5	uniform	4	0	0	warm	2.4564003913592474e-71	0	0
5	5	uniform	4	7	0	cold	4.679060012085397e-72	0	0
5	5	uniform	4	7	0	warm	6.387704967115155e-72	0	0
5	5	uniform	4	15	0	cold	1.1547207010545727e-70	0	0
5	5	uniform	4	15	0	warm	1.439428942151132e-71	0	0
5	5	uniform	4	23	0	cold	4.705671163992489e-71	0	0
5	5	uniform	4	23	0	warm	7.676118661509132e-72	0	0
6	6	linear	0	0	0	cold	3.079202799158472e-72	0	0
6	6	linear	0	0	0	warm	3.079202799158472e-72	0	0
6	6	linear	0	7	0	cold	4.959386113614332e-72	0	0
6	6	linear	0	7	0	warm	1.1558502204290969e-73	0	0
6	6	linear	0	15	0	cold	9.688647295971144e-46	0	0
6	6	linear	0	15	0	warm	4.789762747852313e-72	0	0
6	6	linear	0	23	0	cold	1.4044981015038546e-64	0	0
6	6	linear	0	23	0	warm	7.908900110394402e-72	0	0
6	6	linear	1	0	0	cold	1.1260281870068915e-85	0	0
6	6	linear	1	0	0	warm	1.1260281870068915e-85	0	0
6	6	linear	1	7	0	cold	3.9827296565792932e-59	0	0
6	6	linear	1	7	0	warm	6.41550133020291e-70	0	0
6	6	linear	1	15	0	cold	1.5293681901765848e-56	0	0
6	6	linear	1	15	0	warm	2.981732348547255e-71	0	0
6	6	linear	1	23	0	cold	6.4344468076357006e-86	0	0
6	6	linear	1	23	0	warm	2.8222041742975403e-73	0	0
6	6	linear	2	0	0	cold	1.854603050558662e-67	0	0
6	6	linear	2	0	0	warm	1.854603050558662e-67	0	0
6	6	linear	2	7	0	cold	8.565535717350926e-82	0	0
6	6	linear	2	7	0	warm	8.473122145652126e-64	0	0
6	6	linear	2	15	0	cold	1.4981364145607527e-95	0	0
6	6	linear	2	15	0	warm	8.288053165392557e-66	0	0
6	6	linear	2	23	0	cold	4.861730590653135e-63	0	0
6	6	linear	2	23	0	warm	8.160595122406228e-66	0	0
6	6	linear	3	0	0	cold	1.1530528870112748e-82	0	0
6	6	linear	3	0	0	warm	1.1530528870112748e-82	0	0
6	6	linear	3	7	0	cold	2.9170383793201075e-62	0	0
6	6	linear	3	7	0	warm	9.46788551436317e-73	0	0
6	6	linear	3	15	0	cold	2.658758940271725e-64	0	0
6	6	linear	3	15	0	warm	2.2658784519143518e-70	0	0
6	6	linear	3	23	0	cold	1.159126909976509e-69	0	0
6	6	linear	3	23	0	warm	1.7831090172986833e-62	0	0
6	6	linear	4	0	0	cold	1.4149498151821684e-73	0	0
6	6	linear	4	0	0	warm	1.4149498151821684e-73	0	0
6	6	linear	4	7	0	cold	9.558551200762126e-58	0	0
6	6	linear	4	7	0	warm	5.976544047178355e-65	0	0
6	6	linear	4	15	0	cold	6.588873538684776e-83	0	0
6	6	linear	4	15	0	warm	1.0973364414506172e-65	0	0
6	6	linear	4	23	0	cold	5.026911579728073e-87	0	0
6	6	linear	4	23	0	warm	5.084029615080182e-65	0	0
6	6	uniform	0	0	0	cold	3.079202799158472e-72	0	0
6	6	uniform	0	0	0	warm	3.079202799158472e-72	0	0
6	6	uniform	0	7	0	cold	4.959386113614332e-72	0	0
6	6	uniform	0	7	0	warm	1.1558502204290969e-73	0	0
6	6	uniform	0	15	0	cold	9.688647295971144e-46	0	0
6	6	uniform	0	15	0	warm	4.789762747852313e-72	0	0
6	6	uniform	0	23	0	cold	1.4044981015038546e-64	0	0
6	6	uniform	0	23	0	warm	7.908900110394402e-72	0	0
6	6	uniform	1	0	0	cold	1.1260281870068915e-85	0	0
6	6	uniform	1	0	0	warm	1.1260281870068915e-85	0	0
6	6	uniform	1	7	0	cold	3.9827296565792932e-59	0	0
6	6	uniform	1	7	0	warm	6.41550133020291e-70	0	0
6	6	uniform	1	15	0	cold	1.5293681901765848e-56	0	0
6	6	uniform	1	15	0	warm	2.981732348547255e-71	0	0
6	6	uniform	1	23	0	cold	6.4344468076357006e-86	0	0
6	6	uniform	1	23	0	warm	2.8222041742975403e-73	0	0
6	6	uniform	2	0	0	cold	1.854603050558662e-67	0	0
6	6	uniform	2	0	0	warm	1.854603050558662e-67	0	0
6	6	uniform	2	7	0	cold	8.565535717350926e-82	0	0
6	6	uniform	2	7	0	warm	8.473122145652126e-64	0	0
6	6	uniform	2	15	0	cold	1.4981364145607527e-95	0	0
6	6	uniform	2	15	0	warm	8.288053165392557e-66	0	0
6	6	uniform	2	23	0	cold	4.861730590653135e-63	0	0
6	6	uniform	2	23	0	warm	8.160595122406228e-66	0	0
6	6	uniform	3	0	0	cold	1.1530528870112748e-82	0	0
6	6	uniform	3	0	0	warm	1.1530528870112748e-82	0	0
6	6	uniform	3	7	0	cold	2.9170383793201075e-62	0	0
6	6	uniform	3	7	0	warm	9.46788551436317e-73	0	0
6	6	uniform	3	15	0	cold	2.658758940271725e-64	0	0
6	6	uniform	3	15	0	warm	2.2658784519143518e-70	0	0
6	6	uniform	3	23	0	cold	1.159126909976509e-69	0	0
6	6	uniform	3	23	0	warm	1.7831090172986833e-62	0	0
6	6	uniform	4	0	0	cold	1.4149498151821684e-73	0	0
6	6	uniform	4	0	0	warm	1.4149498151821684e-73	0	0
6	6	uniform	4	7	0	cold	9.558551200762126e-58	0	0
6	6	uniform	4	7	0	warm	5.976544047178355e-65	0	0
6	6	uniform	4	15	0	cold	6.588873538684776e-83	0	0
6	6	uniform	4	15	0	warm	1.0973364414506172e-65	0	0
6	6	uniform	4	23	0	cold	5.026911579728073e-87	0	0
6	6	uniform	4	23	0	warm	5.084029615080182e-65	0	0
7	7	linear	0	0	0	cold	8.093062005004763e-62	0	0
7	7	linear	0	0	0	warm	8.093062005004763e-62	0	0
7	7	linear	0	7	0	cold	6.744644034848578e-62	0	0
7	7	linear	0	7	0	warm	5.395715227878862e-62	0	0
7	7	linear	0	15	0	cold	4.042933975124837e-62	0	0
7	7	linear	0	15	0	warm	1.2647119732688277e-62	0	0
7	7	linear	0	23	0	cold	9.164600709051686e-63	0	0
7	7	linear	0	23	0	warm	2.1058469028461625e-63	0	0
7	7	linear	1	0	0	cold	6.773325680781754e-21	0	0
7	7	linear	1	0	0	warm	6.773325680781754e-21	0	0
7	7	linear	1	7	0	cold	5.977586895579842e-36	0	0
7	7	linear	1	7	0	warm	4.454232449885393e-35	0	0
7	7	linear	1	15	0	cold	3.7538043731458138e-47	0	0
7	7	linear	1	15	0	warm	5.974706655412085e-37	0	0
7	7	linear	1	23	0	cold	6.358638567779385e-38	0	0
7	7	linear	1	23	0	warm	2.024582953704751e-37	0	0
7	7	linear	2	0	0	cold	2.9062762519069386e-43	0	0
7	7	linear	2	0	0	warm	2.9062762519069386e-43	0	0
7	7	linear	2	7	0	cold	8.676204825497335e-45	0	0
7	7	linear	2	7	0	warm	7.698673461408457e-50	0	0
7	7	linear	2	15	0	cold	1.8385918675203753e-45	0	0
7	7	linear	2	15	0	warm	1.963419125825538e-49	0	0
7	7	linear	2	23	0	cold	2.355210074635882e-46	0	0
7	7	linear	2	23	0	warm	7.701106259702968e-50	0	0
7	7	linear	3	0	0	cold	1.180134254836138e-54	0	0
7	7	linear	3	0	0	warm	1.180134254836138e-54	0	0
7	7	linear	3	7	0	cold	2.0221945882902072e-54	0	0
7	7	linear	3	7	0	warm	7.085061331235762e-55	0	0
7	7	linear	3	15	0	cold	1.1345679764627954e-53	0	0
7	7	linear	3	15	0	warm	3.781893254875985e-54	0	0
7	7	linear	3	23	0	cold	1.1091373175938608e-56	0	0
7	7	linear	3	23	0	warm	2.957699513583627e-56	0	0
7	7	linear	4	0	0	cold	6.569411085606909e-43	0	0
7	7	linear	4	0	0	warm	6.569411085606909e-43	0	0
7	7	linear	4	7	0	cold	5.396889357340749e-43	0	0
7	7	linear	4	7	0	warm	7.955088774582675e-45	0	0
7	7	linear	4	15	0	cold	2.933244149075947e-42	0	0
7	7	linear	4	15	0	warm	2.916178553185817e-41	0	0
7	7	linear	4	23	0	cold	6.579117426410899e-42	0	0
7	7	linear	4	23	0	warm	2.351190656292028e-42	0	0
7	7	uniform	0	0	0	cold	8.093062005004763e-62	0	0
7	7	uniform	0	0	0	warm	8.093062005004763e-62	0	0
7	7	uniform	0	7	0	cold	6.744644034848578e-62	0	0
7	7	uniform	0	7	0	warm	5.395715227878862e-62	0	0
7	7	uniform	0	15	0	cold	4.042933975124837e-62	0	0
7	7	uniform	0	15	0	warm	1.2647119732688277e-62	0	0
7	7	uniform	0	23	0	cold	9.164600709051686e-63	0	0
7	7	uniform	0	23	0	warm	2.1058469028461625e-63	0	0
7	7	uniform	1	0	0	cold	6.773325680781754e-21	0	0
7	7	uniform	1	0	0	warm	6.773325680781754e-21	0	0
7	7	uniform	1	7	0	cold	5.977586895579842e-36	0	0
7	7	uniform	1	7	0	warm	4.454232449885393e-35	0	0
7	7	uniform	1	15	0	cold	3.7538043731458138e-47	0	0
7	7	uniform	1	15	0	warm	5.974706655412085e-37	0	0
7	7	uniform	1	23	0	cold	6.358638567779385e-38	0	0
7	7	uniform	1	23	0	warm	2.024582953704751e-37	0	0
7	7	uniform	2	0	0	cold	2.9062762519069386e-43	0	0
7	7	uniform	2	0	0	warm	2.9062762519069386e-43	0	0
7	7	uniform	2	7	0	cold	8.676204825497335e-45	0	0
7	7	uniform	2	7	0	warm	7.698673461408457e-50	0	0
7	7	uniform	2	15	0	cold	1.8385918675203753e-45	0	0
7	7	uniform	2	15	0	warm	1.963419125825538e-49	0	0
7	7	uniform	2	23	0	cold	2.355210074635882e-46	0	0
7	7	uniform	2	23	0	warm	7.701106259702968e-50	0	0
7	7	uniform	3	0	0	cold	1.180134254836138e-54	0	0
7	7	uniform	3	0	0	warm	1.180134254836138e-54	0	0
7	7	uniform	3	7	0	cold	2.0221945882902072e-54	0	0
7	7	uniform	3	7	0	warm	7.085061331235762e-55	0	0
7	7	uniform	3	15	0	cold	1.1345679764627954e-53	0	0
7	7	uniform	3	15	0	warm	3.781893254875985e-54	0	0
7	7	uniform	3	23	0	cold	1.1091373175938608e-56	0	0
7	7	uniform	3	23	0	warm	2.957699513583627e-56	0	0
7	7	uniform	4	0	0	cold	6.569411085606909e-43	0	0
7	7	uniform	4	0	0	warm	6.569411085606909e-43	0	0
7	7	uniform	4	7	0	cold	5.396889357340749e-43	0	0
7	7	uniform	4	7	0	warm	7.955088774582675e-45	0	0
7	7	uniform	4	15	0	cold	2.933244149075947e-42	0	0
7	7	uniform	4	15	0	warm	2.916178553185817e-41	0	0
7	7	uniform	4	23	0	cold	6.579117426410899e-42	0	0
7	7	uniform	4	23	0	warm	2.351190656292028e-42	0	0
8	8	linear	0	0	0	cold	1.1745509088795027e-54	0	0
8	8	linear	0	0	0	warm	1.1745509088795027e-54	0	0
8	8	linear	0	7	0	cold	1.0910174457548833e-54	0	0
8	8	linear	0	7	0	warm	7.757500566867024e-56	0	0
8	8	linear	0	15	0	cold	4.1974700138426195e-38	0	0
8	8	linear	0	15	0	warm	1.4184203826741397e-38	0	0
8	8	linear	0	23	0	cold	8.679346561907794e-37	0	0
8	8	linear	0	23	0	warm	2.80541690061637e-57	0	0
8	8	linear	1	0	0	cold	2.7668249026419423e-43	0	0
8	8	linear	1	0	0	warm	2.7668249026419423e-43	0	0
8	8	linear	1	7	0	cold	1.59766245945951e-42	0	0
8	8	linear	1	7	0	warm	5.115033099062953e-42	0	0
8	8	linear	1	15	0	cold	4.788737951011564e-43	0	0
8	8	linear	1	15	0	warm	1.8669278406679854e-43	0	0
8	8	linear	1	23	0	cold	2.460307699694191e-42	0	0
8	8	linear	1	23	0	warm	4.930583371137795e-43	0	0
8	8	linear	2	0	0	cold	7.933623552054344e-58	0	0
8	8	linear	2	0	0	warm	7.933623552054344e-58	0	0
8	8	linear	2	7	0	cold	4.813092210910882e-59	0	0
8	8	linear	2	7	0	warm	9.690329149876678e-59	0	0
8	8	linear	2	15	0	cold	8.244426147464705e-60	0	0
8	8	linear	2	15	0	warm	4.186237888497603e-62	0	0
8	8	linear	2	23	0	cold	5.88990354178156e-61	0	0
8	8	linear	2	23	0	warm	1.0061045195925796e-61	0	0
8	8	linear	3	0	0	cold	4.304309203917309e-66	0	0
8	8	linear	3	0	0	warm	4.304309203917309e-66	0	0
8	8	linear	3	7	0	cold	1.4210020134705253e-66	0	0
8	8	linear	3	7	0	warm	4.108222159973032e-66	0	0
8	8	linear	3	15	0	cold	3.9185655941443704e-66	0	0
8	8	linear	3	15	0	warm	3.0675388293910896e-67	0	0
8	8	linear	3	23	0	cold	4.938188734214932e-66	0	0
8	8	linear	3	23	0	warm	9.92095399783241e-66	0	0
8	8	linear	4	0	0	cold	3.9339967634887544e-66	0	0
8	8	linear	4	0	0	warm	3.9339967634887544e-66	0	0
8	8	linear	4	7	0	cold	2.9072833250732315e-67	0	0
8	8	linear	4	7	0	warm	2.2330774034442196e-66	0	0
8	8	linear	4	15	0	cold	4.776192072566073e-66	0	0
8	8	linear	4	15	0	warm	4.480321767185874e-66	0	0
8	8	linear	4	23	0	cold	1.1065531660040089e-67	0	0
8	8	linear	4	23	0	warm	2.2231854634138598e-67	0	0
8	8	uniform	0	0	0	cold	1.1745509088795027e-54	0	0
8	8	uniform	0	0	0	warm	1.1745509088795027e-54	0	0
8	8	uniform	0	7	0	cold	1.0910174457548833e-54	0	0
8	8	uniform	0	7	0	warm	7.757500566867024e-56	0	0
8	8	uniform	0	15	0	cold	4.1974700138426195e-38	0	0
8	8	uniform	0	15	0	warm	1.4184203826741397e-38	0	0
8	8	uniform	0	23	0	cold	8.679346561907794e-37	0	0
8	8	uniform	0	23	0	warm	2.80541690061637e-57	0	0
8	8	uniform	1	0	0	cold	2.7668249026419423e-43	0	0
8	8	uniform	1	0	0	warm	2.7668249026419423e-43	0	0
8	8	uniform	1	7	0	cold	1.59766245945951e-42	0	0
8	8	uniform	1	7	0	warm	5.115033099062953e-42	0	0
8	8	uniform	1	15	0	cold	4.788737951011564e-43	0	0
8	8	uniform	1	15	0	warm	1.8669278406679854e-43	0	0
8	8	uniform	1	23	0	cold	2.460307699694191e-42	0	0
8	8	uniform	1	23	0	warm	4.930583371137795e-43	0	0
8	8	uniform	2	0	0	cold	7.933623552054344e-58	0	0
8	8	uniform	2	0	0	warm	7.933623552054344e-58	0	0
8	8	uniform	2	7	0	cold	4.813092210910882e-59	0	0
8	8	uniform	2	7	0	warm	9.690329149876678e-59	0	0
8	8	uniform	2	15	0	cold	8.244426147464705e-60	0	0
8	8	uniform	2	15	0	warm	4.186237888497603e-62	0	0
8	8	uniform	2	23	0	cold	5.88990354178156e-61	0	0
8	8	uniform	2	23	0	warm	1.0061045195925796e-61	0	0
8	8	uniform	3	0	0	cold	4.304309203917309e-66	0	0
8	8	uniform	3	0	0	warm	4.304309203917309e-66	0	0
8	8	uniform	3	7	0	cold	1.4210020134705253e-66	0	0
8	8	uniform	3	7	0	warm	4.108222159973032e-66	0	0
8	8	uniform	3	15	0	cold	3.9185655941443704e-66	0	0
8	8	uniform	3	15	0	warm	3.0675388293910896e-67	0	0
8	8	uniform	3	23	0	cold	4.938188734214932e-66	0	0
8	8	uniform	3	23	0	warm	9.92095399783241e-66	0	0
8	8	uniform	4	0	0	cold	3.9339967634887544e-66	0	0
8	8	uniform	4	0	0	warm	3.9339967634887544e-66	0	0
8	8	uniform	4	7	0	cold	2.9072833250732315e-67	0	0
8	8	uniform	4	7	0	warm	2.2330774034442196e-66	0	0
8	8	uniform	4	15	0	cold	4.776192072566073e-66	0	0
8	8	uniform	4	15	0	warm	4.480321767185874e-66	0	0
8	8	uniform	4	23	0	cold	1.1065531660040089e-67	0	0
8	8	uniform	4	23	0	warm	2.2231854634138598e-67	0	0
9	9	linear	0	0	0	cold	3.424589684229421e-63	0	0
9	9	linear	0	0	0	warm	3.424589684229421e-63	0	0
9	9	linear	0	7	0	cold	1.789344528442734e-60	0	0
9	9	linear	0	7	0	warm	1.0867368112308027e-65	0	0
9	9	linear	0	15	0	cold	3.932152966844592e-63	0	0
9	9	linear	0	15	0	warm	8.346109999935976e-63	0	0
9	9	linear	0	23	0	cold	1.1245633116921838e-55	0	0
9	9	linear	0	23	0	warm	1.4243978734281504e-60	0	0
9	9	linear	1	0	0	cold	2.0127767958122026e-18	0	0
9	9	linear	1	0	0	warm	2.0127767958122026e-18	0	0
9	9	linear	1	7	0	cold	3.0892739325005485e-17	0	0
9	9	linear	1	7	0	warm	4.660930960964487e-19	0	0
9	9	linear	1	15	0	cold	1.3117154687659665e-15	0	0
9	9	linear	1	15	0	warm	1.6499165934706608e-15	0	0
9	9	linear	1	23	0	cold	9.999213131617207e-17	0	0
9	9	linear	1	23	0	warm	1.0787390673912823e-18	0	0
9	9	linear	2	0	0	cold	1.0422592283680616e-16	0	0
9	9	linear	2	0	0	warm	1.0422592283680616e-16	0	0
9	9	linear	2	7	0	cold	3.099211113373783e-14	0	0
9	9	linear	2	7	0	warm	9.99759503498101e-16	0	0
9	9	linear	2	15	0	cold	1.9998435534712064e-16	0	0
9	9	linear	2	15	0	warm	2.9992233671841883e-16	0	0
9	9	linear	2	23	0	cold	1.0504451525720456e-16	0	0
9	9	linear	2	23	0	warm	3.370967839994898e-18	0	0
9	9	linear	3	0	0	cold	2.2782727759414792e-48	0	0
9	9	linear	3	0	0	warm	2.2782727759414792e-48	0	0
9	9	linear	3	7	0	cold	2.5449120048703477e-48	0	0
9	9	linear	3	7	0	warm	1.2647890247416512e-49	0	0
9	9	linear	3	15	0	cold	9.517638225259813e-49	0	0
9	9	linear	3	15	0	warm	5.485217122119348e-49	0	0
9	9	linear	3	23	0	cold	2.687204310017163e-48	0	0
9	9	linear	3	23	0	warm	5.873693562026307e-48	0	0
9	9	linear	4	0	0	cold	3.327570872449826e-18	0	0
9	9	linear	4	0	0	warm	3.327570872449826e-18	0	0
9	9	linear	4	7	0	cold	8.785735505759273e-19	0	0
9	9	linear	4	7	0	warm	8.171785407725574e-20	0	0
9	9	linear	4	15	0	cold	3.4507828462645757e-19	0	0
9	9	linear	4	15	0	warm	2.0979912887412236e-19	0	0
9	9	linear	4	23	0	cold	9.103281431762087e-20	0	0
9	9	linear	4	23	0	warm	4.964469778558412e-19	0	0
9	9	uniform	0	0	0	cold	3.424589684229421e-63	0	0
9	9	uniform	0	0	0	warm	3.424589684229421e-63	0	0
9	9	uniform	0	7	0	cold	1.789344528442734e-60	0	0
9	9	uniform	0	7	0	warm	1.0867368112308027e-65	0	0
9	9	uniform	0	15	0	cold	3.932152966844592e-63	0	0
9	9	uniform	0	15	0	warm	8.346109999935976e-63	0	0
9	9	uniform	0	23	0	cold	1.1245633116921838e-55	0	0
9	9	uniform	0	23	0	warm	1.4243978734281504e-60	0	0
9	9	uniform	1	0	0	cold	2.0127767958122026e-18	0	0
9	9	uniform	1	0	0	warm	2.0127767958122026e-18	0	0
9	9	uniform	1	7	0	cold	3.0892739325005485e-17	0	0
9	9	uniform	1	7	0	warm	4.660930960964487e-19	0	0
9	9	uniform	1	15	0	cold	1.3117154687659665e-15	0	0
9	9	uniform	1	15	0	warm	1.6499165934706608e-15	0	0
9	9	uniform	1	23	0	cold	9.999213131617207e-17	0	0
9	9	uniform	1	23	0	warm	1.0787390673912823e-18	0	0
9	9	uniform	2	0	0	cold	1.0422592283680616e-16	0	0
9	9	uniform	2	0	0	warm	1.0422592283680616e-16	0	0
9	9	uniform	2	7	0	cold	3.099211113373783e-14	0	0
9	9	uniform	2	7	0	warm	9.99759503498101e-16	0	0
9	9	uniform	2	15	0	cold	1.9998435534712064e-16	0	0
9	9	uniform	2	15	0	warm	2.9992233671841883e-16	0	0
9	9	uniform	2	23	0	cold	1.0504451525720456e-16	0	0
9	9	uniform	2	23	0	warm	3.370967839994898e-18	0	0
9	9	uniform	3	0	0	cold	2.2782727759414792e-48	0	0
9	9	uniform	3	0	0	warm	2.2782727759414792e-48	0	0
9	9	uniform	3	7	0	cold	2.5449120048703477e-48	0	0
9	9	uniform	3	7	0	warm	1.2647890247416512e-49	0	0
9	9	uniform	3	15	0	cold	9.517638225259813e-49	0	0
9	9	uniform	3	15	0	warm	5.485217122119348e-49	0	0
9	9	uniform	3	23	0	cold	2.687204310017163e-48	0	0
9	9	uniform	3	23	0	warm	5.873693562026307e-48	0	0
9	9	uniform	4	0	0	cold	3.327570872449826e-18	0	0
9	9	uniform	4	0	0	warm	3.327570872449826e-18	0	0
9	9	uniform	4	7	0	cold	8.785735505759273e-19	0	0
9	9	uniform	4	7	0	warm	8.171785407725574e-20	0	0
9	9	uniform	4	15	0	cold	3.4507828462645757e-19	0	0
9	9	uniform	4	15	0	warm	2.0979912887412236e-19	0	0
9	9	uniform	4	23	0	cold	9.103281431762087e-20	0	0
9	9	uniform	4	23	0	warm	4.964469778558412e-19	0	0
10	10	linear	0	0	0	cold	6.641704382292541e-49	0	0
10	10	linear	0	0	0	warm	6.641704382292541e-49	0	0
10	10	linear	0	7	0	cold	1.5479661592051822e-42	0	0
10	10	linear	0	7	0	warm	3.1149964799690893e-53	0	0
10	10	linear	0	15	0	cold	1.4116556097424658e-40	0	0
10	10	linear	0	15	0	warm	4.749146638652382e-52	0	0
10	10	linear	0	23	0	cold	1.751187877463426e-74	0	0
10	10	linear	0	23	0	warm	8.368933848661288e-71	0	0
10	10	linear	1	0	0	cold	3.492243338210387e-61	0	0
10	10	linear	1	0	0	warm	3.492243338210387e-61	0	0
10	10	linear	1	7	0	cold	4.212035911287657e-60	0	0
10	10	linear	1	7	0	warm	9.23702219189194e-63	0	0
10	10	linear	1	15	0	cold	2.417258330338594e-64	0	0
10	10	linear	1	15	0	warm	4.061253915219406e-68	0	0
10	10	linear	1	23	0	cold	4.220078494967975e-64	0	0
10	10	linear	1	23	0	warm	1.5665101042858556e-65	0	0
10	10	linear	2	0	0	cold	3.807339148007093e-58	0	0
10	10	linear	2	0	0	warm	3.807339148007093e-58	0	0
10	10	linear	2	7	0	cold	1.0248717384086483e-56	0	0
10	10	linear	2	7	0	warm	1.0711108429132369e-57	0	0
10	10	linear	2	15	0	cold	3.309489443822222e-58	0	0
10	10	linear	2	15	0	warm	3.8501167521770984e-58	0	0
10	10	linear	2	23	0	cold	2.2398001452492337e-58	0	0
10	10	linear	2	23	0	warm	2.6251573865101274e-58	0	0
10	10	linear	3	0	0	cold	1.8264088164014764e-49	0	0
10	10	linear	3	0	0	warm	1.8264088164014764e-49	0	0
10	10	linear	3	7	0	cold	1.1175860930427175e-48	0	0
10	10	linear	3	7	0	warm	7.3475631907358755e-50	0	0
10	10	linear	3	15	0	cold	6.258963841059628e-48	0	0
10	10	linear	3	15	0	warm	6.25408424021693e-49	0	0
10	10	linear	3	23	0	cold	8.714514301537573e-50	0	0
10	10	linear	3	23	0	warm	6.662758541666682e-49	0	0
10	10	linear	4	0	0	cold	2.339727397556926e-47	0	0
10	10	linear	4	0	0	warm	2.339727397556926e-47	0	0
10	10	linear	4	7	0	cold	6.165922507161481e-47	0	0
10	10	linear	4	7	0	warm	3.0633959271577476e-48	0	0
10	10	linear	4	15	0	cold	2.0388883040634528e-47	0	0
10	10	linear	4	15	0	warm	7.08539325836975e-48	0	0
10	10	linear	4	23	0	cold	3.4528943223623135e-46	0	0
10	10	linear	4	23	0	warm	2.264955312360232e-46	0	0
10	10	uniform	0	0	0	cold	6.641704382292541e-49	0	0
10	10	uniform	0	0	0	warm	6.641704382292541e-49	0	0
10	10	uniform	0	7	0	cold	1.5479661592051822e-42	0	0
10	10	uniform	0	7	0	warm	3.1149964799690893e-53	0	0
10	10	uniform	0	15	0	cold	1.4116556097424658e-40	0	0
10	10	uniform	0	15	0	warm	4.749146638652382e-52	0	0
10	10	uniform	0	23	0	cold	1.751187877463426e-74	0	0
10	10	uniform	0	23	0	warm	8.368933848661288e-71	0	0
10	10	uniform	1	0	0	cold	3.492243338210387e-61	0	0
10	10	uniform	1	0	0	warm	3.492243338210387e-61	0	0
10	10	uniform	1	7	0	cold	4.212035911287657e-60	0	0
10	10	uniform	1	7	0	warm	9.23702219189194e-63	0	0
10	10	uniform	1	15	0	cold	2.417258330338594e-64	0	0
10	10	uniform	1	15	0	warm	4.061253915219406e-68	0	0
10	10	uniform	1	23	0	cold	4.220078494967975e-64	0	0
10	10	uniform	1	23	0	warm	1.5665101042858556e-65	0	0
10	10	uniform	2	0	0	cold	3.807339148007093e-58	0	0
10	10	uniform	2	0	0	warm	3.807339148007093e-58	0	0
10	10	uniform	2	7	0	cold	1.0248717384086483e-56	0	0
10	10	uniform	2	7	0	warm	1.0711108429132369e-57	0	0
10	10	uniform	2	15	0	cold	3.309489443822222e-58	0	0
10	10	uniform	2	15	0	warm	3.8501167521770984e-58	0	0
10	10	uniform	2	23	0	cold	2.2398001452492337e-58	0	0
10	10	uniform	2	23	0	warm	2.6251573865101274e-58	0	0
10	10	uniform	3	0	0	cold	1.8264088164014764e-49	0	0
10	10	uniform	3	0	0	warm	1.8264088164014764e-49	0	0
10	10	uniform	3	7	0	cold	1.1175860930427175e-48	0	0
10	10	uniform	3	7	0	warm	7.3475631907358755e-50	0	0
10	10	uniform	3	15	0	cold	6.258963841059628e-48	0	0
10	10	uniform	3	15	0	warm	6.25408424021693e-49	0	0
10	10	uniform	3	23	0	cold	8.714514301537573e-50	0	0
10	10	uniform	3	23	0	warm	6.662758541666682e-49	0	0
10	10	uniform	4	0	0	cold	2.339727397556926e-47	0	0
10	10	uniform	4	0	0	warm	2.339727397556926e-47	0	0
10	10	uniform	4	7	0	cold	6.165922507161481e-47	0	0
10	10	uniform	4	7	0	warm	3.0633959271577476e-48	0	0
10	10	uniform	4	15	0	cold	2.0388883040634528e-47	0	0
10	10	uniform	4	15	0	warm	7.08539325836975e-48	0	0
10	10	uniform	4	23	0	cold	3.4528943223623135e-46	0	0
10	10	uniform	4	23	0	warm	2.264955312360232e-46	0	0
11	11	linear	0	0	0	cold	4.13354345276506e-77	0	0
11	11	linear	0	0	0	warm	4.13354345276506e-77	0	0
11	11	linear	0	7	0	cold	5.37215168791731e-74	0	0
11	11	linear	0	7	0	warm	1.806344581682358e-72	0	0
11	11	linear	0	15	0	cold	1.0414674339662488e-75	0	0
11	11	linear	0	15	0	warm	1.7842945533783801e-71	0	0
11	11	linear	0	23	0	cold	3.394954157192567e-75	0	0
11	11	linear	0	23	0	warm	1.0012127204059741e-69	0	0
11	11	linear	1	0	0	cold	9.617051272956445e-44	0	0
11	11	linear	1	0	0	warm	9.617051272956445e-44	0	0
11	11	linear	1	7	0	cold	7.848319814015021e-76	0	0
11	11	linear	1	7	0	warm	1.3645049091555587e-72	0	0
11	11	linear	1	15	0	cold	3.929894176845663e-76	0	0
11	11	linear	1	15	0	warm	5.405716101014745e-77	0	0
11	11	linear	1	23	0	cold	4.5266575354905854e-73	0	0
11	11	linear	1	23	0	warm	4.556321084215951e-73	0	0
11	11	linear	2	0	0	cold	2.2703509657016046e-72	0	0
11	11	linear	2	0	0	warm	2.2703509657016046e-72	0	0
11	11	linear	2	7	0	cold	1.7682044434929602e-73	0	0
11	11	linear	2	7	0	warm	8.200368433590542e-74	0	0
11	11	linear	2	15	0	cold	5.717674346641495e-76	0	0
11	11	linear	2	15	0	warm	4.4991535842424934e-76	0	0
11	11	linear	2	23	0	cold	1.5105936085446433e-75	0	0
11	11	linear	2	23	0	warm	7.026016783928575e-77	0	0
11	11	linear	3	0	0	cold	3.074063687504138e-73	0	0
11	11	linear	3	0	0	warm	3.074063687504138e-73	0	0
11	11	linear	3	7	0	cold	4.521297563776611e-74	0	0
11	11	linear	3	7	0	warm	3.739851336351616e-77	0	0
11	11	linear	3	15	0	cold	1.438155227737587e-44	0	0
11	11	linear	3	15	0	warm	2.3142745104973586e-46	0	0
11	11	linear	3	23	0	cold	1.6336338460974163e-44	0	0
11	11	linear	3	23	0	warm	2.5649966549398746e-74	0	0
11	11	linear	4	0	0	cold	1.369933123193824e-73	0	0
11	11	linear	4	0	0	warm	1.369933123193824e-73	0	0
11	11	linear	4	7	0	cold	9.333226153637246e-76	0	0
11	11	linear	4	7	0	warm	3.569680122506676e-76	0	0
11	11	linear	4	15	0	cold	2.9026685790543877e-75	0	0
11	11	linear	4	15	0	warm	4.465643967775981e-76	0	0
11	11	linear	4	23	0	cold	1.1659565096258539e-73	0	0
11	11	linear	4	23	0	warm	4.249668689595237e-108	0	0
11	11	uniform	0	0	0	cold	4.13354345276506e-77	0	0
11	11	uniform	0	0	0	warm	4.13354345276506e-77	0	0
11	11	uniform	0	7	0	cold	5.37215168791731e-74	0	0
11	11	uniform	0	7	0	warm	1.806344581682358e-72	0	0
11	11	uniform	0	15	0	cold	1.0414674339662488e-75	0	0
11	11	uniform	0	15	0	warm	1.7842945533783801e-71	0	0
11	11	uniform	0	23	0	cold	3.394954157192567e-75	0	0
11	11	uniform	0	23	0	warm	1.0012127204059741e-69	0	0
11	11	uniform	1	0	0	cold	9.617051272956445e-44	0	0
11	11	uniform	1	0	0	warm	9.617051272956445e-44	0	0
11	11	uniform	1	7	0	cold	7.848319814015021e-76	0	0
11	11	uniform	1	7	0	warm	1.3645049091555587e-72	0	0
11	11	uniform	1	15	0	cold	3.929894176845663e-76	0	0
11	11	uniform	1	15	0	warm	5.405716101014745e-77	0	0
11	11	uniform	1	23	0	cold	4.5266575354905854e-73	0	0
11	11	uniform	1	23	0	warm	4.556321084215951e-73	0	0
11	11	uniform	2	0	0	cold	2.2703509657016046e-72	0	0
11	11	uniform	2	0	0	warm	2.2703509657016046e-72	0	0
11	11	uniform	2	7	0	cold	1.7682044434929602e-73	0	0
11	11	uniform	2	7	0	warm	8.200368433590542e-74	0	0
11	11	uniform	2	15	0	cold	5.717674346641495e-76	0	0
11	11	uniform	2	15	0	warm	4.4991535842424934e-76	0	0
11	11	uniform	2	23	0	cold	1.5105936085446433e-75	0	0
11	11	uniform	2	23	0	warm	7.026016783928575e-77	0	0
11	11	uniform	3	0	0	cold	3.074063687504138e-73	0	0
11	11	uniform	3	0	0	warm	3.074063687504138e-73	0	0
11	11	uniform	3	7	0	cold	4.521297563776611e-74	0	0
11	11	uniform	3	7	0	warm	3.739851336351616e-77	0	0
11	11	uniform	3	15	0	cold	1.438155227737587e-44	0	0
11	11	uniform	3	15	0	warm	2.3142745104973586e-46	0	0
11	11	uniform	3	23	0	cold	1.6336338460974163e-44	0	0
11	11	uniform	3	23	0	warm	2.5649966549398746e-74	0	0
11	11	uniform	4	0	0	cold	1.369933123193824e-73	0	0
11	11	uniform	4	0	0	warm	1.369933123193824e-73	0	0
11	11	uniform	4	7	0	cold	9.333226153637246e-76	0	0
11	11	uniform	4	7	0	warm	3.569680122506676e-76	0	0
11	11	uniform	4	15	0	cold	2.9026685790543877e-75	0	0
11	11	uniform	4	15	0	warm	4.465643967775981e-76	0	0
11	11	uniform	4	23	0	cold	1.1659565096258539e-73	0	0
11	11	uniform	4	23	0	warm	4.249668689595237e-108	0	0
12	12	linear	0	0	0	cold	2.132639281889474e-43	0	0
12	12	linear	0	0	0	warm	2.132639281889474e-43	0	0
12	12	linear	0	7	0	cold	9.428261425665336e-54	0	0
12	12	linear	0	7	0	warm	5.0610397366245075e-54	0	0
12	12	linear	0	15	0	cold	4.8973199059262256e-39	0	0
12	12	linear	0	15	0	warm	3.680145710425768e-36	0	0
12	12	linear	0	23	0	cold	1.9704468934481166e-36	0	0
12	12	linear	0	23	0	warm	5.547293268510494e-41	0	0
12	12	linear	1	0	0	cold	1.250979947931294e-43	0	0
12	12	linear	1	0	0	warm	1.250979947931294e-43	0	0
12	12	linear	1	7	0	cold	1.917518797118318e-42	0	0
12	12	linear	1	7	0	warm	8.494353994170451e-43	0	0
12	12	linear	1	15	0	cold	3.7751985251994615e-41	0	0
12	12	linear	1	15	0	warm	4.2431712662775225e-42	0	0
12	12	linear	1	23	0	cold	8.067699707639152e-43	0	0
12	12	linear	1	23	0	warm	9.551121542387008e-44	0	0
12	12	linear	2	0	0	cold	8.297304249018478e-69	0	0
12	12	linear	2	0	0	warm	8.297304249018478e-69	0	0
12	12	linear	2	7	0	cold	8.58370969475194e-45	0	0
12	12	linear	2	7	0	warm	9.686163586711202e-44	0	0
12	12	linear	2	15	0	cold	1.7486150978209494e-42	0	0
12	12	linear	2	15	0	warm	1.9562143511918568e-41	0	0
12	12	linear	2	23	0	cold	1.9177537831524878e-44	0	0
12	12	linear	2	23	0	warm	3.526308807409172e-41	0	0
12	12	linear	3	0	0	cold	9.966329734684467e-68	0	0
12	12	linear	3	0	0	warm	9.966329734684467e-68	0	0
12	12	linear	3	7	0	cold	5.74378320476845e-64	0	0
12	12	linear	3	7	0	warm	2.494106299794679e-64	0	0
12	12	linear	3	15	0	cold	2.1200620561010086e-65	0	0
12	12	linear	3	15	0	warm	9.685660330122784e-66	0	0
12	12	linear	3	23	0	cold	7.331330042394757e-65	0	0
12	12	linear	3	23	0	warm	9.025661814322227e-65	0	0
12	12	linear	4	0	0	cold	1.9251660048612275e-53	0	0
12	12	linear	4	0	0	warm	1.9251660048612275e-53	0	0
12	12	linear	4	7	0	cold	3.4562702346996297e-51	0	0
12	12	linear	4	7	0	warm	5.195099250097093e-52	0	0
12	12	linear	4	15	0	cold	9.569747889147819e-55	0	0
12	12	linear	4	15	0	warm	2.0115326770221175e-57	0	0
12	12	linear	4	23	0	cold	1.1948838525963099e-49	0	0
12	12	linear	4	23	0	warm	2.0671999593464918e-54	0	0
12	12	uniform	0	0	0	cold	2.132639281889474e-43	0	0
12	12	uniform	0	0	0	warm	2.132639281889474e-43	0	0
12	12	uniform	0	7	0	cold	9.428261425665336e-54	0	0
12	12	uniform	0	7	0	warm	5.0610397366245075e-54	0	0
12	12	uniform	0	15	0	cold	4.8973199059262256e-39	0	0
12	12	uniform	0	15	0	warm	3.680145710425768e-36	0	0
12	12	uniform	0	23	0	cold	1.9704468934481166e-36	0	0
12	12	uniform	0	23	0	warm	5.547293268510494e-41	0	0
12	12	uniform	1	0	0	cold	1.250979947931294e-43	0	0
12	12	uniform	1	0	0	warm	1.250979947931294e-43	0	0
12	12	uniform	1	7	0	cold	1.917518797118318e-42	0	0
12	12	uniform	1	7	0	warm	8.494353994170451e-43	0	0
12	12	uniform	1	15	0	cold	3.7751985251994615e-41	0	0
12	12	uniform	1	15	0	warm	4.2431712662775225e-42	0	0
12	12	uniform	1	23	0	cold	8.067699707639152e-43	0	0
12	12	uniform	1	23	0	warm	9.551121542387008e-44	0	0
12	12	uniform	2	0	0	cold	8.297304249018478e-69	0	0
12	12	uniform	2	0	0	warm	8.297304249018478e-69	0	0
12	12	uniform	2	7	0	cold	8.58370969475194e-45	0	0
12	12	uniform	2	7	0	warm	9.686163586711202e-44	0	0
12	12	uniform	2	15	0	cold	1.7486150978209494e-42	0	0
12	12	uniform	2	15	0	warm	1.9562143511918568e-41	0	0
12	12	uniform	2	23	0	cold	1.9177537831524878e-44	0	0
12	12	uniform	2	23	0	warm	3.526308807409172e-41	0	0
12	12	uniform	3	0	0	cold	9.966329734684467e-68	0	0
12	12	uniform	3	0	0	warm	9.966329734684467e-68	0	0
12	12	uniform	3	7	0	cold	5.74378320476845e-64	0	0
12	12	uniform	3	7	0	warm	2.494106299794679e-64	0	0
12	12	uniform	3	15	0	cold	2.1200620561010086e-65	0	0
12	12	uniform	3	15	0	warm	9.685660330122784e-66	0	0
12	12	uniform	3	23	0	cold	7.331330042394757e-65	0	0
12	12	uniform	3	23	0	warm	9.025661814322227e-65	0	0
12	12	uniform	4	0	0	cold	1.9251660048612275e-53	0	0
12	12	uniform	4	0	0	warm	1.9251660048612275e-53	0	0
12	12	uniform	4	7	0	cold	3.4562702346996297e-51	0	0
12	12	uniform	4	7	0	warm	5.195099250097093e-52	0	0
12	12	uniform	4	15	0	cold	9.569747889147819e-55	0	0
12	12	uniform	4	15	0	warm	2.0115326770221175e-57	0	0
12	12	uniform	4	23	0	cold	1.1948838525963099e-49	0	0
12	12	uniform	4	23	0	warm	2.0671999593464918e-54	0	0
13	13	linear	0	0	0	cold	4.233823797682901e-68	0	0
13	13	linear	0	0	0	warm	4.233823797682901e-68	0	0
13	13	linear	0	7	0	cold	4.732567875371236e-64	0	0
13	13	linear	0	7	0	warm	6.363869680896927e-65	0	0
13	13	linear	0	15	0	cold	9.551257454538695e-66	0	0
13	13	linear	0	15	0	warm	5.330934393230901e-66	0	0
13	13	linear	0	23	0	cold	7.912652504286108e-68	0	0
13	13	linear	0	23	0	warm	1.7470190651446897e-70	0	0
13	13	linear	1	0	0	cold	3.503245786254582e-46	0	0
13	13	linear	1	0	0	warm	3.503245786254582e-46	0	0
13	13	linear	1	7	0	cold	2.463219681656218e-47	0	0
13	13	linear	1	7	0	warm	1.2142403393078645e-75	0	0
13	13	linear	1	15	0	cold	4.2764230330250986e-50	0	0
13	13	linear	1	15	0	warm	7.53696549508602e-77	0	0
13	13	linear	1	23	0	cold	2.668487955411834e-47	0	0
13	13	linear	1	23	0	warm	2.001438463568114e-75	0	0
13	13	linear	2	0	0	cold	1.1633639706534197e-64	0	0
13	13	linear	2	0	0	warm	1.1633639706534197e-64	0	0
13	13	linear	2	7	0	cold	2.270730286932057e-65	0	0
13	13	linear	2	7	0	warm	1.1117117029771529e-65	0	0
13	13	linear	2	15	0	cold	5.282834663891356e-67	0	0
13	13	linear	2	15	0	warm	2.3443017018281184e-67	0	0
13	13	linear	2	23	0	cold	4.646947331555016e-66	0	0
13	13	linear	2	23	0	warm	6.505726264177024e-66	0	0
13	13	linear	3	0	0	cold	2.243073179671059e-55	0	0
13	13	linear	3	0	0	warm	2.243073179671059e-55	0	0
13	13	linear	3	7	0	cold	6.372366959350224e-58	0	0
13	13	linear	3	7	0	warm	2.759904885258376e-68	0	0
13	13	linear	3	15	0	cold	4.135492200309302e-61	0	0
13	13	linear	3	15	0	warm	6.521449490427243e-67	0	0
13	13	linear	3	23	0	cold	5.47382199788924e-47	0	0
13	13	linear	3	23	0	warm	3.17411274329094e-67	0	0
13	13	linear	4	0	0	cold	2.9454841798954793e-68	0	0
13	13	linear	4	0	0	warm	2.9454841798954793e-68	0	0
13	13	linear	4	7	0	cold	5.219144804441121e-70	0	0
13	13	linear	4	7	0	warm	1.2988887735395162e-75	0	0
13	13	linear	4	15	0	cold	2.7935208362257094e-68	0	0
13	13	linear	4	15	0	warm	2.0692746935005273e-69	0	0
13	13	linear	4	23	0	cold	1.1024627972373366e-68	0	0
13	13	linear	4	23	0	warm	1.5383201821916328e-69	0	0
13	13	uniform	0	0	0	cold	4.233823797682901e-68	0	0
13	13	uniform	0	0	0	warm	4.233823797682901e-68	0	0
13	13	uniform	0	7	0	cold	4.732567875371236e-64	0	0
13	13	uniform	0	7	0	warm	6.363869680896927e-65	0	0
13	13	uniform	0	15	0	cold	9.551257454538695e-66	0	0
13	13	uniform	0	15	0	warm	5.330934393230901e-66	0	0
13	13	uniform	0	23	0	cold	7.912652504286108e-68	0	0
13	13	uniform	0	23	0	warm	1.7470190651446897e-70	0	0
13	13	uniform	1	0	0	cold	3.503245786254582e-46	0	0
13	13	uniform	1	0	0	warm	3.503245786254582e-46	0	0
13	13	uniform	1	7	0	cold	2.463219681656218e-47	0	0
13	13	uniform	1	7	0	warm	1.2142403393078645e-75	0	0
13	13	uniform	1	15	0	cold	4.2764230330250986e-50	0	0
13	13	uniform	1	15	0	warm	7.53696549508602e-77	0	0
13	13	uniform	1	23	0	cold	2.668487955411834e-47	0	0
13	13	uniform	1	23	0	warm	2.001438463568114e-75	0	0
13	13	uniform	2	0	0	cold	1.1633639706534197e-64	0	0
13	13	uniform	2	0	0	warm	1.1633639706534197e-64	0	0
13	13	uniform	2	7	0	cold	2.270730286932057e-65	0	0
13	13	uniform	2	7	0	warm	1.1117117029771529e-65	0	0
13	13	uniform	2	15	0	cold	5.282834663891356e-67	0	0
13	13	uniform	2	15	0	warm	2.3443017018281184e-67	0	0
13	13	uniform	2	23	0	cold	4.646947331555016e-66	0	0
13	13	uniform	2	23	0	warm	6.505726264177024e-66	0	0
13	13	uniform	3	0	0	cold	2.243073179671059e-55	0	0
13	13	uniform	3	0	0	warm	2.243073179671059e-55	0	0
13	13	uniform	3	7	0	cold	6.372366959350224e-58	0	0
13	13	uniform	3	7	0	warm	2.759904885258376e-68	0	0
13	13	uniform	3	15	0	cold	4.135492200309302e-61	0	0
13	13	uniform	3	15	0	warm	6.521449490427243e-67	0	0
13	13	uniform	3	23	0	cold	5.47382199788924e-47	0	0
13	13	uniform	3	23	0	warm	3.17411274329094e-67	0	0
13	13	uniform	4	0	0	cold	2.9454841798954793e-68	0	0
13	13	uniform	4	0	0	warm	2.9454841798954793e-68	0	0
13	13	uniform	4	7	0	cold	5.219144804441121e-70	0	0
13	13	uniform	4	7	0	warm	1.2988887735395162e-75	0	0
13	13	uniform	4	15	0	cold	2.7935208362257094e-68	0	0
13	13	uniform	4	15	0	warm	2.0692746935005273e-69	0	0
13	13	uniform	4	23	0	cold	1.1024627972373366e-68	0	0
13	13	uniform	4	23	0	warm	1.5383201821916328e-69	0	0
14	14	linear	0	0	0	cold	1.322103885625647e-64	0	0
14	14	linear	0	0	0	warm	1.322103885625647e-64	0	0
14	14	linear	0	7	0	cold	2.753318395056763e-64	0	0
14	14	linear	0	7	0	warm	3.5683932746735024e-65	0	0
14	14	linear	0	15	0	cold	6.416671495287829e-65	0	0
14	14	linear	0	15	0	warm	4.0271559398681465e-65	0	0
14	14	linear	0	23	0	cold	5.13058642316857e-64	0	0
14	14	linear	0	23	0	warm	4.0431277036943925e-64	0	0
14	14	linear	1	0	0	cold	4.4001252409794736e-57	0	0
14	14	linear	1	0	0	warm	4.4001252409794736e-57	0	0
14	14	linear	1	7	0	cold	8.423596164534803e-58	0	0
14	14	linear	1	7	0	warm	7.168223661343743e-57	0	0
14	14	linear	1	15	0	cold	1.546371940601159e-57	0	0
14	14	linear	1	15	0	warm	7.595553361737001e-57	0	0
14	14	linear	1	23	0	cold	7.711676593862196e-58	0	0
14	14	linear	1	23	0	warm	1.8581496579601874e-57	0	0
14	14	linear	2	0	0	cold	2.8921197733613743e-65	0	0
14	14	linear	2	0	0	warm	2.8921197733613743e-65	0	0
14	14	linear	2	7	0	cold	2.957533902283745e-64	0	0
14	14	linear	2	7	0	warm	1.5293184068331345e-64	0	0
14	14	linear	2	15	0	cold	9.5597670155306e-64	0	0
14	14	linear	2	15	0	warm	2.2979472519650673e-63	0	0
14	14	linear	2	23	0	cold	6.413435122957819e-65	0	0
14	14	linear	2	23	0	warm	1.5050245543596816e-65	0	0
14	14	linear	3	0	0	cold	3.7188391809690366e-61	0	0
14	14	linear	3	0	0	warm	3.7188391809690366e-61	0	0
14	14	linear	3	7	0	cold	8.948618194082863e-62	0	0
14	14	linear	3	7	0	warm	7.066216558499038e-65	0	0
14	14	linear	3	15	0	cold	2.7452033295758544e-61	0	0
14	14	linear	3	15	0	warm	3.494566318240885e-62	0	0
14	14	linear	3	23	0	cold	1.853645866462384e-59	0	0
14	14	linear	3	23	0	warm	9.213108172306666e-61	0	0
14	14	linear	4	0	0	cold	1.367089329284578e-59	0	0
14	14	linear	4	0	0	warm	1.367089329284578e-59	0	0
14	14	linear	4	7	0	cold	1.312286695989009e-59	0	0
14	14	linear	4	7	0	warm	1.9501474119960502e-60	0	0
14	14	linear	4	15	0	cold	8.884359188870504e-63	0	0
14	14	linear	4	15	0	warm	2.374848387113279e-61	0	0
14	14	linear	4	23	0	cold	2.710776859301247e-59	0	0
14	14	linear	4	23	0	warm	6.636174803927385e-61	0	0
14	14	uniform	0	0	0	cold	1.322103885625647e-64	0	0
14	14	uniform	0	0	0	warm	1.322103885625647e-64	0	0
14	14	uniform	0	7	0	cold	2.753318395056763e-64	0	0
14	14	uniform	0	7	0	warm	3.5683932746735024e-65	0	0
14	14	uniform	0	15	0	cold	6.416671495287829e-65	0	0
14	14	uniform	0	15	0	warm	4.0271559398681465e-65	0	0
14	14	uniform	0	23	0	cold	5.13058642316857e-64	0	0
14	14	uniform	0	23	0	warm	4.0431277036943925e-64	0	0
14	14	uniform	1	0	0	cold	4.4001252409794736e-57	0	0
14	14	uniform	1	0	0	warm	4.4001252409794736e-57	0	0
14	14	uniform	1	7	0	cold	8.423596164534803e-58	0	0
14	14	uniform	1	7	0	warm	7.168223661343743e-57	0	0
14	14	uniform	1	15	0	cold	1.546371940601159e-57	0	0
14	14	uniform	1	15	0	warm	7.595553361737001e-57	0	0
14	14	uniform	1	23	0	cold	7.711676593862196e-58	0	0
14	14	uniform	1	23	0	warm	1.8581496579601874e-57	0	0
14	14	uniform	2	0	0	cold	2.8921197733613743e-65	0	0
14	14	uniform	2	0	0	warm	2.8921197733613743e-65	0	0
14	14	uniform	2	7	0	cold	2.957533902283745e-64	0	0
14	14	uniform	2	7	0	warm	1.5293184068331345e-64	0	0
14	14	uniform	2	15	0	cold	9.5597670155306e-64	0	0
14	14	uniform	2	15	0	warm	2.2979472519650673e-63	0	0
14	14	uniform	2	23	0	cold	6.413435122957819e-65	0	0
14	14	uniform	2	23	0	warm	1.5050245543596816e-65	0	0
14	14	uniform	3	0	0	cold	3.7188391809690366e-61	0	0
14	14	uniform	3	0	0	warm	3.7188391809690366e-61	0	0
14	14	uniform	3	7	0	cold	8.948618194082863e-62	0	0
14	14	uniform	3	7	0	warm	7.066216558499038e-65	0	0
14	14	uniform	3	15	0	cold	2.7452033295758544e-61	0	0
14	14	uniform	3	15	0	warm	3.494566318240885e-62	0	0
14	14	uniform	3	23	0	cold	1.853645866462384e-59	0	0
14	14	uniform	3	23	0	warm	9.213108172306666e-61	0	0
14	14	uniform	4	0	0	cold	1.367089329284578e-59	0	0
14	14	uniform	4	0	0	warm	1.367089329284578e-59	0	0
14	14	uniform	4	7	0	cold	1.312286695989009e-59	0	0
14	14	uniform	4	7	0	warm	1.9501474119960502e-60	0	0
14	14	uniform	4	15	0	cold	8.884359188870504e-63	0	0
14	14	uniform	4	15	0	warm	2.374848387113279e-61	0	0
14	14	uniform	4	23	0	cold	2.710776859301247e-59	0	0
14	14	uniform	4	23	0	warm	6.636174803927385e-61	0	0
15	15	linear	0	0	0	cold	1.0724357334703621e-45	0	0
15	15	linear	0	0	0	warm	1.0724357334703621e-45	0	0
15	15	linear	0	7	0	cold	2.5256534541474833e-51	0	0
15	15	linear	0	7	0	warm	6.263827150461277e-62	0	0
15	15	linear	0	15	0	cold	1.1598934532050721e-53	0	0
15	15	linear	0	15	0	warm	2.9448955575244607e-60	0	0
15	15	linear	0	23	0	cold	9.306167487407219e-50	0	0
15	15	linear	0	23	0	warm	4.2470891322717054e-57	0	0
15	15	linear	1	0	0	cold	1.0273625888444677e-66	0	0
15	15	linear	1	0	0	warm	1.0273625888444677e-66	0	0
15	15	linear	1	7	0	cold	2.2297504768795697e-56	0	0
15	15	linear	1	7	0	warm	2.3767051797433553e-65	0	0
15	15	linear	1	15	0	cold	1.0912888428258264e-69	0	0
15	15	linear	1	15	0	warm	1.285849637008585e-65	0	0
15	15	linear	1	23	0	cold	2.3790616551681487e-70	0	0
15	15	linear	1	23	0	warm	2.0460525188627163e-67	0	0
15	15	linear	2	0	0	cold	8.209021813930558e-45	0	0
15	15	linear	2	0	0	warm	8.209021813930558e-45	0	0
15	15	linear	2	7	0	cold	2.0255917803264624e-52	0	0
15	15	linear	2	7	0	warm	2.4305177204786309e-57	0	0
15	15	linear	2	15	0	cold	3.076750183382177e-41	0	0
15	15	linear	2	15	0	warm	2.113113233082326e-58	0	0
15	15	linear	2	23	0	cold	1.887987151209975e-47	0	0
15	15	linear	2	23	0	warm	6.926761151283496e-61	0	0
15	15	linear	3	0	0	cold	5.192027620283759e-44	0	0
15	15	linear	3	0	0	warm	5.192027620283759e-44	0	0
15	15	linear	3	7	0	cold	2.7402773701974954e-42	0	0
15	15	linear	3	7	0	warm	2.0160295696999214e-65	0	0
15	15	linear	3	15	0	cold	1.9478794233725252e-41	0	0
15	15	linear	3	15	0	warm	1.0899860198875417e-63	0	0
15	15	linear	3	23	0	cold	1.226122848171672e-47	0	0
15	15	linear	3	23	0	warm	2.160194709338677e-64	0	0
15	15	linear	4	0	0	cold	4.66600891676683e-46	0	0
15	15	linear	4	0	0	warm	4.66600891676683e-46	0	0
15	15	linear	4	7	0	cold	1.3701086079804511e-46	0	0
15	15	linear	4	7	0	warm	1.5655079765108847e-69	0	0
15	15	linear	4	15	0	cold	5.452324705444792e-49	0	0
15	15	linear	4	15	0	warm	1.6285209902346758e-69	0	0
15	15	linear	4	23	0	cold	2.5660703436957382e-55	0	0
15	15	linear	4	23	0	warm	1.0311998948958694e-68	0	0
15	15	uniform	0	0	0	cold	1.0724357334703621e-45	0	0
15	15	uniform	0	0	0	warm	1.0724357334703621e-45	0	0
15	15	uniform	0	7	0	cold	2.5256534541474833e-51	0	0
15	15	uniform	0	7	0	warm	6.263827150461277e-62	0	0
15	15	uniform	0	15	0	cold	1.1598934532050721e-53	0	0
15	15	uniform	0	15	0	warm	2.9448955575244607e-60	0	0
15	15	uniform	0	23	0	cold	9.306167487407219e-50	0	0
15	15	uniform	0	23	0	warm	4.2470891322717054e-57	0	0
15	15	uniform	1	0	0	cold	1.0273625888444677e-66	0	0
15	15	uniform	1	0	0	warm	1.0273625888444677e-66	0	0
15	15	uniform	1	7	0	cold	2.2297504768795697e-56	0	0
15	15	uniform	1	7	0	warm	2.3767051797433553e-65	0	0
15	15	uniform	1	15	0	cold	1.0912888428258264e-69	0	0
15	15	uniform	1	15	0	warm	1.285849637008585e-65	0	0
15	15	uniform	1	23	0	cold	2.3790616551681487e-70	0	0
15	15	uniform	1	23	0	warm	2.0460525188627163e-67	0	0
15	15	uniform	2	0	0	cold	8.209021813930558e-45	0	0
15	15	uniform	2	0	0	warm	8.209021813930558e-45	0	0
15	15	uniform	2	7	0	cold	2.0255917803264624e-52	0	0
15	15	uniform	2	7	0	warm	2.4305177204786309e-57	0	0
15	15	uniform	2	15	0	cold	3.076750183382177e-41	0	0
15	15	uniform	2	15	0	warm	2.113113233082326e-58	0	0
15	15	uniform	2	23	0	cold	1.887987151209975e-47	0	0
15	15	uniform	2	23	0	warm	6.926761151283496e-61	0	0
15	15	uniform	3	0	0	cold	5.192027620283759e-44	0	0
15	15	uniform	3	0	0	warm	5.192027620283759e-44	0	0
15	15	uniform	3	7	0	cold	2.7402773701974954e-42	0	0
15	15	uniform	3	7	0	warm	2.0160295696999214e-65	0	0
15	15	uniform	3	15	0	cold	1.9478794233725252e-41	0	0
15	15	uniform	3	15	0	warm	1.0899860198875417e-63	0	0
15	15	uniform	3	23	0	cold	1.226122848171672e-47	0	0
15	15	uniform	3	23	0	warm	2.160194709338677e-64	0	0
15	15	uniform	4	0	0	cold	4.66600891676683e-46	0	0
15	15	uniform	4	0	0	warm	4.66600891676683e-46	0	0
15	15	uniform	4	7	0	cold	1.3701086079804511e-46	0	0
15	15	uniform	4	7	0	warm	1.5655079765108847e-69	0	0
15	15	uniform	4	15	0	cold	5.452324705444792e-49	0	0
15	15	uniform	4	15	0	warm	1.6285209902346758e-69	0	0
15	15	uniform	4	23	0	cold	2.5660703436957382e-55	0	0
15	15	uniform	4	23	0	warm	1.0311998948958694e-68	0	0
16	16	linear	0	0	0	cold	6.8262936753135155e-49	0	0
16	16	linear	0	0	0	warm	6.8262936753135155e-49	0	0
16	16	linear	0	7	0	cold	3.876967696125705e-45	0	0
16	16	linear	0	7	0	warm	4.609664946091644e-45	0	0
16	16	linear	0	15	0	cold	3.1525335529860165e-48	0	0
16	16	linear	0	15	0	warm	1.7216360737104585e-46	0	0
16	16	linear	0	23	0	cold	1.0581857649885427e-47	0	0
16	16	linear	0	23	0	warm	1.944788563890342e-46	0	0
16	16	linear	1	0	0	cold	9.435167102321486e-61	0	0
16	16	linear	1	0	0	warm	9.435167102321486e-61	0	0
16	16	linear	1	7	0	cold	1.609771562325906e-65	0	0
16	16	linear	1	7	0	warm	1.4175124741192225e-64	0	0
16	16	linear	1	15	0	cold	1.2848945017948608e-61	0	0
16	16	linear	1	15	0	warm	4.139483877368808e-64	0	0
16	16	linear	1	23	0	cold	1.246912949461568e-66	0	0
16	16	linear	1	23	0	warm	9.61238872554973e-63	0	0
16	16	linear	2	0	0	cold	1.1811397305859408e-55	0	0
16	16	linear	2	0	0	warm	1.1811397305859408e-55	0	0
16	16	linear	2	7	0	cold	7.684076875340914e-47	0	0
16	16	linear	2	7	0	warm	1.3419789097958212e-58	0	0
16	16	linear	2	15	0	cold	1.8160618886352494e-49	0	0
16	16	linear	2	15	0	warm	6.505682392408553e-48	0	0
16	16	linear	2	23	0	cold	1.5404625095343296e-59	0	0
16	16	linear	2	23	0	warm	4.491641064863139e-62	0	0
16	16	linear	3	0	0	cold	2.2229987770980733e-46	0	0
16	16	linear	3	0	0	warm	2.2229987770980733e-46	0	0
16	16	linear	3	7	0	cold	1.390154338074841e-53	0	0
16	16	linear	3	7	0	warm	5.396772112135084e-51	0	0
16	16	linear	3	15	0	cold	6.408622045797757e-69	0	0
16	16	linear	3	15	0	warm	1.2716964748225473e-68	0	0
16	16	linear	3	23	0	cold	1.1221772345824906e-44	0	0
16	16	linear	3	23	0	warm	2.0469053344370954e-71	0	0
16	16	linear	4	0	0	cold	1.3222215755182902e-58	0	0
16	16	linear	4	0	0	warm	1.3222215755182902e-58	0	0
16	16	linear	4	7	0	cold	2.9369815960795644e-69	0	0
16	16	linear	4	7	0	warm	5.565262882463146e-54	0	0
16	16	linear	4	15	0	cold	6.249312556947852e-69	0	0
16	16	linear	4	15	0	warm	1.8652311395452317e-52	0	0
16	16	linear	4	23	0	cold	4.249758461398358e-46	0	0
16	16	linear	4	23	0	warm	1.2923169143061405e-46	0	0
16	16	uniform	0	0	0	cold	6.8262936753135155e-49	0	0
16	16	uniform	0	0	0	warm	6.8262936753135155e-49	0	0
16	16	uniform	0	7	0	cold	3.876967696125705e-45	0	0
16	16	uniform	0	7	0	warm	4.609664946091644e-45	0	0
16	16	uniform	0	15	0	cold	3.1525335529860165e-48	0	0
16	16	uniform	0	15	0	warm	1.7216360737104585e-46	0	0
16	16	uniform	0	23	0	cold	1.0581857649885427e-47	0	0
16	16	uniform	0	23	0	warm	1.944788563890342e-46	0	0
16	16	uniform	1	0	0	cold	9.435167102321486e-61	0	0
16	16	uniform	1	0	0	warm	9.435167102321486e-61	0	0
16	16	uniform	1	7	0	cold	1.609771562325906e-65	0	0
16	16	uniform	1	7	0	warm	1.4175124741192225e-64	0	0
16	16	uniform	1	15	0	cold	1.2848945017948608e-61	0	0
16	16	uniform	1	15	0	warm	4.139483877368808e-64	0	0
16	16	uniform	1	23	0	cold	1.246912949461568e-66	0	0
16	16	uniform	1	23	0	warm	9.61238872554973e-63	0	0
16	16	uniform	2	0	0	cold	1.1811397305859408e-55	0	0
16	16	uniform	2	0	0	warm	1.1811397305859408e-55	0	0
16	16	uniform	2	7	0	cold	7.684076875340914e-47	0	0
16	16	uniform	2	7	0	warm	1.3419789097958212e-58	0	0
16	16	uniform	2	15	0	cold	1.8160618886352494e-49	0	0
16	16	uniform	2	15	0	warm	6.505682392408553e-48	0	0
16	16	uniform	2	23	0	cold	1.5404625095343296e-59	0	0
16	16	uniform	2	23	0	warm	4.491641064863139e-62	0	0
16	16	uniform	3	0	0	cold	2.2229987770980733e-46	0	0
16	16	uniform	3	0	0	warm	2.2229987770980733e-46	0	0
16	16	uniform	3	7	0	cold	1.390154338074841e-53	0	0
16	16	uniform	3	7	0	warm	5.396772112135084e-51	0	0
16	16	uniform	3	15	0	cold	6.408622045797757e-69	0	0
16	16	uniform	3	15	0	warm	1.2716964748225473e-68	0	0
16	16	uniform	3	23	0	cold	1.1221772345824906e-44	0	0
16	16	uniform	3	23	0	warm	2.0469053344370954e-71	0	0
16	16	uniform	4	0	0	cold	1.3222215755182902e-58	0	0
16	16	uniform	4	0	0	warm	1.3222215755182902e-58	0	0
16	16	uniform	4	7	0	cold	2.9369815960795644e-69	0	0
16	16	uniform	4	7	0	warm	5.565262882463146e-54	0	0
16	16	uniform	4	15	0	cold	6.249312556947852e-69	0	0
16	16	uniform	4	15	0	warm	1.8652311395452317e-52	0	0
16	16	uniform	4	23	0	cold	4.249758461398358e-46	0	0
16	16	uniform	4	23	0	warm	1.2923169143061405e-46	0	0
17	17	linear	0	0	0	cold	9.292944494887747e-55	0	0
17	17	linear	0	0	0	warm	9.292944494887747e-55	0	0
17	17	linear	0	7	0	cold	2.12066664690844e-56	0	0
17	17	linear	0	7	0	warm	1.4633771251270618e-56	0	0
17	17	linear	0	15	0	cold	2.484080642212255e-55	0	0
17	17	linear	0	15	0	warm	2.1038854549693414e-57	0	0
17	17	linear	0	23	0	cold	9.193494207496992e-51	0	0
17	17	linear	0	23	0	warm	2.0239943649337296e-52	0	0
17	17	linear	1	0	0	cold	3.748657873613615e-54	0	0
17	17	linear	1	0	0	warm	3.748657873613615e-54	0	0
17	17	linear	1	7	0	cold	1.1798306318947974e-51	0	0
17	17	linear	1	7	0	warm	1.881184720500595e-51	0	0
17	17	linear	1	15	0	cold	2.5292894012209317e-49	0	0
17	17	linear	1	15	0	warm	1.4330672606209388e-49	0	0
17	17	linear	1	23	0	cold	1.3019168998625304e-52	0	0
17	17	linear	1	23	0	warm	4.802158804831224e-52	0	0
17	17	linear	2	0	0	cold	1.459562315628e-52	0	0
17	17	linear	2	0	0	warm	1.459562315628e-52	0	0
17	17	linear	2	7	0	cold	3.516389630236333e-49	0	0
17	17	linear	2	7	0	warm	9.474107393973594e-50	0	0
17	17	linear	2	15	0	cold	5.943635395357851e-58	0	0
17	17	linear	2	15	0	warm	4.153242602260506e-59	0	0
17	17	linear	2	23	0	cold	1.6149038186097844e-57	0	0
17	17	linear	2	23	0	warm	3.857883627336781e-57	0	0
17	17	linear	3	0	0	cold	4.940828760706191e-56	0	0
17	17	linear	3	0	0	warm	4.940828760706191e-56	0	0
17	17	linear	3	7	0	cold	3.275713218838691e-54	0	0
17	17	linear	3	7	0	warm	1.0533115898766846e-56	0	0
17	17	linear	3	15	0	cold	5.18135401340819e-51	0	0
17	17	linear	3	15	0	warm	5.610294432034707e-52	0	0
17	17	linear	3	23	0	cold	3.859250798753742e-48	0	0
17	17	linear	3	23	0	warm	2.6621606782146668e-48	0	0
17	17	linear	4	0	0	cold	4.1872431762745054e-60	0	0
17	17	linear	4	0	0	warm	4.1872431762745054e-60	0	0
17	17	linear	4	7	0	cold	4.139536338441232e-59	0	0
17	17	linear	4	7	0	warm	1.5069605264407678e-59	0	0
17	17	linear	4	15	0	cold	6.821571340324198e-58	0	0
17	17	linear	4	15	0	warm	5.106148695790213e-57	0	0
17	17	linear	4	23	0	cold	1.357004182773395e-55	0	0
17	17	linear	4	23	0	warm	7.999369046394244e-57	0	0
17	17	uniform	0	0	0	cold	9.292944494887747e-55	0	0
17	17	uniform	0	0	0	warm	9.292944494887747e-55	0	0
17	17	uniform	0	7	0	cold	2.12066664690844e-56	0	0
17	17	uniform	0	7	0	warm	1.4633771251270618e-56	0	0
17	17	uniform	0	15	0	cold	2.484080642212255e-55	0	0
17	17	uniform	0	15	0	warm	2.1038854549693414e-57	0	0
17	17	uniform	0	23	0	cold	9.193494207496992e-51	0	0
17	17	uniform	0	23	0	warm	2.0239943649337296e-52	0	0
17	17	uniform	1	0	0	cold	3.748657873613615e-54	0	0
17	17	uniform	1	0	0	warm	3.748657873613615e-54	0	0
17	17	uniform	1	7	0	cold	1.1798306318947974e-51	0	0
17	17	uniform	1	7	0	warm	1.881184720500595e-51	0	0
17	17	uniform	1	15	0	cold	2.5292894012209317e-49	0	0
17	17	uniform	1	15	0	warm	1.4330672606209388e-49	0	0
17	17	uniform	1	23	0	cold	1.3019168998625304e-52	0	0
17	17	uniform	1	23	0	warm	4.802158804831224e-52	0	0
17	17	uniform	2	0	0	cold	1.459562315628e-52	0	0
17	17	uniform	2	0	0	warm	1.459562315628e-52	0	0
17	17	uniform	2	7	0	cold	3.516389630236333e-49	0	0
17	17	uniform	2	7	0	warm	9.474107393973594e-50	0	0
17	17	uniform	2	15	0	cold	5.943635395357851e-58	0	0
17	17	uniform	2	15	0	warm	4.153242602260506e-59	0	0
17	17	uniform	2	23	0	cold	1.6149038186097844e-57	0	0
17	17	uniform	2	23	0	warm	3.857883627336781e-57	0	0
17	17	uniform	3	0	0	cold	4.940828760706191e-56	0	0
17	17	uniform	3	0	0	warm	4.940828760706191e-56	0	0
17	17	uniform	3	7	0	cold	3.275713218838691e-54	0	0
17	17	uniform	3	7	0	warm	1.0533115898766846e-56	0	0
17	17	uniform	3	15	0	cold	5.18135401340819e-51	0	0
17	17	uniform	3	15	0	warm	5.610294432034707e-52	0	0
17	17	uniform	3	23	0	cold	3.859250798753742e-48	0	0
17	17	uniform	3	23	0	warm	2.6621606782146668e-48	0	0
17	17	uniform	4	0	0	cold	4.1872431762745054e-60	0	0
17	17	uniform	4	0	0	warm	4.1872431762745054e-60	0	0
17	17	uniform	4	7	0	cold	4.139536338441232e-59	0	0
17	17	uniform	4	7	0	warm	1.5069605264407678e-59	0	0
17	17	uniform	4	15	0	cold	6.821571340324198e-58	0	0
17	17	uniform	4	15	0	warm	5.106148695790213e-57	0	0
17	17	uniform	4	23	0	cold	1.357004182773395e-55	0	0
17	17	uniform	4	23	0	warm	7.999369046394244e-57	0	0
18	18	linear	0	0	0	cold	1.9884349037761846e-47	0	0
18	18	linear	0	0	0	warm	1.9884349037761846e-47	0	0
18	18	linear	0	7	0	cold	1.6352575640091426e-48	0	0
18	18	linear	0	7	0	warm	5.2299798348561935e-49	0	0
18	18	linear	0	15	0	cold	1.9425162009366994e-45	0	0
18	18	linear	0	15	0	warm	1.5283208003729377e-44	0	0
18	18	linear	0	23	0	cold	2.9713005355321964e-46	0	0
18	18	linear	0	23	0	warm	1.0437642421298408e-44	0	0
18	18	linear	1	0	0	cold	1.559744202760844e-46	0	0
18	18	linear	1	0	0	warm	1.559744202760844e-46	0	0
18	18	linear	1	7	0	cold	5.177784242036398e-43	0	0
18	18	linear	1	7	0	warm	1.50652713449323e-45	0	0
18	18	linear	1	15	0	cold	1.7000872616883863e-39	0	0
18	18	linear	1	15	0	warm	5.4016591437842485e-39	0	0
18	18	linear	1	23	0	cold	8.904645982038337e-50	0	0
18	18	linear	1	23	0	warm	1.6782263042237707e-50	0	0
18	18	linear	2	0	0	cold	1.0571266792657982e-48	0	0
18	18	linear	2	0	0	warm	1.0571266792657982e-48	0	0
18	18	linear	2	7	0	cold	9.751944941148798e-49	0	0
18	18	linear	2	7	0	warm	2.7029604453137776e-44	0	0
18	18	linear	2	15	0	cold	2.2789556117066225e-43	0	0
18	18	linear	2	15	0	warm	7.953862507831746e-40	0	0
18	18	linear	2	23	0	cold	5.622521454800707e-46	0	0
18	18	linear	2	23	0	warm	9.29750729862799e-49	0	0
18	18	linear	3	0	0	cold	5.25006722273945e-62	0	0
18	18	linear	3	0	0	warm	5.25006722273945e-62	0	0
18	18	linear	3	7	0	cold	1.2737056415533847e-60	0	0
18	18	linear	3	7	0	warm	1.0602996316971513e-61	0	0
18	18	linear	3	15	0	cold	2.5612699979057244e-65	0	0
18	18	linear	3	15	0	warm	3.337085299855855e-63	0	0
18	18	linear	3	23	0	cold	2.6246081541963775e-63	0	0
18	18	linear	3	23	0	warm	2.2312458293318577e-62	0	0
18	18	linear	4	0	0	cold	3.5479903989792486e-62	0	0
18	18	linear	4	0	0	warm	3.5479903989792486e-62	0	0
18	18	linear	4	7	0	cold	9.98089835279962e-63	0	0
18	18	linear	4	7	0	warm	2.3815233283677307e-62	0	0
18	18	linear	4	15	0	cold	5.77311914612163e-62	0	0
18	18	linear	4	15	0	warm	2.0602953086530725e-61	0	0
18	18	linear	4	23	0	cold	1.1718896647805137e-62	0	0
18	18	linear	4	23	0	warm	8.477211116757188e-65	0	0
18	18	uniform	0	0	0	cold	1.9884349037761846e-47	0	0
18	18	uniform	0	0	0	warm	1.9884349037761846e-47	0	0
18	18	uniform	0	7	0	cold	1.6352575640091426e-48	0	0
18	18	uniform	0	7	0	warm	5.2299798348561935e-49	0	0
18	18	uniform	0	15	0	cold	1.9425162009366994e-45	0	0
18	18	uniform	0	15	0	warm	1.5283208003729377e-44	0	0
18	18	uniform	0	23	0	cold	2.9713005355321964e-46	0	0
18	18	uniform	0	23	0	warm	1.0437642421298408e-44	0	0
18	18	uniform	1	0	0	cold	1.559744202760844e-46	0	0
18	18	uniform	1	0	0	warm	1.559744202760844e-46	0	0
18	18	uniform	1	7	0	cold	5.177784242036398e-43	0	0
18	18	uniform	1	7	0	warm	1.50652713449323e-45	0	0
18	18	uniform	1	15	0	cold	1.7000872616883863e-39	0	0
18	18	uniform	1	15	0	warm	5.4016591437842485e-39	0	0
18	18	uniform	1	23	0	cold	8.904645982038337e-50	0	0
18	18	uniform	1	23	0	warm	1.6782263042237707e-50	0	0
18	18	uniform	2	0	0	cold	1.0571266792657982e-48	0	0
18	18	uniform	2	0	0	warm	1.0571266792657982e-48	0	0
18	18	uniform	2	7	0	cold	9.751944941148798e-49	0	0
18	18	uniform	2	7	0	warm	2.7029604453137776e-44	0	0
18	18	uniform	2	15	0	cold	2.2789556117066225e-43	0	0
18	18	uniform	2	15	0	warm	7.953862507831746e-40	0	0
18	18	uniform	2	23	0	cold	5.622521454800707e-46	0	0
18	18	uniform	2	23	0	warm	9.29750729862799e-49	0	0
18	18	uniform	3	0	0	cold	5.25006722273945e-62	0	0
18	18	uniform	3	0	0	warm	5.25006722273945e-62	0	0
18	18	uniform	3	7	0	cold	1.2737056415533847e-60	0	0
18	18	uniform	3	7	0	warm	1.0602996316971513e-61	0	0
18	18	uniform	3	15	0	cold	2.5612699979057244e-65	0	0
18	18	uniform	3	15	0	warm	3.337085299855855e-63	0	0
18	18	uniform	3	23	0	cold	2.6246081541963775e-63	0	0
18	18	uniform	3	23	0	warm	2.2312458293318577e-62	0	0
18	18	uniform	4	0	0	cold	3.5479903989792486e-62	0	0
18	18	uniform	4	0	0	warm	3.5479903989792486e-62	0	0
18	18	uniform	4	7	0	cold	9.98089835279962e-63	0	0
18	18	uniform	4	7	0	warm	2.3815233283677307e-62	0	0
18	18	uniform	4	15	0	cold	5.77311914612163e-62	0	0
18	18	uniform	4	15	0	warm	2.0602953086530725e-61	0	0
18	18	uniform	4	23	0	cold	1.1718896647805137e-62	0	0
18	18	uniform	4	23	0	warm	8.477211116757188e-65	0	0
19	19	linear	0	0	0	cold	4.577295747365841e-48	0	0
19	19	linear	0	0	0	warm	4.577295747365841e-48	0	0
19	19	linear	0	7	0	cold	5.98454084498196e-36	0	0
19	19	linear	0	7	0	warm	1.30027152294358e-52	0	0
19	19	linear	0	15	0	cold	6.338843917303034e-54	0	0
19	19	linear	0	15	0	warm	1.476674820353531e-53	0	0
19	19	linear	0	23	0	cold	2.800312898429215e-35	0	0
19	19	linear	0	23	0	warm	1.3110772880236815e-35	0	0
19	19	linear	1	0	0	cold	5.5692808030898865e-40	0	0
19	19	linear	1	0	0	warm	5.5692808030898865e-40	0	0
19	19	linear	1	7	0	cold	3.8235843142575446e-41	0	0
19	19	linear	1	7	0	warm	5.974368246115743e-40	0	0
19	19	linear	1	15	0	cold	1.3993702678824333e-40	0	0
19	19	linear	1	15	0	warm	1.2734723609499176e-40	0	0
19	19	linear	1	23	0	cold	1.156161221345008e-60	0	0
19	19	linear	1	23	0	warm	1.7177403609237544e-60	0	0
19	19	linear	2	0	0	cold	1.5449471461971786e-57	0	0
19	19	linear	2	0	0	warm	1.5449471461971786e-57	0	0
19	19	linear	2	7	0	cold	2.9240140532434997e-47	0	0
19	19	linear	2	7	0	warm	7.1712607106337765e-34	0	0
19	19	linear	2	15	0	cold	9.114745222004085e-17	0	0
19	19	linear	2	15	0	warm	1.942151378062201e-18	0	0
19	19	linear	2	23	0	cold	1.3062014424511697e-17	0	0
19	19	linear	2	23	0	warm	2.9619955737464586e-17	0	0
19	19	linear	3	0	0	cold	9.185925314166293e-48	0	0
19	19	linear	3	0	0	warm	9.185925314166293e-48	0	0
19	19	linear	3	7	0	cold	1.7056641998941534e-48	0	0
19	19	linear	3	7	0	warm	1.1847941250207266e-47	0	0
19	19	linear	3	15	0	cold	5.158912095158454e-46	0	0
19	19	linear	3	15	0	warm	6.431311586262064e-46	0	0
19	19	linear	3	23	0	cold	2.930411157399039e-37	0	0
19	19	linear	3	23	0	warm	2.449147886051881e-38	0	0
19	19	linear	4	0	0	cold	9.385382724444444e-47	0	0
19	19	linear	4	0	0	warm	9.385382724444444e-47	0	0
19	19	linear	4	7	0	cold	2.5245099193901943e-47	0	0
19	19	linear	4	7	0	warm	1.0110527856645272e-48	0	0
19	19	linear	4	15	0	cold	1.0779752568794465e-48	0	0
19	19	linear	4	15	0	warm	3.5508369644840154e-47	0	0
19	19	linear	4	23	0	cold	6.289158223201022e-48	0	0
19	19	linear	4	23	0	warm	5.691481508935017e-50	0	0
19	19	uniform	0	0	0	cold	4.577295747365841e-48	0	0
19	19	uniform	0	0	0	warm	4.577295747365841e-48	0	0
19	19	uniform	0	7	0	cold	5.98454084498196e-36	0	0
19	19	uniform	0	7	0	warm	1.30027152294358e-52	0	0
19	19	uniform	0	15	0	cold	6.338843917303034e-54	0	0
19	19	uniform	0	15	0	warm	1.476674820353531e-53	0	0
19	19	uniform	0	23	0	cold	2.800312898429215e-35	0	0
19	19	uniform	0	23	0	warm	1.3110772880236815e-35	0	0
19	19	uniform	1	0	0	cold	5.5692808030898865e-40	0	0
19	19	uniform	1	0	0	warm	5.5692808030898865e-40	0	0
19	19	uniform	1	7	0	cold	3.8235843142575446e-41	0	0
19	19	uniform	1	7	0	warm	5.974368246115743e-40	0	0
19	19	uniform	1	15	0	cold	1.3993702678824333e-40	0	0
19	19	uniform	1	15	0	warm	1.2734723609499176e-40	0	0
19	19	uniform	1	23	0	cold	1.156161221345008e-60	0	0
19	19	uniform	1	23	0	warm	1.7177403609237544e-60	0	0
19	19	uniform	2	0	0	cold	1.5449471461971786e-57	0	0
19	19	uniform	2	0	0	warm	1.5449471461971786e-57	0	0
19	19	uniform	2	7	0	cold	2.9240140532434997e-47	0	0
19	19	uniform	2	7	0	warm	7.1712607106337765e-34	0	0
19	19	uniform	2	15	0	cold	9.114745222004085e-17	0	0
19	19	uniform	2	15	0	warm	1.942151378062201e-18	0	0
19	19	uniform	2	23	0	cold	1.3062014424511697e-17	0	0
19	19	uniform	2	23	0	warm	2.9619955737464586e-17	0	0
19	19	uniform	3	0	0	cold	9.185925314166293e-48	0	0
19	19	uniform	3	0	0	warm	9.185925314166293e-48	0	0
19	19	uniform	3	7	0	cold	1.7056641998941534e-48	0	0
19	19	uniform	3	7	0	warm	1.1847941250207266e-47	0	0
19	19	uniform	3	15	0	cold	5.158912095158454e-46	0	0
19	19	uniform	3	15	0	warm	6.431311586262064e-46	0	0
19	19	uniform	3	23	0	cold	2.930411157399039e-37	0	0
19	19	uniform	3	23	0	warm	2.449147886051881e-38	0	0
19	19	uniform	4	0	0	cold	9.385382724444444e-47	0	0
19	19	uniform	4	0	0	warm	9.385382724444444e-47	0	0
19	19	uniform	4	7	0	cold	2.5245099193901943e-47	0	0
19	19	uniform	4	7	0	warm	1.0110527856645272e-48	0	0
19	19	uniform	4	15	0	cold	1.0779752568794465e-48	0	0
19	19	uniform	4	15	0	warm	3.5508369644840154e-47	0	0
19	19	uniform	4	23	0	cold	6.289158223201022e-48	0	0
19	19	uniform	4	23	0	warm	5.691481508935017e-50	0	0
20	20	linear	0	0	0	cold	9.793602047752684e-17	0	0
20	20	linear	0	0	0	warm	9.793602047752684e-17	0	0
20	20	linear	0	7	0	cold	1.277315545228368e-36	0	0
20	20	linear	0	7	0	warm	7.378179260801274e-35	0	0
20	20	linear	0	15	0	cold	1.9716182883019712e-34	0	0
20	20	linear	0	15	0	warm	9.965710509962946e-17	0	0
20	20	linear	0	23	0	cold	6.666493648331606e-32	0	0
20	20	linear	0	23	0	warm	3.657128420936392e-31	0	0
20	20	linear	1	0	0	cold	2.2161305738168204e-16	0	0
20	20	linear	1	0	0	warm	2.2161305738168204e-16	0	0
20	20	linear	1	7	0	cold	1.7686175459434327e-48	0	0
20	20	linear	1	7	0	warm	5.0481775444401026e-48	0	0
20	20	linear	1	15	0	cold	3.1226384910438596e-49	0	0
20	20	linear	1	15	0	warm	1.1766971878143298e-47	0	0
20	20	linear	1	23	0	cold	1.6030727205381263e-42	0	0
20	20	linear	1	23	0	warm	5.510279622773889e-34	0	0
20	20	linear	2	0	0	cold	8.425655796819485e-48	0	0
20	20	linear	2	0	0	warm	8.425655796819485e-48	0	0
20	20	linear	2	7	0	cold	1.0261376584029495e-34	0	0
20	20	linear	2	7	0	warm	1.3103663105614593e-34	0	0
20	20	linear	2	15	0	cold	7.64524158593732e-34	0	0
20	20	linear	2	15	0	warm	2.6130140546752566e-33	0	0
20	20	linear	2	23	0	cold	5.814145041645512e-34	0	0
20	20	linear	2	23	0	warm	1.8421627925448178e-34	0	0
20	20	linear	3	0	0	cold	9.94577503822392e-46	0	0
20	20	linear	3	0	0	warm	9.94577503822392e-46	0	0
20	20	linear	3	7	0	cold	3.209602986814337e-45	0	0
20	20	linear	3	7	0	warm	1.0729688166831609e-44	0	0
20	20	linear	3	15	0	cold	5.705709180045722e-41	0	0
20	20	linear	3	15	0	warm	6.873525027174344e-42	0	0
20	20	linear	3	23	0	cold	2.4266793666512334e-47	0	0
20	20	linear	3	23	0	warm	5.484500071416718e-47	0	0
20	20	linear	4	0	0	cold	1.8556306173555812e-47	0	0
20	20	linear	4	0	0	warm	1.8556306173555812e-47	0	0
20	20	linear	4	7	0	cold	4.808816295318748e-43	0	0
20	20	linear	4	7	0	warm	1.5565078303458836e-47	0	0
20	20	linear	4	15	0	cold	4.944817370609006e-40	0	0
20	20	linear	4	15	0	warm	3.3959340702830186e-44	0	0
20	20	linear	4	23	0	cold	2.944102208744124e-45	0	0
20	20	linear	4	23	0	warm	4.798448834260299e-47	0	0
20	20	uniform	0	0	0	cold	9.793602047752684e-17	0	0
20	20	uniform	0	0	0	warm	9.793602047752684e-17	0	0
20	20	uniform	0	7	0	cold	1.277315545228368e-36	0	0
20	20	uniform	0	7	0	warm	7.378179260801274e-35	0	0
20	20	uniform	0	15	0	cold	1.9716182883019712e-34	0	0
20	20	uniform	0	15	0	warm	9.965710509962946e-17	0	0
20	20	uniform	0	23	0	cold	6.666493648331606e-32	0	0
20	20	uniform	0	23	0	warm	3.657128420936392e-31	0	0
20	20	uniform	1	0	0	cold	2.2161305738168204e-16	0	0
20	20	uniform	1	0	0	warm	2.2161305738168204e-16	0	0
20	20	uniform	1	7	0	cold	1.7686175459434327e-48	0	0
20	20	uniform	1	7	0	warm	5.0481775444401026e-48	0	0
20	20	uniform	1	15	0	cold	3.1226384910438596e-49	0	0
20	20	uniform	1	15	0	warm	1.1766971878143298e-47	0	0
20	20	uniform	1	23	0	cold	1.6030727205381263e-42	0	0
20	20	uniform	1	23	0	warm	5.510279622773889e-34	0	0
20	20	uniform	2	0	0	cold	8.425655796819485e-48	0	0
20	20	uniform	2	0	0	warm	8.425655796819485e-48	0	0
20	20	uniform	2	7	0	cold	1.0261376584029495e-34	0	0
20	20	uniform	2	7	0	warm	1.3103663105614593e-34	0	0
20	20	uniform	2	15	0	cold	7.64524158593732e-34	0	0
20	20	uniform	2	15	0	warm	2.6130140546752566e-33	0	0
20	20	uniform	2	23	0	cold	5.814145041645512e-34	0	0
20	20	uniform	2	23	0	warm	1.8421627925448178e-34	0	0
20	20	uniform	3	0	0	cold	9.94577503822392e-46	0	0
20	20	uniform	3	0	0	warm	9.94577503822392e-46	0	0
20	20	uniform	3	7	0	cold	3.209602986814337e-45	0	0
20	20	uniform	3	7	0	warm	1.0729688166831609e-44	0	0
20	20	uniform	3	15	0	cold	5.705709180045722e-41	0	0
20	20	uniform	3	15	0	warm	6.873525027174344e-42	0	0
20	20	uniform	3	23	0	cold	2.4266793666512334e-47	0	0
20	20	uniform	3	23	0	warm	5.484500071416718e-47	0	0
20	20	uniform	4	0	0	cold	1.8556306173555812e-47	0	0
20	20	uniform	4	0	0	warm	1.8556306173555812e-47	0	0
20	20	uniform	4	7	0	cold	4.808816295318748e-43	0	0
20	20	uniform	4	7	0	warm	1.5565078303458836e-47	0	0
20	20	uniform	4	15	0	cold	4.944817370609006e-40	0	0
20	20	uniform	4	15	0	warm	3.3959340702830186e-44	0	0
20	20	uniform	4	23	0	cold	2.944102208744124e-45	0	0
20	20	uniform	4	23	0	warm	4.798448834260299e-47	0	0
21	21	linear	0	0	0	cold	5.302355447530517e-64	0	0
21	21	linear	0	0	0	warm	5.302355447530517e-64	0	0
21	21	linear	0	7	0	cold	2.7323209969042184e-66	0	0
21	21	linear	0	7	0	warm	1.6566632348201102e-65	0	0
21	21	linear	0	15	0	cold	1.3443443734463028e-68	0	0
21	21	linear	0	15	0	warm	6.607721464363267e-65	0	0
21	21	linear	0	23	0	cold	1.4661834898534032e-66	0	0
21	21	linear	0	23	0	warm	2.15046795035887e-67	0	0
21	21	linear	1	0	0	cold	7.159560266327088e-45	0	0
21	21	linear	1	0	0	warm	7.159560266327088e-45	0	0
21	21	linear	1	7	0	cold	4.7053838284570915e-63	0	0
21	21	linear	1	7	0	warm	2.9486583230037784e-63	0	0
21	21	linear	1	15	0	cold	4.1364388806644144e-45	0	0
21	21	linear	1	15	0	warm	4.185056873493791e-72	0	0
21	21	linear	1	23	0	cold	1.1287557178952976e-65	0	0
21	21	linear	1	23	0	warm	1.1874619364080203e-63	0	0
21	21	linear	2	0	0	cold	2.287434029925092e-62	0	0
21	21	linear	2	0	0	warm	2.287434029925092e-62	0	0
21	21	linear	2	7	0	cold	1.5184611259104275e-61	0	0
21	21	linear	2	7	0	warm	2.8650209922838254e-62	0	0
21	21	linear	2	15	0	cold	9.019443495556747e-62	0	0
21	21	linear	2	15	0	warm	2.0851956939542446e-61	0	0
21	21	linear	2	23	0	cold	1.443343494742134e-63	0	0
21	21	linear	2	23	0	warm	9.695417002409084e-64	0	0
21	21	linear	3	0	0	cold	2.430501573455008e-43	0	0
21	21	linear	3	0	0	warm	2.430501573455008e-43	0	0
21	21	linear	3	7	0	cold	3.090621995306302e-48	0	0
21	21	linear	3	7	0	warm	3.1582828825825746e-48	0	0
21	21	linear	3	15	0	cold	1.5364781721304254e-48	0	0
21	21	linear	3	15	0	warm	1.3623524724676777e-48	0	0
21	21	linear	3	23	0	cold	2.032617049857534e-49	0	0
21	21	linear	3	23	0	warm	1.6747493522513298e-49	0	0
21	21	linear	4	0	0	cold	6.921736719483547e-57	0	0
21	21	linear	4	0	0	warm	6.921736719483547e-57	0	0
21	21	linear	4	7	0	cold	5.040493748405693e-56	0	0
21	21	linear	4	7	0	warm	2.1503998424724615e-55	0	0
21	21	linear	4	15	0	cold	4.6091488193765877e-54	0	0
21	21	linear	4	15	0	warm	3.5567855324058625e-54	0	0
21	21	linear	4	23	0	cold	1.0617803779075718e-54	0	0
21	21	linear	4	23	0	warm	4.280480007719999e-56	0	0
21	21	uniform	0	0	0	cold	5.302355447530517e-64	0	0
21	21	uniform	0	0	0	warm	5.302355447530517e-64	0	0
21	21	uniform	0	7	0	cold	2.7323209969042184e-66	0	0
21	21	uniform	0	7	0	warm	1.6566632348201102e-65	0	0
21	21	uniform	0	15	0	cold	1.3443443734463028e-68	0	0
21	21	uniform	0	15	0	warm	6.607721464363267e-65	0	0
21	21	uniform	0	23	0	cold	1.4661834898534032e-66	0	0
21	21	uniform	0	23	0	warm	2.15046795035887e-67	0	0
21	21	uniform	1	0	0	cold	7.159560266327088e-45	0	0
21	21	uniform	1	0	0	warm	7.159560266327088e-45	0	0
21	21	uniform	1	7	0	cold	4.7053838284570915e-63	0	0
21	21	uniform	1	7	0	warm	2.9486583230037784e-63	0	0
21	21	uniform	1	15	0	cold	4.1364388806644144e-45	0	0
21	21	uniform	1	15	0	warm	4.185056873493791e-72	0	0
21	21	uniform	1	23	0	cold	1.1287557178952976e-65	0	0
21	21	uniform	1	23	0	warm	1.1874619364080203e-63	0	0
21	21	uniform	2	0	0	cold	2.287434029925092e-62	0	0
21	21	uniform	2	0	0	warm	2.287434029925092e-62	0	0
21	21	uniform	2	7	0	cold	1.5184611259104275e-61	0	0
21	21	uniform	2	7	0	warm	2.8650209922838254e-62	0	0
21	21	uniform	2	15	0	cold	9.019443495556747e-62	0	0
21	21	uniform	2	15	0	warm	2.0851956939542446e-61	0	0
21	21	uniform	2	23	0	cold	1.443343494742134e-63	0	0
21	21	uniform	2	23	0	warm	9.695417002409084e-64	0	0
21	21	uniform	3	0	0	cold	2.430501573455008e-43	0	0
21	21	uniform	3	0	0	warm	2.430501573455008e-43	0	0
21	21	uniform	3	7	0	cold	3.090621995306302e-48	0	0
21	21	uniform	3	7	0	warm	3.1582828825825746e-48	0	0
21	21	uniform	3	15	0	cold	1.5364781721304254e-48	0	0
21	21	uniform	3	15	0	warm	1.3623524724676777e-48	0	0
21	21	uniform	3	23	0	cold	2.032617049857534e-49	0	0
21	21	uniform	3	23	0	warm	1.6747493522513298e-49	0	0
21	21	uniform	4	0	0	cold	6.921736719483547e-57	0	0
21	21	uniform	4	0	0	warm	6.921736719483547e-57	0	0
21	21	uniform	4	7	0	cold	5.040493748405693e-56	0	0
21	21	uniform	4	7	0	warm	2.1503998424724615e-55	0	0
21	21	uniform	4	15	0	cold	4.6091488193765877e-54	0	0
21	21	uniform	4	15	0	warm	3.5567855324058625e-54	0	0
21	21	uniform	4	23	0	cold	1.0617803779075718e-54	0	0
21	21	uniform	4	23	0	warm	4.280480007719999e-56	0	0
22	22	linear	0	0	0	cold	5.770016420784377e-65	0	0
22	22	linear	0	0	0	warm	5.770016420784377e-65	0	0
22	22	linear	0	7	0	cold	1.7446598024882448e-65	0	0
22	22	linear	0	7	0	warm	3.997053417465328e-65	0	0
22	22	linear	0	15	0	cold	1.6204988154251374e-64	0	0
22	22	linear	0	15	0	warm	1.2915290975534103e-64	0	0
22	22	linear	0	23	0	cold	1.1516534772930998e-65	0	0
22	22	linear	0	23	0	warm	8.400016660803542e-66	0	0
22	22	linear	1	0	0	cold	2.4794672413199444e-50	0	0
22	22	linear	1	0	0	warm	2.4794672413199444e-50	0	0
22	22	linear	1	7	0	cold	5.417581439980833e-49	0	0
22	22	linear	1	7	0	warm	1.8630149366260286e-52	0	0
22	22	linear	1	15	0	cold	4.219246614209274e-47	0	0
22	22	linear	1	15	0	warm	2.892701839738701e-48	0	0
22	22	linear	1	23	0	cold	2.06761825635393e-43	0	0
22	22	linear	1	23	0	warm	1.5816665430930698e-45	0	0
22	22	linear	2	0	0	cold	5.485953752274426e-64	0	0
22	22	linear	2	0	0	warm	5.485953752274426e-64	0	0
22	22	linear	2	7	0	cold	1.2554341031799697e-65	0	0
22	22	linear	2	7	0	warm	6.969664217907946e-67	0	0
22	22	linear	2	15	0	cold	7.2772336893050285e-65	0	0
22	22	linear	2	15	0	warm	8.960093979956816e-65	0	0
22	22	linear	2	23	0	cold	4.210421610583952e-63	0	0
22	22	linear	2	23	0	warm	1.721621740881494e-61	0	0
22	22	linear	3	0	0	cold	2.85998200147923e-58	0	0
22	22	linear	3	0	0	warm	2.85998200147923e-58	0	0
22	22	linear	3	7	0	cold	1.2501410867072293e-59	0	0
22	22	linear	3	7	0	warm	6.768451110676582e-59	0	0
22	22	linear	3	15	0	cold	1.0199057933409175e-57	0	0
22	22	linear	3	15	0	warm	8.364573219440134e-59	0	0
22	22	linear	3	23	0	cold	7.633873214965843e-57	0	0
22	22	linear	3	23	0	warm	1.5706211097509796e-57	0	0
22	22	linear	4	0	0	cold	4.134928044904749e-66	0	0
22	22	linear	4	0	0	warm	4.134928044904749e-66	0	0
22	22	linear	4	7	0	cold	3.5247783016721486e-63	0	0
22	22	linear	4	7	0	warm	4.710501840381466e-65	0	0
22	22	linear	4	15	0	cold	3.7365974219425456e-63	0	0
22	22	linear	4	15	0	warm	1.3035030207792947e-64	0	0
22	22	linear	4	23	0	cold	1.114864971220247e-63	0	0
22	22	linear	4	23	0	warm	1.7548381697097602e-64	0	0
22	22	uniform	0	0	0	cold	5.770016420784377e-65	0	0
22	22	uniform	0	0	0	warm	5.770016420784377e-65	0	0
22	22	uniform	0	7	0	cold	1.7446598024882448e-65	0	0
22	22	uniform	0	7	0	warm	3.997053417465328e-65	0	0
22	22	uniform	0	15	0	cold	1.6204988154251374e-64	0	0
22	22	uniform	0	15	0	warm	1.2915290975534103e-64	0	0
22	22	uniform	0	23	0	cold	1.1516534772930998e-65	0	0
22	22	uniform	0	23	0	warm	8.400016660803542e-66	0	0
22	22	uniform	1	0	0	cold	2.4794672413199444e-50	0	0
22	22	uniform	1	0	0	warm	2.4794672413199444e-50	0	0
22	22	uniform	1	7	0	cold	5.417581439980833e-49	0	0
22	22	uniform	1	7	0	warm	1.8630149366260286e-52	0	0
22	22	uniform	1	15	0	cold	4.219246614209274e-47	0	0
22	22	uniform	1	15	0	warm	2.892701839738701e-48	0	0
22	22	uniform	1	23	0	cold	2.06761825635393e-43	0	0
22	22	uniform	1	23	0	warm	1.5816665430930698e-45	0	0
22	22	uniform	2	0	0	cold	5.485953752274426e-64	0	0
22	22	uniform	2	0	0	warm	5.485953752274426e-64	0	0
22	22	uniform	2	7	0	cold	1.2554341031799697e-65	0	0
22	22	uniform	2	7	0	warm	6.969664217907946e-67	0	0
22	22	uniform	2	15	0	cold	7.2772336893050285e-65	0	0
22	22	uniform	2	15	0	warm	8.960093979956816e-65	0	0
22	22	uniform	2	23	0	cold	4.210421610583952e-63	0	0
22	22	uniform	2	23	0	warm	1.721621740881494e-61	0	0
22	22	uniform	3	0	0	cold	2.85998200147923e-58	0	0
22	22	uniform	3	0	0	warm	2.85998200147923e-58	0	0
22	22	uniform	3	7	0	cold	1.2501410867072293e-59	0	0
22	22	uniform	3	7	0	warm	6.768451110676582e-59	0	0
22	22	uniform	3	15	0	cold	1.0199057933409175e-57	0	0
22	22	uniform	3	15	0	warm	8.364573219440134e-59	0	0
22	22	uniform	3	23	0	cold	7.633873214965843e-57	0	0
22	22	uniform	3	23	0	warm	1.5706211097509796e-57	0	0
22	22	uniform	4	0	0	cold	4.134928044904749e-66	0	0
22	22	uniform	4	0	0	warm	4.134928044904749e-66	0	0
22	22	uniform	4	7	0	cold	3.5247783016721486e-63	0	0
22	22	uniform	4	7	0	warm	4.710501840381466e-65	0	0
22	22	uniform	4	15	0	cold	3.7365974219425456e-63	0	0
22	22	uniform	4	15	0	warm	1.3035030207792947e-64	0	0
22	22	uniform	4	23	0	cold	1.114864971220247e-63	0	0
22	22	uniform	4	23	0	warm	1.7548381697097602e-64	0	0
23	23	linear	0	0	0	cold	1.4755133479435752e-69	0	0
23	23	linear	0	0	0	warm	1.4755133479435752e-69	0	0
23	23	linear	0	7	0	cold	1.0927583864411729e-70	0	0
23	23	linear	0	7	0	warm	1.6391375796617595e-70	0	0
23	23	linear	0	15	0	cold	1.0361489526371303e-73	0	0
23	23	linear	0	15	0	warm	3.0807667811721156e-72	0	0
23	23	linear	0	23	0	cold	1.7788469790018168e-75	0	0
23	23	linear	0	23	0	warm	1.228604879228679e-75	0	0
23	23	linear	1	0	0	cold	2.3161614908148816e-74	0	0
23	23	linear	1	0	0	warm	2.3161614908148816e-74	0	0
23	23	linear	1	7	0	cold	8.996383153398612e-75	0	0
23	23	linear	1	7	0	warm	1.3565974596394735e-75	0	0
23	23	linear	1	15	0	cold	4.4492829362374505e-74	0	0
23	23	linear	1	15	0	warm	1.5139330386327584e-76	0	0
23	23	linear	1	23	0	cold	4.731229472013934e-74	0	0
23	23	linear	1	23	0	warm	4.7086998078614854e-74	0	0
23	23	linear	2	0	0	cold	6.1918669096768625e-74	0	0
23	23	linear	2	0	0	warm	6.1918669096768625e-74	0	0
23	23	linear	2	7	0	cold	5.36712088747011e-74	0	0
23	23	linear	2	7	0	warm	4.844791774303064e-74	0	0
23	23	linear	2	15	0	cold	2.0149068506056342e-67	0	0
23	23	linear	2	15	0	warm	3.7756077418127983e-72	0	0
23	23	linear	2	23	0	cold	4.3913509600729443e-75	0	0
23	23	linear	2	23	0	warm	8.360922550979311e-76	0	0
23	23	linear	3	0	0	cold	2.384424066579877e-63	0	0
23	23	linear	3	0	0	warm	2.384424066579877e-63	0	0
23	23	linear	3	7	0	cold	1.5097463744215546e-64	0	0
23	23	linear	3	7	0	warm	4.966270968491958e-66	0	0
23	23	linear	3	15	0	cold	3.38049540314696e-66	0	0
23	23	linear	3	15	0	warm	2.3542735843344905e-65	0	0
23	23	linear	3	23	0	cold	8.374750214873472e-65	0	0
23	23	linear	3	23	0	warm	3.2555367032465886e-65	0	0
23	23	linear	4	0	0	cold	4.4302497187043333e-69	0	0
23	23	linear	4	0	0	warm	4.4302497187043333e-69	0	0
23	23	linear	4	7	0	cold	3.676263003166472e-63	0	0
23	23	linear	4	7	0	warm	7.842694406755141e-63	0	0
23	23	linear	4	15	0	cold	1.6068069705985973e-62	0	0
23	23	linear	4	15	0	warm	1.361766716500932e-62	0	0
23	23	linear	4	23	0	cold	4.466137432022339e-63	0	0
23	23	linear	4	23	0	warm	1.3222117397434556e-64	0	0
23	23	uniform	0	0	0	cold	1.4755133479435752e-69	0	0
23	23	uniform	0	0	0	warm	1.4755133479435752e-69	0	0
23	23	uniform	0	7	0	cold	1.0927583864411729e-70	0	0
23	23	uniform	0	7	0	warm	1.6391375796617595e-70	0	0
23	23	uniform	0	15	0	cold	1.0361489526371303e-73	0	0
23	23	uniform	0	15	0	warm	3.0807667811721156e-72	0	0
23	23	uniform	0	23	0	cold	1.7788469790018168e-75	0	0
23	23	uniform	0	23	0	warm	1.228604879228679e-75	0	0
23	23	uniform	1	0	0	cold	2.3161614908148816e-74	0	0
23	23	uniform	1	0	0	warm	2.3161614908148816e-74	0	0
23	23	uniform	1	7	0	cold	8.996383153398612e-75	0	0
23	23	uniform	1	7	0	warm	1.3565974596394735e-75	0	0
23	23	uniform	1	15	0	cold	4.4492829362374505e-74	0	0
23	23	uniform	1	15	0	warm	1.5139330386327584e-76	0	0
23	23	uniform	1	23	0	cold	4.731229472013934e-74	0	0
23	23	uniform	1	23	0	warm	4.7086998078614854e-74	0	0
23	23	uniform	2	0	0	cold	6.1918669096768625e-74	0	0
23	23	uniform	2	0	0	warm	6.1918669096768625e-74	0	0
23	23	uniform	2	7	0	cold	5.36712088747011e-74	0	0
23	23	uniform	2	7	0	warm	4.844791774303064e-74	0	0
23	23	uniform	2	15	0	cold	2.0149068506056342e-67	0	0
23	23	uniform	2	15	0	warm	3.7756077418127983e-72	0	0
23	23	uniform	2	23	0	cold	4.3913509600729443e-75	0	0
23	23	uniform	2	23	0	warm	8.360922550979311e-76	0	0
23	23	uniform	3	0	0	cold	2.384424066579877e-63	0	0
23	23	uniform	3	0	0	warm	2.384424066579877e-63	0	0
23	23	uniform	3	7	0	cold	1.5097463744215546e-64	0	0
23	23	uniform	3	7	0	warm	4.966270968491958e-66	0	0
23	23	uniform	3	15	0	cold	3.38049540314696e-66	0	0
23	23	uniform	3	15	0	warm	2.3542735843344905e-65	0	0
23	23	uniform	3	23	0	cold	8.374750214873472e-65	0	0
23	23	uniform	3	23	0	warm	3.2555367032465886e-65	0	0
23	23	uniform	4	0	0	cold	4.4302497187043333e-69	0	0
23	23	uniform	4	0	0	warm	4.4302497187043333e-69	0	0
23	23	uniform	4	7	0	cold	3.676263003166472e-63	0	0
23	23	uniform	4	7	0	warm	7.842694406755141e-63	0	0
23	23	uniform	4	15	0	cold	1.6068069705985973e-62	0	0
23	23	uniform	4	15	0	warm	1.361766716500932e-62	0	0
23	23	uniform	4	23	0	cold	4.466137432022339e-63	0	0
23	23	uniform	4	23	0	warm	1.3222117397434556e-64	0	0
24	24	linear	0	0	0	cold	6.2737720878850115e-46	0	0
24	24	linear	0	0	0	warm	6.2737720878850115e-46	0	0
24	24	linear	0	7	0	cold	2.7277530549305918e-46	0	0
24	24	linear	0	7	0	warm	6.390818806295077e-46	0	0
24	24	linear	0	15	0	cold	4.407532729002289e-47	0	0
24	24	linear	0	15	0	warm	4.904745870141345e-50	0	0
24	24	linear	0	23	0	cold	1.0495186678673575e-45	0	0
24	24	linear	0	23	0	warm	3.539739124399607e-46	0	0
24	24	linear	1	0	0	cold	1.2810304154218214e-57	0	0
24	24	linear	1	0	0	warm	1.2810304154218214e-57	0	0
24	24	linear	1	7	0	cold	3.056872566587895e-59	0	0
24	24	linear	1	7	0	warm	3.529244074474806e-59	0	0
24	24	linear	1	15	0	cold	2.351490446934863e-61	0	0
24	24	linear	1	15	0	warm	2.9258521589315285e-60	0	0
24	24	linear	1	23	0	cold	1.212340707214717e-60	0	0
24	24	linear	1	23	0	warm	3.489516867818724e-60	0	0
24	24	linear	2	0	0	cold	3.5372186146376028e-40	0	0
24	24	linear	2	0	0	warm	3.5372186146376028e-40	0	0
24	24	linear	2	7	0	cold	2.757065404298336e-38	0	0
24	24	linear	2	7	0	warm	2.1263850915356235e-39	0	0
24	24	linear	2	15	0	cold	2.7965466540274433e-33	0	0
24	24	linear	2	15	0	warm	2.393416667878178e-37	0	0
24	24	linear	2	23	0	cold	7.753634737830534e-52	0	0
24	24	linear	2	23	0	warm	5.0602710181355084e-54	0	0
24	24	linear	3	0	0	cold	1.0666397451893672e-49	0	0
24	24	linear	3	0	0	warm	1.0666397451893672e-49	0	0
24	24	linear	3	7	0	cold	2.6604464658470977e-49	0	0
24	24	linear	3	7	0	warm	6.886906823218841e-49	0	0
24	24	linear	3	15	0	cold	2.046534698055856e-49	0	0
24	24	linear	3	15	0	warm	5.698517982415875e-49	0	0
24	24	linear	3	23	0	cold	9.40838736689622e-52	0	0
24	24	linear	3	23	0	warm	2.0103653985913523e-51	0	0
24	24	linear	4	0	0	cold	1.999777030647364e-50	0	0
24	24	linear	4	0	0	warm	1.999777030647364e-50	0	0
24	24	linear	4	7	0	cold	8.112233667876836e-51	0	0
24	24	linear	4	7	0	warm	3.42726418658786e-52	0	0
24	24	linear	4	15	0	cold	3.0832946758080767e-50	0	0
24	24	linear	4	15	0	warm	2.2981062433352794e-49	0	0
24	24	linear	4	23	0	cold	2.291322131339932e-50	0	0
24	24	linear	4	23	0	warm	2.0893911607847307e-50	0	0
24	24	uniform	0	0	0	cold	6.2737720878850115e-46	0	0
24	24	uniform	0	0	0	warm	6.2737720878850115e-46	0	0
24	24	uniform	0	7	0	cold	2.7277530549305918e-46	0	0
24	24	uniform	0	7	0	warm	6.390818806295077e-46	0	0
24	24	uniform	0	15	0	cold	4.407532729002289e-47	0	0
24	24	uniform	0	15	0	warm	4.904745870141345e-50	0	0
24	24	uniform	0	23	0	cold	1.0495186678673575e-45	0	0
24	24	uniform	0	23	0	warm	3.539739124399607e-46	0	0
24	24	uniform	1	0	0	cold	1.2810304154218214e-57	0	0
24	24	uniform	1	0	0	warm	1.2810304154218214e-57	0	0
24	24	uniform	1	7	0	cold	3.056872566587895e-59	0	0
24	24	uniform	1	7	0	warm	3.529244074474806e-59	0	0
24	24	uniform	1	15	0	cold	2.351490446934863e-61	0	0
24	24	uniform	1	15	0	warm	2.9258521589315285e-60	0	0
24	24	uniform	1	23	0	cold	1.212340707214717e-60	0	0
24	24	uniform	1	23	0	warm	3.489516867818724e-60	0	0
24	24	uniform	2	0	0	cold	3.5372186146376028e-40	0	0
24	24	uniform	2	0	0	warm	3.5372186146376028e-40	0	0
24	24	uniform	2	7	0	cold	2.757065404298336e-38	0	0
24	24	uniform	2	7	0	warm	2.1263850915356235e-39	0	0
24	24	uniform	2	15	0	cold	2.7965466540274433e-33	0	0
24	24	uniform	2	15	0	warm	2.393416667878178e-37	0	0
24	24	uniform	2	23	0	cold	7.753634737830534e-52	0	0
24	24	uniform	2	23	0	warm	5.0602710181355084e-54	0	0
24	24	uniform	3	0	0	cold	1.0666397451893672e-49	0	0
24	24	uniform	3	0	0	warm	1.0666397451893672e-49	0	0
24	24	uniform	3	7	0	cold	2.6604464658470977e-49	0	0
24	24	uniform	3	7	0	warm	6.886906823218841e-49	0	0
24	24	uniform	3	15	0	cold	2.046534698055856e-49	0	0
24	24	uniform	3	15	0	warm	5.698517982415875e-49	0	0
24	24	uniform	3	23	0	cold	9.40838736689622e-52	0	0
24	24	uniform	3	23	0	warm	2.0103653985913523e-51	0	0
24	24	uniform	4	0	0	cold	1.999777030647364e-50	0	0
24	24	uniform	4	0	0	warm	1.999777030647364e-50	0	0
24	24	uniform	4	7	0	cold	8.112233667876836e-51	0	0
24	24	uniform	4	7	0	warm	3.42726418658786e-52	0	0
24	24	uniform	4	15	0	cold	3.0832946758080767e-50	0	0
24	24	uniform	4	15	0	warm	2.2981062433352794e-49	0	0
24	24	uniform	4	23	0	cold	2.291322131339932e-50	0	0
24	24	uniform	4	23	0	warm	2.0893911607847307e-50	0	0
25	25	linear	0	0	0	cold	4.863772236999964e-72	0	0
25	25	linear	0	0	0	warm	4.863772236999964e-72	0	0
25	25	linear	0	7	0	cold	1.61758937271828e-71	0	0
25	25	linear	0	7	0	warm	3.1431905305060753e-71	0	0
25	25	linear	0	15	0	cold	1.491562377009347e-69	0	0
25	25	linear	0	15	0	warm	1.1652831070385527e-70	0	0
25	25	linear	0	23	0	cold	7.950839681369423e-65	0	0
25	25	linear	0	23	0	warm	5.1638777687786985e-65	0	0
25	25	linear	1	0	0	cold	2.0045083141409795e-65	0	0
25	25	linear	1	0	0	warm	2.0045083141409795e-65	0	0
25	25	linear	1	7	0	cold	5.7623173162000445e-71	0	0
25	25	linear	1	7	0	warm	3.651736753665248e-68	0	0
25	25	linear	1	15	0	cold	1.54343251261978e-71	0	0
25	25	linear	1	15	0	warm	1.4111382972523704e-70	0	0
25	25	linear	1	23	0	cold	4.905002010285532e-71	0	0
25	25	linear	1	23	0	warm	2.595910241307817e-72	0	0
25	25	linear	2	0	0	cold	4.658444849233283e-69	0	0
25	25	linear	2	0	0	warm	4.658444849233283e-69	0	0
25	25	linear	2	7	0	cold	1.604748892703307e-67	0	0
25	25	linear	2	7	0	warm	3.517257847020946e-68	0	0
25	25	linear	2	15	0	cold	5.2230944555224427e-70	0	0
25	25	linear	2	15	0	warm	1.607105986314599e-71	0	0
25	25	linear	2	23	0	cold	7.940923321789124e-71	0	0
25	25	linear	2	23	0	warm	4.281062837016826e-71	0	0
25	25	linear	3	0	0	cold	8.309977610661457e-73	0	0
25	25	linear	3	0	0	warm	8.309977610661457e-73	0	0
25	25	linear	3	7	0	cold	3.434468120737216e-72	0	0
25	25	linear	3	7	0	warm	3.8489728939296386e-73	0	0
25	25	linear	3	15	0	cold	2.4667842388766795e-72	0	0
25	25	linear	3	15	0	warm	2.0589294742815319e-72	0	0
25	25	linear	3	23	0	cold	8.090214412500687e-72	0	0
25	25	linear	3	23	0	warm	1.447450501917056e-73	0	0
25	25	linear	4	0	0	cold	3.927076022281819e-68	0	0
25	25	linear	4	0	0	warm	3.927076022281819e-68	0	0
25	25	linear	4	7	0	cold	2.9963030691268914e-67	0	0
25	25	linear	4	7	0	warm	2.3848126468560976e-68	0	0
25	25	linear	4	15	0	cold	6.529293934481801e-67	0	0
25	25	linear	4	15	0	warm	1.9636974239043024e-69	0	0
25	25	linear	4	23	0	cold	1.1484815071209226e-66	0	0
25	25	linear	4	23	0	warm	3.317473610094639e-67	0	0
25	25	uniform	0	0	0	cold	4.863772236999964e-72	0	0
25	25	uniform	0	0	0	warm	4.863772236999964e-72	0	0
25	25	uniform	0	7	0	cold	1.61758937271828e-71	0	0
25	25	uniform	0	7	0	warm	3.1431905305060753e-71	0	0
25	25	uniform	0	15	0	cold	1.491562377009347e-69	0	0
25	25	uniform	0	15	0	warm	1.1652831070385527e-70	0	0
25	25	uniform	0	23	0	cold	7.950839681369423e-65	0	0
25	25	uniform	0	23	0	warm	5.1638777687786985e-65	0	0
25	25	uniform	1	0	0	cold	2.0045083141409795e-65	0	0
25	25	uniform	1	0	0	warm	2.0045083141409795e-65	0	0
25	25	uniform	1	7	0	cold	5.7623173162000445e-71	0	0
25	25	uniform	1	7	0	warm	3.651736753665248e-68	0	0
25	25	uniform	1	15	0	cold	1.54343251261978e-71	0	0
25	25	uniform	1	15	0	warm	1.4111382972523704e-70	0	0
25	25	uniform	1	23	0	cold	4.905002010285532e-71	0	0
25	25	uniform	1	23	0	warm	2.595910241307817e-72	0	0
25	25	uniform	2	0	0	cold	4.658444849233283e-69	0	0
25	25	uniform	2	0	0	warm	4.658444849233283e-69	0	0
25	25	uniform	2	7	0	cold	1.604748892703307e-67	0	0
25	25	uniform	2	7	0	warm	3.517257847020946e-68	0	0
25	25	uniform	2	15	0	cold	5.2230944555224427e-70	0	0
25	25	uniform	2	15	0	warm	1.607105986314599e-71	0	0
25	25	uniform	2	23	0	cold	7.940923321789124e-71	0	0
25	25	uniform	2	23	0	warm	4.281062837016826e-71	0	0
25	25	uniform	3	0	0	cold	8.309977610661457e-73	0	0
25	25	uniform	3	0	0	warm	8.309977610661457e-73	0	0
25	25	uniform	3	7	0	cold	3.434468120737216e-72	0	0
25	25	uniform	3	7	0	warm	3.8489728939296386e-73	0	0
25	25	uniform	3	15	0	cold	2.4667842388766795e-72	0	0
25	25	uniform	3	15	0	warm	2.0589294742815319e-72	0	0
25	25	uniform	3	23	0	cold	8.090214412500687e-72	0	0
25	25	uniform	3	23	0	warm	1.447450501917056e-73	0	0
25	25	uniform	4	0	0	cold	3.927076022281819e-68	0	0
25	25	uniform	4	0	0	warm	3.927076022281819e-68	0	0
25	25	uniform	4	7	0	cold	2.9963030691268914e-67	0	0
25	25	uniform	4	7	0	warm	2.3848126468560976e-68	0	0
25	25	uniform	4	15	0	cold	6.529293934481801e-67	0	0
25	25	uniform	4	15	0	warm	1.9636974239043024e-69	0	0
25	25	uniform	4	23	0	cold	1.1484815071209226e-66	0	0
25	25	uniform	4	23	0	warm	3.317473610094639e-67	0	0
26	26	linear	0	0	0	cold	2.5225586631537315e-17	0	0
26	26	linear	0	0	0	warm	2.5225586631537315e-17	0	0
26	26	linear	0	7	0	cold	1.561524010355968e-17	0	0
26	26	linear	0	7	0	warm	3.7724509412605574e-17	0	0
26	26	linear	0	15	0	cold	5.590410911625137e-17	0	0
26	26	linear	0	15	0	warm	8.638381869443339e-17	0	0
26	26	linear	0	23	0	cold	4.681679705369366e-17	0	0
26	26	linear	0	23	0	warm	1.1072999886166037e-16	0	0
26	26	linear	1	0	0	cold	7.775473704813026e-70	0	0
26	26	linear	1	0	0	warm	7.775473704813026e-70	0	0
26	26	linear	1	7	0	cold	2.2039938742744806e-69	0	0
26	26	linear	1	7	0	warm	1.1802346008784079e-70	0	0
26	26	linear	1	15	0	cold	9.52617040317037e-66	0	0
26	26	linear	1	15	0	warm	2.3118871821867342e-66	0	0
26	26	linear	1	23	0	cold	5.382642798733434e-66	0	0
26	26	linear	1	23	0	warm	8.204248333385883e-73	0	0
26	26	linear	2	0	0	cold	4.6799470018695236e-54	0	0
26	26	linear	2	0	0	warm	4.6799470018695236e-54	0	0
26	26	linear	2	7	0	cold	6.187882064016425e-56	0	0
26	26	linear	2	7	0	warm	2.2088296552172545e-56	0	0
26	26	linear	2	15	0	cold	1.1998825361363427e-53	0	0
26	26	linear	2	15	0	warm	1.470971316699676e-53	0	0
26	26	linear	2	23	0	cold	3.775939421359106e-52	0	0
26	26	linear	2	23	0	warm	9.224738151008994e-54	0	0
26	26	linear	3	0	0	cold	1.4709888991127144e-72	0	0
26	26	linear	3	0	0	warm	1.4709888991127144e-72	0	0
26	26	linear	3	7	0	cold	7.787176879017052e-69	0	0
26	26	linear	3	7	0	warm	5.30079069394339e-71	0	0
26	26	linear	3	15	0	cold	3.3593435656065788e-68	0	0
26	26	linear	3	15	0	warm	5.571999781717408e-72	0	0
26	26	linear	3	23	0	cold	1.5795751259015415e-71	0	0
26	26	linear	3	23	0	warm	1.5815662682499868e-75	0	0
26	26	linear	4	0	0	cold	1.2753600130214725e-55	0	0
26	26	linear	4	0	0	warm	1.2753600130214725e-55	0	0
26	26	linear	4	7	0	cold	1.3336889792472373e-55	0	0
26	26	linear	4	7	0	warm	4.457540222748801e-56	0	0
26	26	linear	4	15	0	cold	1.9217365189873935e-57	0	0
26	26	linear	4	15	0	warm	5.5205306556972506e-55	0	0
26	26	linear	4	23	0	cold	1.0925773813463526e-55	0	0
26	26	linear	4	23	0	warm	5.25124082679122e-55	0	0
26	26	uniform	0	0	0	cold	2.5225586631537315e-17	0	0
26	26	uniform	0	0	0	warm	2.5225586631537315e-17	0	0
26	26	uniform	0	7	0	cold	1.561524010355968e-17	0	0
26	26	uniform	0	7	0	warm	3.7724509412605574e-17	0	0
26	26	uniform	0	15	0	cold	5.590410911625137e-17	0	0
26	26	uniform	0	15	0	warm	8.638381869443339e-17	0	0
26	26	uniform	0	23	0	cold	4.681679705369366e-17	0	0
26	26	uniform	0	23	0	warm	1.1072999886166037e-16	0	0
26	26	uniform	1	0	0	cold	7.775473704813026e-70	0	0
26	26	uniform	1	0	0	warm	7.775473704813026e-70	0	0
26	26	uniform	1	7	0	cold	2.2039938742744806e-69	0	0
26	26	uniform	1	7	0	warm	1.1802346008784079e-70	0	0
26	26	uniform	1	15	0	cold	9.52617040317037e-66	0	0
26	26	uniform	1	15	0	warm	2.3118871821867342e-66	0	0
26	26	uniform	1	23	0	cold	5.382642798733434e-66	0	0
26	26	uniform	1	23	0	warm	8.204248333385883e-73	0	0
26	26	uniform	2	0	0	cold	4.6799470018695236e-54	0	0
26	26	uniform	2	0	0	warm	4.6799470018695236e-54	0	0
26	26	uniform	2	7	0	cold	6.187882064016425e-56	0	0
26	26	uniform	2	7	0	warm	2.2088296552172545e-56	0	0
26	26	uniform	2	15	0	cold	1.1998825361363427e-53	0	0
26	26	uniform	2	15	0	warm	1.470971316699676e-53	0	0
26	26	uniform	2	23	0	cold	3.775939421359106e-52	0	0
26	26	uniform	2	23	0	warm	9.224738151008994e-54	0	0
26	26	uniform	3	0	0	cold	1.4709888991127144e-72	0	0
26	26	uniform	3	0	0	warm	1.4709888991127144e-72	0	0
26	26	uniform	3	7	0	cold	7.787176879017052e-69	0	0
26	26	uniform	3	7	0	warm	5.30079069394339e-71	0	0
26	26	uniform	3	15	0	cold	3.3593435656065788e-68	0	0
26	26	uniform	3	15	0	warm	5.571999781717408e-72	0	0
26	26	uniform	3	23	0	cold	1.5795751259015415e-71	0	0
26	26	uniform	3	23	0	warm	1.5815662682499868e-75	0	0
26	26	uniform	4	0	0	cold	1.2753600130214725e-55	0	0
26	26	uniform	4	0	0	warm	1.2753600130214725e-55	0	0
26	26	uniform	4	7	0	cold	1.3336889792472373e-55	0	0
26	26	uniform	4	7	0	warm	4.457540222748801e-56	0	0
26	26	uniform	4	15	0	cold	1.9217365189873935e-57	0	0
26	26	uniform	4	15	0	warm	5.5205306556972506e-55	0	0
26	26	uniform	4	23	0	cold	1.0925773813463526e-55	0	0
26	26	uniform	4	23	0	warm	5.25124082679122e-55	0	0
27	27	linear	0	0	0	cold	3.2630263911295438e-62	0	0
27	27	linear	0	0	0	warm	3.2630263911295438e-62	0	0
27	27	linear	0	7	0	cold	9.924446775265862e-61	0	0
27	27	linear	0	7	0	warm	2.298292937429989e-60	0	0
27	27	linear	0	15	0	cold	7.582647821349915e-61	0	0
27	27	linear	0	15	0	warm	1.307353072646538e-61	0	0
27	27	linear	0	23	0	cold	6.135032815499097e-61	0	0
27	27	linear	0	23	0	warm	3.438905439890391e-62	0	0
27	27	linear	1	0	0	cold	1.6847263550934828e-65	0	0
27	27	linear	1	0	0	warm	1.6847263550934828e-65	0	0
27	27	linear	1	7	0	cold	7.91235441206986e-67	0	0
27	27	linear	1	7	0	warm	1.3487544595382519e-67	0	0
27	27	linear	1	15	0	cold	1.0072980141668974e-66	0	0
27	27	linear	1	15	0	warm	5.5767461602008776e-67	0	0
27	27	linear	1	23	0	cold	8.802641532089919e-67	0	0
27	27	linear	1	23	0	warm	6.1246755155967e-70	0	0
27	27	linear	2	0	0	cold	3.146361981438904e-44	0	0
27	27	linear	2	0	0	warm	3.146361981438904e-44	0	0
27	27	linear	2	7	0	cold	1.8212685969078851e-47	0	0
27	27	linear	2	7	0	warm	1.2312504230800569e-46	0	0
27	27	linear	2	15	0	cold	1.6838479739650677e-49	0	0
27	27	linear	2	15	0	warm	6.338322986344367e-50	0	0
27	27	linear	2	23	0	cold	5.164228073969314e-50	0	0
27	27	linear	2	23	0	warm	1.795088987953988e-50	0	0
27	27	linear	3	0	0	cold	2.909709969470519e-62	0	0
27	27	linear	3	0	0	warm	2.909709969470519e-62	0	0
27	27	linear	3	7	0	cold	1.067430568505385e-63	0	0
27	27	linear	3	7	0	warm	3.4691493476425016e-64	0	0
27	27	linear	3	15	0	cold	8.531152730305029e-63	0	0
27	27	linear	3	15	0	warm	2.6646400962877728e-64	0	0
27	27	linear	3	23	0	cold	1.1668516356147843e-63	0	0
27	27	linear	3	23	0	warm	4.160079744365753e-63	0	0
27	27	linear	4	0	0	cold	3.33877825418892e-51	0	0
27	27	linear	4	0	0	warm	3.33877825418892e-51	0	0
27	27	linear	4	7	0	cold	1.9890756382802378e-54	0	0
27	27	linear	4	7	0	warm	1.8816013772731673e-54	0	0
27	27	linear	4	15	0	cold	5.54394495510462e-54	0	0
27	27	linear	4	15	0	warm	7.741720619358529e-55	0	0
27	27	linear	4	23	0	cold	9.148198864742781e-52	0	0
27	27	linear	4	23	0	warm	8.903931711592895e-53	0	0
27	27	uniform	0	0	0	cold	3.2630263911295438e-62	0	0
27	27	uniform	0	0	0	warm	3.2630263911295438e-62	0	0
27	27	uniform	0	7	0	cold	9.924446775265862e-61	0	0
27	27	uniform	0	7	0	warm	2.298292937429989e-60	0	0
27	27	uniform	0	15	0	cold	7.582647821349915e-61	0	0
27	27	uniform	0	15	0	warm	1.307353072646538e-61	0	0
27	27	uniform	0	23	0	cold	6.135032815499097e-61	0	0
27	27	uniform	0	23	0	warm	3.438905439890391e-62	0	0
27	27	uniform	1	0	0	cold	1.6847263550934828e-65	0	0
27	27	uniform	1	0	0	warm	1.6847263550934828e-65	0	0
27	27	uniform	1	7	0	cold	7.91235441206986e-67	0	0
27	27	uniform	1	7	0	warm	1.3487544595382519e-67	0	0
27	27	uniform	1	15	0	cold	1.0072980141668974e-66	0	0
27	27	uniform	1	15	0	warm	5.5767461602008776e-67	0	0
27	27	uniform	1	23	0	cold	8.802641532089919e-67	0	0
27	27	uniform	1	23	0	warm	6.1246755155967e-70	0	0
27	27	uniform	2	0	0	cold	3.146361981438904e-44	0	0
27	27	uniform	2	0	0	warm	3.146361981438904e-44	0	0
27	27	uniform	2	7	0	cold	1.8212685969078851e-47	0	0
27	27	uniform	2	7	0	warm	1.2312504230800569e-46	0	0
27	27	uniform	2	15	0	cold	1.6838479739650677e-49	0	0
27	27	uniform	2	15	0	warm	6.338322986344367e-50	0	0
27	27	uniform	2	23	0	cold	5.164228073969314e-50	0	0
27	27	uniform	2	23	0	warm	1.795088987953988e-50	0	0
27	27	uniform	3	0	0	cold	2.909709969470519e-62	0	0
27	27	uniform	3	0	0	warm	2.909709969470519e-62	0	0
27	27	uniform	3	7	0	cold	1.067430568505385e-63	0	0
27	27	uniform	3	7	0	warm	3.4691493476425016e-64	0	0
27	27	uniform	3	15	0	cold	8.531152730305029e-63	0	0
27	27	uniform	3	15	0	warm	2.6646400962877728e-64	0	0
27	27	uniform	3	23	0	cold	1.1668516356147843e-63	0	0
27	27	uniform	3	23	0	warm	4.160079744365753e-63	0	0
27	27	uniform	4	0	0	cold	3.33877825418892e-51	0	0
27	27	uniform	4	0	0	warm	3.33877825418892e-51	0	0
27	27	uniform	4	7	0	cold	1.9890756382802378e-54	0	0
27	27	uniform	4	7	0	warm	1.8816013772731673e-54	0	0
27	27	uniform	4	15	0	cold	5.54394495510462e-54	0	0
27	27	uniform	4	15	0	warm	7.741720619358529e-55	0	0
27	27	uniform	4	23	0	cold	9.148198864742781e-52	0	0
27	27	uniform	4	23	0	warm	8.903931711592895e-53	0	0
28	28	linear	0	0	0	cold	5.8900407343409504e-46	0	0
28	28	linear	0	0	0	warm	5.8900407343409504e-46	0	0
28	28	linear	0	7	0	cold	2.3532875243272135e-38	0	0
28	28	linear	0	7	0	warm	3.0847382003303636e-41	0	0
28	28	linear	0	15	0	cold	2.0880738656357616e-42	0	0
28	28	linear	0	15	0	warm	7.917808250881957e-53	0	0
28	28	linear	0	23	0	cold	4.5886560655716624e-38	0	0
28	28	linear	0	23	0	warm	1.0639929610487849e-47	0	0
28	28	linear	1	0	0	cold	5.847547859610012e-62	0	0
28	28	linear	1	0	0	warm	5.847547859610012e-62	0	0
28	28	linear	1	7	0	cold	1.1528491989724934e-48	0	0
28	28	linear	1	7	0	warm	2.3360367619368024e-54	0	0
28	28	linear	1	15	0	cold	1.4535815790961665e-40	0	0
28	28	linear	1	15	0	warm	1.0967086219463183e-54	0	0
28	28	linear	1	23	0	cold	5.450922198703163e-44	0	0
28	28	linear	1	23	0	warm	2.428032441606054e-60	0	0
28	28	linear	2	0	0	cold	2.1987851077871354e-45	0	0
28	28	linear	2	0	0	warm	2.1987851077871354e-45	0	0
28	28	linear	2	7	0	cold	3.902277689891441e-55	0	0
28	28	linear	2	7	0	warm	9.294768177118705e-41	0	0
28	28	linear	2	15	0	cold	2.0485141378146942e-50	0	0
28	28	linear	2	15	0	warm	2.538945516119276e-53	0	0
28	28	linear	2	23	0	cold	4.60760046876966e-49	0	0
28	28	linear	2	23	0	warm	7.570159793960925e-55	0	0
28	28	linear	3	0	0	cold	1.1549223825750501e-54	0	0
28	28	linear	3	0	0	warm	1.1549223825750501e-54	0	0
28	28	linear	3	7	0	cold	7.082402787579367e-68	0	0
28	28	linear	3	7	0	warm	3.614048780778836e-68	0	0
28	28	linear	3	15	0	cold	5.862279174671585e-58	0	0
28	28	linear	3	15	0	warm	1.6224387202244456e-51	0	0
28	28	linear	3	23	0	cold	1.1879356261787172e-72	0	0
28	28	linear	3	23	0	warm	6.755269617653212e-60	0	0
28	28	linear	4	0	0	cold	2.9538411486500324e-49	0	0
28	28	linear	4	0	0	warm	2.9538411486500324e-49	0	0
28	28	linear	4	7	0	cold	7.988706162151677e-75	0	0
28	28	linear	4	7	0	warm	2.163617842787017e-75	0	0
28	28	linear	4	15	0	cold	1.5243840547644686e-48	0	0
28	28	linear	4	15	0	warm	2.018748601358254e-75	0	0
28	28	linear	4	23	0	cold	9.045633919073697e-50	0	0
28	28	linear	4	23	0	warm	1.828113246073261e-49	0	0
28	28	uniform	0	0	0	cold	5.8900407343409504e-46	0	0
28	28	uniform	0	0	0	warm	5.8900407343409504e-46	0	0
28	28	uniform	0	7	0	cold	2.3532875243272135e-38	0	0
28	28	uniform	0	7	0	warm	3.0847382003303636e-41	0	0
28	28	uniform	0	15	0	cold	2.0880738656357616e-42	0	0
28	28	uniform	0	15	0	warm	7.917808250881957e-53	0	0
28	28	uniform	0	23	0	cold	4.5886560655716624e-38	0	0
28	28	uniform	0	23	0	warm	1.0639929610487849e-47	0	0
28	28	uniform	1	0	0	cold	5.847547859610012e-62	0	0
28	28	uniform	1	0	0	warm	5.847547859610012e-62	0	0
28	28	uniform	1	7	0	cold	1.1528491989724934e-48	0	0
28	28	uniform	1	7	0	warm	2.3360367619368024e-54	0	0
28	28	uniform	1	15	0	cold	1.4535815790961665e-40	0	0
28	28	uniform	1	15	0	warm	1.0967086219463183e-54	0	0
28	28	uniform	1	23	0	cold	5.450922198703163e-44	0	0
28	28	uniform	1	23	0	warm	2.428032441606054e-60	0	0
28	28	uniform	2	0	0	cold	2.1987851077871354e-45	0	0
28	28	uniform	2	0	0	warm	2.1987851077871354e-45	0	0
28	28	uniform	2	7	0	cold	3.902277689891441e-55	0	0
28	28	uniform	2	7	0	warm	9.294768177118705e-41	0	0
28	28	uniform	2	15	0	cold	2.0485141378146942e-50	0	0
28	28	uniform	2	15	0	warm	2.538945516119276e-53	0	0
28	28	uniform	2	23	0	cold	4.60760046876966e-49	0	0
28	28	uniform	2	23	0	warm	7.570159793960925e-55	0	0
28	28	uniform	3	0	0	cold	1.1549223825750501e-54	0	0
28	28	uniform	3	0	0	warm	1.1549223825750501e-54	0	0
28	28	uniform	3	7	0	cold	7.082402787579367e-68	0	0
28	28	uniform	3	7	0	warm	3.614048780778836e-68	0	0
28	28	uniform	3	15	0	cold	5.862279174671585e-58	0	0
28	28	uniform	3	15	0	warm	1.6224387202244456e-51	0	0
28	28	uniform	3	23	0	cold	1.1879356261787172e-72	0	0
28	28	uniform	3	23	0	warm	6.755269617653212e-60	0	0
28	28	uniform	4	0	0	cold	2.9538411486500324e-49	0	0
28	28	uniform	4	0	0	warm	2.9538411486500324e-49	0	0
28	28	uniform	4	7	0	cold	7.988706162151677e-75	0	0
28	28	uniform	4	7	0	warm	2.163617842787017e-75	0	0
28	28	uniform	4	15	0	cold	1.5243840547644686e-48	0	0
28	28	uniform	4	15	0	warm	2.018748601358254e-75	0	0
28	28	uniform	4	23	0	cold	9.045633919073697e-50	0	0
28	28	uniform	4	23	0	warm	1.828113246073261e-49	0	0
29	29	linear	0	0	0	cold	1.326000036186542e-58	0	0
29	29	linear	0	0	0	warm	1.326000036186542e-58	0	0
29	29	linear	0	7	0	cold	4.174813165158904e-58	0	0
29	29	linear	0	7	0	warm	1.0615208925335494e-58	0	0
29	29	linear	0	15	0	cold	4.185217722205546e-60	0	0
29	29	linear	0	15	0	warm	1.1227413497706797e-62	0	0
29	29	linear	0	23	0	cold	8.811601167885848e-60	0	0
29	29	linear	0	23	0	warm	5.709355598601237e-60	0	0
29	29	linear	1	0	0	cold	3.5095079449894754e-43	0	0
29	29	linear	1	0	0	warm	3.5095079449894754e-43	0	0
29	29	linear	1	7	0	cold	6.537538222480236e-44	0	0
29	29	linear	1	7	0	warm	3.4993252541979646e-44	0	0
29	29	linear	1	15	0	cold	5.322093274229768e-46	0	0
29	29	linear	1	15	0	warm	2.281863011399611e-42	0	0
29	29	linear	1	23	0	cold	1.845839041154571e-38	0	0
29	29	linear	1	23	0	warm	1.3352173972394176e-38	0	0
29	29	linear	2	0	0	cold	2.866977148776824e-66	0	0
29	29	linear	2	0	0	warm	2.866977148776824e-66	0	0
29	29	linear	2	7	0	cold	3.368990051491864e-64	0	0
29	29	linear	2	7	0	warm	4.036613732758438e-65	0	0
29	29	linear	2	15	0	cold	1.6021023774429545e-64	0	0
29	29	linear	2	15	0	warm	7.371091869610044e-66	0	0
29	29	linear	2	23	0	cold	4.208511820612247e-65	0	0
29	29	linear	2	23	0	warm	1.8544477519639098e-65	0	0
29	29	linear	3	0	0	cold	6.403525539578169e-61	0	0
29	29	linear	3	0	0	warm	6.403525539578169e-61	0	0
29	29	linear	3	7	0	cold	6.99073773446534e-63	0	0
29	29	linear	3	7	0	warm	4.073282888651709e-64	0	0
29	29	linear	3	15	0	cold	1.9461721798516068e-61	0	0
29	29	linear	3	15	0	warm	6.644002784345627e-63	0	0
29	29	linear	3	23	0	cold	1.303480104096537e-62	0	0
29	29	linear	3	23	0	warm	9.732493176910101e-64	0	0
29	29	linear	4	0	0	cold	6.160966930670939e-67	0	0
29	29	linear	4	0	0	warm	6.160966930670939e-67	0	0
29	29	linear	4	7	0	cold	9.932927942927644e-67	0	0
29	29	linear	4	7	0	warm	8.839252908646281e-67	0	0
29	29	linear	4	15	0	cold	5.848470021860527e-67	0	0
29	29	linear	4	15	0	warm	8.77621551899839e-69	0	0
29	29	linear	4	23	0	cold	1.0586143201507839e-67	0	0
29	29	linear	4	23	0	warm	8.15074964147962e-68	0	0
29	29	uniform	0	0	0	cold	1.326000036186542e-58	0	0
29	29	uniform	0	0	0	warm	1.326000036186542e-58	0	0
29	29	uniform	0	7	0	cold	4.174813165158904e-58	0	0
29	29	uniform	0	7	0	warm	1.0615208925335494e-58	0	0
29	29	uniform	0	15	0	cold	4.185217722205546e-60	0	0
29	29	uniform	0	15	0	warm	1.1227413497706797e-62	0	0
29	29	uniform	0	23	0	cold	8.811601167885848e-60	0	0
29	29	uniform	0	23	0	warm	5.709355598601237e-60	0	0
29	29	uniform	1	0	0	cold	3.5095079449894754e-43	0	0
29	29	uniform	1	0	0	warm	3.5095079449894754e-43	0	0
29	29	uniform	1	7	0	cold	6.537538222480236e-44	0	0
29	29	uniform	1	7	0	warm	3.4993252541979646e-44	0	0
29	29	uniform	1	15	0	cold	5.322093274229768e-46	0	0
29	29	uniform	1	15	0	warm	2.281863011399611e-42	0	0
29	29	uniform	1	23	0	cold	1.845839041154571e-38	0	0
29	29	uniform	1	23	0	warm	1.3352173972394176e-38	0	0
29	29	uniform	2	0	0	cold	2.866977148776824e-66	0	0
29	29	uniform	2	0	0	warm	2.866977148776824e-66	0	0
29	29	uniform	2	7	0	cold	3.368990051491864e-64	0	0
29	29	uniform	2	7	0	warm	4.036613732758438e-65	0	0
29	29	uniform	2	15	0	cold	1.6021023774429545e-64	0	0
29	29	uniform	2	15	0	warm	7.371091869610044e-66	0	0
29	29	uniform	2	23	0	cold	4.208511820612247e-65	0	0
29	29	uniform	2	23	0	warm	1.8544477519639098e-65	0	0
29	29	uniform	3	0	0	cold	6.403525539578169e-61	0	0
29	29	uniform	3	0	0	warm	6.403525539578169e-61	0	0
29	29	uniform	3	7	0	cold	6.99073773446534e-63	0	0
29	29	uniform	3	7	0	warm	4.073282888651709e-64	0	0
29	29	uniform	3	15	0	cold	1.9461721798516068e-61	0	0
29	29	uniform	3	15	0	warm	6.644002784345627e-63	0	0
29	29	uniform	3	23	0	cold	1.303480104096537e-62	0	0
29	29	uniform	3	23	0	warm	9.732493176910101e-64	0	0
29	29	uniform	4	0	0	cold	6.160966930670939e-67	0	0
29	29	uniform	4	0	0	warm	6.160966930670939e-67	0	0
29	29	uniform	4	7	0	cold	9.932927942927644e-67	0	0
29	29	uniform	4	7	0	warm	8.839252908646281e-67	0	0
29	29	uniform	4	15	0	cold	5.848470021860527e-67	0	0
29	29	uniform	4	15	0	warm	8.77621551899839e-69	0	0
29	29	uniform	4	23	0	cold	1.0586143201507839e-67	0	0
29	29	uniform	4	23	0	warm	8.15074964147962e-68	0	0
30	30	linear	0	0	0	cold	9.37144401721212e-59	0	0
30	30	linear	0	0	0	warm	9.37144401721212e-59	0	0
30	30	linear	0	7	0	cold	4.9300697520378805e-58	0	0
30	30	linear	0	7	0	warm	4.103655943629351e-58	0	0
30	30	linear	0	15	0	cold	3.9008681799812656e-55	0	0
30	30	linear	0	15	0	warm	5.045467297568164e-57	0	0
30	30	linear	0	23	0	cold	7.055730498524471e-57	0	0
30	30	linear	0	23	0	warm	5.662772121780155e-57	0	0
30	30	linear	1	0	0	cold	6.602998255516052e-65	0	0
30	30	linear	1	0	0	warm	6.602998255516052e-65	0	0
30	30	linear	1	7	0	cold	7.617743370952459e-66	0	0
30	30	linear	1	7	0	warm	7.354287805642021e-65	0	0
30	30	linear	1	15	0	cold	8.239859802393097e-54	0	0
30	30	linear	1	15	0	warm	1.1302962959260118e-52	0	0
30	30	linear	1	23	0	cold	2.79052254536482e-57	0	0
30	30	linear	1	23	0	warm	5.491403319130083e-58	0	0
30	30	linear	2	0	0	cold	1.106181949558798e-66	0	0
30	30	linear	2	0	0	warm	1.106181949558798e-66	0	0
30	30	linear	2	7	0	cold	3.4922079341752765e-65	0	0
30	30	linear	2	7	0	warm	2.7610450309999095e-66	0	0
30	30	linear	2	15	0	cold	1.68206572367429e-71	0	0
30	30	linear	2	15	0	warm	1.3516382709578563e-71	0	0
30	30	linear	2	23	0	cold	6.851607351264652e-71	0	0
30	30	linear	2	23	0	warm	9.592250291770511e-70	0	0
30	30	linear	3	0	0	cold	4.6189135932513646e-58	0	0
30	30	linear	3	0	0	warm	4.6189135932513646e-58	0	0
30	30	linear	3	7	0	cold	8.326872049977743e-63	0	0
30	30	linear	3	7	0	warm	3.858242977003262e-63	0	0
30	30	linear	3	15	0	cold	4.826740704178933e-63	0	0
30	30	linear	3	15	0	warm	3.184224548630338e-63	0	0
30	30	linear	3	23	0	cold	3.056540245851925e-64	0	0
30	30	linear	3	23	0	warm	6.085911245074055e-64	0	0
30	30	linear	4	0	0	cold	2.645668907230719e-68	0	0
30	30	linear	4	0	0	warm	2.645668907230719e-68	0	0
30	30	linear	4	7	0	cold	4.654604969257605e-68	0	0
30	30	linear	4	7	0	warm	4.707657281323656e-69	0	0
30	30	linear	4	15	0	cold	1.6672003758895595e-67	0	0
30	30	linear	4	15	0	warm	5.87935374309299e-67	0	0
30	30	linear	4	23	0	cold	1.3734261806509163e-67	0	0
30	30	linear	4	23	0	warm	2.6106448061959565e-68	0	0
30	30	uniform	0	0	0	cold	9.37144401721212e-59	0	0
30	30	uniform	0	0	0	warm	9.37144401721212e-59	0	0
30	30	uniform	0	7	0	cold	4.9300697520378805e-58	0	0
30	30	uniform	0	7	0	warm	4.103655943629351e-58	0	0
30	30	uniform	0	15	0	cold	3.9008681799812656e-55	0	0
30	30	uniform	0	15	0	warm	5.045467297568164e-57	0	0
30	30	uniform	0	23	0	cold	7.055730498524471e-57	0	0
30	30	uniform	0	23	0	warm	5.662772121780155e-57	0	0
30	30	uniform	1	0	0	cold	6.602998255516052e-65	0	0
30	30	uniform	1	0	0	warm	6.602998255516052e-65	0	0
30	30	uniform	1	7	0	cold	7.617743370952459e-66	0	0
30	30	uniform	1	7	0	warm	7.354287805642021e-65	0	0
30	30	uniform	1	15	0	cold	8.239859802393097e-54	0	0
30	30	uniform	1	15	0	warm	1.1302962959260118e-52	0	0
30	30	uniform	1	23	0	cold	2.79052254536482e-57	0	0
30	30	uniform	1	23	0	warm	5.491403319130083e-58	0	0
30	30	uniform	2	0	0	cold	1.106181949558798e-66	0	0
30	30	uniform	2	0	0	warm	1.106181949558798e-66	0	0
30	30	uniform	2	7	0	cold	3.4922079341752765e-65	0	0
30	30	uniform	2	7	0	warm	2.7610450309999095e-66	0	0
30	30	uniform	2	15	0	cold	1.68206572367429e-71	0	0
30	30	uniform	2	15	0	warm	1.3516382709578563e-71	0	0
30	30	uniform	2	23	0	cold	6.851607351264652e-71	0	0
30	30	uniform	2	23	0	warm	9.592250291770511e-70	0	0
30	30	uniform	3	0	0	cold	4.6189135932513646e-58	0	0
30	30	uniform	3	0	0	warm	4.6189135932513646e-58	0	0
30	30	uniform	3	7	0	cold	8.326872049977743e-63	0	0
30	30	uniform	3	7	0	warm	3.858242977003262e-63	0	0
30	30	uniform	3	15	0	cold	4.826740704178933e-63	0	0
30	30	uniform	3	15	0	warm	3.184224548630338e-63	0	0
30	30	uniform	3	23	0	cold	3.056540245851925e-64	0	0
30	30	uniform	3	23	0	warm	6.085911245074055e-64	0	0
30	30	uniform	4	0	0	cold	2.645668907230719e-68	0	0
30	30	uniform	4	0	0	warm	2.645668907230719e-68	0	0
30	30	uniform	4	7	0	cold	4.654604969257605e-68	0	0
30	30	uniform	4	7	0	warm	4.707657281323656e-69	0	0
30	30	uniform	4	15	0	cold	1.6672003758895595e-67	0	0
30	30	uniform	4	15	0	warm	5.87935374309299e-67	0	0
30	30	uniform	4	23	0	cold	1.3734261806509163e-67	0	0
30	30	uniform	4	23	0	warm	2.6106448061959565e-68	0	0
31	31	linear	0	0	0	cold	2.7112055574231507e-73	0	0
31	31	linear	0	0	0	warm	2.7112055574231507e-73	0	0
31	31	linear	0	7	0	cold	1.1257408216513862e-74	0	0
31	31	linear	0	7	0	warm	2.073732012165585e-74	0	0
31	31	linear	0	15	0	cold	8.743630203250324e-77	0	0
31	31	linear	0	15	0	warm	2.7979616650401057e-75	0	0
31	31	linear	0	23	0	cold	5.413577045345488e-47	0	0
31	31	linear	0	23	0	warm	1.6515187523515473e-75	0	0
31	31	linear	1	0	0	cold	1.0126927814098512e-69	0	0
31	31	linear	1	0	0	warm	1.0126927814098512e-69	0	0
31	31	linear	1	7	0	cold	1.2027489745901398e-69	0	0
31	31	linear	1	7	0	warm	6.744386773402645e-71	0	0
31	31	linear	1	15	0	cold	4.88088283806003e-71	0	0
31	31	linear	1	15	0	warm	2.119697689671785e-70	0	0
31	31	linear	1	23	0	cold	2.7638308182462302e-71	0	0
31	31	linear	1	23	0	warm	2.597854586469227e-71	0	0
31	31	linear	2	0	0	cold	1.6979845000074445e-71	0	0
31	31	linear	2	0	0	warm	1.6979845000074445e-71	0	0
31	31	linear	2	7	0	cold	9.29374893161946e-71	0	0
31	31	linear	2	7	0	warm	5.208474244191918e-71	0	0
31	31	linear	2	15	0	cold	4.3762639553600317e-72	0	0
31	31	linear	2	15	0	warm	6.369721757419201e-74	0	0
31	31	linear	2	23	0	cold	3.974667654448546e-66	0	0
31	31	linear	2	23	0	warm	8.540092909565729e-66	0	0
31	31	linear	3	0	0	cold	1.6399903472866516e-70	0	0
31	31	linear	3	0	0	warm	1.6399903472866516e-70	0	0
31	31	linear	3	7	0	cold	3.0545024480657885e-71	0	0
31	31	linear	3	7	0	warm	2.403537370212316e-71	0	0
31	31	linear	3	15	0	cold	8.291616553161979e-67	0	0
31	31	linear	3	15	0	warm	3.759915887775583e-73	0	0
31	31	linear	3	23	0	cold	2.2997776017754897e-74	0	0
31	31	linear	3	23	0	warm	1.5681710135266403e-73	0	0
31	31	linear	4	0	0	cold	1.7469586355698423e-71	0	0
31	31	linear	4	0	0	warm	1.7469586355698423e-71	0	0
31	31	linear	4	7	0	cold	1.057906321821743e-73	0	0
31	31	linear	4	7	0	warm	1.1150497984652028e-71	0	0
31	31	linear	4	15	0	cold	3.901955616603828e-72	0	0
31	31	linear	4	15	0	warm	2.0081544274158368e-73	0	0
31	31	linear	4	23	0	cold	4.252068823418512e-71	0	0
31	31	linear	4	23	0	warm	2.0197326911237932e-71	0	0
31	31	uniform	0	0	0	cold	2.7112055574231507e-73	0	0
31	31	uniform	0	0	0	warm	2.7112055574231507e-73	0	0
31	31	uniform	0	7	0	cold	1.1257408216513862e-74	0	0
31	31	uniform	0	7	0	warm	2.073732012165585e-74	0	0
31	31	uniform	0	15	0	cold	8.743630203250324e-77	0	0
31	31	uniform	0	15	0	warm	2.7979616650401057e-75	0	0
31	31	uniform	0	23	0	cold	5.413577045345488e-47	0	0
31	31	uniform	0	23	0	warm	1.6515187523515473e-75	0	0
31	31	uniform	1	0	0	cold	1.0126927814098512e-69	0	0
31	31	uniform	1	0	0	warm	1.0126927814098512e-69	0	0
31	31	uniform	1	7	0	cold	1.2027489745901398e-69	0	0
31	31	uniform	1	7	0	warm	6.744386773402645e-71	0	0
31	31	uniform	1	15	0	cold	4.88088283806003e-71	0	0
31	31	uniform	1	15	0	warm	2.119697689671785e-70	0	0
31	31	uniform	1	23	0	cold	2.7638308182462302e-71	0	0
31	31	uniform	1	23	0	warm	2.597854586469227e-71	0	0
31	31	uniform	2	0	0	cold	1.6979845000074445e-71	0	0
31	31	uniform	2	0	0	warm	1.6979845000074445e-71	0	0
31	31	uniform	2	7	0	cold	9.29374893161946e-71	0	0
31	31	uniform	2	7	0	warm	5.208474244191918e-71	0	0
31	31	uniform	2	15	0	cold	4.3762639553600317e-72	0	0
31	31	uniform	2	15	0	warm	6.369721757419201e-74	0	0
31	31	uniform	2	23	0	cold	3.974667654448546e-66	0	0
31	31	uniform	2	23	0	warm	8.540092909565729e-66	0	0
31	31	uniform	3	0	0	cold	1.6399903472866516e-70	0	0
31	31	uniform	3	0	0	warm	1.6399903472866516e-70	0	0
31	31	uniform	3	7	0	cold	3.0545024480657885e-71	0	0
31	31	uniform	3	7	0	warm	2.403537370212316e-71	0	0
31	31	uniform	3	15	0	cold	8.291616553161979e-67	0	0
31	31	uniform	3	15	0	warm	3.759915887775583e-73	0	0
31	31	uniform	3	23	0	cold	2.2997776017754897e-74	0	0
31	31	uniform	3	23	0	warm	1.5681710135266403e-73	0	0
31	31	uniform	4	0	0	cold	1.7469586355698423e-71	0	0
31	31	uniform	4	0	0	warm	1.7469586355698423e-71	0	0
31	31	uniform	4	7	0	cold	1.057906321821743e-73	0	0
31	31	uniform	4	7	0	warm	1.1150497984652028e-71	0	0
31	31	uniform	4	15	0	cold	3.901955616603828e-72	0	0
31	31	uniform	4	15	0	warm	2.0081544274158368e-73	0	0
31	31	uniform	4	23	0	cold	4.252068823418512e-71	0	0
31	31	uniform	4	23	0	warm	2.0197326911237932e-71	0	0
32	32	linear	0	0	0	cold	1.253634105214049e-20	0	0
32	32	linear	0	0	0	warm	1.253634105214049e-20	0	0
32	32	linear	0	7	0	cold	8.874682574447475e-45	0	0
32	32	linear	0	7	0	warm	2.5072670486988597e-20	0	0
32	32	linear	0	15	0	cold	1.2536328654327407e-20	0	0
32	32	linear	0	15	0	warm	1.8510423230854508e-37	0	0
32	32	linear	0	23	0	cold	3.760896632838907e-20	0	0
32	32	linear	0	23	0	warm	8.042368247911043e-44	0	0
32	32	linear	1	0	0	cold	2.8367850232729583e-46	0	0
32	32	linear	1	0	0	warm	2.8367850232729583e-46	0	0
32	32	linear	1	7	0	cold	9.382679429866802e-40	0	0
32	32	linear	1	7	0	warm	5.738116745666901e-62	0	0
32	32	linear	1	15	0	cold	8.814708025957835e-41	0	0
32	32	linear	1	15	0	warm	7.112806630044515e-43	0	0
32	32	linear	1	23	0	cold	1.237927178327967e-42	0	0
32	32	linear	1	23	0	warm	9.474094280820079e-54	0	0
32	32	linear	2	0	0	cold	1.7114504564779487e-45	0	0
32	32	linear	2	0	0	warm	1.7114504564779487e-45	0	0
32	32	linear	2	7	0	cold	2.000442583384628e-45	0	0
32	32	linear	2	7	0	warm	1.8411307734893733e-46	0	0
32	32	linear	2	15	0	cold	7.17913852863593e-46	0	0
32	32	linear	2	15	0	warm	5.331584240324458e-46	0	0
32	32	linear	2	23	0	cold	7.073888111656737e-45	0	0
32	32	linear	2	23	0	warm	2.6052050353531397e-45	0	0
32	32	linear	3	0	0	cold	3.701251939074801e-52	0	0
32	32	linear	3	0	0	warm	3.701251939074801e-52	0	0
32	32	linear	3	7	0	cold	1.9821563893571347e-52	0	0
32	32	linear	3	7	0	warm	4.755699089005368e-53	0	0
32	32	linear	3	15	0	cold	1.0804151284486158e-52	0	0
32	32	linear	3	15	0	warm	4.1924601529768913e-54	0	0
32	32	linear	3	23	0	cold	4.039454281939053e-53	0	0
32	32	linear	3	23	0	warm	5.979913402355243e-54	0	0
32	32	linear	4	0	0	cold	1.3986748504941865e-57	0	0
32	32	linear	4	0	0	warm	1.3986748504941865e-57	0	0
32	32	linear	4	7	0	cold	2.682484123761212e-57	0	0
32	32	linear	4	7	0	warm	1.7019121532198348e-58	0	0
32	32	linear	4	15	0	cold	4.41810899497055e-56	0	0
32	32	linear	4	15	0	warm	2.0705957843885288e-57	0	0
32	32	linear	4	23	0	cold	6.670183226678041e-58	0	0
32	32	linear	4	23	0	warm	1.328422773541311e-57	0	0
32	32	uniform	0	0	0	cold	1.253634105214049e-20	0	0
32	32	uniform	0	0	0	warm	1.253634105214049e-20	0	0
32	32	uniform	0	7	0	cold	8.874682574447475e-45	0	0
32	32	uniform	0	7	0	warm	2.5072670486988597e-20	0	0
32	32	uniform	0	15	0	cold	1.2536328654327407e-20	0	0
32	32	uniform	0	15	0	warm	1.8510423230854508e-37	0	0
32	32	uniform	0	23	0	cold	3.760896632838907e-20	0	0
32	32	uniform	0	23	0	warm	8.042368247911043e-44	0	0
32	32	uniform	1	0	0	cold	2.8367850232729583e-46	0	0
32	32	uniform	1	0	0	warm	2.8367850232729583e-46	0	0
32	32	uniform	1	7	0	cold	9.382679429866802e-40	0	0
32	32	uniform	1	7	0	warm	5.738116745666901e-62	0	0
32	32	uniform	1	15	0	cold	8.814708025957835e-41	0	0
32	32	uniform	1	15	0	warm	7.112806630044515e-43	0	0
32	32	uniform	1	23	0	cold	1.237927178327967e-42	0	0
32	32	uniform	1	23	0	warm	9.474094280820079e-54	0	0
32	32	uniform	2	0	0	cold	1.7114504564779487e-45	0	0
32	32	uniform	2	0	0	warm	1.7114504564779487e-45	0	0
32	32	uniform	2	7	0	cold	2.000442583384628e-45	0	0
32	32	uniform	2	7	0	warm	1.8411307734893733e-46	0	0
32	32	uniform	2	15	0	cold	7.17913852863593e-46	0	0
32	32	uniform	2	15	0	warm	5.331584240324458e-46	0	0
32	32	uniform	2	23	0	cold	7.073888111656737e-45	0	0
32	32	uniform	2	23	0	warm	2.6052050353531397e-45	0	0
32	32	uniform	3	0	0	cold	3.701251939074801e-52	0	0
32	32	uniform	3	0	0	warm	3.701251939074801e-52	0	0
32	32	uniform	3	7	0	cold	1.9821563893571347e-52	0	0
32	32	uniform	3	7	0	warm	4.755699089005368e-53	0	0
32	32	uniform	3	15	0	cold	1.0804151284486158e-52	0	0
32	32	uniform	3	15	0	warm	4.1924601529768913e-54	0	0
32	32	uniform	3	23	0	cold	4.039454281939053e-53	0	0
32	32	uniform	3	23	0	warm	5.979913402355243e-54	0	0
32	32	uniform	4	0	0	cold	1.3986748504941865e-57	0	0
32	32	uniform	4	0	0	warm	1.3986748504941865e-57	0	0
32	32	uniform	4	7	0	cold	2.682484123761212e-57	0	0
32	32	uniform	4	7	0	warm	1.7019121532198348e-58	0	0
32	32	uniform	4	15	0	cold	4.41810899497055e-56	0	0
32	32	uniform	4	15	0	warm	2.0705957843885288e-57	0	0
32	32	uniform	4	23	0	cold	6.670183226678041e-58	0	0
32	32	uniform	4	23	0	warm	1.328422773541311e-57	0	0
33	33	linear	0	0	0	cold	2.554834255258456e-63	0	0
33	33	linear	0	0	0	warm	2.554834255258456e-63	0	0
33	33	linear	0	7	0	cold	3.9677059633028645e-62	0	0
33	33	linear	0	7	0	warm	6.80178165137634e-62	0	0
33	33	linear	0	15	0	cold	2.8278372419363716e-62	0	0
33	33	linear	0	15	0	warm	1.1311348967745486e-61	0	0
33	33	linear	0	23	0	cold	7.05397309954824e-64	0	0
33	33	linear	0	23	0	warm	8.288418391969181e-63	0	0
33	33	linear	1	0	0	cold	7.009497679111415e-74	0	0
33	33	linear	1	0	0	warm	7.009497679111415e-74	0	0
33	33	linear	1	7	0	cold	4.508045526853192e-73	0	0
33	33	linear	1	7	0	warm	3.6064364214825537e-72	0	0
33	33	linear	1	15	0	cold	2.013765164245624e-71	0	0
33	33	linear	1	15	0	warm	1.1687029971068356e-71	0	0
33	33	linear	1	23	0	cold	7.619304036870739e-73	0	0
33	33	linear	1	23	0	warm	5.3783322613205215e-73	0	0
33	33	linear	2	0	0	cold	1.6791366943673776e-71	0	0
33	33	linear	2	0	0	warm	1.6791366943673776e-71	0	0
33	33	linear	2	7	0	cold	8.889836038427138e-77	0	0
33	33	linear	2	7	0	warm	2.192648003199373e-75	0	0
33	33	linear	2	15	0	cold	9.533416414444949e-76	0	0
33	33	linear	2	15	0	warm	6.496776357872838e-76	0	0
33	33	linear	2	23	0	cold	3.8048588581866836e-75	0	0
33	33	linear	2	23	0	warm	1.6667806633691803e-75	0	0
33	33	linear	3	0	0	cold	3.331540875301877e-65	0	0
33	33	linear	3	0	0	warm	3.331540875301877e-65	0	0
33	33	linear	3	7	0	cold	3.30282559778392e-64	0	0
33	33	linear	3	7	0	warm	7.506421813145273e-65	0	0
33	33	linear	3	15	0	cold	3.775848383707307e-63	0	0
33	33	linear	3	15	0	warm	1.348517279895467e-64	0	0
33	33	linear	3	23	0	cold	3.3149241836172596e-64	0	0
33	33	linear	3	23	0	warm	9.346434899399907e-66	0	0
33	33	linear	4	0	0	cold	4.748242615853708e-68	0	0
33	33	linear	4	0	0	warm	4.748242615853708e-68	0	0
33	33	linear	4	7	0	cold	6.037703996224855e-65	0	0
33	33	linear	4	7	0	warm	1.6447549013415638e-64	0	0
33	33	linear	4	15	0	cold	6.921146225061506e-65	0	0
33	33	linear	4	15	0	warm	6.15212997783245e-66	0	0
33	33	linear	4	23	0	cold	2.928023119390249e-64	0	0
33	33	linear	4	23	0	warm	9.760077064634165e-65	0	0
33	33	uniform	0	0	0	cold	2.554834255258456e-63	0	0
33	33	uniform	0	0	0	warm	2.554834255258456e-63	0	0
33	33	uniform	0	7	0	cold	3.9677059633028645e-62	0	0
33	33	uniform	0	7	0	warm	6.80178165137634e-62	0	0
33	33	uniform	0	15	0	cold	2.8278372419363716e-62	0	0
33	33	uniform	0	15	0	warm	1.1311348967745486e-61	0	0
33	33	uniform	0	23	0	cold	7.05397309954824e-64	0	0
33	33	uniform	0	23	0	warm	8.288418391969181e-63	0	0
33	33	uniform	1	0	0	cold	7.009497679111415e-74	0	0
33	33	uniform	1	0	0	warm	7.009497679111415e-74	0	0
33	33	uniform	1	7	0	cold	4.508045526853192e-73	0	0
33	33	uniform	1	7	0	warm	3.6064364214825537e-72	0	0
33	33	uniform	1	15	0	cold	2.013765164245624e-71	0	0
33	33	uniform	1	15	0	warm	1.1687029971068356e-71	0	0
33	33	uniform	1	23	0	cold	7.619304036870739e-73	0	0
33	33	uniform	1	23	0	warm	5.3783322613205215e-73	0	0
33	33	uniform	2	0	0	cold	1.6791366943673776e-71	0	0
33	33	uniform	2	0	0	warm	1.6791366943673776e-71	0	0
33	33	uniform	2	7	0	cold	8.889836038427138e-77	0	0
33	33	uniform	2	7	0	warm	2.192648003199373e-75	0	0
33	33	uniform	2	15	0	cold	9.533416414444949e-76	0	0
33	33	uniform	2	15	0	warm	6.496776357872838e-76	0	0
33	33	uniform	2	23	0	cold	3.8048588581866836e-75	0	0
33	33	uniform	2	23	0	warm	1.6667806633691803e-75	0	0
33	33	uniform	3	0	0	cold	3.331540875301877e-65	0	0
33	33	uniform	3	0	0	warm	3.331540875301877e-65	0	0
33	33	uniform	3	7	0	cold	3.30282559778392e-64	0	0
33	33	uniform	3	7	0	warm	7.506421813145273e-65	0	0
33	33	uniform	3	15	0	cold	3.775848383707307e-63	0	0
33	33	uniform	3	15	0	warm	1.348517279895467e-64	0	0
33	33	uniform	3	23	0	cold	3.3149241836172596e-64	0	0
33	33	uniform	3	23	0	warm	9.346434899399907e-66	0	0
33	33	uniform	4	0	0	cold	4.748242615853708e-68	0	0
33	33	uniform	4	0	0	warm	4.748242615853708e-68	0	0
33	33	uniform	4	7	0	cold	6.037703996224855e-65	0	0
33	33	uniform	4	7	0	warm	1.6447549013415638e-64	0	0
33	33	uniform	4	15	0	cold	6.921146225061506e-65	0	0
33	33	uniform	4	15	0	warm	6.15212997783245e-66	0	0
33	33	uniform	4	23	0	cold	2.928023119390249e-64	0	0
33	33	uniform	4	23	0	warm	9.760077064634165e-65	0	0
34	34	linear	0	0	0	cold	8.446164772747548e-66	0	0
34	34	linear	0	0	0	warm	8.446164772747548e-66	0	0
34	34	linear	0	7	0	cold	1.3945350741242206e-66	0	0
34	34	linear	0	7	0	warm	2.192579559902339e-67	0	0
34	34	linear	0	15	0	cold	4.799861969250719e-71	0	0
34	34	linear	0	15	0	warm	5.759834363100862e-72	0	0
34	34	linear	0	23	0	cold	4.202262118753645e-45	0	0
34	34	linear	0	23	0	warm	2.0345207671136507e-75	0	0
34	34	linear	1	0	0	cold	8.193463505190517e-46	0	0
34	34	linear	1	0	0	warm	8.193463505190517e-46	0	0
34	34	linear	1	7	0	cold	5.41882945853802e-45	0	0
34	34	linear	1	7	0	warm	1.0076191502324712e-75	0	0
34	34	linear	1	15	0	cold	9.243161615233566e-73	0	0
34	34	linear	1	15	0	warm	7.189125700737218e-73	0	0
34	34	linear	1	23	0	cold	3.4680768335718467e-71	0	0
34	34	linear	1	23	0	warm	1.6510619691076903e-73	0	0
34	34	linear	2	0	0	cold	6.588328213842095e-62	0	0
34	34	linear	2	0	0	warm	6.588328213842095e-62	0	0
34	34	linear	2	7	0	cold	2.2554420287414323e-63	0	0
34	34	linear	2	7	0	warm	7.855045868277775e-62	0	0
34	34	linear	2	15	0	cold	6.955919853369741e-43	0	0
34	34	linear	2	15	0	warm	7.691862419138178e-68	0	0
34	34	linear	2	23	0	cold	1.7694852666842152e-65	0	0
34	34	linear	2	23	0	warm	3.779701385633956e-66	0	0
34	34	linear	3	0	0	cold	2.8163163749060508e-71	0	0
34	34	linear	3	0	0	warm	2.8163163749060508e-71	0	0
34	34	linear	3	7	0	cold	2.9040095422239964e-42	0	0
34	34	linear	3	7	0	warm	0.0	0	0
34	34	linear	3	15	0	cold	6.298079088360094e-70	0	0
34	34	linear	3	15	0	warm	3.5522041275641374e-71	0	0
34	34	linear	3	23	0	cold	1.4037120494491384e-69	0	0
34	34	linear	3	23	0	warm	1.0505830618417847e-69	0	0
34	34	linear	4	0	0	cold	5.109470948504582e-44	0	0
34	34	linear	4	0	0	warm	5.109470948504582e-44	0	0
34	34	linear	4	7	0	cold	5.818110621833356e-44	0	0
34	34	linear	4	7	0	warm	0.0	0	0
34	34	linear	4	15	0	cold	4.992185756286859e-43	0	0
34	34	linear	4	15	0	warm	2.6803753830651385e-55	0	0
34	34	linear	4	23	0	cold	9.548901525746774e-44	0	0
34	34	linear	4	23	0	warm	1.2559772024098748e-54	0	0
34	34	uniform	0	0	0	cold	8.446164772747548e-66	0	0
34	34	uniform	0	0	0	warm	8.446164772747548e-66	0	0
34	34	uniform	0	7	0	cold	1.3945350741242206e-66	0	0
34	34	uniform	0	7	0	warm	2.192579559902339e-67	0	0
34	34	uniform	0	15	0	cold	4.799861969250719e-71	0	0
34	34	uniform	0	15	0	warm	5.759834363100862e-72	0	0
34	34	uniform	0	23	0	cold	4.202262118753645e-45	0	0
34	34	uniform	0	23	0	warm	2.0345207671136507e-75	0	0
34	34	uniform	1	0	0	cold	8.193463505190517e-46	0	0
34	34	uniform	1	0	0	warm	8.193463505190517e-46	0	0
34	34	uniform	1	7	0	cold	5.41882945853802e-45	0	0
34	34	uniform	1	7	0	warm	1.0076191502324712e-75	0	0
34	34	uniform	1	15	0	cold	9.243161615233566e-73	0	0
34	34	uniform	1	15	0	warm	7.189125700737218e-73	0	0
34	34	uniform	1	23	0	cold	3.4680768335718467e-71	0	0
34	34	uniform	1	23	0	warm	1.6510619691076903e-73	0	0
34	34	uniform	2	0	0	cold	6.588328213842095e-62	0	0
34	34	uniform	2	0	0	warm	6.588328213842095e-62	0	0
34	34	uniform	2	7	0	cold	2.2554420287414323e-63	0	0
34	34	uniform	2	7	0	warm	7.855045868277775e-62	0	0
34	34	uniform	2	15	0	cold	6.955919853369741e-43	0	0
34	34	uniform	2	15	0	warm	7.691862419138178e-68	0	0
34	34	uniform	2	23	0	cold	1.7694852666842152e-65	0	0
34	34	uniform	2	23	0	warm	3.779701385633956e-66	0	0
34	34	uniform	3	0	0	cold	2.8163163749060508e-71	0	0
34	34	uniform	3	0	0	warm	2.8163163749060508e-71	0	0
34	34	uniform	3	7	0	cold	2.9040095422239964e-42	0	0
34	34	uniform	3	7	0	warm	0.0	0	0
34	34	uniform	3	15	0	cold	6.298079088360094e-70	0	0
34	34	uniform	3	15	0	warm	3.5522041275641374e-71	0	0
34	34	uniform	3	23	0	cold	1.4037120494491384e-69	0	0
34	34	uniform	3	23	0	warm	1.0505830618417847e-69	0	0
34	34	uniform	4	0	0	cold	5.109470948504582e-44	0	0
34	34	uniform	4	0	0	warm	5.109470948504582e-44	0	0
34	34	uniform	4	7	0	cold	5.818110621833356e-44	0	0
34	34	uniform	4	7	0	warm	0.0	0	0
34	34	uniform	4	15	0	cold	4.992185756286859e-43	0	0
34	34	uniform	4	15	0	warm	2.6803753830651385e-55	0	0
34	34	uniform	4	23	0	cold	9.548901525746774e-44	0	0
34	34	uniform	4	23	0	warm	1.2559772024098748e-54	0	0
35	35	linear	0	0	0	cold	9.965487600353535e-37	0	0
35	35	linear	0	0	0	warm	9.965487600353535e-37	0	0
35	35	linear	0	7	0	cold	5.450561113991908e-33	0	0
35	35	linear	0	7	0	warm	2.92833140508581e-34	0	0
35	35	linear	0	15	0	cold	3.3478079494131294e-43	0	0
35	35	linear	0	15	0	warm	1.3505458315663241e-20	0	0
35	35	linear	0	23	0	cold	5.402229563921136e-20	0	0
35	35	linear	0	23	0	warm	5.402229563921136e-20	0	0
35	35	linear	1	0	0	cold	4.095301887692751e-55	0	0
35	35	linear	1	0	0	warm	4.095301887692751e-55	0	0
35	35	linear	1	7	0	cold	1.2902808253802705e-55	0	0
35	35	linear	1	7	0	warm	8.649617272736897e-56	0	0
35	35	linear	1	15	0	cold	6.234902795596296e-53	0	0
35	35	linear	1	15	0	warm	5.68070837669221e-54	0	0
35	35	linear	1	23	0	cold	1.541523898695574e-54	0	0
35	35	linear	1	23	0	warm	2.2055607114680742e-54	0	0
35	35	linear	2	0	0	cold	1.5641603958012752e-55	0	0
35	35	linear	2	0	0	warm	1.5641603958012752e-55	0	0
35	35	linear	2	7	0	cold	1.8644165846037616e-57	0	0
35	35	linear	2	7	0	warm	4.777368806804226e-57	0	0
35	35	linear	2	15	0	cold	2.325264497498349e-56	0	0
35	35	linear	2	15	0	warm	1.2443903740505717e-58	0	0
35	35	linear	2	23	0	cold	6.914082950979962e-58	0	0
35	35	linear	2	23	0	warm	2.2060700106354985e-60	0	0
35	35	linear	3	0	0	cold	1.5077193385517592e-38	0	0
35	35	linear	3	0	0	warm	1.5077193385517592e-38	0	0
35	35	linear	3	7	0	cold	4.618798592982384e-40	0	0
35	35	linear	3	7	0	warm	2.74401421908865e-38	0	0
35	35	linear	3	15	0	cold	6.458317931817412e-39	0	0
35	35	linear	3	15	0	warm	1.1124160972753621e-39	0	0
35	35	linear	3	23	0	cold	7.20120444022041e-39	0	0
35	35	linear	3	23	0	warm	5.8002096379765067e-39	0	0
35	35	linear	4	0	0	cold	4.3679051284892987e-48	0	0
35	35	linear	4	0	0	warm	4.3679051284892987e-48	0	0
35	35	linear	4	7	0	cold	1.1746143826564787e-48	0	0
35	35	linear	4	7	0	warm	2.7881263162650204e-51	0	0
35	35	linear	4	15	0	cold	4.653001242002156e-59	0	0
35	35	linear	4	15	0	warm	1.1619077207053692e-52	0	0
35	35	linear	4	23	0	cold	2.7599753304502804e-51	0	0
35	35	linear	4	23	0	warm	7.43740720626602e-51	0	0
35	35	uniform	0	0	0	cold	9.965487600353535e-37	0	0
35	35	uniform	0	0	0	warm	9.965487600353535e-37	0	0
35	35	uniform	0	7	0	cold	5.450561113991908e-33	0	0
35	35	uniform	0	7	0	warm	2.92833140508581e-34	0	0
35	35	uniform	0	15	0	cold	3.3478079494131294e-43	0	0
35	35	uniform	0	15	0	warm	1.3505458315663241e-20	0	0
35	35	uniform	0	23	0	cold	5.402229563921136e-20	0	0
35	35	uniform	0	23	0	warm	5.402229563921136e-20	0	0
35	35	uniform	1	0	0	cold	4.095301887692751e-55	0	0
35	35	uniform	1	0	0	warm	4.095301887692751e-55	0	0
35	35	uniform	1	7	0	cold	1.2902808253802705e-55	0	0
35	35	uniform	1	7	0	warm	8.649617272736897e-56	0	0
35	35	uniform	1	15	0	cold	6.234902795596296e-53	0	0
35	35	uniform	1	15	0	warm	5.68070837669221e-54	0	0
35	35	uniform	1	23	0	cold	1.541523898695574e-54	0	0
35	35	uniform	1	23	0	warm	2.2055607114680742e-54	0	0
35	35	uniform	2	0	0	cold	1.5641603958012752e-55	0	0
35	35	uniform	2	0	0	warm	1.5641603958012752e-55	0	0
35	35	uniform	2	7	0	cold	1.8644165846037616e-57	0	0
35	35	uniform	2	7	0	warm	4.777368806804226e-57	0	0
35	35	uniform	2	15	0	cold	2.325264497498349e-56	0	0
35	35	uniform	2	15	0	warm	1.2443903740505717e-58	0	0
35	35	uniform	2	23	0	cold	6.914082950979962e-58	0	0
35	35	uniform	2	23	0	warm	2.2060700106354985e-60	0	0
35	35	uniform	3	0	0	cold	1.5077193385517592e-38	0	0
35	35	uniform	3	0	0	warm	1.5077193385517592e-38	0	0
35	35	uniform	3	7	0	cold	4.618798592982384e-40	0	0
35	35	uniform	3	7	0	warm	2.74401421908865e-38	0	0
35	35	uniform	3	15	0	cold	6.458317931817412e-39	0	0
35	35	uniform	3	15	0	warm	1.1124160972753621e-39	0	0
35	35	uniform	3	23	0	cold	7.20120444022041e-39	0	0
35	35	uniform	3	23	0	warm	5.8002096379765067e-39	0	0
35	35	uniform	4	0	0	cold	4.3679051284892987e-48	0	0
35	35	uniform	4	0	0	warm	4.3679051284892987e-48	0	0
35	35	uniform	4	7	0	cold	1.1746143826564787e-48	0	0
35	35	uniform	4	7	0	warm	2.7881263162650204e-51	0	0
35	35	uniform	4	15	0	cold	4.653001242002156e-59	0	0
35	35	uniform	4	15	0	warm	1.1619077207053692e-52	0	0
35	35	uniform	4	23	0	cold	2.7599753304502804e-51	0	0
35	35	uniform	4	23	0	warm	7.43740720626602e-51	0	0
36	36	linear	0	0	0	cold	1.4642208214641701e-67	0	0
36	36	linear	0	0	0	warm	1.4642208214641701e-67	0	0
36	36	linear	0	7	0	cold	1.5060350428866773e-71	0	0
36	36	linear	0	7	0	warm	3.5049542816271757e-71	0	0
36	36	linear	0	15	0	cold	7.641375798579125e-75	0	0
36	36	linear	0	15	0	warm	2.5471252661930415e-74	0	0
36	36	linear	0	23	0	cold	1.0176553750627648e-77	0	0
36	36	linear	0	23	0	warm	1.2211864500753179e-76	0	0
36	36	linear	1	0	0	cold	8.248817459646801e-66	0	0
36	36	linear	1	0	0	warm	8.248817459646801e-66	0	0
36	36	linear	1	7	0	cold	3.3099398737312385e-67	0	0
36	36	linear	1	7	0	warm	1.0860109911606393e-68	0	0
36	36	linear	1	15	0	cold	1.60290853288982e-67	0	0
36	36	linear	1	15	0	warm	2.91400157336299e-70	0	0
36	36	linear	1	23	0	cold	8.177990073981422e-67	0	0
36	36	linear	1	23	0	warm	1.0305793844441055e-66	0	0
36	36	linear	2	0	0	cold	4.37960746473287e-57	0	0
36	36	linear	2	0	0	warm	4.37960746473287e-57	0	0
36	36	linear	2	7	0	cold	4.708419190919884e-61	0	0
36	36	linear	2	7	0	warm	9.745365649132263e-64	0	0
36	36	linear	2	15	0	cold	1.0258798357102189e-61	0	0
36	36	linear	2	15	0	warm	9.643347431712699e-62	0	0
36	36	linear	2	23	0	cold	4.251851382436757e-60	0	0
36	36	linear	2	23	0	warm	1.7279767210750444e-62	0	0
36	36	linear	3	0	0	cold	5.509652695833991e-66	0	0
36	36	linear	3	0	0	warm	5.509652695833991e-66	0	0
36	36	linear	3	7	0	cold	1.6656636775155594e-65	0	0
36	36	linear	3	7	0	warm	4.776096566352859e-66	0	0
36	36	linear	3	15	0	cold	2.125888426418228e-67	0	0
36	36	linear	3	15	0	warm	6.0785859188840594e-68	0	0
36	36	linear	3	23	0	cold	1.0837434362768411e-66	0	0
36	36	linear	3	23	0	warm	2.3856902489852605e-66	0	0
36	36	linear	4	0	0	cold	7.766500587858074e-72	0	0
36	36	linear	4	0	0	warm	7.766500587858074e-72	0	0
36	36	linear	4	7	0	cold	7.391096435597782e-71	0	0
36	36	linear	4	7	0	warm	1.0232493284977123e-71	0	0
36	36	linear	4	15	0	cold	5.186933191935619e-70	0	0
36	36	linear	4	15	0	warm	3.149365192746914e-70	0	0
36	36	linear	4	23	0	cold	1.503678191572557e-62	0	0
36	36	linear	4	23	0	warm	1.6009115309763326e-63	0	0
36	36	uniform	0	0	0	cold	1.4642208214641701e-67	0	0
36	36	uniform	0	0	0	warm	1.4642208214641701e-67	0	0
36	36	uniform	0	7	0	cold	1.5060350428866773e-71	0	0
36	36	uniform	0	7	0	warm	3.5049542816271757e-71	0	0
36	36	uniform	0	15	0	cold	7.641375798579125e-75	0	0
36	36	uniform	0	15	0	warm	2.5471252661930415e-74	0	0
36	36	uniform	0	23	0	cold	1.0176553750627648e-77	0	0
36	36	uniform	0	23	0	warm	1.2211864500753179e-76	0	0
36	36	uniform	1	0	0	cold	8.248817459646801e-66	0	0
36	36	uniform	1	0	0	warm	8.248817459646801e-66	0	0
36	36	uniform	1	7	0	cold	3.3099398737312385e-67	0	0
36	36	uniform	1	7	0	warm	1.0860109911606393e-68	0	0
36	36	uniform	1	15	0	cold	1.60290853288982e-67	0	0
36	36	uniform	1	15	0	warm	2.91400157336299e-70	0	0
36	36	uniform	1	23	0	cold	8.177990073981422e-67	0	0
36	36	uniform	1	23	0	warm	1.0305793844441055e-66	0	0
36	36	uniform	2	0	0	cold	4.37960746473287e-57	0	0
36	36	uniform	2	0	0	warm	4.37960746473287e-57	0	0
36	36	uniform	2	7	0	cold	4.708419190919884e-61	0	0
36	36	uniform	2	7	0	warm	9.745365649132263e-64	0	0
36	36	uniform	2	15	0	cold	1.0258798357102189e-61	0	0
36	36	uniform	2	15	0	warm	9.643347431712699e-62	0	0
36	36	uniform	2	23	0	cold	4.251851382436757e-60	0	0
36	36	uniform	2	23	0	warm	1.7279767210750444e-62	0	0
36	36	uniform	3	0	0	cold	5.509652695833991e-66	0	0
36	36	uniform	3	0	0	warm	5.509652695833991e-66	0	0
36	36	uniform	3	7	0	cold	1.6656636775155594e-65	0	0
36	36	uniform	3	7	0	warm	4.776096566352859e-66	0	0
36	36	uniform	3	15	0	cold	2.125888426418228e-67	0	0
36	36	uniform	3	15	0	warm	6.0785859188840594e-68	0	0
36	36	uniform	3	23	0	cold	1.0837434362768411e-66	0	0
36	36	uniform	3	23	0	warm	2.3856902489852605e-66	0	0
36	36	uniform	4	0	0	cold	7.766500587858074e-72	0	0
36	36	uniform	4	0	0	warm	7.766500587858074e-72	0	0
36	36	uniform	4	7	0	cold	7.391096435597782e-71	0	0
36	36	uniform	4	7	0	warm	1.0232493284977123e-71	0	0
36	36	uniform	4	15	0	cold	5.186933191935619e-70	0	0
36	36	uniform	4	15	0	warm	3.149365192746914e-70	0	0
36	36	uniform	4	23	0	cold	1.503678191572557e-62	0	0
36	36	uniform	4	23	0	warm	1.6009115309763326e-63	0	0
37	37	linear	0	0	0	cold	2.2326804133841307e-49	0	0
37	37	linear	0	0	0	warm	2.2326804133841307e-49	0	0
37	37	linear	0	7	0	cold	9.034877133217487e-50	0	0
37	37	linear	0	7	0	warm	1.150357090795538e-50	0	0
37	37	linear	0	15	0	cold	5.138836590179126e-50	0	0
37	37	linear	0	15	0	warm	1.3302131005642613e-51	0	0
37	37	linear	0	23	0	cold	4.339760256376336e-49	0	0
37	37	linear	0	23	0	warm	7.466122967857088e-51	0	0
37	37	linear	1	0	0	cold	8.969401082842174e-55	0	0
37	37	linear	1	0	0	warm	8.969401082842174e-55	0	0
37	37	linear	1	7	0	cold	2.6193014686189807e-51	0	0
37	37	linear	1	7	0	warm	6.23673989112329e-54	0	0
37	37	linear	1	15	0	cold	4.224229495383656e-52	0	0
37	37	linear	1	15	0	warm	4.060464506820863e-55	0	0
37	37	linear	1	23	0	cold	1.8556411810693977e-55	0	0
37	37	linear	1	23	0	warm	1.7824499089032897e-56	0	0
37	37	linear	2	0	0	cold	2.0740370670119746e-49	0	0
37	37	linear	2	0	0	warm	2.0740370670119746e-49	0	0
37	37	linear	2	7	0	cold	1.5429376502479982e-54	0	0
37	37	linear	2	7	0	warm	5.547094060593212e-56	0	0
37	37	linear	2	15	0	cold	6.78985513549135e-52	0	0
37	37	linear	2	15	0	warm	2.5735997159027286e-54	0	0
37	37	linear	2	23	0	cold	1.5594192002122327e-53	0	0
37	37	linear	2	23	0	warm	1.0819394854270337e-54	0	0
37	37	linear	3	0	0	cold	1.0989610343589057e-41	0	0
37	37	linear	3	0	0	warm	1.0989610343589057e-41	0	0
37	37	linear	3	7	0	cold	1.4158127370224423e-43	0	0
37	37	linear	3	7	0	warm	2.6121702345610205e-43	0	0
37	37	linear	3	15	0	cold	3.0848328447096856e-41	0	0
37	37	linear	3	15	0	warm	1.0031351196941389e-40	0	0
37	37	linear	3	23	0	cold	1.0022332502190528e-42	0	0
37	37	linear	3	23	0	warm	2.6220060587928255e-42	0	0
37	37	linear	4	0	0	cold	1.2780434905060494e-53	0	0
37	37	linear	4	0	0	warm	1.2780434905060494e-53	0	0
37	37	linear	4	7	0	cold	2.417795733338197e-51	0	0
37	37	linear	4	7	0	warm	1.7430262615061415e-54	0	0
37	37	linear	4	15	0	cold	2.415353197940096e-55	0	0
37	37	linear	4	15	0	warm	4.158962321142054e-56	0	0
37	37	linear	4	23	0	cold	2.145553040804427e-52	0	0
37	37	linear	4	23	0	warm	4.447630128389635e-54	0	0
37	37	uniform	0	0	0	cold	2.2326804133841307e-49	0	0
37	37	uniform	0	0	0	warm	2.2326804133841307e-49	0	0
37	37	uniform	0	7	0	cold	9.034877133217487e-50	0	0
37	37	uniform	0	7	0	warm	1.150357090795538e-50	0	0
37	37	uniform	0	15	0	cold	5.138836590179126e-50	0	0
37	37	uniform	0	15	0	warm	1.3302131005642613e-51	0	0
37	37	uniform	0	23	0	cold	4.339760256376336e-49	0	0
37	37	uniform	0	23	0	warm	7.466122967857088e-51	0	0
37	37	uniform	1	0	0	cold	8.969401082842174e-55	0	0
37	37	uniform	1	0	0	warm	8.969401082842174e-55	0	0
37	37	uniform	1	7	0	cold	2.6193014686189807e-51	0	0
37	37	uniform	1	7	0	warm	6.23673989112329e-54	0	0
37	37	uniform	1	15	0	cold	4.224229495383656e-52	0	0
37	37	uniform	1	15	0	warm	4.060464506820863e-55	0	0
37	37	uniform	1	23	0	cold	1.8556411810693977e-55	0	0
37	37	uniform	1	23	0	warm	1.7824499089032897e-56	0	0
37	37	uniform	2	0	0	cold	2.0740370670119746e-49	0	0
37	37	uniform	2	0	0	warm	2.0740370670119746e-49	0	0
37	37	uniform	2	7	0	cold	1.5429376502479982e-54	0	0
37	37	uniform	2	7	0	warm	5.547094060593212e-56	0	0
37	37	uniform	2	15	0	cold	6.78985513549135e-52	0	0
37	37	uniform	2	15	0	warm	2.5735997159027286e-54	0	0
37	37	uniform	2	23	0	cold	1.5594192002122327e-53	0	0
37	37	uniform	2	23	0	warm	1.0819394854270337e-54	0	0
37	37	uniform	3	0	0	cold	1.0989610343589057e-41	0	0
37	37	uniform	3	0	0	warm	1.0989610343589057e-41	0	0
37	37	uniform	3	7	0	cold	1.4158127370224423e-43	0	0
37	37	uniform	3	7	0	warm	2.6121702345610205e-43	0	0
37	37	uniform	3	15	0	cold	3.0848328447096856e-41	0	0
37	37	uniform	3	15	0	warm	1.0031351196941389e-40	0	0
37	37	uniform	3	23	0	cold	1.0022332502190528e-42	0	0
37	37	uniform	3	23	0	warm	2.6220060587928255e-42	0	0
37	37	uniform	4	0	0	cold	1.2780434905060494e-53	0	0
37	37	uniform	4	0	0	warm	1.2780434905060494e-53	0	0
37	37	uniform	4	7	0	cold	2.417795733338197e-51	0	0
37	37	uniform	4	7	0	warm	1.7430262615061415e-54	0	0
37	37	uniform	4	15	0	cold	2.415353197940096e-55	0	0
37	37	uniform	4	15	0	warm	4.158962321142054e-56	0	0
37	37	uniform	4	23	0	cold	2.145553040804427e-52	0	0
37	37	uniform	4	23	0	warm	4.447630128389635e-54	0	0
38	38	linear	0	0	0	cold	1.1538842449608824e-37	0	0
38	38	linear	0	0	0	warm	1.1538842449608824e-37	0	0
38	38	linear	0	7	0	cold	1.7367555052077046e-42	0	0
38	38	linear	0	7	0	warm	1.8450374447550065e-40	0	0
38	38	linear	0	15	0	cold	2.15268438797623e-62	0	0
38	38	linear	0	15	0	warm	7.410576618871106e-37	0	0
38	38	linear	0	23	0	cold	1.9469911319555684e-62	0	0
38	38	linear	0	23	0	warm	1.5883630295159268e-37	0	0
38	38	linear	1	0	0	cold	5.98257320634723e-16	0	0
38	38	linear	1	0	0	warm	5.98257320634723e-16	0	0
38	38	linear	1	7	0	cold	5.977668470963127e-16	0	0
38	38	linear	1	7	0	warm	4.983551516283785e-16	0	0
38	38	linear	1	15	0	cold	8.968680222746207e-16	0	0
38	38	linear	1	15	0	warm	6.976437995719277e-16	0	0
38	38	linear	1	23	0	cold	4.584803230901646e-15	0	0
38	38	linear	1	23	0	warm	2.6563168103871823e-15	0	0
38	38	linear	2	0	0	cold	2.227445397594059e-19	0	0
38	38	linear	2	0	0	warm	2.227445397594059e-19	0	0
38	38	linear	2	7	0	cold	5.743891979460517e-47	0	0
38	38	linear	2	7	0	warm	1.8016120875916775e-46	0	0
38	38	linear	2	15	0	cold	4.3441544840203245e-33	0	0
38	38	linear	2	15	0	warm	2.904460857972991e-32	0	0
38	38	linear	2	23	0	cold	1.4032523812295097e-32	0	0
38	38	linear	2	23	0	warm	1.9691061385850754e-32	0	0
38	38	linear	3	0	0	cold	7.223208315870565e-55	0	0
38	38	linear	3	0	0	warm	7.223208315870565e-55	0	0
38	38	linear	3	7	0	cold	2.155427924560307e-55	0	0
38	38	linear	3	7	0	warm	1.7213977910996275e-56	0	0
38	38	linear	3	15	0	cold	3.978275507076626e-55	0	0
38	38	linear	3	15	0	warm	1.6155589737122744e-57	0	0
38	38	linear	3	23	0	cold	2.967554697234159e-55	0	0
38	38	linear	3	23	0	warm	1.1508759693287823e-55	0	0
38	38	linear	4	0	0	cold	3.5108835242690095e-19	0	0
38	38	linear	4	0	0	warm	3.5108835242690095e-19	0	0
38	38	linear	4	7	0	cold	1.8904746345770692e-19	0	0
38	38	linear	4	7	0	warm	4.726186586442673e-20	0	0
38	38	linear	4	15	0	cold	1.4178550219012477e-19	0	0
38	38	linear	4	15	0	warm	1.5528888335108903e-19	0	0
38	38	linear	4	23	0	cold	8.102023224440263e-20	0	0
38	38	linear	4	23	0	warm	8.304573805051269e-19	0	0
38	38	uniform	0	0	0	cold	1.1538842449608824e-37	0	0
38	38	uniform	0	0	0	warm	1.1538842449608824e-37	0	0
38	38	uniform	0	7	0	cold	1.7367555052077046e-42	0	0
38	38	uniform	0	7	0	warm	1.8450374447550065e-40	0	0
38	38	uniform	0	15	0	cold	2.15268438797623e-62	0	0
38	38	uniform	0	15	0	warm	7.410576618871106e-37	0	0
38	38	uniform	0	23	0	cold	1.9469911319555684e-62	0	0
38	38	uniform	0	23	0	warm	1.5883630295159268e-37	0	0
38	38	uniform	1	0	0	cold	5.98257320634723e-16	0	0
38	38	uniform	1	0	0	warm	5.98257320634723e-16	0	0
38	38	uniform	1	7	0	cold	5.977668470963127e-16	0	0
38	38	uniform	1	7	0	warm	4.983551516283785e-16	0	0
38	38	uniform	1	15	0	cold	8.968680222746207e-16	0	0
38	38	uniform	1	15	0	warm	6.976437995719277e-16	0	0
38	38	uniform	1	23	0	cold	4.584803230901646e-15	0	0
38	38	uniform	1	23	0	warm	2.6563168103871823e-15	0	0
38	38	uniform	2	0	0	cold	2.227445397594059e-19	0	0
38	38	uniform	2	0	0	warm	2.227445397594059e-19	0	0
38	38	uniform	2	7	0	cold	5.743891979460517e-47	0	0
38	38	uniform	2	7	0	warm	1.8016120875916775e-46	0	0
38	38	uniform	2	15	0	cold	4.3441544840203245e-33	0	0
38	38	uniform	2	15	0	warm	2.904460857972991e-32	0	0
38	38	uniform	2	23	0	cold	1.4032523812295097e-32	0	0
38	38	uniform	2	23	0	warm	1.9691061385850754e-32	0	0
38	38	uniform	3	0	0	cold	7.223208315870565e-55	0	0
38	38	uniform	3	0	0	warm	7.223208315870565e-55	0	0
38	38	uniform	3	7	0	cold	2.155427924560307e-55	0	0
38	38	uniform	3	7	0	warm	1.7213977910996275e-56	0	0
38	38	uniform	3	15	0	cold	3.978275507076626e-55	0	0
38	38	uniform	3	15	0	warm	1.6155589737122744e-57	0	0
38	38	uniform	3	23	0	cold	2.967554697234159e-55	0	0
38	38	uniform	3	23	0	warm	1.1508759693287823e-55	0	0
38	38	uniform	4	0	0	cold	3.5108835242690095e-19	0	0
38	38	uniform	4	0	0	warm	3.5108835242690095e-19	0	0
38	38	uniform	4	7	0	cold	1.8904746345770692e-19	0	0
38	38	uniform	4	7	0	warm	4.726186586442673e-20	0	0
38	38	uniform	4	15	0	cold	1.4178550219012477e-19	0	0
38	38	uniform	4	15	0	warm	1.5528888335108903e-19	0	0
38	38	uniform	4	23	0	cold	8.102023224440263e-20	0	0
38	38	uniform	4	23	0	warm	8.304573805051269e-19	0	0
39	39	linear	0	0	0	cold	8.177652584311199e-45	0	0
39	39	linear	0	0	0	warm	8.177652584311199e-45	0	0
39	39	linear	0	7	0	cold	7.644515069159389e-59	0	0
39	39	linear	0	7	0	warm	2.278488566341805e-59	0	0
39	39	linear	0	15	0	cold	3.6124145499031063e-42	0	0
39	39	linear	0	15	0	warm	1.4439810799626802e-64	0	0
39	39	linear	0	23	0	cold	2.103068419100342e-59	0	0
39	39	linear	0	23	0	warm	9.817419953083915e-64	0	0
39	39	linear	1	0	0	cold	2.787769637522271e-66	0	0
39	39	linear	1	0	0	warm	2.787769637522271e-66	0	0
39	39	linear	1	7	0	cold	5.116023007200463e-51	0	0
39	39	linear	1	7	0	warm	6.207270104371422e-68	0	0
39	39	linear	1	15	0	cold	9.039258967559096e-50	0	0
39	39	linear	1	15	0	warm	4.6855558810144993e-66	0	0
39	39	linear	1	23	0	cold	8.558707206473295e-56	0	0
39	39	linear	1	23	0	warm	7.874375053875288e-66	0	0
39	39	linear	2	0	0	cold	6.781632105926381e-59	0	0
39	39	linear	2	0	0	warm	6.781632105926381e-59	0	0
39	39	linear	2	7	0	cold	3.59645755526294e-54	0	0
39	39	linear	2	7	0	warm	3.5090416639412986e-62	0	0
39	39	linear	2	15	0	cold	4.115457500300943e-80	0	0
39	39	linear	2	15	0	warm	5.386706986011465e-71	0	0
39	39	linear	2	23	0	cold	3.5894766798816766e-77	0	0
39	39	linear	2	23	0	warm	2.4616233897765995e-70	0	0
39	39	linear	3	0	0	cold	4.5619504132389236e-54	0	0
39	39	linear	3	0	0	warm	4.5619504132389236e-54	0	0
39	39	linear	3	7	0	cold	2.787380243976194e-44	0	0
39	39	linear	3	7	0	warm	1.703371781485595e-64	0	0
39	39	linear	3	15	0	cold	7.459414056912001e-41	0	0
39	39	linear	3	15	0	warm	7.06243671070805e-63	0	0
39	39	linear	3	23	0	cold	2.8123216289656834e-49	0	0
39	39	linear	3	23	0	warm	1.2362241210749881e-60	0	0
39	39	linear	4	0	0	cold	1.3995408553155256e-69	0	0
39	39	linear	4	0	0	warm	1.3995408553155256e-69	0	0
39	39	linear	4	7	0	cold	1.1611573228414503e-44	0	0
39	39	linear	4	7	0	warm	6.101899628374294e-69	0	0
39	39	linear	4	15	0	cold	1.1519997235304422e-60	0	0
39	39	linear	4	15	0	warm	1.5815364436144676e-69	0	0
39	39	linear	4	23	0	cold	8.837455618837656e-71	0	0
39	39	linear	4	23	0	warm	5.449817802189655e-68	0	0
39	39	uniform	0	0	0	cold	8.177652584311199e-45	0	0
39	39	uniform	0	0	0	warm	8.177652584311199e-45	0	0
39	39	uniform	0	7	0	cold	7.644515069159389e-59	0	0
39	39	uniform	0	7	0	warm	2.278488566341805e-59	0	0
39	39	uniform	0	15	0	cold	3.6124145499031063e-42	0	0
39	39	uniform	0	15	0	warm	1.4439810799626802e-64	0	0
39	39	uniform	0	23	0	cold	2.103068419100342e-59	0	0
39	39	uniform	0	23	0	warm	9.817419953083915e-64	0	0
39	39	uniform	1	0	0	cold	2.787769637522271e-66	0	0
39	39	uniform	1	0	0	warm	2.787769637522271e-66	0	0
39	39	uniform	1	7	0	cold	5.116023007200463e-51	0	0
39	39	uniform	1	7	0	warm	6.207270104371422e-68	0	0
39	39	uniform	1	15	0	cold	9.039258967559096e-50	0	0
39	39	uniform	1	15	0	warm	4.6855558810144993e-66	0	0
39	39	uniform	1	23	0	cold	8.558707206473295e-56	0	0
39	39	uniform	1	23	0	warm	7.874375053875288e-66	0	0
39	39	uniform	2	0	0	cold	6.781632105926381e-59	0	0
39	39	uniform	2	0	0	warm	6.781632105926381e-59	0	0
39	39	uniform	2	7	0	cold	3.59645755526294e-54	0	0
39	39	uniform	2	7	0	warm	3.5090416639412986e-62	0	0
39	39	uniform	2	15	0	cold	4.115457500300943e-80	0	0
39	39	uniform	2	15	0	warm	5.386706986011465e-71	0	0
39	39	uniform	2	23	0	cold	3.5894766798816766e-77	0	0
39	39	uniform	2	23	0	warm	2.4616233897765995e-70	0	0
39	39	uniform	3	0	0	cold	4.5619504132389236e-54	0	0
39	39	uniform	3	0	0	warm	4.5619504132389236e-54	0	0
39	39	uniform	3	7	0	cold	2.787380243976194e-44	0	0
39	39	uniform	3	7	0	warm	1.703371781485595e-64	0	0
39	39	uniform	3	15	0	cold	7.459414056912001e-41	0	0
39	39	uniform	3	15	0	warm	7.06243671070805e-63	0	0
39	39	uniform	3	23	0	cold	2.8123216289656834e-49	0	0
39	39	uniform	3	23	0	warm	1.2362241210749881e-60	0	0
39	39	uniform	4	0	0	cold	1.3995408553155256e-69	0	0
39	39	uniform	4	0	0	warm	1.3995408553155256e-69	0	0
39	39	uniform	4	7	0	cold	1.1611573228414503e-44	0	0
39	39	uniform	4	7	0	warm	6.101899628374294e-69	0	0
39	39	uniform	4	15	0	cold	1.1519997235304422e-60	0	0
39	39	uniform	4	15	0	warm	1.5815364436144676e-69	0	0
39	39	uniform	4	23	0	cold	8.837455618837656e-71	0	0
39	39	uniform	4	23	0	warm	5.449817802189655e-68	0	0
40	40	linear	0	0	0	cold	8.210685945926453e-47	0	0
40	40	linear	0	0	0	warm	8.210685945926453e-47	0	0
40	40	linear	0	7	0	cold	1.642138786925709e-47	0	0
40	40	linear	0	7	0	warm	7.956435380893963e-49	0	0
40	40	linear	0	15	0	cold	5.345504684657079e-50	0	0
40	40	linear	0	15	0	warm	5.802201324424314e-51	0	0
40	40	linear	0	23	0	cold	4.687226504940248e-59	0	0
40	40	linear	0	23	0	warm	0.0	0	0
40	40	linear	1	0	0	cold	3.155839041530687e-71	0	0
40	40	linear	1	0	0	warm	3.155839041530687e-71	0	0
40	40	linear	1	7	0	cold	3.9159657988681326e-73	0	0
40	40	linear	1	7	0	warm	8.4669530786338e-74	0	0
40	40	linear	1	15	0	cold	5.4328273381109396e-76	0	0
40	40	linear	1	15	0	warm	2.3283545734761162e-76	0	0
40	40	linear	1	23	0	cold	1.7683723294671294e-46	0	0
40	40	linear	1	23	0	warm	2.1401349294544062e-46	0	0
40	40	linear	2	0	0	cold	2.4392859836661106e-69	0	0
40	40	linear	2	0	0	warm	2.4392859836661106e-69	0	0
40	40	linear	2	7	0	cold	3.146182722412782e-73	0	0
40	40	linear	2	7	0	warm	8.989093492607946e-73	0	0
40	40	linear	2	15	0	cold	1.6832024571519474e-73	0	0
40	40	linear	2	15	0	warm	6.73280982860779e-73	0	0
40	40	linear	2	23	0	cold	1.9656019444918983e-74	0	0
40	40	linear	2	23	0	warm	2.466637734264343e-75	0	0
40	40	linear	3	0	0	cold	1.0994505641157426e-74	0	0
40	40	linear	3	0	0	warm	1.0994505641157426e-74	0	0
40	40	linear	3	7	0	cold	1.792788969038114e-74	0	0
40	40	linear	3	7	0	warm	1.4566410373434676e-74	0	0
40	40	linear	3	15	0	cold	1.0381545377728398e-44	0	0
40	40	linear	3	15	0	warm	2.4603694923749676e-75	0	0
40	40	linear	3	23	0	cold	4.97661659533817e-74	0	0
40	40	linear	3	23	0	warm	1.4138115327665253e-74	0	0
40	40	linear	4	0	0	cold	1.928719123028324e-44	0	0
40	40	linear	4	0	0	warm	1.928719123028324e-44	0	0
40	40	linear	4	7	0	cold	1.716961968338478e-44	0	0
40	40	linear	4	7	0	warm	6.96410897015867e-77	0	0
40	40	linear	4	15	0	cold	1.657230624553227e-75	0	0
40	40	linear	4	15	0	warm	1.500888112802923e-74	0	0
40	40	linear	4	23	0	cold	2.700405429618614e-74	0	0
40	40	linear	4	23	0	warm	2.607288001011075e-74	0	0
40	40	uniform	0	0	0	cold	8.210685945926453e-47	0	0
40	40	uniform	0	0	0	warm	8.210685945926453e-47	0	0
40	40	uniform	0	7	0	cold	1.642138786925709e-47	0	0
40	40	uniform	0	7	0	warm	7.956435380893963e-49	0	0
40	40	uniform	0	15	0	cold	5.345504684657079e-50	0	0
40	40	uniform	0	15	0	warm	5.802201324424314e-51	0	0
40	40	uniform	0	23	0	cold	4.687226504940248e-59	0	0
40	40	uniform	0	23	0	warm	0.0	0	0
40	40	uniform	1	0	0	cold	3.155839041530687e-71	0	0
40	40	uniform	1	0	0	warm	3.155839041530687e-71	0	0
40	40	uniform	1	7	0	cold	3.9159657988681326e-73	0	0
40	40	uniform	1	7	0	warm	8.4669530786338e-74	0	0
40	40	uniform	1	15	0	cold	5.4328273381109396e-76	0	0
40	40	uniform	1	15	0	warm	2.3283545734761162e-76	0	0
40	40	uniform	1	23	0	cold	1.7683723294671294e-46	0	0
40	40	uniform	1	23	0	warm	2.1401349294544062e-46	0	0
40	40	uniform	2	0	0	cold	2.4392859836661106e-69	0	0
40	40	uniform	2	0	0	warm	2.4392859836661106e-69	0	0
40	40	uniform	2	7	0	cold	3.146182722412782e-73	0	0
40	40	uniform	2	7	0	warm	8.989093492607946e-73	0	0
40	40	uniform	2	15	0	cold	1.6832024571519474e-73	0	0
40	40	uniform	2	15	0	warm	6.73280982860779e-73	0	0
40	40	uniform	2	23	0	cold	1.9656019444918983e-74	0	0
40	40	uniform	2	23	0	warm	2.466637734264343e-75	0	0
40	40	uniform	3	0	0	cold	1.0994505641157426e-74	0	0
40	40	uniform	3	0	0	warm	1.0994505641157426e-74	0	0
40	40	uniform	3	7	0	cold	1.792788969038114e-74	0	0
40	40	uniform	3	7	0	warm	1.4566410373434676e-74	0	0
40	40	uniform	3	15	0	cold	1.0381545377728398e-44	0	0
40	40	uniform	3	15	0	warm	2.4603694923749676e-75	0	0
40	40	uniform	3	23	0	cold	4.97661659533817e-74	0	0
40	40	uniform	3	23	0	warm	1.4138115327665253e-74	0	0
40	40	uniform	4	0	0	cold	1.928719123028324e-44	0	0
40	40	uniform	4	0	0	warm	1.928719123028324e-44	0	0
40	40	uniform	4	7	0	cold	1.716961968338478e-44	0	0
40	40	uniform	4	7	0	warm	6.96410897015867e-77	0	0
40	40	uniform	4	15	0	cold	1.657230624553227e-75	0	0
40	40	uniform	4	15	0	warm	1.500888112802923e-74	0	0
40	40	uniform	4	23	0	cold	2.700405429618614e-74	0	0
40	40	uniform	4	23	0	warm	2.607288001011075e-74	0	0
41	41	linear	0	0	0	cold	6.624272617504541e-72	0	0
41	41	linear	0	0	0	warm	6.624272617504541e-72	0	0
41	41	linear	0	7	0	cold	8.960051978817443e-48	0	0
41	41	linear	0	7	0	warm	2.71321812934909e-73	0	0
41	41	linear	0	15	0	cold	1.8301824564391553e-69	0	0
41	41	linear	0	15	0	warm	2.685046109620865e-55	0	0
41	41	linear	0	23	0	cold	1.9784023079984642e-50	0	0
41	41	linear	0	23	0	warm	1.043207790383067e-54	0	0
41	41	linear	1	0	0	cold	2.631573282960427e-51	0	0
41	41	linear	1	0	0	warm	2.631573282960427e-51	0	0
41	41	linear	1	7	0	cold	4.222994564223651e-52	0	0
41	41	linear	1	7	0	warm	9.604737068727488e-54	0	0
41	41	linear	1	15	0	cold	3.8526337721303995e-53	0	0
41	41	linear	1	15	0	warm	1.0343725701786916e-54	0	0
41	41	linear	1	23	0	cold	2.8796584940425914e-54	0	0
41	41	linear	1	23	0	warm	3.9700609731827318e-56	0	0
41	41	linear	2	0	0	cold	2.5530910589102094e-70	0	0
41	41	linear	2	0	0	warm	2.5530910589102094e-70	0	0
41	41	linear	2	7	0	cold	1.8272461991708077e-70	0	0
41	41	linear	2	7	0	warm	9.984178454145999e-78	0	0
41	41	linear	2	15	0	cold	6.208920747323455e-79	0	0
41	41	linear	2	15	0	warm	3.023256334400312e-70	0	0
41	41	linear	2	23	0	cold	1.0633786467110086e-77	0	0
41	41	linear	2	23	0	warm	1.064120284953397e-70	0	0
41	41	linear	3	0	0	cold	1.5357659152808689e-57	0	0
41	41	linear	3	0	0	warm	1.5357659152808689e-57	0	0
41	41	linear	3	7	0	cold	5.240112823169535e-57	0	0
41	41	linear	3	7	0	warm	2.8083923289982864e-60	0	0
41	41	linear	3	15	0	cold	4.183706463141357e-53	0	0
41	41	linear	3	15	0	warm	6.556693971384417e-56	0	0
41	41	linear	3	23	0	cold	1.2765290092089453e-53	0	0
41	41	linear	3	23	0	warm	2.2580505793229356e-53	0	0
41	41	linear	4	0	0	cold	1.0546055240656984e-68	0	0
41	41	linear	4	0	0	warm	1.0546055240656984e-68	0	0
41	41	linear	4	7	0	cold	9.086727035159992e-70	0	0
41	41	linear	4	7	0	warm	8.763480333242086e-69	0	0
41	41	linear	4	15	0	cold	1.8041585923882873e-66	0	0
41	41	linear	4	15	0	warm	7.137113549563986e-68	0	0
41	41	linear	4	23	0	cold	2.5728081427906188e-64	0	0
41	41	linear	4	23	0	warm	7.623250187832957e-64	0	0
41	41	uniform	0	0	0	cold	6.624272617504541e-72	0	0
41	41	uniform	0	0	0	warm	6.624272617504541e-72	0	0
41	41	uniform	0	7	0	cold	8.960051978817443e-48	0	0
41	41	uniform	0	7	0	warm	2.71321812934909e-73	0	0
41	41	uniform	0	15	0	cold	1.8301824564391553e-69	0	0
41	41	uniform	0	15	0	warm	2.685046109620865e-55	0	0
41	41	uniform	0	23	0	cold	1.9784023079984642e-50	0	0
41	41	uniform	0	23	0	warm	1.043207790383067e-54	0	0
41	41	uniform	1	0	0	cold	2.631573282960427e-51	0	0
41	41	uniform	1	0	0	warm	2.631573282960427e-51	0	0
41	41	uniform	1	7	0	cold	4.222994564223651e-52	0	0
41	41	uniform	1	7	0	warm	9.604737068727488e-54	0	0
41	41	uniform	1	15	0	cold	3.8526337721303995e-53	0	0
41	41	uniform	1	15	0	warm	1.0343725701786916e-54	0	0
41	41	uniform	1	23	0	cold	2.8796584940425914e-54	0	0
41	41	uniform	1	23	0	warm	3.9700609731827318e-56	0	0
41	41	uniform	2	0	0	cold	2.5530910589102094e-70	0	0
41	41	uniform	2	0	0	warm	2.5530910589102094e-70	0	0
41	41	uniform	2	7	0	cold	1.8272461991708077e-70	0	0
41	41	uniform	2	7	0	warm	9.984178454145999e-78	0	0
41	41	uniform	2	15	0	cold	6.208920747323455e-79	0	0
41	41	uniform	2	15	0	warm	3.023256334400312e-70	0	0
41	41	uniform	2	23	0	cold	1.0633786467110086e-77	0	0
41	41	uniform	2	23	0	warm	1.064120284953397e-70	0	0
41	41	uniform	3	0	0	cold	1.5357659152808689e-57	0	0
41	41	uniform	3	0	0	warm	1.5357659152808689e-57	0	0
41	41	uniform	3	7	0	cold	5.240112823169535e-57	0	0
41	41	uniform	3	7	0	warm	2.8083923289982864e-60	0	0
41	41	uniform	3	15	0	cold	4.183706463141357e-53	0	0
41	41	uniform	3	15	0	warm	6.556693971384417e-56	0	0
41	41	uniform	3	23	0	cold	1.2765290092089453e-53	0	0
41	41	uniform	3	23	0	warm	2.2580505793229356e-53	0	0
41	41	uniform	4	0	0	cold	1.0546055240656984e-68	0	0
41	41	uniform	4	0	0	warm	1.0546055240656984e-68	0	0
41	41	uniform	4	7	0	cold	9.086727035159992e-70	0	0
41	41	uniform	4	7	0	warm	8.763480333242086e-69	0	0
41	41	uniform	4	15	0	cold	1.8041585923882873e-66	0	0
41	41	uniform	4	15	0	warm	7.137113549563986e-68	0	0
41	41	uniform	4	23	0	cold	2.5728081427906188e-64	0	0
41	41	uniform	4	23	0	warm	7.623250187832957e-64	0	0
42	42	linear	0	0	0	cold	2.205373893638153e-75	0	0
42	42	linear	0	0	0	warm	2.205373893638153e-75	0	0
42	42	linear	0	7	0	cold	6.135356185463129e-80	0	0
42	42	linear	0	7	0	warm	1.4333795622350784e-78	0	0
42	42	linear	0	15	0	cold	5.050599330822123e-80	0	0
42	42	linear	0	15	0	warm	3.1577863782582304e-78	0	0
42	42	linear	0	23	0	cold	2.5660025859706944e-79	0	0
42	42	linear	0	23	0	warm	5.598933770917531e-78	0	0
42	42	linear	1	0	0	cold	1.3957475409391371e-58	0	0
42	42	linear	1	0	0	warm	1.3957475409391371e-58	0	0
42	42	linear	1	7	0	cold	1.0343556605408113e-58	0	0
42	42	linear	1	7	0	warm	4.510191175075944e-59	0	0
42	42	linear	1	15	0	cold	7.528026120927693e-60	0	0
42	42	linear	1	15	0	warm	7.202733393056937e-60	0	0
42	42	linear	1	23	0	cold	2.415773146715202e-59	0	0
42	42	linear	1	23	0	warm	1.718915508239663e-59	0	0
42	42	linear	2	0	0	cold	2.6075754882222113e-48	0	0
42	42	linear	2	0	0	warm	2.6075754882222113e-48	0	0
42	42	linear	2	7	0	cold	4.1295747287519974e-52	0	0
42	42	linear	2	7	0	warm	1.529511893590362e-54	0	0
42	42	linear	2	15	0	cold	6.478979238312441e-55	0	0
42	42	linear	2	15	0	warm	7.746131907688454e-53	0	0
42	42	linear	2	23	0	cold	2.2954688479999546e-57	0	0
42	42	linear	2	23	0	warm	4.624817401219799e-55	0	0
42	42	linear	3	0	0	cold	4.1988332116591394e-51	0	0
42	42	linear	3	0	0	warm	4.1988332116591394e-51	0	0
42	42	linear	3	7	0	cold	1.038518226328969e-53	0	0
42	42	linear	3	7	0	warm	3.4554255950619086e-59	0	0
42	42	linear	3	15	0	cold	3.017561251493316e-55	0	0
42	42	linear	3	15	0	warm	6.42780236038434e-57	0	0
42	42	linear	3	23	0	cold	2.790631064657106e-54	0	0
42	42	linear	3	23	0	warm	4.335894322169179e-55	0	0
42	42	linear	4	0	0	cold	2.4740591961418435e-49	0	0
42	42	linear	4	0	0	warm	2.4740591961418435e-49	0	0
42	42	linear	4	7	0	cold	4.686593801419801e-49	0	0
42	42	linear	4	7	0	warm	9.924790733558795e-47	0	0
42	42	linear	4	15	0	cold	9.141700426726883e-55	0	0
42	42	linear	4	15	0	warm	1.8828538056706483e-43	0	0
42	42	linear	4	23	0	cold	3.3734526856851324e-52	0	0
42	42	linear	4	23	0	warm	2.4112788791375774e-38	0	0
42	42	uniform	0	0	0	cold	2.205373893638153e-75	0	0
42	42	uniform	0	0	0	warm	2.205373893638153e-75	0	0
42	42	uniform	0	7	0	cold	6.135356185463129e-80	0	0
42	42	uniform	0	7	0	warm	1.4333795622350784e-78	0	0
42	42	uniform	0	15	0	cold	5.050599330822123e-80	0	0
42	42	uniform	0	15	0	warm	3.1577863782582304e-78	0	0
42	42	uniform	0	23	0	cold	2.5660025859706944e-79	0	0
42	42	uniform	0	23	0	warm	5.598933770917531e-78	0	0
42	42	uniform	1	0	0	cold	1.3957475409391371e-58	0	0
42	42	uniform	1	0	0	warm	1.3957475409391371e-58	0	0
42	42	uniform	1	7	0	cold	1.0343556605408113e-58	0	0
42	42	uniform	1	7	0	warm	4.510191175075944e-59	0	0
42	42	uniform	1	15	0	cold	7.528026120927693e-60	0	0
42	42	uniform	1	15	0	warm	7.202733393056937e-60	0	0
42	42	uniform	1	23	0	cold	2.415773146715202e-59	0	0
42	42	uniform	1	23	0	warm	1.718915508239663e-59	0	0
42	42	uniform	2	0	0	cold	2.6075754882222113e-48	0	0
42	42	uniform	2	0	0	warm	2.6075754882222113e-48	0	0
42	42	uniform	2	7	0	cold	4.1295747287519974e-52	0	0
42	42	uniform	2	7	0	warm	1.529511893590362e-54	0	0
42	42	uniform	2	15	0	cold	6.478979238312441e-55	0	0
42	42	uniform	2	15	0	warm	7.746131907688454e-53	0	0
42	42	uniform	2	23	0	cold	2.2954688479999546e-57	0	0
42	42	uniform	2	23	0	warm	4.624817401219799e-55	0	0
42	42	uniform	3	0	0	cold	4.1988332116591394e-51	0	0
42	42	uniform	3	0	0	warm	4.1988332116591394e-51	0	0
42	42	uniform	3	7	0	cold	1.038518226328969e-53	0	0
42	42	uniform	3	7	0	warm	3.4554255950619086e-59	0	0
42	42	uniform	3	15	0	cold	3.017561251493316e-55	0	0
42	42	uniform	3	15	0	warm	6.42780236038434e-57	0	0
42	42	uniform	3	23	0	cold	2.790631064657106e-54	0	0
42	42	uniform	3	23	0	warm	4.335894322169179e-55	0	0
42	42	uniform	4	0	0	cold	2.4740591961418435e-49	0	0
42	42	uniform	4	0	0	warm	2.4740591961418435e-49	0	0
42	42	uniform	4	7	0	cold	4.686593801419801e-49	0	0
42	42	uniform	4	7	0	warm	9.924790733558795e-47	0	0
42	42	uniform	4	15	0	cold	9.141700426726883e-55	0	0
42	42	uniform	4	15	0	warm	1.8828538056706483e-43	0	0
42	42	uniform	4	23	0	cold	3.3734526856851324e-52	0	0
42	42	uniform	4	23	0	warm	2.4112788791375774e-38	0	0
43	43	linear	0	0	0	cold	4.3608018311139005e-71	0	0
43	43	linear	0	0	0	warm	4.3608018311139005e-71	0	0
43	43	linear	0	7	0	cold	1.6752318309270158e-70	0	0
43	43	linear	0	7	0	warm	5.348660242921519e-72	0	0
43	43	linear	0	15	0	cold	1.150602989083082e-70	0	0
43	43	linear	0	15	0	warm	6.543713681989122e-72	0	0
43	43	linear	0	23	0	cold	8.016428093462201e-72	0	0
43	43	linear	0	23	0	warm	1.496153630346632e-71	0	0
43	43	linear	1	0	0	cold	3.181085875861746e-54	0	0
43	43	linear	1	0	0	warm	3.181085875861746e-54	0	0
43	43	linear	1	7	0	cold	3.1214059619107093e-43	0	0
43	43	linear	1	7	0	warm	2.0725376847844723e-72	0	0
43	43	linear	1	15	0	cold	5.103813771384131e-62	0	0
43	43	linear	1	15	0	warm	1.7585872076427915e-70	0	0
43	43	linear	1	23	0	cold	3.900098720279331e-47	0	0
43	43	linear	1	23	0	warm	1.3661083291551617e-72	0	0
43	43	linear	2	0	0	cold	5.346988203281237e-71	0	0
43	43	linear	2	0	0	warm	5.346988203281237e-71	0	0
43	43	linear	2	7	0	cold	1.5474666335475485e-70	0	0
43	43	linear	2	7	0	warm	2.1399711440588402e-70	0	0
43	43	linear	2	15	0	cold	7.420377771708393e-70	0	0
43	43	linear	2	15	0	warm	5.517619322126969e-71	0	0
43	43	linear	2	23	0	cold	4.9060342999200345e-70	0	0
43	43	linear	2	23	0	warm	2.1781238919813486e-70	0	0
43	43	linear	3	0	0	cold	1.8524976299753853e-71	0	0
43	43	linear	3	0	0	warm	1.8524976299753853e-71	0	0
43	43	linear	3	7	0	cold	8.890949533444088e-70	0	0
43	43	linear	3	7	0	warm	2.859005252733157e-72	0	0
43	43	linear	3	15	0	cold	1.0022989045121356e-69	0	0
43	43	linear	3	15	0	warm	4.862638249613333e-70	0	0
43	43	linear	3	23	0	cold	6.885854987090496e-70	0	0
43	43	linear	3	23	0	warm	1.084969093758216e-70	0	0
43	43	linear	4	0	0	cold	1.3914935306354384e-71	0	0
43	43	linear	4	0	0	warm	1.3914935306354384e-71	0	0
43	43	linear	4	7	0	cold	9.140326946308986e-73	0	0
43	43	linear	4	7	0	warm	1.4322986555040885e-72	0	0
43	43	linear	4	15	0	cold	3.7739945434153876e-71	0	0
43	43	linear	4	15	0	warm	1.708354572570165e-71	0	0
43	43	linear	4	23	0	cold	4.958155301875007e-71	0	0
43	43	linear	4	23	0	warm	3.086588942610524e-71	0	0
43	43	uniform	0	0	0	cold	4.3608018311139005e-71	0	0
43	43	uniform	0	0	0	warm	4.3608018311139005e-71	0	0
43	43	uniform	0	7	0	cold	1.6752318309270158e-70	0	0
43	43	uniform	0	7	0	warm	5.348660242921519e-72	0	0
43	43	uniform	0	15	0	cold	1.150602989083082e-70	0	0
43	43	uniform	0	15	0	warm	6.543713681989122e-72	0	0
43	43	uniform	0	23	0	cold	8.016428093462201e-72	0	0
43	43	uniform	0	23	0	warm	1.496153630346632e-71	0	0
43	43	uniform	1	0	0	cold	3.181085875861746e-54	0	0
43	43	uniform	1	0	0	warm	3.181085875861746e-54	0	0
43	43	uniform	1	7	0	cold	3.1214059619107093e-43	0	0
43	43	uniform	1	7	0	warm	2.0725376847844723e-72	0	0
43	43	uniform	1	15	0	cold	5.103813771384131e-62	0	0
43	43	uniform	1	15	0	warm	1.7585872076427915e-70	0	0
43	43	uniform	1	23	0	cold	3.900098720279331e-47	0	0
43	43	uniform	1	23	0	warm	1.3661083291551617e-72	0	0
43	43	uniform	2	0	0	cold	5.346988203281237e-71	0	0
43	43	uniform	2	0	0	warm	5.346988203281237e-71	0	0
43	43	uniform	2	7	0	cold	1.5474666335475485e-70	0	0
43	43	uniform	2	7	0	warm	2.1399711440588402e-70	0	0
43	43	uniform	2	15	0	cold	7.420377771708393e-70	0	0
43	43	uniform	2	15	0	warm	5.517619322126969e-71	0	0
43	43	uniform	2	23	0	cold	4.9060342999200345e-70	0	0
43	43	uniform	2	23	0	warm	2.1781238919813486e-70	0	0
43	43	uniform	3	0	0	cold	1.8524976299753853e-71	0	0
43	43	uniform	3	0	0	warm	1.8524976299753853e-71	0	0
43	43	uniform	3	7	0	cold	8.890949533444088e-70	0	0
43	43	uniform	3	7	0	warm	2.859005252733157e-72	0	0
43	43	uniform	3	15	0	cold	1.0022989045121356e-69	0	0
43	43	uniform	3	15	0	warm	4.862638249613333e-70	0	0
43	43	uniform	3	23	0	cold	6.885854987090496e-70	0	0
43	43	uniform	3	23	0	warm	1.084969093758216e-70	0	0
43	43	uniform	4	0	0	cold	1.3914935306354384e-71	0	0
43	43	uniform	4	0	0	warm	1.3914935306354384e-71	0	0
43	43	uniform	4	7	0	cold	9.140326946308986e-73	0	0
43	43	uniform	4	7	0	warm	1.4322986555040885e-72	0	0
43	43	uniform	4	15	0	cold	3.7739945434153876e-71	0	0
43	43	uniform	4	15	0	warm	1.708354572570165e-71	0	0
43	43	uniform	4	23	0	cold	4.958155301875007e-71	0	0
43	43	uniform	4	23	0	warm	3.086588942610524e-71	0	0
44	44	linear	0	0	0	cold	6.787637755500351e-66	0	0
44	44	linear	0	0	0	warm	6.787637755500351e-66	0	0
44	44	linear	0	7	0	cold	2.5406443750057668e-67	0	0
44	44	linear	0	7	0	warm	8.150541751359493e-67	0	0
44	44	linear	0	15	0	cold	6.069282681243265e-67	0	0
44	44	linear	0	15	0	warm	1.6184753816648707e-66	0	0
44	44	linear	0	23	0	cold	2.8857575583595912e-67	0	0
44	44	linear	0	23	0	warm	5.0187087971471155e-67	0	0
44	44	linear	1	0	0	cold	2.234901231845091e-67	0	0
44	44	linear	1	0	0	warm	2.234901231845091e-67	0	0
44	44	linear	1	7	0	cold	3.280276928303136e-67	0	0
44	44	linear	1	7	0	warm	5.624032242866027e-68	0	0
44	44	linear	1	15	0	cold	4.248888512118906e-68	0	0
44	44	linear	1	15	0	warm	1.6995554048475623e-67	0	0
44	44	linear	1	23	0	cold	1.6715163714031535e-69	0	0
44	44	linear	1	23	0	warm	3.1013629723683264e-69	0	0
44	44	linear	2	0	0	cold	1.3080491580734039e-61	0	0
44	44	linear	2	0	0	warm	1.3080491580734039e-61	0	0
44	44	linear	2	7	0	cold	7.184958017345035e-61	0	0
44	44	linear	2	7	0	warm	9.11842361084828e-62	0	0
44	44	linear	2	15	0	cold	8.149920421429905e-59	0	0
44	44	linear	2	15	0	warm	2.256633873567294e-60	0	0
44	44	linear	2	23	0	cold	1.7269425651142725e-58	0	0
44	44	linear	2	23	0	warm	4.550692637913329e-58	0	0
44	44	linear	3	0	0	cold	1.6119593412207742e-60	0	0
44	44	linear	3	0	0	warm	1.6119593412207742e-60	0	0
44	44	linear	3	7	0	cold	2.220597311134726e-58	0	0
44	44	linear	3	7	0	warm	3.0666115098258774e-59	0	0
44	44	linear	3	15	0	cold	1.5538413595330768e-65	0	0
44	44	linear	3	15	0	warm	1.2807489747994762e-58	0	0
44	44	linear	3	23	0	cold	4.2483120506625546e-60	0	0
44	44	linear	3	23	0	warm	8.399691178547207e-62	0	0
44	44	linear	4	0	0	cold	1.7462477950868576e-64	0	0
44	44	linear	4	0	0	warm	1.7462477950868576e-64	0	0
44	44	linear	4	7	0	cold	1.1732807952103949e-62	0	0
44	44	linear	4	7	0	warm	7.265314019262345e-64	0	0
44	44	linear	4	15	0	cold	3.215463369427983e-64	0	0
44	44	linear	4	15	0	warm	3.517549098205757e-64	0	0
44	44	linear	4	23	0	cold	2.55544202353546e-62	0	0
44	44	linear	4	23	0	warm	1.1257170730650488e-62	0	0
44	44	uniform	0	0	0	cold	6.787637755500351e-66	0	0
44	44	uniform	0	0	0	warm	6.787637755500351e-66	0	0
44	44	uniform	0	7	0	cold	2.5406443750057668e-67	0	0
44	44	uniform	0	7	0	warm	8.150541751359493e-67	0	0
44	44	uniform	0	15	0	cold	6.069282681243265e-67	0	0
44	44	uniform	0	15	0	warm	1.6184753816648707e-66	0	0
44	44	uniform	0	23	0	cold	2.8857575583595912e-67	0	0
44	44	uniform	0	23	0	warm	5.0187087971471155e-67	0	0
44	44	uniform	1	0	0	cold	2.234901231845091e-67	0	0
44	44	uniform	1	0	0	warm	2.234901231845091e-67	0	0
44	44	uniform	1	7	0	cold	3.280276928303136e-67	0	0
44	44	uniform	1	7	0	warm	5.624032242866027e-68	0	0
44	44	uniform	1	15	0	cold	4.248888512118906e-68	0	0
44	44	uniform	1	15	0	warm	1.6995554048475623e-67	0	0
44	44	uniform	1	23	0	cold	1.6715163714031535e-69	0	0
44	44	uniform	1	23	0	warm	3.1013629723683264e-69	0	0
44	44	uniform	2	0	0	cold	1.3080491580734039e-61	0	0
44	44	uniform	2	0	0	warm	1.3080491580734039e-61	0	0
44	44	uniform	2	7	0	cold	7.184958017345035e-61	0	0
44	44	uniform	2	7	0	warm	9.11842361084828e-62	0	0
44	44	uniform	2	15	0	cold	8.149920421429905e-59	0	0
44	44	uniform	2	15	0	warm	2.256633873567294e-60	0	0
44	44	uniform	2	23	0	cold	1.7269425651142725e-58	0	0
44	44	uniform	2	23	0	warm	4.550692637913329e-58	0	0
44	44	uniform	3	0	0	cold	1.6119593412207742e-60	0	0
44	44	uniform	3	0	0	warm	1.6119593412207742e-60	0	0
44	44	uniform	3	7	0	cold	2.220597311134726e-58	0	0
44	44	uniform	3	7	0	warm	3.0666115098258774e-59	0	0
44	44	uniform	3	15	0	cold	1.5538413595330768e-65	0	0
44	44	uniform	3	15	0	warm	1.2807489747994762e-58	0	0
44	44	uniform	3	23	0	cold	4.2483120506625546e-60	0	0
44	44	uniform	3	23	0	warm	8.399691178547207e-62	0	0
44	44	uniform	4	0	0	cold	1.7462477950868576e-64	0	0
44	44	uniform	4	0	0	warm	1.7462477950868576e-64	0	0
44	44	uniform	4	7	0	cold	1.1732807952103949e-62	0	0
44	44	uniform	4	7	0	warm	7.265314019262345e-64	0	0
44	44	uniform	4	15	0	cold	3.215463369427983e-64	0	0
44	44	uniform	4	15	0	warm	3.517549098205757e-64	0	0
44	44	uniform	4	23	0	cold	2.55544202353546e-62	0	0
44	44	uniform	4	23	0	warm	1.1257170730650488e-62	0	0
45	45	linear	0	0	0	cold	1.1057151846164838e-49	0	0
45	45	linear	0	0	0	warm	1.1057151846164838e-49	0	0
45	45	linear	0	7	0	cold	5.541254463278263e-65	0	0
45	45	linear	0	7	0	warm	5.160076687212765e-50	0	0
45	45	linear	0	15	0	cold	1.2602466395629726e-47	0	0
45	45	linear	0	15	0	warm	1.150360479491982e-48	0	0
45	45	linear	0	23	0	cold	1.4597717053080675e-51	0	0
45	45	linear	0	23	0	warm	7.219478899035086e-45	0	0
45	45	linear	1	0	0	cold	2.7082705077019678e-48	0	0
45	45	linear	1	0	0	warm	2.7082705077019678e-48	0	0
45	45	linear	1	7	0	cold	3.430083418632538e-50	0	0
45	45	linear	1	7	0	warm	8.227671963934979e-51	0	0
45	45	linear	1	15	0	cold	6.977454250632876e-49	0	0
45	45	linear	1	15	0	warm	1.399023081509128e-48	0	0
45	45	linear	1	23	0	cold	5.06883634209633e-50	0	0
45	45	linear	1	23	0	warm	2.966535437574116e-49	0	0
45	45	linear	2	0	0	cold	1.4904280174330387e-53	0	0
45	45	linear	2	0	0	warm	1.4904280174330387e-53	0	0
45	45	linear	2	7	0	cold	2.493749929570097e-74	0	0
45	45	linear	2	7	0	warm	1.5198638285135344e-80	0	0
45	45	linear	2	15	0	cold	2.0111138071017588e-75	0	0
45	45	linear	2	15	0	warm	5.375340890878677e-81	0	0
45	45	linear	2	23	0	cold	4.369385626369615e-81	0	0
45	45	linear	2	23	0	warm	1.9436175410966404e-81	0	0
45	45	linear	3	0	0	cold	2.9647040727634876e-40	0	0
45	45	linear	3	0	0	warm	2.9647040727634876e-40	0	0
45	45	linear	3	7	0	cold	2.9006220164957667e-41	0	0
45	45	linear	3	7	0	warm	4.8054414740256e-48	0	0
45	45	linear	3	15	0	cold	1.9854487628952025e-42	0	0
45	45	linear	3	15	0	warm	1.4454965536910629e-40	0	0
45	45	linear	3	23	0	cold	1.5764968588915966e-44	0	0
45	45	linear	3	23	0	warm	2.1574226744026417e-40	0	0
45	45	linear	4	0	0	cold	2.0577403094136495e-83	0	0
45	45	linear	4	0	0	warm	2.0577403094136495e-83	0	0
45	45	linear	4	7	0	cold	3.337796821555229e-75	0	0
45	45	linear	4	7	0	warm	2.6024603077939295e-74	0	0
45	45	linear	4	15	0	cold	2.892315054922411e-56	0	0
45	45	linear	4	15	0	warm	5.784630109844822e-56	0	0
45	45	linear	4	23	0	cold	4.1460121586556424e-85	0	0
45	45	linear	4	23	0	warm	6.922140013486484e-74	0	0
45	45	uniform	0	0	0	cold	1.1057151846164838e-49	0	0
45	45	uniform	0	0	0	warm	1.1057151846164838e-49	0	0
45	45	uniform	0	7	0	cold	5.541254463278263e-65	0	0
45	45	uniform	0	7	0	warm	5.160076687212765e-50	0	0
45	45	uniform	0	15	0	cold	1.2602466395629726e-47	0	0
45	45	uniform	0	15	0	warm	1.150360479491982e-48	0	0
45	45	uniform	0	23	0	cold	1.4597717053080675e-51	0	0
45	45	uniform	0	23	0	warm	7.219478899035086e-45	0	0
45	45	uniform	1	0	0	cold	2.7082705077019678e-48	0	0
45	45	uniform	1	0	0	warm	2.7082705077019678e-48	0	0
45	45	uniform	1	7	0	cold	3.430083418632538e-50	0	0
45	45	uniform	1	7	0	warm	8.227671963934979e-51	0	0
45	45	uniform	1	15	0	cold	6.977454250632876e-49	0	0
45	45	uniform	1	15	0	warm	1.399023081509128e-48	0	0
45	45	uniform	1	23	0	cold	5.06883634209633e-50	0	0
45	45	uniform	1	23	0	warm	2.966535437574116e-49	0	0
45	45	uniform	2	0	0	cold	1.4904280174330387e-53	0	0
45	45	uniform	2	0	0	warm	1.4904280174330387e-53	0	0
45	45	uniform	2	7	0	cold	2.493749929570097e-74	0	0
45	45	uniform	2	7	0	warm	1.5198638285135344e-80	0	0
45	45	uniform	2	15	0	cold	2.0111138071017588e-75	0	0
45	45	uniform	2	15	0	warm	5.375340890878677e-81	0	0
45	45	uniform	2	23	0	cold	4.369385626369615e-81	0	0
45	45	uniform	2	23	0	warm	1.9436175410966404e-81	0	0
45	45	uniform	3	0	0	cold	2.9647040727634876e-40	0	0
45	45	uniform	3	0	0	warm	2.9647040727634876e-40	0	0
45	45	uniform	3	7	0	cold	2.9006220164957667e-41	0	0
45	45	uniform	3	7	0	warm	4.8054414740256e-48	0	0
45	45	uniform	3	15	0	cold	1.9854487628952025e-42	0	0
45	45	uniform	3	15	0	warm	1.4454965536910629e-40	0	0
45	45	uniform	3	23	0	cold	1.5764968588915966e-44	0	0
45	45	uniform	3	23	0	warm	2.1574226744026417e-40	0	0
45	45	uniform	4	0	0	cold	2.0577403094136495e-83	0	0
45	45	uniform	4	0	0	warm	2.0577403094136495e-83	0	0
45	45	uniform	4	7	0	cold	3.337796821555229e-75	0	0
45	45	uniform	4	7	0	warm	2.6024603077939295e-74	0	0
45	45	uniform	4	15	0	cold	2.892315054922411e-56	0	0
45	45	uniform	4	15	0	warm	5.784630109844822e-56	0	0
45	45	uniform	4	23	0	cold	4.1460121586556424e-85	0	0
45	45	uniform	4	23	0	warm	6.922140013486484e-74	0	0
46	46	linear	0	0	0	cold	1.267512058891829e-71	0	0
46	46	linear	0	0	0	warm	1.267512058891829e-71	0	0
46	46	linear	0	7	0	cold	8.708509919340119e-75	0	0
46	46	linear	0	7	0	warm	2.933400143689954e-74	0	0
46	46	linear	0	15	0	cold	1.0196421039539228e-71	0	0
46	46	linear	0	15	0	warm	9.224878088156531e-74	0	0
46	46	linear	0	23	0	cold	5.8514748892058414e-77	0	0
46	46	linear	0	23	0	warm	5.747268857688606e-74	0	0
46	46	linear	1	0	0	cold	3.2567527786901074e-61	0	0
46	46	linear	1	0	0	warm	3.2567527786901074e-61	0	0
46	46	linear	1	7	0	cold	1.635582728845565e-61	0	0
46	46	linear	1	7	0	warm	1.536587323850362e-61	0	0
46	46	linear	1	15	0	cold	4.478607711678422e-57	0	0
46	46	linear	1	15	0	warm	3.2196974212611e-56	0	0
46	46	linear	1	23	0	cold	1.3454702564644108e-60	0	0
46	46	linear	1	23	0	warm	2.668187220283314e-61	0	0
46	46	linear	2	0	0	cold	4.1529102055183326e-53	0	0
46	46	linear	2	0	0	warm	4.1529102055183326e-53	0	0
46	46	linear	2	7	0	cold	9.017786419335534e-52	0	0
46	46	linear	2	7	0	warm	3.907677951272301e-52	0	0
46	46	linear	2	15	0	cold	1.3008434823937123e-52	0	0
46	46	linear	2	15	0	warm	8.073775609822306e-52	0	0
46	46	linear	2	23	0	cold	2.75936777671659e-52	0	0
46	46	linear	2	23	0	warm	3.526079939739839e-52	0	0
46	46	linear	3	0	0	cold	1.770031987611151e-50	0	0
46	46	linear	3	0	0	warm	1.770031987611151e-50	0	0
46	46	linear	3	7	0	cold	5.433564393109116e-49	0	0
46	46	linear	3	7	0	warm	8.977967311534606e-50	0	0
46	46	linear	3	15	0	cold	4.425191373038945e-50	0	0
46	46	linear	3	15	0	warm	1.835052212493071e-49	0	0
46	46	linear	3	23	0	cold	6.5403942047451465e-50	0	0
46	46	linear	3	23	0	warm	2.6183670496237024e-50	0	0
46	46	linear	4	0	0	cold	1.9570731480215807e-56	0	0
46	46	linear	4	0	0	warm	1.9570731480215807e-56	0	0
46	46	linear	4	7	0	cold	1.5234268483011483e-55	0	0
46	46	linear	4	7	0	warm	7.099123533401029e-56	0	0
46	46	linear	4	15	0	cold	3.494509624530076e-55	0	0
46	46	linear	4	15	0	warm	1.6352639380540265e-56	0	0
46	46	linear	4	23	0	cold	1.3671518361802505e-55	0	0
46	46	linear	4	23	0	warm	2.844987051511265e-57	0	0
46	46	uniform	0	0	0	cold	1.267512058891829e-71	0	0
46	46	uniform	0	0	0	warm	1.267512058891829e-71	0	0
46	46	uniform	0	7	0	cold	8.708509919340119e-75	0	0
46	46	uniform	0	7	0	warm	2.933400143689954e-74	0	0
46	46	uniform	0	15	0	cold	1.0196421039539228e-71	0	0
46	46	uniform	0	15	0	warm	9.224878088156531e-74	0	0
46	46	uniform	0	23	0	cold	5.8514748892058414e-77	0	0
46	46	uniform	0	23	0	warm	5.747268857688606e-74	0	0
46	46	uniform	1	0	0	cold	3.2567527786901074e-61	0	0
46	46	uniform	1	0	0	warm	3.2567527786901074e-61	0	0
46	46	uniform	1	7	0	cold	1.635582728845565e-61	0	0
46	46	uniform	1	7	0	warm	1.536587323850362e-61	0	0
46	46	uniform	1	15	0	cold	4.478607711678422e-57	0	0
46	46	uniform	1	15	0	warm	3.2196974212611e-56	0	0
46	46	uniform	1	23	0	cold	1.3454702564644108e-60	0	0
46	46	uniform	1	23	0	warm	2.668187220283314e-61	0	0
46	46	uniform	2	0	0	cold	4.1529102055183326e-53	0	0
46	46	uniform	2	0	0	warm	4.1529102055183326e-53	0	0
46	46	uniform	2	7	0	cold	9.017786419335534e-52	0	0
46	46	uniform	2	7	0	warm	3.907677951272301e-52	0	0
46	46	uniform	2	15	0	cold	1.3008434823937123e-52	0	0
46	46	uniform	2	15	0	warm	8.073775609822306e-52	0	0
46	46	uniform	2	23	0	cold	2.75936777671659e-52	0	0
46	46	uniform	2	23	0	warm	3.526079939739839e-52	0	0
46	46	uniform	3	0	0	cold	1.770031987611151e-50	0	0
46	46	uniform	3	0	0	warm	1.770031987611151e-50	0	0
46	46	uniform	3	7	0	cold	5.433564393109116e-49	0	0
46	46	uniform	3	7	0	warm	8.977967311534606e-50	0	0
46	46	uniform	3	15	0	cold	4.425191373038945e-50	0	0
46	46	uniform	3	15	0	warm	1.835052212493071e-49	0	0
46	46	uniform	3	23	0	cold	6.5403942047451465e-50	0	0
46	46	uniform	3	23	0	warm	2.6183670496237024e-50	0	0
46	46	uniform	4	0	0	cold	1.9570731480215807e-56	0	0
46	46	uniform	4	0	0	warm	1.9570731480215807e-56	0	0
46	46	uniform	4	7	0	cold	1.5234268483011483e-55	0	0
46	46	uniform	4	7	0	warm	7.099123533401029e-56	0	0
46	46	uniform	4	15	0	cold	3.494509624530076e-55	0	0
46	46	uniform	4	15	0	warm	1.6352639380540265e-56	0	0
46	46	uniform	4	23	0	cold	1.3671518361802505e-55	0	0
46	46	uniform	4	23	0	warm	2.844987051511265e-57	0	0
47	47	linear	0	0	0	cold	1.6225490306390277e-47	0	0
47	47	linear	0	0	0	warm	1.6225490306390277e-47	0	0
47	47	linear	0	7	0	cold	1.0400708229822236e-46	0	0
47	47	linear	0	7	0	warm	9.50511575010979e-47	0	0
47	47	linear	0	15	0	cold	4.009682929309654e-76	0	0
47	47	linear	0	15	0	warm	5.346243905746207e-76	0	0
47	47	linear	0	23	0	cold	9.019921592109128e-73	0	0
47	47	linear	0	23	0	warm	7.569659689064131e-72	0	0
47	47	linear	1	0	0	cold	5.618520754558823e-71	0	0
47	47	linear	1	0	0	warm	5.618520754558823e-71	0	0
47	47	linear	1	7	0	cold	5.323615974096196e-74	0	0
47	47	linear	1	7	0	warm	5.822704971667711e-75	0	0
47	47	linear	1	15	0	cold	1.2863132712580566e-73	0	0
47	47	linear	1	15	0	warm	4.98446392612497e-74	0	0
47	47	linear	1	23	0	cold	5.7527968952972396e-74	0	0
47	47	linear	1	23	0	warm	4.244628003982423e-78	0	0
47	47	linear	2	0	0	cold	2.269538079377148e-72	0	0
47	47	linear	2	0	0	warm	2.269538079377148e-72	0	0
47	47	linear	2	7	0	cold	2.4744990250763918e-73	0	0
47	47	linear	2	7	0	warm	7.674018611231697e-74	0	0
47	47	linear	2	15	0	cold	8.074623545241184e-74	0	0
47	47	linear	2	15	0	warm	2.3468054298109613e-74	0	0
47	47	linear	2	23	0	cold	4.145267536636859e-72	0	0
47	47	linear	2	23	0	warm	7.712125649556945e-73	0	0
47	47	linear	3	0	0	cold	4.364847348577506e-70	0	0
47	47	linear	3	0	0	warm	4.364847348577506e-70	0	0
47	47	linear	3	7	0	cold	5.601903521486353e-71	0	0
47	47	linear	3	7	0	warm	1.062079280684292e-75	0	0
47	47	linear	3	15	0	cold	3.8417382011383075e-69	0	0
47	47	linear	3	15	0	warm	2.1529881337377553e-70	0	0
47	47	linear	3	23	0	cold	7.668432818928137e-73	0	0
47	47	linear	3	23	0	warm	2.696910994764032e-69	0	0
47	47	linear	4	0	0	cold	1.158812655142724e-73	0	0
47	47	linear	4	0	0	warm	1.158812655142724e-73	0	0
47	47	linear	4	7	0	cold	1.883457983979612e-73	0	0
47	47	linear	4	7	0	warm	4.5122415872880534e-73	0	0
47	47	linear	4	15	0	cold	1.308701445177014e-70	0	0
47	47	linear	4	15	0	warm	1.6256034660488564e-72	0	0
47	47	linear	4	23	0	cold	5.412651352348118e-70	0	0
47	47	linear	4	23	0	warm	3.6394576920970873e-73	0	0
47	47	uniform	0	0	0	cold	1.6225490306390277e-47	0	0
47	47	uniform	0	0	0	warm	1.6225490306390277e-47	0	0
47	47	uniform	0	7	0	cold	1.0400708229822236e-46	0	0
47	47	uniform	0	7	0	warm	9.50511575010979e-47	0	0
47	47	uniform	0	15	0	cold	4.009682929309654e-76	0	0
47	47	uniform	0	15	0	warm	5.346243905746207e-76	0	0
47	47	uniform	0	23	0	cold	9.019921592109128e-73	0	0
47	47	uniform	0	23	0	warm	7.569659689064131e-72	0	0
47	47	uniform	1	0	0	cold	5.618520754558823e-71	0	0
47	47	uniform	1	0	0	warm	5.618520754558823e-71	0	0
47	47	uniform	1	7	0	cold	5.323615974096196e-74	0	0
47	47	uniform	1	7	0	warm	5.822704971667711e-75	0	0
47	47	uniform	1	15	0	cold	1.2863132712580566e-73	0	0
47	47	uniform	1	15	0	warm	4.98446392612497e-74	0	0
47	47	uniform	1	23	0	cold	5.7527968952972396e-74	0	0
47	47	uniform	1	23	0	warm	4.244628003982423e-78	0	0
47	47	uniform	2	0	0	cold	2.269538079377148e-72	0	0
47	47	uniform	2	0	0	warm	2.269538079377148e-72	0	0
47	47	uniform	2	7	0	cold	2.4744990250763918e-73	0	0
47	47	uniform	2	7	0	warm	7.674018611231697e-74	0	0
47	47	uniform	2	15	0	cold	8.074623545241184e-74	0	0
47	47	uniform	2	15	0	warm	2.3468054298109613e-74	0	0
47	47	uniform	2	23	0	cold	4.145267536636859e-72	0	0
47	47	uniform	2	23	0	warm	7.712125649556945e-73	0	0
47	47	uniform	3	0	0	cold	4.364847348577506e-70	0	0
47	47	uniform	3	0	0	warm	4.364847348577506e-70	0	0
47	47	uniform	3	7	0	cold	5.601903521486353e-71	0	0
47	47	uniform	3	7	0	warm	1.062079280684292e-75	0	0
47	47	uniform	3	15	0	cold	3.8417382011383075e-69	0	0
47	47	uniform	3	15	0	warm	2.1529881337377553e-70	0	0
47	47	uniform	3	23	0	cold	7.668432818928137e-73	0	0
47	47	uniform	3	23	0	warm	2.696910994764032e-69	0	0
47	47	uniform	4	0	0	cold	1.158812655142724e-73	0	0
47	47	uniform	4	0	0	warm	1.158812655142724e-73	0	0
47	47	uniform	4	7	0	cold	1.883457983979612e-73	0	0
47	47	uniform	4	7	0	warm	4.5122415872880534e-73	0	0
47	47	uniform	4	15	0	cold	1.308701445177014e-70	0	0
47	47	uniform	4	15	0	warm	1.6256034660488564e-72	0	0
47	47	uniform	4	23	0	cold	5.412651352348118e-70	0	0
47	47	uniform	4	23	0	warm	3.6394576920970873e-73	0	0
48	48	linear	0	0	0	cold	2.65141915197346e-57	0	0
48	48	linear	0	0	0	warm	2.65141915197346e-57	0	0
48	48	linear	0	7	0	cold	2.429074154314365e-58	0	0
48	48	linear	0	7	0	warm	1.7899296493566782e-62	0	0
48	48	linear	0	15	0	cold	1.5013792504351628e-55	0	0
48	48	linear	0	15	0	warm	1.4324577969361524e-61	0	0
48	48	linear	0	23	0	cold	5.335783270646851e-58	0	0
48	48	linear	0	23	0	warm	1.119073847118496e-63	0	0
48	48	linear	1	0	0	cold	3.4590074197205004e-51	0	0
48	48	linear	1	0	0	warm	3.4590074197205004e-51	0	0
48	48	linear	1	7	0	cold	4.2826999377534326e-49	0	0
48	48	linear	1	7	0	warm	9.295555811336175e-52	0	0
48	48	linear	1	15	0	cold	5.372007838330302e-60	0	0
48	48	linear	1	15	0	warm	5.2916825810326135e-59	0	0
48	48	linear	1	23	0	cold	1.2381212658153547e-40	0	0
48	48	linear	1	23	0	warm	8.726932695665862e-39	0	0
48	48	linear	2	0	0	cold	5.9311700577289715e-71	0	0
48	48	linear	2	0	0	warm	5.9311700577289715e-71	0	0
48	48	linear	2	7	0	cold	1.7426334920947471e-40	0	0
48	48	linear	2	7	0	warm	4.2810224442778446e-42	0	0
48	48	linear	2	15	0	cold	7.919451915618036e-68	0	0
48	48	linear	2	15	0	warm	8.894447930042025e-72	0	0
48	48	linear	2	23	0	cold	3.88938569398295e-72	0	0
48	48	linear	2	23	0	warm	1.0980058467534585e-68	0	0
48	48	linear	3	0	0	cold	7.195320014335348e-62	0	0
48	48	linear	3	0	0	warm	7.195320014335348e-62	0	0
48	48	linear	3	7	0	cold	2.3453169431242133e-60	0	0
48	48	linear	3	7	0	warm	2.541611007546317e-61	0	0
48	48	linear	3	15	0	cold	5.278683617501797e-61	0	0
48	48	linear	3	15	0	warm	1.1867974005283442e-60	0	0
48	48	linear	3	23	0	cold	5.579465601167708e-63	0	0
48	48	linear	3	23	0	warm	2.5816128651459234e-62	0	0
48	48	linear	4	0	0	cold	1.6488259481251676e-57	0	0
48	48	linear	4	0	0	warm	1.6488259481251676e-57	0	0
48	48	linear	4	7	0	cold	6.7102848211099535e-59	0	0
48	48	linear	4	7	0	warm	5.661722928720115e-62	0	0
48	48	linear	4	15	0	cold	4.471381381694543e-59	0	0
48	48	linear	4	15	0	warm	1.0222888655504621e-62	0	0
48	48	linear	4	23	0	cold	1.728931707717546e-57	0	0
48	48	linear	4	23	0	warm	3.607680112097182e-58	0	0
48	48	uniform	0	0	0	cold	2.65141915197346e-57	0	0
48	48	uniform	0	0	0	warm	2.65141915197346e-57	0	0
48	48	uniform	0	7	0	cold	2.429074154314365e-58	0	0
48	48	uniform	0	7	0	warm	1.7899296493566782e-62	0	0
48	48	uniform	0	15	0	cold	1.5013792504351628e-55	0	0
48	48	uniform	0	15	0	warm	1.4324577969361524e-61	0	0
48	48	uniform	0	23	0	cold	5.335783270646851e-58	0	0
48	48	uniform	0	23	0	warm	1.119073847118496e-63	0	0
48	48	uniform	1	0	0	cold	3.4590074197205004e-51	0	0
48	48	uniform	1	0	0	warm	3.4590074197205004e-51	0	0
48	48	uniform	1	7	0	cold	4.2826999377534326e-49	0	0
48	48	uniform	1	7	0	warm	9.295555811336175e-52	0	0
48	48	uniform	1	15	0	cold	5.372007838330302e-60	0	0
48	48	uniform	1	15	0	warm	5.2916825810326135e-59	0	0
48	48	uniform	1	23	0	cold	1.2381212658153547e-40	0	0
48	48	uniform	1	23	0	warm	8.726932695665862e-39	0	0
48	48	uniform	2	0	0	cold	5.9311700577289715e-71	0	0
48	48	uniform	2	0	0	warm	5.9311700577289715e-71	0	0
48	48	uniform	2	7	0	cold	1.7426334920947471e-40	0	0
48	48	uniform	2	7	0	warm	4.2810224442778446e-42	0	0
48	48	uniform	2	15	0	cold	7.919451915618036e-68	0	0
48	48	uniform	2	15	0	warm	8.894447930042025e-72	0	0
48	48	uniform	2	23	0	cold	3.88938569398295e-72	0	0
48	48	uniform	2	23	0	warm	1.0980058467534585e-68	0	0
48	48	uniform	3	0	0	cold	7.195320014335348e-62	0	0
48	48	uniform	3	0	0	warm	7.195320014335348e-62	0	0
48	48	uniform	3	7	0	cold	2.3453169431242133e-60	0	0
48	48	uniform	3	7	0	warm	2.541611007546317e-61	0	0
48	48	uniform	3	15	0	cold	5.278683617501797e-61	0	0
48	48	uniform	3	15	0	warm	1.1867974005283442e-60	0	0
48	48	uniform	3	23	0	cold	5.579465601167708e-63	0	0
48	48	uniform	3	23	0	warm	2.5816128651459234e-62	0	0
48	48	uniform	4	0	0	cold	1.6488259481251676e-57	0	0
48	48	uniform	4	0	0	warm	1.6488259481251676e-57	0	0
48	48	uniform	4	7	0	cold	6.7102848211099535e-59	0	0
48	48	uniform	4	7	0	warm	5.661722928720115e-62	0	0
48	48	uniform	4	15	0	cold	4.471381381694543e-59	0	0
48	48	uniform	4	15	0	warm	1.0222888655504621e-62	0	0
48	48	uniform	4	23	0	cold	1.728931707717546e-57	0	0
48	48	uniform	4	23	0	warm	3.607680112097182e-58	0	0
49	49	linear	0	0	0	cold	2.039157387341785e-56	0	0
49	49	linear	0	0	0	warm	2.039157387341785e-56	0	0
49	49	linear	0	7	0	cold	5.147557174214288e-85	0	0
49	49	linear	0	7	0	warm	1.3077212896918808e-73	0	0
49	49	linear	0	15	0	cold	0.0	0	0
49	49	linear	0	15	0	warm	8.558961749835486e-74	0	0
49	49	linear	0	23	0	cold	0.0	0	0
49	49	linear	0	23	0	warm	2.809777304691725e-74	0	0
49	49	linear	1	0	0	cold	0.0	0	0
49	49	linear	1	0	0	warm	0.0	0	0
49	49	linear	1	7	0	cold	0.0	0	0
49	49	linear	1	7	0	warm	1.9862574664725794e-46	0	0
49	49	linear	1	15	0	cold	0.0	0	0
49	49	linear	1	15	0	warm	1.7367637937729877e-79	0	0
49	49	linear	1	23	0	cold	0.0	0	0
49	49	linear	1	23	0	warm	4.415196767402543e-76	0	0
49	49	linear	2	0	0	cold	2.610114771421116e-54	0	0
49	49	linear	2	0	0	warm	2.610114771421116e-54	0	0
49	49	linear	2	7	0	cold	1.417409792431659e-66	0	0
49	49	linear	2	7	0	warm	1.2295732735571222e-79	0	0
49	49	linear	2	15	0	cold	4.775909766057347e-46	0	0
49	49	linear	2	15	0	warm	2.7837915005375087e-74	0	0
49	49	linear	2	23	0	cold	5.854274612511595e-42	0	0
49	49	linear	2	23	0	warm	2.3541034952584242e-74	0	0
49	49	linear	3	0	0	cold	0.0	0	0
49	49	linear	3	0	0	warm	0.0	0	0
49	49	linear	3	7	0	cold	0.0	0	0
49	49	linear	3	7	0	warm	4.554324990232841e-72	0	0
49	49	linear	3	15	0	cold	0.0	0	0
49	49	linear	3	15	0	warm	1.905043045978978e-73	0	0
49	49	linear	3	23	0	cold	0.0	0	0
49	49	linear	3	23	0	warm	4.605490604785584e-73	0	0
49	49	linear	4	0	0	cold	1.2744734226402652e-57	0	0
49	49	linear	4	0	0	warm	1.2744734226402652e-57	0	0
49	49	linear	4	7	0	cold	1.9913647731589877e-59	0	0
49	49	linear	4	7	0	warm	1.4661165725661045e-74	0	0
49	49	linear	4	15	0	cold	1.4935236053797499e-59	0	0
49	49	linear	4	15	0	warm	8.265683419334413e-78	0	0
49	49	linear	4	23	0	cold	0.0	0	0
49	49	linear	4	23	0	warm	4.493172630443746e-75	0	0
49	49	uniform	0	0	0	cold	2.039157387341785e-56	0	0
49	49	uniform	0	0	0	warm	2.039157387341785e-56	0	0
49	49	uniform	0	7	0	cold	5.147557174214288e-85	0	0
49	49	uniform	0	7	0	warm	1.3077212896918808e-73	0	0
49	49	uniform	0	15	0	cold	0.0	0	0
49	49	uniform	0	15	0	warm	8.558961749835486e-74	0	0
49	49	uniform	0	23	0	cold	0.0	0	0
49	49	uniform	0	23	0	warm	2.809777304691725e-74	0	0
49	49	uniform	1	0	0	cold	0.0	0	0
49	49	uniform	1	0	0	warm	0.0	0	0
49	49	uniform	1	7	0	cold	0.0	0	0
49	49	uniform	1	7	0	warm	1.9862574664725794e-46	0	0
49	49	uniform	1	15	0	cold	0.0	0	0
49	49	uniform	1	15	0	warm	1.7367637937729877e-79	0	0
49	49	uniform	1	23	0	cold	0.0	0	0
49	49	uniform	1	23	0	warm	4.415196767402543e-76	0	0
49	49	uniform	2	0	0	cold	2.610114771421116e-54	0	0
49	49	uniform	2	0	0	warm	2.610114771421116e-54	0	0
49	49	uniform	2	7	0	cold	1.417409792431659e-66	0	0
49	49	uniform	2	7	0	warm	1.2295732735571222e-79	0	0
49	49	uniform	2	15	0	cold	4.775909766057347e-46	0	0
49	49	uniform	2	15	0	warm	2.7837915005375087e-74	0	0
49	49	uniform	2	23	0	cold	5.854274612511595e-42	0	0
49	49	uniform	2	23	0	warm	2.3541034952584242e-74	0	0
49	49	uniform	3	0	0	cold	0.0	0	0
49	49	uniform	3	0	0	warm	0.0	0	0
49	49	uniform	3	7	0	cold	0.0	0	0
49	49	uniform	3	7	0	warm	4.554324990232841e-72	0	0
49	49	uniform	3	15	0	cold	0.0	0	0
49	49	uniform	3	15	0	warm	1.905043045978978e-73	0	0
49	49	uniform	3	23	0	cold	0.0	0	0
49	49	uniform	3	23	0	warm	4.605490604785584e-73	0	0
49	49	uniform	4	0	0	cold	1.2744734226402652e-57	0	0
49	49	uniform	4	0	0	warm	1.2744734226402652e-57	0	0
49	49	uniform	4	7	0	cold	1.9913647731589877e-59	0	0
49	49	uniform	4	7	0	warm	1.4661165725661045e-74	0	0
49	49	uniform	4	15	0	cold	1.4935236053797499e-59	0	0
49	49	uniform	4	15	0	warm	8.265683419334413e-78	0	0
49	49	uniform	4	23	0	cold	0.0	0	0
49	49	uniform	4	23	0	warm	4.493172630443746e-75	0	0
50	50	linear	0	0	0	cold	9.942733495236728e-17	0	0
50	50	linear	0	0	0	warm	9.942733495236728e-17	0	0
50	50	linear	0	7	0	cold	1.4073293899990787e-16	0	0
50	50	linear	0	7	0	warm	1.8929051022026663e-16	0	0
50	50	linear	0	15	0	cold	9.780931439714746e-17	0	0
50	50	linear	0	15	0	warm	9.78105563923552e-17	0	0
50	50	linear	0	23	0	cold	9.781175871581054e-17	0	0
50	50	linear	0	23	0	warm	1.0431143574652999e-32	0	0
50	50	linear	1	0	0	cold	4.4605127118826143e-54	0	0
50	50	linear	1	0	0	warm	4.4605127118826143e-54	0	0
50	50	linear	1	7	0	cold	9.089231176636727e-56	0	0
50	50	linear	1	7	0	warm	3.0428267098149764e-54	0	0
50	50	linear	1	15	0	cold	1.3052490127215143e-60	0	0
50	50	linear	1	15	0	warm	9.684635897612694e-59	0	0
50	50	linear	1	23	0	cold	1.5040293461162592e-55	0	0
50	50	linear	1	23	0	warm	1.67292271273663e-54	0	0
50	50	linear	2	0	0	cold	1.0863422999867696e-46	0	0
50	50	linear	2	0	0	warm	1.0863422999867696e-46	0	0
50	50	linear	2	7	0	cold	5.881029989070304e-66	0	0
50	50	linear	2	7	0	warm	8.901169067480924e-61	0	0
50	50	linear	2	15	0	cold	4.981574173181805e-47	0	0
50	50	linear	2	15	0	warm	6.954430762935884e-46	0	0
50	50	linear	2	23	0	cold	3.1607523284469036e-67	0	0
50	50	linear	2	23	0	warm	5.448546293521473e-73	0	0
50	50	linear	3	0	0	cold	1.822869918514814e-42	0	0
50	50	linear	3	0	0	warm	1.822869918514814e-42	0	0
50	50	linear	3	7	0	cold	1.0353538040414833e-44	0	0
50	50	linear	3	7	0	warm	8.702644139379883e-45	0	0
50	50	linear	3	15	0	cold	6.0546429247452696e-43	0	0
50	50	linear	3	15	0	warm	3.5720412349821013e-47	0	0
50	50	linear	3	23	0	cold	2.3345317863008885e-43	0	0
50	50	linear	3	23	0	warm	8.660392127044798e-48	0	0
50	50	linear	4	0	0	cold	8.150799286014963e-51	0	0
50	50	linear	4	0	0	warm	8.150799286014963e-51	0	0
50	50	linear	4	7	0	cold	1.2575368095380928e-49	0	0
50	50	linear	4	7	0	warm	6.206081324821022e-49	0	0
50	50	linear	4	15	0	cold	4.472090245857069e-49	0	0
50	50	linear	4	15	0	warm	1.4320046819629792e-48	0	0
50	50	linear	4	23	0	cold	2.8957991057632518e-50	0	0
50	50	linear	4	23	0	warm	5.44672626960822e-48	0	0
50	50	uniform	0	0	0	cold	9.942733495236728e-17	0	0
50	50	uniform	0	0	0	warm	9.942733495236728e-17	0	0
50	50	uniform	0	7	0	cold	1.4073293899990787e-16	0	0
50	50	uniform	0	7	0	warm	1.8929051022026663e-16	0	0
50	50	uniform	0	15	0	cold	9.780931439714746e-17	0	0
50	50	uniform	0	15	0	warm	9.78105563923552e-17	0	0
50	50	uniform	0	23	0	cold	9.781175871581054e-17	0	0
50	50	uniform	0	23	0	warm	1.0431143574652999e-32	0	0
50	50	uniform	1	0	0	cold	4.4605127118826143e-54	0	0
50	50	uniform	1	0	0	warm	4.4605127118826143e-54	0	0
50	50	uniform	1	7	0	cold	9.089231176636727e-56	0	0
50	50	uniform	1	7	0	warm	3.0428267098149764e-54	0	0
50	50	uniform	1	15	0	cold	1.3052490127215143e-60	0	0
50	50	uniform	1	15	0	warm	9.684635897612694e-59	0	0
50	50	uniform	1	23	0	cold	1.5040293461162592e-55	0	0
50	50	uniform	1	23	0	warm	1.67292271273663e-54	0	0
50	50	uniform	2	0	0	cold	1.0863422999867696e-46	0	0
50	50	uniform	2	0	0	warm	1.0863422999867696e-46	0	0
50	50	uniform	2	7	0	cold	5.881029989070304e-66	0	0
50	50	uniform	2	7	0	warm	8.901169067480924e-61	0	0
50	50	uniform	2	15	0	cold	4.981574173181805e-47	0	0
50	50	uniform	2	15	0	warm	6.954430762935884e-46	0	0
50	50	uniform	2	23	0	cold	3.1607523284469036e-67	0	0
50	50	uniform	2	23	0	warm	5.448546293521473e-73	0	0
50	50	uniform	3	0	0	cold	1.822869918514814e-42	0	0
50	50	uniform	3	0	0	warm	1.822869918514814e-42	0	0
50	50	uniform	3	7	0	cold	1.0353538040414833e-44	0	0
50	50	uniform	3	7	0	warm	8.702644139379883e-45	0	0
50	50	uniform	3	15	0	cold	6.0546429247452696e-43	0	0
50	50	uniform	3	15	0	warm	3.5720412349821013e-47	0	0
50	50	uniform	3	23	0	cold	2.3345317863008885e-43	0	0
50	50	uniform	3	23	0	warm	8.660392127044798e-48	0	0
50	50	uniform	4	0	0	cold	8.150799286014963e-51	0	0
50	50	uniform	4	0	0	warm	8.150799286014963e-51	0	0
50	50	uniform	4	7	0	cold	1.2575368095380928e-49	0	0
50	50	uniform	4	7	0	warm	6.206081324821022e-49	0	0
50	50	uniform	4	15	0	cold	4.472090245857069e-49	0	0
50	50	uniform	4	15	0	warm	1.4320046819629792e-48	0	0
50	50	uniform	4	23	0	cold	2.8957991057632518e-50	0	0
50	50	uniform	4	23	0	warm	5.44672626960822e-48	0	0
51	51	linear	0	0	0	cold	2.2634492917095196e-47	0	0
51	51	linear	0	0	0	warm	2.2634492917095196e-47	0	0
51	51	linear	0	7	0	cold	5.964251114640158e-47	0	0
51	51	linear	0	7	0	warm	1.8517118427965354e-47	0	0
51	51	linear	0	15	0	cold	8.963776290367952e-48	0	0
51	51	linear	0	15	0	warm	1.588184623994529e-48	0	0
51	51	linear	0	23	0	cold	2.761839311604941e-48	0	0
51	51	linear	0	23	0	warm	1.0404847523775674e-48	0	0
51	51	linear	1	0	0	cold	1.0059913126541573e-61	0	0
51	51	linear	1	0	0	warm	1.0059913126541573e-61	0	0
51	51	linear	1	7	0	cold	7.647917043140342e-60	0	0
51	51	linear	1	7	0	warm	5.505792130594088e-60	0	0
51	51	linear	1	15	0	cold	1.470288186325004e-61	0	0
51	51	linear	1	15	0	warm	6.818426852778385e-63	0	0
51	51	linear	1	23	0	cold	3.1939402135066856e-60	0	0
51	51	linear	1	23	0	warm	6.097421441960003e-62	0	0
51	51	linear	2	0	0	cold	9.899312478456497e-64	0	0
51	51	linear	2	0	0	warm	9.899312478456497e-64	0	0
51	51	linear	2	7	0	cold	2.0562064593763585e-64	0	0
51	51	linear	2	7	0	warm	6.857990275626996e-65	0	0
51	51	linear	2	15	0	cold	5.773472938874076e-63	0	0
51	51	linear	2	15	0	warm	4.751084085290547e-63	0	0
51	51	linear	2	23	0	cold	1.16732050409123e-62	0	0
51	51	linear	2	23	0	warm	5.509038093287692e-64	0	0
51	51	linear	3	0	0	cold	1.6663909723032159e-62	0	0
51	51	linear	3	0	0	warm	1.6663909723032159e-62	0	0
51	51	linear	3	7	0	cold	4.986392647451229e-64	0	0
51	51	linear	3	7	0	warm	4.395422704552551e-65	0	0
51	51	linear	3	15	0	cold	3.0152363929890053e-63	0	0
51	51	linear	3	15	0	warm	2.987244659960136e-64	0	0
51	51	linear	3	23	0	cold	3.2818895688049537e-65	0	0
51	51	linear	3	23	0	warm	6.30530907830506e-65	0	0
51	51	linear	4	0	0	cold	5.446575044398278e-59	0	0
51	51	linear	4	0	0	warm	5.446575044398278e-59	0	0
51	51	linear	4	7	0	cold	2.9442622776117343e-59	0	0
51	51	linear	4	7	0	warm	1.228891296328764e-60	0	0
51	51	linear	4	15	0	cold	2.0399918810963785e-59	0	0
51	51	linear	4	15	0	warm	2.1012775918434936e-60	0	0
51	51	linear	4	23	0	cold	9.986381055202835e-61	0	0
51	51	linear	4	23	0	warm	4.592432546755888e-62	0	0
51	51	uniform	0	0	0	cold	2.2634492917095196e-47	0	0
51	51	uniform	0	0	0	warm	2.2634492917095196e-47	0	0
51	51	uniform	0	7	0	cold	5.964251114640158e-47	0	0
51	51	uniform	0	7	0	warm	1.8517118427965354e-47	0	0
51	51	uniform	0	15	0	cold	8.963776290367952e-48	0	0
51	51	uniform	0	15	0	warm	1.588184623994529e-48	0	0
51	51	uniform	0	23	0	cold	2.761839311604941e-48	0	0
51	51	uniform	0	23	0	warm	1.0404847523775674e-48	0	0
51	51	uniform	1	0	0	cold	1.0059913126541573e-61	0	0
51	51	uniform	1	0	0	warm	1.0059913126541573e-61	0	0
51	51	uniform	1	7	0	cold	7.647917043140342e-60	0	0
51	51	uniform	1	7	0	warm	5.505792130594088e-60	0	0
51	51	uniform	1	15	0	cold	1.470288186325004e-61	0	0
51	51	uniform	1	15	0	warm	6.818426852778385e-63	0	0
51	51	uniform	1	23	0	cold	3.1939402135066856e-60	0	0
51	51	uniform	1	23	0	warm	6.097421441960003e-62	0	0
51	51	uniform	2	0	0	cold	9.899312478456497e-64	0	0
51	51	uniform	2	0	0	warm	9.899312478456497e-64	0	0
51	51	uniform	2	7	0	cold	2.0562064593763585e-64	0	0
51	51	uniform	2	7	0	warm	6.857990275626996e-65	0	0
51	51	uniform	2	15	0	cold	5.773472938874076e-63	0	0
51	51	uniform	2	15	0	warm	4.751084085290547e-63	0	0
51	51	uniform	2	23	0	cold	1.16732050409123e-62	0	0
51	51	uniform	2	23	0	warm	5.509038093287692e-64	0	0
51	51	uniform	3	0	0	cold	1.6663909723032159e-62	0	0
51	51	uniform	3	0	0	warm	1.6663909723032159e-62	0	0
51	51	uniform	3	7	0	cold	4.986392647451229e-64	0	0
51	51	uniform	3	7	0	warm	4.395422704552551e-65	0	0
51	51	uniform	3	15	0	cold	3.0152363929890053e-63	0	0
51	51	uniform	3	15	0	warm	2.987244659960136e-64	0	0
51	51	uniform	3	23	0	cold	3.2818895688049537e-65	0	0
51	51	uniform	3	23	0	warm	6.30530907830506e-65	0	0
51	51	uniform	4	0	0	cold	5.446575044398278e-59	0	0
51	51	uniform	4	0	0	warm	5.446575044398278e-59	0	0
51	51	uniform	4	7	0	cold	2.9442622776117343e-59	0	0
51	51	uniform	4	7	0	warm	1.228891296328764e-60	0	0
51	51	uniform	4	15	0	cold	2.0399918810963785e-59	0	0
51	51	uniform	4	15	0	warm	2.1012775918434936e-60	0	0
51	51	uniform	4	23	0	cold	9.986381055202835e-61	0	0
51	51	uniform	4	23	0	warm	4.592432546755888e-62	0	0
52	52	linear	0	0	0	cold	2.3816728802582642e-39	0	0
52	52	linear	0	0	0	warm	2.3816728802582642e-39	0	0
52	52	linear	0	7	0	cold	1.7164116092623012e-39	0	0
52	52	linear	0	7	0	warm	3.442384262125097e-42	0	0
52	52	linear	0	15	0	cold	2.3795482475564756e-39	0	0
52	52	linear	0	15	0	warm	9.283593324621202e-40	0	0
52	52	linear	0	23	0	cold	1.202133857866804e-39	0	0
52	52	linear	0	23	0	warm	6.506605639590061e-40	0	0
52	52	linear	1	0	0	cold	1.4379953199658667e-19	0	0
52	52	linear	1	0	0	warm	1.4379953199658667e-19	0	0
52	52	linear	1	7	0	cold	1.607169414982662e-20	0	0
52	52	linear	1	7	0	warm	4.229393197322795e-21	0	0
52	52	linear	1	15	0	cold	5.075266202415331e-21	0	0
52	52	linear	1	15	0	warm	6.767021603220442e-21	0	0
52	52	linear	1	23	0	cold	3.3835074330389207e-21	0	0
52	52	linear	1	23	0	warm	6.7670148660778414e-21	0	0
52	52	linear	2	0	0	cold	2.2028847413500917e-70	0	0
52	52	linear	2	0	0	warm	2.2028847413500917e-70	0	0
52	52	linear	2	7	0	cold	4.6942030132674165e-46	0	0
52	52	linear	2	7	0	warm	9.276116217258699e-51	0	0
52	52	linear	2	15	0	cold	2.9732477588368815e-46	0	0
52	52	linear	2	15	0	warm	7.019456890517848e-51	0	0
52	52	linear	2	23	0	cold	9.148823509058035e-51	0	0
52	52	linear	2	23	0	warm	4.156206215927717e-52	0	0
52	52	linear	3	0	0	cold	9.082690563741692e-87	0	0
52	52	linear	3	0	0	warm	9.082690563741692e-87	0	0
52	52	linear	3	7	0	cold	1.246149823146841e-87	0	0
52	52	linear	3	7	0	warm	2.814828404860794e-89	0	0
52	52	linear	3	15	0	cold	3.048385038865491e-90	0	0
52	52	linear	3	15	0	warm	1.521982635761412e-88	0	0
52	52	linear	3	23	0	cold	1.1469807709781805e-88	0	0
52	52	linear	3	23	0	warm	2.5495855513211893e-90	0	0
52	52	linear	4	0	0	cold	9.121032455684887e-46	0	0
52	52	linear	4	0	0	warm	9.121032455684887e-46	0	0
52	52	linear	4	7	0	cold	1.272898237375365e-70	0	0
52	52	linear	4	7	0	warm	1.072217524604376e-69	0	0
52	52	linear	4	15	0	cold	2.2619456720893793e-43	0	0
52	52	linear	4	15	0	warm	1.1090646627364324e-50	0	0
52	52	linear	4	23	0	cold	2.4782310928138175e-70	0	0
52	52	linear	4	23	0	warm	2.1904337257517413e-71	0	0
52	52	uniform	0	0	0	cold	2.3816728802582642e-39	0	0
52	52	uniform	0	0	0	warm	2.3816728802582642e-39	0	0
52	52	uniform	0	7	0	cold	1.7164116092623012e-39	0	0
52	52	uniform	0	7	0	warm	3.442384262125097e-42	0	0
52	52	uniform	0	15	0	cold	2.3795482475564756e-39	0	0
52	52	uniform	0	15	0	warm	9.283593324621202e-40	0	0
52	52	uniform	0	23	0	cold	1.202133857866804e-39	0	0
52	52	uniform	0	23	0	warm	6.506605639590061e-40	0	0
52	52	uniform	1	0	0	cold	1.4379953199658667e-19	0	0
52	52	uniform	1	0	0	warm	1.4379953199658667e-19	0	0
52	52	uniform	1	7	0	cold	1.607169414982662e-20	0	0
52	52	uniform	1	7	0	warm	4.229393197322795e-21	0	0
52	52	uniform	1	15	0	cold	5.075266202415331e-21	0	0
52	52	uniform	1	15	0	warm	6.767021603220442e-21	0	0
52	52	uniform	1	23	0	cold	3.3835074330389207e-21	0	0
52	52	uniform	1	23	0	warm	6.7670148660778414e-21	0	0
52	52	uniform	2	0	0	cold	2.2028847413500917e-70	0	0
52	52	uniform	2	0	0	warm	2.2028847413500917e-70	0	0
52	52	uniform	2	7	0	cold	4.6942030132674165e-46	0	0
52	52	uniform	2	7	0	warm	9.276116217258699e-51	0	0
52	52	uniform	2	15	0	cold	2.9732477588368815e-46	0	0
52	52	uniform	2	15	0	warm	7.019456890517848e-51	0	0
52	52	uniform	2	23	0	cold	9.148823509058035e-51	0	0
52	52	uniform	2	23	0	warm	4.156206215927717e-52	0	0
52	52	uniform	3	0	0	cold	9.082690563741692e-87	0	0
52	52	uniform	3	0	0	warm	9.082690563741692e-87	0	0
52	52	uniform	3	7	0	cold	1.246149823146841e-87	0	0
52	52	uniform	3	7	0	warm	2.814828404860794e-89	0	0
52	52	uniform	3	15	0	cold	3.048385038865491e-90	0	0
52	52	uniform	3	15	0	warm	1.521982635761412e-88	0	0
52	52	uniform	3	23	0	cold	1.1469807709781805e-88	0	0
52	52	uniform	3	23	0	warm	2.5495855513211893e-90	0	0
52	52	uniform	4	0	0	cold	9.121032455684887e-46	0	0
52	52	uniform	4	0	0	warm	9.121032455684887e-46	0	0
52	52	uniform	4	7	0	cold	1.272898237375365e-70	0	0
52	52	uniform	4	7	0	warm	1.072217524604376e-69	0	0
52	52	uniform	4	15	0	cold	2.2619456720893793e-43	0	0
52	52	uniform	4	15	0	warm	1.1090646627364324e-50	0	0
52	52	uniform	4	23	0	cold	2.4782310928138175e-70	0	0
52	52	uniform	4	23	0	warm	2.1904337257517413e-71	0	0
53	53	linear	0	0	0	cold	1.885750284043339e-56	0	0
53	53	linear	0	0	0	warm	1.885750284043339e-56	0	0
53	53	linear	0	7	0	cold	7.216198483238749e-58	0	0
53	53	linear	0	7	0	warm	1.5679404308467102e-62	0	0
53	53	linear	0	15	0	cold	1.0641093270269273e-56	0	0
53	53	linear	0	15	0	warm	2.057581039637661e-62	0	0
53	53	linear	0	23	0	cold	3.5679026861412825e-57	0	0
53	53	linear	0	23	0	warm	3.919618501130935e-62	0	0
53	53	linear	1	0	0	cold	2.3733945150299196e-59	0	0
53	53	linear	1	0	0	warm	2.3733945150299196e-59	0	0
53	53	linear	1	7	0	cold	1.4266403842265482e-59	0	0
53	53	linear	1	7	0	warm	1.7139438954895052e-63	0	0
53	53	linear	1	15	0	cold	5.82577560072553e-64	0	0
53	53	linear	1	15	0	warm	5.355982810681381e-65	0	0
53	53	linear	1	23	0	cold	1.5744390878986977e-63	0	0
53	53	linear	1	23	0	warm	1.0460724502254688e-66	0	0
53	53	linear	2	0	0	cold	3.867069633165908e-43	0	0
53	53	linear	2	0	0	warm	3.867069633165908e-43	0	0
53	53	linear	2	7	0	cold	2.9250619036157174e-37	0	0
53	53	linear	2	7	0	warm	2.611670329770583e-57	0	0
53	53	linear	2	15	0	cold	3.070364280052397e-72	0	0
53	53	linear	2	15	0	warm	2.9560613068379613e-50	0	0
53	53	linear	2	23	0	cold	5.794447668386696e-59	0	0
53	53	linear	2	23	0	warm	7.813996550399318e-60	0	0
53	53	linear	3	0	0	cold	1.2498103606610479e-78	0	0
53	53	linear	3	0	0	warm	1.2498103606610479e-78	0	0
53	53	linear	3	7	0	cold	4.1544874686350826e-77	0	0
53	53	linear	3	7	0	warm	2.8231931563038585e-83	0	0
53	53	linear	3	15	0	cold	2.1175576967417072e-77	0	0
53	53	linear	3	15	0	warm	3.378966994266649e-80	0	0
53	53	linear	3	23	0	cold	2.3439242465058863e-84	0	0
53	53	linear	3	23	0	warm	2.6326207543211084e-84	0	0
53	53	linear	4	0	0	cold	1.3531874557294221e-73	0	0
53	53	linear	4	0	0	warm	1.3531874557294221e-73	0	0
53	53	linear	4	7	0	cold	8.482398953738784e-56	0	0
53	53	linear	4	7	0	warm	8.994079638353823e-61	0	0
53	53	linear	4	15	0	cold	1.0800944545438807e-60	0	0
53	53	linear	4	15	0	warm	5.469311726387919e-59	0	0
53	53	linear	4	23	0	cold	8.73650940610853e-60	0	0
53	53	linear	4	23	0	warm	2.1589297375022248e-64	0	0
53	53	uniform	0	0	0	cold	1.885750284043339e-56	0	0
53	53	uniform	0	0	0	warm	1.885750284043339e-56	0	0
53	53	uniform	0	7	0	cold	7.216198483238749e-58	0	0
53	53	uniform	0	7	0	warm	1.5679404308467102e-62	0	0
53	53	uniform	0	15	0	cold	1.0641093270269273e-56	0	0
53	53	uniform	0	15	0	warm	2.057581039637661e-62	0	0
53	53	uniform	0	23	0	cold	3.5679026861412825e-57	0	0
53	53	uniform	0	23	0	warm	3.919618501130935e-62	0	0
53	53	uniform	1	0	0	cold	2.3733945150299196e-59	0	0
53	53	uniform	1	0	0	warm	2.3733945150299196e-59	0	0
53	53	uniform	1	7	0	cold	1.4266403842265482e-59	0	0
53	53	uniform	1	7	0	warm	1.7139438954895052e-63	0	0
53	53	uniform	1	15	0	cold	5.82577560072553e-64	0	0
53	53	uniform	1	15	0	warm	5.355982810681381e-65	0	0
53	53	uniform	1	23	0	cold	1.5744390878986977e-63	0	0
53	53	uniform	1	23	0	warm	1.0460724502254688e-66	0	0
53	53	uniform	2	0	0	cold	3.867069633165908e-43	0	0
53	53	uniform	2	0	0	warm	3.867069633165908e-43	0	0
53	53	uniform	2	7	0	cold	2.9250619036157174e-37	0	0
53	53	uniform	2	7	0	warm	2.611670329770583e-57	0	0
53	53	uniform	2	15	0	cold	3.070364280052397e-72	0	0
53	53	uniform	2	15	0	warm	2.9560613068379613e-50	0	0
53	53	uniform	2	23	0	cold	5.794447668386696e-59	0	0
53	53	uniform	2	23	0	warm	7.813996550399318e-60	0	0
53	53	uniform	3	0	0	cold	1.2498103606610479e-78	0	0
53	53	uniform	3	0	0	warm	1.2498103606610479e-78	0	0
53	53	uniform	3	7	0	cold	4.1544874686350826e-77	0	0
53	53	uniform	3	7	0	warm	2.8231931563038585e-83	0	0
53	53	uniform	3	15	0	cold	2.1175576967417072e-77	0	0
53	53	uniform	3	15	0	warm	3.378966994266649e-80	0	0
53	53	uniform	3	23	0	cold	2.3439242465058863e-84	0	0
53	53	uniform	3	23	0	warm	2.6326207543211084e-84	0	0
53	53	uniform	4	0	0	cold	1.3531874557294221e-73	0	0
53	53	uniform	4	0	0	warm	1.3531874557294221e-73	0	0
53	53	uniform	4	7	0	cold	8.482398953738784e-56	0	0
53	53	uniform	4	7	0	warm	8.994079638353823e-61	0	0
53	53	uniform	4	15	0	cold	1.0800944545438807e-60	0	0
53	53	uniform	4	15	0	warm	5.469311726387919e-59	0	0
53	53	uniform	4	23	0	cold	8.73650940610853e-60	0	0
53	53	uniform	4	23	0	warm	2.1589297375022248e-64	0	0
54	54	linear	0	0	0	cold	1.0368702936110563e-64	0	0
54	54	linear	0	0	0	warm	1.0368702936110563e-64	0	0
54	54	linear	0	7	0	cold	1.751384796987756e-67	0	0
54	54	linear	0	7	0	warm	1.4748503553581106e-66	0	0
54	54	linear	0	15	0	cold	2.1542411453172295e-69	0	0
54	54	linear	0	15	0	warm	1.0939505816064059e-69	0	0
54	54	linear	0	23	0	cold	2.6015520040474484e-71	0	0
54	54	linear	0	23	0	warm	3.9294553394030345e-72	0	0
54	54	linear	1	0	0	cold	1.2878778437156101e-69	0	0
54	54	linear	1	0	0	warm	1.2878778437156101e-69	0	0
54	54	linear	1	7	0	cold	1.9305154173329163e-69	0	0
54	54	linear	1	7	0	warm	2.4661565611336792e-71	0	0
54	54	linear	1	15	0	cold	4.3129278146762454e-63	0	0
54	54	linear	1	15	0	warm	8.440458350147147e-63	0	0
54	54	linear	1	23	0	cold	1.277956308231214e-72	0	0
54	54	linear	1	23	0	warm	1.2392303594969348e-72	0	0
54	54	linear	2	0	0	cold	1.361280792813445e-71	0	0
54	54	linear	2	0	0	warm	1.361280792813445e-71	0	0
54	54	linear	2	7	0	cold	8.435734901291888e-70	0	0
54	54	linear	2	7	0	warm	2.780228122397608e-69	0	0
54	54	linear	2	15	0	cold	8.849538963374224e-69	0	0
54	54	linear	2	15	0	warm	2.772764730785285e-68	0	0
54	54	linear	2	23	0	cold	2.2324131263544912e-69	0	0
54	54	linear	2	23	0	warm	1.3094429264690347e-72	0	0
54	54	linear	3	0	0	cold	4.447443742680506e-69	0	0
54	54	linear	3	0	0	warm	4.447443742680506e-69	0	0
54	54	linear	3	7	0	cold	1.8879865670866883e-71	0	0
54	54	linear	3	7	0	warm	4.025818556205195e-74	0	0
54	54	linear	3	15	0	cold	6.278691338541072e-72	0	0
54	54	linear	3	15	0	warm	2.818699912076633e-72	0	0
54	54	linear	3	23	0	cold	5.14673646894203e-72	0	0
54	54	linear	3	23	0	warm	9.568580477469687e-73	0	0
54	54	linear	4	0	0	cold	2.3665685537709905e-73	0	0
54	54	linear	4	0	0	warm	2.3665685537709905e-73	0	0
54	54	linear	4	7	0	cold	5.073865145216582e-44	0	0
54	54	linear	4	7	0	warm	0.0	0	0
54	54	linear	4	15	0	cold	1.3643108554948273e-70	0	0
54	54	linear	4	15	0	warm	1.2121729250913183e-71	0	0
54	54	linear	4	23	0	cold	1.042172946653902e-69	0	0
54	54	linear	4	23	0	warm	4.821092051220951e-69	0	0
54	54	uniform	0	0	0	cold	1.0368702936110563e-64	0	0
54	54	uniform	0	0	0	warm	1.0368702936110563e-64	0	0
54	54	uniform	0	7	0	cold	1.751384796987756e-67	0	0
54	54	uniform	0	7	0	warm	1.4748503553581106e-66	0	0
54	54	uniform	0	15	0	cold	2.1542411453172295e-69	0	0
54	54	uniform	0	15	0	warm	1.0939505816064059e-69	0	0
54	54	uniform	0	23	0	cold	2.6015520040474484e-71	0	0
54	54	uniform	0	23	0	warm	3.9294553394030345e-72	0	0
54	54	uniform	1	0	0	cold	1.2878778437156101e-69	0	0
54	54	uniform	1	0	0	warm	1.2878778437156101e-69	0	0
54	54	uniform	1	7	0	cold	1.9305154173329163e-69	0	0
54	54	uniform	1	7	0	warm	2.4661565611336792e-71	0	0
54	54	uniform	1	15	0	cold	4.3129278146762454e-63	0	0
54	54	uniform	1	15	0	warm	8.440458350147147e-63	0	0
54	54	uniform	1	23	0	cold	1.277956308231214e-72	0	0
54	54	uniform	1	23	0	warm	1.2392303594969348e-72	0	0
54	54	uniform	2	0	0	cold	1.361280792813445e-71	0	0
54	54	uniform	2	0	0	warm	1.361280792813445e-71	0	0
54	54	uniform	2	7	0	cold	8.435734901291888e-70	0	0
54	54	uniform	2	7	0	warm	2.780228122397608e-69	0	0
54	54	uniform	2	15	0	cold	8.849538963374224e-69	0	0
54	54	uniform	2	15	0	warm	2.772764730785285e-68	0	0
54	54	uniform	2	23	0	cold	2.2324131263544912e-69	0	0
54	54	uniform	2	23	0	warm	1.3094429264690347e-72	0	0
54	54	uniform	3	0	0	cold	4.447443742680506e-69	0	0
54	54	uniform	3	0	0	warm	4.447443742680506e-69	0	0
54	54	uniform	3	7	0	cold	1.8879865670866883e-71	0	0
54	54	uniform	3	7	0	warm	4.025818556205195e-74	0	0
54	54	uniform	3	15	0	cold	6.278691338541072e-72	0	0
54	54	uniform	3	15	0	warm	2.818699912076633e-72	0	0
54	54	uniform	3	23	0	cold	5.14673646894203e-72	0	0
54	54	uniform	3	23	0	warm	9.568580477469687e-73	0	0
54	54	uniform	4	0	0	cold	2.3665685537709905e-73	0	0
54	54	uniform	4	0	0	warm	2.3665685537709905e-73	0	0
54	54	uniform	4	7	0	cold	5.073865145216582e-44	0	0
54	54	uniform	4	7	0	warm	0.0	0	0
54	54	uniform	4	15	0	cold	1.3643108554948273e-70	0	0
54	54	uniform	4	15	0	warm	1.2121729250913183e-71	0	0
54	54	uniform	4	23	0	cold	1.042172946653902e-69	0	0
54	54	uniform	4	23	0	warm	4.821092051220951e-69	0	0
55	55	linear	0	0	0	cold	6.413374257707855e-78	0	0
55	55	linear	0	0	0	warm	6.413374257707855e-78	0	0
55	55	linear	0	7	0	cold	1.75503474492291e-75	0	0
55	55	linear	0	7	0	warm	1.624409571100912e-56	0	0
55	55	linear	0	15	0	cold	1.0446945496290587e-81	0	0
55	55	linear	0	15	0	warm	2.9127115919889737e-83	0	0
55	55	linear	0	23	0	cold	2.6930813720888637e-49	0	0
55	55	linear	0	23	0	warm	7.417549743526378e-80	0	0
55	55	linear	1	0	0	cold	3.476340268617493e-57	0	0
55	55	linear	1	0	0	warm	3.476340268617493e-57	0	0
55	55	linear	1	7	0	cold	4.379503282771521e-57	0	0
55	55	linear	1	7	0	warm	1.6685980020805923e-57	0	0
55	55	linear	1	15	0	cold	9.049218636626463e-59	0	0
55	55	linear	1	15	0	warm	7.334936079470045e-59	0	0
55	55	linear	1	23	0	cold	6.313851265111263e-61	0	0
55	55	linear	1	23	0	warm	2.1805406653016886e-60	0	0
55	55	linear	2	0	0	cold	3.0815958316080787e-37	0	0
55	55	linear	2	0	0	warm	3.0815958316080787e-37	0	0
55	55	linear	2	7	0	cold	3.77869756964117e-37	0	0
55	55	linear	2	7	0	warm	2.0692283959125797e-38	0	0
55	55	linear	2	15	0	cold	2.1580451197383605e-37	0	0
55	55	linear	2	15	0	warm	1.7124830955349891e-38	0	0
55	55	linear	2	23	0	cold	5.129621539562228e-39	0	0
55	55	linear	2	23	0	warm	3.1158042497516655e-38	0	0
55	55	linear	3	0	0	cold	2.664747353178835e-58	0	0
55	55	linear	3	0	0	warm	2.664747353178835e-58	0	0
55	55	linear	3	7	0	cold	6.772141469492526e-21	0	0
55	55	linear	3	7	0	warm	1.3633775972629688e-60	0	0
55	55	linear	3	15	0	cold	6.902325100688165e-41	0	0
55	55	linear	3	15	0	warm	6.443445011770115e-42	0	0
55	55	linear	3	23	0	cold	1.573533590988952e-59	0	0
55	55	linear	3	23	0	warm	1.101270803505175e-59	0	0
55	55	linear	4	0	0	cold	1.2241415909315007e-18	0	0
55	55	linear	4	0	0	warm	1.2241415909315007e-18	0	0
55	55	linear	4	7	0	cold	6.670978340415622e-19	0	0
55	55	linear	4	7	0	warm	7.06040093389166e-19	0	0
55	55	linear	4	15	0	cold	2.573575116663582e-19	0	0
55	55	linear	4	15	0	warm	3.792637052611293e-19	0	0
55	55	linear	4	23	0	cold	1.2867874295049803e-19	0	0
55	55	linear	4	23	0	warm	8.127075230021802e-20	0	0
55	55	uniform	0	0	0	cold	6.413374257707855e-78	0	0
55	55	uniform	0	0	0	warm	6.413374257707855e-78	0	0
55	55	uniform	0	7	0	cold	1.75503474492291e-75	0	0
55	55	uniform	0	7	0	warm	1.624409571100912e-56	0	0
55	55	uniform	0	15	0	cold	1.0446945496290587e-81	0	0
55	55	uniform	0	15	0	warm	2.9127115919889737e-83	0	0
55	55	uniform	0	23	0	cold	2.6930813720888637e-49	0	0
55	55	uniform	0	23	0	warm	7.417549743526378e-80	0	0
55	55	uniform	1	0	0	cold	3.476340268617493e-57	0	0
55	55	uniform	1	0	0	warm	3.476340268617493e-57	0	0
55	55	uniform	1	7	0	cold	4.379503282771521e-57	0	0
55	55	uniform	1	7	0	warm	1.6685980020805923e-57	0	0
55	55	uniform	1	15	0	cold	9.049218636626463e-59	0	0
55	55	uniform	1	15	0	warm	7.334936079470045e-59	0	0
55	55	uniform	1	23	0	cold	6.313851265111263e-61	0	0
55	55	uniform	1	23	0	warm	2.1805406653016886e-60	0	0
55	55	uniform	2	0	0	cold	3.0815958316080787e-37	0	0
55	55	uniform	2	0	0	warm	3.0815958316080787e-37	0	0
55	55	uniform	2	7	0	cold	3.77869756964117e-37	0	0
55	55	uniform	2	7	0	warm	2.0692283959125797e-38	0	0
55	55	uniform	2	15	0	cold	2.1580451197383605e-37	0	0
55	55	uniform	2	15	0	warm	1.7124830955349891e-38	0	0
55	55	uniform	2	23	0	cold	5.129621539562228e-39	0	0
55	55	uniform	2	23	0	warm	3.1158042497516655e-38	0	0
55	55	uniform	3	0	0	cold	2.664747353178835e-58	0	0
55	55	uniform	3	0	0	warm	2.664747353178835e-58	0	0
55	55	uniform	3	7	0	cold	6.772141469492526e-21	0	0
55	55	uniform	3	7	0	warm	1.3633775972629688e-60	0	0
55	55	uniform	3	15	0	cold	6.902325100688165e-41	0	0
55	55	uniform	3	15	0	warm	6.443445011770115e-42	0	0
55	55	uniform	3	23	0	cold	1.573533590988952e-59	0	0
55	55	uniform	3	23	0	warm	1.101270803505175e-59	0	0
55	55	uniform	4	0	0	cold	1.2241415909315007e-18	0	0
55	55	uniform	4	0	0	warm	1.2241415909315007e-18	0	0
55	55	uniform	4	7	0	cold	6.670978340415622e-19	0	0
55	55	uniform	4	7	0	warm	7.06040093389166e-19	0	0
55	55	uniform	4	15	0	cold	2.573575116663582e-19	0	0
55	55	uniform	4	15	0	warm	3.792637052611293e-19	0	0
55	55	uniform	4	23	0	cold	1.2867874295049803e-19	0	0
55	55	uniform	4	23	0	warm	8.127075230021802e-20	0	0
56	56	linear	0	0	0	cold	5.1532193283467624e-64	0	0
56	56	linear	0	0	0	warm	5.1532193283467624e-64	0	0
56	56	linear	0	7	0	cold	4.4869230725131864e-43	0	0
56	56	linear	0	7	0	warm	1.599088722315711e-50	0	0
56	56	linear	0	15	0	cold	3.5262214075044136e-44	0	0
56	56	linear	0	15	0	warm	5.82177584356589e-45	0	0
56	56	linear	0	23	0	cold	8.842698870468246e-55	0	0
56	56	linear	0	23	0	warm	2.7310824145531964e-56	0	0
56	56	linear	1	0	0	cold	1.6532874764478038e-16	0	0
56	56	linear	1	0	0	warm	1.6532874764478038e-16	0	0
56	56	linear	1	7	0	cold	2.786574627851624e-16	0	0
56	56	linear	1	7	0	warm	1.852814766070959e-16	0	0
56	56	linear	1	15	0	cold	9.722201238884457e-17	0	0
56	56	linear	1	15	0	warm	6.948020348944815e-17	0	0
56	56	linear	1	23	0	cold	2.5775317915772795e-16	0	0
56	56	linear	1	23	0	warm	2.547597450741585e-16	0	0
56	56	linear	2	0	0	cold	2.475712745233759e-68	0	0
56	56	linear	2	0	0	warm	2.475712745233759e-68	0	0
56	56	linear	2	7	0	cold	2.4563898475555247e-47	0	0
56	56	linear	2	7	0	warm	1.0027600472405037e-42	0	0
56	56	linear	2	15	0	cold	4.355757433032155e-52	0	0
56	56	linear	2	15	0	warm	8.169418409386749e-57	0	0
56	56	linear	2	23	0	cold	1.0974988132377217e-54	0	0
56	56	linear	2	23	0	warm	1.903353287810614e-39	0	0
56	56	linear	3	0	0	cold	3.171827601534614e-67	0	0
56	56	linear	3	0	0	warm	3.171827601534614e-67	0	0
56	56	linear	3	7	0	cold	2.468647751748944e-66	0	0
56	56	linear	3	7	0	warm	9.266246140493683e-66	0	0
56	56	linear	3	15	0	cold	2.210860515811434e-64	0	0
56	56	linear	3	15	0	warm	1.238000381348812e-65	0	0
56	56	linear	3	23	0	cold	1.6313387642580187e-66	0	0
56	56	linear	3	23	0	warm	9.35921869122564e-69	0	0
56	56	linear	4	0	0	cold	4.9897040505951905e-18	0	0
56	56	linear	4	0	0	warm	4.9897040505951905e-18	0	0
56	56	linear	4	7	0	cold	9.419971406619906e-18	0	0
56	56	linear	4	7	0	warm	5.029258879359158e-19	0	0
56	56	linear	4	15	0	cold	4.718460755994748e-18	0	0
56	56	linear	4	15	0	warm	3.565687110218785e-18	0	0
56	56	linear	4	23	0	cold	1.7285949328304813e-17	0	0
56	56	linear	4	23	0	warm	8.289796555940883e-18	0	0
56	56	uniform	0	0	0	cold	5.1532193283467624e-64	0	0
56	56	uniform	0	0	0	warm	5.1532193283467624e-64	0	0
56	56	uniform	0	7	0	cold	4.4869230725131864e-43	0	0
56	56	uniform	0	7	0	warm	1.599088722315711e-50	0	0
56	56	uniform	0	15	0	cold	3.5262214075044136e-44	0	0
56	56	uniform	0	15	0	warm	5.82177584356589e-45	0	0
56	56	uniform	0	23	0	cold	8.842698870468246e-55	0	0
56	56	uniform	0	23	0	warm	2.7310824145531964e-56	0	0
56	56	uniform	1	0	0	cold	1.6532874764478038e-16	0	0
56	56	uniform	1	0	0	warm	1.6532874764478038e-16	0	0
56	56	uniform	1	7	0	cold	2.786574627851624e-16	0	0
56	56	uniform	1	7	0	warm	1.852814766070959e-16	0	0
56	56	uniform	1	15	0	cold	9.722201238884457e-17	0	0
56	56	uniform	1	15	0	warm	6.948020348944815e-17	0	0
56	56	uniform	1	23	0	cold	2.5775317915772795e-16	0	0
56	56	uniform	1	23	0	warm	2.547597450741585e-16	0	0
56	56	uniform	2	0	0	cold	2.475712745233759e-68	0	0
56	56	uniform	2	0	0	warm	2.475712745233759e-68	0	0
56	56	uniform	2	7	0	cold	2.4563898475555247e-47	0	0
56	56	uniform	2	7	0	warm	1.0027600472405037e-42	0	0
56	56	uniform	2	15	0	cold	4.355757433032155e-52	0	0
56	56	uniform	2	15	0	warm	8.169418409386749e-57	0	0
56	56	uniform	2	23	0	cold	1.0974988132377217e-54	0	0
56	56	uniform	2	23	0	warm	1.903353287810614e-39	0	0
56	56	uniform	3	0	0	cold	3.171827601534614e-67	0	0
56	56	uniform	3	0	0	warm	3.171827601534614e-67	0	0
56	56	uniform	3	7	0	cold	2.468647751748944e-66	0	0
56	56	uniform	3	7	0	warm	9.266246140493683e-66	0	0
56	56	uniform	3	15	0	cold	2.210860515811434e-64	0	0
56	56	uniform	3	15	0	warm	1.238000381348812e-65	0	0
56	56	uniform	3	23	0	cold	1.6313387642580187e-66	0	0
56	56	uniform	3	23	0	warm	9.35921869122564e-69	0	0
56	56	uniform	4	0	0	cold	4.9897040505951905e-18	0	0
56	56	uniform	4	0	0	warm	4.9897040505951905e-18	0	0
56	56	uniform	4	7	0	cold	9.419971406619906e-18	0	0
56	56	uniform	4	7	0	warm	5.029258879359158e-19	0	0
56	56	uniform	4	15	0	cold	4.718460755994748e-18	0	0
56	56	uniform	4	15	0	warm	3.565687110218785e-18	0	0
56	56	uniform	4	23	0	cold	1.7285949328304813e-17	0	0
56	56	uniform	4	23	0	warm	8.289796555940883e-18	0	0
57	57	linear	0	0	0	cold	1.3899076270182936e-72	0	0
57	57	linear	0	0	0	warm	1.3899076270182936e-72	0	0
57	57	linear	0	7	0	cold	2.635354630397778e-75	0	0
57	57	linear	0	7	0	warm	2.265551549405823e-76	0	0
57	57	linear	0	15	0	cold	2.4613889776825054e-76	0	0
57	57	linear	0	15	0	warm	3.752116119921629e-76	0	0
57	57	linear	0	23	0	cold	3.119937547421121e-79	0	0
57	57	linear	0	23	0	warm	2.4959499601087003e-78	0	0
57	57	linear	1	0	0	cold	6.924633571271727e-70	0	0
57	57	linear	1	0	0	warm	6.924633571271727e-70	0	0
57	57	linear	1	7	0	cold	8.640433715610624e-71	0	0
57	57	linear	1	7	0	warm	1.7939186190505865e-69	0	0
57	57	linear	1	15	0	cold	5.2633778781448575e-70	0	0
57	57	linear	1	15	0	warm	2.1708873738651947e-70	0	0
57	57	linear	1	23	0	cold	7.739438743551802e-70	0	0
57	57	linear	1	23	0	warm	1.155170370491981e-68	0	0
57	57	linear	2	0	0	cold	1.1587491016712365e-72	0	0
57	57	linear	2	0	0	warm	1.1587491016712365e-72	0	0
57	57	linear	2	7	0	cold	2.8274165925171324e-68	0	0
57	57	linear	2	7	0	warm	5.654833185034266e-68	0	0
57	57	linear	2	15	0	cold	2.685859419549453e-71	0	0
57	57	linear	2	15	0	warm	1.74369930902687e-71	0	0
57	57	linear	2	23	0	cold	4.354729453577635e-72	0	0
57	57	linear	2	23	0	warm	1.636126564349892e-71	0	0
57	57	linear	3	0	0	cold	3.449444755342018e-66	0	0
57	57	linear	3	0	0	warm	3.449444755342018e-66	0	0
57	57	linear	3	7	0	cold	1.3076943696516208e-65	0	0
57	57	linear	3	7	0	warm	3.1943679258665557e-66	0	0
57	57	linear	3	15	0	cold	4.196340921660721e-67	0	0
57	57	linear	3	15	0	warm	1.3428290949314308e-66	0	0
57	57	linear	3	23	0	cold	5.921750525016262e-66	0	0
57	57	linear	3	23	0	warm	5.921750525016262e-66	0	0
57	57	linear	4	0	0	cold	1.1486920250897618e-70	0	0
57	57	linear	4	0	0	warm	1.1486920250897618e-70	0	0
57	57	linear	4	7	0	cold	1.307791993949392e-70	0	0
57	57	linear	4	7	0	warm	7.715031906751807e-71	0	0
57	57	linear	4	15	0	cold	4.320659342473819e-71	0	0
57	57	linear	4	15	0	warm	1.5432361524601863e-72	0	0
57	57	linear	4	23	0	cold	1.3211707887677327e-69	0	0
57	57	linear	4	23	0	warm	2.379748625730699e-69	0	0
57	57	uniform	0	0	0	cold	1.3899076270182936e-72	0	0
57	57	uniform	0	0	0	warm	1.3899076270182936e-72	0	0
57	57	uniform	0	7	0	cold	2.635354630397778e-75	0	0
57	57	uniform	0	7	0	warm	2.265551549405823e-76	0	0
57	57	uniform	0	15	0	cold	2.4613889776825054e-76	0	0
57	57	uniform	0	15	0	warm	3.752116119921629e-76	0	0
57	57	uniform	0	23	0	cold	3.119937547421121e-79	0	0
57	57	uniform	0	23	0	warm	2.4959499601087003e-78	0	0
57	57	uniform	1	0	0	cold	6.924633571271727e-70	0	0
57	57	uniform	1	0	0	warm	6.924633571271727e-70	0	0
57	57	uniform	1	7	0	cold	8.640433715610624e-71	0	0
57	57	uniform	1	7	0	warm	1.7939186190505865e-69	0	0
57	57	uniform	1	15	0	cold	5.2633778781448575e-70	0	0
57	57	uniform	1	15	0	warm	2.1708873738651947e-70	0	0
57	57	uniform	1	23	0	cold	7.739438743551802e-70	0	0
57	57	uniform	1	23	0	warm	1.155170370491981e-68	0	0
57	57	uniform	2	0	0	cold	1.1587491016712365e-72	0	0
57	57	uniform	2	0	0	warm	1.1587491016712365e-72	0	0
57	57	uniform	2	7	0	cold	2.8274165925171324e-68	0	0
57	57	uniform	2	7	0	warm	5.654833185034266e-68	0	0
57	57	uniform	2	15	0	cold	2.685859419549453e-71	0	0
57	57	uniform	2	15	0	warm	1.74369930902687e-71	0	0
57	57	uniform	2	23	0	cold	4.354729453577635e-72	0	0
57	57	uniform	2	23	0	warm	1.636126564349892e-71	0	0
57	57	uniform	3	0	0	cold	3.449444755342018e-66	0	0
57	57	uniform	3	0	0	warm	3.449444755342018e-66	0	0
57	57	uniform	3	7	0	cold	1.3076943696516208e-65	0	0
57	57	uniform	3	7	0	warm	3.1943679258665557e-66	0	0
57	57	uniform	3	15	0	cold	4.196340921660721e-67	0	0
57	57	uniform	3	15	0	warm	1.3428290949314308e-66	0	0
57	57	uniform	3	23	0	cold	5.921750525016262e-66	0	0
57	57	uniform	3	23	0	warm	5.921750525016262e-66	0	0
57	57	uniform	4	0	0	cold	1.1486920250897618e-70	0	0
57	57	uniform	4	0	0	warm	1.1486920250897618e-70	0	0
57	57	uniform	4	7	0	cold	1.307791993949392e-70	0	0
57	57	uniform	4	7	0	warm	7.715031906751807e-71	0	0
57	57	uniform	4	15	0	cold	4.320659342473819e-71	0	0
57	57	uniform	4	15	0	warm	1.5432361524601863e-72	0	0
57	57	uniform	4	23	0	cold	1.3211707887677327e-69	0	0
57	57	uniform	4	23	0	warm	2.379748625730699e-69	0	0
58	58	linear	0	0	0	cold	2.7521586085846093e-74	0	0
58	58	linear	0	0	0	warm	2.7521586085846093e-74	0	0
58	58	linear	0	7	0	cold	1.897979219927385e-74	0	0
58	58	linear	0	7	0	warm	4.209935423129135e-75	0	0
58	58	linear	0	15	0	cold	5.456636204318744e-74	0	0
58	58	linear	0	15	0	warm	1.7461235853819984e-72	0	0
58	58	linear	0	23	0	cold	4.986979548471632e-74	0	0
58	58	linear	0	23	0	warm	8.99247907942491e-74	0	0
58	58	linear	1	0	0	cold	8.234863965236029e-76	0	0
58	58	linear	1	0	0	warm	8.234863965236029e-76	0	0
58	58	linear	1	7	0	cold	1.0206380314245234e-74	0	0
58	58	linear	1	7	0	warm	2.759634537928328e-74	0	0
58	58	linear	1	15	0	cold	6.324820819547948e-75	0	0
58	58	linear	1	15	0	warm	8.838699354521718e-75	0	0
58	58	linear	1	23	0	cold	6.650989736195761e-74	0	0
58	58	linear	1	23	0	warm	2.1756640642940182e-72	0	0
58	58	linear	2	0	0	cold	7.330904529145619e-75	0	0
58	58	linear	2	0	0	warm	7.330904529145619e-75	0	0
58	58	linear	2	7	0	cold	1.1277197988369452e-75	0	0
58	58	linear	2	7	0	warm	1.1277197988369452e-75	0	0
58	58	linear	2	15	0	cold	9.992705752030227e-75	0	0
58	58	linear	2	15	0	warm	2.2527745873395185e-75	0	0
58	58	linear	2	23	0	cold	5.475656607236175e-74	0	0
58	58	linear	2	23	0	warm	4.475710043453729e-76	0	0
58	58	linear	3	0	0	cold	7.772471623720782e-73	0	0
58	58	linear	3	0	0	warm	7.772471623720782e-73	0	0
58	58	linear	3	7	0	cold	1.6064525043524536e-71	0	0
58	58	linear	3	7	0	warm	1.688066867694921e-74	0	0
58	58	linear	3	15	0	cold	2.3716594918463213e-72	0	0
58	58	linear	3	15	0	warm	1.2770474186864806e-72	0	0
58	58	linear	3	23	0	cold	1.1957899489617771e-71	0	0
58	58	linear	3	23	0	warm	7.086162660514237e-72	0	0
58	58	linear	4	0	0	cold	6.3723664040025855e-58	0	0
58	58	linear	4	0	0	warm	6.3723664040025855e-58	0	0
58	58	linear	4	7	0	cold	9.187626835255042e-52	0	0
58	58	linear	4	7	0	warm	5.089950559791584e-72	0	0
58	58	linear	4	15	0	cold	6.525303092263658e-55	0	0
58	58	linear	4	15	0	warm	8.433536070527199e-72	0	0
58	58	linear	4	23	0	cold	4.142784388109455e-50	0	0
58	58	linear	4	23	0	warm	3.3811223129693145e-72	0	0
58	58	uniform	0	0	0	cold	2.7521586085846093e-74	0	0
58	58	uniform	0	0	0	warm	2.7521586085846093e-74	0	0
58	58	uniform	0	7	0	cold	1.897979219927385e-74	0	0
58	58	uniform	0	7	0	warm	4.209935423129135e-75	0	0
58	58	uniform	0	15	0	cold	5.456636204318744e-74	0	0
58	58	uniform	0	15	0	warm	1.7461235853819984e-72	0	0
58	58	uniform	0	23	0	cold	4.986979548471632e-74	0	0
58	58	uniform	0	23	0	warm	8.99247907942491e-74	0	0
58	58	uniform	1	0	0	cold	8.234863965236029e-76	0	0
58	58	uniform	1	0	0	warm	8.234863965236029e-76	0	0
58	58	uniform	1	7	0	cold	1.0206380314245234e-74	0	0
58	58	uniform	1	7	0	warm	2.759634537928328e-74	0	0
58	58	uniform	1	15	0	cold	6.324820819547948e-75	0	0
58	58	uniform	1	15	0	warm	8.838699354521718e-75	0	0
58	58	uniform	1	23	0	cold	6.650989736195761e-74	0	0
58	58	uniform	1	23	0	warm	2.1756640642940182e-72	0	0
58	58	uniform	2	0	0	cold	7.330904529145619e-75	0	0
58	58	uniform	2	0	0	warm	7.330904529145619e-75	0	0
58	58	uniform	2	7	0	cold	1.1277197988369452e-75	0	0
58	58	uniform	2	7	0	warm	1.1277197988369452e-75	0	0
58	58	uniform	2	15	0	cold	9.992705752030227e-75	0	0
58	58	uniform	2	15	0	warm	2.2527745873395185e-75	0	0
58	58	uniform	2	23	0	cold	5.475656607236175e-74	0	0
58	58	uniform	2	23	0	warm	4.475710043453729e-76	0	0
58	58	uniform	3	0	0	cold	7.772471623720782e-73	0	0
58	58	uniform	3	0	0	warm	7.772471623720782e-73	0	0
58	58	uniform	3	7	0	cold	1.6064525043524536e-71	0	0
58	58	uniform	3	7	0	warm	1.688066867694921e-74	0	0
58	58	uniform	3	15	0	cold	2.3716594918463213e-72	0	0
58	58	uniform	3	15	0	warm	1.2770474186864806e-72	0	0
58	58	uniform	3	23	0	cold	1.1957899489617771e-71	0	0
58	58	uniform	3	23	0	warm	7.086162660514237e-72	0	0
58	58	uniform	4	0	0	cold	6.3723664040025855e-58	0	0
58	58	uniform	4	0	0	warm	6.3723664040025855e-58	0	0
58	58	uniform	4	7	0	cold	9.187626835255042e-52	0	0
58	58	uniform	4	7	0	warm	5.089950559791584e-72	0	0
58	58	uniform	4	15	0	cold	6.525303092263658e-55	0	0
58	58	uniform	4	15	0	warm	8.433536070527199e-72	0	0
58	58	uniform	4	23	0	cold	4.142784388109455e-50	0	0
58	58	uniform	4	23	0	warm	3.3811223129693145e-72	0	0
59	59	linear	0	0	0	cold	6.463671471299643e-71	0	0
59	59	linear	0	0	0	warm	6.463671471299643e-71	0	0
59	59	linear	0	7	0	cold	1.9937823630247065e-69	0	0
59	59	linear	0	7	0	warm	2.0284448832961654e-70	0	0
59	59	linear	0	15	0	cold	1.1171333430439322e-63	0	0
59	59	linear	0	15	0	warm	6.568668179590748e-65	0	0
59	59	linear	0	23	0	cold	5.553251339256274e-68	0	0
59	59	linear	0	23	0	warm	5.437810647985421e-69	0	0
59	59	linear	1	0	0	cold	1.198233306189268e-71	0	0
59	59	linear	1	0	0	warm	1.198233306189268e-71	0	0
59	59	linear	1	7	0	cold	8.119519761465785e-72	0	0
59	59	linear	1	7	0	warm	2.736996858875957e-71	0	0
59	59	linear	1	15	0	cold	1.4412498566408396e-71	0	0
59	59	linear	1	15	0	warm	9.05371970924927e-72	0	0
59	59	linear	1	23	0	cold	3.3640177717285075e-71	0	0
59	59	linear	1	23	0	warm	1.7060375842337433e-70	0	0
59	59	linear	2	0	0	cold	3.275529054797053e-69	0	0
59	59	linear	2	0	0	warm	3.275529054797053e-69	0	0
59	59	linear	2	7	0	cold	3.146318336104635e-66	0	0
59	59	linear	2	7	0	warm	1.316693982943453e-66	0	0
59	59	linear	2	15	0	cold	6.415885301257845e-71	0	0
59	59	linear	2	15	0	warm	4.938057474487013e-71	0	0
59	59	linear	2	23	0	cold	2.5932023442147715e-69	0	0
59	59	linear	2	23	0	warm	1.7554347765784898e-69	0	0
59	59	linear	3	0	0	cold	2.0956301868796184e-71	0	0
59	59	linear	3	0	0	warm	2.0956301868796184e-71	0	0
59	59	linear	3	7	0	cold	2.247068175890853e-71	0	0
59	59	linear	3	7	0	warm	2.4450314600030753e-70	0	0
59	59	linear	3	15	0	cold	7.666518947139143e-70	0	0
59	59	linear	3	15	0	warm	9.856246520716485e-71	0	0
59	59	linear	3	23	0	cold	8.478962349646016e-71	0	0
59	59	linear	3	23	0	warm	3.6557844913328834e-71	0	0
59	59	linear	4	0	0	cold	3.626349854834647e-72	0	0
59	59	linear	4	0	0	warm	3.626349854834647e-72	0	0
59	59	linear	4	7	0	cold	2.5490189211565748e-70	0	0
59	59	linear	4	7	0	warm	1.619452935931749e-71	0	0
59	59	linear	4	15	0	cold	2.71113986775101e-73	0	0
59	59	linear	4	15	0	warm	3.0427617688797e-73	0	0
59	59	linear	4	23	0	cold	9.225464464955684e-73	0	0
59	59	linear	4	23	0	warm	1.099592232483942e-72	0	0
59	59	uniform	0	0	0	cold	6.463671471299643e-71	0	0
59	59	uniform	0	0	0	warm	6.463671471299643e-71	0	0
59	59	uniform	0	7	0	cold	1.9937823630247065e-69	0	0
59	59	uniform	0	7	0	warm	2.0284448832961654e-70	0	0
59	59	uniform	0	15	0	cold	1.1171333430439322e-63	0	0
59	59	uniform	0	15	0	warm	6.568668179590748e-65	0	0
59	59	uniform	0	23	0	cold	5.553251339256274e-68	0	0
59	59	uniform	0	23	0	warm	5.437810647985421e-69	0	0
59	59	uniform	1	0	0	cold	1.198233306189268e-71	0	0
59	59	uniform	1	0	0	warm	1.198233306189268e-71	0	0
59	59	uniform	1	7	0	cold	8.119519761465785e-72	0	0
59	59	uniform	1	7	0	warm	2.736996858875957e-71	0	0
59	59	uniform	1	15	0	cold	1.4412498566408396e-71	0	0
59	59	uniform	1	15	0	warm	9.05371970924927e-72	0	0
59	59	uniform	1	23	0	cold	3.3640177717285075e-71	0	0
59	59	uniform	1	23	0	warm	1.7060375842337433e-70	0	0
59	59	uniform	2	0	0	cold	3.275529054797053e-69	0	0
59	59	uniform	2	0	0	warm	3.275529054797053e-69	0	0
59	59	uniform	2	7	0	cold	3.146318336104635e-66	0	0
59	59	uniform	2	7	0	warm	1.316693982943453e-66	0	0
59	59	uniform	2	15	0	cold	6.415885301257845e-71	0	0
59	59	uniform	2	15	0	warm	4.938057474487013e-71	0	0
59	59	uniform	2	23	0	cold	2.5932023442147715e-69	0	0
59	59	uniform	2	23	0	warm	1.7554347765784898e-69	0	0
59	59	uniform	3	0	0	cold	2.0956301868796184e-71	0	0
59	59	uniform	3	0	0	warm	2.0956301868796184e-71	0	0
59	59	uniform	3	7	0	cold	2.247068175890853e-71	0	0
59	59	uniform	3	7	0	warm	2.4450314600030753e-70	0	0
59	59	uniform	3	15	0	cold	7.666518947139143e-70	0	0
59	59	uniform	3	15	0	warm	9.856246520716485e-71	0	0
59	59	uniform	3	23	0	cold	8.478962349646016e-71	0	0
59	59	uniform	3	23	0	warm	3.6557844913328834e-71	0	0
59	59	uniform	4	0	0	cold	3.626349854834647e-72	0	0
59	59	uniform	4	0	0	warm	3.626349854834647e-72	0	0
59	59	uniform	4	7	0	cold	2.5490189211565748e-70	0	0
59	59	uniform	4	7	0	warm	1.619452935931749e-71	0	0
59	59	uniform	4	15	0	cold	2.71113986775101e-73	0	0
59	59	uniform	4	15	0	warm	3.0427617688797e-73	0	0
59	59	uniform	4	23	0	cold	9.225464464955684e-73	0	0
59	59	uniform	4	23	0	warm	1.099592232483942e-72	0	0
60	60	linear	0	0	0	cold	3.882128025775861e-58	0	0
60	60	linear	0	0	0	warm	3.882128025775861e-58	0	0
60	60	linear	0	7	0	cold	5.806151509766094e-58	0	0
60	60	linear	0	7	0	warm	1.01098271667505e-58	0	0
60	60	linear	0	15	0	cold	3.3537516613502045e-61	0	0
60	60	linear	0	15	0	warm	2.661129035636575e-61	0	0
60	60	linear	0	23	0	cold	1.3123205373546532e-61	0	0
60	60	linear	0	23	0	warm	3.3901613881661864e-61	0	0
60	60	linear	1	0	0	cold	2.5805649278092165e-55	0	0
60	60	linear	1	0	0	warm	2.5805649278092165e-55	0	0
60	60	linear	1	7	0	cold	1.5456330136332937e-59	0	0
60	60	linear	1	7	0	warm	1.1645712895174125e-59	0	0
60	60	linear	1	15	0	cold	6.488639812688566e-61	0	0
60	60	linear	1	15	0	warm	2.5662934989509833e-60	0	0
60	60	linear	1	23	0	cold	1.542582803009942e-64	0	0
60	60	linear	1	23	0	warm	2.9427733472805046e-63	0	0
60	60	linear	2	0	0	cold	3.044653852088409e-64	0	0
60	60	linear	2	0	0	warm	3.044653852088409e-64	0	0
60	60	linear	2	7	0	cold	7.74577209800644e-63	0	0
60	60	linear	2	7	0	warm	5.4676038338869e-62	0	0
60	60	linear	2	15	0	cold	1.2247611439775664e-60	0	0
60	60	linear	2	15	0	warm	2.1050582162114425e-61	0	0
60	60	linear	2	23	0	cold	3.482990856809559e-60	0	0
60	60	linear	2	23	0	warm	2.923665838205697e-57	0	0
60	60	linear	3	0	0	cold	3.4547684749864e-72	0	0
60	60	linear	3	0	0	warm	3.4547684749864e-72	0	0
60	60	linear	3	7	0	cold	5.526260188868234e-71	0	0
60	60	linear	3	7	0	warm	1.2952172317659923e-72	0	0
60	60	linear	3	15	0	cold	2.4766676360022462e-70	0	0
60	60	linear	3	15	0	warm	2.7623474638946894e-71	0	0
60	60	linear	3	23	0	cold	9.941632889016407e-70	0	0
60	60	linear	3	23	0	warm	4.401709391779536e-70	0	0
60	60	linear	4	0	0	cold	2.0692841496216226e-65	0	0
60	60	linear	4	0	0	warm	2.0692841496216226e-65	0	0
60	60	linear	4	7	0	cold	2.4158214277092866e-65	0	0
60	60	linear	4	7	0	warm	1.3349344414848186e-68	0	0
60	60	linear	4	15	0	cold	1.7744882038888468e-65	0	0
60	60	linear	4	15	0	warm	4.800494115569358e-64	0	0
60	60	linear	4	23	0	cold	2.859965054877976e-64	0	0
60	60	linear	4	23	0	warm	4.181235460347917e-65	0	0
60	60	uniform	0	0	0	cold	3.882128025775861e-58	0	0
60	60	uniform	0	0	0	warm	3.882128025775861e-58	0	0
60	60	uniform	0	7	0	cold	5.806151509766094e-58	0	0
60	60	uniform	0	7	0	warm	1.01098271667505e-58	0	0
60	60	uniform	0	15	0	cold	3.3537516613502045e-61	0	0
60	60	uniform	0	15	0	warm	2.661129035636575e-61	0	0
60	60	uniform	0	23	0	cold	1.3123205373546532e-61	0	0
60	60	uniform	0	23	0	warm	3.3901613881661864e-61	0	0
60	60	uniform	1	0	0	cold	2.5805649278092165e-55	0	0
60	60	uniform	1	0	0	warm	2.5805649278092165e-55	0	0
60	60	uniform	1	7	0	cold	1.5456330136332937e-59	0	0
60	60	uniform	1	7	0	warm	1.1645712895174125e-59	0	0
60	60	uniform	1	15	0	cold	6.488639812688566e-61	0	0
60	60	uniform	1	15	0	warm	2.5662934989509833e-60	0	0
60	60	uniform	1	23	0	cold	1.542582803009942e-64	0	0
60	60	uniform	1	23	0	warm	2.9427733472805046e-63	0	0
60	60	uniform	2	0	0	cold	3.044653852088409e-64	0	0
60	60	uniform	2	0	0	warm	3.044653852088409e-64	0	0
60	60	uniform	2	7	0	cold	7.74577209800644e-63	0	0
60	60	uniform	2	7	0	warm	5.4676038338869e-62	0	0
60	60	uniform	2	15	0	cold	1.2247611439775664e-60	0	0
60	60	uniform	2	15	0	warm	2.1050582162114425e-61	0	0
60	60	uniform	2	23	0	cold	3.482990856809559e-60	0	0
60	60	uniform	2	23	0	warm	2.923665838205697e-57	0	0
60	60	uniform	3	0	0	cold	3.4547684749864e-72	0	0
60	60	uniform	3	0	0	warm	3.4547684749864e-72	0	0
60	60	uniform	3	7	0	cold	5.526260188868234e-71	0	0
60	60	uniform	3	7	0	warm	1.2952172317659923e-72	0	0
60	60	uniform	3	15	0	cold	2.4766676360022462e-70	0	0
60	60	uniform	3	15	0	warm	2.7623474638946894e-71	0	0
60	60	uniform	3	23	0	cold	9.941632889016407e-70	0	0
60	60	uniform	3	23	0	warm	4.401709391779536e-70	0	0
60	60	uniform	4	0	0	cold	2.0692841496216226e-65	0	0
60	60	uniform	4	0	0	warm	2.0692841496216226e-65	0	0
60	60	uniform	4	7	0	cold	2.4158214277092866e-65	0	0
60	60	uniform	4	7	0	warm	1.3349344414848186e-68	0	0
60	60	uniform	4	15	0	cold	1.7744882038888468e-65	0	0
60	60	uniform	4	15	0	warm	4.800494115569358e-64	0	0
60	60	uniform	4	23	0	cold	2.859965054877976e-64	0	0
60	60	uniform	4	23	0	warm	4.181235460347917e-65	0	0
61	61	linear	0	0	0	cold	8.771537172317669e-54	0	0
61	61	linear	0	0	0	warm	8.771537172317669e-54	0	0
61	61	linear	0	7	0	cold	1.9785379658756075e-55	0	0
61	61	linear	0	7	0	warm	1.3590958771541589e-56	0	0
61	61	linear	0	15	0	cold	2.8311257318919884e-54	0	0
61	61	linear	0	15	0	warm	1.651659754989313e-56	0	0
61	61	linear	0	23	0	cold	3.877069002428447e-55	0	0
61	61	linear	0	23	0	warm	3.928237632512364e-56	0	0
61	61	linear	1	0	0	cold	3.604482865287123e-45	0	0
61	61	linear	1	0	0	warm	3.604482865287123e-45	0	0
61	61	linear	1	7	0	cold	1.752542737157607e-46	0	0
61	61	linear	1	7	0	warm	7.257492788539912e-47	0	0
61	61	linear	1	15	0	cold	2.352828649511551e-45	0	0
61	61	linear	1	15	0	warm	1.6465392420821993e-45	0	0
61	61	linear	1	23	0	cold	5.474638087244576e-47	0	0
61	61	linear	1	23	0	warm	4.0848082926099145e-46	0	0
61	61	linear	2	0	0	cold	1.6419452792476564e-55	0	0
61	61	linear	2	0	0	warm	1.6419452792476564e-55	0	0
61	61	linear	2	7	0	cold	1.5688659192866077e-57	0	0
61	61	linear	2	7	0	warm	1.1672974406695016e-56	0	0
61	61	linear	2	15	0	cold	9.188536123731204e-54	0	0
61	61	linear	2	15	0	warm	5.92530689512655e-55	0	0
61	61	linear	2	23	0	cold	3.2167487112850347e-55	0	0
61	61	linear	2	23	0	warm	4.870898300869426e-56	0	0
61	61	linear	3	0	0	cold	4.517975072724987e-49	0	0
61	61	linear	3	0	0	warm	4.517975072724987e-49	0	0
61	61	linear	3	7	0	cold	5.3415370846089975e-48	0	0
61	61	linear	3	7	0	warm	7.031639113843841e-50	0	0
61	61	linear	3	15	0	cold	3.9059893632846194e-46	0	0
61	61	linear	3	15	0	warm	4.877085656519095e-49	0	0
61	61	linear	3	23	0	cold	7.32279682747626e-48	0	0
61	61	linear	3	23	0	warm	1.2211651814075838e-48	0	0
61	61	linear	4	0	0	cold	2.2652034048221794e-46	0	0
61	61	linear	4	0	0	warm	2.2652034048221794e-46	0	0
61	61	linear	4	7	0	cold	2.6485019782179612e-46	0	0
61	61	linear	4	7	0	warm	1.1202713648314819e-46	0	0
61	61	linear	4	15	0	cold	3.8008026879968305e-44	0	0
61	61	linear	4	15	0	warm	2.222322343376598e-44	0	0
61	61	linear	4	23	0	cold	5.75190016191821e-45	0	0
61	61	linear	4	23	0	warm	1.055175182713323e-46	0	0
61	61	uniform	0	0	0	cold	8.771537172317669e-54	0	0
61	61	uniform	0	0	0	warm	8.771537172317669e-54	0	0
61	61	uniform	0	7	0	cold	1.9785379658756075e-55	0	0
61	61	uniform	0	7	0	warm	1.3590958771541589e-56	0	0
61	61	uniform	0	15	0	cold	2.8311257318919884e-54	0	0
61	61	uniform	0	15	0	warm	1.651659754989313e-56	0	0
61	61	uniform	0	23	0	cold	3.877069002428447e-55	0	0
61	61	uniform	0	23	0	warm	3.928237632512364e-56	0	0
61	61	uniform	1	0	0	cold	3.604482865287123e-45	0	0
61	61	uniform	1	0	0	warm	3.604482865287123e-45	0	0
61	61	uniform	1	7	0	cold	1.752542737157607e-46	0	0
61	61	uniform	1	7	0	warm	7.257492788539912e-47	0	0
61	61	uniform	1	15	0	cold	2.352828649511551e-45	0	0
61	61	uniform	1	15	0	warm	1.6465392420821993e-45	0	0
61	61	uniform	1	23	0	cold	5.474638087244576e-47	0	0
61	61	uniform	1	23	0	warm	4.0848082926099145e-46	0	0
61	61	uniform	2	0	0	cold	1.6419452792476564e-55	0	0
61	61	uniform	2	0	0	warm	1.6419452792476564e-55	0	0
61	61	uniform	2	7	0	cold	1.5688659192866077e-57	0	0
61	61	uniform	2	7	0	warm	1.1672974406695016e-56	0	0
61	61	uniform	2	15	0	cold	9.188536123731204e-54	0	0
61	61	uniform	2	15	0	warm	5.92530689512655e-55	0	0
61	61	uniform	2	23	0	cold	3.2167487112850347e-55	0	0
61	61	uniform	2	23	0	warm	4.870898300869426e-56	0	0
61	61	uniform	3	0	0	cold	4.517975072724987e-49	0	0
61	61	uniform	3	0	0	warm	4.517975072724987e-49	0	0
61	61	uniform	3	7	0	cold	5.3415370846089975e-48	0	0
61	61	uniform	3	7	0	warm	7.031639113843841e-50	0	0
61	61	uniform	3	15	0	cold	3.9059893632846194e-46	0	0
61	61	uniform	3	15	0	warm	4.877085656519095e-49	0	0
61	61	uniform	3	23	0	cold	7.32279682747626e-48	0	0
61	61	uniform	3	23	0	warm	1.2211651814075838e-48	0	0
61	61	uniform	4	0	0	cold	2.2652034048221794e-46	0	0
61	61	uniform	4	0	0	warm	2.2652034048221794e-46	0	0
61	61	uniform	4	7	0	cold	2.6485019782179612e-46	0	0
61	61	uniform	4	7	0	warm	1.1202713648314819e-46	0	0
61	61	uniform	4	15	0	cold	3.8008026879968305e-44	0	0
61	61	uniform	4	15	0	warm	2.222322343376598e-44	0	0
61	61	uniform	4	23	0	cold	5.75190016191821e-45	0	0
61	61	uniform	4	23	0	warm	1.055175182713323e-46	0	0
62	62	linear	0	0	0	cold	2.90280831272341e-72	0	0
62	62	linear	0	0	0	warm	2.90280831272341e-72	0	0
62	62	linear	0	7	0	cold	1.2518188732906288e-72	0	0
62	62	linear	0	7	0	warm	1.3971026541717246e-71	0	0
62	62	linear	0	15	0	cold	2.4942133151857083e-73	0	0
62	62	linear	0	15	0	warm	4.145634470527729e-73	0	0
62	62	linear	0	23	0	cold	4.1543940043831067e-75	0	0
62	62	linear	0	23	0	warm	1.3636877852661994e-74	0	0
62	62	linear	1	0	0	cold	3.5473759108383283e-57	0	0
62	62	linear	1	0	0	warm	3.5473759108383283e-57	0	0
62	62	linear	1	7	0	cold	7.605915639738683e-58	0	0
62	62	linear	1	7	0	warm	3.80295781986934e-58	0	0
62	62	linear	1	15	0	cold	1.4193915700144088e-56	0	0
62	62	linear	1	15	0	warm	4.292197195572325e-57	0	0
62	62	linear	1	23	0	cold	2.1950346416067745e-56	0	0
62	62	linear	1	23	0	warm	2.7873455766435243e-57	0	0
62	62	linear	2	0	0	cold	5.431919165214135e-56	0	0
62	62	linear	2	0	0	warm	5.431919165214135e-56	0	0
62	62	linear	2	7	0	cold	6.2103895014031565e-56	0	0
62	62	linear	2	7	0	warm	1.0621994769516215e-56	0	0
62	62	linear	2	15	0	cold	6.668555014218175e-57	0	0
62	62	linear	2	15	0	warm	8.191893173864222e-56	0	0
62	62	linear	2	23	0	cold	6.445324007617921e-56	0	0
62	62	linear	2	23	0	warm	1.9260906350615573e-55	0	0
62	62	linear	3	0	0	cold	6.141889822914632e-70	0	0
62	62	linear	3	0	0	warm	6.141889822914632e-70	0	0
62	62	linear	3	7	0	cold	6.328222713341579e-69	0	0
62	62	linear	3	7	0	warm	9.906390223902023e-70	0	0
62	62	linear	3	15	0	cold	1.807184355544842e-63	0	0
62	62	linear	3	15	0	warm	1.3215234128462725e-69	0	0
62	62	linear	3	23	0	cold	3.070461279068379e-65	0	0
62	62	linear	3	23	0	warm	1.8138975435614341e-72	0	0
62	62	linear	4	0	0	cold	5.210940866515868e-69	0	0
62	62	linear	4	0	0	warm	5.210940866515868e-69	0	0
62	62	linear	4	7	0	cold	7.830483526297695e-67	0	0
62	62	linear	4	7	0	warm	6.887330439933646e-68	0	0
62	62	linear	4	15	0	cold	9.708492730502595e-69	0	0
62	62	linear	4	15	0	warm	3.6365415787803575e-69	0	0
62	62	linear	4	23	0	cold	5.732315400194137e-71	0	0
62	62	linear	4	23	0	warm	6.136642712126634e-74	0	0
62	62	uniform	0	0	0	cold	2.90280831272341e-72	0	0
62	62	uniform	0	0	0	warm	2.90280831272341e-72	0	0
62	62	uniform	0	7	0	cold	1.2518188732906288e-72	0	0
62	62	uniform	0	7	0	warm	1.3971026541717246e-71	0	0
62	62	uniform	0	15	0	cold	2.4942133151857083e-73	0	0
62	62	uniform	0	15	0	warm	4.145634470527729e-73	0	0
62	62	uniform	0	23	0	cold	4.1543940043831067e-75	0	0
62	62	uniform	0	23	0	warm	1.3636877852661994e-74	0	0
62	62	uniform	1	0	0	cold	3.5473759108383283e-57	0	0
62	62	uniform	1	0	0	warm	3.5473759108383283e-57	0	0
62	62	uniform	1	7	0	cold	7.605915639738683e-58	0	0
62	62	uniform	1	7	0	warm	3.80295781986934e-58	0	0
62	62	uniform	1	15	0	cold	1.4193915700144088e-56	0	0
62	62	uniform	1	15	0	warm	4.292197195572325e-57	0	0
62	62	uniform	1	23	0	cold	2.1950346416067745e-56	0	0
62	62	uniform	1	23	0	warm	2.7873455766435243e-57	0	0
62	62	uniform	2	0	0	cold	5.431919165214135e-56	0	0
62	62	uniform	2	0	0	warm	5.431919165214135e-56	0	0
62	62	uniform	2	7	0	cold	6.2103895014031565e-56	0	0
62	62	uniform	2	7	0	warm	1.0621994769516215e-56	0	0
62	62	uniform	2	15	0	cold	6.668555014218175e-57	0	0
62	62	uniform	2	15	0	warm	8.191893173864222e-56	0	0
62	62	uniform	2	23	0	cold	6.445324007617921e-56	0	0
62	62	uniform	2	23	0	warm	1.9260906350615573e-55	0	0
62	62	uniform	3	0	0	cold	6.141889822914632e-70	0	0
62	62	uniform	3	0	0	warm	6.141889822914632e-70	0	0
62	62	uniform	3	7	0	cold	6.328222713341579e-69	0	0
62	62	uniform	3	7	0	warm	9.906390223902023e-70	0	0
62	62	uniform	3	15	0	cold	1.807184355544842e-63	0	0
62	62	uniform	3	15	0	warm	1.3215234128462725e-69	0	0
62	62	uniform	3	23	0	cold	3.070461279068379e-65	0	0
62	62	uniform	3	23	0	warm	1.8138975435614341e-72	0	0
62	62	uniform	4	0	0	cold	5.210940866515868e-69	0	0
62	62	uniform	4	0	0	warm	5.210940866515868e-69	0	0
62	62	uniform	4	7	0	cold	7.830483526297695e-67	0	0
62	62	uniform	4	7	0	warm	6.887330439933646e-68	0	0
62	62	uniform	4	15	0	cold	9.708492730502595e-69	0	0
62	62	uniform	4	15	0	warm	3.6365415787803575e-69	0	0
62	62	uniform	4	23	0	cold	5.732315400194137e-71	0	0
62	62	uniform	4	23	0	warm	6.136642712126634e-74	0	0
63	63	linear	0	0	0	cold	1.6308736618185754e-64	0	0
63	63	linear	0	0	0	warm	1.6308736618185754e-64	0	0
63	63	linear	0	7	0	cold	1.8995010944392267e-64	0	0
63	63	linear	0	7	0	warm	2.3793326049998894e-64	0	0
63	63	linear	0	15	0	cold	4.931704911268395e-66	0	0
63	63	linear	0	15	0	warm	3.762191846228215e-68	0	0
63	63	linear	0	23	0	cold	3.601149822874625e-67	0	0
63	63	linear	0	23	0	warm	2.0624075030437252e-69	0	0
63	63	linear	1	0	0	cold	3.617447121538595e-48	0	0
63	63	linear	1	0	0	warm	3.617447121538595e-48	0	0
63	63	linear	1	7	0	cold	1.6421030724963086e-49	0	0
63	63	linear	1	7	0	warm	2.265967163928615e-48	0	0
63	63	linear	1	15	0	cold	4.5904354377438197e-51	0	0
63	63	linear	1	15	0	warm	2.778835677761227e-51	0	0
63	63	linear	1	23	0	cold	7.052150195733374e-52	0	0
63	63	linear	1	23	0	warm	3.4104981918810566e-50	0	0
63	63	linear	2	0	0	cold	5.2504497318981015e-59	0	0
63	63	linear	2	0	0	warm	5.2504497318981015e-59	0	0
63	63	linear	2	7	0	cold	2.192413014489716e-59	0	0
63	63	linear	2	7	0	warm	1.589499435505044e-60	0	0
63	63	linear	2	15	0	cold	1.9109451660380147e-60	0	0
63	63	linear	2	15	0	warm	3.8343885597168006e-62	0	0
63	63	linear	2	23	0	cold	6.352257543590765e-61	0	0
63	63	linear	2	23	0	warm	1.1737867200113369e-61	0	0
63	63	linear	3	0	0	cold	2.330144386244153e-56	0	0
63	63	linear	3	0	0	warm	2.330144386244153e-56	0	0
63	63	linear	3	7	0	cold	3.26499599618017e-55	0	0
63	63	linear	3	7	0	warm	1.419563476600074e-56	0	0
63	63	linear	3	15	0	cold	7.803595833947847e-56	0	0
63	63	linear	3	15	0	warm	1.0824856614473998e-61	0	0
63	63	linear	3	23	0	cold	1.772780634554053e-55	0	0
63	63	linear	3	23	0	warm	8.509347045859452e-56	0	0
63	63	linear	4	0	0	cold	2.0579358564198036e-57	0	0
63	63	linear	4	0	0	warm	2.0579358564198036e-57	0	0
63	63	linear	4	7	0	cold	1.1464790079576877e-56	0	0
63	63	linear	4	7	0	warm	8.287299392149807e-58	0	0
63	63	linear	4	15	0	cold	7.253408752925542e-58	0	0
63	63	linear	4	15	0	warm	4.491054068150457e-58	0	0
63	63	linear	4	23	0	cold	3.7153323764528715e-62	0	0
63	63	linear	4	23	0	warm	3.111590865279279e-61	0	0
63	63	uniform	0	0	0	cold	1.6308736618185754e-64	0	0
63	63	uniform	0	0	0	warm	1.6308736618185754e-64	0	0
63	63	uniform	0	7	0	cold	1.8995010944392267e-64	0	0
63	63	uniform	0	7	0	warm	2.3793326049998894e-64	0	0
63	63	uniform	0	15	0	cold	4.931704911268395e-66	0	0
63	63	uniform	0	15	0	warm	3.762191846228215e-68	0	0
63	63	uniform	0	23	0	cold	3.601149822874625e-67	0	0
63	63	uniform	0	23	0	warm	2.0624075030437252e-69	0	0
63	63	uniform	1	0	0	cold	3.617447121538595e-48	0	0
63	63	uniform	1	0	0	warm	3.617447121538595e-48	0	0
63	63	uniform	1	7	0	cold	1.6421030724963086e-49	0	0
63	63	uniform	1	7	0	warm	2.265967163928615e-48	0	0
63	63	uniform	1	15	0	cold	4.5904354377438197e-51	0	0
63	63	uniform	1	15	0	warm	2.778835677761227e-51	0	0
63	63	uniform	1	23	0	cold	7.052150195733374e-52	0	0
63	63	uniform	1	23	0	warm	3.4104981918810566e-50	0	0
63	63	uniform	2	0	0	cold	5.2504497318981015e-59	0	0
63	63	uniform	2	0	0	warm	5.2504497318981015e-59	0	0
63	63	uniform	2	7	0	cold	2.192413014489716e-59	0	0
63	63	uniform	2	7	0	warm	1.589499435505044e-60	0	0
63	63	uniform	2	15	0	cold	1.9109451660380147e-60	0	0
63	63	uniform	2	15	0	warm	3.8343885597168006e-62	0	0
63	63	uniform	2	23	0	cold	6.352257543590765e-61	0	0
63	63	uniform	2	23	0	warm	1.1737867200113369e-61	0	0
63	63	uniform	3	0	0	cold	2.330144386244153e-56	0	0
63	63	uniform	3	0	0	warm	2.330144386244153e-56	0	0
63	63	uniform	3	7	0	cold	3.26499599618017e-55	0	0
63	63	uniform	3	7	0	warm	1.419563476600074e-56	0	0
63	63	uniform	3	15	0	cold	7.803595833947847e-56	0	0
63	63	uniform	3	15	0	warm	1.0824856614473998e-61	0	0
63	63	uniform	3	23	0	cold	1.772780634554053e-55	0	0
63	63	uniform	3	23	0	warm	8.509347045859452e-56	0	0
63	63	uniform	4	0	0	cold	2.0579358564198036e-57	0	0
63	63	uniform	4	0	0	warm	2.0579358564198036e-57	0	0
63	63	uniform	4	7	0	cold	1.1464790079576877e-56	0	0
63	63	uniform	4	7	0	warm	8.287299392149807e-58	0	0
63	63	uniform	4	15	0	cold	7.253408752925542e-58	0	0
63	63	uniform	4	15	0	warm	4.491054068150457e-58	0	0
63	63	uniform	4	23	0	cold	3.7153323764528715e-62	0	0
63	63	uniform	4	23	0	warm	3.111590865279279e-61	0	0
64	64	linear	0	0	0	cold	0.0	0	0
64	64	linear	0	0	0	warm	0.0	0	0
64	64	linear	0	7	0	cold	0.0	0	0
64	64	linear	0	7	0	warm	0.0	0	0
64	64	linear	0	15	0	cold	0.0	0	0
64	64	linear	0	15	0	warm	0.0	0	0
64	64	linear	0	23	0	cold	0.0	0	0
64	64	linear	0	23	0	warm	0.0	0	0
64	64	linear	1	0	0	cold	7.561332985876512e-16	0	0
64	64	linear	1	0	0	warm	7.561332985876512e-16	0	0
64	64	linear	1	7	0	cold	7.943644909586698e-16	0	0
64	64	linear	1	7	0	warm	1.2906269061345875e-15	0	0
64	64	linear	1	15	0	cold	7.943606847913987e-16	0	0
64	64	linear	1	15	0	warm	5.9610303804044e-16	0	0
64	64	linear	1	23	0	cold	7.942316089913388e-16	0	0
64	64	linear	1	23	0	warm	6.952775280112706e-16	0	0
64	64	linear	2	0	0	cold	2.921085789491951e-16	0	0
64	64	linear	2	0	0	warm	2.921085789491951e-16	0	0
64	64	linear	2	7	0	cold	3.1413163004585736e-16	0	0
64	64	linear	2	7	0	warm	3.1413163004585726e-16	0	0
64	64	linear	2	15	0	cold	1.192012541601251e-15	0	0
64	64	linear	2	15	0	warm	1.7880188124018756e-15	0	0
64	64	linear	2	23	0	cold	3.9792869863988476e-16	0	0
64	64	linear	2	23	0	warm	2.2160015566810143e-16	0	0
64	64	linear	3	0	0	cold	1.477914090251029e-51	0	0
64	64	linear	3	0	0	warm	1.477914090251029e-51	0	0
64	64	linear	3	7	0	cold	2.919951067157381e-48	0	0
64	64	linear	3	7	0	warm	2.876266700944143e-48	0	0
64	64	linear	3	15	0	cold	8.63384229094327e-57	0	0
64	64	linear	3	15	0	warm	2.026254109015906e-54	0	0
64	64	linear	3	23	0	cold	4.1763263703728726e-51	0	0
64	64	linear	3	23	0	warm	1.2210611271442085e-49	0	0
64	64	linear	4	0	0	cold	2.9818596215842777e-16	0	0
64	64	linear	4	0	0	warm	2.9818596215842777e-16	0	0
64	64	linear	4	7	0	cold	6.953448506661319e-16	0	0
64	64	linear	4	7	0	warm	4.971307491677998e-16	0	0
64	64	linear	4	15	0	cold	5.953929250651778e-16	0	0
64	64	linear	4	15	0	warm	4.963043774783536e-16	0	0
64	64	linear	4	23	0	cold	1.0924725092374945e-15	0	0
64	64	linear	4	23	0	warm	5.953914265835175e-16	0	0
64	64	uniform	0	0	0	cold	0.0	0	0
64	64	uniform	0	0	0	warm	0.0	0	0
64	64	uniform	0	7	0	cold	0.0	0	0
64	64	uniform	0	7	0	warm	0.0	0	0
64	64	uniform	0	15	0	cold	0.0	0	0
64	64	uniform	0	15	0	warm	0.0	0	0
64	64	uniform	0	23	0	cold	0.0	0	0
64	64	uniform	0	23	0	warm	0.0	0	0
64	64	uniform	1	0	0	cold	7.561332985876512e-16	0	0
64	64	uniform	1	0	0	warm	7.561332985876512e-16	0	0
64	64	uniform	1	7	0	cold	7.943644909586698e-16	0	0
64	64	uniform	1	7	0	warm	1.2906269061345875e-15	0	0
64	64	uniform	1	15	0	cold	7.943606847913987e-16	0	0
64	64	uniform	1	15	0	warm	5.9610303804044e-16	0	0
64	64	uniform	1	23	0	cold	7.942316089913388e-16	0	0
64	64	uniform	1	23	0	warm	6.952775280112706e-16	0	0
64	64	uniform	2	0	0	cold	2.921085789491951e-16	0	0
64	64	uniform	2	0	0	warm	2.921085789491951e-16	0	0
64	64	uniform	2	7	0	cold	3.1413163004585736e-16	0	0
64	64	uniform	2	7	0	warm	3.1413163004585726e-16	0	0
64	64	uniform	2	15	0	cold	1.192012541601251e-15	0	0
64	64	uniform	2	15	0	warm	1.7880188124018756e-15	0	0
64	64	uniform	2	23	0	cold	3.9792869863988476e-16	0	0
64	64	uniform	2	23	0	warm	2.2160015566810143e-16	0	0
64	64	uniform	3	0	0	cold	1.477914090251029e-51	0	0
64	64	uniform	3	0	0	warm	1.477914090251029e-51	0	0
64	64	uniform	3	7	0	cold	2.919951067157381e-48	0	0
64	64	uniform	3	7	0	warm	2.876266700944143e-48	0	0
64	64	uniform	3	15	0	cold	8.63384229094327e-57	0	0
64	64	uniform	3	15	0	warm	2.026254109015906e-54	0	0
64	64	uniform	3	23	0	cold	4.1763263703728726e-51	0	0
64	64	uniform	3	23	0	warm	1.2210611271442085e-49	0	0
64	64	uniform	4	0	0	cold	2.9818596215842777e-16	0	0
64	64	uniform	4	0	0	warm	2.9818596215842777e-16	0	0
64	64	uniform	4	7	0	cold	6.953448506661319e-16	0	0
64	64	uniform	4	7	0	warm	4.971307491677998e-16	0	0
64	64	uniform	4	15	0	cold	5.953929250651778e-16	0	0
64	64	uniform	4	15	0	warm	4.963043774783536e-16	0	0
64	64	uniform	4	23	0	cold	1.0924725092374945e-15	0	0
64	64	uniform	4	23	0	warm	5.953914265835175e-16	0	0
65	65	linear	0	0	0	cold	4.977577093872177e-71	0	0
65	65	linear	0	0	0	warm	4.977577093872177e-71	0	0
65	65	linear	0	7	0	cold	9.929544455422714e-75	0	0
65	65	linear	0	7	0	warm	1.9383822885166306e-70	0	0
65	65	linear	0	15	0	cold	3.132644868174807e-75	0	0
65	65	linear	0	15	0	warm	2.6235900770964006e-74	0	0
65	65	linear	0	23	0	cold	3.6707280829329976e-46	0	0
65	65	linear	0	23	0	warm	1.823875799537261e-48	0	0
65	65	linear	1	0	0	cold	4.824977502897902e-70	0	0
65	65	linear	1	0	0	warm	4.824977502897902e-70	0	0
65	65	linear	1	7	0	cold	1.1411240351233165e-70	0	0
65	65	linear	1	7	0	warm	1.4264077645610446e-70	0	0
65	65	linear	1	15	0	cold	3.0069873555272546e-72	0	0
65	65	linear	1	15	0	warm	1.3479598490294589e-72	0	0
65	65	linear	1	23	0	cold	1.6513129890947532e-44	0	0
65	65	linear	1	23	0	warm	7.530050353034181e-76	0	0
65	65	linear	2	0	0	cold	6.044788348555838e-76	0	0
65	65	linear	2	0	0	warm	6.044788348555838e-76	0	0
65	65	linear	2	7	0	cold	5.485643850635384e-74	0	0
65	65	linear	2	7	0	warm	1.0118779539022438e-79	0	0
65	65	linear	2	15	0	cold	2.2328717637455449e-72	0	0
65	65	linear	2	15	0	warm	1.4670157307937135e-76	0	0
65	65	linear	2	23	0	cold	3.014187549084284e-71	0	0
65	65	linear	2	23	0	warm	2.4113500392674276e-71	0	0
65	65	linear	3	0	0	cold	9.444547382433499e-46	0	0
65	65	linear	3	0	0	warm	9.444547382433499e-46	0	0
65	65	linear	3	7	0	cold	3.8539530892146714e-75	0	0
65	65	linear	3	7	0	warm	3.9367202693180635e-76	0	0
65	65	linear	3	15	0	cold	4.021594934115541e-74	0	0
65	65	linear	3	15	0	warm	5.451956018929831e-74	0	0
65	65	linear	3	23	0	cold	5.187326763518032e-76	0	0
65	65	linear	3	23	0	warm	7.193802995063098e-74	0	0
65	65	linear	4	0	0	cold	3.0954303761806865e-45	0	0
65	65	linear	4	0	0	warm	3.0954303761806865e-45	0	0
65	65	linear	4	7	0	cold	1.3166323359919107e-44	0	0
65	65	linear	4	7	0	warm	3.7559612470866516e-45	0	0
65	65	linear	4	15	0	cold	4.092852813576569e-74	0	0
65	65	linear	4	15	0	warm	3.443166523492171e-76	0	0
65	65	linear	4	23	0	cold	7.75001679801141e-45	0	0
65	65	linear	4	23	0	warm	0.0	0	0
65	65	uniform	0	0	0	cold	4.977577093872177e-71	0	0
65	65	uniform	0	0	0	warm	4.977577093872177e-71	0	0
65	65	uniform	0	7	0	cold	9.929544455422714e-75	0	0
65	65	uniform	0	7	0	warm	1.9383822885166306e-70	0	0
65	65	uniform	0	15	0	cold	3.132644868174807e-75	0	0
65	65	uniform	0	15	0	warm	2.6235900770964006e-74	0	0
65	65	uniform	0	23	0	cold	3.6707280829329976e-46	0	0
65	65	uniform	0	23	0	warm	1.823875799537261e-48	0	0
65	65	uniform	1	0	0	cold	4.824977502897902e-70	0	0
65	65	uniform	1	0	0	warm	4.824977502897902e-70	0	0
65	65	uniform	1	7	0	cold	1.1411240351233165e-70	0	0
65	65	uniform	1	7	0	warm	1.4264077645610446e-70	0	0
65	65	uniform	1	15	0	cold	3.0069873555272546e-72	0	0
65	65	uniform	1	15	0	warm	1.3479598490294589e-72	0	0
65	65	uniform	1	23	0	cold	1.6513129890947532e-44	0	0
65	65	uniform	1	23	0	warm	7.530050353034181e-76	0	0
65	65	uniform	2	0	0	cold	6.044788348555838e-76	0	0
65	65	uniform	2	0	0	warm	6.044788348555838e-76	0	0
65	65	uniform	2	7	0	cold	5.485643850635384e-74	0	0
65	65	uniform	2	7	0	warm	1.0118779539022438e-79	0	0
65	65	uniform	2	15	0	cold	2.2328717637455449e-72	0	0
65	65	uniform	2	15	0	warm	1.4670157307937135e-76	0	0
65	65	uniform	2	23	0	cold	3.014187549084284e-71	0	0
65	65	uniform	2	23	0	warm	2.4113500392674276e-71	0	0
65	65	uniform	3	0	0	cold	9.444547382433499e-46	0	0
65	65	uniform	3	0	0	warm	9.444547382433499e-46	0	0
65	65	uniform	3	7	0	cold	3.8539530892146714e-75	0	0
65	65	uniform	3	7	0	warm	3.9367202693180635e-76	0	0
65	65	uniform	3	15	0	cold	4.021594934115541e-74	0	0
65	65	uniform	3	15	0	warm	5.451956018929831e-74	0	0
65	65	uniform	3	23	0	cold	5.187326763518032e-76	0	0
65	65	uniform	3	23	0	warm	7.193802995063098e-74	0	0
65	65	uniform	4	0	0	cold	3.0954303761806865e-45	0	0
65	65	uniform	4	0	0	warm	3.0954303761806865e-45	0	0
65	65	uniform	4	7	0	cold	1.3166323359919107e-44	0	0
65	65	uniform	4	7	0	warm	3.7559612470866516e-45	0	0
65	65	uniform	4	15	0	cold	4.092852813576569e-74	0	0
65	65	uniform	4	15	0	warm	3.443166523492171e-76	0	0
65	65	uniform	4	23	0	cold	7.75001679801141e-45	0	0
65	65	uniform	4	23	0	warm	0.0	0	0
66	66	linear	0	0	0	cold	3.0927750598245837e-69	0	0
66	66	linear	0	0	0	warm	3.0927750598245837e-69	0	0
66	66	linear	0	7	0	cold	8.988451700275924e-70	0	0
66	66	linear	0	7	0	warm	8.046214722433848e-71	0	0
66	66	linear	0	15	0	cold	1.1792548202993918e-70	0	0
66	66	linear	0	15	0	warm	5.990526085260277e-70	0	0
66	66	linear	0	23	0	cold	1.9633525076022167e-68	0	0
66	66	linear	0	23	0	warm	7.272969517784409e-69	0	0
66	66	linear	1	0	0	cold	6.685819523352656e-64	0	0
66	66	linear	1	0	0	warm	6.685819523352656e-64	0	0
66	66	linear	1	7	0	cold	4.1051259396311303e-69	0	0
66	66	linear	1	7	0	warm	5.7193006783507e-69	0	0
66	66	linear	1	15	0	cold	3.648065314228376e-69	0	0
66	66	linear	1	15	0	warm	3.2673612504728915e-69	0	0
66	66	linear	1	23	0	cold	1.454084158006446e-65	0	0
66	66	linear	1	23	0	warm	2.6080898018765296e-65	0	0
66	66	linear	2	0	0	cold	1.521540750650765e-59	0	0
66	66	linear	2	0	0	warm	1.521540750650765e-59	0	0
66	66	linear	2	7	0	cold	1.470882254894079e-59	0	0
66	66	linear	2	7	0	warm	1.6622515635458534e-60	0	0
66	66	linear	2	15	0	cold	3.112934481009307e-61	0	0
66	66	linear	2	15	0	warm	4.9646800726064826e-61	0	0
66	66	linear	2	23	0	cold	1.2731284779410444e-59	0	0
66	66	linear	2	23	0	warm	3.0823110518572653e-59	0	0
66	66	linear	3	0	0	cold	1.1355612161640628e-70	0	0
66	66	linear	3	0	0	warm	1.1355612161640628e-70	0	0
66	66	linear	3	7	0	cold	2.0470070631126366e-70	0	0
66	66	linear	3	7	0	warm	9.520963084244828e-72	0	0
66	66	linear	3	15	0	cold	1.2798329187979613e-69	0	0
66	66	linear	3	15	0	warm	5.136796864110182e-70	0	0
66	66	linear	3	23	0	cold	1.6860367940134884e-68	0	0
66	66	linear	3	23	0	warm	3.015426876912916e-68	0	0
66	66	linear	4	0	0	cold	6.175685366309048e-70	0	0
66	66	linear	4	0	0	warm	6.175685366309048e-70	0	0
66	66	linear	4	7	0	cold	1.2280326740906894e-71	0	0
66	66	linear	4	7	0	warm	7.2270879694838515e-71	0	0
66	66	linear	4	15	0	cold	1.4151573716978188e-68	0	0
66	66	linear	4	15	0	warm	5.369957491430809e-69	0	0
66	66	linear	4	23	0	cold	2.8807782557657178e-70	0	0
66	66	linear	4	23	0	warm	9.225182663993135e-71	0	0
66	66	uniform	0	0	0	cold	3.0927750598245837e-69	0	0
66	66	uniform	0	0	0	warm	3.0927750598245837e-69	0	0
66	66	uniform	0	7	0	cold	8.988451700275924e-70	0	0
66	66	uniform	0	7	0	warm	8.046214722433848e-71	0	0
66	66	uniform	0	15	0	cold	1.1792548202993918e-70	0	0
66	66	uniform	0	15	0	warm	5.990526085260277e-70	0	0
66	66	uniform	0	23	0	cold	1.9633525076022167e-68	0	0
66	66	uniform	0	23	0	warm	7.272969517784409e-69	0	0
66	66	uniform	1	0	0	cold	6.685819523352656e-64	0	0
66	66	uniform	1	0	0	warm	6.685819523352656e-64	0	0
66	66	uniform	1	7	0	cold	4.1051259396311303e-69	0	0
66	66	uniform	1	7	0	warm	5.7193006783507e-69	0	0
66	66	uniform	1	15	0	cold	3.648065314228376e-69	0	0
66	66	uniform	1	15	0	warm	3.2673612504728915e-69	0	0
66	66	uniform	1	23	0	cold	1.454084158006446e-65	0	0
66	66	uniform	1	23	0	warm	2.6080898018765296e-65	0	0
66	66	uniform	2	0	0	cold	1.521540750650765e-59	0	0
66	66	uniform	2	0	0	warm	1.521540750650765e-59	0	0
66	66	uniform	2	7	0	cold	1.470882254894079e-59	0	0
66	66	uniform	2	7	0	warm	1.6622515635458534e-60	0	0
66	66	uniform	2	15	0	cold	3.112934481009307e-61	0	0
66	66	uniform	2	15	0	warm	4.9646800726064826e-61	0	0
66	66	uniform	2	23	0	cold	1.2731284779410444e-59	0	0
66	66	uniform	2	23	0	warm	3.0823110518572653e-59	0	0
66	66	uniform	3	0	0	cold	1.1355612161640628e-70	0	0
66	66	uniform	3	0	0	warm	1.1355612161640628e-70	0	0
66	66	uniform	3	7	0	cold	2.0470070631126366e-70	0	0
66	66	uniform	3	7	0	warm	9.520963084244828e-72	0	0
66	66	uniform	3	15	0	cold	1.2798329187979613e-69	0	0
66	66	uniform	3	15	0	warm	5.136796864110182e-70	0	0
66	66	uniform	3	23	0	cold	1.6860367940134884e-68	0	0
66	66	uniform	3	23	0	warm	3.015426876912916e-68	0	0
66	66	uniform	4	0	0	cold	6.175685366309048e-70	0	0
66	66	uniform	4	0	0	warm	6.175685366309048e-70	0	0
66	66	uniform	4	7	0	cold	1.2280326740906894e-71	0	0
66	66	uniform	4	7	0	warm	7.2270879694838515e-71	0	0
66	66	uniform	4	15	0	cold	1.4151573716978188e-68	0	0
66	66	uniform	4	15	0	warm	5.369957491430809e-69	0	0
66	66	uniform	4	23	0	cold	2.8807782557657178e-70	0	0
66	66	uniform	4	23	0	warm	9.225182663993135e-71	0	0
67	67	linear	0	0	0	cold	1.4408299792711354e-56	0	0
67	67	linear	0	0	0	warm	1.4408299792711354e-56	0	0
67	67	linear	0	7	0	cold	1.4940824708533623e-62	0	0
67	67	linear	0	7	0	warm	1.75469760237445e-61	0	0
67	67	linear	0	15	0	cold	1.2925687455781212e-67	0	0
67	67	linear	0	15	0	warm	4.1653878258862605e-67	0	0
67	67	linear	0	23	0	cold	4.2323784425631866e-72	0	0
67	67	linear	0	23	0	warm	5.319084081352491e-72	0	0
67	67	linear	1	0	0	cold	2.004921815433266e-70	0	0
67	67	linear	1	0	0	warm	2.004921815433266e-70	0	0
67	67	linear	1	7	0	cold	3.31919129792815e-69	0	0
67	67	linear	1	7	0	warm	1.4441150153179238e-68	0	0
67	67	linear	1	15	0	cold	2.920194890487518e-69	0	0
67	67	linear	1	15	0	warm	2.800638010804466e-70	0	0
67	67	linear	1	23	0	cold	5.20860799718551e-71	0	0
67	67	linear	1	23	0	warm	4.2911600314847254e-71	0	0
67	67	linear	2	0	0	cold	5.374377444464259e-67	0	0
67	67	linear	2	0	0	warm	5.374377444464259e-67	0	0
67	67	linear	2	7	0	cold	1.5737799608092973e-54	0	0
67	67	linear	2	7	0	warm	5.333986804002596e-62	0	0
67	67	linear	2	15	0	cold	2.281828236414111e-64	0	0
67	67	linear	2	15	0	warm	9.368742547431518e-68	0	0
67	67	linear	2	23	0	cold	1.3489824684909466e-64	0	0
67	67	linear	2	23	0	warm	1.2263476986281332e-64	0	0
67	67	linear	3	0	0	cold	5.750529284803448e-68	0	0
67	67	linear	3	0	0	warm	5.750529284803448e-68	0	0
67	67	linear	3	7	0	cold	1.1105477728419893e-66	0	0
67	67	linear	3	7	0	warm	1.8170555527296535e-66	0	0
67	67	linear	3	15	0	cold	5.696185436757154e-66	0	0
67	67	linear	3	15	0	warm	1.3297329451293817e-66	0	0
67	67	linear	3	23	0	cold	3.4331223024428377e-68	0	0
67	67	linear	3	23	0	warm	1.4363062693893501e-68	0	0
67	67	linear	4	0	0	cold	9.120276205558165e-72	0	0
67	67	linear	4	0	0	warm	9.120276205558165e-72	0	0
67	67	linear	4	7	0	cold	1.3571690921511567e-70	0	0
67	67	linear	4	7	0	warm	2.3071874566569658e-70	0	0
67	67	linear	4	15	0	cold	6.606778199631197e-72	0	0
67	67	linear	4	15	0	warm	1.3213556399262395e-71	0	0
67	67	linear	4	23	0	cold	1.1823517990044243e-70	0	0
67	67	linear	4	23	0	warm	3.2172838068147595e-72	0	0
67	67	uniform	0	0	0	cold	1.4408299792711354e-56	0	0
67	67	uniform	0	0	0	warm	1.4408299792711354e-56	0	0
67	67	uniform	0	7	0	cold	1.4940824708533623e-62	0	0
67	67	uniform	0	7	0	warm	1.75469760237445e-61	0	0
67	67	uniform	0	15	0	cold	1.2925687455781212e-67	0	0
67	67	uniform	0	15	0	warm	4.1653878258862605e-67	0	0
67	67	uniform	0	23	0	cold	4.2323784425631866e-72	0	0
67	67	uniform	0	23	0	warm	5.319084081352491e-72	0	0
67	67	uniform	1	0	0	cold	2.004921815433266e-70	0	0
67	67	uniform	1	0	0	warm	2.004921815433266e-70	0	0
67	67	uniform	1	7	0	cold	3.31919129792815e-69	0	0
67	67	uniform	1	7	0	warm	1.4441150153179238e-68	0	0
67	67	uniform	1	15	0	cold	2.920194890487518e-69	0	0
67	67	uniform	1	15	0	warm	2.800638010804466e-70	0	0
67	67	uniform	1	23	0	cold	5.20860799718551e-71	0	0
67	67	uniform	1	23	0	warm	4.2911600314847254e-71	0	0
67	67	uniform	2	0	0	cold	5.374377444464259e-67	0	0
67	67	uniform	2	0	0	warm	5.374377444464259e-67	0	0
67	67	uniform	2	7	0	cold	1.5737799608092973e-54	0	0
67	67	uniform	2	7	0	warm	5.333986804002596e-62	0	0
67	67	uniform	2	15	0	cold	2.281828236414111e-64	0	0
67	67	uniform	2	15	0	warm	9.368742547431518e-68	0	0
67	67	uniform	2	23	0	cold	1.3489824684909466e-64	0	0
67	67	uniform	2	23	0	warm	1.2263476986281332e-64	0	0
67	67	uniform	3	0	0	cold	5.750529284803448e-68	0	0
67	67	uniform	3	0	0	warm	5.750529284803448e-68	0	0
67	67	uniform	3	7	0	cold	1.1105477728419893e-66	0	0
67	67	uniform	3	7	0	warm	1.8170555527296535e-66	0	0
67	67	uniform	3	15	0	cold	5.696185436757154e-66	0	0
67	67	uniform	3	15	0	warm	1.3297329451293817e-66	0	0
67	67	uniform	3	23	0	cold	3.4331223024428377e-68	0	0
67	67	uniform	3	23	0	warm	1.4363062693893501e-68	0	0
67	67	uniform	4	0	0	cold	9.120276205558165e-72	0	0
67	67	uniform	4	0	0	warm	9.120276205558165e-72	0	0
67	67	uniform	4	7	0	cold	1.3571690921511567e-70	0	0
67	67	uniform	4	7	0	warm	2.3071874566569658e-70	0	0
67	67	uniform	4	15	0	cold	6.606778199631197e-72	0	0
67	67	uniform	4	15	0	warm	1.3213556399262395e-71	0	0
67	67	uniform	4	23	0	cold	1.1823517990044243e-70	0	0
67	67	uniform	4	23	0	warm	3.2172838068147595e-72	0	0
68	68	linear	0	0	0	cold	9.571950281007738e-46	0	0
68	68	linear	0	0	0	warm	9.571950281007738e-46	0	0
68	68	linear	0	7	0	cold	8.61352439326192e-53	0	0
68	68	linear	0	7	0	warm	4.874483300723547e-55	0	0
68	68	linear	0	15	0	cold	3.63510135465306e-54	0	0
68	68	linear	0	15	0	warm	5.724853123707365e-54	0	0
68	68	linear	0	23	0	cold	1.9235418217698525e-55	0	0
68	68	linear	0	23	0	warm	1.0438306206288484e-55	0	0
68	68	linear	1	0	0	cold	2.2586378241189613e-59	0	0
68	68	linear	1	0	0	warm	2.2586378241189613e-59	0	0
68	68	linear	1	7	0	cold	6.411128637208053e-58	0	0
68	68	linear	1	7	0	warm	4.214723455942331e-59	0	0
68	68	linear	1	15	0	cold	5.036528894623656e-58	0	0
68	68	linear	1	15	0	warm	7.116690295880991e-58	0	0
68	68	linear	1	23	0	cold	9.245980269114616e-59	0	0
68	68	linear	1	23	0	warm	1.729118387990266e-58	0	0
68	68	linear	2	0	0	cold	6.349393580441971e-60	0	0
68	68	linear	2	0	0	warm	6.349393580441971e-60	0	0
68	68	linear	2	7	0	cold	3.1029375422279696e-62	0	0
68	68	linear	2	7	0	warm	3.555449267136216e-64	0	0
68	68	linear	2	15	0	cold	3.5941447562592067e-63	0	0
68	68	linear	2	15	0	warm	1.9005853874177736e-68	0	0
68	68	linear	2	23	0	cold	2.9877984307153297e-63	0	0
68	68	linear	2	23	0	warm	4.440087681514799e-66	0	0
68	68	linear	3	0	0	cold	4.517182890415048e-60	0	0
68	68	linear	3	0	0	warm	4.517182890415048e-60	0	0
68	68	linear	3	7	0	cold	1.0836593450323544e-60	0	0
68	68	linear	3	7	0	warm	3.0490557806302757e-60	0	0
68	68	linear	3	15	0	cold	3.812663421070457e-64	0	0
68	68	linear	3	15	0	warm	5.068052596300974e-64	0	0
68	68	linear	3	23	0	cold	9.203074648658962e-64	0	0
68	68	linear	3	23	0	warm	8.60698292576004e-65	0	0
68	68	linear	4	0	0	cold	2.5497382242443586e-62	0	0
68	68	linear	4	0	0	warm	2.5497382242443586e-62	0	0
68	68	linear	4	7	0	cold	2.1324442812204916e-63	0	0
68	68	linear	4	7	0	warm	1.4631976354573352e-63	0	0
68	68	linear	4	15	0	cold	1.0000617156803381e-64	0	0
68	68	linear	4	15	0	warm	6.6670781045355895e-65	0	0
68	68	linear	4	23	0	cold	4.748491921842773e-63	0	0
68	68	linear	4	23	0	warm	1.6051240299186834e-63	0	0
68	68	uniform	0	0	0	cold	9.571950281007738e-46	0	0
68	68	uniform	0	0	0	warm	9.571950281007738e-46	0	0
68	68	uniform	0	7	0	cold	8.61352439326192e-53	0	0
68	68	uniform	0	7	0	warm	4.874483300723547e-55	0	0
68	68	uniform	0	15	0	cold	3.63510135465306e-54	0	0
68	68	uniform	0	15	0	warm	5.724853123707365e-54	0	0
68	68	uniform	0	23	0	cold	1.9235418217698525e-55	0	0
68	68	uniform	0	23	0	warm	1.0438306206288484e-55	0	0
68	68	uniform	1	0	0	cold	2.2586378241189613e-59	0	0
68	68	uniform	1	0	0	warm	2.2586378241189613e-59	0	0
68	68	uniform	1	7	0	cold	6.411128637208053e-58	0	0
68	68	uniform	1	7	0	warm	4.214723455942331e-59	0	0
68	68	uniform	1	15	0	cold	5.036528894623656e-58	0	0
68	68	uniform	1	15	0	warm	7.116690295880991e-58	0	0
68	68	uniform	1	23	0	cold	9.245980269114616e-59	0	0
68	68	uniform	1	23	0	warm	1.729118387990266e-58	0	0
68	68	uniform	2	0	0	cold	6.349393580441971e-60	0	0
68	68	uniform	2	0	0	warm	6.349393580441971e-60	0	0
68	68	uniform	2	7	0	cold	3.1029375422279696e-62	0	0
68	68	uniform	2	7	0	warm	3.555449267136216e-64	0	0
68	68	uniform	2	15	0	cold	3.5941447562592067e-63	0	0
68	68	uniform	2	15	0	warm	1.9005853874177736e-68	0	0
68	68	uniform	2	23	0	cold	2.9877984307153297e-63	0	0
68	68	uniform	2	23	0	warm	4.440087681514799e-66	0	0
68	68	uniform	3	0	0	cold	4.517182890415048e-60	0	0
68	68	uniform	3	0	0	warm	4.517182890415048e-60	0	0
68	68	uniform	3	7	0	cold	1.0836593450323544e-60	0	0
68	68	uniform	3	7	0	warm	3.0490557806302757e-60	0	0
68	68	uniform	3	15	0	cold	3.812663421070457e-64	0	0
68	68	uniform	3	15	0	warm	5.068052596300974e-64	0	0
68	68	uniform	3	23	0	cold	9.203074648658962e-64	0	0
68	68	uniform	3	23	0	warm	8.60698292576004e-65	0	0
68	68	uniform	4	0	0	cold	2.5497382242443586e-62	0	0
68	68	uniform	4	0	0	warm	2.5497382242443586e-62	0	0
68	68	uniform	4	7	0	cold	2.1324442812204916e-63	0	0
68	68	uniform	4	7	0	warm	1.4631976354573352e-63	0	0
68	68	uniform	4	15	0	cold	1.0000617156803381e-64	0	0
68	68	uniform	4	15	0	warm	6.6670781045355895e-65	0	0
68	68	uniform	4	23	0	cold	4.748491921842773e-63	0	0
68	68	uniform	4	23	0	warm	1.6051240299186834e-63	0	0
69	69	linear	0	0	0	cold	1.4786504839341152e-73	0	0
69	69	linear	0	0	0	warm	1.4786504839341152e-73	0	0
69	69	linear	0	7	0	cold	3.781487378430412e-71	0	0
69	69	linear	0	7	0	warm	5.561911153273969e-74	0	0
69	69	linear	0	15	0	cold	6.023437182173994e-73	0	0
69	69	linear	0	15	0	warm	1.9196553253976655e-72	0	0
69	69	linear	0	23	0	cold	8.857033579101401e-73	0	0
69	69	linear	0	23	0	warm	1.845215328979459e-74	0	0
69	69	linear	1	0	0	cold	2.396511803490072e-60	0	0
69	69	linear	1	0	0	warm	2.396511803490072e-60	0	0
69	69	linear	1	7	0	cold	7.481876291734499e-61	0	0
69	69	linear	1	7	0	warm	4.0200624763218597e-60	0	0
69	69	linear	1	15	0	cold	1.0894033491950434e-61	0	0
69	69	linear	1	15	0	warm	9.376768265081025e-61	0	0
69	69	linear	1	23	0	cold	7.989899828772218e-60	0	0
69	69	linear	1	23	0	warm	8.519454749334337e-62	0	0
69	69	linear	2	0	0	cold	2.622941705401104e-61	0	0
69	69	linear	2	0	0	warm	2.622941705401104e-61	0	0
69	69	linear	2	7	0	cold	4.759158558824459e-61	0	0
69	69	linear	2	7	0	warm	1.195265380032564e-62	0	0
69	69	linear	2	15	0	cold	5.556365991551114e-61	0	0
69	69	linear	2	15	0	warm	1.383796610357454e-62	0	0
69	69	linear	2	23	0	cold	1.849054195156102e-61	0	0
69	69	linear	2	23	0	warm	2.365334673698803e-62	0	0
69	69	linear	3	0	0	cold	1.4222445854694907e-58	0	0
69	69	linear	3	0	0	warm	1.4222445854694907e-58	0	0
69	69	linear	3	7	0	cold	4.522055118092382e-61	0	0
69	69	linear	3	7	0	warm	2.9347248456226925e-61	0	0
69	69	linear	3	15	0	cold	3.490046625476052e-62	0	0
69	69	linear	3	15	0	warm	2.858050591528854e-62	0	0
69	69	linear	3	23	0	cold	8.111755848146989e-65	0	0
69	69	linear	3	23	0	warm	1.2453859524459743e-64	0	0
69	69	linear	4	0	0	cold	3.0887357627681525e-66	0	0
69	69	linear	4	0	0	warm	3.0887357627681525e-66	0	0
69	69	linear	4	7	0	cold	1.1903114264536047e-68	0	0
69	69	linear	4	7	0	warm	1.938080927561877e-64	0	0
69	69	linear	4	15	0	cold	1.3371125013878067e-67	0	0
69	69	linear	4	15	0	warm	3.594860267603853e-64	0	0
69	69	linear	4	23	0	cold	5.493634457781135e-68	0	0
69	69	linear	4	23	0	warm	5.2884839611096395e-64	0	0
69	69	uniform	0	0	0	cold	1.4786504839341152e-73	0	0
69	69	uniform	0	0	0	warm	1.4786504839341152e-73	0	0
69	69	uniform	0	7	0	cold	3.781487378430412e-71	0	0
69	69	uniform	0	7	0	warm	5.561911153273969e-74	0	0
69	69	uniform	0	15	0	cold	6.023437182173994e-73	0	0
69	69	uniform	0	15	0	warm	1.9196553253976655e-72	0	0
69	69	uniform	0	23	0	cold	8.857033579101401e-73	0	0
69	69	uniform	0	23	0	warm	1.845215328979459e-74	0	0
69	69	uniform	1	0	0	cold	2.396511803490072e-60	0	0
69	69	uniform	1	0	0	warm	2.396511803490072e-60	0	0
69	69	uniform	1	7	0	cold	7.481876291734499e-61	0	0
69	69	uniform	1	7	0	warm	4.0200624763218597e-60	0	0
69	69	uniform	1	15	0	cold	1.0894033491950434e-61	0	0
69	69	uniform	1	15	0	warm	9.376768265081025e-61	0	0
69	69	uniform	1	23	0	cold	7.989899828772218e-60	0	0
69	69	uniform	1	23	0	warm	8.519454749334337e-62	0	0
69	69	uniform	2	0	0	cold	2.622941705401104e-61	0	0
69	69	uniform	2	0	0	warm	2.622941705401104e-61	0	0
69	69	uniform	2	7	0	cold	4.759158558824459e-61	0	0
69	69	uniform	2	7	0	warm	1.195265380032564e-62	0	0
69	69	uniform	2	15	0	cold	5.556365991551114e-61	0	0
69	69	uniform	2	15	0	warm	1.383796610357454e-62	0	0
69	69	uniform	2	23	0	cold	1.849054195156102e-61	0	0
69	69	uniform	2	23	0	warm	2.365334673698803e-62	0	0
69	69	uniform	3	0	0	cold	1.4222445854694907e-58	0	0
69	69	uniform	3	0	0	warm	1.4222445854694907e-58	0	0
69	69	uniform	3	7	0	cold	4.522055118092382e-61	0	0
69	69	uniform	3	7	0	warm	2.9347248456226925e-61	0	0
69	69	uniform	3	15	0	cold	3.490046625476052e-62	0	0
69	69	uniform	3	15	0	warm	2.858050591528854e-62	0	0
69	69	uniform	3	23	0	cold	8.111755848146989e-65	0	0
69	69	uniform	3	23	0	warm	1.2453859524459743e-64	0	0
69	69	uniform	4	0	0	cold	3.0887357627681525e-66	0	0
69	69	uniform	4	0	0	warm	3.0887357627681525e-66	0	0
69	69	uniform	4	7	0	cold	1.1903114264536047e-68	0	0
69	69	uniform	4	7	0	warm	1.938080927561877e-64	0	0
69	69	uniform	4	15	0	cold	1.3371125013878067e-67	0	0
69	69	uniform	4	15	0	warm	3.594860267603853e-64	0	0
69	69	uniform	4	23	0	cold	5.493634457781135e-68	0	0
69	69	uniform	4	23	0	warm	5.2884839611096395e-64	0	0
70	70	linear	0	0	0	cold	1.3167113878446189e-63	0	0
70	70	linear	0	0	0	warm	1.3167113878446189e-63	0	0
70	70	linear	0	7	0	cold	6.756721219079953e-56	0	0
70	70	linear	0	7	0	warm	1.4754693588485387e-56	0	0
70	70	linear	0	15	0	cold	2.4424470772776938e-57	0	0
70	70	linear	0	15	0	warm	1.9176909184800954e-57	0	0
70	70	linear	0	23	0	cold	2.0576510603289088e-60	0	0
70	70	linear	0	23	0	warm	1.0440604249058049e-61	0	0
70	70	linear	1	0	0	cold	4.3695880407376303e-70	0	0
70	70	linear	1	0	0	warm	4.3695880407376303e-70	0	0
70	70	linear	1	7	0	cold	2.399741271594942e-94	0	0
70	70	linear	1	7	0	warm	7.43606222578262e-77	0	0
70	70	linear	1	15	0	cold	3.0369674216459703e-47	0	0
70	70	linear	1	15	0	warm	1.55092975857538e-43	0	0
70	70	linear	1	23	0	cold	3.712665828861139e-56	0	0
70	70	linear	1	23	0	warm	8.981485619512414e-55	0	0
70	70	linear	2	0	0	cold	3.135939772041258e-44	0	0
70	70	linear	2	0	0	warm	3.135939772041258e-44	0	0
70	70	linear	2	7	0	cold	2.2407828281374187e-58	0	0
70	70	linear	2	7	0	warm	7.403874491864267e-64	0	0
70	70	linear	2	15	0	cold	8.735462084931872e-48	0	0
70	70	linear	2	15	0	warm	3.9455593436062306e-53	0	0
70	70	linear	2	23	0	cold	2.1639893879740806e-67	0	0
70	70	linear	2	23	0	warm	1.0120350770339315e-69	0	0
70	70	linear	3	0	0	cold	1.4550613956623184e-72	0	0
70	70	linear	3	0	0	warm	1.4550613956623184e-72	0	0
70	70	linear	3	7	0	cold	1.3746282137805548e-48	0	0
70	70	linear	3	7	0	warm	5.1298049755012855e-48	0	0
70	70	linear	3	15	0	cold	1.0667798405763176e-47	0	0
70	70	linear	3	15	0	warm	8.447313449136468e-47	0	0
70	70	linear	3	23	0	cold	1.7975571394695682e-50	0	0
70	70	linear	3	23	0	warm	3.5794606608886033e-51	0	0
70	70	linear	4	0	0	cold	3.685209654442047e-50	0	0
70	70	linear	4	0	0	warm	3.685209654442047e-50	0	0
70	70	linear	4	7	0	cold	3.578781155907044e-51	0	0
70	70	linear	4	7	0	warm	5.868992420401494e-53	0	0
70	70	linear	4	15	0	cold	8.664292095799469e-52	0	0
70	70	linear	4	15	0	warm	1.3759508015814384e-51	0	0
70	70	linear	4	23	0	cold	5.3449456875141486e-51	0	0
70	70	linear	4	23	0	warm	9.859879602138306e-52	0	0
70	70	uniform	0	0	0	cold	1.3167113878446189e-63	0	0
70	70	uniform	0	0	0	warm	1.3167113878446189e-63	0	0
70	70	uniform	0	7	0	cold	6.756721219079953e-56	0	0
70	70	uniform	0	7	0	warm	1.4754693588485387e-56	0	0
70	70	uniform	0	15	0	cold	2.4424470772776938e-57	0	0
70	70	uniform	0	15	0	warm	1.9176909184800954e-57	0	0
70	70	uniform	0	23	0	cold	2.0576510603289088e-60	0	0
70	70	uniform	0	23	0	warm	1.0440604249058049e-61	0	0
70	70	uniform	1	0	0	cold	4.3695880407376303e-70	0	0
70	70	uniform	1	0	0	warm	4.3695880407376303e-70	0	0
70	70	uniform	1	7	0	cold	2.399741271594942e-94	0	0
70	70	uniform	1	7	0	warm	7.43606222578262e-77	0	0
70	70	uniform	1	15	0	cold	3.0369674216459703e-47	0	0
70	70	uniform	1	15	0	warm	1.55092975857538e-43	0	0
70	70	uniform	1	23	0	cold	3.712665828861139e-56	0	0
70	70	uniform	1	23	0	warm	8.981485619512414e-55	0	0
70	70	uniform	2	0	0	cold	3.135939772041258e-44	0	0
70	70	uniform	2	0	0	warm	3.135939772041258e-44	0	0
70	70	uniform	2	7	0	cold	2.2407828281374187e-58	0	0
70	70	uniform	2	7	0	warm	7.403874491864267e-64	0	0
70	70	uniform	2	15	0	cold	8.735462084931872e-48	0	0
70	70	uniform	2	15	0	warm	3.9455593436062306e-53	0	0
70	70	uniform	2	23	0	cold	2.1639893879740806e-67	0	0
70	70	uniform	2	23	0	warm	1.0120350770339315e-69	0	0
70	70	uniform	3	0	0	cold	1.4550613956623184e-72	0	0
70	70	uniform	3	0	0	warm	1.4550613956623184e-72	0	0
70	70	uniform	3	7	0	cold	1.3746282137805548e-48	0	0
70	70	uniform	3	7	0	warm	5.1298049755012855e-48	0	0
70	70	uniform	3	15	0	cold	1.0667798405763176e-47	0	0
70	70	uniform	3	15	0	warm	8.447313449136468e-47	0	0
70	70	uniform	3	23	0	cold	1.7975571394695682e-50	0	0
70	70	uniform	3	23	0	warm	3.5794606608886033e-51	0	0
70	70	uniform	4	0	0	cold	3.685209654442047e-50	0	0
70	70	uniform	4	0	0	warm	3.685209654442047e-50	0	0
70	70	uniform	4	7	0	cold	3.578781155907044e-51	0	0
70	70	uniform	4	7	0	warm	5.868992420401494e-53	0	0
70	70	uniform	4	15	0	cold	8.664292095799469e-52	0	0
70	70	uniform	4	15	0	warm	1.3759508015814384e-51	0	0
70	70	uniform	4	23	0	cold	5.3449456875141486e-51	0	0
70	70	uniform	4	23	0	warm	9.859879602138306e-52	0	0
71	71	linear	0	0	0	cold	5.848765702219798e-48	0	0
71	71	linear	0	0	0	warm	5.848765702219798e-48	0	0
71	71	linear	0	7	0	cold	5.719216963930937e-50	0	0
71	71	linear	0	7	0	warm	3.41076886476173e-32	0	0
71	71	linear	0	15	0	cold	8.695191111681961e-38	0	0
71	71	linear	0	15	0	warm	4.7616049034025185e-39	0	0
71	71	linear	0	23	0	cold	6.125700860395972e-39	0	0
71	71	linear	0	23	0	warm	1.093006995759206e-37	0	0
71	71	linear	1	0	0	cold	5.784390446190404e-32	0	0
71	71	linear	1	0	0	warm	5.784390446190404e-32	0	0
71	71	linear	1	7	0	cold	8.531525715943763e-33	0	0
71	71	linear	1	7	0	warm	1.686524888657023e-34	0	0
71	71	linear	1	15	0	cold	5.9163773561109426e-36	0	0
71	71	linear	1	15	0	warm	4.0434836559860444e-35	0	0
71	71	linear	1	23	0	cold	2.508438338477076e-40	0	0
71	71	linear	1	23	0	warm	2.960908348436513e-38	0	0
71	71	linear	2	0	0	cold	2.1525280669496257e-16	0	0
71	71	linear	2	0	0	warm	2.1525280669496257e-16	0	0
71	71	linear	2	7	0	cold	2.8572394765398734e-16	0	0
71	71	linear	2	7	0	warm	4.2005312669251495e-33	0	0
71	71	linear	2	15	0	cold	5.5491642830505704e-37	0	0
71	71	linear	2	15	0	warm	1.926989008026908e-16	0	0
71	71	linear	2	23	0	cold	9.302768911355819e-17	0	0
71	71	linear	2	23	0	warm	9.96725240502409e-17	0	0
71	71	linear	3	0	0	cold	3.742245349264466e-52	0	0
71	71	linear	3	0	0	warm	3.742245349264466e-52	0	0
71	71	linear	3	7	0	cold	1.2773820101579253e-48	0	0
71	71	linear	3	7	0	warm	2.0328211640662602e-53	0	0
71	71	linear	3	15	0	cold	3.873823423994296e-54	0	0
71	71	linear	3	15	0	warm	9.212483200066193e-54	0	0
71	71	linear	3	23	0	cold	5.353777086505516e-54	0	0
71	71	linear	3	23	0	warm	5.780110332750479e-47	0	0
71	71	linear	4	0	0	cold	6.151837135209719e-43	0	0
71	71	linear	4	0	0	warm	6.151837135209719e-43	0	0
71	71	linear	4	7	0	cold	3.3582238679184016e-40	0	0
71	71	linear	4	7	0	warm	7.423348241540455e-40	0	0
71	71	linear	4	15	0	cold	6.379172555001234e-51	0	0
71	71	linear	4	15	0	warm	9.34587201631298e-50	0	0
71	71	linear	4	23	0	cold	2.387595568377449e-46	0	0
71	71	linear	4	23	0	warm	1.9881139414622953e-45	0	0
71	71	uniform	0	0	0	cold	5.848765702219798e-48	0	0
71	71	uniform	0	0	0	warm	5.848765702219798e-48	0	0
71	71	uniform	0	7	0	cold	5.719216963930937e-50	0	0
71	71	uniform	0	7	0	warm	3.41076886476173e-32	0	0
71	71	uniform	0	15	0	cold	8.695191111681961e-38	0	0
71	71	uniform	0	15	0	warm	4.7616049034025185e-39	0	0
71	71	uniform	0	23	0	cold	6.125700860395972e-39	0	0
71	71	uniform	0	23	0	warm	1.093006995759206e-37	0	0
71	71	uniform	1	0	0	cold	5.784390446190404e-32	0	0
71	71	uniform	1	0	0	warm	5.784390446190404e-32	0	0
71	71	uniform	1	7	0	cold	8.531525715943763e-33	0	0
71	71	uniform	1	7	0	warm	1.686524888657023e-34	0	0
71	71	uniform	1	15	0	cold	5.9163773561109426e-36	0	0
71	71	uniform	1	15	0	warm	4.0434836559860444e-35	0	0
71	71	uniform	1	23	0	cold	2.508438338477076e-40	0	0
71	71	uniform	1	23	0	warm	2.960908348436513e-38	0	0
71	71	uniform	2	0	0	cold	2.1525280669496257e-16	0	0
71	71	uniform	2	0	0	warm	2.1525280669496257e-16	0	0
71	71	uniform	2	7	0	cold	2.8572394765398734e-16	0	0
71	71	uniform	2	7	0	warm	4.2005312669251495e-33	0	0
71	71	uniform	2	15	0	cold	5.5491642830505704e-37	0	0
71	71	uniform	2	15	0	warm	1.926989008026908e-16	0	0
71	71	uniform	2	23	0	cold	9.302768911355819e-17	0	0
71	71	uniform	2	23	0	warm	9.96725240502409e-17	0	0
71	71	uniform	3	0	0	cold	3.742245349264466e-52	0	0
71	71	uniform	3	0	0	warm	3.742245349264466e-52	0	0
71	71	uniform	3	7	0	cold	1.2773820101579253e-48	0	0
71	71	uniform	3	7	0	warm	2.0328211640662602e-53	0	0
71	71	uniform	3	15	0	cold	3.873823423994296e-54	0	0
71	71	uniform	3	15	0	warm	9.212483200066193e-54	0	0
71	71	uniform	3	23	0	cold	5.353777086505516e-54	0	0
71	71	uniform	3	23	0	warm	5.780110332750479e-47	0	0
71	71	uniform	4	0	0	cold	6.151837135209719e-43	0	0
71	71	uniform	4	0	0	warm	6.151837135209719e-43	0	0
71	71	uniform	4	7	0	cold	3.3582238679184016e-40	0	0
71	71	uniform	4	7	0	warm	7.423348241540455e-40	0	0
71	71	uniform	4	15	0	cold	6.379172555001234e-51	0	0
71	71	uniform	4	15	0	warm	9.34587201631298e-50	0	0
71	71	uniform	4	23	0	cold	2.387595568377449e-46	0	0
71	71	uniform	4	23	0	warm	1.9881139414622953e-45	0	0
72	72	linear	0	0	0	cold	4.2332557533214357e-47	0	0
72	72	linear	0	0	0	warm	4.2332557533214357e-47	0	0
72	72	linear	0	7	0	cold	3.8340922542389945e-47	0	0
72	72	linear	0	7	0	warm	1.3956969351601517e-48	0	0
72	72	linear	0	15	0	cold	2.2108622162431464e-47	0	0
72	72	linear	0	15	0	warm	9.638967624862355e-47	0	0
72	72	linear	0	23	0	cold	8.446565266939519e-49	0	0
72	72	linear	0	23	0	warm	3.536392408154076e-49	0	0
72	72	linear	1	0	0	cold	6.393439875614963e-51	0	0
72	72	linear	1	0	0	warm	6.393439875614963e-51	0	0
72	72	linear	1	7	0	cold	1.2054120633281642e-54	0	0
72	72	linear	1	7	0	warm	1.0916502360592462e-55	0	0
72	72	linear	1	15	0	cold	1.1453144150145383e-53	0	0
72	72	linear	1	15	0	warm	1.764132561541333e-54	0	0
72	72	linear	1	23	0	cold	7.26206836254442e-51	0	0
72	72	linear	1	23	0	warm	3.493602193460393e-51	0	0
72	72	linear	2	0	0	cold	4.686407037303431e-44	0	0
72	72	linear	2	0	0	warm	4.686407037303431e-44	0	0
72	72	linear	2	7	0	cold	2.7914612190960948e-42	0	0
72	72	linear	2	7	0	warm	2.1307148104620136e-42	0	0
72	72	linear	2	15	0	cold	8.269633655011897e-39	0	0
72	72	linear	2	15	0	warm	1.6350233961490018e-39	0	0
72	72	linear	2	23	0	cold	4.76164964548114e-55	0	0
72	72	linear	2	23	0	warm	5.1060720618826846e-54	0	0
72	72	linear	3	0	0	cold	3.7595314739925854e-55	0	0
72	72	linear	3	0	0	warm	3.7595314739925854e-55	0	0
72	72	linear	3	7	0	cold	3.7183479658765436e-49	0	0
72	72	linear	3	7	0	warm	6.385900241644967e-49	0	0
72	72	linear	3	15	0	cold	1.1768196116663962e-49	0	0
72	72	linear	3	15	0	warm	8.924347842661174e-51	0	0
72	72	linear	3	23	0	cold	4.27829504350835e-48	0	0
72	72	linear	3	23	0	warm	9.282365474521058e-49	0	0
72	72	linear	4	0	0	cold	1.923319690530172e-16	0	0
72	72	linear	4	0	0	warm	1.923319690530172e-16	0	0
72	72	linear	4	7	0	cold	3.7184237859449117e-16	0	0
72	72	linear	4	7	0	warm	8.97592471845052e-17	0	0
72	72	linear	4	15	0	cold	3.7184303174842933e-16	0	0
72	72	linear	4	15	0	warm	2.6926564367989726e-16	0	0
72	72	linear	4	23	0	cold	1.795191194090582e-16	0	0
72	72	linear	4	23	0	warm	2.820883124547163e-16	0	0
72	72	uniform	0	0	0	cold	4.2332557533214357e-47	0	0
72	72	uniform	0	0	0	warm	4.2332557533214357e-47	0	0
72	72	uniform	0	7	0	cold	3.8340922542389945e-47	0	0
72	72	uniform	0	7	0	warm	1.3956969351601517e-48	0	0
72	72	uniform	0	15	0	cold	2.2108622162431464e-47	0	0
72	72	uniform	0	15	0	warm	9.638967624862355e-47	0	0
72	72	uniform	0	23	0	cold	8.446565266939519e-49	0	0
72	72	uniform	0	23	0	warm	3.536392408154076e-49	0	0
72	72	uniform	1	0	0	cold	6.393439875614963e-51	0	0
72	72	uniform	1	0	0	warm	6.393439875614963e-51	0	0
72	72	uniform	1	7	0	cold	1.2054120633281642e-54	0	0
72	72	uniform	1	7	0	warm	1.0916502360592462e-55	0	0
72	72	uniform	1	15	0	cold	1.1453144150145383e-53	0	0
72	72	uniform	1	15	0	warm	1.764132561541333e-54	0	0
72	72	uniform	1	23	0	cold	7.26206836254442e-51	0	0
72	72	uniform	1	23	0	warm	3.493602193460393e-51	0	0
72	72	uniform	2	0	0	cold	4.686407037303431e-44	0	0
72	72	uniform	2	0	0	warm	4.686407037303431e-44	0	0
72	72	uniform	2	7	0	cold	2.7914612190960948e-42	0	0
72	72	uniform	2	7	0	warm	2.1307148104620136e-42	0	0
72	72	uniform	2	15	0	cold	8.269633655011897e-39	0	0
72	72	uniform	2	15	0	warm	1.6350233961490018e-39	0	0
72	72	uniform	2	23	0	cold	4.76164964548114e-55	0	0
72	72	uniform	2	23	0	warm	5.1060720618826846e-54	0	0
72	72	uniform	3	0	0	cold	3.7595314739925854e-55	0	0
72	72	uniform	3	0	0	warm	3.7595314739925854e-55	0	0
72	72	uniform	3	7	0	cold	3.7183479658765436e-49	0	0
72	72	uniform	3	7	0	warm	6.385900241644967e-49	0	0
72	72	uniform	3	15	0	cold	1.1768196116663962e-49	0	0
72	72	uniform	3	15	0	warm	8.924347842661174e-51	0	0
72	72	uniform	3	23	0	cold	4.27829504350835e-48	0	0
72	72	uniform	3	23	0	warm	9.282365474521058e-49	0	0
72	72	uniform	4	0	0	cold	1.923319690530172e-16	0	0
72	72	uniform	4	0	0	warm	1.923319690530172e-16	0	0
72	72	uniform	4	7	0	cold	3.7184237859449117e-16	0	0
72	72	uniform	4	7	0	warm	8.97592471845052e-17	0	0
72	72	uniform	4	15	0	cold	3.7184303174842933e-16	0	0
72	72	uniform	4	15	0	warm	2.6926564367989726e-16	0	0
72	72	uniform	4	23	0	cold	1.795191194090582e-16	0	0
72	72	uniform	4	23	0	warm	2.820883124547163e-16	0	0
73	73	linear	0	0	0	cold	6.351804089093905e-58	0	0
73	73	linear	0	0	0	warm	6.351804089093905e-58	0	0
73	73	linear	0	7	0	cold	5.637980020893632e-60	0	0
73	73	linear	0	7	0	warm	2.893472167680074e-57	0	0
73	73	linear	0	15	0	cold	4.9893288016577866e-52	0	0
73	73	linear	0	15	0	warm	2.860157248119017e-52	0	0
73	73	linear	0	23	0	cold	2.321162541003214e-49	0	0
73	73	linear	0	23	0	warm	8.562363831415549e-52	0	0
73	73	linear	1	0	0	cold	2.2481966212270158e-66	0	0
73	73	linear	1	0	0	warm	2.2481966212270158e-66	0	0
73	73	linear	1	7	0	cold	7.385678794236699e-68	0	0
73	73	linear	1	7	0	warm	9.847571725648931e-68	0	0
73	73	linear	1	15	0	cold	1.6826564841196433e-70	0	0
73	73	linear	1	15	0	warm	1.439172939201577e-70	0	0
73	73	linear	1	23	0	cold	8.012177234014372e-71	0	0
73	73	linear	1	23	0	warm	8.216604816164153e-71	0	0
73	73	linear	2	0	0	cold	8.995808734330891e-68	0	0
73	73	linear	2	0	0	warm	8.995808734330891e-68	0	0
73	73	linear	2	7	0	cold	2.322130304560947e-63	0	0
73	73	linear	2	7	0	warm	1.8798536664971737e-62	0	0
73	73	linear	2	15	0	cold	3.0816598987491182e-58	0	0
73	73	linear	2	15	0	warm	7.264971123152727e-58	0	0
73	73	linear	2	23	0	cold	1.0460100927674604e-40	0	0
73	73	linear	2	23	0	warm	1.2511352849801255e-47	0	0
73	73	linear	3	0	0	cold	3.0989730378663613e-78	0	0
73	73	linear	3	0	0	warm	3.0989730378663613e-78	0	0
73	73	linear	3	7	0	cold	1.081260218827774e-70	0	0
73	73	linear	3	7	0	warm	1.5944000607140802e-100	0	0
73	73	linear	3	15	0	cold	1.0285356771029527e-76	0	0
73	73	linear	3	15	0	warm	2.148278012477057e-77	0	0
73	73	linear	3	23	0	cold	4.323832166294425e-74	0	0
73	73	linear	3	23	0	warm	1.5948864507151115e-74	0	0
73	73	linear	4	0	0	cold	2.2978272646297454e-51	0	0
73	73	linear	4	0	0	warm	2.2978272646297454e-51	0	0
73	73	linear	4	7	0	cold	4.467539109711555e-50	0	0
73	73	linear	4	7	0	warm	1.92195507318337e-49	0	0
73	73	linear	4	15	0	cold	2.3251791286406783e-49	0	0
73	73	linear	4	15	0	warm	4.710124342712712e-50	0	0
73	73	linear	4	23	0	cold	3.3760541058276186e-50	0	0
73	73	linear	4	23	0	warm	6.779624028355914e-50	0	0
73	73	uniform	0	0	0	cold	6.351804089093905e-58	0	0
73	73	uniform	0	0	0	warm	6.351804089093905e-58	0	0
73	73	uniform	0	7	0	cold	5.637980020893632e-60	0	0
73	73	uniform	0	7	0	warm	2.893472167680074e-57	0	0
73	73	uniform	0	15	0	cold	4.9893288016577866e-52	0	0
73	73	uniform	0	15	0	warm	2.860157248119017e-52	0	0
73	73	uniform	0	23	0	cold	2.321162541003214e-49	0	0
73	73	uniform	0	23	0	warm	8.562363831415549e-52	0	0
73	73	uniform	1	0	0	cold	2.2481966212270158e-66	0	0
73	73	uniform	1	0	0	warm	2.2481966212270158e-66	0	0
73	73	uniform	1	7	0	cold	7.385678794236699e-68	0	0
73	73	uniform	1	7	0	warm	9.847571725648931e-68	0	0
73	73	uniform	1	15	0	cold	1.6826564841196433e-70	0	0
73	73	uniform	1	15	0	warm	1.439172939201577e-70	0	0
73	73	uniform	1	23	0	cold	8.012177234014372e-71	0	0
73	73	uniform	1	23	0	warm	8.216604816164153e-71	0	0
73	73	uniform	2	0	0	cold	8.995808734330891e-68	0	0
73	73	uniform	2	0	0	warm	8.995808734330891e-68	0	0
73	73	uniform	2	7	0	cold	2.322130304560947e-63	0	0
73	73	uniform	2	7	0	warm	1.8798536664971737e-62	0	0
73	73	uniform	2	15	0	cold	3.0816598987491182e-58	0	0
73	73	uniform	2	15	0	warm	7.264971123152727e-58	0	0
73	73	uniform	2	23	0	cold	1.0460100927674604e-40	0	0
73	73	uniform	2	23	0	warm	1.2511352849801255e-47	0	0
73	73	uniform	3	0	0	cold	3.0989730378663613e-78	0	0
73	73	uniform	3	0	0	warm	3.0989730378663613e-78	0	0
73	73	uniform	3	7	0	cold	1.081260218827774e-70	0	0
73	73	uniform	3	7	0	warm	1.5944000607140802e-100	0	0
73	73	uniform	3	15	0	cold	1.0285356771029527e-76	0	0
73	73	uniform	3	15	0	warm	2.148278012477057e-77	0	0
73	73	uniform	3	23	0	cold	4.323832166294425e-74	0	0
73	73	uniform	3	23	0	warm	1.5948864507151115e-74	0	0
73	73	uniform	4	0	0	cold	2.2978272646297454e-51	0	0
73	73	uniform	4	0	0	warm	2.2978272646297454e-51	0	0
73	73	uniform	4	7	0	cold	4.467539109711555e-50	0	0
73	73	uniform	4	7	0	warm	1.92195507318337e-49	0	0
73	73	uniform	4	15	0	cold	2.3251791286406783e-49	0	0
73	73	uniform	4	15	0	warm	4.710124342712712e-50	0	0
73	73	uniform	4	23	0	cold	3.3760541058276186e-50	0	0
73	73	uniform	4	23	0	warm	6.779624028355914e-50	0	0
74	74	linear	0	0	0	cold	5.942003827747266e-38	0	0
74	74	linear	0	0	0	warm	5.942003827747266e-38	0	0
74	74	linear	0	7	0	cold	8.405619809351742e-38	0	0
74	74	linear	0	7	0	warm	5.275823726897608e-37	0	0
74	74	linear	0	15	0	cold	1.2255761218806807e-45	0	0
74	74	linear	0	15	0	warm	6.168951921271116e-51	0	0
74	74	linear	0	23	0	cold	5.796200126237541e-42	0	0
74	74	linear	0	23	0	warm	9.957576136426715e-45	0	0
74	74	linear	1	0	0	cold	5.474571596367864e-36	0	0
74	74	linear	1	0	0	warm	5.474571596367864e-36	0	0
74	74	linear	1	7	0	cold	1.320163743800078e-37	0	0
74	74	linear	1	7	0	warm	9.214483593571836e-38	0	0
74	74	linear	1	15	0	cold	8.565521665644323e-42	0	0
74	74	linear	1	15	0	warm	5.162990927243765e-43	0	0
74	74	linear	1	23	0	cold	1.5552966603266314e-49	0	0
74	74	linear	1	23	0	warm	1.3609176620251807e-52	0	0
74	74	linear	2	0	0	cold	3.33690532123231e-51	0	0
74	74	linear	2	0	0	warm	3.33690532123231e-51	0	0
74	74	linear	2	7	0	cold	6.064588033485656e-57	0	0
74	74	linear	2	7	0	warm	1.6515216324211043e-55	0	0
74	74	linear	2	15	0	cold	6.479750317369556e-58	0	0
74	74	linear	2	15	0	warm	1.0195643477349859e-58	0	0
74	74	linear	2	23	0	cold	4.1397194110449784e-57	0	0
74	74	linear	2	23	0	warm	2.3794532968040027e-58	0	0
74	74	linear	3	0	0	cold	2.9711489600356987e-72	0	0
74	74	linear	3	0	0	warm	2.9711489600356987e-72	0	0
74	74	linear	3	7	0	cold	1.5538029230435055e-76	0	0
74	74	linear	3	7	0	warm	1.1090538275118435e-76	0	0
74	74	linear	3	15	0	cold	1.2850450685442378e-75	0	0
74	74	linear	3	15	0	warm	6.028993466697204e-72	0	0
74	74	linear	3	23	0	cold	1.7499846418161641e-71	0	0
74	74	linear	3	23	0	warm	3.0496626289480654e-75	0	0
74	74	linear	4	0	0	cold	1.0164072855044474e-56	0	0
74	74	linear	4	0	0	warm	1.0164072855044474e-56	0	0
74	74	linear	4	7	0	cold	6.932294204326592e-58	0	0
74	74	linear	4	7	0	warm	1.8816688909798894e-59	0	0
74	74	linear	4	15	0	cold	7.335244508632156e-59	0	0
74	74	linear	4	15	0	warm	1.313212250843586e-58	0	0
74	74	linear	4	23	0	cold	9.643351412416492e-58	0	0
74	74	linear	4	23	0	warm	9.17711544727549e-58	0	0
74	74	uniform	0	0	0	cold	5.942003827747266e-38	0	0
74	74	uniform	0	0	0	warm	5.942003827747266e-38	0	0
74	74	uniform	0	7	0	cold	8.405619809351742e-38	0	0
74	74	uniform	0	7	0	warm	5.275823726897608e-37	0	0
74	74	uniform	0	15	0	cold	1.2255761218806807e-45	0	0
74	74	uniform	0	15	0	warm	6.168951921271116e-51	0	0
74	74	uniform	0	23	0	cold	5.796200126237541e-42	0	0
74	74	uniform	0	23	0	warm	9.957576136426715e-45	0	0
74	74	uniform	1	0	0	cold	5.474571596367864e-36	0	0
74	74	uniform	1	0	0	warm	5.474571596367864e-36	0	0
74	74	uniform	1	7	0	cold	1.320163743800078e-37	0	0
74	74	uniform	1	7	0	warm	9.214483593571836e-38	0	0
74	74	uniform	1	15	0	cold	8.565521665644323e-42	0	0
74	74	uniform	1	15	0	warm	5.162990927243765e-43	0	0
74	74	uniform	1	23	0	cold	1.5552966603266314e-49	0	0
74	74	uniform	1	23	0	warm	1.3609176620251807e-52	0	0
74	74	uniform	2	0	0	cold	3.33690532123231e-51	0	0
74	74	uniform	2	0	0	warm	3.33690532123231e-51	0	0
74	74	uniform	2	7	0	cold	6.064588033485656e-57	0	0
74	74	uniform	2	7	0	warm	1.6515216324211043e-55	0	0
74	74	uniform	2	15	0	cold	6.479750317369556e-58	0	0
74	74	uniform	2	15	0	warm	1.0195643477349859e-58	0	0
74	74	uniform	2	23	0	cold	4.1397194110449784e-57	0	0
74	74	uniform	2	23	0	warm	2.3794532968040027e-58	0	0
74	74	uniform	3	0	0	cold	2.9711489600356987e-72	0	0
74	74	uniform	3	0	0	warm	2.9711489600356987e-72	0	0
74	74	uniform	3	7	0	cold	1.5538029230435055e-76	0	0
74	74	uniform	3	7	0	warm	1.1090538275118435e-76	0	0
74	74	uniform	3	15	0	cold	1.2850450685442378e-75	0	0
74	74	uniform	3	15	0	warm	6.028993466697204e-72	0	0
74	74	uniform	3	23	0	cold	1.7499846418161641e-71	0	0
74	74	uniform	3	23	0	warm	3.0496626289480654e-75	0	0
74	74	uniform	4	0	0	cold	1.0164072855044474e-56	0	0
74	74	uniform	4	0	0	warm	1.0164072855044474e-56	0	0
74	74	uniform	4	7	0	cold	6.932294204326592e-58	0	0
74	74	uniform	4	7	0	warm	1.8816688909798894e-59	0	0
74	74	uniform	4	15	0	cold	7.335244508632156e-59	0	0
74	74	uniform	4	15	0	warm	1.313212250843586e-58	0	0
74	74	uniform	4	23	0	cold	9.643351412416492e-58	0	0
74	74	uniform	4	23	0	warm	9.17711544727549e-58	0	0
75	75	linear	0	0	0	cold	2.0990320972000548e-72	0	0
75	75	linear	0	0	0	warm	2.0990320972000548e-72	0	0
75	75	linear	0	7	0	cold	2.0460332737817547e-74	0	0
75	75	linear	0	7	0	warm	1.973003868664114e-76	0	0
75	75	linear	0	15	0	cold	9.678183780488446e-72	0	0
75	75	linear	0	15	0	warm	1.0453403070412455e-72	0	0
75	75	linear	0	23	0	cold	6.356438849032412e-72	0	0
75	75	linear	0	23	0	warm	2.6077697842184254e-72	0	0
75	75	linear	1	0	0	cold	1.1565036448660281e-68	0	0
75	75	linear	1	0	0	warm	1.1565036448660281e-68	0	0
75	75	linear	1	7	0	cold	3.6916039385792906e-68	0	0
75	75	linear	1	7	0	warm	1.7759788460381938e-66	0	0
75	75	linear	1	15	0	cold	7.5649149702725365e-65	0	0
75	75	linear	1	15	0	warm	1.1725618203922432e-63	0	0
75	75	linear	1	23	0	cold	4.9525827325513e-56	0	0
75	75	linear	1	23	0	warm	2.3254915715345053e-56	0	0
75	75	linear	2	0	0	cold	3.835719285507636e-70	0	0
75	75	linear	2	0	0	warm	3.835719285507636e-70	0	0
75	75	linear	2	7	0	cold	4.9622065356097263e-64	0	0
75	75	linear	2	7	0	warm	1.2120332055368582e-66	0	0
75	75	linear	2	15	0	cold	2.225134831292909e-65	0	0
75	75	linear	2	15	0	warm	1.7790033161084206e-68	0	0
75	75	linear	2	23	0	cold	2.264974682368149e-66	0	0
75	75	linear	2	23	0	warm	1.3871721474572199e-69	0	0
75	75	linear	3	0	0	cold	7.766558104962398e-67	0	0
75	75	linear	3	0	0	warm	7.766558104962398e-67	0	0
75	75	linear	3	7	0	cold	1.2110681760711562e-67	0	0
75	75	linear	3	7	0	warm	3.5309254700768676e-69	0	0
75	75	linear	3	15	0	cold	1.6378073424681162e-69	0	0
75	75	linear	3	15	0	warm	1.0331473846745093e-69	0	0
75	75	linear	3	23	0	cold	3.6496190483917234e-70	0	0
75	75	linear	3	23	0	warm	3.935952067687493e-72	0	0
75	75	linear	4	0	0	cold	1.5228259029035743e-58	0	0
75	75	linear	4	0	0	warm	1.5228259029035743e-58	0	0
75	75	linear	4	7	0	cold	3.320735064566211e-58	0	0
75	75	linear	4	7	0	warm	6.176210079417917e-59	0	0
75	75	linear	4	15	0	cold	4.324582421342476e-57	0	0
75	75	linear	4	15	0	warm	7.916446209455536e-62	0	0
75	75	linear	4	23	0	cold	1.514482308750843e-57	0	0
75	75	linear	4	23	0	warm	1.2115858470006743e-57	0	0
75	75	uniform	0	0	0	cold	2.0990320972000548e-72	0	0
75	75	uniform	0	0	0	warm	2.0990320972000548e-72	0	0
75	75	uniform	0	7	0	cold	2.0460332737817547e-74	0	0
75	75	uniform	0	7	0	warm	1.973003868664114e-76	0	0
75	75	uniform	0	15	0	cold	9.678183780488446e-72	0	0
75	75	uniform	0	15	0	warm	1.0453403070412455e-72	0	0
75	75	uniform	0	23	0	cold	6.356438849032412e-72	0	0
75	75	uniform	0	23	0	warm	2.6077697842184254e-72	0	0
75	75	uniform	1	0	0	cold	1.1565036448660281e-68	0	0
75	75	uniform	1	0	0	warm	1.1565036448660281e-68	0	0
75	75	uniform	1	7	0	cold	3.6916039385792906e-68	0	0
75	75	uniform	1	7	0	warm	1.7759788460381938e-66	0	0
75	75	uniform	1	15	0	cold	7.5649149702725365e-65	0	0
75	75	uniform	1	15	0	warm	1.1725618203922432e-63	0	0
75	75	uniform	1	23	0	cold	4.9525827325513e-56	0	0
75	75	uniform	1	23	0	warm	2.3254915715345053e-56	0	0
75	75	uniform	2	0	0	cold	3.835719285507636e-70	0	0
75	75	uniform	2	0	0	warm	3.835719285507636e-70	0	0
75	75	uniform	2	7	0	cold	4.9622065356097263e-64	0	0
75	75	uniform	2	7	0	warm	1.2120332055368582e-66	0	0
75	75	uniform	2	15	0	cold	2.225134831292909e-65	0	0
75	75	uniform	2	15	0	warm	1.7790033161084206e-68	0	0
75	75	uniform	2	23	0	cold	2.264974682368149e-66	0	0
75	75	uniform	2	23	0	warm	1.3871721474572199e-69	0	0
75	75	uniform	3	0	0	cold	7.766558104962398e-67	0	0
75	75	uniform	3	0	0	warm	7.766558104962398e-67	0	0
75	75	uniform	3	7	0	cold	1.2110681760711562e-67	0	0
75	75	uniform	3	7	0	warm	3.5309254700768676e-69	0	0
75	75	uniform	3	15	0	cold	1.6378073424681162e-69	0	0
75	75	uniform	3	15	0	warm	1.0331473846745093e-69	0	0
75	75	uniform	3	23	0	cold	3.6496190483917234e-70	0	0
75	75	uniform	3	23	0	warm	3.935952067687493e-72	0	0
75	75	uniform	4	0	0	cold	1.5228259029035743e-58	0	0
75	75	uniform	4	0	0	warm	1.5228259029035743e-58	0	0
75	75	uniform	4	7	0	cold	3.320735064566211e-58	0	0
75	75	uniform	4	7	0	warm	6.176210079417917e-59	0	0
75	75	uniform	4	15	0	cold	4.324582421342476e-57	0	0
75	75	uniform	4	15	0	warm	7.916446209455536e-62	0	0
75	75	uniform	4	23	0	cold	1.514482308750843e-57	0	0
75	75	uniform	4	23	0	warm	1.2115858470006743e-57	0	0
76	76	linear	0	0	0	cold	8.939405353157454e-43	0	0
76	76	linear	0	0	0	warm	8.939405353157454e-43	0	0
76	76	linear	0	7	0	cold	1.4190791297472118e-56	0	0
76	76	linear	0	7	0	warm	8.33109764713213e-55	0	0
76	76	linear	0	15	0	cold	5.380503729978228e-46	0	0
76	76	linear	0	15	0	warm	1.661395155787124e-48	0	0
76	76	linear	0	23	0	cold	1.3041198082565364e-48	0	0
76	76	linear	0	23	0	warm	2.3484725392215683e-46	0	0
76	76	linear	1	0	0	cold	9.532910248789195e-56	0	0
76	76	linear	1	0	0	warm	9.532910248789195e-56	0	0
76	76	linear	1	7	0	cold	8.898041194502405e-55	0	0
76	76	linear	1	7	0	warm	5.773538179638966e-56	0	0
76	76	linear	1	15	0	cold	1.4392845976574753e-56	0	0
76	76	linear	1	15	0	warm	8.127724786771628e-56	0	0
76	76	linear	1	23	0	cold	1.157992215461589e-58	0	0
76	76	linear	1	23	0	warm	3.376868104746509e-57	0	0
76	76	linear	2	0	0	cold	6.091047047448408e-62	0	0
76	76	linear	2	0	0	warm	6.091047047448408e-62	0	0
76	76	linear	2	7	0	cold	5.6630214645445626e-61	0	0
76	76	linear	2	7	0	warm	2.608422007911435e-60	0	0
76	76	linear	2	15	0	cold	3.937742911314185e-61	0	0
76	76	linear	2	15	0	warm	2.1877134811080657e-60	0	0
76	76	linear	2	23	0	cold	1.6001781904035553e-60	0	0
76	76	linear	2	23	0	warm	6.358987987326536e-63	0	0
76	76	linear	3	0	0	cold	3.214096894671935e-45	0	0
76	76	linear	3	0	0	warm	3.214096894671935e-45	0	0
76	76	linear	3	7	0	cold	1.8391759331787382e-49	0	0
76	76	linear	3	7	0	warm	2.234021512428147e-48	0	0
76	76	linear	3	15	0	cold	2.5030278244050066e-50	0	0
76	76	linear	3	15	0	warm	2.9332357317246168e-53	0	0
76	76	linear	3	23	0	cold	8.862416144891542e-52	0	0
76	76	linear	3	23	0	warm	9.062265503020784e-53	0	0
76	76	linear	4	0	0	cold	1.2492080364466907e-52	0	0
76	76	linear	4	0	0	warm	1.2492080364466907e-52	0	0
76	76	linear	4	7	0	cold	1.5944829327498908e-52	0	0
76	76	linear	4	7	0	warm	7.162183959810621e-53	0	0
76	76	linear	4	15	0	cold	5.6756330073414156e-52	0	0
76	76	linear	4	15	0	warm	3.115653417741296e-50	0	0
76	76	linear	4	23	0	cold	9.747974542169494e-49	0	0
76	76	linear	4	23	0	warm	4.4972250648536564e-48	0	0
76	76	uniform	0	0	0	cold	8.939405353157454e-43	0	0
76	76	uniform	0	0	0	warm	8.939405353157454e-43	0	0
76	76	uniform	0	7	0	cold	1.4190791297472118e-56	0	0
76	76	uniform	0	7	0	warm	8.33109764713213e-55	0	0
76	76	uniform	0	15	0	cold	5.380503729978228e-46	0	0
76	76	uniform	0	15	0	warm	1.661395155787124e-48	0	0
76	76	uniform	0	23	0	cold	1.3041198082565364e-48	0	0
76	76	uniform	0	23	0	warm	2.3484725392215683e-46	0	0
76	76	uniform	1	0	0	cold	9.532910248789195e-56	0	0
76	76	uniform	1	0	0	warm	9.532910248789195e-56	0	0
76	76	uniform	1	7	0	cold	8.898041194502405e-55	0	0
76	76	uniform	1	7	0	warm	5.773538179638966e-56	0	0
76	76	uniform	1	15	0	cold	1.4392845976574753e-56	0	0
76	76	uniform	1	15	0	warm	8.127724786771628e-56	0	0
76	76	uniform	1	23	0	cold	1.157992215461589e-58	0	0
76	76	uniform	1	23	0	warm	3.376868104746509e-57	0	0
76	76	uniform	2	0	0	cold	6.091047047448408e-62	0	0
76	76	uniform	2	0	0	warm	6.091047047448408e-62	0	0
76	76	uniform	2	7	0	cold	5.6630214645445626e-61	0	0
76	76	uniform	2	7	0	warm	2.608422007911435e-60	0	0
76	76	uniform	2	15	0	cold	3.937742911314185e-61	0	0
76	76	uniform	2	15	0	warm	2.1877134811080657e-60	0	0
76	76	uniform	2	23	0	cold	1.6001781904035553e-60	0	0
76	76	uniform	2	23	0	warm	6.358987987326536e-63	0	0
76	76	uniform	3	0	0	cold	3.214096894671935e-45	0	0
76	76	uniform	3	0	0	warm	3.214096894671935e-45	0	0
76	76	uniform	3	7	0	cold	1.8391759331787382e-49	0	0
76	76	uniform	3	7	0	warm	2.234021512428147e-48	0	0
76	76	uniform	3	15	0	cold	2.5030278244050066e-50	0	0
76	76	uniform	3	15	0	warm	2.9332357317246168e-53	0	0
76	76	uniform	3	23	0	cold	8.862416144891542e-52	0	0
76	76	uniform	3	23	0	warm	9.062265503020784e-53	0	0
76	76	uniform	4	0	0	cold	1.2492080364466907e-52	0	0
76	76	uniform	4	0	0	warm	1.2492080364466907e-52	0	0
76	76	uniform	4	7	0	cold	1.5944829327498908e-52	0	0
76	76	uniform	4	7	0	warm	7.162183959810621e-53	0	0
76	76	uniform	4	15	0	cold	5.6756330073414156e-52	0	0
76	76	uniform	4	15	0	warm	3.115653417741296e-50	0	0
76	76	uniform	4	23	0	cold	9.747974542169494e-49	0	0
76	76	uniform	4	23	0	warm	4.4972250648536564e-48	0	0
77	77	linear	0	0	0	cold	4.879835968538342e-42	0	0
77	77	linear	0	0	0	warm	4.879835968538342e-42	0	0
77	77	linear	0	7	0	cold	8.157175266119039e-47	0	0
77	77	linear	0	7	0	warm	1.1535013571160444e-43	0	0
77	77	linear	0	15	0	cold	5.381891011412543e-47	0	0
77	77	linear	0	15	0	warm	5.397367869855385e-47	0	0
77	77	linear	0	23	0	cold	4.190712883967123e-43	0	0
77	77	linear	0	23	0	warm	1.450219895195913e-45	0	0
77	77	linear	1	0	0	cold	1.3231902873287345e-57	0	0
77	77	linear	1	0	0	warm	1.3231902873287345e-57	0	0
77	77	linear	1	7	0	cold	1.7045798307966685e-54	0	0
77	77	linear	1	7	0	warm	4.0034426643241935e-54	0	0
77	77	linear	1	15	0	cold	6.437923867747706e-55	0	0
77	77	linear	1	15	0	warm	3.958377828206459e-55	0	0
77	77	linear	1	23	0	cold	7.112869387301066e-57	0	0
77	77	linear	1	23	0	warm	7.600263528075294e-58	0	0
77	77	linear	2	0	0	cold	1.0191074294957932e-57	0	0
77	77	linear	2	0	0	warm	1.0191074294957932e-57	0	0
77	77	linear	2	7	0	cold	1.4351512274114208e-59	0	0
77	77	linear	2	7	0	warm	2.77158893489083e-60	0	0
77	77	linear	2	15	0	cold	4.691216318143262e-62	0	0
77	77	linear	2	15	0	warm	8.634360897437208e-60	0	0
77	77	linear	2	23	0	cold	4.338848819921697e-56	0	0
77	77	linear	2	23	0	warm	5.854193363625262e-60	0	0
77	77	linear	3	0	0	cold	9.297068296862756e-51	0	0
77	77	linear	3	0	0	warm	9.297068296862756e-51	0	0
77	77	linear	3	7	0	cold	4.747646113712017e-50	0	0
77	77	linear	3	7	0	warm	1.124417533349171e-50	0	0
77	77	linear	3	15	0	cold	2.3336160612053502e-51	0	0
77	77	linear	3	15	0	warm	3.6882271985584574e-53	0	0
77	77	linear	3	23	0	cold	1.7265995560334526e-51	0	0
77	77	linear	3	23	0	warm	6.5333840544847734e-52	0	0
77	77	linear	4	0	0	cold	3.423856233482858e-72	0	0
77	77	linear	4	0	0	warm	3.423856233482858e-72	0	0
77	77	linear	4	7	0	cold	2.6621445756593137e-76	0	0
77	77	linear	4	7	0	warm	1.5116510380597202e-74	0	0
77	77	linear	4	15	0	cold	1.2074623917251919e-71	0	0
77	77	linear	4	15	0	warm	1.5718305691960127e-73	0	0
77	77	linear	4	23	0	cold	2.348344140909968e-45	0	0
77	77	linear	4	23	0	warm	1.0748897034468851e-73	0	0
77	77	uniform	0	0	0	cold	4.879835968538342e-42	0	0
77	77	uniform	0	0	0	warm	4.879835968538342e-42	0	0
77	77	uniform	0	7	0	cold	8.157175266119039e-47	0	0
77	77	uniform	0	7	0	warm	1.1535013571160444e-43	0	0
77	77	uniform	0	15	0	cold	5.381891011412543e-47	0	0
77	77	uniform	0	15	0	warm	5.397367869855385e-47	0	0
77	77	uniform	0	23	0	cold	4.190712883967123e-43	0	0
77	77	uniform	0	23	0	warm	1.450219895195913e-45	0	0
77	77	uniform	1	0	0	cold	1.3231902873287345e-57	0	0
77	77	uniform	1	0	0	warm	1.3231902873287345e-57	0	0
77	77	uniform	1	7	0	cold	1.7045798307966685e-54	0	0
77	77	uniform	1	7	0	warm	4.0034426643241935e-54	0	0
77	77	uniform	1	15	0	cold	6.437923867747706e-55	0	0
77	77	uniform	1	15	0	warm	3.958377828206459e-55	0	0
77	77	uniform	1	23	0	cold	7.112869387301066e-57	0	0
77	77	uniform	1	23	0	warm	7.600263528075294e-58	0	0
77	77	uniform	2	0	0	cold	1.0191074294957932e-57	0	0
77	77	uniform	2	0	0	warm	1.0191074294957932e-57	0	0
77	77	uniform	2	7	0	cold	1.4351512274114208e-59	0	0
77	77	uniform	2	7	0	warm	2.77158893489083e-60	0	0
77	77	uniform	2	15	0	cold	4.691216318143262e-62	0	0
77	77	uniform	2	15	0	warm	8.634360897437208e-60	0	0
77	77	uniform	2	23	0	cold	4.338848819921697e-56	0	0
77	77	uniform	2	23	0	warm	5.854193363625262e-60	0	0
77	77	uniform	3	0	0	cold	9.297068296862756e-51	0	0
77	77	uniform	3	0	0	warm	9.297068296862756e-51	0	0
77	77	uniform	3	7	0	cold	4.747646113712017e-50	0	0
77	77	uniform	3	7	0	warm	1.124417533349171e-50	0	0
77	77	uniform	3	15	0	cold	2.3336160612053502e-51	0	0
77	77	uniform	3	15	0	warm	3.6882271985584574e-53	0	0
77	77	uniform	3	23	0	cold	1.7265995560334526e-51	0	0
77	77	uniform	3	23	0	warm	6.5333840544847734e-52	0	0
77	77	uniform	4	0	0	cold	3.423856233482858e-72	0	0
77	77	uniform	4	0	0	warm	3.423856233482858e-72	0	0
77	77	uniform	4	7	0	cold	2.6621445756593137e-76	0	0
77	77	uniform	4	7	0	warm	1.5116510380597202e-74	0	0
77	77	uniform	4	15	0	cold	1.2074623917251919e-71	0	0
77	77	uniform	4	15	0	warm	1.5718305691960127e-73	0	0
77	77	uniform	4	23	0	cold	2.348344140909968e-45	0	0
77	77	uniform	4	23	0	warm	1.0748897034468851e-73	0	0
78	78	linear	0	0	0	cold	3.5267094302611182e-40	0	0
78	78	linear	0	0	0	warm	3.5267094302611182e-40	0	0
78	78	linear	0	7	0	cold	7.442101697883704e-41	0	0
78	78	linear	0	7	0	warm	6.285065946160134e-41	0	0
78	78	linear	0	15	0	cold	3.5862013943966293e-41	0	0
78	78	linear	0	15	0	warm	1.2476763648585246e-41	0	0
78	78	linear	0	23	0	cold	9.238801619476096e-43	0	0
78	78	linear	0	23	0	warm	1.9318953143509013e-43	0	0
78	78	linear	1	0	0	cold	5.535116610670236e-60	0	0
78	78	linear	1	0	0	warm	5.535116610670236e-60	0	0
78	78	linear	1	7	0	cold	3.1357022108480496e-61	0	0
78	78	linear	1	7	0	warm	5.079395641793497e-66	0	0
78	78	linear	1	15	0	cold	2.5919239258247517e-58	0	0
78	78	linear	1	15	0	warm	2.2530358271211707e-62	0	0
78	78	linear	1	23	0	cold	5.262410394451513e-63	0	0
78	78	linear	1	23	0	warm	1.1394578979172028e-61	0	0
78	78	linear	2	0	0	cold	1.176428874987672e-53	0	0
78	78	linear	2	0	0	warm	1.176428874987672e-53	0	0
78	78	linear	2	7	0	cold	2.3338421312265663e-53	0	0
78	78	linear	2	7	0	warm	2.5280873769311375e-53	0	0
78	78	linear	2	15	0	cold	1.6727691921519896e-52	0	0
78	78	linear	2	15	0	warm	2.7890931316874645e-53	0	0
78	78	linear	2	23	0	cold	3.053589011701612e-53	0	0
78	78	linear	2	23	0	warm	2.739995249966248e-53	0	0
78	78	linear	3	0	0	cold	7.384086724556405e-47	0	0
78	78	linear	3	0	0	warm	7.384086724556405e-47	0	0
78	78	linear	3	7	0	cold	1.1475672594123683e-44	0	0
78	78	linear	3	7	0	warm	2.2366750309393537e-44	0	0
78	78	linear	3	15	0	cold	4.607971247368878e-44	0	0
78	78	linear	3	15	0	warm	5.389690677073449e-44	0	0
78	78	linear	3	23	0	cold	2.199069954148121e-46	0	0
78	78	linear	3	23	0	warm	1.1499583230377717e-46	0	0
78	78	linear	4	0	0	cold	1.0435914931332556e-55	0	0
78	78	linear	4	0	0	warm	1.0435914931332556e-55	0	0
78	78	linear	4	7	0	cold	4.228735857629331e-56	0	0
78	78	linear	4	7	0	warm	5.03904064928639e-58	0	0
78	78	linear	4	15	0	cold	1.9263160669181924e-56	0	0
78	78	linear	4	15	0	warm	2.900672261871108e-56	0	0
78	78	linear	4	23	0	cold	2.1349249575537577e-56	0	0
78	78	linear	4	23	0	warm	9.769155086767074e-58	0	0
78	78	uniform	0	0	0	cold	3.5267094302611182e-40	0	0
78	78	uniform	0	0	0	warm	3.5267094302611182e-40	0	0
78	78	uniform	0	7	0	cold	7.442101697883704e-41	0	0
78	78	uniform	0	7	0	warm	6.285065946160134e-41	0	0
78	78	uniform	0	15	0	cold	3.5862013943966293e-41	0	0
78	78	uniform	0	15	0	warm	1.2476763648585246e-41	0	0
78	78	uniform	0	23	0	cold	9.238801619476096e-43	0	0
78	78	uniform	0	23	0	warm	1.9318953143509013e-43	0	0
78	78	uniform	1	0	0	cold	5.535116610670236e-60	0	0
78	78	uniform	1	0	0	warm	5.535116610670236e-60	0	0
78	78	uniform	1	7	0	cold	3.1357022108480496e-61	0	0
78	78	uniform	1	7	0	warm	5.079395641793497e-66	0	0
78	78	uniform	1	15	0	cold	2.5919239258247517e-58	0	0
78	78	uniform	1	15	0	warm	2.2530358271211707e-62	0	0
78	78	uniform	1	23	0	cold	5.262410394451513e-63	0	0
78	78	uniform	1	23	0	warm	1.1394578979172028e-61	0	0
78	78	uniform	2	0	0	cold	1.176428874987672e-53	0	0
78	78	uniform	2	0	0	warm	1.176428874987672e-53	0	0
78	78	uniform	2	7	0	cold	2.3338421312265663e-53	0	0
78	78	uniform	2	7	0	warm	2.5280873769311375e-53	0	0
78	78	uniform	2	15	0	cold	1.6727691921519896e-52	0	0
78	78	uniform	2	15	0	warm	2.7890931316874645e-53	0	0
78	78	uniform	2	23	0	cold	3.053589011701612e-53	0	0
78	78	uniform	2	23	0	warm	2.739995249966248e-53	0	0
78	78	uniform	3	0	0	cold	7.384086724556405e-47	0	0
78	78	uniform	3	0	0	warm	7.384086724556405e-47	0	0
78	78	uniform	3	7	0	cold	1.1475672594123683e-44	0	0
78	78	uniform	3	7	0	warm	2.2366750309393537e-44	0	0
78	78	uniform	3	15	0	cold	4.607971247368878e-44	0	0
78	78	uniform	3	15	0	warm	5.389690677073449e-44	0	0
78	78	uniform	3	23	0	cold	2.199069954148121e-46	0	0
78	78	uniform	3	23	0	warm	1.1499583230377717e-46	0	0
78	78	uniform	4	0	0	cold	1.0435914931332556e-55	0	0
78	78	uniform	4	0	0	warm	1.0435914931332556e-55	0	0
78	78	uniform	4	7	0	cold	4.228735857629331e-56	0	0
78	78	uniform	4	7	0	warm	5.03904064928639e-58	0	0
78	78	uniform	4	15	0	cold	1.9263160669181924e-56	0	0
78	78	uniform	4	15	0	warm	2.900672261871108e-56	0	0
78	78	uniform	4	23	0	cold	2.1349249575537577e-56	0	0
78	78	uniform	4	23	0	warm	9.769155086767074e-58	0	0
79	79	linear	0	0	0	cold	9.111607350870555e-83	0	0
79	79	linear	0	0	0	warm	9.111607350870555e-83	0	0
79	79	linear	0	7	0	cold	2.4882558438880105e-59	0	0
79	79	linear	0	7	0	warm	1.6502422177081107e-59	0	0
79	79	linear	0	15	0	cold	1.0319067469504304e-60	0	0
79	79	linear	0	15	0	warm	4.127626987801722e-59	0	0
79	79	linear	0	23	0	cold	2.147416034945054e-58	0	0
79	79	linear	0	23	0	warm	8.25929244209636e-59	0	0
79	79	linear	1	0	0	cold	1.127022323124444e-58	0	0
79	79	linear	1	0	0	warm	1.127022323124444e-58	0	0
79	79	linear	1	7	0	cold	5.19556211346166e-60	0	0
79	79	linear	1	7	0	warm	1.3916684232486591e-61	0	0
79	79	linear	1	15	0	cold	2.7505132699226922e-59	0	0
79	79	linear	1	15	0	warm	4.355753700257645e-63	0	0
79	79	linear	1	23	0	cold	9.602816132693248e-62	0	0
79	79	linear	1	23	0	warm	3.841126453077299e-61	0	0
79	79	linear	2	0	0	cold	2.5325694585141704e-64	0	0
79	79	linear	2	0	0	warm	2.5325694585141704e-64	0	0
79	79	linear	2	7	0	cold	1.943290463748541e-61	0	0
79	79	linear	2	7	0	warm	1.3420295534769302e-63	0	0
79	79	linear	2	15	0	cold	4.3092113650700215e-63	0	0
79	79	linear	2	15	0	warm	2.534830214747072e-64	0	0
79	79	linear	2	23	0	cold	2.0288270757010414e-63	0	0
79	79	linear	2	23	0	warm	5.0720676892526036e-64	0	0
79	79	linear	3	0	0	cold	1.4945755099024173e-44	0	0
79	79	linear	3	0	0	warm	1.4945755099024173e-44	0	0
79	79	linear	3	7	0	cold	9.341938838670085e-50	0	0
79	79	linear	3	7	0	warm	1.9406275485781554e-47	0	0
79	79	linear	3	15	0	cold	1.6012896553673029e-49	0	0
79	79	linear	3	15	0	warm	5.647803642371757e-50	0	0
79	79	linear	3	23	0	cold	2.455479770470077e-51	0	0
79	79	linear	3	23	0	warm	1.3224472005662744e-51	0	0
79	79	linear	4	0	0	cold	9.06474470606415e-57	0	0
79	79	linear	4	0	0	warm	9.06474470606415e-57	0	0
79	79	linear	4	7	0	cold	1.4272059956051288e-57	0	0
79	79	linear	4	7	0	warm	1.6550938523744518e-58	0	0
79	79	linear	4	15	0	cold	2.5445151331904657e-57	0	0
79	79	linear	4	15	0	warm	8.260650768554285e-58	0	0
79	79	linear	4	23	0	cold	1.0511460837189782e-57	0	0
79	79	linear	4	23	0	warm	5.319196414053771e-59	0	0
79	79	uniform	0	0	0	cold	9.111607350870555e-83	0	0
79	79	uniform	0	0	0	warm	9.111607350870555e-83	0	0
79	79	uniform	0	7	0	cold	2.4882558438880105e-59	0	0
79	79	uniform	0	7	0	warm	1.6502422177081107e-59	0	0
79	79	uniform	0	15	0	cold	1.0319067469504304e-60	0	0
79	79	uniform	0	15	0	warm	4.127626987801722e-59	0	0
79	79	uniform	0	23	0	cold	2.147416034945054e-58	0	0
79	79	uniform	0	23	0	warm	8.25929244209636e-59	0	0
79	79	uniform	1	0	0	cold	1.127022323124444e-58	0	0
79	79	uniform	1	0	0	warm	1.127022323124444e-58	0	0
79	79	uniform	1	7	0	cold	5.19556211346166e-60	0	0
79	79	uniform	1	7	0	warm	1.3916684232486591e-61	0	0
79	79	uniform	1	15	0	cold	2.7505132699226922e-59	0	0
79	79	uniform	1	15	0	warm	4.355753700257645e-63	0	0
79	79	uniform	1	23	0	cold	9.602816132693248e-62	0	0
79	79	uniform	1	23	0	warm	3.841126453077299e-61	0	0
79	79	uniform	2	0	0	cold	2.5325694585141704e-64	0	0
79	79	uniform	2	0	0	warm	2.5325694585141704e-64	0	0
79	79	uniform	2	7	0	cold	1.943290463748541e-61	0	0
79	79	uniform	2	7	0	warm	1.3420295534769302e-63	0	0
79	79	uniform	2	15	0	cold	4.3092113650700215e-63	0	0
79	79	uniform	2	15	0	warm	2.534830214747072e-64	0	0
79	79	uniform	2	23	0	cold	2.0288270757010414e-63	0	0
79	79	uniform	2	23	0	warm	5.0720676892526036e-64	0	0
79	79	uniform	3	0	0	cold	1.4945755099024173e-44	0	0
79	79	uniform	3	0	0	warm	1.4945755099024173e-44	0	0
79	79	uniform	3	7	0	cold	9.341938838670085e-50	0	0
79	79	uniform	3	7	0	warm	1.9406275485781554e-47	0	0
79	79	uniform	3	15	0	cold	1.6012896553673029e-49	0	0
79	79	uniform	3	15	0	warm	5.647803642371757e-50	0	0
79	79	uniform	3	23	0	cold	2.455479770470077e-51	0	0
79	79	uniform	3	23	0	warm	1.3224472005662744e-51	0	0
79	79	uniform	4	0	0	cold	9.06474470606415e-57	0	0
79	79	uniform	4	0	0	warm	9.06474470606415e-57	0	0
79	79	uniform	4	7	0	cold	1.4272059956051288e-57	0	0
79	79	uniform	4	7	0	warm	1.6550938523744518e-58	0	0
79	79	uniform	4	15	0	cold	2.5445151331904657e-57	0	0
79	79	uniform	4	15	0	warm	8.260650768554285e-58	0	0
79	79	uniform	4	23	0	cold	1.0511460837189782e-57	0	0
79	79	uniform	4	23	0	warm	5.319196414053771e-59	0	0
80	80	linear	0	0	0	cold	2.425659734163398e-72	0	0
80	80	linear	0	0	0	warm	2.425659734163398e-72	0	0
80	80	linear	0	7	0	cold	4.426856378507437e-66	0	0
80	80	linear	0	7	0	warm	6.984522091712874e-67	0	0
80	80	linear	0	15	0	cold	5.700746443100255e-50	0	0
80	80	linear	0	15	0	warm	2.875216135631149e-72	0	0
80	80	linear	0	23	0	cold	1.4562614690593262e-72	0	0
80	80	linear	0	23	0	warm	4.1052396545788127e-51	0	0
80	80	linear	1	0	0	cold	2.223261868790763e-54	0	0
80	80	linear	1	0	0	warm	2.223261868790763e-54	0	0
80	80	linear	1	7	0	cold	6.050064697886763e-54	0	0
80	80	linear	1	7	0	warm	8.377492790664722e-54	0	0
80	80	linear	1	15	0	cold	7.081219553352876e-54	0	0
80	80	linear	1	15	0	warm	3.2841762408892573e-53	0	0
80	80	linear	1	23	0	cold	1.5890097284186353e-53	0	0
80	80	linear	1	23	0	warm	2.63653977684751e-55	0	0
80	80	linear	2	0	0	cold	1.5329101578064082e-46	0	0
80	80	linear	2	0	0	warm	1.5329101578064082e-46	0	0
80	80	linear	2	7	0	cold	1.738429913614762e-45	0	0
80	80	linear	2	7	0	warm	1.2450123958189535e-46	0	0
80	80	linear	2	15	0	cold	9.573269740238425e-45	0	0
80	80	linear	2	15	0	warm	7.722631117389561e-50	0	0
80	80	linear	2	23	0	cold	1.208837469499794e-47	0	0
80	80	linear	2	23	0	warm	2.7437286507530718e-52	0	0
80	80	linear	3	0	0	cold	1.3382734302251132e-46	0	0
80	80	linear	3	0	0	warm	1.3382734302251132e-46	0	0
80	80	linear	3	7	0	cold	4.400217719093502e-47	0	0
80	80	linear	3	7	0	warm	1.59541181932577e-76	0	0
80	80	linear	3	15	0	cold	1.4175342639562537e-72	0	0
80	80	linear	3	15	0	warm	3.685158390588613e-73	0	0
80	80	linear	3	23	0	cold	1.0065824721789831e-74	0	0
80	80	linear	3	23	0	warm	2.6690111040832424e-47	0	0
80	80	linear	4	0	0	cold	7.596869134649805e-58	0	0
80	80	linear	4	0	0	warm	7.596869134649805e-58	0	0
80	80	linear	4	7	0	cold	1.1382491618240327e-58	0	0
80	80	linear	4	7	0	warm	5.408862799877378e-59	0	0
80	80	linear	4	15	0	cold	1.647558849018039e-58	0	0
80	80	linear	4	15	0	warm	2.229569095327129e-60	0	0
80	80	linear	4	23	0	cold	7.341957599593179e-58	0	0
80	80	linear	4	23	0	warm	1.5884267041419582e-59	0	0
80	80	uniform	0	0	0	cold	2.425659734163398e-72	0	0
80	80	uniform	0	0	0	warm	2.425659734163398e-72	0	0
80	80	uniform	0	7	0	cold	4.426856378507437e-66	0	0
80	80	uniform	0	7	0	warm	6.984522091712874e-67	0	0
80	80	uniform	0	15	0	cold	5.700746443100255e-50	0	0
80	80	uniform	0	15	0	warm	2.875216135631149e-72	0	0
80	80	uniform	0	23	0	cold	1.4562614690593262e-72	0	0
80	80	uniform	0	23	0	warm	4.1052396545788127e-51	0	0
80	80	uniform	1	0	0	cold	2.223261868790763e-54	0	0
80	80	uniform	1	0	0	warm	2.223261868790763e-54	0	0
80	80	uniform	1	7	0	cold	6.050064697886763e-54	0	0
80	80	uniform	1	7	0	warm	8.377492790664722e-54	0	0
80	80	uniform	1	15	0	cold	7.081219553352876e-54	0	0
80	80	uniform	1	15	0	warm	3.2841762408892573e-53	0	0
80	80	uniform	1	23	0	cold	1.5890097284186353e-53	0	0
80	80	uniform	1	23	0	warm	2.63653977684751e-55	0	0
80	80	uniform	2	0	0	cold	1.5329101578064082e-46	0	0
80	80	uniform	2	0	0	warm	1.5329101578064082e-46	0	0
80	80	uniform	2	7	0	cold	1.738429913614762e-45	0	0
80	80	uniform	2	7	0	warm	1.2450123958189535e-46	0	0
80	80	uniform	2	15	0	cold	9.573269740238425e-45	0	0
80	80	uniform	2	15	0	warm	7.722631117389561e-50	0	0
80	80	uniform	2	23	0	cold	1.208837469499794e-47	0	0
80	80	uniform	2	23	0	warm	2.7437286507530718e-52	0	0
80	80	uniform	3	0	0	cold	1.3382734302251132e-46	0	0
80	80	uniform	3	0	0	warm	1.3382734302251132e-46	0	0
80	80	uniform	3	7	0	cold	4.400217719093502e-47	0	0
80	80	uniform	3	7	0	warm	1.59541181932577e-76	0	0
80	80	uniform	3	15	0	cold	1.4175342639562537e-72	0	0
80	80	uniform	3	15	0	warm	3.685158390588613e-73	0	0
80	80	uniform	3	23	0	cold	1.0065824721789831e-74	0	0
80	80	uniform	3	23	0	warm	2.6690111040832424e-47	0	0
80	80	uniform	4	0	0	cold	7.596869134649805e-58	0	0
80	80	uniform	4	0	0	warm	7.596869134649805e-58	0	0
80	80	uniform	4	7	0	cold	1.1382491618240327e-58	0	0
80	80	uniform	4	7	0	warm	5.408862799877378e-59	0	0
80	80	uniform	4	15	0	cold	1.647558849018039e-58	0	0
80	80	uniform	4	15	0	warm	2.229569095327129e-60	0	0
80	80	uniform	4	23	0	cold	7.341957599593179e-58	0	0
80	80	uniform	4	23	0	warm	1.5884267041419582e-59	0	0
81	81	linear	0	0	0	cold	2.3079611126281636e-67	0	0
81	81	linear	0	0	0	warm	2.3079611126281636e-67	0	0
81	81	linear	0	7	0	cold	5.410046567890965e-69	0	0
81	81	linear	0	7	0	warm	2.90076043735079e-69	0	0
81	81	linear	0	15	0	cold	3.5929285422107643e-72	0	0
81	81	linear	0	15	0	warm	1.9887345012020668e-70	0	0
81	81	linear	0	23	0	cold	1.5137579617260483e-71	0	0
81	81	linear	0	23	0	warm	2.1192611464164676e-71	0	0
81	81	linear	1	0	0	cold	2.5002720178719075e-62	0	0
81	81	linear	1	0	0	warm	2.5002720178719075e-62	0	0
81	81	linear	1	7	0	cold	1.991084320478779e-63	0	0
81	81	linear	1	7	0	warm	4.455520762429872e-63	0	0
81	81	linear	1	15	0	cold	3.935060670083922e-64	0	0
81	81	linear	1	15	0	warm	2.512878417037287e-64	0	0
81	81	linear	1	23	0	cold	1.1201314845233086e-64	0	0
81	81	linear	1	23	0	warm	1.012785998389442e-65	0	0
81	81	linear	2	0	0	cold	7.960145684342869e-68	0	0
81	81	linear	2	0	0	warm	7.960145684342869e-68	0	0
81	81	linear	2	7	0	cold	2.1291085952538715e-68	0	0
81	81	linear	2	7	0	warm	1.9716504033219136e-67	0	0
81	81	linear	2	15	0	cold	2.2730358305951687e-66	0	0
81	81	linear	2	15	0	warm	1.7047768729463757e-67	0	0
81	81	linear	2	23	0	cold	2.7716840276640422e-62	0	0
81	81	linear	2	23	0	warm	3.822775365906872e-62	0	0
81	81	linear	3	0	0	cold	1.167383624963222e-68	0	0
81	81	linear	3	0	0	warm	1.167383624963222e-68	0	0
81	81	linear	3	7	0	cold	2.8765320128988775e-69	0	0
81	81	linear	3	7	0	warm	1.8150014406080915e-71	0	0
81	81	linear	3	15	0	cold	1.2197437573340053e-69	0	0
81	81	linear	3	15	0	warm	1.384582051030414e-71	0	0
81	81	linear	3	23	0	cold	3.816939544144422e-72	0	0
81	81	linear	3	23	0	warm	1.922949815866385e-71	0	0
81	81	linear	4	0	0	cold	5.904038095318326e-69	0	0
81	81	linear	4	0	0	warm	5.904038095318326e-69	0	0
81	81	linear	4	7	0	cold	1.5912890950760646e-68	0	0
81	81	linear	4	7	0	warm	1.6349597299686487e-69	0	0
81	81	linear	4	15	0	cold	2.5769670209165375e-67	0	0
81	81	linear	4	15	0	warm	5.76932915130568e-69	0	0
81	81	linear	4	23	0	cold	3.8584682128807144e-67	0	0
81	81	linear	4	23	0	warm	4.0163146397712854e-66	0	0
81	81	uniform	0	0	0	cold	2.3079611126281636e-67	0	0
81	81	uniform	0	0	0	warm	2.3079611126281636e-67	0	0
81	81	uniform	0	7	0	cold	5.410046567890965e-69	0	0
81	81	uniform	0	7	0	warm	2.90076043735079e-69	0	0
81	81	uniform	0	15	0	cold	3.5929285422107643e-72	0	0
81	81	uniform	0	15	0	warm	1.9887345012020668e-70	0	0
81	81	uniform	0	23	0	cold	1.5137579617260483e-71	0	0
81	81	uniform	0	23	0	warm	2.1192611464164676e-71	0	0
81	81	uniform	1	0	0	cold	2.5002720178719075e-62	0	0
81	81	uniform	1	0	0	warm	2.5002720178719075e-62	0	0
81	81	uniform	1	7	0	cold	1.991084320478779e-63	0	0
81	81	uniform	1	7	0	warm	4.455520762429872e-63	0	0
81	81	uniform	1	15	0	cold	3.935060670083922e-64	0	0
81	81	uniform	1	15	0	warm	2.512878417037287e-64	0	0
81	81	uniform	1	23	0	cold	1.1201314845233086e-64	0	0
81	81	uniform	1	23	0	warm	1.012785998389442e-65	0	0
81	81	uniform	2	0	0	cold	7.960145684342869e-68	0	0
81	81	uniform	2	0	0	warm	7.960145684342869e-68	0	0
81	81	uniform	2	7	0	cold	2.1291085952538715e-68	0	0
81	81	uniform	2	7	0	warm	1.9716504033219136e-67	0	0
81	81	uniform	2	15	0	cold	2.2730358305951687e-66	0	0
81	81	uniform	2	15	0	warm	1.7047768729463757e-67	0	0
81	81	uniform	2	23	0	cold	2.7716840276640422e-62	0	0
81	81	uniform	2	23	0	warm	3.822775365906872e-62	0	0
81	81	uniform	3	0	0	cold	1.167383624963222e-68	0	0
81	81	uniform	3	0	0	warm	1.167383624963222e-68	0	0
81	81	uniform	3	7	0	cold	2.8765320128988775e-69	0	0
81	81	uniform	3	7	0	warm	1.8150014406080915e-71	0	0
81	81	uniform	3	15	0	cold	1.2197437573340053e-69	0	0
81	81	uniform	3	15	0	warm	1.384582051030414e-71	0	0
81	81	uniform	3	23	0	cold	3.816939544144422e-72	0	0
81	81	uniform	3	23	0	warm	1.922949815866385e-71	0	0
81	81	uniform	4	0	0	cold	5.904038095318326e-69	0	0
81	81	uniform	4	0	0	warm	5.904038095318326e-69	0	0
81	81	uniform	4	7	0	cold	1.5912890950760646e-68	0	0
81	81	uniform	4	7	0	warm	1.6349597299686487e-69	0	0
81	81	uniform	4	15	0	cold	2.5769670209165375e-67	0	0
81	81	uniform	4	15	0	warm	5.76932915130568e-69	0	0
81	81	uniform	4	23	0	cold	3.8584682128807144e-67	0	0
81	81	uniform	4	23	0	warm	4.0163146397712854e-66	0	0
82	82	linear	0	0	0	cold	3.624840089098624e-74	0	0
82	82	linear	0	0	0	warm	3.624840089098624e-74	0	0
82	82	linear	0	7	0	cold	8.717219560761259e-77	0	0
82	82	linear	0	7	0	warm	4.2290300764022973e-76	0	0
82	82	linear	0	15	0	cold	1.9270215055294107e-46	0	0
82	82	linear	0	15	0	warm	3.146086021296128e-77	0	0
82	82	linear	0	23	0	cold	1.16277533030881e-77	0	0
82	82	linear	0	23	0	warm	2.6945374162220536e-77	0	0
82	82	linear	1	0	0	cold	2.1298473492458598e-72	0	0
82	82	linear	1	0	0	warm	2.1298473492458598e-72	0	0
82	82	linear	1	7	0	cold	2.8536086598714665e-72	0	0
82	82	linear	1	7	0	warm	1.0066410916724499e-72	0	0
82	82	linear	1	15	0	cold	4.175689738443331e-72	0	0
82	82	linear	1	15	0	warm	2.5484089877251347e-72	0	0
82	82	linear	1	23	0	cold	3.0432885925370476e-71	0	0
82	82	linear	1	23	0	warm	2.4380076334356375e-72	0	0
82	82	linear	2	0	0	cold	2.3824490000876536e-69	0	0
82	82	linear	2	0	0	warm	2.3824490000876536e-69	0	0
82	82	linear	2	7	0	cold	8.948143471427081e-72	0	0
82	82	linear	2	7	0	warm	1.460374823593821e-71	0	0
82	82	linear	2	15	0	cold	1.1387712013297836e-71	0	0
82	82	linear	2	15	0	warm	2.1139101021591036e-72	0	0
82	82	linear	2	23	0	cold	1.883259062324756e-72	0	0
82	82	linear	2	23	0	warm	5.914367303168655e-73	0	0
82	82	linear	3	0	0	cold	9.87752175550947e-71	0	0
82	82	linear	3	0	0	warm	9.87752175550947e-71	0	0
82	82	linear	3	7	0	cold	3.1335603877473644e-71	0	0
82	82	linear	3	7	0	warm	1.564250063115382e-73	0	0
82	82	linear	3	15	0	cold	1.5851728966810624e-71	0	0
82	82	linear	3	15	0	warm	7.014039365845408e-73	0	0
82	82	linear	3	23	0	cold	9.845833642318026e-71	0	0
82	82	linear	3	23	0	warm	1.1230503700894184e-71	0	0
82	82	linear	4	0	0	cold	2.561109993776846e-78	0	0
82	82	linear	4	0	0	warm	2.561109993776846e-78	0	0
82	82	linear	4	7	0	cold	2.0110152045066272e-69	0	0
82	82	linear	4	7	0	warm	3.599233927124275e-76	0	0
82	82	linear	4	15	0	cold	1.954948177199874e-70	0	0
82	82	linear	4	15	0	warm	3.013799537283207e-77	0	0
82	82	linear	4	23	0	cold	8.409860309862875e-71	0	0
82	82	linear	4	23	0	warm	3.4309126103878253e-78	0	0
82	82	uniform	0	0	0	cold	3.624840089098624e-74	0	0
82	82	uniform	0	0	0	warm	3.624840089098624e-74	0	0
82	82	uniform	0	7	0	cold	8.717219560761259e-77	0	0
82	82	uniform	0	7	0	warm	4.2290300764022973e-76	0	0
82	82	uniform	0	15	0	cold	1.9270215055294107e-46	0	0
82	82	uniform	0	15	0	warm	3.146086021296128e-77	0	0
82	82	uniform	0	23	0	cold	1.16277533030881e-77	0	0
82	82	uniform	0	23	0	warm	2.6945374162220536e-77	0	0
82	82	uniform	1	0	0	cold	2.1298473492458598e-72	0	0
82	82	uniform	1	0	0	warm	2.1298473492458598e-72	0	0
82	82	uniform	1	7	0	cold	2.8536086598714665e-72	0	0
82	82	uniform	1	7	0	warm	1.0066410916724499e-72	0	0
82	82	uniform	1	15	0	cold	4.175689738443331e-72	0	0
82	82	uniform	1	15	0	warm	2.5484089877251347e-72	0	0
82	82	uniform	1	23	0	cold	3.0432885925370476e-71	0	0
82	82	uniform	1	23	0	warm	2.4380076334356375e-72	0	0
82	82	uniform	2	0	0	cold	2.3824490000876536e-69	0	0
82	82	uniform	2	0	0	warm	2.3824490000876536e-69	0	0
82	82	uniform	2	7	0	cold	8.948143471427081e-72	0	0
82	82	uniform	2	7	0	warm	1.460374823593821e-71	0	0
82	82	uniform	2	15	0	cold	1.1387712013297836e-71	0	0
82	82	uniform	2	15	0	warm	2.1139101021591036e-72	0	0
82	82	uniform	2	23	0	cold	1.883259062324756e-72	0	0
82	82	uniform	2	23	0	warm	5.914367303168655e-73	0	0
82	82	uniform	3	0	0	cold	9.87752175550947e-71	0	0
82	82	uniform	3	0	0	warm	9.87752175550947e-71	0	0
82	82	uniform	3	7	0	cold	3.1335603877473644e-71	0	0
82	82	uniform	3	7	0	warm	1.564250063115382e-73	0	0
82	82	uniform	3	15	0	cold	1.5851728966810624e-71	0	0
82	82	uniform	3	15	0	warm	7.014039365845408e-73	0	0
82	82	uniform	3	23	0	cold	9.845833642318026e-71	0	0
82	82	uniform	3	23	0	warm	1.1230503700894184e-71	0	0
82	82	uniform	4	0	0	cold	2.561109993776846e-78	0	0
82	82	uniform	4	0	0	warm	2.561109993776846e-78	0	0
82	82	uniform	4	7	0	cold	2.0110152045066272e-69	0	0
82	82	uniform	4	7	0	warm	3.599233927124275e-76	0	0
82	82	uniform	4	15	0	cold	1.954948177199874e-70	0	0
82	82	uniform	4	15	0	warm	3.013799537283207e-77	0	0
82	82	uniform	4	23	0	cold	8.409860309862875e-71	0	0
82	82	uniform	4	23	0	warm	3.4309126103878253e-78	0	0
83	83	linear	0	0	0	cold	1.0599106852707612e-47	0	0
83	83	linear	0	0	0	warm	1.0599106852707612e-47	0	0
83	83	linear	0	7	0	cold	3.3540275073336926e-48	0	0
83	83	linear	0	7	0	warm	2.7953024727217073e-49	0	0
83	83	linear	0	15	0	cold	1.516361849772139e-48	0	0
83	83	linear	0	15	0	warm	7.987463140274943e-48	0	0
83	83	linear	0	23	0	cold	1.8580378592894784e-48	0	0
83	83	linear	0	23	0	warm	2.0087443622385655e-48	0	0
83	83	linear	1	0	0	cold	2.031957215349725e-52	0	0
83	83	linear	1	0	0	warm	2.031957215349725e-52	0	0
83	83	linear	1	7	0	cold	3.788018859161444e-50	0	0
83	83	linear	1	7	0	warm	1.2918863889224353e-51	0	0
83	83	linear	1	15	0	cold	1.0514702573754915e-48	0	0
83	83	linear	1	15	0	warm	4.673732455182194e-50	0	0
83	83	linear	1	23	0	cold	9.466317316569679e-50	0	0
83	83	linear	1	23	0	warm	1.5641657337088667e-49	0	0
83	83	linear	2	0	0	cold	3.6635174292775245e-45	0	0
83	83	linear	2	0	0	warm	3.6635174292775245e-45	0	0
83	83	linear	2	7	0	cold	2.5668950075694434e-51	0	0
83	83	linear	2	7	0	warm	4.616393893228515e-52	0	0
83	83	linear	2	15	0	cold	9.175711769335527e-53	0	0
83	83	linear	2	15	0	warm	9.775705523012145e-54	0	0
83	83	linear	2	23	0	cold	7.315207042462158e-53	0	0
83	83	linear	2	23	0	warm	1.3333953917603184e-54	0	0
83	83	linear	3	0	0	cold	5.1063643183749086e-42	0	0
83	83	linear	3	0	0	warm	5.1063643183749086e-42	0	0
83	83	linear	3	7	0	cold	1.2159705502408748e-43	0	0
83	83	linear	3	7	0	warm	3.427104890613783e-42	0	0
83	83	linear	3	15	0	cold	1.2385719972332557e-38	0	0
83	83	linear	3	15	0	warm	8.393062945867761e-40	0	0
83	83	linear	3	23	0	cold	2.6003186636537837e-55	0	0
83	83	linear	3	23	0	warm	2.0116204337291138e-37	0	0
83	83	linear	4	0	0	cold	4.752545542519325e-51	0	0
83	83	linear	4	0	0	warm	4.752545542519325e-51	0	0
83	83	linear	4	7	0	cold	3.8759841267862257e-51	0	0
83	83	linear	4	7	0	warm	1.1774895458225307e-51	0	0
83	83	linear	4	15	0	cold	8.622192754886393e-50	0	0
83	83	linear	4	15	0	warm	3.9042038984854543e-50	0	0
83	83	linear	4	23	0	cold	2.097022578309013e-51	0	0
83	83	linear	4	23	0	warm	8.491647419422806e-51	0	0
83	83	uniform	0	0	0	cold	1.0599106852707612e-47	0	0
83	83	uniform	0	0	0	warm	1.0599106852707612e-47	0	0
83	83	uniform	0	7	0	cold	3.3540275073336926e-48	0	0
83	83	uniform	0	7	0	warm	2.7953024727217073e-49	0	0
83	83	uniform	0	15	0	cold	1.516361849772139e-48	0	0
83	83	uniform	0	15	0	warm	7.987463140274943e-48	0	0
83	83	uniform	0	23	0	cold	1.8580378592894784e-48	0	0
83	83	uniform	0	23	0	warm	2.0087443622385655e-48	0	0
83	83	uniform	1	0	0	cold	2.031957215349725e-52	0	0
83	83	uniform	1	0	0	warm	2.031957215349725e-52	0	0
83	83	uniform	1	7	0	cold	3.788018859161444e-50	0	0
83	83	uniform	1	7	0	warm	1.2918863889224353e-51	0	0
83	83	uniform	1	15	0	cold	1.0514702573754915e-48	0	0
83	83	uniform	1	15	0	warm	4.673732455182194e-50	0	0
83	83	uniform	1	23	0	cold	9.466317316569679e-50	0	0
83	83	uniform	1	23	0	warm	1.5641657337088667e-49	0	0
83	83	uniform	2	0	0	cold	3.6635174292775245e-45	0	0
83	83	uniform	2	0	0	warm	3.6635174292775245e-45	0	0
83	83	uniform	2	7	0	cold	2.5668950075694434e-51	0	0
83	83	uniform	2	7	0	warm	4.616393893228515e-52	0	0
83	83	uniform	2	15	0	cold	9.175711769335527e-53	0	0
83	83	uniform	2	15	0	warm	9.775705523012145e-54	0	0
83	83	uniform	2	23	0	cold	7.315207042462158e-53	0	0
83	83	uniform	2	23	0	warm	1.3333953917603184e-54	0	0
83	83	uniform	3	0	0	cold	5.1063643183749086e-42	0	0
83	83	uniform	3	0	0	warm	5.1063643183749086e-42	0	0
83	83	uniform	3	7	0	cold	1.2159705502408748e-43	0	0
83	83	uniform	3	7	0	warm	3.427104890613783e-42	0	0
83	83	uniform	3	15	0	cold	1.2385719972332557e-38	0	0
83	83	uniform	3	15	0	warm	8.393062945867761e-40	0	0
83	83	uniform	3	23	0	cold	2.6003186636537837e-55	0	0
83	83	uniform	3	23	0	warm	2.0116204337291138e-37	0	0
83	83	uniform	4	0	0	cold	4.752545542519325e-51	0	0
83	83	uniform	4	0	0	warm	4.752545542519325e-51	0	0
83	83	uniform	4	7	0	cold	3.8759841267862257e-51	0	0
83	83	uniform	4	7	0	warm	1.1774895458225307e-51	0	0
83	83	uniform	4	15	0	cold	8.622192754886393e-50	0	0
83	83	uniform	4	15	0	warm	3.9042038984854543e-50	0	0
83	83	uniform	4	23	0	cold	2.097022578309013e-51	0	0
83	83	uniform	4	23	0	warm	8.491647419422806e-51	0	0
84	84	linear	0	0	0	cold	2.333217437557852e-59	0	0
84	84	linear	0	0	0	warm	2.333217437557852e-59	0	0
84	84	linear	0	7	0	cold	4.227689568961029e-61	0	0
84	84	linear	0	7	0	warm	1.803050930607506e-60	0	0
84	84	linear	0	15	0	cold	3.987408999892936e-59	0	0
84	84	linear	0	15	0	warm	2.4476141552992268e-60	0	0
84	84	linear	0	23	0	cold	1.757600507787141e-60	0	0
84	84	linear	0	23	0	warm	7.842419866523204e-62	0	0
84	84	linear	1	0	0	cold	1.1297277298622608e-51	0	0
84	84	linear	1	0	0	warm	1.1297277298622608e-51	0	0
84	84	linear	1	7	0	cold	4.005766977321463e-52	0	0
84	84	linear	1	7	0	warm	3.327972662266418e-51	0	0
84	84	linear	1	15	0	cold	1.2775866475292727e-51	0	0
84	84	linear	1	15	0	warm	4.1863047040980783e-51	0	0
84	84	linear	1	23	0	cold	2.785875989114368e-51	0	0
84	84	linear	1	23	0	warm	3.95809707705193e-52	0	0
84	84	linear	2	0	0	cold	7.14849926846287e-46	0	0
84	84	linear	2	0	0	warm	7.14849926846287e-46	0	0
84	84	linear	2	7	0	cold	1.092372164069487e-45	0	0
84	84	linear	2	7	0	warm	5.939435902282954e-46	0	0
84	84	linear	2	15	0	cold	3.935286077124528e-45	0	0
84	84	linear	2	15	0	warm	3.748776320113409e-46	0	0
84	84	linear	2	23	0	cold	2.570177830149861e-42	0	0
84	84	linear	2	23	0	warm	1.4771329631459181e-43	0	0
84	84	linear	3	0	0	cold	1.8140469111967017e-54	0	0
84	84	linear	3	0	0	warm	1.8140469111967017e-54	0	0
84	84	linear	3	7	0	cold	4.287821052053985e-54	0	0
84	84	linear	3	7	0	warm	1.2300842227497228e-45	0	0
84	84	linear	3	15	0	cold	2.0585380065257853e-43	0	0
84	84	linear	3	15	0	warm	1.0616189807214096e-48	0	0
84	84	linear	3	23	0	cold	7.720949527173504e-54	0	0
84	84	linear	3	23	0	warm	1.9765442706061485e-53	0	0
84	84	linear	4	0	0	cold	1.372446321935097e-51	0	0
84	84	linear	4	0	0	warm	1.372446321935097e-51	0	0
84	84	linear	4	7	0	cold	1.5737019567076165e-52	0	0
84	84	linear	4	7	0	warm	3.266095436759152e-53	0	0
84	84	linear	4	15	0	cold	7.876138477527985e-51	0	0
84	84	linear	4	15	0	warm	4.1202533850831844e-52	0	0
84	84	linear	4	23	0	cold	1.2813802066162199e-51	0	0
84	84	linear	4	23	0	warm	1.0859806176340953e-51	0	0
84	84	uniform	0	0	0	cold	2.333217437557852e-59	0	0
84	84	uniform	0	0	0	warm	2.333217437557852e-59	0	0
84	84	uniform	0	7	0	cold	4.227689568961029e-61	0	0
84	84	uniform	0	7	0	warm	1.803050930607506e-60	0	0
84	84	uniform	0	15	0	cold	3.987408999892936e-59	0	0
84	84	uniform	0	15	0	warm	2.4476141552992268e-60	0	0
84	84	uniform	0	23	0	cold	1.757600507787141e-60	0	0
84	84	uniform	0	23	0	warm	7.842419866523204e-62	0	0
84	84	uniform	1	0	0	cold	1.1297277298622608e-51	0	0
84	84	uniform	1	0	0	warm	1.1297277298622608e-51	0	0
84	84	uniform	1	7	0	cold	4.005766977321463e-52	0	0
84	84	uniform	1	7	0	warm	3.327972662266418e-51	0	0
84	84	uniform	1	15	0	cold	1.2775866475292727e-51	0	0
84	84	uniform	1	15	0	warm	4.1863047040980783e-51	0	0
84	84	uniform	1	23	0	cold	2.785875989114368e-51	0	0
84	84	uniform	1	23	0	warm	3.95809707705193e-52	0	0
84	84	uniform	2	0	0	cold	7.14849926846287e-46	0	0
84	84	uniform	2	0	0	warm	7.14849926846287e-46	0	0
84	84	uniform	2	7	0	cold	1.092372164069487e-45	0	0
84	84	uniform	2	7	0	warm	5.939435902282954e-46	0	0
84	84	uniform	2	15	0	cold	3.935286077124528e-45	0	0
84	84	uniform	2	15	0	warm	3.748776320113409e-46	0	0
84	84	uniform	2	23	0	cold	2.570177830149861e-42	0	0
84	84	uniform	2	23	0	warm	1.4771329631459181e-43	0	0
84	84	uniform	3	0	0	cold	1.8140469111967017e-54	0	0
84	84	uniform	3	0	0	warm	1.8140469111967017e-54	0	0
84	84	uniform	3	7	0	cold	4.287821052053985e-54	0	0
84	84	uniform	3	7	0	warm	1.2300842227497228e-45	0	0
84	84	uniform	3	15	0	cold	2.0585380065257853e-43	0	0
84	84	uniform	3	15	0	warm	1.0616189807214096e-48	0	0
84	84	uniform	3	23	0	cold	7.720949527173504e-54	0	0
84	84	uniform	3	23	0	warm	1.9765442706061485e-53	0	0
84	84	uniform	4	0	0	cold	1.372446321935097e-51	0	0
84	84	uniform	4	0	0	warm	1.372446321935097e-51	0	0
84	84	uniform	4	7	0	cold	1.5737019567076165e-52	0	0
84	84	uniform	4	7	0	warm	3.266095436759152e-53	0	0
84	84	uniform	4	15	0	cold	7.876138477527985e-51	0	0
84	84	uniform	4	15	0	warm	4.1202533850831844e-52	0	0
84	84	uniform	4	23	0	cold	1.2813802066162199e-51	0	0
84	84	uniform	4	23	0	warm	1.0859806176340953e-51	0	0
85	85	linear	0	0	0	cold	8.485582325299768e-58	0	0
85	85	linear	0	0	0	warm	8.485582325299768e-58	0	0
85	85	linear	0	7	0	cold	7.602932043405518e-56	0	0
85	85	linear	0	7	0	warm	1.4544739561297512e-55	0	0
85	85	linear	0	15	0	cold	3.532173508783578e-56	0	0
85	85	linear	0	15	0	warm	4.440929756555977e-56	0	0
85	85	linear	0	23	0	cold	2.968704301034513e-57	0	0
85	85	linear	0	23	0	warm	4.144539172203464e-61	0	0
85	85	linear	1	0	0	cold	8.692667007190886e-53	0	0
85	85	linear	1	0	0	warm	8.692667007190886e-53	0	0
85	85	linear	1	7	0	cold	7.25022820430728e-52	0	0
85	85	linear	1	7	0	warm	1.049353592820127e-53	0	0
85	85	linear	1	15	0	cold	1.2198484821421528e-52	0	0
85	85	linear	1	15	0	warm	3.308941005962653e-53	0	0
85	85	linear	1	23	0	cold	2.8438563307809113e-54	0	0
85	85	linear	1	23	0	warm	7.085499610729717e-54	0	0
85	85	linear	2	0	0	cold	2.5791072894120723e-57	0	0
85	85	linear	2	0	0	warm	2.5791072894120723e-57	0	0
85	85	linear	2	7	0	cold	1.5374502682188173e-57	0	0
85	85	linear	2	7	0	warm	2.165314047601094e-58	0	0
85	85	linear	2	15	0	cold	3.0780004924292945e-55	0	0
85	85	linear	2	15	0	warm	1.6206492216925953e-57	0	0
85	85	linear	2	23	0	cold	1.2603452970605843e-49	0	0
85	85	linear	2	23	0	warm	1.1245800780405535e-47	0	0
85	85	linear	3	0	0	cold	1.1239725056672147e-59	0	0
85	85	linear	3	0	0	warm	1.1239725056672147e-59	0	0
85	85	linear	3	7	0	cold	1.391579183940524e-62	0	0
85	85	linear	3	7	0	warm	5.1519196870032945e-62	0	0
85	85	linear	3	15	0	cold	3.8732101049035765e-63	0	0
85	85	linear	3	15	0	warm	3.1531772798542873e-65	0	0
85	85	linear	3	23	0	cold	1.586555730243486e-61	0	0
85	85	linear	3	23	0	warm	3.552645540789318e-61	0	0
85	85	linear	4	0	0	cold	2.7732155589341745e-56	0	0
85	85	linear	4	0	0	warm	2.7732155589341745e-56	0	0
85	85	linear	4	7	0	cold	9.190787841034334e-54	0	0
85	85	linear	4	7	0	warm	4.5810780516058997e-54	0	0
85	85	linear	4	15	0	cold	4.504661325226493e-57	0	0
85	85	linear	4	15	0	warm	1.0805798342404688e-53	0	0
85	85	linear	4	23	0	cold	1.3155444386677786e-54	0	0
85	85	linear	4	23	0	warm	1.5514766603969101e-55	0	0
85	85	uniform	0	0	0	cold	8.485582325299768e-58	0	0
85	85	uniform	0	0	0	warm	8.485582325299768e-58	0	0
85	85	uniform	0	7	0	cold	7.602932043405518e-56	0	0
85	85	uniform	0	7	0	warm	1.4544739561297512e-55	0	0
85	85	uniform	0	15	0	cold	3.532173508783578e-56	0	0
85	85	uniform	0	15	0	warm	4.440929756555977e-56	0	0
85	85	uniform	0	23	0	cold	2.968704301034513e-57	0	0
85	85	uniform	0	23	0	warm	4.144539172203464e-61	0	0
85	85	uniform	1	0	0	cold	8.692667007190886e-53	0	0
85	85	uniform	1	0	0	warm	8.692667007190886e-53	0	0
85	85	uniform	1	7	0	cold	7.25022820430728e-52	0	0
85	85	uniform	1	7	0	warm	1.049353592820127e-53	0	0
85	85	uniform	1	15	0	cold	1.2198484821421528e-52	0	0
85	85	uniform	1	15	0	warm	3.308941005962653e-53	0	0
85	85	uniform	1	23	0	cold	2.8438563307809113e-54	0	0
85	85	uniform	1	23	0	warm	7.085499610729717e-54	0	0
85	85	uniform	2	0	0	cold	2.5791072894120723e-57	0	0
85	85	uniform	2	0	0	warm	2.5791072894120723e-57	0	0
85	85	uniform	2	7	0	cold	1.5374502682188173e-57	0	0
85	85	uniform	2	7	0	warm	2.165314047601094e-58	0	0
85	85	uniform	2	15	0	cold	3.0780004924292945e-55	0	0
85	85	uniform	2	15	0	warm	1.6206492216925953e-57	0	0
85	85	uniform	2	23	0	cold	1.2603452970605843e-49	0	0
85	85	uniform	2	23	0	warm	1.1245800780405535e-47	0	0
85	85	uniform	3	0	0	cold	1.1239725056672147e-59	0	0
85	85	uniform	3	0	0	warm	1.1239725056672147e-59	0	0
85	85	uniform	3	7	0	cold	1.391579183940524e-62	0	0
85	85	uniform	3	7	0	warm	5.1519196870032945e-62	0	0
85	85	uniform	3	15	0	cold	3.8732101049035765e-63	0	0
85	85	uniform	3	15	0	warm	3.1531772798542873e-65	0	0
85	85	uniform	3	23	0	cold	1.586555730243486e-61	0	0
85	85	uniform	3	23	0	warm	3.552645540789318e-61	0	0
85	85	uniform	4	0	0	cold	2.7732155589341745e-56	0	0
85	85	uniform	4	0	0	warm	2.7732155589341745e-56	0	0
85	85	uniform	4	7	0	cold	9.190787841034334e-54	0	0
85	85	uniform	4	7	0	warm	4.5810780516058997e-54	0	0
85	85	uniform	4	15	0	cold	4.504661325226493e-57	0	0
85	85	uniform	4	15	0	warm	1.0805798342404688e-53	0	0
85	85	uniform	4	23	0	cold	1.3155444386677786e-54	0	0
85	85	uniform	4	23	0	warm	1.5514766603969101e-55	0	0
86	86	linear	0	0	0	cold	1.6104791233672027e-66	0	0
86	86	linear	0	0	0	warm	1.6104791233672027e-66	0	0
86	86	linear	0	7	0	cold	7.602988526171842e-65	0	0
86	86	linear	0	7	0	warm	2.0908218446972566e-65	0	0
86	86	linear	0	15	0	cold	2.7246160704212402e-64	0	0
86	86	linear	0	15	0	warm	7.095354350055313e-67	0	0
86	86	linear	0	23	0	cold	2.1975583875672323e-67	0	0
86	86	linear	0	23	0	warm	1.8087274914934376e-64	0	0
86	86	linear	1	0	0	cold	7.295673946718448e-74	0	0
86	86	linear	1	0	0	warm	7.295673946718448e-74	0	0
86	86	linear	1	7	0	cold	2.4243201850487223e-71	0	0
86	86	linear	1	7	0	warm	2.4243201850487223e-71	0	0
86	86	linear	1	15	0	cold	8.821162628716214e-78	0	0
86	86	linear	1	15	0	warm	1.880251024457499e-73	0	0
86	86	linear	1	23	0	cold	1.049779228655262e-72	0	0
86	86	linear	1	23	0	warm	2.9001108300263395e-76	0	0
86	86	linear	2	0	0	cold	2.2326111657849506e-69	0	0
86	86	linear	2	0	0	warm	2.2326111657849506e-69	0	0
86	86	linear	2	7	0	cold	5.186476985772805e-73	0	0
86	86	linear	2	7	0	warm	7.1965891599463e-73	0	0
86	86	linear	2	15	0	cold	2.795426461277911e-75	0	0
86	86	linear	2	15	0	warm	2.620712307448041e-76	0	0
86	86	linear	2	23	0	cold	1.2126605348502733e-75	0	0
86	86	linear	2	23	0	warm	4.1576932623437945e-75	0	0
86	86	linear	3	0	0	cold	1.6087612591551245e-72	0	0
86	86	linear	3	0	0	warm	1.6087612591551245e-72	0	0
86	86	linear	3	7	0	cold	2.966424030216637e-73	0	0
86	86	linear	3	7	0	warm	1.5607123132148524e-74	0	0
86	86	linear	3	15	0	cold	3.842743224142767e-74	0	0
86	86	linear	3	15	0	warm	1.9934680398889893e-74	0	0
86	86	linear	3	23	0	cold	4.769996335499801e-75	0	0
86	86	linear	3	23	0	warm	1.7033321000912767e-75	0	0
86	86	linear	4	0	0	cold	4.088952264820492e-68	0	0
86	86	linear	4	0	0	warm	4.088952264820492e-68	0	0
86	86	linear	4	7	0	cold	4.052492636411096e-67	0	0
86	86	linear	4	7	0	warm	2.026246318205548e-67	0	0
86	86	linear	4	15	0	cold	6.51259326311776e-70	0	0
86	86	linear	4	15	0	warm	1.5669397324794609e-69	0	0
86	86	linear	4	23	0	cold	6.049243442141329e-68	0	0
86	86	linear	4	23	0	warm	8.103492365172058e-70	0	0
86	86	uniform	0	0	0	cold	1.6104791233672027e-66	0	0
86	86	uniform	0	0	0	warm	1.6104791233672027e-66	0	0
86	86	uniform	0	7	0	cold	7.602988526171842e-65	0	0
86	86	uniform	0	7	0	warm	2.0908218446972566e-65	0	0
86	86	uniform	0	15	0	cold	2.7246160704212402e-64	0	0
86	86	uniform	0	15	0	warm	7.095354350055313e-67	0	0
86	86	uniform	0	23	0	cold	2.1975583875672323e-67	0	0
86	86	uniform	0	23	0	warm	1.8087274914934376e-64	0	0
86	86	uniform	1	0	0	cold	7.295673946718448e-74	0	0
86	86	uniform	1	0	0	warm	7.295673946718448e-74	0	0
86	86	uniform	1	7	0	cold	2.4243201850487223e-71	0	0
86	86	uniform	1	7	0	warm	2.4243201850487223e-71	0	0
86	86	uniform	1	15	0	cold	8.821162628716214e-78	0	0
86	86	uniform	1	15	0	warm	1.880251024457499e-73	0	0
86	86	uniform	1	23	0	cold	1.049779228655262e-72	0	0
86	86	uniform	1	23	0	warm	2.9001108300263395e-76	0	0
86	86	uniform	2	0	0	cold	2.2326111657849506e-69	0	0
86	86	uniform	2	0	0	warm	2.2326111657849506e-69	0	0
86	86	uniform	2	7	0	cold	5.186476985772805e-73	0	0
86	86	uniform	2	7	0	warm	7.1965891599463e-73	0	0
86	86	uniform	2	15	0	cold	2.795426461277911e-75	0	0
86	86	uniform	2	15	0	warm	2.620712307448041e-76	0	0
86	86	uniform	2	23	0	cold	1.2126605348502733e-75	0	0
86	86	uniform	2	23	0	warm	4.1576932623437945e-75	0	0
86	86	uniform	3	0	0	cold	1.6087612591551245e-72	0	0
86	86	uniform	3	0	0	warm	1.6087612591551245e-72	0	0
86	86	uniform	3	7	0	cold	2.966424030216637e-73	0	0
86	86	uniform	3	7	0	warm	1.5607123132148524e-74	0	0
86	86	uniform	3	15	0	cold	3.842743224142767e-74	0	0
86	86	uniform	3	15	0	warm	1.9934680398889893e-74	0	0
86	86	uniform	3	23	0	cold	4.769996335499801e-75	0	0
86	86	uniform	3	23	0	warm	1.7033321000912767e-75	0	0
86	86	uniform	4	0	0	cold	4.088952264820492e-68	0	0
86	86	uniform	4	0	0	warm	4.088952264820492e-68	0	0
86	86	uniform	4	7	0	cold	4.052492636411096e-67	0	0
86	86	uniform	4	7	0	warm	2.026246318205548e-67	0	0
86	86	uniform	4	15	0	cold	6.51259326311776e-70	0	0
86	86	uniform	4	15	0	warm	1.5669397324794609e-69	0	0
86	86	uniform	4	23	0	cold	6.049243442141329e-68	0	0
86	86	uniform	4	23	0	warm	8.103492365172058e-70	0	0
87	87	linear	0	0	0	cold	3.989620907850251e-71	0	0
87	87	linear	0	0	0	warm	3.989620907850251e-71	0	0
87	87	linear	0	7	0	cold	1.4770879057307715e-70	0	0
87	87	linear	0	7	0	warm	1.4344510640023377e-70	0	0
87	87	linear	0	15	0	cold	1.8963594654727961e-65	0	0
87	87	linear	0	15	0	warm	6.393441607149986e-67	0	0
87	87	linear	0	23	0	cold	3.213331566014813e-64	0	0
87	87	linear	0	23	0	warm	7.637117109901225e-66	0	0
87	87	linear	1	0	0	cold	9.856434220688617e-72	0	0
87	87	linear	1	0	0	warm	9.856434220688617e-72	0	0
87	87	linear	1	7	0	cold	2.778538955756127e-71	0	0
87	87	linear	1	7	0	warm	3.828228992606607e-73	0	0
87	87	linear	1	15	0	cold	1.4190381777662404e-71	0	0
87	87	linear	1	15	0	warm	4.69252688355132e-72	0	0
87	87	linear	1	23	0	cold	1.5745729007783482e-72	0	0
87	87	linear	1	23	0	warm	6.122254616632596e-74	0	0
87	87	linear	2	0	0	cold	5.528127418198638e-69	0	0
87	87	linear	2	0	0	warm	5.528127418198638e-69	0	0
87	87	linear	2	7	0	cold	5.2928131500065134e-70	0	0
87	87	linear	2	7	0	warm	3.215577385683135e-71	0	0
87	87	linear	2	15	0	cold	6.696527345519992e-69	0	0
87	87	linear	2	15	0	warm	1.0013382405466931e-69	0	0
87	87	linear	2	23	0	cold	1.9689617406244e-68	0	0
87	87	linear	2	23	0	warm	1.18137704437464e-67	0	0
87	87	linear	3	0	0	cold	1.039641347397672e-68	0	0
87	87	linear	3	0	0	warm	1.039641347397672e-68	0	0
87	87	linear	3	7	0	cold	8.620607659536183e-72	0	0
87	87	linear	3	7	0	warm	2.4615814247507943e-70	0	0
87	87	linear	3	15	0	cold	9.057444799402978e-72	0	0
87	87	linear	3	15	0	warm	6.406253269626214e-73	0	0
87	87	linear	3	23	0	cold	8.20744368934776e-72	0	0
87	87	linear	3	23	0	warm	3.62058761462414e-72	0	0
87	87	linear	4	0	0	cold	9.285669804740717e-73	0	0
87	87	linear	4	0	0	warm	9.285669804740717e-73	0	0
87	87	linear	4	7	0	cold	1.099929758333018e-72	0	0
87	87	linear	4	7	0	warm	2.873285899318904e-72	0	0
87	87	linear	4	15	0	cold	1.3888026554533786e-73	0	0
87	87	linear	4	15	0	warm	7.110669595921297e-73	0	0
87	87	linear	4	23	0	cold	1.3373950932174152e-71	0	0
87	87	linear	4	23	0	warm	5.719123753890263e-72	0	0
87	87	uniform	0	0	0	cold	3.989620907850251e-71	0	0
87	87	uniform	0	0	0	warm	3.989620907850251e-71	0	0
87	87	uniform	0	7	0	cold	1.4770879057307715e-70	0	0
87	87	uniform	0	7	0	warm	1.4344510640023377e-70	0	0
87	87	uniform	0	15	0	cold	1.8963594654727961e-65	0	0
87	87	uniform	0	15	0	warm	6.393441607149986e-67	0	0
87	87	uniform	0	23	0	cold	3.213331566014813e-64	0	0
87	87	uniform	0	23	0	warm	7.637117109901225e-66	0	0
87	87	uniform	1	0	0	cold	9.856434220688617e-72	0	0
87	87	uniform	1	0	0	warm	9.856434220688617e-72	0	0
87	87	uniform	1	7	0	cold	2.778538955756127e-71	0	0
87	87	uniform	1	7	0	warm	3.828228992606607e-73	0	0
87	87	uniform	1	15	0	cold	1.4190381777662404e-71	0	0
87	87	uniform	1	15	0	warm	4.69252688355132e-72	0	0
87	87	uniform	1	23	0	cold	1.5745729007783482e-72	0	0
87	87	uniform	1	23	0	warm	6.122254616632596e-74	0	0
87	87	uniform	2	0	0	cold	5.528127418198638e-69	0	0
87	87	uniform	2	0	0	warm	5.528127418198638e-69	0	0
87	87	uniform	2	7	0	cold	5.2928131500065134e-70	0	0
87	87	uniform	2	7	0	warm	3.215577385683135e-71	0	0
87	87	uniform	2	15	0	cold	6.696527345519992e-69	0	0
87	87	uniform	2	15	0	warm	1.0013382405466931e-69	0	0
87	87	uniform	2	23	0	cold	1.9689617406244e-68	0	0
87	87	uniform	2	23	0	warm	1.18137704437464e-67	0	0
87	87	uniform	3	0	0	cold	1.039641347397672e-68	0	0
87	87	uniform	3	0	0	warm	1.039641347397672e-68	0	0
87	87	uniform	3	7	0	cold	8.620607659536183e-72	0	0
87	87	uniform	3	7	0	warm	2.4615814247507943e-70	0	0
87	87	uniform	3	15	0	cold	9.057444799402978e-72	0	0
87	87	uniform	3	15	0	warm	6.406253269626214e-73	0	0
87	87	uniform	3	23	0	cold	8.20744368934776e-72	0	0
87	87	uniform	3	23	0	warm	3.62058761462414e-72	0	0
87	87	uniform	4	0	0	cold	9.285669804740717e-73	0	0
87	87	uniform	4	0	0	warm	9.285669804740717e-73	0	0
87	87	uniform	4	7	0	cold	1.099929758333018e-72	0	0
87	87	uniform	4	7	0	warm	2.873285899318904e-72	0	0
87	87	uniform	4	15	0	cold	1.3888026554533786e-73	0	0
87	87	uniform	4	15	0	warm	7.110669595921297e-73	0	0
87	87	uniform	4	23	0	cold	1.3373950932174152e-71	0	0
87	87	uniform	4	23	0	warm	5.719123753890263e-72	0	0
88	88	linear	0	0	0	cold	1.5206175743339776e-62	0	0
88	88	linear	0	0	0	warm	1.5206175743339776e-62	0	0
88	88	linear	0	7	0	cold	6.350608834096441e-63	0	0
88	88	linear	0	7	0	warm	7.816133949657158e-63	0	0
88	88	linear	0	15	0	cold	2.9714258447472756e-62	0	0
88	88	linear	0	15	0	warm	8.319992365292372e-62	0	0
88	88	linear	0	23	0	cold	2.59819044077923e-64	0	0
88	88	linear	0	23	0	warm	5.941858660868385e-63	0	0
88	88	linear	1	0	0	cold	8.918569574111602e-58	0	0
88	88	linear	1	0	0	warm	8.918569574111602e-58	0	0
88	88	linear	1	7	0	cold	4.0836963253503844e-55	0	0
88	88	linear	1	7	0	warm	9.664379357819541e-54	0	0
88	88	linear	1	15	0	cold	3.6695199924771186e-60	0	0
88	88	linear	1	15	0	warm	1.994606525695677e-58	0	0
88	88	linear	1	23	0	cold	1.075449782797164e-55	0	0
88	88	linear	1	23	0	warm	1.1286024065870976e-56	0	0
88	88	linear	2	0	0	cold	2.726360037567055e-68	0	0
88	88	linear	2	0	0	warm	2.726360037567055e-68	0	0
88	88	linear	2	7	0	cold	2.660469937896266e-53	0	0
88	88	linear	2	7	0	warm	1.3453290580144636e-48	0	0
88	88	linear	2	15	0	cold	4.816346852132192e-42	0	0
88	88	linear	2	15	0	warm	1.5872989769664397e-39	0	0
88	88	linear	2	23	0	cold	4.253297107806763e-53	0	0
88	88	linear	2	23	0	warm	8.951983151356197e-57	0	0
88	88	linear	3	0	0	cold	1.2781263771799006e-67	0	0
88	88	linear	3	0	0	warm	1.2781263771799006e-67	0	0
88	88	linear	3	7	0	cold	1.8858619442513985e-68	0	0
88	88	linear	3	7	0	warm	5.517760260993772e-69	0	0
88	88	linear	3	15	0	cold	5.72491110409576e-68	0	0
88	88	linear	3	15	0	warm	6.939690870835415e-68	0	0
88	88	linear	3	23	0	cold	3.354257169628448e-73	0	0
88	88	linear	3	23	0	warm	3.429317011972659e-74	0	0
88	88	linear	4	0	0	cold	6.360729316148983e-51	0	0
88	88	linear	4	0	0	warm	6.360729316148983e-51	0	0
88	88	linear	4	7	0	cold	2.1126371500036432e-50	0	0
88	88	linear	4	7	0	warm	5.281592875009108e-51	0	0
88	88	linear	4	15	0	cold	1.0254455504425502e-80	0	0
88	88	linear	4	15	0	warm	1.9205431111293642e-51	0	0
88	88	linear	4	23	0	cold	1.432635335354298e-52	0	0
88	88	linear	4	23	0	warm	2.0005268196388847e-52	0	0
88	88	uniform	0	0	0	cold	1.5206175743339776e-62	0	0
88	88	uniform	0	0	0	warm	1.5206175743339776e-62	0	0
88	88	uniform	0	7	0	cold	6.350608834096441e-63	0	0
88	88	uniform	0	7	0	warm	7.816133949657158e-63	0	0
88	88	uniform	0	15	0	cold	2.9714258447472756e-62	0	0
88	88	uniform	0	15	0	warm	8.319992365292372e-62	0	0
88	88	uniform	0	23	0	cold	2.59819044077923e-64	0	0
88	88	uniform	0	23	0	warm	5.941858660868385e-63	0	0
88	88	uniform	1	0	0	cold	8.918569574111602e-58	0	0
88	88	uniform	1	0	0	warm	8.918569574111602e-58	0	0
88	88	uniform	1	7	0	cold	4.0836963253503844e-55	0	0
88	88	uniform	1	7	0	warm	9.664379357819541e-54	0	0
88	88	uniform	1	15	0	cold	3.6695199924771186e-60	0	0
88	88	uniform	1	15	0	warm	1.994606525695677e-58	0	0
88	88	uniform	1	23	0	cold	1.075449782797164e-55	0	0
88	88	uniform	1	23	0	warm	1.1286024065870976e-56	0	0
88	88	uniform	2	0	0	cold	2.726360037567055e-68	0	0
88	88	uniform	2	0	0	warm	2.726360037567055e-68	0	0
88	88	uniform	2	7	0	cold	2.660469937896266e-53	0	0
88	88	uniform	2	7	0	warm	1.3453290580144636e-48	0	0
88	88	uniform	2	15	0	cold	4.816346852132192e-42	0	0
88	88	uniform	2	15	0	warm	1.5872989769664397e-39	0	0
88	88	uniform	2	23	0	cold	4.253297107806763e-53	0	0
88	88	uniform	2	23	0	warm	8.951983151356197e-57	0	0
88	88	uniform	3	0	0	cold	1.2781263771799006e-67	0	0
88	88	uniform	3	0	0	warm	1.2781263771799006e-67	0	0
88	88	uniform	3	7	0	cold	1.8858619442513985e-68	0	0
88	88	uniform	3	7	0	warm	5.517760260993772e-69	0	0
88	88	uniform	3	15	0	cold	5.72491110409576e-68	0	0
88	88	uniform	3	15	0	warm	6.939690870835415e-68	0	0
88	88	uniform	3	23	0	cold	3.354257169628448e-73	0	0
88	88	uniform	3	23	0	warm	3.429317011972659e-74	0	0
88	88	uniform	4	0	0	cold	6.360729316148983e-51	0	0
88	88	uniform	4	0	0	warm	6.360729316148983e-51	0	0
88	88	uniform	4	7	0	cold	2.1126371500036432e-50	0	0
88	88	uniform	4	7	0	warm	5.281592875009108e-51	0	0
88	88	uniform	4	15	0	cold	1.0254455504425502e-80	0	0
88	88	uniform	4	15	0	warm	1.9205431111293642e-51	0	0
88	88	uniform	4	23	0	cold	1.432635335354298e-52	0	0
88	88	uniform	4	23	0	warm	2.0005268196388847e-52	0	0
89	89	linear	0	0	0	cold	2.3989865275778273e-73	0	0
89	89	linear	0	0	0	warm	2.3989865275778273e-73	0	0
89	89	linear	0	7	0	cold	6.8515293279307634e-74	0	0
89	89	linear	0	7	0	warm	1.0277293991896144e-73	0	0
89	89	linear	0	15	0	cold	1.4267547175703832e-75	0	0
89	89	linear	0	15	0	warm	2.8535094351407664e-75	0	0
89	89	linear	0	23	0	cold	4.9022441129560094e-76	0	0
89	89	linear	0	23	0	warm	4.563543610606321e-74	0	0
89	89	linear	1	0	0	cold	4.8322524145952087e-63	0	0
89	89	linear	1	0	0	warm	4.8322524145952087e-63	0	0
89	89	linear	1	7	0	cold	4.409600995534444e-61	0	0
89	89	linear	1	7	0	warm	7.180610270357743e-63	0	0
89	89	linear	1	15	0	cold	5.577692421659263e-62	0	0
89	89	linear	1	15	0	warm	1.7533252549097685e-62	0	0
89	89	linear	1	23	0	cold	8.572340089032998e-63	0	0
89	89	linear	1	23	0	warm	3.7447703707370556e-62	0	0
89	89	linear	2	0	0	cold	8.005842043983279e-61	0	0
89	89	linear	2	0	0	warm	8.005842043983279e-61	0	0
89	89	linear	2	7	0	cold	1.9958077958043272e-62	0	0
89	89	linear	2	7	0	warm	3.204904445917058e-62	0	0
89	89	linear	2	15	0	cold	3.373425643873049e-58	0	0
89	89	linear	2	15	0	warm	2.5475090002274276e-58	0	0
89	89	linear	2	23	0	cold	4.218083421370696e-60	0	0
89	89	linear	2	23	0	warm	8.317411232332796e-60	0	0
89	89	linear	3	0	0	cold	1.3292002515792937e-65	0	0
89	89	linear	3	0	0	warm	1.3292002515792937e-65	0	0
89	89	linear	3	7	0	cold	1.0981844077241688e-66	0	0
89	89	linear	3	7	0	warm	1.8908017473498372e-67	0	0
89	89	linear	3	15	0	cold	2.0015795588037332e-67	0	0
89	89	linear	3	15	0	warm	9.40397292713823e-68	0	0
89	89	linear	3	23	0	cold	9.409243081330602e-66	0	0
89	89	linear	3	23	0	warm	7.028591217379484e-66	0	0
89	89	linear	4	0	0	cold	1.2593278611533073e-65	0	0
89	89	linear	4	0	0	warm	1.2593278611533073e-65	0	0
89	89	linear	4	7	0	cold	4.890971193396224e-67	0	0
89	89	linear	4	7	0	warm	2.174578621131176e-71	0	0
89	89	linear	4	15	0	cold	9.249744971162953e-68	0	0
89	89	linear	4	15	0	warm	4.837022599598975e-67	0	0
89	89	linear	4	23	0	cold	1.3816485535198482e-67	0	0
89	89	linear	4	23	0	warm	1.3816485535198478e-68	0	0
89	89	uniform	0	0	0	cold	2.3989865275778273e-73	0	0
89	89	uniform	0	0	0	warm	2.3989865275778273e-73	0	0
89	89	uniform	0	7	0	cold	6.8515293279307634e-74	0	0
89	89	uniform	0	7	0	warm	1.0277293991896144e-73	0	0
89	89	uniform	0	15	0	cold	1.4267547175703832e-75	0	0
89	89	uniform	0	15	0	warm	2.8535094351407664e-75	0	0
89	89	uniform	0	23	0	cold	4.9022441129560094e-76	0	0
89	89	uniform	0	23	0	warm	4.563543610606321e-74	0	0
89	89	uniform	1	0	0	cold	4.8322524145952087e-63	0	0
89	89	uniform	1	0	0	warm	4.8322524145952087e-63	0	0
89	89	uniform	1	7	0	cold	4.409600995534444e-61	0	0
89	89	uniform	1	7	0	warm	7.180610270357743e-63	0	0
89	89	uniform	1	15	0	cold	5.577692421659263e-62	0	0
89	89	uniform	1	15	0	warm	1.7533252549097685e-62	0	0
89	89	uniform	1	23	0	cold	8.572340089032998e-63	0	0
89	89	uniform	1	23	0	warm	3.7447703707370556e-62	0	0
89	89	uniform	2	0	0	cold	8.005842043983279e-61	0	0
89	89	uniform	2	0	0	warm	8.005842043983279e-61	0	0
89	89	uniform	2	7	0	cold	1.9958077958043272e-62	0	0
89	89	uniform	2	7	0	warm	3.204904445917058e-62	0	0
89	89	uniform	2	15	0	cold	3.373425643873049e-58	0	0
89	89	uniform	2	15	0	warm	2.5475090002274276e-58	0	0
89	89	uniform	2	23	0	cold	4.218083421370696e-60	0	0
89	89	uniform	2	23	0	warm	8.317411232332796e-60	0	0
89	89	uniform	3	0	0	cold	1.3292002515792937e-65	0	0
89	89	uniform	3	0	0	warm	1.3292002515792937e-65	0	0
89	89	uniform	3	7	0	cold	1.0981844077241688e-66	0	0
89	89	uniform	3	7	0	warm	1.8908017473498372e-67	0	0
89	89	uniform	3	15	0	cold	2.0015795588037332e-67	0	0
89	89	uniform	3	15	0	warm	9.40397292713823e-68	0	0
89	89	uniform	3	23	0	cold	9.409243081330602e-66	0	0
89	89	uniform	3	23	0	warm	7.028591217379484e-66	0	0
89	89	uniform	4	0	0	cold	1.2593278611533073e-65	0	0
89	89	uniform	4	0	0	warm	1.2593278611533073e-65	0	0
89	89	uniform	4	7	0	cold	4.890971193396224e-67	0	0
89	89	uniform	4	7	0	warm	2.174578621131176e-71	0	0
89	89	uniform	4	15	0	cold	9.249744971162953e-68	0	0
89	89	uniform	4	15	0	warm	4.837022599598975e-67	0	0
89	89	uniform	4	23	0	cold	1.3816485535198482e-67	0	0
89	89	uniform	4	23	0	warm	1.3816485535198478e-68	0	0
90	90	linear	0	0	0	cold	2.9675974523819766e-78	0	0
90	90	linear	0	0	0	warm	2.9675974523819766e-78	0	0
90	90	linear	0	7	0	cold	1.2207722181721345e-42	0	0
90	90	linear	0	7	0	warm	4.016414260617893e-43	0	0
90	90	linear	0	15	0	cold	6.794852730979844e-48	0	0
90	90	linear	0	15	0	warm	2.345929153061958e-48	0	0
90	90	linear	0	23	0	cold	1.821233123714663e-49	0	0
90	90	linear	0	23	0	warm	1.507125402261523e-81	0	0
90	90	linear	1	0	0	cold	3.0051357544611903e-74	0	0
90	90	linear	1	0	0	warm	3.0051357544611903e-74	0	0
90	90	linear	1	7	0	cold	4.39504150185935e-72	0	0
90	90	linear	1	7	0	warm	1.515531552365293e-73	0	0
90	90	linear	1	15	0	cold	2.7381113230147103e-73	0	0
90	90	linear	1	15	0	warm	5.111141136294126e-73	0	0
90	90	linear	1	23	0	cold	2.8112174196400367e-73	0	0
90	90	linear	1	23	0	warm	4.810198469195858e-76	0	0
90	90	linear	2	0	0	cold	1.3884606235536648e-72	0	0
90	90	linear	2	0	0	warm	1.3884606235536648e-72	0	0
90	90	linear	2	7	0	cold	2.689124010277121e-72	0	0
90	90	linear	2	7	0	warm	3.046827469723523e-68	0	0
90	90	linear	2	15	0	cold	1.5149122680681568e-72	0	0
90	90	linear	2	15	0	warm	2.302732546483541e-73	0	0
90	90	linear	2	23	0	cold	1.624831113015641e-72	0	0
90	90	linear	2	23	0	warm	4.2826417390101935e-65	0	0
90	90	linear	3	0	0	cold	4.222086577945184e-68	0	0
90	90	linear	3	0	0	warm	4.222086577945184e-68	0	0
90	90	linear	3	7	0	cold	2.0612058792081523e-70	0	0
90	90	linear	3	7	0	warm	4.021626580718937e-72	0	0
90	90	linear	3	15	0	cold	1.5282536733831515e-70	0	0
90	90	linear	3	15	0	warm	3.309423593295519e-70	0	0
90	90	linear	3	23	0	cold	1.8715020082805861e-69	0	0
90	90	linear	3	23	0	warm	2.866981799919196e-69	0	0
90	90	linear	4	0	0	cold	1.4064827950900856e-72	0	0
90	90	linear	4	0	0	warm	1.4064827950900856e-72	0	0
90	90	linear	4	7	0	cold	2.215825662629205e-73	0	0
90	90	linear	4	7	0	warm	4.489524096818966e-73	0	0
90	90	linear	4	15	0	cold	3.375160563854075e-73	0	0
90	90	linear	4	15	0	warm	1.3637572954524925e-73	0	0
90	90	linear	4	23	0	cold	7.636668904688377e-71	0	0
90	90	linear	4	23	0	warm	1.9005445569784464e-69	0	0
90	90	uniform	0	0	0	cold	2.9675974523819766e-78	0	0
90	90	uniform	0	0	0	warm	2.9675974523819766e-78	0	0
90	90	uniform	0	7	0	cold	1.2207722181721345e-42	0	0
90	90	uniform	0	7	0	warm	4.016414260617893e-43	0	0
90	90	uniform	0	15	0	cold	6.794852730979844e-48	0	0
90	90	uniform	0	15	0	warm	2.345929153061958e-48	0	0
90	90	uniform	0	23	0	cold	1.821233123714663e-49	0	0
90	90	uniform	0	23	0	warm	1.507125402261523e-81	0	0
90	90	uniform	1	0	0	cold	3.0051357544611903e-74	0	0
90	90	uniform	1	0	0	warm	3.0051357544611903e-74	0	0
90	90	uniform	1	7	0	cold	4.39504150185935e-72	0	0
90	90	uniform	1	7	0	warm	1.515531552365293e-73	0	0
90	90	uniform	1	15	0	cold	2.7381113230147103e-73	0	0
90	90	uniform	1	15	0	warm	5.111141136294126e-73	0	0
90	90	uniform	1	23	0	cold	2.8112174196400367e-73	0	0
90	90	uniform	1	23	0	warm	4.810198469195858e-76	0	0
90	90	uniform	2	0	0	cold	1.3884606235536648e-72	0	0
90	90	uniform	2	0	0	warm	1.3884606235536648e-72	0	0
90	90	uniform	2	7	0	cold	2.689124010277121e-72	0	0
90	90	uniform	2	7	0	warm	3.046827469723523e-68	0	0
90	90	uniform	2	15	0	cold	1.5149122680681568e-72	0	0
90	90	uniform	2	15	0	warm	2.302732546483541e-73	0	0
90	90	uniform	2	23	0	cold	1.624831113015641e-72	0	0
90	90	uniform	2	23	0	warm	4.2826417390101935e-65	0	0
90	90	uniform	3	0	0	cold	4.222086577945184e-68	0	0
90	90	uniform	3	0	0	warm	4.222086577945184e-68	0	0
90	90	uniform	3	7	0	cold	2.0612058792081523e-70	0	0
90	90	uniform	3	7	0	warm	4.021626580718937e-72	0	0
90	90	uniform	3	15	0	cold	1.5282536733831515e-70	0	0
90	90	uniform	3	15	0	warm	3.309423593295519e-70	0	0
90	90	uniform	3	23	0	cold	1.8715020082805861e-69	0	0
90	90	uniform	3	23	0	warm	2.866981799919196e-69	0	0
90	90	uniform	4	0	0	cold	1.4064827950900856e-72	0	0
90	90	uniform	4	0	0	warm	1.4064827950900856e-72	0	0
90	90	uniform	4	7	0	cold	2.215825662629205e-73	0	0
90	90	uniform	4	7	0	warm	4.489524096818966e-73	0	0
90	90	uniform	4	15	0	cold	3.375160563854075e-73	0	0
90	90	uniform	4	15	0	warm	1.3637572954524925e-73	0	0
90	90	uniform	4	23	0	cold	7.636668904688377e-71	0	0
90	90	uniform	4	23	0	warm	1.9005445569784464e-69	0	0
91	91	linear	0	0	0	cold	4.1437564157416725e-67	0	0
91	91	linear	0	0	0	warm	4.1437564157416725e-67	0	0
91	91	linear	0	7	0	cold	5.1351979212065225e-65	0	0
91	91	linear	0	7	0	warm	5.461060934088729e-65	0	0
91	91	linear	0	15	0	cold	3.811297863862931e-67	0	0
91	91	linear	0	15	0	warm	1.5286400639701975e-63	0	0
91	91	linear	0	23	0	cold	2.7841526924587166e-68	0	0
91	91	linear	0	23	0	warm	3.400600327648189e-63	0	0
91	91	linear	1	0	0	cold	7.333899355724222e-72	0	0
91	91	linear	1	0	0	warm	7.333899355724222e-72	0	0
91	91	linear	1	7	0	cold	1.1152770624849081e-43	0	0
91	91	linear	1	7	0	warm	7.31216945955527e-73	0	0
91	91	linear	1	15	0	cold	9.622744227096319e-46	0	0
91	91	linear	1	15	0	warm	3.818838658504058e-45	0	0
91	91	linear	1	23	0	cold	1.720698589898057e-76	0	0
91	91	linear	1	23	0	warm	4.916281685423021e-77	0	0
91	91	linear	2	0	0	cold	1.0079742042338573e-71	0	0
91	91	linear	2	0	0	warm	1.0079742042338573e-71	0	0
91	91	linear	2	7	0	cold	8.515979272828354e-71	0	0
91	91	linear	2	7	0	warm	1.355777794679141e-71	0	0
91	91	linear	2	15	0	cold	5.436633573785298e-63	0	0
91	91	linear	2	15	0	warm	1.1374518081760888e-67	0	0
91	91	linear	2	23	0	cold	1.925528911409764e-71	0	0
91	91	linear	2	23	0	warm	3.903669281734997e-73	0	0
91	91	linear	3	0	0	cold	2.1998860909539085e-73	0	0
91	91	linear	3	0	0	warm	2.1998860909539085e-73	0	0
91	91	linear	3	7	0	cold	2.398771114852662e-72	0	0
91	91	linear	3	7	0	warm	4.9890875554967166e-73	0	0
91	91	linear	3	15	0	cold	2.738642431068218e-74	0	0
91	91	linear	3	15	0	warm	9.462009599340693e-73	0	0
91	91	linear	3	23	0	cold	3.535076471728387e-75	0	0
91	91	linear	3	23	0	warm	1.1313438393687235e-73	0	0
91	91	linear	4	0	0	cold	7.793571514186182e-69	0	0
91	91	linear	4	0	0	warm	7.793571514186182e-69	0	0
91	91	linear	4	7	0	cold	3.7606080718431127e-72	0	0
91	91	linear	4	7	0	warm	3.061393504324139e-74	0	0
91	91	linear	4	15	0	cold	1.2868931168714347e-73	0	0
91	91	linear	4	15	0	warm	1.3011500506760714e-74	0	0
91	91	linear	4	23	0	cold	1.7756450796696713e-74	0	0
91	91	linear	4	23	0	warm	1.9108561423023973e-74	0	0
91	91	uniform	0	0	0	cold	4.1437564157416725e-67	0	0
91	91	uniform	0	0	0	warm	4.1437564157416725e-67	0	0
91	91	uniform	0	7	0	cold	5.1351979212065225e-65	0	0
91	91	uniform	0	7	0	warm	5.461060934088729e-65	0	0
91	91	uniform	0	15	0	cold	3.811297863862931e-67	0	0
91	91	uniform	0	15	0	warm	1.5286400639701975e-63	0	0
91	91	uniform	0	23	0	cold	2.7841526924587166e-68	0	0
91	91	uniform	0	23	0	warm	3.400600327648189e-63	0	0
91	91	uniform	1	0	0	cold	7.333899355724222e-72	0	0
91	91	uniform	1	0	0	warm	7.333899355724222e-72	0	0
91	91	uniform	1	7	0	cold	1.1152770624849081e-43	0	0
91	91	uniform	1	7	0	warm	7.31216945955527e-73	0	0
91	91	uniform	1	15	0	cold	9.622744227096319e-46	0	0
91	91	uniform	1	15	0	warm	3.818838658504058e-45	0	0
91	91	uniform	1	23	0	cold	1.720698589898057e-76	0	0
91	91	uniform	1	23	0	warm	4.916281685423021e-77	0	0
91	91	uniform	2	0	0	cold	1.0079742042338573e-71	0	0
91	91	uniform	2	0	0	warm	1.0079742042338573e-71	0	0
91	91	uniform	2	7	0	cold	8.515979272828354e-71	0	0
91	91	uniform	2	7	0	warm	1.355777794679141e-71	0	0
91	91	uniform	2	15	0	cold	5.436633573785298e-63	0	0
91	91	uniform	2	15	0	warm	1.1374518081760888e-67	0	0
91	91	uniform	2	23	0	cold	1.925528911409764e-71	0	0
91	91	uniform	2	23	0	warm	3.903669281734997e-73	0	0
91	91	uniform	3	0	0	cold	2.1998860909539085e-73	0	0
91	91	uniform	3	0	0	warm	2.1998860909539085e-73	0	0
91	91	uniform	3	7	0	cold	2.398771114852662e-72	0	0
91	91	uniform	3	7	0	warm	4.9890875554967166e-73	0	0
91	91	uniform	3	15	0	cold	2.738642431068218e-74	0	0
91	91	uniform	3	15	0	warm	9.462009599340693e-73	0	0
91	91	uniform	3	23	0	cold	3.535076471728387e-75	0	0
91	91	uniform	3	23	0	warm	1.1313438393687235e-73	0	0
91	91	uniform	4	0	0	cold	7.793571514186182e-69	0	0
91	91	uniform	4	0	0	warm	7.793571514186182e-69	0	0
91	91	uniform	4	7	0	cold	3.7606080718431127e-72	0	0
91	91	uniform	4	7	0	warm	3.061393504324139e-74	0	0
91	91	uniform	4	15	0	cold	1.2868931168714347e-73	0	0
91	91	uniform	4	15	0	warm	1.3011500506760714e-74	0	0
91	91	uniform	4	23	0	cold	1.7756450796696713e-74	0	0
91	91	uniform	4	23	0	warm	1.9108561423023973e-74	0	0
92	92	linear	0	0	0	cold	4.2400552522947164e-51	0	0
92	92	linear	0	0	0	warm	4.2400552522947164e-51	0	0
92	92	linear	0	7	0	cold	4.12993803427751e-57	0	0
92	92	linear	0	7	0	warm	5.786498650027896e-63	0	0
92	92	linear	0	15	0	cold	2.3201541597397038e-61	0	0
92	92	linear	0	15	0	warm	3.315927334324022e-62	0	0
92	92	linear	0	23	0	cold	4.8253451552232885e-51	0	0
92	92	linear	0	23	0	warm	1.093909552836708e-48	0	0
92	92	linear	1	0	0	cold	1.2040734874566444e-58	0	0
92	92	linear	1	0	0	warm	1.2040734874566444e-58	0	0
92	92	linear	1	7	0	cold	3.7161065343773525e-52	0	0
92	92	linear	1	7	0	warm	9.126668466378779e-47	0	0
92	92	linear	1	15	0	cold	3.502259785118295e-46	0	0
92	92	linear	1	15	0	warm	8.424830847297677e-42	0	0
92	92	linear	1	23	0	cold	7.421141518371993e-41	0	0
92	92	linear	1	23	0	warm	1.293127528099172e-38	0	0
92	92	linear	2	0	0	cold	2.8578405854591565e-49	0	0
92	92	linear	2	0	0	warm	2.8578405854591565e-49	0	0
92	92	linear	2	7	0	cold	7.347873631126162e-46	0	0
92	92	linear	2	7	0	warm	6.054502129873735e-53	0	0
92	92	linear	2	15	0	cold	1.71679381958556e-54	0	0
92	92	linear	2	15	0	warm	5.86604289803323e-50	0	0
92	92	linear	2	23	0	cold	3.6397798021789005e-53	0	0
92	92	linear	2	23	0	warm	2.1036283521579573e-73	0	0
92	92	linear	3	0	0	cold	4.537151304524534e-57	0	0
92	92	linear	3	0	0	warm	4.537151304524534e-57	0	0
92	92	linear	3	7	0	cold	1.7968865098533376e-73	0	0
92	92	linear	3	7	0	warm	1.9146717081171094e-60	0	0
92	92	linear	3	15	0	cold	3.3083804209177784e-72	0	0
92	92	linear	3	15	0	warm	8.530646439527997e-74	0	0
92	92	linear	3	23	0	cold	1.246178590832538e-67	0	0
92	92	linear	3	23	0	warm	1.2624036799627426e-69	0	0
92	92	linear	4	0	0	cold	7.658024295804249e-72	0	0
92	92	linear	4	0	0	warm	7.658024295804249e-72	0	0
92	92	linear	4	7	0	cold	2.3605605544821764e-75	0	0
92	92	linear	4	7	0	warm	1.108437916305827e-77	0	0
92	92	linear	4	15	0	cold	3.5280505102506374e-77	0	0
92	92	linear	4	15	0	warm	1.7369502455176636e-77	0	0
92	92	linear	4	23	0	cold	3.980007313323797e-79	0	0
92	92	linear	4	23	0	warm	4.646616135165952e-81	0	0
92	92	uniform	0	0	0	cold	4.2400552522947164e-51	0	0
92	92	uniform	0	0	0	warm	4.2400552522947164e-51	0	0
92	92	uniform	0	7	0	cold	4.12993803427751e-57	0	0
92	92	uniform	0	7	0	warm	5.786498650027896e-63	0	0
92	92	uniform	0	15	0	cold	2.3201541597397038e-61	0	0
92	92	uniform	0	15	0	warm	3.315927334324022e-62	0	0
92	92	uniform	0	23	0	cold	4.8253451552232885e-51	0	0
92	92	uniform	0	23	0	warm	1.093909552836708e-48	0	0
92	92	uniform	1	0	0	cold	1.2040734874566444e-58	0	0
92	92	uniform	1	0	0	warm	1.2040734874566444e-58	0	0
92	92	uniform	1	7	0	cold	3.7161065343773525e-52	0	0
92	92	uniform	1	7	0	warm	9.126668466378779e-47	0	0
92	92	uniform	1	15	0	cold	3.502259785118295e-46	0	0
92	92	uniform	1	15	0	warm	8.424830847297677e-42	0	0
92	92	uniform	1	23	0	cold	7.421141518371993e-41	0	0
92	92	uniform	1	23	0	warm	1.293127528099172e-38	0	0
92	92	uniform	2	0	0	cold	2.8578405854591565e-49	0	0
92	92	uniform	2	0	0	warm	2.8578405854591565e-49	0	0
92	92	uniform	2	7	0	cold	7.347873631126162e-46	0	0
92	92	uniform	2	7	0	warm	6.054502129873735e-53	0	0
92	92	uniform	2	15	0	cold	1.71679381958556e-54	0	0
92	92	uniform	2	15	0	warm	5.86604289803323e-50	0	0
92	92	uniform	2	23	0	cold	3.6397798021789005e-53	0	0
92	92	uniform	2	23	0	warm	2.1036283521579573e-73	0	0
92	92	uniform	3	0	0	cold	4.537151304524534e-57	0	0
92	92	uniform	3	0	0	warm	4.537151304524534e-57	0	0
92	92	uniform	3	7	0	cold	1.7968865098533376e-73	0	0
92	92	uniform	3	7	0	warm	1.9146717081171094e-60	0	0
92	92	uniform	3	15	0	cold	3.3083804209177784e-72	0	0
92	92	uniform	3	15	0	warm	8.530646439527997e-74	0	0
92	92	uniform	3	23	0	cold	1.246178590832538e-67	0	0
92	92	uniform	3	23	0	warm	1.2624036799627426e-69	0	0
92	92	uniform	4	0	0	cold	7.658024295804249e-72	0	0
92	92	uniform	4	0	0	warm	7.658024295804249e-72	0	0
92	92	uniform	4	7	0	cold	2.3605605544821764e-75	0	0
92	92	uniform	4	7	0	warm	1.108437916305827e-77	0	0
92	92	uniform	4	15	0	cold	3.5280505102506374e-77	0	0
92	92	uniform	4	15	0	warm	1.7369502455176636e-77	0	0
92	92	uniform	4	23	0	cold	3.980007313323797e-79	0	0
92	92	uniform	4	23	0	warm	4.646616135165952e-81	0	0
93	93	linear	0	0	0	cold	3.6322591585671284e-52	0	0
93	93	linear	0	0	0	warm	3.6322591585671284e-52	0	0
93	93	linear	0	7	0	cold	9.094805401200072e-51	0	0
93	93	linear	0	7	0	warm	4.139204354216001e-54	0	0
93	93	linear	0	15	0	cold	1.1777212164495498e-47	0	0
93	93	linear	0	15	0	warm	2.4877399952411255e-48	0	0
93	93	linear	0	23	0	cold	1.2955512031935174e-20	0	0
93	93	linear	0	23	0	warm	8.890572318181185e-20	0	0
93	93	linear	1	0	0	cold	3.4482572973811474e-53	0	0
93	93	linear	1	0	0	warm	3.4482572973811474e-53	0	0
93	93	linear	1	7	0	cold	1.2089397852995927e-57	0	0
93	93	linear	1	7	0	warm	3.5168632938725515e-57	0	0
93	93	linear	1	15	0	cold	7.849254224940143e-57	0	0
93	93	linear	1	15	0	warm	2.2551596253769706e-58	0	0
93	93	linear	1	23	0	cold	1.9756566363659174e-57	0	0
93	93	linear	1	23	0	warm	1.9376003648318511e-56	0	0
93	93	linear	2	0	0	cold	2.521674925731074e-51	0	0
93	93	linear	2	0	0	warm	2.521674925731074e-51	0	0
93	93	linear	2	7	0	cold	9.71693454543161e-52	0	0
93	93	linear	2	7	0	warm	5.417155483156786e-51	0	0
93	93	linear	2	15	0	cold	1.6640880396764949e-52	0	0
93	93	linear	2	15	0	warm	7.405176353616558e-53	0	0
93	93	linear	2	23	0	cold	6.6262006792554825e-53	0	0
93	93	linear	2	23	0	warm	5.321412751981596e-53	0	0
93	93	linear	3	0	0	cold	1.7320932437926937e-59	0	0
93	93	linear	3	0	0	warm	1.7320932437926937e-59	0	0
93	93	linear	3	7	0	cold	3.247097724113122e-61	0	0
93	93	linear	3	7	0	warm	1.0324166092292806e-64	0	0
93	93	linear	3	15	0	cold	1.1833027322370332e-62	0	0
93	93	linear	3	15	0	warm	1.4489421211065716e-63	0	0
93	93	linear	3	23	0	cold	3.8127151281803924e-64	0	0
93	93	linear	3	23	0	warm	1.6164506534221017e-64	0	0
93	93	linear	4	0	0	cold	1.769367179076965e-58	0	0
93	93	linear	4	0	0	warm	1.769367179076965e-58	0	0
93	93	linear	4	7	0	cold	1.0910757072801091e-57	0	0
93	93	linear	4	7	0	warm	1.8465689207597432e-58	0	0
93	93	linear	4	15	0	cold	2.2174061065884105e-56	0	0
93	93	linear	4	15	0	warm	1.2614168495544821e-57	0	0
93	93	linear	4	23	0	cold	2.321394750358953e-58	0	0
93	93	linear	4	23	0	warm	3.36824772153587e-57	0	0
93	93	uniform	0	0	0	cold	3.6322591585671284e-52	0	0
93	93	uniform	0	0	0	warm	3.6322591585671284e-52	0	0
93	93	uniform	0	7	0	cold	9.094805401200072e-51	0	0
93	93	uniform	0	7	0	warm	4.139204354216001e-54	0	0
93	93	uniform	0	15	0	cold	1.1777212164495498e-47	0	0
93	93	uniform	0	15	0	warm	2.4877399952411255e-48	0	0
93	93	uniform	0	23	0	cold	1.2955512031935174e-20	0	0
93	93	uniform	0	23	0	warm	8.890572318181185e-20	0	0
93	93	uniform	1	0	0	cold	3.4482572973811474e-53	0	0
93	93	uniform	1	0	0	warm	3.4482572973811474e-53	0	0
93	93	uniform	1	7	0	cold	1.2089397852995927e-57	0	0
93	93	uniform	1	7	0	warm	3.5168632938725515e-57	0	0
93	93	uniform	1	15	0	cold	7.849254224940143e-57	0	0
93	93	uniform	1	15	0	warm	2.2551596253769706e-58	0	0
93	93	uniform	1	23	0	cold	1.9756566363659174e-57	0	0
93	93	uniform	1	23	0	warm	1.9376003648318511e-56	0	0
93	93	uniform	2	0	0	cold	2.521674925731074e-51	0	0
93	93	uniform	2	0	0	warm	2.521674925731074e-51	0	0
93	93	uniform	2	7	0	cold	9.71693454543161e-52	0	0
93	93	uniform	2	7	0	warm	5.417155483156786e-51	0	0
93	93	uniform	2	15	0	cold	1.6640880396764949e-52	0	0
93	93	uniform	2	15	0	warm	7.405176353616558e-53	0	0
93	93	uniform	2	23	0	cold	6.6262006792554825e-53	0	0
93	93	uniform	2	23	0	warm	5.321412751981596e-53	0	0
93	93	uniform	3	0	0	cold	1.7320932437926937e-59	0	0
93	93	uniform	3	0	0	warm	1.7320932437926937e-59	0	0
93	93	uniform	3	7	0	cold	3.247097724113122e-61	0	0
93	93	uniform	3	7	0	warm	1.0324166092292806e-64	0	0
93	93	uniform	3	15	0	cold	1.1833027322370332e-62	0	0
93	93	uniform	3	15	0	warm	1.4489421211065716e-63	0	0
93	93	uniform	3	23	0	cold	3.8127151281803924e-64	0	0
93	93	uniform	3	23	0	warm	1.6164506534221017e-64	0	0
93	93	uniform	4	0	0	cold	1.769367179076965e-58	0	0
93	93	uniform	4	0	0	warm	1.769367179076965e-58	0	0
93	93	uniform	4	7	0	cold	1.0910757072801091e-57	0	0
93	93	uniform	4	7	0	warm	1.8465689207597432e-58	0	0
93	93	uniform	4	15	0	cold	2.2174061065884105e-56	0	0
93	93	uniform	4	15	0	warm	1.2614168495544821e-57	0	0
93	93	uniform	4	23	0	cold	2.321394750358953e-58	0	0
93	93	uniform	4	23	0	warm	3.36824772153587e-57	0	0
94	94	linear	0	0	0	cold	1.2871246394632884e-51	0	0
94	94	linear	0	0	0	warm	1.2871246394632884e-51	0	0
94	94	linear	0	7	0	cold	2.085827790277888e-51	0	0
94	94	linear	0	7	0	warm	9.839537061808048e-52	0	0
94	94	linear	0	15	0	cold	1.1429697841917923e-51	0	0
94	94	linear	0	15	0	warm	2.375002148969958e-53	0	0
94	94	linear	0	23	0	cold	5.859907419744057e-52	0	0
94	94	linear	0	23	0	warm	1.7594595120703603e-52	0	0
94	94	linear	1	0	0	cold	4.438664347735334e-58	0	0
94	94	linear	1	0	0	warm	4.438664347735334e-58	0	0
94	94	linear	1	7	0	cold	4.607240164085269e-58	0	0
94	94	linear	1	7	0	warm	5.329608579550933e-57	0	0
94	94	linear	1	15	0	cold	7.471996206312365e-59	0	0
94	94	linear	1	15	0	warm	1.3901388290813706e-59	0	0
94	94	linear	1	23	0	cold	6.127955234919581e-62	0	0
94	94	linear	1	23	0	warm	5.664954172725658e-60	0	0
94	94	linear	2	0	0	cold	1.680185125757546e-58	0	0
94	94	linear	2	0	0	warm	1.680185125757546e-58	0	0
94	94	linear	2	7	0	cold	5.533837982316242e-59	0	0
94	94	linear	2	7	0	warm	5.874195304964003e-59	0	0
94	94	linear	2	15	0	cold	3.100059193342496e-57	0	0
94	94	linear	2	15	0	warm	1.3808726919120252e-59	0	0
94	94	linear	2	23	0	cold	7.056796619178767e-57	0	0
94	94	linear	2	23	0	warm	1.4113593238357521e-55	0	0
94	94	linear	3	0	0	cold	5.432337991671762e-61	0	0
94	94	linear	3	0	0	warm	5.432337991671762e-61	0	0
94	94	linear	3	7	0	cold	3.3486325798120805e-60	0	0
94	94	linear	3	7	0	warm	3.6834958377932876e-60	0	0
94	94	linear	3	15	0	cold	2.8853207729922327e-62	0	0
94	94	linear	3	15	0	warm	2.4481509589025005e-62	0	0
94	94	linear	3	23	0	cold	3.235668199645072e-63	0	0
94	94	linear	3	23	0	warm	7.897224080489667e-63	0	0
94	94	linear	4	0	0	cold	1.2323782262534844e-57	0	0
94	94	linear	4	0	0	warm	1.2323782262534844e-57	0	0
94	94	linear	4	7	0	cold	5.179437500894631e-59	0	0
94	94	linear	4	7	0	warm	3.687332926827793e-60	0	0
94	94	linear	4	15	0	cold	2.2265283080268212e-60	0	0
94	94	linear	4	15	0	warm	7.46701566716312e-62	0	0
94	94	linear	4	23	0	cold	7.976207480773218e-61	0	0
94	94	linear	4	23	0	warm	5.637307228582263e-66	0	0
94	94	uniform	0	0	0	cold	1.2871246394632884e-51	0	0
94	94	uniform	0	0	0	warm	1.2871246394632884e-51	0	0
94	94	uniform	0	7	0	cold	2.085827790277888e-51	0	0
94	94	uniform	0	7	0	warm	9.839537061808048e-52	0	0
94	94	uniform	0	15	0	cold	1.1429697841917923e-51	0	0
94	94	uniform	0	15	0	warm	2.375002148969958e-53	0	0
94	94	uniform	0	23	0	cold	5.859907419744057e-52	0	0
94	94	uniform	0	23	0	warm	1.7594595120703603e-52	0	0
94	94	uniform	1	0	0	cold	4.438664347735334e-58	0	0
94	94	uniform	1	0	0	warm	4.438664347735334e-58	0	0
94	94	uniform	1	7	0	cold	4.607240164085269e-58	0	0
94	94	uniform	1	7	0	warm	5.329608579550933e-57	0	0
94	94	uniform	1	15	0	cold	7.471996206312365e-59	0	0
94	94	uniform	1	15	0	warm	1.3901388290813706e-59	0	0
94	94	uniform	1	23	0	cold	6.127955234919581e-62	0	0
94	94	uniform	1	23	0	warm	5.664954172725658e-60	0	0
94	94	uniform	2	0	0	cold	1.680185125757546e-58	0	0
94	94	uniform	2	0	0	warm	1.680185125757546e-58	0	0
94	94	uniform	2	7	0	cold	5.533837982316242e-59	0	0
94	94	uniform	2	7	0	warm	5.874195304964003e-59	0	0
94	94	uniform	2	15	0	cold	3.100059193342496e-57	0	0
94	94	uniform	2	15	0	warm	1.3808726919120252e-59	0	0
94	94	uniform	2	23	0	cold	7.056796619178767e-57	0	0
94	94	uniform	2	23	0	warm	1.4113593238357521e-55	0	0
94	94	uniform	3	0	0	cold	5.432337991671762e-61	0	0
94	94	uniform	3	0	0	warm	5.432337991671762e-61	0	0
94	94	uniform	3	7	0	cold	3.3486325798120805e-60	0	0
94	94	uniform	3	7	0	warm	3.6834958377932876e-60	0	0
94	94	uniform	3	15	0	cold	2.8853207729922327e-62	0	0
94	94	uniform	3	15	0	warm	2.4481509589025005e-62	0	0
94	94	uniform	3	23	0	cold	3.235668199645072e-63	0	0
94	94	uniform	3	23	0	warm	7.897224080489667e-63	0	0
94	94	uniform	4	0	0	cold	1.2323782262534844e-57	0	0
94	94	uniform	4	0	0	warm	1.2323782262534844e-57	0	0
94	94	uniform	4	7	0	cold	5.179437500894631e-59	0	0
94	94	uniform	4	7	0	warm	3.687332926827793e-60	0	0
94	94	uniform	4	15	0	cold	2.2265283080268212e-60	0	0
94	94	uniform	4	15	0	warm	7.46701566716312e-62	0	0
94	94	uniform	4	23	0	cold	7.976207480773218e-61	0	0
94	94	uniform	4	23	0	warm	5.637307228582263e-66	0	0
95	95	linear	0	0	0	cold	1.0103286881008455e-58	0	0
95	95	linear	0	0	0	warm	1.0103286881008455e-58	0	0
95	95	linear	0	7	0	cold	2.586622876758366e-56	0	0
95	95	linear	0	7	0	warm	1.0594016461440361e-51	0	0
95	95	linear	0	15	0	cold	7.697175491983265e-53	0	0
95	95	linear	0	15	0	warm	9.860146828165766e-52	0	0
95	95	linear	0	23	0	cold	3.2641930641164265e-42	0	0
95	95	linear	0	23	0	warm	1.5055958320765027e-66	0	0
95	95	linear	1	0	0	cold	6.4221671265529275e-21	0	0
95	95	linear	1	0	0	warm	6.4221671265529275e-21	0	0
95	95	linear	1	7	0	cold	8.202339347388493e-40	0	0
95	95	linear	1	7	0	warm	6.422168740722278e-21	0	0
95	95	linear	1	15	0	cold	9.633256390615646e-21	0	0
95	95	linear	1	15	0	warm	1.2844341854154194e-20	0	0
95	95	linear	1	23	0	cold	2.5691730959335656e-20	0	0
95	95	linear	1	23	0	warm	2.5691730959335656e-20	0	0
95	95	linear	2	0	0	cold	1.0220005420992636e-47	0	0
95	95	linear	2	0	0	warm	1.0220005420992636e-47	0	0
95	95	linear	2	7	0	cold	1.0238947538234095e-58	0	0
95	95	linear	2	7	0	warm	4.499833084336869e-64	0	0
95	95	linear	2	15	0	cold	3.8392070648132856e-58	0	0
95	95	linear	2	15	0	warm	3.564774609939866e-54	0	0
95	95	linear	2	23	0	cold	3.434881741295526e-42	0	0
95	95	linear	2	23	0	warm	8.98033296429072e-46	0	0
95	95	linear	3	0	0	cold	3.6436036763709147e-56	0	0
95	95	linear	3	0	0	warm	3.6436036763709147e-56	0	0
95	95	linear	3	7	0	cold	7.822803069173279e-42	0	0
95	95	linear	3	7	0	warm	1.7389186541634914e-41	0	0
95	95	linear	3	15	0	cold	2.3354293764528353e-41	0	0
95	95	linear	3	15	0	warm	5.471901761968906e-44	0	0
95	95	linear	3	23	0	cold	1.0393473786869405e-49	0	0
95	95	linear	3	23	0	warm	1.6986142339303337e-45	0	0
95	95	linear	4	0	0	cold	8.768151988638582e-62	0	0
95	95	linear	4	0	0	warm	8.768151988638582e-62	0	0
95	95	linear	4	7	0	cold	1.1395455154721805e-74	0	0
95	95	linear	4	7	0	warm	3.597078671310965e-75	0	0
95	95	linear	4	15	0	cold	1.0613619081767934e-74	0	0
95	95	linear	4	15	0	warm	4.782051606616859e-75	0	0
95	95	linear	4	23	0	cold	3.766411114099774e-75	0	0
95	95	linear	4	23	0	warm	3.827661586101677e-75	0	0
95	95	uniform	0	0	0	cold	1.0103286881008455e-58	0	0
95	95	uniform	0	0	0	warm	1.0103286881008455e-58	0	0
95	95	uniform	0	7	0	cold	2.586622876758366e-56	0	0
95	95	uniform	0	7	0	warm	1.0594016461440361e-51	0	0
95	95	uniform	0	15	0	cold	7.697175491983265e-53	0	0
95	95	uniform	0	15	0	warm	9.860146828165766e-52	0	0
95	95	uniform	0	23	0	cold	3.2641930641164265e-42	0	0
95	95	uniform	0	23	0	warm	1.5055958320765027e-66	0	0
95	95	uniform	1	0	0	cold	6.4221671265529275e-21	0	0
95	95	uniform	1	0	0	warm	6.4221671265529275e-21	0	0
95	95	uniform	1	7	0	cold	8.202339347388493e-40	0	0
95	95	uniform	1	7	0	warm	6.422168740722278e-21	0	0
95	95	uniform	1	15	0	cold	9.633256390615646e-21	0	0
95	95	uniform	1	15	0	warm	1.2844341854154194e-20	0	0
95	95	uniform	1	23	0	cold	2.5691730959335656e-20	0	0
95	95	uniform	1	23	0	warm	2.5691730959335656e-20	0	0
95	95	uniform	2	0	0	cold	1.0220005420992636e-47	0	0
95	95	uniform	2	0	0	warm	1.0220005420992636e-47	0	0
95	95	uniform	2	7	0	cold	1.0238947538234095e-58	0	0
95	95	uniform	2	7	0	warm	4.499833084336869e-64	0	0
95	95	uniform	2	15	0	cold	3.8392070648132856e-58	0	0
95	95	uniform	2	15	0	warm	3.564774609939866e-54	0	0
95	95	uniform	2	23	0	cold	3.434881741295526e-42	0	0
95	95	uniform	2	23	0	warm	8.98033296429072e-46	0	0
95	95	uniform	3	0	0	cold	3.6436036763709147e-56	0	0
95	95	uniform	3	0	0	warm	3.6436036763709147e-56	0	0
95	95	uniform	3	7	0	cold	7.822803069173279e-42	0	0
95	95	uniform	3	7	0	warm	1.7389186541634914e-41	0	0
95	95	uniform	3	15	0	cold	2.3354293764528353e-41	0	0
95	95	uniform	3	15	0	warm	5.471901761968906e-44	0	0
95	95	uniform	3	23	0	cold	1.0393473786869405e-49	0	0
95	95	uniform	3	23	0	warm	1.6986142339303337e-45	0	0
95	95	uniform	4	0	0	cold	8.768151988638582e-62	0	0
95	95	uniform	4	0	0	warm	8.768151988638582e-62	0	0
95	95	uniform	4	7	0	cold	1.1395455154721805e-74	0	0
95	95	uniform	4	7	0	warm	3.597078671310965e-75	0	0
95	95	uniform	4	15	0	cold	1.0613619081767934e-74	0	0
95	95	uniform	4	15	0	warm	4.782051606616859e-75	0	0
95	95	uniform	4	23	0	cold	3.766411114099774e-75	0	0
95	95	uniform	4	23	0	warm	3.827661586101677e-75	0	0
96	96	linear	0	0	0	cold	2.0305472184225114e-60	0	0
96	96	linear	0	0	0	warm	2.0305472184225114e-60	0	0
96	96	linear	0	7	0	cold	1.662393414604261e-61	0	0
96	96	linear	0	7	0	warm	2.124285595685943e-62	0	0
96	96	linear	0	15	0	cold	3.6432417385304093e-62	0	0
96	96	linear	0	15	0	warm	1.2750597161666094e-62	0	0
96	96	linear	0	23	0	cold	2.787727720389811e-60	0	0
96	96	linear	0	23	0	warm	7.2347149323102e-61	0	0
96	96	linear	1	0	0	cold	3.599687231097893e-74	0	0
96	96	linear	1	0	0	warm	3.599687231097893e-74	0	0
96	96	linear	1	7	0	cold	6.910404256947802e-72	0	0
96	96	linear	1	7	0	warm	5.610803727120183e-76	0	0
96	96	linear	1	15	0	cold	3.676489376152639e-70	0	0
96	96	linear	1	15	0	warm	3.676489376152641e-71	0	0
96	96	linear	1	23	0	cold	4.4110588796614033e-69	0	0
96	96	linear	1	23	0	warm	7.1794578119489e-73	0	0
96	96	linear	2	0	0	cold	5.975409191123366e-62	0	0
96	96	linear	2	0	0	warm	5.975409191123366e-62	0	0
96	96	linear	2	7	0	cold	4.7869961622191373e-63	0	0
96	96	linear	2	7	0	warm	6.142045340413445e-63	0	0
96	96	linear	2	15	0	cold	2.68780457258691e-60	0	0
96	96	linear	2	15	0	warm	5.471249748434468e-61	0	0
96	96	linear	2	23	0	cold	2.3418824400104285e-60	0	0
96	96	linear	2	23	0	warm	2.796314985938941e-59	0	0
96	96	linear	3	0	0	cold	1.6670875594558297e-59	0	0
96	96	linear	3	0	0	warm	1.6670875594558297e-59	0	0
96	96	linear	3	7	0	cold	2.716316647372742e-59	0	0
96	96	linear	3	7	0	warm	2.571660731240467e-59	0	0
96	96	linear	3	15	0	cold	1.1097865547771413e-60	0	0
96	96	linear	3	15	0	warm	1.4205267901147406e-59	0	0
96	96	linear	3	23	0	cold	1.5784098312854975e-62	0	0
96	96	linear	3	23	0	warm	9.746482415495574e-61	0	0
96	96	linear	4	0	0	cold	2.169717505840321e-64	0	0
96	96	linear	4	0	0	warm	2.169717505840321e-64	0	0
96	96	linear	4	7	0	cold	9.744443533638045e-63	0	0
96	96	linear	4	7	0	warm	5.2287410732091684e-64	0	0
96	96	linear	4	15	0	cold	1.1906372018062725e-63	0	0
96	96	linear	4	15	0	warm	2.6526493763253837e-65	0	0
96	96	linear	4	23	0	cold	1.6201676449612884e-62	0	0
96	96	linear	4	23	0	warm	7.081884827407201e-63	0	0
96	96	uniform	0	0	0	cold	2.0305472184225114e-60	0	0
96	96	uniform	0	0	0	warm	2.0305472184225114e-60	0	0
96	96	uniform	0	7	0	cold	1.662393414604261e-61	0	0
96	96	uniform	0	7	0	warm	2.124285595685943e-62	0	0
96	96	uniform	0	15	0	cold	3.6432417385304093e-62	0	0
96	96	uniform	0	15	0	warm	1.2750597161666094e-62	0	0
96	96	uniform	0	23	0	cold	2.787727720389811e-60	0	0
96	96	uniform	0	23	0	warm	7.2347149323102e-61	0	0
96	96	uniform	1	0	0	cold	3.599687231097893e-74	0	0
96	96	uniform	1	0	0	warm	3.599687231097893e-74	0	0
96	96	uniform	1	7	0	cold	6.910404256947802e-72	0	0
96	96	uniform	1	7	0	warm	5.610803727120183e-76	0	0
96	96	uniform	1	15	0	cold	3.676489376152639e-70	0	0
96	96	uniform	1	15	0	warm	3.676489376152641e-71	0	0
96	96	uniform	1	23	0	cold	4.4110588796614033e-69	0	0
96	96	uniform	1	23	0	warm	7.1794578119489e-73	0	0
96	96	uniform	2	0	0	cold	5.975409191123366e-62	0	0
96	96	uniform	2	0	0	warm	5.975409191123366e-62	0	0
96	96	uniform	2	7	0	cold	4.7869961622191373e-63	0	0
96	96	uniform	2	7	0	warm	6.142045340413445e-63	0	0
96	96	uniform	2	15	0	cold	2.68780457258691e-60	0	0
96	96	uniform	2	15	0	warm	5.471249748434468e-61	0	0
96	96	uniform	2	23	0	cold	2.3418824400104285e-60	0	0
96	96	uniform	2	23	0	warm	2.796314985938941e-59	0	0
96	96	uniform	3	0	0	cold	1.6670875594558297e-59	0	0
96	96	uniform	3	0	0	warm	1.6670875594558297e-59	0	0
96	96	uniform	3	7	0	cold	2.716316647372742e-59	0	0
96	96	uniform	3	7	0	warm	2.571660731240467e-59	0	0
96	96	uniform	3	15	0	cold	1.1097865547771413e-60	0	0
96	96	uniform	3	15	0	warm	1.4205267901147406e-59	0	0
96	96	uniform	3	23	0	cold	1.5784098312854975e-62	0	0
96	96	uniform	3	23	0	warm	9.746482415495574e-61	0	0
96	96	uniform	4	0	0	cold	2.169717505840321e-64	0	0
96	96	uniform	4	0	0	warm	2.169717505840321e-64	0	0
96	96	uniform	4	7	0	cold	9.744443533638045e-63	0	0
96	96	uniform	4	7	0	warm	5.2287410732091684e-64	0	0
96	96	uniform	4	15	0	cold	1.1906372018062725e-63	0	0
96	96	uniform	4	15	0	warm	2.6526493763253837e-65	0	0
96	96	uniform	4	23	0	cold	1.6201676449612884e-62	0	0
96	96	uniform	4	23	0	warm	7.081884827407201e-63	0	0
97	97	linear	0	0	0	cold	7.749711573846354e-49	0	0
97	97	linear	0	0	0	warm	7.749711573846354e-49	0	0
97	97	linear	0	7	0	cold	2.35268660249382e-47	0	0
97	97	linear	0	7	0	warm	2.272481014310219e-47	0	0
97	97	linear	0	15	0	cold	1.6627881289774483e-49	0	0
97	97	linear	0	15	0	warm	1.3298726421704037e-49	0	0
97	97	linear	0	23	0	cold	1.3567211048656209e-48	0	0
97	97	linear	0	23	0	warm	6.310854858927833e-49	0	0
97	97	linear	1	0	0	cold	2.6115984022939784e-49	0	0
97	97	linear	1	0	0	warm	2.6115984022939784e-49	0	0
97	97	linear	1	7	0	cold	1.6184655920509129e-50	0	0
97	97	linear	1	7	0	warm	1.0979504072596174e-50	0	0
97	97	linear	1	15	0	cold	1.4625359045439462e-50	0	0
97	97	linear	1	15	0	warm	9.42841190036264e-52	0	0
97	97	linear	1	23	0	cold	4.06280063998059e-48	0	0
97	97	linear	1	23	0	warm	4.886299253686512e-49	0	0
97	97	linear	2	0	0	cold	9.50191952520625e-60	0	0
97	97	linear	2	0	0	warm	9.50191952520625e-60	0	0
97	97	linear	2	7	0	cold	7.59222034320334e-61	0	0
97	97	linear	2	7	0	warm	1.1388330514805009e-60	0	0
97	97	linear	2	15	0	cold	3.0801140711706166e-61	0	0
97	97	linear	2	15	0	warm	6.10204474114703e-63	0	0
97	97	linear	2	23	0	cold	6.814465300105743e-60	0	0
97	97	linear	2	23	0	warm	5.678721083421446e-61	0	0
97	97	linear	3	0	0	cold	1.2804146625187385e-64	0	0
97	97	linear	3	0	0	warm	1.2804146625187385e-64	0	0
97	97	linear	3	7	0	cold	9.032292837978182e-66	0	0
97	97	linear	3	7	0	warm	3.999426603386896e-64	0	0
97	97	linear	3	15	0	cold	2.0973695719735744e-65	0	0
97	97	linear	3	15	0	warm	6.764795761531833e-64	0	0
97	97	linear	3	23	0	cold	1.970047457103667e-66	0	0
97	97	linear	3	23	0	warm	9.859101953557263e-70	0	0
97	97	linear	4	0	0	cold	2.546347311690787e-58	0	0
97	97	linear	4	0	0	warm	2.546347311690787e-58	0	0
97	97	linear	4	7	0	cold	2.53682691844006e-60	0	0
97	97	linear	4	7	0	warm	6.322673190996229e-58	0	0
97	97	linear	4	15	0	cold	3.283326993396954e-57	0	0
97	97	linear	4	15	0	warm	6.760984050279092e-57	0	0
97	97	linear	4	23	0	cold	2.9647939858803924e-55	0	0
97	97	linear	4	23	0	warm	1.0199822947891457e-55	0	0
97	97	uniform	0	0	0	cold	7.749711573846354e-49	0	0
97	97	uniform	0	0	0	warm	7.749711573846354e-49	0	0
97	97	uniform	0	7	0	cold	2.35268660249382e-47	0	0
97	97	uniform	0	7	0	warm	2.272481014310219e-47	0	0
97	97	uniform	0	15	0	cold	1.6627881289774483e-49	0	0
97	97	uniform	0	15	0	warm	1.3298726421704037e-49	0	0
97	97	uniform	0	23	0	cold	1.3567211048656209e-48	0	0
97	97	uniform	0	23	0	warm	6.310854858927833e-49	0	0
97	97	uniform	1	0	0	cold	2.6115984022939784e-49	0	0
97	97	uniform	1	0	0	warm	2.6115984022939784e-49	0	0
97	97	uniform	1	7	0	cold	1.6184655920509129e-50	0	0
97	97	uniform	1	7	0	warm	1.0979504072596174e-50	0	0
97	97	uniform	1	15	0	cold	1.4625359045439462e-50	0	0
97	97	uniform	1	15	0	warm	9.42841190036264e-52	0	0
97	97	uniform	1	23	0	cold	4.06280063998059e-48	0	0
97	97	uniform	1	23	0	warm	4.886299253686512e-49	0	0
97	97	uniform	2	0	0	cold	9.50191952520625e-60	0	0
97	97	uniform	2	0	0	warm	9.50191952520625e-60	0	0
97	97	uniform	2	7	0	cold	7.59222034320334e-61	0	0
97	97	uniform	2	7	0	warm	1.1388330514805009e-60	0	0
97	97	uniform	2	15	0	cold	3.0801140711706166e-61	0	0
97	97	uniform	2	15	0	warm	6.10204474114703e-63	0	0
97	97	uniform	2	23	0	cold	6.814465300105743e-60	0	0
97	97	uniform	2	23	0	warm	5.678721083421446e-61	0	0
97	97	uniform	3	0	0	cold	1.2804146625187385e-64	0	0
97	97	uniform	3	0	0	warm	1.2804146625187385e-64	0	0
97	97	uniform	3	7	0	cold	9.032292837978182e-66	0	0
97	97	uniform	3	7	0	warm	3.999426603386896e-64	0	0
97	97	uniform	3	15	0	cold	2.0973695719735744e-65	0	0
97	97	uniform	3	15	0	warm	6.764795761531833e-64	0	0
97	97	uniform	3	23	0	cold	1.970047457103667e-66	0	0
97	97	uniform	3	23	0	warm	9.859101953557263e-70	0	0
97	97	uniform	4	0	0	cold	2.546347311690787e-58	0	0
97	97	uniform	4	0	0	warm	2.546347311690787e-58	0	0
97	97	uniform	4	7	0	cold	2.53682691844006e-60	0	0
97	97	uniform	4	7	0	warm	6.322673190996229e-58	0	0
97	97	uniform	4	15	0	cold	3.283326993396954e-57	0	0
97	97	uniform	4	15	0	warm	6.760984050279092e-57	0	0
97	97	uniform	4	23	0	cold	2.9647939858803924e-55	0	0
97	97	uniform	4	23	0	warm	1.0199822947891457e-55	0	0
98	98	linear	0	0	0	cold	1.2331485113259617e-58	0	0
98	98	linear	0	0	0	warm	1.2331485113259617e-58	0	0
98	98	linear	0	7	0	cold	4.337645930804261e-60	0	0
98	98	linear	0	7	0	warm	1.9829238540819479e-59	0	0
98	98	linear	0	15	0	cold	2.538355229111899e-57	0	0
98	98	linear	0	15	0	warm	1.834199730649777e-58	0	0
98	98	linear	0	23	0	cold	1.9037614038225628e-57	0	0
98	98	linear	0	23	0	warm	2.6335568592614637e-60	0	0
98	98	linear	1	0	0	cold	2.7387414146312266e-50	0	0
98	98	linear	1	0	0	warm	2.7387414146312266e-50	0	0
98	98	linear	1	7	0	cold	3.8327468813740875e-52	0	0
98	98	linear	1	7	0	warm	8.08360234400512e-52	0	0
98	98	linear	1	15	0	cold	2.0404077980480185e-48	0	0
98	98	linear	1	15	0	warm	3.363392541570347e-51	0	0
98	98	linear	1	23	0	cold	3.610718465104541e-49	0	0
98	98	linear	1	23	0	warm	2.6486879813417996e-49	0	0
98	98	linear	2	0	0	cold	2.9494968035709697e-62	0	0
98	98	linear	2	0	0	warm	2.9494968035709697e-62	0	0
98	98	linear	2	7	0	cold	2.746747425288901e-63	0	0
98	98	linear	2	7	0	warm	3.881273535734317e-64	0	0
98	98	linear	2	15	0	cold	2.002246212936411e-62	0	0
98	98	linear	2	15	0	warm	2.3836264439719346e-64	0	0
98	98	linear	2	23	0	cold	2.783656793411153e-62	0	0
98	98	linear	2	23	0	warm	3.3308713767312946e-63	0	0
98	98	linear	3	0	0	cold	1.7622564705591286e-45	0	0
98	98	linear	3	0	0	warm	1.7622564705591286e-45	0	0
98	98	linear	3	7	0	cold	1.450326752595849e-45	0	0
98	98	linear	3	7	0	warm	1.6958368441869824e-44	0	0
98	98	linear	3	15	0	cold	8.298489557922235e-42	0	0
98	98	linear	3	15	0	warm	3.95214648138027e-42	0	0
98	98	linear	3	23	0	cold	2.6694348089803794e-42	0	0
98	98	linear	3	23	0	warm	1.022125870484364e-43	0	0
98	98	linear	4	0	0	cold	7.961418985804776e-45	0	0
98	98	linear	4	0	0	warm	7.961418985804776e-45	0	0
98	98	linear	4	7	0	cold	3.740458206875823e-45	0	0
98	98	linear	4	7	0	warm	1.1240190398277659e-50	0	0
98	98	linear	4	15	0	cold	4.0664811320113745e-45	0	0
98	98	linear	4	15	0	warm	1.3715507338824948e-50	0	0
98	98	linear	4	23	0	cold	3.20890081370507e-45	0	0
98	98	linear	4	23	0	warm	6.590037355110818e-51	0	0
98	98	uniform	0	0	0	cold	1.2331485113259617e-58	0	0
98	98	uniform	0	0	0	warm	1.2331485113259617e-58	0	0
98	98	uniform	0	7	0	cold	4.337645930804261e-60	0	0
98	98	uniform	0	7	0	warm	1.9829238540819479e-59	0	0
98	98	uniform	0	15	0	cold	2.538355229111899e-57	0	0
98	98	uniform	0	15	0	warm	1.834199730649777e-58	0	0
98	98	uniform	0	23	0	cold	1.9037614038225628e-57	0	0
98	98	uniform	0	23	0	warm	2.6335568592614637e-60	0	0
98	98	uniform	1	0	0	cold	2.7387414146312266e-50	0	0
98	98	uniform	1	0	0	warm	2.7387414146312266e-50	0	0
98	98	uniform	1	7	0	cold	3.8327468813740875e-52	0	0
98	98	uniform	1	7	0	warm	8.08360234400512e-52	0	0
98	98	uniform	1	15	0	cold	2.0404077980480185e-48	0	0
98	98	uniform	1	15	0	warm	3.363392541570347e-51	0	0
98	98	uniform	1	23	0	cold	3.610718465104541e-49	0	0
98	98	uniform	1	23	0	warm	2.6486879813417996e-49	0	0
98	98	uniform	2	0	0	cold	2.9494968035709697e-62	0	0
98	98	uniform	2	0	0	warm	2.9494968035709697e-62	0	0
98	98	uniform	2	7	0	cold	2.746747425288901e-63	0	0
98	98	uniform	2	7	0	warm	3.881273535734317e-64	0	0
98	98	uniform	2	15	0	cold	2.002246212936411e-62	0	0
98	98	uniform	2	15	0	warm	2.3836264439719346e-64	0	0
98	98	uniform	2	23	0	cold	2.783656793411153e-62	0	0
98	98	uniform	2	23	0	warm	3.3308713767312946e-63	0	0
98	98	uniform	3	0	0	cold	1.7622564705591286e-45	0	0
98	98	uniform	3	0	0	warm	1.7622564705591286e-45	0	0
98	98	uniform	3	7	0	cold	1.450326752595849e-45	0	0
98	98	uniform	3	7	0	warm	1.6958368441869824e-44	0	0
98	98	uniform	3	15	0	cold	8.298489557922235e-42	0	0
98	98	uniform	3	15	0	warm	3.95214648138027e-42	0	0
98	98	uniform	3	23	0	cold	2.6694348089803794e-42	0	0
98	98	uniform	3	23	0	warm	1.022125870484364e-43	0	0
98	98	uniform	4	0	0	cold	7.961418985804776e-45	0	0
98	98	uniform	4	0	0	warm	7.961418985804776e-45	0	0
98	98	uniform	4	7	0	cold	3.740458206875823e-45	0	0
98	98	uniform	4	7	0	warm	1.1240190398277659e-50	0	0
98	98	uniform	4	15	0	cold	4.0664811320113745e-45	0	0
98	98	uniform	4	15	0	warm	1.3715507338824948e-50	0	0
98	98	uniform	4	23	0	cold	3.20890081370507e-45	0	0
98	98	uniform	4	23	0	warm	6.590037355110818e-51	0	0
99	99	linear	0	0	0	cold	8.399295278672036e-53	0	0
99	99	linear	0	0	0	warm	8.399295278672036e-53	0	0
99	99	linear	0	7	0	cold	2.1243464222156038e-64	0	0
99	99	linear	0	7	0	warm	6.842581168648572e-55	0	0
99	99	linear	0	15	0	cold	1.4878432904245221e-55	0	0
99	99	linear	0	15	0	warm	2.6117504029165545e-67	0	0
99	99	linear	0	23	0	cold	2.2487762607264044e-45	0	0
99	99	linear	0	23	0	warm	1.6638516635211586e-47	0	0
99	99	linear	1	0	0	cold	8.487514806570607e-44	0	0
99	99	linear	1	0	0	warm	8.487514806570607e-44	0	0
99	99	linear	1	7	0	cold	3.148498803106317e-60	0	0
99	99	linear	1	7	0	warm	3.246974724763353e-61	0	0
99	99	linear	1	15	0	cold	2.9738928896831725e-61	0	0
99	99	linear	1	15	0	warm	1.2853211098114728e-64	0	0
99	99	linear	1	23	0	cold	5.1940594625168785e-46	0	0
99	99	linear	1	23	0	warm	5.66775909728075e-67	0	0
99	99	linear	2	0	0	cold	2.2678296043285887e-71	0	0
99	99	linear	2	0	0	warm	2.2678296043285887e-71	0	0
99	99	linear	2	7	0	cold	7.085747793789556e-73	0	0
99	99	linear	2	7	0	warm	6.17635373766454e-72	0	0
99	99	linear	2	15	0	cold	3.889550945875036e-73	0	0
99	99	linear	2	15	0	warm	2.723239789110303e-73	0	0
99	99	linear	2	23	0	cold	3.1251311879725533e-74	0	0
99	99	linear	2	23	0	warm	7.31185588705954e-71	0	0
99	99	linear	3	0	0	cold	5.148675946228274e-51	0	0
99	99	linear	3	0	0	warm	5.148675946228274e-51	0	0
99	99	linear	3	7	0	cold	5.5983070216877196e-52	0	0
99	99	linear	3	7	0	warm	1.0005709123475756e-51	0	0
99	99	linear	3	15	0	cold	7.5718002197268935e-50	0	0
99	99	linear	3	15	0	warm	3.722918407481245e-50	0	0
99	99	linear	3	23	0	cold	7.364810363299819e-51	0	0
99	99	linear	3	23	0	warm	6.644329568082841e-51	0	0
99	99	linear	4	0	0	cold	7.236339674185399e-58	0	0
99	99	linear	4	0	0	warm	7.236339674185399e-58	0	0
99	99	linear	4	7	0	cold	6.99642181787149e-37	0	0
99	99	linear	4	7	0	warm	8.757221372070503e-57	0	0
99	99	linear	4	15	0	cold	7.052726606739647e-41	0	0
99	99	linear	4	15	0	warm	3.1900769879423106e-40	0	0
99	99	linear	4	23	0	cold	3.6816437560346435e-37	0	0
99	99	linear	4	23	0	warm	1.53892339850094e-39	0	0
99	99	uniform	0	0	0	cold	8.399295278672036e-53	0	0
99	99	uniform	0	0	0	warm	8.399295278672036e-53	0	0
99	99	uniform	0	7	0	cold	2.1243464222156038e-64	0	0
99	99	uniform	0	7	0	warm	6.842581168648572e-55	0	0
99	99	uniform	0	15	0	cold	1.4878432904245221e-55	0	0
99	99	uniform	0	15	0	warm	2.6117504029165545e-67	0	0
99	99	uniform	0	23	0	cold	2.2487762607264044e-45	0	0
99	99	uniform	0	23	0	warm	1.6638516635211586e-47	0	0
99	99	uniform	1	0	0	cold	8.487514806570607e-44	0	0
99	99	uniform	1	0	0	warm	8.487514806570607e-44	0	0
99	99	uniform	1	7	0	cold	3.148498803106317e-60	0	0
99	99	uniform	1	7	0	warm	3.246974724763353e-61	0	0
99	99	uniform	1	15	0	cold	2.9738928896831725e-61	0	0
99	99	uniform	1	15	0	warm	1.2853211098114728e-64	0	0
99	99	uniform	1	23	0	cold	5.1940594625168785e-46	0	0
99	99	uniform	1	23	0	warm	5.66775909728075e-67	0	0
99	99	uniform	2	0	0	cold	2.2678296043285887e-71	0	0
99	99	uniform	2	0	0	warm	2.2678296043285887e-71	0	0
99	99	uniform	2	7	0	cold	7.085747793789556e-73	0	0
99	99	uniform	2	7	0	warm	6.17635373766454e-72	0	0
99	99	uniform	2	15	0	cold	3.889550945875036e-73	0	0
99	99	uniform	2	15	0	warm	2.723239789110303e-73	0	0
99	99	uniform	2	23	0	cold	3.1251311879725533e-74	0	0
99	99	uniform	2	23	0	warm	7.31185588705954e-71	0	0
99	99	uniform	3	0	0	cold	5.148675946228274e-51	0	0
99	99	uniform	3	0	0	warm	5.148675946228274e-51	0	0
99	99	uniform	3	7	0	cold	5.5983070216877196e-52	0	0
99	99	uniform	3	7	0	warm	1.0005709123475756e-51	0	0
99	99	uniform	3	15	0	cold	7.5718002197268935e-50	0	0
99	99	uniform	3	15	0	warm	3.722918407481245e-50	0	0
99	99	uniform	3	23	0	cold	7.364810363299819e-51	0	0
99	99	uniform	3	23	0	warm	6.644329568082841e-51	0	0
99	99	uniform	4	0	0	cold	7.236339674185399e-58	0	0
99	99	uniform	4	0	0	warm	7.236339674185399e-58	0	0
99	99	uniform	4	7	0	cold	6.99642181787149e-37	0	0
99	99	uniform	4	7	0	warm	8.757221372070503e-57	0	0
99	99	uniform	4	15	0	cold	7.052726606739647e-41	0	0
99	99	uniform	4	15	0	warm	3.1900769879423106e-40	0	0
99	99	uniform	4	23	0	cold	3.6816437560346435e-37	0	0
99	99	uniform	4	23	0	warm	1.53892339850094e-39	0	0
100	100	linear	0	0	0	cold	4.864385581513606e-50	0	0
100	100	linear	0	0	0	warm	4.864385581513606e-50	0	0
100	100	linear	0	7	0	cold	7.492257064022199e-49	0	0
100	100	linear	0	7	0	warm	9.599636216318145e-50	0	0
100	100	linear	0	15	0	cold	1.4030313374543387e-50	0	0
100	100	linear	0	15	0	warm	3.094627474381412e-51	0	0
100	100	linear	0	23	0	cold	5.3144590896920925e-51	0	0
100	100	linear	0	23	0	warm	4.2016549730390165e-51	0	0
100	100	linear	1	0	0	cold	1.3310174392608785e-51	0	0
100	100	linear	1	0	0	warm	1.3310174392608785e-51	0	0
100	100	linear	1	7	0	cold	4.7127837845304576e-51	0	0
100	100	linear	1	7	0	warm	3.881544721800809e-54	0	0
100	100	linear	1	15	0	cold	2.3720047737358013e-50	0	0
100	100	linear	1	15	0	warm	5.475660517909841e-51	0	0
100	100	linear	1	23	0	cold	2.065592185415305e-45	0	0
100	100	linear	1	23	0	warm	2.2468683713077067e-45	0	0
100	100	linear	2	0	0	cold	2.5392571529515832e-65	0	0
100	100	linear	2	0	0	warm	2.5392571529515832e-65	0	0
100	100	linear	2	7	0	cold	8.720280792072051e-67	0	0
100	100	linear	2	7	0	warm	4.26129850366066e-67	0	0
100	100	linear	2	15	0	cold	3.5761311935980126e-67	0	0
100	100	linear	2	15	0	warm	4.1991354478418414e-68	0	0
100	100	linear	2	23	0	cold	8.493646462728855e-69	0	0
100	100	linear	2	23	0	warm	3.4428372978457147e-69	0	0
100	100	linear	3	0	0	cold	1.4090802084495768e-62	0	0
100	100	linear	3	0	0	warm	1.4090802084495768e-62	0	0
100	100	linear	3	7	0	cold	6.932002025494103e-64	0	0
100	100	linear	3	7	0	warm	1.966337299632186e-65	0	0
100	100	linear	3	15	0	cold	1.2949882209768575e-63	0	0
100	100	linear	3	15	0	warm	2.2744979755467786e-64	0	0
100	100	linear	3	23	0	cold	7.687230971275233e-64	0	0
100	100	linear	3	23	0	warm	1.559984268741943e-65	0	0
100	100	linear	4	0	0	cold	2.247554563208099e-56	0	0
100	100	linear	4	0	0	warm	2.247554563208099e-56	0	0
100	100	linear	4	7	0	cold	7.412841986169985e-58	0	0
100	100	linear	4	7	0	warm	3.349904563252241e-58	0	0
100	100	linear	4	15	0	cold	7.762954626399804e-57	0	0
100	100	linear	4	15	0	warm	1.1089935180571148e-57	0	0
100	100	linear	4	23	0	cold	1.3825718852692268e-57	0	0
100	100	linear	4	23	0	warm	3.686858360717938e-57	0	0
100	100	uniform	0	0	0	cold	4.864385581513606e-50	0	0
100	100	uniform	0	0	0	warm	4.864385581513606e-50	0	0
100	100	uniform	0	7	0	cold	7.492257064022199e-49	0	0
100	100	uniform	0	7	0	warm	9.599636216318145e-50	0	0
100	100	uniform	0	15	0	cold	1.4030313374543387e-50	0	0
100	100	uniform	0	15	0	warm	3.094627474381412e-51	0	0
100	100	uniform	0	23	0	cold	5.3144590896920925e-51	0	0
100	100	uniform	0	23	0	warm	4.2016549730390165e-51	0	0
100	100	uniform	1	0	0	cold	1.3310174392608785e-51	0	0
100	100	uniform	1	0	0	warm	1.3310174392608785e-51	0	0
100	100	uniform	1	7	0	cold	4.7127837845304576e-51	0	0
100	100	uniform	1	7	0	warm	3.881544721800809e-54	0	0
100	100	uniform	1	15	0	cold	2.3720047737358013e-50	0	0
100	100	uniform	1	15	0	warm	5.475660517909841e-51	0	0
100	100	uniform	1	23	0	cold	2.065592185415305e-45	0	0
100	100	uniform	1	23	0	warm	2.2468683713077067e-45	0	0
100	100	uniform	2	0	0	cold	2.5392571529515832e-65	0	0
100	100	uniform	2	0	0	warm	2.5392571529515832e-65	0	0
100	100	uniform	2	7	0	cold	8.720280792072051e-67	0	0
100	100	uniform	2	7	0	warm	4.26129850366066e-67	0	0
100	100	uniform	2	15	0	cold	3.5761311935980126e-67	0	0
100	100	uniform	2	15	0	warm	4.1991354478418414e-68	0	0
100	100	uniform	2	23	0	cold	8.493646462728855e-69	0	0
100	100	uniform	2	23	0	warm	3.4428372978457147e-69	0	0
100	100	uniform	3	0	0	cold	1.4090802084495768e-62	0	0
100	100	uniform	3	0	0	warm	1.4090802084495768e-62	0	0
100	100	uniform	3	7	0	cold	6.932002025494103e-64	0	0
100	100	uniform	3	7	0	warm	1.966337299632186e-65	0	0
100	100	uniform	3	15	0	cold	1.2949882209768575e-63	0	0
100	100	uniform	3	15	0	warm	2.2744979755467786e-64	0	0
100	100	uniform	3	23	0	cold	7.687230971275233e-64	0	0
100	100	uniform	3	23	0	warm	1.559984268741943e-65	0	0
100	100	uniform	4	0	0	cold	2.247554563208099e-56	0	0
100	100	uniform	4	0	0	warm	2.247554563208099e-56	0	0
100	100	uniform	4	7	0	cold	7.412841986169985e-58	0	0
100	100	uniform	4	7	0	warm	3.349904563252241e-58	0	0
100	100	uniform	4	15	0	cold	7.762954626399804e-57	0	0
100	100	uniform	4	15	0	warm	1.1089935180571148e-57	0	0
100	100	uniform	4	23	0	cold	1.3825718852692268e-57	0	0
100	100	uniform	4	23	0	warm	3.686858360717938e-57	0	0
101	101	linear	0	0	0	cold	6.162349902914126e-57	0	0
101	101	linear	0	0	0	warm	6.162349902914126e-57	0	0
101	101	linear	0	7	0	cold	5.715325909521908e-72	0	0
101	101	linear	0	7	0	warm	4.2697389270412147e-51	0	0
101	101	linear	0	15	0	cold	6.717361784388157e-46	0	0
101	101	linear	0	15	0	warm	1.032494357978024e-66	0	0
101	101	linear	0	23	0	cold	6.916008175623443e-69	0	0
101	101	linear	0	23	0	warm	3.2312741622318583e-69	0	0
101	101	linear	1	0	0	cold	3.2584663228654323e-53	0	0
101	101	linear	1	0	0	warm	3.2584663228654323e-53	0	0
101	101	linear	1	7	0	cold	1.9191730887359417e-49	0	0
101	101	linear	1	7	0	warm	2.9887864696643854e-53	0	0
101	101	linear	1	15	0	cold	9.782925142154876e-50	0	0
101	101	linear	1	15	0	warm	1.0986402530896803e-53	0	0
101	101	linear	1	23	0	cold	1.749849374110496e-50	0	0
101	101	linear	1	23	0	warm	1.0750721780560914e-52	0	0
101	101	linear	2	0	0	cold	6.515961456948902e-39	0	0
101	101	linear	2	0	0	warm	6.515961456948902e-39	0	0
101	101	linear	2	7	0	cold	2.149261259269383e-41	0	0
101	101	linear	2	7	0	warm	2.185170386034359e-43	0	0
101	101	linear	2	15	0	cold	5.556376226002579e-44	0	0
101	101	linear	2	15	0	warm	1.3500717337993726e-45	0	0
101	101	linear	2	23	0	cold	7.546902023453103e-46	0	0
101	101	linear	2	23	0	warm	1.3417947937483241e-46	0	0
101	101	linear	3	0	0	cold	4.259845464150798e-64	0	0
101	101	linear	3	0	0	warm	4.259845464150798e-64	0	0
101	101	linear	3	7	0	cold	6.3780726621479896e-49	0	0
101	101	linear	3	7	0	warm	1.71939738858388e-47	0	0
101	101	linear	3	15	0	cold	6.666621398564926e-68	0	0
101	101	linear	3	15	0	warm	1.6993739322155513e-70	0	0
101	101	linear	3	23	0	cold	4.792429683422946e-71	0	0
101	101	linear	3	23	0	warm	2.4799314535698162e-70	0	0
101	101	linear	4	0	0	cold	1.2897469045123248e-46	0	0
101	101	linear	4	0	0	warm	1.2897469045123248e-46	0	0
101	101	linear	4	7	0	cold	5.005183216638194e-48	0	0
101	101	linear	4	7	0	warm	3.2734036361777367e-47	0	0
101	101	linear	4	15	0	cold	6.338842979275732e-48	0	0
101	101	linear	4	15	0	warm	3.985382978404677e-48	0	0
101	101	linear	4	23	0	cold	3.1187160013542154e-48	0	0
101	101	linear	4	23	0	warm	4.501515983330686e-49	0	0
101	101	uniform	0	0	0	cold	6.162349902914126e-57	0	0
101	101	uniform	0	0	0	warm	6.162349902914126e-57	0	0
101	101	uniform	0	7	0	cold	5.715325909521908e-72	0	0
101	101	uniform	0	7	0	warm	4.2697389270412147e-51	0	0
101	101	uniform	0	15	0	cold	6.717361784388157e-46	0	0
101	101	uniform	0	15	0	warm	1.032494357978024e-66	0	0
101	101	uniform	0	23	0	cold	6.916008175623443e-69	0	0
101	101	uniform	0	23	0	warm	3.2312741622318583e-69	0	0
101	101	uniform	1	0	0	cold	3.2584663228654323e-53	0	0
101	101	uniform	1	0	0	warm	3.2584663228654323e-53	0	0
101	101	uniform	1	7	0	cold	1.9191730887359417e-49	0	0
101	101	uniform	1	7	0	warm	2.9887864696643854e-53	0	0
101	101	uniform	1	15	0	cold	9.782925142154876e-50	0	0
101	101	uniform	1	15	0	warm	1.0986402530896803e-53	0	0
101	101	uniform	1	23	0	cold	1.749849374110496e-50	0	0
101	101	uniform	1	23	0	warm	1.0750721780560914e-52	0	0
101	101	uniform	2	0	0	cold	6.515961456948902e-39	0	0
101	101	uniform	2	0	0	warm	6.515961456948902e-39	0	0
101	101	uniform	2	7	0	cold	2.149261259269383e-41	0	0
101	101	uniform	2	7	0	warm	2.185170386034359e-43	0	0
101	101	uniform	2	15	0	cold	5.556376226002579e-44	0	0
101	101	uniform	2	15	0	warm	1.3500717337993726e-45	0	0
101	101	uniform	2	23	0	cold	7.546902023453103e-46	0	0
101	101	uniform	2	23	0	warm	1.3417947937483241e-46	0	0
101	101	uniform	3	0	0	cold	4.259845464150798e-64	0	0
101	101	uniform	3	0	0	warm	4.259845464150798e-64	0	0
101	101	uniform	3	7	0	cold	6.3780726621479896e-49	0	0
101	101	uniform	3	7	0	warm	1.71939738858388e-47	0	0
101	101	uniform	3	15	0	cold	6.666621398564926e-68	0	0
101	101	uniform	3	15	0	warm	1.6993739322155513e-70	0	0
101	101	uniform	3	23	0	cold	4.792429683422946e-71	0	0
101	101	uniform	3	23	0	warm	2.4799314535698162e-70	0	0
101	101	uniform	4	0	0	cold	1.2897469045123248e-46	0	0
101	101	uniform	4	0	0	warm	1.2897469045123248e-46	0	0
101	101	uniform	4	7	0	cold	5.005183216638194e-48	0	0
101	101	uniform	4	7	0	warm	3.2734036361777367e-47	0	0
101	101	uniform	4	15	0	cold	6.338842979275732e-48	0	0
101	101	uniform	4	15	0	warm	3.985382978404677e-48	0	0
101	101	uniform	4	23	0	cold	3.1187160013542154e-48	0	0
101	101	uniform	4	23	0	warm	4.501515983330686e-49	0	0
102	102	linear	0	0	0	cold	2.6100931666756045e-60	0	0
102	102	linear	0	0	0	warm	2.6100931666756045e-60	0	0
102	102	linear	0	7	0	cold	3.180876206421172e-62	0	0
102	102	linear	0	7	0	warm	5.591442289879883e-63	0	0
102	102	linear	0	15	0	cold	1.3227455455514124e-61	0	0
102	102	linear	0	15	0	warm	2.3620456170560934e-61	0	0
102	102	linear	0	23	0	cold	1.2188073784709148e-60	0	0
102	102	linear	0	23	0	warm	1.266047974535679e-60	0	0
102	102	linear	1	0	0	cold	8.021006794902518e-72	0	0
102	102	linear	1	0	0	warm	8.021006794902518e-72	0	0
102	102	linear	1	7	0	cold	2.0978041378937896e-71	0	0
102	102	linear	1	7	0	warm	7.798352440065849e-71	0	0
102	102	linear	1	15	0	cold	1.1827702611997543e-72	0	0
102	102	linear	1	15	0	warm	2.043725227617989e-70	0	0
102	102	linear	1	23	0	cold	2.137578926162314e-70	0	0
102	102	linear	1	23	0	warm	9.611931286285963e-74	0	0
102	102	linear	2	0	0	cold	1.3569415992685569e-64	0	0
102	102	linear	2	0	0	warm	1.3569415992685569e-64	0	0
102	102	linear	2	7	0	cold	3.392302270650974e-65	0	0
102	102	linear	2	7	0	warm	1.908170027241172e-66	0	0
102	102	linear	2	15	0	cold	1.8988611078395512e-64	0	0
102	102	linear	2	15	0	warm	2.3487605928046495e-74	0	0
102	102	linear	2	23	0	cold	3.647932084255346e-56	0	0
102	102	linear	2	23	0	warm	1.5200458051639269e-59	0	0
102	102	linear	3	0	0	cold	4.8947893246669226e-54	0	0
102	102	linear	3	0	0	warm	4.8947893246669226e-54	0	0
102	102	linear	3	7	0	cold	1.6121697508987267e-52	0	0
102	102	linear	3	7	0	warm	9.833447009243716e-56	0	0
102	102	linear	3	15	0	cold	1.1441520684436634e-54	0	0
102	102	linear	3	15	0	warm	4.873370913059386e-56	0	0
102	102	linear	3	23	0	cold	4.0288101956917396e-55	0	0
102	102	linear	3	23	0	warm	1.9998172525566795e-57	0	0
102	102	linear	4	0	0	cold	2.2653705320634687e-50	0	0
102	102	linear	4	0	0	warm	2.2653705320634687e-50	0	0
102	102	linear	4	7	0	cold	6.402445782067036e-55	0	0
102	102	linear	4	7	0	warm	1.2082664448474066e-54	0	0
102	102	linear	4	15	0	cold	3.09625917246835e-51	0	0
102	102	linear	4	15	0	warm	1.3273184503800655e-53	0	0
102	102	linear	4	23	0	cold	3.9465850907016824e-49	0	0
102	102	linear	4	23	0	warm	4.247361865020069e-53	0	0
102	102	uniform	0	0	0	cold	2.6100931666756045e-60	0	0
102	102	uniform	0	0	0	warm	2.6100931666756045e-60	0	0
102	102	uniform	0	7	0	cold	3.180876206421172e-62	0	0
102	102	uniform	0	7	0	warm	5.591442289879883e-63	0	0
102	102	uniform	0	15	0	cold	1.3227455455514124e-61	0	0
102	102	uniform	0	15	0	warm	2.3620456170560934e-61	0	0
102	102	uniform	0	23	0	cold	1.2188073784709148e-60	0	0
102	102	uniform	0	23	0	warm	1.266047974535679e-60	0	0
102	102	uniform	1	0	0	cold	8.021006794902518e-72	0	0
102	102	uniform	1	0	0	warm	8.021006794902518e-72	0	0
102	102	uniform	1	7	0	cold	2.0978041378937896e-71	0	0
102	102	uniform	1	7	0	warm	7.798352440065849e-71	0	0
102	102	uniform	1	15	0	cold	1.1827702611997543e-72	0	0
102	102	uniform	1	15	0	warm	2.043725227617989e-70	0	0
102	102	uniform	1	23	0	cold	2.137578926162314e-70	0	0
102	102	uniform	1	23	0	warm	9.611931286285963e-74	0	0
102	102	uniform	2	0	0	cold	1.3569415992685569e-64	0	0
102	102	uniform	2	0	0	warm	1.3569415992685569e-64	0	0
102	102	uniform	2	7	0	cold	3.392302270650974e-65	0	0
102	102	uniform	2	7	0	warm	1.908170027241172e-66	0	0
102	102	uniform	2	15	0	cold	1.8988611078395512e-64	0	0
102	102	uniform	2	15	0	warm	2.3487605928046495e-74	0	0
102	102	uniform	2	23	0	cold	3.647932084255346e-56	0	0
102	102	uniform	2	23	0	warm	1.5200458051639269e-59	0	0
102	102	uniform	3	0	0	cold	4.8947893246669226e-54	0	0
102	102	uniform	3	0	0	warm	4.8947893246669226e-54	0	0
102	102	uniform	3	7	0	cold	1.6121697508987267e-52	0	0
102	102	uniform	3	7	0	warm	9.833447009243716e-56	0	0
102	102	uniform	3	15	0	cold	1.1441520684436634e-54	0	0
102	102	uniform	3	15	0	warm	4.873370913059386e-56	0	0
102	102	uniform	3	23	0	cold	4.0288101956917396e-55	0	0
102	102	uniform	3	23	0	warm	1.9998172525566795e-57	0	0
102	102	uniform	4	0	0	cold	2.2653705320634687e-50	0	0
102	102	uniform	4	0	0	warm	2.2653705320634687e-50	0	0
102	102	uniform	4	7	0	cold	6.402445782067036e-55	0	0
102	102	uniform	4	7	0	warm	1.2082664448474066e-54	0	0
102	102	uniform	4	15	0	cold	3.09625917246835e-51	0	0
102	102	uniform	4	15	0	warm	1.3273184503800655e-53	0	0
102	102	uniform	4	23	0	cold	3.9465850907016824e-49	0	0
102	102	uniform	4	23	0	warm	4.247361865020069e-53	0	0
103	103	linear	0	0	0	cold	5.390194200788797e-48	0	0
103	103	linear	0	0	0	warm	5.390194200788797e-48	0	0
103	103	linear	0	7	0	cold	5.3408334165329345e-45	0	0
103	103	linear	0	7	0	warm	3.6210201944840047e-47	0	0
103	103	linear	0	15	0	cold	5.072554996333184e-43	0	0
103	103	linear	0	15	0	warm	3.124268266992438e-42	0	0
103	103	linear	0	23	0	cold	2.072998215214872e-65	0	0
103	103	linear	0	23	0	warm	1.7514937742825268e-42	0	0
103	103	linear	1	0	0	cold	1.0152548783057674e-72	0	0
103	103	linear	1	0	0	warm	1.0152548783057674e-72	0	0
103	103	linear	1	7	0	cold	4.713591073749206e-72	0	0
103	103	linear	1	7	0	warm	2.0336223222467925e-72	0	0
103	103	linear	1	15	0	cold	1.4806038053738438e-72	0	0
103	103	linear	1	15	0	warm	1.5063292090414336e-74	0	0
103	103	linear	1	23	0	cold	7.170823664822042e-46	0	0
103	103	linear	1	23	0	warm	7.278911233126377e-73	0	0
103	103	linear	2	0	0	cold	2.897316263628384e-58	0	0
103	103	linear	2	0	0	warm	2.897316263628384e-58	0	0
103	103	linear	2	7	0	cold	1.9622335422120356e-53	0	0
103	103	linear	2	7	0	warm	2.3261099596076997e-56	0	0
103	103	linear	2	15	0	cold	6.696977558504101e-49	0	0
103	103	linear	2	15	0	warm	3.325199396943971e-64	0	0
103	103	linear	2	23	0	cold	2.712108602235437e-50	0	0
103	103	linear	2	23	0	warm	2.7233959092509742e-45	0	0
103	103	linear	3	0	0	cold	8.999417495084062e-50	0	0
103	103	linear	3	0	0	warm	8.999417495084062e-50	0	0
103	103	linear	3	7	0	cold	1.392491473672019e-44	0	0
103	103	linear	3	7	0	warm	9.300765719214151e-49	0	0
103	103	linear	3	15	0	cold	1.4792030339763072e-43	0	0
103	103	linear	3	15	0	warm	7.673271626228304e-51	0	0
103	103	linear	3	23	0	cold	4.5608287606382206e-48	0	0
103	103	linear	3	23	0	warm	9.072388247543065e-53	0	0
103	103	linear	4	0	0	cold	2.9696765943127404e-45	0	0
103	103	linear	4	0	0	warm	2.9696765943127404e-45	0	0
103	103	linear	4	7	0	cold	3.0145411100494556e-40	0	0
103	103	linear	4	7	0	warm	1.5123929315102698e-52	0	0
103	103	linear	4	15	0	cold	5.4339692608475855e-45	0	0
103	103	linear	4	15	0	warm	3.621963052736793e-54	0	0
103	103	linear	4	23	0	cold	3.5777368569495107e-37	0	0
103	103	linear	4	23	0	warm	2.1273089018540155e-43	0	0
103	103	uniform	0	0	0	cold	5.390194200788797e-48	0	0
103	103	uniform	0	0	0	warm	5.390194200788797e-48	0	0
103	103	uniform	0	7	0	cold	5.3408334165329345e-45	0	0
103	103	uniform	0	7	0	warm	3.6210201944840047e-47	0	0
103	103	uniform	0	15	0	cold	5.072554996333184e-43	0	0
103	103	uniform	0	15	0	warm	3.124268266992438e-42	0	0
103	103	uniform	0	23	0	cold	2.072998215214872e-65	0	0
103	103	uniform	0	23	0	warm	1.7514937742825268e-42	0	0
103	103	uniform	1	0	0	cold	1.0152548783057674e-72	0	0
103	103	uniform	1	0	0	warm	1.0152548783057674e-72	0	0
103	103	uniform	1	7	0	cold	4.713591073749206e-72	0	0
103	103	uniform	1	7	0	warm	2.0336223222467925e-72	0	0
103	103	uniform	1	15	0	cold	1.4806038053738438e-72	0	0
103	103	uniform	1	15	0	warm	1.5063292090414336e-74	0	0
103	103	uniform	1	23	0	cold	7.170823664822042e-46	0	0
103	103	uniform	1	23	0	warm	7.278911233126377e-73	0	0
103	103	uniform	2	0	0	cold	2.897316263628384e-58	0	0
103	103	uniform	2	0	0	warm	2.897316263628384e-58	0	0
103	103	uniform	2	7	0	cold	1.9622335422120356e-53	0	0
103	103	uniform	2	7	0	warm	2.3261099596076997e-56	0	0
103	103	uniform	2	15	0	cold	6.696977558504101e-49	0	0
103	103	uniform	2	15	0	warm	3.325199396943971e-64	0	0
103	103	uniform	2	23	0	cold	2.712108602235437e-50	0	0
103	103	uniform	2	23	0	warm	2.7233959092509742e-45	0	0
103	103	uniform	3	0	0	cold	8.999417495084062e-50	0	0
103	103	uniform	3	0	0	warm	8.999417495084062e-50	0	0
103	103	uniform	3	7	0	cold	1.392491473672019e-44	0	0
103	103	uniform	3	7	0	warm	9.300765719214151e-49	0	0
103	103	uniform	3	15	0	cold	1.4792030339763072e-43	0	0
103	103	uniform	3	15	0	warm	7.673271626228304e-51	0	0
103	103	uniform	3	23	0	cold	4.5608287606382206e-48	0	0
103	103	uniform	3	23	0	warm	9.072388247543065e-53	0	0
103	103	uniform	4	0	0	cold	2.9696765943127404e-45	0	0
103	103	uniform	4	0	0	warm	2.9696765943127404e-45	0	0
103	103	uniform	4	7	0	cold	3.0145411100494556e-40	0	0
103	103	uniform	4	7	0	warm	1.5123929315102698e-52	0	0
103	103	uniform	4	15	0	cold	5.4339692608475855e-45	0	0
103	103	uniform	4	15	0	warm	3.621963052736793e-54	0	0
103	103	uniform	4	23	0	cold	3.5777368569495107e-37	0	0
103	103	uniform	4	23	0	warm	2.1273089018540155e-43	0	0
104	104	linear	0	0	0	cold	1.1599274791946582e-70	0	0
104	104	linear	0	0	0	warm	1.1599274791946582e-70	0	0
104	104	linear	0	7	0	cold	1.7386502407925868e-72	0	0
104	104	linear	0	7	0	warm	3.455041567583488e-76	0	0
104	104	linear	0	15	0	cold	3.3862462689242695e-75	0	0
104	104	linear	0	15	0	warm	6.163321674675926e-75	0	0
104	104	linear	0	23	0	cold	1.54610397868351e-46	0	0
104	104	linear	0	23	0	warm	2.714405168440202e-78	0	0
104	104	linear	1	0	0	cold	9.17459517084052e-67	0	0
104	104	linear	1	0	0	warm	9.17459517084052e-67	0	0
104	104	linear	1	7	0	cold	2.724690421142576e-69	0	0
104	104	linear	1	7	0	warm	5.912047978252492e-69	0	0
104	104	linear	1	15	0	cold	2.1254997741838593e-68	0	0
104	104	linear	1	15	0	warm	2.0272790085737288e-68	0	0
104	104	linear	1	23	0	cold	1.098045954203124e-68	0	0
104	104	linear	1	23	0	warm	9.338062681020987e-71	0	0
104	104	linear	2	0	0	cold	6.743418845671721e-69	0	0
104	104	linear	2	0	0	warm	6.743418845671721e-69	0	0
104	104	linear	2	7	0	cold	3.2341101023384692e-59	0	0
104	104	linear	2	7	0	warm	1.0726089942006042e-63	0	0
104	104	linear	2	15	0	cold	1.2711705025684847e-65	0	0
104	104	linear	2	15	0	warm	1.691413984499381e-67	0	0
104	104	linear	2	23	0	cold	3.720173071614397e-67	0	0
104	104	linear	2	23	0	warm	3.309511729094079e-68	0	0
104	104	linear	3	0	0	cold	3.3563656436273815e-60	0	0
104	104	linear	3	0	0	warm	3.3563656436273815e-60	0	0
104	104	linear	3	7	0	cold	2.5721853620564007e-60	0	0
104	104	linear	3	7	0	warm	3.215231702570501e-61	0	0
104	104	linear	3	15	0	cold	3.4141902950637573e-63	0	0
104	104	linear	3	15	0	warm	2.622098146608965e-61	0	0
104	104	linear	3	23	0	cold	7.441593487552615e-62	0	0
104	104	linear	3	23	0	warm	2.9040364829473615e-62	0	0
104	104	linear	4	0	0	cold	1.1787378894770188e-61	0	0
104	104	linear	4	0	0	warm	1.1787378894770188e-61	0	0
104	104	linear	4	7	0	cold	2.3218349570419948e-61	0	0
104	104	linear	4	7	0	warm	3.932867410345503e-64	0	0
104	104	linear	4	15	0	cold	8.77587045091553e-62	0	0
104	104	linear	4	15	0	warm	9.485111059506653e-63	0	0
104	104	linear	4	23	0	cold	1.4573479075993006e-62	0	0
104	104	linear	4	23	0	warm	1.8679386022696115e-65	0	0
104	104	uniform	0	0	0	cold	1.1599274791946582e-70	0	0
104	104	uniform	0	0	0	warm	1.1599274791946582e-70	0	0
104	104	uniform	0	7	0	cold	1.7386502407925868e-72	0	0
104	104	uniform	0	7	0	warm	3.455041567583488e-76	0	0
104	104	uniform	0	15	0	cold	3.3862462689242695e-75	0	0
104	104	uniform	0	15	0	warm	6.163321674675926e-75	0	0
104	104	uniform	0	23	0	cold	1.54610397868351e-46	0	0
104	104	uniform	0	23	0	warm	2.714405168440202e-78	0	0
104	104	uniform	1	0	0	cold	9.17459517084052e-67	0	0
104	104	uniform	1	0	0	warm	9.17459517084052e-67	0	0
104	104	uniform	1	7	0	cold	2.724690421142576e-69	0	0
104	104	uniform	1	7	0	warm	5.912047978252492e-69	0	0
104	104	uniform	1	15	0	cold	2.1254997741838593e-68	0	0
104	104	uniform	1	15	0	warm	2.0272790085737288e-68	0	0
104	104	uniform	1	23	0	cold	1.098045954203124e-68	0	0
104	104	uniform	1	23	0	warm	9.338062681020987e-71	0	0
104	104	uniform	2	0	0	cold	6.743418845671721e-69	0	0
104	104	uniform	2	0	0	warm	6.743418845671721e-69	0	0
104	104	uniform	2	7	0	cold	3.2341101023384692e-59	0	0
104	104	uniform	2	7	0	warm	1.0726089942006042e-63	0	0
104	104	uniform	2	15	0	cold	1.2711705025684847e-65	0	0
104	104	uniform	2	15	0	warm	1.691413984499381e-67	0	0
104	104	uniform	2	23	0	cold	3.720173071614397e-67	0	0
104	104	uniform	2	23	0	warm	3.309511729094079e-68	0	0
104	104	uniform	3	0	0	cold	3.3563656436273815e-60	0	0
104	104	uniform	3	0	0	warm	3.3563656436273815e-60	0	0
104	104	uniform	3	7	0	cold	2.5721853620564007e-60	0	0
104	104	uniform	3	7	0	warm	3.215231702570501e-61	0	0
104	104	uniform	3	15	0	cold	3.4141902950637573e-63	0	0
104	104	uniform	3	15	0	warm	2.622098146608965e-61	0	0
104	104	uniform	3	23	0	cold	7.441593487552615e-62	0	0
104	104	uniform	3	23	0	warm	2.9040364829473615e-62	0	0
104	104	uniform	4	0	0	cold	1.1787378894770188e-61	0	0
104	104	uniform	4	0	0	warm	1.1787378894770188e-61	0	0
104	104	uniform	4	7	0	cold	2.3218349570419948e-61	0	0
104	104	uniform	4	7	0	warm	3.932867410345503e-64	0	0
104	104	uniform	4	15	0	cold	8.77587045091553e-62	0	0
104	104	uniform	4	15	0	warm	9.485111059506653e-63	0	0
104	104	uniform	4	23	0	cold	1.4573479075993006e-62	0	0
104	104	uniform	4	23	0	warm	1.8679386022696115e-65	0	0
105	105	linear	0	0	0	cold	4.463402255878287e-47	0	0
105	105	linear	0	0	0	warm	4.463402255878287e-47	0	0
105	105	linear	0	7	0	cold	1.521175699826361e-56	0	0
105	105	linear	0	7	0	warm	4.199702045658557e-42	0	0
105	105	linear	0	15	0	cold	9.700032415478044e-42	0	0
105	105	linear	0	15	0	warm	1.795759911488892e-52	0	0
105	105	linear	0	23	0	cold	5.14824507535164e-46	0	0
105	105	linear	0	23	0	warm	1.500951255775295e-47	0	0
105	105	linear	1	0	0	cold	0.0	0	0
105	105	linear	1	0	0	warm	0.0	0	0
105	105	linear	1	7	0	cold	6.289409290764612e-15	0	0
105	105	linear	1	7	0	warm	0.0	0	0
105	105	linear	1	15	0	cold	3.88093262587208e-15	0	0
105	105	linear	1	15	0	warm	5.481317213860537e-15	0	0
105	105	linear	1	23	0	cold	1.2667488286535824e-14	0	0
105	105	linear	1	23	0	warm	6.801600637061441e-16	0	0
105	105	linear	2	0	0	cold	5.890267015859344e-43	0	0
105	105	linear	2	0	0	warm	5.890267015859344e-43	0	0
105	105	linear	2	7	0	cold	4.810673902192832e-67	0	0
105	105	linear	2	7	0	warm	5.519641320205059e-42	0	0
105	105	linear	2	15	0	cold	5.654241589428052e-68	0	0
105	105	linear	2	15	0	warm	3.780163048524022e-42	0	0
105	105	linear	2	23	0	cold	1.3276673191964204e-61	0	0
105	105	linear	2	23	0	warm	1.4998617494014345e-64	0	0
105	105	linear	3	0	0	cold	6.914820108579454e-37	0	0
105	105	linear	3	0	0	warm	6.914820108579454e-37	0	0
105	105	linear	3	7	0	cold	6.159940400481044e-32	0	0
105	105	linear	3	7	0	warm	1.7601040373270366e-37	0	0
105	105	linear	3	15	0	cold	1.2453822716963828e-32	0	0
105	105	linear	3	15	0	warm	2.087465779516685e-43	0	0
105	105	linear	3	23	0	cold	1.8199972413497116e-32	0	0
105	105	linear	3	23	0	warm	6.891658632514196e-46	0	0
105	105	linear	4	0	0	cold	4.8709150041193254e-70	0	0
105	105	linear	4	0	0	warm	4.8709150041193254e-70	0	0
105	105	linear	4	7	0	cold	4.3408880311971225e-66	0	0
105	105	linear	4	7	0	warm	2.2034744043674377e-66	0	0
105	105	linear	4	15	0	cold	7.847619048899389e-68	0	0
105	105	linear	4	15	0	warm	7.501035946891928e-67	0	0
105	105	linear	4	23	0	cold	7.569257807976507e-68	0	0
105	105	linear	4	23	0	warm	5.970119639502373e-69	0	0
105	105	uniform	0	0	0	cold	4.463402255878287e-47	0	0
105	105	uniform	0	0	0	warm	4.463402255878287e-47	0	0
105	105	uniform	0	7	0	cold	1.521175699826361e-56	0	0
105	105	uniform	0	7	0	warm	4.199702045658557e-42	0	0
105	105	uniform	0	15	0	cold	9.700032415478044e-42	0	0
105	105	uniform	0	15	0	warm	1.795759911488892e-52	0	0
105	105	uniform	0	23	0	cold	5.14824507535164e-46	0	0
105	105	uniform	0	23	0	warm	1.500951255775295e-47	0	0
105	105	uniform	1	0	0	cold	0.0	0	0
105	105	uniform	1	0	0	warm	0.0	0	0
105	105	uniform	1	7	0	cold	6.289409290764612e-15	0	0
105	105	uniform	1	7	0	warm	0.0	0	0
105	105	uniform	1	15	0	cold	3.88093262587208e-15	0	0
105	105	uniform	1	15	0	warm	5.481317213860537e-15	0	0
105	105	uniform	1	23	0	cold	1.2667488286535824e-14	0	0
105	105	uniform	1	23	0	warm	6.801600637061441e-16	0	0
105	105	uniform	2	0	0	cold	5.890267015859344e-43	0	0
105	105	uniform	2	0	0	warm	5.890267015859344e-43	0	0
105	105	uniform	2	7	0	cold	4.810673902192832e-67	0	0
105	105	uniform	2	7	0	warm	5.519641320205059e-42	0	0
105	105	uniform	2	15	0	cold	5.654241589428052e-68	0	0
105	105	uniform	2	15	0	warm	3.780163048524022e-42	0	0
105	105	uniform	2	23	0	cold	1.3276673191964204e-61	0	0
105	105	uniform	2	23	0	warm	1.4998617494014345e-64	0	0
105	105	uniform	3	0	0	cold	6.914820108579454e-37	0	0
105	105	uniform	3	0	0	warm	6.914820108579454e-37	0	0
105	105	uniform	3	7	0	cold	6.159940400481044e-32	0	0
105	105	uniform	3	7	0	warm	1.7601040373270366e-37	0	0
105	105	uniform	3	15	0	cold	1.2453822716963828e-32	0	0
105	105	uniform	3	15	0	warm	2.087465779516685e-43	0	0
105	105	uniform	3	23	0	cold	1.8199972413497116e-32	0	0
105	105	uniform	3	23	0	warm	6.891658632514196e-46	0	0
105	105	uniform	4	0	0	cold	4.8709150041193254e-70	0	0
105	105	uniform	4	0	0	warm	4.8709150041193254e-70	0	0
105	105	uniform	4	7	0	cold	4.3408880311971225e-66	0	0
105	105	uniform	4	7	0	warm	2.2034744043674377e-66	0	0
105	105	uniform	4	15	0	cold	7.847619048899389e-68	0	0
105	105	uniform	4	15	0	warm	7.501035946891928e-67	0	0
105	105	uniform	4	23	0	cold	7.569257807976507e-68	0	0
105	105	uniform	4	23	0	warm	5.970119639502373e-69	0	0
106	106	linear	0	0	0	cold	1.2198621411645854e-67	0	0
106	106	linear	0	0	0	warm	1.2198621411645854e-67	0	0
106	106	linear	0	7	0	cold	5.490773285515303e-72	0	0
106	106	linear	0	7	0	warm	1.6352510278264517e-74	0	0
106	106	linear	0	15	0	cold	1.090485637315781e-48	0	0
106	106	linear	0	15	0	warm	1.879375564456227e-72	0	0
106	106	linear	0	23	0	cold	8.229257950326255e-54	0	0
106	106	linear	0	23	0	warm	1.7412763851420095e-74	0	0
106	106	linear	1	0	0	cold	1.239077507233492e-78	0	0
106	106	linear	1	0	0	warm	1.239077507233492e-78	0	0
106	106	linear	1	7	0	cold	1.2708213398520652e-78	0	0
106	106	linear	1	7	0	warm	1.2365123406359286e-73	0	0
106	106	linear	1	15	0	cold	4.342115740371398e-79	0	0
106	106	linear	1	15	0	warm	4.760242977841189e-74	0	0
106	106	linear	1	23	0	cold	2.043751664093157e-83	0	0
106	106	linear	1	23	0	warm	1.9989378062315978e-73	0	0
106	106	linear	2	0	0	cold	3.642828602724165e-45	0	0
106	106	linear	2	0	0	warm	3.642828602724165e-45	0	0
106	106	linear	2	7	0	cold	1.3615214604898788e-39	0	0
106	106	linear	2	7	0	warm	1.6065648544059697e-68	0	0
106	106	linear	2	15	0	cold	1.109197348237219e-49	0	0
106	106	linear	2	15	0	warm	7.706727902766886e-72	0	0
106	106	linear	2	23	0	cold	7.318049970298568e-40	0	0
106	106	linear	2	23	0	warm	2.790407560368111e-72	0	0
106	106	linear	3	0	0	cold	1.0231677349746721e-51	0	0
106	106	linear	3	0	0	warm	1.0231677349746721e-51	0	0
106	106	linear	3	7	0	cold	8.312298199767608e-49	0	0
106	106	linear	3	7	0	warm	1.346509439286761e-59	0	0
106	106	linear	3	15	0	cold	5.3455293887820384e-51	0	0
106	106	linear	3	15	0	warm	1.711267821530563e-59	0	0
106	106	linear	3	23	0	cold	1.2571515782322304e-37	0	0
106	106	linear	3	23	0	warm	3.4662898397947525e-59	0	0
106	106	linear	4	0	0	cold	4.936898548196617e-44	0	0
106	106	linear	4	0	0	warm	4.936898548196617e-44	0	0
106	106	linear	4	7	0	cold	1.5937315597758762e-43	0	0
106	106	linear	4	7	0	warm	1.9310055100495248e-73	0	0
106	106	linear	4	15	0	cold	3.4745624525278033e-48	0	0
106	106	linear	4	15	0	warm	2.3192513269179604e-73	0	0
106	106	linear	4	23	0	cold	1.6079316126113018e-47	0	0
106	106	linear	4	23	0	warm	7.678297499112371e-74	0	0
106	106	uniform	0	0	0	cold	1.2198621411645854e-67	0	0
106	106	uniform	0	0	0	warm	1.2198621411645854e-67	0	0
106	106	uniform	0	7	0	cold	5.490773285515303e-72	0	0
106	106	uniform	0	7	0	warm	1.6352510278264517e-74	0	0
106	106	uniform	0	15	0	cold	1.090485637315781e-48	0	0
106	106	uniform	0	15	0	warm	1.879375564456227e-72	0	0
106	106	uniform	0	23	0	cold	8.229257950326255e-54	0	0
106	106	uniform	0	23	0	warm	1.7412763851420095e-74	0	0
106	106	uniform	1	0	0	cold	1.239077507233492e-78	0	0
106	106	uniform	1	0	0	warm	1.239077507233492e-78	0	0
106	106	uniform	1	7	0	cold	1.2708213398520652e-78	0	0
106	106	uniform	1	7	0	warm	1.2365123406359286e-73	0	0
106	106	uniform	1	15	0	cold	4.342115740371398e-79	0	0
106	106	uniform	1	15	0	warm	4.760242977841189e-74	0	0
106	106	uniform	1	23	0	cold	2.043751664093157e-83	0	0
106	106	uniform	1	23	0	warm	1.9989378062315978e-73	0	0
106	106	uniform	2	0	0	cold	3.642828602724165e-45	0	0
106	106	uniform	2	0	0	warm	3.642828602724165e-45	0	0
106	106	uniform	2	7	0	cold	1.3615214604898788e-39	0	0
106	106	uniform	2	7	0	warm	1.6065648544059697e-68	0	0
106	106	uniform	2	15	0	cold	1.109197348237219e-49	0	0
106	106	uniform	2	15	0	warm	7.706727902766886e-72	0	0
106	106	uniform	2	23	0	cold	7.318049970298568e-40	0	0
106	106	uniform	2	23	0	warm	2.790407560368111e-72	0	0
106	106	uniform	3	0	0	cold	1.0231677349746721e-51	0	0
106	106	uniform	3	0	0	warm	1.0231677349746721e-51	0	0
106	106	uniform	3	7	0	cold	8.312298199767608e-49	0	0
106	106	uniform	3	7	0	warm	1.346509439286761e-59	0	0
106	106	uniform	3	15	0	cold	5.3455293887820384e-51	0	0
106	106	uniform	3	15	0	warm	1.711267821530563e-59	0	0
106	106	uniform	3	23	0	cold	1.2571515782322304e-37	0	0
106	106	uniform	3	23	0	warm	3.4662898397947525e-59	0	0
106	106	uniform	4	0	0	cold	4.936898548196617e-44	0	0
106	106	uniform	4	0	0	warm	4.936898548196617e-44	0	0
106	106	uniform	4	7	0	cold	1.5937315597758762e-43	0	0
106	106	uniform	4	7	0	warm	1.9310055100495248e-73	0	0
106	106	uniform	4	15	0	cold	3.4745624525278033e-48	0	0
106	106	uniform	4	15	0	warm	2.3192513269179604e-73	0	0
106	106	uniform	4	23	0	cold	1.6079316126113018e-47	0	0
106	106	uniform	4	23	0	warm	7.678297499112371e-74	0	0
107	107	linear	0	0	0	cold	4.869173356700274e-66	0	0
107	107	linear	0	0	0	warm	4.869173356700274e-66	0	0
107	107	linear	0	7	0	cold	6.745785878271808e-60	0	0
107	107	linear	0	7	0	warm	1.14020155240079e-62	0	0
107	107	linear	0	15	0	cold	8.35561941311758e-60	0	0
107	107	linear	0	15	0	warm	5.88914117368609e-66	0	0
107	107	linear	0	23	0	cold	1.1426752599691084e-60	0	0
107	107	linear	0	23	0	warm	3.6553125280515676e-68	0	0
107	107	linear	1	0	0	cold	1.1863595130159178e-50	0	0
107	107	linear	1	0	0	warm	1.1863595130159178e-50	0	0
107	107	linear	1	7	0	cold	1.3460370189865497e-53	0	0
107	107	linear	1	7	0	warm	1.8963988307933063e-54	0	0
107	107	linear	1	15	0	cold	3.3628956468288496e-53	0	0
107	107	linear	1	15	0	warm	1.4550151503872793e-53	0	0
107	107	linear	1	23	0	cold	2.5804643620133837e-54	0	0
107	107	linear	1	23	0	warm	6.0387636419368884e-55	0	0
107	107	linear	2	0	0	cold	1.6956675674836877e-49	0	0
107	107	linear	2	0	0	warm	1.6956675674836877e-49	0	0
107	107	linear	2	7	0	cold	5.997253902609828e-48	0	0
107	107	linear	2	7	0	warm	1.672238456914195e-53	0	0
107	107	linear	2	15	0	cold	4.225813902844687e-49	0	0
107	107	linear	2	15	0	warm	1.029074774114018e-53	0	0
107	107	linear	2	23	0	cold	1.5704922027193388e-51	0	0
107	107	linear	2	23	0	warm	1.5436195914737703e-53	0	0
107	107	linear	3	0	0	cold	4.735741536267819e-52	0	0
107	107	linear	3	0	0	warm	4.735741536267819e-52	0	0
107	107	linear	3	7	0	cold	1.6808261503792798e-51	0	0
107	107	linear	3	7	0	warm	1.2124003913346485e-54	0	0
107	107	linear	3	15	0	cold	1.7703740916311183e-52	0	0
107	107	linear	3	15	0	warm	5.312731267270338e-54	0	0
107	107	linear	3	23	0	cold	1.3399422650256309e-55	0	0
107	107	linear	3	23	0	warm	8.839007293190108e-55	0	0
107	107	linear	4	0	0	cold	9.329452732665041e-60	0	0
107	107	linear	4	0	0	warm	9.329452732665041e-60	0	0
107	107	linear	4	7	0	cold	1.3952530204299087e-52	0	0
107	107	linear	4	7	0	warm	8.355893546449826e-57	0	0
107	107	linear	4	15	0	cold	4.141678982875819e-35	0	0
107	107	linear	4	15	0	warm	2.125922617724711e-40	0	0
107	107	linear	4	23	0	cold	2.124357254122228e-37	0	0
107	107	linear	4	23	0	warm	1.1669360496266468e-41	0	0
107	107	uniform	0	0	0	cold	4.869173356700274e-66	0	0
107	107	uniform	0	0	0	warm	4.869173356700274e-66	0	0
107	107	uniform	0	7	0	cold	6.745785878271808e-60	0	0
107	107	uniform	0	7	0	warm	1.14020155240079e-62	0	0
107	107	uniform	0	15	0	cold	8.35561941311758e-60	0	0
107	107	uniform	0	15	0	warm	5.88914117368609e-66	0	0
107	107	uniform	0	23	0	cold	1.1426752599691084e-60	0	0
107	107	uniform	0	23	0	warm	3.6553125280515676e-68	0	0
107	107	uniform	1	0	0	cold	1.1863595130159178e-50	0	0
107	107	uniform	1	0	0	warm	1.1863595130159178e-50	0	0
107	107	uniform	1	7	0	cold	1.3460370189865497e-53	0	0
107	107	uniform	1	7	0	warm	1.8963988307933063e-54	0	0
107	107	uniform	1	15	0	cold	3.3628956468288496e-53	0	0
107	107	uniform	1	15	0	warm	1.4550151503872793e-53	0	0
107	107	uniform	1	23	0	cold	2.5804643620133837e-54	0	0
107	107	uniform	1	23	0	warm	6.0387636419368884e-55	0	0
107	107	uniform	2	0	0	cold	1.6956675674836877e-49	0	0
107	107	uniform	2	0	0	warm	1.6956675674836877e-49	0	0
107	107	uniform	2	7	0	cold	5.997253902609828e-48	0	0
107	107	uniform	2	7	0	warm	1.672238456914195e-53	0	0
107	107	uniform	2	15	0	cold	4.225813902844687e-49	0	0
107	107	uniform	2	15	0	warm	1.029074774114018e-53	0	0
107	107	uniform	2	23	0	cold	1.5704922027193388e-51	0	0
107	107	uniform	2	23	0	warm	1.5436195914737703e-53	0	0
107	107	uniform	3	0	0	cold	4.735741536267819e-52	0	0
107	107	uniform	3	0	0	warm	4.735741536267819e-52	0	0
107	107	uniform	3	7	0	cold	1.6808261503792798e-51	0	0
107	107	uniform	3	7	0	warm	1.2124003913346485e-54	0	0
107	107	uniform	3	15	0	cold	1.7703740916311183e-52	0	0
107	107	uniform	3	15	0	warm	5.312731267270338e-54	0	0
107	107	uniform	3	23	0	cold	1.3399422650256309e-55	0	0
107	107	uniform	3	23	0	warm	8.839007293190108e-55	0	0
107	107	uniform	4	0	0	cold	9.329452732665041e-60	0	0
107	107	uniform	4	0	0	warm	9.329452732665041e-60	0	0
107	107	uniform	4	7	0	cold	1.3952530204299087e-52	0	0
107	107	uniform	4	7	0	warm	8.355893546449826e-57	0	0
107	107	uniform	4	15	0	cold	4.141678982875819e-35	0	0
107	107	uniform	4	15	0	warm	2.125922617724711e-40	0	0
107	107	uniform	4	23	0	cold	2.124357254122228e-37	0	0
107	107	uniform	4	23	0	warm	1.1669360496266468e-41	0	0
108	108	linear	0	0	0	cold	3.595888600450414e-61	0	0
108	108	linear	0	0	0	warm	3.595888600450414e-61	0	0
108	108	linear	0	7	0	cold	2.633587748043634e-59	0	0
108	108	linear	0	7	0	warm	6.340390395695154e-59	0	0
108	108	linear	0	15	0	cold	1.1491570938350198e-50	0	0
108	108	linear	0	15	0	warm	9.295243041631367e-51	0	0
108	108	linear	0	23	0	cold	9.689268722546758e-55	0	0
108	108	linear	0	23	0	warm	1.2108799222678404e-54	0	0
108	108	linear	1	0	0	cold	2.819469617628489e-60	0	0
108	108	linear	1	0	0	warm	2.819469617628489e-60	0	0
108	108	linear	1	7	0	cold	4.2727607313299395e-60	0	0
108	108	linear	1	7	0	warm	7.102586700454039e-59	0	0
108	108	linear	1	15	0	cold	6.952573661050055e-60	0	0
108	108	linear	1	15	0	warm	2.4386136480975724e-60	0	0
108	108	linear	1	23	0	cold	3.2942914926694886e-62	0	0
108	108	linear	1	23	0	warm	7.566922162799916e-63	0	0
108	108	linear	2	0	0	cold	5.623007008626091e-59	0	0
108	108	linear	2	0	0	warm	5.623007008626091e-59	0	0
108	108	linear	2	7	0	cold	9.513500981602718e-58	0	0
108	108	linear	2	7	0	warm	2.0118060191795837e-57	0	0
108	108	linear	2	15	0	cold	9.765548805777989e-57	0	0
108	108	linear	2	15	0	warm	3.436273939193066e-58	0	0
108	108	linear	2	23	0	cold	5.97149209109411e-59	0	0
108	108	linear	2	23	0	warm	6.712813583574508e-59	0	0
108	108	linear	3	0	0	cold	1.633729656587615e-64	0	0
108	108	linear	3	0	0	warm	1.633729656587615e-64	0	0
108	108	linear	3	7	0	cold	2.104127556974926e-66	0	0
108	108	linear	3	7	0	warm	1.5850717741060939e-65	0	0
108	108	linear	3	15	0	cold	7.181923444672306e-65	0	0
108	108	linear	3	15	0	warm	2.188776668852513e-64	0	0
108	108	linear	3	23	0	cold	2.905793993014591e-65	0	0
108	108	linear	3	23	0	warm	3.51203878292411e-65	0	0
108	108	linear	4	0	0	cold	1.8378088157581152e-66	0	0
108	108	linear	4	0	0	warm	1.8378088157581152e-66	0	0
108	108	linear	4	7	0	cold	7.412490709641894e-67	0	0
108	108	linear	4	7	0	warm	7.135235831613484e-70	0	0
108	108	linear	4	15	0	cold	1.6299906614291975e-66	0	0
108	108	linear	4	15	0	warm	2.4385687060751775e-67	0	0
108	108	linear	4	23	0	cold	3.724178098611683e-69	0	0
108	108	linear	4	23	0	warm	1.897292722874807e-68	0	0
108	108	uniform	0	0	0	cold	3.595888600450414e-61	0	0
108	108	uniform	0	0	0	warm	3.595888600450414e-61	0	0
108	108	uniform	0	7	0	cold	2.633587748043634e-59	0	0
108	108	uniform	0	7	0	warm	6.340390395695154e-59	0	0
108	108	uniform	0	15	0	cold	1.1491570938350198e-50	0	0
108	108	uniform	0	15	0	warm	9.295243041631367e-51	0	0
108	108	uniform	0	23	0	cold	9.689268722546758e-55	0	0
108	108	uniform	0	23	0	warm	1.2108799222678404e-54	0	0
108	108	uniform	1	0	0	cold	2.819469617628489e-60	0	0
108	108	uniform	1	0	0	warm	2.819469617628489e-60	0	0
108	108	uniform	1	7	0	cold	4.2727607313299395e-60	0	0
108	108	uniform	1	7	0	warm	7.102586700454039e-59	0	0
108	108	uniform	1	15	0	cold	6.952573661050055e-60	0	0
108	108	uniform	1	15	0	warm	2.4386136480975724e-60	0	0
108	108	uniform	1	23	0	cold	3.2942914926694886e-62	0	0
108	108	uniform	1	23	0	warm	7.566922162799916e-63	0	0
108	108	uniform	2	0	0	cold	5.623007008626091e-59	0	0
108	108	uniform	2	0	0	warm	5.623007008626091e-59	0	0
108	108	uniform	2	7	0	cold	9.513500981602718e-58	0	0
108	108	uniform	2	7	0	warm	2.0118060191795837e-57	0	0
108	108	uniform	2	15	0	cold	9.765548805777989e-57	0	0
108	108	uniform	2	15	0	warm	3.436273939193066e-58	0	0
108	108	uniform	2	23	0	cold	5.97149209109411e-59	0	0
108	108	uniform	2	23	0	warm	6.712813583574508e-59	0	0
108	108	uniform	3	0	0	cold	1.633729656587615e-64	0	0
108	108	uniform	3	0	0	warm	1.633729656587615e-64	0	0
108	108	uniform	3	7	0	cold	2.104127556974926e-66	0	0
108	108	uniform	3	7	0	warm	1.5850717741060939e-65	0	0
108	108	uniform	3	15	0	cold	7.181923444672306e-65	0	0
108	108	uniform	3	15	0	warm	2.188776668852513e-64	0	0
108	108	uniform	3	23	0	cold	2.905793993014591e-65	0	0
108	108	uniform	3	23	0	warm	3.51203878292411e-65	0	0
108	108	uniform	4	0	0	cold	1.8378088157581152e-66	0	0
108	108	uniform	4	0	0	warm	1.8378088157581152e-66	0	0
108	108	uniform	4	7	0	cold	7.412490709641894e-67	0	0
108	108	uniform	4	7	0	warm	7.135235831613484e-70	0	0
108	108	uniform	4	15	0	cold	1.6299906614291975e-66	0	0
108	108	uniform	4	15	0	warm	2.4385687060751775e-67	0	0
108	108	uniform	4	23	0	cold	3.724178098611683e-69	0	0
108	108	uniform	4	23	0	warm	1.897292722874807e-68	0	0
109	109	linear	0	0	0	cold	2.78766445502872e-66	0	0
109	109	linear	0	0	0	warm	2.78766445502872e-66	0	0
109	109	linear	0	7	0	cold	9.83572480495219e-64	0	0
109	109	linear	0	7	0	warm	2.4589312012380486e-64	0	0
109	109	linear	0	15	0	cold	9.900030609302516e-66	0	0
109	109	linear	0	15	0	warm	5.321755584447201e-67	0	0
109	109	linear	0	23	0	cold	7.750807191397124e-72	0	0
109	109	linear	0	23	0	warm	5.815234996207587e-72	0	0
109	109	linear	1	0	0	cold	8.258789418588183e-66	0	0
109	109	linear	1	0	0	warm	8.258789418588183e-66	0	0
109	109	linear	1	7	0	cold	3.178489362029941e-68	0	0
109	109	linear	1	7	0	warm	2.1848809136517253e-68	0	0
109	109	linear	1	15	0	cold	1.024705569134156e-65	0	0
109	109	linear	1	15	0	warm	4.2710571934324805e-65	0	0
109	109	linear	1	23	0	cold	3.8289201550062353e-63	0	0
109	109	linear	1	23	0	warm	3.718450962295447e-64	0	0
109	109	linear	2	0	0	cold	7.159653999363166e-72	0	0
109	109	linear	2	0	0	warm	7.159653999363166e-72	0	0
109	109	linear	2	7	0	cold	1.1403309573860882e-71	0	0
109	109	linear	2	7	0	warm	2.9427446113009504e-72	0	0
109	109	linear	2	15	0	cold	1.387208996210679e-71	0	0
109	109	linear	2	15	0	warm	2.390267808855324e-71	0	0
109	109	linear	2	23	0	cold	2.621307389890866e-71	0	0
109	109	linear	2	23	0	warm	2.627468226123623e-71	0	0
109	109	linear	3	0	0	cold	1.6778212804112824e-45	0	0
109	109	linear	3	0	0	warm	1.6778212804112824e-45	0	0
109	109	linear	3	7	0	cold	9.702651138957027e-45	0	0
109	109	linear	3	7	0	warm	5.485847039437456e-79	0	0
109	109	linear	3	15	0	cold	5.099917915586854e-75	0	0
109	109	linear	3	15	0	warm	9.083742835675324e-74	0	0
109	109	linear	3	23	0	cold	2.5368324625651495e-73	0	0
109	109	linear	3	23	0	warm	4.9547509034475585e-73	0	0
109	109	linear	4	0	0	cold	8.037274656243125e-75	0	0
109	109	linear	4	0	0	warm	8.037274656243125e-75	0	0
109	109	linear	4	7	0	cold	3.5713775984058176e-73	0	0
109	109	linear	4	7	0	warm	7.74939978480392e-74	0	0
109	109	linear	4	15	0	cold	1.51572603321188e-73	0	0
109	109	linear	4	15	0	warm	6.476143986112851e-74	0	0
109	109	linear	4	23	0	cold	2.1662022743366886e-74	0	0
109	109	linear	4	23	0	warm	1.565646144632035e-74	0	0
109	109	uniform	0	0	0	cold	2.78766445502872e-66	0	0
109	109	uniform	0	0	0	warm	2.78766445502872e-66	0	0
109	109	uniform	0	7	0	cold	9.83572480495219e-64	0	0
109	109	uniform	0	7	0	warm	2.4589312012380486e-64	0	0
109	109	uniform	0	15	0	cold	9.900030609302516e-66	0	0
109	109	uniform	0	15	0	warm	5.321755584447201e-67	0	0
109	109	uniform	0	23	0	cold	7.750807191397124e-72	0	0
109	109	uniform	0	23	0	warm	5.815234996207587e-72	0	0
109	109	uniform	1	0	0	cold	8.258789418588183e-66	0	0
109	109	uniform	1	0	0	warm	8.258789418588183e-66	0	0
109	109	uniform	1	7	0	cold	3.178489362029941e-68	0	0
109	109	uniform	1	7	0	warm	2.1848809136517253e-68	0	0
109	109	uniform	1	15	0	cold	1.024705569134156e-65	0	0
109	109	uniform	1	15	0	warm	4.2710571934324805e-65	0	0
109	109	uniform	1	23	0	cold	3.8289201550062353e-63	0	0
109	109	uniform	1	23	0	warm	3.718450962295447e-64	0	0
109	109	uniform	2	0	0	cold	7.159653999363166e-72	0	0
109	109	uniform	2	0	0	warm	7.159653999363166e-72	0	0
109	109	uniform	2	7	0	cold	1.1403309573860882e-71	0	0
109	109	uniform	2	7	0	warm	2.9427446113009504e-72	0	0
109	109	uniform	2	15	0	cold	1.387208996210679e-71	0	0
109	109	uniform	2	15	0	warm	2.390267808855324e-71	0	0
109	109	uniform	2	23	0	cold	2.621307389890866e-71	0	0
109	109	uniform	2	23	0	warm	2.627468226123623e-71	0	0
109	109	uniform	3	0	0	cold	1.6778212804112824e-45	0	0
109	109	uniform	3	0	0	warm	1.6778212804112824e-45	0	0
109	109	uniform	3	7	0	cold	9.702651138957027e-45	0	0
109	109	uniform	3	7	0	warm	5.485847039437456e-79	0	0
109	109	uniform	3	15	0	cold	5.099917915586854e-75	0	0
109	109	uniform	3	15	0	warm	9.083742835675324e-74	0	0
109	109	uniform	3	23	0	cold	2.5368324625651495e-73	0	0
109	109	uniform	3	23	0	warm	4.9547509034475585e-73	0	0
109	109	uniform	4	0	0	cold	8.037274656243125e-75	0	0
109	109	uniform	4	0	0	warm	8.037274656243125e-75	0	0
109	109	uniform	4	7	0	cold	3.5713775984058176e-73	0	0
109	109	uniform	4	7	0	warm	7.74939978480392e-74	0	0
109	109	uniform	4	15	0	cold	1.51572603321188e-73	0	0
109	109	uniform	4	15	0	warm	6.476143986112851e-74	0	0
109	109	uniform	4	23	0	cold	2.1662022743366886e-74	0	0
109	109	uniform	4	23	0	warm	1.565646144632035e-74	0	0
110	110	linear	0	0	0	cold	4.770429802811701e-64	0	0
110	110	linear	0	0	0	warm	4.770429802811701e-64	0	0
110	110	linear	0	7	0	cold	8.347431359321331e-65	0	0
110	110	linear	0	7	0	warm	2.1941819573073216e-63	0	0
110	110	linear	0	15	0	cold	5.4874366799766455e-67	0	0
110	110	linear	0	15	0	warm	1.4030830078021199e-64	0	0
110	110	linear	0	23	0	cold	1.3411390529001796e-66	0	0
110	110	linear	0	23	0	warm	2.4384346416366904e-66	0	0
110	110	linear	1	0	0	cold	1.1622570326930542e-37	0	0
110	110	linear	1	0	0	warm	1.1622570326930542e-37	0	0
110	110	linear	1	7	0	cold	2.8962743935362085e-55	0	0
110	110	linear	1	7	0	warm	1.1217340532211578e-46	0	0
110	110	linear	1	15	0	cold	2.0238001197526478e-66	0	0
110	110	linear	1	15	0	warm	1.3388432899285338e-58	0	0
110	110	linear	1	23	0	cold	7.601085752258527e-50	0	0
110	110	linear	1	23	0	warm	5.027299598766497e-47	0	0
110	110	linear	2	0	0	cold	1.163531411667858e-55	0	0
110	110	linear	2	0	0	warm	1.163531411667858e-55	0	0
110	110	linear	2	7	0	cold	1.1245753156289475e-50	0	0
110	110	linear	2	7	0	warm	3.290807951264432e-52	0	0
110	110	linear	2	15	0	cold	6.711963283549978e-55	0	0
110	110	linear	2	15	0	warm	8.316334431758572e-54	0	0
110	110	linear	2	23	0	cold	2.3903196924245185e-57	0	0
110	110	linear	2	23	0	warm	6.964605962459874e-58	0	0
110	110	linear	3	0	0	cold	1.394999876573996e-63	0	0
110	110	linear	3	0	0	warm	1.394999876573996e-63	0	0
110	110	linear	3	7	0	cold	7.312398668003755e-65	0	0
110	110	linear	3	7	0	warm	1.9666694591158632e-63	0	0
110	110	linear	3	15	0	cold	2.958218963518965e-60	0	0
110	110	linear	3	15	0	warm	2.0750964996951955e-61	0	0
110	110	linear	3	23	0	cold	1.301023134927727e-64	0	0
110	110	linear	3	23	0	warm	3.36154668580566e-64	0	0
110	110	linear	4	0	0	cold	6.467149234549328e-76	0	0
110	110	linear	4	0	0	warm	6.467149234549328e-76	0	0
110	110	linear	4	7	0	cold	1.363017177858533e-78	0	0
110	110	linear	4	7	0	warm	7.963987492906749e-76	0	0
110	110	linear	4	15	0	cold	6.778368172116755e-76	0	0
110	110	linear	4	15	0	warm	2.285324219071003e-78	0	0
110	110	linear	4	23	0	cold	3.737406304200795e-67	0	0
110	110	linear	4	23	0	warm	2.060391615672479e-76	0	0
110	110	uniform	0	0	0	cold	4.770429802811701e-64	0	0
110	110	uniform	0	0	0	warm	4.770429802811701e-64	0	0
110	110	uniform	0	7	0	cold	8.347431359321331e-65	0	0
110	110	uniform	0	7	0	warm	2.1941819573073216e-63	0	0
110	110	uniform	0	15	0	cold	5.4874366799766455e-67	0	0
110	110	uniform	0	15	0	warm	1.4030830078021199e-64	0	0
110	110	uniform	0	23	0	cold	1.3411390529001796e-66	0	0
110	110	uniform	0	23	0	warm	2.4384346416366904e-66	0	0
110	110	uniform	1	0	0	cold	1.1622570326930542e-37	0	0
110	110	uniform	1	0	0	warm	1.1622570326930542e-37	0	0
110	110	uniform	1	7	0	cold	2.8962743935362085e-55	0	0
110	110	uniform	1	7	0	warm	1.1217340532211578e-46	0	0
110	110	uniform	1	15	0	cold	2.0238001197526478e-66	0	0
110	110	uniform	1	15	0	warm	1.3388432899285338e-58	0	0
110	110	uniform	1	23	0	cold	7.601085752258527e-50	0	0
110	110	uniform	1	23	0	warm	5.027299598766497e-47	0	0
110	110	uniform	2	0	0	cold	1.163531411667858e-55	0	0
110	110	uniform	2	0	0	warm	1.163531411667858e-55	0	0
110	110	uniform	2	7	0	cold	1.1245753156289475e-50	0	0
110	110	uniform	2	7	0	warm	3.290807951264432e-52	0	0
110	110	uniform	2	15	0	cold	6.711963283549978e-55	0	0
110	110	uniform	2	15	0	warm	8.316334431758572e-54	0	0
110	110	uniform	2	23	0	cold	2.3903196924245185e-57	0	0
110	110	uniform	2	23	0	warm	6.964605962459874e-58	0	0
110	110	uniform	3	0	0	cold	1.394999876573996e-63	0	0
110	110	uniform	3	0	0	warm	1.394999876573996e-63	0	0
110	110	uniform	3	7	0	cold	7.312398668003755e-65	0	0
110	110	uniform	3	7	0	warm	1.9666694591158632e-63	0	0
110	110	uniform	3	15	0	cold	2.958218963518965e-60	0	0
110	110	uniform	3	15	0	warm	2.0750964996951955e-61	0	0
110	110	uniform	3	23	0	cold	1.301023134927727e-64	0	0
110	110	uniform	3	23	0	warm	3.36154668580566e-64	0	0
110	110	uniform	4	0	0	cold	6.467149234549328e-76	0	0
110	110	uniform	4	0	0	warm	6.467149234549328e-76	0	0
110	110	uniform	4	7	0	cold	1.363017177858533e-78	0	0
110	110	uniform	4	7	0	warm	7.963987492906749e-76	0	0
110	110	uniform	4	15	0	cold	6.778368172116755e-76	0	0
110	110	uniform	4	15	0	warm	2.285324219071003e-78	0	0
110	110	uniform	4	23	0	cold	3.737406304200795e-67	0	0
110	110	uniform	4	23	0	warm	2.060391615672479e-76	0	0
111	111	linear	0	0	0	cold	8.230232706080318e-42	0	0
111	111	linear	0	0	0	warm	8.230232706080318e-42	0	0
111	111	linear	0	7	0	cold	3.235218596103824e-41	0	0
111	111	linear	0	7	0	warm	1.3343240683491024e-40	0	0
111	111	linear	0	15	0	cold	6.515839966248664e-41	0	0
111	111	linear	0	15	0	warm	4.4522854979099814e-41	0	0
111	111	linear	0	23	0	cold	9.16129636426046e-42	0	0
111	111	linear	0	23	0	warm	5.81529979034664e-41	0	0
111	111	linear	1	0	0	cold	7.551631889321336e-41	0	0
111	111	linear	1	0	0	warm	7.551631889321336e-41	0	0
111	111	linear	1	7	0	cold	6.515829146227412e-41	0	0
111	111	linear	1	7	0	warm	6.198891540303056e-41	0	0
111	111	linear	1	15	0	cold	2.4343789952944373e-41	0	0
111	111	linear	1	15	0	warm	2.777194449995594e-41	0	0
111	111	linear	1	23	0	cold	8.967420312655759e-41	0	0
111	111	linear	1	23	0	warm	3.090425624814103e-41	0	0
111	111	linear	2	0	0	cold	1.8934967209333352e-44	0	0
111	111	linear	2	0	0	warm	1.8934967209333352e-44	0	0
111	111	linear	2	7	0	cold	4.8899353755867725e-43	0	0
111	111	linear	2	7	0	warm	2.692017116473223e-45	0	0
111	111	linear	2	15	0	cold	5.253505316562107e-42	0	0
111	111	linear	2	15	0	warm	8.914921879901389e-43	0	0
111	111	linear	2	23	0	cold	6.09411475459873e-40	0	0
111	111	linear	2	23	0	warm	1.2428720794974267e-39	0	0
111	111	linear	3	0	0	cold	1.3852345549520887e-57	0	0
111	111	linear	3	0	0	warm	1.3852345549520887e-57	0	0
111	111	linear	3	7	0	cold	4.234824251186221e-22	0	0
111	111	linear	3	7	0	warm	4.234824251186221e-22	0	0
111	111	linear	3	15	0	cold	4.2348245308705893e-22	0	0
111	111	linear	3	15	0	warm	8.469649061741179e-22	0	0
111	111	linear	3	23	0	cold	6.352237229980149e-22	0	0
111	111	linear	3	23	0	warm	8.510551824474638e-39	0	0
111	111	linear	4	0	0	cold	8.469682481039289e-22	0	0
111	111	linear	4	0	0	warm	8.469682481039289e-22	0	0
111	111	linear	4	7	0	cold	1.0066461248315067e-50	0	0
111	111	linear	4	7	0	warm	7.076550649439904e-50	0	0
111	111	linear	4	15	0	cold	2.710296285164907e-20	0	0
111	111	linear	4	15	0	warm	2.710296285164907e-20	0	0
111	111	linear	4	23	0	cold	1.270452390241622e-21	0	0
111	111	linear	4	23	0	warm	1.270452390241622e-21	0	0
111	111	uniform	0	0	0	cold	8.230232706080318e-42	0	0
111	111	uniform	0	0	0	warm	8.230232706080318e-42	0	0
111	111	uniform	0	7	0	cold	3.235218596103824e-41	0	0
111	111	uniform	0	7	0	warm	1.3343240683491024e-40	0	0
111	111	uniform	0	15	0	cold	6.515839966248664e-41	0	0
111	111	uniform	0	15	0	warm	4.4522854979099814e-41	0	0
111	111	uniform	0	23	0	cold	9.16129636426046e-42	0	0
111	111	uniform	0	23	0	warm	5.81529979034664e-41	0	0
111	111	uniform	1	0	0	cold	7.551631889321336e-41	0	0
111	111	uniform	1	0	0	warm	7.551631889321336e-41	0	0
111	111	uniform	1	7	0	cold	6.515829146227412e-41	0	0
111	111	uniform	1	7	0	warm	6.198891540303056e-41	0	0
111	111	uniform	1	15	0	cold	2.4343789952944373e-41	0	0
111	111	uniform	1	15	0	warm	2.777194449995594e-41	0	0
111	111	uniform	1	23	0	cold	8.967420312655759e-41	0	0
111	111	uniform	1	23	0	warm	3.090425624814103e-41	0	0
111	111	uniform	2	0	0	cold	1.8934967209333352e-44	0	0
111	111	uniform	2	0	0	warm	1.8934967209333352e-44	0	0
111	111	uniform	2	7	0	cold	4.8899353755867725e-43	0	0
111	111	uniform	2	7	0	warm	2.692017116473223e-45	0	0
111	111	uniform	2	15	0	cold	5.253505316562107e-42	0	0
111	111	uniform	2	15	0	warm	8.914921879901389e-43	0	0
111	111	uniform	2	23	0	cold	6.09411475459873e-40	0	0
111	111	uniform	2	23	0	warm	1.2428720794974267e-39	0	0
111	111	uniform	3	0	0	cold	1.3852345549520887e-57	0	0
111	111	uniform	3	0	0	warm	1.3852345549520887e-57	0	0
111	111	uniform	3	7	0	cold	4.234824251186221e-22	0	0
111	111	uniform	3	7	0	warm	4.234824251186221e-22	0	0
111	111	uniform	3	15	0	cold	4.2348245308705893e-22	0	0
111	111	uniform	3	15	0	warm	8.469649061741179e-22	0	0
111	111	uniform	3	23	0	cold	6.352237229980149e-22	0	0
111	111	uniform	3	23	0	warm	8.510551824474638e-39	0	0
111	111	uniform	4	0	0	cold	8.469682481039289e-22	0	0
111	111	uniform	4	0	0	warm	8.469682481039289e-22	0	0
111	111	uniform	4	7	0	cold	1.0066461248315067e-50	0	0
111	111	uniform	4	7	0	warm	7.076550649439904e-50	0	0
111	111	uniform	4	15	0	cold	2.710296285164907e-20	0	0
111	111	uniform	4	15	0	warm	2.710296285164907e-20	0	0
111	111	uniform	4	23	0	cold	1.270452390241622e-21	0	0
111	111	uniform	4	23	0	warm	1.270452390241622e-21	0	0
112	112	linear	0	0	0	cold	2.0904860420937575e-48	0	0
112	112	linear	0	0	0	warm	2.0904860420937575e-48	0	0
112	112	linear	0	7	0	cold	2.5487366091919984e-48	0	0
112	112	linear	0	7	0	warm	4.914704589861183e-49	0	0
112	112	linear	0	15	0	cold	3.355638322252151e-48	0	0
112	112	linear	0	15	0	warm	1.755986420817182e-49	0	0
112	112	linear	0	23	0	cold	6.339951587716792e-48	0	0
112	112	linear	0	23	0	warm	1.6538754340693701e-47	0	0
112	112	linear	1	0	0	cold	2.7648105552952196e-63	0	0
112	112	linear	1	0	0	warm	2.7648105552952196e-63	0	0
112	112	linear	1	7	0	cold	1.276869349500896e-63	0	0
112	112	linear	1	7	0	warm	6.332243543936257e-64	0	0
112	112	linear	1	15	0	cold	1.594146999624144e-64	0	0
112	112	linear	1	15	0	warm	1.883570493765822e-66	0	0
112	112	linear	1	23	0	cold	2.372872834415022e-65	0	0
112	112	linear	1	23	0	warm	5.46789413835471e-65	0	0
112	112	linear	2	0	0	cold	2.642702077864565e-41	0	0
112	112	linear	2	0	0	warm	2.642702077864565e-41	0	0
112	112	linear	2	7	0	cold	1.4947533658663198e-42	0	0
112	112	linear	2	7	0	warm	1.2560425799204977e-42	0	0
112	112	linear	2	15	0	cold	6.615073264096707e-43	0	0
112	112	linear	2	15	0	warm	1.6355353037039054e-43	0	0
112	112	linear	2	23	0	cold	4.19012744226187e-41	0	0
112	112	linear	2	23	0	warm	9.488554525183363e-42	0	0
112	112	linear	3	0	0	cold	4.663594385965723e-75	0	0
112	112	linear	3	0	0	warm	4.663594385965723e-75	0	0
112	112	linear	3	7	0	cold	6.415034117802052e-75	0	0
112	112	linear	3	7	0	warm	5.313111430949653e-71	0	0
112	112	linear	3	15	0	cold	3.6396433359153716e-44	0	0
112	112	linear	3	15	0	warm	3.608311314047969e-73	0	0
112	112	linear	3	23	0	cold	7.702478466744337e-40	0	0
112	112	linear	3	23	0	warm	1.8118742088951766e-57	0	0
112	112	linear	4	0	0	cold	4.791986985383559e-65	0	0
112	112	linear	4	0	0	warm	4.791986985383559e-65	0	0
112	112	linear	4	7	0	cold	1.1434483441697121e-62	0	0
112	112	linear	4	7	0	warm	2.3500368787438544e-63	0	0
112	112	linear	4	15	0	cold	5.261749862905409e-63	0	0
112	112	linear	4	15	0	warm	2.9910062008271723e-64	0	0
112	112	linear	4	23	0	cold	1.0934055949451639e-63	0	0
112	112	linear	4	23	0	warm	8.296792089598264e-64	0	0
112	112	uniform	0	0	0	cold	2.0904860420937575e-48	0	0
112	112	uniform	0	0	0	warm	2.0904860420937575e-48	0	0
112	112	uniform	0	7	0	cold	2.5487366091919984e-48	0	0
112	112	uniform	0	7	0	warm	4.914704589861183e-49	0	0
112	112	uniform	0	15	0	cold	3.355638322252151e-48	0	0
112	112	uniform	0	15	0	warm	1.755986420817182e-49	0	0
112	112	uniform	0	23	0	cold	6.339951587716792e-48	0	0
112	112	uniform	0	23	0	warm	1.6538754340693701e-47	0	0
112	112	uniform	1	0	0	cold	2.7648105552952196e-63	0	0
112	112	uniform	1	0	0	warm	2.7648105552952196e-63	0	0
112	112	uniform	1	7	0	cold	1.276869349500896e-63	0	0
112	112	uniform	1	7	0	warm	6.332243543936257e-64	0	0
112	112	uniform	1	15	0	cold	1.594146999624144e-64	0	0
112	112	uniform	1	15	0	warm	1.883570493765822e-66	0	0
112	112	uniform	1	23	0	cold	2.372872834415022e-65	0	0
112	112	uniform	1	23	0	warm	5.46789413835471e-65	0	0
112	112	uniform	2	0	0	cold	2.642702077864565e-41	0	0
112	112	uniform	2	0	0	warm	2.642702077864565e-41	0	0
112	112	uniform	2	7	0	cold	1.4947533658663198e-42	0	0
112	112	uniform	2	7	0	warm	1.2560425799204977e-42	0	0
112	112	uniform	2	15	0	cold	6.615073264096707e-43	0	0
112	112	uniform	2	15	0	warm	1.6355353037039054e-43	0	0
112	112	uniform	2	23	0	cold	4.19012744226187e-41	0	0
112	112	uniform	2	23	0	warm	9.488554525183363e-42	0	0
112	112	uniform	3	0	0	cold	4.663594385965723e-75	0	0
112	112	uniform	3	0	0	warm	4.663594385965723e-75	0	0
112	112	uniform	3	7	0	cold	6.415034117802052e-75	0	0
112	112	uniform	3	7	0	warm	5.313111430949653e-71	0	0
112	112	uniform	3	15	0	cold	3.6396433359153716e-44	0	0
112	112	uniform	3	15	0	warm	3.608311314047969e-73	0	0
112	112	uniform	3	23	0	cold	7.702478466744337e-40	0	0
112	112	uniform	3	23	0	warm	1.8118742088951766e-57	0	0
112	112	uniform	4	0	0	cold	4.791986985383559e-65	0	0
112	112	uniform	4	0	0	warm	4.791986985383559e-65	0	0
112	112	uniform	4	7	0	cold	1.1434483441697121e-62	0	0
112	112	uniform	4	7	0	warm	2.3500368787438544e-63	0	0
112	112	uniform	4	15	0	cold	5.261749862905409e-63	0	0
112	112	uniform	4	15	0	warm	2.9910062008271723e-64	0	0
112	112	uniform	4	23	0	cold	1.0934055949451639e-63	0	0
112	112	uniform	4	23	0	warm	8.296792089598264e-64	0	0
113	113	linear	0	0	0	cold	2.6895196693331272e-47	0	0
113	113	linear	0	0	0	warm	2.6895196693331272e-47	0	0
113	113	linear	0	7	0	cold	4.7145413925200256e-48	0	0
113	113	linear	0	7	0	warm	7.492050334024713e-49	0	0
113	113	linear	0	15	0	cold	5.523604370963637e-47	0	0
113	113	linear	0	15	0	warm	5.790131264711467e-49	0	0
113	113	linear	0	23	0	cold	1.951735808497471e-46	0	0
113	113	linear	0	23	0	warm	2.496428832155895e-47	0	0
113	113	linear	1	0	0	cold	1.81120570765123e-52	0	0
113	113	linear	1	0	0	warm	1.81120570765123e-52	0	0
113	113	linear	1	7	0	cold	5.906551641279276e-51	0	0
113	113	linear	1	7	0	warm	7.128533067266308e-52	0	0
113	113	linear	1	15	0	cold	1.4477748967141216e-52	0	0
113	113	linear	1	15	0	warm	3.029882438212601e-52	0	0
113	113	linear	1	23	0	cold	1.4008343611026594e-50	0	0
113	113	linear	1	23	0	warm	5.0979189424821784e-52	0	0
113	113	linear	2	0	0	cold	7.694746331154673e-51	0	0
113	113	linear	2	0	0	warm	7.694746331154673e-51	0	0
113	113	linear	2	7	0	cold	7.743267241815398e-51	0	0
113	113	linear	2	7	0	warm	1.1854636113651645e-50	0	0
113	113	linear	2	15	0	cold	1.5186289751847497e-52	0	0
113	113	linear	2	15	0	warm	1.8797598836324568e-51	0	0
113	113	linear	2	23	0	cold	2.5604882231147674e-53	0	0
113	113	linear	2	23	0	warm	2.1075591006078924e-53	0	0
113	113	linear	3	0	0	cold	1.4119141775889047e-56	0	0
113	113	linear	3	0	0	warm	1.4119141775889047e-56	0	0
113	113	linear	3	7	0	cold	3.3025291088611614e-58	0	0
113	113	linear	3	7	0	warm	9.633937644017693e-59	0	0
113	113	linear	3	15	0	cold	2.104746989019603e-57	0	0
113	113	linear	3	15	0	warm	9.02846862037657e-58	0	0
113	113	linear	3	23	0	cold	8.017527413450723e-58	0	0
113	113	linear	3	23	0	warm	4.4091162416984746e-58	0	0
113	113	linear	4	0	0	cold	3.0475018832991004e-45	0	0
113	113	linear	4	0	0	warm	3.0475018832991004e-45	0	0
113	113	linear	4	7	0	cold	4.711485828946741e-43	0	0
113	113	linear	4	7	0	warm	2.1347259386982534e-43	0	0
113	113	linear	4	15	0	cold	4.622382362787914e-44	0	0
113	113	linear	4	15	0	warm	3.490066472215036e-45	0	0
113	113	linear	4	23	0	cold	1.506976945556002e-44	0	0
113	113	linear	4	23	0	warm	3.343158080708895e-45	0	0
113	113	uniform	0	0	0	cold	2.6895196693331272e-47	0	0
113	113	uniform	0	0	0	warm	2.6895196693331272e-47	0	0
113	113	uniform	0	7	0	cold	4.7145413925200256e-48	0	0
113	113	uniform	0	7	0	warm	7.492050334024713e-49	0	0
113	113	uniform	0	15	0	cold	5.523604370963637e-47	0	0
113	113	uniform	0	15	0	warm	5.790131264711467e-49	0	0
113	113	uniform	0	23	0	cold	1.951735808497471e-46	0	0
113	113	uniform	0	23	0	warm	2.496428832155895e-47	0	0
113	113	uniform	1	0	0	cold	1.81120570765123e-52	0	0
113	113	uniform	1	0	0	warm	1.81120570765123e-52	0	0
113	113	uniform	1	7	0	cold	5.906551641279276e-51	0	0
113	113	uniform	1	7	0	warm	7.128533067266308e-52	0	0
113	113	uniform	1	15	0	cold	1.4477748967141216e-52	0	0
113	113	uniform	1	15	0	warm	3.029882438212601e-52	0	0
113	113	uniform	1	23	0	cold	1.4008343611026594e-50	0	0
113	113	uniform	1	23	0	warm	5.0979189424821784e-52	0	0
113	113	uniform	2	0	0	cold	7.694746331154673e-51	0	0
113	113	uniform	2	0	0	warm	7.694746331154673e-51	0	0
113	113	uniform	2	7	0	cold	7.743267241815398e-51	0	0
113	113	uniform	2	7	0	warm	1.1854636113651645e-50	0	0
113	113	uniform	2	15	0	cold	1.5186289751847497e-52	0	0
113	113	uniform	2	15	0	warm	1.8797598836324568e-51	0	0
113	113	uniform	2	23	0	cold	2.5604882231147674e-53	0	0
113	113	uniform	2	23	0	warm	2.1075591006078924e-53	0	0
113	113	uniform	3	0	0	cold	1.4119141775889047e-56	0	0
113	113	uniform	3	0	0	warm	1.4119141775889047e-56	0	0
113	113	uniform	3	7	0	cold	3.3025291088611614e-58	0	0
113	113	uniform	3	7	0	warm	9.633937644017693e-59	0	0
113	113	uniform	3	15	0	cold	2.104746989019603e-57	0	0
113	113	uniform	3	15	0	warm	9.02846862037657e-58	0	0
113	113	uniform	3	23	0	cold	8.017527413450723e-58	0	0
113	113	uniform	3	23	0	warm	4.4091162416984746e-58	0	0
113	113	uniform	4	0	0	cold	3.0475018832991004e-45	0	0
113	113	uniform	4	0	0	warm	3.0475018832991004e-45	0	0
113	113	uniform	4	7	0	cold	4.711485828946741e-43	0	0
113	113	uniform	4	7	0	warm	2.1347259386982534e-43	0	0
113	113	uniform	4	15	0	cold	4.622382362787914e-44	0	0
113	113	uniform	4	15	0	warm	3.490066472215036e-45	0	0
113	113	uniform	4	23	0	cold	1.506976945556002e-44	0	0
113	113	uniform	4	23	0	warm	3.343158080708895e-45	0	0
114	114	linear	0	0	0	cold	1.6356388749300405e-85	0	0
114	114	linear	0	0	0	warm	1.6356388749300405e-85	0	0
114	114	linear	0	7	0	cold	2.9904894788212996e-63	0	0
114	114	linear	0	7	0	warm	4.1493992379681947e-75	0	0
114	114	linear	0	15	0	cold	2.7546201615145193e-49	0	0
114	114	linear	0	15	0	warm	3.098874742465755e-44	0	0
114	114	linear	0	23	0	cold	9.343324713803912e-60	0	0
114	114	linear	0	23	0	warm	1.9870043513219387e-66	0	0
114	114	linear	1	0	0	cold	6.665546275227662e-62	0	0
114	114	linear	1	0	0	warm	6.665546275227662e-62	0	0
114	114	linear	1	7	0	cold	1.2556693659935256e-64	0	0
114	114	linear	1	7	0	warm	3.635599957209362e-64	0	0
114	114	linear	1	15	0	cold	5.61130689322102e-57	0	0
114	114	linear	1	15	0	warm	3.1098972176838893e-57	0	0
114	114	linear	1	23	0	cold	5.65471051511897e-61	0	0
114	114	linear	1	23	0	warm	1.0740297249209754e-62	0	0
114	114	linear	2	0	0	cold	6.694866880356492e-67	0	0
114	114	linear	2	0	0	warm	6.694866880356492e-67	0	0
114	114	linear	2	7	0	cold	9.814006133962229e-74	0	0
114	114	linear	2	7	0	warm	7.050903542044631e-72	0	0
114	114	linear	2	15	0	cold	2.5560811859262617e-67	0	0
114	114	linear	2	15	0	warm	8.166906935785216e-68	0	0
114	114	linear	2	23	0	cold	7.627242027337766e-74	0	0
114	114	linear	2	23	0	warm	2.3865856265037662e-76	0	0
114	114	linear	3	0	0	cold	4.328473862698859e-55	0	0
114	114	linear	3	0	0	warm	4.328473862698859e-55	0	0
114	114	linear	3	7	0	cold	5.335958331217901e-54	0	0
114	114	linear	3	7	0	warm	1.0024405557328337e-55	0	0
114	114	linear	3	15	0	cold	4.5212037485575966e-55	0	0
114	114	linear	3	15	0	warm	2.4225519300944155e-53	0	0
114	114	linear	3	23	0	cold	3.069636042091462e-56	0	0
114	114	linear	3	23	0	warm	1.016684289584015e-56	0	0
114	114	linear	4	0	0	cold	7.403208552664016e-56	0	0
114	114	linear	4	0	0	warm	7.403208552664016e-56	0	0
114	114	linear	4	7	0	cold	1.9940929187379512e-56	0	0
114	114	linear	4	7	0	warm	1.5295634366066112e-55	0	0
114	114	linear	4	15	0	cold	4.927027497559493e-58	0	0
114	114	linear	4	15	0	warm	2.5440399613351994e-57	0	0
114	114	linear	4	23	0	cold	1.5490849743267185e-57	0	0
114	114	linear	4	23	0	warm	1.0942192980979196e-56	0	0
114	114	uniform	0	0	0	cold	1.6356388749300405e-85	0	0
114	114	uniform	0	0	0	warm	1.6356388749300405e-85	0	0
114	114	uniform	0	7	0	cold	2.9904894788212996e-63	0	0
114	114	uniform	0	7	0	warm	4.1493992379681947e-75	0	0
114	114	uniform	0	15	0	cold	2.7546201615145193e-49	0	0
114	114	uniform	0	15	0	warm	3.098874742465755e-44	0	0
114	114	uniform	0	23	0	cold	9.343324713803912e-60	0	0
114	114	uniform	0	23	0	warm	1.9870043513219387e-66	0	0
114	114	uniform	1	0	0	cold	6.665546275227662e-62	0	0
114	114	uniform	1	0	0	warm	6.665546275227662e-62	0	0
114	114	uniform	1	7	0	cold	1.2556693659935256e-64	0	0
114	114	uniform	1	7	0	warm	3.635599957209362e-64	0	0
114	114	uniform	1	15	0	cold	5.61130689322102e-57	0	0
114	114	uniform	1	15	0	warm	3.1098972176838893e-57	0	0
114	114	uniform	1	23	0	cold	5.65471051511897e-61	0	0
114	114	uniform	1	23	0	warm	1.0740297249209754e-62	0	0
114	114	uniform	2	0	0	cold	6.694866880356492e-67	0	0
114	114	uniform	2	0	0	warm	6.694866880356492e-67	0	0
114	114	uniform	2	7	0	cold	9.814006133962229e-74	0	0
114	114	uniform	2	7	0	warm	7.050903542044631e-72	0	0
114	114	uniform	2	15	0	cold	2.5560811859262617e-67	0	0
114	114	uniform	2	15	0	warm	8.166906935785216e-68	0	0
114	114	uniform	2	23	0	cold	7.627242027337766e-74	0	0
114	114	uniform	2	23	0	warm	2.3865856265037662e-76	0	0
114	114	uniform	3	0	0	cold	4.328473862698859e-55	0	0
114	114	uniform	3	0	0	warm	4.328473862698859e-55	0	0
114	114	uniform	3	7	0	cold	5.335958331217901e-54	0	0
114	114	uniform	3	7	0	warm	1.0024405557328337e-55	0	0
114	114	uniform	3	15	0	cold	4.5212037485575966e-55	0	0
114	114	uniform	3	15	0	warm	2.4225519300944155e-53	0	0
114	114	uniform	3	23	0	cold	3.069636042091462e-56	0	0
114	114	uniform	3	23	0	warm	1.016684289584015e-56	0	0
114	114	uniform	4	0	0	cold	7.403208552664016e-56	0	0
114	114	uniform	4	0	0	warm	7.403208552664016e-56	0	0
114	114	uniform	4	7	0	cold	1.9940929187379512e-56	0	0
114	114	uniform	4	7	0	warm	1.5295634366066112e-55	0	0
114	114	uniform	4	15	0	cold	4.927027497559493e-58	0	0
114	114	uniform	4	15	0	warm	2.5440399613351994e-57	0	0
114	114	uniform	4	23	0	cold	1.5490849743267185e-57	0	0
114	114	uniform	4	23	0	warm	1.0942192980979196e-56	0	0
115	115	linear	0	0	0	cold	3.5547483151674364e-64	0	0
115	115	linear	0	0	0	warm	3.5547483151674364e-64	0	0
115	115	linear	0	7	0	cold	9.128214532043998e-64	0	0
115	115	linear	0	7	0	warm	4.0130088455641275e-64	0	0
115	115	linear	0	15	0	cold	7.572248727602968e-69	0	0
115	115	linear	0	15	0	warm	3.8000068426578784e-69	0	0
115	115	linear	0	23	0	cold	1.187480968678516e-70	0	0
115	115	linear	0	23	0	warm	4.4541845762815986e-71	0	0
115	115	linear	1	0	0	cold	2.2378584905735977e-50	0	0
115	115	linear	1	0	0	warm	2.2378584905735977e-50	0	0
115	115	linear	1	7	0	cold	5.389753066778627e-49	0	0
115	115	linear	1	7	0	warm	7.553071743779895e-51	0	0
115	115	linear	1	15	0	cold	6.51397859322071e-50	0	0
115	115	linear	1	15	0	warm	3.2083744019203984e-49	0	0
115	115	linear	1	23	0	cold	3.527674565422084e-50	0	0
115	115	linear	1	23	0	warm	1.9946629387394787e-50	0	0
115	115	linear	2	0	0	cold	1.6785162076404107e-64	0	0
115	115	linear	2	0	0	warm	1.6785162076404107e-64	0	0
115	115	linear	2	7	0	cold	7.020055212544706e-64	0	0
115	115	linear	2	7	0	warm	3.4568613496829852e-65	0	0
115	115	linear	2	15	0	cold	6.751484254576393e-68	0	0
115	115	linear	2	15	0	warm	9.49962079093262e-70	0	0
115	115	linear	2	23	0	cold	1.3562851737853166e-69	0	0
115	115	linear	2	23	0	warm	5.937157116387044e-71	0	0
115	115	linear	3	0	0	cold	1.0438050419624275e-59	0	0
115	115	linear	3	0	0	warm	1.0438050419624275e-59	0	0
115	115	linear	3	7	0	cold	1.9314537114160444e-54	0	0
115	115	linear	3	7	0	warm	3.637567328212566e-52	0	0
115	115	linear	3	15	0	cold	3.551490896866668e-46	0	0
115	115	linear	3	15	0	warm	4.396883662091262e-46	0	0
115	115	linear	3	23	0	cold	8.273416984541132e-74	0	0
115	115	linear	3	23	0	warm	1.010573332822435e-64	0	0
115	115	linear	4	0	0	cold	4.155122526384342e-43	0	0
115	115	linear	4	0	0	warm	4.155122526384342e-43	0	0
115	115	linear	4	7	0	cold	2.7396577947999494e-38	0	0
115	115	linear	4	7	0	warm	8.371651745975667e-39	0	0
115	115	linear	4	15	0	cold	1.1775677349518838e-42	0	0
115	115	linear	4	15	0	warm	8.306268595000597e-47	0	0
115	115	linear	4	23	0	cold	7.148863242127603e-44	0	0
115	115	linear	4	23	0	warm	1.964641671004692e-45	0	0
115	115	uniform	0	0	0	cold	3.5547483151674364e-64	0	0
115	115	uniform	0	0	0	warm	3.5547483151674364e-64	0	0
115	115	uniform	0	7	0	cold	9.128214532043998e-64	0	0
115	115	uniform	0	7	0	warm	4.0130088455641275e-64	0	0
115	115	uniform	0	15	0	cold	7.572248727602968e-69	0	0
115	115	uniform	0	15	0	warm	3.8000068426578784e-69	0	0
115	115	uniform	0	23	0	cold	1.187480968678516e-70	0	0
115	115	uniform	0	23	0	warm	4.4541845762815986e-71	0	0
115	115	uniform	1	0	0	cold	2.2378584905735977e-50	0	0
115	115	uniform	1	0	0	warm	2.2378584905735977e-50	0	0
115	115	uniform	1	7	0	cold	5.389753066778627e-49	0	0
115	115	uniform	1	7	0	warm	7.553071743779895e-51	0	0
115	115	uniform	1	15	0	cold	6.51397859322071e-50	0	0
115	115	uniform	1	15	0	warm	3.2083744019203984e-49	0	0
115	115	uniform	1	23	0	cold	3.527674565422084e-50	0	0
115	115	uniform	1	23	0	warm	1.9946629387394787e-50	0	0
115	115	uniform	2	0	0	cold	1.6785162076404107e-64	0	0
115	115	uniform	2	0	0	warm	1.6785162076404107e-64	0	0
115	115	uniform	2	7	0	cold	7.020055212544706e-64	0	0
115	115	uniform	2	7	0	warm	3.4568613496829852e-65	0	0
115	115	uniform	2	15	0	cold	6.751484254576393e-68	0	0
115	115	uniform	2	15	0	warm	9.49962079093262e-70	0	0
115	115	uniform	2	23	0	cold	1.3562851737853166e-69	0	0
115	115	uniform	2	23	0	warm	5.937157116387044e-71	0	0
115	115	uniform	3	0	0	cold	1.0438050419624275e-59	0	0
115	115	uniform	3	0	0	warm	1.0438050419624275e-59	0	0
115	115	uniform	3	7	0	cold	1.9314537114160444e-54	0	0
115	115	uniform	3	7	0	warm	3.637567328212566e-52	0	0
115	115	uniform	3	15	0	cold	3.551490896866668e-46	0	0
115	115	uniform	3	15	0	warm	4.396883662091262e-46	0	0
115	115	uniform	3	23	0	cold	8.273416984541132e-74	0	0
115	115	uniform	3	23	0	warm	1.010573332822435e-64	0	0
115	115	uniform	4	0	0	cold	4.155122526384342e-43	0	0
115	115	uniform	4	0	0	warm	4.155122526384342e-43	0	0
115	115	uniform	4	7	0	cold	2.7396577947999494e-38	0	0
115	115	uniform	4	7	0	warm	8.371651745975667e-39	0	0
115	115	uniform	4	15	0	cold	1.1775677349518838e-42	0	0
115	115	uniform	4	15	0	warm	8.306268595000597e-47	0	0
115	115	uniform	4	23	0	cold	7.148863242127603e-44	0	0
115	115	uniform	4	23	0	warm	1.964641671004692e-45	0	0
116	116	linear	0	0	0	cold	2.273079512334346e-46	0	0
116	116	linear	0	0	0	warm	2.273079512334346e-46	0	0
116	116	linear	0	7	0	cold	1.9494653811889407e-76	0	0
116	116	linear	0	7	0	warm	2.5992871749185885e-76	0	0
116	116	linear	0	15	0	cold	4.464135700664537e-77	0	0
116	116	linear	0	15	0	warm	2.46127237579666e-77	0	0
116	116	linear	0	23	0	cold	7.664374201969751e-76	0	0
116	116	linear	0	23	0	warm	1.1805224443434693e-75	0	0
116	116	linear	1	0	0	cold	3.005950026502148e-60	0	0
116	116	linear	1	0	0	warm	3.005950026502148e-60	0	0
116	116	linear	1	7	0	cold	2.2321338070330402e-61	0	0
116	116	linear	1	7	0	warm	1.5018509069867677e-62	0	0
116	116	linear	1	15	0	cold	2.888591165229859e-61	0	0
116	116	linear	1	15	0	warm	5.409953848153625e-61	0	0
116	116	linear	1	23	0	cold	5.9596516689698066e-61	0	0
116	116	linear	1	23	0	warm	2.9618110790573267e-62	0	0
116	116	linear	2	0	0	cold	9.201695704501902e-62	0	0
116	116	linear	2	0	0	warm	9.201695704501902e-62	0	0
116	116	linear	2	7	0	cold	5.674516256206981e-60	0	0
116	116	linear	2	7	0	warm	2.8822939714067205e-60	0	0
116	116	linear	2	15	0	cold	4.734360284015122e-62	0	0
116	116	linear	2	15	0	warm	2.636564212165294e-64	0	0
116	116	linear	2	23	0	cold	5.6947943348216927e-61	0	0
116	116	linear	2	23	0	warm	1.6391266125926367e-63	0	0
116	116	linear	3	0	0	cold	1.3852753364922202e-60	0	0
116	116	linear	3	0	0	warm	1.3852753364922202e-60	0	0
116	116	linear	3	7	0	cold	6.977666908372293e-61	0	0
116	116	linear	3	7	0	warm	8.726785567344322e-61	0	0
116	116	linear	3	15	0	cold	1.4030925295946292e-60	0	0
116	116	linear	3	15	0	warm	1.3229342697320473e-60	0	0
116	116	linear	3	23	0	cold	4.325907550908214e-59	0	0
116	116	linear	3	23	0	warm	2.4032819727267853e-59	0	0
116	116	linear	4	0	0	cold	1.3279530271998628e-69	0	0
116	116	linear	4	0	0	warm	1.3279530271998628e-69	0	0
116	116	linear	4	7	0	cold	1.1383675270548016e-68	0	0
116	116	linear	4	7	0	warm	9.180383282700015e-70	0	0
116	116	linear	4	15	0	cold	2.080971571371607e-68	0	0
116	116	linear	4	15	0	warm	5.7073059974326766e-70	0	0
116	116	linear	4	23	0	cold	8.094699504906262e-69	0	0
116	116	linear	4	23	0	warm	1.3491165841510438e-67	0	0
116	116	uniform	0	0	0	cold	2.273079512334346e-46	0	0
116	116	uniform	0	0	0	warm	2.273079512334346e-46	0	0
116	116	uniform	0	7	0	cold	1.9494653811889407e-76	0	0
116	116	uniform	0	7	0	warm	2.5992871749185885e-76	0	0
116	116	uniform	0	15	0	cold	4.464135700664537e-77	0	0
116	116	uniform	0	15	0	warm	2.46127237579666e-77	0	0
116	116	uniform	0	23	0	cold	7.664374201969751e-76	0	0
116	116	uniform	0	23	0	warm	1.1805224443434693e-75	0	0
116	116	uniform	1	0	0	cold	3.005950026502148e-60	0	0
116	116	uniform	1	0	0	warm	3.005950026502148e-60	0	0
116	116	uniform	1	7	0	cold	2.2321338070330402e-61	0	0
116	116	uniform	1	7	0	warm	1.5018509069867677e-62	0	0
116	116	uniform	1	15	0	cold	2.888591165229859e-61	0	0
116	116	uniform	1	15	0	warm	5.409953848153625e-61	0	0
116	116	uniform	1	23	0	cold	5.9596516689698066e-61	0	0
116	116	uniform	1	23	0	warm	2.9618110790573267e-62	0	0
116	116	uniform	2	0	0	cold	9.201695704501902e-62	0	0
116	116	uniform	2	0	0	warm	9.201695704501902e-62	0	0
116	116	uniform	2	7	0	cold	5.674516256206981e-60	0	0
116	116	uniform	2	7	0	warm	2.8822939714067205e-60	0	0
116	116	uniform	2	15	0	cold	4.734360284015122e-62	0	0
116	116	uniform	2	15	0	warm	2.636564212165294e-64	0	0
116	116	uniform	2	23	0	cold	5.6947943348216927e-61	0	0
116	116	uniform	2	23	0	warm	1.6391266125926367e-63	0	0
116	116	uniform	3	0	0	cold	1.3852753364922202e-60	0	0
116	116	uniform	3	0	0	warm	1.3852753364922202e-60	0	0
116	116	uniform	3	7	0	cold	6.977666908372293e-61	0	0
116	116	uniform	3	7	0	warm	8.726785567344322e-61	0	0
116	116	uniform	3	15	0	cold	1.4030925295946292e-60	0	0
116	116	uniform	3	15	0	warm	1.3229342697320473e-60	0	0
116	116	uniform	3	23	0	cold	4.325907550908214e-59	0	0
116	116	uniform	3	23	0	warm	2.4032819727267853e-59	0	0
116	116	uniform	4	0	0	cold	1.3279530271998628e-69	0	0
116	116	uniform	4	0	0	warm	1.3279530271998628e-69	0	0
116	116	uniform	4	7	0	cold	1.1383675270548016e-68	0	0
116	116	uniform	4	7	0	warm	9.180383282700015e-70	0	0
116	116	uniform	4	15	0	cold	2.080971571371607e-68	0	0
116	116	uniform	4	15	0	warm	5.7073059974326766e-70	0	0
116	116	uniform	4	23	0	cold	8.094699504906262e-69	0	0
116	116	uniform	4	23	0	warm	1.3491165841510438e-67	0	0
117	117	linear	0	0	0	cold	3.263819176167724e-80	0	0
117	117	linear	0	0	0	warm	3.263819176167724e-80	0	0
117	117	linear	0	7	0	cold	9.460358433157684e-61	0	0
117	117	linear	0	7	0	warm	8.644205046560043e-51	0	0
117	117	linear	0	15	0	cold	7.205427365819373e-61	0	0
117	117	linear	0	15	0	warm	5.490976696593185e-62	0	0
117	117	linear	0	23	0	cold	7.055074526825098e-99	0	0
117	117	linear	0	23	0	warm	4.131899903382401e-74	0	0
117	117	linear	1	0	0	cold	1.1735657923504887e-17	0	0
117	117	linear	1	0	0	warm	1.1735657923504887e-17	0	0
117	117	linear	1	7	0	cold	2.5253428429961793e-18	0	0
117	117	linear	1	7	0	warm	9.358823077955656e-18	0	0
117	117	linear	1	15	0	cold	8.751114997739937e-18	0	0
117	117	linear	1	15	0	warm	2.1675215387920674e-17	0	0
117	117	linear	1	23	0	cold	2.6739541395849038e-18	0	0
117	117	linear	1	23	0	warm	9.885276795551674e-18	0	0
117	117	linear	2	0	0	cold	1.8648394151370136e-32	0	0
117	117	linear	2	0	0	warm	1.8648394151370136e-32	0	0
117	117	linear	2	7	0	cold	7.639842479559319e-32	0	0
117	117	linear	2	7	0	warm	2.2490223785832788e-36	0	0
117	117	linear	2	15	0	cold	2.7346427294214262e-18	0	0
117	117	linear	2	15	0	warm	3.2748190710355352e-18	0	0
117	117	linear	2	23	0	cold	8.372711546336355e-19	0	0
117	117	linear	2	23	0	warm	1.1343673707939578e-18	0	0
117	117	linear	3	0	0	cold	9.364881461453502e-48	0	0
117	117	linear	3	0	0	warm	9.364881461453502e-48	0	0
117	117	linear	3	7	0	cold	2.6527236056074187e-44	0	0
117	117	linear	3	7	0	warm	1.060228982721201e-48	0	0
117	117	linear	3	15	0	cold	1.3557439300905149e-45	0	0
117	117	linear	3	15	0	warm	2.7902855233607375e-49	0	0
117	117	linear	3	23	0	cold	3.842377936078453e-50	0	0
117	117	linear	3	23	0	warm	2.6335276861181373e-49	0	0
117	117	linear	4	0	0	cold	1.3020216050168335e-16	0	0
117	117	linear	4	0	0	warm	1.3020216050168335e-16	0	0
117	117	linear	4	7	0	cold	2.0048762797476762e-16	0	0
117	117	linear	4	7	0	warm	1.0070938846031037e-16	0	0
117	117	linear	4	15	0	cold	3.450825927717153e-17	0	0
117	117	linear	4	15	0	warm	1.2991620081738473e-16	0	0
117	117	linear	4	23	0	cold	1.001240239389607e-16	0	0
117	117	linear	4	23	0	warm	3.0684704371711583e-16	0	0
117	117	uniform	0	0	0	cold	3.263819176167724e-80	0	0
117	117	uniform	0	0	0	warm	3.263819176167724e-80	0	0
117	117	uniform	0	7	0	cold	9.460358433157684e-61	0	0
117	117	uniform	0	7	0	warm	8.644205046560043e-51	0	0
117	117	uniform	0	15	0	cold	7.205427365819373e-61	0	0
117	117	uniform	0	15	0	warm	5.490976696593185e-62	0	0
117	117	uniform	0	23	0	cold	7.055074526825098e-99	0	0
117	117	uniform	0	23	0	warm	4.131899903382401e-74	0	0
117	117	uniform	1	0	0	cold	1.1735657923504887e-17	0	0
117	117	uniform	1	0	0	warm	1.1735657923504887e-17	0	0
117	117	uniform	1	7	0	cold	2.5253428429961793e-18	0	0
117	117	uniform	1	7	0	warm	9.358823077955656e-18	0	0
117	117	uniform	1	15	0	cold	8.751114997739937e-18	0	0
117	117	uniform	1	15	0	warm	2.1675215387920674e-17	0	0
117	117	uniform	1	23	0	cold	2.6739541395849038e-18	0	0
117	117	uniform	1	23	0	warm	9.885276795551674e-18	0	0
117	117	uniform	2	0	0	cold	1.8648394151370136e-32	0	0
117	117	uniform	2	0	0	warm	1.8648394151370136e-32	0	0
117	117	uniform	2	7	0	cold	7.639842479559319e-32	0	0
117	117	uniform	2	7	0	warm	2.2490223785832788e-36	0	0
117	117	uniform	2	15	0	cold	2.7346427294214262e-18	0	0
117	117	uniform	2	15	0	warm	3.2748190710355352e-18	0	0
117	117	uniform	2	23	0	cold	8.372711546336355e-19	0	0
117	117	uniform	2	23	0	warm	1.1343673707939578e-18	0	0
117	117	uniform	3	0	0	cold	9.364881461453502e-48	0	0
117	117	uniform	3	0	0	warm	9.364881461453502e-48	0	0
117	117	uniform	3	7	0	cold	2.6527236056074187e-44	0	0
117	117	uniform	3	7	0	warm	1.060228982721201e-48	0	0
117	117	uniform	3	15	0	cold	1.3557439300905149e-45	0	0
117	117	uniform	3	15	0	warm	2.7902855233607375e-49	0	0
117	117	uniform	3	23	0	cold	3.842377936078453e-50	0	0
117	117	uniform	3	23	0	warm	2.6335276861181373e-49	0	0
117	117	uniform	4	0	0	cold	1.3020216050168335e-16	0	0
117	117	uniform	4	0	0	warm	1.3020216050168335e-16	0	0
117	117	uniform	4	7	0	cold	2.0048762797476762e-16	0	0
117	117	uniform	4	7	0	warm	1.0070938846031037e-16	0	0
117	117	uniform	4	15	0	cold	3.450825927717153e-17	0	0
117	117	uniform	4	15	0	warm	1.2991620081738473e-16	0	0
117	117	uniform	4	23	0	cold	1.001240239389607e-16	0	0
117	117	uniform	4	23	0	warm	3.0684704371711583e-16	0	0
118	118	linear	0	0	0	cold	1.1700549825274353e-52	0	0
118	118	linear	0	0	0	warm	1.1700549825274353e-52	0	0
118	118	linear	0	7	0	cold	3.1745498337094063e-53	0	0
118	118	linear	0	7	0	warm	3.6261168154028307e-53	0	0
118	118	linear	0	15	0	cold	1.4880822806902872e-53	0	0
118	118	linear	0	15	0	warm	2.224775468032366e-54	0	0
118	118	linear	0	23	0	cold	7.454493440487046e-54	0	0
118	118	linear	0	23	0	warm	4.36225912443316e-53	0	0
118	118	linear	1	0	0	cold	5.534713523610181e-72	0	0
118	118	linear	1	0	0	warm	5.534713523610181e-72	0	0
118	118	linear	1	7	0	cold	5.779397893779394e-74	0	0
118	118	linear	1	7	0	warm	1.5638090443259986e-55	0	0
118	118	linear	1	15	0	cold	5.582984300189156e-57	0	0
118	118	linear	1	15	0	warm	2.7574101676111525e-56	0	0
118	118	linear	1	23	0	cold	2.3400398495898487e-53	0	0
118	118	linear	1	23	0	warm	4.591092875543655e-62	0	0
118	118	linear	2	0	0	cold	1.7205173218707386e-61	0	0
118	118	linear	2	0	0	warm	1.7205173218707386e-61	0	0
118	118	linear	2	7	0	cold	3.586973612001826e-69	0	0
118	118	linear	2	7	0	warm	1.6417576433963158e-68	0	0
118	118	linear	2	15	0	cold	6.756162299481801e-70	0	0
118	118	linear	2	15	0	warm	3.786628885498621e-66	0	0
118	118	linear	2	23	0	cold	4.431926942138593e-62	0	0
118	118	linear	2	23	0	warm	4.0234891810320156e-67	0	0
118	118	linear	3	0	0	cold	1.2605491196627676e-61	0	0
118	118	linear	3	0	0	warm	1.2605491196627676e-61	0	0
118	118	linear	3	7	0	cold	1.815675833229101e-46	0	0
118	118	linear	3	7	0	warm	3.4161504830519427e-46	0	0
118	118	linear	3	15	0	cold	6.525822693415491e-46	0	0
118	118	linear	3	15	0	warm	1.4027804240142306e-44	0	0
118	118	linear	3	23	0	cold	1.6799630032832027e-40	0	0
118	118	linear	3	23	0	warm	1.0257520943691312e-57	0	0
118	118	linear	4	0	0	cold	2.5394300799443883e-75	0	0
118	118	linear	4	0	0	warm	2.5394300799443883e-75	0	0
118	118	linear	4	7	0	cold	2.0753440023375787e-74	0	0
118	118	linear	4	7	0	warm	4.214826277748111e-72	0	0
118	118	linear	4	15	0	cold	5.962782375372511e-72	0	0
118	118	linear	4	15	0	warm	4.058262984764939e-71	0	0
118	118	linear	4	23	0	cold	2.443676154326792e-75	0	0
118	118	linear	4	23	0	warm	1.9298344455067315e-74	0	0
118	118	uniform	0	0	0	cold	1.1700549825274353e-52	0	0
118	118	uniform	0	0	0	warm	1.1700549825274353e-52	0	0
118	118	uniform	0	7	0	cold	3.1745498337094063e-53	0	0
118	118	uniform	0	7	0	warm	3.6261168154028307e-53	0	0
118	118	uniform	0	15	0	cold	1.4880822806902872e-53	0	0
118	118	uniform	0	15	0	warm	2.224775468032366e-54	0	0
118	118	uniform	0	23	0	cold	7.454493440487046e-54	0	0
118	118	uniform	0	23	0	warm	4.36225912443316e-53	0	0
118	118	uniform	1	0	0	cold	5.534713523610181e-72	0	0
118	118	uniform	1	0	0	warm	5.534713523610181e-72	0	0
118	118	uniform	1	7	0	cold	5.779397893779394e-74	0	0
118	118	uniform	1	7	0	warm	1.5638090443259986e-55	0	0
118	118	uniform	1	15	0	cold	5.582984300189156e-57	0	0
118	118	uniform	1	15	0	warm	2.7574101676111525e-56	0	0
118	118	uniform	1	23	0	cold	2.3400398495898487e-53	0	0
118	118	uniform	1	23	0	warm	4.591092875543655e-62	0	0
118	118	uniform	2	0	0	cold	1.7205173218707386e-61	0	0
118	118	uniform	2	0	0	warm	1.7205173218707386e-61	0	0
118	118	uniform	2	7	0	cold	3.586973612001826e-69	0	0
118	118	uniform	2	7	0	warm	1.6417576433963158e-68	0	0
118	118	uniform	2	15	0	cold	6.756162299481801e-70	0	0
118	118	uniform	2	15	0	warm	3.786628885498621e-66	0	0
118	118	uniform	2	23	0	cold	4.431926942138593e-62	0	0
118	118	uniform	2	23	0	warm	4.0234891810320156e-67	0	0
118	118	uniform	3	0	0	cold	1.2605491196627676e-61	0	0
118	118	uniform	3	0	0	warm	1.2605491196627676e-61	0	0
118	118	uniform	3	7	0	cold	1.815675833229101e-46	0	0
118	118	uniform	3	7	0	warm	3.4161504830519427e-46	0	0
118	118	uniform	3	15	0	cold	6.525822693415491e-46	0	0
118	118	uniform	3	15	0	warm	1.4027804240142306e-44	0	0
118	118	uniform	3	23	0	cold	1.6799630032832027e-40	0	0
118	118	uniform	3	23	0	warm	1.0257520943691312e-57	0	0
118	118	uniform	4	0	0	cold	2.5394300799443883e-75	0	0
118	118	uniform	4	0	0	warm	2.5394300799443883e-75	0	0
118	118	uniform	4	7	0	cold	2.0753440023375787e-74	0	0
118	118	uniform	4	7	0	warm	4.214826277748111e-72	0	0
118	118	uniform	4	15	0	cold	5.962782375372511e-72	0	0
118	118	uniform	4	15	0	warm	4.058262984764939e-71	0	0
118	118	uniform	4	23	0	cold	2.443676154326792e-75	0	0
118	118	uniform	4	23	0	warm	1.9298344455067315e-74	0	0
119	119	linear	0	0	0	cold	3.833326404054609e-65	0	0
119	119	linear	0	0	0	warm	3.833326404054609e-65	0	0
119	119	linear	0	7	0	cold	2.1944060790955058e-66	0	0
119	119	linear	0	7	0	warm	1.1850950146465974e-65	0	0
119	119	linear	0	15	0	cold	1.1116927532104527e-63	0	0
119	119	linear	0	15	0	warm	1.519837812761775e-63	0	0
119	119	linear	0	23	0	cold	5.655513336612736e-66	0	0
119	119	linear	0	23	0	warm	8.35275815868959e-65	0	0
119	119	linear	1	0	0	cold	3.7738859577913422e-75	0	0
119	119	linear	1	0	0	warm	3.7738859577913422e-75	0	0
119	119	linear	1	7	0	cold	1.4401868617640506e-74	0	0
119	119	linear	1	7	0	warm	6.000778590683544e-76	0	0
119	119	linear	1	15	0	cold	3.050498603894658e-73	0	0
119	119	linear	1	15	0	warm	5.338372556815652e-73	0	0
119	119	linear	1	23	0	cold	4.684387871874279e-71	0	0
119	119	linear	1	23	0	warm	3.750200096189104e-74	0	0
119	119	linear	2	0	0	cold	4.011910167410268e-60	0	0
119	119	linear	2	0	0	warm	4.011910167410268e-60	0	0
119	119	linear	2	7	0	cold	6.847489600404484e-64	0	0
119	119	linear	2	7	0	warm	3.294324893665387e-64	0	0
119	119	linear	2	15	0	cold	8.727803126535763e-67	0	0
119	119	linear	2	15	0	warm	3.6002187896960026e-66	0	0
119	119	linear	2	23	0	cold	3.371017429115355e-66	0	0
119	119	linear	2	23	0	warm	2.6098199451215636e-66	0	0
119	119	linear	3	0	0	cold	2.241139322494444e-67	0	0
119	119	linear	3	0	0	warm	2.241139322494444e-67	0	0
119	119	linear	3	7	0	cold	6.734934729588521e-68	0	0
119	119	linear	3	7	0	warm	2.564885885117331e-68	0	0
119	119	linear	3	15	0	cold	3.2600479867797092e-68	0	0
119	119	linear	3	15	0	warm	8.070715313647408e-69	0	0
119	119	linear	3	23	0	cold	1.4251947221871605e-67	0	0
119	119	linear	3	23	0	warm	1.161600714008344e-68	0	0
119	119	linear	4	0	0	cold	6.181715496508828e-65	0	0
119	119	linear	4	0	0	warm	6.181715496508828e-65	0	0
119	119	linear	4	7	0	cold	5.104621402313803e-65	0	0
119	119	linear	4	7	0	warm	2.5523107011569013e-66	0	0
119	119	linear	4	15	0	cold	2.2110180672451996e-66	0	0
119	119	linear	4	15	0	warm	4.343071203517356e-67	0	0
119	119	linear	4	23	0	cold	5.1321771626615305e-68	0	0
119	119	linear	4	23	0	warm	9.775575547926723e-69	0	0
119	119	uniform	0	0	0	cold	3.833326404054609e-65	0	0
119	119	uniform	0	0	0	warm	3.833326404054609e-65	0	0
119	119	uniform	0	7	0	cold	2.1944060790955058e-66	0	0
119	119	uniform	0	7	0	warm	1.1850950146465974e-65	0	0
119	119	uniform	0	15	0	cold	1.1116927532104527e-63	0	0
119	119	uniform	0	15	0	warm	1.519837812761775e-63	0	0
119	119	uniform	0	23	0	cold	5.655513336612736e-66	0	0
119	119	uniform	0	23	0	warm	8.35275815868959e-65	0	0
119	119	uniform	1	0	0	cold	3.7738859577913422e-75	0	0
119	119	uniform	1	0	0	warm	3.7738859577913422e-75	0	0
119	119	uniform	1	7	0	cold	1.4401868617640506e-74	0	0
119	119	uniform	1	7	0	warm	6.000778590683544e-76	0	0
119	119	uniform	1	15	0	cold	3.050498603894658e-73	0	0
119	119	uniform	1	15	0	warm	5.338372556815652e-73	0	0
119	119	uniform	1	23	0	cold	4.684387871874279e-71	0	0
119	119	uniform	1	23	0	warm	3.750200096189104e-74	0	0
119	119	uniform	2	0	0	cold	4.011910167410268e-60	0	0
119	119	uniform	2	0	0	warm	4.011910167410268e-60	0	0
119	119	uniform	2	7	0	cold	6.847489600404484e-64	0	0
119	119	uniform	2	7	0	warm	3.294324893665387e-64	0	0
119	119	uniform	2	15	0	cold	8.727803126535763e-67	0	0
119	119	uniform	2	15	0	warm	3.6002187896960026e-66	0	0
119	119	uniform	2	23	0	cold	3.371017429115355e-66	0	0
119	119	uniform	2	23	0	warm	2.6098199451215636e-66	0	0
119	119	uniform	3	0	0	cold	2.241139322494444e-67	0	0
119	119	uniform	3	0	0	warm	2.241139322494444e-67	0	0
119	119	uniform	3	7	0	cold	6.734934729588521e-68	0	0
119	119	uniform	3	7	0	warm	2.564885885117331e-68	0	0
119	119	uniform	3	15	0	cold	3.2600479867797092e-68	0	0
119	119	uniform	3	15	0	warm	8.070715313647408e-69	0	0
119	119	uniform	3	23	0	cold	1.4251947221871605e-67	0	0
119	119	uniform	3	23	0	warm	1.161600714008344e-68	0	0
119	119	uniform	4	0	0	cold	6.181715496508828e-65	0	0
119	119	uniform	4	0	0	warm	6.181715496508828e-65	0	0
119	119	uniform	4	7	0	cold	5.104621402313803e-65	0	0
119	119	uniform	4	7	0	warm	2.5523107011569013e-66	0	0
119	119	uniform	4	15	0	cold	2.2110180672451996e-66	0	0
119	119	uniform	4	15	0	warm	4.343071203517356e-67	0	0
119	119	uniform	4	23	0	cold	5.1321771626615305e-68	0	0
119	119	uniform	4	23	0	warm	9.775575547926723e-69	0	0
120	120	linear	0	0	0	cold	5.801385654831993e-43	0	0
120	120	linear	0	0	0	warm	5.801385654831993e-43	0	0
120	120	linear	0	7	0	cold	2.0347070377447913e-44	0	0
120	120	linear	0	7	0	warm	6.180269044824801e-45	0	0
120	120	linear	0	15	0	cold	2.790233905934842e-44	0	0
120	120	linear	0	15	0	warm	3.7508552378288064e-45	0	0
120	120	linear	0	23	0	cold	1.2064534080176753e-44	0	0
120	120	linear	0	23	0	warm	2.6020777809714645e-44	0	0
120	120	linear	1	0	0	cold	3.0220017020134684e-39	0	0
120	120	linear	1	0	0	warm	3.0220017020134684e-39	0	0
120	120	linear	1	7	0	cold	2.708246941216679e-45	0	0
120	120	linear	1	7	0	warm	4.780718093760844e-45	0	0
120	120	linear	1	15	0	cold	2.4313588668076654e-42	0	0
120	120	linear	1	15	0	warm	1.9307375155624776e-44	0	0
120	120	linear	1	23	0	cold	1.255144367577409e-44	0	0
120	120	linear	1	23	0	warm	8.81753711632493e-46	0	0
120	120	linear	2	0	0	cold	3.0106105590852e-55	0	0
120	120	linear	2	0	0	warm	3.0106105590852e-55	0	0
120	120	linear	2	7	0	cold	1.2531295366274513e-75	0	0
120	120	linear	2	7	0	warm	4.910288781054872e-60	0	0
120	120	linear	2	15	0	cold	2.8974473207026193e-55	0	0
120	120	linear	2	15	0	warm	1.1490362150168362e-55	0	0
120	120	linear	2	23	0	cold	1.5097019174208648e-61	0	0
120	120	linear	2	23	0	warm	4.886665514189307e-56	0	0
120	120	linear	3	0	0	cold	8.844860699475082e-68	0	0
120	120	linear	3	0	0	warm	8.844860699475082e-68	0	0
120	120	linear	3	7	0	cold	9.449511667998266e-69	0	0
120	120	linear	3	7	0	warm	3.313033698795205e-69	0	0
120	120	linear	3	15	0	cold	1.2878302307603274e-63	0	0
120	120	linear	3	15	0	warm	3.940010326822537e-66	0	0
120	120	linear	3	23	0	cold	1.2498571148212776e-71	0	0
120	120	linear	3	23	0	warm	5.869575990467336e-73	0	0
120	120	linear	4	0	0	cold	5.710460233736246e-64	0	0
120	120	linear	4	0	0	warm	5.710460233736246e-64	0	0
120	120	linear	4	7	0	cold	7.734530854567139e-66	0	0
120	120	linear	4	7	0	warm	2.5192602210472285e-66	0	0
120	120	linear	4	15	0	cold	9.638084512194729e-68	0	0
120	120	linear	4	15	0	warm	2.2099099403358835e-65	0	0
120	120	linear	4	23	0	cold	1.1287807106202384e-67	0	0
120	120	linear	4	23	0	warm	2.1661060412601422e-66	0	0
120	120	uniform	0	0	0	cold	5.801385654831993e-43	0	0
120	120	uniform	0	0	0	warm	5.801385654831993e-43	0	0
120	120	uniform	0	7	0	cold	2.0347070377447913e-44	0	0
120	120	uniform	0	7	0	warm	6.180269044824801e-45	0	0
120	120	uniform	0	15	0	cold	2.790233905934842e-44	0	0
120	120	uniform	0	15	0	warm	3.7508552378288064e-45	0	0
120	120	uniform	0	23	0	cold	1.2064534080176753e-44	0	0
120	120	uniform	0	23	0	warm	2.6020777809714645e-44	0	0
120	120	uniform	1	0	0	cold	3.0220017020134684e-39	0	0
120	120	uniform	1	0	0	warm	3.0220017020134684e-39	0	0
120	120	uniform	1	7	0	cold	2.708246941216679e-45	0	0
120	120	uniform	1	7	0	warm	4.780718093760844e-45	0	0
120	120	uniform	1	15	0	cold	2.4313588668076654e-42	0	0
120	120	uniform	1	15	0	warm	1.9307375155624776e-44	0	0
120	120	uniform	1	23	0	cold	1.255144367577409e-44	0	0
120	120	uniform	1	23	0	warm	8.81753711632493e-46	0	0
120	120	uniform	2	0	0	cold	3.0106105590852e-55	0	0
120	120	uniform	2	0	0	warm	3.0106105590852e-55	0	0
120	120	uniform	2	7	0	cold	1.2531295366274513e-75	0	0
120	120	uniform	2	7	0	warm	4.910288781054872e-60	0	0
120	120	uniform	2	15	0	cold	2.8974473207026193e-55	0	0
120	120	uniform	2	15	0	warm	1.1490362150168362e-55	0	0
120	120	uniform	2	23	0	cold	1.5097019174208648e-61	0	0
120	120	uniform	2	23	0	warm	4.886665514189307e-56	0	0
120	120	uniform	3	0	0	cold	8.844860699475082e-68	0	0
120	120	uniform	3	0	0	warm	8.844860699475082e-68	0	0
120	120	uniform	3	7	0	cold	9.449511667998266e-69	0	0
120	120	uniform	3	7	0	warm	3.313033698795205e-69	0	0
120	120	uniform	3	15	0	cold	1.2878302307603274e-63	0	0
120	120	uniform	3	15	0	warm	3.940010326822537e-66	0	0
120	120	uniform	3	23	0	cold	1.2498571148212776e-71	0	0
120	120	uniform	3	23	0	warm	5.869575990467336e-73	0	0
120	120	uniform	4	0	0	cold	5.710460233736246e-64	0	0
120	120	uniform	4	0	0	warm	5.710460233736246e-64	0	0
120	120	uniform	4	7	0	cold	7.734530854567139e-66	0	0
120	120	uniform	4	7	0	warm	2.5192602210472285e-66	0	0
120	120	uniform	4	15	0	cold	9.638084512194729e-68	0	0
120	120	uniform	4	15	0	warm	2.2099099403358835e-65	0	0
120	120	uniform	4	23	0	cold	1.1287807106202384e-67	0	0
120	120	uniform	4	23	0	warm	2.1661060412601422e-66	0	0
121	121	linear	0	0	0	cold	6.143078661563627e-47	0	0
121	121	linear	0	0	0	warm	6.143078661563627e-47	0	0
121	121	linear	0	7	0	cold	8.71081287280781e-80	0	0
121	121	linear	0	7	0	warm	8.729851309712409e-77	0	0
121	121	linear	0	15	0	cold	7.324840350905025e-47	0	0
121	121	linear	0	15	0	warm	2.493250191133107e-46	0	0
121	121	linear	0	23	0	cold	5.917887151611248e-48	0	0
121	121	linear	0	23	0	warm	4.2675271031373635e-82	0	0
121	121	linear	1	0	0	cold	2.7226605572645212e-75	0	0
121	121	linear	1	0	0	warm	2.7226605572645212e-75	0	0
121	121	linear	1	7	0	cold	1.861148225238106e-72	0	0
121	121	linear	1	7	0	warm	1.7271717040253046e-73	0	0
121	121	linear	1	15	0	cold	6.671121484731582e-76	0	0
121	121	linear	1	15	0	warm	2.732491360146057e-72	0	0
121	121	linear	1	23	0	cold	1.6915936424421117e-71	0	0
121	121	linear	1	23	0	warm	1.1608954690099185e-73	0	0
121	121	linear	2	0	0	cold	5.059523250489404e-73	0	0
121	121	linear	2	0	0	warm	5.059523250489404e-73	0	0
121	121	linear	2	7	0	cold	2.962664469612397e-78	0	0
121	121	linear	2	7	0	warm	3.160175434253224e-77	0	0
121	121	linear	2	15	0	cold	6.02945361120053e-78	0	0
121	121	linear	2	15	0	warm	2.5777656086084736e-77	0	0
121	121	linear	2	23	0	cold	1.465237496227495e-75	0	0
121	121	linear	2	23	0	warm	3.035377058446941e-75	0	0
121	121	linear	3	0	0	cold	1.2430101443339516e-67	0	0
121	121	linear	3	0	0	warm	1.2430101443339516e-67	0	0
121	121	linear	3	7	0	cold	5.085928178551929e-69	0	0
121	121	linear	3	7	0	warm	2.8746550574423945e-69	0	0
121	121	linear	3	15	0	cold	3.7446437346052165e-69	0	0
121	121	linear	3	15	0	warm	8.810926434365216e-70	0	0
121	121	linear	3	23	0	cold	1.7564436227868777e-69	0	0
121	121	linear	3	23	0	warm	2.634665434180315e-69	0	0
121	121	linear	4	0	0	cold	8.610905210246329e-69	0	0
121	121	linear	4	0	0	warm	8.610905210246329e-69	0	0
121	121	linear	4	7	0	cold	2.2952399155675074e-67	0	0
121	121	linear	4	7	0	warm	2.8336308337917564e-74	0	0
121	121	linear	4	15	0	cold	5.011119962559767e-70	0	0
121	121	linear	4	15	0	warm	5.0111199625597653e-70	0	0
121	121	linear	4	23	0	cold	4.996615657270754e-68	0	0
121	121	linear	4	23	0	warm	3.9036059822427766e-70	0	0
121	121	uniform	0	0	0	cold	6.143078661563627e-47	0	0
121	121	uniform	0	0	0	warm	6.143078661563627e-47	0	0
121	121	uniform	0	7	0	cold	8.71081287280781e-80	0	0
121	121	uniform	0	7	0	warm	8.729851309712409e-77	0	0
121	121	uniform	0	15	0	cold	7.324840350905025e-47	0	0
121	121	uniform	0	15	0	warm	2.493250191133107e-46	0	0
121	121	uniform	0	23	0	cold	5.917887151611248e-48	0	0
121	121	uniform	0	23	0	warm	4.2675271031373635e-82	0	0
121	121	uniform	1	0	0	cold	2.7226605572645212e-75	0	0
121	121	uniform	1	0	0	warm	2.7226605572645212e-75	0	0
121	121	uniform	1	7	0	cold	1.861148225238106e-72	0	0
121	121	uniform	1	7	0	warm	1.7271717040253046e-73	0	0
121	121	uniform	1	15	0	cold	6.671121484731582e-76	0	0
121	121	uniform	1	15	0	warm	2.732491360146057e-72	0	0
121	121	uniform	1	23	0	cold	1.6915936424421117e-71	0	0
121	121	uniform	1	23	0	warm	1.1608954690099185e-73	0	0
121	121	uniform	2	0	0	cold	5.059523250489404e-73	0	0
121	121	uniform	2	0	0	warm	5.059523250489404e-73	0	0
121	121	uniform	2	7	0	cold	2.962664469612397e-78	0	0
121	121	uniform	2	7	0	warm	3.160175434253224e-77	0	0
121	121	uniform	2	15	0	cold	6.02945361120053e-78	0	0
121	121	uniform	2	15	0	warm	2.5777656086084736e-77	0	0
121	121	uniform	2	23	0	cold	1.465237496227495e-75	0	0
121	121	uniform	2	23	0	warm	3.035377058446941e-75	0	0
121	121	uniform	3	0	0	cold	1.2430101443339516e-67	0	0
121	121	uniform	3	0	0	warm	1.2430101443339516e-67	0	0
121	121	uniform	3	7	0	cold	5.085928178551929e-69	0	0
121	121	uniform	3	7	0	warm	2.8746550574423945e-69	0	0
121	121	uniform	3	15	0	cold	3.7446437346052165e-69	0	0
121	121	uniform	3	15	0	warm	8.810926434365216e-70	0	0
121	121	uniform	3	23	0	cold	1.7564436227868777e-69	0	0
121	121	uniform	3	23	0	warm	2.634665434180315e-69	0	0
121	121	uniform	4	0	0	cold	8.610905210246329e-69	0	0
121	121	uniform	4	0	0	warm	8.610905210246329e-69	0	0
121	121	uniform	4	7	0	cold	2.2952399155675074e-67	0	0
121	121	uniform	4	7	0	warm	2.8336308337917564e-74	0	0
121	121	uniform	4	15	0	cold	5.011119962559767e-70	0	0
121	121	uniform	4	15	0	warm	5.0111199625597653e-70	0	0
121	121	uniform	4	23	0	cold	4.996615657270754e-68	0	0
121	121	uniform	4	23	0	warm	3.9036059822427766e-70	0	0
122	122	linear	0	0	0	cold	6.92312591230999e-45	0	0
122	122	linear	0	0	0	warm	6.92312591230999e-45	0	0
122	122	linear	0	7	0	cold	3.801727267225248e-45	0	0
122	122	linear	0	7	0	warm	1.3613523932759436e-48	0	0
122	122	linear	0	15	0	cold	7.62036155280974e-46	0	0
122	122	linear	0	15	0	warm	3.391720908516397e-46	0	0
122	122	linear	0	23	0	cold	6.676596608578304e-44	0	0
122	122	linear	0	23	0	warm	4.128322348005749e-45	0	0
122	122	linear	1	0	0	cold	1.5251986383628254e-43	0	0
122	122	linear	1	0	0	warm	1.5251986383628254e-43	0	0
122	122	linear	1	7	0	cold	2.408960818046169e-43	0	0
122	122	linear	1	7	0	warm	1.485792998955023e-44	0	0
122	122	linear	1	15	0	cold	7.509590076026342e-43	0	0
122	122	linear	1	15	0	warm	1.8818064177427715e-42	0	0
122	122	linear	1	23	0	cold	6.281262960406283e-44	0	0
122	122	linear	1	23	0	warm	1.4821940696024856e-43	0	0
122	122	linear	2	0	0	cold	2.0626062518889555e-44	0	0
122	122	linear	2	0	0	warm	2.0626062518889555e-44	0	0
122	122	linear	2	7	0	cold	2.496242307523399e-43	0	0
122	122	linear	2	7	0	warm	1.2654503339383193e-43	0	0
122	122	linear	2	15	0	cold	8.357948583432179e-43	0	0
122	122	linear	2	15	0	warm	3.025799065218139e-43	0	0
122	122	linear	2	23	0	cold	7.066798768400525e-42	0	0
122	122	linear	2	23	0	warm	4.353890178030194e-42	0	0
122	122	linear	3	0	0	cold	3.2156108711876114e-52	0	0
122	122	linear	3	0	0	warm	3.2156108711876114e-52	0	0
122	122	linear	3	7	0	cold	2.5644953981178905e-53	0	0
122	122	linear	3	7	0	warm	6.525433582997178e-55	0	0
122	122	linear	3	15	0	cold	6.43174463919981e-52	0	0
122	122	linear	3	15	0	warm	5.220571947402444e-55	0	0
122	122	linear	3	23	0	cold	6.7348246591738275e-53	0	0
122	122	linear	3	23	0	warm	1.631498221699086e-56	0	0
122	122	linear	4	0	0	cold	2.699703929070692e-53	0	0
122	122	linear	4	0	0	warm	2.699703929070692e-53	0	0
122	122	linear	4	7	0	cold	1.5750294540632844e-50	0	0
122	122	linear	4	7	0	warm	1.0875404227728282e-51	0	0
122	122	linear	4	15	0	cold	3.3243221745916407e-52	0	0
122	122	linear	4	15	0	warm	1.3745519036251032e-51	0	0
122	122	linear	4	23	0	cold	5.513860905497218e-51	0	0
122	122	linear	4	23	0	warm	4.3777878222083566e-52	0	0
122	122	uniform	0	0	0	cold	6.92312591230999e-45	0	0
122	122	uniform	0	0	0	warm	6.92312591230999e-45	0	0
122	122	uniform	0	7	0	cold	3.801727267225248e-45	0	0
122	122	uniform	0	7	0	warm	1.3613523932759436e-48	0	0
122	122	uniform	0	15	0	cold	7.62036155280974e-46	0	0
122	122	uniform	0	15	0	warm	3.391720908516397e-46	0	0
122	122	uniform	0	23	0	cold	6.676596608578304e-44	0	0
122	122	uniform	0	23	0	warm	4.128322348005749e-45	0	0
122	122	uniform	1	0	0	cold	1.5251986383628254e-43	0	0
122	122	uniform	1	0	0	warm	1.5251986383628254e-43	0	0
122	122	uniform	1	7	0	cold	2.408960818046169e-43	0	0
122	122	uniform	1	7	0	warm	1.485792998955023e-44	0	0
122	122	uniform	1	15	0	cold	7.509590076026342e-43	0	0
122	122	uniform	1	15	0	warm	1.8818064177427715e-42	0	0
122	122	uniform	1	23	0	cold	6.281262960406283e-44	0	0
122	122	uniform	1	23	0	warm	1.4821940696024856e-43	0	0
122	122	uniform	2	0	0	cold	2.0626062518889555e-44	0	0
122	122	uniform	2	0	0	warm	2.0626062518889555e-44	0	0
122	122	uniform	2	7	0	cold	2.496242307523399e-43	0	0
122	122	uniform	2	7	0	warm	1.2654503339383193e-43	0	0
122	122	uniform	2	15	0	cold	8.357948583432179e-43	0	0
122	122	uniform	2	15	0	warm	3.025799065218139e-43	0	0
122	122	uniform	2	23	0	cold	7.066798768400525e-42	0	0
122	122	uniform	2	23	0	warm	4.353890178030194e-42	0	0
122	122	uniform	3	0	0	cold	3.2156108711876114e-52	0	0
122	122	uniform	3	0	0	warm	3.2156108711876114e-52	0	0
122	122	uniform	3	7	0	cold	2.5644953981178905e-53	0	0
122	122	uniform	3	7	0	warm	6.525433582997178e-55	0	0
122	122	uniform	3	15	0	cold	6.43174463919981e-52	0	0
122	122	uniform	3	15	0	warm	5.220571947402444e-55	0	0
122	122	uniform	3	23	0	cold	6.7348246591738275e-53	0	0
122	122	uniform	3	23	0	warm	1.631498221699086e-56	0	0
122	122	uniform	4	0	0	cold	2.699703929070692e-53	0	0
122	122	uniform	4	0	0	warm	2.699703929070692e-53	0	0
122	122	uniform	4	7	0	cold	1.5750294540632844e-50	0	0
122	122	uniform	4	7	0	warm	1.0875404227728282e-51	0	0
122	122	uniform	4	15	0	cold	3.3243221745916407e-52	0	0
122	122	uniform	4	15	0	warm	1.3745519036251032e-51	0	0
122	122	uniform	4	23	0	cold	5.513860905497218e-51	0	0
122	122	uniform	4	23	0	warm	4.3777878222083566e-52	0	0
123	123	linear	0	0	0	cold	3.0213437471868613e-69	0	0
123	123	linear	0	0	0	warm	3.0213437471868613e-69	0	0
123	123	linear	0	7	0	cold	7.613244541121439e-73	0	0
123	123	linear	0	7	0	warm	4.864122219895464e-81	0	0
123	123	linear	0	15	0	cold	1.4412954295903892e-75	0	0
123	123	linear	0	15	0	warm	5.620510971357703e-73	0	0
123	123	linear	0	23	0	cold	6.618372582248881e-72	0	0
123	123	linear	0	23	0	warm	2.1456157305960628e-74	0	0
123	123	linear	1	0	0	cold	2.6530266906200585e-53	0	0
123	123	linear	1	0	0	warm	2.6530266906200585e-53	0	0
123	123	linear	1	7	0	cold	3.566054311675428e-54	0	0
123	123	linear	1	7	0	warm	5.395065404478655e-54	0	0
123	123	linear	1	15	0	cold	2.5806274323332984e-55	0	0
123	123	linear	1	15	0	warm	1.2728595175947111e-56	0	0
123	123	linear	1	23	0	cold	8.772534524741702e-54	0	0
123	123	linear	1	23	0	warm	8.481821024866024e-55	0	0
123	123	linear	2	0	0	cold	2.0234058186470575e-73	0	0
123	123	linear	2	0	0	warm	2.0234058186470575e-73	0	0
123	123	linear	2	7	0	cold	7.936513243235398e-72	0	0
123	123	linear	2	7	0	warm	2.0928956513597014e-74	0	0
123	123	linear	2	15	0	cold	5.037177839517922e-68	0	0
123	123	linear	2	15	0	warm	1.0723847601180789e-70	0	0
123	123	linear	2	23	0	cold	2.1590749664327548e-75	0	0
123	123	linear	2	23	0	warm	2.7753068592228357e-53	0	0
123	123	linear	3	0	0	cold	3.158952497400963e-63	0	0
123	123	linear	3	0	0	warm	3.158952497400963e-63	0	0
123	123	linear	3	7	0	cold	4.5541713875392854e-70	0	0
123	123	linear	3	7	0	warm	4.16466978545503e-45	0	0
123	123	linear	3	15	0	cold	5.154852302992521e-57	0	0
123	123	linear	3	15	0	warm	4.862573740122165e-68	0	0
123	123	linear	3	23	0	cold	1.5628851138441592e-58	0	0
123	123	linear	3	23	0	warm	3.414200943754247e-53	0	0
123	123	linear	4	0	0	cold	1.8949224911870138e-70	0	0
123	123	linear	4	0	0	warm	1.8949224911870138e-70	0	0
123	123	linear	4	7	0	cold	3.4521555476736232e-71	0	0
123	123	linear	4	7	0	warm	3.88044167320102e-70	0	0
123	123	linear	4	15	0	cold	2.7989765049850355e-64	0	0
123	123	linear	4	15	0	warm	3.5878925071786614e-70	0	0
123	123	linear	4	23	0	cold	1.3784278765922085e-61	0	0
123	123	linear	4	23	0	warm	6.226588537646074e-69	0	0
123	123	uniform	0	0	0	cold	3.0213437471868613e-69	0	0
123	123	uniform	0	0	0	warm	3.0213437471868613e-69	0	0
123	123	uniform	0	7	0	cold	7.613244541121439e-73	0	0
123	123	uniform	0	7	0	warm	4.864122219895464e-81	0	0
123	123	uniform	0	15	0	cold	1.4412954295903892e-75	0	0
123	123	uniform	0	15	0	warm	5.620510971357703e-73	0	0
123	123	uniform	0	23	0	cold	6.618372582248881e-72	0	0
123	123	uniform	0	23	0	warm	2.1456157305960628e-74	0	0
123	123	uniform	1	0	0	cold	2.6530266906200585e-53	0	0
123	123	uniform	1	0	0	warm	2.6530266906200585e-53	0	0
123	123	uniform	1	7	0	cold	3.566054311675428e-54	0	0
123	123	uniform	1	7	0	warm	5.395065404478655e-54	0	0
123	123	uniform	1	15	0	cold	2.5806274323332984e-55	0	0
123	123	uniform	1	15	0	warm	1.2728595175947111e-56	0	0
123	123	uniform	1	23	0	cold	8.772534524741702e-54	0	0
123	123	uniform	1	23	0	warm	8.481821024866024e-55	0	0
123	123	uniform	2	0	0	cold	2.0234058186470575e-73	0	0
123	123	uniform	2	0	0	warm	2.0234058186470575e-73	0	0
123	123	uniform	2	7	0	cold	7.936513243235398e-72	0	0
123	123	uniform	2	7	0	warm	2.0928956513597014e-74	0	0
123	123	uniform	2	15	0	cold	5.037177839517922e-68	0	0
123	123	uniform	2	15	0	warm	1.0723847601180789e-70	0	0
123	123	uniform	2	23	0	cold	2.1590749664327548e-75	0	0
123	123	uniform	2	23	0	warm	2.7753068592228357e-53	0	0
123	123	uniform	3	0	0	cold	3.158952497400963e-63	0	0
123	123	uniform	3	0	0	warm	3.158952497400963e-63	0	0
123	123	uniform	3	7	0	cold	4.5541713875392854e-70	0	0
123	123	uniform	3	7	0	warm	4.16466978545503e-45	0	0
123	123	uniform	3	15	0	cold	5.154852302992521e-57	0	0
123	123	uniform	3	15	0	warm	4.862573740122165e-68	0	0
123	123	uniform	3	23	0	cold	1.5628851138441592e-58	0	0
123	123	uniform	3	23	0	warm	3.414200943754247e-53	0	0
123	123	uniform	4	0	0	cold	1.8949224911870138e-70	0	0
123	123	uniform	4	0	0	warm	1.8949224911870138e-70	0	0
123	123	uniform	4	7	0	cold	3.4521555476736232e-71	0	0
123	123	uniform	4	7	0	warm	3.88044167320102e-70	0	0
123	123	uniform	4	15	0	cold	2.7989765049850355e-64	0	0
123	123	uniform	4	15	0	warm	3.5878925071786614e-70	0	0
123	123	uniform	4	23	0	cold	1.3784278765922085e-61	0	0
123	123	uniform	4	23	0	warm	6.226588537646074e-69	0	0
124	124	linear	0	0	0	cold	3.627801606967443e-42	0	0
124	124	linear	0	0	0	warm	3.627801606967443e-42	0	0
124	124	linear	0	7	0	cold	7.276383242244672e-40	0	0
124	124	linear	0	7	0	warm	2.650436787603904e-40	0	0
124	124	linear	0	15	0	cold	4.287321052889643e-42	0	0
124	124	linear	0	15	0	warm	6.583986748913523e-42	0	0
124	124	linear	0	23	0	cold	3.10891738350904e-41	0	0
124	124	linear	0	23	0	warm	5.520399408744522e-42	0	0
124	124	linear	1	0	0	cold	5.355821727420149e-73	0	0
124	124	linear	1	0	0	warm	5.355821727420149e-73	0	0
124	124	linear	1	7	0	cold	1.4114845100824005e-60	0	0
124	124	linear	1	7	0	warm	4.2364913732028075e-60	0	0
124	124	linear	1	15	0	cold	2.0930679913518632e-82	0	0
124	124	linear	1	15	0	warm	3.3789799734883495e-66	0	0
124	124	linear	1	23	0	cold	5.316778362319717e-63	0	0
124	124	linear	1	23	0	warm	6.38155891042203e-70	0	0
124	124	linear	2	0	0	cold	9.018116308105687e-54	0	0
124	124	linear	2	0	0	warm	9.018116308105687e-54	0	0
124	124	linear	2	7	0	cold	7.241528719608822e-48	0	0
124	124	linear	2	7	0	warm	8.085857304240242e-48	0	0
124	124	linear	2	15	0	cold	1.347190710488009e-47	0	0
124	124	linear	2	15	0	warm	3.4210777840377555e-49	0	0
124	124	linear	2	23	0	cold	2.5076573705185443e-47	0	0
124	124	linear	2	23	0	warm	6.908553447298868e-48	0	0
124	124	linear	3	0	0	cold	4.014891061103374e-56	0	0
124	124	linear	3	0	0	warm	4.014891061103374e-56	0	0
124	124	linear	3	7	0	cold	5.508464490530746e-56	0	0
124	124	linear	3	7	0	warm	1.0856082604481957e-56	0	0
124	124	linear	3	15	0	cold	1.0930070217634104e-57	0	0
124	124	linear	3	15	0	warm	5.079860993733229e-59	0	0
124	124	linear	3	23	0	cold	4.112496777227832e-56	0	0
124	124	linear	3	23	0	warm	2.863929599570659e-56	0	0
124	124	linear	4	0	0	cold	2.6596323471441078e-74	0	0
124	124	linear	4	0	0	warm	2.6596323471441078e-74	0	0
124	124	linear	4	7	0	cold	3.1309537644904844e-51	0	0
124	124	linear	4	7	0	warm	2.1661608124325114e-51	0	0
124	124	linear	4	15	0	cold	6.236794862150673e-50	0	0
124	124	linear	4	15	0	warm	3.284834864270997e-52	0	0
124	124	linear	4	23	0	cold	8.763172422198721e-51	0	0
124	124	linear	4	23	0	warm	1.60200878133757e-53	0	0
124	124	uniform	0	0	0	cold	3.627801606967443e-42	0	0
124	124	uniform	0	0	0	warm	3.627801606967443e-42	0	0
124	124	uniform	0	7	0	cold	7.276383242244672e-40	0	0
124	124	uniform	0	7	0	warm	2.650436787603904e-40	0	0
124	124	uniform	0	15	0	cold	4.287321052889643e-42	0	0
124	124	uniform	0	15	0	warm	6.583986748913523e-42	0	0
124	124	uniform	0	23	0	cold	3.10891738350904e-41	0	0
124	124	uniform	0	23	0	warm	5.520399408744522e-42	0	0
124	124	uniform	1	0	0	cold	5.355821727420149e-73	0	0
124	124	uniform	1	0	0	warm	5.355821727420149e-73	0	0
124	124	uniform	1	7	0	cold	1.4114845100824005e-60	0	0
124	124	uniform	1	7	0	warm	4.2364913732028075e-60	0	0
124	124	uniform	1	15	0	cold	2.0930679913518632e-82	0	0
124	124	uniform	1	15	0	warm	3.3789799734883495e-66	0	0
124	124	uniform	1	23	0	cold	5.316778362319717e-63	0	0
124	124	uniform	1	23	0	warm	6.38155891042203e-70	0	0
124	124	uniform	2	0	0	cold	9.018116308105687e-54	0	0
124	124	uniform	2	0	0	warm	9.018116308105687e-54	0	0
124	124	uniform	2	7	0	cold	7.241528719608822e-48	0	0
124	124	uniform	2	7	0	warm	8.085857304240242e-48	0	0
124	124	uniform	2	15	0	cold	1.347190710488009e-47	0	0
124	124	uniform	2	15	0	warm	3.4210777840377555e-49	0	0
124	124	uniform	2	23	0	cold	2.5076573705185443e-47	0	0
124	124	uniform	2	23	0	warm	6.908553447298868e-48	0	0
124	124	uniform	3	0	0	cold	4.014891061103374e-56	0	0
124	124	uniform	3	0	0	warm	4.014891061103374e-56	0	0
124	124	uniform	3	7	0	cold	5.508464490530746e-56	0	0
124	124	uniform	3	7	0	warm	1.0856082604481957e-56	0	0
124	124	uniform	3	15	0	cold	1.0930070217634104e-57	0	0
124	124	uniform	3	15	0	warm	5.079860993733229e-59	0	0
124	124	uniform	3	23	0	cold	4.112496777227832e-56	0	0
124	124	uniform	3	23	0	warm	2.863929599570659e-56	0	0
124	124	uniform	4	0	0	cold	2.6596323471441078e-74	0	0
124	124	uniform	4	0	0	warm	2.6596323471441078e-74	0	0
124	124	uniform	4	7	0	cold	3.1309537644904844e-51	0	0
124	124	uniform	4	7	0	warm	2.1661608124325114e-51	0	0
124	124	uniform	4	15	0	cold	6.236794862150673e-50	0	0
124	124	uniform	4	15	0	warm	3.284834864270997e-52	0	0
124	124	uniform	4	23	0	cold	8.763172422198721e-51	0	0
124	124	uniform	4	23	0	warm	1.60200878133757e-53	0	0
125	125	linear	0	0	0	cold	8.812402138437325e-64	0	0
125	125	linear	0	0	0	warm	8.812402138437325e-64	0	0
125	125	linear	0	7	0	cold	2.649579533341269e-63	0	0
125	125	linear	0	7	0	warm	2.391973380544403e-63	0	0
125	125	linear	0	15	0	cold	2.1827169869960144e-63	0	0
125	125	linear	0	15	0	warm	2.6692076969095086e-63	0	0
125	125	linear	0	23	0	cold	7.444889578658684e-64	0	0
125	125	linear	0	23	0	warm	3.660643236970125e-64	0	0
125	125	linear	1	0	0	cold	1.4498520126863065e-49	0	0
125	125	linear	1	0	0	warm	1.4498520126863065e-49	0	0
125	125	linear	1	7	0	cold	8.63583426205802e-50	0	0
125	125	linear	1	7	0	warm	1.2825691620265728e-49	0	0
125	125	linear	1	15	0	cold	7.478996116834064e-49	0	0
125	125	linear	1	15	0	warm	5.3923992056535695e-50	0	0
125	125	linear	1	23	0	cold	5.0677382721423325e-49	0	0
125	125	linear	1	23	0	warm	1.4733130754015323e-48	0	0
125	125	linear	2	0	0	cold	2.3211546787745484e-48	0	0
125	125	linear	2	0	0	warm	2.3211546787745484e-48	0	0
125	125	linear	2	7	0	cold	1.2642891780612727e-47	0	0
125	125	linear	2	7	0	warm	1.3616116160771712e-47	0	0
125	125	linear	2	15	0	cold	4.588863023688571e-48	0	0
125	125	linear	2	15	0	warm	8.937903685271252e-50	0	0
125	125	linear	2	23	0	cold	1.7145890408831222e-47	0	0
125	125	linear	2	23	0	warm	6.433749777251279e-48	0	0
125	125	linear	3	0	0	cold	3.604509514475733e-51	0	0
125	125	linear	3	0	0	warm	3.604509514475733e-51	0	0
125	125	linear	3	7	0	cold	5.531077090211573e-51	0	0
125	125	linear	3	7	0	warm	1.6646500070861552e-54	0	0
125	125	linear	3	15	0	cold	3.1819357255815777e-50	0	0
125	125	linear	3	15	0	warm	2.8410140406978403e-50	0	0
125	125	linear	3	23	0	cold	1.0074263489406815e-45	0	0
125	125	linear	3	23	0	warm	3.1592202257572155e-49	0	0
125	125	linear	4	0	0	cold	4.878340323954035e-60	0	0
125	125	linear	4	0	0	warm	4.878340323954035e-60	0	0
125	125	linear	4	7	0	cold	4.0511784702909034e-61	0	0
125	125	linear	4	7	0	warm	4.283528470541142e-61	0	0
125	125	linear	4	15	0	cold	1.3260411315015989e-61	0	0
125	125	linear	4	15	0	warm	5.087480439758097e-63	0	0
125	125	linear	4	23	0	cold	1.3088297463392827e-61	0	0
125	125	linear	4	23	0	warm	2.366865768829122e-61	0	0
125	125	uniform	0	0	0	cold	8.812402138437325e-64	0	0
125	125	uniform	0	0	0	warm	8.812402138437325e-64	0	0
125	125	uniform	0	7	0	cold	2.649579533341269e-63	0	0
125	125	uniform	0	7	0	warm	2.391973380544403e-63	0	0
125	125	uniform	0	15	0	cold	2.1827169869960144e-63	0	0
125	125	uniform	0	15	0	warm	2.6692076969095086e-63	0	0
125	125	uniform	0	23	0	cold	7.444889578658684e-64	0	0
125	125	uniform	0	23	0	warm	3.660643236970125e-64	0	0
125	125	uniform	1	0	0	cold	1.4498520126863065e-49	0	0
125	125	uniform	1	0	0	warm	1.4498520126863065e-49	0	0
125	125	uniform	1	7	0	cold	8.63583426205802e-50	0	0
125	125	uniform	1	7	0	warm	1.2825691620265728e-49	0	0
125	125	uniform	1	15	0	cold	7.478996116834064e-49	0	0
125	125	uniform	1	15	0	warm	5.3923992056535695e-50	0	0
125	125	uniform	1	23	0	cold	5.0677382721423325e-49	0	0
125	125	uniform	1	23	0	warm	1.4733130754015323e-48	0	0
125	125	uniform	2	0	0	cold	2.3211546787745484e-48	0	0
125	125	uniform	2	0	0	warm	2.3211546787745484e-48	0	0
125	125	uniform	2	7	0	cold	1.2642891780612727e-47	0	0
125	125	uniform	2	7	0	warm	1.3616116160771712e-47	0	0
125	125	uniform	2	15	0	cold	4.588863023688571e-48	0	0
125	125	uniform	2	15	0	warm	8.937903685271252e-50	0	0
125	125	uniform	2	23	0	cold	1.7145890408831222e-47	0	0
125	125	uniform	2	23	0	warm	6.433749777251279e-48	0	0
125	125	uniform	3	0	0	cold	3.604509514475733e-51	0	0
125	125	uniform	3	0	0	warm	3.604509514475733e-51	0	0
125	125	uniform	3	7	0	cold	5.531077090211573e-51	0	0
125	125	uniform	3	7	0	warm	1.6646500070861552e-54	0	0
125	125	uniform	3	15	0	cold	3.1819357255815777e-50	0	0
125	125	uniform	3	15	0	warm	2.8410140406978403e-50	0	0
125	125	uniform	3	23	0	cold	1.0074263489406815e-45	0	0
125	125	uniform	3	23	0	warm	3.1592202257572155e-49	0	0
125	125	uniform	4	0	0	cold	4.878340323954035e-60	0	0
125	125	uniform	4	0	0	warm	4.878340323954035e-60	0	0
125	125	uniform	4	7	0	cold	4.0511784702909034e-61	0	0
125	125	uniform	4	7	0	warm	4.283528470541142e-61	0	0
125	125	uniform	4	15	0	cold	1.3260411315015989e-61	0	0
125	125	uniform	4	15	0	warm	5.087480439758097e-63	0	0
125	125	uniform	4	23	0	cold	1.3088297463392827e-61	0	0
125	125	uniform	4	23	0	warm	2.366865768829122e-61	0	0
126	126	linear	0	0	0	cold	8.492469366136008e-73	0	0
126	126	linear	0	0	0	warm	8.492469366136008e-73	0	0
126	126	linear	0	7	0	cold	1.9229393237521026e-74	0	0
126	126	linear	0	7	0	warm	7.691757295008412e-74	0	0
126	126	linear	0	15	0	cold	1.1651851381316512e-74	0	0
126	126	linear	0	15	0	warm	7.28240711332282e-77	0	0
126	126	linear	0	23	0	cold	3.626045698856586e-45	0	0
126	126	linear	0	23	0	warm	3.603164342568308e-45	0	0
126	126	linear	1	0	0	cold	7.340781231077978e-73	0	0
126	126	linear	1	0	0	warm	7.340781231077978e-73	0	0
126	126	linear	1	7	0	cold	6.909747323340716e-74	0	0
126	126	linear	1	7	0	warm	8.061371877230836e-74	0	0
126	126	linear	1	15	0	cold	1.0678613306186718e-74	0	0
126	126	linear	1	15	0	warm	2.090628092127377e-77	0	0
126	126	linear	1	23	0	cold	5.413958983497542e-75	0	0
126	126	linear	1	23	0	warm	4.0545299847158576e-75	0	0
126	126	linear	2	0	0	cold	1.790704833056407e-70	0	0
126	126	linear	2	0	0	warm	1.790704833056407e-70	0	0
126	126	linear	2	7	0	cold	1.8768474183178695e-70	0	0
126	126	linear	2	7	0	warm	6.005911738617183e-70	0	0
126	126	linear	2	15	0	cold	6.078389722315966e-72	0	0
126	126	linear	2	15	0	warm	7.633326628024703e-72	0	0
126	126	linear	2	23	0	cold	1.0912019764288717e-71	0	0
126	126	linear	2	23	0	warm	2.618884743429292e-71	0	0
126	126	linear	3	0	0	cold	6.247748854304807e-70	0	0
126	126	linear	3	0	0	warm	6.247748854304807e-70	0	0
126	126	linear	3	7	0	cold	8.316266352691072e-71	0	0
126	126	linear	3	7	0	warm	3.4595668027194854e-70	0	0
126	126	linear	3	15	0	cold	2.020151879127784e-71	0	0
126	126	linear	3	15	0	warm	1.5456195585272978e-71	0	0
126	126	linear	3	23	0	cold	2.2373938875323953e-71	0	0
126	126	linear	3	23	0	warm	9.678807654182188e-73	0	0
126	126	linear	4	0	0	cold	1.1709814404678499e-71	0	0
126	126	linear	4	0	0	warm	1.1709814404678499e-71	0	0
126	126	linear	4	7	0	cold	5.1645296742859747e-73	0	0
126	126	linear	4	7	0	warm	2.5822648371429873e-73	0	0
126	126	linear	4	15	0	cold	4.368819263256899e-73	0	0
126	126	linear	4	15	0	warm	1.2482340752162568e-73	0	0
126	126	linear	4	23	0	cold	1.1470665512932206e-71	0	0
126	126	linear	4	23	0	warm	2.414876950090991e-73	0	0
126	126	uniform	0	0	0	cold	8.492469366136008e-73	0	0
126	126	uniform	0	0	0	warm	8.492469366136008e-73	0	0
126	126	uniform	0	7	0	cold	1.9229393237521026e-74	0	0
126	126	uniform	0	7	0	warm	7.691757295008412e-74	0	0
126	126	uniform	0	15	0	cold	1.1651851381316512e-74	0	0
126	126	uniform	0	15	0	warm	7.28240711332282e-77	0	0
126	126	uniform	0	23	0	cold	3.626045698856586e-45	0	0
126	126	uniform	0	23	0	warm	3.603164342568308e-45	0	0
126	126	uniform	1	0	0	cold	7.340781231077978e-73	0	0
126	126	uniform	1	0	0	warm	7.340781231077978e-73	0	0
126	126	uniform	1	7	0	cold	6.909747323340716e-74	0	0
126	126	uniform	1	7	0	warm	8.061371877230836e-74	0	0
126	126	uniform	1	15	0	cold	1.0678613306186718e-74	0	0
126	126	uniform	1	15	0	warm	2.090628092127377e-77	0	0
126	126	uniform	1	23	0	cold	5.413958983497542e-75	0	0
126	126	uniform	1	23	0	warm	4.0545299847158576e-75	0	0
126	126	uniform	2	0	0	cold	1.790704833056407e-70	0	0
126	126	uniform	2	0	0	warm	1.790704833056407e-70	0	0
126	126	uniform	2	7	0	cold	1.8768474183178695e-70	0	0
126	126	uniform	2	7	0	warm	6.005911738617183e-70	0	0
126	126	uniform	2	15	0	cold	6.078389722315966e-72	0	0
126	126	uniform	2	15	0	warm	7.633326628024703e-72	0	0
126	126	uniform	2	23	0	cold	1.0912019764288717e-71	0	0
126	126	uniform	2	23	0	warm	2.618884743429292e-71	0	0
126	126	uniform	3	0	0	cold	6.247748854304807e-70	0	0
126	126	uniform	3	0	0	warm	6.247748854304807e-70	0	0
126	126	uniform	3	7	0	cold	8.316266352691072e-71	0	0
126	126	uniform	3	7	0	warm	3.4595668027194854e-70	0	0
126	126	uniform	3	15	0	cold	2.020151879127784e-71	0	0
126	126	uniform	3	15	0	warm	1.5456195585272978e-71	0	0
126	126	uniform	3	23	0	cold	2.2373938875323953e-71	0	0
126	126	uniform	3	23	0	warm	9.678807654182188e-73	0	0
126	126	uniform	4	0	0	cold	1.1709814404678499e-71	0	0
126	126	uniform	4	0	0	warm	1.1709814404678499e-71	0	0
126	126	uniform	4	7	0	cold	5.1645296742859747e-73	0	0
126	126	uniform	4	7	0	warm	2.5822648371429873e-73	0	0
126	126	uniform	4	15	0	cold	4.368819263256899e-73	0	0
126	126	uniform	4	15	0	warm	1.2482340752162568e-73	0	0
126	126	uniform	4	23	0	cold	1.1470665512932206e-71	0	0
126	126	uniform	4	23	0	warm	2.414876950090991e-73	0	0
127	127	linear	0	0	0	cold	7.072244501903906e-46	0	0
127	127	linear	0	0	0	warm	7.072244501903906e-46	0	0
127	127	linear	0	7	0	cold	9.559610712846908e-45	0	0
127	127	linear	0	7	0	warm	3.457981203587097e-45	0	0
127	127	linear	0	15	0	cold	1.2467247994194198e-44	0	0
127	127	linear	0	15	0	warm	1.3024654705040034e-44	0	0
127	127	linear	0	23	0	cold	3.6188656746900965e-46	0	0
127	127	linear	0	23	0	warm	1.6709229752930113e-46	0	0
127	127	linear	1	0	0	cold	6.811991808241852e-72	0	0
127	127	linear	1	0	0	warm	6.811991808241852e-72	0	0
127	127	linear	1	7	0	cold	4.171937438986087e-47	0	0
127	127	linear	1	7	0	warm	5.460045079686218e-47	0	0
127	127	linear	1	15	0	cold	1.5462625416331949e-55	0	0
127	127	linear	1	15	0	warm	6.0435582100119915e-49	0	0
127	127	linear	1	23	0	cold	4.863126867275567e-44	0	0
127	127	linear	1	23	0	warm	1.527618858260614e-48	0	0
127	127	linear	2	0	0	cold	6.531481672493913e-72	0	0
127	127	linear	2	0	0	warm	6.531481672493913e-72	0	0
127	127	linear	2	7	0	cold	2.150741105414755e-44	0	0
127	127	linear	2	7	0	warm	6.1695164875454985e-50	0	0
127	127	linear	2	15	0	cold	1.6059181181009922e-71	0	0
127	127	linear	2	15	0	warm	2.328461669448621e-50	0	0
127	127	linear	2	23	0	cold	3.853007165305111e-43	0	0
127	127	linear	2	23	0	warm	1.4925823132939294e-51	0	0
127	127	linear	3	0	0	cold	3.492707065336722e-61	0	0
127	127	linear	3	0	0	warm	3.492707065336722e-61	0	0
127	127	linear	3	7	0	cold	1.4684441790423698e-64	0	0
127	127	linear	3	7	0	warm	6.791383542152103e-62	0	0
127	127	linear	3	15	0	cold	6.791393472846691e-62	0	0
127	127	linear	3	15	0	warm	1.9403981350990545e-62	0	0
127	127	linear	3	23	0	cold	7.412938085333925e-62	0	0
127	127	linear	3	23	0	warm	9.216904613257721e-62	0	0
127	127	linear	4	0	0	cold	1.4858777847795055e-46	0	0
127	127	linear	4	0	0	warm	1.4858777847795055e-46	0	0
127	127	linear	4	7	0	cold	2.040678852526889e-46	0	0
127	127	linear	4	7	0	warm	1.1496710576885579e-51	0	0
127	127	linear	4	15	0	cold	1.697358648077997e-48	0	0
127	127	linear	4	15	0	warm	2.6772426860467876e-55	0	0
127	127	linear	4	23	0	cold	1.2514965512216909e-45	0	0
127	127	linear	4	23	0	warm	9.491031813663031e-52	0	0
127	127	uniform	0	0	0	cold	7.072244501903906e-46	0	0
127	127	uniform	0	0	0	warm	7.072244501903906e-46	0	0
127	127	uniform	0	7	0	cold	9.559610712846908e-45	0	0
127	127	uniform	0	7	0	warm	3.457981203587097e-45	0	0
127	127	uniform	0	15	0	cold	1.2467247994194198e-44	0	0
127	127	uniform	0	15	0	warm	1.3024654705040034e-44	0	0
127	127	uniform	0	23	0	cold	3.6188656746900965e-46	0	0
127	127	uniform	0	23	0	warm	1.6709229752930113e-46	0	0
127	127	uniform	1	0	0	cold	6.811991808241852e-72	0	0
127	127	uniform	1	0	0	warm	6.811991808241852e-72	0	0
127	127	uniform	1	7	0	cold	4.171937438986087e-47	0	0
127	127	uniform	1	7	0	warm	5.460045079686218e-47	0	0
127	127	uniform	1	15	0	cold	1.5462625416331949e-55	0	0
127	127	uniform	1	15	0	warm	6.0435582100119915e-49	0	0
127	127	uniform	1	23	0	cold	4.863126867275567e-44	0	0
127	127	uniform	1	23	0	warm	1.527618858260614e-48	0	0
127	127	uniform	2	0	0	cold	6.531481672493913e-72	0	0
127	127	uniform	2	0	0	warm	6.531481672493913e-72	0	0
127	127	uniform	2	7	0	cold	2.150741105414755e-44	0	0
127	127	uniform	2	7	0	warm	6.1695164875454985e-50	0	0
127	127	uniform	2	15	0	cold	1.6059181181009922e-71	0	0
127	127	uniform	2	15	0	warm	2.328461669448621e-50	0	0
127	127	uniform	2	23	0	cold	3.853007165305111e-43	0	0
127	127	uniform	2	23	0	warm	1.4925823132939294e-51	0	0
127	127	uniform	3	0	0	cold	3.492707065336722e-61	0	0
127	127	uniform	3	0	0	warm	3.492707065336722e-61	0	0
127	127	uniform	3	7	0	cold	1.4684441790423698e-64	0	0
127	127	uniform	3	7	0	warm	6.791383542152103e-62	0	0
127	127	uniform	3	15	0	cold	6.791393472846691e-62	0	0
127	127	uniform	3	15	0	warm	1.9403981350990545e-62	0	0
127	127	uniform	3	23	0	cold	7.412938085333925e-62	0	0
127	127	uniform	3	23	0	warm	9.216904613257721e-62	0	0
127	127	uniform	4	0	0	cold	1.4858777847795055e-46	0	0
127	127	uniform	4	0	0	warm	1.4858777847795055e-46	0	0
127	127	uniform	4	7	0	cold	2.040678852526889e-46	0	0
127	127	uniform	4	7	0	warm	1.1496710576885579e-51	0	0
127	127	uniform	4	15	0	cold	1.697358648077997e-48	0	0
127	127	uniform	4	15	0	warm	2.6772426860467876e-55	0	0
127	127	uniform	4	23	0	cold	1.2514965512216909e-45	0	0
127	127	uniform	4	23	0	warm	9.491031813663031e-52	0	0
128	128	linear	0	0	0	cold	7.389726730014155e-46	0	0
128	128	linear	0	0	0	warm	7.389726730014155e-46	0	0
128	128	linear	0	7	0	cold	7.685547827494711e-76	0	0
128	128	linear	0	7	0	warm	2.5243808762363298e-76	0	0
128	128	linear	0	15	0	cold	1.5280856281317688e-74	0	0
128	128	linear	0	15	0	warm	2.1628288890480425e-74	0	0
128	128	linear	0	23	0	cold	4.752703790141336e-74	0	0
128	128	linear	0	23	0	warm	2.965835115656853e-74	0	0
128	128	linear	1	0	0	cold	1.6902662612645492e-64	0	0
128	128	linear	1	0	0	warm	1.6902662612645492e-64	0	0
128	128	linear	1	7	0	cold	4.5966067027443774e-66	0	0
128	128	linear	1	7	0	warm	4.192863454614269e-71	0	0
128	128	linear	1	15	0	cold	5.265420576248557e-69	0	0
128	128	linear	1	15	0	warm	4.713511258035005e-72	0	0
128	128	linear	1	23	0	cold	4.296830863439342e-70	0	0
128	128	linear	1	23	0	warm	2.0488886182018952e-76	0	0
128	128	linear	2	0	0	cold	5.930785503972746e-63	0	0
128	128	linear	2	0	0	warm	5.930785503972746e-63	0	0
128	128	linear	2	7	0	cold	1.486401543058318e-58	0	0
128	128	linear	2	7	0	warm	2.688775247201907e-58	0	0
128	128	linear	2	15	0	cold	3.9996956285778315e-59	0	0
128	128	linear	2	15	0	warm	8.657479145771605e-65	0	0
128	128	linear	2	23	0	cold	1.3867388308585273e-65	0	0
128	128	linear	2	23	0	warm	5.009522954248475e-67	0	0
128	128	linear	3	0	0	cold	2.2034771204557145e-71	0	0
128	128	linear	3	0	0	warm	2.2034771204557145e-71	0	0
128	128	linear	3	7	0	cold	1.4566954087857116e-69	0	0
128	128	linear	3	7	0	warm	8.323973764489776e-70	0	0
128	128	linear	3	15	0	cold	7.93215046255816e-72	0	0
128	128	linear	3	15	0	warm	1.3993192893760833e-72	0	0
128	128	linear	3	23	0	cold	2.4437421400742456e-71	0	0
128	128	linear	3	23	0	warm	3.309833783470213e-71	0	0
128	128	linear	4	0	0	cold	6.171346797718384e-71	0	0
128	128	linear	4	0	0	warm	6.171346797718384e-71	0	0
128	128	linear	4	7	0	cold	4.286426121558907e-70	0	0
128	128	linear	4	7	0	warm	1.6612640981126453e-70	0	0
128	128	linear	4	15	0	cold	4.6724285644219994e-68	0	0
128	128	linear	4	15	0	warm	1.9421540418380592e-68	0	0
128	128	linear	4	23	0	cold	1.0477877413336198e-68	0	0
128	128	linear	4	23	0	warm	2.1268527286771985e-68	0	0
128	128	uniform	0	0	0	cold	7.389726730014155e-46	0	0
128	128	uniform	0	0	0	warm	7.389726730014155e-46	0	0
128	128	uniform	0	7	0	cold	7.685547827494711e-76	0	0
128	128	uniform	0	7	0	warm	2.5243808762363298e-76	0	0
128	128	uniform	0	15	0	cold	1.5280856281317688e-74	0	0
128	128	uniform	0	15	0	warm	2.1628288890480425e-74	0	0
128	128	uniform	0	23	0	cold	4.752703790141336e-74	0	0
128	128	uniform	0	23	0	warm	2.965835115656853e-74	0	0
128	128	uniform	1	0	0	cold	1.6902662612645492e-64	0	0
128	128	uniform	1	0	0	warm	1.6902662612645492e-64	0	0
128	128	uniform	1	7	0	cold	4.5966067027443774e-66	0	0
128	128	uniform	1	7	0	warm	4.192863454614269e-71	0	0
128	128	uniform	1	15	0	cold	5.265420576248557e-69	0	0
128	128	uniform	1	15	0	warm	4.713511258035005e-72	0	0
128	128	uniform	1	23	0	cold	4.296830863439342e-70	0	0
128	128	uniform	1	23	0	warm	2.0488886182018952e-76	0	0
128	128	uniform	2	0	0	cold	5.930785503972746e-63	0	0
128	128	uniform	2	0	0	warm	5.930785503972746e-63	0	0
128	128	uniform	2	7	0	cold	1.486401543058318e-58	0	0
128	128	uniform	2	7	0	warm	2.688775247201907e-58	0	0
128	128	uniform	2	15	0	cold	3.9996956285778315e-59	0	0
128	128	uniform	2	15	0	warm	8.657479145771605e-65	0	0
128	128	uniform	2	23	0	cold	1.3867388308585273e-65	0	0
128	128	uniform	2	23	0	warm	5.009522954248475e-67	0	0
128	128	uniform	3	0	0	cold	2.2034771204557145e-71	0	0
128	128	uniform	3	0	0	warm	2.2034771204557145e-71	0	0
128	128	uniform	3	7	0	cold	1.4566954087857116e-69	0	0
128	128	uniform	3	7	0	warm	8.323973764489776e-70	0	0
128	128	uniform	3	15	0	cold	7.93215046255816e-72	0	0
128	128	uniform	3	15	0	warm	1.3993192893760833e-72	0	0
128	128	uniform	3	23	0	cold	2.4437421400742456e-71	0	0
128	128	uniform	3	23	0	warm	3.309833783470213e-71	0	0
128	128	uniform	4	0	0	cold	6.171346797718384e-71	0	0
128	128	uniform	4	0	0	warm	6.171346797718384e-71	0	0
128	128	uniform	4	7	0	cold	4.286426121558907e-70	0	0
128	128	uniform	4	7	0	warm	1.6612640981126453e-70	0	0
128	128	uniform	4	15	0	cold	4.6724285644219994e-68	0	0
128	128	uniform	4	15	0	warm	1.9421540418380592e-68	0	0
128	128	uniform	4	23	0	cold	1.0477877413336198e-68	0	0
128	128	uniform	4	23	0	warm	2.1268527286771985e-68	0	0
129	129	linear	0	0	0	cold	1.7187603875506042e-69	0	0
129	129	linear	0	0	0	warm	1.7187603875506042e-69	0	0
129	129	linear	0	7	0	cold	1.1245777298019587e-41	0	0
129	129	linear	0	7	0	warm	1.5118272132559216e-56	0	0
129	129	linear	0	15	0	cold	3.723088378167529e-74	0	0
129	129	linear	0	15	0	warm	1.5852713606392094e-65	0	0
129	129	linear	0	23	0	cold	1.549825846137871e-69	0	0
129	129	linear	0	23	0	warm	7.635477222283139e-56	0	0
129	129	linear	1	0	0	cold	1.2515810378502536e-57	0	0
129	129	linear	1	0	0	warm	1.2515810378502536e-57	0	0
129	129	linear	1	7	0	cold	6.768847718284273e-57	0	0
129	129	linear	1	7	0	warm	5.187019983401099e-57	0	0
129	129	linear	1	15	0	cold	2.0200515026536547e-57	0	0
129	129	linear	1	15	0	warm	1.0136295990780405e-55	0	0
129	129	linear	1	23	0	cold	1.4417131819356837e-56	0	0
129	129	linear	1	23	0	warm	6.490536018687827e-57	0	0
129	129	linear	2	0	0	cold	5.318361029730094e-67	0	0
129	129	linear	2	0	0	warm	5.318361029730094e-67	0	0
129	129	linear	2	7	0	cold	2.9360959111992093e-58	0	0
129	129	linear	2	7	0	warm	2.241555025008767e-59	0	0
129	129	linear	2	15	0	cold	1.5297312544875756e-44	0	0
129	129	linear	2	15	0	warm	3.56402209604374e-45	0	0
129	129	linear	2	23	0	cold	4.4695920257525157e-45	0	0
129	129	linear	2	23	0	warm	1.772909655560432e-44	0	0
129	129	linear	3	0	0	cold	1.5914936950443215e-72	0	0
129	129	linear	3	0	0	warm	1.5914936950443215e-72	0	0
129	129	linear	3	7	0	cold	1.2325172986997983e-73	0	0
129	129	linear	3	7	0	warm	1.727318503909418e-73	0	0
129	129	linear	3	15	0	cold	1.8802156740090979e-75	0	0
129	129	linear	3	15	0	warm	2.172912773334183e-78	0	0
129	129	linear	3	23	0	cold	2.1450758864067026e-75	0	0
129	129	linear	3	23	0	warm	3.2090939961898336e-77	0	0
129	129	linear	4	0	0	cold	1.3932500394554967e-58	0	0
129	129	linear	4	0	0	warm	1.3932500394554967e-58	0	0
129	129	linear	4	7	0	cold	1.1749166888570008e-60	0	0
129	129	linear	4	7	0	warm	1.9968505682821973e-63	0	0
129	129	linear	4	15	0	cold	3.7959674326694797e-62	0	0
129	129	linear	4	15	0	warm	7.92563834802035e-60	0	0
129	129	linear	4	23	0	cold	2.2034140257822268e-58	0	0
129	129	linear	4	23	0	warm	1.632499272517983e-58	0	0
129	129	uniform	0	0	0	cold	1.7187603875506042e-69	0	0
129	129	uniform	0	0	0	warm	1.7187603875506042e-69	0	0
129	129	uniform	0	7	0	cold	1.1245777298019587e-41	0	0
129	129	uniform	0	7	0	warm	1.5118272132559216e-56	0	0
129	129	uniform	0	15	0	cold	3.723088378167529e-74	0	0
129	129	uniform	0	15	0	warm	1.5852713606392094e-65	0	0
129	129	uniform	0	23	0	cold	1.549825846137871e-69	0	0
129	129	uniform	0	23	0	warm	7.635477222283139e-56	0	0
129	129	uniform	1	0	0	cold	1.2515810378502536e-57	0	0
129	129	uniform	1	0	0	warm	1.2515810378502536e-57	0	0
129	129	uniform	1	7	0	cold	6.768847718284273e-57	0	0
129	129	uniform	1	7	0	warm	5.187019983401099e-57	0	0
129	129	uniform	1	15	0	cold	2.0200515026536547e-57	0	0
129	129	uniform	1	15	0	warm	1.0136295990780405e-55	0	0
129	129	uniform	1	23	0	cold	1.4417131819356837e-56	0	0
129	129	uniform	1	23	0	warm	6.490536018687827e-57	0	0
129	129	uniform	2	0	0	cold	5.318361029730094e-67	0	0
129	129	uniform	2	0	0	warm	5.318361029730094e-67	0	0
129	129	uniform	2	7	0	cold	2.9360959111992093e-58	0	0
129	129	uniform	2	7	0	warm	2.241555025008767e-59	0	0
129	129	uniform	2	15	0	cold	1.5297312544875756e-44	0	0
129	129	uniform	2	15	0	warm	3.56402209604374e-45	0	0
129	129	uniform	2	23	0	cold	4.4695920257525157e-45	0	0
129	129	uniform	2	23	0	warm	1.772909655560432e-44	0	0
129	129	uniform	3	0	0	cold	1.5914936950443215e-72	0	0
129	129	uniform	3	0	0	warm	1.5914936950443215e-72	0	0
129	129	uniform	3	7	0	cold	1.2325172986997983e-73	0	0
129	129	uniform	3	7	0	warm	1.727318503909418e-73	0	0
129	129	uniform	3	15	0	cold	1.8802156740090979e-75	0	0
129	129	uniform	3	15	0	warm	2.172912773334183e-78	0	0
129	129	uniform	3	23	0	cold	2.1450758864067026e-75	0	0
129	129	uniform	3	23	0	warm	3.2090939961898336e-77	0	0
129	129	uniform	4	0	0	cold	1.3932500394554967e-58	0	0
129	129	uniform	4	0	0	warm	1.3932500394554967e-58	0	0
129	129	uniform	4	7	0	cold	1.1749166888570008e-60	0	0
129	129	uniform	4	7	0	warm	1.9968505682821973e-63	0	0
129	129	uniform	4	15	0	cold	3.7959674326694797e-62	0	0
129	129	uniform	4	15	0	warm	7.92563834802035e-60	0	0
129	129	uniform	4	23	0	cold	2.2034140257822268e-58	0	0
129	129	uniform	4	23	0	warm	1.632499272517983e-58	0	0
130	130	linear	0	0	0	cold	7.132946031485765e-67	0	0
130	130	linear	0	0	0	warm	7.132946031485765e-67	0	0
130	130	linear	0	7	0	cold	3.28772976464734e-68	0	0
130	130	linear	0	7	0	warm	7.038699007681363e-69	0	0
130	130	linear	0	15	0	cold	4.769840089175186e-70	0	0
130	130	linear	0	15	0	warm	6.23748319353678e-70	0	0
130	130	linear	0	23	0	cold	4.586092822117449e-72	0	0
130	130	linear	0	23	0	warm	4.8109973808440705e-71	0	0
130	130	linear	1	0	0	cold	3.603668202851877e-66	0	0
130	130	linear	1	0	0	warm	3.603668202851877e-66	0	0
130	130	linear	1	7	0	cold	2.8827737258147277e-65	0	0
130	130	linear	1	7	0	warm	3.363236013450515e-65	0	0
130	130	linear	1	15	0	cold	8.25741896217432e-67	0	0
130	130	linear	1	15	0	warm	8.216722932565266e-69	0	0
130	130	linear	1	23	0	cold	8.984061784922358e-67	0	0
130	130	linear	1	23	0	warm	9.85197375892269e-67	0	0
130	130	linear	2	0	0	cold	1.5631117045169854e-44	0	0
130	130	linear	2	0	0	warm	1.5631117045169854e-44	0	0
130	130	linear	2	7	0	cold	2.3290931954446835e-74	0	0
130	130	linear	2	7	0	warm	1.0150702650320665e-73	0	0
130	130	linear	2	15	0	cold	1.3966652821664369e-34	0	0
130	130	linear	2	15	0	warm	1.2841975935279382e-54	0	0
130	130	linear	2	23	0	cold	2.165818651489871e-62	0	0
130	130	linear	2	23	0	warm	3.286381912987149e-64	0	0
130	130	linear	3	0	0	cold	3.322008032441985e-45	0	0
130	130	linear	3	0	0	warm	3.322008032441985e-45	0	0
130	130	linear	3	7	0	cold	4.391428733521667e-50	0	0
130	130	linear	3	7	0	warm	7.097271737464716e-49	0	0
130	130	linear	3	15	0	cold	5.952476721313964e-53	0	0
130	130	linear	3	15	0	warm	2.595118889078712e-52	0	0
130	130	linear	3	23	0	cold	3.617592972376546e-55	0	0
130	130	linear	3	23	0	warm	3.511366491523579e-54	0	0
130	130	linear	4	0	0	cold	1.3350370196960097e-58	0	0
130	130	linear	4	0	0	warm	1.3350370196960097e-58	0	0
130	130	linear	4	7	0	cold	2.409860590977659e-57	0	0
130	130	linear	4	7	0	warm	1.5615234265203285e-58	0	0
130	130	linear	4	15	0	cold	9.251532962628092e-58	0	0
130	130	linear	4	15	0	warm	1.5940266044670222e-61	0	0
130	130	linear	4	23	0	cold	1.0695416502390656e-56	0	0
130	130	linear	4	23	0	warm	3.329564281107189e-56	0	0
130	130	uniform	0	0	0	cold	7.132946031485765e-67	0	0
130	130	uniform	0	0	0	warm	7.132946031485765e-67	0	0
130	130	uniform	0	7	0	cold	3.28772976464734e-68	0	0
130	130	uniform	0	7	0	warm	7.038699007681363e-69	0	0
130	130	uniform	0	15	0	cold	4.769840089175186e-70	0	0
130	130	uniform	0	15	0	warm	6.23748319353678e-70	0	0
130	130	uniform	0	23	0	cold	4.586092822117449e-72	0	0
130	130	uniform	0	23	0	warm	4.8109973808440705e-71	0	0
130	130	uniform	1	0	0	cold	3.603668202851877e-66	0	0
130	130	uniform	1	0	0	warm	3.603668202851877e-66	0	0
130	130	uniform	1	7	0	cold	2.8827737258147277e-65	0	0
130	130	uniform	1	7	0	warm	3.363236013450515e-65	0	0
130	130	uniform	1	15	0	cold	8.25741896217432e-67	0	0
130	130	uniform	1	15	0	warm	8.216722932565266e-69	0	0
130	130	uniform	1	23	0	cold	8.984061784922358e-67	0	0
130	130	uniform	1	23	0	warm	9.85197375892269e-67	0	0
130	130	uniform	2	0	0	cold	1.5631117045169854e-44	0	0
130	130	uniform	2	0	0	warm	1.5631117045169854e-44	0	0
130	130	uniform	2	7	0	cold	2.3290931954446835e-74	0	0
130	130	uniform	2	7	0	warm	1.0150702650320665e-73	0	0
130	130	uniform	2	15	0	cold	1.3966652821664369e-34	0	0
130	130	uniform	2	15	0	warm	1.2841975935279382e-54	0	0
130	130	uniform	2	23	0	cold	2.165818651489871e-62	0	0
130	130	uniform	2	23	0	warm	3.286381912987149e-64	0	0
130	130	uniform	3	0	0	cold	3.322008032441985e-45	0	0
130	130	uniform	3	0	0	warm	3.322008032441985e-45	0	0
130	130	uniform	3	7	0	cold	4.391428733521667e-50	0	0
130	130	uniform	3	7	0	warm	7.097271737464716e-49	0	0
130	130	uniform	3	15	0	cold	5.952476721313964e-53	0	0
130	130	uniform	3	15	0	warm	2.595118889078712e-52	0	0
130	130	uniform	3	23	0	cold	3.617592972376546e-55	0	0
130	130	uniform	3	23	0	warm	3.511366491523579e-54	0	0
130	130	uniform	4	0	0	cold	1.3350370196960097e-58	0	0
130	130	uniform	4	0	0	warm	1.3350370196960097e-58	0	0
130	130	uniform	4	7	0	cold	2.409860590977659e-57	0	0
130	130	uniform	4	7	0	warm	1.5615234265203285e-58	0	0
130	130	uniform	4	15	0	cold	9.251532962628092e-58	0	0
130	130	uniform	4	15	0	warm	1.5940266044670222e-61	0	0
130	130	uniform	4	23	0	cold	1.0695416502390656e-56	0	0
130	130	uniform	4	23	0	warm	3.329564281107189e-56	0	0
131	131	linear	0	0	0	cold	1.3781598869793954e-68	0	0
131	131	linear	0	0	0	warm	1.3781598869793954e-68	0	0
131	131	linear	0	7	0	cold	4.733206507874315e-58	0	0
131	131	linear	0	7	0	warm	1.3847923773652099e-45	0	0
131	131	linear	0	15	0	cold	2.1666183791285385e-62	0	0
131	131	linear	0	15	0	warm	6.5554944877397565e-47	0	0
131	131	linear	0	23	0	cold	3.232790464420158e-75	0	0
131	131	linear	0	23	0	warm	1.1291384532701026e-73	0	0
131	131	linear	1	0	0	cold	1.8321452717614147e-45	0	0
131	131	linear	1	0	0	warm	1.8321452717614147e-45	0	0
131	131	linear	1	7	0	cold	4.922604352115404e-43	0	0
131	131	linear	1	7	0	warm	8.946992122128977e-47	0	0
131	131	linear	1	15	0	cold	7.560600537719367e-44	0	0
131	131	linear	1	15	0	warm	6.924280916723033e-46	0	0
131	131	linear	1	23	0	cold	7.123156989273799e-41	0	0
131	131	linear	1	23	0	warm	1.3234530220528036e-45	0	0
131	131	linear	2	0	0	cold	4.202560615584289e-62	0	0
131	131	linear	2	0	0	warm	4.202560615584289e-62	0	0
131	131	linear	2	7	0	cold	1.0772992701405177e-60	0	0
131	131	linear	2	7	0	warm	6.397149140571703e-61	0	0
131	131	linear	2	15	0	cold	2.3984282357716e-63	0	0
131	131	linear	2	15	0	warm	8.945002605753133e-63	0	0
131	131	linear	2	23	0	cold	1.6190089328651505e-59	0	0
131	131	linear	2	23	0	warm	2.2498857222342764e-59	0	0
131	131	linear	3	0	0	cold	1.3475511642788024e-62	0	0
131	131	linear	3	0	0	warm	1.3475511642788024e-62	0	0
131	131	linear	3	7	0	cold	1.0522238948957705e-62	0	0
131	131	linear	3	7	0	warm	1.4357395327221292e-63	0	0
131	131	linear	3	15	0	cold	2.90647472525015e-64	0	0
131	131	linear	3	15	0	warm	8.762224234254945e-66	0	0
131	131	linear	3	23	0	cold	3.0579101056484753e-63	0	0
131	131	linear	3	23	0	warm	1.0190758454761549e-63	0	0
131	131	linear	4	0	0	cold	8.671917952562976e-58	0	0
131	131	linear	4	0	0	warm	8.671917952562976e-58	0	0
131	131	linear	4	7	0	cold	3.603086017703067e-58	0	0
131	131	linear	4	7	0	warm	1.9312635044699844e-58	0	0
131	131	linear	4	15	0	cold	7.880541427880875e-60	0	0
131	131	linear	4	15	0	warm	5.455907122542618e-59	0	0
131	131	linear	4	23	0	cold	1.5054951463676512e-62	0	0
131	131	linear	4	23	0	warm	3.0304146446800945e-62	0	0
131	131	uniform	0	0	0	cold	1.3781598869793954e-68	0	0
131	131	uniform	0	0	0	warm	1.3781598869793954e-68	0	0
131	131	uniform	0	7	0	cold	4.733206507874315e-58	0	0
131	131	uniform	0	7	0	warm	1.3847923773652099e-45	0	0
131	131	uniform	0	15	0	cold	2.1666183791285385e-62	0	0
131	131	uniform	0	15	0	warm	6.5554944877397565e-47	0	0
131	131	uniform	0	23	0	cold	3.232790464420158e-75	0	0
131	131	uniform	0	23	0	warm	1.1291384532701026e-73	0	0
131	131	uniform	1	0	0	cold	1.8321452717614147e-45	0	0
131	131	uniform	1	0	0	warm	1.8321452717614147e-45	0	0
131	131	uniform	1	7	0	cold	4.922604352115404e-43	0	0
131	131	uniform	1	7	0	warm	8.946992122128977e-47	0	0
131	131	uniform	1	15	0	cold	7.560600537719367e-44	0	0
131	131	uniform	1	15	0	warm	6.924280916723033e-46	0	0
131	131	uniform	1	23	0	cold	7.123156989273799e-41	0	0
131	131	uniform	1	23	0	warm	1.3234530220528036e-45	0	0
131	131	uniform	2	0	0	cold	4.202560615584289e-62	0	0
131	131	uniform	2	0	0	warm	4.202560615584289e-62	0	0
131	131	uniform	2	7	0	cold	1.0772992701405177e-60	0	0
131	131	uniform	2	7	0	warm	6.397149140571703e-61	0	0
131	131	uniform	2	15	0	cold	2.3984282357716e-63	0	0
131	131	uniform	2	15	0	warm	8.945002605753133e-63	0	0
131	131	uniform	2	23	0	cold	1.6190089328651505e-59	0	0
131	131	uniform	2	23	0	warm	2.2498857222342764e-59	0	0
131	131	uniform	3	0	0	cold	1.3475511642788024e-62	0	0
131	131	uniform	3	0	0	warm	1.3475511642788024e-62	0	0
131	131	uniform	3	7	0	cold	1.0522238948957705e-62	0	0
131	131	uniform	3	7	0	warm	1.4357395327221292e-63	0	0
131	131	uniform	3	15	0	cold	2.90647472525015e-64	0	0
131	131	uniform	3	15	0	warm	8.762224234254945e-66	0	0
131	131	uniform	3	23	0	cold	3.0579101056484753e-63	0	0
131	131	uniform	3	23	0	warm	1.0190758454761549e-63	0	0
131	131	uniform	4	0	0	cold	8.671917952562976e-58	0	0
131	131	uniform	4	0	0	warm	8.671917952562976e-58	0	0
131	131	uniform	4	7	0	cold	3.603086017703067e-58	0	0
131	131	uniform	4	7	0	warm	1.9312635044699844e-58	0	0
131	131	uniform	4	15	0	cold	7.880541427880875e-60	0	0
131	131	uniform	4	15	0	warm	5.455907122542618e-59	0	0
131	131	uniform	4	23	0	cold	1.5054951463676512e-62	0	0
131	131	uniform	4	23	0	warm	3.0304146446800945e-62	0	0
132	132	linear	0	0	0	cold	2.838106642521344e-76	0	0
132	132	linear	0	0	0	warm	2.838106642521344e-76	0	0
132	132	linear	0	7	0	cold	1.1210237107620174e-76	0	0
132	132	linear	0	7	0	warm	8.696426362275045e-77	0	0
132	132	linear	0	15	0	cold	1.181328788039496e-77	0	0
132	132	linear	0	15	0	warm	3.227203188255229e-76	0	0
132	132	linear	0	23	0	cold	4.788531736071585e-75	0	0
132	132	linear	0	23	0	warm	1.596177245357195e-75	0	0
132	132	linear	1	0	0	cold	7.269919314267258e-49	0	0
132	132	linear	1	0	0	warm	7.269919314267258e-49	0	0
132	132	linear	1	7	0	cold	5.0978938544714073e-57	0	0
132	132	linear	1	7	0	warm	8.1457378671717e-65	0	0
132	132	linear	1	15	0	cold	3.075611875232562e-64	0	0
132	132	linear	1	15	0	warm	3.0040860176690143e-65	0	0
132	132	linear	1	23	0	cold	2.681066902313288e-68	0	0
132	132	linear	1	23	0	warm	4.5041923958863244e-67	0	0
132	132	linear	2	0	0	cold	7.806149285471586e-57	0	0
132	132	linear	2	0	0	warm	7.806149285471586e-57	0	0
132	132	linear	2	7	0	cold	1.1768715848471498e-46	0	0
132	132	linear	2	7	0	warm	8.95992798666676e-71	0	0
132	132	linear	2	15	0	cold	2.2856303924221886e-66	0	0
132	132	linear	2	15	0	warm	1.733923779058549e-70	0	0
132	132	linear	2	23	0	cold	6.842276508246531e-49	0	0
132	132	linear	2	23	0	warm	1.395453095000041e-74	0	0
132	132	linear	3	0	0	cold	2.7510862341095237e-73	0	0
132	132	linear	3	0	0	warm	2.7510862341095237e-73	0	0
132	132	linear	3	7	0	cold	3.345440929619549e-74	0	0
132	132	linear	3	7	0	warm	7.244683189488949e-78	0	0
132	132	linear	3	15	0	cold	5.264761819114711e-75	0	0
132	132	linear	3	15	0	warm	6.5223530085819045e-77	0	0
132	132	linear	3	23	0	cold	1.7090994415617157e-46	0	0
132	132	linear	3	23	0	warm	3.6867966822546684e-76	0	0
132	132	linear	4	0	0	cold	9.723461013306179e-62	0	0
132	132	linear	4	0	0	warm	9.723461013306179e-62	0	0
132	132	linear	4	7	0	cold	4.81012101087541e-46	0	0
132	132	linear	4	7	0	warm	4.491532316968219e-73	0	0
132	132	linear	4	15	0	cold	1.8458802790552304e-65	0	0
132	132	linear	4	15	0	warm	4.214211125369132e-71	0	0
132	132	linear	4	23	0	cold	1.5660730086221643e-53	0	0
132	132	linear	4	23	0	warm	7.214049621224421e-72	0	0
132	132	uniform	0	0	0	cold	2.838106642521344e-76	0	0
132	132	uniform	0	0	0	warm	2.838106642521344e-76	0	0
132	132	uniform	0	7	0	cold	1.1210237107620174e-76	0	0
132	132	uniform	0	7	0	warm	8.696426362275045e-77	0	0
132	132	uniform	0	15	0	cold	1.181328788039496e-77	0	0
132	132	uniform	0	15	0	warm	3.227203188255229e-76	0	0
132	132	uniform	0	23	0	cold	4.788531736071585e-75	0	0
132	132	uniform	0	23	0	warm	1.596177245357195e-75	0	0
132	132	uniform	1	0	0	cold	7.269919314267258e-49	0	0
132	132	uniform	1	0	0	warm	7.269919314267258e-49	0	0
132	132	uniform	1	7	0	cold	5.0978938544714073e-57	0	0
132	132	uniform	1	7	0	warm	8.1457378671717e-65	0	0
132	132	uniform	1	15	0	cold	3.075611875232562e-64	0	0
132	132	uniform	1	15	0	warm	3.0040860176690143e-65	0	0
132	132	uniform	1	23	0	cold	2.681066902313288e-68	0	0
132	132	uniform	1	23	0	warm	4.5041923958863244e-67	0	0
132	132	uniform	2	0	0	cold	7.806149285471586e-57	0	0
132	132	uniform	2	0	0	warm	7.806149285471586e-57	0	0
132	132	uniform	2	7	0	cold	1.1768715848471498e-46	0	0
132	132	uniform	2	7	0	warm	8.95992798666676e-71	0	0
132	132	uniform	2	15	0	cold	2.2856303924221886e-66	0	0
132	132	uniform	2	15	0	warm	1.733923779058549e-70	0	0
132	132	uniform	2	23	0	cold	6.842276508246531e-49	0	0
132	132	uniform	2	23	0	warm	1.395453095000041e-74	0	0
132	132	uniform	3	0	0	cold	2.7510862341095237e-73	0	0
132	132	uniform	3	0	0	warm	2.7510862341095237e-73	0	0
132	132	uniform	3	7	0	cold	3.345440929619549e-74	0	0
132	132	uniform	3	7	0	warm	7.244683189488949e-78	0	0
132	132	uniform	3	15	0	cold	5.264761819114711e-75	0	0
132	132	uniform	3	15	0	warm	6.5223530085819045e-77	0	0
132	132	uniform	3	23	0	cold	1.7090994415617157e-46	0	0
132	132	uniform	3	23	0	warm	3.6867966822546684e-76	0	0
132	132	uniform	4	0	0	cold	9.723461013306179e-62	0	0
132	132	uniform	4	0	0	warm	9.723461013306179e-62	0	0
132	132	uniform	4	7	0	cold	4.81012101087541e-46	0	0
132	132	uniform	4	7	0	warm	4.491532316968219e-73	0	0
132	132	uniform	4	15	0	cold	1.8458802790552304e-65	0	0
132	132	uniform	4	15	0	warm	4.214211125369132e-71	0	0
132	132	uniform	4	23	0	cold	1.5660730086221643e-53	0	0
132	132	uniform	4	23	0	warm	7.214049621224421e-72	0	0
133	133	linear	0	0	0	cold	2.66236486705525e-59	0	0
133	133	linear	0	0	0	warm	2.66236486705525e-59	0	0
133	133	linear	0	7	0	cold	6.4808898676674e-70	0	0
133	133	linear	0	7	0	warm	1.9082620165909566e-69	0	0
133	133	linear	0	15	0	cold	4.58539500059881e-68	0	0
133	133	linear	0	15	0	warm	1.4061878001836355e-66	0	0
133	133	linear	0	23	0	cold	5.735216780849142e-66	0	0
133	133	linear	0	23	0	warm	4.786310512021532e-66	0	0
133	133	linear	1	0	0	cold	2.49790752297453e-69	0	0
133	133	linear	1	0	0	warm	2.49790752297453e-69	0	0
133	133	linear	1	7	0	cold	4.0950881134326625e-70	0	0
133	133	linear	1	7	0	warm	1.755037762899713e-70	0	0
133	133	linear	1	15	0	cold	3.116680841522124e-74	0	0
133	133	linear	1	15	0	warm	3.1914811817186557e-72	0	0
133	133	linear	1	23	0	cold	1.511971527059511e-73	0	0
133	133	linear	1	23	0	warm	1.7581064268133848e-74	0	0
133	133	linear	2	0	0	cold	1.390098797964505e-62	0	0
133	133	linear	2	0	0	warm	1.390098797964505e-62	0	0
133	133	linear	2	7	0	cold	1.4294676943838447e-63	0	0
133	133	linear	2	7	0	warm	1.1833448231230603e-63	0	0
133	133	linear	2	15	0	cold	4.4493041687772724e-61	0	0
133	133	linear	2	15	0	warm	1.9900208098632724e-61	0	0
133	133	linear	2	23	0	cold	7.304623364981168e-66	0	0
133	133	linear	2	23	0	warm	1.0625438093178276e-62	0	0
133	133	linear	3	0	0	cold	3.7753592742762936e-62	0	0
133	133	linear	3	0	0	warm	3.7753592742762936e-62	0	0
133	133	linear	3	7	0	cold	1.5183335952555232e-62	0	0
133	133	linear	3	7	0	warm	6.74814931224677e-63	0	0
133	133	linear	3	15	0	cold	1.3462096951566366e-63	0	0
133	133	linear	3	15	0	warm	1.1649891592701663e-64	0	0
133	133	linear	3	23	0	cold	1.0181572424231354e-64	0	0
133	133	linear	3	23	0	warm	2.1381302090885882e-63	0	0
133	133	linear	4	0	0	cold	3.274978250990327e-73	0	0
133	133	linear	4	0	0	warm	3.274978250990327e-73	0	0
133	133	linear	4	7	0	cold	1.5928754397933813e-72	0	0
133	133	linear	4	7	0	warm	1.5687060870219498e-72	0	0
133	133	linear	4	15	0	cold	8.647114348409123e-72	0	0
133	133	linear	4	15	0	warm	1.1887340111022405e-72	0	0
133	133	linear	4	23	0	cold	1.3518829285786635e-72	0	0
133	133	linear	4	23	0	warm	2.854025901018922e-72	0	0
133	133	uniform	0	0	0	cold	2.66236486705525e-59	0	0
133	133	uniform	0	0	0	warm	2.66236486705525e-59	0	0
133	133	uniform	0	7	0	cold	6.4808898676674e-70	0	0
133	133	uniform	0	7	0	warm	1.9082620165909566e-69	0	0
133	133	uniform	0	15	0	cold	4.58539500059881e-68	0	0
133	133	uniform	0	15	0	warm	1.4061878001836355e-66	0	0
133	133	uniform	0	23	0	cold	5.735216780849142e-66	0	0
133	133	uniform	0	23	0	warm	4.786310512021532e-66	0	0
133	133	uniform	1	0	0	cold	2.49790752297453e-69	0	0
133	133	uniform	1	0	0	warm	2.49790752297453e-69	0	0
133	133	uniform	1	7	0	cold	4.0950881134326625e-70	0	0
133	133	uniform	1	7	0	warm	1.755037762899713e-70	0	0
133	133	uniform	1	15	0	cold	3.116680841522124e-74	0	0
133	133	uniform	1	15	0	warm	3.1914811817186557e-72	0	0
133	133	uniform	1	23	0	cold	1.511971527059511e-73	0	0
133	133	uniform	1	23	0	warm	1.7581064268133848e-74	0	0
133	133	uniform	2	0	0	cold	1.390098797964505e-62	0	0
133	133	uniform	2	0	0	warm	1.390098797964505e-62	0	0
133	133	uniform	2	7	0	cold	1.4294676943838447e-63	0	0
133	133	uniform	2	7	0	warm	1.1833448231230603e-63	0	0
133	133	uniform	2	15	0	cold	4.4493041687772724e-61	0	0
133	133	uniform	2	15	0	warm	1.9900208098632724e-61	0	0
133	133	uniform	2	23	0	cold	7.304623364981168e-66	0	0
133	133	uniform	2	23	0	warm	1.0625438093178276e-62	0	0
133	133	uniform	3	0	0	cold	3.7753592742762936e-62	0	0
133	133	uniform	3	0	0	warm	3.7753592742762936e-62	0	0
133	133	uniform	3	7	0	cold	1.5183335952555232e-62	0	0
133	133	uniform	3	7	0	warm	6.74814931224677e-63	0	0
133	133	uniform	3	15	0	cold	1.3462096951566366e-63	0	0
133	133	uniform	3	15	0	warm	1.1649891592701663e-64	0	0
133	133	uniform	3	23	0	cold	1.0181572424231354e-64	0	0
133	133	uniform	3	23	0	warm	2.1381302090885882e-63	0	0
133	133	uniform	4	0	0	cold	3.274978250990327e-73	0	0
133	133	uniform	4	0	0	warm	3.274978250990327e-73	0	0
133	133	uniform	4	7	0	cold	1.5928754397933813e-72	0	0
133	133	uniform	4	7	0	warm	1.5687060870219498e-72	0	0
133	133	uniform	4	15	0	cold	8.647114348409123e-72	0	0
133	133	uniform	4	15	0	warm	1.1887340111022405e-72	0	0
133	133	uniform	4	23	0	cold	1.3518829285786635e-72	0	0
133	133	uniform	4	23	0	warm	2.854025901018922e-72	0	0
134	134	linear	0	0	0	cold	7.941485842326056e-73	0	0
134	134	linear	0	0	0	warm	7.941485842326056e-73	0	0
134	134	linear	0	7	0	cold	9.062257592708454e-75	0	0
134	134	linear	0	7	0	warm	2.5052786468057033e-75	0	0
134	134	linear	0	15	0	cold	2.2589341724123384e-75	0	0
134	134	linear	0	15	0	warm	9.405849555995815e-75	0	0
134	134	linear	0	23	0	cold	2.6394065948555793e-76	0	0
134	134	linear	0	23	0	warm	2.111525275884463e-76	0	0
134	134	linear	1	0	0	cold	6.158191524079182e-67	0	0
134	134	linear	1	0	0	warm	6.158191524079182e-67	0	0
134	134	linear	1	7	0	cold	3.221786715577732e-69	0	0
134	134	linear	1	7	0	warm	4.968538549324697e-69	0	0
134	134	linear	1	15	0	cold	9.579513529876265e-69	0	0
134	134	linear	1	15	0	warm	2.0540232187633974e-75	0	0
134	134	linear	1	23	0	cold	2.2364694117031638e-70	0	0
134	134	linear	1	23	0	warm	1.158332804887032e-70	0	0
134	134	linear	2	0	0	cold	1.5667005826161802e-68	0	0
134	134	linear	2	0	0	warm	1.5667005826161802e-68	0	0
134	134	linear	2	7	0	cold	9.557703193007139e-69	0	0
134	134	linear	2	7	0	warm	9.672166934897799e-70	0	0
134	134	linear	2	15	0	cold	5.1838455845754975e-70	0	0
134	134	linear	2	15	0	warm	5.256087822088379e-69	0	0
134	134	linear	2	23	0	cold	1.4930135478629182e-62	0	0
134	134	linear	2	23	0	warm	1.322855258813556e-62	0	0
134	134	linear	3	0	0	cold	7.833545022909338e-70	0	0
134	134	linear	3	0	0	warm	7.833545022909338e-70	0	0
134	134	linear	3	7	0	cold	9.779898952528645e-71	0	0
134	134	linear	3	7	0	warm	1.3508291882118392e-71	0	0
134	134	linear	3	15	0	cold	2.0880565984144966e-71	0	0
134	134	linear	3	15	0	warm	1.8004170287737371e-71	0	0
134	134	linear	3	23	0	cold	1.1158727179300526e-69	0	0
134	134	linear	3	23	0	warm	4.319507295213106e-70	0	0
134	134	linear	4	0	0	cold	3.536706091752132e-67	0	0
134	134	linear	4	0	0	warm	3.536706091752132e-67	0	0
134	134	linear	4	7	0	cold	1.0502841687698365e-62	0	0
134	134	linear	4	7	0	warm	1.962304357912899e-65	0	0
134	134	linear	4	15	0	cold	4.070251741480352e-62	0	0
134	134	linear	4	15	0	warm	1.4731956367375288e-65	0	0
134	134	linear	4	23	0	cold	5.260940522837278e-62	0	0
134	134	linear	4	23	0	warm	4.313899386575437e-67	0	0
134	134	uniform	0	0	0	cold	7.941485842326056e-73	0	0
134	134	uniform	0	0	0	warm	7.941485842326056e-73	0	0
134	134	uniform	0	7	0	cold	9.062257592708454e-75	0	0
134	134	uniform	0	7	0	warm	2.5052786468057033e-75	0	0
134	134	uniform	0	15	0	cold	2.2589341724123384e-75	0	0
134	134	uniform	0	15	0	warm	9.405849555995815e-75	0	0
134	134	uniform	0	23	0	cold	2.6394065948555793e-76	0	0
134	134	uniform	0	23	0	warm	2.111525275884463e-76	0	0
134	134	uniform	1	0	0	cold	6.158191524079182e-67	0	0
134	134	uniform	1	0	0	warm	6.158191524079182e-67	0	0
134	134	uniform	1	7	0	cold	3.221786715577732e-69	0	0
134	134	uniform	1	7	0	warm	4.968538549324697e-69	0	0
134	134	uniform	1	15	0	cold	9.579513529876265e-69	0	0
134	134	uniform	1	15	0	warm	2.0540232187633974e-75	0	0
134	134	uniform	1	23	0	cold	2.2364694117031638e-70	0	0
134	134	uniform	1	23	0	warm	1.158332804887032e-70	0	0
134	134	uniform	2	0	0	cold	1.5667005826161802e-68	0	0
134	134	uniform	2	0	0	warm	1.5667005826161802e-68	0	0
134	134	uniform	2	7	0	cold	9.557703193007139e-69	0	0
134	134	uniform	2	7	0	warm	9.672166934897799e-70	0	0
134	134	uniform	2	15	0	cold	5.1838455845754975e-70	0	0
134	134	uniform	2	15	0	warm	5.256087822088379e-69	0	0
134	134	uniform	2	23	0	cold	1.4930135478629182e-62	0	0
134	134	uniform	2	23	0	warm	1.322855258813556e-62	0	0
134	134	uniform	3	0	0	cold	7.833545022909338e-70	0	0
134	134	uniform	3	0	0	warm	7.833545022909338e-70	0	0
134	134	uniform	3	7	0	cold	9.779898952528645e-71	0	0
134	134	uniform	3	7	0	warm	1.3508291882118392e-71	0	0
134	134	uniform	3	15	0	cold	2.0880565984144966e-71	0	0
134	134	uniform	3	15	0	warm	1.8004170287737371e-71	0	0
134	134	uniform	3	23	0	cold	1.1158727179300526e-69	0	0
134	134	uniform	3	23	0	warm	4.319507295213106e-70	0	0
134	134	uniform	4	0	0	cold	3.536706091752132e-67	0	0
134	134	uniform	4	0	0	warm	3.536706091752132e-67	0	0
134	134	uniform	4	7	0	cold	1.0502841687698365e-62	0	0
134	134	uniform	4	7	0	warm	1.962304357912899e-65	0	0
134	134	uniform	4	15	0	cold	4.070251741480352e-62	0	0
134	134	uniform	4	15	0	warm	1.4731956367375288e-65	0	0
134	134	uniform	4	23	0	cold	5.260940522837278e-62	0	0
134	134	uniform	4	23	0	warm	4.313899386575437e-67	0	0
135	135	linear	0	0	0	cold	2.723054459535049e-50	0	0
135	135	linear	0	0	0	warm	2.723054459535049e-50	0	0
135	135	linear	0	7	0	cold	1.1417361045499696e-59	0	0
135	135	linear	0	7	0	warm	6.926975258637426e-57	0	0
135	135	linear	0	15	0	cold	7.691731881941058e-64	0	0
135	135	linear	0	15	0	warm	1.0569067079613367e-40	0	0
135	135	linear	0	23	0	cold	5.062868241013295e-43	0	0
135	135	linear	0	23	0	warm	1.9982012267142575e-43	0	0
135	135	linear	1	0	0	cold	1.2748224568131503e-56	0	0
135	135	linear	1	0	0	warm	1.2748224568131503e-56	0	0
135	135	linear	1	7	0	cold	3.143908609325984e-56	0	0
135	135	linear	1	7	0	warm	9.863242695924656e-57	0	0
135	135	linear	1	15	0	cold	6.124119370533572e-58	0	0
135	135	linear	1	15	0	warm	4.012021508884986e-57	0	0
135	135	linear	1	23	0	cold	1.3010985040000213e-57	0	0
135	135	linear	1	23	0	warm	1.2575673272862661e-57	0	0
135	135	linear	2	0	0	cold	1.0256018183084794e-61	0	0
135	135	linear	2	0	0	warm	1.0256018183084794e-61	0	0
135	135	linear	2	7	0	cold	3.305614244688165e-64	0	0
135	135	linear	2	7	0	warm	9.75675859913324e-64	0	0
135	135	linear	2	15	0	cold	4.5743641095481874e-64	0	0
135	135	linear	2	15	0	warm	2.4606052278246312e-64	0	0
135	135	linear	2	23	0	cold	1.0697198370618754e-65	0	0
135	135	linear	2	23	0	warm	2.437536694069477e-65	0	0
135	135	linear	3	0	0	cold	9.469285530149278e-53	0	0
135	135	linear	3	0	0	warm	9.469285530149278e-53	0	0
135	135	linear	3	7	0	cold	5.8901142087187345e-53	0	0
135	135	linear	3	7	0	warm	1.2246772117137961e-54	0	0
135	135	linear	3	15	0	cold	1.5248040576028638e-76	0	0
135	135	linear	3	15	0	warm	1.3670222849223747e-56	0	0
135	135	linear	3	23	0	cold	4.461094914422962e-75	0	0
135	135	linear	3	23	0	warm	2.4966069008716967e-53	0	0
135	135	linear	4	0	0	cold	3.944568475130366e-60	0	0
135	135	linear	4	0	0	warm	3.944568475130366e-60	0	0
135	135	linear	4	7	0	cold	1.582811839469879e-61	0	0
135	135	linear	4	7	0	warm	1.0304764579882026e-63	0	0
135	135	linear	4	15	0	cold	1.7560697791359926e-61	0	0
135	135	linear	4	15	0	warm	2.8097116466175885e-61	0	0
135	135	linear	4	23	0	cold	2.323341464942037e-61	0	0
135	135	linear	4	23	0	warm	2.1041583078720333e-61	0	0
135	135	uniform	0	0	0	cold	2.723054459535049e-50	0	0
135	135	uniform	0	0	0	warm	2.723054459535049e-50	0	0
135	135	uniform	0	7	0	cold	1.1417361045499696e-59	0	0
135	135	uniform	0	7	0	warm	6.926975258637426e-57	0	0
135	135	uniform	0	15	0	cold	7.691731881941058e-64	0	0
135	135	uniform	0	15	0	warm	1.0569067079613367e-40	0	0
135	135	uniform	0	23	0	cold	5.062868241013295e-43	0	0
135	135	uniform	0	23	0	warm	1.9982012267142575e-43	0	0
135	135	uniform	1	0	0	cold	1.2748224568131503e-56	0	0
135	135	uniform	1	0	0	warm	1.2748224568131503e-56	0	0
135	135	uniform	1	7	0	cold	3.143908609325984e-56	0	0
135	135	uniform	1	7	0	warm	9.863242695924656e-57	0	0
135	135	uniform	1	15	0	cold	6.124119370533572e-58	0	0
135	135	uniform	1	15	0	warm	4.012021508884986e-57	0	0
135	135	uniform	1	23	0	cold	1.3010985040000213e-57	0	0
135	135	uniform	1	23	0	warm	1.2575673272862661e-57	0	0
135	135	uniform	2	0	0	cold	1.0256018183084794e-61	0	0
135	135	uniform	2	0	0	warm	1.0256018183084794e-61	0	0
135	135	uniform	2	7	0	cold	3.305614244688165e-64	0	0
135	135	uniform	2	7	0	warm	9.75675859913324e-64	0	0
135	135	uniform	2	15	0	cold	4.5743641095481874e-64	0	0
135	135	uniform	2	15	0	warm	2.4606052278246312e-64	0	0
135	135	uniform	2	23	0	cold	1.0697198370618754e-65	0	0
135	135	uniform	2	23	0	warm	2.437536694069477e-65	0	0
135	135	uniform	3	0	0	cold	9.469285530149278e-53	0	0
135	135	uniform	3	0	0	warm	9.469285530149278e-53	0	0
135	135	uniform	3	7	0	cold	5.8901142087187345e-53	0	0
135	135	uniform	3	7	0	warm	1.2246772117137961e-54	0	0
135	135	uniform	3	15	0	cold	1.5248040576028638e-76	0	0
135	135	uniform	3	15	0	warm	1.3670222849223747e-56	0	0
135	135	uniform	3	23	0	cold	4.461094914422962e-75	0	0
135	135	uniform	3	23	0	warm	2.4966069008716967e-53	0	0
135	135	uniform	4	0	0	cold	3.944568475130366e-60	0	0
135	135	uniform	4	0	0	warm	3.944568475130366e-60	0	0
135	135	uniform	4	7	0	cold	1.582811839469879e-61	0	0
135	135	uniform	4	7	0	warm	1.0304764579882026e-63	0	0
135	135	uniform	4	15	0	cold	1.7560697791359926e-61	0	0
135	135	uniform	4	15	0	warm	2.8097116466175885e-61	0	0
135	135	uniform	4	23	0	cold	2.323341464942037e-61	0	0
135	135	uniform	4	23	0	warm	2.1041583078720333e-61	0	0
136	136	linear	0	0	0	cold	3.0427373005382767e-71	0	0
136	136	linear	0	0	0	warm	3.0427373005382767e-71	0	0
136	136	linear	0	7	0	cold	2.2216388971562904e-72	0	0
136	136	linear	0	7	0	warm	3.4289770473093986e-71	0	0
136	136	linear	0	15	0	cold	1.3268956196907736e-70	0	0
136	136	linear	0	15	0	warm	4.422985398969261e-72	0	0
136	136	linear	0	23	0	cold	2.7634274693097e-72	0	0
136	136	linear	0	23	0	warm	1.38171373465485e-72	0	0
136	136	linear	1	0	0	cold	2.541420530927909e-71	0	0
136	136	linear	1	0	0	warm	2.541420530927909e-71	0	0
136	136	linear	1	7	0	cold	1.4200269147916837e-70	0	0
136	136	linear	1	7	0	warm	2.2092738828532321e-72	0	0
136	136	linear	1	15	0	cold	2.1201819651029115e-70	0	0
136	136	linear	1	15	0	warm	7.067273217009701e-71	0	0
136	136	linear	1	23	0	cold	1.766217393920404e-70	0	0
136	136	linear	1	23	0	warm	4.4155434848010093e-72	0	0
136	136	linear	2	0	0	cold	4.080432820755238e-58	0	0
136	136	linear	2	0	0	warm	4.080432820755238e-58	0	0
136	136	linear	2	7	0	cold	3.954911029289237e-62	0	0
136	136	linear	2	7	0	warm	1.0819181896216538e-61	0	0
136	136	linear	2	15	0	cold	1.1418876596513339e-61	0	0
136	136	linear	2	15	0	warm	3.0275160561040863e-62	0	0
136	136	linear	2	23	0	cold	7.392594565816868e-62	0	0
136	136	linear	2	23	0	warm	1.1945427998104407e-61	0	0
136	136	linear	3	0	0	cold	4.305877784662302e-74	0	0
136	136	linear	3	0	0	warm	4.305877784662302e-74	0	0
136	136	linear	3	7	0	cold	4.38132582931142e-79	0	0
136	136	linear	3	7	0	warm	1.3774705284660036e-73	0	0
136	136	linear	3	15	0	cold	2.2132842303865605e-72	0	0
136	136	linear	3	15	0	warm	1.9957878988809838e-80	0	0
136	136	linear	3	23	0	cold	5.161996871554287e-74	0	0
136	136	linear	3	23	0	warm	6.882662483729295e-74	0	0
136	136	linear	4	0	0	cold	3.113882590595905e-61	0	0
136	136	linear	4	0	0	warm	3.113882590595905e-61	0	0
136	136	linear	4	7	0	cold	3.5641235451785174e-62	0	0
136	136	linear	4	7	0	warm	1.6358981542257295e-62	0	0
136	136	linear	4	15	0	cold	9.986614576969228e-62	0	0
136	136	linear	4	15	0	warm	6.22940021699831e-62	0	0
136	136	linear	4	23	0	cold	1.3555800246135668e-60	0	0
136	136	linear	4	23	0	warm	3.135454863646913e-60	0	0
136	136	uniform	0	0	0	cold	3.0427373005382767e-71	0	0
136	136	uniform	0	0	0	warm	3.0427373005382767e-71	0	0
136	136	uniform	0	7	0	cold	2.2216388971562904e-72	0	0
136	136	uniform	0	7	0	warm	3.4289770473093986e-71	0	0
136	136	uniform	0	15	0	cold	1.3268956196907736e-70	0	0
136	136	uniform	0	15	0	warm	4.422985398969261e-72	0	0
136	136	uniform	0	23	0	cold	2.7634274693097e-72	0	0
136	136	uniform	0	23	0	warm	1.38171373465485e-72	0	0
136	136	uniform	1	0	0	cold	2.541420530927909e-71	0	0
136	136	uniform	1	0	0	warm	2.541420530927909e-71	0	0
136	136	uniform	1	7	0	cold	1.4200269147916837e-70	0	0
136	136	uniform	1	7	0	warm	2.2092738828532321e-72	0	0
136	136	uniform	1	15	0	cold	2.1201819651029115e-70	0	0
136	136	uniform	1	15	0	warm	7.067273217009701e-71	0	0
136	136	uniform	1	23	0	cold	1.766217393920404e-70	0	0
136	136	uniform	1	23	0	warm	4.4155434848010093e-72	0	0
136	136	uniform	2	0	0	cold	4.080432820755238e-58	0	0
136	136	uniform	2	0	0	warm	4.080432820755238e-58	0	0
136	136	uniform	2	7	0	cold	3.954911029289237e-62	0	0
136	136	uniform	2	7	0	warm	1.0819181896216538e-61	0	0
136	136	uniform	2	15	0	cold	1.1418876596513339e-61	0	0
136	136	uniform	2	15	0	warm	3.0275160561040863e-62	0	0
136	136	uniform	2	23	0	cold	7.392594565816868e-62	0	0
136	136	uniform	2	23	0	warm	1.1945427998104407e-61	0	0
136	136	uniform	3	0	0	cold	4.305877784662302e-74	0	0
136	136	uniform	3	0	0	warm	4.305877784662302e-74	0	0
136	136	uniform	3	7	0	cold	4.38132582931142e-79	0	0
136	136	uniform	3	7	0	warm	1.3774705284660036e-73	0	0
136	136	uniform	3	15	0	cold	2.2132842303865605e-72	0	0
136	136	uniform	3	15	0	warm	1.9957878988809838e-80	0	0
136	136	uniform	3	23	0	cold	5.161996871554287e-74	0	0
136	136	uniform	3	23	0	warm	6.882662483729295e-74	0	0
136	136	uniform	4	0	0	cold	3.113882590595905e-61	0	0
136	136	uniform	4	0	0	warm	3.113882590595905e-61	0	0
136	136	uniform	4	7	0	cold	3.5641235451785174e-62	0	0
136	136	uniform	4	7	0	warm	1.6358981542257295e-62	0	0
136	136	uniform	4	15	0	cold	9.986614576969228e-62	0	0
136	136	uniform	4	15	0	warm	6.22940021699831e-62	0	0
136	136	uniform	4	23	0	cold	1.3555800246135668e-60	0	0
136	136	uniform	4	23	0	warm	3.135454863646913e-60	0	0
137	137	linear	0	0	0	cold	1.2517130954973398e-58	0	0
137	137	linear	0	0	0	warm	1.2517130954973398e-58	0	0
137	137	linear	0	7	0	cold	8.693485188816998e-61	0	0
137	137	linear	0	7	0	warm	1.734040191545869e-59	0	0
137	137	linear	0	15	0	cold	1.2426939645561424e-60	0	0
137	137	linear	0	15	0	warm	1.3819829124321083e-65	0	0
137	137	linear	0	23	0	cold	5.723896637039926e-62	0	0
137	137	linear	0	23	0	warm	1.2929272403666654e-60	0	0
137	137	linear	1	0	0	cold	2.1967677847105024e-46	0	0
137	137	linear	1	0	0	warm	2.1967677847105024e-46	0	0
137	137	linear	1	7	0	cold	3.55732168073317e-51	0	0
137	137	linear	1	7	0	warm	6.3100546458872e-51	0	0
137	137	linear	1	15	0	cold	1.5516249337690019e-52	0	0
137	137	linear	1	15	0	warm	1.908375185852715e-52	0	0
137	137	linear	1	23	0	cold	1.800163704165831e-54	0	0
137	137	linear	1	23	0	warm	7.113193256191835e-54	0	0
137	137	linear	2	0	0	cold	3.8344076369154424e-63	0	0
137	137	linear	2	0	0	warm	3.8344076369154424e-63	0	0
137	137	linear	2	7	0	cold	1.1947349234406027e-59	0	0
137	137	linear	2	7	0	warm	6.2674618934589e-60	0	0
137	137	linear	2	15	0	cold	2.929959646341638e-61	0	0
137	137	linear	2	15	0	warm	1.3673145016260978e-60	0	0
137	137	linear	2	23	0	cold	2.281688413565389e-62	0	0
137	137	linear	2	23	0	warm	2.8916447221422746e-62	0	0
137	137	linear	3	0	0	cold	2.71729121268543e-47	0	0
137	137	linear	3	0	0	warm	2.71729121268543e-47	0	0
137	137	linear	3	7	0	cold	1.9395059507990572e-48	0	0
137	137	linear	3	7	0	warm	1.3660070798432435e-48	0	0
137	137	linear	3	15	0	cold	2.1261708192850426e-52	0	0
137	137	linear	3	15	0	warm	1.666239100218322e-51	0	0
137	137	linear	3	23	0	cold	7.888099045112474e-52	0	0
137	137	linear	3	23	0	warm	5.494057288974627e-51	0	0
137	137	linear	4	0	0	cold	3.723546573188563e-64	0	0
137	137	linear	4	0	0	warm	3.723546573188563e-64	0	0
137	137	linear	4	7	0	cold	8.298402263411722e-62	0	0
137	137	linear	4	7	0	warm	3.120351801575329e-63	0	0
137	137	linear	4	15	0	cold	6.237932218091244e-62	0	0
137	137	linear	4	15	0	warm	6.160066212594961e-63	0	0
137	137	linear	4	23	0	cold	5.093120189581567e-62	0	0
137	137	linear	4	23	0	warm	3.709739629440897e-62	0	0
137	137	uniform	0	0	0	cold	1.2517130954973398e-58	0	0
137	137	uniform	0	0	0	warm	1.2517130954973398e-58	0	0
137	137	uniform	0	7	0	cold	8.693485188816998e-61	0	0
137	137	uniform	0	7	0	warm	1.734040191545869e-59	0	0
137	137	uniform	0	15	0	cold	1.2426939645561424e-60	0	0
137	137	uniform	0	15	0	warm	1.3819829124321083e-65	0	0
137	137	uniform	0	23	0	cold	5.723896637039926e-62	0	0
137	137	uniform	0	23	0	warm	1.2929272403666654e-60	0	0
137	137	uniform	1	0	0	cold	2.1967677847105024e-46	0	0
137	137	uniform	1	0	0	warm	2.1967677847105024e-46	0	0
137	137	uniform	1	7	0	cold	3.55732168073317e-51	0	0
137	137	uniform	1	7	0	warm	6.3100546458872e-51	0	0
137	137	uniform	1	15	0	cold	1.5516249337690019e-52	0	0
137	137	uniform	1	15	0	warm	1.908375185852715e-52	0	0
137	137	uniform	1	23	0	cold	1.800163704165831e-54	0	0
137	137	uniform	1	23	0	warm	7.113193256191835e-54	0	0
137	137	uniform	2	0	0	cold	3.8344076369154424e-63	0	0
137	137	uniform	2	0	0	warm	3.8344076369154424e-63	0	0
137	137	uniform	2	7	0	cold	1.1947349234406027e-59	0	0
137	137	uniform	2	7	0	warm	6.2674618934589e-60	0	0
137	137	uniform	2	15	0	cold	2.929959646341638e-61	0	0
137	137	uniform	2	15	0	warm	1.3673145016260978e-60	0	0
137	137	uniform	2	23	0	cold	2.281688413565389e-62	0	0
137	137	uniform	2	23	0	warm	2.8916447221422746e-62	0	0
137	137	uniform	3	0	0	cold	2.71729121268543e-47	0	0
137	137	uniform	3	0	0	warm	2.71729121268543e-47	0	0
137	137	uniform	3	7	0	cold	1.9395059507990572e-48	0	0
137	137	uniform	3	7	0	warm	1.3660070798432435e-48	0	0
137	137	uniform	3	15	0	cold	2.1261708192850426e-52	0	0
137	137	uniform	3	15	0	warm	1.666239100218322e-51	0	0
137	137	uniform	3	23	0	cold	7.888099045112474e-52	0	0
137	137	uniform	3	23	0	warm	5.494057288974627e-51	0	0
137	137	uniform	4	0	0	cold	3.723546573188563e-64	0	0
137	137	uniform	4	0	0	warm	3.723546573188563e-64	0	0
137	137	uniform	4	7	0	cold	8.298402263411722e-62	0	0
137	137	uniform	4	7	0	warm	3.120351801575329e-63	0	0
137	137	uniform	4	15	0	cold	6.237932218091244e-62	0	0
137	137	uniform	4	15	0	warm	6.160066212594961e-63	0	0
137	137	uniform	4	23	0	cold	5.093120189581567e-62	0	0
137	137	uniform	4	23	0	warm	3.709739629440897e-62	0	0
138	138	linear	0	0	0	cold	9.991521786386263e-17	0	0
138	138	linear	0	0	0	warm	9.991521786386263e-17	0	0
138	138	linear	0	7	0	cold	1.9314455312782598e-16	0	0
138	138	linear	0	7	0	warm	9.990235506611687e-17	0	0
138	138	linear	0	15	0	cold	9.322753939675535e-17	0	0
138	138	linear	0	15	0	warm	9.322753939675535e-17	0	0
138	138	linear	0	23	0	cold	3.909851838930057e-40	0	0
138	138	linear	0	23	0	warm	9.986936220330361e-17	0	0
138	138	linear	1	0	0	cold	2.471005939995706e-48	0	0
138	138	linear	1	0	0	warm	2.471005939995706e-48	0	0
138	138	linear	1	7	0	cold	5.063902460039234e-60	0	0
138	138	linear	1	7	0	warm	3.694591856308109e-51	0	0
138	138	linear	1	15	0	cold	2.0909166289882314e-52	0	0
138	138	linear	1	15	0	warm	4.4656524978689477e-44	0	0
138	138	linear	1	23	0	cold	1.2045165134519807e-44	0	0
138	138	linear	1	23	0	warm	4.182230374160549e-61	0	0
138	138	linear	2	0	0	cold	5.735204195471456e-57	0	0
138	138	linear	2	0	0	warm	5.735204195471456e-57	0	0
138	138	linear	2	7	0	cold	1.1852631115003394e-60	0	0
138	138	linear	2	7	0	warm	4.0012251132303016e-48	0	0
138	138	linear	2	15	0	cold	3.7817980479916603e-44	0	0
138	138	linear	2	15	0	warm	3.4485366627033242e-65	0	0
138	138	linear	2	23	0	cold	2.055735704104941e-51	0	0
138	138	linear	2	23	0	warm	2.637450886239293e-49	0	0
138	138	linear	3	0	0	cold	8.859444927819428e-62	0	0
138	138	linear	3	0	0	warm	8.859444927819428e-62	0	0
138	138	linear	3	7	0	cold	1.0315185813774274e-66	0	0
138	138	linear	3	7	0	warm	2.349754320055322e-66	0	0
138	138	linear	3	15	0	cold	1.4400295544506546e-62	0	0
138	138	linear	3	15	0	warm	5.28207519913722e-65	0	0
138	138	linear	3	23	0	cold	8.214148343299829e-62	0	0
138	138	linear	3	23	0	warm	2.124042524893988e-63	0	0
138	138	linear	4	0	0	cold	9.357430534777313e-17	0	0
138	138	linear	4	0	0	warm	9.357430534777313e-17	0	0
138	138	linear	4	7	0	cold	9.633200023181658e-17	0	0
138	138	linear	4	7	0	warm	4.956711228981934e-32	0	0
138	138	linear	4	15	0	cold	9.642594047508016e-17	0	0
138	138	linear	4	15	0	warm	1.0122661245236892e-34	0	0
138	138	linear	4	23	0	cold	3.431423549396932e-42	0	0
138	138	linear	4	23	0	warm	1.0019097008925313e-16	0	0
138	138	uniform	0	0	0	cold	9.991521786386263e-17	0	0
138	138	uniform	0	0	0	warm	9.991521786386263e-17	0	0
138	138	uniform	0	7	0	cold	1.9314455312782598e-16	0	0
138	138	uniform	0	7	0	warm	9.990235506611687e-17	0	0
138	138	uniform	0	15	0	cold	9.322753939675535e-17	0	0
138	138	uniform	0	15	0	warm	9.322753939675535e-17	0	0
138	138	uniform	0	23	0	cold	3.909851838930057e-40	0	0
138	138	uniform	0	23	0	warm	9.986936220330361e-17	0	0
138	138	uniform	1	0	0	cold	2.471005939995706e-48	0	0
138	138	uniform	1	0	0	warm	2.471005939995706e-48	0	0
138	138	uniform	1	7	0	cold	5.063902460039234e-60	0	0
138	138	uniform	1	7	0	warm	3.694591856308109e-51	0	0
138	138	uniform	1	15	0	cold	2.0909166289882314e-52	0	0
138	138	uniform	1	15	0	warm	4.4656524978689477e-44	0	0
138	138	uniform	1	23	0	cold	1.2045165134519807e-44	0	0
138	138	uniform	1	23	0	warm	4.182230374160549e-61	0	0
138	138	uniform	2	0	0	cold	5.735204195471456e-57	0	0
138	138	uniform	2	0	0	warm	5.735204195471456e-57	0	0
138	138	uniform	2	7	0	cold	1.1852631115003394e-60	0	0
138	138	uniform	2	7	0	warm	4.0012251132303016e-48	0	0
138	138	uniform	2	15	0	cold	3.7817980479916603e-44	0	0
138	138	uniform	2	15	0	warm	3.4485366627033242e-65	0	0
138	138	uniform	2	23	0	cold	2.055735704104941e-51	0	0
138	138	uniform	2	23	0	warm	2.637450886239293e-49	0	0
138	138	uniform	3	0	0	cold	8.859444927819428e-62	0	0
138	138	uniform	3	0	0	warm	8.859444927819428e-62	0	0
138	138	uniform	3	7	0	cold	1.0315185813774274e-66	0	0
138	138	uniform	3	7	0	warm	2.349754320055322e-66	0	0
138	138	uniform	3	15	0	cold	1.4400295544506546e-62	0	0
138	138	uniform	3	15	0	warm	5.28207519913722e-65	0	0
138	138	uniform	3	23	0	cold	8.214148343299829e-62	0	0
138	138	uniform	3	23	0	warm	2.124042524893988e-63	0	0
138	138	uniform	4	0	0	cold	9.357430534777313e-17	0	0
138	138	uniform	4	0	0	warm	9.357430534777313e-17	0	0
138	138	uniform	4	7	0	cold	9.633200023181658e-17	0	0
138	138	uniform	4	7	0	warm	4.956711228981934e-32	0	0
138	138	uniform	4	15	0	cold	9.642594047508016e-17	0	0
138	138	uniform	4	15	0	warm	1.0122661245236892e-34	0	0
138	138	uniform	4	23	0	cold	3.431423549396932e-42	0	0
138	138	uniform	4	23	0	warm	1.0019097008925313e-16	0	0
139	139	linear	0	0	0	cold	1.3483420107983956e-71	0	0
139	139	linear	0	0	0	warm	1.3483420107983956e-71	0	0
139	139	linear	0	7	0	cold	1.3652386669949541e-67	0	0
139	139	linear	0	7	0	warm	1.3020361164264142e-53	0	0
139	139	linear	0	15	0	cold	9.284937506316732e-72	0	0
139	139	linear	0	15	0	warm	2.364767595645946e-71	0	0
139	139	linear	0	23	0	cold	7.350050198158318e-60	0	0
139	139	linear	0	23	0	warm	2.0484233939275917e-38	0	0
139	139	linear	1	0	0	cold	9.593078263265872e-51	0	0
139	139	linear	1	0	0	warm	9.593078263265872e-51	0	0
139	139	linear	1	7	0	cold	2.1105650730032282e-54	0	0
139	139	linear	1	7	0	warm	4.6069149431601424e-39	0	0
139	139	linear	1	15	0	cold	2.3355583659433617e-42	0	0
139	139	linear	1	15	0	warm	5.649293105639786e-49	0	0
139	139	linear	1	23	0	cold	1.6946813293066956e-63	0	0
139	139	linear	1	23	0	warm	6.762984479202238e-45	0	0
139	139	linear	2	0	0	cold	6.462347148558221e-54	0	0
139	139	linear	2	0	0	warm	6.462347148558221e-54	0	0
139	139	linear	2	7	0	cold	5.103880482559752e-51	0	0
139	139	linear	2	7	0	warm	2.860799250288142e-47	0	0
139	139	linear	2	15	0	cold	7.5895938676807e-49	0	0
139	139	linear	2	15	0	warm	2.791659750763819e-34	0	0
139	139	linear	2	23	0	cold	3.793187995568843e-60	0	0
139	139	linear	2	23	0	warm	8.106474820338178e-59	0	0
139	139	linear	3	0	0	cold	1.380641051013442e-45	0	0
139	139	linear	3	0	0	warm	1.380641051013442e-45	0	0
139	139	linear	3	7	0	cold	1.8093103328210836e-53	0	0
139	139	linear	3	7	0	warm	2.3426739780793073e-49	0	0
139	139	linear	3	15	0	cold	1.8442936342303816e-38	0	0
139	139	linear	3	15	0	warm	2.903116426873669e-48	0	0
139	139	linear	3	23	0	cold	2.5652256972512614e-54	0	0
139	139	linear	3	23	0	warm	1.6686860788802898e-39	0	0
139	139	linear	4	0	0	cold	1.302319361542261e-71	0	0
139	139	linear	4	0	0	warm	1.302319361542261e-71	0	0
139	139	linear	4	7	0	cold	5.47598646670395e-72	0	0
139	139	linear	4	7	0	warm	1.994590998331396e-68	0	0
139	139	linear	4	15	0	cold	1.3290642058856106e-72	0	0
139	139	linear	4	15	0	warm	1.265238707496194e-70	0	0
139	139	linear	4	23	0	cold	1.1708248039762313e-71	0	0
139	139	linear	4	23	0	warm	1.8964856526667557e-70	0	0
139	139	uniform	0	0	0	cold	1.3483420107983956e-71	0	0
139	139	uniform	0	0	0	warm	1.3483420107983956e-71	0	0
139	139	uniform	0	7	0	cold	1.3652386669949541e-67	0	0
139	139	uniform	0	7	0	warm	1.3020361164264142e-53	0	0
139	139	uniform	0	15	0	cold	9.284937506316732e-72	0	0
139	139	uniform	0	15	0	warm	2.364767595645946e-71	0	0
139	139	uniform	0	23	0	cold	7.350050198158318e-60	0	0
139	139	uniform	0	23	0	warm	2.0484233939275917e-38	0	0
139	139	uniform	1	0	0	cold	9.593078263265872e-51	0	0
139	139	uniform	1	0	0	warm	9.593078263265872e-51	0	0
139	139	uniform	1	7	0	cold	2.1105650730032282e-54	0	0
139	139	uniform	1	7	0	warm	4.6069149431601424e-39	0	0
139	139	uniform	1	15	0	cold	2.3355583659433617e-42	0	0
139	139	uniform	1	15	0	warm	5.649293105639786e-49	0	0
139	139	uniform	1	23	0	cold	1.6946813293066956e-63	0	0
139	139	uniform	1	23	0	warm	6.762984479202238e-45	0	0
139	139	uniform	2	0	0	cold	6.462347148558221e-54	0	0
139	139	uniform	2	0	0	warm	6.462347148558221e-54	0	0
139	139	uniform	2	7	0	cold	5.103880482559752e-51	0	0
139	139	uniform	2	7	0	warm	2.860799250288142e-47	0	0
139	139	uniform	2	15	0	cold	7.5895938676807e-49	0	0
139	139	uniform	2	15	0	warm	2.791659750763819e-34	0	0
139	139	uniform	2	23	0	cold	3.793187995568843e-60	0	0
139	139	uniform	2	23	0	warm	8.106474820338178e-59	0	0
139	139	uniform	3	0	0	cold	1.380641051013442e-45	0	0
139	139	uniform	3	0	0	warm	1.380641051013442e-45	0	0
139	139	uniform	3	7	0	cold	1.8093103328210836e-53	0	0
139	139	uniform	3	7	0	warm	2.3426739780793073e-49	0	0
139	139	uniform	3	15	0	cold	1.8442936342303816e-38	0	0
139	139	uniform	3	15	0	warm	2.903116426873669e-48	0	0
139	139	uniform	3	23	0	cold	2.5652256972512614e-54	0	0
139	139	uniform	3	23	0	warm	1.6686860788802898e-39	0	0
139	139	uniform	4	0	0	cold	1.302319361542261e-71	0	0
139	139	uniform	4	0	0	warm	1.302319361542261e-71	0	0
139	139	uniform	4	7	0	cold	5.47598646670395e-72	0	0
139	139	uniform	4	7	0	warm	1.994590998331396e-68	0	0
139	139	uniform	4	15	0	cold	1.3290642058856106e-72	0	0
139	139	uniform	4	15	0	warm	1.265238707496194e-70	0	0
139	139	uniform	4	23	0	cold	1.1708248039762313e-71	0	0
139	139	uniform	4	23	0	warm	1.8964856526667557e-70	0	0
140	140	linear	0	0	0	cold	3.5536392623074675e-69	0	0
140	140	linear	0	0	0	warm	3.5536392623074675e-69	0	0
140	140	linear	0	7	0	cold	4.875055067453643e-69	0	0
140	140	linear	0	7	0	warm	6.02712845717179e-70	0	0
140	140	linear	0	15	0	cold	1.3412806848657684e-69	0	0
140	140	linear	0	15	0	warm	6.413238179986702e-70	0	0
140	140	linear	0	23	0	cold	3.011404974468528e-69	0	0
140	140	linear	0	23	0	warm	1.5604553049518737e-68	0	0
140	140	linear	1	0	0	cold	7.843444437044245e-76	0	0
140	140	linear	1	0	0	warm	7.843444437044245e-76	0	0
140	140	linear	1	7	0	cold	2.847847436612301e-44	0	0
140	140	linear	1	7	0	warm	1.0009905240110132e-74	0	0
140	140	linear	1	15	0	cold	6.688690730052044e-73	0	0
140	140	linear	1	15	0	warm	3.192313445523258e-73	0	0
140	140	linear	1	23	0	cold	5.600201842815502e-71	0	0
140	140	linear	1	23	0	warm	4.93127140471843e-72	0	0
140	140	linear	2	0	0	cold	4.512979786418212e-68	0	0
140	140	linear	2	0	0	warm	4.512979786418212e-68	0	0
140	140	linear	2	7	0	cold	8.008270311835749e-70	0	0
140	140	linear	2	7	0	warm	7.548924341235922e-70	0	0
140	140	linear	2	15	0	cold	2.0392480873310934e-69	0	0
140	140	linear	2	15	0	warm	1.3989361431292412e-70	0	0
140	140	linear	2	23	0	cold	2.3820284659075524e-67	0	0
140	140	linear	2	23	0	warm	1.943766704561539e-67	0	0
140	140	linear	3	0	0	cold	3.629147652204618e-70	0	0
140	140	linear	3	0	0	warm	3.629147652204618e-70	0	0
140	140	linear	3	7	0	cold	1.5827110951340143e-68	0	0
140	140	linear	3	7	0	warm	1.0520911904070039e-68	0	0
140	140	linear	3	15	0	cold	5.2138114957393476e-70	0	0
140	140	linear	3	15	0	warm	1.4238092495618632e-71	0	0
140	140	linear	3	23	0	cold	1.7415130914754319e-69	0	0
140	140	linear	3	23	0	warm	6.429046775517362e-71	0	0
140	140	linear	4	0	0	cold	1.9798217383613958e-69	0	0
140	140	linear	4	0	0	warm	1.9798217383613958e-69	0	0
140	140	linear	4	7	0	cold	3.6612105325722235e-69	0	0
140	140	linear	4	7	0	warm	5.7227024271742836e-77	0	0
140	140	linear	4	15	0	cold	3.323716797248526e-64	0	0
140	140	linear	4	15	0	warm	2.6119581903721228e-65	0	0
140	140	linear	4	23	0	cold	1.6656403408960823e-64	0	0
140	140	linear	4	23	0	warm	3.3312806817921646e-64	0	0
140	140	uniform	0	0	0	cold	3.5536392623074675e-69	0	0
140	140	uniform	0	0	0	warm	3.5536392623074675e-69	0	0
140	140	uniform	0	7	0	cold	4.875055067453643e-69	0	0
140	140	uniform	0	7	0	warm	6.02712845717179e-70	0	0
140	140	uniform	0	15	0	cold	1.3412806848657684e-69	0	0
140	140	uniform	0	15	0	warm	6.413238179986702e-70	0	0
140	140	uniform	0	23	0	cold	3.011404974468528e-69	0	0
140	140	uniform	0	23	0	warm	1.5604553049518737e-68	0	0
140	140	uniform	1	0	0	cold	7.843444437044245e-76	0	0
140	140	uniform	1	0	0	warm	7.843444437044245e-76	0	0
140	140	uniform	1	7	0	cold	2.847847436612301e-44	0	0
140	140	uniform	1	7	0	warm	1.0009905240110132e-74	0	0
140	140	uniform	1	15	0	cold	6.688690730052044e-73	0	0
140	140	uniform	1	15	0	warm	3.192313445523258e-73	0	0
140	140	uniform	1	23	0	cold	5.600201842815502e-71	0	0
140	140	uniform	1	23	0	warm	4.93127140471843e-72	0	0
140	140	uniform	2	0	0	cold	4.512979786418212e-68	0	0
140	140	uniform	2	0	0	warm	4.512979786418212e-68	0	0
140	140	uniform	2	7	0	cold	8.008270311835749e-70	0	0
140	140	uniform	2	7	0	warm	7.548924341235922e-70	0	0
140	140	uniform	2	15	0	cold	2.0392480873310934e-69	0	0
140	140	uniform	2	15	0	warm	1.3989361431292412e-70	0	0
140	140	uniform	2	23	0	cold	2.3820284659075524e-67	0	0
140	140	uniform	2	23	0	warm	1.943766704561539e-67	0	0
140	140	uniform	3	0	0	cold	3.629147652204618e-70	0	0
140	140	uniform	3	0	0	warm	3.629147652204618e-70	0	0
140	140	uniform	3	7	0	cold	1.5827110951340143e-68	0	0
140	140	uniform	3	7	0	warm	1.0520911904070039e-68	0	0
140	140	uniform	3	15	0	cold	5.2138114957393476e-70	0	0
140	140	uniform	3	15	0	warm	1.4238092495618632e-71	0	0
140	140	uniform	3	23	0	cold	1.7415130914754319e-69	0	0
140	140	uniform	3	23	0	warm	6.429046775517362e-71	0	0
140	140	uniform	4	0	0	cold	1.9798217383613958e-69	0	0
140	140	uniform	4	0	0	warm	1.9798217383613958e-69	0	0
140	140	uniform	4	7	0	cold	3.6612105325722235e-69	0	0
140	140	uniform	4	7	0	warm	5.7227024271742836e-77	0	0
140	140	uniform	4	15	0	cold	3.323716797248526e-64	0	0
140	140	uniform	4	15	0	warm	2.6119581903721228e-65	0	0
140	140	uniform	4	23	0	cold	1.6656403408960823e-64	0	0
140	140	uniform	4	23	0	warm	3.3312806817921646e-64	0	0
141	141	linear	0	0	0	cold	8.413393372460077e-43	0	0
141	141	linear	0	0	0	warm	8.413393372460077e-43	0	0
141	141	linear	0	7	0	cold	2.0165573608988128e-45	0	0
141	141	linear	0	7	0	warm	2.5663311564917684e-46	0	0
141	141	linear	0	15	0	cold	3.733120307972036e-46	0	0
141	141	linear	0	15	0	warm	7.163676826267507e-47	0	0
141	141	linear	0	23	0	cold	5.508328745714138e-48	0	0
141	141	linear	0	23	0	warm	2.8230130359446646e-47	0	0
141	141	linear	1	0	0	cold	1.995031515912877e-43	0	0
141	141	linear	1	0	0	warm	1.995031515912877e-43	0	0
141	141	linear	1	7	0	cold	3.6126925342084006e-38	0	0
141	141	linear	1	7	0	warm	4.39544249532211e-39	0	0
141	141	linear	1	15	0	cold	3.1254382761809974e-43	0	0
141	141	linear	1	15	0	warm	3.373547797001447e-41	0	0
141	141	linear	1	23	0	cold	3.15488855889397e-43	0	0
141	141	linear	1	23	0	warm	3.1945784469214733e-43	0	0
141	141	linear	2	0	0	cold	1.798439686591717e-46	0	0
141	141	linear	2	0	0	warm	1.798439686591717e-46	0	0
141	141	linear	2	7	0	cold	1.8826482339431323e-45	0	0
141	141	linear	2	7	0	warm	4.5703000828010926e-45	0	0
141	141	linear	2	15	0	cold	1.8776097102188833e-38	0	0
141	141	linear	2	15	0	warm	1.7318590044602996e-37	0	0
141	141	linear	2	23	0	cold	2.0663577522060845e-48	0	0
141	141	linear	2	23	0	warm	1.3347424598360386e-45	0	0
141	141	linear	3	0	0	cold	3.5278668223669095e-50	0	0
141	141	linear	3	0	0	warm	3.5278668223669095e-50	0	0
141	141	linear	3	7	0	cold	1.31978335098679e-49	0	0
141	141	linear	3	7	0	warm	5.5803950472184576e-49	0	0
141	141	linear	3	15	0	cold	2.1514060452454835e-50	0	0
141	141	linear	3	15	0	warm	3.002164762665939e-50	0	0
141	141	linear	3	23	0	cold	1.5970591238573662e-48	0	0
141	141	linear	3	23	0	warm	9.324109689405793e-49	0	0
141	141	linear	4	0	0	cold	2.897080030673653e-51	0	0
141	141	linear	4	0	0	warm	2.897080030673653e-51	0	0
141	141	linear	4	7	0	cold	2.8253006165054257e-52	0	0
141	141	linear	4	7	0	warm	2.255022533138048e-52	0	0
141	141	linear	4	15	0	cold	2.494389858267075e-52	0	0
141	141	linear	4	15	0	warm	3.5515607537840556e-53	0	0
141	141	linear	4	23	0	cold	2.2873777041765555e-52	0	0
141	141	linear	4	23	0	warm	1.2238252481763278e-53	0	0
141	141	uniform	0	0	0	cold	8.413393372460077e-43	0	0
141	141	uniform	0	0	0	warm	8.413393372460077e-43	0	0
141	141	uniform	0	7	0	cold	2.0165573608988128e-45	0	0
141	141	uniform	0	7	0	warm	2.5663311564917684e-46	0	0
141	141	uniform	0	15	0	cold	3.733120307972036e-46	0	0
141	141	uniform	0	15	0	warm	7.163676826267507e-47	0	0
141	141	uniform	0	23	0	cold	5.508328745714138e-48	0	0
141	141	uniform	0	23	0	warm	2.8230130359446646e-47	0	0
141	141	uniform	1	0	0	cold	1.995031515912877e-43	0	0
141	141	uniform	1	0	0	warm	1.995031515912877e-43	0	0
141	141	uniform	1	7	0	cold	3.6126925342084006e-38	0	0
141	141	uniform	1	7	0	warm	4.39544249532211e-39	0	0
141	141	uniform	1	15	0	cold	3.1254382761809974e-43	0	0
141	141	uniform	1	15	0	warm	3.373547797001447e-41	0	0
141	141	uniform	1	23	0	cold	3.15488855889397e-43	0	0
141	141	uniform	1	23	0	warm	3.1945784469214733e-43	0	0
141	141	uniform	2	0	0	cold	1.798439686591717e-46	0	0
141	141	uniform	2	0	0	warm	1.798439686591717e-46	0	0
141	141	uniform	2	7	0	cold	1.8826482339431323e-45	0	0
141	141	uniform	2	7	0	warm	4.5703000828010926e-45	0	0
141	141	uniform	2	15	0	cold	1.8776097102188833e-38	0	0
141	141	uniform	2	15	0	warm	1.7318590044602996e-37	0	0
141	141	uniform	2	23	0	cold	2.0663577522060845e-48	0	0
141	141	uniform	2	23	0	warm	1.3347424598360386e-45	0	0
141	141	uniform	3	0	0	cold	3.5278668223669095e-50	0	0
141	141	uniform	3	0	0	warm	3.5278668223669095e-50	0	0
141	141	uniform	3	7	0	cold	1.31978335098679e-49	0	0
141	141	uniform	3	7	0	warm	5.5803950472184576e-49	0	0
141	141	uniform	3	15	0	cold	2.1514060452454835e-50	0	0
141	141	uniform	3	15	0	warm	3.002164762665939e-50	0	0
141	141	uniform	3	23	0	cold	1.5970591238573662e-48	0	0
141	141	uniform	3	23	0	warm	9.324109689405793e-49	0	0
141	141	uniform	4	0	0	cold	2.897080030673653e-51	0	0
141	141	uniform	4	0	0	warm	2.897080030673653e-51	0	0
141	141	uniform	4	7	0	cold	2.8253006165054257e-52	0	0
141	141	uniform	4	7	0	warm	2.255022533138048e-52	0	0
141	141	uniform	4	15	0	cold	2.494389858267075e-52	0	0
141	141	uniform	4	15	0	warm	3.5515607537840556e-53	0	0
141	141	uniform	4	23	0	cold	2.2873777041765555e-52	0	0
141	141	uniform	4	23	0	warm	1.2238252481763278e-53	0	0
142	142	linear	0	0	0	cold	1.2187127666576806e-74	0	0
142	142	linear	0	0	0	warm	1.2187127666576806e-74	0	0
142	142	linear	0	7	0	cold	3.0123099162415144e-74	0	0
142	142	linear	0	7	0	warm	8.119439613758152e-75	0	0
142	142	linear	0	15	0	cold	4.041440189409229e-75	0	0
142	142	linear	0	15	0	warm	2.6835444974646157e-76	0	0
142	142	linear	0	23	0	cold	1.342163503991751e-76	0	0
142	142	linear	0	23	0	warm	1.2667654499929428e-76	0	0
142	142	linear	1	0	0	cold	2.720849001335596e-62	0	0
142	142	linear	1	0	0	warm	2.720849001335596e-62	0	0
142	142	linear	1	7	0	cold	3.082642707522833e-62	0	0
142	142	linear	1	7	0	warm	1.5534577423737112e-62	0	0
142	142	linear	1	15	0	cold	1.5807574919683296e-61	0	0
142	142	linear	1	15	0	warm	1.242781537309713e-63	0	0
142	142	linear	1	23	0	cold	1.6204222444559745e-61	0	0
142	142	linear	1	23	0	warm	2.9846536425636487e-61	0	0
142	142	linear	2	0	0	cold	4.6007075503497353e-60	0	0
142	142	linear	2	0	0	warm	4.6007075503497353e-60	0	0
142	142	linear	2	7	0	cold	5.116935618047556e-59	0	0
142	142	linear	2	7	0	warm	1.754162140794856e-58	0	0
142	142	linear	2	15	0	cold	7.686424782921108e-60	0	0
142	142	linear	2	15	0	warm	1.1949745411504882e-59	0	0
142	142	linear	2	23	0	cold	9.94942588873198e-60	0	0
142	142	linear	2	23	0	warm	9.949425888731979e-61	0	0
142	142	linear	3	0	0	cold	2.8384492643108648e-61	0	0
142	142	linear	3	0	0	warm	2.8384492643108648e-61	0	0
142	142	linear	3	7	0	cold	2.2479614649208467e-61	0	0
142	142	linear	3	7	0	warm	1.8794150944209246e-62	0	0
142	142	linear	3	15	0	cold	3.66382896931731e-61	0	0
142	142	linear	3	15	0	warm	6.0086889996569575e-62	0	0
142	142	linear	3	23	0	cold	2.2402367690398744e-62	0	0
142	142	linear	3	23	0	warm	7.1307271163072925e-62	0	0
142	142	linear	4	0	0	cold	9.965103158857391e-66	0	0
142	142	linear	4	0	0	warm	9.965103158857391e-66	0	0
142	142	linear	4	7	0	cold	1.1277826276810617e-67	0	0
142	142	linear	4	7	0	warm	2.405936272386265e-65	0	0
142	142	linear	4	15	0	cold	1.4498500715374063e-65	0	0
142	142	linear	4	15	0	warm	2.174775107306109e-65	0	0
142	142	linear	4	23	0	cold	8.091558496905099e-68	0	0
142	142	linear	4	23	0	warm	1.4226916038514458e-68	0	0
142	142	uniform	0	0	0	cold	1.2187127666576806e-74	0	0
142	142	uniform	0	0	0	warm	1.2187127666576806e-74	0	0
142	142	uniform	0	7	0	cold	3.0123099162415144e-74	0	0
142	142	uniform	0	7	0	warm	8.119439613758152e-75	0	0
142	142	uniform	0	15	0	cold	4.041440189409229e-75	0	0
142	142	uniform	0	15	0	warm	2.6835444974646157e-76	0	0
142	142	uniform	0	23	0	cold	1.342163503991751e-76	0	0
142	142	uniform	0	23	0	warm	1.2667654499929428e-76	0	0
142	142	uniform	1	0	0	cold	2.720849001335596e-62	0	0
142	142	uniform	1	0	0	warm	2.720849001335596e-62	0	0
142	142	uniform	1	7	0	cold	3.082642707522833e-62	0	0
142	142	uniform	1	7	0	warm	1.5534577423737112e-62	0	0
142	142	uniform	1	15	0	cold	1.5807574919683296e-61	0	0
142	142	uniform	1	15	0	warm	1.242781537309713e-63	0	0
142	142	uniform	1	23	0	cold	1.6204222444559745e-61	0	0
142	142	uniform	1	23	0	warm	2.9846536425636487e-61	0	0
142	142	uniform	2	0	0	cold	4.6007075503497353e-60	0	0
142	142	uniform	2	0	0	warm	4.6007075503497353e-60	0	0
142	142	uniform	2	7	0	cold	5.116935618047556e-59	0	0
142	142	uniform	2	7	0	warm	1.754162140794856e-58	0	0
142	142	uniform	2	15	0	cold	7.686424782921108e-60	0	0
142	142	uniform	2	15	0	warm	1.1949745411504882e-59	0	0
142	142	uniform	2	23	0	cold	9.94942588873198e-60	0	0
142	142	uniform	2	23	0	warm	9.949425888731979e-61	0	0
142	142	uniform	3	0	0	cold	2.8384492643108648e-61	0	0
142	142	uniform	3	0	0	warm	2.8384492643108648e-61	0	0
142	142	uniform	3	7	0	cold	2.2479614649208467e-61	0	0
142	142	uniform	3	7	0	warm	1.8794150944209246e-62	0	0
142	142	uniform	3	15	0	cold	3.66382896931731e-61	0	0
142	142	uniform	3	15	0	warm	6.0086889996569575e-62	0	0
142	142	uniform	3	23	0	cold	2.2402367690398744e-62	0	0
142	142	uniform	3	23	0	warm	7.1307271163072925e-62	0	0
142	142	uniform	4	0	0	cold	9.965103158857391e-66	0	0
142	142	uniform	4	0	0	warm	9.965103158857391e-66	0	0
142	142	uniform	4	7	0	cold	1.1277826276810617e-67	0	0
142	142	uniform	4	7	0	warm	2.405936272386265e-65	0	0
142	142	uniform	4	15	0	cold	1.4498500715374063e-65	0	0
142	142	uniform	4	15	0	warm	2.174775107306109e-65	0	0
142	142	uniform	4	23	0	cold	8.091558496905099e-68	0	0
142	142	uniform	4	23	0	warm	1.4226916038514458e-68	0	0
143	143	linear	0	0	0	cold	5.004174815779358e-41	0	0
143	143	linear	0	0	0	warm	5.004174815779358e-41	0	0
143	143	linear	0	7	0	cold	6.713573960349288e-42	0	0
143	143	linear	0	7	0	warm	2.724194328948481e-41	0	0
143	143	linear	0	15	0	cold	9.928908703645475e-41	0	0
143	143	linear	0	15	0	warm	9.431681146038768e-44	0	0
143	143	linear	0	23	0	cold	2.624546239299887e-41	0	0
143	143	linear	0	23	0	warm	2.046562139929489e-41	0	0
143	143	linear	1	0	0	cold	1.1954751111531497e-43	0	0
143	143	linear	1	0	0	warm	1.1954751111531497e-43	0	0
143	143	linear	1	7	0	cold	1.1133591320519114e-41	0	0
143	143	linear	1	7	0	warm	4.493763856525289e-43	0	0
143	143	linear	1	15	0	cold	8.526637469833532e-43	0	0
143	143	linear	1	15	0	warm	2.7208064966546954e-48	0	0
143	143	linear	1	23	0	cold	2.0335265780341575e-41	0	0
143	143	linear	1	23	0	warm	4.298372809168715e-42	0	0
143	143	linear	2	0	0	cold	1.88313636865562e-58	0	0
143	143	linear	2	0	0	warm	1.88313636865562e-58	0	0
143	143	linear	2	7	0	cold	4.312086556629207e-57	0	0
143	143	linear	2	7	0	warm	4.3120865566292064e-58	0	0
143	143	linear	2	15	0	cold	1.3679436290558469e-58	0	0
143	143	linear	2	15	0	warm	1.0132915770784054e-59	0	0
143	143	linear	2	23	0	cold	5.2193271475954625e-58	0	0
143	143	linear	2	23	0	warm	1.8216807414497152e-59	0	0
143	143	linear	3	0	0	cold	2.7028659317975796e-44	0	0
143	143	linear	3	0	0	warm	2.7028659317975796e-44	0	0
143	143	linear	3	7	0	cold	7.917809969818714e-44	0	0
143	143	linear	3	7	0	warm	7.755333782139105e-44	0	0
143	143	linear	3	15	0	cold	6.382580218745279e-44	0	0
143	143	linear	3	15	0	warm	9.738516302808751e-47	0	0
143	143	linear	3	23	0	cold	1.1485887495596458e-44	0	0
143	143	linear	3	23	0	warm	3.629191887777057e-44	0	0
143	143	linear	4	0	0	cold	8.317183521273857e-61	0	0
143	143	linear	4	0	0	warm	8.317183521273857e-61	0	0
143	143	linear	4	7	0	cold	9.198158366532547e-61	0	0
143	143	linear	4	7	0	warm	9.06387868234959e-62	0	0
143	143	linear	4	15	0	cold	1.8367886460004295e-61	0	0
143	143	linear	4	15	0	warm	3.20174167651451e-62	0	0
143	143	linear	4	23	0	cold	5.958999684621747e-61	0	0
143	143	linear	4	23	0	warm	1.0834544881130469e-61	0	0
143	143	uniform	0	0	0	cold	5.004174815779358e-41	0	0
143	143	uniform	0	0	0	warm	5.004174815779358e-41	0	0
143	143	uniform	0	7	0	cold	6.713573960349288e-42	0	0
143	143	uniform	0	7	0	warm	2.724194328948481e-41	0	0
143	143	uniform	0	15	0	cold	9.928908703645475e-41	0	0
143	143	uniform	0	15	0	warm	9.431681146038768e-44	0	0
143	143	uniform	0	23	0	cold	2.624546239299887e-41	0	0
143	143	uniform	0	23	0	warm	2.046562139929489e-41	0	0
143	143	uniform	1	0	0	cold	1.1954751111531497e-43	0	0
143	143	uniform	1	0	0	warm	1.1954751111531497e-43	0	0
143	143	uniform	1	7	0	cold	1.1133591320519114e-41	0	0
143	143	uniform	1	7	0	warm	4.493763856525289e-43	0	0
143	143	uniform	1	15	0	cold	8.526637469833532e-43	0	0
143	143	uniform	1	15	0	warm	2.7208064966546954e-48	0	0
143	143	uniform	1	23	0	cold	2.0335265780341575e-41	0	0
143	143	uniform	1	23	0	warm	4.298372809168715e-42	0	0
143	143	uniform	2	0	0	cold	1.88313636865562e-58	0	0
143	143	uniform	2	0	0	warm	1.88313636865562e-58	0	0
143	143	uniform	2	7	0	cold	4.312086556629207e-57	0	0
143	143	uniform	2	7	0	warm	4.3120865566292064e-58	0	0
143	143	uniform	2	15	0	cold	1.3679436290558469e-58	0	0
143	143	uniform	2	15	0	warm	1.0132915770784054e-59	0	0
143	143	uniform	2	23	0	cold	5.2193271475954625e-58	0	0
143	143	uniform	2	23	0	warm	1.8216807414497152e-59	0	0
143	143	uniform	3	0	0	cold	2.7028659317975796e-44	0	0
143	143	uniform	3	0	0	warm	2.7028659317975796e-44	0	0
143	143	uniform	3	7	0	cold	7.917809969818714e-44	0	0
143	143	uniform	3	7	0	warm	7.755333782139105e-44	0	0
143	143	uniform	3	15	0	cold	6.382580218745279e-44	0	0
143	143	uniform	3	15	0	warm	9.738516302808751e-47	0	0
143	143	uniform	3	23	0	cold	1.1485887495596458e-44	0	0
143	143	uniform	3	23	0	warm	3.629191887777057e-44	0	0
143	143	uniform	4	0	0	cold	8.317183521273857e-61	0	0
143	143	uniform	4	0	0	warm	8.317183521273857e-61	0	0
143	143	uniform	4	7	0	cold	9.198158366532547e-61	0	0
143	143	uniform	4	7	0	warm	9.06387868234959e-62	0	0
143	143	uniform	4	15	0	cold	1.8367886460004295e-61	0	0
143	143	uniform	4	15	0	warm	3.20174167651451e-62	0	0
143	143	uniform	4	23	0	cold	5.958999684621747e-61	0	0
143	143	uniform	4	23	0	warm	1.0834544881130469e-61	0	0
144	144	linear	0	0	0	cold	1.7834056744010576e-75	0	0
144	144	linear	0	0	0	warm	1.7834056744010576e-75	0	0
144	144	linear	0	7	0	cold	6.306317079077996e-75	0	0
144	144	linear	0	7	0	warm	1.1765617313079385e-73	0	0
144	144	linear	0	15	0	cold	7.087917866443916e-75	0	0
144	144	linear	0	15	0	warm	1.7982191559223524e-82	0	0
144	144	linear	0	23	0	cold	4.091347153194728e-74	0	0
144	144	linear	0	23	0	warm	5.895600809245758e-75	0	0
144	144	linear	1	0	0	cold	6.114843604247586e-65	0	0
144	144	linear	1	0	0	warm	6.114843604247586e-65	0	0
144	144	linear	1	7	0	cold	9.768890062557732e-63	0	0
144	144	linear	1	7	0	warm	1.5816298196522046e-62	0	0
144	144	linear	1	15	0	cold	4.64801211118933e-63	0	0
144	144	linear	1	15	0	warm	5.810015138986663e-65	0	0
144	144	linear	1	23	0	cold	2.6125371186613967e-63	0	0
144	144	linear	1	23	0	warm	8.127893258057678e-64	0	0
144	144	linear	2	0	0	cold	1.079430310458391e-83	0	0
144	144	linear	2	0	0	warm	1.079430310458391e-83	0	0
144	144	linear	2	7	0	cold	3.244468108029948e-67	0	0
144	144	linear	2	7	0	warm	4.236708278271024e-102	0	0
144	144	linear	2	15	0	cold	6.658126204427785e-70	0	0
144	144	linear	2	15	0	warm	2.7848893258904688e-70	0	0
144	144	linear	2	23	0	cold	4.4723475470260555e-71	0	0
144	144	linear	2	23	0	warm	6.574924721802949e-72	0	0
144	144	linear	3	0	0	cold	4.380732027229753e-64	0	0
144	144	linear	3	0	0	warm	4.380732027229753e-64	0	0
144	144	linear	3	7	0	cold	4.9085373790083584e-65	0	0
144	144	linear	3	7	0	warm	3.516564092423898e-65	0	0
144	144	linear	3	15	0	cold	4.5658450932146356e-66	0	0
144	144	linear	3	15	0	warm	9.756730484918939e-67	0	0
144	144	linear	3	23	0	cold	1.507299060044749e-64	0	0
144	144	linear	3	23	0	warm	2.650743846323992e-64	0	0
144	144	linear	4	0	0	cold	1.4885550744476418e-64	0	0
144	144	linear	4	0	0	warm	1.4885550744476418e-64	0	0
144	144	linear	4	7	0	cold	2.215797446650463e-64	0	0
144	144	linear	4	7	0	warm	1.2521945835375684e-64	0	0
144	144	linear	4	15	0	cold	8.038227679865052e-66	0	0
144	144	linear	4	15	0	warm	4.396979243686867e-66	0	0
144	144	linear	4	23	0	cold	6.636462971789213e-65	0	0
144	144	linear	4	23	0	warm	1.4053686293200687e-64	0	0
144	144	uniform	0	0	0	cold	1.7834056744010576e-75	0	0
144	144	uniform	0	0	0	warm	1.7834056744010576e-75	0	0
144	144	uniform	0	7	0	cold	6.306317079077996e-75	0	0
144	144	uniform	0	7	0	warm	1.1765617313079385e-73	0	0
144	144	uniform	0	15	0	cold	7.087917866443916e-75	0	0
144	144	uniform	0	15	0	warm	1.7982191559223524e-82	0	0
144	144	uniform	0	23	0	cold	4.091347153194728e-74	0	0
144	144	uniform	0	23	0	warm	5.895600809245758e-75	0	0
144	144	uniform	1	0	0	cold	6.114843604247586e-65	0	0
144	144	uniform	1	0	0	warm	6.114843604247586e-65	0	0
144	144	uniform	1	7	0	cold	9.768890062557732e-63	0	0
144	144	uniform	1	7	0	warm	1.5816298196522046e-62	0	0
144	144	uniform	1	15	0	cold	4.64801211118933e-63	0	0
144	144	uniform	1	15	0	warm	5.810015138986663e-65	0	0
144	144	uniform	1	23	0	cold	2.6125371186613967e-63	0	0
144	144	uniform	1	23	0	warm	8.127893258057678e-64	0	0
144	144	uniform	2	0	0	cold	1.079430310458391e-83	0	0
144	144	uniform	2	0	0	warm	1.079430310458391e-83	0	0
144	144	uniform	2	7	0	cold	3.244468108029948e-67	0	0
144	144	uniform	2	7	0	warm	4.236708278271024e-102	0	0
144	144	uniform	2	15	0	cold	6.658126204427785e-70	0	0
144	144	uniform	2	15	0	warm	2.7848893258904688e-70	0	0
144	144	uniform	2	23	0	cold	4.4723475470260555e-71	0	0
144	144	uniform	2	23	0	warm	6.574924721802949e-72	0	0
144	144	uniform	3	0	0	cold	4.380732027229753e-64	0	0
144	144	uniform	3	0	0	warm	4.380732027229753e-64	0	0
144	144	uniform	3	7	0	cold	4.9085373790083584e-65	0	0
144	144	uniform	3	7	0	warm	3.516564092423898e-65	0	0
144	144	uniform	3	15	0	cold	4.5658450932146356e-66	0	0
144	144	uniform	3	15	0	warm	9.756730484918939e-67	0	0
144	144	uniform	3	23	0	cold	1.507299060044749e-64	0	0
144	144	uniform	3	23	0	warm	2.650743846323992e-64	0	0
144	144	uniform	4	0	0	cold	1.4885550744476418e-64	0	0
144	144	uniform	4	0	0	warm	1.4885550744476418e-64	0	0
144	144	uniform	4	7	0	cold	2.215797446650463e-64	0	0
144	144	uniform	4	7	0	warm	1.2521945835375684e-64	0	0
144	144	uniform	4	15	0	cold	8.038227679865052e-66	0	0
144	144	uniform	4	15	0	warm	4.396979243686867e-66	0	0
144	144	uniform	4	23	0	cold	6.636462971789213e-65	0	0
144	144	uniform	4	23	0	warm	1.4053686293200687e-64	0	0
145	145	linear	0	0	0	cold	2.6322068863408243e-58	0	0
145	145	linear	0	0	0	warm	2.6322068863408243e-58	0	0
145	145	linear	0	7	0	cold	1.4303893981028018e-54	0	0
145	145	linear	0	7	0	warm	7.858015949078473e-54	0	0
145	145	linear	0	15	0	cold	6.766118957249159e-47	0	0
145	145	linear	0	15	0	warm	1.3655638867207796e-47	0	0
145	145	linear	0	23	0	cold	2.0191383035609252e-53	0	0
145	145	linear	0	23	0	warm	3.232900444592596e-54	0	0
145	145	linear	1	0	0	cold	7.057839660409048e-56	0	0
145	145	linear	1	0	0	warm	7.057839660409048e-56	0	0
145	145	linear	1	7	0	cold	4.3992990420835726e-54	0	0
145	145	linear	1	7	0	warm	8.043141266650738e-55	0	0
145	145	linear	1	15	0	cold	4.0132226076387985e-53	0	0
145	145	linear	1	15	0	warm	5.752344788547155e-54	0	0
145	145	linear	1	23	0	cold	9.427150211731318e-53	0	0
145	145	linear	1	23	0	warm	7.470332000083752e-55	0	0
145	145	linear	2	0	0	cold	1.882714913160008e-57	0	0
145	145	linear	2	0	0	warm	1.882714913160008e-57	0	0
145	145	linear	2	7	0	cold	2.892060322573359e-57	0	0
145	145	linear	2	7	0	warm	3.6132312616480914e-58	0	0
145	145	linear	2	15	0	cold	2.5816307641435994e-56	0	0
145	145	linear	2	15	0	warm	3.7073267093718815e-56	0	0
145	145	linear	2	23	0	cold	2.9721281662080014e-53	0	0
145	145	linear	2	23	0	warm	2.5341544355944065e-54	0	0
145	145	linear	3	0	0	cold	5.0441329077022556e-61	0	0
145	145	linear	3	0	0	warm	5.0441329077022556e-61	0	0
145	145	linear	3	7	0	cold	3.785080240307737e-61	0	0
145	145	linear	3	7	0	warm	2.2049011108588814e-62	0	0
145	145	linear	3	15	0	cold	2.1809298599382635e-61	0	0
145	145	linear	3	15	0	warm	5.265096019830147e-62	0	0
145	145	linear	3	23	0	cold	6.969050427215459e-62	0	0
145	145	linear	3	23	0	warm	2.5897890619845834e-61	0	0
145	145	linear	4	0	0	cold	2.3750307595686356e-61	0	0
145	145	linear	4	0	0	warm	2.3750307595686356e-61	0	0
145	145	linear	4	7	0	cold	1.1186668615832391e-60	0	0
145	145	linear	4	7	0	warm	2.2656544032065603e-61	0	0
145	145	linear	4	15	0	cold	1.9034942337690813e-61	0	0
145	145	linear	4	15	0	warm	1.6919948744614055e-61	0	0
145	145	linear	4	23	0	cold	1.6509891929284807e-61	0	0
145	145	linear	4	23	0	warm	1.4050971854710484e-61	0	0
145	145	uniform	0	0	0	cold	2.6322068863408243e-58	0	0
145	145	uniform	0	0	0	warm	2.6322068863408243e-58	0	0
145	145	uniform	0	7	0	cold	1.4303893981028018e-54	0	0
145	145	uniform	0	7	0	warm	7.858015949078473e-54	0	0
145	145	uniform	0	15	0	cold	6.766118957249159e-47	0	0
145	145	uniform	0	15	0	warm	1.3655638867207796e-47	0	0
145	145	uniform	0	23	0	cold	2.0191383035609252e-53	0	0
145	145	uniform	0	23	0	warm	3.232900444592596e-54	0	0
145	145	uniform	1	0	0	cold	7.057839660409048e-56	0	0
145	145	uniform	1	0	0	warm	7.057839660409048e-56	0	0
145	145	uniform	1	7	0	cold	4.3992990420835726e-54	0	0
145	145	uniform	1	7	0	warm	8.043141266650738e-55	0	0
145	145	uniform	1	15	0	cold	4.0132226076387985e-53	0	0
145	145	uniform	1	15	0	warm	5.752344788547155e-54	0	0
145	145	uniform	1	23	0	cold	9.427150211731318e-53	0	0
145	145	uniform	1	23	0	warm	7.470332000083752e-55	0	0
145	145	uniform	2	0	0	cold	1.882714913160008e-57	0	0
145	145	uniform	2	0	0	warm	1.882714913160008e-57	0	0
145	145	uniform	2	7	0	cold	2.892060322573359e-57	0	0
145	145	uniform	2	7	0	warm	3.6132312616480914e-58	0	0
145	145	uniform	2	15	0	cold	2.5816307641435994e-56	0	0
145	145	uniform	2	15	0	warm	3.7073267093718815e-56	0	0
145	145	uniform	2	23	0	cold	2.9721281662080014e-53	0	0
145	145	uniform	2	23	0	warm	2.5341544355944065e-54	0	0
145	145	uniform	3	0	0	cold	5.0441329077022556e-61	0	0
145	145	uniform	3	0	0	warm	5.0441329077022556e-61	0	0
145	145	uniform	3	7	0	cold	3.785080240307737e-61	0	0
145	145	uniform	3	7	0	warm	2.2049011108588814e-62	0	0
145	145	uniform	3	15	0	cold	2.1809298599382635e-61	0	0
145	145	uniform	3	15	0	warm	5.265096019830147e-62	0	0
145	145	uniform	3	23	0	cold	6.969050427215459e-62	0	0
145	145	uniform	3	23	0	warm	2.5897890619845834e-61	0	0
145	145	uniform	4	0	0	cold	2.3750307595686356e-61	0	0
145	145	uniform	4	0	0	warm	2.3750307595686356e-61	0	0
145	145	uniform	4	7	0	cold	1.1186668615832391e-60	0	0
145	145	uniform	4	7	0	warm	2.2656544032065603e-61	0	0
145	145	uniform	4	15	0	cold	1.9034942337690813e-61	0	0
145	145	uniform	4	15	0	warm	1.6919948744614055e-61	0	0
145	145	uniform	4	23	0	cold	1.6509891929284807e-61	0	0
145	145	uniform	4	23	0	warm	1.4050971854710484e-61	0	0
146	146	linear	0	0	0	cold	1.7685656264947084e-43	0	0
146	146	linear	0	0	0	warm	1.7685656264947084e-43	0	0
146	146	linear	0	7	0	cold	3.851689687456037e-40	0	0
146	146	linear	0	7	0	warm	2.2909004081284635e-47	0	0
146	146	linear	0	15	0	cold	1.6441767308594939e-47	0	0
146	146	linear	0	15	0	warm	3.693738189361726e-40	0	0
146	146	linear	0	23	0	cold	1.463757930079975e-38	0	0
146	146	linear	0	23	0	warm	1.8089366058217235e-43	0	0
146	146	linear	1	0	0	cold	4.630847732781304e-43	0	0
146	146	linear	1	0	0	warm	4.630847732781304e-43	0	0
146	146	linear	1	7	0	cold	3.058219338874746e-43	0	0
146	146	linear	1	7	0	warm	1.285484438841397e-44	0	0
146	146	linear	1	15	0	cold	2.4875468352887584e-39	0	0
146	146	linear	1	15	0	warm	1.3122707990713999e-45	0	0
146	146	linear	1	23	0	cold	2.0246232545233815e-40	0	0
146	146	linear	1	23	0	warm	2.2171015802454825e-45	0	0
146	146	linear	2	0	0	cold	1.3938159837819377e-43	0	0
146	146	linear	2	0	0	warm	1.3938159837819377e-43	0	0
146	146	linear	2	7	0	cold	2.276261314513717e-40	0	0
146	146	linear	2	7	0	warm	1.5180782861395567e-38	0	0
146	146	linear	2	15	0	cold	3.28003439846297e-40	0	0
146	146	linear	2	15	0	warm	2.8153504725815322e-55	0	0
146	146	linear	2	23	0	cold	1.8788448432470727e-61	0	0
146	146	linear	2	23	0	warm	2.857154366797378e-73	0	0
146	146	linear	3	0	0	cold	9.612794867484219e-56	0	0
146	146	linear	3	0	0	warm	9.612794867484219e-56	0	0
146	146	linear	3	7	0	cold	8.651646145942938e-57	0	0
146	146	linear	3	7	0	warm	9.888155926066938e-57	0	0
146	146	linear	3	15	0	cold	3.350587589534216e-58	0	0
146	146	linear	3	15	0	warm	4.598845711125395e-58	0	0
146	146	linear	3	23	0	cold	1.698263405762379e-56	0	0
146	146	linear	3	23	0	warm	1.5933532542320555e-56	0	0
146	146	linear	4	0	0	cold	3.9813582287993346e-48	0	0
146	146	linear	4	0	0	warm	3.9813582287993346e-48	0	0
146	146	linear	4	7	0	cold	1.0449681903240204e-50	0	0
146	146	linear	4	7	0	warm	9.6263102113451e-45	0	0
146	146	linear	4	15	0	cold	1.8336240199476435e-66	0	0
146	146	linear	4	15	0	warm	7.44079679527425e-44	0	0
146	146	linear	4	23	0	cold	1.8879686062396034e-48	0	0
146	146	linear	4	23	0	warm	1.9190338879426403e-53	0	0
146	146	uniform	0	0	0	cold	1.7685656264947084e-43	0	0
146	146	uniform	0	0	0	warm	1.7685656264947084e-43	0	0
146	146	uniform	0	7	0	cold	3.851689687456037e-40	0	0
146	146	uniform	0	7	0	warm	2.2909004081284635e-47	0	0
146	146	uniform	0	15	0	cold	1.6441767308594939e-47	0	0
146	146	uniform	0	15	0	warm	3.693738189361726e-40	0	0
146	146	uniform	0	23	0	cold	1.463757930079975e-38	0	0
146	146	uniform	0	23	0	warm	1.8089366058217235e-43	0	0
146	146	uniform	1	0	0	cold	4.630847732781304e-43	0	0
146	146	uniform	1	0	0	warm	4.630847732781304e-43	0	0
146	146	uniform	1	7	0	cold	3.058219338874746e-43	0	0
146	146	uniform	1	7	0	warm	1.285484438841397e-44	0	0
146	146	uniform	1	15	0	cold	2.4875468352887584e-39	0	0
146	146	uniform	1	15	0	warm	1.3122707990713999e-45	0	0
146	146	uniform	1	23	0	cold	2.0246232545233815e-40	0	0
146	146	uniform	1	23	0	warm	2.2171015802454825e-45	0	0
146	146	uniform	2	0	0	cold	1.3938159837819377e-43	0	0
146	146	uniform	2	0	0	warm	1.3938159837819377e-43	0	0
146	146	uniform	2	7	0	cold	2.276261314513717e-40	0	0
146	146	uniform	2	7	0	warm	1.5180782861395567e-38	0	0
146	146	uniform	2	15	0	cold	3.28003439846297e-40	0	0
146	146	uniform	2	15	0	warm	2.8153504725815322e-55	0	0
146	146	uniform	2	23	0	cold	1.8788448432470727e-61	0	0
146	146	uniform	2	23	0	warm	2.857154366797378e-73	0	0
146	146	uniform	3	0	0	cold	9.612794867484219e-56	0	0
146	146	uniform	3	0	0	warm	9.612794867484219e-56	0	0
146	146	uniform	3	7	0	cold	8.651646145942938e-57	0	0
146	146	uniform	3	7	0	warm	9.888155926066938e-57	0	0
146	146	uniform	3	15	0	cold	3.350587589534216e-58	0	0
146	146	uniform	3	15	0	warm	4.598845711125395e-58	0	0
146	146	uniform	3	23	0	cold	1.698263405762379e-56	0	0
146	146	uniform	3	23	0	warm	1.5933532542320555e-56	0	0
146	146	uniform	4	0	0	cold	3.9813582287993346e-48	0	0
146	146	uniform	4	0	0	warm	3.9813582287993346e-48	0	0
146	146	uniform	4	7	0	cold	1.0449681903240204e-50	0	0
146	146	uniform	4	7	0	warm	9.6263102113451e-45	0	0
146	146	uniform	4	15	0	cold	1.8336240199476435e-66	0	0
146	146	uniform	4	15	0	warm	7.44079679527425e-44	0	0
146	146	uniform	4	23	0	cold	1.8879686062396034e-48	0	0
146	146	uniform	4	23	0	warm	1.9190338879426403e-53	0	0
147	147	linear	0	0	0	cold	2.798588041569453e-72	0	0
147	147	linear	0	0	0	warm	2.798588041569453e-72	0	0
147	147	linear	0	7	0	cold	1.2071880915190263e-73	0	0
147	147	linear	0	7	0	warm	6.557392449414639e-74	0	0
147	147	linear	0	15	0	cold	1.7553627348147703e-73	0	0
147	147	linear	0	15	0	warm	1.0532176408888609e-72	0	0
147	147	linear	0	23	0	cold	3.0581979901330807e-73	0	0
147	147	linear	0	23	0	warm	3.967005931194699e-75	0	0
147	147	linear	1	0	0	cold	1.8809866055068717e-61	0	0
147	147	linear	1	0	0	warm	1.8809866055068717e-61	0	0
147	147	linear	1	7	0	cold	2.3418832727044433e-61	0	0
147	147	linear	1	7	0	warm	2.4873400861036577e-61	0	0
147	147	linear	1	15	0	cold	2.6977028487651175e-62	0	0
147	147	linear	1	15	0	warm	9.724344381521019e-62	0	0
147	147	linear	1	23	0	cold	1.0448895177033219e-60	0	0
147	147	linear	1	23	0	warm	1.7655583248443224e-61	0	0
147	147	linear	2	0	0	cold	6.130932247399884e-63	0	0
147	147	linear	2	0	0	warm	6.130932247399884e-63	0	0
147	147	linear	2	7	0	cold	2.681640459160898e-61	0	0
147	147	linear	2	7	0	warm	1.0268920734544959e-60	0	0
147	147	linear	2	15	0	cold	6.700755716390938e-62	0	0
147	147	linear	2	15	0	warm	5.8626202866335355e-62	0	0
147	147	linear	2	23	0	cold	1.1750779381630948e-60	0	0
147	147	linear	2	23	0	warm	2.3457575808620734e-61	0	0
147	147	linear	3	0	0	cold	1.500275545655815e-62	0	0
147	147	linear	3	0	0	warm	1.500275545655815e-62	0	0
147	147	linear	3	7	0	cold	4.410702689983905e-61	0	0
147	147	linear	3	7	0	warm	1.0089608274406384e-60	0	0
147	147	linear	3	15	0	cold	9.148045268591593e-61	0	0
147	147	linear	3	15	0	warm	1.8290053619845764e-61	0	0
147	147	linear	3	23	0	cold	1.2947796889785715e-60	0	0
147	147	linear	3	23	0	warm	5.614329118561329e-60	0	0
147	147	linear	4	0	0	cold	5.143017766395463e-63	0	0
147	147	linear	4	0	0	warm	5.143017766395463e-63	0	0
147	147	linear	4	7	0	cold	1.2930694254551313e-61	0	0
147	147	linear	4	7	0	warm	3.5700465488136377e-62	0	0
147	147	linear	4	15	0	cold	4.99320572104374e-62	0	0
147	147	linear	4	15	0	warm	4.8115816098272253e-64	0	0
147	147	linear	4	23	0	cold	1.3724454211610364e-61	0	0
147	147	linear	4	23	0	warm	3.5673539798733593e-62	0	0
147	147	uniform	0	0	0	cold	2.798588041569453e-72	0	0
147	147	uniform	0	0	0	warm	2.798588041569453e-72	0	0
147	147	uniform	0	7	0	cold	1.2071880915190263e-73	0	0
147	147	uniform	0	7	0	warm	6.557392449414639e-74	0	0
147	147	uniform	0	15	0	cold	1.7553627348147703e-73	0	0
147	147	uniform	0	15	0	warm	1.0532176408888609e-72	0	0
147	147	uniform	0	23	0	cold	3.0581979901330807e-73	0	0
147	147	uniform	0	23	0	warm	3.967005931194699e-75	0	0
147	147	uniform	1	0	0	cold	1.8809866055068717e-61	0	0
147	147	uniform	1	0	0	warm	1.8809866055068717e-61	0	0
147	147	uniform	1	7	0	cold	2.3418832727044433e-61	0	0
147	147	uniform	1	7	0	warm	2.4873400861036577e-61	0	0
147	147	uniform	1	15	0	cold	2.6977028487651175e-62	0	0
147	147	uniform	1	15	0	warm	9.724344381521019e-62	0	0
147	147	uniform	1	23	0	cold	1.0448895177033219e-60	0	0
147	147	uniform	1	23	0	warm	1.7655583248443224e-61	0	0
147	147	uniform	2	0	0	cold	6.130932247399884e-63	0	0
147	147	uniform	2	0	0	warm	6.130932247399884e-63	0	0
147	147	uniform	2	7	0	cold	2.681640459160898e-61	0	0
147	147	uniform	2	7	0	warm	1.0268920734544959e-60	0	0
147	147	uniform	2	15	0	cold	6.700755716390938e-62	0	0
147	147	uniform	2	15	0	warm	5.8626202866335355e-62	0	0
147	147	uniform	2	23	0	cold	1.1750779381630948e-60	0	0
147	147	uniform	2	23	0	warm	2.3457575808620734e-61	0	0
147	147	uniform	3	0	0	cold	1.500275545655815e-62	0	0
147	147	uniform	3	0	0	warm	1.500275545655815e-62	0	0
147	147	uniform	3	7	0	cold	4.410702689983905e-61	0	0
147	147	uniform	3	7	0	warm	1.0089608274406384e-60	0	0
147	147	uniform	3	15	0	cold	9.148045268591593e-61	0	0
147	147	uniform	3	15	0	warm	1.8290053619845764e-61	0	0
147	147	uniform	3	23	0	cold	1.2947796889785715e-60	0	0
147	147	uniform	3	23	0	warm	5.614329118561329e-60	0	0
147	147	uniform	4	0	0	cold	5.143017766395463e-63	0	0
147	147	uniform	4	0	0	warm	5.143017766395463e-63	0	0
147	147	uniform	4	7	0	cold	1.2930694254551313e-61	0	0
147	147	uniform	4	7	0	warm	3.5700465488136377e-62	0	0
147	147	uniform	4	15	0	cold	4.99320572104374e-62	0	0
147	147	uniform	4	15	0	warm	4.8115816098272253e-64	0	0
147	147	uniform	4	23	0	cold	1.3724454211610364e-61	0	0
147	147	uniform	4	23	0	warm	3.5673539798733593e-62	0	0
148	148	linear	0	0	0	cold	5.136978804128797e-72	0	0
148	148	linear	0	0	0	warm	5.136978804128797e-72	0	0
148	148	linear	0	7	0	cold	2.45148123033218e-72	0	0
148	148	linear	0	7	0	warm	3.4406754109925325e-73	0	0
148	148	linear	0	15	0	cold	7.133641721987493e-75	0	0
148	148	linear	0	15	0	warm	2.2017794767279767e-74	0	0
148	148	linear	0	23	0	cold	9.029344534832682e-75	0	0
148	148	linear	0	23	0	warm	7.744073510262821e-75	0	0
148	148	linear	1	0	0	cold	2.0317221366132703e-72	0	0
148	148	linear	1	0	0	warm	2.0317221366132703e-72	0	0
148	148	linear	1	7	0	cold	2.3053549219527756e-44	0	0
148	148	linear	1	7	0	warm	3.904707662092627e-72	0	0
148	148	linear	1	15	0	cold	4.5994602076529543e-73	0	0
148	148	linear	1	15	0	warm	2.3866866293551635e-71	0	0
148	148	linear	1	23	0	cold	8.423213686300242e-44	0	0
148	148	linear	1	23	0	warm	4.641963328415814e-69	0	0
148	148	linear	2	0	0	cold	7.71253287677361e-73	0	0
148	148	linear	2	0	0	warm	7.71253287677361e-73	0	0
148	148	linear	2	7	0	cold	1.168415777251305e-74	0	0
148	148	linear	2	7	0	warm	9.006903647499502e-75	0	0
148	148	linear	2	15	0	cold	3.3446207225328934e-68	0	0
148	148	linear	2	15	0	warm	1.0651024324732727e-68	0	0
148	148	linear	2	23	0	cold	5.1873299614517056e-74	0	0
148	148	linear	2	23	0	warm	2.2132607835527278e-72	0	0
148	148	linear	3	0	0	cold	3.7765236821734796e-70	0	0
148	148	linear	3	0	0	warm	3.7765236821734796e-70	0	0
148	148	linear	3	7	0	cold	1.8350623793367084e-69	0	0
148	148	linear	3	7	0	warm	2.985123971652411e-69	0	0
148	148	linear	3	15	0	cold	1.8653927202811503e-68	0	0
148	148	linear	3	15	0	warm	1.6275144326573055e-68	0	0
148	148	linear	3	23	0	cold	3.4136151595993744e-67	0	0
148	148	linear	3	23	0	warm	4.5712300769378236e-68	0	0
148	148	linear	4	0	0	cold	4.99883570560493e-44	0	0
148	148	linear	4	0	0	warm	4.99883570560493e-44	0	0
148	148	linear	4	7	0	cold	2.484603185006602e-45	0	0
148	148	linear	4	7	0	warm	9.224359921306667e-73	0	0
148	148	linear	4	15	0	cold	1.1507518837225289e-45	0	0
148	148	linear	4	15	0	warm	0.0	0	0
148	148	linear	4	23	0	cold	6.932791864188176e-71	0	0
148	148	linear	4	23	0	warm	1.156543028590995e-74	0	0
148	148	uniform	0	0	0	cold	5.136978804128797e-72	0	0
148	148	uniform	0	0	0	warm	5.136978804128797e-72	0	0
148	148	uniform	0	7	0	cold	2.45148123033218e-72	0	0
148	148	uniform	0	7	0	warm	3.4406754109925325e-73	0	0
148	148	uniform	0	15	0	cold	7.133641721987493e-75	0	0
148	148	uniform	0	15	0	warm	2.2017794767279767e-74	0	0
148	148	uniform	0	23	0	cold	9.029344534832682e-75	0	0
148	148	uniform	0	23	0	warm	7.744073510262821e-75	0	0
148	148	uniform	1	0	0	cold	2.0317221366132703e-72	0	0
148	148	uniform	1	0	0	warm	2.0317221366132703e-72	0	0
148	148	uniform	1	7	0	cold	2.3053549219527756e-44	0	0
148	148	uniform	1	7	0	warm	3.904707662092627e-72	0	0
148	148	uniform	1	15	0	cold	4.5994602076529543e-73	0	0
148	148	uniform	1	15	0	warm	2.3866866293551635e-71	0	0
148	148	uniform	1	23	0	cold	8.423213686300242e-44	0	0
148	148	uniform	1	23	0	warm	4.641963328415814e-69	0	0
148	148	uniform	2	0	0	cold	7.71253287677361e-73	0	0
148	148	uniform	2	0	0	warm	7.71253287677361e-73	0	0
148	148	uniform	2	7	0	cold	1.168415777251305e-74	0	0
148	148	uniform	2	7	0	warm	9.006903647499502e-75	0	0
148	148	uniform	2	15	0	cold	3.3446207225328934e-68	0	0
148	148	uniform	2	15	0	warm	1.0651024324732727e-68	0	0
148	148	uniform	2	23	0	cold	5.1873299614517056e-74	0	0
148	148	uniform	2	23	0	warm	2.2132607835527278e-72	0	0
148	148	uniform	3	0	0	cold	3.7765236821734796e-70	0	0
148	148	uniform	3	0	0	warm	3.7765236821734796e-70	0	0
148	148	uniform	3	7	0	cold	1.8350623793367084e-69	0	0
148	148	uniform	3	7	0	warm	2.985123971652411e-69	0	0
148	148	uniform	3	15	0	cold	1.8653927202811503e-68	0	0
148	148	uniform	3	15	0	warm	1.6275144326573055e-68	0	0
148	148	uniform	3	23	0	cold	3.4136151595993744e-67	0	0
148	148	uniform	3	23	0	warm	4.5712300769378236e-68	0	0
148	148	uniform	4	0	0	cold	4.99883570560493e-44	0	0
148	148	uniform	4	0	0	warm	4.99883570560493e-44	0	0
148	148	uniform	4	7	0	cold	2.484603185006602e-45	0	0
148	148	uniform	4	7	0	warm	9.224359921306667e-73	0	0
148	148	uniform	4	15	0	cold	1.1507518837225289e-45	0	0
148	148	uniform	4	15	0	warm	0.0	0	0
148	148	uniform	4	23	0	cold	6.932791864188176e-71	0	0
148	148	uniform	4	23	0	warm	1.156543028590995e-74	0	0
149	149	linear	0	0	0	cold	3.139120761446123e-51	0	0
149	149	linear	0	0	0	warm	3.139120761446123e-51	0	0
149	149	linear	0	7	0	cold	1.0571413175962002e-40	0	0
149	149	linear	0	7	0	warm	1.5262741206439788e-45	0	0
149	149	linear	0	15	0	cold	4.356957176785277e-46	0	0
149	149	linear	0	15	0	warm	3.4727453793192614e-44	0	0
149	149	linear	0	23	0	cold	5.569795225735463e-64	0	0
149	149	linear	0	23	0	warm	2.3669205110668998e-42	0	0
149	149	linear	1	0	0	cold	0.0	0	0
149	149	linear	1	0	0	warm	0.0	0	0
149	149	linear	1	7	0	cold	0.0	0	0
149	149	linear	1	7	0	warm	0.0	0	0
149	149	linear	1	15	0	cold	2.727531489524989e-16	0	0
149	149	linear	1	15	0	warm	0.0	0	0
149	149	linear	1	23	0	cold	1.6594335286837165e-14	0	0
149	149	linear	1	23	0	warm	7.704512811745724e-15	0	0
149	149	linear	2	0	0	cold	3.6176543238132314e-72	0	0
149	149	linear	2	0	0	warm	3.6176543238132314e-72	0	0
149	149	linear	2	7	0	cold	5.363286937478708e-72	0	0
149	149	linear	2	7	0	warm	3.0647645237932797e-71	0	0
149	149	linear	2	15	0	cold	6.882165779687707e-50	0	0
149	149	linear	2	15	0	warm	1.825409685236184e-70	0	0
149	149	linear	2	23	0	cold	2.366604678260073e-72	0	0
149	149	linear	2	23	0	warm	7.054798041588303e-50	0	0
149	149	linear	3	0	0	cold	3.986452129263823e-36	0	0
149	149	linear	3	0	0	warm	3.986452129263823e-36	0	0
149	149	linear	3	7	0	cold	5.163878740509181e-38	0	0
149	149	linear	3	7	0	warm	6.081156877172216e-42	0	0
149	149	linear	3	15	0	cold	2.2059039617470634e-42	0	0
149	149	linear	3	15	0	warm	2.1172002075816157e-37	0	0
149	149	linear	3	23	0	cold	3.8780287012158483e-39	0	0
149	149	linear	3	23	0	warm	8.221986169515963e-50	0	0
149	149	linear	4	0	0	cold	5.436523943270698e-57	0	0
149	149	linear	4	0	0	warm	5.436523943270698e-57	0	0
149	149	linear	4	7	0	cold	7.988413830558414e-70	0	0
149	149	linear	4	7	0	warm	2.0298198634447661e-69	0	0
149	149	linear	4	15	0	cold	1.1392400373330006e-70	0	0
149	149	linear	4	15	0	warm	1.1803921870836243e-69	0	0
149	149	linear	4	23	0	cold	4.4260759664918596e-68	0	0
149	149	linear	4	23	0	warm	1.2001627071232256e-67	0	0
149	149	uniform	0	0	0	cold	3.139120761446123e-51	0	0
149	149	uniform	0	0	0	warm	3.139120761446123e-51	0	0
149	149	uniform	0	7	0	cold	1.0571413175962002e-40	0	0
149	149	uniform	0	7	0	warm	1.5262741206439788e-45	0	0
149	149	uniform	0	15	0	cold	4.356957176785277e-46	0	0
149	149	uniform	0	15	0	warm	3.4727453793192614e-44	0	0
149	149	uniform	0	23	0	cold	5.569795225735463e-64	0	0
149	149	uniform	0	23	0	warm	2.3669205110668998e-42	0	0
149	149	uniform	1	0	0	cold	0.0	0	0
149	149	uniform	1	0	0	warm	0.0	0	0
149	149	uniform	1	7	0	cold	0.0	0	0
149	149	uniform	1	7	0	warm	0.0	0	0
149	149	uniform	1	15	0	cold	2.727531489524989e-16	0	0
149	149	uniform	1	15	0	warm	0.0	0	0
149	149	uniform	1	23	0	cold	1.6594335286837165e-14	0	0
149	149	uniform	1	23	0	warm	7.704512811745724e-15	0	0
149	149	uniform	2	0	0	cold	3.6176543238132314e-72	0	0
149	149	uniform	2	0	0	warm	3.6176543238132314e-72	0	0
149	149	uniform	2	7	0	cold	5.363286937478708e-72	0	0
149	149	uniform	2	7	0	warm	3.0647645237932797e-71	0	0
149	149	uniform	2	15	0	cold	6.882165779687707e-50	0	0
149	149	uniform	2	15	0	warm	1.825409685236184e-70	0	0
149	149	uniform	2	23	0	cold	2.366604678260073e-72	0	0
149	149	uniform	2	23	0	warm	7.054798041588303e-50	0	0
149	149	uniform	3	0	0	cold	3.986452129263823e-36	0	0
149	149	uniform	3	0	0	warm	3.986452129263823e-36	0	0
149	149	uniform	3	7	0	cold	5.163878740509181e-38	0	0
149	149	uniform	3	7	0	warm	6.081156877172216e-42	0	0
149	149	uniform	3	15	0	cold	2.2059039617470634e-42	0	0
149	149	uniform	3	15	0	warm	2.1172002075816157e-37	0	0
149	149	uniform	3	23	0	cold	3.8780287012158483e-39	0	0
149	149	uniform	3	23	0	warm	8.221986169515963e-50	0	0
149	149	uniform	4	0	0	cold	5.436523943270698e-57	0	0
149	149	uniform	4	0	0	warm	5.436523943270698e-57	0	0
149	149	uniform	4	7	0	cold	7.988413830558414e-70	0	0
149	149	uniform	4	7	0	warm	2.0298198634447661e-69	0	0
149	149	uniform	4	15	0	cold	1.1392400373330006e-70	0	0
149	149	uniform	4	15	0	warm	1.1803921870836243e-69	0	0
149	149	uniform	4	23	0	cold	4.4260759664918596e-68	0	0
149	149	uniform	4	23	0	warm	1.2001627071232256e-67	0	0
150	150	linear	0	0	0	cold	2.0980970549287656e-72	0	0
150	150	linear	0	0	0	warm	2.0980970549287656e-72	0	0
150	150	linear	0	7	0	cold	8.759759884569173e-73	0	0
150	150	linear	0	7	0	warm	1.1277423065768832e-73	0	0
150	150	linear	0	15	0	cold	6.733833933850937e-75	0	0
150	150	linear	0	15	0	warm	2.3365788625861185e-73	0	0
150	150	linear	0	23	0	cold	8.31588433634061e-75	0	0
150	150	linear	0	23	0	warm	4.0764468694653795e-76	0	0
150	150	linear	1	0	0	cold	2.74551115256237e-64	0	0
150	150	linear	1	0	0	warm	2.74551115256237e-64	0	0
150	150	linear	1	7	0	cold	3.692480204599948e-63	0	0
150	150	linear	1	7	0	warm	4.1191269732923234e-63	0	0
150	150	linear	1	15	0	cold	7.5042068613776e-64	0	0
150	150	linear	1	15	0	warm	1.458112608251208e-75	0	0
150	150	linear	1	23	0	cold	1.3929364295497861e-61	0	0
150	150	linear	1	23	0	warm	1.5127063159385807e-60	0	0
150	150	linear	2	0	0	cold	3.661925475216036e-57	0	0
150	150	linear	2	0	0	warm	3.661925475216036e-57	0	0
150	150	linear	2	7	0	cold	1.2788793302915227e-56	0	0
150	150	linear	2	7	0	warm	1.2020987010844177e-57	0	0
150	150	linear	2	15	0	cold	4.802394675960702e-55	0	0
150	150	linear	2	15	0	warm	2.4804233677338898e-58	0	0
150	150	linear	2	23	0	cold	2.701892995524073e-56	0	0
150	150	linear	2	23	0	warm	1.1366340946091247e-56	0	0
150	150	linear	3	0	0	cold	2.9311379167098013e-61	0	0
150	150	linear	3	0	0	warm	2.9311379167098013e-61	0	0
150	150	linear	3	7	0	cold	7.790361748643873e-60	0	0
150	150	linear	3	7	0	warm	8.309404327766675e-60	0	0
150	150	linear	3	15	0	cold	8.633019305904232e-61	0	0
150	150	linear	3	15	0	warm	1.4753771823654516e-61	0	0
150	150	linear	3	23	0	cold	1.4598787907857752e-57	0	0
150	150	linear	3	23	0	warm	2.2905435541442963e-58	0	0
150	150	linear	4	0	0	cold	3.6914532196553853e-76	0	0
150	150	linear	4	0	0	warm	3.6914532196553853e-76	0	0
150	150	linear	4	7	0	cold	5.1034868009531595e-74	0	0
150	150	linear	4	7	0	warm	3.8276151007148707e-73	0	0
150	150	linear	4	15	0	cold	7.011388078887039e-73	0	0
150	150	linear	4	15	0	warm	6.290361102209051e-72	0	0
150	150	linear	4	23	0	cold	2.366287427486183e-72	0	0
150	150	linear	4	23	0	warm	1.6159879379717328e-71	0	0
150	150	uniform	0	0	0	cold	2.0980970549287656e-72	0	0
150	150	uniform	0	0	0	warm	2.0980970549287656e-72	0	0
150	150	uniform	0	7	0	cold	8.759759884569173e-73	0	0
150	150	uniform	0	7	0	warm	1.1277423065768832e-73	0	0
150	150	uniform	0	15	0	cold	6.733833933850937e-75	0	0
150	150	uniform	0	15	0	warm	2.3365788625861185e-73	0	0
150	150	uniform	0	23	0	cold	8.31588433634061e-75	0	0
150	150	uniform	0	23	0	warm	4.0764468694653795e-76	0	0
150	150	uniform	1	0	0	cold	2.74551115256237e-64	0	0
150	150	uniform	1	0	0	warm	2.74551115256237e-64	0	0
150	150	uniform	1	7	0	cold	3.692480204599948e-63	0	0
150	150	uniform	1	7	0	warm	4.1191269732923234e-63	0	0
150	150	uniform	1	15	0	cold	7.5042068613776e-64	0	0
150	150	uniform	1	15	0	warm	1.458112608251208e-75	0	0
150	150	uniform	1	23	0	cold	1.3929364295497861e-61	0	0
150	150	uniform	1	23	0	warm	1.5127063159385807e-60	0	0
150	150	uniform	2	0	0	cold	3.661925475216036e-57	0	0
150	150	uniform	2	0	0	warm	3.661925475216036e-57	0	0
150	150	uniform	2	7	0	cold	1.2788793302915227e-56	0	0
150	150	uniform	2	7	0	warm	1.2020987010844177e-57	0	0
150	150	uniform	2	15	0	cold	4.802394675960702e-55	0	0
150	150	uniform	2	15	0	warm	2.4804233677338898e-58	0	0
150	150	uniform	2	23	0	cold	2.701892995524073e-56	0	0
150	150	uniform	2	23	0	warm	1.1366340946091247e-56	0	0
150	150	uniform	3	0	0	cold	2.9311379167098013e-61	0	0
150	150	uniform	3	0	0	warm	2.9311379167098013e-61	0	0
150	150	uniform	3	7	0	cold	7.790361748643873e-60	0	0
150	150	uniform	3	7	0	warm	8.309404327766675e-60	0	0
150	150	uniform	3	15	0	cold	8.633019305904232e-61	0	0
150	150	uniform	3	15	0	warm	1.4753771823654516e-61	0	0
150	150	uniform	3	23	0	cold	1.4598787907857752e-57	0	0
150	150	uniform	3	23	0	warm	2.2905435541442963e-58	0	0
150	150	uniform	4	0	0	cold	3.6914532196553853e-76	0	0
150	150	uniform	4	0	0	warm	3.6914532196553853e-76	0	0
150	150	uniform	4	7	0	cold	5.1034868009531595e-74	0	0
150	150	uniform	4	7	0	warm	3.8276151007148707e-73	0	0
150	150	uniform	4	15	0	cold	7.011388078887039e-73	0	0
150	150	uniform	4	15	0	warm	6.290361102209051e-72	0	0
150	150	uniform	4	23	0	cold	2.366287427486183e-72	0	0
150	150	uniform	4	23	0	warm	1.6159879379717328e-71	0	0
151	151	linear	0	0	0	cold	2.75577150143156e-70	0	0
151	151	linear	0	0	0	warm	2.75577150143156e-70	0	0
151	151	linear	0	7	0	cold	3.984115497438597e-72	0	0
151	151	linear	0	7	0	warm	2.2516415369283485e-71	0	0
151	151	linear	0	15	0	cold	3.8803594518923263e-72	0	0
151	151	linear	0	15	0	warm	5.39515217910163e-73	0	0
151	151	linear	0	23	0	cold	3.170239029005951e-71	0	0
151	151	linear	0	23	0	warm	1.6173448186172407e-72	0	0
151	151	linear	1	0	0	cold	1.8407594806929364e-63	0	0
151	151	linear	1	0	0	warm	1.8407594806929364e-63	0	0
151	151	linear	1	7	0	cold	1.1392246303349158e-63	0	0
151	151	linear	1	7	0	warm	2.2708796617971744e-64	0	0
151	151	linear	1	15	0	cold	4.757258211729195e-65	0	0
151	151	linear	1	15	0	warm	1.9203078879053215e-65	0	0
151	151	linear	1	23	0	cold	6.997592200928047e-66	0	0
151	151	linear	1	23	0	warm	2.641948075860589e-66	0	0
151	151	linear	2	0	0	cold	8.305519361586569e-58	0	0
151	151	linear	2	0	0	warm	8.305519361586569e-58	0	0
151	151	linear	2	7	0	cold	2.9656602735645045e-58	0	0
151	151	linear	2	7	0	warm	3.4697670425760883e-68	0	0
151	151	linear	2	15	0	cold	1.4839130126756682e-58	0	0
151	151	linear	2	15	0	warm	5.935652050702673e-59	0	0
151	151	linear	2	23	0	cold	1.2621800099194802e-58	0	0
151	151	linear	2	23	0	warm	1.3457066282229751e-59	0	0
151	151	linear	3	0	0	cold	5.663911287866954e-54	0	0
151	151	linear	3	0	0	warm	5.663911287866954e-54	0	0
151	151	linear	3	7	0	cold	1.320922932971861e-53	0	0
151	151	linear	3	7	0	warm	2.4340663335144365e-54	0	0
151	151	linear	3	15	0	cold	1.5158088937988012e-51	0	0
151	151	linear	3	15	0	warm	5.263266529765942e-52	0	0
151	151	linear	3	23	0	cold	6.743356794223462e-50	0	0
151	151	linear	3	23	0	warm	8.772703550127603e-50	0	0
151	151	linear	4	0	0	cold	1.927374742018025e-71	0	0
151	151	linear	4	0	0	warm	1.927374742018025e-71	0	0
151	151	linear	4	7	0	cold	5.139690235167158e-71	0	0
151	151	linear	4	7	0	warm	2.3375509881374225e-72	0	0
151	151	linear	4	15	0	cold	2.6662769080809225e-71	0	0
151	151	linear	4	15	0	warm	3.66758613993664e-72	0	0
151	151	linear	4	23	0	cold	1.1495129560127996e-71	0	0
151	151	linear	4	23	0	warm	4.407839054716803e-72	0	0
151	151	uniform	0	0	0	cold	2.75577150143156e-70	0	0
151	151	uniform	0	0	0	warm	2.75577150143156e-70	0	0
151	151	uniform	0	7	0	cold	3.984115497438597e-72	0	0
151	151	uniform	0	7	0	warm	2.2516415369283485e-71	0	0
151	151	uniform	0	15	0	cold	3.8803594518923263e-72	0	0
151	151	uniform	0	15	0	warm	5.39515217910163e-73	0	0
151	151	uniform	0	23	0	cold	3.170239029005951e-71	0	0
151	151	uniform	0	23	0	warm	1.6173448186172407e-72	0	0
151	151	uniform	1	0	0	cold	1.8407594806929364e-63	0	0
151	151	uniform	1	0	0	warm	1.8407594806929364e-63	0	0
151	151	uniform	1	7	0	cold	1.1392246303349158e-63	0	0
151	151	uniform	1	7	0	warm	2.2708796617971744e-64	0	0
151	151	uniform	1	15	0	cold	4.757258211729195e-65	0	0
151	151	uniform	1	15	0	warm	1.9203078879053215e-65	0	0
151	151	uniform	1	23	0	cold	6.997592200928047e-66	0	0
151	151	uniform	1	23	0	warm	2.641948075860589e-66	0	0
151	151	uniform	2	0	0	cold	8.305519361586569e-58	0	0
151	151	uniform	2	0	0	warm	8.305519361586569e-58	0	0
151	151	uniform	2	7	0	cold	2.9656602735645045e-58	0	0
151	151	uniform	2	7	0	warm	3.4697670425760883e-68	0	0
151	151	uniform	2	15	0	cold	1.4839130126756682e-58	0	0
151	151	uniform	2	15	0	warm	5.935652050702673e-59	0	0
151	151	uniform	2	23	0	cold	1.2621800099194802e-58	0	0
151	151	uniform	2	23	0	warm	1.3457066282229751e-59	0	0
151	151	uniform	3	0	0	cold	5.663911287866954e-54	0	0
151	151	uniform	3	0	0	warm	5.663911287866954e-54	0	0
151	151	uniform	3	7	0	cold	1.320922932971861e-53	0	0
151	151	uniform	3	7	0	warm	2.4340663335144365e-54	0	0
151	151	uniform	3	15	0	cold	1.5158088937988012e-51	0	0
151	151	uniform	3	15	0	warm	5.263266529765942e-52	0	0
151	151	uniform	3	23	0	cold	6.743356794223462e-50	0	0
151	151	uniform	3	23	0	warm	8.772703550127603e-50	0	0
151	151	uniform	4	0	0	cold	1.927374742018025e-71	0	0
151	151	uniform	4	0	0	warm	1.927374742018025e-71	0	0
151	151	uniform	4	7	0	cold	5.139690235167158e-71	0	0
151	151	uniform	4	7	0	warm	2.3375509881374225e-72	0	0
151	151	uniform	4	15	0	cold	2.6662769080809225e-71	0	0
151	151	uniform	4	15	0	warm	3.66758613993664e-72	0	0
151	151	uniform	4	23	0	cold	1.1495129560127996e-71	0	0
151	151	uniform	4	23	0	warm	4.407839054716803e-72	0	0
152	152	linear	0	0	0	cold	0.0	0	0
152	152	linear	0	0	0	warm	0.0	0	0
152	152	linear	0	7	0	cold	1.5080734949564872e-87	0	0
152	152	linear	0	7	0	warm	6.758675305623364e-45	0	0
152	152	linear	0	15	0	cold	1.5293682230149779e-55	0	0
152	152	linear	0	15	0	warm	1.4141871607681525e-44	0	0
152	152	linear	0	23	0	cold	1.1127618364658174e-67	0	0
152	152	linear	0	23	0	warm	1.5434448042316537e-74	0	0
152	152	linear	1	0	0	cold	3.979276277723558e-64	0	0
152	152	linear	1	0	0	warm	3.979276277723558e-64	0	0
152	152	linear	1	7	0	cold	3.058717548745324e-56	0	0
152	152	linear	1	7	0	warm	2.084503951680719e-76	0	0
152	152	linear	1	15	0	cold	3.8234073309463476e-57	0	0
152	152	linear	1	15	0	warm	1.789735804095028e-76	0	0
152	152	linear	1	23	0	cold	2.6144802790640147e-70	0	0
152	152	linear	1	23	0	warm	6.320736205098442e-75	0	0
152	152	linear	2	0	0	cold	1.0270550891381193e-80	0	0
152	152	linear	2	0	0	warm	1.0270550891381193e-80	0	0
152	152	linear	2	7	0	cold	3.9331421037103516e-77	0	0
152	152	linear	2	7	0	warm	9.726028968054777e-76	0	0
152	152	linear	2	15	0	cold	5.2996084514922516e-110	0	0
152	152	linear	2	15	0	warm	4.6460626027788496e-76	0	0
152	152	linear	2	23	0	cold	1.747790690834781e-83	0	0
152	152	linear	2	23	0	warm	1.0239469723436846e-77	0	0
152	152	linear	3	0	0	cold	2.9523411907414484e-62	0	0
152	152	linear	3	0	0	warm	2.9523411907414484e-62	0	0
152	152	linear	3	7	0	cold	1.8760198800115754e-54	0	0
152	152	linear	3	7	0	warm	1.680321626235684e-76	0	0
152	152	linear	3	15	0	cold	3.4236780805868154e-69	0	0
152	152	linear	3	15	0	warm	5.725293220500364e-76	0	0
152	152	linear	3	23	0	cold	7.825844779830203e-48	0	0
152	152	linear	3	23	0	warm	1.9531672712189557e-76	0	0
152	152	linear	4	0	0	cold	6.434446927678196e-85	0	0
152	152	linear	4	0	0	warm	6.434446927678196e-85	0	0
152	152	linear	4	7	0	cold	1.519290824967826e-64	0	0
152	152	linear	4	7	0	warm	3.0191372826109856e-70	0	0
152	152	linear	4	15	0	cold	8.156630505464547e-56	0	0
152	152	linear	4	15	0	warm	2.1869559633357164e-67	0	0
152	152	linear	4	23	0	cold	4.3467259140713073e-70	0	0
152	152	linear	4	23	0	warm	6.432069723414591e-70	0	0
152	152	uniform	0	0	0	cold	0.0	0	0
152	152	uniform	0	0	0	warm	0.0	0	0
152	152	uniform	0	7	0	cold	1.5080734949564872e-87	0	0
152	152	uniform	0	7	0	warm	6.758675305623364e-45	0	0
152	152	uniform	0	15	0	cold	1.5293682230149779e-55	0	0
152	152	uniform	0	15	0	warm	1.4141871607681525e-44	0	0
152	152	uniform	0	23	0	cold	1.1127618364658174e-67	0	0
152	152	uniform	0	23	0	warm	1.5434448042316537e-74	0	0
152	152	uniform	1	0	0	cold	3.979276277723558e-64	0	0
152	152	uniform	1	0	0	warm	3.979276277723558e-64	0	0
152	152	uniform	1	7	0	cold	3.058717548745324e-56	0	0
152	152	uniform	1	7	0	warm	2.084503951680719e-76	0	0
152	152	uniform	1	15	0	cold	3.8234073309463476e-57	0	0
152	152	uniform	1	15	0	warm	1.789735804095028e-76	0	0
152	152	uniform	1	23	0	cold	2.6144802790640147e-70	0	0
152	152	uniform	1	23	0	warm	6.320736205098442e-75	0	0
152	152	uniform	2	0	0	cold	1.0270550891381193e-80	0	0
152	152	uniform	2	0	0	warm	1.0270550891381193e-80	0	0
152	152	uniform	2	7	0	cold	3.9331421037103516e-77	0	0
152	152	uniform	2	7	0	warm	9.726028968054777e-76	0	0
152	152	uniform	2	15	0	cold	5.2996084514922516e-110	0	0
152	152	uniform	2	15	0	warm	4.6460626027788496e-76	0	0
152	152	uniform	2	23	0	cold	1.747790690834781e-83	0	0
152	152	uniform	2	23	0	warm	1.0239469723436846e-77	0	0
152	152	uniform	3	0	0	cold	2.9523411907414484e-62	0	0
152	152	uniform	3	0	0	warm	2.9523411907414484e-62	0	0
152	152	uniform	3	7	0	cold	1.8760198800115754e-54	0	0
152	152	uniform	3	7	0	warm	1.680321626235684e-76	0	0
152	152	uniform	3	15	0	cold	3.4236780805868154e-69	0	0
152	152	uniform	3	15	0	warm	5.725293220500364e-76	0	0
152	152	uniform	3	23	0	cold	7.825844779830203e-48	0	0
152	152	uniform	3	23	0	warm	1.9531672712189557e-76	0	0
152	152	uniform	4	0	0	cold	6.434446927678196e-85	0	0
152	152	uniform	4	0	0	warm	6.434446927678196e-85	0	0
152	152	uniform	4	7	0	cold	1.519290824967826e-64	0	0
152	152	uniform	4	7	0	warm	3.0191372826109856e-70	0	0
152	152	uniform	4	15	0	cold	8.156630505464547e-56	0	0
152	152	uniform	4	15	0	warm	2.1869559633357164e-67	0	0
152	152	uniform	4	23	0	cold	4.3467259140713073e-70	0	0
152	152	uniform	4	23	0	warm	6.432069723414591e-70	0	0
153	153	linear	0	0	0	cold	2.147502802080402e-65	0	0
153	153	linear	0	0	0	warm	2.147502802080402e-65	0	0
153	153	linear	0	7	0	cold	6.0187373862021765e-65	0	0
153	153	linear	0	7	0	warm	2.6837502167544695e-66	0	0
153	153	linear	0	15	0	cold	1.6801701786310705e-67	0	0
153	153	linear	0	15	0	warm	4.585259746751459e-69	0	0
153	153	linear	0	23	0	cold	9.841580778620135e-67	0	0
153	153	linear	0	23	0	warm	1.0517719916082589e-66	0	0
153	153	linear	1	0	0	cold	3.951012527311692e-57	0	0
153	153	linear	1	0	0	warm	3.951012527311692e-57	0	0
153	153	linear	1	7	0	cold	2.2432732630564315e-59	0	0
153	153	linear	1	7	0	warm	2.2694833286728982e-58	0	0
153	153	linear	1	15	0	cold	1.9721287413260763e-58	0	0
153	153	linear	1	15	0	warm	3.886393021982725e-60	0	0
153	153	linear	1	23	0	cold	1.6185704117334188e-57	0	0
153	153	linear	1	23	0	warm	7.974420077320747e-57	0	0
153	153	linear	2	0	0	cold	3.8313867167471326e-72	0	0
153	153	linear	2	0	0	warm	3.8313867167471326e-72	0	0
153	153	linear	2	7	0	cold	2.196326464323674e-71	0	0
153	153	linear	2	7	0	warm	9.543032012699417e-73	0	0
153	153	linear	2	15	0	cold	4.5921971773701116e-73	0	0
153	153	linear	2	15	0	warm	5.36054145218301e-75	0	0
153	153	linear	2	23	0	cold	2.926705661984511e-71	0	0
153	153	linear	2	23	0	warm	1.8291910387403193e-72	0	0
153	153	linear	3	0	0	cold	2.9255474887660275e-57	0	0
153	153	linear	3	0	0	warm	2.9255474887660275e-57	0	0
153	153	linear	3	7	0	cold	5.004939933257109e-58	0	0
153	153	linear	3	7	0	warm	1.771731126316419e-58	0	0
153	153	linear	3	15	0	cold	1.5356827097144726e-55	0	0
153	153	linear	3	15	0	warm	3.3549696835999656e-56	0	0
153	153	linear	3	23	0	cold	5.842041129436188e-56	0	0
153	153	linear	3	23	0	warm	8.959158741717963e-57	0	0
153	153	linear	4	0	0	cold	8.209375963523688e-66	0	0
153	153	linear	4	0	0	warm	8.209375963523688e-66	0	0
153	153	linear	4	7	0	cold	1.6676190546304486e-68	0	0
153	153	linear	4	7	0	warm	4.335809542039163e-68	0	0
153	153	linear	4	15	0	cold	8.98516180431449e-67	0	0
153	153	linear	4	15	0	warm	3.355994993027067e-66	0	0
153	153	linear	4	23	0	cold	3.860781254280765e-67	0	0
153	153	linear	4	23	0	warm	3.670514647832121e-67	0	0
153	153	uniform	0	0	0	cold	2.147502802080402e-65	0	0
153	153	uniform	0	0	0	warm	2.147502802080402e-65	0	0
153	153	uniform	0	7	0	cold	6.0187373862021765e-65	0	0
153	153	uniform	0	7	0	warm	2.6837502167544695e-66	0	0
153	153	uniform	0	15	0	cold	1.6801701786310705e-67	0	0
153	153	uniform	0	15	0	warm	4.585259746751459e-69	0	0
153	153	uniform	0	23	0	cold	9.841580778620135e-67	0	0
153	153	uniform	0	23	0	warm	1.0517719916082589e-66	0	0
153	153	uniform	1	0	0	cold	3.951012527311692e-57	0	0
153	153	uniform	1	0	0	warm	3.951012527311692e-57	0	0
153	153	uniform	1	7	0	cold	2.2432732630564315e-59	0	0
153	153	uniform	1	7	0	warm	2.2694833286728982e-58	0	0
153	153	uniform	1	15	0	cold	1.9721287413260763e-58	0	0
153	153	uniform	1	15	0	warm	3.886393021982725e-60	0	0
153	153	uniform	1	23	0	cold	1.6185704117334188e-57	0	0
153	153	uniform	1	23	0	warm	7.974420077320747e-57	0	0
153	153	uniform	2	0	0	cold	3.8313867167471326e-72	0	0
153	153	uniform	2	0	0	warm	3.8313867167471326e-72	0	0
153	153	uniform	2	7	0	cold	2.196326464323674e-71	0	0
153	153	uniform	2	7	0	warm	9.543032012699417e-73	0	0
153	153	uniform	2	15	0	cold	4.5921971773701116e-73	0	0
153	153	uniform	2	15	0	warm	5.36054145218301e-75	0	0
153	153	uniform	2	23	0	cold	2.926705661984511e-71	0	0
153	153	uniform	2	23	0	warm	1.8291910387403193e-72	0	0
153	153	uniform	3	0	0	cold	2.9255474887660275e-57	0	0
153	153	uniform	3	0	0	warm	2.9255474887660275e-57	0	0
153	153	uniform	3	7	0	cold	5.004939933257109e-58	0	0
153	153	uniform	3	7	0	warm	1.771731126316419e-58	0	0
153	153	uniform	3	15	0	cold	1.5356827097144726e-55	0	0
153	153	uniform	3	15	0	warm	3.3549696835999656e-56	0	0
153	153	uniform	3	23	0	cold	5.842041129436188e-56	0	0
153	153	uniform	3	23	0	warm	8.959158741717963e-57	0	0
153	153	uniform	4	0	0	cold	8.209375963523688e-66	0	0
153	153	uniform	4	0	0	warm	8.209375963523688e-66	0	0
153	153	uniform	4	7	0	cold	1.6676190546304486e-68	0	0
153	153	uniform	4	7	0	warm	4.335809542039163e-68	0	0
153	153	uniform	4	15	0	cold	8.98516180431449e-67	0	0
153	153	uniform	4	15	0	warm	3.355994993027067e-66	0	0
153	153	uniform	4	23	0	cold	3.860781254280765e-67	0	0
153	153	uniform	4	23	0	warm	3.670514647832121e-67	0	0
154	154	linear	0	0	0	cold	5.580302747180315e-47	0	0
154	154	linear	0	0	0	warm	5.580302747180315e-47	0	0
154	154	linear	0	7	0	cold	7.484036263086821e-48	0	0
154	154	linear	0	7	0	warm	2.9234551369410796e-48	0	0
154	154	linear	0	15	0	cold	8.83441701959862e-47	0	0
154	154	linear	0	15	0	warm	3.8358467741072217e-47	0	0
154	154	linear	0	23	0	cold	1.9870873176998286e-47	0	0
154	154	linear	0	23	0	warm	2.0622609035195265e-47	0	0
154	154	linear	1	0	0	cold	2.833040008458315e-69	0	0
154	154	linear	1	0	0	warm	2.833040008458315e-69	0	0
154	154	linear	1	7	0	cold	3.7788426414695903e-66	0	0
154	154	linear	1	7	0	warm	7.794689499272731e-69	0	0
154	154	linear	1	15	0	cold	3.6812488840323886e-45	0	0
154	154	linear	1	15	0	warm	1.5460673124876237e-50	0	0
154	154	linear	1	23	0	cold	2.1043707114508993e-66	0	0
154	154	linear	1	23	0	warm	7.667219632659108e-66	0	0
154	154	linear	2	0	0	cold	6.079417188693065e-58	0	0
154	154	linear	2	0	0	warm	6.079417188693065e-58	0	0
154	154	linear	2	7	0	cold	6.594889517790002e-38	0	0
154	154	linear	2	7	0	warm	1.0754976459237538e-39	0	0
154	154	linear	2	15	0	cold	2.2029818259259792e-49	0	0
154	154	linear	2	15	0	warm	2.5082274203253955e-37	0	0
154	154	linear	2	23	0	cold	1.6705604567644682e-53	0	0
154	154	linear	2	23	0	warm	3.4656133437885266e-56	0	0
154	154	linear	3	0	0	cold	7.11641544796388e-55	0	0
154	154	linear	3	0	0	warm	7.11641544796388e-55	0	0
154	154	linear	3	7	0	cold	3.260544287187951e-54	0	0
154	154	linear	3	7	0	warm	1.5611225195985397e-54	0	0
154	154	linear	3	15	0	cold	6.391888745768798e-55	0	0
154	154	linear	3	15	0	warm	9.143803278029776e-55	0	0
154	154	linear	3	23	0	cold	3.6148910406673665e-54	0	0
154	154	linear	3	23	0	warm	2.499680378201323e-54	0	0
154	154	linear	4	0	0	cold	5.3936679136463234e-20	0	0
154	154	linear	4	0	0	warm	5.3936679136463234e-20	0	0
154	154	linear	4	7	0	cold	6.742098378463485e-21	0	0
154	154	linear	4	7	0	warm	1.2135777081234273e-19	0	0
154	154	linear	4	15	0	cold	3.3710498463134844e-20	0	0
154	154	linear	4	15	0	warm	4.0452598155761817e-20	0	0
154	154	linear	4	23	0	cold	6.742088720027871e-20	0	0
154	154	linear	4	23	0	warm	2.359735352643103e-20	0	0
154	154	uniform	0	0	0	cold	5.580302747180315e-47	0	0
154	154	uniform	0	0	0	warm	5.580302747180315e-47	0	0
154	154	uniform	0	7	0	cold	7.484036263086821e-48	0	0
154	154	uniform	0	7	0	warm	2.9234551369410796e-48	0	0
154	154	uniform	0	15	0	cold	8.83441701959862e-47	0	0
154	154	uniform	0	15	0	warm	3.8358467741072217e-47	0	0
154	154	uniform	0	23	0	cold	1.9870873176998286e-47	0	0
154	154	uniform	0	23	0	warm	2.0622609035195265e-47	0	0
154	154	uniform	1	0	0	cold	2.833040008458315e-69	0	0
154	154	uniform	1	0	0	warm	2.833040008458315e-69	0	0
154	154	uniform	1	7	0	cold	3.7788426414695903e-66	0	0
154	154	uniform	1	7	0	warm	7.794689499272731e-69	0	0
154	154	uniform	1	15	0	cold	3.6812488840323886e-45	0	0
154	154	uniform	1	15	0	warm	1.5460673124876237e-50	0	0
154	154	uniform	1	23	0	cold	2.1043707114508993e-66	0	0
154	154	uniform	1	23	0	warm	7.667219632659108e-66	0	0
154	154	uniform	2	0	0	cold	6.079417188693065e-58	0	0
154	154	uniform	2	0	0	warm	6.079417188693065e-58	0	0
154	154	uniform	2	7	0	cold	6.594889517790002e-38	0	0
154	154	uniform	2	7	0	warm	1.0754976459237538e-39	0	0
154	154	uniform	2	15	0	cold	2.2029818259259792e-49	0	0
154	154	uniform	2	15	0	warm	2.5082274203253955e-37	0	0
154	154	uniform	2	23	0	cold	1.6705604567644682e-53	0	0
154	154	uniform	2	23	0	warm	3.4656133437885266e-56	0	0
154	154	uniform	3	0	0	cold	7.11641544796388e-55	0	0
154	154	uniform	3	0	0	warm	7.11641544796388e-55	0	0
154	154	uniform	3	7	0	cold	3.260544287187951e-54	0	0
154	154	uniform	3	7	0	warm	1.5611225195985397e-54	0	0
154	154	uniform	3	15	0	cold	6.391888745768798e-55	0	0
154	154	uniform	3	15	0	warm	9.143803278029776e-55	0	0
154	154	uniform	3	23	0	cold	3.6148910406673665e-54	0	0
154	154	uniform	3	23	0	warm	2.499680378201323e-54	0	0
154	154	uniform	4	0	0	cold	5.3936679136463234e-20	0	0
154	154	uniform	4	0	0	warm	5.3936679136463234e-20	0	0
154	154	uniform	4	7	0	cold	6.742098378463485e-21	0	0
154	154	uniform	4	7	0	warm	1.2135777081234273e-19	0	0
154	154	uniform	4	15	0	cold	3.3710498463134844e-20	0	0
154	154	uniform	4	15	0	warm	4.0452598155761817e-20	0	0
154	154	uniform	4	23	0	cold	6.742088720027871e-20	0	0
154	154	uniform	4	23	0	warm	2.359735352643103e-20	0	0
155	155	linear	0	0	0	cold	2.9552618706873963e-69	0	0
155	155	linear	0	0	0	warm	2.9552618706873963e-69	0	0
155	155	linear	0	7	0	cold	9.81890675790155e-70	0	0
155	155	linear	0	7	0	warm	9.475493157175048e-70	0	0
155	155	linear	0	15	0	cold	5.140724735552553e-69	0	0
155	155	linear	0	15	0	warm	1.2760471258778459e-61	0	0
155	155	linear	0	23	0	cold	7.235176933359052e-72	0	0
155	155	linear	0	23	0	warm	5.659166003777786e-72	0	0
155	155	linear	1	0	0	cold	3.1996085789438838e-71	0	0
155	155	linear	1	0	0	warm	3.1996085789438838e-71	0	0
155	155	linear	1	7	0	cold	3.2544110351855143e-72	0	0
155	155	linear	1	7	0	warm	2.5195440272403983e-72	0	0
155	155	linear	1	15	0	cold	3.5588545330973274e-72	0	0
155	155	linear	1	15	0	warm	3.6635267252472496e-73	0	0
155	155	linear	1	23	0	cold	3.9657690083123154e-72	0	0
155	155	linear	1	23	0	warm	1.3045292790501037e-74	0	0
155	155	linear	2	0	0	cold	3.4934654115676666e-62	0	0
155	155	linear	2	0	0	warm	3.4934654115676666e-62	0	0
155	155	linear	2	7	0	cold	3.233344211985385e-63	0	0
155	155	linear	2	7	0	warm	1.1619132060977117e-62	0	0
155	155	linear	2	15	0	cold	3.719886231511547e-63	0	0
155	155	linear	2	15	0	warm	4.074520415854433e-64	0	0
155	155	linear	2	23	0	cold	1.6858934342425451e-63	0	0
155	155	linear	2	23	0	warm	1.2042095958875321e-63	0	0
155	155	linear	3	0	0	cold	4.131340808542074e-83	0	0
155	155	linear	3	0	0	warm	4.131340808542074e-83	0	0
155	155	linear	3	7	0	cold	8.293697625835503e-71	0	0
155	155	linear	3	7	0	warm	2.743172084391465e-78	0	0
155	155	linear	3	15	0	cold	1.5576915392222265e-58	0	0
155	155	linear	3	15	0	warm	2.911948827369549e-76	0	0
155	155	linear	3	23	0	cold	4.169762260401822e-62	0	0
155	155	linear	3	23	0	warm	1.0467840674550408e-61	0	0
155	155	linear	4	0	0	cold	5.011047725568276e-66	0	0
155	155	linear	4	0	0	warm	5.011047725568276e-66	0	0
155	155	linear	4	7	0	cold	9.350396373944698e-65	0	0
155	155	linear	4	7	0	warm	5.840195523088425e-66	0	0
155	155	linear	4	15	0	cold	2.357352205908136e-66	0	0
155	155	linear	4	15	0	warm	2.125792649450171e-67	0	0
155	155	linear	4	23	0	cold	7.253432057466602e-67	0	0
155	155	linear	4	23	0	warm	3.0321335837874755e-67	0	0
155	155	uniform	0	0	0	cold	2.9552618706873963e-69	0	0
155	155	uniform	0	0	0	warm	2.9552618706873963e-69	0	0
155	155	uniform	0	7	0	cold	9.81890675790155e-70	0	0
155	155	uniform	0	7	0	warm	9.475493157175048e-70	0	0
155	155	uniform	0	15	0	cold	5.140724735552553e-69	0	0
155	155	uniform	0	15	0	warm	1.2760471258778459e-61	0	0
155	155	uniform	0	23	0	cold	7.235176933359052e-72	0	0
155	155	uniform	0	23	0	warm	5.659166003777786e-72	0	0
155	155	uniform	1	0	0	cold	3.1996085789438838e-71	0	0
155	155	uniform	1	0	0	warm	3.1996085789438838e-71	0	0
155	155	uniform	1	7	0	cold	3.2544110351855143e-72	0	0
155	155	uniform	1	7	0	warm	2.5195440272403983e-72	0	0
155	155	uniform	1	15	0	cold	3.5588545330973274e-72	0	0
155	155	uniform	1	15	0	warm	3.6635267252472496e-73	0	0
155	155	uniform	1	23	0	cold	3.9657690083123154e-72	0	0
155	155	uniform	1	23	0	warm	1.3045292790501037e-74	0	0
155	155	uniform	2	0	0	cold	3.4934654115676666e-62	0	0
155	155	uniform	2	0	0	warm	3.4934654115676666e-62	0	0
155	155	uniform	2	7	0	cold	3.233344211985385e-63	0	0
155	155	uniform	2	7	0	warm	1.1619132060977117e-62	0	0
155	155	uniform	2	15	0	cold	3.719886231511547e-63	0	0
155	155	uniform	2	15	0	warm	4.074520415854433e-64	0	0
155	155	uniform	2	23	0	cold	1.6858934342425451e-63	0	0
155	155	uniform	2	23	0	warm	1.2042095958875321e-63	0	0
155	155	uniform	3	0	0	cold	4.131340808542074e-83	0	0
155	155	uniform	3	0	0	warm	4.131340808542074e-83	0	0
155	155	uniform	3	7	0	cold	8.293697625835503e-71	0	0
155	155	uniform	3	7	0	warm	2.743172084391465e-78	0	0
155	155	uniform	3	15	0	cold	1.5576915392222265e-58	0	0
155	155	uniform	3	15	0	warm	2.911948827369549e-76	0	0
155	155	uniform	3	23	0	cold	4.169762260401822e-62	0	0
155	155	uniform	3	23	0	warm	1.0467840674550408e-61	0	0
155	155	uniform	4	0	0	cold	5.011047725568276e-66	0	0
155	155	uniform	4	0	0	warm	5.011047725568276e-66	0	0
155	155	uniform	4	7	0	cold	9.350396373944698e-65	0	0
155	155	uniform	4	7	0	warm	5.840195523088425e-66	0	0
155	155	uniform	4	15	0	cold	2.357352205908136e-66	0	0
155	155	uniform	4	15	0	warm	2.125792649450171e-67	0	0
155	155	uniform	4	23	0	cold	7.253432057466602e-67	0	0
155	155	uniform	4	23	0	warm	3.0321335837874755e-67	0	0
156	156	linear	0	0	0	cold	3.849008014533989e-51	0	0
156	156	linear	0	0	0	warm	3.849008014533989e-51	0	0
156	156	linear	0	7	0	cold	2.2834904757395508e-45	0	0
156	156	linear	0	7	0	warm	8.903673710244034e-50	0	0
156	156	linear	0	15	0	cold	1.6757510216646558e-44	0	0
156	156	linear	0	15	0	warm	2.7440283957835252e-46	0	0
156	156	linear	0	23	0	cold	8.636456017881464e-43	0	0
156	156	linear	0	23	0	warm	3.1294022671568824e-43	0	0
156	156	linear	1	0	0	cold	1.0321615653601127e-63	0	0
156	156	linear	1	0	0	warm	1.0321615653601127e-63	0	0
156	156	linear	1	7	0	cold	3.2829256739317027e-63	0	0
156	156	linear	1	7	0	warm	1.0084198635115432e-63	0	0
156	156	linear	1	15	0	cold	1.0613013429203275e-63	0	0
156	156	linear	1	15	0	warm	1.575469578628053e-64	0	0
156	156	linear	1	23	0	cold	7.889784329709839e-66	0	0
156	156	linear	1	23	0	warm	2.3629246737993712e-65	0	0
156	156	linear	2	0	0	cold	2.1592373325191636e-49	0	0
156	156	linear	2	0	0	warm	2.1592373325191636e-49	0	0
156	156	linear	2	7	0	cold	3.4929292142869473e-47	0	0
156	156	linear	2	7	0	warm	6.48603286811214e-48	0	0
156	156	linear	2	15	0	cold	3.336385106824647e-50	0	0
156	156	linear	2	15	0	warm	2.6583473419145788e-49	0	0
156	156	linear	2	23	0	cold	9.816747064749752e-51	0	0
156	156	linear	2	23	0	warm	4.9528479025287686e-51	0	0
156	156	linear	3	0	0	cold	7.748248176573384e-45	0	0
156	156	linear	3	0	0	warm	7.748248176573384e-45	0	0
156	156	linear	3	7	0	cold	6.366535547828192e-59	0	0
156	156	linear	3	7	0	warm	1.702147378285136e-56	0	0
156	156	linear	3	15	0	cold	2.1853390122936886e-69	0	0
156	156	linear	3	15	0	warm	4.480361074685724e-68	0	0
156	156	linear	3	23	0	cold	7.107392824893414e-46	0	0
156	156	linear	3	23	0	warm	2.832757195616671e-45	0	0
156	156	linear	4	0	0	cold	2.26427466149214e-52	0	0
156	156	linear	4	0	0	warm	2.26427466149214e-52	0	0
156	156	linear	4	7	0	cold	1.3305376296349799e-51	0	0
156	156	linear	4	7	0	warm	1.2181435818191346e-52	0	0
156	156	linear	4	15	0	cold	3.0379137989658195e-54	0	0
156	156	linear	4	15	0	warm	1.155874757807789e-50	0	0
156	156	linear	4	23	0	cold	3.57628334979993e-51	0	0
156	156	linear	4	23	0	warm	2.2373696379129806e-51	0	0
156	156	uniform	0	0	0	cold	3.849008014533989e-51	0	0
156	156	uniform	0	0	0	warm	3.849008014533989e-51	0	0
156	156	uniform	0	7	0	cold	2.2834904757395508e-45	0	0
156	156	uniform	0	7	0	warm	8.903673710244034e-50	0	0
156	156	uniform	0	15	0	cold	1.6757510216646558e-44	0	0
156	156	uniform	0	15	0	warm	2.7440283957835252e-46	0	0
156	156	uniform	0	23	0	cold	8.636456017881464e-43	0	0
156	156	uniform	0	23	0	warm	3.1294022671568824e-43	0	0
156	156	uniform	1	0	0	cold	1.0321615653601127e-63	0	0
156	156	uniform	1	0	0	warm	1.0321615653601127e-63	0	0
156	156	uniform	1	7	0	cold	3.2829256739317027e-63	0	0
156	156	uniform	1	7	0	warm	1.0084198635115432e-63	0	0
156	156	uniform	1	15	0	cold	1.0613013429203275e-63	0	0
156	156	uniform	1	15	0	warm	1.575469578628053e-64	0	0
156	156	uniform	1	23	0	cold	7.889784329709839e-66	0	0
156	156	uniform	1	23	0	warm	2.3629246737993712e-65	0	0
156	156	uniform	2	0	0	cold	2.1592373325191636e-49	0	0
156	156	uniform	2	0	0	warm	2.1592373325191636e-49	0	0
156	156	uniform	2	7	0	cold	3.4929292142869473e-47	0	0
156	156	uniform	2	7	0	warm	6.48603286811214e-48	0	0
156	156	uniform	2	15	0	cold	3.336385106824647e-50	0	0
156	156	uniform	2	15	0	warm	2.6583473419145788e-49	0	0
156	156	uniform	2	23	0	cold	9.816747064749752e-51	0	0
156	156	uniform	2	23	0	warm	4.9528479025287686e-51	0	0
156	156	uniform	3	0	0	cold	7.748248176573384e-45	0	0
156	156	uniform	3	0	0	warm	7.748248176573384e-45	0	0
156	156	uniform	3	7	0	cold	6.366535547828192e-59	0	0
156	156	uniform	3	7	0	warm	1.702147378285136e-56	0	0
156	156	uniform	3	15	0	cold	2.1853390122936886e-69	0	0
156	156	uniform	3	15	0	warm	4.480361074685724e-68	0	0
156	156	uniform	3	23	0	cold	7.107392824893414e-46	0	0
156	156	uniform	3	23	0	warm	2.832757195616671e-45	0	0
156	156	uniform	4	0	0	cold	2.26427466149214e-52	0	0
156	156	uniform	4	0	0	warm	2.26427466149214e-52	0	0
156	156	uniform	4	7	0	cold	1.3305376296349799e-51	0	0
156	156	uniform	4	7	0	warm	1.2181435818191346e-52	0	0
156	156	uniform	4	15	0	cold	3.0379137989658195e-54	0	0
156	156	uniform	4	15	0	warm	1.155874757807789e-50	0	0
156	156	uniform	4	23	0	cold	3.57628334979993e-51	0	0
156	156	uniform	4	23	0	warm	2.2373696379129806e-51	0	0
157	157	linear	0	0	0	cold	2.5562027679220996e-83	0	0
157	157	linear	0	0	0	warm	2.5562027679220996e-83	0	0
157	157	linear	0	7	0	cold	2.0526821618456463e-48	0	0
157	157	linear	0	7	0	warm	6.250195005410991e-66	0	0
157	157	linear	0	15	0	cold	4.6982092052024445e-53	0	0
157	157	linear	0	15	0	warm	1.7976966729333715e-67	0	0
157	157	linear	0	23	0	cold	1.531809568328699e-75	0	0
157	157	linear	0	23	0	warm	8.05936319959776e-66	0	0
157	157	linear	1	0	0	cold	5.626784081747714e-68	0	0
157	157	linear	1	0	0	warm	5.626784081747714e-68	0	0
157	157	linear	1	7	0	cold	3.203217356945887e-70	0	0
157	157	linear	1	7	0	warm	1.7447311561237163e-69	0	0
157	157	linear	1	15	0	cold	3.376309721544265e-71	0	0
157	157	linear	1	15	0	warm	1.328069151267582e-66	0	0
157	157	linear	1	23	0	cold	2.7696650241527285e-66	0	0
157	157	linear	1	23	0	warm	1.5356558549757696e-66	0	0
157	157	linear	2	0	0	cold	1.4940632181104505e-68	0	0
157	157	linear	2	0	0	warm	1.4940632181104505e-68	0	0
157	157	linear	2	7	0	cold	1.1656093882993161e-67	0	0
157	157	linear	2	7	0	warm	4.995468806997069e-69	0	0
157	157	linear	2	15	0	cold	3.6966044104383523e-67	0	0
157	157	linear	2	15	0	warm	1.1617899575663394e-66	0	0
157	157	linear	2	23	0	cold	1.5537281090652784e-68	0	0
157	157	linear	2	23	0	warm	4.791513494239141e-72	0	0
157	157	linear	3	0	0	cold	1.0453978265338146e-67	0	0
157	157	linear	3	0	0	warm	1.0453978265338146e-67	0	0
157	157	linear	3	7	0	cold	4.780965761411972e-68	0	0
157	157	linear	3	7	0	warm	3.241332719601341e-68	0	0
157	157	linear	3	15	0	cold	5.139780475033006e-68	0	0
157	157	linear	3	15	0	warm	3.2123627968956264e-67	0	0
157	157	linear	3	23	0	cold	3.854471387749341e-76	0	0
157	157	linear	3	23	0	warm	3.5815734851865486e-69	0	0
157	157	linear	4	0	0	cold	3.5685258457917067e-56	0	0
157	157	linear	4	0	0	warm	3.5685258457917067e-56	0	0
157	157	linear	4	7	0	cold	2.5514362381431924e-59	0	0
157	157	linear	4	7	0	warm	1.4121471489596622e-69	0	0
157	157	linear	4	15	0	cold	2.923336371236136e-52	0	0
157	157	linear	4	15	0	warm	3.2821157198022037e-71	0	0
157	157	linear	4	23	0	cold	6.628456409927478e-49	0	0
157	157	linear	4	23	0	warm	2.1617882328805458e-73	0	0
157	157	uniform	0	0	0	cold	2.5562027679220996e-83	0	0
157	157	uniform	0	0	0	warm	2.5562027679220996e-83	0	0
157	157	uniform	0	7	0	cold	2.0526821618456463e-48	0	0
157	157	uniform	0	7	0	warm	6.250195005410991e-66	0	0
157	157	uniform	0	15	0	cold	4.6982092052024445e-53	0	0
157	157	uniform	0	15	0	warm	1.7976966729333715e-67	0	0
157	157	uniform	0	23	0	cold	1.531809568328699e-75	0	0
157	157	uniform	0	23	0	warm	8.05936319959776e-66	0	0
157	157	uniform	1	0	0	cold	5.626784081747714e-68	0	0
157	157	uniform	1	0	0	warm	5.626784081747714e-68	0	0
157	157	uniform	1	7	0	cold	3.203217356945887e-70	0	0
157	157	uniform	1	7	0	warm	1.7447311561237163e-69	0	0
157	157	uniform	1	15	0	cold	3.376309721544265e-71	0	0
157	157	uniform	1	15	0	warm	1.328069151267582e-66	0	0
157	157	uniform	1	23	0	cold	2.7696650241527285e-66	0	0
157	157	uniform	1	23	0	warm	1.5356558549757696e-66	0	0
157	157	uniform	2	0	0	cold	1.4940632181104505e-68	0	0
157	157	uniform	2	0	0	warm	1.4940632181104505e-68	0	0
157	157	uniform	2	7	0	cold	1.1656093882993161e-67	0	0
157	157	uniform	2	7	0	warm	4.995468806997069e-69	0	0
157	157	uniform	2	15	0	cold	3.6966044104383523e-67	0	0
157	157	uniform	2	15	0	warm	1.1617899575663394e-66	0	0
157	157	uniform	2	23	0	cold	1.5537281090652784e-68	0	0
157	157	uniform	2	23	0	warm	4.791513494239141e-72	0	0
157	157	uniform	3	0	0	cold	1.0453978265338146e-67	0	0
157	157	uniform	3	0	0	warm	1.0453978265338146e-67	0	0
157	157	uniform	3	7	0	cold	4.780965761411972e-68	0	0
157	157	uniform	3	7	0	warm	3.241332719601341e-68	0	0
157	157	uniform	3	15	0	cold	5.139780475033006e-68	0	0
157	157	uniform	3	15	0	warm	3.2123627968956264e-67	0	0
157	157	uniform	3	23	0	cold	3.854471387749341e-76	0	0
157	157	uniform	3	23	0	warm	3.5815734851865486e-69	0	0
157	157	uniform	4	0	0	cold	3.5685258457917067e-56	0	0
157	157	uniform	4	0	0	warm	3.5685258457917067e-56	0	0
157	157	uniform	4	7	0	cold	2.5514362381431924e-59	0	0
157	157	uniform	4	7	0	warm	1.4121471489596622e-69	0	0
157	157	uniform	4	15	0	cold	2.923336371236136e-52	0	0
157	157	uniform	4	15	0	warm	3.2821157198022037e-71	0	0
157	157	uniform	4	23	0	cold	6.628456409927478e-49	0	0
157	157	uniform	4	23	0	warm	2.1617882328805458e-73	0	0
158	158	linear	0	0	0	cold	3.345197812065583e-68	0	0
158	158	linear	0	0	0	warm	3.345197812065583e-68	0	0
158	158	linear	0	7	0	cold	1.5437169164343528e-69	0	0
158	158	linear	0	7	0	warm	3.194149112129792e-70	0	0
158	158	linear	0	15	0	cold	2.375763817103013e-69	0	0
158	158	linear	0	15	0	warm	7.825811612200674e-69	0	0
158	158	linear	0	23	0	cold	3.1456157765910615e-69	0	0
158	158	linear	0	23	0	warm	1.484261300124353e-68	0	0
158	158	linear	1	0	0	cold	7.391374182290711e-75	0	0
158	158	linear	1	0	0	warm	7.391374182290711e-75	0	0
158	158	linear	1	7	0	cold	9.38749091919354e-74	0	0
158	158	linear	1	7	0	warm	3.9114545496639746e-75	0	0
158	158	linear	1	15	0	cold	1.0854033659456902e-73	0	0
158	158	linear	1	15	0	warm	4.651728711195815e-74	0	0
158	158	linear	1	23	0	cold	2.015987783313879e-71	0	0
158	158	linear	1	23	0	warm	8.727751988736917e-72	0	0
158	158	linear	2	0	0	cold	3.512864955075896e-68	0	0
158	158	linear	2	0	0	warm	3.512864955075896e-68	0	0
158	158	linear	2	7	0	cold	3.44884518983637e-64	0	0
158	158	linear	2	7	0	warm	1.4763892079778984e-67	0	0
158	158	linear	2	15	0	cold	1.94479591636634e-68	0	0
158	158	linear	2	15	0	warm	6.769385785813606e-68	0	0
158	158	linear	2	23	0	cold	2.8377423476289e-71	0	0
158	158	linear	2	23	0	warm	2.0955635797874954e-70	0	0
158	158	linear	3	0	0	cold	1.5731411926402014e-66	0	0
158	158	linear	3	0	0	warm	1.5731411926402014e-66	0	0
158	158	linear	3	7	0	cold	8.655296741668517e-65	0	0
158	158	linear	3	7	0	warm	2.073124968064315e-66	0	0
158	158	linear	3	15	0	cold	6.336469216885215e-67	0	0
158	158	linear	3	15	0	warm	1.5991089506334922e-67	0	0
158	158	linear	3	23	0	cold	9.082821424987645e-68	0	0
158	158	linear	3	23	0	warm	1.0109575151290596e-66	0	0
158	158	linear	4	0	0	cold	2.4044886630446184e-67	0	0
158	158	linear	4	0	0	warm	2.4044886630446184e-67	0	0
158	158	linear	4	7	0	cold	3.576365128239712e-67	0	0
158	158	linear	4	7	0	warm	1.8626901709581826e-69	0	0
158	158	linear	4	15	0	cold	1.512693288761236e-67	0	0
158	158	linear	4	15	0	warm	1.2544285809239519e-67	0	0
158	158	linear	4	23	0	cold	3.040041472803669e-66	0	0
158	158	linear	4	23	0	warm	1.8707947524945652e-66	0	0
158	158	uniform	0	0	0	cold	3.345197812065583e-68	0	0
158	158	uniform	0	0	0	warm	3.345197812065583e-68	0	0
158	158	uniform	0	7	0	cold	1.5437169164343528e-69	0	0
158	158	uniform	0	7	0	warm	3.194149112129792e-70	0	0
158	158	uniform	0	15	0	cold	2.375763817103013e-69	0	0
158	158	uniform	0	15	0	warm	7.825811612200674e-69	0	0
158	158	uniform	0	23	0	cold	3.1456157765910615e-69	0	0
158	158	uniform	0	23	0	warm	1.484261300124353e-68	0	0
158	158	uniform	1	0	0	cold	7.391374182290711e-75	0	0
158	158	uniform	1	0	0	warm	7.391374182290711e-75	0	0
158	158	uniform	1	7	0	cold	9.38749091919354e-74	0	0
158	158	uniform	1	7	0	warm	3.9114545496639746e-75	0	0
158	158	uniform	1	15	0	cold	1.0854033659456902e-73	0	0
158	158	uniform	1	15	0	warm	4.651728711195815e-74	0	0
158	158	uniform	1	23	0	cold	2.015987783313879e-71	0	0
158	158	uniform	1	23	0	warm	8.727751988736917e-72	0	0
158	158	uniform	2	0	0	cold	3.512864955075896e-68	0	0
158	158	uniform	2	0	0	warm	3.512864955075896e-68	0	0
158	158	uniform	2	7	0	cold	3.44884518983637e-64	0	0
158	158	uniform	2	7	0	warm	1.4763892079778984e-67	0	0
158	158	uniform	2	15	0	cold	1.94479591636634e-68	0	0
158	158	uniform	2	15	0	warm	6.769385785813606e-68	0	0
158	158	uniform	2	23	0	cold	2.8377423476289e-71	0	0
158	158	uniform	2	23	0	warm	2.0955635797874954e-70	0	0
158	158	uniform	3	0	0	cold	1.5731411926402014e-66	0	0
158	158	uniform	3	0	0	warm	1.5731411926402014e-66	0	0
158	158	uniform	3	7	0	cold	8.655296741668517e-65	0	0
158	158	uniform	3	7	0	warm	2.073124968064315e-66	0	0
158	158	uniform	3	15	0	cold	6.336469216885215e-67	0	0
158	158	uniform	3	15	0	warm	1.5991089506334922e-67	0	0
158	158	uniform	3	23	0	cold	9.082821424987645e-68	0	0
158	158	uniform	3	23	0	warm	1.0109575151290596e-66	0	0
158	158	uniform	4	0	0	cold	2.4044886630446184e-67	0	0
158	158	uniform	4	0	0	warm	2.4044886630446184e-67	0	0
158	158	uniform	4	7	0	cold	3.576365128239712e-67	0	0
158	158	uniform	4	7	0	warm	1.8626901709581826e-69	0	0
158	158	uniform	4	15	0	cold	1.512693288761236e-67	0	0
158	158	uniform	4	15	0	warm	1.2544285809239519e-67	0	0
158	158	uniform	4	23	0	cold	3.040041472803669e-66	0	0
158	158	uniform	4	23	0	warm	1.8707947524945652e-66	0	0
159	159	linear	0	0	0	cold	4.103140414898583e-68	0	0
159	159	linear	0	0	0	warm	4.103140414898583e-68	0	0
159	159	linear	0	7	0	cold	2.803685963171278e-69	0	0
159	159	linear	0	7	0	warm	1.793614668901583e-68	0	0
159	159	linear	0	15	0	cold	4.109143462312106e-68	0	0
159	159	linear	0	15	0	warm	1.8769741400655127e-67	0	0
159	159	linear	0	23	0	cold	1.5119543216190483e-65	0	0
159	159	linear	0	23	0	warm	1.7487562756757484e-66	0	0
159	159	linear	1	0	0	cold	5.425939283767161e-72	0	0
159	159	linear	1	0	0	warm	5.425939283767161e-72	0	0
159	159	linear	1	7	0	cold	2.761238587136861e-72	0	0
159	159	linear	1	7	0	warm	2.6507890436513835e-72	0	0
159	159	linear	1	15	0	cold	1.3138327936136843e-72	0	0
159	159	linear	1	15	0	warm	4.396092445795703e-74	0	0
159	159	linear	1	23	0	cold	2.370757719882285e-71	0	0
159	159	linear	1	23	0	warm	2.0288473721562757e-72	0	0
159	159	linear	2	0	0	cold	2.5684902175655093e-73	0	0
159	159	linear	2	0	0	warm	2.5684902175655093e-73	0	0
159	159	linear	2	7	0	cold	1.6513880717525282e-76	0	0
159	159	linear	2	7	0	warm	1.0124057907738964e-74	0	0
159	159	linear	2	15	0	cold	5.3328390833659565e-73	0	0
159	159	linear	2	15	0	warm	1.2630305210919142e-73	0	0
159	159	linear	2	23	0	cold	1.7969045930144903e-70	0	0
159	159	linear	2	23	0	warm	8.310683742692023e-71	0	0
159	159	linear	3	0	0	cold	6.387783136425719e-69	0	0
159	159	linear	3	0	0	warm	6.387783136425719e-69	0	0
159	159	linear	3	7	0	cold	5.2343019599886424e-71	0	0
159	159	linear	3	7	0	warm	1.1125023288408812e-68	0	0
159	159	linear	3	15	0	cold	2.35510157316783e-67	0	0
159	159	linear	3	15	0	warm	3.761442562587067e-67	0	0
159	159	linear	3	23	0	cold	4.881416883788562e-68	0	0
159	159	linear	3	23	0	warm	5.857700260546273e-69	0	0
159	159	linear	4	0	0	cold	2.1523237257293476e-72	0	0
159	159	linear	4	0	0	warm	2.1523237257293476e-72	0	0
159	159	linear	4	7	0	cold	1.1121143421716968e-73	0	0
159	159	linear	4	7	0	warm	4.312769740770181e-72	0	0
159	159	linear	4	15	0	cold	3.818028920487515e-72	0	0
159	159	linear	4	15	0	warm	3.711972561585084e-72	0	0
159	159	linear	4	23	0	cold	1.2348909432216111e-73	0	0
159	159	linear	4	23	0	warm	6.521275441066128e-72	0	0
159	159	uniform	0	0	0	cold	4.103140414898583e-68	0	0
159	159	uniform	0	0	0	warm	4.103140414898583e-68	0	0
159	159	uniform	0	7	0	cold	2.803685963171278e-69	0	0
159	159	uniform	0	7	0	warm	1.793614668901583e-68	0	0
159	159	uniform	0	15	0	cold	4.109143462312106e-68	0	0
159	159	uniform	0	15	0	warm	1.8769741400655127e-67	0	0
159	159	uniform	0	23	0	cold	1.5119543216190483e-65	0	0
159	159	uniform	0	23	0	warm	1.7487562756757484e-66	0	0
159	159	uniform	1	0	0	cold	5.425939283767161e-72	0	0
159	159	uniform	1	0	0	warm	5.425939283767161e-72	0	0
159	159	uniform	1	7	0	cold	2.761238587136861e-72	0	0
159	159	uniform	1	7	0	warm	2.6507890436513835e-72	0	0
159	159	uniform	1	15	0	cold	1.3138327936136843e-72	0	0
159	159	uniform	1	15	0	warm	4.396092445795703e-74	0	0
159	159	uniform	1	23	0	cold	2.370757719882285e-71	0	0
159	159	uniform	1	23	0	warm	2.0288473721562757e-72	0	0
159	159	uniform	2	0	0	cold	2.5684902175655093e-73	0	0
159	159	uniform	2	0	0	warm	2.5684902175655093e-73	0	0
159	159	uniform	2	7	0	cold	1.6513880717525282e-76	0	0
159	159	uniform	2	7	0	warm	1.0124057907738964e-74	0	0
159	159	uniform	2	15	0	cold	5.3328390833659565e-73	0	0
159	159	uniform	2	15	0	warm	1.2630305210919142e-73	0	0
159	159	uniform	2	23	0	cold	1.7969045930144903e-70	0	0
159	159	uniform	2	23	0	warm	8.310683742692023e-71	0	0
159	159	uniform	3	0	0	cold	6.387783136425719e-69	0	0
159	159	uniform	3	0	0	warm	6.387783136425719e-69	0	0
159	159	uniform	3	7	0	cold	5.2343019599886424e-71	0	0
159	159	uniform	3	7	0	warm	1.1125023288408812e-68	0	0
159	159	uniform	3	15	0	cold	2.35510157316783e-67	0	0
159	159	uniform	3	15	0	warm	3.761442562587067e-67	0	0
159	159	uniform	3	23	0	cold	4.881416883788562e-68	0	0
159	159	uniform	3	23	0	warm	5.857700260546273e-69	0	0
159	159	uniform	4	0	0	cold	2.1523237257293476e-72	0	0
159	159	uniform	4	0	0	warm	2.1523237257293476e-72	0	0
159	159	uniform	4	7	0	cold	1.1121143421716968e-73	0	0
159	159	uniform	4	7	0	warm	4.312769740770181e-72	0	0
159	159	uniform	4	15	0	cold	3.818028920487515e-72	0	0
159	159	uniform	4	15	0	warm	3.711972561585084e-72	0	0
159	159	uniform	4	23	0	cold	1.2348909432216111e-73	0	0
159	159	uniform	4	23	0	warm	6.521275441066128e-72	0	0
160	160	linear	3	0	0	cold	1.8801128511693956e-40	0	0
160	160	linear	3	0	0	warm	1.8801128511693956e-40	0	0
160	160	linear	3	7	0	cold	4.122516832867038e-45	0	0
160	160	linear	3	7	0	warm	4.6269393091722895e-53	0	0
160	160	linear	3	15	0	cold	1.317208439876413e-57	0	0
160	160	linear	3	15	0	warm	4.181131803334346e-52	0	0
160	160	linear	3	23	0	cold	2.729771586298387e-41	0	0
160	160	linear	3	23	0	warm	5.288829353134768e-53	0	0
160	160	linear	4	0	0	cold	9.804432944224066e-70	0	0
160	160	linear	4	0	0	warm	9.804432944224066e-70	0	0
160	160	linear	4	7	0	cold	6.371588377155046e-66	0	0
160	160	linear	4	7	0	warm	1.9240265210723207e-65	0	0
160	160	linear	4	15	0	cold	4.895986319355695e-70	0	0
160	160	linear	4	15	0	warm	9.576750158957449e-63	0	0
160	160	linear	4	23	0	cold	5.442662879864354e-69	0	0
160	160	linear	4	23	0	warm	7.099561583865651e-45	0	0
160	160	uniform	3	0	0	cold	1.8801128511693956e-40	0	0
160	160	uniform	3	0	0	warm	1.8801128511693956e-40	0	0
160	160	uniform	3	7	0	cold	4.122516832867038e-45	0	0
160	160	uniform	3	7	0	warm	4.6269393091722895e-53	0	0
160	160	uniform	3	15	0	cold	1.317208439876413e-57	0	0
160	160	uniform	3	15	0	warm	4.181131803334346e-52	0	0
160	160	uniform	3	23	0	cold	2.729771586298387e-41	0	0
160	160	uniform	3	23	0	warm	5.288829353134768e-53	0	0
160	160	uniform	4	0	0	cold	9.804432944224066e-70	0	0
160	160	uniform	4	0	0	warm	9.804432944224066e-70	0	0
160	160	uniform	4	7	0	cold	6.371588377155046e-66	0	0
160	160	uniform	4	7	0	warm	1.9240265210723207e-65	0	0
160	160	uniform	4	15	0	cold	4.895986319355695e-70	0	0
160	160	uniform	4	15	0	warm	9.576750158957449e-63	0	0
160	160	uniform	4	23	0	cold	5.442662879864354e-69	0	0
160	160	uniform	4	23	0	warm	7.099561583865651e-45	0	0
161	161	linear	3	0	0	cold	1.3172900180748655e-37	0	0
161	161	linear	3	0	0	warm	1.3172900180748655e-37	0	0
161	161	linear	3	7	0	cold	2.4643493903841844e-36	0	0
161	161	linear	3	7	0	warm	6.839701045066412e-50	0	0
161	161	linear	3	15	0	cold	1.6140892178676871e-52	0	0
161	161	linear	3	15	0	warm	1.8198930416953764e-48	0	0
161	161	linear	3	23	0	cold	3.0387423578079943e-44	0	0
161	161	linear	3	23	0	warm	1.1345629071583771e-46	0	0
161	161	linear	4	0	0	cold	1.4460722500222944e-60	0	0
161	161	linear	4	0	0	warm	1.4460722500222944e-60	0	0
161	161	linear	4	7	0	cold	1.2544324330259699e-64	0	0
161	161	linear	4	7	0	warm	4.030104638275104e-63	0	0
161	161	linear	4	15	0	cold	1.6848191651989777e-61	0	0
161	161	linear	4	15	0	warm	6.068460423232619e-64	0	0
161	161	linear	4	23	0	cold	3.631875820687338e-62	0	0
161	161	linear	4	23	0	warm	2.874779788006764e-64	0	0
161	161	uniform	3	0	0	cold	1.3172900180748655e-37	0	0
161	161	uniform	3	0	0	warm	1.3172900180748655e-37	0	0
161	161	uniform	3	7	0	cold	2.4643493903841844e-36	0	0
161	161	uniform	3	7	0	warm	6.839701045066412e-50	0	0
161	161	uniform	3	15	0	cold	1.6140892178676871e-52	0	0
161	161	uniform	3	15	0	warm	1.8198930416953764e-48	0	0
161	161	uniform	3	23	0	cold	3.0387423578079943e-44	0	0
161	161	uniform	3	23	0	warm	1.1345629071583771e-46	0	0
161	161	uniform	4	0	0	cold	1.4460722500222944e-60	0	0
161	161	uniform	4	0	0	warm	1.4460722500222944e-60	0	0
161	161	uniform	4	7	0	cold	1.2544324330259699e-64	0	0
161	161	uniform	4	7	0	warm	4.030104638275104e-63	0	0
161	161	uniform	4	15	0	cold	1.6848191651989777e-61	0	0
161	161	uniform	4	15	0	warm	6.068460423232619e-64	0	0
161	161	uniform	4	23	0	cold	3.631875820687338e-62	0	0
161	161	uniform	4	23	0	warm	2.874779788006764e-64	0	0
162	162	linear	3	0	0	cold	1.0443939893372136e-47	0	0
162	162	linear	3	0	0	warm	1.0443939893372136e-47	0	0
162	162	linear	3	7	0	cold	3.262935712820725e-55	0	0
162	162	linear	3	7	0	warm	9.866238761980137e-53	0	0
162	162	linear	3	15	0	cold	1.660462332563475e-47	0	0
162	162	linear	3	15	0	warm	2.530001933011964e-51	0	0
162	162	linear	3	23	0	cold	6.586391026953646e-47	0	0
162	162	linear	3	23	0	warm	2.399409893488826e-55	0	0
162	162	linear	4	0	0	cold	8.466736694513081e-22	0	0
162	162	linear	4	0	0	warm	8.466736694513081e-22	0	0
162	162	linear	4	7	0	cold	3.332871803893876e-56	0	0
162	162	linear	4	7	0	warm	6.356425622101798e-55	0	0
162	162	linear	4	15	0	cold	8.466709176720912e-22	0	0
162	162	linear	4	15	0	warm	1.0484237466870539e-44	0	0
162	162	linear	4	23	0	cold	1.0912782353157002e-61	0	0
162	162	linear	4	23	0	warm	1.9604409800985893e-43	0	0
162	162	uniform	3	0	0	cold	1.0443939893372136e-47	0	0
162	162	uniform	3	0	0	warm	1.0443939893372136e-47	0	0
162	162	uniform	3	7	0	cold	3.262935712820725e-55	0	0
162	162	uniform	3	7	0	warm	9.866238761980137e-53	0	0
162	162	uniform	3	15	0	cold	1.660462332563475e-47	0	0
162	162	uniform	3	15	0	warm	2.530001933011964e-51	0	0
162	162	uniform	3	23	0	cold	6.586391026953646e-47	0	0
162	162	uniform	3	23	0	warm	2.399409893488826e-55	0	0
162	162	uniform	4	0	0	cold	8.466736694513081e-22	0	0
162	162	uniform	4	0	0	warm	8.466736694513081e-22	0	0
162	162	uniform	4	7	0	cold	3.332871803893876e-56	0	0
162	162	uniform	4	7	0	warm	6.356425622101798e-55	0	0
162	162	uniform	4	15	0	cold	8.466709176720912e-22	0	0
162	162	uniform	4	15	0	warm	1.0484237466870539e-44	0	0
162	162	uniform	4	23	0	cold	1.0912782353157002e-61	0	0
162	162	uniform	4	23	0	warm	1.9604409800985893e-43	0	0
163	163	linear	3	0	0	cold	1.170328078868419e-59	0	0
163	163	linear	3	0	0	warm	1.170328078868419e-59	0	0
163	163	linear	3	7	0	cold	6.700969361887183e-58	0	0
163	163	linear	3	7	0	warm	1.5234558967401788e-59	0	0
163	163	linear	3	15	0	cold	8.695639953428416e-59	0	0
163	163	linear	3	15	0	warm	4.008587964225904e-59	0	0
163	163	linear	3	23	0	cold	1.5241561145588595e-58	0	0
163	163	linear	3	23	0	warm	9.014660765348016e-58	0	0
163	163	linear	4	0	0	cold	2.719103414420549e-50	0	0
163	163	linear	4	0	0	warm	2.719103414420549e-50	0	0
163	163	linear	4	7	0	cold	2.5361734256429e-52	0	0
163	163	linear	4	7	0	warm	1.5704176876718108e-52	0	0
163	163	linear	4	15	0	cold	1.4996903544404442e-51	0	0
163	163	linear	4	15	0	warm	2.2593795615670866e-52	0	0
163	163	linear	4	23	0	cold	7.32651566081369e-52	0	0
163	163	linear	4	23	0	warm	6.019833339264996e-54	0	0
163	163	uniform	3	0	0	cold	1.170328078868419e-59	0	0
163	163	uniform	3	0	0	warm	1.170328078868419e-59	0	0
163	163	uniform	3	7	0	cold	6.700969361887183e-58	0	0
163	163	uniform	3	7	0	warm	1.5234558967401788e-59	0	0
163	163	uniform	3	15	0	cold	8.695639953428416e-59	0	0
163	163	uniform	3	15	0	warm	4.008587964225904e-59	0	0
163	163	uniform	3	23	0	cold	1.5241561145588595e-58	0	0
163	163	uniform	3	23	0	warm	9.014660765348016e-58	0	0
163	163	uniform	4	0	0	cold	2.719103414420549e-50	0	0
163	163	uniform	4	0	0	warm	2.719103414420549e-50	0	0
163	163	uniform	4	7	0	cold	2.5361734256429e-52	0	0
163	163	uniform	4	7	0	warm	1.5704176876718108e-52	0	0
163	163	uniform	4	15	0	cold	1.4996903544404442e-51	0	0
163	163	uniform	4	15	0	warm	2.2593795615670866e-52	0	0
163	163	uniform	4	23	0	cold	7.32651566081369e-52	0	0
163	163	uniform	4	23	0	warm	6.019833339264996e-54	0	0
164	164	linear	3	0	0	cold	1.8906051316548513e-62	0	0
164	164	linear	3	0	0	warm	1.8906051316548513e-62	0	0
164	164	linear	3	7	0	cold	6.969815949673653e-63	0	0
164	164	linear	3	7	0	warm	1.0557465403109629e-63	0	0
164	164	linear	3	15	0	cold	6.223487698608776e-64	0	0
164	164	linear	3	15	0	warm	7.947700837947074e-64	0	0
164	164	linear	3	23	0	cold	8.646839095890457e-64	0	0
164	164	linear	3	23	0	warm	4.206401984103779e-65	0	0
164	164	linear	4	0	0	cold	4.524850910055389e-57	0	0
164	164	linear	4	0	0	warm	4.524850910055389e-57	0	0
164	164	linear	4	7	0	cold	7.475191881942141e-57	0	0
164	164	linear	4	7	0	warm	1.6876201813783054e-57	0	0
164	164	linear	4	15	0	cold	1.5561734562698415e-58	0	0
164	164	linear	4	15	0	warm	3.1520942683498945e-58	0	0
164	164	linear	4	23	0	cold	1.1458370949149389e-64	0	0
164	164	linear	4	23	0	warm	1.4298462658167615e-57	0	0
164	164	uniform	3	0	0	cold	1.8906051316548513e-62	0	0
164	164	uniform	3	0	0	warm	1.8906051316548513e-62	0	0
164	164	uniform	3	7	0	cold	6.969815949673653e-63	0	0
164	164	uniform	3	7	0	warm	1.0557465403109629e-63	0	0
164	164	uniform	3	15	0	cold	6.223487698608776e-64	0	0
164	164	uniform	3	15	0	warm	7.947700837947074e-64	0	0
164	164	uniform	3	23	0	cold	8.646839095890457e-64	0	0
164	164	uniform	3	23	0	warm	4.206401984103779e-65	0	0
164	164	uniform	4	0	0	cold	4.524850910055389e-57	0	0
164	164	uniform	4	0	0	warm	4.524850910055389e-57	0	0
164	164	uniform	4	7	0	cold	7.475191881942141e-57	0	0
164	164	uniform	4	7	0	warm	1.6876201813783054e-57	0	0
164	164	uniform	4	15	0	cold	1.5561734562698415e-58	0	0
164	164	uniform	4	15	0	warm	3.1520942683498945e-58	0	0
164	164	uniform	4	23	0	cold	1.1458370949149389e-64	0	0
164	164	uniform	4	23	0	warm	1.4298462658167615e-57	0	0
165	165	linear	3	0	0	cold	1.262626117060098e-60	0	0
165	165	linear	3	0	0	warm	1.262626117060098e-60	0	0
165	165	linear	3	7	0	cold	5.760645373592637e-60	0	0
165	165	linear	3	7	0	warm	9.308412606403912e-61	0	0
165	165	linear	3	15	0	cold	1.2560635478727018e-60	0	0
165	165	linear	3	15	0	warm	1.603896804125335e-63	0	0
165	165	linear	3	23	0	cold	4.4515839126371125e-59	0	0
165	165	linear	3	23	0	warm	1.8806364514475916e-59	0	0
165	165	linear	4	0	0	cold	3.000125743089585e-51	0	0
165	165	linear	4	0	0	warm	3.000125743089585e-51	0	0
165	165	linear	4	7	0	cold	5.631453965415459e-53	0	0
165	165	linear	4	7	0	warm	4.7079421124665933e-54	0	0
165	165	linear	4	15	0	cold	5.692146587762982e-50	0	0
165	165	linear	4	15	0	warm	2.4905251238110273e-54	0	0
165	165	linear	4	23	0	cold	7.991546674874518e-51	0	0
165	165	linear	4	23	0	warm	8.242753837011434e-54	0	0
165	165	uniform	3	0	0	cold	1.262626117060098e-60	0	0
165	165	uniform	3	0	0	warm	1.262626117060098e-60	0	0
165	165	uniform	3	7	0	cold	5.760645373592637e-60	0	0
165	165	uniform	3	7	0	warm	9.308412606403912e-61	0	0
165	165	uniform	3	15	0	cold	1.2560635478727018e-60	0	0
165	165	uniform	3	15	0	warm	1.603896804125335e-63	0	0
165	165	uniform	3	23	0	cold	4.4515839126371125e-59	0	0
165	165	uniform	3	23	0	warm	1.8806364514475916e-59	0	0
165	165	uniform	4	0	0	cold	3.000125743089585e-51	0	0
165	165	uniform	4	0	0	warm	3.000125743089585e-51	0	0
165	165	uniform	4	7	0	cold	5.631453965415459e-53	0	0
165	165	uniform	4	7	0	warm	4.7079421124665933e-54	0	0
165	165	uniform	4	15	0	cold	5.692146587762982e-50	0	0
165	165	uniform	4	15	0	warm	2.4905251238110273e-54	0	0
165	165	uniform	4	23	0	cold	7.991546674874518e-51	0	0
165	165	uniform	4	23	0	warm	8.242753837011434e-54	0	0
166	166	linear	3	0	0	cold	2.4954004423694127e-75	0	0
166	166	linear	3	0	0	warm	2.4954004423694127e-75	0	0
166	166	linear	3	7	0	cold	3.94732119442361e-72	0	0
166	166	linear	3	7	0	warm	3.374785546215832e-69	0	0
166	166	linear	3	15	0	cold	2.0267392236844058e-70	0	0
166	166	linear	3	15	0	warm	1.7361209186444205e-75	0	0
166	166	linear	3	23	0	cold	8.909072961948797e-80	0	0
166	166	linear	3	23	0	warm	2.9313089352221667e-69	0	0
166	166	linear	4	0	0	cold	1.69423253348179e-60	0	0
166	166	linear	4	0	0	warm	1.69423253348179e-60	0	0
166	166	linear	4	7	0	cold	1.4852591634387541e-61	0	0
166	166	linear	4	7	0	warm	3.0456655255723738e-61	0	0
166	166	linear	4	15	0	cold	3.902174323212332e-61	0	0
166	166	linear	4	15	0	warm	6.055164147431967e-61	0	0
166	166	linear	4	23	0	cold	3.207660749496342e-59	0	0
166	166	linear	4	23	0	warm	6.137888455862082e-60	0	0
166	166	uniform	3	0	0	cold	2.4954004423694127e-75	0	0
166	166	uniform	3	0	0	warm	2.4954004423694127e-75	0	0
166	166	uniform	3	7	0	cold	3.94732119442361e-72	0	0
166	166	uniform	3	7	0	warm	3.374785546215832e-69	0	0
166	166	uniform	3	15	0	cold	2.0267392236844058e-70	0	0
166	166	uniform	3	15	0	warm	1.7361209186444205e-75	0	0
166	166	uniform	3	23	0	cold	8.909072961948797e-80	0	0
166	166	uniform	3	23	0	warm	2.9313089352221667e-69	0	0
166	166	uniform	4	0	0	cold	1.69423253348179e-60	0	0
166	166	uniform	4	0	0	warm	1.69423253348179e-60	0	0
166	166	uniform	4	7	0	cold	1.4852591634387541e-61	0	0
166	166	uniform	4	7	0	warm	3.0456655255723738e-61	0	0
166	166	uniform	4	15	0	cold	3.902174323212332e-61	0	0
166	166	uniform	4	15	0	warm	6.055164147431967e-61	0	0
166	166	uniform	4	23	0	cold	3.207660749496342e-59	0	0
166	166	uniform	4	23	0	warm	6.137888455862082e-60	0	0
167	167	linear	3	0	0	cold	7.762635066299042e-53	0	0
167	167	linear	3	0	0	warm	7.762635066299042e-53	0	0
167	167	linear	3	7	0	cold	2.197143105569214e-71	0	0
167	167	linear	3	7	0	warm	7.592337873431413e-80	0	0
167	167	linear	3	15	0	cold	1.5204741360306187e-72	0	0
167	167	linear	3	15	0	warm	4.959663976021913e-80	0	0
167	167	linear	3	23	0	cold	6.216026551185062e-72	0	0
167	167	linear	3	23	0	warm	1.1758752126069753e-79	0	0
167	167	linear	4	0	0	cold	4.750865991769148e-53	0	0
167	167	linear	4	0	0	warm	4.750865991769148e-53	0	0
167	167	linear	4	7	0	cold	7.167241894020868e-55	0	0
167	167	linear	4	7	0	warm	4.2750399994499245e-55	0	0
167	167	linear	4	15	0	cold	6.029897821475072e-56	0	0
167	167	linear	4	15	0	warm	3.307763078187422e-55	0	0
167	167	linear	4	23	0	cold	2.927679083604424e-53	0	0
167	167	linear	4	23	0	warm	7.877003959462494e-54	0	0
167	167	uniform	3	0	0	cold	7.762635066299042e-53	0	0
167	167	uniform	3	0	0	warm	7.762635066299042e-53	0	0
167	167	uniform	3	7	0	cold	2.197143105569214e-71	0	0
167	167	uniform	3	7	0	warm	7.592337873431413e-80	0	0
167	167	uniform	3	15	0	cold	1.5204741360306187e-72	0	0
167	167	uniform	3	15	0	warm	4.959663976021913e-80	0	0
167	167	uniform	3	23	0	cold	6.216026551185062e-72	0	0
167	167	uniform	3	23	0	warm	1.1758752126069753e-79	0	0
167	167	uniform	4	0	0	cold	4.750865991769148e-53	0	0
167	167	uniform	4	0	0	warm	4.750865991769148e-53	0	0
167	167	uniform	4	7	0	cold	7.167241894020868e-55	0	0
167	167	uniform	4	7	0	warm	4.2750399994499245e-55	0	0
167	167	uniform	4	15	0	cold	6.029897821475072e-56	0	0
167	167	uniform	4	15	0	warm	3.307763078187422e-55	0	0
167	167	uniform	4	23	0	cold	2.927679083604424e-53	0	0
167	167	uniform	4	23	0	warm	7.877003959462494e-54	0	0
168	168	linear	3	0	0	cold	1.482644850178591e-60	0	0
168	168	linear	3	0	0	warm	1.482644850178591e-60	0	0
168	168	linear	3	7	0	cold	9.163186331113641e-55	0	0
168	168	linear	3	7	0	warm	8.165334086864996e-57	0	0
168	168	linear	3	15	0	cold	1.2350177733460038e-56	0	0
168	168	linear	3	15	0	warm	1.2646820004541392e-55	0	0
168	168	linear	3	23	0	cold	2.0204055350877548e-57	0	0
168	168	linear	3	23	0	warm	1.3187264518471775e-57	0	0
168	168	linear	4	0	0	cold	6.960914013833669e-68	0	0
168	168	linear	4	0	0	warm	6.960914013833669e-68	0	0
168	168	linear	4	7	0	cold	5.846859562290641e-68	0	0
168	168	linear	4	7	0	warm	1.7056816960651972e-66	0	0
168	168	linear	4	15	0	cold	4.393728872074302e-66	0	0
168	168	linear	4	15	0	warm	5.8402105051997764e-68	0	0
168	168	linear	4	23	0	cold	3.139046266784631e-64	0	0
168	168	linear	4	23	0	warm	9.830556383629647e-65	0	0
168	168	uniform	3	0	0	cold	1.482644850178591e-60	0	0
168	168	uniform	3	0	0	warm	1.482644850178591e-60	0	0
168	168	uniform	3	7	0	cold	9.163186331113641e-55	0	0
168	168	uniform	3	7	0	warm	8.165334086864996e-57	0	0
168	168	uniform	3	15	0	cold	1.2350177733460038e-56	0	0
168	168	uniform	3	15	0	warm	1.2646820004541392e-55	0	0
168	168	uniform	3	23	0	cold	2.0204055350877548e-57	0	0
168	168	uniform	3	23	0	warm	1.3187264518471775e-57	0	0
168	168	uniform	4	0	0	cold	6.960914013833669e-68	0	0
168	168	uniform	4	0	0	warm	6.960914013833669e-68	0	0
168	168	uniform	4	7	0	cold	5.846859562290641e-68	0	0
168	168	uniform	4	7	0	warm	1.7056816960651972e-66	0	0
168	168	uniform	4	15	0	cold	4.393728872074302e-66	0	0
168	168	uniform	4	15	0	warm	5.8402105051997764e-68	0	0
168	168	uniform	4	23	0	cold	3.139046266784631e-64	0	0
168	168	uniform	4	23	0	warm	9.830556383629647e-65	0	0
169	169	linear	3	0	0	cold	1.2200631969531335e-64	0	0
169	169	linear	3	0	0	warm	1.2200631969531335e-64	0	0
169	169	linear	3	7	0	cold	7.243220529398165e-65	0	0
169	169	linear	3	7	0	warm	3.268189745688575e-66	0	0
169	169	linear	3	15	0	cold	2.3549369590964936e-66	0	0
169	169	linear	3	15	0	warm	2.1365275279414032e-65	0	0
169	169	linear	3	23	0	cold	1.138613198033317e-64	0	0
169	169	linear	3	23	0	warm	3.217936613374979e-66	0	0
169	169	linear	4	0	0	cold	1.2608081734730898e-66	0	0
169	169	linear	4	0	0	warm	1.2608081734730898e-66	0	0
169	169	linear	4	7	0	cold	2.3135236432381926e-67	0	0
169	169	linear	4	7	0	warm	1.607518775583345e-67	0	0
169	169	linear	4	15	0	cold	5.058680437691203e-67	0	0
169	169	linear	4	15	0	warm	2.6344134527762337e-66	0	0
169	169	linear	4	23	0	cold	1.1028329066461327e-65	0	0
169	169	linear	4	23	0	warm	1.7700641009492787e-65	0	0
169	169	uniform	3	0	0	cold	1.2200631969531335e-64	0	0
169	169	uniform	3	0	0	warm	1.2200631969531335e-64	0	0
169	169	uniform	3	7	0	cold	7.243220529398165e-65	0	0
169	169	uniform	3	7	0	warm	3.268189745688575e-66	0	0
169	169	uniform	3	15	0	cold	2.3549369590964936e-66	0	0
169	169	uniform	3	15	0	warm	2.1365275279414032e-65	0	0
169	169	uniform	3	23	0	cold	1.138613198033317e-64	0	0
169	169	uniform	3	23	0	warm	3.217936613374979e-66	0	0
169	169	uniform	4	0	0	cold	1.2608081734730898e-66	0	0
169	169	uniform	4	0	0	warm	1.2608081734730898e-66	0	0
169	169	uniform	4	7	0	cold	2.3135236432381926e-67	0	0
169	169	uniform	4	7	0	warm	1.607518775583345e-67	0	0
169	169	uniform	4	15	0	cold	5.058680437691203e-67	0	0
169	169	uniform	4	15	0	warm	2.6344134527762337e-66	0	0
169	169	uniform	4	23	0	cold	1.1028329066461327e-65	0	0
169	169	uniform	4	23	0	warm	1.7700641009492787e-65	0	0
170	170	linear	3	0	0	cold	3.246024944364954e-56	0	0
170	170	linear	3	0	0	warm	3.246024944364954e-56	0	0
170	170	linear	3	7	0	cold	1.3826928479853113e-55	0	0
170	170	linear	3	7	0	warm	1.1217676899347664e-55	0	0
170	170	linear	3	15	0	cold	1.126670810097146e-56	0	0
170	170	linear	3	15	0	warm	2.1021942200101443e-57	0	0
170	170	linear	3	23	0	cold	4.197969717115229e-56	0	0
170	170	linear	3	23	0	warm	1.6822428594788046e-56	0	0
170	170	linear	4	0	0	cold	1.3358873093401289e-20	0	0
170	170	linear	4	0	0	warm	1.3358873093401289e-20	0	0
170	170	linear	4	7	0	cold	1.3358865430022294e-20	0	0
170	170	linear	4	7	0	warm	2.6717730860044588e-20	0	0
170	170	linear	4	15	0	cold	1.068708553418617e-19	0	0
170	170	linear	4	15	0	warm	1.3358856917732712e-20	0	0
170	170	linear	4	23	0	cold	6.679424462248049e-20	0	0
170	170	linear	4	23	0	warm	2.6717697848992194e-20	0	0
170	170	uniform	3	0	0	cold	3.246024944364954e-56	0	0
170	170	uniform	3	0	0	warm	3.246024944364954e-56	0	0
170	170	uniform	3	7	0	cold	1.3826928479853113e-55	0	0
170	170	uniform	3	7	0	warm	1.1217676899347664e-55	0	0
170	170	uniform	3	15	0	cold	1.126670810097146e-56	0	0
170	170	uniform	3	15	0	warm	2.1021942200101443e-57	0	0
170	170	uniform	3	23	0	cold	4.197969717115229e-56	0	0
170	170	uniform	3	23	0	warm	1.6822428594788046e-56	0	0
170	170	uniform	4	0	0	cold	1.3358873093401289e-20	0	0
170	170	uniform	4	0	0	warm	1.3358873093401289e-20	0	0
170	170	uniform	4	7	0	cold	1.3358865430022294e-20	0	0
170	170	uniform	4	7	0	warm	2.6717730860044588e-20	0	0
170	170	uniform	4	15	0	cold	1.068708553418617e-19	0	0
170	170	uniform	4	15	0	warm	1.3358856917732712e-20	0	0
170	170	uniform	4	23	0	cold	6.679424462248049e-20	0	0
170	170	uniform	4	23	0	warm	2.6717697848992194e-20	0	0
171	171	linear	3	0	0	cold	4.368922555905856e-60	0	0
171	171	linear	3	0	0	warm	4.368922555905856e-60	0	0
171	171	linear	3	7	0	cold	5.357373508608676e-61	0	0
171	171	linear	3	7	0	warm	3.1372037556228316e-60	0	0
171	171	linear	3	15	0	cold	6.087480868373166e-61	0	0
171	171	linear	3	15	0	warm	6.822261561429661e-60	0	0
171	171	linear	3	23	0	cold	1.7644053543165883e-60	0	0
171	171	linear	3	23	0	warm	1.904844289281644e-62	0	0
171	171	linear	4	0	0	cold	2.689961962431152e-51	0	0
171	171	linear	4	0	0	warm	2.689961962431152e-51	0	0
171	171	linear	4	7	0	cold	1.5376633754790737e-52	0	0
171	171	linear	4	7	0	warm	7.125845151503232e-53	0	0
171	171	linear	4	15	0	cold	1.7355885520808394e-52	0	0
171	171	linear	4	15	0	warm	3.545778831546222e-52	0	0
171	171	linear	4	23	0	cold	3.4693524568612055e-52	0	0
171	171	linear	4	23	0	warm	2.4335218667288035e-52	0	0
171	171	uniform	3	0	0	cold	4.368922555905856e-60	0	0
171	171	uniform	3	0	0	warm	4.368922555905856e-60	0	0
171	171	uniform	3	7	0	cold	5.357373508608676e-61	0	0
171	171	uniform	3	7	0	warm	3.1372037556228316e-60	0	0
171	171	uniform	3	15	0	cold	6.087480868373166e-61	0	0
171	171	uniform	3	15	0	warm	6.822261561429661e-60	0	0
171	171	uniform	3	23	0	cold	1.7644053543165883e-60	0	0
171	171	uniform	3	23	0	warm	1.904844289281644e-62	0	0
171	171	uniform	4	0	0	cold	2.689961962431152e-51	0	0
171	171	uniform	4	0	0	warm	2.689961962431152e-51	0	0
171	171	uniform	4	7	0	cold	1.5376633754790737e-52	0	0
171	171	uniform	4	7	0	warm	7.125845151503232e-53	0	0
171	171	uniform	4	15	0	cold	1.7355885520808394e-52	0	0
171	171	uniform	4	15	0	warm	3.545778831546222e-52	0	0
171	171	uniform	4	23	0	cold	3.4693524568612055e-52	0	0
171	171	uniform	4	23	0	warm	2.4335218667288035e-52	0	0
172	172	linear	3	0	0	cold	9.117663433427984e-60	0	0
172	172	linear	3	0	0	warm	9.117663433427984e-60	0	0
172	172	linear	3	7	0	cold	4.379995704174807e-61	0	0
172	172	linear	3	7	0	warm	1.0614180051343259e-61	0	0
172	172	linear	3	15	0	cold	1.2556242922769938e-61	0	0
172	172	linear	3	15	0	warm	9.301132851681714e-61	0	0
172	172	linear	3	23	0	cold	1.2062406554043236e-60	0	0
172	172	linear	3	23	0	warm	1.166761307759991e-60	0	0
172	172	linear	4	0	0	cold	8.22460235190322e-52	0	0
172	172	linear	4	0	0	warm	8.22460235190322e-52	0	0
172	172	linear	4	7	0	cold	4.418872519507503e-52	0	0
172	172	linear	4	7	0	warm	3.68202581719045e-52	0	0
172	172	linear	4	15	0	cold	2.4460538161171536e-51	0	0
172	172	linear	4	15	0	warm	8.841306905745282e-52	0	0
172	172	linear	4	23	0	cold	1.0296946622630511e-51	0	0
172	172	linear	4	23	0	warm	1.1779806152106068e-51	0	0
172	172	uniform	3	0	0	cold	9.117663433427984e-60	0	0
172	172	uniform	3	0	0	warm	9.117663433427984e-60	0	0
172	172	uniform	3	7	0	cold	4.379995704174807e-61	0	0
172	172	uniform	3	7	0	warm	1.0614180051343259e-61	0	0
172	172	uniform	3	15	0	cold	1.2556242922769938e-61	0	0
172	172	uniform	3	15	0	warm	9.301132851681714e-61	0	0
172	172	uniform	3	23	0	cold	1.2062406554043236e-60	0	0
172	172	uniform	3	23	0	warm	1.166761307759991e-60	0	0
172	172	uniform	4	0	0	cold	8.22460235190322e-52	0	0
172	172	uniform	4	0	0	warm	8.22460235190322e-52	0	0
172	172	uniform	4	7	0	cold	4.418872519507503e-52	0	0
172	172	uniform	4	7	0	warm	3.68202581719045e-52	0	0
172	172	uniform	4	15	0	cold	2.4460538161171536e-51	0	0
172	172	uniform	4	15	0	warm	8.841306905745282e-52	0	0
172	172	uniform	4	23	0	cold	1.0296946622630511e-51	0	0
172	172	uniform	4	23	0	warm	1.1779806152106068e-51	0	0
173	173	linear	3	0	0	cold	2.2926445037246392e-73	0	0
173	173	linear	3	0	0	warm	2.2926445037246392e-73	0	0
173	173	linear	3	7	0	cold	5.904521311334767e-76	0	0
173	173	linear	3	7	0	warm	9.366641475352398e-58	0	0
173	173	linear	3	15	0	cold	1.882964040140578e-70	0	0
173	173	linear	3	15	0	warm	1.5285834147812297e-55	0	0
173	173	linear	3	23	0	cold	5.451004075998421e-75	0	0
173	173	linear	3	23	0	warm	1.115561139820999e-56	0	0
173	173	linear	4	0	0	cold	6.488397277987254e-67	0	0
173	173	linear	4	0	0	warm	6.488397277987254e-67	0	0
173	173	linear	4	7	0	cold	3.4797902610765035e-67	0	0
173	173	linear	4	7	0	warm	6.208941133698972e-67	0	0
173	173	linear	4	15	0	cold	1.9609151302466097e-65	0	0
173	173	linear	4	15	0	warm	4.939341580432777e-66	0	0
173	173	linear	4	23	0	cold	8.009433410137158e-65	0	0
173	173	linear	4	23	0	warm	1.0860924684171784e-64	0	0
173	173	uniform	3	0	0	cold	2.2926445037246392e-73	0	0
173	173	uniform	3	0	0	warm	2.2926445037246392e-73	0	0
173	173	uniform	3	7	0	cold	5.904521311334767e-76	0	0
173	173	uniform	3	7	0	warm	9.366641475352398e-58	0	0
173	173	uniform	3	15	0	cold	1.882964040140578e-70	0	0
173	173	uniform	3	15	0	warm	1.5285834147812297e-55	0	0
173	173	uniform	3	23	0	cold	5.451004075998421e-75	0	0
173	173	uniform	3	23	0	warm	1.115561139820999e-56	0	0
173	173	uniform	4	0	0	cold	6.488397277987254e-67	0	0
173	173	uniform	4	0	0	warm	6.488397277987254e-67	0	0
173	173	uniform	4	7	0	cold	3.4797902610765035e-67	0	0
173	173	uniform	4	7	0	warm	6.208941133698972e-67	0	0
173	173	uniform	4	15	0	cold	1.9609151302466097e-65	0	0
173	173	uniform	4	15	0	warm	4.939341580432777e-66	0	0
173	173	uniform	4	23	0	cold	8.009433410137158e-65	0	0
173	173	uniform	4	23	0	warm	1.0860924684171784e-64	0	0
174	174	linear	3	0	0	cold	2.3813563430713268e-63	0	0
174	174	linear	3	0	0	warm	2.3813563430713268e-63	0	0
174	174	linear	3	7	0	cold	4.726089894739133e-72	0	0
174	174	linear	3	7	0	warm	2.893884791992833e-49	0	0
174	174	linear	3	15	0	cold	2.5536370598516725e-71	0	0
174	174	linear	3	15	0	warm	1.4192546897161266e-46	0	0
174	174	linear	3	23	0	cold	8.817891526406512e-62	0	0
174	174	linear	3	23	0	warm	9.703355171128888e-47	0	0
174	174	linear	4	0	0	cold	6.351206570083681e-53	0	0
174	174	linear	4	0	0	warm	6.351206570083681e-53	0	0
174	174	linear	4	7	0	cold	2.138822125454753e-54	0	0
174	174	linear	4	7	0	warm	1.5438432475262952e-53	0	0
174	174	linear	4	15	0	cold	4.9644405582262314e-55	0	0
174	174	linear	4	15	0	warm	1.2713625472029668e-54	0	0
174	174	linear	4	23	0	cold	6.549946173094497e-71	0	0
174	174	linear	4	23	0	warm	7.261453713898706e-54	0	0
174	174	uniform	3	0	0	cold	2.3813563430713268e-63	0	0
174	174	uniform	3	0	0	warm	2.3813563430713268e-63	0	0
174	174	uniform	3	7	0	cold	4.726089894739133e-72	0	0
174	174	uniform	3	7	0	warm	2.893884791992833e-49	0	0
174	174	uniform	3	15	0	cold	2.5536370598516725e-71	0	0
174	174	uniform	3	15	0	warm	1.4192546897161266e-46	0	0
174	174	uniform	3	23	0	cold	8.817891526406512e-62	0	0
174	174	uniform	3	23	0	warm	9.703355171128888e-47	0	0
174	174	uniform	4	0	0	cold	6.351206570083681e-53	0	0
174	174	uniform	4	0	0	warm	6.351206570083681e-53	0	0
174	174	uniform	4	7	0	cold	2.138822125454753e-54	0	0
174	174	uniform	4	7	0	warm	1.5438432475262952e-53	0	0
174	174	uniform	4	15	0	cold	4.9644405582262314e-55	0	0
174	174	uniform	4	15	0	warm	1.2713625472029668e-54	0	0
174	174	uniform	4	23	0	cold	6.549946173094497e-71	0	0
174	174	uniform	4	23	0	warm	7.261453713898706e-54	0	0
175	175	linear	3	0	0	cold	2.198490639565095e-64	0	0
175	175	linear	3	0	0	warm	2.198490639565095e-64	0	0
175	175	linear	3	7	0	cold	7.241375634768236e-64	0	0
175	175	linear	3	7	0	warm	1.806510143396928e-64	0	0
175	175	linear	3	15	0	cold	3.506653291216979e-65	0	0
175	175	linear	3	15	0	warm	5.913978385257745e-65	0	0
175	175	linear	3	23	0	cold	1.0076225177759635e-64	0	0
175	175	linear	3	23	0	warm	5.967429850588606e-65	0	0
175	175	linear	4	0	0	cold	2.856100122750443e-64	0	0
175	175	linear	4	0	0	warm	2.856100122750443e-64	0	0
175	175	linear	4	7	0	cold	6.383417109775503e-64	0	0
175	175	linear	4	7	0	warm	4.565660768152551e-64	0	0
175	175	linear	4	15	0	cold	1.883792493235688e-64	0	0
175	175	linear	4	15	0	warm	3.79747376463454e-64	0	0
175	175	linear	4	23	0	cold	1.773599171124576e-64	0	0
175	175	linear	4	23	0	warm	6.437657863462526e-65	0	0
175	175	uniform	3	0	0	cold	2.198490639565095e-64	0	0
175	175	uniform	3	0	0	warm	2.198490639565095e-64	0	0
175	175	uniform	3	7	0	cold	7.241375634768236e-64	0	0
175	175	uniform	3	7	0	warm	1.806510143396928e-64	0	0
175	175	uniform	3	15	0	cold	3.506653291216979e-65	0	0
175	175	uniform	3	15	0	warm	5.913978385257745e-65	0	0
175	175	uniform	3	23	0	cold	1.0076225177759635e-64	0	0
175	175	uniform	3	23	0	warm	5.967429850588606e-65	0	0
175	175	uniform	4	0	0	cold	2.856100122750443e-64	0	0
175	175	uniform	4	0	0	warm	2.856100122750443e-64	0	0
175	175	uniform	4	7	0	cold	6.383417109775503e-64	0	0
175	175	uniform	4	7	0	warm	4.565660768152551e-64	0	0
175	175	uniform	4	15	0	cold	1.883792493235688e-64	0	0
175	175	uniform	4	15	0	warm	3.79747376463454e-64	0	0
175	175	uniform	4	23	0	cold	1.773599171124576e-64	0	0
175	175	uniform	4	23	0	warm	6.437657863462526e-65	0	0
176	176	linear	3	0	0	cold	7.312187382849741e-59	0	0
176	176	linear	3	0	0	warm	7.312187382849741e-59	0	0
176	176	linear	3	7	0	cold	8.635938024327116e-58	0	0
176	176	linear	3	7	0	warm	9.741248186005376e-59	0	0
176	176	linear	3	15	0	cold	6.677943676524654e-60	0	0
176	176	linear	3	15	0	warm	1.3092794287894392e-59	0	0
176	176	linear	3	23	0	cold	1.0552575905437842e-58	0	0
176	176	linear	3	23	0	warm	2.0022251821356908e-58	0	0
176	176	linear	4	0	0	cold	4.4804919813035404e-57	0	0
176	176	linear	4	0	0	warm	4.4804919813035404e-57	0	0
176	176	linear	4	7	0	cold	1.2839492181968934e-56	0	0
176	176	linear	4	7	0	warm	9.521224653978149e-57	0	0
176	176	linear	4	15	0	cold	1.9479567957218594e-56	0	0
176	176	linear	4	15	0	warm	1.8826896597275672e-56	0	0
176	176	linear	4	23	0	cold	2.192147897409946e-56	0	0
176	176	linear	4	23	0	warm	6.094481994813977e-58	0	0
176	176	uniform	3	0	0	cold	7.312187382849741e-59	0	0
176	176	uniform	3	0	0	warm	7.312187382849741e-59	0	0
176	176	uniform	3	7	0	cold	8.635938024327116e-58	0	0
176	176	uniform	3	7	0	warm	9.741248186005376e-59	0	0
176	176	uniform	3	15	0	cold	6.677943676524654e-60	0	0
176	176	uniform	3	15	0	warm	1.3092794287894392e-59	0	0
176	176	uniform	3	23	0	cold	1.0552575905437842e-58	0	0
176	176	uniform	3	23	0	warm	2.0022251821356908e-58	0	0
176	176	uniform	4	0	0	cold	4.4804919813035404e-57	0	0
176	176	uniform	4	0	0	warm	4.4804919813035404e-57	0	0
176	176	uniform	4	7	0	cold	1.2839492181968934e-56	0	0
176	176	uniform	4	7	0	warm	9.521224653978149e-57	0	0
176	176	uniform	4	15	0	cold	1.9479567957218594e-56	0	0
176	176	uniform	4	15	0	warm	1.8826896597275672e-56	0	0
176	176	uniform	4	23	0	cold	2.192147897409946e-56	0	0
176	176	uniform	4	23	0	warm	6.094481994813977e-58	0	0
177	177	linear	3	0	0	cold	2.3153244105245828e-66	0	0
177	177	linear	3	0	0	warm	2.3153244105245828e-66	0	0
177	177	linear	3	7	0	cold	5.62976368353892e-69	0	0
177	177	linear	3	7	0	warm	2.1996009982796705e-68	0	0
177	177	linear	3	15	0	cold	1.1347590400741082e-66	0	0
177	177	linear	3	15	0	warm	8.591082214569372e-68	0	0
177	177	linear	3	23	0	cold	2.5403432656651616e-68	0	0
177	177	linear	3	23	0	warm	1.7782402859656135e-67	0	0
177	177	linear	4	0	0	cold	4.279178718865175e-67	0	0
177	177	linear	4	0	0	warm	4.279178718865175e-67	0	0
177	177	linear	4	7	0	cold	2.1076620844701018e-67	0	0
177	177	linear	4	7	0	warm	4.9248525199109963e-67	0	0
177	177	linear	4	15	0	cold	2.8085669581814623e-65	0	0
177	177	linear	4	15	0	warm	1.4426234487940344e-65	0	0
177	177	linear	4	23	0	cold	7.032603152134522e-64	0	0
177	177	linear	4	23	0	warm	3.195526843795272e-65	0	0
177	177	uniform	3	0	0	cold	2.3153244105245828e-66	0	0
177	177	uniform	3	0	0	warm	2.3153244105245828e-66	0	0
177	177	uniform	3	7	0	cold	5.62976368353892e-69	0	0
177	177	uniform	3	7	0	warm	2.1996009982796705e-68	0	0
177	177	uniform	3	15	0	cold	1.1347590400741082e-66	0	0
177	177	uniform	3	15	0	warm	8.591082214569372e-68	0	0
177	177	uniform	3	23	0	cold	2.5403432656651616e-68	0	0
177	177	uniform	3	23	0	warm	1.7782402859656135e-67	0	0
177	177	uniform	4	0	0	cold	4.279178718865175e-67	0	0
177	177	uniform	4	0	0	warm	4.279178718865175e-67	0	0
177	177	uniform	4	7	0	cold	2.1076620844701018e-67	0	0
177	177	uniform	4	7	0	warm	4.9248525199109963e-67	0	0
177	177	uniform	4	15	0	cold	2.8085669581814623e-65	0	0
177	177	uniform	4	15	0	warm	1.4426234487940344e-65	0	0
177	177	uniform	4	23	0	cold	7.032603152134522e-64	0	0
177	177	uniform	4	23	0	warm	3.195526843795272e-65	0	0
178	178	linear	3	0	0	cold	2.4345861317622163e-61	0	0
178	178	linear	3	0	0	warm	2.4345861317622163e-61	0	0
178	178	linear	3	7	0	cold	1.1591483561862728e-61	0	0
178	178	linear	3	7	0	warm	1.1812976878331446e-60	0	0
178	178	linear	3	15	0	cold	2.1060378715318055e-61	0	0
178	178	linear	3	15	0	warm	4.408901712365649e-61	0	0
178	178	linear	3	23	0	cold	1.137327208586806e-59	0	0
178	178	linear	3	23	0	warm	1.4797059876423486e-60	0	0
178	178	linear	4	0	0	cold	6.024166589670178e-63	0	0
178	178	linear	4	0	0	warm	6.024166589670178e-63	0	0
178	178	linear	4	7	0	cold	9.05458668214518e-63	0	0
178	178	linear	4	7	0	warm	9.13076964532078e-62	0	0
178	178	linear	4	15	0	cold	8.913103952607287e-63	0	0
178	178	linear	4	15	0	warm	1.3996340596453977e-63	0	0
178	178	linear	4	23	0	cold	3.475269666730412e-63	0	0
178	178	linear	4	23	0	warm	4.5221526351119345e-65	0	0
178	178	uniform	3	0	0	cold	2.4345861317622163e-61	0	0
178	178	uniform	3	0	0	warm	2.4345861317622163e-61	0	0
178	178	uniform	3	7	0	cold	1.1591483561862728e-61	0	0
178	178	uniform	3	7	0	warm	1.1812976878331446e-60	0	0
178	178	uniform	3	15	0	cold	2.1060378715318055e-61	0	0
178	178	uniform	3	15	0	warm	4.408901712365649e-61	0	0
178	178	uniform	3	23	0	cold	1.137327208586806e-59	0	0
178	178	uniform	3	23	0	warm	1.4797059876423486e-60	0	0
178	178	uniform	4	0	0	cold	6.024166589670178e-63	0	0
178	178	uniform	4	0	0	warm	6.024166589670178e-63	0	0
178	178	uniform	4	7	0	cold	9.05458668214518e-63	0	0
178	178	uniform	4	7	0	warm	9.13076964532078e-62	0	0
178	178	uniform	4	15	0	cold	8.913103952607287e-63	0	0
178	178	uniform	4	15	0	warm	1.3996340596453977e-63	0	0
178	178	uniform	4	23	0	cold	3.475269666730412e-63	0	0
178	178	uniform	4	23	0	warm	4.5221526351119345e-65	0	0
179	179	linear	3	0	0	cold	6.009532621265296e-65	0	0
179	179	linear	3	0	0	warm	6.009532621265296e-65	0	0
179	179	linear	3	7	0	cold	1.5946290400785962e-64	0	0
179	179	linear	3	7	0	warm	1.7290331022206111e-68	0	0
179	179	linear	3	15	0	cold	2.3887328117992682e-64	0	0
179	179	linear	3	15	0	warm	1.0463918069386174e-64	0	0
179	179	linear	3	23	0	cold	1.1826274494607835e-64	0	0
179	179	linear	3	23	0	warm	5.411576498648667e-66	0	0
179	179	linear	4	0	0	cold	2.544030638477998e-56	0	0
179	179	linear	4	0	0	warm	2.544030638477998e-56	0	0
179	179	linear	4	7	0	cold	3.854279497545685e-57	0	0
179	179	linear	4	7	0	warm	1.8548616190834403e-57	0	0
179	179	linear	4	15	0	cold	4.1428132061268327e-57	0	0
179	179	linear	4	15	0	warm	2.605119584844182e-58	0	0
179	179	linear	4	23	0	cold	1.7689843927478116e-57	0	0
179	179	linear	4	23	0	warm	2.3842376805419146e-58	0	0
179	179	uniform	3	0	0	cold	6.009532621265296e-65	0	0
179	179	uniform	3	0	0	warm	6.009532621265296e-65	0	0
179	179	uniform	3	7	0	cold	1.5946290400785962e-64	0	0
179	179	uniform	3	7	0	warm	1.7290331022206111e-68	0	0
179	179	uniform	3	15	0	cold	2.3887328117992682e-64	0	0
179	179	uniform	3	15	0	warm	1.0463918069386174e-64	0	0
179	179	uniform	3	23	0	cold	1.1826274494607835e-64	0	0
179	179	uniform	3	23	0	warm	5.411576498648667e-66	0	0
179	179	uniform	4	0	0	cold	2.544030638477998e-56	0	0
179	179	uniform	4	0	0	warm	2.544030638477998e-56	0	0
179	179	uniform	4	7	0	cold	3.854279497545685e-57	0	0
179	179	uniform	4	7	0	warm	1.8548616190834403e-57	0	0
179	179	uniform	4	15	0	cold	4.1428132061268327e-57	0	0
179	179	uniform	4	15	0	warm	2.605119584844182e-58	0	0
179	179	uniform	4	23	0	cold	1.7689843927478116e-57	0	0
179	179	uniform	4	23	0	warm	2.3842376805419146e-58	0	0
180	180	linear	3	0	0	cold	4.1651744938300045e-49	0	0
180	180	linear	3	0	0	warm	4.1651744938300045e-49	0	0
180	180	linear	3	7	0	cold	2.3474809139851735e-50	0	0
180	180	linear	3	7	0	warm	1.370768404996244e-51	0	0
180	180	linear	3	15	0	cold	4.3218132221776506e-49	0	0
180	180	linear	3	15	0	warm	5.974955539852998e-49	0	0
180	180	linear	3	23	0	cold	1.1349852720811241e-49	0	0
180	180	linear	3	23	0	warm	6.066487426330284e-49	0	0
180	180	linear	4	0	0	cold	2.343182894361981e-57	0	0
180	180	linear	4	0	0	warm	2.343182894361981e-57	0	0
180	180	linear	4	7	0	cold	9.566006087542502e-59	0	0
180	180	linear	4	7	0	warm	1.0434855813009792e-58	0	0
180	180	linear	4	15	0	cold	1.5431628810240357e-59	0	0
180	180	linear	4	15	0	warm	9.869064209698389e-59	0	0
180	180	linear	4	23	0	cold	1.2824352649597257e-59	0	0
180	180	linear	4	23	0	warm	2.0647073131931553e-61	0	0
180	180	uniform	3	0	0	cold	4.1651744938300045e-49	0	0
180	180	uniform	3	0	0	warm	4.1651744938300045e-49	0	0
180	180	uniform	3	7	0	cold	2.3474809139851735e-50	0	0
180	180	uniform	3	7	0	warm	1.370768404996244e-51	0	0
180	180	uniform	3	15	0	cold	4.3218132221776506e-49	0	0
180	180	uniform	3	15	0	warm	5.974955539852998e-49	0	0
180	180	uniform	3	23	0	cold	1.1349852720811241e-49	0	0
180	180	uniform	3	23	0	warm	6.066487426330284e-49	0	0
180	180	uniform	4	0	0	cold	2.343182894361981e-57	0	0
180	180	uniform	4	0	0	warm	2.343182894361981e-57	0	0
180	180	uniform	4	7	0	cold	9.566006087542502e-59	0	0
180	180	uniform	4	7	0	warm	1.0434855813009792e-58	0	0
180	180	uniform	4	15	0	cold	1.5431628810240357e-59	0	0
180	180	uniform	4	15	0	warm	9.869064209698389e-59	0	0
180	180	uniform	4	23	0	cold	1.2824352649597257e-59	0	0
180	180	uniform	4	23	0	warm	2.0647073131931553e-61	0	0
181	181	linear	3	0	0	cold	1.6711964474920396e-60	0	0
181	181	linear	3	0	0	warm	1.6711964474920396e-60	0	0
181	181	linear	3	7	0	cold	1.987091830426174e-61	0	0
181	181	linear	3	7	0	warm	3.040323918689122e-62	0	0
181	181	linear	3	15	0	cold	1.1988317489994831e-62	0	0
181	181	linear	3	15	0	warm	6.465782414021661e-64	0	0
181	181	linear	3	23	0	cold	1.5222680098475887e-61	0	0
181	181	linear	3	23	0	warm	1.1826146706392502e-61	0	0
181	181	linear	4	0	0	cold	4.409890494239813e-70	0	0
181	181	linear	4	0	0	warm	4.409890494239813e-70	0	0
181	181	linear	4	7	0	cold	3.2372245907999164e-79	0	0
181	181	linear	4	7	0	warm	2.850988260422071e-77	0	0
181	181	linear	4	15	0	cold	1.6148810041826393e-74	0	0
181	181	linear	4	15	0	warm	9.751771138617606e-77	0	0
181	181	linear	4	23	0	cold	1.795972376576758e-74	0	0
181	181	linear	4	23	0	warm	8.705887155091145e-79	0	0
181	181	uniform	3	0	0	cold	1.6711964474920396e-60	0	0
181	181	uniform	3	0	0	warm	1.6711964474920396e-60	0	0
181	181	uniform	3	7	0	cold	1.987091830426174e-61	0	0
181	181	uniform	3	7	0	warm	3.040323918689122e-62	0	0
181	181	uniform	3	15	0	cold	1.1988317489994831e-62	0	0
181	181	uniform	3	15	0	warm	6.465782414021661e-64	0	0
181	181	uniform	3	23	0	cold	1.5222680098475887e-61	0	0
181	181	uniform	3	23	0	warm	1.1826146706392502e-61	0	0
181	181	uniform	4	0	0	cold	4.409890494239813e-70	0	0
181	181	uniform	4	0	0	warm	4.409890494239813e-70	0	0
181	181	uniform	4	7	0	cold	3.2372245907999164e-79	0	0
181	181	uniform	4	7	0	warm	2.850988260422071e-77	0	0
181	181	uniform	4	15	0	cold	1.6148810041826393e-74	0	0
181	181	uniform	4	15	0	warm	9.751771138617606e-77	0	0
181	181	uniform	4	23	0	cold	1.795972376576758e-74	0	0
181	181	uniform	4	23	0	warm	8.705887155091145e-79	0	0
182	182	linear	3	0	0	cold	2.651270420188222e-72	0	0
182	182	linear	3	0	0	warm	2.651270420188222e-72	0	0
182	182	linear	3	7	0	cold	1.824761207010342e-72	0	0
182	182	linear	3	7	0	warm	6.577558975447348e-72	0	0
182	182	linear	3	15	0	cold	8.799691297327256e-76	0	0
182	182	linear	3	15	0	warm	3.722470141246567e-77	0	0
182	182	linear	3	23	0	cold	1.5645141475609626e-73	0	0
182	182	linear	3	23	0	warm	2.9724733021361235e-73	0	0
182	182	linear	4	0	0	cold	1.2107394659902536e-61	0	0
182	182	linear	4	0	0	warm	1.2107394659902536e-61	0	0
182	182	linear	4	7	0	cold	3.2629873854622515e-61	0	0
182	182	linear	4	7	0	warm	1.9138469219676537e-61	0	0
182	182	linear	4	15	0	cold	3.198834683274488e-61	0	0
182	182	linear	4	15	0	warm	2.3760166687169066e-61	0	0
182	182	linear	4	23	0	cold	2.0848614122283693e-61	0	0
182	182	linear	4	23	0	warm	1.9058121131655457e-62	0	0
182	182	uniform	3	0	0	cold	2.651270420188222e-72	0	0
182	182	uniform	3	0	0	warm	2.651270420188222e-72	0	0
182	182	uniform	3	7	0	cold	1.824761207010342e-72	0	0
182	182	uniform	3	7	0	warm	6.577558975447348e-72	0	0
182	182	uniform	3	15	0	cold	8.799691297327256e-76	0	0
182	182	uniform	3	15	0	warm	3.722470141246567e-77	0	0
182	182	uniform	3	23	0	cold	1.5645141475609626e-73	0	0
182	182	uniform	3	23	0	warm	2.9724733021361235e-73	0	0
182	182	uniform	4	0	0	cold	1.2107394659902536e-61	0	0
182	182	uniform	4	0	0	warm	1.2107394659902536e-61	0	0
182	182	uniform	4	7	0	cold	3.2629873854622515e-61	0	0
182	182	uniform	4	7	0	warm	1.9138469219676537e-61	0	0
182	182	uniform	4	15	0	cold	3.198834683274488e-61	0	0
182	182	uniform	4	15	0	warm	2.3760166687169066e-61	0	0
182	182	uniform	4	23	0	cold	2.0848614122283693e-61	0	0
182	182	uniform	4	23	0	warm	1.9058121131655457e-62	0	0
183	183	linear	3	0	0	cold	8.154525161588372e-48	0	0
183	183	linear	3	0	0	warm	8.154525161588372e-48	0	0
183	183	linear	3	7	0	cold	1.0801311369942454e-48	0	0
183	183	linear	3	7	0	warm	1.6059735163158403e-48	0	0
183	183	linear	3	15	0	cold	2.069976458240414e-49	0	0
183	183	linear	3	15	0	warm	3.2242670728642773e-50	0	0
183	183	linear	3	23	0	cold	1.8443966284143142e-48	0	0
183	183	linear	3	23	0	warm	2.3100873611840335e-50	0	0
183	183	linear	4	0	0	cold	5.3211267656688334e-64	0	0
183	183	linear	4	0	0	warm	5.3211267656688334e-64	0	0
183	183	linear	4	7	0	cold	1.9304663763024942e-61	0	0
183	183	linear	4	7	0	warm	4.515286128716303e-59	0	0
183	183	linear	4	15	0	cold	7.576000922594905e-58	0	0
183	183	linear	4	15	0	warm	2.3982277125352306e-57	0	0
183	183	linear	4	23	0	cold	4.516856116813603e-65	0	0
183	183	linear	4	23	0	warm	1.8031808036174536e-61	0	0
183	183	uniform	3	0	0	cold	8.154525161588372e-48	0	0
183	183	uniform	3	0	0	warm	8.154525161588372e-48	0	0
183	183	uniform	3	7	0	cold	1.0801311369942454e-48	0	0
183	183	uniform	3	7	0	warm	1.6059735163158403e-48	0	0
183	183	uniform	3	15	0	cold	2.069976458240414e-49	0	0
183	183	uniform	3	15	0	warm	3.2242670728642773e-50	0	0
183	183	uniform	3	23	0	cold	1.8443966284143142e-48	0	0
183	183	uniform	3	23	0	warm	2.3100873611840335e-50	0	0
183	183	uniform	4	0	0	cold	5.3211267656688334e-64	0	0
183	183	uniform	4	0	0	warm	5.3211267656688334e-64	0	0
183	183	uniform	4	7	0	cold	1.9304663763024942e-61	0	0
183	183	uniform	4	7	0	warm	4.515286128716303e-59	0	0
183	183	uniform	4	15	0	cold	7.576000922594905e-58	0	0
183	183	uniform	4	15	0	warm	2.3982277125352306e-57	0	0
183	183	uniform	4	23	0	cold	4.516856116813603e-65	0	0
183	183	uniform	4	23	0	warm	1.8031808036174536e-61	0	0
184	184	linear	3	0	0	cold	3.905550298353866e-59	0	0
184	184	linear	3	0	0	warm	3.905550298353866e-59	0	0
184	184	linear	3	7	0	cold	4.950436363646345e-60	0	0
184	184	linear	3	7	0	warm	2.6611640289141362e-61	0	0
184	184	linear	3	15	0	cold	1.7701206743596933e-62	0	0
184	184	linear	3	15	0	warm	1.2052712365038744e-63	0	0
184	184	linear	3	23	0	cold	8.941482513255141e-63	0	0
184	184	linear	3	23	0	warm	4.2307058132852765e-63	0	0
184	184	linear	4	0	0	cold	1.0959459223075183e-61	0	0
184	184	linear	4	0	0	warm	1.0959459223075183e-61	0	0
184	184	linear	4	7	0	cold	2.0762020314781654e-60	0	0
184	184	linear	4	7	0	warm	1.5788608604396698e-62	0	0
184	184	linear	4	15	0	cold	6.5290711359819e-62	0	0
184	184	linear	4	15	0	warm	1.42452461148696e-61	0	0
184	184	linear	4	23	0	cold	3.017297549935941e-61	0	0
184	184	linear	4	23	0	warm	3.970128355178869e-62	0	0
184	184	uniform	3	0	0	cold	3.905550298353866e-59	0	0
184	184	uniform	3	0	0	warm	3.905550298353866e-59	0	0
184	184	uniform	3	7	0	cold	4.950436363646345e-60	0	0
184	184	uniform	3	7	0	warm	2.6611640289141362e-61	0	0
184	184	uniform	3	15	0	cold	1.7701206743596933e-62	0	0
184	184	uniform	3	15	0	warm	1.2052712365038744e-63	0	0
184	184	uniform	3	23	0	cold	8.941482513255141e-63	0	0
184	184	uniform	3	23	0	warm	4.2307058132852765e-63	0	0
184	184	uniform	4	0	0	cold	1.0959459223075183e-61	0	0
184	184	uniform	4	0	0	warm	1.0959459223075183e-61	0	0
184	184	uniform	4	7	0	cold	2.0762020314781654e-60	0	0
184	184	uniform	4	7	0	warm	1.5788608604396698e-62	0	0
184	184	uniform	4	15	0	cold	6.5290711359819e-62	0	0
184	184	uniform	4	15	0	warm	1.42452461148696e-61	0	0
184	184	uniform	4	23	0	cold	3.017297549935941e-61	0	0
184	184	uniform	4	23	0	warm	3.970128355178869e-62	0	0
185	185	linear	3	0	0	cold	4.803898618634285e-57	0	0
185	185	linear	3	0	0	warm	4.803898618634285e-57	0	0
185	185	linear	3	7	0	cold	3.5068372576995393e-56	0	0
185	185	linear	3	7	0	warm	1.3142741434261337e-56	0	0
185	185	linear	3	15	0	cold	2.8295923191631414e-56	0	0
185	185	linear	3	15	0	warm	9.044589734467898e-56	0	0
185	185	linear	3	23	0	cold	3.3461723769370946e-57	0	0
185	185	linear	3	23	0	warm	5.050826229339006e-58	0	0
185	185	linear	4	0	0	cold	6.555303182639542e-65	0	0
185	185	linear	4	0	0	warm	6.555303182639542e-65	0	0
185	185	linear	4	7	0	cold	5.765399612763805e-65	0	0
185	185	linear	4	7	0	warm	8.074272866462922e-66	0	0
185	185	linear	4	15	0	cold	1.7189182349842824e-65	0	0
185	185	linear	4	15	0	warm	5.741359209333005e-66	0	0
185	185	linear	4	23	0	cold	4.947093163068418e-67	0	0
185	185	linear	4	23	0	warm	1.7557369951937648e-67	0	0
185	185	uniform	3	0	0	cold	4.803898618634285e-57	0	0
185	185	uniform	3	0	0	warm	4.803898618634285e-57	0	0
185	185	uniform	3	7	0	cold	3.5068372576995393e-56	0	0
185	185	uniform	3	7	0	warm	1.3142741434261337e-56	0	0
185	185	uniform	3	15	0	cold	2.8295923191631414e-56	0	0
185	185	uniform	3	15	0	warm	9.044589734467898e-56	0	0
185	185	uniform	3	23	0	cold	3.3461723769370946e-57	0	0
185	185	uniform	3	23	0	warm	5.050826229339006e-58	0	0
185	185	uniform	4	0	0	cold	6.555303182639542e-65	0	0
185	185	uniform	4	0	0	warm	6.555303182639542e-65	0	0
185	185	uniform	4	7	0	cold	5.765399612763805e-65	0	0
185	185	uniform	4	7	0	warm	8.074272866462922e-66	0	0
185	185	uniform	4	15	0	cold	1.7189182349842824e-65	0	0
185	185	uniform	4	15	0	warm	5.741359209333005e-66	0	0
185	185	uniform	4	23	0	cold	4.947093163068418e-67	0	0
185	185	uniform	4	23	0	warm	1.7557369951937648e-67	0	0
186	186	linear	3	0	0	cold	4.9229763225924034e-64	0	0
186	186	linear	3	0	0	warm	4.9229763225924034e-64	0	0
186	186	linear	3	7	0	cold	1.8541750054591768e-61	0	0
186	186	linear	3	7	0	warm	2.3785227972446606e-61	0	0
186	186	linear	3	15	0	cold	9.304425872148169e-63	0	0
186	186	linear	3	15	0	warm	8.363949331633013e-62	0	0
186	186	linear	3	23	0	cold	8.344940974609904e-63	0	0
186	186	linear	3	23	0	warm	4.584818468975802e-62	0	0
186	186	linear	4	0	0	cold	7.039243929475611e-49	0	0
186	186	linear	4	0	0	warm	7.039243929475611e-49	0	0
186	186	linear	4	7	0	cold	7.403686657086866e-52	0	0
186	186	linear	4	7	0	warm	3.063185454582467e-52	0	0
186	186	linear	4	15	0	cold	7.028263373577069e-52	0	0
186	186	linear	4	15	0	warm	8.518104834672736e-51	0	0
186	186	linear	4	23	0	cold	2.2186786908494373e-51	0	0
186	186	linear	4	23	0	warm	6.112463195032948e-53	0	0
186	186	uniform	3	0	0	cold	4.9229763225924034e-64	0	0
186	186	uniform	3	0	0	warm	4.9229763225924034e-64	0	0
186	186	uniform	3	7	0	cold	1.8541750054591768e-61	0	0
186	186	uniform	3	7	0	warm	2.3785227972446606e-61	0	0
186	186	uniform	3	15	0	cold	9.304425872148169e-63	0	0
186	186	uniform	3	15	0	warm	8.363949331633013e-62	0	0
186	186	uniform	3	23	0	cold	8.344940974609904e-63	0	0
186	186	uniform	3	23	0	warm	4.584818468975802e-62	0	0
186	186	uniform	4	0	0	cold	7.039243929475611e-49	0	0
186	186	uniform	4	0	0	warm	7.039243929475611e-49	0	0
186	186	uniform	4	7	0	cold	7.403686657086866e-52	0	0
186	186	uniform	4	7	0	warm	3.063185454582467e-52	0	0
186	186	uniform	4	15	0	cold	7.028263373577069e-52	0	0
186	186	uniform	4	15	0	warm	8.518104834672736e-51	0	0
186	186	uniform	4	23	0	cold	2.2186786908494373e-51	0	0
186	186	uniform	4	23	0	warm	6.112463195032948e-53	0	0
187	187	linear	3	0	0	cold	3.0898402748636723e-59	0	0
187	187	linear	3	0	0	warm	3.0898402748636723e-59	0	0
187	187	linear	3	7	0	cold	1.2584753238836082e-60	0	0
187	187	linear	3	7	0	warm	2.2146851326149788e-60	0	0
187	187	linear	3	15	0	cold	2.4117724755871756e-58	0	0
187	187	linear	3	15	0	warm	1.1802956701159665e-59	0	0
187	187	linear	3	23	0	cold	1.0427067917293732e-58	0	0
187	187	linear	3	23	0	warm	2.7375688589172844e-60	0	0
187	187	linear	4	0	0	cold	1.8214289872272636e-53	0	0
187	187	linear	4	0	0	warm	1.8214289872272636e-53	0	0
187	187	linear	4	7	0	cold	3.242436154249215e-53	0	0
187	187	linear	4	7	0	warm	1.9328448403401915e-55	0	0
187	187	linear	4	15	0	cold	1.7074893997144304e-55	0	0
187	187	linear	4	15	0	warm	2.149183706237781e-57	0	0
187	187	linear	4	23	0	cold	6.374266802132943e-54	0	0
187	187	linear	4	23	0	warm	2.656006256986592e-55	0	0
187	187	uniform	3	0	0	cold	3.0898402748636723e-59	0	0
187	187	uniform	3	0	0	warm	3.0898402748636723e-59	0	0
187	187	uniform	3	7	0	cold	1.2584753238836082e-60	0	0
187	187	uniform	3	7	0	warm	2.2146851326149788e-60	0	0
187	187	uniform	3	15	0	cold	2.4117724755871756e-58	0	0
187	187	uniform	3	15	0	warm	1.1802956701159665e-59	0	0
187	187	uniform	3	23	0	cold	1.0427067917293732e-58	0	0
187	187	uniform	3	23	0	warm	2.7375688589172844e-60	0	0
187	187	uniform	4	0	0	cold	1.8214289872272636e-53	0	0
187	187	uniform	4	0	0	warm	1.8214289872272636e-53	0	0
187	187	uniform	4	7	0	cold	3.242436154249215e-53	0	0
187	187	uniform	4	7	0	warm	1.9328448403401915e-55	0	0
187	187	uniform	4	15	0	cold	1.7074893997144304e-55	0	0
187	187	uniform	4	15	0	warm	2.149183706237781e-57	0	0
187	187	uniform	4	23	0	cold	6.374266802132943e-54	0	0
187	187	uniform	4	23	0	warm	2.656006256986592e-55	0	0
188	188	linear	3	0	0	cold	2.7264579200661473e-56	0	0
188	188	linear	3	0	0	warm	2.7264579200661473e-56	0	0
188	188	linear	3	7	0	cold	5.102142285483211e-56	0	0
188	188	linear	3	7	0	warm	5.395368853614428e-56	0	0
188	188	linear	3	15	0	cold	3.9500127840507694e-57	0	0
188	188	linear	3	15	0	warm	1.5031298040356134e-57	0	0
188	188	linear	3	23	0	cold	1.7836301686088496e-55	0	0
188	188	linear	3	23	0	warm	2.1121936207210065e-56	0	0
188	188	linear	4	0	0	cold	1.6195655190007892e-39	0	0
188	188	linear	4	0	0	warm	1.6195655190007892e-39	0	0
188	188	linear	4	7	0	cold	7.857706281841095e-43	0	0
188	188	linear	4	7	0	warm	1.3181904648759164e-42	0	0
188	188	linear	4	15	0	cold	9.320730843366969e-42	0	0
188	188	linear	4	15	0	warm	1.018306368875346e-42	0	0
188	188	linear	4	23	0	cold	2.2143379613652348e-45	0	0
188	188	linear	4	23	0	warm	2.695638839453182e-46	0	0
188	188	uniform	3	0	0	cold	2.7264579200661473e-56	0	0
188	188	uniform	3	0	0	warm	2.7264579200661473e-56	0	0
188	188	uniform	3	7	0	cold	5.102142285483211e-56	0	0
188	188	uniform	3	7	0	warm	5.395368853614428e-56	0	0
188	188	uniform	3	15	0	cold	3.9500127840507694e-57	0	0
188	188	uniform	3	15	0	warm	1.5031298040356134e-57	0	0
188	188	uniform	3	23	0	cold	1.7836301686088496e-55	0	0
188	188	uniform	3	23	0	warm	2.1121936207210065e-56	0	0
188	188	uniform	4	0	0	cold	1.6195655190007892e-39	0	0
188	188	uniform	4	0	0	warm	1.6195655190007892e-39	0	0
188	188	uniform	4	7	0	cold	7.857706281841095e-43	0	0
188	188	uniform	4	7	0	warm	1.3181904648759164e-42	0	0
188	188	uniform	4	15	0	cold	9.320730843366969e-42	0	0
188	188	uniform	4	15	0	warm	1.018306368875346e-42	0	0
188	188	uniform	4	23	0	cold	2.2143379613652348e-45	0	0
188	188	uniform	4	23	0	warm	2.695638839453182e-46	0	0
189	189	linear	3	0	0	cold	4.5978365426096155e-55	0	0
189	189	linear	3	0	0	warm	4.5978365426096155e-55	0	0
189	189	linear	3	7	0	cold	2.1831578236991495e-59	0	0
189	189	linear	3	7	0	warm	8.733437760853525e-59	0	0
189	189	linear	3	15	0	cold	5.872534930376187e-54	0	0
189	189	linear	3	15	0	warm	1.7865059514831655e-54	0	0
189	189	linear	3	23	0	cold	1.0449368194090421e-57	0	0
189	189	linear	3	23	0	warm	1.2033232841719643e-57	0	0
189	189	linear	4	0	0	cold	1.1754917922985904e-60	0	0
189	189	linear	4	0	0	warm	1.1754917922985904e-60	0	0
189	189	linear	4	7	0	cold	9.563318340556975e-60	0	0
189	189	linear	4	7	0	warm	1.7888625083672953e-58	0	0
189	189	linear	4	15	0	cold	2.7460230917109594e-59	0	0
189	189	linear	4	15	0	warm	4.969619095707737e-59	0	0
189	189	linear	4	23	0	cold	5.40926233793064e-59	0	0
189	189	linear	4	23	0	warm	1.0203584779644009e-59	0	0
189	189	uniform	3	0	0	cold	4.5978365426096155e-55	0	0
189	189	uniform	3	0	0	warm	4.5978365426096155e-55	0	0
189	189	uniform	3	7	0	cold	2.1831578236991495e-59	0	0
189	189	uniform	3	7	0	warm	8.733437760853525e-59	0	0
189	189	uniform	3	15	0	cold	5.872534930376187e-54	0	0
189	189	uniform	3	15	0	warm	1.7865059514831655e-54	0	0
189	189	uniform	3	23	0	cold	1.0449368194090421e-57	0	0
189	189	uniform	3	23	0	warm	1.2033232841719643e-57	0	0
189	189	uniform	4	0	0	cold	1.1754917922985904e-60	0	0
189	189	uniform	4	0	0	warm	1.1754917922985904e-60	0	0
189	189	uniform	4	7	0	cold	9.563318340556975e-60	0	0
189	189	uniform	4	7	0	warm	1.7888625083672953e-58	0	0
189	189	uniform	4	15	0	cold	2.7460230917109594e-59	0	0
189	189	uniform	4	15	0	warm	4.969619095707737e-59	0	0
189	189	uniform	4	23	0	cold	5.40926233793064e-59	0	0
189	189	uniform	4	23	0	warm	1.0203584779644009e-59	0	0
190	190	linear	3	0	0	cold	1.856902322418291e-57	0	0
190	190	linear	3	0	0	warm	1.856902322418291e-57	0	0
190	190	linear	3	7	0	cold	1.0341998044354581e-57	0	0
190	190	linear	3	7	0	warm	6.356537692533255e-57	0	0
190	190	linear	3	15	0	cold	2.982516189740641e-57	0	0
190	190	linear	3	15	0	warm	6.832928353533758e-57	0	0
190	190	linear	3	23	0	cold	1.2919127196665935e-55	0	0
190	190	linear	3	23	0	warm	1.0555996873255162e-54	0	0
190	190	linear	4	0	0	cold	1.2801680313408457e-49	0	0
190	190	linear	4	0	0	warm	1.2801680313408457e-49	0	0
190	190	linear	4	7	0	cold	2.1634944732219193e-50	0	0
190	190	linear	4	7	0	warm	5.635148395368718e-50	0	0
190	190	linear	4	15	0	cold	5.678961814763376e-50	0	0
190	190	linear	4	15	0	warm	2.508549166374482e-53	0	0
190	190	linear	4	23	0	cold	2.6580378558728038e-49	0	0
190	190	linear	4	23	0	warm	1.8655108603161824e-50	0	0
190	190	uniform	3	0	0	cold	1.856902322418291e-57	0	0
190	190	uniform	3	0	0	warm	1.856902322418291e-57	0	0
190	190	uniform	3	7	0	cold	1.0341998044354581e-57	0	0
190	190	uniform	3	7	0	warm	6.356537692533255e-57	0	0
190	190	uniform	3	15	0	cold	2.982516189740641e-57	0	0
190	190	uniform	3	15	0	warm	6.832928353533758e-57	0	0
190	190	uniform	3	23	0	cold	1.2919127196665935e-55	0	0
190	190	uniform	3	23	0	warm	1.0555996873255162e-54	0	0
190	190	uniform	4	0	0	cold	1.2801680313408457e-49	0	0
190	190	uniform	4	0	0	warm	1.2801680313408457e-49	0	0
190	190	uniform	4	7	0	cold	2.1634944732219193e-50	0	0
190	190	uniform	4	7	0	warm	5.635148395368718e-50	0	0
190	190	uniform	4	15	0	cold	5.678961814763376e-50	0	0
190	190	uniform	4	15	0	warm	2.508549166374482e-53	0	0
190	190	uniform	4	23	0	cold	2.6580378558728038e-49	0	0
190	190	uniform	4	23	0	warm	1.8655108603161824e-50	0	0
191	191	linear	3	0	0	cold	6.686458082607164e-74	0	0
191	191	linear	3	0	0	warm	6.686458082607164e-74	0	0
191	191	linear	3	7	0	cold	8.038939062671334e-52	0	0
191	191	linear	3	7	0	warm	3.224199040401578e-66	0	0
191	191	linear	3	15	0	cold	1.6077941701452602e-51	0	0
191	191	linear	3	15	0	warm	1.8296330210125846e-67	0	0
191	191	linear	3	23	0	cold	1.5803121033904069e-55	0	0
191	191	linear	3	23	0	warm	1.8625645247513128e-64	0	0
191	191	linear	4	0	0	cold	1.166553613085577e-78	0	0
191	191	linear	4	0	0	warm	1.166553613085577e-78	0	0
191	191	linear	4	7	0	cold	4.4044901463579446e-54	0	0
191	191	linear	4	7	0	warm	7.630774866331924e-66	0	0
191	191	linear	4	15	0	cold	1.7773560226462457e-49	0	0
191	191	linear	4	15	0	warm	2.4813215982762468e-67	0	0
191	191	linear	4	23	0	cold	1.0690883871389887e-50	0	0
191	191	linear	4	23	0	warm	3.941709144322144e-66	0	0
191	191	uniform	3	0	0	cold	6.686458082607164e-74	0	0
191	191	uniform	3	0	0	warm	6.686458082607164e-74	0	0
191	191	uniform	3	7	0	cold	8.038939062671334e-52	0	0
191	191	uniform	3	7	0	warm	3.224199040401578e-66	0	0
191	191	uniform	3	15	0	cold	1.6077941701452602e-51	0	0
191	191	uniform	3	15	0	warm	1.8296330210125846e-67	0	0
191	191	uniform	3	23	0	cold	1.5803121033904069e-55	0	0
191	191	uniform	3	23	0	warm	1.8625645247513128e-64	0	0
191	191	uniform	4	0	0	cold	1.166553613085577e-78	0	0
191	191	uniform	4	0	0	warm	1.166553613085577e-78	0	0
191	191	uniform	4	7	0	cold	4.4044901463579446e-54	0	0
191	191	uniform	4	7	0	warm	7.630774866331924e-66	0	0
191	191	uniform	4	15	0	cold	1.7773560226462457e-49	0	0
191	191	uniform	4	15	0	warm	2.4813215982762468e-67	0	0
191	191	uniform	4	23	0	cold	1.0690883871389887e-50	0	0
191	191	uniform	4	23	0	warm	3.941709144322144e-66	0	0
192	192	linear	3	0	0	cold	4.150673232889184e-70	0	0
192	192	linear	3	0	0	warm	4.150673232889184e-70	0	0
192	192	linear	3	7	0	cold	4.881123478574277e-70	0	0
192	192	linear	3	7	0	warm	4.528190948745577e-71	0	0
192	192	linear	3	15	0	cold	7.361894222331364e-72	0	0
192	192	linear	3	15	0	warm	7.482581012861387e-72	0	0
192	192	linear	3	23	0	cold	8.626277170720904e-69	0	0
192	192	linear	3	23	0	warm	3.434536280935175e-69	0	0
192	192	linear	4	0	0	cold	7.19780935521801e-70	0	0
192	192	linear	4	0	0	warm	7.19780935521801e-70	0	0
192	192	linear	4	7	0	cold	8.178500110011625e-72	0	0
192	192	linear	4	7	0	warm	3.40770837917151e-72	0	0
192	192	linear	4	15	0	cold	6.491537175989042e-70	0	0
192	192	linear	4	15	0	warm	3.950225462062298e-72	0	0
192	192	linear	4	23	0	cold	1.0204364585393017e-71	0	0
192	192	linear	4	23	0	warm	4.081745834157215e-71	0	0
192	192	uniform	3	0	0	cold	4.150673232889184e-70	0	0
192	192	uniform	3	0	0	warm	4.150673232889184e-70	0	0
192	192	uniform	3	7	0	cold	4.881123478574277e-70	0	0
192	192	uniform	3	7	0	warm	4.528190948745577e-71	0	0
192	192	uniform	3	15	0	cold	7.361894222331364e-72	0	0
192	192	uniform	3	15	0	warm	7.482581012861387e-72	0	0
192	192	uniform	3	23	0	cold	8.626277170720904e-69	0	0
192	192	uniform	3	23	0	warm	3.434536280935175e-69	0	0
192	192	uniform	4	0	0	cold	7.19780935521801e-70	0	0
192	192	uniform	4	0	0	warm	7.19780935521801e-70	0	0
192	192	uniform	4	7	0	cold	8.178500110011625e-72	0	0
192	192	uniform	4	7	0	warm	3.40770837917151e-72	0	0
192	192	uniform	4	15	0	cold	6.491537175989042e-70	0	0
192	192	uniform	4	15	0	warm	3.950225462062298e-72	0	0
192	192	uniform	4	23	0	cold	1.0204364585393017e-71	0	0
192	192	uniform	4	23	0	warm	4.081745834157215e-71	0	0
193	193	linear	3	0	0	cold	4.098250187429319e-69	0	0
193	193	linear	3	0	0	warm	4.098250187429319e-69	0	0
193	193	linear	3	7	0	cold	1.5629726650200535e-68	0	0
193	193	linear	3	7	0	warm	1.1528776243562039e-70	0	0
193	193	linear	3	15	0	cold	2.1234223601759753e-69	0	0
193	193	linear	3	15	0	warm	7.289603198152009e-69	0	0
193	193	linear	3	23	0	cold	1.3182451438098791e-67	0	0
193	193	linear	3	23	0	warm	6.4365474384198715e-71	0	0
193	193	linear	4	0	0	cold	1.2052766546037956e-67	0	0
193	193	linear	4	0	0	warm	1.2052766546037956e-67	0	0
193	193	linear	4	7	0	cold	3.9534800544066525e-67	0	0
193	193	linear	4	7	0	warm	3.988378365101288e-67	0	0
193	193	linear	4	15	0	cold	6.480811657110666e-67	0	0
193	193	linear	4	15	0	warm	9.371946262007974e-66	0	0
193	193	linear	4	23	0	cold	1.8076852495727133e-66	0	0
193	193	linear	4	23	0	warm	4.778576659740042e-66	0	0
193	193	uniform	3	0	0	cold	4.098250187429319e-69	0	0
193	193	uniform	3	0	0	warm	4.098250187429319e-69	0	0
193	193	uniform	3	7	0	cold	1.5629726650200535e-68	0	0
193	193	uniform	3	7	0	warm	1.1528776243562039e-70	0	0
193	193	uniform	3	15	0	cold	2.1234223601759753e-69	0	0
193	193	uniform	3	15	0	warm	7.289603198152009e-69	0	0
193	193	uniform	3	23	0	cold	1.3182451438098791e-67	0	0
193	193	uniform	3	23	0	warm	6.4365474384198715e-71	0	0
193	193	uniform	4	0	0	cold	1.2052766546037956e-67	0	0
193	193	uniform	4	0	0	warm	1.2052766546037956e-67	0	0
193	193	uniform	4	7	0	cold	3.9534800544066525e-67	0	0
193	193	uniform	4	7	0	warm	3.988378365101288e-67	0	0
193	193	uniform	4	15	0	cold	6.480811657110666e-67	0	0
193	193	uniform	4	15	0	warm	9.371946262007974e-66	0	0
193	193	uniform	4	23	0	cold	1.8076852495727133e-66	0	0
193	193	uniform	4	23	0	warm	4.778576659740042e-66	0	0
194	194	linear	3	0	0	cold	1.391005496299043e-57	0	0
194	194	linear	3	0	0	warm	1.391005496299043e-57	0	0
194	194	linear	3	7	0	cold	8.787648879872779e-55	0	0
194	194	linear	3	7	0	warm	6.90439656925285e-54	0	0
194	194	linear	3	15	0	cold	2.2291633626813677e-57	0	0
194	194	linear	3	15	0	warm	2.793494517068251e-59	0	0
194	194	linear	3	23	0	cold	2.8443376088089835e-56	0	0
194	194	linear	3	23	0	warm	1.4843339118535574e-57	0	0
194	194	linear	4	0	0	cold	4.902820661381455e-64	0	0
194	194	linear	4	0	0	warm	4.902820661381455e-64	0	0
194	194	linear	4	7	0	cold	4.638031004404477e-66	0	0
194	194	linear	4	7	0	warm	1.1532530932281638e-67	0	0
194	194	linear	4	15	0	cold	3.805056138370435e-66	0	0
194	194	linear	4	15	0	warm	1.7923832288327535e-66	0	0
194	194	linear	4	23	0	cold	3.376899329145137e-67	0	0
194	194	linear	4	23	0	warm	2.599283393271977e-67	0	0
194	194	uniform	3	0	0	cold	1.391005496299043e-57	0	0
194	194	uniform	3	0	0	warm	1.391005496299043e-57	0	0
194	194	uniform	3	7	0	cold	8.787648879872779e-55	0	0
194	194	uniform	3	7	0	warm	6.90439656925285e-54	0	0
194	194	uniform	3	15	0	cold	2.2291633626813677e-57	0	0
194	194	uniform	3	15	0	warm	2.793494517068251e-59	0	0
194	194	uniform	3	23	0	cold	2.8443376088089835e-56	0	0
194	194	uniform	3	23	0	warm	1.4843339118535574e-57	0	0
194	194	uniform	4	0	0	cold	4.902820661381455e-64	0	0
194	194	uniform	4	0	0	warm	4.902820661381455e-64	0	0
194	194	uniform	4	7	0	cold	4.638031004404477e-66	0	0
194	194	uniform	4	7	0	warm	1.1532530932281638e-67	0	0
194	194	uniform	4	15	0	cold	3.805056138370435e-66	0	0
194	194	uniform	4	15	0	warm	1.7923832288327535e-66	0	0
194	194	uniform	4	23	0	cold	3.376899329145137e-67	0	0
194	194	uniform	4	23	0	warm	2.599283393271977e-67	0	0
195	195	linear	3	0	0	cold	2.184643734890768e-57	0	0
195	195	linear	3	0	0	warm	2.184643734890768e-57	0	0
195	195	linear	3	7	0	cold	2.851891608825631e-54	0	0
195	195	linear	3	7	0	warm	2.3650492997425056e-58	0	0
195	195	linear	3	15	0	cold	7.170641356704796e-65	0	0
195	195	linear	3	15	0	warm	1.7325039519555213e-65	0	0
195	195	linear	3	23	0	cold	4.204865243307537e-67	0	0
195	195	linear	3	23	0	warm	1.2021601475476327e-67	0	0
195	195	linear	4	0	0	cold	2.7690513897272735e-69	0	0
195	195	linear	4	0	0	warm	2.7690513897272735e-69	0	0
195	195	linear	4	7	0	cold	2.6243195407865726e-69	0	0
195	195	linear	4	7	0	warm	1.984372767520994e-69	0	0
195	195	linear	4	15	0	cold	1.5314243755801319e-68	0	0
195	195	linear	4	15	0	warm	6.704440557575033e-69	0	0
195	195	linear	4	23	0	cold	1.8888649379044074e-67	0	0
195	195	linear	4	23	0	warm	2.1281666817282296e-69	0	0
195	195	uniform	3	0	0	cold	2.184643734890768e-57	0	0
195	195	uniform	3	0	0	warm	2.184643734890768e-57	0	0
195	195	uniform	3	7	0	cold	2.851891608825631e-54	0	0
195	195	uniform	3	7	0	warm	2.3650492997425056e-58	0	0
195	195	uniform	3	15	0	cold	7.170641356704796e-65	0	0
195	195	uniform	3	15	0	warm	1.7325039519555213e-65	0	0
195	195	uniform	3	23	0	cold	4.204865243307537e-67	0	0
195	195	uniform	3	23	0	warm	1.2021601475476327e-67	0	0
195	195	uniform	4	0	0	cold	2.7690513897272735e-69	0	0
195	195	uniform	4	0	0	warm	2.7690513897272735e-69	0	0
195	195	uniform	4	7	0	cold	2.6243195407865726e-69	0	0
195	195	uniform	4	7	0	warm	1.984372767520994e-69	0	0
195	195	uniform	4	15	0	cold	1.5314243755801319e-68	0	0
195	195	uniform	4	15	0	warm	6.704440557575033e-69	0	0
195	195	uniform	4	23	0	cold	1.8888649379044074e-67	0	0
195	195	uniform	4	23	0	warm	2.1281666817282296e-69	0	0
196	196	linear	3	0	0	cold	2.6370787864547093e-61	0	0
196	196	linear	3	0	0	warm	2.6370787864547093e-61	0	0
196	196	linear	3	7	0	cold	3.571549885641222e-63	0	0
196	196	linear	3	7	0	warm	8.503690203907671e-66	0	0
196	196	linear	3	15	0	cold	1.0870678535095792e-63	0	0
196	196	linear	3	15	0	warm	2.1741357070191585e-63	0	0
196	196	linear	3	23	0	cold	1.52861528262872e-60	0	0
196	196	linear	3	23	0	warm	2.0844753854028e-61	0	0
196	196	linear	4	0	0	cold	5.837537753555346e-70	0	0
196	196	linear	4	0	0	warm	5.837537753555346e-70	0	0
196	196	linear	4	7	0	cold	3.1206170516617394e-68	0	0
196	196	linear	4	7	0	warm	1.0302526366960952e-67	0	0
196	196	linear	4	15	0	cold	1.498942108418822e-66	0	0
196	196	linear	4	15	0	warm	2.487969063563639e-67	0	0
196	196	linear	4	23	0	cold	1.4402143672072282e-64	0	0
196	196	linear	4	23	0	warm	2.6831564735902113e-66	0	0
196	196	uniform	3	0	0	cold	2.6370787864547093e-61	0	0
196	196	uniform	3	0	0	warm	2.6370787864547093e-61	0	0
196	196	uniform	3	7	0	cold	3.571549885641222e-63	0	0
196	196	uniform	3	7	0	warm	8.503690203907671e-66	0	0
196	196	uniform	3	15	0	cold	1.0870678535095792e-63	0	0
196	196	uniform	3	15	0	warm	2.1741357070191585e-63	0	0
196	196	uniform	3	23	0	cold	1.52861528262872e-60	0	0
196	196	uniform	3	23	0	warm	2.0844753854028e-61	0	0
196	196	uniform	4	0	0	cold	5.837537753555346e-70	0	0
196	196	uniform	4	0	0	warm	5.837537753555346e-70	0	0
196	196	uniform	4	7	0	cold	3.1206170516617394e-68	0	0
196	196	uniform	4	7	0	warm	1.0302526366960952e-67	0	0
196	196	uniform	4	15	0	cold	1.498942108418822e-66	0	0
196	196	uniform	4	15	0	warm	2.487969063563639e-67	0	0
196	196	uniform	4	23	0	cold	1.4402143672072282e-64	0	0
196	196	uniform	4	23	0	warm	2.6831564735902113e-66	0	0
197	197	linear	3	0	0	cold	1.0166819441758975e-62	0	0
197	197	linear	3	0	0	warm	1.0166819441758975e-62	0	0
197	197	linear	3	7	0	cold	5.558196757904332e-63	0	0
197	197	linear	3	7	0	warm	1.5817993743228506e-74	0	0
197	197	linear	3	15	0	cold	2.4081434353399212e-60	0	0
197	197	linear	3	15	0	warm	9.879562811650957e-61	0	0
197	197	linear	3	23	0	cold	5.777846833884947e-63	0	0
197	197	linear	3	23	0	warm	5.890016656337434e-79	0	0
197	197	linear	4	0	0	cold	3.000246301494721e-65	0	0
197	197	linear	4	0	0	warm	3.000246301494721e-65	0	0
197	197	linear	4	7	0	cold	6.065272218712631e-65	0	0
197	197	linear	4	7	0	warm	7.121521777112616e-66	0	0
197	197	linear	4	15	0	cold	2.5506042666065527e-63	0	0
197	197	linear	4	15	0	warm	2.717931464380228e-63	0	0
197	197	linear	4	23	0	cold	7.999435960254536e-62	0	0
197	197	linear	4	23	0	warm	2.299055112800052e-62	0	0
197	197	uniform	3	0	0	cold	1.0166819441758975e-62	0	0
197	197	uniform	3	0	0	warm	1.0166819441758975e-62	0	0
197	197	uniform	3	7	0	cold	5.558196757904332e-63	0	0
197	197	uniform	3	7	0	warm	1.5817993743228506e-74	0	0
197	197	uniform	3	15	0	cold	2.4081434353399212e-60	0	0
197	197	uniform	3	15	0	warm	9.879562811650957e-61	0	0
197	197	uniform	3	23	0	cold	5.777846833884947e-63	0	0
197	197	uniform	3	23	0	warm	5.890016656337434e-79	0	0
197	197	uniform	4	0	0	cold	3.000246301494721e-65	0	0
197	197	uniform	4	0	0	warm	3.000246301494721e-65	0	0
197	197	uniform	4	7	0	cold	6.065272218712631e-65	0	0
197	197	uniform	4	7	0	warm	7.121521777112616e-66	0	0
197	197	uniform	4	15	0	cold	2.5506042666065527e-63	0	0
197	197	uniform	4	15	0	warm	2.717931464380228e-63	0	0
197	197	uniform	4	23	0	cold	7.999435960254536e-62	0	0
197	197	uniform	4	23	0	warm	2.299055112800052e-62	0	0
198	198	linear	3	0	0	cold	1.201929873798136e-65	0	0
198	198	linear	3	0	0	warm	1.201929873798136e-65	0	0
198	198	linear	3	7	0	cold	2.50003310106952e-65	0	0
198	198	linear	3	7	0	warm	8.000105923422461e-66	0	0
198	198	linear	3	15	0	cold	6.24053339647019e-66	0	0
198	198	linear	3	15	0	warm	6.2405333964701895e-68	0	0
198	198	linear	3	23	0	cold	8.103576438172958e-66	0	0
198	198	linear	3	23	0	warm	6.383124825145466e-65	0	0
198	198	linear	4	0	0	cold	7.506370320694941e-69	0	0
198	198	linear	4	0	0	warm	7.506370320694941e-69	0	0
198	198	linear	4	7	0	cold	1.661590236301997e-69	0	0
198	198	linear	4	7	0	warm	1.4606742059636266e-69	0	0
198	198	linear	4	15	0	cold	7.325242680803556e-72	0	0
198	198	linear	4	15	0	warm	3.4904020405029394e-73	0	0
198	198	linear	4	23	0	cold	1.6155284449252674e-73	0	0
198	198	linear	4	23	0	warm	1.767700801673067e-71	0	0
198	198	uniform	3	0	0	cold	1.201929873798136e-65	0	0
198	198	uniform	3	0	0	warm	1.201929873798136e-65	0	0
198	198	uniform	3	7	0	cold	2.50003310106952e-65	0	0
198	198	uniform	3	7	0	warm	8.000105923422461e-66	0	0
198	198	uniform	3	15	0	cold	6.24053339647019e-66	0	0
198	198	uniform	3	15	0	warm	6.2405333964701895e-68	0	0
198	198	uniform	3	23	0	cold	8.103576438172958e-66	0	0
198	198	uniform	3	23	0	warm	6.383124825145466e-65	0	0
198	198	uniform	4	0	0	cold	7.506370320694941e-69	0	0
198	198	uniform	4	0	0	warm	7.506370320694941e-69	0	0
198	198	uniform	4	7	0	cold	1.661590236301997e-69	0	0
198	198	uniform	4	7	0	warm	1.4606742059636266e-69	0	0
198	198	uniform	4	15	0	cold	7.325242680803556e-72	0	0
198	198	uniform	4	15	0	warm	3.4904020405029394e-73	0	0
198	198	uniform	4	23	0	cold	1.6155284449252674e-73	0	0
198	198	uniform	4	23	0	warm	1.767700801673067e-71	0	0
199	199	linear	3	0	0	cold	4.2778179942022716e-64	0	0
199	199	linear	3	0	0	warm	4.2778179942022716e-64	0	0
199	199	linear	3	7	0	cold	2.2557075751127159e-63	0	0
199	199	linear	3	7	0	warm	1.0615094471118664e-63	0	0
199	199	linear	3	15	0	cold	1.0735236815076024e-64	0	0
199	199	linear	3	15	0	warm	1.616752532390967e-68	0	0
199	199	linear	3	23	0	cold	4.2304276322473276e-63	0	0
199	199	linear	3	23	0	warm	1.983012952615935e-64	0	0
199	199	linear	4	0	0	cold	5.896044138673326e-72	0	0
199	199	linear	4	0	0	warm	5.896044138673326e-72	0	0
199	199	linear	4	7	0	cold	3.890935199346463e-70	0	0
199	199	linear	4	7	0	warm	2.5939567995641614e-72	0	0
199	199	linear	4	15	0	cold	2.830076991664338e-70	0	0
199	199	linear	4	15	0	warm	1.2477814595452984e-73	0	0
199	199	linear	4	23	0	cold	8.079080324698809e-72	0	0
199	199	linear	4	23	0	warm	6.991511819450894e-73	0	0
199	199	uniform	3	0	0	cold	4.2778179942022716e-64	0	0
199	199	uniform	3	0	0	warm	4.2778179942022716e-64	0	0
199	199	uniform	3	7	0	cold	2.2557075751127159e-63	0	0
199	199	uniform	3	7	0	warm	1.0615094471118664e-63	0	0
199	199	uniform	3	15	0	cold	1.0735236815076024e-64	0	0
199	199	uniform	3	15	0	warm	1.616752532390967e-68	0	0
199	199	uniform	3	23	0	cold	4.2304276322473276e-63	0	0
199	199	uniform	3	23	0	warm	1.983012952615935e-64	0	0
199	199	uniform	4	0	0	cold	5.896044138673326e-72	0	0
199	199	uniform	4	0	0	warm	5.896044138673326e-72	0	0
199	199	uniform	4	7	0	cold	3.890935199346463e-70	0	0
199	199	uniform	4	7	0	warm	2.5939567995641614e-72	0	0
199	199	uniform	4	15	0	cold	2.830076991664338e-70	0	0
199	199	uniform	4	15	0	warm	1.2477814595452984e-73	0	0
199	199	uniform	4	23	0	cold	8.079080324698809e-72	0	0
199	199	uniform	4	23	0	warm	6.991511819450894e-73	0	0
200	200	linear	3	0	0	cold	9.458862755722871e-70	0	0
200	200	linear	3	0	0	warm	9.458862755722871e-70	0	0
200	200	linear	3	7	0	cold	2.1799776407069656e-67	0	0
200	200	linear	3	7	0	warm	3.531292486384133e-70	0	0
200	200	linear	3	15	0	cold	3.3495953458911456e-68	0	0
200	200	linear	3	15	0	warm	8.78886448507885e-71	0	0
200	200	linear	3	23	0	cold	7.802115766534576e-64	0	0
200	200	linear	3	23	0	warm	1.3156094151841947e-73	0	0
200	200	linear	4	0	0	cold	1.7220564752426994e-69	0	0
200	200	linear	4	0	0	warm	1.7220564752426994e-69	0	0
200	200	linear	4	7	0	cold	4.455887538171247e-71	0	0
200	200	linear	4	7	0	warm	1.8453279670877857e-73	0	0
200	200	linear	4	15	0	cold	9.023518751859244e-72	0	0
200	200	linear	4	15	0	warm	1.3694516693998146e-70	0	0
200	200	linear	4	23	0	cold	1.7004394979210234e-70	0	0
200	200	linear	4	23	0	warm	4.550105690155644e-73	0	0
200	200	uniform	3	0	0	cold	9.458862755722871e-70	0	0
200	200	uniform	3	0	0	warm	9.458862755722871e-70	0	0
200	200	uniform	3	7	0	cold	2.1799776407069656e-67	0	0
200	200	uniform	3	7	0	warm	3.531292486384133e-70	0	0
200	200	uniform	3	15	0	cold	3.3495953458911456e-68	0	0
200	200	uniform	3	15	0	warm	8.78886448507885e-71	0	0
200	200	uniform	3	23	0	cold	7.802115766534576e-64	0	0
200	200	uniform	3	23	0	warm	1.3156094151841947e-73	0	0
200	200	uniform	4	0	0	cold	1.7220564752426994e-69	0	0
200	200	uniform	4	0	0	warm	1.7220564752426994e-69	0	0
200	200	uniform	4	7	0	cold	4.455887538171247e-71	0	0
200	200	uniform	4	7	0	warm	1.8453279670877857e-73	0	0
200	200	uniform	4	15	0	cold	9.023518751859244e-72	0	0
200	200	uniform	4	15	0	warm	1.3694516693998146e-70	0	0
200	200	uniform	4	23	0	cold	1.7004394979210234e-70	0	0
200	200	uniform	4	23	0	warm	4.550105690155644e-73	0	0
201	201	linear	3	0	0	cold	9.004543120921623e-67	0	0
201	201	linear	3	0	0	warm	9.004543120921623e-67	0	0
201	201	linear	3	7	0	cold	8.047427784223266e-68	0	0
201	201	linear	3	7	0	warm	4.828456670533956e-67	0	0
201	201	linear	3	15	0	cold	3.932716893770754e-67	0	0
201	201	linear	3	15	0	warm	6.4536892615725185e-68	0	0
201	201	linear	3	23	0	cold	3.8459850872688446e-67	0	0
201	201	linear	3	23	0	warm	6.481712852803324e-68	0	0
201	201	linear	4	0	0	cold	5.565541156630987e-68	0	0
201	201	linear	4	0	0	warm	5.565541156630987e-68	0	0
201	201	linear	4	7	0	cold	3.62231121711865e-67	0	0
201	201	linear	4	7	0	warm	7.592217955071918e-68	0	0
201	201	linear	4	15	0	cold	4.4141310835709214e-66	0	0
201	201	linear	4	15	0	warm	2.8850529957979876e-68	0	0
201	201	linear	4	23	0	cold	1.362437865580553e-69	0	0
201	201	linear	4	23	0	warm	7.829846998928239e-68	0	0
201	201	uniform	3	0	0	cold	9.004543120921623e-67	0	0
201	201	uniform	3	0	0	warm	9.004543120921623e-67	0	0
201	201	uniform	3	7	0	cold	8.047427784223266e-68	0	0
201	201	uniform	3	7	0	warm	4.828456670533956e-67	0	0
201	201	uniform	3	15	0	cold	3.932716893770754e-67	0	0
201	201	uniform	3	15	0	warm	6.4536892615725185e-68	0	0
201	201	uniform	3	23	0	cold	3.8459850872688446e-67	0	0
201	201	uniform	3	23	0	warm	6.481712852803324e-68	0	0
201	201	uniform	4	0	0	cold	5.565541156630987e-68	0	0
201	201	uniform	4	0	0	warm	5.565541156630987e-68	0	0
201	201	uniform	4	7	0	cold	3.62231121711865e-67	0	0
201	201	uniform	4	7	0	warm	7.592217955071918e-68	0	0
201	201	uniform	4	15	0	cold	4.4141310835709214e-66	0	0
201	201	uniform	4	15	0	warm	2.8850529957979876e-68	0	0
201	201	uniform	4	23	0	cold	1.362437865580553e-69	0	0
201	201	uniform	4	23	0	warm	7.829846998928239e-68	0	0
202	202	linear	3	0	0	cold	7.261529136328827e-69	0	0
202	202	linear	3	0	0	warm	7.261529136328827e-69	0	0
202	202	linear	3	7	0	cold	1.3311075145279076e-66	0	0
202	202	linear	3	7	0	warm	1.4881947367392756e-67	0	0
202	202	linear	3	15	0	cold	1.5951357577300022e-68	0	0
202	202	linear	3	15	0	warm	5.14559921848388e-69	0	0
202	202	linear	3	23	0	cold	2.6237252971904887e-67	0	0
202	202	linear	3	23	0	warm	7.87117589157145e-67	0	0
202	202	linear	4	0	0	cold	2.028907116818336e-68	0	0
202	202	linear	4	0	0	warm	2.028907116818336e-68	0	0
202	202	linear	4	7	0	cold	3.0649681630587837e-69	0	0
202	202	linear	4	7	0	warm	4.3111640095771904e-69	0	0
202	202	linear	4	15	0	cold	1.2317263182826547e-69	0	0
202	202	linear	4	15	0	warm	6.479217893432047e-69	0	0
202	202	linear	4	23	0	cold	3.3843323189841237e-71	0	0
202	202	linear	4	23	0	warm	1.861382775441268e-70	0	0
202	202	uniform	3	0	0	cold	7.261529136328827e-69	0	0
202	202	uniform	3	0	0	warm	7.261529136328827e-69	0	0
202	202	uniform	3	7	0	cold	1.3311075145279076e-66	0	0
202	202	uniform	3	7	0	warm	1.4881947367392756e-67	0	0
202	202	uniform	3	15	0	cold	1.5951357577300022e-68	0	0
202	202	uniform	3	15	0	warm	5.14559921848388e-69	0	0
202	202	uniform	3	23	0	cold	2.6237252971904887e-67	0	0
202	202	uniform	3	23	0	warm	7.87117589157145e-67	0	0
202	202	uniform	4	0	0	cold	2.028907116818336e-68	0	0
202	202	uniform	4	0	0	warm	2.028907116818336e-68	0	0
202	202	uniform	4	7	0	cold	3.0649681630587837e-69	0	0
202	202	uniform	4	7	0	warm	4.3111640095771904e-69	0	0
202	202	uniform	4	15	0	cold	1.2317263182826547e-69	0	0
202	202	uniform	4	15	0	warm	6.479217893432047e-69	0	0
202	202	uniform	4	23	0	cold	3.3843323189841237e-71	0	0
202	202	uniform	4	23	0	warm	1.861382775441268e-70	0	0
203	203	linear	3	0	0	cold	9.956824300113157e-60	0	0
203	203	linear	3	0	0	warm	9.956824300113157e-60	0	0
203	203	linear	3	7	0	cold	2.373891324279657e-66	0	0
203	203	linear	3	7	0	warm	7.336672671268813e-73	0	0
203	203	linear	3	15	0	cold	1.6472180669824842e-83	0	0
203	203	linear	3	15	0	warm	1.5368135685145768e-71	0	0
203	203	linear	3	23	0	cold	1.3494010882927828e-79	0	0
203	203	linear	3	23	0	warm	9.880140079056865e-75	0	0
203	203	linear	4	0	0	cold	1.811135497107087e-71	0	0
203	203	linear	4	0	0	warm	1.811135497107087e-71	0	0
203	203	linear	4	7	0	cold	2.0391573132282013e-55	0	0
203	203	linear	4	7	0	warm	4.155249098000155e-71	0	0
203	203	linear	4	15	0	cold	8.843435300888802e-75	0	0
203	203	linear	4	15	0	warm	4.154910922762569e-68	0	0
203	203	linear	4	23	0	cold	1.7686872992866517e-74	0	0
203	203	linear	4	23	0	warm	2.7224425034635063e-75	0	0
203	203	uniform	3	0	0	cold	9.956824300113157e-60	0	0
203	203	uniform	3	0	0	warm	9.956824300113157e-60	0	0
203	203	uniform	3	7	0	cold	2.373891324279657e-66	0	0
203	203	uniform	3	7	0	warm	7.336672671268813e-73	0	0
203	203	uniform	3	15	0	cold	1.6472180669824842e-83	0	0
203	203	uniform	3	15	0	warm	1.5368135685145768e-71	0	0
203	203	uniform	3	23	0	cold	1.3494010882927828e-79	0	0
203	203	uniform	3	23	0	warm	9.880140079056865e-75	0	0
203	203	uniform	4	0	0	cold	1.811135497107087e-71	0	0
203	203	uniform	4	0	0	warm	1.811135497107087e-71	0	0
203	203	uniform	4	7	0	cold	2.0391573132282013e-55	0	0
203	203	uniform	4	7	0	warm	4.155249098000155e-71	0	0
203	203	uniform	4	15	0	cold	8.843435300888802e-75	0	0
203	203	uniform	4	15	0	warm	4.154910922762569e-68	0	0
203	203	uniform	4	23	0	cold	1.7686872992866517e-74	0	0
203	203	uniform	4	23	0	warm	2.7224425034635063e-75	0	0
204	204	linear	3	0	0	cold	5.690223002042525e-71	0	0
204	204	linear	3	0	0	warm	5.690223002042525e-71	0	0
204	204	linear	3	7	0	cold	1.632892481190115e-69	0	0
204	204	linear	3	7	0	warm	3.8729506657010764e-70	0	0
204	204	linear	3	15	0	cold	7.692430752197013e-70	0	0
204	204	linear	3	15	0	warm	8.853541469624057e-70	0	0
204	204	linear	3	23	0	cold	4.783412754348602e-65	0	0
204	204	linear	3	23	0	warm	3.9409599012798357e-63	0	0
204	204	linear	4	0	0	cold	8.284725573066535e-73	0	0
204	204	linear	4	0	0	warm	8.284725573066535e-73	0	0
204	204	linear	4	7	0	cold	1.5609331915940894e-71	0	0
204	204	linear	4	7	0	warm	3.5637774035821884e-73	0	0
204	204	linear	4	15	0	cold	3.2191098218842314e-70	0	0
204	204	linear	4	15	0	warm	7.321278461248254e-73	0	0
204	204	linear	4	23	0	cold	8.254319376288628e-71	0	0
204	204	linear	4	23	0	warm	3.439299740120265e-72	0	0
204	204	uniform	3	0	0	cold	5.690223002042525e-71	0	0
204	204	uniform	3	0	0	warm	5.690223002042525e-71	0	0
204	204	uniform	3	7	0	cold	1.632892481190115e-69	0	0
204	204	uniform	3	7	0	warm	3.8729506657010764e-70	0	0
204	204	uniform	3	15	0	cold	7.692430752197013e-70	0	0
204	204	uniform	3	15	0	warm	8.853541469624057e-70	0	0
204	204	uniform	3	23	0	cold	4.783412754348602e-65	0	0
204	204	uniform	3	23	0	warm	3.9409599012798357e-63	0	0
204	204	uniform	4	0	0	cold	8.284725573066535e-73	0	0
204	204	uniform	4	0	0	warm	8.284725573066535e-73	0	0
204	204	uniform	4	7	0	cold	1.5609331915940894e-71	0	0
204	204	uniform	4	7	0	warm	3.5637774035821884e-73	0	0
204	204	uniform	4	15	0	cold	3.2191098218842314e-70	0	0
204	204	uniform	4	15	0	warm	7.321278461248254e-73	0	0
204	204	uniform	4	23	0	cold	8.254319376288628e-71	0	0
204	204	uniform	4	23	0	warm	3.439299740120265e-72	0	0
205	205	linear	3	0	0	cold	1.2211378825534214e-73	0	0
205	205	linear	3	0	0	warm	1.2211378825534214e-73	0	0
205	205	linear	3	7	0	cold	2.8056363043881005e-74	0	0
205	205	linear	3	7	0	warm	1.603992918779644e-74	0	0
205	205	linear	3	15	0	cold	5.697896200411199e-74	0	0
205	205	linear	3	15	0	warm	2.1599361955363106e-74	0	0
205	205	linear	3	23	0	cold	3.740117168605382e-73	0	0
205	205	linear	3	23	0	warm	2.525793412564673e-73	0	0
205	205	linear	4	0	0	cold	1.197289373246893e-71	0	0
205	205	linear	4	0	0	warm	1.197289373246893e-71	0	0
205	205	linear	4	7	0	cold	8.411735071731355e-71	0	0
205	205	linear	4	7	0	warm	1.7883579220995974e-69	0	0
205	205	linear	4	15	0	cold	7.409903925997657e-70	0	0
205	205	linear	4	15	0	warm	7.426157817900749e-69	0	0
205	205	linear	4	23	0	cold	3.2984741567661545e-67	0	0
205	205	linear	4	23	0	warm	9.692937532044145e-67	0	0
205	205	uniform	3	0	0	cold	1.2211378825534214e-73	0	0
205	205	uniform	3	0	0	warm	1.2211378825534214e-73	0	0
205	205	uniform	3	7	0	cold	2.8056363043881005e-74	0	0
205	205	uniform	3	7	0	warm	1.603992918779644e-74	0	0
205	205	uniform	3	15	0	cold	5.697896200411199e-74	0	0
205	205	uniform	3	15	0	warm	2.1599361955363106e-74	0	0
205	205	uniform	3	23	0	cold	3.740117168605382e-73	0	0
205	205	uniform	3	23	0	warm	2.525793412564673e-73	0	0
205	205	uniform	4	0	0	cold	1.197289373246893e-71	0	0
205	205	uniform	4	0	0	warm	1.197289373246893e-71	0	0
205	205	uniform	4	7	0	cold	8.411735071731355e-71	0	0
205	205	uniform	4	7	0	warm	1.7883579220995974e-69	0	0
205	205	uniform	4	15	0	cold	7.409903925997657e-70	0	0
205	205	uniform	4	15	0	warm	7.426157817900749e-69	0	0
205	205	uniform	4	23	0	cold	3.2984741567661545e-67	0	0
205	205	uniform	4	23	0	warm	9.692937532044145e-67	0	0
206	206	linear	3	0	0	cold	4.1794066345208164e-69	0	0
206	206	linear	3	0	0	warm	4.1794066345208164e-69	0	0
206	206	linear	3	7	0	cold	2.4944669805741945e-68	0	0
206	206	linear	3	7	0	warm	6.2361674514354866e-68	0	0
206	206	linear	3	15	0	cold	4.650275117793153e-69	0	0
206	206	linear	3	15	0	warm	8.267155764965607e-69	0	0
206	206	linear	3	23	0	cold	1.9843831490773246e-69	0	0
206	206	linear	3	23	0	warm	2.5695603751330054e-70	0	0
206	206	linear	4	0	0	cold	9.216862672808772e-70	0	0
206	206	linear	4	0	0	warm	9.216862672808772e-70	0	0
206	206	linear	4	7	0	cold	1.597381186223384e-69	0	0
206	206	linear	4	7	0	warm	2.129841581631179e-70	0	0
206	206	linear	4	15	0	cold	1.323431112857915e-73	0	0
206	206	linear	4	15	0	warm	1.6314784408754537e-72	0	0
206	206	linear	4	23	0	cold	1.1681407947122855e-68	0	0
206	206	linear	4	23	0	warm	2.8178834960164785e-70	0	0
206	206	uniform	3	0	0	cold	4.1794066345208164e-69	0	0
206	206	uniform	3	0	0	warm	4.1794066345208164e-69	0	0
206	206	uniform	3	7	0	cold	2.4944669805741945e-68	0	0
206	206	uniform	3	7	0	warm	6.2361674514354866e-68	0	0
206	206	uniform	3	15	0	cold	4.650275117793153e-69	0	0
206	206	uniform	3	15	0	warm	8.267155764965607e-69	0	0
206	206	uniform	3	23	0	cold	1.9843831490773246e-69	0	0
206	206	uniform	3	23	0	warm	2.5695603751330054e-70	0	0
206	206	uniform	4	0	0	cold	9.216862672808772e-70	0	0
206	206	uniform	4	0	0	warm	9.216862672808772e-70	0	0
206	206	uniform	4	7	0	cold	1.597381186223384e-69	0	0
206	206	uniform	4	7	0	warm	2.129841581631179e-70	0	0
206	206	uniform	4	15	0	cold	1.323431112857915e-73	0	0
206	206	uniform	4	15	0	warm	1.6314784408754537e-72	0	0
206	206	uniform	4	23	0	cold	1.1681407947122855e-68	0	0
206	206	uniform	4	23	0	warm	2.8178834960164785e-70	0	0
207	207	linear	3	0	0	cold	1.3548060442418892e-66	0	0
207	207	linear	3	0	0	warm	1.3548060442418892e-66	0	0
207	207	linear	3	7	0	cold	6.038377827452175e-67	0	0
207	207	linear	3	7	0	warm	3.905949352376025e-66	0	0
207	207	linear	3	15	0	cold	2.488568227191252e-65	0	0
207	207	linear	3	15	0	warm	5.629027507659213e-65	0	0
207	207	linear	3	23	0	cold	5.236312165567443e-64	0	0
207	207	linear	3	23	0	warm	4.33495418918001e-64	0	0
207	207	linear	4	0	0	cold	6.262508217501876e-68	0	0
207	207	linear	4	0	0	warm	6.262508217501876e-68	0	0
207	207	linear	4	7	0	cold	1.1223149639662146e-69	0	0
207	207	linear	4	7	0	warm	2.0775155322302257e-69	0	0
207	207	linear	4	15	0	cold	2.6361206279203334e-71	0	0
207	207	linear	4	15	0	warm	9.031792730799945e-70	0	0
207	207	linear	4	23	0	cold	8.459033414909947e-69	0	0
207	207	linear	4	23	0	warm	1.7585552148372863e-70	0	0
207	207	uniform	3	0	0	cold	1.3548060442418892e-66	0	0
207	207	uniform	3	0	0	warm	1.3548060442418892e-66	0	0
207	207	uniform	3	7	0	cold	6.038377827452175e-67	0	0
207	207	uniform	3	7	0	warm	3.905949352376025e-66	0	0
207	207	uniform	3	15	0	cold	2.488568227191252e-65	0	0
207	207	uniform	3	15	0	warm	5.629027507659213e-65	0	0
207	207	uniform	3	23	0	cold	5.236312165567443e-64	0	0
207	207	uniform	3	23	0	warm	4.33495418918001e-64	0	0
207	207	uniform	4	0	0	cold	6.262508217501876e-68	0	0
207	207	uniform	4	0	0	warm	6.262508217501876e-68	0	0
207	207	uniform	4	7	0	cold	1.1223149639662146e-69	0	0
207	207	uniform	4	7	0	warm	2.0775155322302257e-69	0	0
207	207	uniform	4	15	0	cold	2.6361206279203334e-71	0	0
207	207	uniform	4	15	0	warm	9.031792730799945e-70	0	0
207	207	uniform	4	23	0	cold	8.459033414909947e-69	0	0
207	207	uniform	4	23	0	warm	1.7585552148372863e-70	0	0
208	208	linear	3	0	0	cold	2.988963412044979e-72	0	0
208	208	linear	3	0	0	warm	2.988963412044979e-72	0	0
208	208	linear	3	7	0	cold	4.169330299490483e-73	0	0
208	208	linear	3	7	0	warm	8.32565176809332e-74	0	0
208	208	linear	3	15	0	cold	2.489614034627422e-72	0	0
208	208	linear	3	15	0	warm	1.044031691940532e-72	0	0
208	208	linear	3	23	0	cold	1.3036636968945944e-73	0	0
208	208	linear	3	23	0	warm	1.1660994695147768e-74	0	0
208	208	linear	4	0	0	cold	1.044046943108985e-53	0	0
208	208	linear	4	0	0	warm	1.044046943108985e-53	0	0
208	208	linear	4	7	0	cold	2.271632110766229e-45	0	0
208	208	linear	4	7	0	warm	5.849905796070288e-72	0	0
208	208	linear	4	15	0	cold	6.034262304781073e-60	0	0
208	208	linear	4	15	0	warm	3.8593877607163103e-73	0	0
208	208	linear	4	23	0	cold	8.13102349396537e-58	0	0
208	208	linear	4	23	0	warm	1.853875191299248e-73	0	0
208	208	uniform	3	0	0	cold	2.988963412044979e-72	0	0
208	208	uniform	3	0	0	warm	2.988963412044979e-72	0	0
208	208	uniform	3	7	0	cold	4.169330299490483e-73	0	0
208	208	uniform	3	7	0	warm	8.32565176809332e-74	0	0
208	208	uniform	3	15	0	cold	2.489614034627422e-72	0	0
208	208	uniform	3	15	0	warm	1.044031691940532e-72	0	0
208	208	uniform	3	23	0	cold	1.3036636968945944e-73	0	0
208	208	uniform	3	23	0	warm	1.1660994695147768e-74	0	0
208	208	uniform	4	0	0	cold	1.044046943108985e-53	0	0
208	208	uniform	4	0	0	warm	1.044046943108985e-53	0	0
208	208	uniform	4	7	0	cold	2.271632110766229e-45	0	0
208	208	uniform	4	7	0	warm	5.849905796070288e-72	0	0
208	208	uniform	4	15	0	cold	6.034262304781073e-60	0	0
208	208	uniform	4	15	0	warm	3.8593877607163103e-73	0	0
208	208	uniform	4	23	0	cold	8.13102349396537e-58	0	0
208	208	uniform	4	23	0	warm	1.853875191299248e-73	0	0
209	209	linear	3	0	0	cold	4.934179195882399e-75	0	0
209	209	linear	3	0	0	warm	4.934179195882399e-75	0	0
209	209	linear	3	7	0	cold	1.2598461925639695e-75	0	0
209	209	linear	3	7	0	warm	1.0636513948678097e-75	0	0
209	209	linear	3	15	0	cold	5.092742752966262e-75	0	0
209	209	linear	3	15	0	warm	1.909778532362348e-74	0	0
209	209	linear	3	23	0	cold	1.518797311600227e-69	0	0
209	209	linear	3	23	0	warm	1.357910613656247e-76	0	0
209	209	linear	4	0	0	cold	1.240484691528821e-75	0	0
209	209	linear	4	0	0	warm	1.240484691528821e-75	0	0
209	209	linear	4	7	0	cold	1.1573520007403544e-45	0	0
209	209	linear	4	7	0	warm	0.0	0	0
209	209	linear	4	15	0	cold	1.8577387549840055e-46	0	0
209	209	linear	4	15	0	warm	0.0	0	0
209	209	linear	4	23	0	cold	2.485317780244872e-74	0	0
209	209	linear	4	23	0	warm	2.6974790541682146e-74	0	0
209	209	uniform	3	0	0	cold	4.934179195882399e-75	0	0
209	209	uniform	3	0	0	warm	4.934179195882399e-75	0	0
209	209	uniform	3	7	0	cold	1.2598461925639695e-75	0	0
209	209	uniform	3	7	0	warm	1.0636513948678097e-75	0	0
209	209	uniform	3	15	0	cold	5.092742752966262e-75	0	0
209	209	uniform	3	15	0	warm	1.909778532362348e-74	0	0
209	209	uniform	3	23	0	cold	1.518797311600227e-69	0	0
209	209	uniform	3	23	0	warm	1.357910613656247e-76	0	0
209	209	uniform	4	0	0	cold	1.240484691528821e-75	0	0
209	209	uniform	4	0	0	warm	1.240484691528821e-75	0	0
209	209	uniform	4	7	0	cold	1.1573520007403544e-45	0	0
209	209	uniform	4	7	0	warm	0.0	0	0
209	209	uniform	4	15	0	cold	1.8577387549840055e-46	0	0
209	209	uniform	4	15	0	warm	0.0	0	0
209	209	uniform	4	23	0	cold	2.485317780244872e-74	0	0
209	209	uniform	4	23	0	warm	2.6974790541682146e-74	0	0
210	210	linear	3	0	0	cold	2.9411598355993357e-69	0	0
210	210	linear	3	0	0	warm	2.9411598355993357e-69	0	0
210	210	linear	3	7	0	cold	1.656723764093956e-71	0	0
210	210	linear	3	7	0	warm	3.9718442277948474e-70	0	0
210	210	linear	3	15	0	cold	1.2104110475082004e-69	0	0
210	210	linear	3	15	0	warm	1.1036704746286194e-69	0	0
210	210	linear	3	23	0	cold	3.791048396774468e-70	0	0
210	210	linear	3	23	0	warm	1.707792501459706e-70	0	0
210	210	linear	4	0	0	cold	1.280768161489548e-70	0	0
210	210	linear	4	0	0	warm	1.280768161489548e-70	0	0
210	210	linear	4	7	0	cold	2.3155768091627325e-71	0	0
210	210	linear	4	7	0	warm	9.816553591519839e-71	0	0
210	210	linear	4	15	0	cold	2.837037251930316e-70	0	0
210	210	linear	4	15	0	warm	1.9255394070060543e-70	0	0
210	210	linear	4	23	0	cold	6.9124211436249155e-71	0	0
210	210	linear	4	23	0	warm	2.9109780209277627e-69	0	0
210	210	uniform	3	0	0	cold	2.9411598355993357e-69	0	0
210	210	uniform	3	0	0	warm	2.9411598355993357e-69	0	0
210	210	uniform	3	7	0	cold	1.656723764093956e-71	0	0
210	210	uniform	3	7	0	warm	3.9718442277948474e-70	0	0
210	210	uniform	3	15	0	cold	1.2104110475082004e-69	0	0
210	210	uniform	3	15	0	warm	1.1036704746286194e-69	0	0
210	210	uniform	3	23	0	cold	3.791048396774468e-70	0	0
210	210	uniform	3	23	0	warm	1.707792501459706e-70	0	0
210	210	uniform	4	0	0	cold	1.280768161489548e-70	0	0
210	210	uniform	4	0	0	warm	1.280768161489548e-70	0	0
210	210	uniform	4	7	0	cold	2.3155768091627325e-71	0	0
210	210	uniform	4	7	0	warm	9.816553591519839e-71	0	0
210	210	uniform	4	15	0	cold	2.837037251930316e-70	0	0
210	210	uniform	4	15	0	warm	1.9255394070060543e-70	0	0
210	210	uniform	4	23	0	cold	6.9124211436249155e-71	0	0
210	210	uniform	4	23	0	warm	2.9109780209277627e-69	0	0
