name,u,policy,warm,rtol,repeat,stop,value_stop,gradient_stop,value_converged,mu,value_error,whole_ms,topology_ms,setup_ms,setup_frame_ms,setup_cuts_ms,setup_event_ms,setup_panel_ms,nodes,evaluations,event_double_checks,event_dd_checks,event_dd_accepts,qf_family_constructions,event_qf_refinements,gq0,gq1,gq2,gq3,gq4,gr0,gr1,gr2,gr3,gr4
plan15,0.0,None,0,1.0e-03,0,Converged,Converged,Converged,1,6.0199516089053375,0.005839888,1.944761,0.369891,1.573801,0.000185,0.004683,0.451731,0.017614,120,120,8,0,0,1,8,NotRequested,NotRequested,NotRequested,NotRequested,NotRequested,NotRequested,NotRequested,NotRequested,NotRequested,NotRequested
plan15,0.0,None,0,1.0e-04,0,Converged,Converged,Converged,1,6.0199533596044921,0.00031935832,1.040949,0.304507,0.734805,0.000041,0.001507,0.449153,0.001897,176,176,8,0,0,1,8,NotRequested,NotRequested,NotRequested,NotRequested,NotRequested,NotRequested,NotRequested,NotRequested,NotRequested,NotRequested
plan15,0.0,None,1,1.0e-03,0,Converged,Converged,Converged,1,6.0267722202986089,0.0059217089,0.760487,0.180639,0.578198,0.000017,0.001458,0.415249,0.001878,120,120,8,0,0,1,8,NotRequested,NotRequested,NotRequested,NotRequested,NotRequested,NotRequested,NotRequested,NotRequested,NotRequested,NotRequested
plan15,0.0,None,1,1.0e-04,0,Converged,Converged,Converged,1,6.0267740818191173,0.00032163431,0.819907,0.174801,0.643373,0.000018,0.001343,0.416962,0.001536,176,176,8,0,0,1,8,NotRequested,NotRequested,NotRequested,NotRequested,NotRequested,NotRequested,NotRequested,NotRequested,NotRequested,NotRequested
plan15,0.0,Strict,0,1.0e-03,0,EventLocationLimited,Converged,EventLocationLimited,1,6.0199516089053375,0.005839888,25.208640,0.290594,24.916827,0.000026,0.001739,0.443613,0.002577,3219,3219,8,0,0,1,8,FiniteUncertified,FiniteUncertified,FiniteUncertified,FiniteUncertified,FiniteUncertified,EventLocationLimited,EventLocationLimited,EventLocationLimited,EventLocationLimited,EventLocationLimited
plan15,0.0,Strict,0,1.0e-04,0,EventLocationLimited,Converged,EventLocationLimited,1,6.0199533596044921,0.00031935832,10.254372,0.341712,9.889047,0.000171,0.002692,0.456457,0.004846,3219,3219,8,0,0,1,8,FiniteUncertified,FiniteUncertified,FiniteUncertified,FiniteUncertified,FiniteUncertified,EventLocationLimited,EventLocationLimited,EventLocationLimited,EventLocationLimited,EventLocationLimited
plan15,0.0,Strict,1,1.0e-03,0,EventLocationLimited,Converged,EventLocationLimited,1,6.0267722202986089,0.0059217089,12.129340,0.243631,11.687060,0.000218,0.003191,0.461591,0.005101,3092,3092,8,0,0,1,8,FiniteUncertified,FiniteUncertified,FiniteUncertified,FiniteUncertified,FiniteUncertified,EventLocationLimited,EventLocationLimited,EventLocationLimited,EventLocationLimited,EventLocationLimited
plan15,0.0,Strict,1,1.0e-04,0,EventLocationLimited,Converged,EventLocationLimited,1,6.0267740818191173,0.00032163431,11.912352,0.202373,11.688735,0.000037,0.002035,0.427230,0.002186,3092,3092,8,0,0,1,8,FiniteUncertified,FiniteUncertified,FiniteUncertified,FiniteUncertified,FiniteUncertified,EventLocationLimited,EventLocationLimited,EventLocationLimited,EventLocationLimited,EventLocationLimited
plan15,0.0,ValueFirst,0,1.0e-03,0,Converged,Converged,BudgetExceeded,1,6.0199516089053375,0.005839888,1.101014,0.349236,0.750552,0.000044,0.003217,0.443105,0.004608,160,160,8,0,0,1,8,FiniteUncertified,FiniteUncertified,FiniteUncertified,FiniteUncertified,FiniteUncertified,BudgetExceeded,BudgetExceeded,BudgetExceeded,BudgetExceeded,BudgetExceeded
plan15,0.0,ValueFirst,0,1.0e-04,0,Converged,Converged,BudgetExceeded,1,6.0199533596044921,0.00031935832,1.088112,0.292773,0.793534,0.000020,0.001384,0.417097,0.001738,232,232,8,0,0,1,8,FiniteUncertified,ToleranceMet,FiniteUncertified,FiniteUncertified,FiniteUncertified,BudgetExceeded,ToleranceMet,BudgetExceeded,BudgetExceeded,BudgetExceeded
plan15,0.0,ValueFirst,1,1.0e-03,0,Converged,Converged,BudgetExceeded,1,6.0267722202986089,0.0059217089,0.863352,0.180357,0.680840,0.000018,0.001379,0.424650,0.001858,160,160,8,0,0,1,8,FiniteUncertified,FiniteUncertified,FiniteUncertified,FiniteUncertified,FiniteUncertified,BudgetExceeded,BudgetExceeded,BudgetExceeded,BudgetExceeded,BudgetExceeded
plan15,0.0,ValueFirst,1,1.0e-04,0,Converged,Converged,BudgetExceeded,1,6.0267740818191173,0.00032163431,0.977835,0.178349,0.797342,0.000025,0.001373,0.437118,0.001636,232,232,8,0,0,1,8,FiniteUncertified,ToleranceMet,FiniteUncertified,FiniteUncertified,FiniteUncertified,BudgetExceeded,ToleranceMet,BudgetExceeded,BudgetExceeded,BudgetExceeded
plan15,0.5,None,0,1.0e-03,0,Converged,Converged,Converged,1,6.1205006645589828,0.0043222585,1.013273,0.298907,0.713834,0.000025,0.001655,0.424737,0.002814,128,128,8,0,0,1,8,NotRequested,NotRequested,NotRequested,NotRequested,NotRequested,NotRequested,NotRequested,NotRequested,NotRequested,NotRequested
plan15,0.5,None,0,1.0e-04,0,Converged,Converged,Converged,1,6.1205016288542371,0.00042465197,1.017159,0.295047,0.720551,0.000026,0.001337,0.411804,0.001612,176,176,8,0,0,1,8,NotRequested,NotRequested,NotRequested,NotRequested,NotRequested,NotRequested,NotRequested,NotRequested,NotRequested,NotRequested
plan15,0.5,None,1,1.0e-03,0,Converged,Converged,Converged,1,6.1294544594355331,0.0043589451,0.853440,0.171896,0.679983,0.000018,0.001359,0.429537,0.001687,128,128,8,0,0,1,8,NotRequested,NotRequested,NotRequested,NotRequested,NotRequested,NotRequested,NotRequested,NotRequested,NotRequested,NotRequested
plan15,0.5,None,1,1.0e-04,0,Converged,Converged,Converged,1,6.1294554772635701,0.00044604833,0.902790,0.173992,0.727004,0.000025,0.001311,0.415029,0.001582,176,176,8,0,0,1,8,NotRequested,NotRequested,NotRequested,NotRequested,NotRequested,NotRequested,NotRequested,NotRequested,NotRequested,NotRequested
plan15,0.5,Strict,0,1.0e-03,0,TopologyUnresolved,Converged,TopologyUnresolved,1,6.1205006645589828,0.0043222585,11.859120,0.287919,11.570124,0.000027,0.001549,0.417543,0.002519,2490,2490,8,0,0,1,8,Invalid,Invalid,Invalid,Invalid,Invalid,TopologyUnresolved,TopologyUnresolved,TopologyUnresolved,TopologyUnresolved,TopologyUnresolved
plan15,0.5,Strict,0,1.0e-04,0,TopologyUnresolved,Converged,TopologyUnresolved,1,6.1205016288542371,0.00042465197,8.920156,0.319388,8.578225,0.000108,0.002331,0.448292,0.003238,2490,2490,8,0,0,1,8,Invalid,Invalid,Invalid,Invalid,Invalid,TopologyUnresolved,TopologyUnresolved,TopologyUnresolved,TopologyUnresolved,TopologyUnresolved
plan15,0.5,Strict,1,1.0e-03,0,TopologyUnresolved,Converged,TopologyUnresolved,1,6.1294544594355331,0.0043589451,8.543643,0.211381,7.954209,0.000034,0.003010,0.444760,0.003654,2141,2141,8,0,0,1,8,Invalid,Invalid,Invalid,Invalid,Invalid,TopologyUnresolved,TopologyUnresolved,TopologyUnresolved,TopologyUnresolved,TopologyUnresolved
plan15,0.5,Strict,1,1.0e-04,0,TopologyUnresolved,Converged,TopologyUnresolved,1,6.1294554772635701,0.00044604833,7.938025,0.189655,7.731299,0.000051,0.001546,0.442044,0.002067,2141,2141,8,0,0,1,8,Invalid,Invalid,Invalid,Invalid,Invalid,TopologyUnresolved,TopologyUnresolved,TopologyUnresolved,TopologyUnresolved,TopologyUnresolved
plan15,0.5,ValueFirst,0,1.0e-03,0,Converged,Converged,BudgetExceeded,1,6.1205006645589828,0.0043222585,1.271515,0.331008,0.939544,0.000046,0.002451,0.449751,0.003357,176,176,8,0,0,1,8,FiniteUncertified,FiniteUncertified,FiniteUncertified,FiniteUncertified,FiniteUncertified,BudgetExceeded,BudgetExceeded,BudgetExceeded,BudgetExceeded,BudgetExceeded
plan15,0.5,ValueFirst,0,1.0e-04,0,Converged,Converged,BudgetExceeded,1,6.1205016288542371,0.00042465197,1.328303,0.294664,1.031713,0.000025,0.001416,0.431589,0.001753,216,216,8,0,0,1,8,FiniteUncertified,FiniteUncertified,FiniteUncertified,FiniteUncertified,FiniteUncertified,BudgetExceeded,BudgetExceeded,BudgetExceeded,BudgetExceeded,BudgetExceeded
plan15,0.5,ValueFirst,1,1.0e-03,0,Converged,Converged,BudgetExceeded,1,6.1294544594355331,0.0043589451,1.076379,0.173069,0.901114,0.000025,0.001375,0.439251,0.001727,176,176,8,0,0,1,8,FiniteUncertified,FiniteUncertified,FiniteUncertified,FiniteUncertified,FiniteUncertified,BudgetExceeded,BudgetExceeded,BudgetExceeded,BudgetExceeded,BudgetExceeded
plan15,0.5,ValueFirst,1,1.0e-04,0,Converged,Converged,BudgetExceeded,1,6.1294554772635701,0.00044604833,1.221768,0.178446,1.040988,0.000026,0.001379,0.432445,0.001742,232,232,8,0,0,1,8,FiniteUncertified,FiniteUncertified,FiniteUncertified,FiniteUncertified,FiniteUncertified,BudgetExceeded,BudgetExceeded,BudgetExceeded,BudgetExceeded,BudgetExceeded
resonant,0.0,None,0,1.0e-03,0,Converged,Converged,Converged,1,13.730120074185391,0.010819484,1.162113,0.409904,0.751533,0.000019,0.001935,0.527215,0.003869,119,119,8,3,3,1,5,NotRequested,NotRequested,NotRequested,NotRequested,NotRequested,NotRequested,NotRequested,NotRequested,NotRequested,NotRequested
resonant,0.0,None,0,1.0e-04,0,Converged,Converged,Converged,1,13.730116144653451,0.00071444952,1.192854,0.407698,0.783972,0.000018,0.001491,0.519340,0.001882,151,151,8,3,3,1,5,NotRequested,NotRequested,NotRequested,NotRequested,NotRequested,NotRequested,NotRequested,NotRequested,NotRequested,NotRequested
resonant,0.0,None,1,1.0e-03,0,Converged,Converged,Converged,1,13.807811515694054,0.011128461,1.121951,0.371104,0.749533,0.000025,0.001444,0.533504,0.001996,119,119,8,2,2,1,6,NotRequested,NotRequested,NotRequested,NotRequested,NotRequested,NotRequested,NotRequested,NotRequested,NotRequested,NotRequested
resonant,0.0,None,1,1.0e-04,0,Converged,Converged,Converged,1,13.807807472466951,0.0012349007,1.141498,0.372180,0.768083,0.000025,0.001423,0.516661,0.001826,143,143,8,2,2,1,6,NotRequested,NotRequested,NotRequested,NotRequested,NotRequested,NotRequested,NotRequested,NotRequested,NotRequested,NotRequested
resonant,0.0,Strict,0,1.0e-03,0,EventLocationLimited,Converged,EventLocationLimited,1,13.730120074185391,0.010819484,8.005404,0.422267,7.582184,0.000019,0.001708,0.523712,0.003082,2154,2154,8,3,3,1,5,FiniteUncertified,FiniteUncertified,FiniteUncertified,FiniteUncertified,FiniteUncertified,EventLocationLimited,EventLocationLimited,EventLocationLimited,EventLocationLimited,EventLocationLimited
resonant,0.0,Strict,0,1.0e-04,0,EventLocationLimited,Converged,EventLocationLimited,1,13.730116144653451,0.00071444952,6.271176,0.430302,5.825583,0.000050,0.001890,0.536798,0.002577,2154,2154,8,3,3,1,5,FiniteUncertified,FiniteUncertified,FiniteUncertified,FiniteUncertified,FiniteUncertified,EventLocationLimited,EventLocationLimited,EventLocationLimited,EventLocationLimited,EventLocationLimited
resonant,0.0,Strict,1,1.0e-03,0,EventLocationLimited,Converged,EventLocationLimited,1,13.807811515694054,0.011128461,7.746810,0.451505,7.082360,0.000112,0.002955,0.581669,0.005635,2138,2138,8,2,2,1,6,FiniteUncertified,FiniteUncertified,FiniteUncertified,FiniteUncertified,FiniteUncertified,EventLocationLimited,EventLocationLimited,EventLocationLimited,EventLocationLimited,EventLocationLimited
resonant,0.0,Strict,1,1.0e-04,0,EventLocationLimited,Converged,EventLocationLimited,1,13.807807472466951,0.0012349007,7.344908,0.401011,6.927937,0.000049,0.001621,0.538248,0.002461,2138,2138,8,2,2,1,6,FiniteUncertified,FiniteUncertified,FiniteUncertified,FiniteUncertified,FiniteUncertified,EventLocationLimited,EventLocationLimited,EventLocationLimited,EventLocationLimited,EventLocationLimited
resonant,0.0,ValueFirst,0,1.0e-03,0,Converged,Converged,BudgetExceeded,1,13.730120074185391,0.010819484,1.317710,0.425267,0.890977,0.000049,0.002768,0.539377,0.005550,151,151,8,3,3,1,5,FiniteUncertified,FiniteUncertified,FiniteUncertified,FiniteUncertified,FiniteUncertified,BudgetExceeded,BudgetExceeded,BudgetExceeded,BudgetExceeded,BudgetExceeded
resonant,0.0,ValueFirst,0,1.0e-04,0,Converged,Converged,BudgetExceeded,1,13.730116144653451,0.00071444952,1.356465,0.419546,0.935623,0.000031,0.001512,0.512004,0.001918,207,207,8,3,3,1,5,FiniteUncertified,ToleranceMet,FiniteUncertified,FiniteUncertified,FiniteUncertified,BudgetExceeded,ToleranceMet,BudgetExceeded,BudgetExceeded,BudgetExceeded
resonant,0.0,ValueFirst,1,1.0e-03,0,Converged,Converged,BudgetExceeded,1,13.807811515694054,0.011128461,1.223444,0.371249,0.850005,0.000038,0.001451,0.522017,0.001968,159,159,8,2,2,1,6,FiniteUncertified,FiniteUncertified,FiniteUncertified,FiniteUncertified,FiniteUncertified,BudgetExceeded,BudgetExceeded,BudgetExceeded,BudgetExceeded,BudgetExceeded
resonant,0.0,ValueFirst,1,1.0e-04,0,Converged,Converged,BudgetExceeded,1,13.807807472466951,0.0012349007,1.309197,0.376615,0.930995,0.000038,0.001414,0.535816,0.001958,199,199,8,2,2,1,6,FiniteUncertified,ToleranceMet,FiniteUncertified,FiniteUncertified,FiniteUncertified,BudgetExceeded,ToleranceMet,BudgetExceeded,BudgetExceeded,BudgetExceeded
resonant,0.5,None,0,1.0e-03,0,Converged,Converged,Converged,1,13.877484232546381,0.012850366,1.201102,0.409897,0.790570,0.000025,0.001605,0.517126,0.003120,103,103,8,3,3,1,5,NotRequested,NotRequested,NotRequested,NotRequested,NotRequested,NotRequested,NotRequested,NotRequested,NotRequested,NotRequested
resonant,0.5,None,0,1.0e-04,0,Converged,Converged,Converged,1,13.877481553095594,0.001385955,1.291582,0.405045,0.885383,0.000019,0.001343,0.509445,0.001763,159,159,8,3,3,1,5,NotRequested,NotRequested,NotRequested,NotRequested,NotRequested,NotRequested,NotRequested,NotRequested,NotRequested,NotRequested
resonant,0.5,None,1,1.0e-03,0,Converged,Converged,Converged,1,13.960822824509574,0.012731107,1.150546,0.370013,0.779385,0.000025,0.001458,0.522947,0.001754,103,103,8,2,2,1,6,NotRequested,NotRequested,NotRequested,NotRequested,NotRequested,NotRequested,NotRequested,NotRequested,NotRequested,NotRequested
resonant,0.5,None,1,1.0e-04,0,Converged,Converged,Converged,1,13.960820125801241,0.0011646163,1.250166,0.372077,0.876862,0.000025,0.001353,0.512171,0.001708,159,159,8,2,2,1,6,NotRequested,NotRequested,NotRequested,NotRequested,NotRequested,NotRequested,NotRequested,NotRequested,NotRequested,NotRequested
resonant,0.5,Strict,0,1.0e-03,0,InnerAccuracyLimited,Converged,InnerAccuracyLimited,1,13.877484232546381,0.012850366,2.193343,0.406860,1.785879,0.000024,0.001721,0.505991,0.002827,351,351,8,3,3,1,5,FiniteUncertified,FiniteUncertified,FiniteUncertified,FiniteUncertified,FiniteUncertified,InnerAccuracyLimited,InnerAccuracyLimited,InnerAccuracyLimited,InnerAccuracyLimited,InnerAccuracyLimited
resonant,0.5,Strict,0,1.0e-04,0,InnerAccuracyLimited,Converged,InnerAccuracyLimited,1,13.877481553095594,0.001385955,2.187330,0.416188,1.769276,0.000025,0.001464,0.527914,0.001888,351,351,8,3,3,1,5,FiniteUncertified,FiniteUncertified,FiniteUncertified,FiniteUncertified,FiniteUncertified,InnerAccuracyLimited,InnerAccuracyLimited,InnerAccuracyLimited,InnerAccuracyLimited,InnerAccuracyLimited
resonant,0.5,Strict,1,1.0e-03,0,InnerAccuracyLimited,Converged,InnerAccuracyLimited,1,13.960822824509574,0.012731107,2.496124,0.574725,1.618793,0.000045,0.004880,0.695393,0.005989,231,231,8,2,2,1,6,FiniteUncertified,FiniteUncertified,FiniteUncertified,FiniteUncertified,FiniteUncertified,InnerAccuracyLimited,InnerAccuracyLimited,InnerAccuracyLimited,InnerAccuracyLimited,InnerAccuracyLimited
resonant,0.5,Strict,1,1.0e-04,0,InnerAccuracyLimited,Converged,InnerAccuracyLimited,1,13.960820125801241,0.0011646163,1.914725,0.425828,1.485987,0.000029,0.001727,0.622953,0.002197,231,231,8,2,2,1,6,FiniteUncertified,FiniteUncertified,FiniteUncertified,FiniteUncertified,FiniteUncertified,InnerAccuracyLimited,InnerAccuracyLimited,InnerAccuracyLimited,InnerAccuracyLimited,InnerAccuracyLimited
resonant,0.5,ValueFirst,0,1.0e-03,0,Converged,Converged,BudgetExceeded,1,13.877484232546381,0.012850366,1.610266,0.487037,1.121662,0.000021,0.002329,0.595475,0.007192,143,143,8,3,3,1,5,FiniteUncertified,FiniteUncertified,FiniteUncertified,FiniteUncertified,FiniteUncertified,BudgetExceeded,BudgetExceeded,BudgetExceeded,BudgetExceeded,BudgetExceeded
resonant,0.5,ValueFirst,0,1.0e-04,0,Converged,Converged,BudgetExceeded,1,13.877481553095594,0.001385955,1.690890,0.454080,1.235215,0.000029,0.001519,0.580999,0.002089,191,191,8,3,3,1,5,FiniteUncertified,FiniteUncertified,FiniteUncertified,FiniteUncertified,FiniteUncertified,BudgetExceeded,BudgetExceeded,BudgetExceeded,BudgetExceeded,BudgetExceeded
resonant,0.5,ValueFirst,1,1.0e-03,0,Converged,Converged,BudgetExceeded,1,13.960822824509574,0.012731107,1.501640,0.416319,1.082674,0.000020,0.001554,0.581057,0.002152,143,143,8,2,2,1,6,FiniteUncertified,FiniteUncertified,FiniteUncertified,FiniteUncertified,FiniteUncertified,BudgetExceeded,BudgetExceeded,BudgetExceeded,BudgetExceeded,BudgetExceeded
resonant,0.5,ValueFirst,1,1.0e-04,0,Converged,Converged,BudgetExceeded,1,13.960820125801241,0.0011646163,1.868032,0.427425,1.438890,0.000030,0.001544,0.594129,0.002141,215,215,8,2,2,1,6,FiniteUncertified,FiniteUncertified,FiniteUncertified,FiniteUncertified,FiniteUncertified,BudgetExceeded,BudgetExceeded,BudgetExceeded,BudgetExceeded,BudgetExceeded
close-binary,0.0,None,0,1.0e-03,0,Converged,Converged,Converged,1,8.1331861615733256,0.0074880942,1.493541,0.707974,0.784898,0.000024,0.002124,0.598880,0.003872,88,88,8,1,1,1,7,NotRequested,NotRequested,NotRequested,NotRequested,NotRequested,NotRequested,NotRequested,NotRequested,NotRequested,NotRequested
close-binary,0.0,None,0,1.0e-04,0,Converged,Converged,Converged,1,8.1331871350959748,0.00034427416,1.489567,0.672227,0.816022,0.000021,0.001723,0.568332,0.002015,136,136,8,1,1,1,7,NotRequested,NotRequested,NotRequested,NotRequested,NotRequested,NotRequested,NotRequested,NotRequested,NotRequested,NotRequested
close-binary,0.0,None,1,1.0e-03,0,Converged,Converged,Converged,1,8.0874897495427014,0.0073473169,1.278747,0.495310,0.781614,0.000022,0.001808,0.592419,0.001984,88,88,8,1,1,1,7,NotRequested,NotRequested,NotRequested,NotRequested,NotRequested,NotRequested,NotRequested,NotRequested,NotRequested,NotRequested
close-binary,0.0,None,1,1.0e-04,0,Converged,Converged,Converged,1,8.0874907246957317,0.0003330452,1.335918,0.485739,0.848486,0.000021,0.001752,0.575807,0.001784,136,136,8,1,1,1,7,NotRequested,NotRequested,NotRequested,NotRequested,NotRequested,NotRequested,NotRequested,NotRequested,NotRequested,NotRequested
close-binary,0.0,Strict,0,1.0e-03,0,EventLocationLimited,Converged,EventLocationLimited,1,8.1331861615733256,0.0074880942,19.168661,0.676205,18.490030,0.000020,0.002123,0.575377,0.003064,3322,3322,8,1,1,1,7,FiniteUncertified,FiniteUncertified,FiniteUncertified,FiniteUncertified,FiniteUncertified,EventLocationLimited,EventLocationLimited,EventLocationLimited,EventLocationLimited,EventLocationLimited
close-binary,0.0,Strict,0,1.0e-04,0,EventLocationLimited,Converged,EventLocationLimited,1,8.1331871350959748,0.00034427416,15.876451,0.973525,14.866210,0.000210,0.004558,0.800844,0.007815,3322,3322,8,1,1,1,7,FiniteUncertified,FiniteUncertified,FiniteUncertified,FiniteUncertified,FiniteUncertified,EventLocationLimited,EventLocationLimited,EventLocationLimited,EventLocationLimited,EventLocationLimited
close-binary,0.0,Strict,1,1.0e-03,0,EventLocationLimited,Converged,EventLocationLimited,1,8.0874897495427014,0.0073473169,8.828839,0.621544,8.023462,0.000337,0.004851,0.644536,0.007659,2242,2242,8,1,1,1,7,FiniteUncertified,FiniteUncertified,FiniteUncertified,FiniteUncertified,FiniteUncertified,EventLocationLimited,EventLocationLimited,EventLocationLimited,EventLocationLimited,EventLocationLimited
close-binary,0.0,Strict,1,1.0e-04,0,EventLocationLimited,Converged,EventLocationLimited,1,8.0874907246957317,0.0003330452,8.477020,0.545865,7.904760,0.000273,0.002470,0.598027,0.004304,2242,2242,8,1,1,1,7,FiniteUncertified,FiniteUncertified,FiniteUncertified,FiniteUncertified,FiniteUncertified,EventLocationLimited,EventLocationLimited,EventLocationLimited,EventLocationLimited,EventLocationLimited
close-binary,0.0,ValueFirst,0,1.0e-03,0,Converged,Converged,BudgetExceeded,1,8.1331861615733256,0.0074880942,1.615416,0.709578,0.903998,0.000192,0.004136,0.597783,0.005379,120,120,8,1,1,1,7,FiniteUncertified,FiniteUncertified,FiniteUncertified,FiniteUncertified,FiniteUncertified,BudgetExceeded,BudgetExceeded,BudgetExceeded,BudgetExceeded,BudgetExceeded
close-binary,0.0,ValueFirst,0,1.0e-04,0,Converged,Converged,BudgetExceeded,1,8.1331871350959748,0.00034427416,1.653456,0.670395,0.981154,0.000053,0.001893,0.590978,0.002030,168,168,8,1,1,1,7,ToleranceMet,ToleranceMet,FiniteUncertified,ToleranceMet,ToleranceMet,ToleranceMet,ToleranceMet,BudgetExceeded,ToleranceMet,ToleranceMet
close-binary,0.0,ValueFirst,1,1.0e-03,0,Converged,Converged,BudgetExceeded,1,8.0874897495427014,0.0073473169,1.365912,0.481816,0.879703,0.000022,0.001760,0.592121,0.002077,120,120,8,1,1,1,7,FiniteUncertified,FiniteUncertified,FiniteUncertified,FiniteUncertified,FiniteUncertified,BudgetExceeded,BudgetExceeded,BudgetExceeded,BudgetExceeded,BudgetExceeded
close-binary,0.0,ValueFirst,1,1.0e-04,0,Converged,Converged,BudgetExceeded,1,8.0874907246957317,0.0003330452,1.502709,0.489071,1.011900,0.000029,0.001747,0.615292,0.002033,168,168,8,1,1,1,7,ToleranceMet,ToleranceMet,FiniteUncertified,ToleranceMet,ToleranceMet,ToleranceMet,ToleranceMet,BudgetExceeded,ToleranceMet,ToleranceMet
close-binary,0.5,None,0,1.0e-03,0,Converged,Converged,Converged,1,8.0833951022848609,0.0030327108,1.647369,0.688878,0.957895,0.000021,0.002126,0.591686,0.003084,120,120,8,1,1,1,7,NotRequested,NotRequested,NotRequested,NotRequested,NotRequested,NotRequested,NotRequested,NotRequested,NotRequested,NotRequested
close-binary,0.5,None,0,1.0e-04,0,Converged,Converged,Converged,1,8.0833997168360217,0.00059138924,1.593539,0.680892,0.911002,0.000022,0.001725,0.571345,0.001853,136,136,8,1,1,1,7,NotRequested,NotRequested,NotRequested,NotRequested,NotRequested,NotRequested,NotRequested,NotRequested,NotRequested,NotRequested
close-binary,0.5,None,1,1.0e-03,0,Converged,Converged,Converged,1,8.036982527855697,0.0030296107,1.427604,0.488783,0.936892,0.000023,0.002017,0.599208,0.002123,120,120,8,1,1,1,7,NotRequested,NotRequested,NotRequested,NotRequested,NotRequested,NotRequested,NotRequested,NotRequested,NotRequested,NotRequested
close-binary,0.5,None,1,1.0e-04,0,Converged,Converged,Converged,1,8.0369871411537464,0.00059108031,1.428831,0.494415,0.932740,0.000021,0.001685,0.579427,0.001924,136,136,8,1,1,1,7,NotRequested,NotRequested,NotRequested,NotRequested,NotRequested,NotRequested,NotRequested,NotRequested,NotRequested,NotRequested
close-binary,0.5,Strict,0,1.0e-03,0,InnerAccuracyLimited,Converged,InnerAccuracyLimited,1,8.0833951022848609,0.0030327108,1.702895,0.662944,1.039244,0.000022,0.001942,0.577169,0.003047,128,128,8,1,1,1,7,FiniteUncertified,FiniteUncertified,FiniteUncertified,FiniteUncertified,FiniteUncertified,InnerAccuracyLimited,InnerAccuracyLimited,InnerAccuracyLimited,InnerAccuracyLimited,InnerAccuracyLimited
close-binary,0.5,Strict,0,1.0e-04,0,InnerAccuracyLimited,Converged,InnerAccuracyLimited,1,8.0833997168360217,0.00059138924,1.740528,0.679737,1.059043,0.000021,0.001841,0.588239,0.001909,136,136,8,1,1,1,7,FiniteUncertified,FiniteUncertified,FiniteUncertified,FiniteUncertified,FiniteUncertified,InnerAccuracyLimited,InnerAccuracyLimited,InnerAccuracyLimited,InnerAccuracyLimited,InnerAccuracyLimited
close-binary,0.5,Strict,1,1.0e-03,0,InnerAccuracyLimited,Converged,InnerAccuracyLimited,1,8.036982527855697,0.0030296107,1.611629,0.494075,0.979407,0.000040,0.003661,0.533740,0.004414,128,128,8,1,1,1,7,FiniteUncertified,FiniteUncertified,FiniteUncertified,FiniteUncertified,FiniteUncertified,InnerAccuracyLimited,InnerAccuracyLimited,InnerAccuracyLimited,InnerAccuracyLimited,InnerAccuracyLimited
close-binary,0.5,Strict,1,1.0e-04,0,InnerAccuracyLimited,Converged,InnerAccuracyLimited,1,8.0369871411537464,0.00059108031,1.412575,0.437200,0.973731,0.000023,0.001552,0.521480,0.001812,136,136,8,1,1,1,7,FiniteUncertified,FiniteUncertified,FiniteUncertified,FiniteUncertified,FiniteUncertified,InnerAccuracyLimited,InnerAccuracyLimited,InnerAccuracyLimited,InnerAccuracyLimited,InnerAccuracyLimited
close-binary,0.5,ValueFirst,0,1.0e-03,0,Converged,Converged,InnerAccuracyLimited,1,8.0833951022848609,0.0030327108,1.553829,0.605279,0.947740,0.000025,0.002335,0.528868,0.004289,128,128,8,1,1,1,7,FiniteUncertified,FiniteUncertified,FiniteUncertified,FiniteUncertified,FiniteUncertified,InnerAccuracyLimited,InnerAccuracyLimited,InnerAccuracyLimited,InnerAccuracyLimited,InnerAccuracyLimited
close-binary,0.5,ValueFirst,0,1.0e-04,0,Converged,Converged,InnerAccuracyLimited,1,8.0833997168360217,0.00059138924,1.554370,0.608820,0.943940,0.000019,0.001559,0.517637,0.001734,136,136,8,1,1,1,7,FiniteUncertified,FiniteUncertified,FiniteUncertified,FiniteUncertified,FiniteUncertified,InnerAccuracyLimited,InnerAccuracyLimited,InnerAccuracyLimited,InnerAccuracyLimited,InnerAccuracyLimited
close-binary,0.5,ValueFirst,1,1.0e-03,0,Converged,Converged,InnerAccuracyLimited,1,8.036982527855697,0.0030296107,1.370769,0.434746,0.933646,0.000018,0.001650,0.520356,0.001843,128,128,8,1,1,1,7,FiniteUncertified,FiniteUncertified,FiniteUncertified,FiniteUncertified,FiniteUncertified,InnerAccuracyLimited,InnerAccuracyLimited,InnerAccuracyLimited,InnerAccuracyLimited,InnerAccuracyLimited
close-binary,0.5,ValueFirst,1,1.0e-04,0,Converged,Converged,InnerAccuracyLimited,1,8.0369871411537464,0.00059108031,1.415848,0.443620,0.970580,0.000020,0.001398,0.528754,0.001761,136,136,8,1,1,1,7,FiniteUncertified,FiniteUncertified,FiniteUncertified,FiniteUncertified,FiniteUncertified,InnerAccuracyLimited,InnerAccuracyLimited,InnerAccuracyLimited,InnerAccuracyLimited,InnerAccuracyLimited
wide-planet,0.0,None,0,1.0e-03,0,Converged,Converged,Converged,1,1.1591934436470934,9.2917863e-05,0.822723,0.406823,0.415284,0.000025,0.001500,0.319695,0.001842,53,53,6,2,2,1,4,NotRequested,NotRequested,NotRequested,NotRequested,NotRequested,NotRequested,NotRequested,NotRequested,NotRequested,NotRequested
wide-planet,0.0,None,0,1.0e-04,0,Converged,Converged,Converged,1,1.1591934436470934,9.2917863e-05,0.794905,0.401598,0.392309,0.000024,0.000984,0.305121,0.000804,53,53,6,2,2,1,4,NotRequested,NotRequested,NotRequested,NotRequested,NotRequested,NotRequested,NotRequested,NotRequested,NotRequested,NotRequested
wide-planet,0.0,None,1,1.0e-03,0,Converged,Converged,Converged,1,1.15911069692811,9.2869681e-05,0.743837,0.268645,0.474029,0.000034,0.001090,0.372278,0.000774,53,53,6,1,1,1,5,NotRequested,NotRequested,NotRequested,NotRequested,NotRequested,NotRequested,NotRequested,NotRequested,NotRequested,NotRequested
wide-planet,0.0,None,1,1.0e-04,0,Converged,Converged,Converged,1,1.15911069692811,9.2869681e-05,0.728059,0.269355,0.457795,0.000019,0.000984,0.358624,0.000633,53,53,6,1,1,1,5,NotRequested,NotRequested,NotRequested,NotRequested,NotRequested,NotRequested,NotRequested,NotRequested,NotRequested,NotRequested
wide-planet,0.0,Strict,0,1.0e-03,0,EventLocationLimited,Converged,EventLocationLimited,1,1.1591934436470934,9.2917863e-05,0.899278,0.395585,0.503108,0.000021,0.001292,0.304380,0.001344,93,93,6,2,2,1,4,ToleranceMet,ToleranceMet,FiniteUncertified,ToleranceMet,FiniteUncertified,ToleranceMet,ToleranceMet,EventLocationLimited,ToleranceMet,EventLocationLimited
wide-planet,0.0,Strict,0,1.0e-04,0,EventLocationLimited,Converged,EventLocationLimited,1,1.1591934436470934,9.2917863e-05,0.886595,0.392947,0.492542,0.000021,0.000996,0.312101,0.000672,93,93,6,2,2,1,4,ToleranceMet,ToleranceMet,FiniteUncertified,ToleranceMet,FiniteUncertified,ToleranceMet,ToleranceMet,EventLocationLimited,ToleranceMet,EventLocationLimited
wide-planet,0.0,Strict,1,1.0e-03,0,EventLocationLimited,Converged,EventLocationLimited,1,1.15911069692811,9.2869681e-05,1.032174,0.338396,0.598805,0.000130,0.002115,0.404082,0.003561,77,77,6,1,1,1,5,ToleranceMet,ToleranceMet,FiniteUncertified,ToleranceMet,FiniteUncertified,ToleranceMet,ToleranceMet,EventLocationLimited,ToleranceMet,EventLocationLimited
wide-planet,0.0,Strict,1,1.0e-04,0,EventLocationLimited,Converged,EventLocationLimited,1,1.15911069692811,9.2869681e-05,0.804486,0.268802,0.534417,0.000026,0.000988,0.356590,0.000704,77,77,6,1,1,1,5,ToleranceMet,ToleranceMet,FiniteUncertified,ToleranceMet,FiniteUncertified,ToleranceMet,ToleranceMet,EventLocationLimited,ToleranceMet,EventLocationLimited
wide-planet,0.0,ValueFirst,0,1.0e-03,0,Converged,Converged,BudgetExceeded,1,1.1591934436470934,9.2917863e-05,0.898013,0.396386,0.500205,0.000027,0.001953,0.306385,0.001614,93,93,6,2,2,1,4,ToleranceMet,ToleranceMet,FiniteUncertified,ToleranceMet,FiniteUncertified,ToleranceMet,ToleranceMet,BudgetExceeded,ToleranceMet,BudgetExceeded
wide-planet,0.0,ValueFirst,0,1.0e-04,0,Converged,Converged,BudgetExceeded,1,1.1591934436470934,9.2917863e-05,0.880453,0.394917,0.484323,0.000019,0.000975,0.306626,0.000652,93,93,6,2,2,1,4,ToleranceMet,ToleranceMet,FiniteUncertified,ToleranceMet,FiniteUncertified,ToleranceMet,ToleranceMet,BudgetExceeded,ToleranceMet,BudgetExceeded
wide-planet,0.0,ValueFirst,1,1.0e-03,0,Converged,Converged,EventLocationLimited,1,1.15911069692811,9.2869681e-05,0.826706,0.274864,0.549364,0.000048,0.001089,0.371558,0.000793,77,77,6,1,1,1,5,ToleranceMet,ToleranceMet,FiniteUncertified,ToleranceMet,FiniteUncertified,ToleranceMet,ToleranceMet,EventLocationLimited,ToleranceMet,EventLocationLimited
wide-planet,0.0,ValueFirst,1,1.0e-04,0,Converged,Converged,EventLocationLimited,1,1.15911069692811,9.2869681e-05,0.797992,0.267545,0.529316,0.000025,0.000960,0.360397,0.000674,77,77,6,1,1,1,5,ToleranceMet,ToleranceMet,FiniteUncertified,ToleranceMet,FiniteUncertified,ToleranceMet,ToleranceMet,EventLocationLimited,ToleranceMet,EventLocationLimited
wide-planet,0.5,None,0,1.0e-03,0,Converged,Converged,Converged,1,1.1591902257554043,0.00044447822,0.822375,0.392757,0.428994,0.000025,0.001224,0.311540,0.001439,53,53,6,2,2,1,4,NotRequested,NotRequested,NotRequested,NotRequested,NotRequested,NotRequested,NotRequested,NotRequested,NotRequested,NotRequested
wide-planet,0.5,None,0,1.0e-04,0,Converged,Converged,Converged,1,1.1591902258251667,1.4117769e-06,0.868997,0.396804,0.471183,0.000025,0.001055,0.309157,0.000689,69,69,6,2,2,1,4,NotRequested,NotRequested,NotRequested,NotRequested,NotRequested,NotRequested,NotRequested,NotRequested,NotRequested,NotRequested
wide-planet,0.5,None,1,1.0e-03,0,Converged,Converged,Converged,1,1.1591074816517033,0.0004442461,0.756526,0.266793,0.488481,0.000019,0.001005,0.366590,0.000712,53,53,6,1,1,1,5,NotRequested,NotRequested,NotRequested,NotRequested,NotRequested,NotRequested,NotRequested,NotRequested,NotRequested,NotRequested
wide-planet,0.5,None,1,1.0e-04,0,Converged,Converged,Converged,1,1.1591074817214295,1.4141152e-06,0.790805,0.267332,0.522633,0.000028,0.000992,0.357752,0.000697,69,69,6,1,1,1,5,NotRequested,NotRequested,NotRequested,NotRequested,NotRequested,NotRequested,NotRequested,NotRequested,NotRequested,NotRequested
wide-planet,0.5,Strict,0,1.0e-03,0,EventLocationLimited,Converged,EventLocationLimited,1,1.1591902257554043,0.00044447822,1.011095,0.395081,0.615464,0.000025,0.001286,0.308634,0.001428,93,93,6,2,2,1,4,ToleranceMet,ToleranceMet,FiniteUncertified,ToleranceMet,FiniteUncertified,ToleranceMet,ToleranceMet,EventLocationLimited,ToleranceMet,EventLocationLimited
wide-planet,0.5,Strict,0,1.0e-04,0,EventLocationLimited,Converged,EventLocationLimited,1,1.1591902258251667,1.4117769e-06,1.008303,0.404347,0.602908,0.000020,0.001098,0.317146,0.000672,93,93,6,2,2,1,4,ToleranceMet,ToleranceMet,FiniteUncertified,ToleranceMet,FiniteUncertified,ToleranceMet,ToleranceMet,EventLocationLimited,ToleranceMet,EventLocationLimited
wide-planet,0.5,Strict,1,1.0e-03,0,EventLocationLimited,Converged,EventLocationLimited,1,1.1591074816517033,0.0004442461,1.150600,0.328966,0.731598,0.000141,0.002365,0.404518,0.003594,93,93,6,1,1,1,5,ToleranceMet,ToleranceMet,FiniteUncertified,ToleranceMet,FiniteUncertified,ToleranceMet,ToleranceMet,EventLocationLimited,ToleranceMet,EventLocationLimited
wide-planet,0.5,Strict,1,1.0e-04,0,EventLocationLimited,Converged,EventLocationLimited,1,1.1591074817214295,1.4141152e-06,0.953070,0.272279,0.679609,0.000025,0.000982,0.365206,0.000713,93,93,6,1,1,1,5,ToleranceMet,ToleranceMet,FiniteUncertified,ToleranceMet,FiniteUncertified,ToleranceMet,ToleranceMet,EventLocationLimited,ToleranceMet,EventLocationLimited
wide-planet,0.5,ValueFirst,0,1.0e-03,0,Converged,Converged,BudgetExceeded,1,1.1591902257554043,0.00044447822,1.023423,0.398418,0.623801,0.000025,0.002014,0.319469,0.001563,93,93,6,2,2,1,4,ToleranceMet,ToleranceMet,FiniteUncertified,ToleranceMet,FiniteUncertified,ToleranceMet,ToleranceMet,BudgetExceeded,ToleranceMet,BudgetExceeded
wide-planet,0.5,ValueFirst,0,1.0e-04,0,Converged,Converged,EventLocationLimited,1,1.1591902258251667,1.4117769e-06,1.011154,0.395944,0.614064,0.000019,0.001005,0.321885,0.000737,93,93,6,2,2,1,4,ToleranceMet,ToleranceMet,FiniteUncertified,ToleranceMet,FiniteUncertified,ToleranceMet,ToleranceMet,EventLocationLimited,ToleranceMet,EventLocationLimited
wide-planet,0.5,ValueFirst,1,1.0e-03,0,Converged,Converged,BudgetExceeded,1,1.1591074816517033,0.0004442461,0.954642,0.269677,0.682207,0.000040,0.001069,0.369141,0.000825,93,93,6,1,1,1,5,ToleranceMet,ToleranceMet,FiniteUncertified,ToleranceMet,FiniteUncertified,ToleranceMet,ToleranceMet,BudgetExceeded,ToleranceMet,BudgetExceeded
wide-planet,0.5,ValueFirst,1,1.0e-04,0,Converged,Converged,EventLocationLimited,1,1.1591074817214295,1.4141152e-06,0.936340,0.269892,0.665313,0.000026,0.001036,0.358784,0.000660,93,93,6,1,1,1,5,ToleranceMet,ToleranceMet,FiniteUncertified,ToleranceMet,FiniteUncertified,ToleranceMet,ToleranceMet,EventLocationLimited,ToleranceMet,EventLocationLimited
cusp-approach,0.0,None,0,1.0e-03,0,Converged,Converged,Converged,1,1.5003323150038625,9.2434261e-05,1.133014,0.525820,0.606735,0.000026,0.001537,0.485680,0.002280,76,76,6,0,0,1,6,NotRequested,NotRequested,NotRequested,NotRequested,NotRequested,NotRequested,NotRequested,NotRequested,NotRequested,NotRequested
cusp-approach,0.0,None,0,1.0e-04,0,Converged,Converged,Converged,1,1.5003323150038625,9.2434261e-05,1.114134,0.550592,0.562391,0.000020,0.000940,0.461409,0.001021,76,76,6,0,0,1,6,NotRequested,NotRequested,NotRequested,NotRequested,NotRequested,NotRequested,NotRequested,NotRequested,NotRequested,NotRequested
cusp-approach,0.0,None,1,1.0e-03,0,Converged,Converged,Converged,1,1.4998202014623159,9.2983709e-05,0.857353,0.260874,0.595169,0.000018,0.000910,0.453086,0.000992,76,76,6,0,0,1,6,NotRequested,NotRequested,NotRequested,NotRequested,NotRequested,NotRequested,NotRequested,NotRequested,NotRequested,NotRequested
cusp-approach,0.0,None,1,1.0e-04,0,Converged,Converged,Converged,1,1.4998202014623159,9.2983709e-05,0.860536,0.265716,0.593745,0.000027,0.000872,0.451772,0.000866,76,76,6,0,0,1,6,NotRequested,NotRequested,NotRequested,NotRequested,NotRequested,NotRequested,NotRequested,NotRequested,NotRequested,NotRequested
cusp-approach,0.0,Strict,0,1.0e-03,0,EventLocationLimited,Converged,EventLocationLimited,1,1.5003323150038625,9.2434261e-05,1.207319,0.529929,0.676913,0.000025,0.001150,0.458575,0.001552,124,124,6,0,0,1,6,ToleranceMet,ToleranceMet,FiniteUncertified,ToleranceMet,ToleranceMet,ToleranceMet,ToleranceMet,EventLocationLimited,ToleranceMet,ToleranceMet
cusp-approach,0.0,Strict,0,1.0e-04,0,EventLocationLimited,Converged,EventLocationLimited,1,1.5003323150038625,9.2434261e-05,1.190264,0.524231,0.664578,0.000025,0.000890,0.468442,0.000896,124,124,6,0,0,1,6,ToleranceMet,ToleranceMet,FiniteUncertified,ToleranceMet,ToleranceMet,ToleranceMet,ToleranceMet,EventLocationLimited,ToleranceMet,ToleranceMet
cusp-approach,0.0,Strict,1,1.0e-03,0,EventLocationLimited,Converged,EventLocationLimited,1,1.4998202014623159,9.2983709e-05,1.205028,0.324011,0.799361,0.000113,0.002481,0.487528,0.003915,124,124,6,0,0,1,6,ToleranceMet,ToleranceMet,FiniteUncertified,ToleranceMet,ToleranceMet,ToleranceMet,ToleranceMet,EventLocationLimited,ToleranceMet,ToleranceMet
cusp-approach,0.0,Strict,1,1.0e-04,0,EventLocationLimited,Converged,EventLocationLimited,1,1.4998202014623159,9.2983709e-05,1.017967,0.268811,0.747640,0.000025,0.000883,0.457809,0.000932,124,124,6,0,0,1,6,ToleranceMet,ToleranceMet,FiniteUncertified,ToleranceMet,ToleranceMet,ToleranceMet,ToleranceMet,EventLocationLimited,ToleranceMet,ToleranceMet
cusp-approach,0.0,ValueFirst,0,1.0e-03,0,Converged,Converged,BudgetExceeded,1,1.5003323150038625,9.2434261e-05,1.224677,0.524135,0.699368,0.000025,0.001599,0.473870,0.001822,124,124,6,0,0,1,6,ToleranceMet,ToleranceMet,FiniteUncertified,ToleranceMet,ToleranceMet,ToleranceMet,ToleranceMet,BudgetExceeded,ToleranceMet,ToleranceMet
cusp-approach,0.0,ValueFirst,0,1.0e-04,0,Converged,Converged,BudgetExceeded,1,1.5003323150038625,9.2434261e-05,1.192885,0.527511,0.663830,0.000027,0.000913,0.467693,0.000982,124,124,6,0,0,1,6,ToleranceMet,ToleranceMet,FiniteUncertified,ToleranceMet,ToleranceMet,ToleranceMet,ToleranceMet,BudgetExceeded,ToleranceMet,ToleranceMet
cusp-approach,0.0,ValueFirst,1,1.0e-03,0,Converged,Converged,BudgetExceeded,1,1.4998202014623159,9.2983709e-05,1.009982,0.266373,0.740871,0.000047,0.000952,0.452675,0.001062,124,124,6,0,0,1,6,ToleranceMet,ToleranceMet,FiniteUncertified,ToleranceMet,ToleranceMet,ToleranceMet,ToleranceMet,BudgetExceeded,ToleranceMet,ToleranceMet
cusp-approach,0.0,ValueFirst,1,1.0e-04,0,Converged,Converged,BudgetExceeded,1,1.4998202014623159,9.2983709e-05,1.006491,0.272694,0.732291,0.000026,0.000961,0.450731,0.000898,124,124,6,0,0,1,6,ToleranceMet,ToleranceMet,FiniteUncertified,ToleranceMet,ToleranceMet,ToleranceMet,ToleranceMet,BudgetExceeded,ToleranceMet,ToleranceMet
cusp-approach,0.5,None,0,1.0e-03,0,Converged,Converged,Converged,1,1.5002754656949193,0.00026001469,1.164845,0.534084,0.630291,0.000027,0.001303,0.482467,0.001505,76,76,6,0,0,1,6,NotRequested,NotRequested,NotRequested,NotRequested,NotRequested,NotRequested,NotRequested,NotRequested,NotRequested,NotRequested
cusp-approach,0.5,None,0,1.0e-04,0,Converged,Converged,Converged,1,1.5002754657092836,9.7025925e-05,1.125249,0.527805,0.596349,0.000025,0.000964,0.453758,0.000878,92,92,6,0,0,1,6,NotRequested,NotRequested,NotRequested,NotRequested,NotRequested,NotRequested,NotRequested,NotRequested,NotRequested,NotRequested
cusp-approach,0.5,None,1,1.0e-03,0,Converged,Converged,Converged,1,1.4997634600093368,0.00026234994,0.882546,0.266003,0.615212,0.000026,0.000959,0.453945,0.001036,76,76,6,0,0,1,6,NotRequested,NotRequested,NotRequested,NotRequested,NotRequested,NotRequested,NotRequested,NotRequested,NotRequested,NotRequested
cusp-approach,0.5,None,1,1.0e-04,0,Converged,Converged,Converged,1,1.4997634600250056,9.4840003e-05,0.915433,0.268446,0.645789,0.000027,0.000946,0.463912,0.000878,92,92,6,0,0,1,6,NotRequested,NotRequested,NotRequested,NotRequested,NotRequested,NotRequested,NotRequested,NotRequested,NotRequested,NotRequested
cusp-approach,0.5,Strict,0,1.0e-03,0,EventLocationLimited,Converged,EventLocationLimited,1,1.5002754656949193,0.00026001469,1.389759,0.526750,0.862518,0.000025,0.001199,0.465650,0.001453,156,156,6,0,0,1,6,ToleranceMet,ToleranceMet,FiniteUncertified,ToleranceMet,ToleranceMet,ToleranceMet,ToleranceMet,EventLocationLimited,ToleranceMet,ToleranceMet
cusp-approach,0.5,Strict,0,1.0e-04,0,EventLocationLimited,Converged,EventLocationLimited,1,1.5002754657092836,9.7025925e-05,1.364650,0.528300,0.834603,0.000020,0.000932,0.457729,0.000906,156,156,6,0,0,1,6,ToleranceMet,ToleranceMet,FiniteUncertified,ToleranceMet,ToleranceMet,ToleranceMet,ToleranceMet,EventLocationLimited,ToleranceMet,ToleranceMet
cusp-approach,0.5,Strict,1,1.0e-03,0,EventLocationLimited,Converged,EventLocationLimited,1,1.4997634600093368,0.00026234994,1.430717,0.295776,1.008857,0.000051,0.001345,0.468001,0.001590,156,156,6,0,0,1,6,ToleranceMet,ToleranceMet,FiniteUncertified,ToleranceMet,ToleranceMet,ToleranceMet,ToleranceMet,EventLocationLimited,ToleranceMet,ToleranceMet
cusp-approach,0.5,Strict,1,1.0e-04,0,EventLocationLimited,Converged,EventLocationLimited,1,1.4997634600250056,9.4840003e-05,1.203575,0.267785,0.934176,0.000025,0.000897,0.459160,0.000962,156,156,6,0,0,1,6,ToleranceMet,ToleranceMet,FiniteUncertified,ToleranceMet,ToleranceMet,ToleranceMet,ToleranceMet,EventLocationLimited,ToleranceMet,ToleranceMet
cusp-approach,0.5,ValueFirst,0,1.0e-03,0,Converged,Converged,BudgetExceeded,1,1.5002754656949193,0.00026001469,1.319045,0.530973,0.787459,0.000026,0.001344,0.466333,0.001629,124,124,6,0,0,1,6,ToleranceMet,ToleranceMet,FiniteUncertified,ToleranceMet,ToleranceMet,ToleranceMet,ToleranceMet,BudgetExceeded,ToleranceMet,ToleranceMet
cusp-approach,0.5,ValueFirst,0,1.0e-04,0,Converged,Converged,BudgetExceeded,1,1.5002754657092836,9.7025925e-05,1.366850,0.524499,0.840913,0.000021,0.001060,0.471859,0.000971,156,156,6,0,0,1,6,ToleranceMet,ToleranceMet,FiniteUncertified,ToleranceMet,ToleranceMet,ToleranceMet,ToleranceMet,BudgetExceeded,ToleranceMet,ToleranceMet
cusp-approach,0.5,ValueFirst,1,1.0e-03,0,Converged,Converged,BudgetExceeded,1,1.4997634600093368,0.00026234994,1.124992,0.273221,0.849097,0.000026,0.000950,0.460072,0.000944,124,124,6,0,0,1,6,ToleranceMet,ToleranceMet,FiniteUncertified,ToleranceMet,ToleranceMet,ToleranceMet,ToleranceMet,BudgetExceeded,ToleranceMet,ToleranceMet
cusp-approach,0.5,ValueFirst,1,1.0e-04,0,Converged,Converged,BudgetExceeded,1,1.4997634600250056,9.4840003e-05,1.205282,0.266802,0.936846,0.000025,0.000955,0.452161,0.000877,156,156,6,0,0,1,6,ToleranceMet,ToleranceMet,FiniteUncertified,ToleranceMet,ToleranceMet,ToleranceMet,ToleranceMet,BudgetExceeded,ToleranceMet,ToleranceMet
on-axis-off,0.0,None,0,1.0e-03,0,Converged,Converged,Converged,1,3.8271233587613938,0.0032575044,1.077581,0.765465,0.311594,0.000019,0.001698,0.148047,0.003025,99,99,6,0,0,1,2,NotRequested,NotRequested,NotRequested,NotRequested,NotRequested,NotRequested,NotRequested,NotRequested,NotRequested,NotRequested
on-axis-off,0.0,None,0,1.0e-04,0,Converged,Converged,Converged,1,3.827094009959612,0.00025155334,1.325664,0.760132,0.564298,0.000027,0.001147,0.145973,0.001272,243,243,6,0,0,1,2,NotRequested,NotRequested,NotRequested,NotRequested,NotRequested,NotRequested,NotRequested,NotRequested,NotRequested,NotRequested
on-axis-off,0.0,None,1,1.0e-03,0,Converged,Converged,Converged,1,3.8277152338090104,0.0033693513,0.959511,0.654537,0.303155,0.000020,0.001305,0.142213,0.001199,99,99,6,0,0,1,2,NotRequested,NotRequested,NotRequested,NotRequested,NotRequested,NotRequested,NotRequested,NotRequested,NotRequested,NotRequested
on-axis-off,0.0,None,1,1.0e-04,0,Converged,Converged,Converged,1,3.827689119180913,0.00036619568,1.056392,0.604803,0.449978,0.000024,0.001126,0.144360,0.000979,179,179,6,0,0,1,2,NotRequested,NotRequested,NotRequested,NotRequested,NotRequested,NotRequested,NotRequested,NotRequested,NotRequested,NotRequested
on-axis-off,0.0,Strict,0,1.0e-03,0,BudgetExceeded,Converged,BudgetExceeded,1,3.8271233587613938,0.0032575044,49.341969,0.749628,48.591184,0.000024,0.001409,0.145513,0.002123,6645,6645,6,0,0,1,2,FiniteUncertified,ToleranceMet,FiniteUncertified,FiniteUncertified,FiniteUncertified,BudgetExceeded,ToleranceMet,BudgetExceeded,BudgetExceeded,BudgetExceeded
on-axis-off,0.0,Strict,0,1.0e-04,0,BudgetExceeded,Converged,BudgetExceeded,1,3.827094009959612,0.00025155334,31.930829,0.774326,31.139908,0.000039,0.001693,0.159019,0.002402,6669,6669,6,0,0,1,2,FiniteUncertified,ToleranceMet,FiniteUncertified,FiniteUncertified,FiniteUncertified,BudgetExceeded,ToleranceMet,BudgetExceeded,BudgetExceeded,BudgetExceeded
on-axis-off,0.0,Strict,1,1.0e-03,0,BudgetExceeded,Converged,BudgetExceeded,1,3.8277152338090104,0.0033693513,31.851253,0.712074,31.012021,0.000110,0.002912,0.177668,0.003724,6645,6645,6,0,0,1,2,FiniteUncertified,ToleranceMet,FiniteUncertified,FiniteUncertified,FiniteUncertified,BudgetExceeded,ToleranceMet,BudgetExceeded,BudgetExceeded,BudgetExceeded
on-axis-off,0.0,Strict,1,1.0e-04,0,BudgetExceeded,Converged,BudgetExceeded,1,3.827689119180913,0.00036619568,31.830041,0.630493,31.190864,0.000040,0.001486,0.155025,0.002033,6661,6661,6,0,0,1,2,FiniteUncertified,ToleranceMet,FiniteUncertified,FiniteUncertified,FiniteUncertified,BudgetExceeded,ToleranceMet,BudgetExceeded,BudgetExceeded,BudgetExceeded
on-axis-off,0.0,ValueFirst,0,1.0e-03,0,Converged,Converged,BudgetExceeded,1,3.8271233587613938,0.0032575044,1.917178,0.776120,1.139859,0.000042,0.002857,0.159624,0.005145,323,323,6,0,0,1,2,FiniteUncertified,ToleranceMet,FiniteUncertified,FiniteUncertified,FiniteUncertified,BudgetExceeded,ToleranceMet,BudgetExceeded,BudgetExceeded,BudgetExceeded
on-axis-off,0.0,ValueFirst,0,1.0e-04,0,Converged,Converged,BudgetExceeded,1,3.827094009959612,0.00025155334,1.960609,0.766229,1.192955,0.000042,0.001406,0.153609,0.001527,385,385,6,0,0,1,2,FiniteUncertified,ToleranceMet,FiniteUncertified,FiniteUncertified,FiniteUncertified,BudgetExceeded,ToleranceMet,BudgetExceeded,BudgetExceeded,BudgetExceeded
on-axis-off,0.0,ValueFirst,1,1.0e-03,0,Converged,Converged,BudgetExceeded,1,3.8277152338090104,0.0033693513,1.738596,0.658206,1.076787,0.000018,0.001248,0.147215,0.001412,323,323,6,0,0,1,2,FiniteUncertified,ToleranceMet,FiniteUncertified,FiniteUncertified,FiniteUncertified,BudgetExceeded,ToleranceMet,BudgetExceeded,BudgetExceeded,BudgetExceeded
on-axis-off,0.0,ValueFirst,1,1.0e-04,0,Converged,Converged,BudgetExceeded,1,3.827689119180913,0.00036619568,1.848607,0.623235,1.223565,0.000026,0.001276,0.161986,0.001280,378,378,6,0,0,1,2,FiniteUncertified,FiniteUncertified,FiniteUncertified,FiniteUncertified,FiniteUncertified,BudgetExceeded,BudgetExceeded,BudgetExceeded,BudgetExceeded,BudgetExceeded
on-axis-off,0.5,None,0,1.0e-03,0,Converged,Converged,Converged,1,3.8255160277897398,0.001686613,1.118364,0.753720,0.364111,0.000025,0.001469,0.150069,0.002095,115,115,6,0,0,1,2,NotRequested,NotRequested,NotRequested,NotRequested,NotRequested,NotRequested,NotRequested,NotRequested,NotRequested,NotRequested
on-axis-off,0.5,None,0,1.0e-04,0,Converged,Converged,Converged,1,3.8255003674369688,0.00033957101,1.242158,0.755555,0.485247,0.000025,0.001116,0.140053,0.001155,195,195,6,0,0,1,2,NotRequested,NotRequested,NotRequested,NotRequested,NotRequested,NotRequested,NotRequested,NotRequested,NotRequested,NotRequested
on-axis-off,0.5,None,1,1.0e-03,0,Converged,Converged,Converged,1,3.8261030647895988,0.0017198717,1.011770,0.650999,0.359519,0.000025,0.001158,0.148065,0.001072,115,115,6,0,0,1,2,NotRequested,NotRequested,NotRequested,NotRequested,NotRequested,NotRequested,NotRequested,NotRequested,NotRequested,NotRequested
on-axis-off,0.5,None,1,1.0e-04,0,Converged,Converged,Converged,1,3.8260873963930835,0.00029562212,1.124478,0.607749,0.515115,0.000027,0.001089,0.141987,0.000980,195,195,6,0,0,1,2,NotRequested,NotRequested,NotRequested,NotRequested,NotRequested,NotRequested,NotRequested,NotRequested,NotRequested,NotRequested
on-axis-off,0.5,Strict,0,1.0e-03,0,BudgetExceeded,Converged,BudgetExceeded,1,3.8255160277897398,0.001686613,59.561698,0.755022,58.805200,0.000025,0.001429,0.141532,0.002635,6677,6677,6,0,0,1,2,FiniteUncertified,ToleranceMet,FiniteUncertified,FiniteUncertified,FiniteUncertified,BudgetExceeded,ToleranceMet,BudgetExceeded,BudgetExceeded,BudgetExceeded
on-axis-off,0.5,Strict,0,1.0e-04,0,BudgetExceeded,Converged,BudgetExceeded,1,3.8255003674369688,0.00033957101,36.658281,0.832034,35.804099,0.000121,0.002929,0.183251,0.004205,6677,6677,6,0,0,1,2,FiniteUncertified,ToleranceMet,FiniteUncertified,FiniteUncertified,FiniteUncertified,BudgetExceeded,ToleranceMet,BudgetExceeded,BudgetExceeded,BudgetExceeded
on-axis-off,0.5,Strict,1,1.0e-03,0,BudgetExceeded,Converged,BudgetExceeded,1,3.8261030647895988,0.0017198717,37.037029,0.720365,36.176978,0.000193,0.003193,0.181350,0.003723,6677,6677,6,0,0,1,2,FiniteUncertified,ToleranceMet,FiniteUncertified,FiniteUncertified,FiniteUncertified,BudgetExceeded,ToleranceMet,BudgetExceeded,BudgetExceeded,BudgetExceeded
on-axis-off,0.5,Strict,1,1.0e-04,0,BudgetExceeded,Converged,BudgetExceeded,1,3.8260873963930835,0.00029562212,36.581053,0.678139,35.892899,0.000128,0.002000,0.175327,0.003285,6677,6677,6,0,0,1,2,FiniteUncertified,ToleranceMet,FiniteUncertified,FiniteUncertified,FiniteUncertified,BudgetExceeded,ToleranceMet,BudgetExceeded,BudgetExceeded,BudgetExceeded
on-axis-off,0.5,ValueFirst,0,1.0e-03,0,Converged,Converged,BudgetExceeded,1,3.8255160277897398,0.001686613,2.241918,0.814686,1.425108,0.000302,0.003550,0.167893,0.007772,339,339,6,0,0,1,2,FiniteUncertified,ToleranceMet,FiniteUncertified,FiniteUncertified,FiniteUncertified,BudgetExceeded,ToleranceMet,BudgetExceeded,BudgetExceeded,BudgetExceeded
on-axis-off,0.5,ValueFirst,0,1.0e-04,0,Converged,Converged,BudgetExceeded,1,3.8255003674369688,0.00033957101,2.307591,0.761311,1.542787,0.000038,0.001369,0.146322,0.001443,394,394,6,0,0,1,2,FiniteUncertified,FiniteUncertified,FiniteUncertified,FiniteUncertified,FiniteUncertified,BudgetExceeded,BudgetExceeded,BudgetExceeded,BudgetExceeded,BudgetExceeded
on-axis-off,0.5,ValueFirst,1,1.0e-03,0,Converged,Converged,BudgetExceeded,1,3.8261030647895988,0.0017198717,2.015089,0.660597,1.350966,0.000025,0.001216,0.151802,0.001482,339,339,6,0,0,1,2,FiniteUncertified,ToleranceMet,FiniteUncertified,FiniteUncertified,FiniteUncertified,BudgetExceeded,ToleranceMet,BudgetExceeded,BudgetExceeded,BudgetExceeded
on-axis-off,0.5,ValueFirst,1,1.0e-04,0,Converged,Converged,BudgetExceeded,1,3.8260873963930835,0.00029562212,2.184964,0.615707,1.567432,0.000018,0.001197,0.146330,0.001191,394,394,6,0,0,1,2,FiniteUncertified,FiniteUncertified,FiniteUncertified,FiniteUncertified,FiniteUncertified,BudgetExceeded,BudgetExceeded,BudgetExceeded,BudgetExceeded,BudgetExceeded
R=sqrt(m0),0.0,None,0,1.0e-03,0,Converged,Converged,Converged,1,1.3878220326641866,0.00060585019,0.859032,0.285734,0.572699,0.000025,0.001399,0.470570,0.003079,68,68,6,0,0,1,6,NotRequested,NotRequested,NotRequested,NotRequested,NotRequested,NotRequested,NotRequested,NotRequested,NotRequested,NotRequested
R=sqrt(m0),0.0,None,0,1.0e-04,0,Converged,Converged,Converged,1,1.3878220326056712,4.9328132e-05,0.870706,0.285044,0.584551,0.000026,0.001041,0.465873,0.001059,92,92,6,0,0,1,6,NotRequested,NotRequested,NotRequested,NotRequested,NotRequested,NotRequested,NotRequested,NotRequested,NotRequested,NotRequested
R=sqrt(m0),0.0,None,1,1.0e-03,0,Converged,Converged,Converged,1,1.3878570237613608,0.00064091243,0.751172,0.165158,0.584581,0.000020,0.000955,0.466302,0.000989,68,68,6,0,0,1,6,NotRequested,NotRequested,NotRequested,NotRequested,NotRequested,NotRequested,NotRequested,NotRequested,NotRequested,NotRequested
R=sqrt(m0),0.0,None,1,1.0e-04,0,Converged,Converged,Converged,1,1.3878570236857222,4.4659416e-05,0.807939,0.170841,0.635863,0.000019,0.001074,0.477071,0.000814,92,92,6,0,0,1,6,NotRequested,NotRequested,NotRequested,NotRequested,NotRequested,NotRequested,NotRequested,NotRequested,NotRequested,NotRequested
R=sqrt(m0),0.0,Strict,0,1.0e-03,0,EventLocationLimited,Converged,EventLocationLimited,1,1.3878220326641866,0.00060585019,1.102437,0.278041,0.823848,0.000019,0.001358,0.470229,0.001668,204,204,6,0,0,1,6,ToleranceMet,ToleranceMet,FiniteUncertified,ToleranceMet,ToleranceMet,ToleranceMet,ToleranceMet,EventLocationLimited,ToleranceMet,ToleranceMet
R=sqrt(m0),0.0,Strict,0,1.0e-04,0,EventLocationLimited,Converged,EventLocationLimited,1,1.3878220326056712,4.9328132e-05,1.080214,0.279382,0.798834,0.000025,0.001077,0.469483,0.000910,204,204,6,0,0,1,6,ToleranceMet,ToleranceMet,FiniteUncertified,ToleranceMet,ToleranceMet,ToleranceMet,ToleranceMet,EventLocationLimited,ToleranceMet,ToleranceMet
R=sqrt(m0),0.0,Strict,1,1.0e-03,0,EventLocationLimited,Converged,EventLocationLimited,1,1.3878570237613608,0.00064091243,1.298418,0.241958,0.952862,0.000144,0.002394,0.499305,0.004029,204,204,6,0,0,1,6,ToleranceMet,ToleranceMet,FiniteUncertified,ToleranceMet,ToleranceMet,ToleranceMet,ToleranceMet,EventLocationLimited,ToleranceMet,ToleranceMet
R=sqrt(m0),0.0,Strict,1,1.0e-04,0,EventLocationLimited,Converged,EventLocationLimited,1,1.3878570236857222,4.4659416e-05,1.098012,0.173480,0.922451,0.000025,0.001086,0.487067,0.000913,204,204,6,0,0,1,6,ToleranceMet,ToleranceMet,FiniteUncertified,ToleranceMet,ToleranceMet,ToleranceMet,ToleranceMet,EventLocationLimited,ToleranceMet,ToleranceMet
R=sqrt(m0),0.0,ValueFirst,0,1.0e-03,0,Converged,Converged,BudgetExceeded,1,1.3878220326641866,0.00060585019,0.983670,0.283335,0.699209,0.000025,0.001848,0.482261,0.002056,124,124,6,0,0,1,6,FiniteUncertified,ToleranceMet,FiniteUncertified,FiniteUncertified,FiniteUncertified,BudgetExceeded,ToleranceMet,BudgetExceeded,BudgetExceeded,BudgetExceeded
R=sqrt(m0),0.0,ValueFirst,0,1.0e-04,0,Converged,Converged,BudgetExceeded,1,1.3878220326056712,4.9328132e-05,1.087849,0.278912,0.807519,0.000026,0.000987,0.469739,0.000913,204,204,6,0,0,1,6,ToleranceMet,ToleranceMet,FiniteUncertified,ToleranceMet,ToleranceMet,ToleranceMet,ToleranceMet,BudgetExceeded,ToleranceMet,ToleranceMet
R=sqrt(m0),0.0,ValueFirst,1,1.0e-03,0,Converged,Converged,BudgetExceeded,1,1.3878570237613608,0.00064091243,0.895171,0.167129,0.725808,0.000018,0.001055,0.472396,0.000929,124,124,6,0,0,1,6,FiniteUncertified,ToleranceMet,FiniteUncertified,FiniteUncertified,FiniteUncertified,BudgetExceeded,ToleranceMet,BudgetExceeded,BudgetExceeded,BudgetExceeded
R=sqrt(m0),0.0,ValueFirst,1,1.0e-04,0,Converged,Converged,BudgetExceeded,1,1.3878570236857222,4.4659416e-05,1.093207,0.171524,0.919627,0.000030,0.001051,0.477349,0.000869,204,204,6,0,0,1,6,ToleranceMet,ToleranceMet,FiniteUncertified,ToleranceMet,ToleranceMet,ToleranceMet,ToleranceMet,BudgetExceeded,ToleranceMet,ToleranceMet
R=sqrt(m0),0.5,None,0,1.0e-03,0,Converged,Converged,Converged,1,1.3878052400657817,0.00056274656,0.905791,0.282500,0.622713,0.000025,0.001320,0.476023,0.001624,84,84,6,0,0,1,6,NotRequested,NotRequested,NotRequested,NotRequested,NotRequested,NotRequested,NotRequested,NotRequested,NotRequested,NotRequested
R=sqrt(m0),0.5,None,0,1.0e-04,0,Converged,Converged,Converged,1,1.3878052400325598,0.00011943092,0.869784,0.277033,0.591588,0.000021,0.001004,0.452195,0.000894,92,92,6,0,0,1,6,NotRequested,NotRequested,NotRequested,NotRequested,NotRequested,NotRequested,NotRequested,NotRequested,NotRequested,NotRequested
R=sqrt(m0),0.5,None,1,1.0e-03,0,Converged,Converged,Converged,1,1.3878402243024923,0.00059465753,0.805581,0.166547,0.637638,0.000018,0.001031,0.473828,0.000874,84,84,6,0,0,1,6,NotRequested,NotRequested,NotRequested,NotRequested,NotRequested,NotRequested,NotRequested,NotRequested,NotRequested,NotRequested
R=sqrt(m0),0.5,None,1,1.0e-04,0,Converged,Converged,Converged,1,1.38784022425874,0.00011668054,0.800263,0.166881,0.632148,0.000019,0.000940,0.454773,0.000793,92,92,6,0,0,1,6,NotRequested,NotRequested,NotRequested,NotRequested,NotRequested,NotRequested,NotRequested,NotRequested,NotRequested,NotRequested
R=sqrt(m0),0.5,Strict,0,1.0e-03,0,EventLocationLimited,Converged,EventLocationLimited,1,1.3878052400657819,0.00056274656,1.230409,0.279543,0.950276,0.000030,0.001246,0.454012,0.001538,204,204,6,0,0,1,6,ToleranceMet,ToleranceMet,FiniteUncertified,ToleranceMet,ToleranceMet,ToleranceMet,ToleranceMet,EventLocationLimited,ToleranceMet,ToleranceMet
R=sqrt(m0),0.5,Strict,0,1.0e-04,0,EventLocationLimited,Converged,EventLocationLimited,1,1.38780524003256,0.00011943092,1.215949,0.277989,0.935991,0.000021,0.001027,0.467953,0.000853,204,204,6,0,0,1,6,ToleranceMet,ToleranceMet,FiniteUncertified,ToleranceMet,ToleranceMet,ToleranceMet,ToleranceMet,EventLocationLimited,ToleranceMet,ToleranceMet
R=sqrt(m0),0.5,Strict,1,1.0e-03,0,EventLocationLimited,Converged,EventLocationLimited,1,1.3878402243024923,0.00059465753,1.428616,0.240317,1.100642,0.000138,0.002125,0.507327,0.004134,204,204,6,0,0,1,6,ToleranceMet,ToleranceMet,FiniteUncertified,ToleranceMet,ToleranceMet,ToleranceMet,ToleranceMet,EventLocationLimited,ToleranceMet,ToleranceMet
R=sqrt(m0),0.5,Strict,1,1.0e-04,0,EventLocationLimited,Converged,EventLocationLimited,1,1.38784022425874,0.00011668054,1.216380,0.170163,1.044115,0.000024,0.001037,0.473701,0.000908,204,204,6,0,0,1,6,ToleranceMet,ToleranceMet,FiniteUncertified,ToleranceMet,ToleranceMet,ToleranceMet,ToleranceMet,EventLocationLimited,ToleranceMet,ToleranceMet
R=sqrt(m0),0.5,ValueFirst,0,1.0e-03,0,Converged,Converged,BudgetExceeded,1,1.3878052400657819,0.00056274656,1.094066,0.282058,0.811038,0.000027,0.001862,0.484389,0.001819,140,140,6,0,0,1,6,ToleranceMet,ToleranceMet,FiniteUncertified,ToleranceMet,ToleranceMet,ToleranceMet,ToleranceMet,BudgetExceeded,ToleranceMet,ToleranceMet
R=sqrt(m0),0.5,ValueFirst,0,1.0e-04,0,Converged,Converged,BudgetExceeded,1,1.38780524003256,0.00011943092,1.234573,0.279773,0.953208,0.000022,0.001110,0.482470,0.000927,204,204,6,0,0,1,6,ToleranceMet,ToleranceMet,FiniteUncertified,ToleranceMet,ToleranceMet,ToleranceMet,ToleranceMet,BudgetExceeded,ToleranceMet,ToleranceMet
R=sqrt(m0),0.5,ValueFirst,1,1.0e-03,0,Converged,Converged,BudgetExceeded,1,1.3878402243024923,0.00059465753,1.033816,0.165948,0.865947,0.000020,0.001066,0.478175,0.000947,140,140,6,0,0,1,6,ToleranceMet,ToleranceMet,FiniteUncertified,ToleranceMet,ToleranceMet,ToleranceMet,ToleranceMet,BudgetExceeded,ToleranceMet,ToleranceMet
R=sqrt(m0),0.5,ValueFirst,1,1.0e-04,0,Converged,Converged,BudgetExceeded,1,1.38784022425874,0.00011668054,1.231225,0.172791,1.056397,0.000025,0.000985,0.483250,0.000879,204,204,6,0,0,1,6,ToleranceMet,ToleranceMet,FiniteUncertified,ToleranceMet,ToleranceMet,ToleranceMet,ToleranceMet,BudgetExceeded,ToleranceMet,ToleranceMet
tiny-rho,0.0,None,0,1.0e-03,0,Converged,Converged,Converged,1,38.337679646328134,0.033012126,1.483814,0.778675,0.704600,0.000019,0.002717,0.563670,0.003660,90,90,10,0,0,1,10,NotRequested,NotRequested,NotRequested,NotRequested,NotRequested,NotRequested,NotRequested,NotRequested,NotRequested,NotRequested
tiny-rho,0.0,None,0,1.0e-04,0,Converged,Converged,Converged,1,38.337679148833615,0.00034462622,1.532206,0.777264,0.753825,0.000026,0.001633,0.558887,0.001635,138,138,10,0,0,1,10,NotRequested,NotRequested,NotRequested,NotRequested,NotRequested,NotRequested,NotRequested,NotRequested,NotRequested,NotRequested
tiny-rho,0.0,None,1,1.0e-03,0,Converged,Converged,Converged,1,38.304177513727694,0.033398413,1.055537,0.294159,0.759447,0.000019,0.001688,0.574532,0.001520,90,90,10,0,0,1,10,NotRequested,NotRequested,NotRequested,NotRequested,NotRequested,NotRequested,NotRequested,NotRequested,NotRequested,NotRequested
tiny-rho,0.0,None,1,1.0e-04,0,Converged,Converged,Converged,1,38.30417696424842,0.00034528391,1.135618,0.311241,0.822835,0.000019,0.001736,0.560164,0.001381,138,138,10,0,0,1,10,NotRequested,NotRequested,NotRequested,NotRequested,NotRequested,NotRequested,NotRequested,NotRequested,NotRequested,NotRequested
tiny-rho,0.0,Strict,0,1.0e-03,0,EventLocationLimited,Converged,EventLocationLimited,1,38.337679646328134,0.033012126,1.675960,0.775848,0.899609,0.000025,0.001914,0.541006,0.002388,202,202,10,0,0,1,10,ToleranceMet,ToleranceMet,ToleranceMet,ToleranceMet,FiniteUncertified,ToleranceMet,ToleranceMet,ToleranceMet,ToleranceMet,EventLocationLimited
tiny-rho,0.0,Strict,0,1.0e-04,0,EventLocationLimited,Converged,EventLocationLimited,1,38.337679148833615,0.00034462622,1.677718,0.779062,0.896511,0.000279,0.001943,0.568104,0.001521,202,202,10,0,0,1,10,ToleranceMet,ToleranceMet,ToleranceMet,ToleranceMet,FiniteUncertified,ToleranceMet,ToleranceMet,ToleranceMet,ToleranceMet,EventLocationLimited
tiny-rho,0.0,Strict,1,1.0e-03,0,EventLocationLimited,Converged,EventLocationLimited,1,38.304177513727694,0.033398413,1.968698,0.394241,1.173821,0.000037,0.004437,0.657158,0.004341,202,202,10,0,0,1,10,ToleranceMet,ToleranceMet,ToleranceMet,ToleranceMet,FiniteUncertified,ToleranceMet,ToleranceMet,ToleranceMet,ToleranceMet,EventLocationLimited
tiny-rho,0.0,Strict,1,1.0e-04,0,EventLocationLimited,Converged,EventLocationLimited,1,38.30417696424842,0.00034528391,1.507208,0.349397,1.155017,0.000021,0.001899,0.629625,0.001772,202,202,10,0,0,1,10,ToleranceMet,ToleranceMet,ToleranceMet,ToleranceMet,FiniteUncertified,ToleranceMet,ToleranceMet,ToleranceMet,ToleranceMet,EventLocationLimited
tiny-rho,0.0,ValueFirst,0,1.0e-03,0,Converged,Converged,BudgetExceeded,1,38.337679646328134,0.033012126,1.781004,0.873075,0.907099,0.000028,0.002732,0.623820,0.003291,138,138,10,0,0,1,10,ToleranceMet,ToleranceMet,FiniteUncertified,ToleranceMet,FiniteUncertified,ToleranceMet,ToleranceMet,BudgetExceeded,ToleranceMet,BudgetExceeded
tiny-rho,0.0,ValueFirst,0,1.0e-04,0,Converged,Converged,BudgetExceeded,1,38.337679148833615,0.00034462622,1.890410,0.866355,1.022385,0.000022,0.001905,0.646773,0.001714,202,202,10,0,0,1,10,ToleranceMet,ToleranceMet,ToleranceMet,ToleranceMet,FiniteUncertified,ToleranceMet,ToleranceMet,ToleranceMet,ToleranceMet,BudgetExceeded
tiny-rho,0.0,ValueFirst,1,1.0e-03,0,Converged,Converged,BudgetExceeded,1,38.304177513727694,0.033398413,1.315620,0.327010,0.986227,0.000029,0.001873,0.648235,0.001833,138,138,10,0,0,1,10,ToleranceMet,ToleranceMet,FiniteUncertified,ToleranceMet,FiniteUncertified,ToleranceMet,ToleranceMet,BudgetExceeded,ToleranceMet,BudgetExceeded
tiny-rho,0.0,ValueFirst,1,1.0e-04,0,Converged,Converged,BudgetExceeded,1,38.30417696424842,0.00034528391,1.458859,0.348852,1.107768,0.000028,0.001749,0.619201,0.001623,202,202,10,0,0,1,10,ToleranceMet,ToleranceMet,ToleranceMet,ToleranceMet,FiniteUncertified,ToleranceMet,ToleranceMet,ToleranceMet,ToleranceMet,BudgetExceeded
tiny-rho,0.5,None,0,1.0e-03,0,Converged,Converged,Converged,1,38.322870948591017,0.028812817,1.728800,0.866395,0.861845,0.000028,0.002126,0.628561,0.002641,114,114,10,0,0,1,10,NotRequested,NotRequested,NotRequested,NotRequested,NotRequested,NotRequested,NotRequested,NotRequested,NotRequested,NotRequested
tiny-rho,0.5,None,0,1.0e-04,0,Converged,Converged,Converged,1,38.322870590526378,0.0016680624,1.838053,0.875279,0.961086,0.000026,0.002554,0.706865,0.001860,138,138,10,0,0,1,10,NotRequested,NotRequested,NotRequested,NotRequested,NotRequested,NotRequested,NotRequested,NotRequested,NotRequested,NotRequested
tiny-rho,0.5,None,1,1.0e-03,0,Converged,Converged,Converged,1,38.289441393033897,0.028709353,1.257207,0.328336,0.927037,0.000021,0.001735,0.631652,0.001688,114,114,10,0,0,1,10,NotRequested,NotRequested,NotRequested,NotRequested,NotRequested,NotRequested,NotRequested,NotRequested,NotRequested,NotRequested
tiny-rho,0.5,None,1,1.0e-04,0,Converged,Converged,Converged,1,38.289441008892638,0.0016682614,1.308904,0.349811,0.957378,0.000029,0.001754,0.622474,0.001574,138,138,10,0,0,1,10,NotRequested,NotRequested,NotRequested,NotRequested,NotRequested,NotRequested,NotRequested,NotRequested,NotRequested,NotRequested
tiny-rho,0.5,Strict,0,1.0e-03,0,EventLocationLimited,Converged,EventLocationLimited,1,38.322870948591017,0.028812817,2.076639,0.857679,1.218374,0.000022,0.002228,0.640364,0.002490,202,202,10,0,0,1,10,ToleranceMet,ToleranceMet,FiniteUncertified,ToleranceMet,FiniteUncertified,ToleranceMet,ToleranceMet,EventLocationLimited,ToleranceMet,EventLocationLimited
tiny-rho,0.5,Strict,0,1.0e-04,0,EventLocationLimited,Converged,EventLocationLimited,1,38.322870590526378,0.0016680624,2.019491,0.861498,1.155839,0.000021,0.001896,0.622628,0.001773,202,202,10,0,0,1,10,ToleranceMet,ToleranceMet,FiniteUncertified,ToleranceMet,FiniteUncertified,ToleranceMet,ToleranceMet,EventLocationLimited,ToleranceMet,EventLocationLimited
tiny-rho,0.5,Strict,1,1.0e-03,0,EventLocationLimited,Converged,EventLocationLimited,1,38.289441393033897,0.028709353,2.252895,0.437763,1.445839,0.000278,0.005757,0.717208,0.008296,202,202,10,0,0,1,10,ToleranceMet,ToleranceMet,FiniteUncertified,ToleranceMet,FiniteUncertified,ToleranceMet,ToleranceMet,EventLocationLimited,ToleranceMet,EventLocationLimited
tiny-rho,0.5,Strict,1,1.0e-04,0,EventLocationLimited,Converged,EventLocationLimited,1,38.289441008892638,0.0016682614,1.675259,0.354199,1.318406,0.000030,0.001834,0.646702,0.001688,202,202,10,0,0,1,10,ToleranceMet,ToleranceMet,FiniteUncertified,ToleranceMet,FiniteUncertified,ToleranceMet,ToleranceMet,EventLocationLimited,ToleranceMet,EventLocationLimited
tiny-rho,0.5,ValueFirst,0,1.0e-03,0,Converged,Converged,BudgetExceeded,1,38.322870948591017,0.028812817,1.942420,0.882852,1.058222,0.000059,0.003906,0.617836,0.003679,154,154,10,0,0,1,10,FiniteUncertified,ToleranceMet,FiniteUncertified,FiniteUncertified,FiniteUncertified,BudgetExceeded,ToleranceMet,BudgetExceeded,BudgetExceeded,BudgetExceeded
tiny-rho,0.5,ValueFirst,0,1.0e-04,0,Converged,Converged,BudgetExceeded,1,38.322870590526378,0.0016680624,2.047206,0.885030,1.160389,0.000062,0.001952,0.622812,0.001706,202,202,10,0,0,1,10,ToleranceMet,ToleranceMet,FiniteUncertified,ToleranceMet,FiniteUncertified,ToleranceMet,ToleranceMet,BudgetExceeded,ToleranceMet,BudgetExceeded
tiny-rho,0.5,ValueFirst,1,1.0e-03,0,Converged,Converged,BudgetExceeded,1,38.289441393033897,0.028709353,1.476726,0.325987,1.147542,0.000036,0.001937,0.628295,0.001781,154,154,10,0,0,1,10,FiniteUncertified,ToleranceMet,FiniteUncertified,FiniteUncertified,FiniteUncertified,BudgetExceeded,ToleranceMet,BudgetExceeded,BudgetExceeded,BudgetExceeded
tiny-rho,0.5,ValueFirst,1,1.0e-04,0,Converged,Converged,BudgetExceeded,1,38.289441008892638,0.0016682614,1.643777,0.347057,1.294591,0.000043,0.001821,0.623957,0.001600,202,202,10,0,0,1,10,ToleranceMet,ToleranceMet,FiniteUncertified,ToleranceMet,FiniteUncertified,ToleranceMet,ToleranceMet,BudgetExceeded,ToleranceMet,BudgetExceeded
caustic-cross,0.0,None,0,1.0e-03,0,Converged,Converged,Converged,1,31.943801777427275,0.015208817,1.320296,0.971772,0.347823,0.000022,0.001633,0.092047,0.003521,131,131,5,0,0,1,1,NotRequested,NotRequested,NotRequested,NotRequested,NotRequested,NotRequested,NotRequested,NotRequested,NotRequested,NotRequested
caustic-cross,0.0,None,0,1.0e-04,0,Converged,Converged,Converged,1,31.943872600409247,0.0030871734,1.434238,0.940803,0.491652,0.000029,0.001195,0.087793,0.001283,227,227,5,0,0,1,1,NotRequested,NotRequested,NotRequested,NotRequested,NotRequested,NotRequested,NotRequested,NotRequested,NotRequested,NotRequested
caustic-cross,0.0,None,1,1.0e-03,0,Converged,Converged,Converged,1,31.968932142645752,0.015369871,12.738487,12.386588,0.350319,0.000022,0.001130,0.094500,0.001304,131,131,5,0,0,1,1,NotRequested,NotRequested,NotRequested,NotRequested,NotRequested,NotRequested,NotRequested,NotRequested,NotRequested,NotRequested
caustic-cross,0.0,None,1,1.0e-04,0,Converged,Converged,Converged,1,31.969003422700442,0.0031228236,12.657796,12.049432,0.605013,0.000030,0.001264,0.098411,0.001152,227,227,5,0,0,1,1,NotRequested,NotRequested,NotRequested,NotRequested,NotRequested,NotRequested,NotRequested,NotRequested,NotRequested,NotRequested
caustic-cross,0.0,Strict,0,1.0e-03,0,BudgetExceeded,Converged,BudgetExceeded,1,31.943801777427275,0.015208817,48.587271,0.943029,47.642085,0.000028,0.001404,0.089126,0.002158,6049,6049,5,0,0,1,1,FiniteUncertified,ToleranceMet,FiniteUncertified,FiniteUncertified,FiniteUncertified,BudgetExceeded,ToleranceMet,BudgetExceeded,BudgetExceeded,BudgetExceeded
caustic-cross,0.0,Strict,0,1.0e-04,0,BudgetExceeded,Converged,BudgetExceeded,1,31.943872600409247,0.0030871734,31.197976,1.023989,30.137355,0.000250,0.002825,0.130303,0.004762,6089,6089,5,0,0,1,1,FiniteUncertified,ToleranceMet,FiniteUncertified,FiniteUncertified,FiniteUncertified,BudgetExceeded,ToleranceMet,BudgetExceeded,BudgetExceeded,BudgetExceeded
caustic-cross,0.0,Strict,1,1.0e-03,0,BudgetExceeded,Converged,BudgetExceeded,1,31.968932142645752,0.015369871,42.499401,12.596481,29.773256,0.000307,0.003028,0.143290,0.006661,6049,6049,5,0,0,1,1,FiniteUncertified,ToleranceMet,FiniteUncertified,FiniteUncertified,FiniteUncertified,BudgetExceeded,ToleranceMet,BudgetExceeded,BudgetExceeded,BudgetExceeded
caustic-cross,0.0,Strict,1,1.0e-04,0,BudgetExceeded,Converged,BudgetExceeded,1,31.969003422700442,0.0031228236,42.172545,12.419220,29.721877,0.000265,0.002611,0.140303,0.005733,6089,6089,5,0,0,1,1,FiniteUncertified,ToleranceMet,FiniteUncertified,FiniteUncertified,FiniteUncertified,BudgetExceeded,ToleranceMet,BudgetExceeded,BudgetExceeded,BudgetExceeded
caustic-cross,0.0,ValueFirst,0,1.0e-03,0,Converged,Converged,BudgetExceeded,1,31.943801777427275,0.015208817,2.192944,1.038186,1.151949,0.000255,0.004139,0.135629,0.009019,330,330,5,0,0,1,1,FiniteUncertified,FiniteUncertified,FiniteUncertified,FiniteUncertified,FiniteUncertified,BudgetExceeded,BudgetExceeded,BudgetExceeded,BudgetExceeded,BudgetExceeded
caustic-cross,0.0,ValueFirst,0,1.0e-04,0,Converged,Converged,BudgetExceeded,1,31.943872600409247,0.0030871734,2.069317,0.952084,1.113322,0.000061,0.001542,0.095465,0.001768,369,369,5,0,0,1,1,FiniteUncertified,ToleranceMet,FiniteUncertified,FiniteUncertified,FiniteUncertified,BudgetExceeded,ToleranceMet,BudgetExceeded,BudgetExceeded,BudgetExceeded
caustic-cross,0.0,ValueFirst,1,1.0e-03,0,Converged,Converged,BudgetExceeded,1,31.968932142645752,0.015369871,13.233171,12.048922,1.179309,0.000029,0.001272,0.098038,0.001671,330,330,5,0,0,1,1,FiniteUncertified,FiniteUncertified,FiniteUncertified,FiniteUncertified,FiniteUncertified,BudgetExceeded,BudgetExceeded,BudgetExceeded,BudgetExceeded,BudgetExceeded
caustic-cross,0.0,ValueFirst,1,1.0e-04,0,Converged,Converged,BudgetExceeded,1,31.969003422700442,0.0031228236,13.326973,12.118991,1.203680,0.000032,0.001088,0.097327,0.001183,369,369,5,0,0,1,1,FiniteUncertified,ToleranceMet,FiniteUncertified,FiniteUncertified,FiniteUncertified,BudgetExceeded,ToleranceMet,BudgetExceeded,BudgetExceeded,BudgetExceeded
caustic-cross,0.5,None,0,1.0e-03,0,Converged,Converged,Converged,1,33.289129923596413,0.024331846,1.360187,0.939647,0.419717,0.000020,0.001427,0.090278,0.002398,123,123,5,0,0,1,1,NotRequested,NotRequested,NotRequested,NotRequested,NotRequested,NotRequested,NotRequested,NotRequested,NotRequested,NotRequested
caustic-cross,0.5,None,0,1.0e-04,0,Converged,Converged,Converged,1,33.288796153740229,0.0021504974,1.686537,0.937146,0.747744,0.000031,0.001083,0.084784,0.001129,267,267,5,0,0,1,1,NotRequested,NotRequested,NotRequested,NotRequested,NotRequested,NotRequested,NotRequested,NotRequested,NotRequested,NotRequested
caustic-cross,0.5,None,1,1.0e-03,0,Converged,Converged,Converged,1,33.304050190376834,0.024531584,12.742101,12.192883,0.547581,0.000021,0.002106,0.098428,0.001180,123,123,5,0,0,1,1,NotRequested,NotRequested,NotRequested,NotRequested,NotRequested,NotRequested,NotRequested,NotRequested,NotRequested,NotRequested
caustic-cross,0.5,None,1,1.0e-04,0,Converged,Converged,Converged,1,33.303712727538475,0.0021635559,13.203356,12.222491,0.977215,0.000029,0.001146,0.099481,0.001098,267,267,5,0,0,1,1,NotRequested,NotRequested,NotRequested,NotRequested,NotRequested,NotRequested,NotRequested,NotRequested,NotRequested,NotRequested
caustic-cross,0.5,Strict,0,1.0e-03,0,BudgetExceeded,Converged,BudgetExceeded,1,33.289129923596413,0.024331846,64.779204,0.972492,63.804942,0.000028,0.001862,0.092833,0.002196,6201,6201,5,0,0,1,1,FiniteUncertified,FiniteUncertified,FiniteUncertified,FiniteUncertified,FiniteUncertified,BudgetExceeded,BudgetExceeded,BudgetExceeded,BudgetExceeded,BudgetExceeded
caustic-cross,0.5,Strict,0,1.0e-04,0,BudgetExceeded,Converged,BudgetExceeded,1,33.288796153740229,0.0021504974,45.590228,1.065829,44.484217,0.000218,0.002529,0.138808,0.006142,6217,6217,5,0,0,1,1,FiniteUncertified,FiniteUncertified,FiniteUncertified,FiniteUncertified,FiniteUncertified,BudgetExceeded,BudgetExceeded,BudgetExceeded,BudgetExceeded,BudgetExceeded
caustic-cross,0.5,Strict,1,1.0e-03,0,BudgetExceeded,Converged,BudgetExceeded,1,33.304050190376834,0.024531584,57.040451,12.286525,44.551133,0.000252,0.002827,0.150129,0.005646,6201,6201,5,0,0,1,1,FiniteUncertified,FiniteUncertified,FiniteUncertified,FiniteUncertified,FiniteUncertified,BudgetExceeded,BudgetExceeded,BudgetExceeded,BudgetExceeded,BudgetExceeded
caustic-cross,0.5,Strict,1,1.0e-04,0,BudgetExceeded,Converged,BudgetExceeded,1,33.303712727538475,0.0021635559,56.865263,12.415392,44.421464,0.000233,0.002604,0.135272,0.003870,6217,6217,5,0,0,1,1,FiniteUncertified,FiniteUncertified,FiniteUncertified,FiniteUncertified,FiniteUncertified,BudgetExceeded,BudgetExceeded,BudgetExceeded,BudgetExceeded,BudgetExceeded
caustic-cross,0.5,ValueFirst,0,1.0e-03,0,Converged,Converged,BudgetExceeded,1,33.289129923596413,0.024331846,2.747874,1.048222,1.697610,0.000201,0.003544,0.129185,0.006793,331,331,5,0,0,1,1,FiniteUncertified,FiniteUncertified,FiniteUncertified,FiniteUncertified,FiniteUncertified,BudgetExceeded,BudgetExceeded,BudgetExceeded,BudgetExceeded,BudgetExceeded
caustic-cross,0.5,ValueFirst,0,1.0e-04,0,Converged,Converged,BudgetExceeded,1,33.288796153740229,0.0021504974,2.871849,0.965346,1.902978,0.000063,0.001254,0.096496,0.001827,409,409,5,0,0,1,1,FiniteUncertified,FiniteUncertified,FiniteUncertified,FiniteUncertified,FiniteUncertified,BudgetExceeded,BudgetExceeded,BudgetExceeded,BudgetExceeded,BudgetExceeded
caustic-cross,0.5,ValueFirst,1,1.0e-03,0,Converged,Converged,BudgetExceeded,1,33.304050190376834,0.024531584,14.086348,12.397824,1.683937,0.000027,0.001143,0.103951,0.001612,331,331,5,0,0,1,1,FiniteUncertified,FiniteUncertified,FiniteUncertified,FiniteUncertified,FiniteUncertified,BudgetExceeded,BudgetExceeded,BudgetExceeded,BudgetExceeded,BudgetExceeded
caustic-cross,0.5,ValueFirst,1,1.0e-04,0,Converged,Converged,BudgetExceeded,1,33.303712727538475,0.0021635559,14.325767,12.368784,1.952330,0.000027,0.001103,0.101150,0.001203,409,409,5,0,0,1,1,FiniteUncertified,FiniteUncertified,FiniteUncertified,FiniteUncertified,FiniteUncertified,BudgetExceeded,BudgetExceeded,BudgetExceeded,BudgetExceeded,BudgetExceeded
extreme-q-lo,0.0,None,0,1.0e-03,0,Converged,Converged,Converged,1,1.6758184942457073,0.00040262248,1.297285,0.845005,0.451592,0.000028,0.001851,0.335834,0.002651,53,53,6,3,3,1,3,NotRequested,NotRequested,NotRequested,NotRequested,NotRequested,NotRequested,NotRequested,NotRequested,NotRequested,NotRequested
extreme-q-lo,0.0,None,0,1.0e-04,0,Converged,Converged,Converged,1,1.6758184942425287,1.7991347e-09,1.287682,0.820095,0.466528,0.000030,0.001128,0.317009,0.000875,69,69,6,3,3,1,3,NotRequested,NotRequested,NotRequested,NotRequested,NotRequested,NotRequested,NotRequested,NotRequested,NotRequested,NotRequested
extreme-q-lo,0.0,None,1,1.0e-03,0,Converged,Converged,Converged,1,1.6754780330472665,0.00040240878,1.130401,0.697483,0.431477,0.000036,0.002229,0.315515,0.000845,53,53,6,3,3,1,3,NotRequested,NotRequested,NotRequested,NotRequested,NotRequested,NotRequested,NotRequested,NotRequested,NotRequested,NotRequested
extreme-q-lo,0.0,None,1,1.0e-04,0,Converged,Converged,Converged,1,1.6754780330440928,1.8032845e-09,1.168387,0.686071,0.481294,0.000028,0.001119,0.321241,0.000797,69,69,6,3,3,1,3,NotRequested,NotRequested,NotRequested,NotRequested,NotRequested,NotRequested,NotRequested,NotRequested,NotRequested,NotRequested
extreme-q-lo,0.0,Strict,0,1.0e-03,0,EventLocationLimited,Converged,EventLocationLimited,1,1.6758184942457073,0.00040262248,1.375507,0.840781,0.534128,0.000023,0.001476,0.313859,0.001625,77,77,6,3,3,1,3,ToleranceMet,ToleranceMet,FiniteUncertified,FiniteUncertified,FiniteUncertified,ToleranceMet,ToleranceMet,EventLocationLimited,EventLocationLimited,EventLocationLimited
extreme-q-lo,0.0,Strict,0,1.0e-04,0,EventLocationLimited,Converged,EventLocationLimited,1,1.6758184942425287,1.7991347e-09,1.353475,0.832137,0.520104,0.000021,0.001157,0.320926,0.000773,77,77,6,3,3,1,3,ToleranceMet,ToleranceMet,FiniteUncertified,FiniteUncertified,FiniteUncertified,ToleranceMet,ToleranceMet,EventLocationLimited,EventLocationLimited,EventLocationLimited
extreme-q-lo,0.0,Strict,1,1.0e-03,0,EventLocationLimited,Converged,EventLocationLimited,1,1.6754780330472665,0.00040240878,1.474443,0.798198,0.606905,0.000257,0.002969,0.381312,0.004026,77,77,6,3,3,1,3,ToleranceMet,ToleranceMet,FiniteUncertified,FiniteUncertified,FiniteUncertified,ToleranceMet,ToleranceMet,EventLocationLimited,EventLocationLimited,EventLocationLimited
extreme-q-lo,0.0,Strict,1,1.0e-04,0,EventLocationLimited,Converged,EventLocationLimited,1,1.6754780330440928,1.8032845e-09,1.216532,0.703572,0.511552,0.000029,0.001113,0.318689,0.000792,77,77,6,3,3,1,3,ToleranceMet,ToleranceMet,FiniteUncertified,FiniteUncertified,FiniteUncertified,ToleranceMet,ToleranceMet,EventLocationLimited,EventLocationLimited,EventLocationLimited
extreme-q-lo,0.0,ValueFirst,0,1.0e-03,0,Converged,Converged,EventLocationLimited,1,1.6758184942457073,0.00040262248,1.343397,0.826211,0.514953,0.000032,0.002830,0.318898,0.002009,77,77,6,3,3,1,3,ToleranceMet,ToleranceMet,FiniteUncertified,FiniteUncertified,FiniteUncertified,ToleranceMet,ToleranceMet,EventLocationLimited,EventLocationLimited,EventLocationLimited
extreme-q-lo,0.0,ValueFirst,0,1.0e-04,0,Converged,Converged,EventLocationLimited,1,1.6758184942425287,1.7991347e-09,1.299160,0.819037,0.479040,0.000021,0.001017,0.305767,0.000716,77,77,6,3,3,1,3,ToleranceMet,ToleranceMet,FiniteUncertified,FiniteUncertified,FiniteUncertified,ToleranceMet,ToleranceMet,EventLocationLimited,EventLocationLimited,EventLocationLimited
extreme-q-lo,0.0,ValueFirst,1,1.0e-03,0,Converged,Converged,EventLocationLimited,1,1.6754780330472665,0.00040240878,1.298200,0.694412,0.600429,0.000053,0.001218,0.365035,0.001133,77,77,6,3,3,1,3,ToleranceMet,ToleranceMet,FiniteUncertified,FiniteUncertified,FiniteUncertified,ToleranceMet,ToleranceMet,EventLocationLimited,EventLocationLimited,EventLocationLimited
extreme-q-lo,0.0,ValueFirst,1,1.0e-04,0,Converged,Converged,EventLocationLimited,1,1.6754780330440928,1.8032845e-09,1.198870,0.701866,0.495855,0.000029,0.001120,0.309482,0.000756,77,77,6,3,3,1,3,ToleranceMet,ToleranceMet,FiniteUncertified,FiniteUncertified,FiniteUncertified,ToleranceMet,ToleranceMet,EventLocationLimited,EventLocationLimited,EventLocationLimited
extreme-q-lo,0.5,None,0,1.0e-03,0,Converged,Converged,Converged,1,1.6758050595845753,3.3857945e-08,1.359262,0.819037,0.539412,0.000028,0.001429,0.309511,0.001667,69,69,6,3,3,1,3,NotRequested,NotRequested,NotRequested,NotRequested,NotRequested,NotRequested,NotRequested,NotRequested,NotRequested,NotRequested
extreme-q-lo,0.5,None,0,1.0e-04,0,Converged,Converged,Converged,1,1.6758050595845753,3.3857945e-08,1.340070,0.866346,0.472700,0.000021,0.001095,0.296926,0.000715,69,69,6,3,3,1,3,NotRequested,NotRequested,NotRequested,NotRequested,NotRequested,NotRequested,NotRequested,NotRequested,NotRequested,NotRequested
extreme-q-lo,0.5,None,1,1.0e-03,0,Converged,Converged,Converged,1,1.675464608123451,3.3841534e-08,1.187936,0.686390,0.500443,0.000020,0.001190,0.310048,0.000746,69,69,6,3,3,1,3,NotRequested,NotRequested,NotRequested,NotRequested,NotRequested,NotRequested,NotRequested,NotRequested,NotRequested,NotRequested
extreme-q-lo,0.5,None,1,1.0e-04,0,Converged,Converged,Converged,1,1.675464608123451,3.3841534e-08,1.195664,0.698483,0.496222,0.000028,0.001025,0.312038,0.000786,69,69,6,3,3,1,3,NotRequested,NotRequested,NotRequested,NotRequested,NotRequested,NotRequested,NotRequested,NotRequested,NotRequested,NotRequested
extreme-q-lo,0.5,Strict,0,1.0e-03,0,EventLocationLimited,Converged,EventLocationLimited,1,1.6758050595845753,3.3857946e-08,1.428958,0.813272,0.615062,0.000029,0.001328,0.331308,0.001421,77,77,6,3,3,1,3,ToleranceMet,ToleranceMet,FiniteUncertified,FiniteUncertified,FiniteUncertified,ToleranceMet,ToleranceMet,EventLocationLimited,EventLocationLimited,EventLocationLimited
extreme-q-lo,0.5,Strict,0,1.0e-04,0,EventLocationLimited,Converged,EventLocationLimited,1,1.6758050595845753,3.3857946e-08,1.417508,0.819771,0.596655,0.000021,0.001146,0.323706,0.000739,77,77,6,3,3,1,3,ToleranceMet,ToleranceMet,FiniteUncertified,FiniteUncertified,FiniteUncertified,ToleranceMet,ToleranceMet,EventLocationLimited,EventLocationLimited,EventLocationLimited
extreme-q-lo,0.5,Strict,1,1.0e-03,0,EventLocationLimited,Converged,EventLocationLimited,1,1.675464608123451,3.3841533e-08,1.545789,0.789917,0.687906,0.000294,0.002568,0.381735,0.003232,77,77,6,3,3,1,3,ToleranceMet,ToleranceMet,FiniteUncertified,FiniteUncertified,FiniteUncertified,ToleranceMet,ToleranceMet,EventLocationLimited,EventLocationLimited,EventLocationLimited
extreme-q-lo,0.5,Strict,1,1.0e-04,0,EventLocationLimited,Converged,EventLocationLimited,1,1.675464608123451,3.3841533e-08,1.238767,0.652033,0.585184,0.000028,0.001115,0.303952,0.000701,77,77,6,3,3,1,3,ToleranceMet,ToleranceMet,FiniteUncertified,FiniteUncertified,FiniteUncertified,ToleranceMet,ToleranceMet,EventLocationLimited,EventLocationLimited,EventLocationLimited
extreme-q-lo,0.5,ValueFirst,0,1.0e-03,0,Converged,Converged,EventLocationLimited,1,1.6758050595845753,3.3857946e-08,1.399027,0.809788,0.587521,0.000028,0.002749,0.301106,0.002163,77,77,6,3,3,1,3,ToleranceMet,ToleranceMet,FiniteUncertified,FiniteUncertified,FiniteUncertified,ToleranceMet,ToleranceMet,EventLocationLimited,EventLocationLimited,EventLocationLimited
extreme-q-lo,0.5,ValueFirst,0,1.0e-04,0,Converged,Converged,EventLocationLimited,1,1.6758050595845753,3.3857946e-08,1.391979,0.819062,0.571729,0.000022,0.001065,0.308405,0.000784,77,77,6,3,3,1,3,ToleranceMet,ToleranceMet,FiniteUncertified,FiniteUncertified,FiniteUncertified,ToleranceMet,ToleranceMet,EventLocationLimited,EventLocationLimited,EventLocationLimited
extreme-q-lo,0.5,ValueFirst,1,1.0e-03,0,Converged,Converged,EventLocationLimited,1,1.675464608123451,3.3841533e-08,1.249555,0.656504,0.590366,0.000025,0.000949,0.316512,0.000814,77,77,6,3,3,1,3,ToleranceMet,ToleranceMet,FiniteUncertified,FiniteUncertified,FiniteUncertified,ToleranceMet,ToleranceMet,EventLocationLimited,EventLocationLimited,EventLocationLimited
extreme-q-lo,0.5,ValueFirst,1,1.0e-04,0,Converged,Converged,EventLocationLimited,1,1.675464608123451,3.3841533e-08,1.277678,0.690795,0.585731,0.000020,0.001090,0.309672,0.000688,77,77,6,3,3,1,3,ToleranceMet,ToleranceMet,FiniteUncertified,FiniteUncertified,FiniteUncertified,ToleranceMet,ToleranceMet,EventLocationLimited,EventLocationLimited,EventLocationLimited
extreme-q-planet,0.0,None,0,1.0e-03,0,Converged,Converged,Converged,1,1.3710362547682691,0.00094213453,1.727587,1.007749,0.719056,0.000024,0.002267,0.531715,0.005073,82,82,6,3,3,1,3,NotRequested,NotRequested,NotRequested,NotRequested,NotRequested,NotRequested,NotRequested,NotRequested,NotRequested,NotRequested
extreme-q-planet,0.0,None,0,1.0e-04,0,Converged,Converged,Converged,1,1.3710366026352474,7.0940515e-05,1.747722,0.986179,0.760456,0.000020,0.001230,0.507127,0.001497,138,138,6,3,3,1,3,NotRequested,NotRequested,NotRequested,NotRequested,NotRequested,NotRequested,NotRequested,NotRequested,NotRequested,NotRequested
extreme-q-planet,0.0,None,1,1.0e-03,0,Converged,Converged,Converged,1,1.3707084399960816,0.00092875575,1.604576,0.925639,0.677361,0.000021,0.001331,0.496821,0.001350,82,82,6,3,3,1,3,NotRequested,NotRequested,NotRequested,NotRequested,NotRequested,NotRequested,NotRequested,NotRequested,NotRequested,NotRequested
extreme-q-planet,0.0,None,1,1.0e-04,0,Converged,Converged,Converged,1,1.3707087790830221,7.1188048e-05,1.834574,0.999116,0.833894,0.000034,0.001522,0.540356,0.001332,138,138,6,3,3,1,3,NotRequested,NotRequested,NotRequested,NotRequested,NotRequested,NotRequested,NotRequested,NotRequested,NotRequested,NotRequested
extreme-q-planet,0.0,Strict,0,1.0e-03,0,EventLocationLimited,Converged,EventLocationLimited,1,1.3710362547682691,0.00094213453,2.137636,0.997249,1.139725,0.000027,0.001542,0.512118,0.002342,282,282,6,3,3,1,3,ToleranceMet,ToleranceMet,FiniteUncertified,ToleranceMet,ToleranceMet,ToleranceMet,ToleranceMet,EventLocationLimited,ToleranceMet,ToleranceMet
extreme-q-planet,0.0,Strict,0,1.0e-04,0,EventLocationLimited,Converged,EventLocationLimited,1,1.3710366026352474,7.0940515e-05,2.118470,1.012559,1.103437,0.000021,0.001323,0.527651,0.001423,282,282,6,3,3,1,3,ToleranceMet,ToleranceMet,FiniteUncertified,ToleranceMet,ToleranceMet,ToleranceMet,ToleranceMet,EventLocationLimited,ToleranceMet,ToleranceMet
extreme-q-planet,0.0,Strict,1,1.0e-03,0,EventLocationLimited,Converged,EventLocationLimited,1,1.3707084399960816,0.00092875575,2.510264,1.009464,1.429678,0.000381,0.002966,0.568565,0.005184,282,282,6,3,3,1,3,ToleranceMet,ToleranceMet,FiniteUncertified,ToleranceMet,ToleranceMet,ToleranceMet,ToleranceMet,EventLocationLimited,ToleranceMet,ToleranceMet
extreme-q-planet,0.0,Strict,1,1.0e-04,0,EventLocationLimited,Converged,EventLocationLimited,1,1.3707087790830221,7.1188048e-05,2.167428,0.935982,1.228630,0.000021,0.001309,0.519126,0.001294,282,282,6,3,3,1,3,ToleranceMet,ToleranceMet,FiniteUncertified,ToleranceMet,ToleranceMet,ToleranceMet,ToleranceMet,EventLocationLimited,ToleranceMet,ToleranceMet
extreme-q-planet,0.0,ValueFirst,0,1.0e-03,0,Converged,Converged,BudgetExceeded,1,1.3710362547682691,0.00094213453,1.857387,1.023763,0.831925,0.000030,0.002829,0.531250,0.002837,138,138,6,3,3,1,3,FiniteUncertified,FiniteUncertified,FiniteUncertified,FiniteUncertified,FiniteUncertified,BudgetExceeded,BudgetExceeded,BudgetExceeded,BudgetExceeded,BudgetExceeded
extreme-q-planet,0.0,ValueFirst,0,1.0e-04,0,Converged,Converged,BudgetExceeded,1,1.3710366026352474,7.0940515e-05,2.027809,1.005800,1.020324,0.000029,0.001325,0.514990,0.001322,234,234,6,3,3,1,3,FiniteUncertified,FiniteUncertified,FiniteUncertified,FiniteUncertified,FiniteUncertified,BudgetExceeded,BudgetExceeded,BudgetExceeded,BudgetExceeded,BudgetExceeded
extreme-q-planet,0.0,ValueFirst,1,1.0e-03,0,Converged,Converged,BudgetExceeded,1,1.3707084399960816,0.00092875575,1.811278,0.930206,0.877622,0.000049,0.001346,0.527347,0.001491,138,138,6,3,3,1,3,FiniteUncertified,FiniteUncertified,FiniteUncertified,FiniteUncertified,FiniteUncertified,BudgetExceeded,BudgetExceeded,BudgetExceeded,BudgetExceeded,BudgetExceeded
extreme-q-planet,0.0,ValueFirst,1,1.0e-04,0,Converged,Converged,BudgetExceeded,1,1.3707087790830221,7.1188048e-05,2.067890,0.924253,1.141455,0.000030,0.001340,0.528703,0.001517,234,234,6,3,3,1,3,FiniteUncertified,FiniteUncertified,FiniteUncertified,FiniteUncertified,FiniteUncertified,BudgetExceeded,BudgetExceeded,BudgetExceeded,BudgetExceeded,BudgetExceeded
extreme-q-planet,0.5,None,0,1.0e-03,0,Converged,Converged,Converged,1,1.3699296354017536,0.00089569101,1.745110,1.015389,0.729046,0.000021,0.001672,0.518659,0.002497,82,82,6,3,3,1,3,NotRequested,NotRequested,NotRequested,NotRequested,NotRequested,NotRequested,NotRequested,NotRequested,NotRequested,NotRequested
extreme-q-planet,0.5,None,0,1.0e-04,0,Converged,Converged,Converged,1,1.369928322405584,0.00012805232,1.844594,1.003244,0.840102,0.000023,0.001266,0.521538,0.001355,106,106,6,3,3,1,3,NotRequested,NotRequested,NotRequested,NotRequested,NotRequested,NotRequested,NotRequested,NotRequested,NotRequested,NotRequested
extreme-q-planet,0.5,None,1,1.0e-03,0,Converged,Converged,Converged,1,1.3696280266602425,0.00089690364,1.642189,0.911610,0.729355,0.000029,0.001370,0.502331,0.001266,82,82,6,3,3,1,3,NotRequested,NotRequested,NotRequested,NotRequested,NotRequested,NotRequested,NotRequested,NotRequested,NotRequested,NotRequested
extreme-q-planet,0.5,None,1,1.0e-04,0,Converged,Converged,Converged,1,1.3696267140768188,0.00012950749,1.711893,0.904303,0.806437,0.000029,0.001319,0.501964,0.001094,106,106,6,3,3,1,3,NotRequested,NotRequested,NotRequested,NotRequested,NotRequested,NotRequested,NotRequested,NotRequested,NotRequested,NotRequested
extreme-q-planet,0.5,Strict,0,1.0e-03,0,EventLocationLimited,Converged,EventLocationLimited,1,1.3699296354017536,0.00089569101,9.474431,1.023131,8.449799,0.000027,0.001700,0.523203,0.002454,1768,1768,6,3,3,1,3,FiniteUncertified,FiniteUncertified,FiniteUncertified,FiniteUncertified,FiniteUncertified,EventLocationLimited,EventLocationLimited,EventLocationLimited,EventLocationLimited,EventLocationLimited
extreme-q-planet,0.5,Strict,0,1.0e-04,0,EventLocationLimited,Converged,EventLocationLimited,1,1.369928322405584,0.00012805232,8.203404,1.071221,7.118807,0.000273,0.002694,0.559696,0.004425,1768,1768,6,3,3,1,3,FiniteUncertified,FiniteUncertified,FiniteUncertified,FiniteUncertified,FiniteUncertified,EventLocationLimited,EventLocationLimited,EventLocationLimited,EventLocationLimited,EventLocationLimited
extreme-q-planet,0.5,Strict,1,1.0e-03,0,TopologyUnresolved,Converged,TopologyUnresolved,1,1.3696280266602425,0.00089690364,7.030949,1.032597,5.920860,0.000205,0.003806,0.565545,0.005171,1237,1237,6,3,3,1,3,Invalid,Invalid,Invalid,Invalid,Invalid,TopologyUnresolved,TopologyUnresolved,TopologyUnresolved,TopologyUnresolved,TopologyUnresolved
extreme-q-planet,0.5,Strict,1,1.0e-04,0,TopologyUnresolved,Converged,TopologyUnresolved,1,1.3696267140768188,0.00012950749,6.657030,0.917411,5.719020,0.000243,0.001858,0.511169,0.001808,1237,1237,6,3,3,1,3,Invalid,Invalid,Invalid,Invalid,Invalid,TopologyUnresolved,TopologyUnresolved,TopologyUnresolved,TopologyUnresolved,TopologyUnresolved
extreme-q-planet,0.5,ValueFirst,0,1.0e-03,0,Converged,Converged,BudgetExceeded,1,1.3699296354017536,0.00089569101,2.018238,1.006543,1.007243,0.000202,0.002608,0.533754,0.002923,138,138,6,3,3,1,3,FiniteUncertified,FiniteUncertified,FiniteUncertified,FiniteUncertified,FiniteUncertified,BudgetExceeded,BudgetExceeded,BudgetExceeded,BudgetExceeded,BudgetExceeded
extreme-q-planet,0.5,ValueFirst,0,1.0e-04,0,Converged,Converged,BudgetExceeded,1,1.369928322405584,0.00012805232,2.162131,1.096932,1.063439,0.000049,0.001286,0.509875,0.001269,170,170,6,3,3,1,3,FiniteUncertified,FiniteUncertified,FiniteUncertified,FiniteUncertified,FiniteUncertified,BudgetExceeded,BudgetExceeded,BudgetExceeded,BudgetExceeded,BudgetExceeded
extreme-q-planet,0.5,ValueFirst,1,1.0e-03,0,Converged,Converged,BudgetExceeded,1,1.3696280266602425,0.00089690364,1.973839,0.929677,1.041822,0.000028,0.001460,0.520452,0.001403,138,138,6,3,3,1,3,FiniteUncertified,FiniteUncertified,FiniteUncertified,FiniteUncertified,FiniteUncertified,BudgetExceeded,BudgetExceeded,BudgetExceeded,BudgetExceeded,BudgetExceeded
extreme-q-planet,0.5,ValueFirst,1,1.0e-04,0,Converged,Converged,BudgetExceeded,1,1.3696267140768188,0.00012950749,2.067758,0.904214,1.161705,0.000021,0.001292,0.507282,0.001239,170,170,6,3,3,1,3,FiniteUncertified,FiniteUncertified,FiniteUncertified,FiniteUncertified,FiniteUncertified,BudgetExceeded,BudgetExceeded,BudgetExceeded,BudgetExceeded,BudgetExceeded
very-wide,0.0,None,0,1.0e-03,0,Converged,Converged,Converged,1,1.032499564055972,1.1373617e-05,1.010900,0.535440,0.474755,0.000022,0.001762,0.353866,0.003824,61,61,6,0,0,1,6,NotRequested,NotRequested,NotRequested,NotRequested,NotRequested,NotRequested,NotRequested,NotRequested,NotRequested,NotRequested
very-wide,0.0,None,0,1.0e-04,0,Converged,Converged,Converged,1,1.032499564055972,1.1373617e-05,0.938578,0.499798,0.437686,0.000035,0.001119,0.334276,0.000857,61,61,6,0,0,1,6,NotRequested,NotRequested,NotRequested,NotRequested,NotRequested,NotRequested,NotRequested,NotRequested,NotRequested,NotRequested
very-wide,0.0,None,1,1.0e-03,0,Converged,Converged,Converged,1,1.0325050758619907,1.1375358e-05,0.911219,0.419986,0.489985,0.000021,0.001208,0.353689,0.000834,61,61,6,0,0,1,6,NotRequested,NotRequested,NotRequested,NotRequested,NotRequested,NotRequested,NotRequested,NotRequested,NotRequested,NotRequested
very-wide,0.0,None,1,1.0e-04,0,Converged,Converged,Converged,1,1.0325050758619907,1.1375358e-05,0.918899,0.431954,0.485879,0.000028,0.001155,0.349689,0.000756,61,61,6,0,0,1,6,NotRequested,NotRequested,NotRequested,NotRequested,NotRequested,NotRequested,NotRequested,NotRequested,NotRequested,NotRequested
very-wide,0.0,Strict,0,1.0e-03,0,EventLocationLimited,Converged,EventLocationLimited,1,1.032499564055972,1.1373617e-05,1.034704,0.493305,0.540739,0.000029,0.001457,0.329965,0.001561,93,93,6,0,0,1,6,FiniteUncertified,ToleranceMet,FiniteUncertified,ToleranceMet,ToleranceMet,EventLocationLimited,ToleranceMet,EventLocationLimited,ToleranceMet,ToleranceMet
very-wide,0.0,Strict,0,1.0e-04,0,EventLocationLimited,Converged,EventLocationLimited,1,1.032499564055972,1.1373617e-05,1.036646,0.496716,0.538774,0.000036,0.001188,0.342540,0.000806,93,93,6,0,0,1,6,FiniteUncertified,ToleranceMet,FiniteUncertified,ToleranceMet,ToleranceMet,EventLocationLimited,ToleranceMet,EventLocationLimited,ToleranceMet,ToleranceMet
very-wide,0.0,Strict,1,1.0e-03,0,EventLocationLimited,Converged,EventLocationLimited,1,1.0325050758619907,1.1375358e-05,1.273649,0.529290,0.681442,0.000200,0.002600,0.408461,0.004845,93,93,6,0,0,1,6,FiniteUncertified,ToleranceMet,FiniteUncertified,ToleranceMet,ToleranceMet,EventLocationLimited,ToleranceMet,EventLocationLimited,ToleranceMet,ToleranceMet
very-wide,0.0,Strict,1,1.0e-04,0,EventLocationLimited,Converged,EventLocationLimited,1,1.0325050758619907,1.1375358e-05,1.040020,0.440526,0.597993,0.000023,0.001135,0.348625,0.000768,93,93,6,0,0,1,6,FiniteUncertified,ToleranceMet,FiniteUncertified,ToleranceMet,ToleranceMet,EventLocationLimited,ToleranceMet,EventLocationLimited,ToleranceMet,ToleranceMet
very-wide,0.0,ValueFirst,0,1.0e-03,0,Converged,Converged,EventLocationLimited,1,1.032499564055972,1.1373617e-05,1.078879,0.525369,0.551919,0.000021,0.002330,0.343327,0.001966,93,93,6,0,0,1,6,FiniteUncertified,ToleranceMet,FiniteUncertified,ToleranceMet,ToleranceMet,EventLocationLimited,ToleranceMet,EventLocationLimited,ToleranceMet,ToleranceMet
very-wide,0.0,ValueFirst,0,1.0e-04,0,Converged,Converged,EventLocationLimited,1,1.032499564055972,1.1373617e-05,1.062591,0.529598,0.531683,0.000022,0.001091,0.335041,0.000738,93,93,6,0,0,1,6,FiniteUncertified,ToleranceMet,FiniteUncertified,ToleranceMet,ToleranceMet,EventLocationLimited,ToleranceMet,EventLocationLimited,ToleranceMet,ToleranceMet
very-wide,0.0,ValueFirst,1,1.0e-03,0,Converged,Converged,EventLocationLimited,1,1.0325050758619907,1.1375358e-05,1.062911,0.437163,0.622609,0.000021,0.001212,0.361532,0.000915,93,93,6,0,0,1,6,FiniteUncertified,ToleranceMet,FiniteUncertified,ToleranceMet,ToleranceMet,EventLocationLimited,ToleranceMet,EventLocationLimited,ToleranceMet,ToleranceMet
very-wide,0.0,ValueFirst,1,1.0e-04,0,Converged,Converged,EventLocationLimited,1,1.0325050758619907,1.1375358e-05,1.156487,0.517322,0.637704,0.000026,0.001335,0.365311,0.000773,93,93,6,0,0,1,6,FiniteUncertified,ToleranceMet,FiniteUncertified,ToleranceMet,ToleranceMet,EventLocationLimited,ToleranceMet,EventLocationLimited,ToleranceMet,ToleranceMet
very-wide,0.5,None,0,1.0e-03,0,Converged,Converged,Converged,1,1.032499473239388,5.6305701e-05,0.997981,0.510864,0.486414,0.000024,0.001598,0.353881,0.001568,61,61,6,0,0,1,6,NotRequested,NotRequested,NotRequested,NotRequested,NotRequested,NotRequested,NotRequested,NotRequested,NotRequested,NotRequested
very-wide,0.5,None,0,1.0e-04,0,Converged,Converged,Converged,1,1.032499473239388,5.6305701e-05,0.975269,0.509182,0.464950,0.000029,0.001127,0.344818,0.000767,61,61,6,0,0,1,6,NotRequested,NotRequested,NotRequested,NotRequested,NotRequested,NotRequested,NotRequested,NotRequested,NotRequested,NotRequested
very-wide,0.5,None,1,1.0e-03,0,Converged,Converged,Converged,1,1.0325049845476741,5.631502e-05,0.915420,0.426298,0.487871,0.000021,0.001188,0.339321,0.000711,61,61,6,0,0,1,6,NotRequested,NotRequested,NotRequested,NotRequested,NotRequested,NotRequested,NotRequested,NotRequested,NotRequested,NotRequested
very-wide,0.5,None,1,1.0e-04,0,Converged,Converged,Converged,1,1.0325049845476741,5.631502e-05,0.916140,0.422902,0.492323,0.000027,0.001087,0.342240,0.000746,61,61,6,0,0,1,6,NotRequested,NotRequested,NotRequested,NotRequested,NotRequested,NotRequested,NotRequested,NotRequested,NotRequested,NotRequested
very-wide,0.5,Strict,0,1.0e-03,0,EventLocationLimited,Converged,EventLocationLimited,1,1.032499473239388,5.6305701e-05,1.116960,0.494437,0.621897,0.000021,0.001372,0.336492,0.001479,93,93,6,0,0,1,6,FiniteUncertified,ToleranceMet,FiniteUncertified,ToleranceMet,ToleranceMet,EventLocationLimited,ToleranceMet,EventLocationLimited,ToleranceMet,ToleranceMet
very-wide,0.5,Strict,0,1.0e-04,0,EventLocationLimited,Converged,EventLocationLimited,1,1.032499473239388,5.6305701e-05,1.127645,0.504295,0.622118,0.000027,0.001203,0.351841,0.000797,93,93,6,0,0,1,6,FiniteUncertified,ToleranceMet,FiniteUncertified,ToleranceMet,ToleranceMet,EventLocationLimited,ToleranceMet,EventLocationLimited,ToleranceMet,ToleranceMet
very-wide,0.5,Strict,1,1.0e-03,0,EventLocationLimited,Converged,EventLocationLimited,1,1.0325049845476741,5.631502e-05,1.402413,0.535845,0.751449,0.000219,0.002800,0.403098,0.005218,93,93,6,0,0,1,6,FiniteUncertified,ToleranceMet,FiniteUncertified,ToleranceMet,ToleranceMet,EventLocationLimited,ToleranceMet,EventLocationLimited,ToleranceMet,ToleranceMet
very-wide,0.5,Strict,1,1.0e-04,0,EventLocationLimited,Converged,EventLocationLimited,1,1.0325049845476741,5.631502e-05,1.136388,0.447436,0.687383,0.000022,0.001217,0.355430,0.000796,93,93,6,0,0,1,6,FiniteUncertified,ToleranceMet,FiniteUncertified,ToleranceMet,ToleranceMet,EventLocationLimited,ToleranceMet,EventLocationLimited,ToleranceMet,ToleranceMet
very-wide,0.5,ValueFirst,0,1.0e-03,0,Converged,Converged,EventLocationLimited,1,1.032499473239388,5.6305701e-05,1.147537,0.513268,0.632672,0.000032,0.002211,0.347669,0.001836,93,93,6,0,0,1,6,FiniteUncertified,ToleranceMet,FiniteUncertified,ToleranceMet,ToleranceMet,EventLocationLimited,ToleranceMet,EventLocationLimited,ToleranceMet,ToleranceMet
very-wide,0.5,ValueFirst,0,1.0e-04,0,Converged,Converged,EventLocationLimited,1,1.032499473239388,5.6305701e-05,1.110525,0.504689,0.604547,0.000029,0.001084,0.341080,0.000757,93,93,6,0,0,1,6,FiniteUncertified,ToleranceMet,FiniteUncertified,ToleranceMet,ToleranceMet,EventLocationLimited,ToleranceMet,EventLocationLimited,ToleranceMet,ToleranceMet
very-wide,0.5,ValueFirst,1,1.0e-03,0,Converged,Converged,EventLocationLimited,1,1.0325049845476741,5.631502e-05,1.156182,0.452889,0.699759,0.000062,0.001292,0.364700,0.001008,93,93,6,0,0,1,6,FiniteUncertified,ToleranceMet,FiniteUncertified,ToleranceMet,ToleranceMet,EventLocationLimited,ToleranceMet,EventLocationLimited,ToleranceMet,ToleranceMet
very-wide,0.5,ValueFirst,1,1.0e-04,0,Converged,Converged,EventLocationLimited,1,1.0325049845476741,5.631502e-05,1.128309,0.434227,0.692764,0.000028,0.001179,0.355517,0.000781,93,93,6,0,0,1,6,FiniteUncertified,ToleranceMet,FiniteUncertified,ToleranceMet,ToleranceMet,EventLocationLimited,ToleranceMet,EventLocationLimited,ToleranceMet,ToleranceMet
very-close,0.0,None,0,1.0e-03,0,Converged,Converged,Converged,1,25.120844828671686,0.0094858769,1.309642,0.689945,0.618989,0.000028,0.002157,0.357857,0.007053,111,111,6,1,1,1,5,NotRequested,NotRequested,NotRequested,NotRequested,NotRequested,NotRequested,NotRequested,NotRequested,NotRequested,NotRequested
very-close,0.0,None,0,1.0e-04,0,Converged,Converged,Converged,1,25.120845198674093,0.0016851314,1.418662,0.722499,0.694515,0.000029,0.001245,0.344561,0.002093,175,175,6,1,1,1,5,NotRequested,NotRequested,NotRequested,NotRequested,NotRequested,NotRequested,NotRequested,NotRequested,NotRequested,NotRequested
very-close,0.0,None,1,1.0e-03,0,Converged,Converged,Converged,1,25.075552237346358,0.022438282,0.825896,0.459715,0.364512,0.000031,0.001177,0.163918,0.002005,103,103,5,2,2,1,3,NotRequested,NotRequested,NotRequested,NotRequested,NotRequested,NotRequested,NotRequested,NotRequested,NotRequested,NotRequested
very-close,0.0,None,1,1.0e-04,0,Converged,Converged,Converged,1,25.075585343214144,0.0015733188,0.949292,0.497662,0.449394,0.000028,0.001164,0.159002,0.001830,151,151,5,2,2,1,3,NotRequested,NotRequested,NotRequested,NotRequested,NotRequested,NotRequested,NotRequested,NotRequested,NotRequested,NotRequested
very-close,0.0,Strict,0,1.0e-03,0,EventLocationLimited,Converged,EventLocationLimited,1,25.120844828671686,0.0094858769,18.660249,0.689474,17.968817,0.000031,0.001704,0.350014,0.003458,3317,3317,6,1,1,1,5,FiniteUncertified,FiniteUncertified,FiniteUncertified,FiniteUncertified,FiniteUncertified,EventLocationLimited,EventLocationLimited,EventLocationLimited,EventLocationLimited,EventLocationLimited
very-close,0.0,Strict,0,1.0e-04,0,EventLocationLimited,Converged,EventLocationLimited,1,25.120845198674093,0.0016851314,13.748215,0.772989,12.956023,0.000196,0.003286,0.395063,0.006106,3317,3317,6,1,1,1,5,FiniteUncertified,FiniteUncertified,FiniteUncertified,FiniteUncertified,FiniteUncertified,EventLocationLimited,EventLocationLimited,EventLocationLimited,EventLocationLimited,EventLocationLimited
very-close,0.0,Strict,1,1.0e-03,0,BudgetExceeded,Converged,BudgetExceeded,1,25.075552237346358,0.022438282,25.873160,0.577961,25.232618,0.000297,0.002661,0.209942,0.005914,4507,4507,5,2,2,1,3,FiniteUncertified,FiniteUncertified,FiniteUncertified,FiniteUncertified,FiniteUncertified,BudgetExceeded,BudgetExceeded,BudgetExceeded,BudgetExceeded,BudgetExceeded
very-close,0.0,Strict,1,1.0e-04,0,BudgetExceeded,Converged,BudgetExceeded,1,25.075585343214144,0.0015733188,25.650814,0.541177,25.094638,0.000192,0.002676,0.201197,0.004153,4507,4507,5,2,2,1,3,FiniteUncertified,FiniteUncertified,FiniteUncertified,FiniteUncertified,FiniteUncertified,BudgetExceeded,BudgetExceeded,BudgetExceeded,BudgetExceeded,BudgetExceeded
very-close,0.0,ValueFirst,0,1.0e-03,0,Converged,Converged,BudgetExceeded,1,25.120844828671686,0.0094858769,1.577424,0.746428,0.828616,0.000232,0.004045,0.398709,0.009133,151,151,6,1,1,1,5,FiniteUncertified,FiniteUncertified,FiniteUncertified,FiniteUncertified,FiniteUncertified,BudgetExceeded,BudgetExceeded,BudgetExceeded,BudgetExceeded,BudgetExceeded
very-close,0.0,ValueFirst,0,1.0e-04,0,Converged,Converged,BudgetExceeded,1,25.120845198674093,0.0016851314,1.635510,0.692615,0.940910,0.000057,0.001583,0.351219,0.002163,231,231,6,1,1,1,5,FiniteUncertified,FiniteUncertified,FiniteUncertified,FiniteUncertified,FiniteUncertified,BudgetExceeded,BudgetExceeded,BudgetExceeded,BudgetExceeded,BudgetExceeded
very-close,0.0,ValueFirst,1,1.0e-03,0,Converged,Converged,BudgetExceeded,1,25.075552237346358,0.022438282,1.034962,0.463865,0.566783,0.000021,0.001160,0.168175,0.002014,159,159,5,2,2,1,3,FiniteUncertified,FiniteUncertified,FiniteUncertified,FiniteUncertified,FiniteUncertified,BudgetExceeded,BudgetExceeded,BudgetExceeded,BudgetExceeded,BudgetExceeded
very-close,0.0,ValueFirst,1,1.0e-04,0,Converged,Converged,BudgetExceeded,1,25.075585343214144,0.0015733188,1.339122,0.468953,0.867832,0.000030,0.001203,0.166596,0.001811,263,263,5,2,2,1,3,FiniteUncertified,FiniteUncertified,FiniteUncertified,FiniteUncertified,FiniteUncertified,BudgetExceeded,BudgetExceeded,BudgetExceeded,BudgetExceeded,BudgetExceeded
very-close,0.5,None,0,1.0e-03,0,Converged,Converged,Converged,1,24.840309469393116,0.016037942,1.477002,0.684986,0.791376,0.000028,0.001641,0.383679,0.004192,111,111,6,1,1,1,5,NotRequested,NotRequested,NotRequested,NotRequested,NotRequested,NotRequested,NotRequested,NotRequested,NotRequested,NotRequested
very-close,0.5,None,0,1.0e-04,0,Converged,Converged,Converged,1,24.840310020051493,0.0024430276,1.616558,0.778175,0.836818,0.000029,0.001262,0.343955,0.001921,159,159,6,1,1,1,5,NotRequested,NotRequested,NotRequested,NotRequested,NotRequested,NotRequested,NotRequested,NotRequested,NotRequested,NotRequested
very-close,0.5,None,1,1.0e-03,0,Converged,Converged,Converged,1,24.79585573216448,0.016419035,0.991937,0.466268,0.524029,0.000031,0.001263,0.168182,0.001848,111,111,5,2,2,1,3,NotRequested,NotRequested,NotRequested,NotRequested,NotRequested,NotRequested,NotRequested,NotRequested,NotRequested,NotRequested
very-close,0.5,None,1,1.0e-04,0,Converged,Converged,Converged,1,24.795840792214037,0.0021515315,1.135227,0.484663,0.648625,0.000030,0.001237,0.160973,0.001742,159,159,5,2,2,1,3,NotRequested,NotRequested,NotRequested,NotRequested,NotRequested,NotRequested,NotRequested,NotRequested,NotRequested,NotRequested
very-close,0.5,Strict,0,1.0e-03,0,InnerAccuracyLimited,Converged,InnerAccuracyLimited,1,24.840309469393116,0.016037942,2.365815,0.676370,1.688732,0.000028,0.001665,0.345259,0.003217,271,271,6,1,1,1,5,FiniteUncertified,FiniteUncertified,FiniteUncertified,FiniteUncertified,FiniteUncertified,InnerAccuracyLimited,InnerAccuracyLimited,InnerAccuracyLimited,InnerAccuracyLimited,InnerAccuracyLimited
very-close,0.5,Strict,0,1.0e-04,0,InnerAccuracyLimited,Converged,InnerAccuracyLimited,1,24.84031002005149,0.0024430276,2.289070,0.692301,1.594020,0.000025,0.001360,0.350081,0.001943,271,271,6,1,1,1,5,FiniteUncertified,FiniteUncertified,FiniteUncertified,FiniteUncertified,FiniteUncertified,InnerAccuracyLimited,InnerAccuracyLimited,InnerAccuracyLimited,InnerAccuracyLimited,InnerAccuracyLimited
very-close,0.5,Strict,1,1.0e-03,0,InnerAccuracyLimited,Converged,InnerAccuracyLimited,1,24.79585573216448,0.016419035,3.839228,0.576501,3.197286,0.000207,0.002687,0.219493,0.005587,559,559,5,2,2,1,3,FiniteUncertified,FiniteUncertified,FiniteUncertified,FiniteUncertified,FiniteUncertified,InnerAccuracyLimited,InnerAccuracyLimited,InnerAccuracyLimited,InnerAccuracyLimited,InnerAccuracyLimited
very-close,0.5,Strict,1,1.0e-04,0,InnerAccuracyLimited,Converged,InnerAccuracyLimited,1,24.795840792214037,0.0021515315,3.599965,0.477915,3.119045,0.000029,0.001241,0.163457,0.001955,559,559,5,2,2,1,3,FiniteUncertified,FiniteUncertified,FiniteUncertified,FiniteUncertified,FiniteUncertified,InnerAccuracyLimited,InnerAccuracyLimited,InnerAccuracyLimited,InnerAccuracyLimited,InnerAccuracyLimited
very-close,0.5,ValueFirst,0,1.0e-03,0,Converged,Converged,BudgetExceeded,1,24.840309469393116,0.016037942,1.790853,0.675192,1.113831,0.000028,0.002261,0.360918,0.003794,151,151,6,1,1,1,5,FiniteUncertified,FiniteUncertified,FiniteUncertified,FiniteUncertified,FiniteUncertified,BudgetExceeded,BudgetExceeded,BudgetExceeded,BudgetExceeded,BudgetExceeded
very-close,0.5,ValueFirst,0,1.0e-04,0,Converged,Converged,BudgetExceeded,1,24.84031002005149,0.0024430276,1.928752,0.674298,1.252594,0.000027,0.001311,0.356855,0.001902,199,199,6,1,1,1,5,FiniteUncertified,FiniteUncertified,FiniteUncertified,FiniteUncertified,FiniteUncertified,BudgetExceeded,BudgetExceeded,BudgetExceeded,BudgetExceeded,BudgetExceeded
very-close,0.5,ValueFirst,1,1.0e-03,0,Converged,Converged,BudgetExceeded,1,24.79585573216448,0.016419035,1.352945,0.472204,0.877157,0.000022,0.001210,0.169071,0.002096,151,151,5,2,2,1,3,FiniteUncertified,FiniteUncertified,FiniteUncertified,FiniteUncertified,FiniteUncertified,BudgetExceeded,BudgetExceeded,BudgetExceeded,BudgetExceeded,BudgetExceeded
very-close,0.5,ValueFirst,1,1.0e-04,0,Converged,Converged,BudgetExceeded,1,24.795840792214037,0.0021515315,1.635230,0.458628,1.174427,0.000029,0.001179,0.161783,0.001822,215,215,5,2,2,1,3,FiniteUncertified,FiniteUncertified,FiniteUncertified,FiniteUncertified,FiniteUncertified,BudgetExceeded,BudgetExceeded,BudgetExceeded,BudgetExceeded,BudgetExceeded
fold-tangent,0.0,None,0,1.0e-03,0,Converged,Converged,Converged,1,6.0800746173117313,0.0051479489,1.524530,0.337876,1.186021,0.000021,0.002111,0.981076,0.005829,120,120,8,0,0,1,8,NotRequested,NotRequested,NotRequested,NotRequested,NotRequested,NotRequested,NotRequested,NotRequested,NotRequested,NotRequested
fold-tangent,0.0,None,0,1.0e-04,0,Converged,Converged,Converged,1,6.0800735636231611,0.00012161914,1.558465,0.335991,1.220908,0.000028,0.001460,0.967458,0.002030,176,176,8,0,0,1,8,NotRequested,NotRequested,NotRequested,NotRequested,NotRequested,NotRequested,NotRequested,NotRequested,NotRequested,NotRequested
fold-tangent,0.0,None,1,1.0e-03,0,Converged,Converged,Converged,1,6.088186569982974,0.0052356498,1.358236,0.198706,1.157364,0.000020,0.001555,0.953060,0.002041,120,120,8,0,0,1,8,NotRequested,NotRequested,NotRequested,NotRequested,NotRequested,NotRequested,NotRequested,NotRequested,NotRequested,NotRequested
fold-tangent,0.0,None,1,1.0e-04,0,Converged,Converged,Converged,1,6.0881853044809091,0.00058013543,1.413758,0.202938,1.208748,0.000027,0.001442,0.937039,0.001912,168,168,8,0,0,1,8,NotRequested,NotRequested,NotRequested,NotRequested,NotRequested,NotRequested,NotRequested,NotRequested,NotRequested,NotRequested
fold-tangent,0.0,Strict,0,1.0e-03,0,EventLocationLimited,Converged,EventLocationLimited,1,6.0800746173117313,0.0051479489,19.397161,0.328009,19.067422,0.000020,0.001715,0.956112,0.003128,3592,3592,8,0,0,1,8,FiniteUncertified,FiniteUncertified,FiniteUncertified,FiniteUncertified,FiniteUncertified,EventLocationLimited,EventLocationLimited,EventLocationLimited,EventLocationLimited,EventLocationLimited
fold-tangent,0.0,Strict,0,1.0e-04,0,EventLocationLimited,Converged,EventLocationLimited,1,6.0800735636231611,0.00012161914,13.624957,0.418402,13.173378,0.000190,0.002749,1.017030,0.007646,3592,3592,8,0,0,1,8,FiniteUncertified,FiniteUncertified,FiniteUncertified,FiniteUncertified,FiniteUncertified,EventLocationLimited,EventLocationLimited,EventLocationLimited,EventLocationLimited,EventLocationLimited
fold-tangent,0.0,Strict,1,1.0e-03,0,EventLocationLimited,Converged,EventLocationLimited,1,6.088186569982974,0.0052356498,16.577410,0.320400,16.096706,0.000198,0.003081,1.081528,0.008403,3298,3298,8,0,0,1,8,FiniteUncertified,FiniteUncertified,FiniteUncertified,FiniteUncertified,FiniteUncertified,EventLocationLimited,EventLocationLimited,EventLocationLimited,EventLocationLimited,EventLocationLimited
fold-tangent,0.0,Strict,1,1.0e-04,0,EventLocationLimited,Converged,EventLocationLimited,1,6.0881853044809091,0.00058013543,16.673584,0.278759,16.365337,0.000353,0.002600,0.984550,0.005062,3298,3298,8,0,0,1,8,FiniteUncertified,FiniteUncertified,FiniteUncertified,FiniteUncertified,FiniteUncertified,EventLocationLimited,EventLocationLimited,EventLocationLimited,EventLocationLimited,EventLocationLimited
fold-tangent,0.0,ValueFirst,0,1.0e-03,0,Converged,Converged,BudgetExceeded,1,6.0800746173117313,0.0051479489,1.869974,0.389106,1.479085,0.000198,0.004177,1.101272,0.008213,168,168,8,0,0,1,8,FiniteUncertified,FiniteUncertified,FiniteUncertified,FiniteUncertified,FiniteUncertified,BudgetExceeded,BudgetExceeded,BudgetExceeded,BudgetExceeded,BudgetExceeded
fold-tangent,0.0,ValueFirst,0,1.0e-04,0,Converged,Converged,BudgetExceeded,1,6.0800735636231611,0.00012161914,1.936569,0.397747,1.536312,0.000068,0.001970,1.077128,0.002325,232,232,8,0,0,1,8,ToleranceMet,FiniteUncertified,ToleranceMet,ToleranceMet,ToleranceMet,ToleranceMet,BudgetExceeded,ToleranceMet,ToleranceMet,ToleranceMet
fold-tangent,0.0,ValueFirst,1,1.0e-03,0,Converged,Converged,BudgetExceeded,1,6.088186569982974,0.0052356498,1.531372,0.208570,1.318588,0.000022,0.001652,0.970595,0.002527,168,168,8,0,0,1,8,FiniteUncertified,FiniteUncertified,FiniteUncertified,FiniteUncertified,FiniteUncertified,BudgetExceeded,BudgetExceeded,BudgetExceeded,BudgetExceeded,BudgetExceeded
fold-tangent,0.0,ValueFirst,1,1.0e-04,0,Converged,Converged,BudgetExceeded,1,6.0881853044809091,0.00058013543,1.636970,0.209423,1.424950,0.000029,0.001479,0.966906,0.002035,224,224,8,0,0,1,8,ToleranceMet,FiniteUncertified,ToleranceMet,FiniteUncertified,ToleranceMet,ToleranceMet,BudgetExceeded,ToleranceMet,BudgetExceeded,ToleranceMet
fold-tangent,0.5,None,0,1.0e-03,0,Converged,Converged,Converged,1,6.0643553502750542,0.0032583828,1.685438,0.378099,1.306701,0.000028,0.002219,1.028702,0.003087,136,136,8,0,0,1,8,NotRequested,NotRequested,NotRequested,NotRequested,NotRequested,NotRequested,NotRequested,NotRequested,NotRequested,NotRequested
fold-tangent,0.5,None,0,1.0e-04,0,Converged,Converged,Converged,1,6.0643547136396929,0.00027876088,1.650984,0.343206,1.306025,0.000037,0.001534,0.995637,0.001887,176,176,8,0,0,1,8,NotRequested,NotRequested,NotRequested,NotRequested,NotRequested,NotRequested,NotRequested,NotRequested,NotRequested,NotRequested
fold-tangent,0.5,None,1,1.0e-03,0,Converged,Converged,Converged,1,6.0778222012955796,0.0033189503,1.547816,0.205748,1.340206,0.000021,0.001631,1.045977,0.002101,136,136,8,0,0,1,8,NotRequested,NotRequested,NotRequested,NotRequested,NotRequested,NotRequested,NotRequested,NotRequested,NotRequested,NotRequested
fold-tangent,0.5,None,1,1.0e-04,0,Converged,Converged,Converged,1,6.0778214381271827,0.00028825561,1.518284,0.208724,1.307486,0.000029,0.001509,0.960386,0.001850,176,176,8,0,0,1,8,NotRequested,NotRequested,NotRequested,NotRequested,NotRequested,NotRequested,NotRequested,NotRequested,NotRequested,NotRequested
fold-tangent,0.5,Strict,0,1.0e-03,0,TopologyUnresolved,Converged,TopologyUnresolved,1,6.0643553502750542,0.0032583828,12.223347,0.333219,11.888646,0.000021,0.001968,0.957694,0.002941,2315,2315,8,0,0,1,8,Invalid,Invalid,Invalid,Invalid,Invalid,TopologyUnresolved,TopologyUnresolved,TopologyUnresolved,TopologyUnresolved,TopologyUnresolved
fold-tangent,0.5,Strict,0,1.0e-04,0,TopologyUnresolved,Converged,TopologyUnresolved,1,6.0643547136396929,0.00027876088,9.884626,0.409162,9.454245,0.000193,0.002562,1.012641,0.005307,2315,2315,8,0,0,1,8,Invalid,Invalid,Invalid,Invalid,Invalid,TopologyUnresolved,TopologyUnresolved,TopologyUnresolved,TopologyUnresolved,TopologyUnresolved
fold-tangent,0.5,Strict,1,1.0e-03,0,TopologyUnresolved,Converged,Converged,1,6.0778222012955796,0.0033189503,10.215537,0.301031,9.746019,0.000195,0.003253,0.991444,0.008643,2013,2013,8,0,0,1,8,Invalid,Invalid,Invalid,Invalid,Invalid,TopologyUnresolved,TopologyUnresolved,TopologyUnresolved,TopologyUnresolved,TopologyUnresolved
fold-tangent,0.5,Strict,1,1.0e-04,0,TopologyUnresolved,Converged,Converged,1,6.0778214381271827,0.00028825561,9.948094,0.246190,9.681549,0.000265,0.002089,1.005995,0.003573,2013,2013,8,0,0,1,8,Invalid,Invalid,Invalid,Invalid,Invalid,TopologyUnresolved,TopologyUnresolved,TopologyUnresolved,TopologyUnresolved,TopologyUnresolved
fold-tangent,0.5,ValueFirst,0,1.0e-03,0,Converged,Converged,BudgetExceeded,1,6.0643553502750542,0.0032583828,1.851085,0.351813,1.497609,0.000204,0.003153,0.962010,0.005411,176,176,8,0,0,1,8,FiniteUncertified,FiniteUncertified,FiniteUncertified,FiniteUncertified,FiniteUncertified,BudgetExceeded,BudgetExceeded,BudgetExceeded,BudgetExceeded,BudgetExceeded
fold-tangent,0.5,ValueFirst,0,1.0e-04,0,Converged,Converged,BudgetExceeded,1,6.0643547136396929,0.00027876088,2.014766,0.332699,1.679917,0.000057,0.001530,1.003567,0.002071,240,240,8,0,0,1,8,ToleranceMet,FiniteUncertified,ToleranceMet,ToleranceMet,ToleranceMet,ToleranceMet,BudgetExceeded,ToleranceMet,ToleranceMet,ToleranceMet
fold-tangent,0.5,ValueFirst,1,1.0e-03,0,Converged,Converged,BudgetExceeded,1,6.0778222012955796,0.0033189503,1.713626,0.207073,1.503126,0.000021,0.001740,0.969767,0.002100,176,176,8,0,0,1,8,FiniteUncertified,FiniteUncertified,FiniteUncertified,FiniteUncertified,FiniteUncertified,BudgetExceeded,BudgetExceeded,BudgetExceeded,BudgetExceeded,BudgetExceeded
fold-tangent,0.5,ValueFirst,1,1.0e-04,0,Converged,Converged,BudgetExceeded,1,6.0778214381271827,0.00028825561,1.871355,0.203567,1.665260,0.000020,0.001550,0.946104,0.001946,240,240,8,0,0,1,8,ToleranceMet,FiniteUncertified,ToleranceMet,ToleranceMet,ToleranceMet,ToleranceMet,BudgetExceeded,ToleranceMet,ToleranceMet,ToleranceMet
rand000,0.0,None,0,1.0e-03,0,Converged,Converged,Converged,1,1.939077307051035,0.0017586629,1.277027,0.723589,0.552735,0.000028,0.001662,0.471230,0.002391,52,52,4,0,0,1,4,NotRequested,NotRequested,NotRequested,NotRequested,NotRequested,NotRequested,NotRequested,NotRequested,NotRequested,NotRequested
rand000,0.0,None,0,1.0e-04,0,Converged,Converged,Converged,1,1.9390773069889593,4.287572e-05,1.259085,0.701485,0.556485,0.000030,0.001041,0.462208,0.001077,68,68,4,0,0,1,4,NotRequested,NotRequested,NotRequested,NotRequested,NotRequested,NotRequested,NotRequested,NotRequested,NotRequested,NotRequested
rand000,0.0,None,1,1.0e-03,0,Converged,Converged,Converged,1,1.9396862097211514,0.0017616361,1.121229,0.574862,0.544813,0.000027,0.000952,0.456098,0.000986,52,52,4,0,0,1,4,NotRequested,NotRequested,NotRequested,NotRequested,NotRequested,NotRequested,NotRequested,NotRequested,NotRequested,NotRequested
rand000,0.0,None,1,1.0e-04,0,Converged,Converged,Converged,1,1.9396862096590108,4.5401136e-05,1.157035,0.579963,0.575844,0.000028,0.001005,0.456668,0.000878,68,68,4,0,0,1,4,NotRequested,NotRequested,NotRequested,NotRequested,NotRequested,NotRequested,NotRequested,NotRequested,NotRequested,NotRequested
rand000,0.0,Strict,0,1.0e-03,0,EventLocationLimited,Converged,EventLocationLimited,1,1.939077307051035,0.0017586629,1.329967,0.696590,0.632735,0.000027,0.001242,0.452098,0.001690,100,100,4,0,0,1,4,ToleranceMet,ToleranceMet,FiniteUncertified,ToleranceMet,ToleranceMet,ToleranceMet,ToleranceMet,EventLocationLimited,ToleranceMet,ToleranceMet
rand000,0.0,Strict,0,1.0e-04,0,EventLocationLimited,Converged,EventLocationLimited,1,1.9390773069889593,4.287572e-05,1.330793,0.701746,0.627642,0.000023,0.000965,0.466033,0.000906,100,100,4,0,0,1,4,ToleranceMet,ToleranceMet,FiniteUncertified,ToleranceMet,ToleranceMet,ToleranceMet,ToleranceMet,EventLocationLimited,ToleranceMet,ToleranceMet
rand000,0.0,Strict,1,1.0e-03,0,EventLocationLimited,Converged,EventLocationLimited,1,1.9396862097211514,0.0017616361,1.511524,0.680649,0.735082,0.000184,0.002005,0.508042,0.004484,100,100,4,0,0,1,4,ToleranceMet,ToleranceMet,FiniteUncertified,ToleranceMet,ToleranceMet,ToleranceMet,ToleranceMet,EventLocationLimited,ToleranceMet,ToleranceMet
rand000,0.0,Strict,1,1.0e-04,0,EventLocationLimited,Converged,EventLocationLimited,1,1.9396862096590108,4.5401136e-05,1.250293,0.583709,0.664523,0.000020,0.000951,0.463242,0.000810,100,100,4,0,0,1,4,ToleranceMet,ToleranceMet,FiniteUncertified,ToleranceMet,ToleranceMet,ToleranceMet,ToleranceMet,EventLocationLimited,ToleranceMet,ToleranceMet
rand000,0.0,ValueFirst,0,1.0e-03,0,Converged,Converged,BudgetExceeded,1,1.939077307051035,0.0017586629,1.352310,0.702269,0.648324,0.000026,0.001991,0.468114,0.002160,100,100,4,0,0,1,4,ToleranceMet,ToleranceMet,FiniteUncertified,ToleranceMet,ToleranceMet,ToleranceMet,ToleranceMet,BudgetExceeded,ToleranceMet,ToleranceMet
rand000,0.0,ValueFirst,0,1.0e-04,0,Converged,Converged,EventLocationLimited,1,1.9390773069889593,4.287572e-05,1.310401,0.697192,0.611755,0.000026,0.000998,0.448759,0.000832,100,100,4,0,0,1,4,ToleranceMet,ToleranceMet,FiniteUncertified,ToleranceMet,ToleranceMet,ToleranceMet,ToleranceMet,EventLocationLimited,ToleranceMet,ToleranceMet
rand000,0.0,ValueFirst,1,1.0e-03,0,Converged,Converged,BudgetExceeded,1,1.9396862097211514,0.0017616361,1.274837,0.592594,0.678809,0.000049,0.001016,0.469289,0.000962,100,100,4,0,0,1,4,ToleranceMet,ToleranceMet,FiniteUncertified,ToleranceMet,ToleranceMet,ToleranceMet,ToleranceMet,BudgetExceeded,ToleranceMet,ToleranceMet
rand000,0.0,ValueFirst,1,1.0e-04,0,Converged,Converged,EventLocationLimited,1,1.9396862096590108,4.5401136e-05,1.259889,0.586453,0.671986,0.000030,0.001064,0.461957,0.000760,100,100,4,0,0,1,4,ToleranceMet,ToleranceMet,FiniteUncertified,ToleranceMet,ToleranceMet,ToleranceMet,ToleranceMet,EventLocationLimited,ToleranceMet,ToleranceMet
rand000,0.5,None,0,1.0e-03,0,Converged,Converged,Converged,1,1.9390266451742608,2.6790656e-05,1.316406,0.719004,0.596721,0.000021,0.001397,0.468707,0.001780,68,68,4,0,0,1,4,NotRequested,NotRequested,NotRequested,NotRequested,NotRequested,NotRequested,NotRequested,NotRequested,NotRequested,NotRequested
rand000,0.5,None,0,1.0e-04,0,Converged,Converged,Converged,1,1.9390266451742608,2.6790656e-05,1.304649,0.717638,0.585694,0.000021,0.001000,0.473271,0.000869,68,68,4,0,0,1,4,NotRequested,NotRequested,NotRequested,NotRequested,NotRequested,NotRequested,NotRequested,NotRequested,NotRequested,NotRequested
rand000,0.5,None,1,1.0e-03,0,Converged,Converged,Converged,1,1.9396354897570207,2.8351258e-05,1.189287,0.582214,0.605500,0.000029,0.000992,0.465580,0.000901,68,68,4,0,0,1,4,NotRequested,NotRequested,NotRequested,NotRequested,NotRequested,NotRequested,NotRequested,NotRequested,NotRequested,NotRequested
rand000,0.5,None,1,1.0e-04,0,Converged,Converged,Converged,1,1.9396354897570207,2.8351258e-05,1.164154,0.597461,0.565573,0.000020,0.000988,0.427402,0.000705,68,68,4,0,0,1,4,NotRequested,NotRequested,NotRequested,NotRequested,NotRequested,NotRequested,NotRequested,NotRequested,NotRequested,NotRequested
rand000,0.5,Strict,0,1.0e-03,0,EventLocationLimited,Converged,EventLocationLimited,1,1.9390266451742608,2.6790656e-05,1.384661,0.664816,0.719176,0.000020,0.001228,0.459466,0.001626,100,100,4,0,0,1,4,ToleranceMet,ToleranceMet,FiniteUncertified,ToleranceMet,ToleranceMet,ToleranceMet,ToleranceMet,EventLocationLimited,ToleranceMet,ToleranceMet
rand000,0.5,Strict,0,1.0e-04,0,EventLocationLimited,Converged,EventLocationLimited,1,1.9390266451742608,2.6790656e-05,1.431778,0.710847,0.719492,0.000028,0.001095,0.479841,0.000841,100,100,4,0,0,1,4,ToleranceMet,ToleranceMet,FiniteUncertified,ToleranceMet,ToleranceMet,ToleranceMet,ToleranceMet,EventLocationLimited,ToleranceMet,ToleranceMet
rand000,0.5,Strict,1,1.0e-03,0,EventLocationLimited,Converged,EventLocationLimited,1,1.9396354897570207,2.8351258e-05,1.597211,0.680415,0.818084,0.000131,0.002142,0.508142,0.004230,100,100,4,0,0,1,4,ToleranceMet,ToleranceMet,FiniteUncertified,ToleranceMet,ToleranceMet,ToleranceMet,ToleranceMet,EventLocationLimited,ToleranceMet,ToleranceMet
rand000,0.5,Strict,1,1.0e-04,0,EventLocationLimited,Converged,EventLocationLimited,1,1.9396354897570207,2.8351258e-05,1.425390,0.606405,0.817039,0.000026,0.001262,0.511597,0.000863,100,100,4,0,0,1,4,ToleranceMet,ToleranceMet,FiniteUncertified,ToleranceMet,ToleranceMet,ToleranceMet,ToleranceMet,EventLocationLimited,ToleranceMet,ToleranceMet
rand000,0.5,ValueFirst,0,1.0e-03,0,Converged,Converged,EventLocationLimited,1,1.9390266451742608,2.6790656e-05,1.458317,0.712369,0.744417,0.000034,0.002385,0.478178,0.002115,100,100,4,0,0,1,4,ToleranceMet,ToleranceMet,FiniteUncertified,ToleranceMet,ToleranceMet,ToleranceMet,ToleranceMet,EventLocationLimited,ToleranceMet,ToleranceMet
rand000,0.5,ValueFirst,0,1.0e-04,0,Converged,Converged,EventLocationLimited,1,1.9390266451742608,2.6790656e-05,1.426249,0.720465,0.704257,0.000021,0.001117,0.460161,0.000908,100,100,4,0,0,1,4,ToleranceMet,ToleranceMet,FiniteUncertified,ToleranceMet,ToleranceMet,ToleranceMet,ToleranceMet,EventLocationLimited,ToleranceMet,ToleranceMet
rand000,0.5,ValueFirst,1,1.0e-03,0,Converged,Converged,EventLocationLimited,1,1.9396354897570207,2.8351258e-05,1.381973,0.619632,0.758839,0.000069,0.001241,0.474238,0.001009,100,100,4,0,0,1,4,ToleranceMet,ToleranceMet,FiniteUncertified,ToleranceMet,ToleranceMet,ToleranceMet,ToleranceMet,EventLocationLimited,ToleranceMet,ToleranceMet
rand000,0.5,ValueFirst,1,1.0e-04,0,Converged,Converged,EventLocationLimited,1,1.9396354897570207,2.8351258e-05,1.316795,0.580571,0.734866,0.000027,0.000962,0.454468,0.000856,100,100,4,0,0,1,4,ToleranceMet,ToleranceMet,FiniteUncertified,ToleranceMet,ToleranceMet,ToleranceMet,ToleranceMet,EventLocationLimited,ToleranceMet,ToleranceMet
rand001,0.0,None,0,1.0e-03,0,Converged,Converged,Converged,1,1.8549947111170857,0.0016100319,0.681222,0.334024,0.346548,0.000021,0.001702,0.261428,0.004219,52,52,6,2,2,1,4,NotRequested,NotRequested,NotRequested,NotRequested,NotRequested,NotRequested,NotRequested,NotRequested,NotRequested,NotRequested
rand001,0.0,None,0,1.0e-04,0,Converged,Converged,Converged,1,1.8549947114997145,6.6365089e-05,0.664235,0.325299,0.337847,0.000022,0.001096,0.243517,0.001056,68,68,6,2,2,1,4,NotRequested,NotRequested,NotRequested,NotRequested,NotRequested,NotRequested,NotRequested,NotRequested,NotRequested,NotRequested
rand001,0.0,None,1,1.0e-03,0,Converged,Converged,Converged,1,1.8524330488668375,0.001603293,0.547912,0.190769,0.355847,0.000021,0.001138,0.271388,0.001046,52,52,6,1,1,1,5,NotRequested,NotRequested,NotRequested,NotRequested,NotRequested,NotRequested,NotRequested,NotRequested,NotRequested,NotRequested
rand001,0.0,None,1,1.0e-04,0,Converged,Converged,Converged,1,1.8524330492436083,6.6199514e-05,0.553247,0.189403,0.362681,0.000028,0.001071,0.256418,0.000849,68,68,6,1,1,1,5,NotRequested,NotRequested,NotRequested,NotRequested,NotRequested,NotRequested,NotRequested,NotRequested,NotRequested,NotRequested
rand001,0.0,Strict,0,1.0e-03,0,EventLocationLimited,Converged,EventLocationLimited,1,1.8549947111170857,0.0016100319,4.346642,0.320774,4.025101,0.000022,0.001463,0.246979,0.001800,1308,1308,6,2,2,1,4,FiniteUncertified,FiniteUncertified,FiniteUncertified,FiniteUncertified,FiniteUncertified,EventLocationLimited,EventLocationLimited,EventLocationLimited,EventLocationLimited,EventLocationLimited
rand001,0.0,Strict,0,1.0e-04,0,EventLocationLimited,Converged,EventLocationLimited,1,1.8549947114997145,6.6365089e-05,3.818104,0.342248,3.464603,0.000200,0.001704,0.273713,0.002958,1308,1308,6,2,2,1,4,FiniteUncertified,FiniteUncertified,FiniteUncertified,FiniteUncertified,FiniteUncertified,EventLocationLimited,EventLocationLimited,EventLocationLimited,EventLocationLimited,EventLocationLimited
rand001,0.0,Strict,1,1.0e-03,0,EventLocationLimited,Converged,EventLocationLimited,1,1.8524330488668375,0.001603293,5.305268,0.288518,4.884540,0.000202,0.002330,0.325675,0.005199,1292,1292,6,1,1,1,5,FiniteUncertified,FiniteUncertified,FiniteUncertified,FiniteUncertified,FiniteUncertified,EventLocationLimited,EventLocationLimited,EventLocationLimited,EventLocationLimited,EventLocationLimited
rand001,0.0,Strict,1,1.0e-04,0,EventLocationLimited,Converged,EventLocationLimited,1,1.8524330492436083,6.6199514e-05,5.102545,0.206980,4.883662,0.000053,0.001206,0.279184,0.001262,1292,1292,6,1,1,1,5,FiniteUncertified,FiniteUncertified,FiniteUncertified,FiniteUncertified,FiniteUncertified,EventLocationLimited,EventLocationLimited,EventLocationLimited,EventLocationLimited,EventLocationLimited
rand001,0.0,ValueFirst,0,1.0e-03,0,Converged,Converged,BudgetExceeded,1,1.8549947111170857,0.0016100319,0.780375,0.340734,0.437788,0.000062,0.002199,0.263794,0.002511,92,92,6,2,2,1,4,FiniteUncertified,FiniteUncertified,FiniteUncertified,FiniteUncertified,FiniteUncertified,BudgetExceeded,BudgetExceeded,BudgetExceeded,BudgetExceeded,BudgetExceeded
rand001,0.0,ValueFirst,0,1.0e-04,0,Converged,Converged,BudgetExceeded,1,1.8549947114997145,6.6365089e-05,0.762361,0.335244,0.425735,0.000032,0.001198,0.252600,0.001085,108,108,6,2,2,1,4,ToleranceMet,ToleranceMet,ToleranceMet,ToleranceMet,FiniteUncertified,ToleranceMet,ToleranceMet,ToleranceMet,ToleranceMet,BudgetExceeded
rand001,0.0,ValueFirst,1,1.0e-03,0,Converged,Converged,BudgetExceeded,1,1.8524330488668375,0.001603293,0.649498,0.192910,0.454065,0.000020,0.001205,0.276915,0.001102,92,92,6,1,1,1,5,FiniteUncertified,FiniteUncertified,FiniteUncertified,FiniteUncertified,FiniteUncertified,BudgetExceeded,BudgetExceeded,BudgetExceeded,BudgetExceeded,BudgetExceeded
rand001,0.0,ValueFirst,1,1.0e-04,0,Converged,Converged,BudgetExceeded,1,1.8524330492436083,6.6199514e-05,0.675602,0.206756,0.467402,0.000021,0.001221,0.270237,0.000994,108,108,6,1,1,1,5,ToleranceMet,ToleranceMet,ToleranceMet,ToleranceMet,FiniteUncertified,ToleranceMet,ToleranceMet,ToleranceMet,ToleranceMet,BudgetExceeded
rand001,0.5,None,0,1.0e-03,0,Converged,Converged,Converged,1,1.8537210283970973,5.8260534e-05,0.703519,0.334211,0.368616,0.000029,0.001387,0.246428,0.001830,68,68,6,2,2,1,4,NotRequested,NotRequested,NotRequested,NotRequested,NotRequested,NotRequested,NotRequested,NotRequested,NotRequested,NotRequested
rand001,0.5,None,0,1.0e-04,0,Converged,Converged,Converged,1,1.8537210283970973,5.8260534e-05,0.664239,0.321292,0.341816,0.000023,0.001152,0.235666,0.000912,68,68,6,2,2,1,4,NotRequested,NotRequested,NotRequested,NotRequested,NotRequested,NotRequested,NotRequested,NotRequested,NotRequested,NotRequested
rand001,0.5,None,1,1.0e-03,0,Converged,Converged,Converged,1,1.8511657102650174,5.7939342e-05,0.578192,0.188119,0.388736,0.000021,0.001143,0.267893,0.001054,68,68,6,1,1,1,5,NotRequested,NotRequested,NotRequested,NotRequested,NotRequested,NotRequested,NotRequested,NotRequested,NotRequested,NotRequested
rand001,0.5,None,1,1.0e-04,0,Converged,Converged,Converged,1,1.8511657102650174,5.7939342e-05,0.564430,0.187445,0.375837,0.000020,0.001151,0.254347,0.000917,68,68,6,1,1,1,5,NotRequested,NotRequested,NotRequested,NotRequested,NotRequested,NotRequested,NotRequested,NotRequested,NotRequested,NotRequested
rand001,0.5,Strict,0,1.0e-03,0,TopologyUnresolved,Converged,TopologyUnresolved,1,1.8537210283970973,5.8260534e-05,4.702033,0.319314,4.381632,0.000021,0.001374,0.235994,0.001670,1079,1079,6,2,2,1,4,Invalid,Invalid,Invalid,Invalid,Invalid,TopologyUnresolved,TopologyUnresolved,TopologyUnresolved,TopologyUnresolved,TopologyUnresolved
rand001,0.5,Strict,0,1.0e-04,0,TopologyUnresolved,Converged,TopologyUnresolved,1,1.8537210283970973,5.8260534e-05,4.323594,0.353609,3.960983,0.000060,0.001607,0.273608,0.001890,1079,1079,6,2,2,1,4,Invalid,Invalid,Invalid,Invalid,Invalid,TopologyUnresolved,TopologyUnresolved,TopologyUnresolved,TopologyUnresolved,TopologyUnresolved
rand001,0.5,Strict,1,1.0e-03,0,TopologyUnresolved,Converged,TopologyUnresolved,1,1.8511657102650174,5.7939342e-05,5.565636,0.289449,5.138688,0.000377,0.002506,0.327846,0.004963,1047,1047,6,1,1,1,5,Invalid,Invalid,Invalid,Invalid,Invalid,TopologyUnresolved,TopologyUnresolved,TopologyUnresolved,TopologyUnresolved,TopologyUnresolved
rand001,0.5,Strict,1,1.0e-04,0,TopologyUnresolved,Converged,TopologyUnresolved,1,1.8511657102650174,5.7939342e-05,5.250679,0.202804,5.038776,0.000059,0.001284,0.281385,0.001069,1047,1047,6,1,1,1,5,Invalid,Invalid,Invalid,Invalid,Invalid,TopologyUnresolved,TopologyUnresolved,TopologyUnresolved,TopologyUnresolved,TopologyUnresolved
rand001,0.5,ValueFirst,0,1.0e-03,0,Converged,Converged,BudgetExceeded,1,1.8537210283970973,5.8260534e-05,0.889397,0.335320,0.552508,0.000021,0.002221,0.266286,0.002246,108,108,6,2,2,1,4,FiniteUncertified,FiniteUncertified,FiniteUncertified,FiniteUncertified,ToleranceMet,BudgetExceeded,BudgetExceeded,BudgetExceeded,BudgetExceeded,ToleranceMet
rand001,0.5,ValueFirst,0,1.0e-04,0,Converged,Converged,BudgetExceeded,1,1.8537210283970973,5.8260534e-05,0.845487,0.331831,0.512125,0.000045,0.001162,0.254491,0.000982,108,108,6,2,2,1,4,FiniteUncertified,FiniteUncertified,FiniteUncertified,FiniteUncertified,ToleranceMet,BudgetExceeded,BudgetExceeded,BudgetExceeded,BudgetExceeded,ToleranceMet
rand001,0.5,ValueFirst,1,1.0e-03,0,Converged,Converged,BudgetExceeded,1,1.8511657102650174,5.7939342e-05,0.781664,0.194190,0.584849,0.000042,0.001232,0.272811,0.001085,108,108,6,1,1,1,5,FiniteUncertified,FiniteUncertified,FiniteUncertified,FiniteUncertified,ToleranceMet,BudgetExceeded,BudgetExceeded,BudgetExceeded,BudgetExceeded,ToleranceMet
rand001,0.5,ValueFirst,1,1.0e-04,0,Converged,Converged,BudgetExceeded,1,1.8511657102650174,5.7939342e-05,0.769824,0.195932,0.572450,0.000022,0.001195,0.266595,0.001007,108,108,6,1,1,1,5,FiniteUncertified,FiniteUncertified,FiniteUncertified,FiniteUncertified,ToleranceMet,BudgetExceeded,BudgetExceeded,BudgetExceeded,BudgetExceeded,ToleranceMet
rand002,0.0,None,0,1.0e-03,0,Converged,Converged,Converged,1,2.5473527185520197,0.0018317939,1.368980,0.942285,0.426105,0.000029,0.006369,0.291246,0.003175,53,53,6,2,2,1,4,NotRequested,NotRequested,NotRequested,NotRequested,NotRequested,NotRequested,NotRequested,NotRequested,NotRequested,NotRequested
rand002,0.0,None,0,1.0e-04,0,Converged,Converged,Converged,1,2.5473527184751035,4.7454368e-08,1.308535,0.882423,0.425153,0.000028,0.004237,0.286186,0.000885,69,69,6,2,2,1,4,NotRequested,NotRequested,NotRequested,NotRequested,NotRequested,NotRequested,NotRequested,NotRequested,NotRequested,NotRequested
rand002,0.0,None,1,1.0e-03,0,Converged,Converged,Converged,1,2.5509855149502672,0.0018380113,1.195309,0.780710,0.413402,0.000028,0.004253,0.291392,0.001813,53,53,6,2,2,1,4,NotRequested,NotRequested,NotRequested,NotRequested,NotRequested,NotRequested,NotRequested,NotRequested,NotRequested,NotRequested
rand002,0.0,None,1,1.0e-04,0,Converged,Converged,Converged,1,2.5509855148742298,4.7745427e-08,1.221220,0.789007,0.430911,0.000030,0.004377,0.284750,0.000787,69,69,6,2,2,1,4,NotRequested,NotRequested,NotRequested,NotRequested,NotRequested,NotRequested,NotRequested,NotRequested,NotRequested,NotRequested
rand002,0.0,Strict,0,1.0e-03,0,EventLocationLimited,Converged,EventLocationLimited,1,2.5473527185520197,0.0018317939,20.247209,0.905390,19.340262,0.000028,0.004560,0.275938,0.001444,2976,2976,6,2,2,1,4,FiniteUncertified,FiniteUncertified,FiniteUncertified,FiniteUncertified,FiniteUncertified,EventLocationLimited,EventLocationLimited,EventLocationLimited,EventLocationLimited,EventLocationLimited
rand002,0.0,Strict,0,1.0e-04,0,EventLocationLimited,Converged,EventLocationLimited,1,2.5473527184751035,4.7454368e-08,16.008507,1.036239,14.944843,0.000200,0.006205,0.321328,0.004601,2976,2976,6,2,2,1,4,FiniteUncertified,FiniteUncertified,FiniteUncertified,FiniteUncertified,FiniteUncertified,EventLocationLimited,EventLocationLimited,EventLocationLimited,EventLocationLimited,EventLocationLimited
rand002,0.0,Strict,1,1.0e-03,0,EventLocationLimited,Converged,EventLocationLimited,1,2.5509855149502672,0.0018380113,16.177682,0.923992,15.172011,0.000401,0.007436,0.333375,0.004685,2976,2976,6,2,2,1,4,FiniteUncertified,FiniteUncertified,FiniteUncertified,FiniteUncertified,FiniteUncertified,EventLocationLimited,EventLocationLimited,EventLocationLimited,EventLocationLimited,EventLocationLimited
rand002,0.0,Strict,1,1.0e-04,0,EventLocationLimited,Converged,EventLocationLimited,1,2.5509855148742298,4.7745427e-08,16.112873,0.851315,15.236739,0.000194,0.005440,0.315854,0.002563,2976,2976,6,2,2,1,4,FiniteUncertified,FiniteUncertified,FiniteUncertified,FiniteUncertified,FiniteUncertified,EventLocationLimited,EventLocationLimited,EventLocationLimited,EventLocationLimited,EventLocationLimited
rand002,0.0,ValueFirst,0,1.0e-03,0,Converged,Converged,BudgetExceeded,1,2.5473527185520197,0.0018317939,1.614125,0.979057,0.632731,0.000197,0.005894,0.331708,0.003611,109,109,6,2,2,1,4,FiniteUncertified,FiniteUncertified,ToleranceMet,ToleranceMet,ToleranceMet,BudgetExceeded,BudgetExceeded,ToleranceMet,ToleranceMet,ToleranceMet
rand002,0.0,ValueFirst,0,1.0e-04,0,Converged,Converged,BudgetExceeded,1,2.5473527184751035,4.7454368e-08,1.667604,0.899503,0.766704,0.000041,0.004467,0.277265,0.000954,173,173,6,2,2,1,4,FiniteUncertified,FiniteUncertified,FiniteUncertified,FiniteUncertified,FiniteUncertified,BudgetExceeded,BudgetExceeded,BudgetExceeded,BudgetExceeded,BudgetExceeded
rand002,0.0,ValueFirst,1,1.0e-03,0,Converged,Converged,BudgetExceeded,1,2.5509855149502672,0.0018380113,1.415346,0.852445,0.560278,0.000053,0.004516,0.293552,0.003124,109,109,6,2,2,1,4,FiniteUncertified,FiniteUncertified,ToleranceMet,ToleranceMet,FiniteUncertified,BudgetExceeded,BudgetExceeded,ToleranceMet,ToleranceMet,BudgetExceeded
rand002,0.0,ValueFirst,1,1.0e-04,0,Converged,Converged,BudgetExceeded,1,2.5509855148742298,4.7745427e-08,1.532867,0.777804,0.753029,0.000029,0.004285,0.293357,0.000847,173,173,6,2,2,1,4,FiniteUncertified,FiniteUncertified,FiniteUncertified,FiniteUncertified,FiniteUncertified,BudgetExceeded,BudgetExceeded,BudgetExceeded,BudgetExceeded,BudgetExceeded
rand002,0.5,None,0,1.0e-03,0,Converged,Converged,Converged,1,2.5466658117848757,8.10756e-08,1.403063,0.913773,0.488734,0.000029,0.004805,0.295677,0.001575,69,69,6,2,2,1,4,NotRequested,NotRequested,NotRequested,NotRequested,NotRequested,NotRequested,NotRequested,NotRequested,NotRequested,NotRequested
rand002,0.5,None,0,1.0e-04,0,Converged,Converged,Converged,1,2.5466658117848757,8.10756e-08,1.357159,0.903724,0.452300,0.000028,0.004413,0.286656,0.000781,69,69,6,2,2,1,4,NotRequested,NotRequested,NotRequested,NotRequested,NotRequested,NotRequested,NotRequested,NotRequested,NotRequested,NotRequested
rand002,0.5,None,1,1.0e-03,0,Converged,Converged,Converged,1,2.5502953538432012,8.1019268e-08,1.260585,0.782202,0.477260,0.000028,0.004502,0.298237,0.001773,69,69,6,2,2,1,4,NotRequested,NotRequested,NotRequested,NotRequested,NotRequested,NotRequested,NotRequested,NotRequested,NotRequested,NotRequested
rand002,0.5,None,1,1.0e-04,0,Converged,Converged,Converged,1,2.5502953538432012,8.1019268e-08,1.231687,0.776035,0.454470,0.000021,0.004458,0.288127,0.000834,69,69,6,2,2,1,4,NotRequested,NotRequested,NotRequested,NotRequested,NotRequested,NotRequested,NotRequested,NotRequested,NotRequested,NotRequested
rand002,0.5,Strict,0,1.0e-03,0,TopologyUnresolved,Converged,TopologyUnresolved,1,2.5466658117848757,8.10756e-08,15.966541,0.918658,15.046416,0.000029,0.004928,0.293321,0.001535,2359,2359,6,2,2,1,4,Invalid,Invalid,Invalid,Invalid,Invalid,TopologyUnresolved,TopologyUnresolved,TopologyUnresolved,TopologyUnresolved,TopologyUnresolved
rand002,0.5,Strict,0,1.0e-04,0,TopologyUnresolved,Converged,TopologyUnresolved,1,2.5466658117848757,8.10756e-08,13.561640,1.012245,12.528018,0.000281,0.006516,0.327773,0.004624,2359,2359,6,2,2,1,4,Invalid,Invalid,Invalid,Invalid,Invalid,TopologyUnresolved,TopologyUnresolved,TopologyUnresolved,TopologyUnresolved,TopologyUnresolved
rand002,0.5,Strict,1,1.0e-03,0,TopologyUnresolved,Converged,Converged,1,2.5502953538432012,8.1019268e-08,13.558582,0.929663,12.534857,0.000207,0.007317,0.338819,0.004816,2263,2263,6,2,2,1,4,Invalid,Invalid,Invalid,Invalid,Invalid,TopologyUnresolved,TopologyUnresolved,TopologyUnresolved,TopologyUnresolved,TopologyUnresolved
rand002,0.5,Strict,1,1.0e-04,0,TopologyUnresolved,Converged,Converged,1,2.5502953538432012,8.1019268e-08,13.140474,0.832192,12.288556,0.000235,0.004921,0.307139,0.001386,2263,2263,6,2,2,1,4,Invalid,Invalid,Invalid,Invalid,Invalid,TopologyUnresolved,TopologyUnresolved,TopologyUnresolved,TopologyUnresolved,TopologyUnresolved
rand002,0.5,ValueFirst,0,1.0e-03,0,Converged,Converged,Converged,1,2.5466658117848757,8.10756e-08,1.718452,0.937924,0.778484,0.000211,0.005773,0.301637,0.002493,125,125,6,2,2,1,4,ToleranceMet,ToleranceMet,ToleranceMet,ToleranceMet,ToleranceMet,ToleranceMet,ToleranceMet,ToleranceMet,ToleranceMet,ToleranceMet
rand002,0.5,ValueFirst,0,1.0e-04,0,Converged,Converged,Converged,1,2.5466658117848757,8.10756e-08,1.625223,0.905762,0.717640,0.000029,0.004494,0.276974,0.000924,125,125,6,2,2,1,4,ToleranceMet,ToleranceMet,ToleranceMet,ToleranceMet,ToleranceMet,ToleranceMet,ToleranceMet,ToleranceMet,ToleranceMet,ToleranceMet
rand002,0.5,ValueFirst,1,1.0e-03,0,Converged,Converged,Converged,1,2.5502953538432012,8.1019268e-08,1.524761,0.785705,0.736853,0.000031,0.004310,0.292541,0.002307,125,125,6,2,2,1,4,ToleranceMet,ToleranceMet,ToleranceMet,ToleranceMet,ToleranceMet,ToleranceMet,ToleranceMet,ToleranceMet,ToleranceMet,ToleranceMet
rand002,0.5,ValueFirst,1,1.0e-04,0,Converged,Converged,Converged,1,2.5502953538432012,8.1019268e-08,1.417451,0.760314,0.655643,0.000027,0.004022,0.263392,0.000709,125,125,6,2,2,1,4,ToleranceMet,ToleranceMet,ToleranceMet,ToleranceMet,ToleranceMet,ToleranceMet,ToleranceMet,ToleranceMet,ToleranceMet,ToleranceMet
rand003,0.0,None,0,1.0e-03,0,Converged,Converged,Converged,1,2.1560022222041382,0.0010077086,0.989892,0.572181,0.417062,0.000030,0.001481,0.267983,0.003597,76,76,4,0,0,1,4,NotRequested,NotRequested,NotRequested,NotRequested,NotRequested,NotRequested,NotRequested,NotRequested,NotRequested,NotRequested
rand003,0.0,None,0,1.0e-04,0,Converged,Converged,Converged,1,2.1559988418171221,4.5819954e-05,1.038842,0.591308,0.446366,0.000031,0.001103,0.261200,0.000996,108,108,4,0,0,1,4,NotRequested,NotRequested,NotRequested,NotRequested,NotRequested,NotRequested,NotRequested,NotRequested,NotRequested,NotRequested
rand003,0.0,None,1,1.0e-03,0,Converged,Converged,Converged,1,2.1660083935920227,0.0010167244,0.862616,0.458596,0.402857,0.000027,0.001085,0.260963,0.000866,76,76,4,0,0,1,4,NotRequested,NotRequested,NotRequested,NotRequested,NotRequested,NotRequested,NotRequested,NotRequested,NotRequested,NotRequested
rand003,0.0,None,1,1.0e-04,0,Converged,Converged,Converged,1,2.1660049626692035,4.6455228e-05,0.902531,0.459682,0.441678,0.000030,0.001034,0.255956,0.000782,108,108,4,0,0,1,4,NotRequested,NotRequested,NotRequested,NotRequested,NotRequested,NotRequested,NotRequested,NotRequested,NotRequested,NotRequested
rand003,0.0,Strict,0,1.0e-03,0,Converged,Converged,Converged,1,2.1560022222041382,0.0010077086,14.243822,0.580673,13.660961,0.000025,0.001355,0.262330,0.001560,2429,2429,4,0,0,1,4,ToleranceMet,ToleranceMet,ToleranceMet,ToleranceMet,ToleranceMet,ToleranceMet,ToleranceMet,ToleranceMet,ToleranceMet,ToleranceMet
rand003,0.0,Strict,0,1.0e-04,0,Converged,Converged,Converged,1,2.1559988418171221,4.5819954e-05,12.238417,0.669887,11.562611,0.000219,0.002383,0.302619,0.003287,2429,2429,4,0,0,1,4,ToleranceMet,ToleranceMet,ToleranceMet,ToleranceMet,ToleranceMet,ToleranceMet,ToleranceMet,ToleranceMet,ToleranceMet,ToleranceMet
rand003,0.0,Strict,1,1.0e-03,0,EventLocationLimited,Converged,EventLocationLimited,1,2.1660083935920227,0.0010167244,12.261581,0.569741,11.619502,0.000193,0.002564,0.308193,0.003576,2429,2429,4,0,0,1,4,FiniteUncertified,FiniteUncertified,FiniteUncertified,FiniteUncertified,FiniteUncertified,EventLocationLimited,EventLocationLimited,EventLocationLimited,EventLocationLimited,EventLocationLimited
rand003,0.0,Strict,1,1.0e-04,0,EventLocationLimited,Converged,EventLocationLimited,1,2.1660049626692035,4.6455228e-05,12.052042,0.496626,11.550944,0.000221,0.001817,0.275667,0.002253,2429,2429,4,0,0,1,4,FiniteUncertified,FiniteUncertified,FiniteUncertified,FiniteUncertified,FiniteUncertified,EventLocationLimited,EventLocationLimited,EventLocationLimited,EventLocationLimited,EventLocationLimited
rand003,0.0,ValueFirst,0,1.0e-03,0,Converged,Converged,Converged,1,2.1560022222041382,0.0010077086,1.725934,0.605997,1.117152,0.000214,0.003150,0.281243,0.003335,300,300,4,0,0,1,4,ToleranceMet,ToleranceMet,ToleranceMet,ToleranceMet,ToleranceMet,ToleranceMet,ToleranceMet,ToleranceMet,ToleranceMet,ToleranceMet
rand003,0.0,ValueFirst,0,1.0e-04,0,Converged,Converged,Converged,1,2.1559988418171221,4.5819954e-05,1.696813,0.592901,1.101911,0.000050,0.001597,0.263256,0.001246,308,308,4,0,0,1,4,ToleranceMet,ToleranceMet,ToleranceMet,ToleranceMet,ToleranceMet,ToleranceMet,ToleranceMet,ToleranceMet,ToleranceMet,ToleranceMet
rand003,0.0,ValueFirst,1,1.0e-03,0,Converged,Converged,Converged,1,2.1660083935920227,0.0010167244,1.535111,0.466707,1.065986,0.000021,0.001105,0.265966,0.000979,300,300,4,0,0,1,4,ToleranceMet,ToleranceMet,ToleranceMet,ToleranceMet,ToleranceMet,ToleranceMet,ToleranceMet,ToleranceMet,ToleranceMet,ToleranceMet
rand003,0.0,ValueFirst,1,1.0e-04,0,Converged,Converged,Converged,1,2.1660049626692035,4.6455228e-05,1.550230,0.474185,1.074862,0.000025,0.001138,0.260510,0.000889,308,308,4,0,0,1,4,ToleranceMet,ToleranceMet,ToleranceMet,ToleranceMet,ToleranceMet,ToleranceMet,ToleranceMet,ToleranceMet,ToleranceMet,ToleranceMet
rand003,0.5,None,0,1.0e-03,0,Converged,Converged,Converged,1,2.1496379563436308,0.00062205303,1.021544,0.584442,0.436365,0.000028,0.001450,0.266953,0.001761,76,76,4,0,0,1,4,NotRequested,NotRequested,NotRequested,NotRequested,NotRequested,NotRequested,NotRequested,NotRequested,NotRequested,NotRequested
rand003,0.5,None,0,1.0e-04,0,Converged,Converged,Converged,1,2.149635928111421,4.4918028e-05,1.069721,0.583276,0.484271,0.000028,0.001286,0.262929,0.000896,108,108,4,0,0,1,4,NotRequested,NotRequested,NotRequested,NotRequested,NotRequested,NotRequested,NotRequested,NotRequested,NotRequested,NotRequested
rand003,0.5,None,1,1.0e-03,0,Converged,Converged,Converged,1,2.1595362723734843,0.00062754313,0.884388,0.462954,0.419655,0.000306,0.001016,0.252885,0.000700,76,76,4,0,0,1,4,NotRequested,NotRequested,NotRequested,NotRequested,NotRequested,NotRequested,NotRequested,NotRequested,NotRequested,NotRequested
rand003,0.5,None,1,1.0e-04,0,Converged,Converged,Converged,1,2.1595342138197928,4.5379656e-05,0.893021,0.461430,0.430541,0.000026,0.001000,0.233504,0.000668,108,108,4,0,0,1,4,NotRequested,NotRequested,NotRequested,NotRequested,NotRequested,NotRequested,NotRequested,NotRequested,NotRequested,NotRequested
rand003,0.5,Strict,0,1.0e-03,0,TopologyUnresolved,Converged,TopologyUnresolved,1,2.1496379563436308,0.00062205303,6.229886,0.585277,5.643487,0.000018,0.001268,0.251709,0.001603,1120,1120,4,0,0,1,4,Invalid,Invalid,Invalid,Invalid,Invalid,TopologyUnresolved,TopologyUnresolved,TopologyUnresolved,TopologyUnresolved,TopologyUnresolved
rand003,0.5,Strict,0,1.0e-04,0,TopologyUnresolved,Converged,TopologyUnresolved,1,2.149635928111421,4.4918028e-05,6.051063,0.639629,5.408566,0.000061,0.001510,0.296964,0.002208,1120,1120,4,0,0,1,4,Invalid,Invalid,Invalid,Invalid,Invalid,TopologyUnresolved,TopologyUnresolved,TopologyUnresolved,TopologyUnresolved,TopologyUnresolved
rand003,0.5,Strict,1,1.0e-03,0,TopologyUnresolved,Converged,Converged,1,2.1595362723734843,0.00062754313,6.068326,0.576312,5.420630,0.000351,0.003166,0.323722,0.004586,1120,1120,4,0,0,1,4,Invalid,Invalid,Invalid,Invalid,Invalid,TopologyUnresolved,TopologyUnresolved,TopologyUnresolved,TopologyUnresolved,TopologyUnresolved
rand003,0.5,Strict,1,1.0e-04,0,TopologyUnresolved,Converged,Converged,1,2.1595342138197928,4.5379656e-05,5.742652,0.472840,5.266154,0.000061,0.001198,0.265016,0.000917,1120,1120,4,0,0,1,4,Invalid,Invalid,Invalid,Invalid,Invalid,TopologyUnresolved,TopologyUnresolved,TopologyUnresolved,TopologyUnresolved,TopologyUnresolved
rand003,0.5,ValueFirst,0,1.0e-03,0,Converged,Converged,BudgetExceeded,1,2.1496379563436308,0.00062205303,1.909987,0.589498,1.315151,0.000031,0.002460,0.265875,0.002351,300,300,4,0,0,1,4,ToleranceMet,ToleranceMet,FiniteUncertified,ToleranceMet,ToleranceMet,ToleranceMet,ToleranceMet,BudgetExceeded,ToleranceMet,ToleranceMet
rand003,0.5,ValueFirst,0,1.0e-04,0,Converged,Converged,Converged,1,2.149635928111421,4.4918028e-05,1.929513,0.586694,1.341111,0.000053,0.001090,0.270135,0.001041,308,308,4,0,0,1,4,ToleranceMet,ToleranceMet,ToleranceMet,ToleranceMet,ToleranceMet,ToleranceMet,ToleranceMet,ToleranceMet,ToleranceMet,ToleranceMet
rand003,0.5,ValueFirst,1,1.0e-03,0,Converged,Converged,BudgetExceeded,1,2.1595362723734843,0.00062754313,1.682723,0.414000,1.266614,0.000025,0.001039,0.260568,0.000876,300,300,4,0,0,1,4,ToleranceMet,ToleranceMet,FiniteUncertified,ToleranceMet,ToleranceMet,ToleranceMet,ToleranceMet,BudgetExceeded,ToleranceMet,ToleranceMet
rand003,0.5,ValueFirst,1,1.0e-04,0,Converged,Converged,Converged,1,2.1595342138197928,4.5379656e-05,1.772588,0.464052,1.307445,0.000023,0.001073,0.257033,0.000858,308,308,4,0,0,1,4,ToleranceMet,ToleranceMet,ToleranceMet,ToleranceMet,ToleranceMet,ToleranceMet,ToleranceMet,ToleranceMet,ToleranceMet,ToleranceMet
rand004,0.0,None,0,1.0e-03,0,Converged,Converged,Converged,1,1.3953116562280516,0.00045082113,1.295840,0.842954,0.452434,0.000031,0.001776,0.366969,0.004018,53,53,6,0,0,1,6,NotRequested,NotRequested,NotRequested,NotRequested,NotRequested,NotRequested,NotRequested,NotRequested,NotRequested,NotRequested
rand004,0.0,None,0,1.0e-04,0,Converged,Converged,Converged,1,1.3953116561956087,1.4291283e-05,1.273285,0.824968,0.447351,0.000020,0.000992,0.351704,0.000932,69,69,6,0,0,1,6,NotRequested,NotRequested,NotRequested,NotRequested,NotRequested,NotRequested,NotRequested,NotRequested,NotRequested,NotRequested
rand004,0.0,None,1,1.0e-03,0,Converged,Converged,Converged,1,1.3943854465720771,0.00044941844,0.776761,0.346184,0.429105,0.000020,0.001036,0.346780,0.000862,53,53,6,0,0,1,6,NotRequested,NotRequested,NotRequested,NotRequested,NotRequested,NotRequested,NotRequested,NotRequested,NotRequested,NotRequested
rand004,0.0,None,1,1.0e-04,0,Converged,Converged,Converged,1,1.3943854465396912,1.4281201e-05,0.796777,0.345901,0.449766,0.000022,0.000943,0.347434,0.000799,69,69,6,0,0,1,6,NotRequested,NotRequested,NotRequested,NotRequested,NotRequested,NotRequested,NotRequested,NotRequested,NotRequested,NotRequested
rand004,0.0,Strict,0,1.0e-03,0,Converged,Converged,Converged,1,1.3953116562280516,0.00045082113,16.822183,0.834727,15.985228,0.000020,0.001306,0.349260,0.001444,3143,3143,6,0,0,1,6,ToleranceMet,ToleranceMet,ToleranceMet,ToleranceMet,ToleranceMet,ToleranceMet,ToleranceMet,ToleranceMet,ToleranceMet,ToleranceMet
rand004,0.0,Strict,0,1.0e-04,0,Converged,Converged,Converged,1,1.3953116561956087,1.4291283e-05,12.436042,0.935129,11.472844,0.000218,0.003441,0.401415,0.005308,3143,3143,6,0,0,1,6,ToleranceMet,ToleranceMet,ToleranceMet,ToleranceMet,ToleranceMet,ToleranceMet,ToleranceMet,ToleranceMet,ToleranceMet,ToleranceMet
rand004,0.0,Strict,1,1.0e-03,0,EventLocationLimited,Converged,EventLocationLimited,1,1.3943854465720771,0.00044941844,16.770757,0.456343,16.147160,0.000386,0.003492,0.423393,0.005246,3270,3270,6,0,0,1,6,FiniteUncertified,FiniteUncertified,FiniteUncertified,FiniteUncertified,FiniteUncertified,EventLocationLimited,EventLocationLimited,EventLocationLimited,EventLocationLimited,EventLocationLimited
rand004,0.0,Strict,1,1.0e-04,0,EventLocationLimited,Converged,EventLocationLimited,1,1.3943854465396912,1.4281201e-05,16.643691,0.425347,16.191399,0.000212,0.002081,0.390157,0.003297,3270,3270,6,0,0,1,6,FiniteUncertified,FiniteUncertified,FiniteUncertified,FiniteUncertified,FiniteUncertified,EventLocationLimited,EventLocationLimited,EventLocationLimited,EventLocationLimited,EventLocationLimited
rand004,0.0,ValueFirst,0,1.0e-03,0,Converged,Converged,Converged,1,1.3953116562280516,0.00045082113,1.445605,0.891681,0.552157,0.000202,0.003658,0.378283,0.005247,93,93,6,0,0,1,6,ToleranceMet,ToleranceMet,ToleranceMet,ToleranceMet,ToleranceMet,ToleranceMet,ToleranceMet,ToleranceMet,ToleranceMet,ToleranceMet
rand004,0.0,ValueFirst,0,1.0e-04,0,Converged,Converged,Converged,1,1.3953116561956087,1.4291283e-05,1.410457,0.840036,0.569062,0.000020,0.000966,0.351906,0.000871,125,125,6,0,0,1,6,ToleranceMet,ToleranceMet,ToleranceMet,ToleranceMet,ToleranceMet,ToleranceMet,ToleranceMet,ToleranceMet,ToleranceMet,ToleranceMet
rand004,0.0,ValueFirst,1,1.0e-03,0,Converged,Converged,Converged,1,1.3943854465720771,0.00044941844,0.931654,0.351051,0.576996,0.000021,0.001097,0.364327,0.000877,93,93,6,0,0,1,6,ToleranceMet,ToleranceMet,ToleranceMet,ToleranceMet,ToleranceMet,ToleranceMet,ToleranceMet,ToleranceMet,ToleranceMet,ToleranceMet
rand004,0.0,ValueFirst,1,1.0e-04,0,Converged,Converged,Converged,1,1.3943854465396912,1.4281201e-05,0.957209,0.350121,0.605533,0.000029,0.000915,0.356358,0.000817,125,125,6,0,0,1,6,ToleranceMet,ToleranceMet,ToleranceMet,ToleranceMet,ToleranceMet,ToleranceMet,ToleranceMet,ToleranceMet,ToleranceMet,ToleranceMet
rand004,0.5,None,0,1.0e-03,0,Converged,Converged,Converged,1,1.3950903759541713,0.0011632166,1.282723,0.833318,0.448842,0.000026,0.001280,0.351345,0.001495,53,53,6,0,0,1,6,NotRequested,NotRequested,NotRequested,NotRequested,NotRequested,NotRequested,NotRequested,NotRequested,NotRequested,NotRequested
rand004,0.5,None,0,1.0e-04,0,Converged,Converged,Converged,1,1.3950903758156228,1.927881e-05,1.276238,0.828242,0.446999,0.000023,0.001009,0.337305,0.000795,69,69,6,0,0,1,6,NotRequested,NotRequested,NotRequested,NotRequested,NotRequested,NotRequested,NotRequested,NotRequested,NotRequested,NotRequested
rand004,0.5,None,1,1.0e-03,0,Converged,Converged,Converged,1,1.3941649257932651,0.0011602747,0.801498,0.346882,0.453334,0.000034,0.000984,0.353726,0.000804,53,53,6,0,0,1,6,NotRequested,NotRequested,NotRequested,NotRequested,NotRequested,NotRequested,NotRequested,NotRequested,NotRequested,NotRequested
rand004,0.5,None,1,1.0e-04,0,Converged,Converged,Converged,1,1.3941649256557933,1.9265219e-05,0.811680,0.345657,0.464927,0.000021,0.000898,0.345632,0.000716,69,69,6,0,0,1,6,NotRequested,NotRequested,NotRequested,NotRequested,NotRequested,NotRequested,NotRequested,NotRequested,NotRequested,NotRequested
rand004,0.5,Strict,0,1.0e-03,0,TopologyUnresolved,Converged,TopologyUnresolved,1,1.3950903759541713,0.0011632166,11.307042,0.829882,10.475771,0.000020,0.001284,0.342344,0.001345,2136,2136,6,0,0,1,6,Invalid,Invalid,Invalid,Invalid,Invalid,TopologyUnresolved,TopologyUnresolved,TopologyUnresolved,TopologyUnresolved,TopologyUnresolved
rand004,0.5,Strict,0,1.0e-04,0,TopologyUnresolved,Converged,TopologyUnresolved,1,1.3950903758156228,1.927881e-05,9.356633,0.915091,8.421044,0.000240,0.002215,0.386828,0.005097,2136,2136,6,0,0,1,6,Invalid,Invalid,Invalid,Invalid,Invalid,TopologyUnresolved,TopologyUnresolved,TopologyUnresolved,TopologyUnresolved,TopologyUnresolved
rand004,0.5,Strict,1,1.0e-03,0,TopologyUnresolved,Converged,TopologyUnresolved,1,1.3941649257932651,0.0011602747,11.347413,0.462822,10.779915,0.000380,0.003334,0.420834,0.004696,2263,2263,6,0,0,1,6,Invalid,Invalid,Invalid,Invalid,Invalid,TopologyUnresolved,TopologyUnresolved,TopologyUnresolved,TopologyUnresolved,TopologyUnresolved
rand004,0.5,Strict,1,1.0e-04,0,TopologyUnresolved,Converged,TopologyUnresolved,1,1.3941649256557933,1.9265219e-05,11.079991,0.381066,10.681626,0.000366,0.001288,0.368375,0.002773,2263,2263,6,0,0,1,6,Invalid,Invalid,Invalid,Invalid,Invalid,TopologyUnresolved,TopologyUnresolved,TopologyUnresolved,TopologyUnresolved,TopologyUnresolved
rand004,0.5,ValueFirst,0,1.0e-03,0,Converged,Converged,Converged,1,1.3950903759541713,0.0011632166,1.483743,0.857450,0.623906,0.000392,0.002578,0.374759,0.003401,93,93,6,0,0,1,6,ToleranceMet,ToleranceMet,ToleranceMet,ToleranceMet,ToleranceMet,ToleranceMet,ToleranceMet,ToleranceMet,ToleranceMet,ToleranceMet
rand004,0.5,ValueFirst,0,1.0e-04,0,Converged,Converged,Converged,1,1.3950903758156228,1.927881e-05,1.501258,0.840761,0.659033,0.000065,0.001095,0.361166,0.001000,125,125,6,0,0,1,6,ToleranceMet,ToleranceMet,ToleranceMet,ToleranceMet,ToleranceMet,ToleranceMet,ToleranceMet,ToleranceMet,ToleranceMet,ToleranceMet
rand004,0.5,ValueFirst,1,1.0e-03,0,Converged,Converged,Converged,1,1.3941649257932651,0.0011602747,0.974323,0.350117,0.621005,0.000023,0.001192,0.357497,0.000948,93,93,6,0,0,1,6,ToleranceMet,ToleranceMet,ToleranceMet,ToleranceMet,ToleranceMet,ToleranceMet,ToleranceMet,ToleranceMet,ToleranceMet,ToleranceMet
rand004,0.5,ValueFirst,1,1.0e-04,0,Converged,Converged,Converged,1,1.3941649256557933,1.9265219e-05,1.048348,0.349340,0.697348,0.000027,0.001006,0.351815,0.000826,125,125,6,0,0,1,6,ToleranceMet,ToleranceMet,ToleranceMet,ToleranceMet,ToleranceMet,ToleranceMet,ToleranceMet,ToleranceMet,ToleranceMet,ToleranceMet
rand005,0.0,None,0,1.0e-03,0,Converged,Converged,Converged,1,1.4689930145548247,0.00079979412,1.068722,0.693283,0.374856,0.000021,0.001707,0.296123,0.002121,46,46,4,0,0,1,4,NotRequested,NotRequested,NotRequested,NotRequested,NotRequested,NotRequested,NotRequested,NotRequested,NotRequested,NotRequested
rand005,0.0,None,0,1.0e-04,0,Converged,Converged,Converged,1,1.4689930146031809,4.8967003e-08,1.075455,0.697180,0.377306,0.000028,0.000890,0.287488,0.000629,62,62,4,0,0,1,4,NotRequested,NotRequested,NotRequested,NotRequested,NotRequested,NotRequested,NotRequested,NotRequested,NotRequested,NotRequested
rand005,0.0,None,1,1.0e-03,0,Converged,Converged,Converged,1,1.4709535598806218,0.0008044317,0.937548,0.570277,0.365887,0.000022,0.000845,0.296239,0.000617,46,46,4,0,0,1,4,NotRequested,NotRequested,NotRequested,NotRequested,NotRequested,NotRequested,NotRequested,NotRequested,NotRequested,NotRequested
rand005,0.0,None,1,1.0e-04,0,Converged,Converged,Converged,1,1.4709535599308219,4.9163969e-08,0.972166,0.600856,0.370146,0.000028,0.000843,0.275970,0.000482,62,62,4,0,0,1,4,NotRequested,NotRequested,NotRequested,NotRequested,NotRequested,NotRequested,NotRequested,NotRequested,NotRequested,NotRequested
rand005,0.0,Strict,0,1.0e-03,0,Converged,Converged,Converged,1,1.4689930145548247,0.00079979412,16.430683,0.712193,15.716884,0.000029,0.001303,0.282992,0.000807,3112,3112,4,0,0,1,4,ToleranceMet,ToleranceMet,ToleranceMet,ToleranceMet,ToleranceMet,ToleranceMet,ToleranceMet,ToleranceMet,ToleranceMet,ToleranceMet
rand005,0.0,Strict,0,1.0e-04,0,Converged,Converged,Converged,1,1.4689930146031809,4.8967003e-08,12.087932,0.789884,11.269436,0.000242,0.002667,0.329483,0.003542,3112,3112,4,0,0,1,4,ToleranceMet,ToleranceMet,ToleranceMet,ToleranceMet,ToleranceMet,ToleranceMet,ToleranceMet,ToleranceMet,ToleranceMet,ToleranceMet
rand005,0.0,Strict,1,1.0e-03,0,Converged,Converged,Converged,1,1.4709535598806218,0.0008044317,14.003666,0.665688,13.142477,0.000439,0.002350,0.344628,0.004377,3112,3112,4,0,0,1,4,ToleranceMet,ToleranceMet,ToleranceMet,ToleranceMet,ToleranceMet,ToleranceMet,ToleranceMet,ToleranceMet,ToleranceMet,ToleranceMet
rand005,0.0,Strict,1,1.0e-04,0,Converged,Converged,Converged,1,1.4709535599308219,4.9163969e-08,13.910952,0.619414,13.265491,0.000223,0.001693,0.311603,0.002462,3112,3112,4,0,0,1,4,ToleranceMet,ToleranceMet,ToleranceMet,ToleranceMet,ToleranceMet,ToleranceMet,ToleranceMet,ToleranceMet,ToleranceMet,ToleranceMet
rand005,0.0,ValueFirst,0,1.0e-03,0,Converged,Converged,BudgetExceeded,1,1.4689930145548247,0.00079979412,1.386745,0.734783,0.650061,0.000199,0.002716,0.308787,0.003240,158,158,4,0,0,1,4,FiniteUncertified,FiniteUncertified,FiniteUncertified,FiniteUncertified,FiniteUncertified,BudgetExceeded,BudgetExceeded,BudgetExceeded,BudgetExceeded,BudgetExceeded
rand005,0.0,ValueFirst,0,1.0e-04,0,Converged,Converged,BudgetExceeded,1,1.4689930146031809,4.8967003e-08,1.718318,0.700176,1.016144,0.000057,0.000921,0.283912,0.000654,286,286,4,0,0,1,4,ToleranceMet,ToleranceMet,ToleranceMet,FiniteUncertified,ToleranceMet,ToleranceMet,ToleranceMet,ToleranceMet,BudgetExceeded,ToleranceMet
rand005,0.0,ValueFirst,1,1.0e-03,0,Converged,Converged,Converged,1,1.4709535598806218,0.0008044317,1.226580,0.603649,0.619054,0.000091,0.000921,0.295174,0.000619,158,158,4,0,0,1,4,ToleranceMet,ToleranceMet,ToleranceMet,ToleranceMet,ToleranceMet,ToleranceMet,ToleranceMet,ToleranceMet,ToleranceMet,ToleranceMet
rand005,0.0,ValueFirst,1,1.0e-04,0,Converged,Converged,BudgetExceeded,1,1.4709535599308219,4.9163969e-08,1.567591,0.571650,0.993075,0.000039,0.000876,0.293474,0.000505,286,286,4,0,0,1,4,FiniteUncertified,FiniteUncertified,FiniteUncertified,FiniteUncertified,FiniteUncertified,BudgetExceeded,BudgetExceeded,BudgetExceeded,BudgetExceeded,BudgetExceeded
rand005,0.5,None,0,1.0e-03,0,Converged,Converged,Converged,1,1.4682484776243063,1.6349485e-07,1.113047,0.702036,0.410497,0.000021,0.001153,0.287374,0.000829,62,62,4,0,0,1,4,NotRequested,NotRequested,NotRequested,NotRequested,NotRequested,NotRequested,NotRequested,NotRequested,NotRequested,NotRequested
rand005,0.5,None,0,1.0e-04,0,Converged,Converged,Converged,1,1.4682484776243063,1.6349485e-07,1.088946,0.703129,0.384735,0.000021,0.000878,0.283101,0.000494,62,62,4,0,0,1,4,NotRequested,NotRequested,NotRequested,NotRequested,NotRequested,NotRequested,NotRequested,NotRequested,NotRequested,NotRequested
rand005,0.5,None,1,1.0e-03,0,Converged,Converged,Converged,1,1.4702042894106411,1.6454874e-07,0.946330,0.566908,0.378346,0.000020,0.000837,0.271619,0.000496,62,62,4,0,0,1,4,NotRequested,NotRequested,NotRequested,NotRequested,NotRequested,NotRequested,NotRequested,NotRequested,NotRequested,NotRequested
rand005,0.5,None,1,1.0e-04,0,Converged,Converged,Converged,1,1.4702042894106411,1.6454874e-07,0.933185,0.562795,0.369351,0.000029,0.000806,0.267257,0.000441,62,62,4,0,0,1,4,NotRequested,NotRequested,NotRequested,NotRequested,NotRequested,NotRequested,NotRequested,NotRequested,NotRequested,NotRequested
rand005,0.5,Strict,0,1.0e-03,0,TopologyUnresolved,Converged,TopologyUnresolved,1,1.4682484776243063,1.6349485e-07,14.544508,0.709684,13.833188,0.000030,0.001077,0.261650,0.000764,2653,2653,4,0,0,1,4,Invalid,Invalid,Invalid,Invalid,Invalid,TopologyUnresolved,TopologyUnresolved,TopologyUnresolved,TopologyUnresolved,TopologyUnresolved
rand005,0.5,Strict,0,1.0e-04,0,TopologyUnresolved,Converged,TopologyUnresolved,1,1.4682484776243063,1.6349485e-07,11.578547,0.798408,10.757099,0.000221,0.002597,0.326489,0.003229,2653,2653,4,0,0,1,4,Invalid,Invalid,Invalid,Invalid,Invalid,TopologyUnresolved,TopologyUnresolved,TopologyUnresolved,TopologyUnresolved,TopologyUnresolved
rand005,0.5,Strict,1,1.0e-03,0,TopologyUnresolved,Converged,TopologyUnresolved,1,1.4702042894106411,1.6454874e-07,12.044296,0.671041,11.278795,0.000366,0.003597,0.344369,0.003622,2653,2653,4,0,0,1,4,Invalid,Invalid,Invalid,Invalid,Invalid,TopologyUnresolved,TopologyUnresolved,TopologyUnresolved,TopologyUnresolved,TopologyUnresolved
rand005,0.5,Strict,1,1.0e-04,0,TopologyUnresolved,Converged,TopologyUnresolved,1,1.4702042894106411,1.6454874e-07,11.715514,0.618208,11.075962,0.000218,0.000989,0.312837,0.001748,2653,2653,4,0,0,1,4,Invalid,Invalid,Invalid,Invalid,Invalid,TopologyUnresolved,TopologyUnresolved,TopologyUnresolved,TopologyUnresolved,TopologyUnresolved
rand005,0.5,ValueFirst,0,1.0e-03,0,Converged,Converged,Converged,1,1.4682484776243063,1.6349485e-07,2.022892,0.735765,1.284778,0.000207,0.002081,0.311351,0.002335,286,286,4,0,0,1,4,ToleranceMet,ToleranceMet,ToleranceMet,ToleranceMet,ToleranceMet,ToleranceMet,ToleranceMet,ToleranceMet,ToleranceMet,ToleranceMet
rand005,0.5,ValueFirst,0,1.0e-04,0,Converged,Converged,Converged,1,1.4682484776243063,1.6349485e-07,1.949451,0.719279,1.227054,0.000056,0.000869,0.296290,0.000844,286,286,4,0,0,1,4,ToleranceMet,ToleranceMet,ToleranceMet,ToleranceMet,ToleranceMet,ToleranceMet,ToleranceMet,ToleranceMet,ToleranceMet,ToleranceMet
rand005,0.5,ValueFirst,1,1.0e-03,0,Converged,Converged,Converged,1,1.4702042894106411,1.6454874e-07,1.834239,0.567654,1.262586,0.000035,0.000915,0.296399,0.000586,286,286,4,0,0,1,4,ToleranceMet,ToleranceMet,ToleranceMet,ToleranceMet,ToleranceMet,ToleranceMet,ToleranceMet,ToleranceMet,ToleranceMet,ToleranceMet
rand005,0.5,ValueFirst,1,1.0e-04,0,Converged,Converged,Converged,1,1.4702042894106411,1.6454874e-07,1.783947,0.567838,1.213086,0.000028,0.000843,0.282109,0.000516,286,286,4,0,0,1,4,ToleranceMet,ToleranceMet,ToleranceMet,ToleranceMet,ToleranceMet,ToleranceMet,ToleranceMet,ToleranceMet,ToleranceMet,ToleranceMet
rand006,0.0,None,0,1.0e-03,0,Converged,Converged,Converged,1,1.9709732048472273,0.00064261534,1.508817,0.976787,0.531461,0.000022,0.001874,0.378664,0.005714,67,67,6,1,1,1,5,NotRequested,NotRequested,NotRequested,NotRequested,NotRequested,NotRequested,NotRequested,NotRequested,NotRequested,NotRequested
rand006,0.0,None,0,1.0e-04,0,Converged,Converged,Converged,1,1.9709732047489885,0.00019395756,1.510025,0.995479,0.513412,0.000028,0.001315,0.365064,0.001296,75,75,6,1,1,1,5,NotRequested,NotRequested,NotRequested,NotRequested,NotRequested,NotRequested,NotRequested,NotRequested,NotRequested,NotRequested
rand006,0.0,None,1,1.0e-03,0,Converged,Converged,Converged,1,1.9650982714582919,0.00063968805,0.825713,0.343560,0.480701,0.000027,0.001218,0.346952,0.001190,67,67,6,2,2,1,4,NotRequested,NotRequested,NotRequested,NotRequested,NotRequested,NotRequested,NotRequested,NotRequested,NotRequested,NotRequested
rand006,0.0,None,1,1.0e-04,0,Converged,Converged,Converged,1,1.9650982713602423,0.00019309243,0.865384,0.355094,0.509214,0.000025,0.001098,0.355864,0.001118,75,75,6,2,2,1,4,NotRequested,NotRequested,NotRequested,NotRequested,NotRequested,NotRequested,NotRequested,NotRequested,NotRequested,NotRequested
rand006,0.0,Strict,0,1.0e-03,0,EventLocationLimited,Converged,EventLocationLimited,1,1.9709732048472273,0.00064261534,17.483521,0.972085,16.509728,0.000020,0.001507,0.364264,0.002019,3205,3205,6,1,1,1,5,FiniteUncertified,FiniteUncertified,FiniteUncertified,FiniteUncertified,FiniteUncertified,EventLocationLimited,EventLocationLimited,EventLocationLimited,EventLocationLimited,EventLocationLimited
rand006,0.0,Strict,0,1.0e-04,0,EventLocationLimited,Converged,EventLocationLimited,1,1.9709732047489885,0.00019395756,12.860932,1.082035,11.749825,0.000204,0.002626,0.420268,0.005085,3205,3205,6,1,1,1,5,FiniteUncertified,FiniteUncertified,FiniteUncertified,FiniteUncertified,FiniteUncertified,EventLocationLimited,EventLocationLimited,EventLocationLimited,EventLocationLimited,EventLocationLimited
rand006,0.0,Strict,1,1.0e-03,0,Converged,Converged,Converged,1,1.9650982714582919,0.00063968805,15.045856,0.457743,14.457574,0.000194,0.002216,0.419819,0.004668,3205,3205,6,2,2,1,4,ToleranceMet,ToleranceMet,ToleranceMet,ToleranceMet,ToleranceMet,ToleranceMet,ToleranceMet,ToleranceMet,ToleranceMet,ToleranceMet
rand006,0.0,Strict,1,1.0e-04,0,Converged,Converged,Converged,1,1.9650982713602423,0.00019309243,14.896757,0.417577,14.453803,0.000215,0.002358,0.390249,0.003767,3205,3205,6,2,2,1,4,ToleranceMet,ToleranceMet,ToleranceMet,ToleranceMet,ToleranceMet,ToleranceMet,ToleranceMet,ToleranceMet,ToleranceMet,ToleranceMet
rand006,0.0,ValueFirst,0,1.0e-03,0,Converged,Converged,BudgetExceeded,1,1.9709732048472273,0.00064261534,1.708737,1.021080,0.685528,0.000199,0.003658,0.408490,0.006378,99,99,6,1,1,1,5,ToleranceMet,ToleranceMet,ToleranceMet,ToleranceMet,FiniteUncertified,ToleranceMet,ToleranceMet,ToleranceMet,ToleranceMet,BudgetExceeded
rand006,0.0,ValueFirst,0,1.0e-04,0,Converged,Converged,Converged,1,1.9709732047489885,0.00019395756,1.652989,0.986910,0.664567,0.000020,0.001412,0.409490,0.001360,107,107,6,1,1,1,5,ToleranceMet,ToleranceMet,ToleranceMet,ToleranceMet,ToleranceMet,ToleranceMet,ToleranceMet,ToleranceMet,ToleranceMet,ToleranceMet
rand006,0.0,ValueFirst,1,1.0e-03,0,Converged,Converged,BudgetExceeded,1,1.9650982714582919,0.00063968805,0.975448,0.360544,0.611030,0.000022,0.001403,0.374582,0.001689,99,99,6,2,2,1,4,ToleranceMet,ToleranceMet,ToleranceMet,ToleranceMet,FiniteUncertified,ToleranceMet,ToleranceMet,ToleranceMet,ToleranceMet,BudgetExceeded
rand006,0.0,ValueFirst,1,1.0e-04,0,Converged,Converged,Converged,1,1.9650982713602423,0.00019309243,0.949465,0.350676,0.597607,0.000027,0.001199,0.357245,0.001093,107,107,6,2,2,1,4,ToleranceMet,ToleranceMet,ToleranceMet,ToleranceMet,ToleranceMet,ToleranceMet,ToleranceMet,ToleranceMet,ToleranceMet,ToleranceMet
rand006,0.5,None,0,1.0e-03,0,Converged,Converged,Converged,1,1.9681076866129232,0.00076523394,1.512504,0.966177,0.545734,0.000028,0.001461,0.367666,0.002128,67,67,6,1,1,1,5,NotRequested,NotRequested,NotRequested,NotRequested,NotRequested,NotRequested,NotRequested,NotRequested,NotRequested,NotRequested
rand006,0.5,None,0,1.0e-04,0,Converged,Converged,Converged,1,1.9681076854664519,0.00017465709,1.531509,0.963212,0.567142,0.000032,0.001170,0.384668,0.001261,75,75,6,1,1,1,5,NotRequested,NotRequested,NotRequested,NotRequested,NotRequested,NotRequested,NotRequested,NotRequested,NotRequested,NotRequested
rand006,0.5,None,1,1.0e-03,0,Converged,Converged,Converged,1,1.9622642010241105,0.00075973572,0.876091,0.344269,0.530489,0.000028,0.005163,0.358791,0.001219,67,67,6,2,2,1,4,NotRequested,NotRequested,NotRequested,NotRequested,NotRequested,NotRequested,NotRequested,NotRequested,NotRequested,NotRequested
rand006,0.5,None,1,1.0e-04,0,Converged,Converged,Converged,1,1.9622641998935615,0.00017396444,0.894092,0.356146,0.536832,0.000021,0.001108,0.357779,0.001055,75,75,6,2,2,1,4,NotRequested,NotRequested,NotRequested,NotRequested,NotRequested,NotRequested,NotRequested,NotRequested,NotRequested,NotRequested
rand006,0.5,Strict,0,1.0e-03,0,TopologyUnresolved,Converged,TopologyUnresolved,1,1.9681076866129232,0.00076523394,12.102164,0.968233,11.132048,0.000020,0.001426,0.365771,0.002101,2214,2214,6,1,1,1,5,Invalid,Invalid,Invalid,Invalid,Invalid,TopologyUnresolved,TopologyUnresolved,TopologyUnresolved,TopologyUnresolved,TopologyUnresolved
rand006,0.5,Strict,0,1.0e-04,0,TopologyUnresolved,Converged,TopologyUnresolved,1,1.9681076854664519,0.00017465709,9.945068,1.068542,8.856342,0.000201,0.002326,0.417377,0.004593,2214,2214,6,1,1,1,5,Invalid,Invalid,Invalid,Invalid,Invalid,TopologyUnresolved,TopologyUnresolved,TopologyUnresolved,TopologyUnresolved,TopologyUnresolved
rand006,0.5,Strict,1,1.0e-03,0,TopologyUnresolved,Converged,TopologyUnresolved,1,1.9622642010241105,0.00075973572,9.992976,0.464574,9.446591,0.000201,0.003110,0.414177,0.005293,2182,2182,6,2,2,1,4,Invalid,Invalid,Invalid,Invalid,Invalid,TopologyUnresolved,TopologyUnresolved,TopologyUnresolved,TopologyUnresolved,TopologyUnresolved
rand006,0.5,Strict,1,1.0e-04,0,TopologyUnresolved,Converged,TopologyUnresolved,1,1.9622641998935615,0.00017396444,9.778039,0.379464,9.380846,0.000194,0.001273,0.368895,0.002512,2182,2182,6,2,2,1,4,Invalid,Invalid,Invalid,Invalid,Invalid,TopologyUnresolved,TopologyUnresolved,TopologyUnresolved,TopologyUnresolved,TopologyUnresolved
rand006,0.5,ValueFirst,0,1.0e-03,0,Converged,Converged,BudgetExceeded,1,1.9681076866129232,0.00076523394,1.736481,0.999139,0.734906,0.000375,0.002862,0.379616,0.004537,99,99,6,1,1,1,5,ToleranceMet,ToleranceMet,ToleranceMet,ToleranceMet,FiniteUncertified,ToleranceMet,ToleranceMet,ToleranceMet,ToleranceMet,BudgetExceeded
rand006,0.5,ValueFirst,0,1.0e-04,0,Converged,Converged,Converged,1,1.9681076854664519,0.00017465709,1.717391,0.978417,0.737698,0.000061,0.001283,0.368392,0.001212,107,107,6,1,1,1,5,ToleranceMet,ToleranceMet,ToleranceMet,ToleranceMet,ToleranceMet,ToleranceMet,ToleranceMet,ToleranceMet,ToleranceMet,ToleranceMet
rand006,0.5,ValueFirst,1,1.0e-03,0,Converged,Converged,BudgetExceeded,1,1.9622642010241105,0.00075973572,1.038725,0.354934,0.680475,0.000067,0.001306,0.357274,0.001260,99,99,6,2,2,1,4,ToleranceMet,ToleranceMet,ToleranceMet,ToleranceMet,FiniteUncertified,ToleranceMet,ToleranceMet,ToleranceMet,ToleranceMet,BudgetExceeded
rand006,0.5,ValueFirst,1,1.0e-04,0,Converged,Converged,Converged,1,1.9622641998935615,0.00017396444,1.083549,0.362844,0.719386,0.000045,0.001139,0.357330,0.001213,107,107,6,2,2,1,4,ToleranceMet,ToleranceMet,ToleranceMet,ToleranceMet,ToleranceMet,ToleranceMet,ToleranceMet,ToleranceMet,ToleranceMet,ToleranceMet
rand007,0.0,None,0,1.0e-03,0,Converged,Converged,Converged,1,3.2108521264239895,0.0012449266,1.145354,0.715106,0.429547,0.000052,0.013864,0.338693,0.002760,46,46,4,0,0,1,4,NotRequested,NotRequested,NotRequested,NotRequested,NotRequested,NotRequested,NotRequested,NotRequested,NotRequested,NotRequested
rand007,0.0,None,0,1.0e-04,0,Converged,Converged,Converged,1,3.210852126431635,6.226958e-10,1.146447,0.713028,0.432434,0.000020,0.009124,0.329299,0.000569,62,62,4,0,0,1,4,NotRequested,NotRequested,NotRequested,NotRequested,NotRequested,NotRequested,NotRequested,NotRequested,NotRequested,NotRequested
rand007,0.0,None,1,1.0e-03,0,Converged,Converged,Converged,1,3.2107828186218392,0.0012448876,1.109633,0.595833,0.512454,0.000025,0.009324,0.326267,0.000517,46,46,4,0,0,1,4,NotRequested,NotRequested,NotRequested,NotRequested,NotRequested,NotRequested,NotRequested,NotRequested,NotRequested,NotRequested
rand007,0.0,None,1,1.0e-04,0,Converged,Converged,Converged,1,3.2107828186294229,6.2255634e-10,4.516990,3.949017,0.566845,0.000030,0.010658,0.335130,0.000603,62,62,4,0,0,1,4,NotRequested,NotRequested,NotRequested,NotRequested,NotRequested,NotRequested,NotRequested,NotRequested,NotRequested,NotRequested
rand007,0.0,Strict,0,1.0e-03,0,EventLocationLimited,Converged,EventLocationLimited,1,3.2108521264239895,0.0012449266,1.163133,0.710599,0.451922,0.000021,0.009228,0.321317,0.001118,62,62,4,0,0,1,4,FiniteUncertified,FiniteUncertified,FiniteUncertified,FiniteUncertified,ToleranceMet,EventLocationLimited,EventLocationLimited,EventLocationLimited,EventLocationLimited,ToleranceMet
rand007,0.0,Strict,0,1.0e-04,0,EventLocationLimited,Converged,EventLocationLimited,1,3.210852126431635,6.226958e-10,1.126188,0.702418,0.422773,0.000022,0.008762,0.309204,0.000492,62,62,4,0,0,1,4,FiniteUncertified,FiniteUncertified,FiniteUncertified,FiniteUncertified,ToleranceMet,EventLocationLimited,EventLocationLimited,EventLocationLimited,EventLocationLimited,ToleranceMet
rand007,0.0,Strict,1,1.0e-03,0,EventLocationLimited,Converged,EventLocationLimited,1,3.2107828186218392,0.0012448876,1.568668,0.692063,0.670292,0.000419,0.026511,0.383730,0.004445,62,62,4,0,0,1,4,FiniteUncertified,FiniteUncertified,FiniteUncertified,FiniteUncertified,ToleranceMet,EventLocationLimited,EventLocationLimited,EventLocationLimited,EventLocationLimited,ToleranceMet
rand007,0.0,Strict,1,1.0e-04,0,EventLocationLimited,Converged,EventLocationLimited,1,3.2107828186294229,6.2255634e-10,4.730707,4.076156,0.653274,0.000045,0.012012,0.345858,0.000561,62,62,4,0,0,1,4,FiniteUncertified,FiniteUncertified,FiniteUncertified,FiniteUncertified,ToleranceMet,EventLocationLimited,EventLocationLimited,EventLocationLimited,EventLocationLimited,ToleranceMet
rand007,0.0,ValueFirst,0,1.0e-03,0,Converged,Converged,EventLocationLimited,1,3.2108521264239895,0.0012449266,1.186678,0.735168,0.449604,0.000022,0.012420,0.316065,0.001176,62,62,4,0,0,1,4,FiniteUncertified,FiniteUncertified,FiniteUncertified,FiniteUncertified,ToleranceMet,EventLocationLimited,EventLocationLimited,EventLocationLimited,EventLocationLimited,ToleranceMet
rand007,0.0,ValueFirst,0,1.0e-04,0,Converged,Converged,EventLocationLimited,1,3.210852126431635,6.226958e-10,1.146829,0.708689,0.437079,0.000021,0.008757,0.321298,0.000557,62,62,4,0,0,1,4,FiniteUncertified,FiniteUncertified,FiniteUncertified,FiniteUncertified,ToleranceMet,EventLocationLimited,EventLocationLimited,EventLocationLimited,EventLocationLimited,ToleranceMet
rand007,0.0,ValueFirst,1,1.0e-03,0,Converged,Converged,EventLocationLimited,1,3.2107828186218392,0.0012448876,1.173407,0.592802,0.577419,0.000026,0.009133,0.329647,0.000599,62,62,4,0,0,1,4,FiniteUncertified,FiniteUncertified,FiniteUncertified,FiniteUncertified,ToleranceMet,EventLocationLimited,EventLocationLimited,EventLocationLimited,EventLocationLimited,ToleranceMet
rand007,0.0,ValueFirst,1,1.0e-04,0,Converged,Converged,EventLocationLimited,1,3.2107828186294229,6.2255634e-10,4.541633,3.934868,0.605667,0.000029,0.011610,0.345399,0.000592,62,62,4,0,0,1,4,FiniteUncertified,FiniteUncertified,FiniteUncertified,FiniteUncertified,ToleranceMet,EventLocationLimited,EventLocationLimited,EventLocationLimited,EventLocationLimited,ToleranceMet
rand007,0.5,None,0,1.0e-03,0,Converged,Converged,Converged,1,3.2108518017433307,3.8515963e-08,1.185180,0.735880,0.448643,0.000029,0.009710,0.324077,0.001072,62,62,4,0,0,1,4,NotRequested,NotRequested,NotRequested,NotRequested,NotRequested,NotRequested,NotRequested,NotRequested,NotRequested,NotRequested
rand007,0.5,None,0,1.0e-04,0,Converged,Converged,Converged,1,3.2108518017433307,3.8515963e-08,1.137135,0.714761,0.421224,0.000021,0.008755,0.307993,0.000526,62,62,4,0,0,1,4,NotRequested,NotRequested,NotRequested,NotRequested,NotRequested,NotRequested,NotRequested,NotRequested,NotRequested,NotRequested
rand007,0.5,None,1,1.0e-03,0,Converged,Converged,Converged,1,3.2107824939633209,3.8514987e-08,1.195194,0.608029,0.586104,0.000028,0.009309,0.335254,0.000552,62,62,4,0,0,1,4,NotRequested,NotRequested,NotRequested,NotRequested,NotRequested,NotRequested,NotRequested,NotRequested,NotRequested,NotRequested
rand007,0.5,None,1,1.0e-04,0,Converged,Converged,Converged,1,3.2107824939633209,3.8514987e-08,4.568698,3.979302,0.588303,0.000031,0.011969,0.344584,0.000530,62,62,4,0,0,1,4,NotRequested,NotRequested,NotRequested,NotRequested,NotRequested,NotRequested,NotRequested,NotRequested,NotRequested,NotRequested
rand007,0.5,Strict,0,1.0e-03,0,EventLocationLimited,Converged,EventLocationLimited,1,3.2108518017433307,3.8515963e-08,1.225602,0.721338,0.503676,0.000021,0.009551,0.321551,0.001145,62,62,4,0,0,1,4,FiniteUncertified,FiniteUncertified,FiniteUncertified,FiniteUncertified,ToleranceMet,EventLocationLimited,EventLocationLimited,EventLocationLimited,EventLocationLimited,ToleranceMet
rand007,0.5,Strict,0,1.0e-04,0,EventLocationLimited,Converged,EventLocationLimited,1,3.2108518017433307,3.8515963e-08,1.192399,0.716441,0.474894,0.000028,0.009096,0.315013,0.000580,62,62,4,0,0,1,4,FiniteUncertified,FiniteUncertified,FiniteUncertified,FiniteUncertified,ToleranceMet,EventLocationLimited,EventLocationLimited,EventLocationLimited,EventLocationLimited,ToleranceMet
rand007,0.5,Strict,1,1.0e-03,0,EventLocationLimited,Converged,EventLocationLimited,1,3.2107824939633209,3.8514987e-08,1.552683,0.711674,0.721155,0.000448,0.025123,0.383950,0.003671,62,62,4,0,0,1,4,FiniteUncertified,FiniteUncertified,FiniteUncertified,FiniteUncertified,ToleranceMet,EventLocationLimited,EventLocationLimited,EventLocationLimited,EventLocationLimited,ToleranceMet
rand007,0.5,Strict,1,1.0e-04,0,EventLocationLimited,Converged,EventLocationLimited,1,3.2107824939633209,3.8514987e-08,4.742580,4.039508,0.701723,0.000043,0.011665,0.337082,0.000517,62,62,4,0,0,1,4,FiniteUncertified,FiniteUncertified,FiniteUncertified,FiniteUncertified,ToleranceMet,EventLocationLimited,EventLocationLimited,EventLocationLimited,EventLocationLimited,ToleranceMet
rand007,0.5,ValueFirst,0,1.0e-03,0,Converged,Converged,EventLocationLimited,1,3.2108518017433307,3.8515963e-08,1.233800,0.722717,0.509347,0.000020,0.011918,0.331386,0.001095,62,62,4,0,0,1,4,FiniteUncertified,FiniteUncertified,FiniteUncertified,FiniteUncertified,ToleranceMet,EventLocationLimited,EventLocationLimited,EventLocationLimited,EventLocationLimited,ToleranceMet
rand007,0.5,ValueFirst,0,1.0e-04,0,Converged,Converged,EventLocationLimited,1,3.2108518017433307,3.8515963e-08,1.225757,0.747604,0.477021,0.000021,0.009128,0.315304,0.000524,62,62,4,0,0,1,4,FiniteUncertified,FiniteUncertified,FiniteUncertified,FiniteUncertified,ToleranceMet,EventLocationLimited,EventLocationLimited,EventLocationLimited,EventLocationLimited,ToleranceMet
rand007,0.5,ValueFirst,1,1.0e-03,0,Converged,Converged,EventLocationLimited,1,3.2107824939633209,3.8514987e-08,1.309979,0.627521,0.680123,0.000030,0.009266,0.337542,0.000555,62,62,4,0,0,1,4,FiniteUncertified,FiniteUncertified,FiniteUncertified,FiniteUncertified,ToleranceMet,EventLocationLimited,EventLocationLimited,EventLocationLimited,EventLocationLimited,ToleranceMet
rand007,0.5,ValueFirst,1,1.0e-04,0,Converged,Converged,EventLocationLimited,1,3.2107824939633209,3.8514987e-08,4.717787,4.038110,0.678489,0.000029,0.011803,0.341032,0.000555,62,62,4,0,0,1,4,FiniteUncertified,FiniteUncertified,FiniteUncertified,FiniteUncertified,ToleranceMet,EventLocationLimited,EventLocationLimited,EventLocationLimited,EventLocationLimited,ToleranceMet
rand008,0.0,None,0,1.0e-03,0,Converged,Converged,Converged,1,1.2029724641437101,0.00011426507,1.196662,0.670559,0.525394,0.000031,0.002997,0.424226,0.005387,53,53,6,0,0,1,6,NotRequested,NotRequested,NotRequested,NotRequested,NotRequested,NotRequested,NotRequested,NotRequested,NotRequested,NotRequested
rand008,0.0,None,0,1.0e-04,0,Converged,Converged,Converged,1,1.2029724641437101,0.00011426507,1.159968,0.670629,0.488309,0.000020,0.001147,0.403611,0.000951,53,53,6,0,0,1,6,NotRequested,NotRequested,NotRequested,NotRequested,NotRequested,NotRequested,NotRequested,NotRequested,NotRequested,NotRequested
rand008,0.0,None,1,1.0e-03,0,Converged,Converged,Converged,1,1.2029768818597908,0.00011426756,0.918521,0.282774,0.634510,0.000019,0.001171,0.466065,0.000839,53,53,6,0,0,1,6,NotRequested,NotRequested,NotRequested,NotRequested,NotRequested,NotRequested,NotRequested,NotRequested,NotRequested,NotRequested
rand008,0.0,None,1,1.0e-04,0,Converged,Converged,Converged,1,1.2029768818597908,0.00011426756,0.949111,0.294463,0.653559,0.000028,0.001177,0.470521,0.000761,53,53,6,0,0,1,6,NotRequested,NotRequested,NotRequested,NotRequested,NotRequested,NotRequested,NotRequested,NotRequested,NotRequested,NotRequested
rand008,0.0,Strict,0,1.0e-03,0,EventLocationLimited,Converged,EventLocationLimited,1,1.2029724641437101,0.00011426507,1.230005,0.680365,0.548950,0.000021,0.001412,0.395546,0.001554,77,77,6,0,0,1,6,FiniteUncertified,FiniteUncertified,FiniteUncertified,FiniteUncertified,FiniteUncertified,EventLocationLimited,EventLocationLimited,EventLocationLimited,EventLocationLimited,EventLocationLimited
rand008,0.0,Strict,0,1.0e-04,0,EventLocationLimited,Converged,EventLocationLimited,1,1.2029724641437101,0.00011426507,1.202146,0.655653,0.545261,0.000024,0.001096,0.409437,0.000754,77,77,6,0,0,1,6,FiniteUncertified,FiniteUncertified,FiniteUncertified,FiniteUncertified,FiniteUncertified,EventLocationLimited,EventLocationLimited,EventLocationLimited,EventLocationLimited,EventLocationLimited
rand008,0.0,Strict,1,1.0e-03,0,EventLocationLimited,Converged,EventLocationLimited,1,1.2029768818597908,0.00011426756,1.317367,0.396622,0.827461,0.000373,0.002793,0.519798,0.008636,77,77,6,0,0,1,6,FiniteUncertified,FiniteUncertified,FiniteUncertified,FiniteUncertified,FiniteUncertified,EventLocationLimited,EventLocationLimited,EventLocationLimited,EventLocationLimited,EventLocationLimited
rand008,0.0,Strict,1,1.0e-04,0,EventLocationLimited,Converged,EventLocationLimited,1,1.2029768818597908,0.00011426756,1.023351,0.286346,0.735587,0.000021,0.001101,0.457942,0.000788,77,77,6,0,0,1,6,FiniteUncertified,FiniteUncertified,FiniteUncertified,FiniteUncertified,FiniteUncertified,EventLocationLimited,EventLocationLimited,EventLocationLimited,EventLocationLimited,EventLocationLimited
rand008,0.0,ValueFirst,0,1.0e-03,0,Converged,Converged,EventLocationLimited,1,1.2029724641437101,0.00011426507,1.214178,0.664817,0.547654,0.000028,0.002397,0.402056,0.001984,77,77,6,0,0,1,6,FiniteUncertified,FiniteUncertified,FiniteUncertified,FiniteUncertified,FiniteUncertified,EventLocationLimited,EventLocationLimited,EventLocationLimited,EventLocationLimited,EventLocationLimited
rand008,0.0,ValueFirst,0,1.0e-04,0,Converged,Converged,EventLocationLimited,1,1.2029724641437101,0.00011426507,1.219592,0.666548,0.551816,0.000029,0.001103,0.408197,0.000795,77,77,6,0,0,1,6,FiniteUncertified,FiniteUncertified,FiniteUncertified,FiniteUncertified,FiniteUncertified,EventLocationLimited,EventLocationLimited,EventLocationLimited,EventLocationLimited,EventLocationLimited
rand008,0.0,ValueFirst,1,1.0e-03,0,Converged,Converged,EventLocationLimited,1,1.2029768818597908,0.00011426756,1.056167,0.297817,0.755316,0.000028,0.001228,0.484088,0.000940,77,77,6,0,0,1,6,FiniteUncertified,FiniteUncertified,FiniteUncertified,FiniteUncertified,FiniteUncertified,EventLocationLimited,EventLocationLimited,EventLocationLimited,EventLocationLimited,EventLocationLimited
rand008,0.0,ValueFirst,1,1.0e-04,0,Converged,Converged,EventLocationLimited,1,1.2029768818597908,0.00011426756,1.044683,0.316260,0.727161,0.000028,0.001136,0.465687,0.000749,77,77,6,0,0,1,6,FiniteUncertified,FiniteUncertified,FiniteUncertified,FiniteUncertified,FiniteUncertified,EventLocationLimited,EventLocationLimited,EventLocationLimited,EventLocationLimited,EventLocationLimited
rand008,0.5,None,0,1.0e-03,0,Converged,Converged,Converged,1,1.2029724528995207,0.00057051456,1.197571,0.665927,0.530945,0.000024,0.001492,0.402275,0.001615,53,53,6,0,0,1,6,NotRequested,NotRequested,NotRequested,NotRequested,NotRequested,NotRequested,NotRequested,NotRequested,NotRequested,NotRequested
rand008,0.5,None,0,1.0e-04,0,Converged,Converged,Converged,1,1.2029724529929686,4.1521822e-08,1.208322,0.671273,0.535952,0.000023,0.001145,0.402784,0.000742,69,69,6,0,0,1,6,NotRequested,NotRequested,NotRequested,NotRequested,NotRequested,NotRequested,NotRequested,NotRequested,NotRequested,NotRequested
rand008,0.5,None,1,1.0e-03,0,Converged,Converged,Converged,1,1.2029768706152597,0.00057052699,0.947423,0.279751,0.666462,0.000029,0.001161,0.475575,0.000807,53,53,6,0,0,1,6,NotRequested,NotRequested,NotRequested,NotRequested,NotRequested,NotRequested,NotRequested,NotRequested,NotRequested,NotRequested
rand008,0.5,None,1,1.0e-04,0,Converged,Converged,Converged,1,1.2029768707087205,4.1521518e-08,1.001504,0.291483,0.708853,0.000021,0.001213,0.453233,0.000703,69,69,6,0,0,1,6,NotRequested,NotRequested,NotRequested,NotRequested,NotRequested,NotRequested,NotRequested,NotRequested,NotRequested,NotRequested
rand008,0.5,Strict,0,1.0e-03,0,EventLocationLimited,Converged,EventLocationLimited,1,1.2029724528995207,0.00057051456,1.324724,0.627631,0.696445,0.000025,0.001277,0.388918,0.001475,93,93,6,0,0,1,6,FiniteUncertified,FiniteUncertified,FiniteUncertified,FiniteUncertified,FiniteUncertified,EventLocationLimited,EventLocationLimited,EventLocationLimited,EventLocationLimited,EventLocationLimited
rand008,0.5,Strict,0,1.0e-04,0,EventLocationLimited,Converged,EventLocationLimited,1,1.2029724529929686,4.1521822e-08,1.355266,0.662546,0.691397,0.000029,0.001147,0.403264,0.000765,93,93,6,0,0,1,6,FiniteUncertified,FiniteUncertified,FiniteUncertified,FiniteUncertified,FiniteUncertified,EventLocationLimited,EventLocationLimited,EventLocationLimited,EventLocationLimited,EventLocationLimited
rand008,0.5,Strict,1,1.0e-03,0,EventLocationLimited,Converged,EventLocationLimited,1,1.2029768706152597,0.00057052699,1.462448,0.400568,0.963248,0.000375,0.002838,0.538869,0.004261,93,93,6,0,0,1,6,FiniteUncertified,FiniteUncertified,FiniteUncertified,FiniteUncertified,FiniteUncertified,EventLocationLimited,EventLocationLimited,EventLocationLimited,EventLocationLimited,EventLocationLimited
rand008,0.5,Strict,1,1.0e-04,0,EventLocationLimited,Converged,EventLocationLimited,1,1.2029768707087205,4.1521518e-08,1.279775,0.321666,0.956222,0.000033,0.001143,0.533960,0.000891,93,93,6,0,0,1,6,FiniteUncertified,FiniteUncertified,FiniteUncertified,FiniteUncertified,FiniteUncertified,EventLocationLimited,EventLocationLimited,EventLocationLimited,EventLocationLimited,EventLocationLimited
rand008,0.5,ValueFirst,0,1.0e-03,0,Converged,Converged,BudgetExceeded,1,1.2029724528995207,0.00057051456,1.382919,0.665162,0.716181,0.000028,0.002682,0.416933,0.002066,93,93,6,0,0,1,6,FiniteUncertified,FiniteUncertified,FiniteUncertified,FiniteUncertified,FiniteUncertified,BudgetExceeded,BudgetExceeded,BudgetExceeded,BudgetExceeded,BudgetExceeded
rand008,0.5,ValueFirst,0,1.0e-04,0,Converged,Converged,EventLocationLimited,1,1.2029724529929686,4.1521822e-08,1.347159,0.665107,0.680720,0.000020,0.001112,0.392944,0.000740,93,93,6,0,0,1,6,FiniteUncertified,FiniteUncertified,FiniteUncertified,FiniteUncertified,FiniteUncertified,EventLocationLimited,EventLocationLimited,EventLocationLimited,EventLocationLimited,EventLocationLimited
rand008,0.5,ValueFirst,1,1.0e-03,0,Converged,Converged,BudgetExceeded,1,1.2029768706152597,0.00057052699,1.174122,0.285068,0.885824,0.000036,0.001102,0.478554,0.000877,93,93,6,0,0,1,6,FiniteUncertified,FiniteUncertified,FiniteUncertified,FiniteUncertified,FiniteUncertified,BudgetExceeded,BudgetExceeded,BudgetExceeded,BudgetExceeded,BudgetExceeded
rand008,0.5,ValueFirst,1,1.0e-04,0,Converged,Converged,EventLocationLimited,1,1.2029768707087205,4.1521518e-08,1.169013,0.304665,0.862968,0.000029,0.001055,0.456953,0.000693,93,93,6,0,0,1,6,FiniteUncertified,FiniteUncertified,FiniteUncertified,FiniteUncertified,FiniteUncertified,EventLocationLimited,EventLocationLimited,EventLocationLimited,EventLocationLimited,EventLocationLimited
rand009,0.0,None,0,1.0e-03,0,Converged,Converged,Converged,1,12.892230113278236,0.0067994715,1.238351,0.735999,0.501698,0.000028,0.001758,0.400512,0.002959,53,53,6,1,1,1,5,NotRequested,NotRequested,NotRequested,NotRequested,NotRequested,NotRequested,NotRequested,NotRequested,NotRequested,NotRequested
rand009,0.0,None,0,1.0e-04,0,Converged,Converged,Converged,1,12.892230113272376,2.2028101e-08,1.221098,0.734257,0.485840,0.000021,0.001100,0.370782,0.000901,69,69,6,1,1,1,5,NotRequested,NotRequested,NotRequested,NotRequested,NotRequested,NotRequested,NotRequested,NotRequested,NotRequested,NotRequested
rand009,0.0,None,1,1.0e-03,0,Converged,Converged,Converged,1,12.890028387166474,0.0067981728,1.139867,0.588520,0.549977,0.000029,0.001271,0.443489,0.000891,53,53,6,0,0,1,6,NotRequested,NotRequested,NotRequested,NotRequested,NotRequested,NotRequested,NotRequested,NotRequested,NotRequested,NotRequested
rand009,0.0,None,1,1.0e-04,0,Converged,Converged,Converged,1,12.890028387160749,2.20234e-08,1.133951,0.580293,0.552561,0.000023,0.001110,0.419895,0.000701,69,69,6,0,0,1,6,NotRequested,NotRequested,NotRequested,NotRequested,NotRequested,NotRequested,NotRequested,NotRequested,NotRequested,NotRequested
rand009,0.0,Strict,0,1.0e-03,0,EventLocationLimited,Converged,EventLocationLimited,1,12.892230113278236,0.0067994715,1.235705,0.714768,0.520318,0.000028,0.001353,0.360378,0.001462,77,77,6,1,1,1,5,ToleranceMet,ToleranceMet,FiniteUncertified,FiniteUncertified,FiniteUncertified,ToleranceMet,ToleranceMet,EventLocationLimited,EventLocationLimited,EventLocationLimited
rand009,0.0,Strict,0,1.0e-04,0,EventLocationLimited,Converged,EventLocationLimited,1,12.892230113272376,2.2028101e-08,1.249517,0.718644,0.529700,0.000030,0.001146,0.374991,0.000830,77,77,6,1,1,1,5,ToleranceMet,ToleranceMet,FiniteUncertified,FiniteUncertified,FiniteUncertified,ToleranceMet,ToleranceMet,EventLocationLimited,EventLocationLimited,EventLocationLimited
rand009,0.0,Strict,1,1.0e-03,0,EventLocationLimited,Converged,EventLocationLimited,1,12.890028387166474,0.0067981728,1.509640,0.685299,0.694876,0.000404,0.003323,0.500015,0.005311,77,77,6,0,0,1,6,ToleranceMet,ToleranceMet,FiniteUncertified,FiniteUncertified,FiniteUncertified,ToleranceMet,ToleranceMet,EventLocationLimited,EventLocationLimited,EventLocationLimited
rand009,0.0,Strict,1,1.0e-04,0,EventLocationLimited,Converged,EventLocationLimited,1,12.890028387160749,2.20234e-08,1.231214,0.608278,0.621429,0.000032,0.001213,0.457107,0.000827,77,77,6,0,0,1,6,ToleranceMet,ToleranceMet,FiniteUncertified,FiniteUncertified,FiniteUncertified,ToleranceMet,ToleranceMet,EventLocationLimited,EventLocationLimited,EventLocationLimited
rand009,0.0,ValueFirst,0,1.0e-03,0,Converged,Converged,EventLocationLimited,1,12.892230113278236,0.0067994715,1.263738,0.717211,0.545188,0.000027,0.002534,0.387461,0.001840,77,77,6,1,1,1,5,ToleranceMet,ToleranceMet,FiniteUncertified,FiniteUncertified,FiniteUncertified,ToleranceMet,ToleranceMet,EventLocationLimited,EventLocationLimited,EventLocationLimited
rand009,0.0,ValueFirst,0,1.0e-04,0,Converged,Converged,EventLocationLimited,1,12.892230113272376,2.2028101e-08,1.181486,0.678580,0.501712,0.000038,0.001129,0.358996,0.000845,77,77,6,1,1,1,5,ToleranceMet,ToleranceMet,FiniteUncertified,FiniteUncertified,FiniteUncertified,ToleranceMet,ToleranceMet,EventLocationLimited,EventLocationLimited,EventLocationLimited
rand009,0.0,ValueFirst,1,1.0e-03,0,Converged,Converged,EventLocationLimited,1,12.890028387166474,0.0067981728,1.190350,0.577090,0.609983,0.000021,0.001254,0.438985,0.000957,77,77,6,0,0,1,6,ToleranceMet,ToleranceMet,FiniteUncertified,FiniteUncertified,FiniteUncertified,ToleranceMet,ToleranceMet,EventLocationLimited,EventLocationLimited,EventLocationLimited
rand009,0.0,ValueFirst,1,1.0e-04,0,Converged,Converged,EventLocationLimited,1,12.890028387160749,2.20234e-08,1.165058,0.577591,0.586223,0.000025,0.001111,0.422716,0.000788,77,77,6,0,0,1,6,ToleranceMet,ToleranceMet,FiniteUncertified,FiniteUncertified,FiniteUncertified,ToleranceMet,ToleranceMet,EventLocationLimited,EventLocationLimited,EventLocationLimited
rand009,0.5,None,0,1.0e-03,0,Converged,Converged,Converged,1,12.89218482836403,2.5057333e-07,1.253925,0.723319,0.529917,0.000024,0.001426,0.374976,0.001553,69,69,6,1,1,1,5,NotRequested,NotRequested,NotRequested,NotRequested,NotRequested,NotRequested,NotRequested,NotRequested,NotRequested,NotRequested
rand009,0.5,None,0,1.0e-04,0,Converged,Converged,Converged,1,12.89218482836403,2.5057333e-07,1.234121,0.719586,0.513386,0.000028,0.001070,0.373107,0.000794,69,69,6,1,1,1,5,NotRequested,NotRequested,NotRequested,NotRequested,NotRequested,NotRequested,NotRequested,NotRequested,NotRequested,NotRequested
rand009,0.5,None,1,1.0e-03,0,Converged,Converged,Converged,1,12.889983125600386,2.5050817e-07,1.211214,0.599949,0.610146,0.000028,0.001137,0.435978,0.000875,69,69,6,0,0,1,6,NotRequested,NotRequested,NotRequested,NotRequested,NotRequested,NotRequested,NotRequested,NotRequested,NotRequested,NotRequested
rand009,0.5,None,1,1.0e-04,0,Converged,Converged,Converged,1,12.889983125600386,2.5050817e-07,1.172241,0.581074,0.590094,0.000028,0.001089,0.429194,0.000778,69,69,6,0,0,1,6,NotRequested,NotRequested,NotRequested,NotRequested,NotRequested,NotRequested,NotRequested,NotRequested,NotRequested,NotRequested
rand009,0.5,Strict,0,1.0e-03,0,EventLocationLimited,Converged,EventLocationLimited,1,12.892184828364032,2.5057333e-07,1.348796,0.725340,0.622761,0.000021,0.001440,0.370586,0.001560,77,77,6,1,1,1,5,ToleranceMet,ToleranceMet,FiniteUncertified,ToleranceMet,FiniteUncertified,ToleranceMet,ToleranceMet,EventLocationLimited,ToleranceMet,EventLocationLimited
rand009,0.5,Strict,0,1.0e-04,0,EventLocationLimited,Converged,EventLocationLimited,1,12.892184828364032,2.5057333e-07,1.363287,0.742275,0.619819,0.000027,0.001117,0.382607,0.000831,77,77,6,1,1,1,5,ToleranceMet,ToleranceMet,FiniteUncertified,ToleranceMet,FiniteUncertified,ToleranceMet,ToleranceMet,EventLocationLimited,ToleranceMet,EventLocationLimited
rand009,0.5,Strict,1,1.0e-03,0,EventLocationLimited,Converged,EventLocationLimited,1,12.889983125600386,2.5050817e-07,1.608978,0.700922,0.792066,0.000230,0.002950,0.493225,0.004756,77,77,6,0,0,1,6,ToleranceMet,ToleranceMet,FiniteUncertified,ToleranceMet,FiniteUncertified,ToleranceMet,ToleranceMet,EventLocationLimited,ToleranceMet,EventLocationLimited
rand009,0.5,Strict,1,1.0e-04,0,EventLocationLimited,Converged,EventLocationLimited,1,12.889983125600386,2.5050817e-07,1.261754,0.578290,0.682063,0.000021,0.001129,0.431807,0.000777,77,77,6,0,0,1,6,ToleranceMet,ToleranceMet,FiniteUncertified,ToleranceMet,FiniteUncertified,ToleranceMet,ToleranceMet,EventLocationLimited,ToleranceMet,EventLocationLimited
rand009,0.5,ValueFirst,0,1.0e-03,0,Converged,Converged,EventLocationLimited,1,12.892184828364032,2.5057333e-07,1.333027,0.725940,0.605364,0.000027,0.002412,0.369974,0.001779,77,77,6,1,1,1,5,ToleranceMet,ToleranceMet,FiniteUncertified,ToleranceMet,FiniteUncertified,ToleranceMet,ToleranceMet,EventLocationLimited,ToleranceMet,EventLocationLimited
rand009,0.5,ValueFirst,0,1.0e-04,0,Converged,Converged,EventLocationLimited,1,12.892184828364032,2.5057333e-07,1.310628,0.715791,0.593592,0.000027,0.001123,0.359425,0.000784,77,77,6,1,1,1,5,ToleranceMet,ToleranceMet,FiniteUncertified,ToleranceMet,FiniteUncertified,ToleranceMet,ToleranceMet,EventLocationLimited,ToleranceMet,EventLocationLimited
rand009,0.5,ValueFirst,1,1.0e-03,0,Converged,Converged,EventLocationLimited,1,12.889983125600386,2.5050817e-07,1.278536,0.580961,0.694694,0.000021,0.001175,0.429990,0.000888,77,77,6,0,0,1,6,ToleranceMet,ToleranceMet,FiniteUncertified,ToleranceMet,FiniteUncertified,ToleranceMet,ToleranceMet,EventLocationLimited,ToleranceMet,EventLocationLimited
rand009,0.5,ValueFirst,1,1.0e-04,0,Converged,Converged,EventLocationLimited,1,12.889983125600386,2.5050817e-07,1.270644,0.577021,0.692464,0.000029,0.001145,0.437675,0.000775,77,77,6,0,0,1,6,ToleranceMet,ToleranceMet,FiniteUncertified,ToleranceMet,FiniteUncertified,ToleranceMet,ToleranceMet,EventLocationLimited,ToleranceMet,EventLocationLimited
rand010,0.0,None,0,1.0e-03,0,Converged,Converged,Converged,1,16.366774197102345,0.015851484,1.232471,0.831348,0.400432,0.000021,0.002371,0.246722,0.004722,67,67,6,2,2,1,4,NotRequested,NotRequested,NotRequested,NotRequested,NotRequested,NotRequested,NotRequested,NotRequested,NotRequested,NotRequested
rand010,0.0,None,0,1.0e-04,0,Converged,Converged,Converged,1,16.366774142721557,0.00044664134,1.243625,0.823303,0.419160,0.000031,0.001260,0.239000,0.001175,83,83,6,2,2,1,4,NotRequested,NotRequested,NotRequested,NotRequested,NotRequested,NotRequested,NotRequested,NotRequested,NotRequested,NotRequested
rand010,0.0,None,1,1.0e-03,0,Converged,Converged,Converged,1,16.314028482993564,0.015807154,1.000419,0.570263,0.427801,0.000029,0.001246,0.235535,0.001088,67,67,6,3,3,1,3,NotRequested,NotRequested,NotRequested,NotRequested,NotRequested,NotRequested,NotRequested,NotRequested,NotRequested,NotRequested
rand010,0.0,None,1,1.0e-04,0,Converged,Converged,Converged,1,16.314028429035833,0.0004430941,0.997032,0.569684,0.426268,0.000022,0.001212,0.228394,0.000977,83,83,6,3,3,1,3,NotRequested,NotRequested,NotRequested,NotRequested,NotRequested,NotRequested,NotRequested,NotRequested,NotRequested,NotRequested
rand010,0.0,Strict,0,1.0e-03,0,EventLocationLimited,Converged,EventLocationLimited,1,16.366774197102345,0.015851484,1.614262,0.830354,0.783221,0.000021,0.001682,0.242037,0.002157,219,219,6,2,2,1,4,FiniteUncertified,FiniteUncertified,FiniteUncertified,FiniteUncertified,FiniteUncertified,EventLocationLimited,EventLocationLimited,EventLocationLimited,EventLocationLimited,EventLocationLimited
rand010,0.0,Strict,0,1.0e-04,0,EventLocationLimited,Converged,EventLocationLimited,1,16.366774142721557,0.00044664134,1.582807,0.834618,0.746012,0.000027,0.001300,0.243040,0.001223,219,219,6,2,2,1,4,FiniteUncertified,FiniteUncertified,FiniteUncertified,FiniteUncertified,FiniteUncertified,EventLocationLimited,EventLocationLimited,EventLocationLimited,EventLocationLimited,EventLocationLimited
rand010,0.0,Strict,1,1.0e-03,0,EventLocationLimited,Converged,EventLocationLimited,1,16.314028482993564,0.015807154,1.607087,0.680657,0.827052,0.000391,0.003263,0.303909,0.005693,219,219,6,3,3,1,3,FiniteUncertified,FiniteUncertified,FiniteUncertified,FiniteUncertified,FiniteUncertified,EventLocationLimited,EventLocationLimited,EventLocationLimited,EventLocationLimited,EventLocationLimited
rand010,0.0,Strict,1,1.0e-04,0,EventLocationLimited,Converged,EventLocationLimited,1,16.314028429035833,0.0004430941,1.313971,0.588811,0.722871,0.000029,0.001295,0.249545,0.001195,219,219,6,3,3,1,3,FiniteUncertified,FiniteUncertified,FiniteUncertified,FiniteUncertified,FiniteUncertified,EventLocationLimited,EventLocationLimited,EventLocationLimited,EventLocationLimited,EventLocationLimited
rand010,0.0,ValueFirst,0,1.0e-03,0,Converged,Converged,BudgetExceeded,1,16.366774197102345,0.015851484,1.333140,0.841082,0.490166,0.000021,0.002616,0.252291,0.002502,91,91,6,2,2,1,4,FiniteUncertified,FiniteUncertified,FiniteUncertified,FiniteUncertified,FiniteUncertified,BudgetExceeded,BudgetExceeded,BudgetExceeded,BudgetExceeded,BudgetExceeded
rand010,0.0,ValueFirst,0,1.0e-04,0,Converged,Converged,Converged,1,16.366774142721557,0.00044664134,1.382160,0.846011,0.534881,0.000021,0.001262,0.236730,0.001100,123,123,6,2,2,1,4,ToleranceMet,ToleranceMet,ToleranceMet,ToleranceMet,ToleranceMet,ToleranceMet,ToleranceMet,ToleranceMet,ToleranceMet,ToleranceMet
rand010,0.0,ValueFirst,1,1.0e-03,0,Converged,Converged,BudgetExceeded,1,16.314028482993564,0.015807154,1.167246,0.665343,0.497960,0.000036,0.001578,0.253878,0.001510,91,91,6,3,3,1,3,FiniteUncertified,FiniteUncertified,FiniteUncertified,FiniteUncertified,FiniteUncertified,BudgetExceeded,BudgetExceeded,BudgetExceeded,BudgetExceeded,BudgetExceeded
rand010,0.0,ValueFirst,1,1.0e-04,0,Converged,Converged,Converged,1,16.314028429035833,0.0004430941,1.133064,0.587914,0.543702,0.000028,0.001241,0.250995,0.001158,123,123,6,3,3,1,3,ToleranceMet,ToleranceMet,ToleranceMet,ToleranceMet,ToleranceMet,ToleranceMet,ToleranceMet,ToleranceMet,ToleranceMet,ToleranceMet
rand010,0.5,None,0,1.0e-03,0,Converged,Converged,Converged,1,16.348614342587986,0.013424228,1.257012,0.835908,0.420478,0.000028,0.001575,0.237561,0.002137,67,67,6,2,2,1,4,NotRequested,NotRequested,NotRequested,NotRequested,NotRequested,NotRequested,NotRequested,NotRequested,NotRequested,NotRequested
rand010,0.5,None,0,1.0e-04,0,Converged,Converged,Converged,1,16.3486142831315,0.00027200259,1.286291,0.823544,0.461592,0.000021,0.001247,0.241036,0.001161,83,83,6,2,2,1,4,NotRequested,NotRequested,NotRequested,NotRequested,NotRequested,NotRequested,NotRequested,NotRequested,NotRequested,NotRequested
rand010,0.5,None,1,1.0e-03,0,Converged,Converged,Converged,1,16.296046822960587,0.013369097,1.002654,0.580824,0.420486,0.000029,0.001245,0.236167,0.001063,67,67,6,3,3,1,3,NotRequested,NotRequested,NotRequested,NotRequested,NotRequested,NotRequested,NotRequested,NotRequested,NotRequested,NotRequested
rand010,0.5,None,1,1.0e-04,0,Converged,Converged,Converged,1,16.296046764033289,0.00026982409,1.037561,0.582890,0.453531,0.000031,0.001203,0.235890,0.000995,83,83,6,3,3,1,3,NotRequested,NotRequested,NotRequested,NotRequested,NotRequested,NotRequested,NotRequested,NotRequested,NotRequested,NotRequested
rand010,0.5,Strict,0,1.0e-03,0,EventLocationLimited,Converged,EventLocationLimited,1,16.348614342587982,0.013424228,1.979124,0.817683,1.160748,0.000020,0.001564,0.231775,0.002045,219,219,6,2,2,1,4,FiniteUncertified,FiniteUncertified,FiniteUncertified,FiniteUncertified,FiniteUncertified,EventLocationLimited,EventLocationLimited,EventLocationLimited,EventLocationLimited,EventLocationLimited
rand010,0.5,Strict,0,1.0e-04,0,EventLocationLimited,Converged,EventLocationLimited,1,16.3486142831315,0.00027200259,1.977125,0.843801,1.131242,0.000031,0.001239,0.252543,0.001209,219,219,6,2,2,1,4,FiniteUncertified,FiniteUncertified,FiniteUncertified,FiniteUncertified,FiniteUncertified,EventLocationLimited,EventLocationLimited,EventLocationLimited,EventLocationLimited,EventLocationLimited
rand010,0.5,Strict,1,1.0e-03,0,EventLocationLimited,Converged,EventLocationLimited,1,16.296046822960587,0.013369097,2.049791,0.699380,1.257176,0.000386,0.003232,0.297370,0.005472,219,219,6,3,3,1,3,FiniteUncertified,FiniteUncertified,FiniteUncertified,FiniteUncertified,FiniteUncertified,EventLocationLimited,EventLocationLimited,EventLocationLimited,EventLocationLimited,EventLocationLimited
rand010,0.5,Strict,1,1.0e-04,0,EventLocationLimited,Converged,EventLocationLimited,1,16.296046764033285,0.00026982409,1.768783,0.613298,1.152860,0.000033,0.001361,0.245549,0.001216,219,219,6,3,3,1,3,FiniteUncertified,FiniteUncertified,FiniteUncertified,FiniteUncertified,FiniteUncertified,EventLocationLimited,EventLocationLimited,EventLocationLimited,EventLocationLimited,EventLocationLimited
rand010,0.5,ValueFirst,0,1.0e-03,0,Converged,Converged,BudgetExceeded,1,16.348614342587982,0.013424228,1.434350,0.845843,0.586747,0.000031,0.002354,0.246596,0.002777,91,91,6,2,2,1,4,FiniteUncertified,FiniteUncertified,FiniteUncertified,FiniteUncertified,FiniteUncertified,BudgetExceeded,BudgetExceeded,BudgetExceeded,BudgetExceeded,BudgetExceeded
rand010,0.5,ValueFirst,0,1.0e-04,0,Converged,Converged,Converged,1,16.3486142831315,0.00027200259,1.553049,0.852902,0.698879,0.000029,0.001347,0.249116,0.001210,123,123,6,2,2,1,4,ToleranceMet,ToleranceMet,ToleranceMet,ToleranceMet,ToleranceMet,ToleranceMet,ToleranceMet,ToleranceMet,ToleranceMet,ToleranceMet
rand010,0.5,ValueFirst,1,1.0e-03,0,Converged,Converged,BudgetExceeded,1,16.296046822960587,0.013369097,1.159670,0.570676,0.585707,0.000037,0.001271,0.251126,0.001209,91,91,6,3,3,1,3,FiniteUncertified,FiniteUncertified,FiniteUncertified,FiniteUncertified,FiniteUncertified,BudgetExceeded,BudgetExceeded,BudgetExceeded,BudgetExceeded,BudgetExceeded
rand010,0.5,ValueFirst,1,1.0e-04,0,Converged,Converged,Converged,1,16.296046764033285,0.00026982409,1.264854,0.573909,0.689467,0.000027,0.001216,0.236858,0.001182,123,123,6,3,3,1,3,ToleranceMet,ToleranceMet,ToleranceMet,ToleranceMet,ToleranceMet,ToleranceMet,ToleranceMet,ToleranceMet,ToleranceMet,ToleranceMet
rand011,0.0,None,0,1.0e-03,0,Converged,Converged,Converged,1,5.1054532485860769,0.0029592395,1.738267,1.275281,0.462414,0.000028,0.019581,0.257426,0.002813,76,76,4,1,1,1,3,NotRequested,NotRequested,NotRequested,NotRequested,NotRequested,NotRequested,NotRequested,NotRequested,NotRequested,NotRequested
rand011,0.0,None,0,1.0e-04,0,Converged,Converged,Converged,1,5.1054243645721193,0.00023367007,1.788715,1.258669,0.528975,0.000030,0.009977,0.263155,0.000992,108,108,4,1,1,1,3,NotRequested,NotRequested,NotRequested,NotRequested,NotRequested,NotRequested,NotRequested,NotRequested,NotRequested,NotRequested
rand011,0.0,None,1,1.0e-03,0,Converged,Converged,Converged,1,5.1110595077332182,0.0029620326,1.619611,1.176972,0.441441,0.000030,0.009820,0.258325,0.000927,76,76,4,2,2,1,2,NotRequested,NotRequested,NotRequested,NotRequested,NotRequested,NotRequested,NotRequested,NotRequested,NotRequested,NotRequested
rand011,0.0,None,1,1.0e-04,0,Converged,Converged,Converged,1,5.1110305958575832,0.00023390042,1.332331,0.820973,0.510187,0.000029,0.009571,0.245880,0.000812,108,108,4,2,2,1,2,NotRequested,NotRequested,NotRequested,NotRequested,NotRequested,NotRequested,NotRequested,NotRequested,NotRequested,NotRequested
rand011,0.0,Strict,0,1.0e-03,0,EventLocationLimited,Converged,EventLocationLimited,1,5.1054532485860769,0.0029592395,4.832634,1.266799,3.565108,0.000028,0.009569,0.253750,0.001443,810,810,4,1,1,1,3,ToleranceMet,ToleranceMet,FiniteUncertified,ToleranceMet,ToleranceMet,ToleranceMet,ToleranceMet,EventLocationLimited,ToleranceMet,ToleranceMet
rand011,0.0,Strict,0,1.0e-04,0,EventLocationLimited,Converged,EventLocationLimited,1,5.1054243645721193,0.00023367007,4.608525,1.276847,3.329638,0.000194,0.011710,0.265389,0.001880,810,810,4,1,1,1,3,ToleranceMet,ToleranceMet,FiniteUncertified,ToleranceMet,ToleranceMet,ToleranceMet,ToleranceMet,EventLocationLimited,ToleranceMet,ToleranceMet
rand011,0.0,Strict,1,1.0e-03,0,EventLocationLimited,Converged,EventLocationLimited,1,5.1110595077332182,0.0029620326,4.850127,1.330406,3.402851,0.000207,0.021343,0.292241,0.005092,810,810,4,2,2,1,2,ToleranceMet,ToleranceMet,FiniteUncertified,ToleranceMet,ToleranceMet,ToleranceMet,ToleranceMet,EventLocationLimited,ToleranceMet,ToleranceMet
rand011,0.0,Strict,1,1.0e-04,0,EventLocationLimited,Converged,EventLocationLimited,1,5.1110305958575832,0.00023390042,4.194807,0.818010,3.374252,0.000199,0.009437,0.247118,0.001256,810,810,4,2,2,1,2,ToleranceMet,ToleranceMet,FiniteUncertified,ToleranceMet,ToleranceMet,ToleranceMet,ToleranceMet,EventLocationLimited,ToleranceMet,ToleranceMet
rand011,0.0,ValueFirst,0,1.0e-03,0,Converged,Converged,BudgetExceeded,1,5.1054532485860769,0.0029592395,2.623285,1.248678,1.372915,0.000060,0.010412,0.263998,0.002042,300,300,4,1,1,1,3,ToleranceMet,ToleranceMet,FiniteUncertified,FiniteUncertified,ToleranceMet,ToleranceMet,ToleranceMet,BudgetExceeded,BudgetExceeded,ToleranceMet
rand011,0.0,ValueFirst,0,1.0e-04,0,Converged,Converged,BudgetExceeded,1,5.1054243645721193,0.00023367007,2.712552,1.272840,1.438271,0.000061,0.009791,0.257896,0.001338,307,307,4,1,1,1,3,FiniteUncertified,FiniteUncertified,FiniteUncertified,FiniteUncertified,FiniteUncertified,BudgetExceeded,BudgetExceeded,BudgetExceeded,BudgetExceeded,BudgetExceeded
rand011,0.0,ValueFirst,1,1.0e-03,0,Converged,Converged,BudgetExceeded,1,5.1110595077332182,0.0029620326,2.549251,1.185372,1.360717,0.000067,0.009804,0.258457,0.001044,300,300,4,2,2,1,2,ToleranceMet,ToleranceMet,FiniteUncertified,FiniteUncertified,ToleranceMet,ToleranceMet,ToleranceMet,BudgetExceeded,BudgetExceeded,ToleranceMet
rand011,0.0,ValueFirst,1,1.0e-04,0,Converged,Converged,BudgetExceeded,1,5.1110305958575832,0.00023390042,2.209660,0.837585,1.370873,0.000025,0.009497,0.252899,0.000861,307,307,4,2,2,1,2,FiniteUncertified,FiniteUncertified,FiniteUncertified,FiniteUncertified,FiniteUncertified,BudgetExceeded,BudgetExceeded,BudgetExceeded,BudgetExceeded,BudgetExceeded
rand011,0.5,None,0,1.0e-03,0,Converged,Converged,Converged,1,5.1047907838799089,0.0017769765,1.745667,1.263305,0.481782,0.000027,0.009753,0.269022,0.001646,76,76,4,1,1,1,3,NotRequested,NotRequested,NotRequested,NotRequested,NotRequested,NotRequested,NotRequested,NotRequested,NotRequested,NotRequested
rand011,0.5,None,0,1.0e-04,0,Converged,Converged,Converged,1,5.1047734534715357,0.00014163489,1.828129,1.265675,0.561469,0.000033,0.009554,0.260988,0.000959,108,108,4,1,1,1,3,NotRequested,NotRequested,NotRequested,NotRequested,NotRequested,NotRequested,NotRequested,NotRequested,NotRequested,NotRequested
rand011,0.5,None,1,1.0e-03,0,Converged,Converged,Converged,1,5.1103948374680872,0.0017786538,1.614982,1.157386,0.456466,0.000026,0.009415,0.256418,0.000927,76,76,4,2,2,1,2,NotRequested,NotRequested,NotRequested,NotRequested,NotRequested,NotRequested,NotRequested,NotRequested,NotRequested,NotRequested
rand011,0.5,None,1,1.0e-04,0,Converged,Converged,Converged,1,5.1103774903427084,0.00014177447,1.378842,0.828386,0.549335,0.000031,0.009439,0.256762,0.000815,108,108,4,2,2,1,2,NotRequested,NotRequested,NotRequested,NotRequested,NotRequested,NotRequested,NotRequested,NotRequested,NotRequested,NotRequested
rand011,0.5,Strict,0,1.0e-03,0,EventLocationLimited,Converged,EventLocationLimited,1,5.1047907838799089,0.0017769765,5.477547,1.262397,4.214465,0.000027,0.009937,0.254840,0.001535,818,818,4,1,1,1,3,ToleranceMet,ToleranceMet,FiniteUncertified,ToleranceMet,ToleranceMet,ToleranceMet,ToleranceMet,EventLocationLimited,ToleranceMet,ToleranceMet
rand011,0.5,Strict,0,1.0e-04,0,EventLocationLimited,Converged,EventLocationLimited,1,5.1047734534715357,0.00014163489,5.283532,1.252930,4.028424,0.000057,0.011800,0.264899,0.001579,818,818,4,1,1,1,3,ToleranceMet,ToleranceMet,FiniteUncertified,ToleranceMet,ToleranceMet,ToleranceMet,ToleranceMet,EventLocationLimited,ToleranceMet,ToleranceMet
rand011,0.5,Strict,1,1.0e-03,0,EventLocationLimited,Converged,EventLocationLimited,1,5.1103948374680872,0.0017786538,5.578973,1.312219,4.149223,0.000198,0.021509,0.307337,0.004465,810,810,4,2,2,1,2,ToleranceMet,ToleranceMet,FiniteUncertified,ToleranceMet,ToleranceMet,ToleranceMet,ToleranceMet,EventLocationLimited,ToleranceMet,ToleranceMet
rand011,0.5,Strict,1,1.0e-04,0,EventLocationLimited,Converged,EventLocationLimited,1,5.1103774903427084,0.00014177447,4.805896,0.837284,3.966303,0.000055,0.009565,0.254134,0.000979,810,810,4,2,2,1,2,ToleranceMet,ToleranceMet,FiniteUncertified,ToleranceMet,ToleranceMet,ToleranceMet,ToleranceMet,EventLocationLimited,ToleranceMet,ToleranceMet
rand011,0.5,ValueFirst,0,1.0e-03,0,Converged,Converged,BudgetExceeded,1,5.1047907838799089,0.0017769765,2.947406,1.281622,1.664112,0.000033,0.012784,0.317003,0.002517,300,300,4,1,1,1,3,ToleranceMet,ToleranceMet,FiniteUncertified,ToleranceMet,ToleranceMet,ToleranceMet,ToleranceMet,BudgetExceeded,ToleranceMet,ToleranceMet
rand011,0.5,ValueFirst,0,1.0e-04,0,Converged,Converged,BudgetExceeded,1,5.1047734534715357,0.00014163489,2.888202,1.253478,1.633270,0.000028,0.009457,0.256350,0.001049,307,307,4,1,1,1,3,FiniteUncertified,FiniteUncertified,FiniteUncertified,FiniteUncertified,FiniteUncertified,BudgetExceeded,BudgetExceeded,BudgetExceeded,BudgetExceeded,BudgetExceeded
rand011,0.5,ValueFirst,1,1.0e-03,0,Converged,Converged,BudgetExceeded,1,5.1103948374680872,0.0017786538,2.747223,1.159560,1.585542,0.000027,0.009695,0.268845,0.001030,300,300,4,2,2,1,2,ToleranceMet,ToleranceMet,FiniteUncertified,FiniteUncertified,ToleranceMet,ToleranceMet,ToleranceMet,BudgetExceeded,BudgetExceeded,ToleranceMet
rand011,0.5,ValueFirst,1,1.0e-04,0,Converged,Converged,BudgetExceeded,1,5.1103774903427084,0.00014177447,2.408968,0.821143,1.586532,0.000028,0.009346,0.247259,0.000815,307,307,4,2,2,1,2,FiniteUncertified,FiniteUncertified,FiniteUncertified,FiniteUncertified,FiniteUncertified,BudgetExceeded,BudgetExceeded,BudgetExceeded,BudgetExceeded,BudgetExceeded
rand012,0.0,None,0,1.0e-03,0,Converged,Converged,Converged,1,3.8285679577583691,0.0016022183,1.280190,0.838207,0.441308,0.000021,0.001716,0.316132,0.001731,46,46,4,0,0,1,4,NotRequested,NotRequested,NotRequested,NotRequested,NotRequested,NotRequested,NotRequested,NotRequested,NotRequested,NotRequested
rand012,0.0,None,0,1.0e-04,0,Converged,Converged,Converged,1,3.8285679577646254,2.2258354e-09,1.258807,0.807472,0.450387,0.000031,0.000978,0.308063,0.000649,62,62,4,0,0,1,4,NotRequested,NotRequested,NotRequested,NotRequested,NotRequested,NotRequested,NotRequested,NotRequested,NotRequested,NotRequested
rand012,0.0,None,1,1.0e-03,0,Converged,Converged,Converged,1,3.8289528328644344,0.0016024383,1.105076,0.649848,0.454139,0.000028,0.000977,0.325995,0.000631,46,46,4,0,0,1,4,NotRequested,NotRequested,NotRequested,NotRequested,NotRequested,NotRequested,NotRequested,NotRequested,NotRequested,NotRequested
rand012,0.0,None,1,1.0e-04,0,Converged,Converged,Converged,1,3.8289528328706455,2.2262972e-09,1.118657,0.662991,0.454701,0.000021,0.000915,0.298703,0.000538,62,62,4,0,0,1,4,NotRequested,NotRequested,NotRequested,NotRequested,NotRequested,NotRequested,NotRequested,NotRequested,NotRequested,NotRequested
rand012,0.0,Strict,0,1.0e-03,0,EventLocationLimited,Converged,EventLocationLimited,1,3.8285679577583691,0.0016022183,1.299584,0.821684,0.477215,0.000028,0.001300,0.308513,0.000973,62,62,4,0,0,1,4,ToleranceMet,ToleranceMet,FiniteUncertified,ToleranceMet,ToleranceMet,ToleranceMet,ToleranceMet,EventLocationLimited,ToleranceMet,ToleranceMet
rand012,0.0,Strict,0,1.0e-04,0,EventLocationLimited,Converged,EventLocationLimited,1,3.8285679577646254,2.2258354e-09,1.275136,0.812910,0.461150,0.000020,0.000930,0.305755,0.000555,62,62,4,0,0,1,4,ToleranceMet,ToleranceMet,FiniteUncertified,ToleranceMet,ToleranceMet,ToleranceMet,ToleranceMet,EventLocationLimited,ToleranceMet,ToleranceMet
rand012,0.0,Strict,1,1.0e-03,0,EventLocationLimited,Converged,EventLocationLimited,1,3.8289528328644344,0.0016024383,1.419956,0.773732,0.570957,0.000387,0.003287,0.372227,0.003728,62,62,4,0,0,1,4,ToleranceMet,ToleranceMet,FiniteUncertified,ToleranceMet,ToleranceMet,ToleranceMet,ToleranceMet,EventLocationLimited,ToleranceMet,ToleranceMet
rand012,0.0,Strict,1,1.0e-04,0,EventLocationLimited,Converged,EventLocationLimited,1,3.8289528328706455,2.2262972e-09,1.158932,0.670334,0.487378,0.000024,0.000962,0.310994,0.000531,62,62,4,0,0,1,4,ToleranceMet,ToleranceMet,FiniteUncertified,ToleranceMet,ToleranceMet,ToleranceMet,ToleranceMet,EventLocationLimited,ToleranceMet,ToleranceMet
rand012,0.0,ValueFirst,0,1.0e-03,0,Converged,Converged,EventLocationLimited,1,3.8285679577583691,0.0016022183,1.289988,0.832159,0.456198,0.000020,0.002018,0.297620,0.001300,62,62,4,0,0,1,4,ToleranceMet,ToleranceMet,FiniteUncertified,ToleranceMet,ToleranceMet,ToleranceMet,ToleranceMet,EventLocationLimited,ToleranceMet,ToleranceMet
rand012,0.0,ValueFirst,0,1.0e-04,0,Converged,Converged,EventLocationLimited,1,3.8285679577646254,2.2258354e-09,1.309821,0.831549,0.477306,0.000026,0.000981,0.324094,0.000619,62,62,4,0,0,1,4,ToleranceMet,ToleranceMet,FiniteUncertified,ToleranceMet,ToleranceMet,ToleranceMet,ToleranceMet,EventLocationLimited,ToleranceMet,ToleranceMet
rand012,0.0,ValueFirst,1,1.0e-03,0,Converged,Converged,EventLocationLimited,1,3.8289528328644344,0.0016024383,1.148025,0.657633,0.488306,0.000023,0.001030,0.309314,0.000591,62,62,4,0,0,1,4,ToleranceMet,ToleranceMet,FiniteUncertified,ToleranceMet,ToleranceMet,ToleranceMet,ToleranceMet,EventLocationLimited,ToleranceMet,ToleranceMet
rand012,0.0,ValueFirst,1,1.0e-04,0,Converged,Converged,EventLocationLimited,1,3.8289528328706455,2.2262972e-09,1.128577,0.648081,0.479490,0.000022,0.000941,0.307889,0.000562,62,62,4,0,0,1,4,ToleranceMet,ToleranceMet,FiniteUncertified,ToleranceMet,ToleranceMet,ToleranceMet,ToleranceMet,EventLocationLimited,ToleranceMet,ToleranceMet
rand012,0.5,None,0,1.0e-03,0,Converged,Converged,Converged,1,3.8285636470169924,5.4692583e-08,1.304135,0.833925,0.469531,0.000021,0.001254,0.305460,0.001135,62,62,4,0,0,1,4,NotRequested,NotRequested,NotRequested,NotRequested,NotRequested,NotRequested,NotRequested,NotRequested,NotRequested,NotRequested
rand012,0.5,None,0,1.0e-04,0,Converged,Converged,Converged,1,3.8285636470169924,5.4692583e-08,1.278099,0.823222,0.453939,0.000021,0.000935,0.304191,0.000515,62,62,4,0,0,1,4,NotRequested,NotRequested,NotRequested,NotRequested,NotRequested,NotRequested,NotRequested,NotRequested,NotRequested,NotRequested
rand012,0.5,None,1,1.0e-03,0,Converged,Converged,Converged,1,3.8289485207720464,5.4700183e-08,1.123396,0.648096,0.474407,0.000023,0.000891,0.299171,0.000506,62,62,4,0,0,1,4,NotRequested,NotRequested,NotRequested,NotRequested,NotRequested,NotRequested,NotRequested,NotRequested,NotRequested,NotRequested
rand012,0.5,None,1,1.0e-04,0,Converged,Converged,Converged,1,3.8289485207720464,5.4700183e-08,1.175517,0.699047,0.475618,0.000018,0.000982,0.305011,0.000492,62,62,4,0,0,1,4,NotRequested,NotRequested,NotRequested,NotRequested,NotRequested,NotRequested,NotRequested,NotRequested,NotRequested,NotRequested
rand012,0.5,Strict,0,1.0e-03,0,EventLocationLimited,Converged,EventLocationLimited,1,3.8285636470169919,5.4692583e-08,1.322643,0.811744,0.510279,0.000021,0.001245,0.296893,0.001020,62,62,4,0,0,1,4,ToleranceMet,ToleranceMet,FiniteUncertified,ToleranceMet,ToleranceMet,ToleranceMet,ToleranceMet,EventLocationLimited,ToleranceMet,ToleranceMet
rand012,0.5,Strict,0,1.0e-04,0,EventLocationLimited,Converged,EventLocationLimited,1,3.8285636470169919,5.4692583e-08,1.340341,0.829178,0.510077,0.000024,0.000928,0.299926,0.000536,62,62,4,0,0,1,4,ToleranceMet,ToleranceMet,FiniteUncertified,ToleranceMet,ToleranceMet,ToleranceMet,ToleranceMet,EventLocationLimited,ToleranceMet,ToleranceMet
rand012,0.5,Strict,1,1.0e-03,0,EventLocationLimited,Converged,EventLocationLimited,1,3.8289485207720464,5.4700183e-08,1.436483,0.757191,0.603232,0.000394,0.002155,0.361465,0.004179,62,62,4,0,0,1,4,ToleranceMet,ToleranceMet,FiniteUncertified,ToleranceMet,ToleranceMet,ToleranceMet,ToleranceMet,EventLocationLimited,ToleranceMet,ToleranceMet
rand012,0.5,Strict,1,1.0e-04,0,EventLocationLimited,Converged,EventLocationLimited,1,3.8289485207720464,5.4700183e-08,1.190166,0.650526,0.538244,0.000021,0.000960,0.316532,0.000528,62,62,4,0,0,1,4,ToleranceMet,ToleranceMet,FiniteUncertified,ToleranceMet,ToleranceMet,ToleranceMet,ToleranceMet,EventLocationLimited,ToleranceMet,ToleranceMet
rand012,0.5,ValueFirst,0,1.0e-03,0,Converged,Converged,EventLocationLimited,1,3.8285636470169919,5.4692583e-08,1.352846,0.836982,0.513784,0.000020,0.002744,0.309440,0.001494,62,62,4,0,0,1,4,ToleranceMet,ToleranceMet,FiniteUncertified,ToleranceMet,ToleranceMet,ToleranceMet,ToleranceMet,EventLocationLimited,ToleranceMet,ToleranceMet
rand012,0.5,ValueFirst,0,1.0e-04,0,Converged,Converged,EventLocationLimited,1,3.8285636470169919,5.4692583e-08,1.340084,0.813919,0.525106,0.000030,0.000940,0.310147,0.000537,62,62,4,0,0,1,4,ToleranceMet,ToleranceMet,FiniteUncertified,ToleranceMet,ToleranceMet,ToleranceMet,ToleranceMet,EventLocationLimited,ToleranceMet,ToleranceMet
rand012,0.5,ValueFirst,1,1.0e-03,0,Converged,Converged,EventLocationLimited,1,3.8289485207720464,5.4700183e-08,1.201583,0.654267,0.545765,0.000021,0.001001,0.319431,0.000604,62,62,4,0,0,1,4,ToleranceMet,ToleranceMet,FiniteUncertified,ToleranceMet,ToleranceMet,ToleranceMet,ToleranceMet,EventLocationLimited,ToleranceMet,ToleranceMet
rand012,0.5,ValueFirst,1,1.0e-04,0,Converged,Converged,EventLocationLimited,1,3.8289485207720464,5.4700183e-08,1.193774,0.658144,0.534646,0.000021,0.000968,0.316501,0.000563,62,62,4,0,0,1,4,ToleranceMet,ToleranceMet,FiniteUncertified,ToleranceMet,ToleranceMet,ToleranceMet,ToleranceMet,EventLocationLimited,ToleranceMet,ToleranceMet
rand013,0.0,None,0,1.0e-03,0,Converged,Converged,Converged,1,4.3953750974934529,2.2944177e-07,1.072363,0.707691,0.364005,0.000028,0.001680,0.256774,0.002555,62,62,4,0,0,1,4,NotRequested,NotRequested,NotRequested,NotRequested,NotRequested,NotRequested,NotRequested,NotRequested,NotRequested,NotRequested
rand013,0.0,None,0,1.0e-04,0,Converged,Converged,Converged,1,4.3953750974934529,2.2944177e-07,1.046505,0.718086,0.327289,0.000023,0.000917,0.236850,0.000611,62,62,4,0,0,1,4,NotRequested,NotRequested,NotRequested,NotRequested,NotRequested,NotRequested,NotRequested,NotRequested,NotRequested,NotRequested
rand013,0.0,None,1,1.0e-03,0,Converged,Converged,Converged,1,4.4031972667975232,2.2979272e-07,0.955852,0.603929,0.350560,0.000037,0.000941,0.255900,0.000603,62,62,4,0,0,1,4,NotRequested,NotRequested,NotRequested,NotRequested,NotRequested,NotRequested,NotRequested,NotRequested,NotRequested,NotRequested
rand013,0.0,None,1,1.0e-04,0,Converged,Converged,Converged,1,4.4031972667975232,2.2979272e-07,0.969526,0.643393,0.325082,0.000026,0.000862,0.228440,0.000474,62,62,4,0,0,1,4,NotRequested,NotRequested,NotRequested,NotRequested,NotRequested,NotRequested,NotRequested,NotRequested,NotRequested,NotRequested
rand013,0.0,Strict,0,1.0e-03,0,EventLocationLimited,Converged,EventLocationLimited,1,4.3953750974934529,2.2944177e-07,14.817944,0.685693,14.130700,0.000027,0.001156,0.226792,0.001108,3009,3009,4,0,0,1,4,FiniteUncertified,FiniteUncertified,FiniteUncertified,FiniteUncertified,FiniteUncertified,EventLocationLimited,EventLocationLimited,EventLocationLimited,EventLocationLimited,EventLocationLimited
rand013,0.0,Strict,0,1.0e-04,0,EventLocationLimited,Converged,EventLocationLimited,1,4.3953750974934529,2.2944177e-07,11.044449,0.791426,10.226235,0.000378,0.002435,0.292882,0.003786,3009,3009,4,0,0,1,4,FiniteUncertified,FiniteUncertified,FiniteUncertified,FiniteUncertified,FiniteUncertified,EventLocationLimited,EventLocationLimited,EventLocationLimited,EventLocationLimited,EventLocationLimited
rand013,0.0,Strict,1,1.0e-03,0,EventLocationLimited,Converged,EventLocationLimited,1,4.4031972667975232,2.2979272e-07,14.147627,0.728684,13.310806,0.000223,0.002494,0.335020,0.003515,3009,3009,4,0,0,1,4,FiniteUncertified,FiniteUncertified,FiniteUncertified,FiniteUncertified,FiniteUncertified,EventLocationLimited,EventLocationLimited,EventLocationLimited,EventLocationLimited,EventLocationLimited
rand013,0.0,Strict,1,1.0e-04,0,EventLocationLimited,Converged,EventLocationLimited,1,4.4031972667975232,2.2979272e-07,13.668085,0.725670,12.918889,0.000326,0.002194,0.282866,0.003473,3009,3009,4,0,0,1,4,FiniteUncertified,FiniteUncertified,FiniteUncertified,FiniteUncertified,FiniteUncertified,EventLocationLimited,EventLocationLimited,EventLocationLimited,EventLocationLimited,EventLocationLimited
rand013,0.0,ValueFirst,0,1.0e-03,0,Converged,Converged,BudgetExceeded,1,4.3953750974934529,2.2944177e-07,1.752867,0.740749,1.010064,0.000195,0.002920,0.259902,0.004380,286,286,4,0,0,1,4,FiniteUncertified,FiniteUncertified,FiniteUncertified,FiniteUncertified,FiniteUncertified,BudgetExceeded,BudgetExceeded,BudgetExceeded,BudgetExceeded,BudgetExceeded
rand013,0.0,ValueFirst,0,1.0e-04,0,Converged,Converged,BudgetExceeded,1,4.3953750974934529,2.2944177e-07,1.655970,0.704254,0.948812,0.000060,0.001008,0.244009,0.000901,286,286,4,0,0,1,4,FiniteUncertified,FiniteUncertified,FiniteUncertified,FiniteUncertified,FiniteUncertified,BudgetExceeded,BudgetExceeded,BudgetExceeded,BudgetExceeded,BudgetExceeded
rand013,0.0,ValueFirst,1,1.0e-03,0,Converged,Converged,BudgetExceeded,1,4.4031972667975232,2.2979272e-07,1.585991,0.605536,0.976230,0.000044,0.000891,0.250450,0.000872,286,286,4,0,0,1,4,FiniteUncertified,FiniteUncertified,FiniteUncertified,FiniteUncertified,FiniteUncertified,BudgetExceeded,BudgetExceeded,BudgetExceeded,BudgetExceeded,BudgetExceeded
rand013,0.0,ValueFirst,1,1.0e-04,0,Converged,Converged,BudgetExceeded,1,4.4031972667975232,2.2979272e-07,1.618972,0.652177,0.963931,0.000020,0.000854,0.239901,0.000527,286,286,4,0,0,1,4,FiniteUncertified,FiniteUncertified,FiniteUncertified,FiniteUncertified,FiniteUncertified,BudgetExceeded,BudgetExceeded,BudgetExceeded,BudgetExceeded,BudgetExceeded
rand013,0.5,None,0,1.0e-03,0,Converged,Converged,Converged,1,4.3914301288671265,7.4989556e-07,1.061505,0.693127,0.367718,0.000027,0.001205,0.247301,0.001218,62,62,4,0,0,1,4,NotRequested,NotRequested,NotRequested,NotRequested,NotRequested,NotRequested,NotRequested,NotRequested,NotRequested,NotRequested
rand013,0.5,None,0,1.0e-04,0,Converged,Converged,Converged,1,4.3914301288671265,7.4989556e-07,1.025711,0.692691,0.331956,0.000028,0.000860,0.228372,0.000648,62,62,4,0,0,1,4,NotRequested,NotRequested,NotRequested,NotRequested,NotRequested,NotRequested,NotRequested,NotRequested,NotRequested,NotRequested
rand013,0.5,None,1,1.0e-03,0,Converged,Converged,Converged,1,4.3992303142498947,7.5519165e-07,0.944241,0.590526,0.352564,0.000021,0.000863,0.244962,0.000557,62,62,4,0,0,1,4,NotRequested,NotRequested,NotRequested,NotRequested,NotRequested,NotRequested,NotRequested,NotRequested,NotRequested,NotRequested
rand013,0.5,None,1,1.0e-04,0,Converged,Converged,Converged,1,4.3992303142498947,7.5519165e-07,0.988670,0.644581,0.342950,0.000021,0.000821,0.231926,0.000508,62,62,4,0,0,1,4,NotRequested,NotRequested,NotRequested,NotRequested,NotRequested,NotRequested,NotRequested,NotRequested,NotRequested,NotRequested
rand013,0.5,Strict,0,1.0e-03,0,TopologyUnresolved,Converged,TopologyUnresolved,1,4.3914301288671256,7.4989556e-07,11.399510,0.683282,10.714369,0.000029,0.001145,0.229266,0.001203,2232,2232,4,0,0,1,4,Invalid,Invalid,Invalid,Invalid,Invalid,TopologyUnresolved,TopologyUnresolved,TopologyUnresolved,TopologyUnresolved,TopologyUnresolved
rand013,0.5,Strict,0,1.0e-04,0,TopologyUnresolved,Converged,TopologyUnresolved,1,4.3914301288671256,7.4989556e-07,9.491161,0.777978,8.693365,0.000246,0.001873,0.275129,0.002845,2232,2232,4,0,0,1,4,Invalid,Invalid,Invalid,Invalid,Invalid,TopologyUnresolved,TopologyUnresolved,TopologyUnresolved,TopologyUnresolved,TopologyUnresolved
rand013,0.5,Strict,1,1.0e-03,0,TopologyUnresolved,Converged,TopologyUnresolved,1,4.3992303142498947,7.5519165e-07,8.822447,0.717947,7.988563,0.000195,0.002839,0.292632,0.003715,1970,1970,4,0,0,1,4,Invalid,Invalid,Invalid,Invalid,Invalid,TopologyUnresolved,TopologyUnresolved,TopologyUnresolved,TopologyUnresolved,TopologyUnresolved
rand013,0.5,Strict,1,1.0e-04,0,TopologyUnresolved,Converged,TopologyUnresolved,1,4.3992303142498947,7.5519165e-07,8.593161,0.678198,7.896066,0.000204,0.001070,0.260966,0.002052,1970,1970,4,0,0,1,4,Invalid,Invalid,Invalid,Invalid,Invalid,TopologyUnresolved,TopologyUnresolved,TopologyUnresolved,TopologyUnresolved,TopologyUnresolved
rand013,0.5,ValueFirst,0,1.0e-03,0,Converged,Converged,BudgetExceeded,1,4.3914301288671256,7.4989556e-07,1.525334,0.708835,0.814337,0.000211,0.002207,0.267151,0.002351,190,190,4,0,0,1,4,FiniteUncertified,FiniteUncertified,FiniteUncertified,FiniteUncertified,FiniteUncertified,BudgetExceeded,BudgetExceeded,BudgetExceeded,BudgetExceeded,BudgetExceeded
rand013,0.5,ValueFirst,0,1.0e-04,0,Converged,Converged,BudgetExceeded,1,4.3914301288671256,7.4989556e-07,1.468163,0.698465,0.767506,0.000056,0.000906,0.247320,0.000564,190,190,4,0,0,1,4,FiniteUncertified,FiniteUncertified,FiniteUncertified,FiniteUncertified,FiniteUncertified,BudgetExceeded,BudgetExceeded,BudgetExceeded,BudgetExceeded,BudgetExceeded
rand013,0.5,ValueFirst,1,1.0e-03,0,Converged,Converged,BudgetExceeded,1,4.3992303142498947,7.5519165e-07,1.391878,0.593778,0.795460,0.000020,0.000892,0.249235,0.000633,190,190,4,0,0,1,4,FiniteUncertified,FiniteUncertified,FiniteUncertified,FiniteUncertified,FiniteUncertified,BudgetExceeded,BudgetExceeded,BudgetExceeded,BudgetExceeded,BudgetExceeded
rand013,0.5,ValueFirst,1,1.0e-04,0,Converged,Converged,BudgetExceeded,1,4.3992303142498947,7.5519165e-07,1.531666,0.693049,0.836375,0.000029,0.000840,0.258135,0.000586,190,190,4,0,0,1,4,FiniteUncertified,FiniteUncertified,FiniteUncertified,FiniteUncertified,FiniteUncertified,BudgetExceeded,BudgetExceeded,BudgetExceeded,BudgetExceeded,BudgetExceeded
rand014,0.0,None,0,1.0e-03,0,Converged,Converged,Converged,1,1.487386506934764,0.00027302177,1.271628,0.749107,0.521897,0.000028,0.001696,0.385361,0.003301,53,53,6,0,0,1,6,NotRequested,NotRequested,NotRequested,NotRequested,NotRequested,NotRequested,NotRequested,NotRequested,NotRequested,NotRequested
rand014,0.0,None,0,1.0e-04,0,Converged,Converged,Converged,1,1.4873865069363803,5.8457525e-07,1.284776,0.758403,0.525412,0.000029,0.001144,0.372806,0.000852,69,69,6,0,0,1,6,NotRequested,NotRequested,NotRequested,NotRequested,NotRequested,NotRequested,NotRequested,NotRequested,NotRequested,NotRequested
rand014,0.0,None,1,1.0e-03,0,Converged,Converged,Converged,1,1.4874346984970961,0.00027304877,0.932014,0.387441,0.543355,0.000021,0.001161,0.383145,0.000892,53,53,6,0,0,1,6,NotRequested,NotRequested,NotRequested,NotRequested,NotRequested,NotRequested,NotRequested,NotRequested,NotRequested,NotRequested
rand014,0.0,None,1,1.0e-04,0,Converged,Converged,Converged,1,1.4874346984987161,5.8455479e-07,0.958924,0.393573,0.564297,0.000030,0.001132,0.371389,0.000701,69,69,6,0,0,1,6,NotRequested,NotRequested,NotRequested,NotRequested,NotRequested,NotRequested,NotRequested,NotRequested,NotRequested,NotRequested
rand014,0.0,Strict,0,1.0e-03,0,EventLocationLimited,Converged,EventLocationLimited,1,1.487386506934764,0.00027302177,1.276323,0.714416,0.561205,0.000021,0.001352,0.372966,0.001609,77,77,6,0,0,1,6,FiniteUncertified,FiniteUncertified,FiniteUncertified,FiniteUncertified,FiniteUncertified,EventLocationLimited,EventLocationLimited,EventLocationLimited,EventLocationLimited,EventLocationLimited
rand014,0.0,Strict,0,1.0e-04,0,EventLocationLimited,Converged,EventLocationLimited,1,1.4873865069363803,5.8457525e-07,1.223321,0.718794,0.503424,0.000029,0.001136,0.343454,0.000741,77,77,6,0,0,1,6,FiniteUncertified,FiniteUncertified,FiniteUncertified,FiniteUncertified,FiniteUncertified,EventLocationLimited,EventLocationLimited,EventLocationLimited,EventLocationLimited,EventLocationLimited
rand014,0.0,Strict,1,1.0e-03,0,EventLocationLimited,Converged,EventLocationLimited,1,1.4874346984970961,0.00027304877,1.221944,0.501712,0.662086,0.000194,0.003331,0.420451,0.003946,77,77,6,0,0,1,6,FiniteUncertified,FiniteUncertified,FiniteUncertified,FiniteUncertified,FiniteUncertified,EventLocationLimited,EventLocationLimited,EventLocationLimited,EventLocationLimited,EventLocationLimited
rand014,0.0,Strict,1,1.0e-04,0,EventLocationLimited,Converged,EventLocationLimited,1,1.4874346984987161,5.8455479e-07,0.988385,0.399300,0.587575,0.000022,0.001104,0.370765,0.000777,77,77,6,0,0,1,6,FiniteUncertified,FiniteUncertified,FiniteUncertified,FiniteUncertified,FiniteUncertified,EventLocationLimited,EventLocationLimited,EventLocationLimited,EventLocationLimited,EventLocationLimited
rand014,0.0,ValueFirst,0,1.0e-03,0,Converged,Converged,EventLocationLimited,1,1.487386506934764,0.00027302177,1.300791,0.735986,0.562786,0.000029,0.002384,0.370717,0.002176,77,77,6,0,0,1,6,FiniteUncertified,FiniteUncertified,FiniteUncertified,FiniteUncertified,FiniteUncertified,EventLocationLimited,EventLocationLimited,EventLocationLimited,EventLocationLimited,EventLocationLimited
rand014,0.0,ValueFirst,0,1.0e-04,0,Converged,Converged,EventLocationLimited,1,1.4873865069363803,5.8457525e-07,1.285705,0.742758,0.541927,0.000023,0.001203,0.370240,0.000812,77,77,6,0,0,1,6,FiniteUncertified,FiniteUncertified,FiniteUncertified,FiniteUncertified,FiniteUncertified,EventLocationLimited,EventLocationLimited,EventLocationLimited,EventLocationLimited,EventLocationLimited
rand014,0.0,ValueFirst,1,1.0e-03,0,Converged,Converged,EventLocationLimited,1,1.4874346984970961,0.00027304877,1.012524,0.389024,0.621647,0.000029,0.001274,0.392850,0.000961,77,77,6,0,0,1,6,FiniteUncertified,FiniteUncertified,FiniteUncertified,FiniteUncertified,FiniteUncertified,EventLocationLimited,EventLocationLimited,EventLocationLimited,EventLocationLimited,EventLocationLimited
rand014,0.0,ValueFirst,1,1.0e-04,0,Converged,Converged,EventLocationLimited,1,1.4874346984987161,5.8455479e-07,0.977929,0.378725,0.598138,0.000028,0.001104,0.376031,0.000699,77,77,6,0,0,1,6,FiniteUncertified,FiniteUncertified,FiniteUncertified,FiniteUncertified,FiniteUncertified,EventLocationLimited,EventLocationLimited,EventLocationLimited,EventLocationLimited,EventLocationLimited
rand014,0.5,None,0,1.0e-03,0,Converged,Converged,Converged,1,1.4873861388520075,0.0013588753,1.251498,0.726807,0.524025,0.000022,0.001363,0.362297,0.001568,53,53,6,0,0,1,6,NotRequested,NotRequested,NotRequested,NotRequested,NotRequested,NotRequested,NotRequested,NotRequested,NotRequested,NotRequested
rand014,0.5,None,0,1.0e-04,0,Converged,Converged,Converged,1,1.4873861390739149,8.0636517e-07,1.325647,0.770702,0.553905,0.000029,0.001138,0.372905,0.000693,69,69,6,0,0,1,6,NotRequested,NotRequested,NotRequested,NotRequested,NotRequested,NotRequested,NotRequested,NotRequested,NotRequested,NotRequested
rand014,0.5,None,1,1.0e-03,0,Converged,Converged,Converged,1,1.487434330359382,0.0013590097,0.928414,0.393712,0.533633,0.000023,0.001134,0.364555,0.000754,53,53,6,0,0,1,6,NotRequested,NotRequested,NotRequested,NotRequested,NotRequested,NotRequested,NotRequested,NotRequested,NotRequested,NotRequested
rand014,0.5,None,1,1.0e-04,0,Converged,Converged,Converged,1,1.4874343305813162,8.0633818e-07,1.008215,0.423477,0.583674,0.000028,0.001130,0.367064,0.000748,69,69,6,0,0,1,6,NotRequested,NotRequested,NotRequested,NotRequested,NotRequested,NotRequested,NotRequested,NotRequested,NotRequested,NotRequested
rand014,0.5,Strict,0,1.0e-03,0,EventLocationLimited,Converged,EventLocationLimited,1,1.4873861388520075,0.0013588753,1.417733,0.740564,0.676512,0.000028,0.001406,0.352486,0.001536,93,93,6,0,0,1,6,FiniteUncertified,FiniteUncertified,FiniteUncertified,ToleranceMet,ToleranceMet,EventLocationLimited,EventLocationLimited,EventLocationLimited,ToleranceMet,ToleranceMet
rand014,0.5,Strict,0,1.0e-04,0,EventLocationLimited,Converged,EventLocationLimited,1,1.4873861390739149,8.0636517e-07,1.391413,0.720131,0.670131,0.000027,0.001149,0.364525,0.000823,93,93,6,0,0,1,6,FiniteUncertified,FiniteUncertified,FiniteUncertified,ToleranceMet,ToleranceMet,EventLocationLimited,EventLocationLimited,EventLocationLimited,ToleranceMet,ToleranceMet
rand014,0.5,Strict,1,1.0e-03,0,EventLocationLimited,Converged,EventLocationLimited,1,1.487434330359382,0.0013590097,1.385725,0.486555,0.835737,0.000198,0.003243,0.436817,0.004835,93,93,6,0,0,1,6,FiniteUncertified,FiniteUncertified,FiniteUncertified,ToleranceMet,ToleranceMet,EventLocationLimited,EventLocationLimited,EventLocationLimited,ToleranceMet,ToleranceMet
rand014,0.5,Strict,1,1.0e-04,0,EventLocationLimited,Converged,EventLocationLimited,1,1.4874343305813162,8.0633818e-07,1.109818,0.380592,0.727680,0.000028,0.001195,0.371574,0.000816,93,93,6,0,0,1,6,FiniteUncertified,FiniteUncertified,FiniteUncertified,ToleranceMet,ToleranceMet,EventLocationLimited,EventLocationLimited,EventLocationLimited,ToleranceMet,ToleranceMet
rand014,0.5,ValueFirst,0,1.0e-03,0,Converged,Converged,BudgetExceeded,1,1.4873861388520075,0.0013588753,1.453529,0.735748,0.716112,0.000029,0.002562,0.371740,0.001977,93,93,6,0,0,1,6,FiniteUncertified,FiniteUncertified,FiniteUncertified,ToleranceMet,ToleranceMet,BudgetExceeded,BudgetExceeded,BudgetExceeded,ToleranceMet,ToleranceMet
rand014,0.5,ValueFirst,0,1.0e-04,0,Converged,Converged,EventLocationLimited,1,1.4873861390739149,8.0636517e-07,1.435225,0.738950,0.694986,0.000027,0.001151,0.378230,0.000746,93,93,6,0,0,1,6,FiniteUncertified,FiniteUncertified,FiniteUncertified,ToleranceMet,ToleranceMet,EventLocationLimited,EventLocationLimited,EventLocationLimited,ToleranceMet,ToleranceMet
rand014,0.5,ValueFirst,1,1.0e-03,0,Converged,Converged,BudgetExceeded,1,1.487434330359382,0.0013590097,1.198111,0.396961,0.799740,0.000028,0.001301,0.416882,0.001056,93,93,6,0,0,1,6,FiniteUncertified,FiniteUncertified,FiniteUncertified,ToleranceMet,ToleranceMet,BudgetExceeded,BudgetExceeded,BudgetExceeded,ToleranceMet,ToleranceMet
rand014,0.5,ValueFirst,1,1.0e-04,0,Converged,Converged,EventLocationLimited,1,1.4874343305813162,8.0633818e-07,1.177044,0.410483,0.765161,0.000030,0.001124,0.377143,0.000796,93,93,6,0,0,1,6,FiniteUncertified,FiniteUncertified,FiniteUncertified,ToleranceMet,ToleranceMet,EventLocationLimited,EventLocationLimited,EventLocationLimited,ToleranceMet,ToleranceMet
rand015,0.0,None,0,1.0e-03,0,Converged,Converged,Converged,1,2.1025684735043271,0.00069319217,1.115709,0.716582,0.398447,0.000021,0.002129,0.317179,0.002644,46,46,4,0,0,1,4,NotRequested,NotRequested,NotRequested,NotRequested,NotRequested,NotRequested,NotRequested,NotRequested,NotRequested,NotRequested
rand015,0.0,None,0,1.0e-04,0,Converged,Converged,Converged,1,2.1025684734872563,3.0654346e-09,1.117892,0.717274,0.399492,0.000026,0.001231,0.303957,0.000646,62,62,4,0,0,1,4,NotRequested,NotRequested,NotRequested,NotRequested,NotRequested,NotRequested,NotRequested,NotRequested,NotRequested,NotRequested
rand015,0.0,None,1,1.0e-03,0,Converged,Converged,Converged,1,2.1020062070366867,0.00069279959,1.013818,0.587717,0.424679,0.000022,0.000983,0.316578,0.000610,46,46,4,0,0,1,4,NotRequested,NotRequested,NotRequested,NotRequested,NotRequested,NotRequested,NotRequested,NotRequested,NotRequested,NotRequested
rand015,0.0,None,1,1.0e-04,0,Converged,Converged,Converged,1,2.1020062070196364,3.0637792e-09,1.008080,0.596918,0.410058,0.000022,0.000924,0.282099,0.000566,62,62,4,0,0,1,4,NotRequested,NotRequested,NotRequested,NotRequested,NotRequested,NotRequested,NotRequested,NotRequested,NotRequested,NotRequested
rand015,0.0,Strict,0,1.0e-03,0,EventLocationLimited,Converged,EventLocationLimited,1,2.1025684735043271,0.00069319217,1.095478,0.696809,0.398013,0.000029,0.001227,0.277138,0.001025,62,62,4,0,0,1,4,ToleranceMet,ToleranceMet,FiniteUncertified,ToleranceMet,ToleranceMet,ToleranceMet,ToleranceMet,EventLocationLimited,ToleranceMet,ToleranceMet
rand015,0.0,Strict,0,1.0e-04,0,EventLocationLimited,Converged,EventLocationLimited,1,2.1025684734872563,3.0654346e-09,1.104256,0.701154,0.402020,0.000021,0.000948,0.286435,0.000469,62,62,4,0,0,1,4,ToleranceMet,ToleranceMet,FiniteUncertified,ToleranceMet,ToleranceMet,ToleranceMet,ToleranceMet,EventLocationLimited,ToleranceMet,ToleranceMet
rand015,0.0,Strict,1,1.0e-03,0,EventLocationLimited,Converged,EventLocationLimited,1,2.1020062070366867,0.00069279959,1.300532,0.690332,0.498278,0.000379,0.002661,0.339109,0.003393,62,62,4,0,0,1,4,ToleranceMet,ToleranceMet,FiniteUncertified,ToleranceMet,ToleranceMet,ToleranceMet,ToleranceMet,EventLocationLimited,ToleranceMet,ToleranceMet
rand015,0.0,Strict,1,1.0e-04,0,EventLocationLimited,Converged,EventLocationLimited,1,2.1020062070196364,3.0637792e-09,1.146718,0.699024,0.444835,0.000026,0.001136,0.298856,0.000540,62,62,4,0,0,1,4,ToleranceMet,ToleranceMet,FiniteUncertified,ToleranceMet,ToleranceMet,ToleranceMet,ToleranceMet,EventLocationLimited,ToleranceMet,ToleranceMet
rand015,0.0,ValueFirst,0,1.0e-03,0,Converged,Converged,EventLocationLimited,1,2.1025684735043271,0.00069319217,1.135611,0.718885,0.414794,0.000022,0.002372,0.293563,0.001071,62,62,4,0,0,1,4,ToleranceMet,ToleranceMet,FiniteUncertified,ToleranceMet,ToleranceMet,ToleranceMet,ToleranceMet,EventLocationLimited,ToleranceMet,ToleranceMet
rand015,0.0,ValueFirst,0,1.0e-04,0,Converged,Converged,EventLocationLimited,1,2.1025684734872563,3.0654346e-09,1.105975,0.703095,0.401691,0.000020,0.000886,0.297578,0.000495,62,62,4,0,0,1,4,ToleranceMet,ToleranceMet,FiniteUncertified,ToleranceMet,ToleranceMet,ToleranceMet,ToleranceMet,EventLocationLimited,ToleranceMet,ToleranceMet
rand015,0.0,ValueFirst,1,1.0e-03,0,Converged,Converged,EventLocationLimited,1,2.1020062070366867,0.00069279959,1.073212,0.630791,0.439125,0.000023,0.000881,0.295421,0.000702,62,62,4,0,0,1,4,ToleranceMet,ToleranceMet,FiniteUncertified,ToleranceMet,ToleranceMet,ToleranceMet,ToleranceMet,EventLocationLimited,ToleranceMet,ToleranceMet
rand015,0.0,ValueFirst,1,1.0e-04,0,Converged,Converged,EventLocationLimited,1,2.1020062070196364,3.0637792e-09,1.121877,0.672298,0.448493,0.000021,0.002088,0.292299,0.000491,62,62,4,0,0,1,4,ToleranceMet,ToleranceMet,FiniteUncertified,ToleranceMet,ToleranceMet,ToleranceMet,ToleranceMet,EventLocationLimited,ToleranceMet,ToleranceMet
rand015,0.5,None,0,1.0e-03,0,Converged,Converged,Converged,1,2.1025314677020024,6.2201341e-08,1.145931,0.717663,0.427650,0.000022,0.001244,0.294269,0.001005,62,62,4,0,0,1,4,NotRequested,NotRequested,NotRequested,NotRequested,NotRequested,NotRequested,NotRequested,NotRequested,NotRequested,NotRequested
rand015,0.5,None,0,1.0e-04,0,Converged,Converged,Converged,1,2.1025314677020024,6.2201341e-08,1.097026,0.707881,0.387966,0.000022,0.000927,0.280857,0.000503,62,62,4,0,0,1,4,NotRequested,NotRequested,NotRequested,NotRequested,NotRequested,NotRequested,NotRequested,NotRequested,NotRequested,NotRequested
rand015,0.5,None,1,1.0e-03,0,Converged,Converged,Converged,1,2.1019692359748432,6.2164402e-08,0.986479,0.575896,0.409423,0.000021,0.000922,0.271849,0.000492,62,62,4,0,0,1,4,NotRequested,NotRequested,NotRequested,NotRequested,NotRequested,NotRequested,NotRequested,NotRequested,NotRequested,NotRequested
rand015,0.5,None,1,1.0e-04,0,Converged,Converged,Converged,1,2.1019692359748432,6.2164402e-08,1.010027,0.590023,0.418805,0.000021,0.000955,0.275769,0.000454,62,62,4,0,0,1,4,NotRequested,NotRequested,NotRequested,NotRequested,NotRequested,NotRequested,NotRequested,NotRequested,NotRequested,NotRequested
rand015,0.5,Strict,0,1.0e-03,0,EventLocationLimited,Converged,EventLocationLimited,1,2.1025314677020024,6.2201341e-08,1.161102,0.711512,0.448862,0.000029,0.001199,0.279755,0.000977,62,62,4,0,0,1,4,ToleranceMet,ToleranceMet,FiniteUncertified,ToleranceMet,ToleranceMet,ToleranceMet,ToleranceMet,EventLocationLimited,ToleranceMet,ToleranceMet
rand015,0.5,Strict,0,1.0e-04,0,EventLocationLimited,Converged,EventLocationLimited,1,2.1025314677020024,6.2201341e-08,1.117859,0.693090,0.423689,0.000020,0.000969,0.269080,0.000491,62,62,4,0,0,1,4,ToleranceMet,ToleranceMet,FiniteUncertified,ToleranceMet,ToleranceMet,ToleranceMet,ToleranceMet,EventLocationLimited,ToleranceMet,ToleranceMet
rand015,0.5,Strict,1,1.0e-03,0,EventLocationLimited,Converged,EventLocationLimited,1,2.1019692359748432,6.2164402e-08,1.426999,0.717838,0.593815,0.000192,0.003358,0.379366,0.003486,62,62,4,0,0,1,4,ToleranceMet,ToleranceMet,FiniteUncertified,ToleranceMet,ToleranceMet,ToleranceMet,ToleranceMet,EventLocationLimited,ToleranceMet,ToleranceMet
rand015,0.5,Strict,1,1.0e-04,0,EventLocationLimited,Converged,EventLocationLimited,1,2.1019692359748432,6.2164402e-08,1.056817,0.586036,0.469500,0.000029,0.000891,0.287090,0.000535,62,62,4,0,0,1,4,ToleranceMet,ToleranceMet,FiniteUncertified,ToleranceMet,ToleranceMet,ToleranceMet,ToleranceMet,EventLocationLimited,ToleranceMet,ToleranceMet
rand015,0.5,ValueFirst,0,1.0e-03,0,Converged,Converged,EventLocationLimited,1,2.1025314677020024,6.2201341e-08,1.147037,0.705945,0.439405,0.000023,0.002027,0.276796,0.001535,62,62,4,0,0,1,4,ToleranceMet,ToleranceMet,FiniteUncertified,ToleranceMet,ToleranceMet,ToleranceMet,ToleranceMet,EventLocationLimited,ToleranceMet,ToleranceMet
rand015,0.5,ValueFirst,0,1.0e-04,0,Converged,Converged,EventLocationLimited,1,2.1025314677020024,6.2201341e-08,1.159188,0.714065,0.443898,0.000028,0.000991,0.285888,0.000503,62,62,4,0,0,1,4,ToleranceMet,ToleranceMet,FiniteUncertified,ToleranceMet,ToleranceMet,ToleranceMet,ToleranceMet,EventLocationLimited,ToleranceMet,ToleranceMet
rand015,0.5,ValueFirst,1,1.0e-03,0,Converged,Converged,EventLocationLimited,1,2.1019692359748432,6.2164402e-08,1.151343,0.658357,0.489788,0.000022,0.000995,0.303196,0.000624,62,62,4,0,0,1,4,ToleranceMet,ToleranceMet,FiniteUncertified,ToleranceMet,ToleranceMet,ToleranceMet,ToleranceMet,EventLocationLimited,ToleranceMet,ToleranceMet
rand015,0.5,ValueFirst,1,1.0e-04,0,Converged,Converged,EventLocationLimited,1,2.1019692359748432,6.2164402e-08,1.080090,0.582890,0.496113,0.000021,0.000894,0.315080,0.000492,62,62,4,0,0,1,4,ToleranceMet,ToleranceMet,FiniteUncertified,ToleranceMet,ToleranceMet,ToleranceMet,ToleranceMet,EventLocationLimited,ToleranceMet,ToleranceMet
rand016,0.0,None,0,1.0e-03,0,Converged,Converged,Converged,1,1.6351967191748373,0.00075991786,1.442005,0.958519,0.482839,0.000021,0.019654,0.295806,0.003262,60,60,4,1,1,1,3,NotRequested,NotRequested,NotRequested,NotRequested,NotRequested,NotRequested,NotRequested,NotRequested,NotRequested,NotRequested
rand016,0.0,None,0,1.0e-04,0,Converged,Converged,Converged,1,1.6351962989602453,7.0369338e-06,1.509334,0.950143,0.558281,0.000022,0.009791,0.289632,0.000843,108,108,4,1,1,1,3,NotRequested,NotRequested,NotRequested,NotRequested,NotRequested,NotRequested,NotRequested,NotRequested,NotRequested,NotRequested
rand016,0.0,None,1,1.0e-03,0,Converged,Converged,Converged,1,1.6356273005201141,0.00076026907,1.207257,0.767931,0.438263,0.000035,0.009005,0.276709,0.000786,60,60,4,1,1,1,3,NotRequested,NotRequested,NotRequested,NotRequested,NotRequested,NotRequested,NotRequested,NotRequested,NotRequested,NotRequested
rand016,0.0,None,1,1.0e-04,0,Converged,Converged,Converged,1,1.6356268802333016,7.0381552e-06,1.348851,0.786575,0.561218,0.000028,0.008966,0.287328,0.000795,108,108,4,1,1,1,3,NotRequested,NotRequested,NotRequested,NotRequested,NotRequested,NotRequested,NotRequested,NotRequested,NotRequested,NotRequested
rand016,0.0,Strict,0,1.0e-03,0,EventLocationLimited,Converged,EventLocationLimited,1,1.6351967191748373,0.00075991786,2.389603,0.923573,1.465453,0.000022,0.008865,0.267561,0.001356,316,316,4,1,1,1,3,ToleranceMet,ToleranceMet,FiniteUncertified,ToleranceMet,ToleranceMet,ToleranceMet,ToleranceMet,EventLocationLimited,ToleranceMet,ToleranceMet
rand016,0.0,Strict,0,1.0e-04,0,EventLocationLimited,Converged,EventLocationLimited,1,1.6351962989602453,7.0369338e-06,2.383023,0.927183,1.454358,0.000057,0.009224,0.285951,0.001144,316,316,4,1,1,1,3,ToleranceMet,ToleranceMet,FiniteUncertified,ToleranceMet,ToleranceMet,ToleranceMet,ToleranceMet,EventLocationLimited,ToleranceMet,ToleranceMet
rand016,0.0,Strict,1,1.0e-03,0,EventLocationLimited,Converged,EventLocationLimited,1,1.6356273005201141,0.00076026907,2.538418,0.861456,1.565234,0.000334,0.021767,0.337266,0.004384,316,316,4,1,1,1,3,ToleranceMet,ToleranceMet,FiniteUncertified,ToleranceMet,ToleranceMet,ToleranceMet,ToleranceMet,EventLocationLimited,ToleranceMet,ToleranceMet
rand016,0.0,Strict,1,1.0e-04,0,EventLocationLimited,Converged,EventLocationLimited,1,1.6356268802333016,7.0381552e-06,2.254207,0.776658,1.475814,0.000042,0.009181,0.284130,0.000878,316,316,4,1,1,1,3,ToleranceMet,ToleranceMet,FiniteUncertified,ToleranceMet,ToleranceMet,ToleranceMet,ToleranceMet,EventLocationLimited,ToleranceMet,ToleranceMet
rand016,0.0,ValueFirst,0,1.0e-03,0,Converged,Converged,BudgetExceeded,1,1.6351967191748373,0.00075991786,1.803750,0.957281,0.844712,0.000027,0.009997,0.290581,0.002194,172,172,4,1,1,1,3,ToleranceMet,ToleranceMet,FiniteUncertified,ToleranceMet,ToleranceMet,ToleranceMet,ToleranceMet,BudgetExceeded,ToleranceMet,ToleranceMet
rand016,0.0,ValueFirst,0,1.0e-04,0,Converged,Converged,BudgetExceeded,1,1.6351962989602453,7.0369338e-06,1.846264,0.942224,0.902935,0.000021,0.009161,0.280122,0.000821,188,188,4,1,1,1,3,ToleranceMet,ToleranceMet,FiniteUncertified,ToleranceMet,ToleranceMet,ToleranceMet,ToleranceMet,BudgetExceeded,ToleranceMet,ToleranceMet
rand016,0.0,ValueFirst,1,1.0e-03,0,Converged,Converged,BudgetExceeded,1,1.6356273005201141,0.00076026907,1.625062,0.777807,0.844241,0.000021,0.009518,0.287382,0.000922,172,172,4,1,1,1,3,ToleranceMet,ToleranceMet,FiniteUncertified,ToleranceMet,ToleranceMet,ToleranceMet,ToleranceMet,BudgetExceeded,ToleranceMet,ToleranceMet
rand016,0.0,ValueFirst,1,1.0e-04,0,Converged,Converged,BudgetExceeded,1,1.6356268802333016,7.0381552e-06,1.664729,0.782408,0.881219,0.000030,0.009143,0.279272,0.000737,188,188,4,1,1,1,3,ToleranceMet,ToleranceMet,FiniteUncertified,ToleranceMet,ToleranceMet,ToleranceMet,ToleranceMet,BudgetExceeded,ToleranceMet,ToleranceMet
rand016,0.5,None,0,1.0e-03,0,Converged,Converged,Converged,1,1.635174680031378,0.0002365734,1.414847,0.928228,0.486052,0.000021,0.009236,0.276199,0.001380,76,76,4,1,1,1,3,NotRequested,NotRequested,NotRequested,NotRequested,NotRequested,NotRequested,NotRequested,NotRequested,NotRequested,NotRequested
rand016,0.5,None,0,1.0e-04,0,Converged,Converged,Converged,1,1.6351744279066029,2.0969268e-05,1.508321,0.939002,0.568266,0.000030,0.010529,0.266344,0.000722,108,108,4,1,1,1,3,NotRequested,NotRequested,NotRequested,NotRequested,NotRequested,NotRequested,NotRequested,NotRequested,NotRequested,NotRequested
rand016,0.5,None,1,1.0e-03,0,Converged,Converged,Converged,1,1.6356052375094721,0.00023661294,1.224806,0.752675,0.471168,0.000028,0.008902,0.270579,0.000777,76,76,4,1,1,1,3,NotRequested,NotRequested,NotRequested,NotRequested,NotRequested,NotRequested,NotRequested,NotRequested,NotRequested,NotRequested
rand016,0.5,None,1,1.0e-04,0,Converged,Converged,Converged,1,1.6356049853413739,2.0972762e-05,1.327498,0.759254,0.567285,0.000020,0.008356,0.276206,0.000640,108,108,4,1,1,1,3,NotRequested,NotRequested,NotRequested,NotRequested,NotRequested,NotRequested,NotRequested,NotRequested,NotRequested,NotRequested
rand016,0.5,Strict,0,1.0e-03,0,EventLocationLimited,Converged,EventLocationLimited,1,1.635174680031378,0.0002365734,2.617914,0.919551,1.697806,0.000021,0.008390,0.263402,0.001296,316,316,4,1,1,1,3,ToleranceMet,ToleranceMet,FiniteUncertified,ToleranceMet,ToleranceMet,ToleranceMet,ToleranceMet,EventLocationLimited,ToleranceMet,ToleranceMet
rand016,0.5,Strict,0,1.0e-04,0,EventLocationLimited,Converged,EventLocationLimited,1,1.6351744279066029,2.0969268e-05,2.625306,0.928448,1.695800,0.000060,0.008835,0.281117,0.000882,316,316,4,1,1,1,3,ToleranceMet,ToleranceMet,FiniteUncertified,ToleranceMet,ToleranceMet,ToleranceMet,ToleranceMet,EventLocationLimited,ToleranceMet,ToleranceMet
rand016,0.5,Strict,1,1.0e-03,0,EventLocationLimited,Converged,EventLocationLimited,1,1.6356052375094721,0.00023661294,2.801613,0.867994,1.810954,0.000294,0.022367,0.340496,0.004121,316,316,4,1,1,1,3,ToleranceMet,ToleranceMet,FiniteUncertified,ToleranceMet,ToleranceMet,ToleranceMet,ToleranceMet,EventLocationLimited,ToleranceMet,ToleranceMet
rand016,0.5,Strict,1,1.0e-04,0,EventLocationLimited,Converged,EventLocationLimited,1,1.6356049853413739,2.0972762e-05,2.486571,0.796003,1.689032,0.000037,0.009293,0.290297,0.000802,316,316,4,1,1,1,3,ToleranceMet,ToleranceMet,FiniteUncertified,ToleranceMet,ToleranceMet,ToleranceMet,ToleranceMet,EventLocationLimited,ToleranceMet,ToleranceMet
rand016,0.5,ValueFirst,0,1.0e-03,0,Converged,Converged,BudgetExceeded,1,1.635174680031378,0.0002365734,2.008016,0.969576,1.036360,0.000022,0.010749,0.295547,0.001913,180,180,4,1,1,1,3,FiniteUncertified,FiniteUncertified,FiniteUncertified,FiniteUncertified,ToleranceMet,BudgetExceeded,BudgetExceeded,BudgetExceeded,BudgetExceeded,ToleranceMet
rand016,0.5,ValueFirst,0,1.0e-04,0,Converged,Converged,BudgetExceeded,1,1.6351744279066029,2.0969268e-05,1.968939,0.936332,1.031400,0.000054,0.009036,0.295428,0.000849,188,188,4,1,1,1,3,ToleranceMet,ToleranceMet,FiniteUncertified,ToleranceMet,ToleranceMet,ToleranceMet,ToleranceMet,BudgetExceeded,ToleranceMet,ToleranceMet
rand016,0.5,ValueFirst,1,1.0e-03,0,Converged,Converged,BudgetExceeded,1,1.6356052375094721,0.00023661294,1.820398,0.803417,1.014968,0.000021,0.009508,0.294312,0.000931,180,180,4,1,1,1,3,FiniteUncertified,FiniteUncertified,FiniteUncertified,FiniteUncertified,ToleranceMet,BudgetExceeded,BudgetExceeded,BudgetExceeded,BudgetExceeded,ToleranceMet
rand016,0.5,ValueFirst,1,1.0e-04,0,Converged,Converged,BudgetExceeded,1,1.6356049853413739,2.0972762e-05,1.793962,0.754526,1.038300,0.000024,0.008835,0.288509,0.000729,188,188,4,1,1,1,3,ToleranceMet,ToleranceMet,FiniteUncertified,ToleranceMet,ToleranceMet,ToleranceMet,ToleranceMet,BudgetExceeded,ToleranceMet,ToleranceMet
rand017,0.0,None,0,1.0e-03,0,Converged,Converged,Converged,1,5.3729762894509872,1.8790015e-07,1.021944,0.734922,0.286436,0.000028,0.009900,0.163075,0.002347,62,62,4,0,0,1,4,NotRequested,NotRequested,NotRequested,NotRequested,NotRequested,NotRequested,NotRequested,NotRequested,NotRequested,NotRequested
rand017,0.0,None,0,1.0e-04,0,Converged,Converged,Converged,1,5.3729762894509872,1.8790015e-07,0.954294,0.695436,0.257742,0.000023,0.008921,0.155434,0.000648,62,62,4,0,0,1,4,NotRequested,NotRequested,NotRequested,NotRequested,NotRequested,NotRequested,NotRequested,NotRequested,NotRequested,NotRequested
rand017,0.0,None,1,1.0e-03,0,Converged,Converged,Converged,1,5.3783557998026303,1.8852059e-07,0.967107,0.630570,0.334219,0.000047,0.011702,0.218794,0.000737,62,62,4,0,0,1,4,NotRequested,NotRequested,NotRequested,NotRequested,NotRequested,NotRequested,NotRequested,NotRequested,NotRequested,NotRequested
rand017,0.0,None,1,1.0e-04,0,Converged,Converged,Converged,1,5.3783557998026303,1.8852059e-07,1.002712,0.632972,0.368499,0.000034,0.010603,0.232487,0.000601,62,62,4,0,0,1,4,NotRequested,NotRequested,NotRequested,NotRequested,NotRequested,NotRequested,NotRequested,NotRequested,NotRequested,NotRequested
rand017,0.0,Strict,0,1.0e-03,0,EventLocationLimited,Converged,EventLocationLimited,1,5.3729762894509872,1.8790015e-07,16.189551,0.750018,15.437994,0.000029,0.008687,0.152745,0.001023,3247,3247,4,0,0,1,4,FiniteUncertified,FiniteUncertified,FiniteUncertified,FiniteUncertified,FiniteUncertified,EventLocationLimited,EventLocationLimited,EventLocationLimited,EventLocationLimited,EventLocationLimited
rand017,0.0,Strict,0,1.0e-04,0,EventLocationLimited,Converged,EventLocationLimited,1,5.3729762894509872,1.8790015e-07,11.820788,0.792799,10.999837,0.000266,0.023795,0.204444,0.004400,3247,3247,4,0,0,1,4,FiniteUncertified,FiniteUncertified,FiniteUncertified,FiniteUncertified,FiniteUncertified,EventLocationLimited,EventLocationLimited,EventLocationLimited,EventLocationLimited,EventLocationLimited
rand017,0.0,Strict,1,1.0e-03,0,EventLocationLimited,Converged,EventLocationLimited,1,5.3783557998026303,1.8852059e-07,14.571654,0.662976,13.789611,0.000299,0.024255,0.242968,0.003885,2993,2993,4,0,0,1,4,FiniteUncertified,FiniteUncertified,FiniteUncertified,FiniteUncertified,FiniteUncertified,EventLocationLimited,EventLocationLimited,EventLocationLimited,EventLocationLimited,EventLocationLimited
rand017,0.0,Strict,1,1.0e-04,0,EventLocationLimited,Converged,EventLocationLimited,1,5.3783557998026303,1.8852059e-07,14.426432,0.622159,13.779990,0.000259,0.018365,0.219162,0.002326,2993,2993,4,0,0,1,4,FiniteUncertified,FiniteUncertified,FiniteUncertified,FiniteUncertified,FiniteUncertified,EventLocationLimited,EventLocationLimited,EventLocationLimited,EventLocationLimited,EventLocationLimited
rand017,0.0,ValueFirst,0,1.0e-03,0,Converged,Converged,BudgetExceeded,1,5.3729762894509872,1.8790015e-07,1.754870,0.763694,0.988715,0.000210,0.018432,0.188996,0.003573,286,286,4,0,0,1,4,FiniteUncertified,FiniteUncertified,FiniteUncertified,FiniteUncertified,FiniteUncertified,BudgetExceeded,BudgetExceeded,BudgetExceeded,BudgetExceeded,BudgetExceeded
rand017,0.0,ValueFirst,0,1.0e-04,0,Converged,Converged,BudgetExceeded,1,5.3729762894509872,1.8790015e-07,1.616362,0.735138,0.878409,0.000057,0.010081,0.165411,0.000896,286,286,4,0,0,1,4,FiniteUncertified,FiniteUncertified,FiniteUncertified,FiniteUncertified,FiniteUncertified,BudgetExceeded,BudgetExceeded,BudgetExceeded,BudgetExceeded,BudgetExceeded
rand017,0.0,ValueFirst,1,1.0e-03,0,Converged,Converged,BudgetExceeded,1,5.3783557998026303,1.8852059e-07,1.720019,0.599290,1.117312,0.000052,0.009702,0.230161,0.000860,286,286,4,0,0,1,4,FiniteUncertified,FiniteUncertified,FiniteUncertified,FiniteUncertified,FiniteUncertified,BudgetExceeded,BudgetExceeded,BudgetExceeded,BudgetExceeded,BudgetExceeded
rand017,0.0,ValueFirst,1,1.0e-04,0,Converged,Converged,BudgetExceeded,1,5.3783557998026303,1.8852059e-07,1.766883,0.598450,1.165028,0.000034,0.011035,0.229266,0.000657,286,286,4,0,0,1,4,FiniteUncertified,FiniteUncertified,FiniteUncertified,FiniteUncertified,FiniteUncertified,BudgetExceeded,BudgetExceeded,BudgetExceeded,BudgetExceeded,BudgetExceeded
rand017,0.5,None,0,1.0e-03,0,Converged,Converged,Converged,1,5.3706242487534901,1.8575414e-07,1.148640,0.806888,0.341048,0.000028,0.009454,0.184645,0.001238,62,62,4,0,0,1,4,NotRequested,NotRequested,NotRequested,NotRequested,NotRequested,NotRequested,NotRequested,NotRequested,NotRequested,NotRequested
rand017,0.5,None,0,1.0e-04,0,Converged,Converged,Converged,1,5.3706242487534901,1.8575414e-07,1.021945,0.748905,0.271989,0.000044,0.009062,0.153978,0.000607,62,62,4,0,0,1,4,NotRequested,NotRequested,NotRequested,NotRequested,NotRequested,NotRequested,NotRequested,NotRequested,NotRequested,NotRequested
rand017,0.5,None,1,1.0e-03,0,Converged,Converged,Converged,1,5.3759965113404684,1.8671812e-07,0.903275,0.585491,0.316681,0.000023,0.008984,0.189442,0.000596,62,62,4,0,0,1,4,NotRequested,NotRequested,NotRequested,NotRequested,NotRequested,NotRequested,NotRequested,NotRequested,NotRequested,NotRequested
rand017,0.5,None,1,1.0e-04,0,Converged,Converged,Converged,1,5.3759965113404684,1.8671812e-07,0.876622,0.571486,0.304030,0.000021,0.008822,0.182681,0.000458,62,62,4,0,0,1,4,NotRequested,NotRequested,NotRequested,NotRequested,NotRequested,NotRequested,NotRequested,NotRequested,NotRequested,NotRequested
rand017,0.5,Strict,0,1.0e-03,0,TopologyUnresolved,Converged,TopologyUnresolved,1,5.370624248753491,1.8575414e-07,9.244208,0.694974,8.547788,0.000022,0.009045,0.148416,0.001141,1954,1954,4,0,0,1,4,Invalid,Invalid,Invalid,Invalid,Invalid,TopologyUnresolved,TopologyUnresolved,TopologyUnresolved,TopologyUnresolved,TopologyUnresolved
rand017,0.5,Strict,0,1.0e-04,0,TopologyUnresolved,Converged,TopologyUnresolved,1,5.370624248753491,1.8575414e-07,8.201237,0.795020,7.389390,0.000185,0.016490,0.201378,0.002715,1954,1954,4,0,0,1,4,Invalid,Invalid,Invalid,Invalid,Invalid,TopologyUnresolved,TopologyUnresolved,TopologyUnresolved,TopologyUnresolved,TopologyUnresolved
rand017,0.5,Strict,1,1.0e-03,0,TopologyUnresolved,Converged,TopologyUnresolved,1,5.3759965113404684,1.8671812e-07,9.900392,0.658423,9.133167,0.000230,0.028174,0.238329,0.003660,2224,2224,4,0,0,1,4,Invalid,Invalid,Invalid,Invalid,Invalid,TopologyUnresolved,TopologyUnresolved,TopologyUnresolved,TopologyUnresolved,TopologyUnresolved
rand017,0.5,Strict,1,1.0e-04,0,TopologyUnresolved,Converged,TopologyUnresolved,1,5.3759965113404684,1.8671812e-07,9.899624,0.600742,9.281339,0.000302,0.013328,0.204977,0.001535,2224,2224,4,0,0,1,4,Invalid,Invalid,Invalid,Invalid,Invalid,TopologyUnresolved,TopologyUnresolved,TopologyUnresolved,TopologyUnresolved,TopologyUnresolved
rand017,0.5,ValueFirst,0,1.0e-03,0,Converged,Converged,BudgetExceeded,1,5.370624248753491,1.8575414e-07,1.936109,0.746613,1.187170,0.000356,0.012086,0.177307,0.002500,286,286,4,0,0,1,4,FiniteUncertified,FiniteUncertified,FiniteUncertified,FiniteUncertified,FiniteUncertified,BudgetExceeded,BudgetExceeded,BudgetExceeded,BudgetExceeded,BudgetExceeded
rand017,0.5,ValueFirst,0,1.0e-04,0,Converged,Converged,BudgetExceeded,1,5.370624248753491,1.8575414e-07,1.787712,0.715940,1.068885,0.000053,0.009520,0.161156,0.000668,286,286,4,0,0,1,4,FiniteUncertified,FiniteUncertified,FiniteUncertified,FiniteUncertified,FiniteUncertified,BudgetExceeded,BudgetExceeded,BudgetExceeded,BudgetExceeded,BudgetExceeded
rand017,0.5,ValueFirst,1,1.0e-03,0,Converged,Converged,BudgetExceeded,1,5.3759965113404684,1.8671812e-07,1.696768,0.562509,1.131820,0.000027,0.009317,0.198678,0.000566,286,286,4,0,0,1,4,FiniteUncertified,FiniteUncertified,FiniteUncertified,FiniteUncertified,FiniteUncertified,BudgetExceeded,BudgetExceeded,BudgetExceeded,BudgetExceeded,BudgetExceeded
rand017,0.5,ValueFirst,1,1.0e-04,0,Converged,Converged,BudgetExceeded,1,5.3759965113404684,1.8671812e-07,1.752361,0.572688,1.176881,0.000028,0.009122,0.192353,0.000549,286,286,4,0,0,1,4,FiniteUncertified,FiniteUncertified,FiniteUncertified,FiniteUncertified,FiniteUncertified,BudgetExceeded,BudgetExceeded,BudgetExceeded,BudgetExceeded,BudgetExceeded
rand018,0.0,None,0,1.0e-03,0,Converged,Converged,Converged,1,2.2051921431843593,0.00068480734,1.399296,0.715789,0.682799,0.000021,0.010360,0.580507,0.002337,46,46,4,0,0,1,4,NotRequested,NotRequested,NotRequested,NotRequested,NotRequested,NotRequested,NotRequested,NotRequested,NotRequested,NotRequested
rand018,0.0,None,0,1.0e-04,0,Converged,Converged,Converged,1,2.2051921431867036,1.2593773e-09,1.374270,0.705617,0.667656,0.000028,0.008838,0.557333,0.000577,62,62,4,0,0,1,4,NotRequested,NotRequested,NotRequested,NotRequested,NotRequested,NotRequested,NotRequested,NotRequested,NotRequested,NotRequested
rand018,0.0,None,1,1.0e-03,0,Converged,Converged,Converged,1,2.2050886634113778,0.0006847479,1.316417,0.595868,0.719176,0.000043,0.009283,0.576240,0.000739,46,46,4,0,0,1,4,NotRequested,NotRequested,NotRequested,NotRequested,NotRequested,NotRequested,NotRequested,NotRequested,NotRequested,NotRequested
rand018,0.0,None,1,1.0e-04,0,Converged,Converged,Converged,1,2.205088663413719,1.2592237e-09,1.361518,0.607725,0.752722,0.000023,0.009017,0.575967,0.000546,62,62,4,0,0,1,4,NotRequested,NotRequested,NotRequested,NotRequested,NotRequested,NotRequested,NotRequested,NotRequested,NotRequested,NotRequested
rand018,0.0,Strict,0,1.0e-03,0,EventLocationLimited,Converged,EventLocationLimited,1,2.2051921431843593,0.00068480734,1.430112,0.723500,0.705955,0.000026,0.009172,0.570699,0.001194,62,62,4,0,0,1,4,ToleranceMet,ToleranceMet,FiniteUncertified,ToleranceMet,ToleranceMet,ToleranceMet,ToleranceMet,EventLocationLimited,ToleranceMet,ToleranceMet
rand018,0.0,Strict,0,1.0e-04,0,EventLocationLimited,Converged,EventLocationLimited,1,2.2051921431867036,1.2593773e-09,1.404685,0.716723,0.686831,0.000020,0.009273,0.563095,0.000527,62,62,4,0,0,1,4,ToleranceMet,ToleranceMet,FiniteUncertified,ToleranceMet,ToleranceMet,ToleranceMet,ToleranceMet,EventLocationLimited,ToleranceMet,ToleranceMet
rand018,0.0,Strict,1,1.0e-03,0,EventLocationLimited,Converged,EventLocationLimited,1,2.2050886634113778,0.0006847479,1.553703,0.634066,0.826212,0.000345,0.020047,0.597251,0.004615,62,62,4,0,0,1,4,ToleranceMet,ToleranceMet,FiniteUncertified,ToleranceMet,ToleranceMet,ToleranceMet,ToleranceMet,EventLocationLimited,ToleranceMet,ToleranceMet
rand018,0.0,Strict,1,1.0e-04,0,EventLocationLimited,Converged,EventLocationLimited,1,2.205088663413719,1.2592237e-09,1.369362,0.603742,0.764347,0.000029,0.009230,0.568936,0.000527,62,62,4,0,0,1,4,ToleranceMet,ToleranceMet,FiniteUncertified,ToleranceMet,ToleranceMet,ToleranceMet,ToleranceMet,EventLocationLimited,ToleranceMet,ToleranceMet
rand018,0.0,ValueFirst,0,1.0e-03,0,Converged,Converged,EventLocationLimited,1,2.2051921431843593,0.00068480734,1.420410,0.713249,0.705431,0.000020,0.010615,0.572840,0.001636,62,62,4,0,0,1,4,ToleranceMet,ToleranceMet,FiniteUncertified,ToleranceMet,ToleranceMet,ToleranceMet,ToleranceMet,EventLocationLimited,ToleranceMet,ToleranceMet
rand018,0.0,ValueFirst,0,1.0e-04,0,Converged,Converged,EventLocationLimited,1,2.2051921431867036,1.2593773e-09,1.455798,0.752405,0.702224,0.000022,0.009454,0.577675,0.000539,62,62,4,0,0,1,4,ToleranceMet,ToleranceMet,FiniteUncertified,ToleranceMet,ToleranceMet,ToleranceMet,ToleranceMet,EventLocationLimited,ToleranceMet,ToleranceMet
rand018,0.0,ValueFirst,1,1.0e-03,0,Converged,Converged,EventLocationLimited,1,2.2050886634113778,0.0006847479,1.378958,0.595510,0.780155,0.000020,0.009440,0.586567,0.000948,62,62,4,0,0,1,4,ToleranceMet,ToleranceMet,FiniteUncertified,ToleranceMet,ToleranceMet,ToleranceMet,ToleranceMet,EventLocationLimited,ToleranceMet,ToleranceMet
rand018,0.0,ValueFirst,1,1.0e-04,0,Converged,Converged,EventLocationLimited,1,2.205088663413719,1.2592237e-09,1.350368,0.598106,0.751145,0.000021,0.008944,0.561621,0.000502,62,62,4,0,0,1,4,ToleranceMet,ToleranceMet,FiniteUncertified,ToleranceMet,ToleranceMet,ToleranceMet,ToleranceMet,EventLocationLimited,ToleranceMet,ToleranceMet
rand018,0.5,None,0,1.0e-03,0,Converged,Converged,Converged,1,2.2051890413061264,3.1721921e-08,1.397606,0.705463,0.691510,0.000021,0.009265,0.559031,0.001069,62,62,4,0,0,1,4,NotRequested,NotRequested,NotRequested,NotRequested,NotRequested,NotRequested,NotRequested,NotRequested,NotRequested,NotRequested
rand018,0.5,None,0,1.0e-04,0,Converged,Converged,Converged,1,2.2051890413061264,3.1721921e-08,1.392462,0.712111,0.679193,0.000023,0.010132,0.554471,0.000518,62,62,4,0,0,1,4,NotRequested,NotRequested,NotRequested,NotRequested,NotRequested,NotRequested,NotRequested,NotRequested,NotRequested,NotRequested
rand018,0.5,None,1,1.0e-03,0,Converged,Converged,Converged,1,2.2050855620348004,3.171968e-08,1.362034,0.602180,0.758718,0.000022,0.009530,0.570662,0.000589,62,62,4,0,0,1,4,NotRequested,NotRequested,NotRequested,NotRequested,NotRequested,NotRequested,NotRequested,NotRequested,NotRequested,NotRequested
rand018,0.5,None,1,1.0e-04,0,Converged,Converged,Converged,1,2.2050855620348004,3.171968e-08,1.354993,0.607318,0.746559,0.000029,0.008922,0.563787,0.000533,62,62,4,0,0,1,4,NotRequested,NotRequested,NotRequested,NotRequested,NotRequested,NotRequested,NotRequested,NotRequested,NotRequested,NotRequested
rand018,0.5,Strict,0,1.0e-03,0,EventLocationLimited,Converged,EventLocationLimited,1,2.2051890413061264,3.1721922e-08,1.390337,0.663142,0.726467,0.000026,0.008693,0.545524,0.001011,62,62,4,0,0,1,4,ToleranceMet,ToleranceMet,FiniteUncertified,ToleranceMet,ToleranceMet,ToleranceMet,ToleranceMet,EventLocationLimited,ToleranceMet,ToleranceMet
rand018,0.5,Strict,0,1.0e-04,0,EventLocationLimited,Converged,EventLocationLimited,1,2.2051890413061264,3.1721922e-08,1.435513,0.709343,0.725066,0.000024,0.009229,0.551920,0.000459,62,62,4,0,0,1,4,ToleranceMet,ToleranceMet,FiniteUncertified,ToleranceMet,ToleranceMet,ToleranceMet,ToleranceMet,EventLocationLimited,ToleranceMet,ToleranceMet
rand018,0.5,Strict,1,1.0e-03,0,EventLocationLimited,Converged,EventLocationLimited,1,2.2050855620348004,3.171968e-08,2.066865,0.849504,1.101506,0.000468,0.025629,0.772013,0.003804,62,62,4,0,0,1,4,ToleranceMet,ToleranceMet,FiniteUncertified,ToleranceMet,ToleranceMet,ToleranceMet,ToleranceMet,EventLocationLimited,ToleranceMet,ToleranceMet
rand018,0.5,Strict,1,1.0e-04,0,EventLocationLimited,Converged,EventLocationLimited,1,2.2050855620348004,3.171968e-08,1.811848,0.785329,1.024796,0.000041,0.012026,0.723726,0.000657,62,62,4,0,0,1,4,ToleranceMet,ToleranceMet,FiniteUncertified,ToleranceMet,ToleranceMet,ToleranceMet,ToleranceMet,EventLocationLimited,ToleranceMet,ToleranceMet
rand018,0.5,ValueFirst,0,1.0e-03,0,Converged,Converged,EventLocationLimited,1,2.2051890413061264,3.1721922e-08,1.852413,0.892850,0.956197,0.000036,0.012794,0.716462,0.001842,62,62,4,0,0,1,4,ToleranceMet,ToleranceMet,FiniteUncertified,ToleranceMet,ToleranceMet,ToleranceMet,ToleranceMet,EventLocationLimited,ToleranceMet,ToleranceMet
rand018,0.5,ValueFirst,0,1.0e-04,0,Converged,Converged,EventLocationLimited,1,2.2051890413061264,3.1721922e-08,1.815546,0.902191,0.911918,0.000024,0.011464,0.693306,0.000703,62,62,4,0,0,1,4,ToleranceMet,ToleranceMet,FiniteUncertified,ToleranceMet,ToleranceMet,ToleranceMet,ToleranceMet,EventLocationLimited,ToleranceMet,ToleranceMet
rand018,0.5,ValueFirst,1,1.0e-03,0,Converged,Converged,EventLocationLimited,1,2.2050855620348004,3.171968e-08,1.789359,0.754309,1.032288,0.000034,0.011435,0.714765,0.000653,62,62,4,0,0,1,4,ToleranceMet,ToleranceMet,FiniteUncertified,ToleranceMet,ToleranceMet,ToleranceMet,ToleranceMet,EventLocationLimited,ToleranceMet,ToleranceMet
rand018,0.5,ValueFirst,1,1.0e-04,0,Converged,Converged,EventLocationLimited,1,2.2050855620348004,3.171968e-08,1.749381,0.754889,0.993097,0.000022,0.011250,0.702691,0.000609,62,62,4,0,0,1,4,ToleranceMet,ToleranceMet,FiniteUncertified,ToleranceMet,ToleranceMet,ToleranceMet,ToleranceMet,EventLocationLimited,ToleranceMet,ToleranceMet
rand019,0.0,None,0,1.0e-03,0,Converged,Converged,Converged,1,1.9896879913079712,0.00066840804,1.117873,0.885133,0.231996,0.000035,0.006870,0.109281,0.004982,53,53,6,2,2,1,4,NotRequested,NotRequested,NotRequested,NotRequested,NotRequested,NotRequested,NotRequested,NotRequested,NotRequested,NotRequested
rand019,0.0,None,0,1.0e-04,0,Converged,Converged,Converged,1,1.9896879912803827,2.8050215e-09,1.121056,0.878385,0.241374,0.000044,0.005909,0.097512,0.001141,69,69,6,2,2,1,4,NotRequested,NotRequested,NotRequested,NotRequested,NotRequested,NotRequested,NotRequested,NotRequested,NotRequested,NotRequested
rand019,0.0,None,1,1.0e-03,0,Converged,Converged,Converged,1,1.9894641957057997,0.00066823187,0.836344,0.648473,0.186447,0.000026,0.004807,0.078828,0.002268,53,53,6,2,2,1,4,NotRequested,NotRequested,NotRequested,NotRequested,NotRequested,NotRequested,NotRequested,NotRequested,NotRequested,NotRequested
rand019,0.0,None,1,1.0e-04,0,Converged,Converged,Converged,1,1.9894641956782255,2.8045395e-09,0.827326,0.618003,0.208176,0.000021,0.004726,0.075271,0.000733,69,69,6,2,2,1,4,NotRequested,NotRequested,NotRequested,NotRequested,NotRequested,NotRequested,NotRequested,NotRequested,NotRequested,NotRequested
rand019,0.0,Strict,0,1.0e-03,0,EventLocationLimited,Converged,EventLocationLimited,1,1.9896879913079712,0.00066840804,1.097413,0.819694,0.276943,0.000036,0.006063,0.088661,0.001816,77,77,6,2,2,1,4,ToleranceMet,ToleranceMet,FiniteUncertified,ToleranceMet,ToleranceMet,ToleranceMet,ToleranceMet,EventLocationLimited,ToleranceMet,ToleranceMet
rand019,0.0,Strict,0,1.0e-04,0,EventLocationLimited,Converged,EventLocationLimited,1,1.9896879912803827,2.8050215e-09,1.039765,0.823416,0.215078,0.000028,0.004664,0.077342,0.000749,77,77,6,2,2,1,4,ToleranceMet,ToleranceMet,FiniteUncertified,ToleranceMet,ToleranceMet,ToleranceMet,ToleranceMet,EventLocationLimited,ToleranceMet,ToleranceMet
rand019,0.0,Strict,1,1.0e-03,0,EventLocationLimited,Converged,EventLocationLimited,1,1.9894641957057997,0.00066823187,1.086919,0.666082,0.323916,0.000376,0.008333,0.130392,0.005663,77,77,6,2,2,1,4,ToleranceMet,ToleranceMet,FiniteUncertified,ToleranceMet,ToleranceMet,ToleranceMet,ToleranceMet,EventLocationLimited,ToleranceMet,ToleranceMet
rand019,0.0,Strict,1,1.0e-04,0,EventLocationLimited,Converged,EventLocationLimited,1,1.9894641956782255,2.8045395e-09,0.811058,0.566088,0.243501,0.000028,0.004614,0.079685,0.000814,77,77,6,2,2,1,4,ToleranceMet,ToleranceMet,FiniteUncertified,ToleranceMet,ToleranceMet,ToleranceMet,ToleranceMet,EventLocationLimited,ToleranceMet,ToleranceMet
rand019,0.0,ValueFirst,0,1.0e-03,0,Converged,Converged,EventLocationLimited,1,1.9896879913079712,0.00066840804,0.935650,0.702352,0.231688,0.000024,0.011845,0.075949,0.001772,77,77,6,2,2,1,4,ToleranceMet,ToleranceMet,FiniteUncertified,ToleranceMet,ToleranceMet,ToleranceMet,ToleranceMet,EventLocationLimited,ToleranceMet,ToleranceMet
rand019,0.0,ValueFirst,0,1.0e-04,0,Converged,Converged,EventLocationLimited,1,1.9896879912803827,2.8050215e-09,0.914789,0.696439,0.217082,0.000020,0.004682,0.079734,0.000764,77,77,6,2,2,1,4,ToleranceMet,ToleranceMet,FiniteUncertified,ToleranceMet,ToleranceMet,ToleranceMet,ToleranceMet,EventLocationLimited,ToleranceMet,ToleranceMet
rand019,0.0,ValueFirst,1,1.0e-03,0,Converged,Converged,EventLocationLimited,1,1.9894641957057997,0.00066823187,0.831307,0.571066,0.257036,0.000228,0.004797,0.084359,0.003772,77,77,6,2,2,1,4,ToleranceMet,ToleranceMet,FiniteUncertified,ToleranceMet,ToleranceMet,ToleranceMet,ToleranceMet,EventLocationLimited,ToleranceMet,ToleranceMet
rand019,0.0,ValueFirst,1,1.0e-04,0,Converged,Converged,EventLocationLimited,1,1.9894641956782255,2.8045395e-09,0.797617,0.559487,0.236915,0.000033,0.004514,0.074178,0.000768,77,77,6,2,2,1,4,ToleranceMet,ToleranceMet,FiniteUncertified,ToleranceMet,ToleranceMet,ToleranceMet,ToleranceMet,EventLocationLimited,ToleranceMet,ToleranceMet
rand019,0.5,None,0,1.0e-03,0,Converged,Converged,Converged,1,1.9896271005530604,7.003135e-08,0.926634,0.700192,0.225805,0.000021,0.005044,0.076919,0.001601,69,69,6,2,2,1,4,NotRequested,NotRequested,NotRequested,NotRequested,NotRequested,NotRequested,NotRequested,NotRequested,NotRequested,NotRequested
rand019,0.5,None,0,1.0e-04,0,Converged,Converged,Converged,1,1.9896271005530604,7.003135e-08,0.904373,0.700646,0.202625,0.000036,0.004600,0.072000,0.000730,69,69,6,2,2,1,4,NotRequested,NotRequested,NotRequested,NotRequested,NotRequested,NotRequested,NotRequested,NotRequested,NotRequested,NotRequested
rand019,0.5,None,1,1.0e-03,0,Converged,Converged,Converged,1,1.9894033296124349,7.0013459e-08,0.812470,0.572928,0.238351,0.000028,0.004629,0.074578,0.001957,69,69,6,2,2,1,4,NotRequested,NotRequested,NotRequested,NotRequested,NotRequested,NotRequested,NotRequested,NotRequested,NotRequested,NotRequested
rand019,0.5,None,1,1.0e-04,0,Converged,Converged,Converged,1,1.9894033296124349,7.0013459e-08,0.871968,0.612086,0.258583,0.000029,0.005793,0.084509,0.000745,69,69,6,2,2,1,4,NotRequested,NotRequested,NotRequested,NotRequested,NotRequested,NotRequested,NotRequested,NotRequested,NotRequested,NotRequested
rand019,0.5,Strict,0,1.0e-03,0,EventLocationLimited,Converged,EventLocationLimited,1,1.9896271005530604,7.003135e-08,1.049722,0.715030,0.334019,0.000025,0.004997,0.073718,0.001516,77,77,6,2,2,1,4,ToleranceMet,ToleranceMet,FiniteUncertified,ToleranceMet,ToleranceMet,ToleranceMet,ToleranceMet,EventLocationLimited,ToleranceMet,ToleranceMet
rand019,0.5,Strict,0,1.0e-04,0,EventLocationLimited,Converged,EventLocationLimited,1,1.9896271005530604,7.003135e-08,1.014686,0.714139,0.299333,0.000020,0.004555,0.074604,0.000766,77,77,6,2,2,1,4,ToleranceMet,ToleranceMet,FiniteUncertified,ToleranceMet,ToleranceMet,ToleranceMet,ToleranceMet,EventLocationLimited,ToleranceMet,ToleranceMet
rand019,0.5,Strict,1,1.0e-03,0,EventLocationLimited,Converged,EventLocationLimited,1,1.9894033296124349,7.0013459e-08,1.203025,0.679079,0.419978,0.000374,0.007740,0.134743,0.004952,77,77,6,2,2,1,4,ToleranceMet,ToleranceMet,FiniteUncertified,ToleranceMet,ToleranceMet,ToleranceMet,ToleranceMet,EventLocationLimited,ToleranceMet,ToleranceMet
rand019,0.5,Strict,1,1.0e-04,0,EventLocationLimited,Converged,EventLocationLimited,1,1.9894033296124349,7.0013459e-08,1.019154,0.682692,0.334977,0.000022,0.004803,0.080737,0.000741,77,77,6,2,2,1,4,ToleranceMet,ToleranceMet,FiniteUncertified,ToleranceMet,ToleranceMet,ToleranceMet,ToleranceMet,EventLocationLimited,ToleranceMet,ToleranceMet
rand019,0.5,ValueFirst,0,1.0e-03,0,Converged,Converged,EventLocationLimited,1,1.9896271005530604,7.003135e-08,1.070834,0.755088,0.313920,0.000028,0.005517,0.078386,0.001986,77,77,6,2,2,1,4,ToleranceMet,ToleranceMet,FiniteUncertified,ToleranceMet,ToleranceMet,ToleranceMet,ToleranceMet,EventLocationLimited,ToleranceMet,ToleranceMet
rand019,0.5,ValueFirst,0,1.0e-04,0,Converged,Converged,EventLocationLimited,1,1.9896271005530604,7.003135e-08,1.132025,0.816174,0.314512,0.000028,0.004722,0.074711,0.000763,77,77,6,2,2,1,4,ToleranceMet,ToleranceMet,FiniteUncertified,ToleranceMet,ToleranceMet,ToleranceMet,ToleranceMet,EventLocationLimited,ToleranceMet,ToleranceMet
rand019,0.5,ValueFirst,1,1.0e-03,0,Converged,Converged,EventLocationLimited,1,1.9894033296124349,7.0013459e-08,0.928241,0.580551,0.344687,0.000038,0.004817,0.083424,0.003607,77,77,6,2,2,1,4,ToleranceMet,ToleranceMet,FiniteUncertified,ToleranceMet,ToleranceMet,ToleranceMet,ToleranceMet,EventLocationLimited,ToleranceMet,ToleranceMet
rand019,0.5,ValueFirst,1,1.0e-04,0,Converged,Converged,EventLocationLimited,1,1.9894033296124349,7.0013459e-08,0.976940,0.601955,0.373715,0.000030,0.007289,0.086546,0.000686,77,77,6,2,2,1,4,ToleranceMet,ToleranceMet,FiniteUncertified,ToleranceMet,ToleranceMet,ToleranceMet,ToleranceMet,EventLocationLimited,ToleranceMet,ToleranceMet
rand020,0.0,None,0,1.0e-03,0,Converged,Converged,Converged,1,1.3529871121532944,0.00074776577,1.042168,0.845381,0.196066,0.000029,0.001606,0.103171,0.002149,53,53,6,0,0,1,6,NotRequested,NotRequested,NotRequested,NotRequested,NotRequested,NotRequested,NotRequested,NotRequested,NotRequested,NotRequested
rand020,0.0,None,0,1.0e-04,0,Converged,Converged,Converged,1,1.3529873798198226,1.7219661e-06,1.165375,0.895909,0.268181,0.000035,0.001555,0.122020,0.001088,77,77,6,0,0,1,6,NotRequested,NotRequested,NotRequested,NotRequested,NotRequested,NotRequested,NotRequested,NotRequested,NotRequested,NotRequested
rand020,0.0,None,1,1.0e-03,0,Converged,Converged,Converged,1,1.3529236749791618,0.00074730487,0.461900,0.217539,0.242729,0.000028,0.001545,0.132281,0.001052,53,53,6,0,0,1,6,NotRequested,NotRequested,NotRequested,NotRequested,NotRequested,NotRequested,NotRequested,NotRequested,NotRequested,NotRequested
rand020,0.0,None,1,1.0e-04,0,Converged,Converged,Converged,1,1.3529239424198591,1.7205048e-06,0.469929,0.219042,0.249651,0.000030,0.001144,0.096369,0.000711,77,77,6,0,0,1,6,NotRequested,NotRequested,NotRequested,NotRequested,NotRequested,NotRequested,NotRequested,NotRequested,NotRequested,NotRequested
rand020,0.0,Strict,0,1.0e-03,0,EventLocationLimited,Converged,EventLocationLimited,1,1.3529871121532944,0.00074776577,14.465742,0.870603,13.593767,0.000028,0.001353,0.094707,0.001544,2881,2881,6,0,0,1,6,FiniteUncertified,FiniteUncertified,FiniteUncertified,FiniteUncertified,FiniteUncertified,EventLocationLimited,EventLocationLimited,EventLocationLimited,EventLocationLimited,EventLocationLimited
rand020,0.0,Strict,0,1.0e-04,0,EventLocationLimited,Converged,EventLocationLimited,1,1.3529873798198226,1.7219661e-06,11.521734,0.904790,10.590130,0.000349,0.002489,0.159342,0.004955,2881,2881,6,0,0,1,6,FiniteUncertified,FiniteUncertified,FiniteUncertified,FiniteUncertified,FiniteUncertified,EventLocationLimited,EventLocationLimited,EventLocationLimited,EventLocationLimited,EventLocationLimited
rand020,0.0,Strict,1,1.0e-03,0,EventLocationLimited,Converged,EventLocationLimited,1,1.3529236749791618,0.00074730487,14.983972,0.276401,14.612776,0.000143,0.002130,0.164611,0.003692,2881,2881,6,0,0,1,6,FiniteUncertified,FiniteUncertified,FiniteUncertified,FiniteUncertified,FiniteUncertified,EventLocationLimited,EventLocationLimited,EventLocationLimited,EventLocationLimited,EventLocationLimited
rand020,0.0,Strict,1,1.0e-04,0,EventLocationLimited,Converged,EventLocationLimited,1,1.3529239424198591,1.7205048e-06,14.596515,0.235650,14.335941,0.000193,0.002087,0.116724,0.003675,2881,2881,6,0,0,1,6,FiniteUncertified,FiniteUncertified,FiniteUncertified,FiniteUncertified,FiniteUncertified,EventLocationLimited,EventLocationLimited,EventLocationLimited,EventLocationLimited,EventLocationLimited
rand020,0.0,ValueFirst,0,1.0e-03,0,Converged,Converged,Converged,1,1.3529871121532944,0.00074776577,1.157834,0.842282,0.313240,0.000192,0.003870,0.117139,0.004972,93,93,6,0,0,1,6,ToleranceMet,ToleranceMet,ToleranceMet,ToleranceMet,ToleranceMet,ToleranceMet,ToleranceMet,ToleranceMet,ToleranceMet,ToleranceMet
rand020,0.0,ValueFirst,0,1.0e-04,0,Converged,Converged,Converged,1,1.3529873798198226,1.7219661e-06,1.300047,0.816919,0.481664,0.000030,0.001167,0.104995,0.000978,189,189,6,0,0,1,6,ToleranceMet,ToleranceMet,ToleranceMet,ToleranceMet,ToleranceMet,ToleranceMet,ToleranceMet,ToleranceMet,ToleranceMet,ToleranceMet
rand020,0.0,ValueFirst,1,1.0e-03,0,Converged,Converged,BudgetExceeded,1,1.3529236749791618,0.00074730487,0.536568,0.200082,0.333140,0.000024,0.001204,0.110603,0.000962,93,93,6,0,0,1,6,ToleranceMet,ToleranceMet,FiniteUncertified,ToleranceMet,ToleranceMet,ToleranceMet,ToleranceMet,BudgetExceeded,ToleranceMet,ToleranceMet
rand020,0.0,ValueFirst,1,1.0e-04,0,Converged,Converged,Converged,1,1.3529239424198591,1.7205048e-06,0.739085,0.179047,0.557827,0.000021,0.001213,0.106076,0.000784,189,189,6,0,0,1,6,ToleranceMet,ToleranceMet,ToleranceMet,ToleranceMet,ToleranceMet,ToleranceMet,ToleranceMet,ToleranceMet,ToleranceMet,ToleranceMet
rand020,0.5,None,0,1.0e-03,0,Converged,Converged,Converged,1,1.3529140450809731,0.00053715302,1.049588,0.809386,0.239503,0.000030,0.001583,0.101643,0.001638,69,69,6,0,0,1,6,NotRequested,NotRequested,NotRequested,NotRequested,NotRequested,NotRequested,NotRequested,NotRequested,NotRequested,NotRequested
rand020,0.5,None,0,1.0e-04,0,Converged,Converged,Converged,1,1.3529153270348584,8.5993615e-06,1.023381,0.789787,0.232469,0.000027,0.001139,0.097803,0.000769,77,77,6,0,0,1,6,NotRequested,NotRequested,NotRequested,NotRequested,NotRequested,NotRequested,NotRequested,NotRequested,NotRequested,NotRequested
rand020,0.5,None,1,1.0e-03,0,Converged,Converged,Converged,1,1.3528505899875243,0.0005366999,0.429589,0.172848,0.255624,0.000030,0.001161,0.100385,0.000766,69,69,6,0,0,1,6,NotRequested,NotRequested,NotRequested,NotRequested,NotRequested,NotRequested,NotRequested,NotRequested,NotRequested,NotRequested
rand020,0.5,None,1,1.0e-04,0,Converged,Converged,Converged,1,1.352851870859459,8.5921382e-06,0.437385,0.172211,0.264038,0.000021,0.001066,0.094331,0.000714,77,77,6,0,0,1,6,NotRequested,NotRequested,NotRequested,NotRequested,NotRequested,NotRequested,NotRequested,NotRequested,NotRequested,NotRequested
rand020,0.5,Strict,0,1.0e-03,0,TopologyUnresolved,Converged,TopologyUnresolved,1,1.3529140450809731,0.00053715302,12.810042,0.813639,11.994904,0.000022,0.001389,0.092109,0.001511,2398,2398,6,0,0,1,6,Invalid,Invalid,Invalid,Invalid,Invalid,TopologyUnresolved,TopologyUnresolved,TopologyUnresolved,TopologyUnresolved,TopologyUnresolved
rand020,0.5,Strict,0,1.0e-04,0,TopologyUnresolved,Converged,TopologyUnresolved,1,1.3529153270348584,8.5993615e-06,10.406787,0.871215,9.514966,0.000193,0.002475,0.137412,0.004137,2398,2398,6,0,0,1,6,Invalid,Invalid,Invalid,Invalid,Invalid,TopologyUnresolved,TopologyUnresolved,TopologyUnresolved,TopologyUnresolved,TopologyUnresolved
rand020,0.5,Strict,1,1.0e-03,0,TopologyUnresolved,Converged,Converged,1,1.3528505899875243,0.0005366999,8.835766,0.271536,8.469522,0.000192,0.002584,0.163196,0.004735,1874,1874,6,0,0,1,6,Invalid,Invalid,Invalid,Invalid,Invalid,TopologyUnresolved,TopologyUnresolved,TopologyUnresolved,TopologyUnresolved,TopologyUnresolved
rand020,0.5,Strict,1,1.0e-04,0,TopologyUnresolved,Converged,Converged,1,1.352851870859459,8.5921382e-06,8.679088,0.215309,8.442715,0.000217,0.002249,0.120813,0.002395,1874,1874,6,0,0,1,6,Invalid,Invalid,Invalid,Invalid,Invalid,TopologyUnresolved,TopologyUnresolved,TopologyUnresolved,TopologyUnresolved,TopologyUnresolved
rand020,0.5,ValueFirst,0,1.0e-03,0,Converged,Converged,Converged,1,1.3529140450809731,0.00053715302,1.283589,0.814392,0.466992,0.000207,0.003561,0.111231,0.003018,125,125,6,0,0,1,6,ToleranceMet,ToleranceMet,ToleranceMet,ToleranceMet,ToleranceMet,ToleranceMet,ToleranceMet,ToleranceMet,ToleranceMet,ToleranceMet
rand020,0.5,ValueFirst,0,1.0e-04,0,Converged,Converged,Converged,1,1.3529153270348584,8.5993615e-06,1.425813,0.805842,0.618268,0.000061,0.001158,0.103412,0.000984,189,189,6,0,0,1,6,ToleranceMet,ToleranceMet,ToleranceMet,ToleranceMet,ToleranceMet,ToleranceMet,ToleranceMet,ToleranceMet,ToleranceMet,ToleranceMet
rand020,0.5,ValueFirst,1,1.0e-03,0,Converged,Converged,Converged,1,1.3528505899875243,0.0005366999,0.659225,0.177361,0.478606,0.000041,0.001202,0.107739,0.000870,125,125,6,0,0,1,6,ToleranceMet,ToleranceMet,ToleranceMet,ToleranceMet,ToleranceMet,ToleranceMet,ToleranceMet,ToleranceMet,ToleranceMet,ToleranceMet
rand020,0.5,ValueFirst,1,1.0e-04,0,Converged,Converged,Converged,1,1.352851870859459,8.5921382e-06,0.879986,0.175246,0.702605,0.000020,0.001068,0.111251,0.000812,189,189,6,0,0,1,6,ToleranceMet,ToleranceMet,ToleranceMet,ToleranceMet,ToleranceMet,ToleranceMet,ToleranceMet,ToleranceMet,ToleranceMet,ToleranceMet
rand021,0.0,None,0,1.0e-03,0,Converged,Converged,Converged,1,2.5772087267241406,0.00088805457,1.260851,0.844906,0.415434,0.000021,0.001272,0.343021,0.000963,46,46,4,0,0,1,4,NotRequested,NotRequested,NotRequested,NotRequested,NotRequested,NotRequested,NotRequested,NotRequested,NotRequested,NotRequested
rand021,0.0,None,0,1.0e-04,0,Converged,Converged,Converged,1,2.5772087267296011,4.4921379e-10,1.288398,0.863274,0.424137,0.000021,0.000917,0.333121,0.000554,62,62,4,0,0,1,4,NotRequested,NotRequested,NotRequested,NotRequested,NotRequested,NotRequested,NotRequested,NotRequested,NotRequested,NotRequested
rand021,0.0,None,1,1.0e-03,0,Converged,Converged,Converged,1,2.5771570767240681,0.00088802547,1.066648,0.600581,0.464667,0.000021,0.000805,0.328528,0.000522,46,46,4,0,0,1,4,NotRequested,NotRequested,NotRequested,NotRequested,NotRequested,NotRequested,NotRequested,NotRequested,NotRequested,NotRequested
rand021,0.0,None,1,1.0e-04,0,Converged,Converged,Converged,1,2.5771570767294976,4.4912886e-10,1.112247,0.599859,0.511382,0.000028,0.000780,0.334291,0.000529,62,62,4,0,0,1,4,NotRequested,NotRequested,NotRequested,NotRequested,NotRequested,NotRequested,NotRequested,NotRequested,NotRequested,NotRequested
rand021,0.0,Strict,0,1.0e-03,0,EventLocationLimited,Converged,EventLocationLimited,1,2.5772087267241406,0.00088805457,1.320651,0.875510,0.444608,0.000028,0.001076,0.327150,0.000934,62,62,4,0,0,1,4,FiniteUncertified,FiniteUncertified,FiniteUncertified,FiniteUncertified,ToleranceMet,EventLocationLimited,EventLocationLimited,EventLocationLimited,EventLocationLimited,ToleranceMet
rand021,0.0,Strict,0,1.0e-04,0,EventLocationLimited,Converged,EventLocationLimited,1,2.5772087267296011,4.4921379e-10,1.313028,0.865071,0.446828,0.000021,0.000860,0.334351,0.000574,62,62,4,0,0,1,4,FiniteUncertified,FiniteUncertified,FiniteUncertified,FiniteUncertified,ToleranceMet,EventLocationLimited,EventLocationLimited,EventLocationLimited,EventLocationLimited,ToleranceMet
rand021,0.0,Strict,1,1.0e-03,0,EventLocationLimited,Converged,EventLocationLimited,1,2.5771570767240681,0.00088802547,1.404284,0.705073,0.599745,0.000200,0.002403,0.381346,0.003551,62,62,4,0,0,1,4,FiniteUncertified,FiniteUncertified,FiniteUncertified,FiniteUncertified,ToleranceMet,EventLocationLimited,EventLocationLimited,EventLocationLimited,EventLocationLimited,ToleranceMet
rand021,0.0,Strict,1,1.0e-04,0,EventLocationLimited,Converged,EventLocationLimited,1,2.5771570767294976,4.4912886e-10,1.124113,0.603069,0.519737,0.000021,0.000803,0.326053,0.000523,62,62,4,0,0,1,4,FiniteUncertified,FiniteUncertified,FiniteUncertified,FiniteUncertified,ToleranceMet,EventLocationLimited,EventLocationLimited,EventLocationLimited,EventLocationLimited,ToleranceMet
rand021,0.0,ValueFirst,0,1.0e-03,0,Converged,Converged,EventLocationLimited,1,2.5772087267241406,0.00088805457,1.308206,0.867610,0.439196,0.000020,0.002056,0.326660,0.001024,62,62,4,0,0,1,4,FiniteUncertified,FiniteUncertified,FiniteUncertified,FiniteUncertified,ToleranceMet,EventLocationLimited,EventLocationLimited,EventLocationLimited,EventLocationLimited,ToleranceMet
rand021,0.0,ValueFirst,0,1.0e-04,0,Converged,Converged,EventLocationLimited,1,2.5772087267296011,4.4921379e-10,1.294328,0.866695,0.426473,0.000021,0.000846,0.323742,0.000516,62,62,4,0,0,1,4,FiniteUncertified,FiniteUncertified,FiniteUncertified,FiniteUncertified,ToleranceMet,EventLocationLimited,EventLocationLimited,EventLocationLimited,EventLocationLimited,ToleranceMet
rand021,0.0,ValueFirst,1,1.0e-03,0,Converged,Converged,EventLocationLimited,1,2.5771570767240681,0.00088802547,1.138753,0.600505,0.535101,0.000024,0.000864,0.338899,0.000650,62,62,4,0,0,1,4,FiniteUncertified,FiniteUncertified,FiniteUncertified,FiniteUncertified,ToleranceMet,EventLocationLimited,EventLocationLimited,EventLocationLimited,EventLocationLimited,ToleranceMet
rand021,0.0,ValueFirst,1,1.0e-04,0,Converged,Converged,EventLocationLimited,1,2.5771570767294976,4.4912886e-10,1.145148,0.619157,0.524955,0.000021,0.000779,0.324409,0.000551,62,62,4,0,0,1,4,FiniteUncertified,FiniteUncertified,FiniteUncertified,FiniteUncertified,ToleranceMet,EventLocationLimited,EventLocationLimited,EventLocationLimited,EventLocationLimited,ToleranceMet
rand021,0.5,None,0,1.0e-03,0,Converged,Converged,Converged,1,2.5772085120680908,3.0772036e-08,1.317543,0.865078,0.451840,0.000029,0.001108,0.334163,0.000870,62,62,4,0,0,1,4,NotRequested,NotRequested,NotRequested,NotRequested,NotRequested,NotRequested,NotRequested,NotRequested,NotRequested,NotRequested
rand021,0.5,None,0,1.0e-04,0,Converged,Converged,Converged,1,2.5772085120680908,3.0772036e-08,1.273825,0.852412,0.420290,0.000022,0.000791,0.319134,0.000499,62,62,4,0,0,1,4,NotRequested,NotRequested,NotRequested,NotRequested,NotRequested,NotRequested,NotRequested,NotRequested,NotRequested,NotRequested
rand021,0.5,None,1,1.0e-03,0,Converged,Converged,Converged,1,2.5771568620821981,3.0771256e-08,1.091043,0.574653,0.515332,0.000019,0.001930,0.325996,0.000480,62,62,4,0,0,1,4,NotRequested,NotRequested,NotRequested,NotRequested,NotRequested,NotRequested,NotRequested,NotRequested,NotRequested,NotRequested
rand021,0.5,None,1,1.0e-04,0,Converged,Converged,Converged,1,2.5771568620821981,3.0771256e-08,1.045294,0.548574,0.495685,0.000025,0.000709,0.309764,0.000468,62,62,4,0,0,1,4,NotRequested,NotRequested,NotRequested,NotRequested,NotRequested,NotRequested,NotRequested,NotRequested,NotRequested,NotRequested
rand021,0.5,Strict,0,1.0e-03,0,EventLocationLimited,Converged,EventLocationLimited,1,2.5772085120680908,3.0772036e-08,1.355992,0.859979,0.495469,0.000028,0.001135,0.332149,0.000812,62,62,4,0,0,1,4,FiniteUncertified,FiniteUncertified,FiniteUncertified,FiniteUncertified,ToleranceMet,EventLocationLimited,EventLocationLimited,EventLocationLimited,EventLocationLimited,ToleranceMet
rand021,0.5,Strict,0,1.0e-04,0,EventLocationLimited,Converged,EventLocationLimited,1,2.5772085120680908,3.0772036e-08,1.336349,0.851416,0.483916,0.000028,0.000824,0.330136,0.000519,62,62,4,0,0,1,4,FiniteUncertified,FiniteUncertified,FiniteUncertified,FiniteUncertified,ToleranceMet,EventLocationLimited,EventLocationLimited,EventLocationLimited,EventLocationLimited,ToleranceMet
rand021,0.5,Strict,1,1.0e-03,0,EventLocationLimited,Converged,EventLocationLimited,1,2.5771568620821981,3.0771256e-08,1.450930,0.701586,0.648707,0.000363,0.002708,0.384052,0.003157,62,62,4,0,0,1,4,FiniteUncertified,FiniteUncertified,FiniteUncertified,FiniteUncertified,ToleranceMet,EventLocationLimited,EventLocationLimited,EventLocationLimited,EventLocationLimited,ToleranceMet
rand021,0.5,Strict,1,1.0e-04,0,EventLocationLimited,Converged,EventLocationLimited,1,2.5771568620821981,3.0771256e-08,1.174688,0.604532,0.568968,0.000028,0.000808,0.330801,0.000552,62,62,4,0,0,1,4,FiniteUncertified,FiniteUncertified,FiniteUncertified,FiniteUncertified,ToleranceMet,EventLocationLimited,EventLocationLimited,EventLocationLimited,EventLocationLimited,ToleranceMet
rand021,0.5,ValueFirst,0,1.0e-03,0,Converged,Converged,EventLocationLimited,1,2.5772085120680908,3.0772036e-08,1.356851,0.863163,0.491832,0.000021,0.001642,0.334361,0.000932,62,62,4,0,0,1,4,FiniteUncertified,FiniteUncertified,FiniteUncertified,FiniteUncertified,ToleranceMet,EventLocationLimited,EventLocationLimited,EventLocationLimited,EventLocationLimited,ToleranceMet
rand021,0.5,ValueFirst,0,1.0e-04,0,Converged,Converged,EventLocationLimited,1,2.5772085120680908,3.0772036e-08,1.362833,0.867056,0.494611,0.000021,0.001725,0.330463,0.000526,62,62,4,0,0,1,4,FiniteUncertified,FiniteUncertified,FiniteUncertified,FiniteUncertified,ToleranceMet,EventLocationLimited,EventLocationLimited,EventLocationLimited,EventLocationLimited,ToleranceMet
rand021,0.5,ValueFirst,1,1.0e-03,0,Converged,Converged,EventLocationLimited,1,2.5771568620821981,3.0771256e-08,1.186448,0.605494,0.578755,0.000043,0.000899,0.337240,0.000561,62,62,4,0,0,1,4,FiniteUncertified,FiniteUncertified,FiniteUncertified,FiniteUncertified,ToleranceMet,EventLocationLimited,EventLocationLimited,EventLocationLimited,EventLocationLimited,ToleranceMet
rand021,0.5,ValueFirst,1,1.0e-04,0,Converged,Converged,EventLocationLimited,1,2.5771568620821981,3.0771256e-08,1.207573,0.626548,0.579932,0.000028,0.000853,0.331389,0.000517,62,62,4,0,0,1,4,FiniteUncertified,FiniteUncertified,FiniteUncertified,FiniteUncertified,ToleranceMet,EventLocationLimited,EventLocationLimited,EventLocationLimited,EventLocationLimited,ToleranceMet
rand022,0.0,None,0,1.0e-03,0,Converged,Converged,Converged,1,4.275714537596083,0.0019672602,1.128027,0.961489,0.165922,0.000033,0.001410,0.079899,0.002208,46,46,4,0,0,1,4,NotRequested,NotRequested,NotRequested,NotRequested,NotRequested,NotRequested,NotRequested,NotRequested,NotRequested,NotRequested
rand022,0.0,None,0,1.0e-04,0,Converged,Converged,Converged,1,4.2757145375619867,6.9116981e-09,1.154893,0.981974,0.171898,0.000021,0.000933,0.070996,0.000567,62,62,4,0,0,1,4,NotRequested,NotRequested,NotRequested,NotRequested,NotRequested,NotRequested,NotRequested,NotRequested,NotRequested,NotRequested
rand022,0.0,None,1,1.0e-03,0,Converged,Converged,Converged,1,4.2761865424781149,0.0019675686,0.737329,0.568463,0.167543,0.000030,0.000921,0.070653,0.000524,46,46,4,0,0,1,4,NotRequested,NotRequested,NotRequested,NotRequested,NotRequested,NotRequested,NotRequested,NotRequested,NotRequested,NotRequested
rand022,0.0,None,1,1.0e-04,0,Converged,Converged,Converged,1,4.2761865424439911,6.9130023e-09,0.743559,0.555476,0.187026,0.000021,0.000844,0.064364,0.000464,62,62,4,0,0,1,4,NotRequested,NotRequested,NotRequested,NotRequested,NotRequested,NotRequested,NotRequested,NotRequested,NotRequested,NotRequested
rand022,0.0,Strict,0,1.0e-03,0,EventLocationLimited,Converged,EventLocationLimited,1,4.275714537596083,0.0019672602,1.141046,0.942988,0.197397,0.000029,0.001108,0.064885,0.001031,62,62,4,0,0,1,4,ToleranceMet,ToleranceMet,FiniteUncertified,FiniteUncertified,ToleranceMet,ToleranceMet,ToleranceMet,EventLocationLimited,EventLocationLimited,ToleranceMet
rand022,0.0,Strict,0,1.0e-04,0,EventLocationLimited,Converged,EventLocationLimited,1,4.2757145375619867,6.9116981e-09,1.125072,0.937896,0.186074,0.000021,0.000869,0.072130,0.000519,62,62,4,0,0,1,4,ToleranceMet,ToleranceMet,FiniteUncertified,FiniteUncertified,ToleranceMet,ToleranceMet,ToleranceMet,EventLocationLimited,EventLocationLimited,ToleranceMet
rand022,0.0,Strict,1,1.0e-03,0,EventLocationLimited,Converged,EventLocationLimited,1,4.2761865424781149,0.0019675686,1.048256,0.651214,0.295823,0.000208,0.002208,0.119387,0.003665,62,62,4,0,0,1,4,ToleranceMet,ToleranceMet,FiniteUncertified,FiniteUncertified,ToleranceMet,ToleranceMet,ToleranceMet,EventLocationLimited,EventLocationLimited,ToleranceMet
rand022,0.0,Strict,1,1.0e-04,0,EventLocationLimited,Converged,EventLocationLimited,1,4.2761865424439911,6.9130023e-09,0.789509,0.573806,0.214482,0.000028,0.000867,0.070968,0.000519,62,62,4,0,0,1,4,ToleranceMet,ToleranceMet,FiniteUncertified,FiniteUncertified,ToleranceMet,ToleranceMet,ToleranceMet,EventLocationLimited,EventLocationLimited,ToleranceMet
rand022,0.0,ValueFirst,0,1.0e-03,0,Converged,Converged,EventLocationLimited,1,4.275714537596083,0.0019672602,1.132635,0.943506,0.187651,0.000028,0.001778,0.066265,0.001252,62,62,4,0,0,1,4,ToleranceMet,ToleranceMet,FiniteUncertified,FiniteUncertified,ToleranceMet,ToleranceMet,ToleranceMet,EventLocationLimited,EventLocationLimited,ToleranceMet
rand022,0.0,ValueFirst,0,1.0e-04,0,Converged,Converged,EventLocationLimited,1,4.2757145375619867,6.9116981e-09,1.125278,0.938306,0.185857,0.000035,0.000875,0.071733,0.000520,62,62,4,0,0,1,4,ToleranceMet,ToleranceMet,FiniteUncertified,FiniteUncertified,ToleranceMet,ToleranceMet,ToleranceMet,EventLocationLimited,EventLocationLimited,ToleranceMet
rand022,0.0,ValueFirst,1,1.0e-03,0,Converged,Converged,EventLocationLimited,1,4.2761865424781149,0.0019675686,0.808213,0.577873,0.227098,0.000021,0.000876,0.077505,0.000718,62,62,4,0,0,1,4,ToleranceMet,ToleranceMet,FiniteUncertified,FiniteUncertified,ToleranceMet,ToleranceMet,ToleranceMet,EventLocationLimited,EventLocationLimited,ToleranceMet
rand022,0.0,ValueFirst,1,1.0e-04,0,Converged,Converged,EventLocationLimited,1,4.2761865424439911,6.9130023e-09,0.805661,0.575638,0.229043,0.000021,0.000885,0.070212,0.000506,62,62,4,0,0,1,4,ToleranceMet,ToleranceMet,FiniteUncertified,FiniteUncertified,ToleranceMet,ToleranceMet,ToleranceMet,EventLocationLimited,EventLocationLimited,ToleranceMet
rand022,0.5,None,0,1.0e-03,0,Converged,Converged,Converged,1,4.2756631923194997,1.212934e-07,1.156143,0.961424,0.194029,0.000021,0.001199,0.066936,0.000998,62,62,4,0,0,1,4,NotRequested,NotRequested,NotRequested,NotRequested,NotRequested,NotRequested,NotRequested,NotRequested,NotRequested,NotRequested
rand022,0.5,None,0,1.0e-04,0,Converged,Converged,Converged,1,4.2756631923194997,1.212934e-07,1.137823,0.953010,0.183706,0.000036,0.000899,0.069697,0.000618,62,62,4,0,0,1,4,NotRequested,NotRequested,NotRequested,NotRequested,NotRequested,NotRequested,NotRequested,NotRequested,NotRequested,NotRequested
rand022,0.5,None,1,1.0e-03,0,Converged,Converged,Converged,1,4.2761351796802032,1.2131819e-07,0.768745,0.560973,0.206683,0.000020,0.000865,0.067353,0.000565,62,62,4,0,0,1,4,NotRequested,NotRequested,NotRequested,NotRequested,NotRequested,NotRequested,NotRequested,NotRequested,NotRequested,NotRequested
rand022,0.5,None,1,1.0e-04,0,Converged,Converged,Converged,1,4.2761351796802032,1.2131819e-07,0.751593,0.550834,0.199753,0.000032,0.000822,0.063118,0.000457,62,62,4,0,0,1,4,NotRequested,NotRequested,NotRequested,NotRequested,NotRequested,NotRequested,NotRequested,NotRequested,NotRequested,NotRequested
rand022,0.5,Strict,0,1.0e-03,0,EventLocationLimited,Converged,EventLocationLimited,1,4.2756631923194997,1.212934e-07,1.204555,0.950982,0.252946,0.000029,0.001188,0.068705,0.001116,62,62,4,0,0,1,4,ToleranceMet,ToleranceMet,FiniteUncertified,FiniteUncertified,ToleranceMet,ToleranceMet,ToleranceMet,EventLocationLimited,EventLocationLimited,ToleranceMet
rand022,0.5,Strict,0,1.0e-04,0,EventLocationLimited,Converged,EventLocationLimited,1,4.2756631923194997,1.212934e-07,1.162474,0.933681,0.227706,0.000029,0.000863,0.065920,0.000510,62,62,4,0,0,1,4,ToleranceMet,ToleranceMet,FiniteUncertified,FiniteUncertified,ToleranceMet,ToleranceMet,ToleranceMet,EventLocationLimited,EventLocationLimited,ToleranceMet
rand022,0.5,Strict,1,1.0e-03,0,EventLocationLimited,Converged,EventLocationLimited,1,4.2761351796802032,1.2131819e-07,1.125248,0.669861,0.345441,0.000421,0.002710,0.128496,0.003081,62,62,4,0,0,1,4,ToleranceMet,ToleranceMet,FiniteUncertified,FiniteUncertified,ToleranceMet,ToleranceMet,ToleranceMet,EventLocationLimited,EventLocationLimited,ToleranceMet
rand022,0.5,Strict,1,1.0e-04,0,EventLocationLimited,Converged,EventLocationLimited,1,4.2761351796802032,1.2131819e-07,0.823061,0.558226,0.263631,0.000030,0.000851,0.076227,0.000472,62,62,4,0,0,1,4,ToleranceMet,ToleranceMet,FiniteUncertified,FiniteUncertified,ToleranceMet,ToleranceMet,ToleranceMet,EventLocationLimited,EventLocationLimited,ToleranceMet
rand022,0.5,ValueFirst,0,1.0e-03,0,Converged,Converged,EventLocationLimited,1,4.2756631923194997,1.212934e-07,1.191204,0.943142,0.246559,0.000029,0.002129,0.071844,0.001098,62,62,4,0,0,1,4,ToleranceMet,ToleranceMet,FiniteUncertified,FiniteUncertified,ToleranceMet,ToleranceMet,ToleranceMet,EventLocationLimited,EventLocationLimited,ToleranceMet
rand022,0.5,ValueFirst,0,1.0e-04,0,Converged,Converged,EventLocationLimited,1,4.2756631923194997,1.212934e-07,1.177436,0.953312,0.222981,0.000029,0.000881,0.065699,0.000500,62,62,4,0,0,1,4,ToleranceMet,ToleranceMet,FiniteUncertified,FiniteUncertified,ToleranceMet,ToleranceMet,ToleranceMet,EventLocationLimited,EventLocationLimited,ToleranceMet
rand022,0.5,ValueFirst,1,1.0e-03,0,Converged,Converged,EventLocationLimited,1,4.2761351796802032,1.2131819e-07,0.855202,0.571996,0.280067,0.000042,0.001018,0.080174,0.000621,62,62,4,0,0,1,4,ToleranceMet,ToleranceMet,FiniteUncertified,FiniteUncertified,ToleranceMet,ToleranceMet,ToleranceMet,EventLocationLimited,EventLocationLimited,ToleranceMet
rand022,0.5,ValueFirst,1,1.0e-04,0,Converged,Converged,EventLocationLimited,1,4.2761351796802032,1.2131819e-07,0.835644,0.574757,0.259761,0.000022,0.000863,0.069259,0.000508,62,62,4,0,0,1,4,ToleranceMet,ToleranceMet,FiniteUncertified,FiniteUncertified,ToleranceMet,ToleranceMet,ToleranceMet,EventLocationLimited,EventLocationLimited,ToleranceMet
rand023,0.0,None,0,1.0e-03,0,Converged,Converged,Converged,1,2.7812379933850973,1.3774443e-07,0.977598,0.801265,0.175683,0.000021,0.001780,0.075716,0.002697,62,62,4,0,0,1,4,NotRequested,NotRequested,NotRequested,NotRequested,NotRequested,NotRequested,NotRequested,NotRequested,NotRequested,NotRequested
rand023,0.0,None,0,1.0e-04,0,Converged,Converged,Converged,1,2.7812379933850973,1.3774443e-07,0.906020,0.747969,0.156951,0.000021,0.001024,0.072007,0.000561,62,62,4,0,0,1,4,NotRequested,NotRequested,NotRequested,NotRequested,NotRequested,NotRequested,NotRequested,NotRequested,NotRequested,NotRequested
rand023,0.0,None,1,1.0e-03,0,Converged,Converged,Converged,1,2.7788304409119919,1.3749935e-07,0.750993,0.575867,0.173723,0.000021,0.000984,0.074113,0.000489,62,62,4,0,0,1,4,NotRequested,NotRequested,NotRequested,NotRequested,NotRequested,NotRequested,NotRequested,NotRequested,NotRequested,NotRequested
rand023,0.0,None,1,1.0e-04,0,Converged,Converged,Converged,1,2.7788304409119919,1.3749935e-07,0.733948,0.557902,0.174917,0.000022,0.000904,0.075145,0.000487,62,62,4,0,0,1,4,NotRequested,NotRequested,NotRequested,NotRequested,NotRequested,NotRequested,NotRequested,NotRequested,NotRequested,NotRequested
rand023,0.0,Strict,0,1.0e-03,0,Converged,Converged,Converged,1,2.7812379933850973,1.3774443e-07,16.158456,0.703086,15.453910,0.000021,0.001142,0.062086,0.000982,3271,3271,4,0,0,1,4,ToleranceMet,ToleranceMet,ToleranceMet,ToleranceMet,ToleranceMet,ToleranceMet,ToleranceMet,ToleranceMet,ToleranceMet,ToleranceMet
rand023,0.0,Strict,0,1.0e-04,0,Converged,Converged,Converged,1,2.7812379933850973,1.3774443e-07,12.300280,0.760298,11.515101,0.000214,0.002777,0.111766,0.007941,3271,3271,4,0,0,1,4,ToleranceMet,ToleranceMet,ToleranceMet,ToleranceMet,ToleranceMet,ToleranceMet,ToleranceMet,ToleranceMet,ToleranceMet,ToleranceMet
rand023,0.0,Strict,1,1.0e-03,0,Converged,Converged,Converged,1,2.7788304409119919,1.3749935e-07,15.682546,0.671331,14.915980,0.000316,0.002667,0.125465,0.003076,3271,3271,4,0,0,1,4,ToleranceMet,ToleranceMet,ToleranceMet,ToleranceMet,ToleranceMet,ToleranceMet,ToleranceMet,ToleranceMet,ToleranceMet,ToleranceMet
rand023,0.0,Strict,1,1.0e-04,0,Converged,Converged,Converged,1,2.7788304409119919,1.3749935e-07,17.222227,0.625121,16.569474,0.000188,0.001412,0.104105,0.001725,3271,3271,4,0,0,1,4,ToleranceMet,ToleranceMet,ToleranceMet,ToleranceMet,ToleranceMet,ToleranceMet,ToleranceMet,ToleranceMet,ToleranceMet,ToleranceMet
rand023,0.0,ValueFirst,0,1.0e-03,0,Converged,Converged,BudgetExceeded,1,2.7812379933850973,1.3774443e-07,1.795721,0.792020,1.001898,0.000193,0.002994,0.099974,0.003941,286,286,4,0,0,1,4,FiniteUncertified,FiniteUncertified,FiniteUncertified,FiniteUncertified,FiniteUncertified,BudgetExceeded,BudgetExceeded,BudgetExceeded,BudgetExceeded,BudgetExceeded
rand023,0.0,ValueFirst,0,1.0e-04,0,Converged,Converged,BudgetExceeded,1,2.7812379933850973,1.3774443e-07,1.675875,0.825400,0.847055,0.000054,0.001370,0.097617,0.000991,286,286,4,0,0,1,4,FiniteUncertified,FiniteUncertified,FiniteUncertified,FiniteUncertified,FiniteUncertified,BudgetExceeded,BudgetExceeded,BudgetExceeded,BudgetExceeded,BudgetExceeded
rand023,0.0,ValueFirst,1,1.0e-03,0,Converged,Converged,BudgetExceeded,1,2.7788304409119919,1.3749935e-07,1.409079,0.598868,0.806517,0.000035,0.000997,0.080103,0.000680,286,286,4,0,0,1,4,FiniteUncertified,FiniteUncertified,FiniteUncertified,ToleranceMet,FiniteUncertified,BudgetExceeded,BudgetExceeded,BudgetExceeded,ToleranceMet,BudgetExceeded
rand023,0.0,ValueFirst,1,1.0e-04,0,Converged,Converged,BudgetExceeded,1,2.7788304409119919,1.3749935e-07,1.397097,0.577714,0.816608,0.000044,0.000987,0.077980,0.000539,286,286,4,0,0,1,4,FiniteUncertified,FiniteUncertified,FiniteUncertified,ToleranceMet,FiniteUncertified,BudgetExceeded,BudgetExceeded,BudgetExceeded,ToleranceMet,BudgetExceeded
rand023,0.5,None,0,1.0e-03,0,Converged,Converged,Converged,1,2.7784364508347243,5.6304919e-07,0.889820,0.702608,0.186616,0.000027,0.001235,0.071238,0.001169,62,62,4,0,0,1,4,NotRequested,NotRequested,NotRequested,NotRequested,NotRequested,NotRequested,NotRequested,NotRequested,NotRequested,NotRequested
rand023,0.5,None,0,1.0e-04,0,Converged,Converged,Converged,1,2.7784364508347243,5.6304919e-07,0.874989,0.703385,0.170478,0.000024,0.000942,0.069580,0.000499,62,62,4,0,0,1,4,NotRequested,NotRequested,NotRequested,NotRequested,NotRequested,NotRequested,NotRequested,NotRequested,NotRequested,NotRequested
rand023,0.5,None,1,1.0e-03,0,Converged,Converged,Converged,1,2.7760368747455022,5.6143328e-07,0.926983,0.698683,0.226949,0.000027,0.001150,0.087373,0.000654,62,62,4,0,0,1,4,NotRequested,NotRequested,NotRequested,NotRequested,NotRequested,NotRequested,NotRequested,NotRequested,NotRequested,NotRequested
rand023,0.5,None,1,1.0e-04,0,Converged,Converged,Converged,1,2.7760368747455022,5.6143328e-07,0.841783,0.634361,0.206278,0.000034,0.001163,0.086110,0.000531,62,62,4,0,0,1,4,NotRequested,NotRequested,NotRequested,NotRequested,NotRequested,NotRequested,NotRequested,NotRequested,NotRequested,NotRequested
rand023,0.5,Strict,0,1.0e-03,0,TopologyUnresolved,Converged,TopologyUnresolved,1,2.7784364508347243,5.6304919e-07,11.572998,0.709197,10.862801,0.000031,0.001311,0.065894,0.000964,2232,2232,4,0,0,1,4,Invalid,Invalid,Invalid,Invalid,Invalid,TopologyUnresolved,TopologyUnresolved,TopologyUnresolved,TopologyUnresolved,TopologyUnresolved
rand023,0.5,Strict,0,1.0e-04,0,TopologyUnresolved,Converged,TopologyUnresolved,1,2.7784364508347243,5.6304919e-07,10.328586,0.755894,9.556033,0.000227,0.002244,0.097455,0.001734,2232,2232,4,0,0,1,4,Invalid,Invalid,Invalid,Invalid,Invalid,TopologyUnresolved,TopologyUnresolved,TopologyUnresolved,TopologyUnresolved,TopologyUnresolved
rand023,0.5,Strict,1,1.0e-03,0,TopologyUnresolved,Converged,TopologyUnresolved,1,2.7760368747455022,5.6143328e-07,11.049078,0.679612,10.269721,0.000367,0.002447,0.124512,0.002933,2232,2232,4,0,0,1,4,Invalid,Invalid,Invalid,Invalid,Invalid,TopologyUnresolved,TopologyUnresolved,TopologyUnresolved,TopologyUnresolved,TopologyUnresolved
rand023,0.5,Strict,1,1.0e-04,0,TopologyUnresolved,Converged,TopologyUnresolved,1,2.7760368747455022,5.6143328e-07,12.849137,0.621613,12.204410,0.000224,0.001417,0.112631,0.002266,2232,2232,4,0,0,1,4,Invalid,Invalid,Invalid,Invalid,Invalid,TopologyUnresolved,TopologyUnresolved,TopologyUnresolved,TopologyUnresolved,TopologyUnresolved
rand023,0.5,ValueFirst,0,1.0e-03,0,Converged,Converged,BudgetExceeded,1,2.7784364508347243,5.6304919e-07,1.777712,0.949853,0.825708,0.000212,0.003353,0.117878,0.003080,190,190,4,0,0,1,4,FiniteUncertified,FiniteUncertified,FiniteUncertified,FiniteUncertified,FiniteUncertified,BudgetExceeded,BudgetExceeded,BudgetExceeded,BudgetExceeded,BudgetExceeded
rand023,0.5,ValueFirst,0,1.0e-04,0,Converged,Converged,BudgetExceeded,1,2.7784364508347243,5.6304919e-07,1.649745,0.883134,0.763860,0.000059,0.001275,0.094858,0.000758,190,190,4,0,0,1,4,FiniteUncertified,FiniteUncertified,FiniteUncertified,FiniteUncertified,FiniteUncertified,BudgetExceeded,BudgetExceeded,BudgetExceeded,BudgetExceeded,BudgetExceeded
rand023,0.5,ValueFirst,1,1.0e-03,0,Converged,Converged,BudgetExceeded,1,2.7760368747455022,5.6143328e-07,1.576445,0.760102,0.812429,0.000048,0.001392,0.102315,0.000775,190,190,4,0,0,1,4,FiniteUncertified,FiniteUncertified,FiniteUncertified,FiniteUncertified,FiniteUncertified,BudgetExceeded,BudgetExceeded,BudgetExceeded,BudgetExceeded,BudgetExceeded
rand023,0.5,ValueFirst,1,1.0e-04,0,Converged,Converged,BudgetExceeded,1,2.7760368747455022,5.6143328e-07,1.532769,0.725920,0.804079,0.000025,0.001199,0.096382,0.000648,190,190,4,0,0,1,4,FiniteUncertified,FiniteUncertified,FiniteUncertified,FiniteUncertified,FiniteUncertified,BudgetExceeded,BudgetExceeded,BudgetExceeded,BudgetExceeded,BudgetExceeded
rand024,0.0,None,0,1.0e-03,0,Converged,Converged,Converged,1,1.8874366866258909,0.00049951944,1.537641,0.959838,0.576911,0.000037,0.007524,0.464694,0.003575,46,46,4,0,0,1,4,NotRequested,NotRequested,NotRequested,NotRequested,NotRequested,NotRequested,NotRequested,NotRequested,NotRequested,NotRequested
rand024,0.0,None,0,1.0e-04,0,Converged,Converged,Converged,1,1.8874366866290111,2.3257614e-10,1.509947,0.957260,0.551368,0.000025,0.005434,0.430553,0.000725,62,62,4,0,0,1,4,NotRequested,NotRequested,NotRequested,NotRequested,NotRequested,NotRequested,NotRequested,NotRequested,NotRequested,NotRequested
rand024,0.0,None,1,1.0e-03,0,Converged,Converged,Converged,1,1.8874373552563828,0.00049951981,1.499259,0.772738,0.724847,0.000027,0.005514,0.433548,0.000732,46,46,4,0,0,1,4,NotRequested,NotRequested,NotRequested,NotRequested,NotRequested,NotRequested,NotRequested,NotRequested,NotRequested,NotRequested
rand024,0.0,None,1,1.0e-04,0,Converged,Converged,Converged,1,1.8874373552595316,2.3263987e-10,1.359398,0.602464,0.755674,0.000029,0.004297,0.371854,0.000505,62,62,4,0,0,1,4,NotRequested,NotRequested,NotRequested,NotRequested,NotRequested,NotRequested,NotRequested,NotRequested,NotRequested,NotRequested
rand024,0.0,Strict,0,1.0e-03,0,EventLocationLimited,Converged,EventLocationLimited,1,1.8874366866258909,0.00049951944,1.289427,0.835689,0.453102,0.000021,0.004409,0.333309,0.001031,62,62,4,0,0,1,4,FiniteUncertified,FiniteUncertified,FiniteUncertified,FiniteUncertified,ToleranceMet,EventLocationLimited,EventLocationLimited,EventLocationLimited,EventLocationLimited,ToleranceMet
rand024,0.0,Strict,0,1.0e-04,0,EventLocationLimited,Converged,EventLocationLimited,1,1.8874366866290111,2.3257614e-10,1.466737,0.891977,0.573345,0.000028,0.005529,0.432575,0.000685,62,62,4,0,0,1,4,FiniteUncertified,FiniteUncertified,FiniteUncertified,FiniteUncertified,ToleranceMet,EventLocationLimited,EventLocationLimited,EventLocationLimited,EventLocationLimited,ToleranceMet
rand024,0.0,Strict,1,1.0e-03,0,EventLocationLimited,Converged,EventLocationLimited,1,1.8874373552563828,0.00049951981,1.800550,0.846411,0.842866,0.000226,0.008414,0.467981,0.003604,62,62,4,0,0,1,4,FiniteUncertified,FiniteUncertified,FiniteUncertified,FiniteUncertified,ToleranceMet,EventLocationLimited,EventLocationLimited,EventLocationLimited,EventLocationLimited,ToleranceMet
rand024,0.0,Strict,1,1.0e-04,0,EventLocationLimited,Converged,EventLocationLimited,1,1.8874373552595316,2.3263987e-10,1.372027,0.701794,0.668764,0.000022,0.004217,0.338288,0.000455,62,62,4,0,0,1,4,FiniteUncertified,FiniteUncertified,FiniteUncertified,FiniteUncertified,ToleranceMet,EventLocationLimited,EventLocationLimited,EventLocationLimited,EventLocationLimited,ToleranceMet
rand024,0.0,ValueFirst,0,1.0e-03,0,Converged,Converged,EventLocationLimited,1,1.8874366866258909,0.00049951944,1.235243,0.764333,0.469247,0.000025,0.005447,0.349979,0.001346,62,62,4,0,0,1,4,FiniteUncertified,FiniteUncertified,FiniteUncertified,FiniteUncertified,ToleranceMet,EventLocationLimited,EventLocationLimited,EventLocationLimited,EventLocationLimited,ToleranceMet
rand024,0.0,ValueFirst,0,1.0e-04,0,Converged,Converged,EventLocationLimited,1,1.8874366866290111,2.3257614e-10,1.163101,0.715690,0.446282,0.000021,0.004123,0.340095,0.000512,62,62,4,0,0,1,4,FiniteUncertified,FiniteUncertified,FiniteUncertified,FiniteUncertified,ToleranceMet,EventLocationLimited,EventLocationLimited,EventLocationLimited,EventLocationLimited,ToleranceMet
rand024,0.0,ValueFirst,1,1.0e-03,0,Converged,Converged,EventLocationLimited,1,1.8874373552563828,0.00049951981,1.374465,0.661113,0.710245,0.000046,0.004246,0.344071,0.000916,62,62,4,0,0,1,4,FiniteUncertified,FiniteUncertified,FiniteUncertified,FiniteUncertified,ToleranceMet,EventLocationLimited,EventLocationLimited,EventLocationLimited,EventLocationLimited,ToleranceMet
rand024,0.0,ValueFirst,1,1.0e-04,0,Converged,Converged,EventLocationLimited,1,1.8874373552595316,2.3263987e-10,1.253320,0.592680,0.659548,0.000047,0.005067,0.343212,0.000596,62,62,4,0,0,1,4,FiniteUncertified,FiniteUncertified,FiniteUncertified,FiniteUncertified,ToleranceMet,EventLocationLimited,EventLocationLimited,EventLocationLimited,EventLocationLimited,ToleranceMet
rand024,0.5,None,0,1.0e-03,0,Converged,Converged,Converged,1,1.8874366262075819,2.2297096e-08,1.234796,0.774838,0.459281,0.000022,0.004556,0.338365,0.000990,62,62,4,0,0,1,4,NotRequested,NotRequested,NotRequested,NotRequested,NotRequested,NotRequested,NotRequested,NotRequested,NotRequested,NotRequested
rand024,0.5,None,0,1.0e-04,0,Converged,Converged,Converged,1,1.8874366262075819,2.2297096e-08,1.196288,0.744095,0.451053,0.000028,0.004161,0.344226,0.000514,62,62,4,0,0,1,4,NotRequested,NotRequested,NotRequested,NotRequested,NotRequested,NotRequested,NotRequested,NotRequested,NotRequested,NotRequested
rand024,0.5,None,1,1.0e-03,0,Converged,Converged,Converged,1,1.8874372948380167,2.2297258e-08,1.265135,0.588796,0.675357,0.000043,0.004128,0.322984,0.000480,62,62,4,0,0,1,4,NotRequested,NotRequested,NotRequested,NotRequested,NotRequested,NotRequested,NotRequested,NotRequested,NotRequested,NotRequested
rand024,0.5,None,1,1.0e-04,0,Converged,Converged,Converged,1,1.8874372948380167,2.2297258e-08,1.296122,0.659969,0.635088,0.000020,0.004181,0.321541,0.000483,62,62,4,0,0,1,4,NotRequested,NotRequested,NotRequested,NotRequested,NotRequested,NotRequested,NotRequested,NotRequested,NotRequested,NotRequested
rand024,0.5,Strict,0,1.0e-03,0,EventLocationLimited,Converged,EventLocationLimited,1,1.8874366262075819,2.2297096e-08,1.511874,0.880555,0.630527,0.000047,0.005798,0.415106,0.001324,62,62,4,0,0,1,4,FiniteUncertified,FiniteUncertified,FiniteUncertified,FiniteUncertified,ToleranceMet,EventLocationLimited,EventLocationLimited,EventLocationLimited,EventLocationLimited,ToleranceMet
rand024,0.5,Strict,0,1.0e-04,0,EventLocationLimited,Converged,EventLocationLimited,1,1.8874366262075819,2.2297096e-08,1.277450,0.775300,0.500997,0.000021,0.004117,0.347019,0.000524,62,62,4,0,0,1,4,FiniteUncertified,FiniteUncertified,FiniteUncertified,FiniteUncertified,ToleranceMet,EventLocationLimited,EventLocationLimited,EventLocationLimited,EventLocationLimited,ToleranceMet
rand024,0.5,Strict,1,1.0e-03,0,EventLocationLimited,Converged,EventLocationLimited,1,1.8874372948380167,2.2297257e-08,1.552761,0.686594,0.773685,0.000261,0.006805,0.386053,0.003814,62,62,4,0,0,1,4,FiniteUncertified,FiniteUncertified,FiniteUncertified,FiniteUncertified,ToleranceMet,EventLocationLimited,EventLocationLimited,EventLocationLimited,EventLocationLimited,ToleranceMet
rand024,0.5,Strict,1,1.0e-04,0,EventLocationLimited,Converged,EventLocationLimited,1,1.8874372948380167,2.2297257e-08,1.286447,0.589607,0.695338,0.000032,0.004097,0.334266,0.000520,62,62,4,0,0,1,4,FiniteUncertified,FiniteUncertified,FiniteUncertified,FiniteUncertified,ToleranceMet,EventLocationLimited,EventLocationLimited,EventLocationLimited,EventLocationLimited,ToleranceMet
rand024,0.5,ValueFirst,0,1.0e-03,0,Converged,Converged,EventLocationLimited,1,1.8874366262075819,2.2297096e-08,1.273483,0.760135,0.511717,0.000028,0.005085,0.348879,0.001049,62,62,4,0,0,1,4,FiniteUncertified,FiniteUncertified,FiniteUncertified,FiniteUncertified,ToleranceMet,EventLocationLimited,EventLocationLimited,EventLocationLimited,EventLocationLimited,ToleranceMet
rand024,0.5,ValueFirst,0,1.0e-04,0,Converged,Converged,EventLocationLimited,1,1.8874366262075819,2.2297096e-08,1.323824,0.788465,0.534230,0.000020,0.004154,0.351292,0.000521,62,62,4,0,0,1,4,FiniteUncertified,FiniteUncertified,FiniteUncertified,FiniteUncertified,ToleranceMet,EventLocationLimited,EventLocationLimited,EventLocationLimited,EventLocationLimited,ToleranceMet
rand024,0.5,ValueFirst,1,1.0e-03,0,Converged,Converged,EventLocationLimited,1,1.8874372948380167,2.2297257e-08,1.495584,0.663451,0.829508,0.000047,0.005322,0.414226,0.000699,62,62,4,0,0,1,4,FiniteUncertified,FiniteUncertified,FiniteUncertified,FiniteUncertified,ToleranceMet,EventLocationLimited,EventLocationLimited,EventLocationLimited,EventLocationLimited,ToleranceMet
rand024,0.5,ValueFirst,1,1.0e-04,0,Converged,Converged,EventLocationLimited,1,1.8874372948380167,2.2297257e-08,1.423252,0.733257,0.688954,0.000024,0.004088,0.322490,0.000463,62,62,4,0,0,1,4,FiniteUncertified,FiniteUncertified,FiniteUncertified,FiniteUncertified,ToleranceMet,EventLocationLimited,EventLocationLimited,EventLocationLimited,EventLocationLimited,ToleranceMet
rand025,0.0,None,0,1.0e-03,0,Converged,Converged,Converged,1,2.5955746595699232,0.0023232562,1.156870,0.398547,0.757664,0.000029,0.001891,0.582853,0.006187,95,95,6,0,0,1,4,NotRequested,NotRequested,NotRequested,NotRequested,NotRequested,NotRequested,NotRequested,NotRequested,NotRequested,NotRequested
rand025,0.0,None,0,1.0e-04,0,Converged,Converged,Converged,1,2.595574557287343,0.00025062951,1.201692,0.364047,0.836046,0.000028,0.001179,0.619837,0.002238,127,127,6,0,0,1,4,NotRequested,NotRequested,NotRequested,NotRequested,NotRequested,NotRequested,NotRequested,NotRequested,NotRequested,NotRequested
rand025,0.0,None,1,1.0e-03,0,Converged,Converged,Converged,1,2.5878149827780632,0.0022467757,1.066432,0.272404,0.791854,0.000028,0.001549,0.637696,0.001845,95,95,6,0,0,1,4,NotRequested,NotRequested,NotRequested,NotRequested,NotRequested,NotRequested,NotRequested,NotRequested,NotRequested,NotRequested
rand025,0.0,None,1,1.0e-04,0,Converged,Converged,Converged,1,2.5878148901528424,4.1701499e-05,0.994513,0.237328,0.755522,0.000036,0.001239,0.554011,0.001542,135,135,6,0,0,1,4,NotRequested,NotRequested,NotRequested,NotRequested,NotRequested,NotRequested,NotRequested,NotRequested,NotRequested,NotRequested
rand025,0.0,Strict,0,1.0e-03,0,EventLocationLimited,Converged,EventLocationLimited,1,2.5955746595699232,0.0023232562,1.140011,0.366039,0.773292,0.000029,0.001511,0.580715,0.003070,95,95,6,0,0,1,4,FiniteUncertified,FiniteUncertified,FiniteUncertified,FiniteUncertified,FiniteUncertified,EventLocationLimited,EventLocationLimited,EventLocationLimited,EventLocationLimited,EventLocationLimited
rand025,0.0,Strict,0,1.0e-04,0,EventLocationLimited,Converged,EventLocationLimited,1,2.595574557287343,0.00025062951,1.151404,0.362929,0.786935,0.000032,0.001142,0.567534,0.001594,127,127,6,0,0,1,4,FiniteUncertified,FiniteUncertified,FiniteUncertified,FiniteUncertified,FiniteUncertified,EventLocationLimited,EventLocationLimited,EventLocationLimited,EventLocationLimited,EventLocationLimited
rand025,0.0,Strict,1,1.0e-03,0,EventLocationLimited,Converged,EventLocationLimited,1,2.5878149827780632,0.0022467757,1.306559,0.320942,0.844514,0.000279,0.002838,0.636059,0.006355,95,95,6,0,0,1,4,FiniteUncertified,FiniteUncertified,FiniteUncertified,FiniteUncertified,FiniteUncertified,EventLocationLimited,EventLocationLimited,EventLocationLimited,EventLocationLimited,EventLocationLimited
rand025,0.0,Strict,1,1.0e-04,0,EventLocationLimited,Converged,EventLocationLimited,1,2.5878148901528424,4.1701499e-05,1.049726,0.246571,0.801103,0.000031,0.001177,0.561755,0.001652,135,135,6,0,0,1,4,FiniteUncertified,FiniteUncertified,FiniteUncertified,FiniteUncertified,FiniteUncertified,EventLocationLimited,EventLocationLimited,EventLocationLimited,EventLocationLimited,EventLocationLimited
rand025,0.0,ValueFirst,0,1.0e-03,0,Converged,Converged,EventLocationLimited,1,2.5955746595699232,0.0023232562,1.128681,0.364279,0.763113,0.000021,0.002372,0.580673,0.003756,95,95,6,0,0,1,4,FiniteUncertified,FiniteUncertified,FiniteUncertified,FiniteUncertified,FiniteUncertified,EventLocationLimited,EventLocationLimited,EventLocationLimited,EventLocationLimited,EventLocationLimited
rand025,0.0,ValueFirst,0,1.0e-04,0,Converged,Converged,EventLocationLimited,1,2.595574557287343,0.00025062951,1.290429,0.388192,0.900546,0.000026,0.001371,0.674628,0.002096,127,127,6,0,0,1,4,FiniteUncertified,FiniteUncertified,FiniteUncertified,FiniteUncertified,FiniteUncertified,EventLocationLimited,EventLocationLimited,EventLocationLimited,EventLocationLimited,EventLocationLimited
rand025,0.0,ValueFirst,1,1.0e-03,0,Converged,Converged,EventLocationLimited,1,2.5878149827780632,0.0022467757,1.024613,0.237085,0.784757,0.000028,0.001157,0.592531,0.001903,95,95,6,0,0,1,4,FiniteUncertified,FiniteUncertified,FiniteUncertified,FiniteUncertified,FiniteUncertified,EventLocationLimited,EventLocationLimited,EventLocationLimited,EventLocationLimited,EventLocationLimited
rand025,0.0,ValueFirst,1,1.0e-04,0,Converged,Converged,EventLocationLimited,1,2.5878148901528424,4.1701499e-05,1.184967,0.237029,0.946240,0.000031,0.001158,0.647158,0.002004,135,135,6,0,0,1,4,FiniteUncertified,FiniteUncertified,FiniteUncertified,FiniteUncertified,FiniteUncertified,EventLocationLimited,EventLocationLimited,EventLocationLimited,EventLocationLimited,EventLocationLimited
rand025,0.5,None,0,1.0e-03,0,Converged,Converged,Converged,1,2.5914836571155955,0.0020064446,1.185270,0.386752,0.797851,0.000029,0.001535,0.586403,0.003034,103,103,6,0,0,1,4,NotRequested,NotRequested,NotRequested,NotRequested,NotRequested,NotRequested,NotRequested,NotRequested,NotRequested,NotRequested
rand025,0.5,None,0,1.0e-04,0,Converged,Converged,Converged,1,2.5914836149097882,3.6629515e-05,1.167675,0.369117,0.796978,0.000029,0.001129,0.568697,0.001652,135,135,6,0,0,1,4,NotRequested,NotRequested,NotRequested,NotRequested,NotRequested,NotRequested,NotRequested,NotRequested,NotRequested,NotRequested
rand025,0.5,None,1,1.0e-03,0,Converged,Converged,Converged,1,2.58376608829496,0.0020141108,1.023873,0.234627,0.787578,0.000030,0.001225,0.589690,0.001898,103,103,6,0,0,1,4,NotRequested,NotRequested,NotRequested,NotRequested,NotRequested,NotRequested,NotRequested,NotRequested,NotRequested,NotRequested
rand025,0.5,None,1,1.0e-04,0,Converged,Converged,Converged,1,2.5837660495191224,3.6673688e-05,1.066298,0.238042,0.826463,0.000038,0.001335,0.578125,0.001608,135,135,6,0,0,1,4,NotRequested,NotRequested,NotRequested,NotRequested,NotRequested,NotRequested,NotRequested,NotRequested,NotRequested,NotRequested
rand025,0.5,Strict,0,1.0e-03,0,EventLocationLimited,Converged,EventLocationLimited,1,2.591483657115595,0.0020064446,1.216386,0.362936,0.852828,0.000045,0.001575,0.564199,0.002929,103,103,6,0,0,1,4,FiniteUncertified,FiniteUncertified,FiniteUncertified,FiniteUncertified,FiniteUncertified,EventLocationLimited,EventLocationLimited,EventLocationLimited,EventLocationLimited,EventLocationLimited
rand025,0.5,Strict,0,1.0e-04,0,EventLocationLimited,Converged,EventLocationLimited,1,2.5914836149097877,3.6629515e-05,1.281766,0.361419,0.918778,0.000031,0.001173,0.567960,0.001674,135,135,6,0,0,1,4,FiniteUncertified,FiniteUncertified,FiniteUncertified,FiniteUncertified,FiniteUncertified,EventLocationLimited,EventLocationLimited,EventLocationLimited,EventLocationLimited,EventLocationLimited
rand025,0.5,Strict,1,1.0e-03,0,EventLocationLimited,Converged,EventLocationLimited,1,2.58376608829496,0.0020141108,1.426100,0.332505,0.961557,0.000194,0.002773,0.626956,0.007059,103,103,6,0,0,1,4,FiniteUncertified,FiniteUncertified,FiniteUncertified,FiniteUncertified,FiniteUncertified,EventLocationLimited,EventLocationLimited,EventLocationLimited,EventLocationLimited,EventLocationLimited
rand025,0.5,Strict,1,1.0e-04,0,EventLocationLimited,Converged,EventLocationLimited,1,2.5837660495191224,3.6673688e-05,1.222471,0.247817,0.972437,0.000021,0.001348,0.581962,0.001884,135,135,6,0,0,1,4,FiniteUncertified,FiniteUncertified,FiniteUncertified,FiniteUncertified,FiniteUncertified,EventLocationLimited,EventLocationLimited,EventLocationLimited,EventLocationLimited,EventLocationLimited
rand025,0.5,ValueFirst,0,1.0e-03,0,Converged,Converged,EventLocationLimited,1,2.591483657115595,0.0020064446,1.226741,0.363448,0.861881,0.000196,0.002961,0.559975,0.004534,103,103,6,0,0,1,4,FiniteUncertified,FiniteUncertified,FiniteUncertified,FiniteUncertified,FiniteUncertified,EventLocationLimited,EventLocationLimited,EventLocationLimited,EventLocationLimited,EventLocationLimited
rand025,0.5,ValueFirst,0,1.0e-04,0,Converged,Converged,EventLocationLimited,1,2.5914836149097877,3.6629515e-05,1.346531,0.364185,0.980613,0.000028,0.001234,0.580854,0.001841,135,135,6,0,0,1,4,FiniteUncertified,FiniteUncertified,FiniteUncertified,FiniteUncertified,FiniteUncertified,EventLocationLimited,EventLocationLimited,EventLocationLimited,EventLocationLimited,EventLocationLimited
rand025,0.5,ValueFirst,1,1.0e-03,0,Converged,Converged,EventLocationLimited,1,2.58376608829496,0.0020141108,1.123401,0.236223,0.884723,0.000027,0.001249,0.584601,0.001979,103,103,6,0,0,1,4,FiniteUncertified,FiniteUncertified,FiniteUncertified,FiniteUncertified,FiniteUncertified,EventLocationLimited,EventLocationLimited,EventLocationLimited,EventLocationLimited,EventLocationLimited
rand025,0.5,ValueFirst,1,1.0e-04,0,Converged,Converged,EventLocationLimited,1,2.5837660495191224,3.6673688e-05,1.169350,0.233854,0.933833,0.000020,0.001108,0.573264,0.001692,135,135,6,0,0,1,4,FiniteUncertified,FiniteUncertified,FiniteUncertified,FiniteUncertified,FiniteUncertified,EventLocationLimited,EventLocationLimited,EventLocationLimited,EventLocationLimited,EventLocationLimited
rand026,0.0,None,0,1.0e-03,0,Converged,Converged,Converged,1,3.0881588461696028,0.0011844089,1.158876,0.734005,0.424160,0.000031,0.001522,0.324650,0.001282,46,46,4,0,0,1,4,NotRequested,NotRequested,NotRequested,NotRequested,NotRequested,NotRequested,NotRequested,NotRequested,NotRequested,NotRequested
rand026,0.0,None,0,1.0e-04,0,Converged,Converged,Converged,1,3.0881588461738767,1.8443339e-09,1.264177,0.775481,0.487570,0.000025,0.001219,0.369773,0.000811,62,62,4,0,0,1,4,NotRequested,NotRequested,NotRequested,NotRequested,NotRequested,NotRequested,NotRequested,NotRequested,NotRequested,NotRequested
rand026,0.0,None,1,1.0e-03,0,Converged,Converged,Converged,1,3.0883994857049437,0.0011845468,1.037602,0.607321,0.428845,0.000021,0.001071,0.320332,0.000645,46,46,4,0,0,1,4,NotRequested,NotRequested,NotRequested,NotRequested,NotRequested,NotRequested,NotRequested,NotRequested,NotRequested,NotRequested
rand026,0.0,None,1,1.0e-04,0,Converged,Converged,Converged,1,3.0883994857092194,1.8446834e-09,1.076947,0.629445,0.446138,0.000026,0.001138,0.298187,0.000582,62,62,4,0,0,1,4,NotRequested,NotRequested,NotRequested,NotRequested,NotRequested,NotRequested,NotRequested,NotRequested,NotRequested,NotRequested
rand026,0.0,Strict,0,1.0e-03,0,EventLocationLimited,Converged,EventLocationLimited,1,3.0881588461696028,0.0011844089,1.184498,0.740012,0.443724,0.000029,0.001297,0.303149,0.000977,62,62,4,0,0,1,4,ToleranceMet,ToleranceMet,FiniteUncertified,FiniteUncertified,ToleranceMet,ToleranceMet,ToleranceMet,EventLocationLimited,EventLocationLimited,ToleranceMet
rand026,0.0,Strict,0,1.0e-04,0,EventLocationLimited,Converged,EventLocationLimited,1,3.0881588461738767,1.8443339e-09,1.182769,0.756171,0.425469,0.000021,0.001036,0.309888,0.000615,62,62,4,0,0,1,4,ToleranceMet,ToleranceMet,FiniteUncertified,FiniteUncertified,ToleranceMet,ToleranceMet,ToleranceMet,EventLocationLimited,EventLocationLimited,ToleranceMet
rand026,0.0,Strict,1,1.0e-03,0,EventLocationLimited,Converged,EventLocationLimited,1,3.0883994857049437,0.0011845468,1.341921,0.672064,0.559897,0.000215,0.002426,0.360638,0.004112,62,62,4,0,0,1,4,ToleranceMet,ToleranceMet,FiniteUncertified,FiniteUncertified,ToleranceMet,ToleranceMet,ToleranceMet,EventLocationLimited,EventLocationLimited,ToleranceMet
rand026,0.0,Strict,1,1.0e-04,0,EventLocationLimited,Converged,EventLocationLimited,1,3.0883994857092194,1.8446834e-09,1.057804,0.573011,0.483449,0.000022,0.000993,0.322185,0.000658,62,62,4,0,0,1,4,ToleranceMet,ToleranceMet,FiniteUncertified,FiniteUncertified,ToleranceMet,ToleranceMet,ToleranceMet,EventLocationLimited,EventLocationLimited,ToleranceMet
rand026,0.0,ValueFirst,0,1.0e-03,0,Converged,Converged,EventLocationLimited,1,3.0881588461696028,0.0011844089,1.180071,0.758090,0.420331,0.000030,0.002293,0.298455,0.001402,62,62,4,0,0,1,4,ToleranceMet,ToleranceMet,FiniteUncertified,FiniteUncertified,ToleranceMet,ToleranceMet,ToleranceMet,EventLocationLimited,EventLocationLimited,ToleranceMet
rand026,0.0,ValueFirst,0,1.0e-04,0,Converged,Converged,EventLocationLimited,1,3.0881588461738767,1.8443339e-09,1.131461,0.730342,0.400044,0.000021,0.000978,0.293426,0.000512,62,62,4,0,0,1,4,ToleranceMet,ToleranceMet,FiniteUncertified,FiniteUncertified,ToleranceMet,ToleranceMet,ToleranceMet,EventLocationLimited,EventLocationLimited,ToleranceMet
rand026,0.0,ValueFirst,1,1.0e-03,0,Converged,Converged,EventLocationLimited,1,3.0883994857049437,0.0011845468,1.054827,0.578529,0.473526,0.000027,0.000981,0.305265,0.000512,62,62,4,0,0,1,4,ToleranceMet,ToleranceMet,FiniteUncertified,FiniteUncertified,ToleranceMet,ToleranceMet,ToleranceMet,EventLocationLimited,EventLocationLimited,ToleranceMet
rand026,0.0,ValueFirst,1,1.0e-04,0,Converged,Converged,EventLocationLimited,1,3.0883994857092194,1.8446834e-09,1.088430,0.587803,0.499467,0.000028,0.000932,0.335101,0.000645,62,62,4,0,0,1,4,ToleranceMet,ToleranceMet,FiniteUncertified,FiniteUncertified,ToleranceMet,ToleranceMet,ToleranceMet,EventLocationLimited,EventLocationLimited,ToleranceMet
rand026,0.5,None,0,1.0e-03,0,Converged,Converged,Converged,1,3.0881549216818134,4.4676198e-08,1.141793,0.713059,0.428060,0.000028,0.001191,0.296362,0.001021,62,62,4,0,0,1,4,NotRequested,NotRequested,NotRequested,NotRequested,NotRequested,NotRequested,NotRequested,NotRequested,NotRequested,NotRequested
rand026,0.5,None,0,1.0e-04,0,Converged,Converged,Converged,1,3.0881549216818134,4.4676198e-08,1.133606,0.725690,0.406788,0.000023,0.001001,0.296219,0.000520,62,62,4,0,0,1,4,NotRequested,NotRequested,NotRequested,NotRequested,NotRequested,NotRequested,NotRequested,NotRequested,NotRequested,NotRequested
rand026,0.5,None,1,1.0e-03,0,Converged,Converged,Converged,1,3.0883955602417412,4.4681129e-08,1.144194,0.642354,0.500673,0.000018,0.000939,0.336783,0.000573,62,62,4,0,0,1,4,NotRequested,NotRequested,NotRequested,NotRequested,NotRequested,NotRequested,NotRequested,NotRequested,NotRequested,NotRequested
rand026,0.5,None,1,1.0e-04,0,Converged,Converged,Converged,1,3.0883955602417412,4.4681129e-08,1.048539,0.589020,0.458407,0.000028,0.000919,0.294944,0.000468,62,62,4,0,0,1,4,NotRequested,NotRequested,NotRequested,NotRequested,NotRequested,NotRequested,NotRequested,NotRequested,NotRequested,NotRequested
rand026,0.5,Strict,0,1.0e-03,0,EventLocationLimited,Converged,EventLocationLimited,1,3.0881549216818134,4.4676198e-08,1.200514,0.736963,0.462915,0.000030,0.001269,0.292594,0.001046,62,62,4,0,0,1,4,ToleranceMet,ToleranceMet,FiniteUncertified,ToleranceMet,ToleranceMet,ToleranceMet,ToleranceMet,EventLocationLimited,ToleranceMet,ToleranceMet
rand026,0.5,Strict,0,1.0e-04,0,EventLocationLimited,Converged,EventLocationLimited,1,3.0881549216818134,4.4676198e-08,1.169833,0.716776,0.452026,0.000020,0.000960,0.296666,0.000548,62,62,4,0,0,1,4,ToleranceMet,ToleranceMet,FiniteUncertified,ToleranceMet,ToleranceMet,ToleranceMet,ToleranceMet,EventLocationLimited,ToleranceMet,ToleranceMet
rand026,0.5,Strict,1,1.0e-03,0,EventLocationLimited,Converged,EventLocationLimited,1,3.0883955602417412,4.4681129e-08,1.359428,0.661330,0.581809,0.000199,0.002470,0.352623,0.003182,62,62,4,0,0,1,4,ToleranceMet,ToleranceMet,FiniteUncertified,ToleranceMet,ToleranceMet,ToleranceMet,ToleranceMet,EventLocationLimited,ToleranceMet,ToleranceMet
rand026,0.5,Strict,1,1.0e-04,0,EventLocationLimited,Converged,EventLocationLimited,1,3.0883955602417412,4.4681129e-08,1.079307,0.574308,0.503718,0.000027,0.000939,0.298237,0.000548,62,62,4,0,0,1,4,ToleranceMet,ToleranceMet,FiniteUncertified,ToleranceMet,ToleranceMet,ToleranceMet,ToleranceMet,EventLocationLimited,ToleranceMet,ToleranceMet
rand026,0.5,ValueFirst,0,1.0e-03,0,Converged,Converged,EventLocationLimited,1,3.0881549216818134,4.4676198e-08,1.224380,0.721618,0.501239,0.000022,0.002052,0.335787,0.001222,62,62,4,0,0,1,4,ToleranceMet,ToleranceMet,FiniteUncertified,ToleranceMet,ToleranceMet,ToleranceMet,ToleranceMet,EventLocationLimited,ToleranceMet,ToleranceMet
rand026,0.5,ValueFirst,0,1.0e-04,0,Converged,Converged,EventLocationLimited,1,3.0881549216818134,4.4676198e-08,1.181538,0.730886,0.449486,0.000021,0.000979,0.293233,0.000557,62,62,4,0,0,1,4,ToleranceMet,ToleranceMet,FiniteUncertified,ToleranceMet,ToleranceMet,ToleranceMet,ToleranceMet,EventLocationLimited,ToleranceMet,ToleranceMet
rand026,0.5,ValueFirst,1,1.0e-03,0,Converged,Converged,EventLocationLimited,1,3.0883955602417412,4.4681129e-08,1.105255,0.586572,0.516544,0.000035,0.000971,0.304068,0.000557,62,62,4,0,0,1,4,ToleranceMet,ToleranceMet,FiniteUncertified,ToleranceMet,ToleranceMet,ToleranceMet,ToleranceMet,EventLocationLimited,ToleranceMet,ToleranceMet
rand026,0.5,ValueFirst,1,1.0e-04,0,Converged,Converged,EventLocationLimited,1,3.0883955602417412,4.4681129e-08,1.086586,0.571644,0.513910,0.000027,0.000876,0.295579,0.000499,62,62,4,0,0,1,4,ToleranceMet,ToleranceMet,FiniteUncertified,ToleranceMet,ToleranceMet,ToleranceMet,ToleranceMet,EventLocationLimited,ToleranceMet,ToleranceMet
rand027,0.0,None,0,1.0e-03,0,Converged,Converged,Converged,1,2.2454434764191169,0.00088264975,0.967821,0.737475,0.229653,0.000029,0.001868,0.111754,0.004608,53,53,6,1,1,1,5,NotRequested,NotRequested,NotRequested,NotRequested,NotRequested,NotRequested,NotRequested,NotRequested,NotRequested,NotRequested
rand027,0.0,None,0,1.0e-04,0,Converged,Converged,Converged,1,2.2454434763705491,3.7625609e-09,0.964182,0.733134,0.229876,0.000028,0.001199,0.104062,0.000971,69,69,6,1,1,1,5,NotRequested,NotRequested,NotRequested,NotRequested,NotRequested,NotRequested,NotRequested,NotRequested,NotRequested,NotRequested
rand027,0.0,None,1,1.0e-03,0,Converged,Converged,Converged,1,2.2454010038265682,0.00088261351,0.461889,0.268837,0.191736,0.000020,0.001134,0.100466,0.000797,53,53,6,1,1,1,5,NotRequested,NotRequested,NotRequested,NotRequested,NotRequested,NotRequested,NotRequested,NotRequested,NotRequested,NotRequested
rand027,0.0,None,1,1.0e-04,0,Converged,Converged,Converged,1,2.2454010037780052,3.7624132e-09,0.471121,0.260931,0.209087,0.000029,0.001071,0.093563,0.000659,69,69,6,1,1,1,5,NotRequested,NotRequested,NotRequested,NotRequested,NotRequested,NotRequested,NotRequested,NotRequested,NotRequested,NotRequested
rand027,0.0,Strict,0,1.0e-03,0,EventLocationLimited,Converged,EventLocationLimited,1,2.2454434764191169,0.00088264975,0.989785,0.738175,0.250853,0.000030,0.001417,0.091931,0.001541,77,77,6,1,1,1,5,ToleranceMet,ToleranceMet,FiniteUncertified,ToleranceMet,ToleranceMet,ToleranceMet,ToleranceMet,EventLocationLimited,ToleranceMet,ToleranceMet
rand027,0.0,Strict,0,1.0e-04,0,EventLocationLimited,Converged,EventLocationLimited,1,2.2454434763705491,3.7625609e-09,1.062431,0.836367,0.224910,0.000037,0.001130,0.087420,0.000716,77,77,6,1,1,1,5,ToleranceMet,ToleranceMet,FiniteUncertified,ToleranceMet,ToleranceMet,ToleranceMet,ToleranceMet,EventLocationLimited,ToleranceMet,ToleranceMet
rand027,0.0,Strict,1,1.0e-03,0,EventLocationLimited,Converged,EventLocationLimited,1,2.2454010038265682,0.00088261351,0.859122,0.366181,0.388793,0.000186,0.002586,0.176543,0.005088,77,77,6,1,1,1,5,ToleranceMet,ToleranceMet,FiniteUncertified,ToleranceMet,ToleranceMet,ToleranceMet,ToleranceMet,EventLocationLimited,ToleranceMet,ToleranceMet
rand027,0.0,Strict,1,1.0e-04,0,EventLocationLimited,Converged,EventLocationLimited,1,2.2454010037780052,3.7624132e-09,0.601125,0.326920,0.272670,0.000037,0.001425,0.122064,0.000965,77,77,6,1,1,1,5,ToleranceMet,ToleranceMet,FiniteUncertified,ToleranceMet,ToleranceMet,ToleranceMet,ToleranceMet,EventLocationLimited,ToleranceMet,ToleranceMet
rand027,0.0,ValueFirst,0,1.0e-03,0,Converged,Converged,EventLocationLimited,1,2.2454434764191169,0.00088264975,1.133973,0.845751,0.286522,0.000026,0.002792,0.120404,0.002338,77,77,6,1,1,1,5,ToleranceMet,ToleranceMet,FiniteUncertified,ToleranceMet,ToleranceMet,ToleranceMet,ToleranceMet,EventLocationLimited,ToleranceMet,ToleranceMet
rand027,0.0,ValueFirst,0,1.0e-04,0,Converged,Converged,EventLocationLimited,1,2.2454434763705491,3.7625609e-09,0.987020,0.763732,0.222018,0.000028,0.001060,0.089393,0.000737,77,77,6,1,1,1,5,ToleranceMet,ToleranceMet,FiniteUncertified,ToleranceMet,ToleranceMet,ToleranceMet,ToleranceMet,EventLocationLimited,ToleranceMet,ToleranceMet
rand027,0.0,ValueFirst,1,1.0e-03,0,Converged,Converged,EventLocationLimited,1,2.2454010038265682,0.00088261351,0.557523,0.291257,0.262953,0.000062,0.001286,0.104582,0.000988,77,77,6,1,1,1,5,ToleranceMet,ToleranceMet,FiniteUncertified,ToleranceMet,ToleranceMet,ToleranceMet,ToleranceMet,EventLocationLimited,ToleranceMet,ToleranceMet
rand027,0.0,ValueFirst,1,1.0e-04,0,Converged,Converged,EventLocationLimited,1,2.2454010037780052,3.7624132e-09,0.544529,0.293414,0.249821,0.000028,0.001095,0.096882,0.000754,77,77,6,1,1,1,5,ToleranceMet,ToleranceMet,FiniteUncertified,ToleranceMet,ToleranceMet,ToleranceMet,ToleranceMet,EventLocationLimited,ToleranceMet,ToleranceMet
rand027,0.5,None,0,1.0e-03,0,Converged,Converged,Converged,1,2.2453478305060739,9.2371022e-08,1.002311,0.757578,0.244064,0.000028,0.001489,0.095008,0.001650,69,69,6,1,1,1,5,NotRequested,NotRequested,NotRequested,NotRequested,NotRequested,NotRequested,NotRequested,NotRequested,NotRequested,NotRequested
rand027,0.5,None,0,1.0e-04,0,Converged,Converged,Converged,1,2.2453478305060739,9.2371022e-08,0.964787,0.742563,0.221097,0.000021,0.001118,0.093716,0.000719,69,69,6,1,1,1,5,NotRequested,NotRequested,NotRequested,NotRequested,NotRequested,NotRequested,NotRequested,NotRequested,NotRequested,NotRequested
rand027,0.5,None,1,1.0e-03,0,Converged,Converged,Converged,1,2.2453053640699476,9.2367416e-08,0.508218,0.271499,0.235570,0.000031,0.001111,0.089666,0.000798,69,69,6,1,1,1,5,NotRequested,NotRequested,NotRequested,NotRequested,NotRequested,NotRequested,NotRequested,NotRequested,NotRequested,NotRequested
rand027,0.5,None,1,1.0e-04,0,Converged,Converged,Converged,1,2.2453053640699476,9.2367416e-08,0.496407,0.268100,0.227223,0.000028,0.001074,0.087367,0.000698,69,69,6,1,1,1,5,NotRequested,NotRequested,NotRequested,NotRequested,NotRequested,NotRequested,NotRequested,NotRequested,NotRequested,NotRequested
rand027,0.5,Strict,0,1.0e-03,0,EventLocationLimited,Converged,EventLocationLimited,1,2.2453478305060739,9.2371022e-08,1.129464,0.738971,0.389849,0.000028,0.001414,0.085854,0.001468,93,93,6,1,1,1,5,ToleranceMet,ToleranceMet,FiniteUncertified,ToleranceMet,ToleranceMet,ToleranceMet,ToleranceMet,EventLocationLimited,ToleranceMet,ToleranceMet
rand027,0.5,Strict,0,1.0e-04,0,EventLocationLimited,Converged,EventLocationLimited,1,2.2453478305060739,9.2371022e-08,1.099933,0.732222,0.366437,0.000028,0.001014,0.084233,0.000734,93,93,6,1,1,1,5,ToleranceMet,ToleranceMet,FiniteUncertified,ToleranceMet,ToleranceMet,ToleranceMet,ToleranceMet,EventLocationLimited,ToleranceMet,ToleranceMet
rand027,0.5,Strict,1,1.0e-03,0,EventLocationLimited,Converged,EventLocationLimited,1,2.2453053640699476,9.2367416e-08,1.165931,0.437304,0.606925,0.000316,0.003742,0.177878,0.004653,93,93,6,1,1,1,5,ToleranceMet,ToleranceMet,FiniteUncertified,ToleranceMet,ToleranceMet,ToleranceMet,ToleranceMet,EventLocationLimited,ToleranceMet,ToleranceMet
rand027,0.5,Strict,1,1.0e-04,0,EventLocationLimited,Converged,EventLocationLimited,1,2.2453053640699476,9.2367416e-08,0.877113,0.364753,0.510356,0.000027,0.001491,0.125227,0.000964,93,93,6,1,1,1,5,ToleranceMet,ToleranceMet,FiniteUncertified,ToleranceMet,ToleranceMet,ToleranceMet,ToleranceMet,EventLocationLimited,ToleranceMet,ToleranceMet
rand027,0.5,ValueFirst,0,1.0e-03,0,Converged,Converged,EventLocationLimited,1,2.2453478305060739,9.2371022e-08,1.483086,0.960241,0.521303,0.000038,0.002849,0.121471,0.002669,93,93,6,1,1,1,5,ToleranceMet,ToleranceMet,FiniteUncertified,ToleranceMet,ToleranceMet,ToleranceMet,ToleranceMet,EventLocationLimited,ToleranceMet,ToleranceMet
rand027,0.5,ValueFirst,0,1.0e-04,0,Converged,Converged,EventLocationLimited,1,2.2453478305060739,9.2371022e-08,1.461262,0.975431,0.484146,0.000027,0.001473,0.117031,0.000972,93,93,6,1,1,1,5,ToleranceMet,ToleranceMet,FiniteUncertified,ToleranceMet,ToleranceMet,ToleranceMet,ToleranceMet,EventLocationLimited,ToleranceMet,ToleranceMet
rand027,0.5,ValueFirst,1,1.0e-03,0,Converged,Converged,EventLocationLimited,1,2.2453053640699476,9.2367416e-08,0.846633,0.340278,0.502356,0.000029,0.001531,0.124866,0.001084,93,93,6,1,1,1,5,ToleranceMet,ToleranceMet,FiniteUncertified,ToleranceMet,ToleranceMet,ToleranceMet,ToleranceMet,EventLocationLimited,ToleranceMet,ToleranceMet
rand027,0.5,ValueFirst,1,1.0e-04,0,Converged,Converged,EventLocationLimited,1,2.2453053640699476,9.2367416e-08,0.846466,0.335968,0.508844,0.000027,0.001314,0.113806,0.000886,93,93,6,1,1,1,5,ToleranceMet,ToleranceMet,FiniteUncertified,ToleranceMet,ToleranceMet,ToleranceMet,ToleranceMet,EventLocationLimited,ToleranceMet,ToleranceMet
rand028,0.0,None,0,1.0e-03,0,Converged,Converged,Converged,1,4.5373602874801122,0.0023335486,2.282718,1.695525,0.586433,0.000034,0.006896,0.366847,0.004153,60,60,4,1,1,1,3,NotRequested,NotRequested,NotRequested,NotRequested,NotRequested,NotRequested,NotRequested,NotRequested,NotRequested,NotRequested
rand028,0.0,None,0,1.0e-04,0,Converged,Converged,Converged,1,4.5373602874643053,0.00026762673,2.195440,1.579937,0.614313,0.000039,0.005417,0.367464,0.001287,76,76,4,1,1,1,3,NotRequested,NotRequested,NotRequested,NotRequested,NotRequested,NotRequested,NotRequested,NotRequested,NotRequested,NotRequested
rand028,0.0,None,1,1.0e-03,0,Converged,Converged,Converged,1,4.5384955739924182,0.0023343018,1.938434,1.365190,0.571985,0.000034,0.005085,0.366533,0.001118,60,60,4,1,1,1,3,NotRequested,NotRequested,NotRequested,NotRequested,NotRequested,NotRequested,NotRequested,NotRequested,NotRequested,NotRequested
rand028,0.0,None,1,1.0e-04,0,Converged,Converged,Converged,1,4.5384955739765873,0.00026768217,1.890497,1.330809,0.558492,0.000031,0.004197,0.312207,0.000896,76,76,4,1,1,1,3,NotRequested,NotRequested,NotRequested,NotRequested,NotRequested,NotRequested,NotRequested,NotRequested,NotRequested,NotRequested
rand028,0.0,Strict,0,1.0e-03,0,EventLocationLimited,Converged,EventLocationLimited,1,4.5373602874801122,0.0023335486,2.734939,1.593429,1.140750,0.000035,0.005522,0.358844,0.001811,188,188,4,1,1,1,3,ToleranceMet,ToleranceMet,FiniteUncertified,FiniteUncertified,ToleranceMet,ToleranceMet,ToleranceMet,EventLocationLimited,EventLocationLimited,ToleranceMet
rand028,0.0,Strict,0,1.0e-04,0,EventLocationLimited,Converged,EventLocationLimited,1,4.5373602874643053,0.00026762673,2.730846,1.583858,1.145654,0.000038,0.005252,0.364678,0.001117,188,188,4,1,1,1,3,ToleranceMet,ToleranceMet,FiniteUncertified,FiniteUncertified,ToleranceMet,ToleranceMet,ToleranceMet,EventLocationLimited,EventLocationLimited,ToleranceMet
rand028,0.0,Strict,1,1.0e-03,0,EventLocationLimited,Converged,EventLocationLimited,1,4.5384955739924182,0.0023343018,2.381096,1.293174,0.985918,0.000217,0.006644,0.339422,0.004434,188,188,4,1,1,1,3,ToleranceMet,ToleranceMet,FiniteUncertified,FiniteUncertified,ToleranceMet,ToleranceMet,ToleranceMet,EventLocationLimited,EventLocationLimited,ToleranceMet
rand028,0.0,Strict,1,1.0e-04,0,EventLocationLimited,Converged,EventLocationLimited,1,4.5384955739765873,0.00026768217,2.085856,1.175337,0.909154,0.000027,0.004158,0.284117,0.000819,188,188,4,1,1,1,3,ToleranceMet,ToleranceMet,FiniteUncertified,FiniteUncertified,ToleranceMet,ToleranceMet,ToleranceMet,EventLocationLimited,EventLocationLimited,ToleranceMet
rand028,0.0,ValueFirst,0,1.0e-03,0,Converged,Converged,BudgetExceeded,1,4.5373602874801122,0.0023335486,2.122438,1.269266,0.851317,0.000028,0.005706,0.284369,0.001990,172,172,4,1,1,1,3,FiniteUncertified,FiniteUncertified,FiniteUncertified,FiniteUncertified,ToleranceMet,BudgetExceeded,BudgetExceeded,BudgetExceeded,BudgetExceeded,ToleranceMet
rand028,0.0,ValueFirst,0,1.0e-04,0,Converged,Converged,BudgetExceeded,1,4.5373602874643053,0.00026762673,2.163783,1.288523,0.874148,0.000028,0.004063,0.280332,0.000843,180,180,4,1,1,1,3,ToleranceMet,ToleranceMet,FiniteUncertified,FiniteUncertified,ToleranceMet,ToleranceMet,ToleranceMet,BudgetExceeded,BudgetExceeded,ToleranceMet
rand028,0.0,ValueFirst,1,1.0e-03,0,Converged,Converged,BudgetExceeded,1,4.5384955739924182,0.0023343018,2.035699,1.160021,0.872679,0.000029,0.004344,0.296504,0.000999,172,172,4,1,1,1,3,FiniteUncertified,FiniteUncertified,FiniteUncertified,FiniteUncertified,ToleranceMet,BudgetExceeded,BudgetExceeded,BudgetExceeded,BudgetExceeded,ToleranceMet
rand028,0.0,ValueFirst,1,1.0e-04,0,Converged,Converged,BudgetExceeded,1,4.5384955739765873,0.00026768217,2.047212,1.165270,0.880795,0.000028,0.004099,0.293561,0.000841,180,180,4,1,1,1,3,ToleranceMet,ToleranceMet,FiniteUncertified,FiniteUncertified,ToleranceMet,ToleranceMet,ToleranceMet,BudgetExceeded,BudgetExceeded,ToleranceMet
rand028,0.5,None,0,1.0e-03,0,Converged,Converged,Converged,1,4.5373296894308277,0.00029639593,1.777087,1.269194,0.507341,0.000027,0.004463,0.290878,0.001436,76,76,4,1,1,1,3,NotRequested,NotRequested,NotRequested,NotRequested,NotRequested,NotRequested,NotRequested,NotRequested,NotRequested,NotRequested
rand028,0.5,None,0,1.0e-04,0,Converged,Converged,Converged,1,4.5373296894308277,0.00029639593,1.753765,1.269228,0.483572,0.000031,0.003970,0.278220,0.000886,76,76,4,1,1,1,3,NotRequested,NotRequested,NotRequested,NotRequested,NotRequested,NotRequested,NotRequested,NotRequested,NotRequested,NotRequested
rand028,0.5,None,1,1.0e-03,0,Converged,Converged,Converged,1,4.5384649523728262,0.0002964571,1.758487,1.245762,0.511644,0.000029,0.008851,0.291931,0.000929,76,76,4,1,1,1,3,NotRequested,NotRequested,NotRequested,NotRequested,NotRequested,NotRequested,NotRequested,NotRequested,NotRequested,NotRequested
rand028,0.5,None,1,1.0e-04,0,Converged,Converged,Converged,1,4.5384649523728262,0.0002964571,1.668542,1.162784,0.504813,0.000027,0.004087,0.291201,0.000830,76,76,4,1,1,1,3,NotRequested,NotRequested,NotRequested,NotRequested,NotRequested,NotRequested,NotRequested,NotRequested,NotRequested,NotRequested
rand028,0.5,Strict,0,1.0e-03,0,EventLocationLimited,Converged,EventLocationLimited,1,4.5373296894308277,0.00029639593,2.361233,1.282103,1.078501,0.000027,0.004489,0.277523,0.001567,188,188,4,1,1,1,3,ToleranceMet,ToleranceMet,FiniteUncertified,FiniteUncertified,ToleranceMet,ToleranceMet,ToleranceMet,EventLocationLimited,EventLocationLimited,ToleranceMet
rand028,0.5,Strict,0,1.0e-04,0,EventLocationLimited,Converged,EventLocationLimited,1,4.5373296894308277,0.00029639593,2.300836,1.267005,1.032656,0.000027,0.004180,0.279067,0.000874,188,188,4,1,1,1,3,ToleranceMet,ToleranceMet,FiniteUncertified,FiniteUncertified,ToleranceMet,ToleranceMet,ToleranceMet,EventLocationLimited,EventLocationLimited,ToleranceMet
rand028,0.5,Strict,1,1.0e-03,0,EventLocationLimited,Converged,EventLocationLimited,1,4.5384649523728262,0.0002964571,2.531495,1.287638,1.137078,0.000199,0.006614,0.335152,0.004897,188,188,4,1,1,1,3,ToleranceMet,ToleranceMet,FiniteUncertified,FiniteUncertified,ToleranceMet,ToleranceMet,ToleranceMet,EventLocationLimited,EventLocationLimited,ToleranceMet
rand028,0.5,Strict,1,1.0e-04,0,EventLocationLimited,Converged,EventLocationLimited,1,4.5384649523728262,0.0002964571,2.222651,1.164344,1.056632,0.000027,0.004091,0.291068,0.000898,188,188,4,1,1,1,3,ToleranceMet,ToleranceMet,FiniteUncertified,FiniteUncertified,ToleranceMet,ToleranceMet,ToleranceMet,EventLocationLimited,EventLocationLimited,ToleranceMet
rand028,0.5,ValueFirst,0,1.0e-03,0,Converged,Converged,BudgetExceeded,1,4.5373296894308277,0.00029639593,2.025739,1.268390,0.756144,0.000027,0.005014,0.285525,0.001876,124,124,4,1,1,1,3,FiniteUncertified,FiniteUncertified,FiniteUncertified,FiniteUncertified,ToleranceMet,BudgetExceeded,BudgetExceeded,BudgetExceeded,BudgetExceeded,ToleranceMet
rand028,0.5,ValueFirst,0,1.0e-04,0,Converged,Converged,BudgetExceeded,1,4.5373296894308277,0.00029639593,1.979682,1.236808,0.741871,0.000029,0.004097,0.285080,0.000879,124,124,4,1,1,1,3,FiniteUncertified,FiniteUncertified,FiniteUncertified,FiniteUncertified,ToleranceMet,BudgetExceeded,BudgetExceeded,BudgetExceeded,BudgetExceeded,ToleranceMet
rand028,0.5,ValueFirst,1,1.0e-03,0,Converged,Converged,BudgetExceeded,1,4.5384649523728262,0.0002964571,2.001470,1.221935,0.776220,0.000054,0.004268,0.293002,0.001102,124,124,4,1,1,1,3,FiniteUncertified,FiniteUncertified,FiniteUncertified,FiniteUncertified,ToleranceMet,BudgetExceeded,BudgetExceeded,BudgetExceeded,BudgetExceeded,ToleranceMet
rand028,0.5,ValueFirst,1,1.0e-04,0,Converged,Converged,BudgetExceeded,1,4.5384649523728262,0.0002964571,1.968675,1.179360,0.788222,0.000028,0.004097,0.291235,0.000861,124,124,4,1,1,1,3,FiniteUncertified,FiniteUncertified,FiniteUncertified,FiniteUncertified,ToleranceMet,BudgetExceeded,BudgetExceeded,BudgetExceeded,BudgetExceeded,ToleranceMet
rand029,0.0,None,0,1.0e-03,0,Converged,Converged,Converged,1,37.446645987232735,0.035630633,1.161202,0.733378,0.427126,0.000022,0.002086,0.269091,0.004574,67,67,6,2,2,1,4,NotRequested,NotRequested,NotRequested,NotRequested,NotRequested,NotRequested,NotRequested,NotRequested,NotRequested,NotRequested
rand029,0.0,None,0,1.0e-04,0,Converged,Converged,Converged,1,37.44664515136887,5.6537047e-05,1.165894,0.698175,0.466601,0.000021,0.001307,0.256380,0.001330,99,99,6,2,2,1,4,NotRequested,NotRequested,NotRequested,NotRequested,NotRequested,NotRequested,NotRequested,NotRequested,NotRequested,NotRequested
rand029,0.0,None,1,1.0e-03,0,Converged,Converged,Converged,1,37.678245427361048,0.035680993,0.886540,0.505815,0.379278,0.000033,0.001291,0.242310,0.001170,67,67,6,3,3,1,3,NotRequested,NotRequested,NotRequested,NotRequested,NotRequested,NotRequested,NotRequested,NotRequested,NotRequested,NotRequested
rand029,0.0,None,1,1.0e-04,0,Converged,Converged,Converged,1,37.678244570283283,5.7908301e-05,0.903776,0.457016,0.445592,0.000029,0.001187,0.240613,0.000929,99,99,6,3,3,1,3,NotRequested,NotRequested,NotRequested,NotRequested,NotRequested,NotRequested,NotRequested,NotRequested,NotRequested,NotRequested
rand029,0.0,Strict,0,1.0e-03,0,EventLocationLimited,Converged,EventLocationLimited,1,37.446645987232735,0.035630633,13.630786,0.694427,12.934969,0.000021,0.001677,0.235509,0.002021,2530,2530,6,2,2,1,4,FiniteUncertified,FiniteUncertified,FiniteUncertified,FiniteUncertified,FiniteUncertified,EventLocationLimited,EventLocationLimited,EventLocationLimited,EventLocationLimited,EventLocationLimited
rand029,0.0,Strict,0,1.0e-04,0,EventLocationLimited,Converged,EventLocationLimited,1,37.44664515136887,5.6537047e-05,11.686724,0.738693,10.941255,0.000205,0.002953,0.289014,0.003879,2530,2530,6,2,2,1,4,FiniteUncertified,FiniteUncertified,FiniteUncertified,FiniteUncertified,FiniteUncertified,EventLocationLimited,EventLocationLimited,EventLocationLimited,EventLocationLimited,EventLocationLimited
rand029,0.0,Strict,1,1.0e-03,0,EventLocationLimited,Converged,EventLocationLimited,1,37.678245427361048,0.035680993,7.118068,0.559235,6.466418,0.000204,0.002489,0.305947,0.004134,1855,1855,6,3,3,1,3,FiniteUncertified,FiniteUncertified,FiniteUncertified,FiniteUncertified,FiniteUncertified,EventLocationLimited,EventLocationLimited,EventLocationLimited,EventLocationLimited,EventLocationLimited
rand029,0.0,Strict,1,1.0e-04,0,EventLocationLimited,Converged,EventLocationLimited,1,37.678244570283283,5.7908301e-05,6.786055,0.518455,6.261949,0.000215,0.001853,0.259753,0.002076,1855,1855,6,3,3,1,3,FiniteUncertified,FiniteUncertified,FiniteUncertified,FiniteUncertified,FiniteUncertified,EventLocationLimited,EventLocationLimited,EventLocationLimited,EventLocationLimited,EventLocationLimited
rand029,0.0,ValueFirst,0,1.0e-03,0,Converged,Converged,BudgetExceeded,1,37.446645987232735,0.035630633,1.263905,0.748280,0.514191,0.000244,0.002730,0.258294,0.003530,99,99,6,2,2,1,4,ToleranceMet,ToleranceMet,ToleranceMet,ToleranceMet,FiniteUncertified,ToleranceMet,ToleranceMet,ToleranceMet,ToleranceMet,BudgetExceeded
rand029,0.0,ValueFirst,0,1.0e-04,0,Converged,Converged,Converged,1,37.44664515136887,5.6537047e-05,1.368984,0.705471,0.662181,0.000021,0.001368,0.244191,0.001214,171,171,6,2,2,1,4,ToleranceMet,ToleranceMet,ToleranceMet,ToleranceMet,ToleranceMet,ToleranceMet,ToleranceMet,ToleranceMet,ToleranceMet,ToleranceMet
rand029,0.0,ValueFirst,1,1.0e-03,0,Converged,Converged,BudgetExceeded,1,37.678245427361048,0.035680993,0.987047,0.491169,0.492330,0.000057,0.001378,0.250270,0.001375,99,99,6,3,3,1,3,ToleranceMet,ToleranceMet,ToleranceMet,ToleranceMet,FiniteUncertified,ToleranceMet,ToleranceMet,ToleranceMet,ToleranceMet,BudgetExceeded
rand029,0.0,ValueFirst,1,1.0e-04,0,Converged,Converged,Converged,1,37.678244570283283,5.7908301e-05,1.128951,0.467183,0.660100,0.000021,0.001290,0.244815,0.001054,171,171,6,3,3,1,3,ToleranceMet,ToleranceMet,ToleranceMet,ToleranceMet,ToleranceMet,ToleranceMet,ToleranceMet,ToleranceMet,ToleranceMet,ToleranceMet
rand029,0.5,None,0,1.0e-03,0,Converged,Converged,Converged,1,37.269634626423475,0.005643954,1.164087,0.694940,0.468455,0.000028,0.001511,0.261380,0.002253,75,75,6,2,2,1,4,NotRequested,NotRequested,NotRequested,NotRequested,NotRequested,NotRequested,NotRequested,NotRequested,NotRequested,NotRequested
rand029,0.5,None,0,1.0e-04,0,Converged,Converged,Converged,1,37.269634602705636,0.00252592,1.162054,0.709910,0.450896,0.000029,0.001243,0.249698,0.001027,83,83,6,2,2,1,4,NotRequested,NotRequested,NotRequested,NotRequested,NotRequested,NotRequested,NotRequested,NotRequested,NotRequested,NotRequested
rand029,0.5,None,1,1.0e-03,0,Converged,Converged,Converged,1,37.497691000214054,0.005697772,0.912196,0.476622,0.434080,0.000030,0.001308,0.249421,0.001215,75,75,6,3,3,1,3,NotRequested,NotRequested,NotRequested,NotRequested,NotRequested,NotRequested,NotRequested,NotRequested,NotRequested,NotRequested
rand029,0.5,None,1,1.0e-04,0,Converged,Converged,Converged,1,37.497690976622032,0.0025973738,0.899116,0.453877,0.444129,0.000027,0.001255,0.232296,0.000983,83,83,6,3,3,1,3,NotRequested,NotRequested,NotRequested,NotRequested,NotRequested,NotRequested,NotRequested,NotRequested,NotRequested,NotRequested
rand029,0.5,Strict,0,1.0e-03,0,TopologyUnresolved,Converged,TopologyUnresolved,1,37.269634626423475,0.005643954,11.652883,0.697701,10.954030,0.000021,0.001689,0.259361,0.002201,2031,2031,6,2,2,1,4,Invalid,Invalid,Invalid,Invalid,Invalid,TopologyUnresolved,TopologyUnresolved,TopologyUnresolved,TopologyUnresolved,TopologyUnresolved
rand029,0.5,Strict,0,1.0e-04,0,TopologyUnresolved,Converged,TopologyUnresolved,1,37.269634602705636,0.00252592,10.669291,0.759917,9.902603,0.000300,0.001596,0.285096,0.002829,2031,2031,6,2,2,1,4,Invalid,Invalid,Invalid,Invalid,Invalid,TopologyUnresolved,TopologyUnresolved,TopologyUnresolved,TopologyUnresolved,TopologyUnresolved
rand029,0.5,Strict,1,1.0e-03,0,EventLocationLimited,Converged,EventLocationLimited,1,37.497691000214054,0.005697772,8.421149,0.577797,7.753847,0.000365,0.002878,0.301465,0.004203,1879,1879,6,3,3,1,3,FiniteUncertified,FiniteUncertified,FiniteUncertified,FiniteUncertified,FiniteUncertified,EventLocationLimited,EventLocationLimited,EventLocationLimited,EventLocationLimited,EventLocationLimited
rand029,0.5,Strict,1,1.0e-04,0,EventLocationLimited,Converged,EventLocationLimited,1,37.497690976622032,0.0025973738,8.216116,0.522868,7.687127,0.000242,0.001397,0.251078,0.002436,1879,1879,6,3,3,1,3,FiniteUncertified,FiniteUncertified,FiniteUncertified,FiniteUncertified,FiniteUncertified,EventLocationLimited,EventLocationLimited,EventLocationLimited,EventLocationLimited,EventLocationLimited
rand029,0.5,ValueFirst,0,1.0e-03,0,Converged,Converged,Converged,1,37.269634626423475,0.005643954,1.449111,0.723899,0.723378,0.000197,0.002532,0.291748,0.003758,107,107,6,2,2,1,4,ToleranceMet,ToleranceMet,ToleranceMet,ToleranceMet,ToleranceMet,ToleranceMet,ToleranceMet,ToleranceMet,ToleranceMet,ToleranceMet
rand029,0.5,ValueFirst,0,1.0e-04,0,Converged,Converged,Converged,1,37.269634602705636,0.00252592,1.496461,0.773012,0.721963,0.000065,0.001635,0.267778,0.001311,139,139,6,2,2,1,4,ToleranceMet,ToleranceMet,ToleranceMet,ToleranceMet,ToleranceMet,ToleranceMet,ToleranceMet,ToleranceMet,ToleranceMet,ToleranceMet
rand029,0.5,ValueFirst,1,1.0e-03,0,Converged,Converged,Converged,1,37.497691000214054,0.005697772,1.138591,0.478279,0.656815,0.000029,0.001363,0.249786,0.001277,107,107,6,3,3,1,3,ToleranceMet,ToleranceMet,ToleranceMet,ToleranceMet,ToleranceMet,ToleranceMet,ToleranceMet,ToleranceMet,ToleranceMet,ToleranceMet
rand029,0.5,ValueFirst,1,1.0e-04,0,Converged,Converged,Converged,1,37.497690976622032,0.0025973738,1.176508,0.473809,0.701038,0.000028,0.001291,0.246441,0.001114,139,139,6,3,3,1,3,ToleranceMet,ToleranceMet,ToleranceMet,ToleranceMet,ToleranceMet,ToleranceMet,ToleranceMet,ToleranceMet,ToleranceMet,ToleranceMet
rand030,0.0,None,0,1.0e-03,0,Converged,Converged,Converged,1,2.5377006005542921,0.0012986648,1.374895,1.013751,0.360456,0.000019,0.001336,0.185323,0.002101,67,67,5,4,4,1,1,NotRequested,NotRequested,NotRequested,NotRequested,NotRequested,NotRequested,NotRequested,NotRequested,NotRequested,NotRequested
rand030,0.0,None,0,1.0e-04,0,Converged,Converged,Converged,1,2.5377003804507079,0.00010494307,1.444133,0.995428,0.447647,0.000028,0.001148,0.180208,0.001338,115,115,5,4,4,1,1,NotRequested,NotRequested,NotRequested,NotRequested,NotRequested,NotRequested,NotRequested,NotRequested,NotRequested,NotRequested
rand030,0.0,None,1,1.0e-03,0,Converged,Converged,Converged,1,2.5378910734514064,0.0013974332,0.726111,0.469104,0.255898,0.000022,0.001190,0.082389,0.000972,67,67,4,2,2,1,2,NotRequested,NotRequested,NotRequested,NotRequested,NotRequested,NotRequested,NotRequested,NotRequested,NotRequested,NotRequested
rand030,0.0,None,1,1.0e-04,0,Converged,Converged,Converged,1,2.5378908533361386,0.00020358831,0.841808,0.465847,0.374776,0.000028,0.001018,0.078965,0.000731,115,115,4,2,2,1,2,NotRequested,NotRequested,NotRequested,NotRequested,NotRequested,NotRequested,NotRequested,NotRequested,NotRequested,NotRequested
rand030,0.0,Strict,0,1.0e-03,0,BudgetExceeded,Converged,BudgetExceeded,1,2.5377006005542921,0.0012986648,24.519996,1.034043,23.484171,0.000020,0.001462,0.173934,0.001726,3571,3571,5,4,4,1,1,FiniteUncertified,FiniteUncertified,FiniteUncertified,FiniteUncertified,FiniteUncertified,BudgetExceeded,BudgetExceeded,BudgetExceeded,BudgetExceeded,BudgetExceeded
rand030,0.0,Strict,0,1.0e-04,0,BudgetExceeded,Converged,BudgetExceeded,1,2.5377003804507079,0.00010494307,20.370005,1.069515,19.290833,0.000296,0.002923,0.228088,0.004486,3571,3571,5,4,4,1,1,FiniteUncertified,FiniteUncertified,FiniteUncertified,FiniteUncertified,FiniteUncertified,BudgetExceeded,BudgetExceeded,BudgetExceeded,BudgetExceeded,BudgetExceeded
rand030,0.0,Strict,1,1.0e-03,0,BudgetExceeded,Converged,BudgetExceeded,1,2.5378910734514064,0.0013974332,39.793298,0.575067,39.147524,0.000492,0.002677,0.139709,0.009784,6963,6963,4,2,2,1,2,FiniteUncertified,FiniteUncertified,FiniteUncertified,FiniteUncertified,FiniteUncertified,BudgetExceeded,BudgetExceeded,BudgetExceeded,BudgetExceeded,BudgetExceeded
rand030,0.0,Strict,1,1.0e-04,0,BudgetExceeded,Converged,BudgetExceeded,1,2.5378908533361386,0.00020358831,39.631982,0.647831,38.978335,0.000198,0.002021,0.126242,0.003103,6963,6963,4,2,2,1,2,FiniteUncertified,FiniteUncertified,FiniteUncertified,FiniteUncertified,FiniteUncertified,BudgetExceeded,BudgetExceeded,BudgetExceeded,BudgetExceeded,BudgetExceeded
rand030,0.0,ValueFirst,0,1.0e-03,0,Converged,Converged,BudgetExceeded,1,2.5377006005542921,0.0012986648,1.729697,1.096365,0.630704,0.000217,0.003488,0.225152,0.006636,123,123,5,4,4,1,1,FiniteUncertified,FiniteUncertified,FiniteUncertified,FiniteUncertified,FiniteUncertified,BudgetExceeded,BudgetExceeded,BudgetExceeded,BudgetExceeded,BudgetExceeded
rand030,0.0,ValueFirst,0,1.0e-04,0,Converged,Converged,BudgetExceeded,1,2.5377003804507079,0.00010494307,1.685281,1.002491,0.681724,0.000029,0.001224,0.182873,0.001331,171,171,5,4,4,1,1,FiniteUncertified,FiniteUncertified,FiniteUncertified,FiniteUncertified,FiniteUncertified,BudgetExceeded,BudgetExceeded,BudgetExceeded,BudgetExceeded,BudgetExceeded
rand030,0.0,ValueFirst,1,1.0e-03,0,Converged,Converged,BudgetExceeded,1,2.5378910734514064,0.0013974332,0.804517,0.446227,0.354741,0.000054,0.000946,0.078597,0.001033,99,99,4,2,2,1,2,FiniteUncertified,FiniteUncertified,FiniteUncertified,FiniteUncertified,FiniteUncertified,BudgetExceeded,BudgetExceeded,BudgetExceeded,BudgetExceeded,BudgetExceeded
rand030,0.0,ValueFirst,1,1.0e-04,0,Converged,Converged,BudgetExceeded,1,2.5378908533361386,0.00020358831,0.980623,0.479713,0.499653,0.000030,0.001078,0.080689,0.001009,147,147,4,2,2,1,2,FiniteUncertified,FiniteUncertified,FiniteUncertified,FiniteUncertified,FiniteUncertified,BudgetExceeded,BudgetExceeded,BudgetExceeded,BudgetExceeded,BudgetExceeded
rand030,0.5,None,0,1.0e-03,0,Converged,Converged,Converged,1,2.5376972838590492,0.00027941456,1.525531,1.085002,0.439738,0.000024,0.001463,0.197961,0.002128,83,83,5,4,4,1,1,NotRequested,NotRequested,NotRequested,NotRequested,NotRequested,NotRequested,NotRequested,NotRequested,NotRequested,NotRequested
rand030,0.5,None,0,1.0e-04,0,Converged,Converged,Converged,1,2.5376971517942915,8.2556119e-05,1.708267,1.193142,0.513964,0.000039,0.001118,0.195165,0.001071,115,115,5,4,4,1,1,NotRequested,NotRequested,NotRequested,NotRequested,NotRequested,NotRequested,NotRequested,NotRequested,NotRequested,NotRequested
rand030,0.5,None,1,1.0e-03,0,Converged,Converged,Converged,1,2.5378863170566128,0.00031909049,1.038690,0.619727,0.417539,0.000047,0.002455,0.112129,0.001163,83,83,4,2,2,1,2,NotRequested,NotRequested,NotRequested,NotRequested,NotRequested,NotRequested,NotRequested,NotRequested,NotRequested,NotRequested
rand030,0.5,None,1,1.0e-04,0,Converged,Converged,Converged,1,2.5378861849848495,0.00012222161,1.120371,0.594935,0.524029,0.000036,0.001251,0.105146,0.001253,115,115,4,2,2,1,2,NotRequested,NotRequested,NotRequested,NotRequested,NotRequested,NotRequested,NotRequested,NotRequested,NotRequested,NotRequested
rand030,0.5,Strict,0,1.0e-03,0,BudgetExceeded,Converged,BudgetExceeded,1,2.5376972838590492,0.00027941456,34.701247,1.253789,33.445918,0.000037,0.001909,0.220624,0.002507,3571,3571,5,4,4,1,1,FiniteUncertified,FiniteUncertified,FiniteUncertified,FiniteUncertified,FiniteUncertified,BudgetExceeded,BudgetExceeded,BudgetExceeded,BudgetExceeded,BudgetExceeded
rand030,0.5,Strict,0,1.0e-04,0,BudgetExceeded,Converged,BudgetExceeded,1,2.5376971517942915,8.2556119e-05,23.954032,1.093312,22.851953,0.000755,0.003610,0.224734,0.004259,3571,3571,5,4,4,1,1,FiniteUncertified,FiniteUncertified,FiniteUncertified,FiniteUncertified,FiniteUncertified,BudgetExceeded,BudgetExceeded,BudgetExceeded,BudgetExceeded,BudgetExceeded
rand030,0.5,Strict,1,1.0e-03,0,BudgetExceeded,Converged,BudgetExceeded,1,2.5378863170566128,0.00031909049,44.480071,0.518182,43.896430,0.000214,0.002809,0.128115,0.003890,6963,6963,4,2,2,1,2,FiniteUncertified,FiniteUncertified,FiniteUncertified,FiniteUncertified,FiniteUncertified,BudgetExceeded,BudgetExceeded,BudgetExceeded,BudgetExceeded,BudgetExceeded
rand030,0.5,Strict,1,1.0e-04,0,BudgetExceeded,Converged,BudgetExceeded,1,2.5378861849848495,0.00012222161,44.628774,0.539968,44.082921,0.000244,0.002193,0.116578,0.003206,6963,6963,4,2,2,1,2,FiniteUncertified,FiniteUncertified,FiniteUncertified,FiniteUncertified,FiniteUncertified,BudgetExceeded,BudgetExceeded,BudgetExceeded,BudgetExceeded,BudgetExceeded
rand030,0.5,ValueFirst,0,1.0e-03,0,Converged,Converged,BudgetExceeded,1,2.5376972838590492,0.00027941456,1.876352,1.070873,0.802952,0.000266,0.009060,0.240989,0.005969,139,139,5,4,4,1,1,FiniteUncertified,FiniteUncertified,FiniteUncertified,FiniteUncertified,FiniteUncertified,BudgetExceeded,BudgetExceeded,BudgetExceeded,BudgetExceeded,BudgetExceeded
rand030,0.5,ValueFirst,0,1.0e-04,0,Converged,Converged,BudgetExceeded,1,2.5376971517942915,8.2556119e-05,1.869279,1.017458,0.850416,0.000022,0.001244,0.197506,0.001217,171,171,5,4,4,1,1,FiniteUncertified,FiniteUncertified,FiniteUncertified,FiniteUncertified,FiniteUncertified,BudgetExceeded,BudgetExceeded,BudgetExceeded,BudgetExceeded,BudgetExceeded
rand030,0.5,ValueFirst,1,1.0e-03,0,Converged,Converged,BudgetExceeded,1,2.5378863170566128,0.00031909049,1.037577,0.497619,0.536446,0.000042,0.001096,0.089522,0.001082,115,115,4,2,2,1,2,FiniteUncertified,FiniteUncertified,FiniteUncertified,FiniteUncertified,FiniteUncertified,BudgetExceeded,BudgetExceeded,BudgetExceeded,BudgetExceeded,BudgetExceeded
rand030,0.5,ValueFirst,1,1.0e-04,0,Converged,Converged,BudgetExceeded,1,2.5378861849848495,0.00012222161,1.103722,0.471918,0.630593,0.000029,0.001015,0.085026,0.000868,147,147,4,2,2,1,2,FiniteUncertified,FiniteUncertified,FiniteUncertified,FiniteUncertified,FiniteUncertified,BudgetExceeded,BudgetExceeded,BudgetExceeded,BudgetExceeded,BudgetExceeded
rand031,0.0,None,0,1.0e-03,0,Converged,Converged,Converged,1,2.2235674620758901,0.0015457224,1.127273,0.721046,0.405504,0.000028,0.001465,0.257461,0.002076,76,76,4,2,2,1,2,NotRequested,NotRequested,NotRequested,NotRequested,NotRequested,NotRequested,NotRequested,NotRequested,NotRequested,NotRequested
rand031,0.0,None,0,1.0e-04,0,Converged,Converged,Converged,1,2.2235560580385947,0.00011994165,1.157284,0.727095,0.429068,0.000042,0.001446,0.243358,0.000956,108,108,4,2,2,1,2,NotRequested,NotRequested,NotRequested,NotRequested,NotRequested,NotRequested,NotRequested,NotRequested,NotRequested,NotRequested
rand031,0.0,None,1,1.0e-03,0,Converged,Converged,Converged,1,2.2340490007589371,0.0015566814,1.229453,0.828322,0.400072,0.000028,0.001061,0.258493,0.000867,76,76,4,1,1,1,3,NotRequested,NotRequested,NotRequested,NotRequested,NotRequested,NotRequested,NotRequested,NotRequested,NotRequested,NotRequested
rand031,0.0,None,1,1.0e-04,0,Converged,Converged,Converged,1,2.2340374750662795,0.00012123313,1.275077,0.825096,0.449026,0.000021,0.001152,0.257535,0.000784,108,108,4,1,1,1,3,NotRequested,NotRequested,NotRequested,NotRequested,NotRequested,NotRequested,NotRequested,NotRequested,NotRequested,NotRequested
rand031,0.0,Strict,0,1.0e-03,0,EventLocationLimited,Converged,EventLocationLimited,1,2.2235674620758901,0.0015457224,13.414391,0.727883,12.685141,0.000021,0.001360,0.238267,0.001629,2938,2938,4,2,2,1,2,FiniteUncertified,FiniteUncertified,FiniteUncertified,FiniteUncertified,FiniteUncertified,EventLocationLimited,EventLocationLimited,EventLocationLimited,EventLocationLimited,EventLocationLimited
rand031,0.0,Strict,0,1.0e-04,0,EventLocationLimited,Converged,EventLocationLimited,1,2.2235560580385947,0.00011994165,9.812585,0.787344,9.006340,0.000240,0.002584,0.285838,0.002940,2938,2938,4,2,2,1,2,FiniteUncertified,FiniteUncertified,FiniteUncertified,FiniteUncertified,FiniteUncertified,EventLocationLimited,EventLocationLimited,EventLocationLimited,EventLocationLimited,EventLocationLimited
rand031,0.0,Strict,1,1.0e-03,0,EventLocationLimited,Converged,EventLocationLimited,1,2.2340490007589371,0.0015566814,11.692794,0.915327,10.712412,0.000187,0.002898,0.315349,0.003861,3185,3185,4,1,1,1,3,FiniteUncertified,FiniteUncertified,FiniteUncertified,FiniteUncertified,FiniteUncertified,EventLocationLimited,EventLocationLimited,EventLocationLimited,EventLocationLimited,EventLocationLimited
rand031,0.0,Strict,1,1.0e-04,0,EventLocationLimited,Converged,EventLocationLimited,1,2.2340374750662795,0.00012123313,11.363326,0.872717,10.467945,0.000200,0.002005,0.278291,0.001609,3185,3185,4,1,1,1,3,FiniteUncertified,FiniteUncertified,FiniteUncertified,FiniteUncertified,FiniteUncertified,EventLocationLimited,EventLocationLimited,EventLocationLimited,EventLocationLimited,EventLocationLimited
rand031,0.0,ValueFirst,0,1.0e-03,0,Converged,Converged,Converged,1,2.2235674620758901,0.0015457224,1.790335,0.742004,1.045961,0.000245,0.002679,0.253499,0.002982,300,300,4,2,2,1,2,ToleranceMet,ToleranceMet,ToleranceMet,ToleranceMet,ToleranceMet,ToleranceMet,ToleranceMet,ToleranceMet,ToleranceMet,ToleranceMet
rand031,0.0,ValueFirst,0,1.0e-04,0,Converged,Converged,Converged,1,2.2235560580385947,0.00011994165,1.806582,0.727247,1.078031,0.000066,0.001136,0.246959,0.001072,332,332,4,2,2,1,2,ToleranceMet,ToleranceMet,ToleranceMet,ToleranceMet,ToleranceMet,ToleranceMet,ToleranceMet,ToleranceMet,ToleranceMet,ToleranceMet
rand031,0.0,ValueFirst,1,1.0e-03,0,Converged,Converged,Converged,1,2.2340490007589371,0.0015566814,1.895008,0.835946,1.055490,0.000051,0.001094,0.263553,0.000969,300,300,4,1,1,1,3,ToleranceMet,ToleranceMet,ToleranceMet,ToleranceMet,ToleranceMet,ToleranceMet,ToleranceMet,ToleranceMet,ToleranceMet,ToleranceMet
rand031,0.0,ValueFirst,1,1.0e-04,0,Converged,Converged,Converged,1,2.2340374750662795,0.00012123313,1.962750,0.834534,1.126705,0.000030,0.001093,0.288801,0.000841,332,332,4,1,1,1,3,ToleranceMet,ToleranceMet,ToleranceMet,ToleranceMet,ToleranceMet,ToleranceMet,ToleranceMet,ToleranceMet,ToleranceMet,ToleranceMet
rand031,0.5,None,0,1.0e-03,0,Converged,Converged,Converged,1,2.2169701326337239,0.00093105759,1.149538,0.718320,0.430530,0.000020,0.001375,0.260683,0.001697,76,76,4,2,2,1,2,NotRequested,NotRequested,NotRequested,NotRequested,NotRequested,NotRequested,NotRequested,NotRequested,NotRequested,NotRequested
rand031,0.5,None,0,1.0e-04,0,Converged,Converged,Converged,1,2.2169632902113467,7.5587321e-05,1.188566,0.730290,0.457147,0.000034,0.001104,0.245995,0.000907,108,108,4,2,2,1,2,NotRequested,NotRequested,NotRequested,NotRequested,NotRequested,NotRequested,NotRequested,NotRequested,NotRequested,NotRequested
rand031,0.5,None,1,1.0e-03,0,Converged,Converged,Converged,1,2.2273393823162349,0.00093764685,1.262369,0.841563,0.419861,0.000021,0.000995,0.260699,0.000762,76,76,4,1,1,1,3,NotRequested,NotRequested,NotRequested,NotRequested,NotRequested,NotRequested,NotRequested,NotRequested,NotRequested,NotRequested
rand031,0.5,None,1,1.0e-04,0,Converged,Converged,Converged,1,2.2273324669006405,7.6375903e-05,1.393503,0.916702,0.475838,0.000032,0.001008,0.262001,0.000700,108,108,4,1,1,1,3,NotRequested,NotRequested,NotRequested,NotRequested,NotRequested,NotRequested,NotRequested,NotRequested,NotRequested,NotRequested
rand031,0.5,Strict,0,1.0e-03,0,TopologyUnresolved,Converged,TopologyUnresolved,1,2.2169701326337239,0.00093105759,13.908319,0.714802,13.192441,0.000020,0.001339,0.241103,0.001536,2685,2685,4,2,2,1,2,Invalid,Invalid,Invalid,Invalid,Invalid,TopologyUnresolved,TopologyUnresolved,TopologyUnresolved,TopologyUnresolved,TopologyUnresolved
rand031,0.5,Strict,0,1.0e-04,0,TopologyUnresolved,Converged,TopologyUnresolved,1,2.2169632902113467,7.5587321e-05,11.149782,0.771904,10.359547,0.000068,0.001657,0.290352,0.002706,2685,2685,4,2,2,1,2,Invalid,Invalid,Invalid,Invalid,Invalid,TopologyUnresolved,TopologyUnresolved,TopologyUnresolved,TopologyUnresolved,TopologyUnresolved
rand031,0.5,Strict,1,1.0e-03,0,TopologyUnresolved,Converged,TopologyUnresolved,1,2.2273393823162349,0.00093764685,14.210846,1.144881,12.975266,0.000220,0.002891,0.319012,0.003850,2956,2956,4,1,1,1,3,Invalid,Invalid,Invalid,Invalid,Invalid,TopologyUnresolved,TopologyUnresolved,TopologyUnresolved,TopologyUnresolved,TopologyUnresolved
rand031,0.5,Strict,1,1.0e-04,0,TopologyUnresolved,Converged,TopologyUnresolved,1,2.22733246690064,7.6375903e-05,13.166408,0.943060,12.205024,0.000198,0.001224,0.284893,0.001513,2956,2956,4,1,1,1,3,Invalid,Invalid,Invalid,Invalid,Invalid,TopologyUnresolved,TopologyUnresolved,TopologyUnresolved,TopologyUnresolved,TopologyUnresolved
rand031,0.5,ValueFirst,0,1.0e-03,0,Converged,Converged,BudgetExceeded,1,2.2169701326337239,0.00093105759,2.574220,0.957023,1.614823,0.000218,0.003777,0.327904,0.002849,300,300,4,2,2,1,2,ToleranceMet,ToleranceMet,FiniteUncertified,ToleranceMet,ToleranceMet,ToleranceMet,ToleranceMet,BudgetExceeded,ToleranceMet,ToleranceMet
rand031,0.5,ValueFirst,0,1.0e-04,0,Converged,Converged,Converged,1,2.2169632902113467,7.5587321e-05,2.332850,0.900588,1.430689,0.000066,0.001425,0.320594,0.001254,308,308,4,2,2,1,2,ToleranceMet,ToleranceMet,ToleranceMet,ToleranceMet,ToleranceMet,ToleranceMet,ToleranceMet,ToleranceMet,ToleranceMet,ToleranceMet
rand031,0.5,ValueFirst,1,1.0e-03,0,Converged,Converged,BudgetExceeded,1,2.2273393823162349,0.00093764685,2.143579,0.838380,1.302978,0.000021,0.001194,0.265194,0.000912,300,300,4,1,1,1,3,ToleranceMet,ToleranceMet,FiniteUncertified,ToleranceMet,ToleranceMet,ToleranceMet,ToleranceMet,BudgetExceeded,ToleranceMet,ToleranceMet
rand031,0.5,ValueFirst,1,1.0e-04,0,Converged,Converged,Converged,1,2.22733246690064,7.6375903e-05,2.257602,0.838166,1.418102,0.000030,0.001137,0.270899,0.000844,308,308,4,1,1,1,3,ToleranceMet,ToleranceMet,ToleranceMet,ToleranceMet,ToleranceMet,ToleranceMet,ToleranceMet,ToleranceMet,ToleranceMet,ToleranceMet
rand032,0.0,None,0,1.0e-03,0,Converged,Converged,Converged,1,3.8885147668478521,0.0038395369,0.914320,0.730060,0.183701,0.000020,0.018211,0.081921,0.002187,46,46,4,0,0,1,4,NotRequested,NotRequested,NotRequested,NotRequested,NotRequested,NotRequested,NotRequested,NotRequested,NotRequested,NotRequested
rand032,0.0,None,0,1.0e-04,0,Converged,Converged,Converged,1,3.8885147672927323,1.2748293e-07,0.888996,0.704345,0.183631,0.000033,0.009277,0.074911,0.000654,62,62,4,0,0,1,4,NotRequested,NotRequested,NotRequested,NotRequested,NotRequested,NotRequested,NotRequested,NotRequested,NotRequested,NotRequested
rand032,0.0,None,1,1.0e-03,0,Converged,Converged,Converged,1,3.8877170776557484,0.0038379174,0.722969,0.560129,0.161579,0.000031,0.009409,0.079023,0.000580,46,46,4,0,0,1,4,NotRequested,NotRequested,NotRequested,NotRequested,NotRequested,NotRequested,NotRequested,NotRequested,NotRequested,NotRequested
rand032,0.0,None,1,1.0e-04,0,Converged,Converged,Converged,1,3.887717078099616,1.2739327e-07,0.763299,0.587608,0.174679,0.000022,0.008207,0.067014,0.000460,62,62,4,0,0,1,4,NotRequested,NotRequested,NotRequested,NotRequested,NotRequested,NotRequested,NotRequested,NotRequested,NotRequested,NotRequested
rand032,0.0,Strict,0,1.0e-03,0,EventLocationLimited,Converged,EventLocationLimited,1,3.8885147668478521,0.0038395369,15.491987,0.683395,14.807108,0.000028,0.008614,0.065419,0.001007,2993,2993,4,0,0,1,4,FiniteUncertified,FiniteUncertified,FiniteUncertified,FiniteUncertified,FiniteUncertified,EventLocationLimited,EventLocationLimited,EventLocationLimited,EventLocationLimited,EventLocationLimited
rand032,0.0,Strict,0,1.0e-04,0,EventLocationLimited,Converged,EventLocationLimited,1,3.8885147672927323,1.2748293e-07,11.130583,0.805312,10.296688,0.000221,0.020303,0.101361,0.002082,2993,2993,4,0,0,1,4,FiniteUncertified,FiniteUncertified,FiniteUncertified,FiniteUncertified,FiniteUncertified,EventLocationLimited,EventLocationLimited,EventLocationLimited,EventLocationLimited,EventLocationLimited
rand032,0.0,Strict,1,1.0e-03,0,EventLocationLimited,Converged,EventLocationLimited,1,3.8877170776557484,0.0038379174,14.954082,0.628590,14.209218,0.000187,0.020818,0.110912,0.002755,2993,2993,4,0,0,1,4,FiniteUncertified,FiniteUncertified,FiniteUncertified,FiniteUncertified,FiniteUncertified,EventLocationLimited,EventLocationLimited,EventLocationLimited,EventLocationLimited,EventLocationLimited
rand032,0.0,Strict,1,1.0e-04,0,EventLocationLimited,Converged,EventLocationLimited,1,3.887717078099616,1.2739327e-07,14.650876,0.605558,14.021130,0.000222,0.015989,0.093822,0.001819,2993,2993,4,0,0,1,4,FiniteUncertified,FiniteUncertified,FiniteUncertified,FiniteUncertified,FiniteUncertified,EventLocationLimited,EventLocationLimited,EventLocationLimited,EventLocationLimited,EventLocationLimited
rand032,0.0,ValueFirst,0,1.0e-03,0,Converged,Converged,BudgetExceeded,1,3.8885147668478521,0.0038395369,1.166640,0.725721,0.439176,0.000187,0.012489,0.091908,0.002421,158,158,4,0,0,1,4,FiniteUncertified,FiniteUncertified,FiniteUncertified,FiniteUncertified,FiniteUncertified,BudgetExceeded,BudgetExceeded,BudgetExceeded,BudgetExceeded,BudgetExceeded
rand032,0.0,ValueFirst,0,1.0e-04,0,Converged,Converged,BudgetExceeded,1,3.8885147672927323,1.2748293e-07,1.485781,0.696563,0.787303,0.000020,0.009623,0.079165,0.000814,286,286,4,0,0,1,4,FiniteUncertified,FiniteUncertified,FiniteUncertified,FiniteUncertified,FiniteUncertified,BudgetExceeded,BudgetExceeded,BudgetExceeded,BudgetExceeded,BudgetExceeded
rand032,0.0,ValueFirst,1,1.0e-03,0,Converged,Converged,BudgetExceeded,1,3.8877170776557484,0.0038379174,0.976359,0.542000,0.431034,0.000046,0.009455,0.079140,0.000669,158,158,4,0,0,1,4,FiniteUncertified,FiniteUncertified,FiniteUncertified,FiniteUncertified,FiniteUncertified,BudgetExceeded,BudgetExceeded,BudgetExceeded,BudgetExceeded,BudgetExceeded
rand032,0.0,ValueFirst,1,1.0e-04,0,Converged,Converged,BudgetExceeded,1,3.887717078099616,1.2739327e-07,1.346176,0.550692,0.792883,0.000026,0.008103,0.072657,0.000475,286,286,4,0,0,1,4,FiniteUncertified,FiniteUncertified,FiniteUncertified,FiniteUncertified,FiniteUncertified,BudgetExceeded,BudgetExceeded,BudgetExceeded,BudgetExceeded,BudgetExceeded
rand032,0.5,None,0,1.0e-03,0,Converged,Converged,Converged,1,3.886896362999086,1.3677071e-07,0.903655,0.692648,0.210301,0.000021,0.009237,0.076377,0.001123,62,62,4,0,0,1,4,NotRequested,NotRequested,NotRequested,NotRequested,NotRequested,NotRequested,NotRequested,NotRequested,NotRequested,NotRequested
rand032,0.5,None,0,1.0e-04,0,Converged,Converged,Converged,1,3.886896362999086,1.3677071e-07,0.875573,0.677398,0.197037,0.000044,0.008525,0.076302,0.000493,62,62,4,0,0,1,4,NotRequested,NotRequested,NotRequested,NotRequested,NotRequested,NotRequested,NotRequested,NotRequested,NotRequested,NotRequested
rand032,0.5,None,1,1.0e-03,0,Converged,Converged,Converged,1,3.8860997128384103,1.3665291e-07,0.758022,0.557647,0.199308,0.000047,0.008566,0.075531,0.000489,62,62,4,0,0,1,4,NotRequested,NotRequested,NotRequested,NotRequested,NotRequested,NotRequested,NotRequested,NotRequested,NotRequested,NotRequested
rand032,0.5,None,1,1.0e-04,0,Converged,Converged,Converged,1,3.8860997128384103,1.3665291e-07,0.752466,0.555580,0.195923,0.000027,0.008357,0.073962,0.000486,62,62,4,0,0,1,4,NotRequested,NotRequested,NotRequested,NotRequested,NotRequested,NotRequested,NotRequested,NotRequested,NotRequested,NotRequested
rand032,0.5,Strict,0,1.0e-03,0,TopologyUnresolved,Converged,TopologyUnresolved,1,3.886896362999086,1.3677071e-07,12.586269,0.658967,11.925887,0.000038,0.007857,0.060478,0.000962,2612,2612,4,0,0,1,4,Invalid,Invalid,Invalid,Invalid,Invalid,TopologyUnresolved,TopologyUnresolved,TopologyUnresolved,TopologyUnresolved,TopologyUnresolved
rand032,0.5,Strict,0,1.0e-04,0,TopologyUnresolved,Converged,TopologyUnresolved,1,3.886896362999086,1.3677071e-07,10.139097,0.747265,9.371413,0.000190,0.017147,0.105263,0.002322,2612,2612,4,0,0,1,4,Invalid,Invalid,Invalid,Invalid,Invalid,TopologyUnresolved,TopologyUnresolved,TopologyUnresolved,TopologyUnresolved,TopologyUnresolved
rand032,0.5,Strict,1,1.0e-03,0,TopologyUnresolved,Converged,Converged,1,3.8860997128384103,1.3665291e-07,10.598009,0.630867,9.870310,0.000181,0.022882,0.107571,0.002282,2478,2478,4,0,0,1,4,Invalid,Invalid,Invalid,Invalid,Invalid,TopologyUnresolved,TopologyUnresolved,TopologyUnresolved,TopologyUnresolved,TopologyUnresolved
rand032,0.5,Strict,1,1.0e-04,0,TopologyUnresolved,Converged,Converged,1,3.8860997128384103,1.3665291e-07,10.530047,0.591255,9.917968,0.000261,0.014883,0.089799,0.002101,2478,2478,4,0,0,1,4,Invalid,Invalid,Invalid,Invalid,Invalid,TopologyUnresolved,TopologyUnresolved,TopologyUnresolved,TopologyUnresolved,TopologyUnresolved
rand032,0.5,ValueFirst,0,1.0e-03,0,Converged,Converged,BudgetExceeded,1,3.886896362999086,1.3677071e-07,1.750593,0.711480,1.037538,0.000202,0.014707,0.096267,0.002325,286,286,4,0,0,1,4,FiniteUncertified,FiniteUncertified,FiniteUncertified,FiniteUncertified,FiniteUncertified,BudgetExceeded,BudgetExceeded,BudgetExceeded,BudgetExceeded,BudgetExceeded
rand032,0.5,ValueFirst,0,1.0e-04,0,Converged,Converged,BudgetExceeded,1,3.886896362999086,1.3677071e-07,1.684976,0.693826,0.988241,0.000020,0.009683,0.079443,0.000903,286,286,4,0,0,1,4,FiniteUncertified,FiniteUncertified,FiniteUncertified,FiniteUncertified,FiniteUncertified,BudgetExceeded,BudgetExceeded,BudgetExceeded,BudgetExceeded,BudgetExceeded
rand032,0.5,ValueFirst,1,1.0e-03,0,Converged,Converged,BudgetExceeded,1,3.8860997128384103,1.3665291e-07,1.633986,0.562012,1.069292,0.000029,0.009293,0.080459,0.000672,286,286,4,0,0,1,4,FiniteUncertified,FiniteUncertified,FiniteUncertified,FiniteUncertified,FiniteUncertified,BudgetExceeded,BudgetExceeded,BudgetExceeded,BudgetExceeded,BudgetExceeded
rand032,0.5,ValueFirst,1,1.0e-04,0,Converged,Converged,BudgetExceeded,1,3.8860997128384103,1.3665291e-07,1.582377,0.559666,1.019489,0.000029,0.008929,0.074085,0.000545,286,286,4,0,0,1,4,FiniteUncertified,FiniteUncertified,FiniteUncertified,FiniteUncertified,FiniteUncertified,BudgetExceeded,BudgetExceeded,BudgetExceeded,BudgetExceeded,BudgetExceeded
rand033,0.0,None,0,1.0e-03,0,EventLocationLimited,EventLocationLimited,Converged,0,30.388130159758976,0.32150522,1.463815,0.822723,0.639355,0.000021,0.002086,0.447289,0.007817,85,85,8,0,0,1,7,NotRequested,NotRequested,NotRequested,NotRequested,NotRequested,NotRequested,NotRequested,NotRequested,NotRequested,NotRequested
rand033,0.0,None,0,1.0e-04,0,Converged,Converged,Converged,1,30.38542675520273,0.0014642169,1.701344,0.804519,0.895574,0.000020,0.001756,0.570214,0.002331,166,166,8,0,0,1,8,NotRequested,NotRequested,NotRequested,NotRequested,NotRequested,NotRequested,NotRequested,NotRequested,NotRequested,NotRequested
rand033,0.0,None,1,1.0e-03,0,EventLocationLimited,EventLocationLimited,Converged,0,30.323093075087716,0.32369114,0.923475,0.331742,0.590004,0.000019,0.001566,0.419030,0.002164,85,85,8,2,2,1,5,NotRequested,NotRequested,NotRequested,NotRequested,NotRequested,NotRequested,NotRequested,NotRequested,NotRequested,NotRequested
rand033,0.0,None,1,1.0e-04,0,Converged,Converged,Converged,1,30.320408382691031,0.0014683874,1.239361,0.352073,0.885632,0.000032,0.001692,0.562178,0.002009,166,166,8,2,2,1,6,NotRequested,NotRequested,NotRequested,NotRequested,NotRequested,NotRequested,NotRequested,NotRequested,NotRequested,NotRequested
rand033,0.0,Strict,0,1.0e-03,0,EventLocationLimited,Converged,EventLocationLimited,1,30.385545837825465,0.020144436,19.507100,0.807987,18.697512,0.000028,0.001870,0.578096,0.003416,3506,3506,8,0,0,1,8,FiniteUncertified,FiniteUncertified,FiniteUncertified,FiniteUncertified,FiniteUncertified,EventLocationLimited,EventLocationLimited,EventLocationLimited,EventLocationLimited,EventLocationLimited
rand033,0.0,Strict,0,1.0e-04,0,EventLocationLimited,Converged,EventLocationLimited,1,30.38542675520273,0.0014642169,14.453045,0.871310,13.565496,0.000196,0.002831,0.613772,0.004811,3506,3506,8,0,0,1,8,FiniteUncertified,FiniteUncertified,FiniteUncertified,FiniteUncertified,FiniteUncertified,EventLocationLimited,EventLocationLimited,EventLocationLimited,EventLocationLimited,EventLocationLimited
rand033,0.0,Strict,1,1.0e-03,0,EventLocationLimited,Converged,EventLocationLimited,1,30.320526339462802,0.019709671,7.033213,0.447117,6.495340,0.000197,0.003460,0.597698,0.006370,1996,1996,8,2,2,1,6,FiniteUncertified,FiniteUncertified,FiniteUncertified,FiniteUncertified,FiniteUncertified,EventLocationLimited,EventLocationLimited,EventLocationLimited,EventLocationLimited,EventLocationLimited
rand033,0.0,Strict,1,1.0e-04,0,EventLocationLimited,Converged,EventLocationLimited,1,30.320408382691031,0.0014683874,6.953955,0.414017,6.527350,0.000202,0.002483,0.568162,0.004417,1996,1996,8,2,2,1,6,FiniteUncertified,FiniteUncertified,FiniteUncertified,FiniteUncertified,FiniteUncertified,EventLocationLimited,EventLocationLimited,EventLocationLimited,EventLocationLimited,EventLocationLimited
rand033,0.0,ValueFirst,0,1.0e-03,0,EventLocationLimited,EventLocationLimited,EventLocationLimited,0,30.388130159758976,0.32150522,1.421005,0.774613,0.644605,0.000179,0.003046,0.446781,0.005728,85,85,8,0,0,1,7,FiniteUncertified,FiniteUncertified,FiniteUncertified,FiniteUncertified,FiniteUncertified,EventLocationLimited,EventLocationLimited,EventLocationLimited,EventLocationLimited,EventLocationLimited
rand033,0.0,ValueFirst,0,1.0e-04,0,Converged,Converged,BudgetExceeded,1,30.38542675520273,0.0014642169,1.931641,0.809903,1.120359,0.000033,0.001771,0.571164,0.002204,238,238,8,0,0,1,8,FiniteUncertified,FiniteUncertified,FiniteUncertified,FiniteUncertified,FiniteUncertified,BudgetExceeded,BudgetExceeded,BudgetExceeded,BudgetExceeded,BudgetExceeded
rand033,0.0,ValueFirst,1,1.0e-03,0,EventLocationLimited,EventLocationLimited,EventLocationLimited,0,30.323093075087716,0.32369114,1.007716,0.352482,0.650808,0.000043,0.001783,0.457821,0.002537,85,85,8,2,2,1,5,FiniteUncertified,FiniteUncertified,FiniteUncertified,FiniteUncertified,FiniteUncertified,EventLocationLimited,EventLocationLimited,EventLocationLimited,EventLocationLimited,EventLocationLimited
rand033,0.0,ValueFirst,1,1.0e-04,0,Converged,Converged,BudgetExceeded,1,30.320408382691031,0.0014683874,1.466757,0.352911,1.112103,0.000027,0.001660,0.582134,0.002197,238,238,8,2,2,1,6,FiniteUncertified,FiniteUncertified,FiniteUncertified,FiniteUncertified,FiniteUncertified,BudgetExceeded,BudgetExceeded,BudgetExceeded,BudgetExceeded,BudgetExceeded
rand033,0.5,None,0,1.0e-03,0,EventLocationLimited,EventLocationLimited,Converged,0,31.51585830242955,0.45171891,1.516543,0.815292,0.700619,0.000029,0.002050,0.458147,0.003753,85,85,8,0,0,1,7,NotRequested,NotRequested,NotRequested,NotRequested,NotRequested,NotRequested,NotRequested,NotRequested,NotRequested,NotRequested
rand033,0.5,None,0,1.0e-04,0,Converged,Converged,Converged,1,31.514232885565136,0.0011865112,1.635899,0.734734,0.900091,0.000018,0.001483,0.529596,0.001971,166,166,8,0,0,1,8,NotRequested,NotRequested,NotRequested,NotRequested,NotRequested,NotRequested,NotRequested,NotRequested,NotRequested,NotRequested
rand033,0.5,None,1,1.0e-03,0,EventLocationLimited,EventLocationLimited,Converged,0,31.451596859513284,0.45636898,0.975832,0.325723,0.648337,0.000021,0.001748,0.429906,0.002200,85,85,8,2,2,1,5,NotRequested,NotRequested,NotRequested,NotRequested,NotRequested,NotRequested,NotRequested,NotRequested,NotRequested,NotRequested
rand033,0.5,None,1,1.0e-04,0,Converged,Converged,Converged,1,31.449982528016122,0.0011818299,1.258049,0.348017,0.908553,0.000026,0.002632,0.521434,0.001946,166,166,8,2,2,1,6,NotRequested,NotRequested,NotRequested,NotRequested,NotRequested,NotRequested,NotRequested,NotRequested,NotRequested,NotRequested
rand033,0.5,Strict,0,1.0e-03,0,InnerAccuracyLimited,Converged,InnerAccuracyLimited,1,31.514303523854018,0.017609381,2.149089,0.755678,1.392835,0.000019,0.001678,0.503200,0.003184,270,270,8,0,0,1,8,FiniteUncertified,FiniteUncertified,FiniteUncertified,FiniteUncertified,FiniteUncertified,InnerAccuracyLimited,InnerAccuracyLimited,InnerAccuracyLimited,InnerAccuracyLimited,InnerAccuracyLimited
rand033,0.5,Strict,0,1.0e-04,0,InnerAccuracyLimited,Converged,InnerAccuracyLimited,1,31.514232885565136,0.0011865112,2.269898,0.789741,1.478154,0.000021,0.001689,0.570720,0.002182,270,270,8,0,0,1,8,FiniteUncertified,FiniteUncertified,FiniteUncertified,FiniteUncertified,FiniteUncertified,InnerAccuracyLimited,InnerAccuracyLimited,InnerAccuracyLimited,InnerAccuracyLimited,InnerAccuracyLimited
rand033,0.5,Strict,1,1.0e-03,0,InnerAccuracyLimited,Converged,InnerAccuracyLimited,1,31.450052479057092,0.017684428,2.208730,0.447892,1.659811,0.000221,0.003201,0.621952,0.007377,286,286,8,2,2,1,6,FiniteUncertified,FiniteUncertified,FiniteUncertified,FiniteUncertified,FiniteUncertified,InnerAccuracyLimited,InnerAccuracyLimited,InnerAccuracyLimited,InnerAccuracyLimited,InnerAccuracyLimited
rand033,0.5,Strict,1,1.0e-04,0,InnerAccuracyLimited,Converged,InnerAccuracyLimited,1,31.449982528016122,0.0011818299,1.939701,0.354260,1.583175,0.000027,0.001720,0.575305,0.002314,286,286,8,2,2,1,6,FiniteUncertified,FiniteUncertified,FiniteUncertified,FiniteUncertified,FiniteUncertified,InnerAccuracyLimited,InnerAccuracyLimited,InnerAccuracyLimited,InnerAccuracyLimited,InnerAccuracyLimited
rand033,0.5,ValueFirst,0,1.0e-03,0,EventLocationLimited,EventLocationLimited,EventLocationLimited,0,31.51585830242955,0.45171891,1.585278,0.818556,0.765147,0.000029,0.002631,0.454553,0.004404,85,85,8,0,0,1,7,FiniteUncertified,FiniteUncertified,FiniteUncertified,FiniteUncertified,FiniteUncertified,EventLocationLimited,EventLocationLimited,EventLocationLimited,EventLocationLimited,EventLocationLimited
rand033,0.5,ValueFirst,0,1.0e-04,0,Converged,Converged,BudgetExceeded,1,31.514232885565136,0.0011865112,2.181036,0.809595,1.370046,0.000029,0.001654,0.566952,0.002113,238,238,8,0,0,1,8,FiniteUncertified,FiniteUncertified,FiniteUncertified,FiniteUncertified,FiniteUncertified,BudgetExceeded,BudgetExceeded,BudgetExceeded,BudgetExceeded,BudgetExceeded
rand033,0.5,ValueFirst,1,1.0e-03,0,EventLocationLimited,EventLocationLimited,EventLocationLimited,0,31.451596859513284,0.45636898,1.113869,0.349970,0.760275,0.000060,0.001689,0.454296,0.002427,85,85,8,2,2,1,5,FiniteUncertified,FiniteUncertified,FiniteUncertified,FiniteUncertified,FiniteUncertified,EventLocationLimited,EventLocationLimited,EventLocationLimited,EventLocationLimited,EventLocationLimited
rand033,0.5,ValueFirst,1,1.0e-04,0,Converged,Converged,BudgetExceeded,1,31.449982528016122,0.0011818299,1.720806,0.353072,1.365918,0.000028,0.001656,0.571288,0.002159,238,238,8,2,2,1,6,FiniteUncertified,FiniteUncertified,FiniteUncertified,FiniteUncertified,FiniteUncertified,BudgetExceeded,BudgetExceeded,BudgetExceeded,BudgetExceeded,BudgetExceeded
rand034,0.0,None,0,1.0e-03,0,Converged,Converged,Converged,1,3.6734003418334504,7.805644e-07,0.758584,0.328827,0.429038,0.000030,0.001523,0.310250,0.003429,69,69,6,0,0,1,6,NotRequested,NotRequested,NotRequested,NotRequested,NotRequested,NotRequested,NotRequested,NotRequested,NotRequested,NotRequested
rand034,0.0,None,0,1.0e-04,0,Converged,Converged,Converged,1,3.6734003418334504,7.805644e-07,0.686134,0.318674,0.366335,0.000029,0.001167,0.277150,0.000852,69,69,6,0,0,1,6,NotRequested,NotRequested,NotRequested,NotRequested,NotRequested,NotRequested,NotRequested,NotRequested,NotRequested,NotRequested
rand034,0.0,None,1,1.0e-03,0,Converged,Converged,Converged,1,3.6809986408110125,7.8197239e-07,0.643586,0.270478,0.371838,0.000038,0.001118,0.269467,0.000809,69,69,6,1,1,1,5,NotRequested,NotRequested,NotRequested,NotRequested,NotRequested,NotRequested,NotRequested,NotRequested,NotRequested,NotRequested
rand034,0.0,None,1,1.0e-04,0,Converged,Converged,Converged,1,3.6809986408110125,7.8197239e-07,0.688717,0.282446,0.405080,0.000022,0.001144,0.291287,0.000754,69,69,6,1,1,1,5,NotRequested,NotRequested,NotRequested,NotRequested,NotRequested,NotRequested,NotRequested,NotRequested,NotRequested,NotRequested
rand034,0.0,Strict,0,1.0e-03,0,EventLocationLimited,Converged,EventLocationLimited,1,3.6734003418334504,7.805644e-07,6.931439,0.315162,6.615175,0.000025,0.001282,0.288249,0.001720,1960,1960,6,0,0,1,6,FiniteUncertified,FiniteUncertified,FiniteUncertified,FiniteUncertified,FiniteUncertified,EventLocationLimited,EventLocationLimited,EventLocationLimited,EventLocationLimited,EventLocationLimited
rand034,0.0,Strict,0,1.0e-04,0,EventLocationLimited,Converged,EventLocationLimited,1,3.6734003418334504,7.805644e-07,6.059869,0.352392,5.692506,0.000094,0.001741,0.336116,0.003481,1960,1960,6,0,0,1,6,FiniteUncertified,FiniteUncertified,FiniteUncertified,FiniteUncertified,FiniteUncertified,EventLocationLimited,EventLocationLimited,EventLocationLimited,EventLocationLimited,EventLocationLimited
rand034,0.0,Strict,1,1.0e-03,0,EventLocationLimited,Converged,EventLocationLimited,1,3.6809986408110125,7.8197239e-07,3.366055,0.401311,2.840261,0.000310,0.003173,0.357108,0.005379,856,856,6,1,1,1,5,FiniteUncertified,FiniteUncertified,FiniteUncertified,FiniteUncertified,FiniteUncertified,EventLocationLimited,EventLocationLimited,EventLocationLimited,EventLocationLimited,EventLocationLimited
rand034,0.0,Strict,1,1.0e-04,0,EventLocationLimited,Converged,EventLocationLimited,1,3.6809986408110125,7.8197239e-07,2.809297,0.278079,2.517428,0.000056,0.001232,0.296175,0.001144,856,856,6,1,1,1,5,FiniteUncertified,FiniteUncertified,FiniteUncertified,FiniteUncertified,FiniteUncertified,EventLocationLimited,EventLocationLimited,EventLocationLimited,EventLocationLimited,EventLocationLimited
rand034,0.0,ValueFirst,0,1.0e-03,0,Converged,Converged,BudgetExceeded,1,3.6734003418334504,7.805644e-07,0.818352,0.300567,0.515862,0.000058,0.002150,0.296557,0.002008,125,125,6,0,0,1,6,FiniteUncertified,FiniteUncertified,FiniteUncertified,FiniteUncertified,FiniteUncertified,BudgetExceeded,BudgetExceeded,BudgetExceeded,BudgetExceeded,BudgetExceeded
rand034,0.0,ValueFirst,0,1.0e-04,0,Converged,Converged,BudgetExceeded,1,3.6734003418334504,7.805644e-07,0.768063,0.297718,0.468770,0.000053,0.001019,0.271923,0.000838,125,125,6,0,0,1,6,FiniteUncertified,FiniteUncertified,FiniteUncertified,FiniteUncertified,FiniteUncertified,BudgetExceeded,BudgetExceeded,BudgetExceeded,BudgetExceeded,BudgetExceeded
rand034,0.0,ValueFirst,1,1.0e-03,0,Converged,Converged,BudgetExceeded,1,3.6809986408110125,7.8197239e-07,0.789304,0.267198,0.518997,0.000059,0.001045,0.272173,0.000848,125,125,6,1,1,1,5,FiniteUncertified,FiniteUncertified,FiniteUncertified,FiniteUncertified,FiniteUncertified,BudgetExceeded,BudgetExceeded,BudgetExceeded,BudgetExceeded,BudgetExceeded
rand034,0.0,ValueFirst,1,1.0e-04,0,Converged,Converged,BudgetExceeded,1,3.6809986408110125,7.8197239e-07,0.822115,0.264509,0.556206,0.000024,0.001001,0.294878,0.000814,125,125,6,1,1,1,5,FiniteUncertified,FiniteUncertified,FiniteUncertified,FiniteUncertified,FiniteUncertified,BudgetExceeded,BudgetExceeded,BudgetExceeded,BudgetExceeded,BudgetExceeded
rand034,0.5,None,0,1.0e-03,0,Converged,Converged,Converged,1,3.6695309830359113,1.5781705e-06,0.740532,0.294020,0.445857,0.000020,0.001448,0.300597,0.001631,69,69,6,0,0,1,6,NotRequested,NotRequested,NotRequested,NotRequested,NotRequested,NotRequested,NotRequested,NotRequested,NotRequested,NotRequested
rand034,0.5,None,0,1.0e-04,0,Converged,Converged,Converged,1,3.6695309830359113,1.5781705e-06,0.729564,0.316994,0.411404,0.000042,0.001138,0.291004,0.000811,69,69,6,0,0,1,6,NotRequested,NotRequested,NotRequested,NotRequested,NotRequested,NotRequested,NotRequested,NotRequested,NotRequested,NotRequested
rand034,0.5,None,1,1.0e-03,0,Converged,Converged,Converged,1,3.677104090278196,1.5841438e-06,0.724316,0.289687,0.433383,0.000035,0.001146,0.296869,0.000860,69,69,6,1,1,1,5,NotRequested,NotRequested,NotRequested,NotRequested,NotRequested,NotRequested,NotRequested,NotRequested,NotRequested,NotRequested
rand034,0.5,None,1,1.0e-04,0,Converged,Converged,Converged,1,3.677104090278196,1.5841438e-06,0.712731,0.287283,0.424351,0.000021,0.001123,0.290869,0.000748,69,69,6,1,1,1,5,NotRequested,NotRequested,NotRequested,NotRequested,NotRequested,NotRequested,NotRequested,NotRequested,NotRequested,NotRequested
rand034,0.5,Strict,0,1.0e-03,0,TopologyUnresolved,Converged,TopologyUnresolved,1,3.6695309830359117,1.5781705e-06,3.981168,0.315341,3.665085,0.000020,0.001390,0.301509,0.001802,921,921,6,0,0,1,6,Invalid,Invalid,Invalid,Invalid,Invalid,TopologyUnresolved,TopologyUnresolved,TopologyUnresolved,TopologyUnresolved,TopologyUnresolved
rand034,0.5,Strict,0,1.0e-04,0,TopologyUnresolved,Converged,TopologyUnresolved,1,3.6695309830359117,1.5781705e-06,3.788303,0.330373,3.450006,0.000076,0.001280,0.323118,0.001765,921,921,6,0,0,1,6,Invalid,Invalid,Invalid,Invalid,Invalid,TopologyUnresolved,TopologyUnresolved,TopologyUnresolved,TopologyUnresolved,TopologyUnresolved
rand034,0.5,Strict,1,1.0e-03,0,EventLocationLimited,Converged,EventLocationLimited,1,3.677104090278196,1.5841438e-06,4.888229,0.394273,4.372011,0.000224,0.003281,0.353533,0.005029,888,888,6,1,1,1,5,FiniteUncertified,FiniteUncertified,FiniteUncertified,FiniteUncertified,FiniteUncertified,EventLocationLimited,EventLocationLimited,EventLocationLimited,EventLocationLimited,EventLocationLimited
rand034,0.5,Strict,1,1.0e-04,0,EventLocationLimited,Converged,EventLocationLimited,1,3.677104090278196,1.5841438e-06,4.290777,0.300727,3.981910,0.000192,0.001212,0.306031,0.000884,888,888,6,1,1,1,5,FiniteUncertified,FiniteUncertified,FiniteUncertified,FiniteUncertified,FiniteUncertified,EventLocationLimited,EventLocationLimited,EventLocationLimited,EventLocationLimited,EventLocationLimited
rand034,0.5,ValueFirst,0,1.0e-03,0,Converged,Converged,Converged,1,3.6695309830359117,1.5781705e-06,0.919565,0.294598,0.623653,0.000025,0.002181,0.290483,0.001691,125,125,6,0,0,1,6,ToleranceMet,ToleranceMet,ToleranceMet,ToleranceMet,ToleranceMet,ToleranceMet,ToleranceMet,ToleranceMet,ToleranceMet,ToleranceMet
rand034,0.5,ValueFirst,0,1.0e-04,0,Converged,Converged,Converged,1,3.6695309830359117,1.5781705e-06,0.918723,0.292183,0.624997,0.000026,0.001079,0.291991,0.001053,125,125,6,0,0,1,6,ToleranceMet,ToleranceMet,ToleranceMet,ToleranceMet,ToleranceMet,ToleranceMet,ToleranceMet,ToleranceMet,ToleranceMet,ToleranceMet
rand034,0.5,ValueFirst,1,1.0e-03,0,Converged,Converged,BudgetExceeded,1,3.677104090278196,1.5841438e-06,1.031104,0.292172,0.736158,0.000030,0.001352,0.301039,0.000951,125,125,6,1,1,1,5,FiniteUncertified,FiniteUncertified,ToleranceMet,FiniteUncertified,FiniteUncertified,BudgetExceeded,BudgetExceeded,ToleranceMet,BudgetExceeded,BudgetExceeded
rand034,0.5,ValueFirst,1,1.0e-04,0,Converged,Converged,BudgetExceeded,1,3.677104090278196,1.5841438e-06,0.955204,0.288045,0.665669,0.000027,0.001000,0.273765,0.000733,125,125,6,1,1,1,5,FiniteUncertified,FiniteUncertified,ToleranceMet,FiniteUncertified,FiniteUncertified,BudgetExceeded,BudgetExceeded,ToleranceMet,BudgetExceeded,BudgetExceeded
rand035,0.0,None,0,1.0e-03,0,Converged,Converged,Converged,1,6.3075026394839107,0.0053878626,1.021335,0.645049,0.375665,0.000026,0.019224,0.261878,0.002357,69,69,4,0,0,1,4,NotRequested,NotRequested,NotRequested,NotRequested,NotRequested,NotRequested,NotRequested,NotRequested,NotRequested,NotRequested
rand035,0.0,None,0,1.0e-04,0,Converged,Converged,Converged,1,6.3074299975410266,5.0818195e-05,1.128889,0.666699,0.461116,0.000018,0.008377,0.261009,0.000768,165,165,4,0,0,1,4,NotRequested,NotRequested,NotRequested,NotRequested,NotRequested,NotRequested,NotRequested,NotRequested,NotRequested,NotRequested
rand035,0.0,None,1,1.0e-03,0,Converged,Converged,Converged,1,6.3202372468444734,0.0013569946,0.920161,0.537595,0.381148,0.000028,0.009080,0.270412,0.001485,76,76,4,0,0,1,4,NotRequested,NotRequested,NotRequested,NotRequested,NotRequested,NotRequested,NotRequested,NotRequested,NotRequested,NotRequested
rand035,0.0,None,1,1.0e-04,0,Converged,Converged,Converged,1,6.3202360717174306,2.2692144e-05,0.939663,0.538398,0.399565,0.000018,0.007993,0.256681,0.000777,108,108,4,0,0,1,4,NotRequested,NotRequested,NotRequested,NotRequested,NotRequested,NotRequested,NotRequested,NotRequested,NotRequested,NotRequested
rand035,0.0,Strict,0,1.0e-03,0,EventLocationLimited,Converged,EventLocationLimited,1,6.3075026394839107,0.0053878626,21.610126,0.667153,20.941843,0.000021,0.009382,0.256709,0.001495,4066,4066,4,0,0,1,4,FiniteUncertified,FiniteUncertified,FiniteUncertified,FiniteUncertified,FiniteUncertified,EventLocationLimited,EventLocationLimited,EventLocationLimited,EventLocationLimited,EventLocationLimited
rand035,0.0,Strict,0,1.0e-04,0,EventLocationLimited,Converged,EventLocationLimited,1,6.3074299975410266,5.0818195e-05,14.201638,0.745066,13.424620,0.000037,0.013843,0.310161,0.002471,4066,4066,4,0,0,1,4,FiniteUncertified,FiniteUncertified,FiniteUncertified,FiniteUncertified,FiniteUncertified,EventLocationLimited,EventLocationLimited,EventLocationLimited,EventLocationLimited,EventLocationLimited
rand035,0.0,Strict,1,1.0e-03,0,EventLocationLimited,Converged,EventLocationLimited,1,6.3202372468444734,0.0013569946,16.093735,0.606168,15.407679,0.000187,0.014784,0.298188,0.003460,3485,3485,4,0,0,1,4,FiniteUncertified,FiniteUncertified,FiniteUncertified,FiniteUncertified,FiniteUncertified,EventLocationLimited,EventLocationLimited,EventLocationLimited,EventLocationLimited,EventLocationLimited
rand035,0.0,Strict,1,1.0e-04,0,EventLocationLimited,Converged,EventLocationLimited,1,6.3202360717174306,2.2692144e-05,15.892417,0.588887,15.275966,0.000209,0.017884,0.315170,0.002038,3485,3485,4,0,0,1,4,FiniteUncertified,FiniteUncertified,FiniteUncertified,FiniteUncertified,FiniteUncertified,EventLocationLimited,EventLocationLimited,EventLocationLimited,EventLocationLimited,EventLocationLimited
rand035,0.0,ValueFirst,0,1.0e-03,0,Converged,Converged,BudgetExceeded,1,6.3075026394839107,0.0053878626,1.759541,0.735099,1.022564,0.000217,0.018846,0.308938,0.003267,293,293,4,0,0,1,4,FiniteUncertified,FiniteUncertified,FiniteUncertified,FiniteUncertified,ToleranceMet,BudgetExceeded,BudgetExceeded,BudgetExceeded,BudgetExceeded,ToleranceMet
rand035,0.0,ValueFirst,0,1.0e-04,0,Converged,Converged,BudgetExceeded,1,6.3074299975410266,5.0818195e-05,1.715299,0.705820,1.006507,0.000055,0.010745,0.296126,0.000993,307,307,4,0,0,1,4,FiniteUncertified,FiniteUncertified,FiniteUncertified,FiniteUncertified,ToleranceMet,BudgetExceeded,BudgetExceeded,BudgetExceeded,BudgetExceeded,ToleranceMet
rand035,0.0,ValueFirst,1,1.0e-03,0,Converged,Converged,Converged,1,6.3202372468444734,0.0013569946,1.191826,0.552277,0.635922,0.000049,0.009681,0.295245,0.001217,180,180,4,0,0,1,4,ToleranceMet,ToleranceMet,ToleranceMet,ToleranceMet,ToleranceMet,ToleranceMet,ToleranceMet,ToleranceMet,ToleranceMet,ToleranceMet
rand035,0.0,ValueFirst,1,1.0e-04,0,Converged,Converged,Converged,1,6.3202360717174306,2.2692144e-05,1.217377,0.540817,0.673698,0.000029,0.009106,0.268968,0.000918,212,212,4,0,0,1,4,ToleranceMet,ToleranceMet,ToleranceMet,ToleranceMet,ToleranceMet,ToleranceMet,ToleranceMet,ToleranceMet,ToleranceMet,ToleranceMet
rand035,0.5,None,0,1.0e-03,0,Converged,Converged,Converged,1,6.2928395629757876,0.0032327235,1.087121,0.682675,0.403728,0.000020,0.008784,0.272852,0.001516,69,69,4,0,0,1,4,NotRequested,NotRequested,NotRequested,NotRequested,NotRequested,NotRequested,NotRequested,NotRequested,NotRequested,NotRequested
rand035,0.5,None,0,1.0e-04,0,Converged,Converged,Converged,1,6.2927977757548783,0.00041380521,1.129330,0.681808,0.446327,0.000021,0.008921,0.286919,0.000714,101,101,4,0,0,1,4,NotRequested,NotRequested,NotRequested,NotRequested,NotRequested,NotRequested,NotRequested,NotRequested,NotRequested,NotRequested
rand035,0.5,None,1,1.0e-03,0,Converged,Converged,Converged,1,6.3055091452168428,0.00085585941,0.891613,0.514473,0.376105,0.000025,0.008204,0.256773,0.000784,76,76,4,0,0,1,4,NotRequested,NotRequested,NotRequested,NotRequested,NotRequested,NotRequested,NotRequested,NotRequested,NotRequested,NotRequested
rand035,0.5,None,1,1.0e-04,0,Converged,Converged,Converged,1,6.305508440140617,5.5277974e-05,0.926109,0.511270,0.413649,0.000019,0.008009,0.252198,0.000754,108,108,4,0,0,1,4,NotRequested,NotRequested,NotRequested,NotRequested,NotRequested,NotRequested,NotRequested,NotRequested,NotRequested,NotRequested
rand035,0.5,Strict,0,1.0e-03,0,TopologyUnresolved,Converged,TopologyUnresolved,1,6.2928395629757876,0.0032327235,16.761440,0.631019,16.129328,0.000026,0.008195,0.244958,0.001501,3297,3297,4,0,0,1,4,Invalid,Invalid,Invalid,Invalid,Invalid,TopologyUnresolved,TopologyUnresolved,TopologyUnresolved,TopologyUnresolved,TopologyUnresolved
rand035,0.5,Strict,0,1.0e-04,0,TopologyUnresolved,Converged,TopologyUnresolved,1,6.2927977757548783,0.00041380521,12.188512,0.765769,11.397795,0.000198,0.018081,0.324107,0.002775,3297,3297,4,0,0,1,4,Invalid,Invalid,Invalid,Invalid,Invalid,TopologyUnresolved,TopologyUnresolved,TopologyUnresolved,TopologyUnresolved,TopologyUnresolved
rand035,0.5,Strict,1,1.0e-03,0,TopologyUnresolved,Converged,TopologyUnresolved,1,6.3055091452168428,0.00085585941,10.740864,0.670313,9.991344,0.000197,0.022633,0.340183,0.004926,2446,2446,4,0,0,1,4,Invalid,Invalid,Invalid,Invalid,Invalid,TopologyUnresolved,TopologyUnresolved,TopologyUnresolved,TopologyUnresolved,TopologyUnresolved
rand035,0.5,Strict,1,1.0e-04,0,TopologyUnresolved,Converged,TopologyUnresolved,1,6.305508440140617,5.5277974e-05,10.638814,0.573434,10.040342,0.000162,0.016107,0.301298,0.002676,2446,2446,4,0,0,1,4,Invalid,Invalid,Invalid,Invalid,Invalid,TopologyUnresolved,TopologyUnresolved,TopologyUnresolved,TopologyUnresolved,TopologyUnresolved
rand035,0.5,ValueFirst,0,1.0e-03,0,Converged,Converged,BudgetExceeded,1,6.2928395629757876,0.0032327235,1.966274,0.731437,1.232761,0.000197,0.016748,0.300100,0.003233,293,293,4,0,0,1,4,FiniteUncertified,FiniteUncertified,FiniteUncertified,FiniteUncertified,ToleranceMet,BudgetExceeded,BudgetExceeded,BudgetExceeded,BudgetExceeded,ToleranceMet
rand035,0.5,ValueFirst,0,1.0e-04,0,Converged,Converged,BudgetExceeded,1,6.2927977757548783,0.00041380521,1.915935,0.705866,1.207057,0.000063,0.009751,0.298686,0.000869,300,300,4,0,0,1,4,FiniteUncertified,FiniteUncertified,FiniteUncertified,FiniteUncertified,FiniteUncertified,BudgetExceeded,BudgetExceeded,BudgetExceeded,BudgetExceeded,BudgetExceeded
rand035,0.5,ValueFirst,1,1.0e-03,0,Converged,Converged,Converged,1,6.3055091452168428,0.00085585941,1.345585,0.565905,0.776556,0.000021,0.009531,0.296017,0.001203,180,180,4,0,0,1,4,ToleranceMet,ToleranceMet,ToleranceMet,ToleranceMet,ToleranceMet,ToleranceMet,ToleranceMet,ToleranceMet,ToleranceMet,ToleranceMet
rand035,0.5,ValueFirst,1,1.0e-04,0,Converged,Converged,Converged,1,6.305508440140617,5.5277974e-05,1.419139,0.562088,0.854133,0.000028,0.009241,0.290540,0.000977,212,212,4,0,0,1,4,ToleranceMet,ToleranceMet,ToleranceMet,ToleranceMet,ToleranceMet,ToleranceMet,ToleranceMet,ToleranceMet,ToleranceMet,ToleranceMet
rand036,0.0,None,0,1.0e-03,0,Converged,Converged,Converged,1,4.1379159792647195,8.4271206e-07,1.077479,0.326612,0.750183,0.000021,0.001796,0.630225,0.004078,69,69,6,1,1,1,5,NotRequested,NotRequested,NotRequested,NotRequested,NotRequested,NotRequested,NotRequested,NotRequested,NotRequested,NotRequested
rand036,0.0,None,0,1.0e-04,0,Converged,Converged,Converged,1,4.1379159792647195,8.4271206e-07,0.959592,0.303183,0.655253,0.000020,0.002273,0.558021,0.000879,69,69,6,1,1,1,5,NotRequested,NotRequested,NotRequested,NotRequested,NotRequested,NotRequested,NotRequested,NotRequested,NotRequested,NotRequested
rand036,0.0,None,1,1.0e-03,0,Converged,Converged,Converged,1,4.1343805971329708,8.4378593e-07,0.871439,0.167855,0.702210,0.000025,0.001003,0.581713,0.000836,69,69,6,1,1,1,5,NotRequested,NotRequested,NotRequested,NotRequested,NotRequested,NotRequested,NotRequested,NotRequested,NotRequested,NotRequested
rand036,0.0,None,1,1.0e-04,0,Converged,Converged,Converged,1,4.1343805971329708,8.4378593e-07,0.938165,0.187815,0.748065,0.000029,0.001052,0.608975,0.000737,69,69,6,1,1,1,5,NotRequested,NotRequested,NotRequested,NotRequested,NotRequested,NotRequested,NotRequested,NotRequested,NotRequested,NotRequested
rand036,0.0,Strict,0,1.0e-03,0,EventLocationLimited,Converged,EventLocationLimited,1,4.1379159792647195,8.4271206e-07,3.850777,0.296653,3.553357,0.000020,0.001371,0.612869,0.002256,1126,1126,6,1,1,1,5,FiniteUncertified,FiniteUncertified,FiniteUncertified,FiniteUncertified,FiniteUncertified,EventLocationLimited,EventLocationLimited,EventLocationLimited,EventLocationLimited,EventLocationLimited
rand036,0.0,Strict,0,1.0e-04,0,EventLocationLimited,Converged,EventLocationLimited,1,4.1379159792647195,8.4271206e-07,3.388991,0.335216,3.044446,0.000058,0.001324,0.638907,0.001480,1126,1126,6,1,1,1,5,FiniteUncertified,FiniteUncertified,FiniteUncertified,FiniteUncertified,FiniteUncertified,EventLocationLimited,EventLocationLimited,EventLocationLimited,EventLocationLimited,EventLocationLimited
rand036,0.0,Strict,1,1.0e-03,0,EventLocationLimited,Converged,EventLocationLimited,1,4.1343805971329708,8.4378593e-07,4.316283,0.293184,3.897692,0.000261,0.002914,0.703107,0.005533,999,999,6,1,1,1,5,FiniteUncertified,FiniteUncertified,FiniteUncertified,FiniteUncertified,FiniteUncertified,EventLocationLimited,EventLocationLimited,EventLocationLimited,EventLocationLimited,EventLocationLimited
rand036,0.0,Strict,1,1.0e-04,0,EventLocationLimited,Converged,EventLocationLimited,1,4.1343805971329708,8.4378593e-07,3.978413,0.202680,3.766037,0.000021,0.001145,0.644506,0.000955,999,999,6,1,1,1,5,FiniteUncertified,FiniteUncertified,FiniteUncertified,FiniteUncertified,FiniteUncertified,EventLocationLimited,EventLocationLimited,EventLocationLimited,EventLocationLimited,EventLocationLimited
rand036,0.0,ValueFirst,0,1.0e-03,0,Converged,Converged,BudgetExceeded,1,4.1379159792647195,8.4271206e-07,1.152131,0.327989,0.822416,0.000028,0.002425,0.593410,0.002085,125,125,6,1,1,1,5,FiniteUncertified,FiniteUncertified,FiniteUncertified,FiniteUncertified,FiniteUncertified,BudgetExceeded,BudgetExceeded,BudgetExceeded,BudgetExceeded,BudgetExceeded
rand036,0.0,ValueFirst,0,1.0e-04,0,Converged,Converged,BudgetExceeded,1,4.1379159792647195,8.4271206e-07,1.150181,0.316947,0.831648,0.000028,0.001140,0.623370,0.000927,125,125,6,1,1,1,5,FiniteUncertified,FiniteUncertified,FiniteUncertified,FiniteUncertified,FiniteUncertified,BudgetExceeded,BudgetExceeded,BudgetExceeded,BudgetExceeded,BudgetExceeded
rand036,0.0,ValueFirst,1,1.0e-03,0,Converged,Converged,BudgetExceeded,1,4.1343805971329708,8.4378593e-07,1.122602,0.183584,0.935379,0.000021,0.001175,0.643559,0.001002,125,125,6,1,1,1,5,FiniteUncertified,FiniteUncertified,FiniteUncertified,FiniteUncertified,FiniteUncertified,BudgetExceeded,BudgetExceeded,BudgetExceeded,BudgetExceeded,BudgetExceeded
rand036,0.0,ValueFirst,1,1.0e-04,0,Converged,Converged,BudgetExceeded,1,4.1343805971329708,8.4378593e-07,1.118490,0.190554,0.926376,0.000021,0.001194,0.635781,0.000830,125,125,6,1,1,1,5,FiniteUncertified,FiniteUncertified,FiniteUncertified,FiniteUncertified,FiniteUncertified,BudgetExceeded,BudgetExceeded,BudgetExceeded,BudgetExceeded,BudgetExceeded
rand036,0.5,None,0,1.0e-03,0,Converged,Converged,Converged,1,4.135848960062483,1.1299319e-06,1.089843,0.325396,0.763746,0.000021,0.001603,0.623325,0.001598,69,69,6,1,1,1,5,NotRequested,NotRequested,NotRequested,NotRequested,NotRequested,NotRequested,NotRequested,NotRequested,NotRequested,NotRequested
rand036,0.5,None,0,1.0e-04,0,Converged,Converged,Converged,1,4.135848960062483,1.1299319e-06,1.060777,0.322558,0.737041,0.000037,0.001135,0.616664,0.000878,69,69,6,1,1,1,5,NotRequested,NotRequested,NotRequested,NotRequested,NotRequested,NotRequested,NotRequested,NotRequested,NotRequested,NotRequested
rand036,0.5,None,1,1.0e-03,0,Converged,Converged,Converged,1,4.1323190812779087,1.1308417e-06,0.975880,0.186045,0.788648,0.000023,0.001164,0.637584,0.000854,69,69,6,1,1,1,5,NotRequested,NotRequested,NotRequested,NotRequested,NotRequested,NotRequested,NotRequested,NotRequested,NotRequested,NotRequested
rand036,0.5,None,1,1.0e-04,0,Converged,Converged,Converged,1,4.1323190812779087,1.1308417e-06,0.971320,0.192705,0.777464,0.000020,0.001123,0.630526,0.000817,69,69,6,1,1,1,5,NotRequested,NotRequested,NotRequested,NotRequested,NotRequested,NotRequested,NotRequested,NotRequested,NotRequested,NotRequested
rand036,0.5,Strict,0,1.0e-03,0,EventLocationLimited,Converged,EventLocationLimited,1,4.135848960062483,1.1299319e-06,5.764269,0.321141,5.442269,0.000020,0.001453,0.619209,0.001669,1126,1126,6,1,1,1,5,FiniteUncertified,FiniteUncertified,FiniteUncertified,FiniteUncertified,FiniteUncertified,EventLocationLimited,EventLocationLimited,EventLocationLimited,EventLocationLimited,EventLocationLimited
rand036,0.5,Strict,0,1.0e-04,0,EventLocationLimited,Converged,EventLocationLimited,1,4.135848960062483,1.1299319e-06,5.382219,0.333701,5.039035,0.000060,0.001416,0.647025,0.002442,1126,1126,6,1,1,1,5,FiniteUncertified,FiniteUncertified,FiniteUncertified,FiniteUncertified,FiniteUncertified,EventLocationLimited,EventLocationLimited,EventLocationLimited,EventLocationLimited,EventLocationLimited
rand036,0.5,Strict,1,1.0e-03,0,TopologyUnresolved,Converged,TopologyUnresolved,1,4.1323190812779087,1.1308417e-06,4.662752,0.293427,4.243356,0.000235,0.003438,0.704723,0.004969,746,746,6,1,1,1,5,Invalid,Invalid,Invalid,Invalid,Invalid,TopologyUnresolved,TopologyUnresolved,TopologyUnresolved,TopologyUnresolved,TopologyUnresolved
rand036,0.5,Strict,1,1.0e-04,0,TopologyUnresolved,Converged,TopologyUnresolved,1,4.1323190812779087,1.1308417e-06,4.237035,0.200404,4.026875,0.000057,0.001213,0.645265,0.000943,746,746,6,1,1,1,5,Invalid,Invalid,Invalid,Invalid,Invalid,TopologyUnresolved,TopologyUnresolved,TopologyUnresolved,TopologyUnresolved,TopologyUnresolved
rand036,0.5,ValueFirst,0,1.0e-03,0,Converged,Converged,Converged,1,4.135848960062483,1.1299319e-06,1.350575,0.326013,1.022563,0.000028,0.002642,0.637919,0.002562,125,125,6,1,1,1,5,ToleranceMet,ToleranceMet,ToleranceMet,ToleranceMet,ToleranceMet,ToleranceMet,ToleranceMet,ToleranceMet,ToleranceMet,ToleranceMet
rand036,0.5,ValueFirst,0,1.0e-04,0,Converged,Converged,Converged,1,4.135848960062483,1.1299319e-06,1.325029,0.326393,0.997017,0.000028,0.001254,0.627754,0.000947,125,125,6,1,1,1,5,ToleranceMet,ToleranceMet,ToleranceMet,ToleranceMet,ToleranceMet,ToleranceMet,ToleranceMet,ToleranceMet,ToleranceMet,ToleranceMet
rand036,0.5,ValueFirst,1,1.0e-03,0,Converged,Converged,BudgetExceeded,1,4.1323190812779087,1.1308417e-06,1.278841,0.193758,1.082641,0.000021,0.001257,0.646962,0.000908,125,125,6,1,1,1,5,FiniteUncertified,FiniteUncertified,ToleranceMet,FiniteUncertified,ToleranceMet,BudgetExceeded,BudgetExceeded,ToleranceMet,BudgetExceeded,ToleranceMet
rand036,0.5,ValueFirst,1,1.0e-04,0,Converged,Converged,BudgetExceeded,1,4.1323190812779087,1.1308417e-06,1.265614,0.193702,1.070268,0.000021,0.001207,0.642381,0.000863,125,125,6,1,1,1,5,FiniteUncertified,FiniteUncertified,ToleranceMet,FiniteUncertified,ToleranceMet,BudgetExceeded,BudgetExceeded,ToleranceMet,BudgetExceeded,ToleranceMet
rand037,0.0,None,0,1.0e-03,0,Converged,Converged,Converged,1,8.2775810290531506,0.0078278224,1.404026,0.938813,0.464588,0.000028,0.001776,0.305347,0.003329,67,67,6,4,4,1,2,NotRequested,NotRequested,NotRequested,NotRequested,NotRequested,NotRequested,NotRequested,NotRequested,NotRequested,NotRequested
rand037,0.0,None,0,1.0e-04,0,Converged,Converged,Converged,1,8.2775810233764506,0.00016366717,1.447414,0.942552,0.503647,0.000022,0.001501,0.306975,0.001313,83,83,6,4,4,1,2,NotRequested,NotRequested,NotRequested,NotRequested,NotRequested,NotRequested,NotRequested,NotRequested,NotRequested,NotRequested
rand037,0.0,None,1,1.0e-03,0,Converged,Converged,Converged,1,8.2787429020592729,0.0078288311,1.341129,0.819091,0.520533,0.000030,0.001367,0.352314,0.001263,67,67,6,1,1,1,5,NotRequested,NotRequested,NotRequested,NotRequested,NotRequested,NotRequested,NotRequested,NotRequested,NotRequested,NotRequested
rand037,0.0,None,1,1.0e-04,0,Converged,Converged,Converged,1,8.2787428963815746,0.00016368843,1.375548,0.806817,0.567659,0.000029,0.001238,0.361596,0.000953,83,83,6,1,1,1,5,NotRequested,NotRequested,NotRequested,NotRequested,NotRequested,NotRequested,NotRequested,NotRequested,NotRequested,NotRequested
rand037,0.0,Strict,0,1.0e-03,0,EventLocationLimited,Converged,EventLocationLimited,1,8.2775810290531506,0.0078278224,1.539256,0.940484,0.598089,0.000021,0.001650,0.301569,0.002255,107,107,6,4,4,1,2,FiniteUncertified,FiniteUncertified,FiniteUncertified,FiniteUncertified,FiniteUncertified,EventLocationLimited,EventLocationLimited,EventLocationLimited,EventLocationLimited,EventLocationLimited
rand037,0.0,Strict,0,1.0e-04,0,EventLocationLimited,Converged,EventLocationLimited,1,8.2775810233764506,0.00016366717,1.533775,0.959442,0.573051,0.000022,0.001293,0.293751,0.001139,107,107,6,4,4,1,2,FiniteUncertified,FiniteUncertified,FiniteUncertified,FiniteUncertified,FiniteUncertified,EventLocationLimited,EventLocationLimited,EventLocationLimited,EventLocationLimited,EventLocationLimited
rand037,0.0,Strict,1,1.0e-03,0,EventLocationLimited,Converged,EventLocationLimited,1,8.2787429020592729,0.0078288311,1.745170,0.901757,0.765919,0.000038,0.004064,0.400555,0.004162,107,107,6,1,1,1,5,ToleranceMet,ToleranceMet,FiniteUncertified,FiniteUncertified,FiniteUncertified,ToleranceMet,ToleranceMet,EventLocationLimited,EventLocationLimited,EventLocationLimited
rand037,0.0,Strict,1,1.0e-04,0,EventLocationLimited,Converged,EventLocationLimited,1,8.2787428963815746,0.00016368843,1.641656,0.891890,0.748231,0.000029,0.001220,0.413214,0.001483,107,107,6,1,1,1,5,ToleranceMet,ToleranceMet,FiniteUncertified,FiniteUncertified,FiniteUncertified,ToleranceMet,ToleranceMet,EventLocationLimited,EventLocationLimited,EventLocationLimited
rand037,0.0,ValueFirst,0,1.0e-03,0,Converged,Converged,BudgetExceeded,1,8.2775810290531506,0.0078278224,1.515428,0.932124,0.582287,0.000021,0.002275,0.299922,0.002425,99,99,6,4,4,1,2,FiniteUncertified,FiniteUncertified,FiniteUncertified,FiniteUncertified,FiniteUncertified,BudgetExceeded,BudgetExceeded,BudgetExceeded,BudgetExceeded,BudgetExceeded
rand037,0.0,ValueFirst,0,1.0e-04,0,Converged,Converged,EventLocationLimited,1,8.2775810233764506,0.00016366717,1.633751,0.993549,0.638832,0.000026,0.001591,0.335226,0.001465,107,107,6,4,4,1,2,FiniteUncertified,FiniteUncertified,FiniteUncertified,FiniteUncertified,FiniteUncertified,EventLocationLimited,EventLocationLimited,EventLocationLimited,EventLocationLimited,EventLocationLimited
rand037,0.0,ValueFirst,1,1.0e-03,0,Converged,Converged,BudgetExceeded,1,8.2787429020592729,0.0078288311,1.598497,0.898582,0.696848,0.000028,0.001330,0.376506,0.001243,99,99,6,1,1,1,5,ToleranceMet,ToleranceMet,FiniteUncertified,FiniteUncertified,FiniteUncertified,ToleranceMet,ToleranceMet,BudgetExceeded,BudgetExceeded,BudgetExceeded
rand037,0.0,ValueFirst,1,1.0e-04,0,Converged,Converged,EventLocationLimited,1,8.2787428963815746,0.00016368843,1.518427,0.820110,0.697099,0.000029,0.001305,0.379279,0.001215,107,107,6,1,1,1,5,ToleranceMet,ToleranceMet,FiniteUncertified,FiniteUncertified,FiniteUncertified,ToleranceMet,ToleranceMet,EventLocationLimited,EventLocationLimited,EventLocationLimited
rand037,0.5,None,0,1.0e-03,0,Converged,Converged,Converged,1,8.277563760065469,0.0066530389,1.470106,0.978411,0.490959,0.000024,0.001671,0.297668,0.002258,67,67,6,4,4,1,2,NotRequested,NotRequested,NotRequested,NotRequested,NotRequested,NotRequested,NotRequested,NotRequested,NotRequested,NotRequested
rand037,0.5,None,0,1.0e-04,0,Converged,Converged,Converged,1,8.2775637566429747,9.8734484e-05,1.507561,0.967575,0.538842,0.000031,0.001338,0.306487,0.001029,83,83,6,4,4,1,2,NotRequested,NotRequested,NotRequested,NotRequested,NotRequested,NotRequested,NotRequested,NotRequested,NotRequested,NotRequested
rand037,0.5,None,1,1.0e-03,0,Converged,Converged,Converged,1,8.27872562564467,0.0066538967,1.403059,0.832768,0.569194,0.000029,0.001377,0.373684,0.001157,67,67,6,1,1,1,5,NotRequested,NotRequested,NotRequested,NotRequested,NotRequested,NotRequested,NotRequested,NotRequested,NotRequested,NotRequested
rand037,0.5,None,1,1.0e-04,0,Converged,Converged,Converged,1,8.278725622221458,9.8747261e-05,1.426601,0.815934,0.609690,0.000029,0.001280,0.369622,0.001109,83,83,6,1,1,1,5,NotRequested,NotRequested,NotRequested,NotRequested,NotRequested,NotRequested,NotRequested,NotRequested,NotRequested,NotRequested
rand037,0.5,Strict,0,1.0e-03,0,EventLocationLimited,Converged,EventLocationLimited,1,8.277563760065469,0.0066530389,1.647608,0.931913,0.714920,0.000029,0.001595,0.292367,0.002091,107,107,6,4,4,1,2,FiniteUncertified,FiniteUncertified,FiniteUncertified,FiniteUncertified,FiniteUncertified,EventLocationLimited,EventLocationLimited,EventLocationLimited,EventLocationLimited,EventLocationLimited
rand037,0.5,Strict,0,1.0e-04,0,EventLocationLimited,Converged,EventLocationLimited,1,8.2775637566429747,9.8734484e-05,1.655053,0.956045,0.697800,0.000020,0.001237,0.305514,0.001110,107,107,6,4,4,1,2,FiniteUncertified,FiniteUncertified,FiniteUncertified,FiniteUncertified,FiniteUncertified,EventLocationLimited,EventLocationLimited,EventLocationLimited,EventLocationLimited,EventLocationLimited
rand037,0.5,Strict,1,1.0e-03,0,EventLocationLimited,Converged,EventLocationLimited,1,8.27872562564467,0.0066538967,1.931290,0.907157,0.925464,0.000039,0.004549,0.407795,0.003569,123,123,6,1,1,1,5,ToleranceMet,ToleranceMet,FiniteUncertified,FiniteUncertified,FiniteUncertified,ToleranceMet,ToleranceMet,EventLocationLimited,EventLocationLimited,EventLocationLimited
rand037,0.5,Strict,1,1.0e-04,0,EventLocationLimited,Converged,EventLocationLimited,1,8.278725622221458,9.8747261e-05,1.652409,0.808941,0.842006,0.000041,0.001416,0.363807,0.001301,123,123,6,1,1,1,5,ToleranceMet,ToleranceMet,FiniteUncertified,FiniteUncertified,FiniteUncertified,ToleranceMet,ToleranceMet,EventLocationLimited,EventLocationLimited,EventLocationLimited
rand037,0.5,ValueFirst,0,1.0e-03,0,Converged,Converged,BudgetExceeded,1,8.277563760065469,0.0066530389,1.584201,0.933033,0.649951,0.000029,0.002152,0.302619,0.002435,91,91,6,4,4,1,2,FiniteUncertified,FiniteUncertified,FiniteUncertified,FiniteUncertified,FiniteUncertified,BudgetExceeded,BudgetExceeded,BudgetExceeded,BudgetExceeded,BudgetExceeded
rand037,0.5,ValueFirst,0,1.0e-04,0,Converged,Converged,EventLocationLimited,1,8.2775637566429747,9.8734484e-05,1.629376,0.947916,0.680181,0.000022,0.001335,0.290102,0.001270,107,107,6,4,4,1,2,FiniteUncertified,FiniteUncertified,FiniteUncertified,FiniteUncertified,FiniteUncertified,EventLocationLimited,EventLocationLimited,EventLocationLimited,EventLocationLimited,EventLocationLimited
rand037,0.5,ValueFirst,1,1.0e-03,0,Converged,Converged,BudgetExceeded,1,8.27872562564467,0.0066538967,1.682038,0.822664,0.856372,0.000030,0.001533,0.394303,0.001416,91,91,6,1,1,1,5,FiniteUncertified,FiniteUncertified,FiniteUncertified,FiniteUncertified,FiniteUncertified,BudgetExceeded,BudgetExceeded,BudgetExceeded,BudgetExceeded,BudgetExceeded
rand037,0.5,ValueFirst,1,1.0e-04,0,Converged,Converged,BudgetExceeded,1,8.278725622221458,9.8747261e-05,1.676841,0.803984,0.871636,0.000028,0.001338,0.381242,0.001193,123,123,6,1,1,1,5,ToleranceMet,ToleranceMet,FiniteUncertified,FiniteUncertified,FiniteUncertified,ToleranceMet,ToleranceMet,BudgetExceeded,BudgetExceeded,BudgetExceeded
rand038,0.0,None,0,1.0e-03,0,Converged,Converged,Converged,1,1.3724565263638087,0.00020927338,1.517555,0.908080,0.608896,0.000028,0.001544,0.474834,0.001778,53,53,6,0,0,1,6,NotRequested,NotRequested,NotRequested,NotRequested,NotRequested,NotRequested,NotRequested,NotRequested,NotRequested,NotRequested
rand038,0.0,None,0,1.0e-04,0,Converged,Converged,Converged,1,1.3724565263651214,3.1176714e-08,1.499419,0.896509,0.602025,0.000028,0.001075,0.456270,0.000843,69,69,6,0,0,1,6,NotRequested,NotRequested,NotRequested,NotRequested,NotRequested,NotRequested,NotRequested,NotRequested,NotRequested,NotRequested
rand038,0.0,None,1,1.0e-03,0,Converged,Converged,Converged,1,1.3724715293877341,0.00020928181,1.274388,0.668213,0.605022,0.000023,0.001101,0.459319,0.000813,53,53,6,0,0,1,6,NotRequested,NotRequested,NotRequested,NotRequested,NotRequested,NotRequested,NotRequested,NotRequested,NotRequested,NotRequested
rand038,0.0,None,1,1.0e-04,0,Converged,Converged,Converged,1,1.3724715293890426,3.1177789e-08,1.307991,0.662258,0.644584,0.000021,0.001018,0.460994,0.000828,69,69,6,0,0,1,6,NotRequested,NotRequested,NotRequested,NotRequested,NotRequested,NotRequested,NotRequested,NotRequested,NotRequested,NotRequested
rand038,0.0,Strict,0,1.0e-03,0,EventLocationLimited,Converged,EventLocationLimited,1,1.3724565263638087,0.00020927338,1.565963,0.903579,0.659746,0.000032,0.001524,0.467598,0.001467,77,77,6,0,0,1,6,FiniteUncertified,FiniteUncertified,FiniteUncertified,FiniteUncertified,FiniteUncertified,EventLocationLimited,EventLocationLimited,EventLocationLimited,EventLocationLimited,EventLocationLimited
rand038,0.0,Strict,0,1.0e-04,0,EventLocationLimited,Converged,EventLocationLimited,1,1.3724565263651214,3.1176714e-08,1.558558,0.899930,0.657481,0.000021,0.001092,0.474018,0.000859,77,77,6,0,0,1,6,FiniteUncertified,FiniteUncertified,FiniteUncertified,FiniteUncertified,FiniteUncertified,EventLocationLimited,EventLocationLimited,EventLocationLimited,EventLocationLimited,EventLocationLimited
rand038,0.0,Strict,1,1.0e-03,0,EventLocationLimited,Converged,EventLocationLimited,1,1.3724715293877341,0.00020928181,1.511339,0.740415,0.716557,0.000194,0.002578,0.484387,0.005430,77,77,6,0,0,1,6,FiniteUncertified,FiniteUncertified,FiniteUncertified,FiniteUncertified,FiniteUncertified,EventLocationLimited,EventLocationLimited,EventLocationLimited,EventLocationLimited,EventLocationLimited
rand038,0.0,Strict,1,1.0e-04,0,EventLocationLimited,Converged,EventLocationLimited,1,1.3724715293890426,3.1177789e-08,1.387248,0.699225,0.686714,0.000028,0.001038,0.471090,0.000841,77,77,6,0,0,1,6,FiniteUncertified,FiniteUncertified,FiniteUncertified,FiniteUncertified,FiniteUncertified,EventLocationLimited,EventLocationLimited,EventLocationLimited,EventLocationLimited,EventLocationLimited
rand038,0.0,ValueFirst,0,1.0e-03,0,Converged,Converged,EventLocationLimited,1,1.3724565263638087,0.00020927338,1.548737,0.898727,0.648494,0.000022,0.002286,0.466727,0.001845,77,77,6,0,0,1,6,FiniteUncertified,FiniteUncertified,FiniteUncertified,FiniteUncertified,FiniteUncertified,EventLocationLimited,EventLocationLimited,EventLocationLimited,EventLocationLimited,EventLocationLimited
rand038,0.0,ValueFirst,0,1.0e-04,0,Converged,Converged,EventLocationLimited,1,1.3724565263651214,3.1176714e-08,1.538581,0.885209,0.652218,0.000024,0.001117,0.469871,0.000776,77,77,6,0,0,1,6,FiniteUncertified,FiniteUncertified,FiniteUncertified,FiniteUncertified,FiniteUncertified,EventLocationLimited,EventLocationLimited,EventLocationLimited,EventLocationLimited,EventLocationLimited
rand038,0.0,ValueFirst,1,1.0e-03,0,Converged,Converged,EventLocationLimited,1,1.3724715293877341,0.00020928181,1.355670,0.664773,0.689359,0.000021,0.001062,0.472418,0.000962,77,77,6,0,0,1,6,FiniteUncertified,FiniteUncertified,FiniteUncertified,FiniteUncertified,FiniteUncertified,EventLocationLimited,EventLocationLimited,EventLocationLimited,EventLocationLimited,EventLocationLimited
rand038,0.0,ValueFirst,1,1.0e-04,0,Converged,Converged,EventLocationLimited,1,1.3724715293890426,3.1177789e-08,1.317652,0.651447,0.665135,0.000020,0.000907,0.451216,0.000744,77,77,6,0,0,1,6,FiniteUncertified,FiniteUncertified,FiniteUncertified,FiniteUncertified,FiniteUncertified,EventLocationLimited,EventLocationLimited,EventLocationLimited,EventLocationLimited,EventLocationLimited
rand038,0.5,None,0,1.0e-03,0,Converged,Converged,Converged,1,1.3724564800215366,0.0010446916,1.494952,0.872958,0.621487,0.000019,0.001280,0.456250,0.001404,53,53,6,0,0,1,6,NotRequested,NotRequested,NotRequested,NotRequested,NotRequested,NotRequested,NotRequested,NotRequested,NotRequested,NotRequested
rand038,0.5,None,0,1.0e-04,0,Converged,Converged,Converged,1,1.3724564801926198,5.8046638e-08,1.523269,0.887006,0.635383,0.000027,0.000971,0.456782,0.000870,69,69,6,0,0,1,6,NotRequested,NotRequested,NotRequested,NotRequested,NotRequested,NotRequested,NotRequested,NotRequested,NotRequested,NotRequested
rand038,0.5,None,1,1.0e-03,0,Converged,Converged,Converged,1,1.3724714830427673,0.0010447336,1.339355,0.691720,0.646629,0.000023,0.001117,0.471465,0.000880,53,53,6,0,0,1,6,NotRequested,NotRequested,NotRequested,NotRequested,NotRequested,NotRequested,NotRequested,NotRequested,NotRequested,NotRequested
rand038,0.5,None,1,1.0e-04,0,Converged,Converged,Converged,1,1.372471483213852,5.8048267e-08,1.336050,0.662006,0.673004,0.000028,0.001006,0.458715,0.000714,69,69,6,0,0,1,6,NotRequested,NotRequested,NotRequested,NotRequested,NotRequested,NotRequested,NotRequested,NotRequested,NotRequested,NotRequested
rand038,0.5,Strict,0,1.0e-03,0,EventLocationLimited,Converged,EventLocationLimited,1,1.3724564800215366,0.0010446916,1.706249,0.881034,0.824693,0.000021,0.001348,0.462576,0.001379,93,93,6,0,0,1,6,FiniteUncertified,FiniteUncertified,FiniteUncertified,FiniteUncertified,FiniteUncertified,EventLocationLimited,EventLocationLimited,EventLocationLimited,EventLocationLimited,EventLocationLimited
rand038,0.5,Strict,0,1.0e-04,0,EventLocationLimited,Converged,EventLocationLimited,1,1.3724564801926198,5.8046638e-08,1.686740,0.885593,0.799907,0.000024,0.001018,0.469214,0.000782,93,93,6,0,0,1,6,FiniteUncertified,FiniteUncertified,FiniteUncertified,FiniteUncertified,FiniteUncertified,EventLocationLimited,EventLocationLimited,EventLocationLimited,EventLocationLimited,EventLocationLimited
rand038,0.5,Strict,1,1.0e-03,0,EventLocationLimited,Converged,EventLocationLimited,1,1.3724714830427673,0.0010447336,1.756169,0.778262,0.919333,0.000252,0.003388,0.517949,0.005270,93,93,6,0,0,1,6,FiniteUncertified,FiniteUncertified,FiniteUncertified,FiniteUncertified,FiniteUncertified,EventLocationLimited,EventLocationLimited,EventLocationLimited,EventLocationLimited,EventLocationLimited
rand038,0.5,Strict,1,1.0e-04,0,EventLocationLimited,Converged,EventLocationLimited,1,1.372471483213852,5.8048268e-08,1.511078,0.670051,0.839480,0.000032,0.001034,0.465326,0.000789,93,93,6,0,0,1,6,FiniteUncertified,FiniteUncertified,FiniteUncertified,FiniteUncertified,FiniteUncertified,EventLocationLimited,EventLocationLimited,EventLocationLimited,EventLocationLimited,EventLocationLimited
rand038,0.5,ValueFirst,0,1.0e-03,0,Converged,Converged,BudgetExceeded,1,1.3724564800215366,0.0010446916,1.730903,0.906848,0.822596,0.000029,0.002308,0.475888,0.001662,93,93,6,0,0,1,6,FiniteUncertified,FiniteUncertified,FiniteUncertified,FiniteUncertified,FiniteUncertified,BudgetExceeded,BudgetExceeded,BudgetExceeded,BudgetExceeded,BudgetExceeded
rand038,0.5,ValueFirst,0,1.0e-04,0,Converged,Converged,EventLocationLimited,1,1.3724564801926198,5.8046638e-08,1.691442,0.883143,0.807000,0.000020,0.001022,0.463138,0.000768,93,93,6,0,0,1,6,FiniteUncertified,FiniteUncertified,FiniteUncertified,FiniteUncertified,FiniteUncertified,EventLocationLimited,EventLocationLimited,EventLocationLimited,EventLocationLimited,EventLocationLimited
rand038,0.5,ValueFirst,1,1.0e-03,0,Converged,Converged,BudgetExceeded,1,1.3724714830427673,0.0010447336,1.526341,0.668934,0.855971,0.000032,0.001033,0.475947,0.000916,93,93,6,0,0,1,6,FiniteUncertified,FiniteUncertified,FiniteUncertified,FiniteUncertified,FiniteUncertified,BudgetExceeded,BudgetExceeded,BudgetExceeded,BudgetExceeded,BudgetExceeded
rand038,0.5,ValueFirst,1,1.0e-04,0,Converged,Converged,EventLocationLimited,1,1.372471483213852,5.8048268e-08,1.501750,0.659577,0.840913,0.000033,0.000986,0.462958,0.000792,93,93,6,0,0,1,6,FiniteUncertified,FiniteUncertified,FiniteUncertified,FiniteUncertified,FiniteUncertified,EventLocationLimited,EventLocationLimited,EventLocationLimited,EventLocationLimited,EventLocationLimited
rand039,0.0,None,0,1.0e-03,0,Converged,Converged,Converged,1,4.8567956613970846,0.0021971966,1.241239,0.800284,0.440268,0.000028,0.001691,0.349242,0.002198,46,46,4,0,0,1,4,NotRequested,NotRequested,NotRequested,NotRequested,NotRequested,NotRequested,NotRequested,NotRequested,NotRequested,NotRequested
rand039,0.0,None,0,1.0e-04,0,Converged,Converged,Converged,1,4.8567956614004935,3.9477496e-09,1.220661,0.790772,0.428864,0.000021,0.000916,0.323882,0.000658,62,62,4,0,0,1,4,NotRequested,NotRequested,NotRequested,NotRequested,NotRequested,NotRequested,NotRequested,NotRequested,NotRequested,NotRequested
rand039,0.0,None,1,1.0e-03,0,Converged,Converged,Converged,1,4.8571244603382553,0.0021973874,1.040122,0.590306,0.448425,0.000021,0.000873,0.339749,0.000581,46,46,4,0,0,1,4,NotRequested,NotRequested,NotRequested,NotRequested,NotRequested,NotRequested,NotRequested,NotRequested,NotRequested,NotRequested
rand039,0.0,None,1,1.0e-04,0,Converged,Converged,Converged,1,4.8571244603417121,3.948238e-09,1.086419,0.605960,0.479385,0.000029,0.000921,0.331540,0.000525,62,62,4,0,0,1,4,NotRequested,NotRequested,NotRequested,NotRequested,NotRequested,NotRequested,NotRequested,NotRequested,NotRequested,NotRequested
rand039,0.0,Strict,0,1.0e-03,0,EventLocationLimited,Converged,EventLocationLimited,1,4.8567956613970846,0.0021971966,1.248454,0.778905,0.468904,0.000029,0.001159,0.336730,0.001101,62,62,4,0,0,1,4,ToleranceMet,ToleranceMet,FiniteUncertified,FiniteUncertified,ToleranceMet,ToleranceMet,ToleranceMet,EventLocationLimited,EventLocationLimited,ToleranceMet
rand039,0.0,Strict,0,1.0e-04,0,EventLocationLimited,Converged,EventLocationLimited,1,4.8567956614004935,3.9477496e-09,1.263083,0.794636,0.467277,0.000022,0.000879,0.342518,0.000631,62,62,4,0,0,1,4,ToleranceMet,ToleranceMet,FiniteUncertified,FiniteUncertified,ToleranceMet,ToleranceMet,ToleranceMet,EventLocationLimited,EventLocationLimited,ToleranceMet
rand039,0.0,Strict,1,1.0e-03,0,EventLocationLimited,Converged,EventLocationLimited,1,4.8571244603382553,0.0021973874,1.412778,0.708588,0.601920,0.000192,0.002722,0.402965,0.003461,62,62,4,0,0,1,4,ToleranceMet,ToleranceMet,FiniteUncertified,FiniteUncertified,ToleranceMet,ToleranceMet,ToleranceMet,EventLocationLimited,EventLocationLimited,ToleranceMet
rand039,0.0,Strict,1,1.0e-04,0,EventLocationLimited,Converged,EventLocationLimited,1,4.8571244603417121,3.948238e-09,1.133237,0.606691,0.525092,0.000021,0.000879,0.348697,0.000592,62,62,4,0,0,1,4,ToleranceMet,ToleranceMet,FiniteUncertified,FiniteUncertified,ToleranceMet,ToleranceMet,ToleranceMet,EventLocationLimited,EventLocationLimited,ToleranceMet
rand039,0.0,ValueFirst,0,1.0e-03,0,Converged,Converged,EventLocationLimited,1,4.8567956613970846,0.0021971966,1.299214,0.819409,0.478385,0.000029,0.001716,0.349924,0.001093,62,62,4,0,0,1,4,ToleranceMet,ToleranceMet,FiniteUncertified,FiniteUncertified,ToleranceMet,ToleranceMet,ToleranceMet,EventLocationLimited,EventLocationLimited,ToleranceMet
rand039,0.0,ValueFirst,0,1.0e-04,0,Converged,Converged,EventLocationLimited,1,4.8567956614004935,3.9477496e-09,1.362054,0.820679,0.540054,0.000026,0.001100,0.399731,0.000653,62,62,4,0,0,1,4,ToleranceMet,ToleranceMet,FiniteUncertified,FiniteUncertified,ToleranceMet,ToleranceMet,ToleranceMet,EventLocationLimited,EventLocationLimited,ToleranceMet
rand039,0.0,ValueFirst,1,1.0e-03,0,Converged,Converged,EventLocationLimited,1,4.8571244603382553,0.0021973874,1.296888,0.735458,0.557781,0.000044,0.001078,0.382987,0.001041,62,62,4,0,0,1,4,ToleranceMet,ToleranceMet,FiniteUncertified,FiniteUncertified,ToleranceMet,ToleranceMet,ToleranceMet,EventLocationLimited,EventLocationLimited,ToleranceMet
rand039,0.0,ValueFirst,1,1.0e-04,0,Converged,Converged,EventLocationLimited,1,4.8571244603417121,3.948238e-09,1.115209,0.614147,0.499968,0.000029,0.000878,0.334912,0.000596,62,62,4,0,0,1,4,ToleranceMet,ToleranceMet,FiniteUncertified,FiniteUncertified,ToleranceMet,ToleranceMet,ToleranceMet,EventLocationLimited,EventLocationLimited,ToleranceMet
rand039,0.5,None,0,1.0e-03,0,Converged,Converged,Converged,1,4.8567849794679159,7.982047e-08,1.227782,0.784030,0.441918,0.000045,0.001149,0.313946,0.001102,62,62,4,0,0,1,4,NotRequested,NotRequested,NotRequested,NotRequested,NotRequested,NotRequested,NotRequested,NotRequested,NotRequested,NotRequested
rand039,0.5,None,0,1.0e-04,0,Converged,Converged,Converged,1,4.8567849794679159,7.982047e-08,1.158715,0.733988,0.423678,0.000019,0.000878,0.309386,0.000531,62,62,4,0,0,1,4,NotRequested,NotRequested,NotRequested,NotRequested,NotRequested,NotRequested,NotRequested,NotRequested,NotRequested,NotRequested
rand039,0.5,None,1,1.0e-03,0,Converged,Converged,Converged,1,4.8571137761898964,7.9828626e-08,1.053989,0.558778,0.494078,0.000024,0.000877,0.329668,0.000533,62,62,4,0,0,1,4,NotRequested,NotRequested,NotRequested,NotRequested,NotRequested,NotRequested,NotRequested,NotRequested,NotRequested,NotRequested
rand039,0.5,None,1,1.0e-04,0,Converged,Converged,Converged,1,4.8571137761898964,7.9828626e-08,1.092246,0.593258,0.497915,0.000028,0.000861,0.336174,0.000568,62,62,4,0,0,1,4,NotRequested,NotRequested,NotRequested,NotRequested,NotRequested,NotRequested,NotRequested,NotRequested,NotRequested,NotRequested
rand039,0.5,Strict,0,1.0e-03,0,EventLocationLimited,Converged,EventLocationLimited,1,4.8567849794679159,7.982047e-08,1.273816,0.774275,0.498916,0.000029,0.001104,0.321021,0.000959,62,62,4,0,0,1,4,ToleranceMet,ToleranceMet,FiniteUncertified,FiniteUncertified,ToleranceMet,ToleranceMet,ToleranceMet,EventLocationLimited,EventLocationLimited,ToleranceMet
rand039,0.5,Strict,0,1.0e-04,0,EventLocationLimited,Converged,EventLocationLimited,1,4.8567849794679159,7.982047e-08,1.280367,0.772555,0.506678,0.000027,0.000887,0.336184,0.000550,62,62,4,0,0,1,4,ToleranceMet,ToleranceMet,FiniteUncertified,FiniteUncertified,ToleranceMet,ToleranceMet,ToleranceMet,EventLocationLimited,EventLocationLimited,ToleranceMet
rand039,0.5,Strict,1,1.0e-03,0,EventLocationLimited,Converged,EventLocationLimited,1,4.8571137761898964,7.9828626e-08,1.419810,0.687232,0.633159,0.000223,0.002336,0.400387,0.004016,62,62,4,0,0,1,4,ToleranceMet,ToleranceMet,FiniteUncertified,FiniteUncertified,ToleranceMet,ToleranceMet,ToleranceMet,EventLocationLimited,EventLocationLimited,ToleranceMet
rand039,0.5,Strict,1,1.0e-04,0,EventLocationLimited,Converged,EventLocationLimited,1,4.8571137761898964,7.9828626e-08,1.148050,0.605752,0.541013,0.000021,0.000856,0.332192,0.000577,62,62,4,0,0,1,4,ToleranceMet,ToleranceMet,FiniteUncertified,FiniteUncertified,ToleranceMet,ToleranceMet,ToleranceMet,EventLocationLimited,EventLocationLimited,ToleranceMet
rand039,0.5,ValueFirst,0,1.0e-03,0,Converged,Converged,EventLocationLimited,1,4.8567849794679159,7.982047e-08,1.285066,0.781482,0.501089,0.000020,0.002186,0.326068,0.001374,62,62,4,0,0,1,4,ToleranceMet,ToleranceMet,FiniteUncertified,FiniteUncertified,ToleranceMet,ToleranceMet,ToleranceMet,EventLocationLimited,EventLocationLimited,ToleranceMet
rand039,0.5,ValueFirst,0,1.0e-04,0,Converged,Converged,EventLocationLimited,1,4.8567849794679159,7.982047e-08,1.260533,0.771572,0.487861,0.000024,0.000824,0.326719,0.000562,62,62,4,0,0,1,4,ToleranceMet,ToleranceMet,FiniteUncertified,FiniteUncertified,ToleranceMet,ToleranceMet,ToleranceMet,EventLocationLimited,EventLocationLimited,ToleranceMet
rand039,0.5,ValueFirst,1,1.0e-03,0,Converged,Converged,EventLocationLimited,1,4.8571137761898964,7.9828626e-08,1.159122,0.592933,0.563291,0.000020,0.000872,0.347901,0.000683,62,62,4,0,0,1,4,ToleranceMet,ToleranceMet,FiniteUncertified,FiniteUncertified,ToleranceMet,ToleranceMet,ToleranceMet,EventLocationLimited,EventLocationLimited,ToleranceMet
rand039,0.5,ValueFirst,1,1.0e-04,0,Converged,Converged,EventLocationLimited,1,4.8571137761898964,7.9828626e-08,1.137967,0.597151,0.539717,0.000020,0.000882,0.331086,0.000558,62,62,4,0,0,1,4,ToleranceMet,ToleranceMet,FiniteUncertified,FiniteUncertified,ToleranceMet,ToleranceMet,ToleranceMet,EventLocationLimited,EventLocationLimited,ToleranceMet
paper_highA,0.0,None,0,1.0e-03,0,Converged,Converged,Converged,1,12363.403507981775,7.8671045,18.511464,17.069147,1.441820,0.000040,0.003174,0.841363,0.006081,224,224,8,4,4,1,4,NotRequested,NotRequested,NotRequested,NotRequested,NotRequested,NotRequested,NotRequested,NotRequested,NotRequested,NotRequested
paper_highA,0.0,None,0,1.0e-04,0,Converged,Converged,Converged,1,12363.402164698842,0.37493637,18.751450,17.232014,1.515881,0.000041,0.001401,0.846154,0.002630,256,256,8,4,4,1,4,NotRequested,NotRequested,NotRequested,NotRequested,NotRequested,NotRequested,NotRequested,NotRequested,NotRequested,NotRequested
paper_highA,0.0,None,1,1.0e-03,0,Converged,Converged,Converged,1,12254.514935569234,8.1125102,2.093065,0.440899,1.637350,0.000197,0.002603,0.825064,0.005942,224,224,8,4,4,1,4,NotRequested,NotRequested,NotRequested,NotRequested,NotRequested,NotRequested,NotRequested,NotRequested,NotRequested,NotRequested
paper_highA,0.0,None,1,1.0e-04,0,Converged,Converged,Converged,1,12254.513556057163,1.2162227,2.050731,0.394076,1.654029,0.000026,0.001342,0.787245,0.001918,248,248,8,4,4,1,4,NotRequested,NotRequested,NotRequested,NotRequested,NotRequested,NotRequested,NotRequested,NotRequested,NotRequested,NotRequested
paper_highA,0.0,Strict,0,1.0e-03,0,EventLocationLimited,Converged,EventLocationLimited,1,12363.403507981775,7.8671045,19.747071,17.386115,2.359573,0.000030,0.004017,0.811026,0.005029,416,416,8,4,4,1,4,FiniteUncertified,FiniteUncertified,FiniteUncertified,FiniteUncertified,FiniteUncertified,EventLocationLimited,EventLocationLimited,EventLocationLimited,EventLocationLimited,EventLocationLimited
paper_highA,0.0,Strict,0,1.0e-04,0,EventLocationLimited,Converged,EventLocationLimited,1,12363.402164698842,0.37493637,19.555868,17.311609,2.239187,0.000066,0.001705,0.831049,0.004696,416,416,8,4,4,1,4,FiniteUncertified,FiniteUncertified,FiniteUncertified,FiniteUncertified,FiniteUncertified,EventLocationLimited,EventLocationLimited,EventLocationLimited,EventLocationLimited,EventLocationLimited
paper_highA,0.0,Strict,1,1.0e-03,0,EventLocationLimited,Converged,EventLocationLimited,1,12254.514935569234,8.1125102,3.368949,0.532441,2.792423,0.000215,0.003483,0.859688,0.006930,416,416,8,4,4,1,4,FiniteUncertified,FiniteUncertified,FiniteUncertified,FiniteUncertified,FiniteUncertified,EventLocationLimited,EventLocationLimited,EventLocationLimited,EventLocationLimited,EventLocationLimited
paper_highA,0.0,Strict,1,1.0e-04,0,EventLocationLimited,Converged,EventLocationLimited,1,12254.513556057163,1.2162227,3.072610,0.418473,2.650022,0.000028,0.001374,0.794745,0.002020,416,416,8,4,4,1,4,FiniteUncertified,FiniteUncertified,FiniteUncertified,FiniteUncertified,FiniteUncertified,EventLocationLimited,EventLocationLimited,EventLocationLimited,EventLocationLimited,EventLocationLimited
paper_highA,0.0,ValueFirst,0,1.0e-03,0,Converged,Converged,BudgetExceeded,1,12363.403507981775,7.8671045,19.549269,17.261281,2.286154,0.000031,0.002559,0.821609,0.003697,392,392,8,4,4,1,4,FiniteUncertified,FiniteUncertified,FiniteUncertified,FiniteUncertified,FiniteUncertified,BudgetExceeded,BudgetExceeded,BudgetExceeded,BudgetExceeded,BudgetExceeded
paper_highA,0.0,ValueFirst,0,1.0e-04,0,Converged,Converged,EventLocationLimited,1,12363.402164698842,0.37493637,19.564389,17.319346,2.240079,0.000031,0.001539,0.816682,0.003261,416,416,8,4,4,1,4,FiniteUncertified,FiniteUncertified,FiniteUncertified,FiniteUncertified,FiniteUncertified,EventLocationLimited,EventLocationLimited,EventLocationLimited,EventLocationLimited,EventLocationLimited
paper_highA,0.0,ValueFirst,1,1.0e-03,0,Converged,Converged,BudgetExceeded,1,12254.514935569234,8.1125102,3.091133,0.447276,2.628149,0.000196,0.001994,0.817151,0.005736,392,392,8,4,4,1,4,FiniteUncertified,FiniteUncertified,FiniteUncertified,FiniteUncertified,FiniteUncertified,BudgetExceeded,BudgetExceeded,BudgetExceeded,BudgetExceeded,BudgetExceeded
paper_highA,0.0,ValueFirst,1,1.0e-04,0,Converged,Converged,BudgetExceeded,1,12254.513556057163,1.2162227,3.093408,0.427072,2.662089,0.000026,0.001399,0.797666,0.002023,416,416,8,4,4,1,4,FiniteUncertified,FiniteUncertified,FiniteUncertified,FiniteUncertified,FiniteUncertified,BudgetExceeded,BudgetExceeded,BudgetExceeded,BudgetExceeded,BudgetExceeded
paper_highA,0.5,None,0,1.0e-03,0,Converged,Converged,Converged,1,12152.919086236559,8.7711869,19.155592,17.529406,1.625066,0.000032,0.003610,0.809799,0.004869,224,224,8,4,4,1,4,NotRequested,NotRequested,NotRequested,NotRequested,NotRequested,NotRequested,NotRequested,NotRequested,NotRequested,NotRequested
paper_highA,0.5,None,0,1.0e-04,0,Converged,Converged,Converged,1,12152.9177838945,0.90722524,19.039677,17.350394,1.685562,0.000059,0.001416,0.819843,0.002246,256,256,8,4,4,1,4,NotRequested,NotRequested,NotRequested,NotRequested,NotRequested,NotRequested,NotRequested,NotRequested,NotRequested,NotRequested
paper_highA,0.5,None,1,1.0e-03,0,Converged,Converged,Converged,1,12035.296321511274,9.004818,2.266542,0.459195,1.791962,0.000060,0.001882,0.821248,0.005217,224,224,8,4,4,1,4,NotRequested,NotRequested,NotRequested,NotRequested,NotRequested,NotRequested,NotRequested,NotRequested,NotRequested,NotRequested
paper_highA,0.5,None,1,1.0e-04,0,Converged,Converged,Converged,1,12035.29500587338,0.90299015,2.315226,0.417899,1.894592,0.000030,0.001401,0.802850,0.002003,256,256,8,4,4,1,4,NotRequested,NotRequested,NotRequested,NotRequested,NotRequested,NotRequested,NotRequested,NotRequested,NotRequested,NotRequested
paper_highA,0.5,Strict,0,1.0e-03,0,InnerAccuracyLimited,Converged,InnerAccuracyLimited,1,12152.919086236559,8.7711869,22.182273,17.346389,4.834741,0.000030,0.003566,0.818281,0.004737,750,750,8,4,4,1,4,FiniteUncertified,FiniteUncertified,FiniteUncertified,FiniteUncertified,FiniteUncertified,InnerAccuracyLimited,InnerAccuracyLimited,InnerAccuracyLimited,InnerAccuracyLimited,InnerAccuracyLimited
paper_highA,0.5,Strict,0,1.0e-04,0,InnerAccuracyLimited,Converged,InnerAccuracyLimited,1,12152.9177838945,0.90722524,21.894431,17.196321,4.685487,0.000199,0.006840,0.832177,0.006120,782,782,8,4,4,1,4,FiniteUncertified,FiniteUncertified,FiniteUncertified,FiniteUncertified,FiniteUncertified,InnerAccuracyLimited,InnerAccuracyLimited,InnerAccuracyLimited,InnerAccuracyLimited,InnerAccuracyLimited
paper_highA,0.5,Strict,1,1.0e-03,0,InnerAccuracyLimited,Converged,InnerAccuracyLimited,1,12035.296321511274,9.004818,6.312889,0.521443,5.748076,0.000211,0.003179,0.844779,0.007211,750,750,8,4,4,1,4,FiniteUncertified,FiniteUncertified,FiniteUncertified,FiniteUncertified,FiniteUncertified,InnerAccuracyLimited,InnerAccuracyLimited,InnerAccuracyLimited,InnerAccuracyLimited,InnerAccuracyLimited
paper_highA,0.5,Strict,1,1.0e-04,0,InnerAccuracyLimited,Converged,InnerAccuracyLimited,1,12035.29500587338,0.90299015,6.239249,0.423951,5.808038,0.000029,0.001475,0.803219,0.002146,782,782,8,4,4,1,4,FiniteUncertified,FiniteUncertified,FiniteUncertified,FiniteUncertified,FiniteUncertified,InnerAccuracyLimited,InnerAccuracyLimited,InnerAccuracyLimited,InnerAccuracyLimited,InnerAccuracyLimited
paper_highA,0.5,ValueFirst,0,1.0e-03,0,Converged,Converged,BudgetExceeded,1,12152.919086236559,8.7711869,20.233323,17.272119,2.959420,0.000030,0.003109,0.818498,0.004427,400,400,8,4,4,1,4,FiniteUncertified,FiniteUncertified,FiniteUncertified,FiniteUncertified,FiniteUncertified,BudgetExceeded,BudgetExceeded,BudgetExceeded,BudgetExceeded,BudgetExceeded
paper_highA,0.5,ValueFirst,0,1.0e-04,0,Converged,Converged,BudgetExceeded,1,12152.9177838945,0.90722524,20.108033,17.110946,2.991771,0.000207,0.001383,0.819710,0.003950,432,432,8,4,4,1,4,FiniteUncertified,FiniteUncertified,FiniteUncertified,FiniteUncertified,FiniteUncertified,BudgetExceeded,BudgetExceeded,BudgetExceeded,BudgetExceeded,BudgetExceeded
paper_highA,0.5,ValueFirst,1,1.0e-03,0,Converged,Converged,BudgetExceeded,1,12035.296321511274,9.004818,3.851892,0.485739,3.348465,0.000186,0.002484,0.833273,0.006282,400,400,8,4,4,1,4,FiniteUncertified,FiniteUncertified,FiniteUncertified,FiniteUncertified,FiniteUncertified,BudgetExceeded,BudgetExceeded,BudgetExceeded,BudgetExceeded,BudgetExceeded
paper_highA,0.5,ValueFirst,1,1.0e-04,0,Converged,Converged,BudgetExceeded,1,12035.29500587338,0.90299015,3.813538,0.406216,3.403495,0.000033,0.003941,0.792426,0.001972,432,432,8,4,4,1,4,FiniteUncertified,FiniteUncertified,FiniteUncertified,FiniteUncertified,FiniteUncertified,BudgetExceeded,BudgetExceeded,BudgetExceeded,BudgetExceeded,BudgetExceeded
