name,u,jac,warm,repeat,mode,mu,status,stop,evaluations,whole_ms,topology_ms
plan15,0,0,0,0,mapped_fixed63,6.019953359650013,0,fixed_resolution,504,1.393400,0.367720
plan15,0,0,0,0,adaptive_affine,6.019965682498543,0,Converged,368,1.373566,0.301136
plan15,0,0,0,0,adaptive_fold,6.0199533596044921,0,Converged,176,1.030291,0.298362
plan15,0,0,0,1,adaptive_fold,6.0199533596044921,0,Converged,176,0.986946,0.289425
plan15,0,0,0,1,adaptive_affine,6.019965682498543,0,Converged,368,1.273885,0.291250
plan15,0,0,0,1,mapped_fixed63,6.019953359650013,0,fixed_resolution,504,1.287824,0.296741
plan15,0,0,0,2,mapped_fixed63,6.019953359650013,0,fixed_resolution,504,1.268138,0.292205
plan15,0,0,0,2,adaptive_affine,6.019965682498543,0,Converged,368,1.242961,0.292224
plan15,0,0,0,2,adaptive_fold,6.0199533596044921,0,Converged,176,1.007735,0.291604
plan15,0,0,1,0,mapped_fixed63,6.026774081862742,0,fixed_resolution,504,1.239354,0.171804
plan15,0,0,1,0,adaptive_affine,6.0267864989591979,0,Converged,368,1.078658,0.170322
plan15,0,0,1,0,adaptive_fold,6.0267740818191173,0,Converged,176,0.874171,0.169671
plan15,0,0,1,1,adaptive_fold,6.0267740818191173,0,Converged,176,0.850652,0.167740
plan15,0,0,1,1,adaptive_affine,6.0267864989591979,0,Converged,368,1.062990,0.167915
plan15,0,0,1,1,mapped_fixed63,6.026774081862742,0,fixed_resolution,504,1.273850,0.173170
plan15,0,0,1,2,mapped_fixed63,6.026774081862742,0,fixed_resolution,504,1.239439,0.166209
plan15,0,0,1,2,adaptive_affine,6.0267864989591979,0,Converged,368,1.089273,0.166640
plan15,0,0,1,2,adaptive_fold,6.0267740818191173,0,Converged,176,0.886861,0.168687
plan15,0,1,0,0,mapped_fixed63,6.019953359650013,0,fixed_resolution,504,1.328925,0.292453
plan15,0,1,0,0,adaptive_affine,6.019965682498543,0,BudgetExceeded,23580,566.805776,0.295758
plan15,0,1,0,0,adaptive_fold,6.0199533596044921,0,EventLocationLimited,3219,14.283138,0.461177
plan15,0,1,0,1,adaptive_fold,6.0199533596044921,0,EventLocationLimited,3219,13.483577,0.318201
plan15,0,1,0,1,adaptive_affine,6.019965682498543,0,BudgetExceeded,23580,325.121234,0.309176
plan15,0,1,0,1,mapped_fixed63,6.019953359650013,0,fixed_resolution,504,1.434765,0.352419
plan15,0,1,0,2,mapped_fixed63,6.019953359650013,0,fixed_resolution,504,1.327330,0.291393
plan15,0,1,0,2,adaptive_affine,6.019965682498543,0,BudgetExceeded,23580,318.253050,0.291685
plan15,0,1,0,2,adaptive_fold,6.0199533596044921,0,EventLocationLimited,3219,14.417394,0.339584
plan15,0,1,1,0,mapped_fixed63,6.026774081862742,0,fixed_resolution,504,1.326771,0.180070
plan15,0,1,1,0,adaptive_affine,6.0267864989591979,0,BudgetExceeded,23842,351.483375,0.168729
plan15,0,1,1,0,adaptive_fold,6.0267740818191173,0,EventLocationLimited,3092,15.786589,0.182209
plan15,0,1,1,1,adaptive_fold,6.0267740818191173,0,EventLocationLimited,3092,15.398456,0.175030
plan15,0,1,1,1,adaptive_affine,6.0267864989591979,0,BudgetExceeded,23842,382.629567,0.174166
plan15,0,1,1,1,mapped_fixed63,6.026774081862742,0,fixed_resolution,504,1.337044,0.175124
plan15,0,1,1,2,mapped_fixed63,6.026774081862742,0,fixed_resolution,504,1.273913,0.169012
plan15,0,1,1,2,adaptive_affine,6.0267864989591979,0,BudgetExceeded,23842,387.035885,0.168148
plan15,0,1,1,2,adaptive_fold,6.0267740818191173,0,EventLocationLimited,3092,16.071160,0.173867
plan15,0.5,0,0,0,mapped_fixed63,6.1205016227172306,0,fixed_resolution,504,1.766952,0.356669
plan15,0.5,0,0,0,adaptive_affine,6.1205154790060341,0,Converged,272,1.188654,0.292283
plan15,0.5,0,0,0,adaptive_fold,6.1205016288542371,0,Converged,176,1.056399,0.294819
plan15,0.5,0,0,1,adaptive_fold,6.1205016288542371,0,Converged,176,1.053622,0.295503
plan15,0.5,0,0,1,adaptive_affine,6.1205154790060341,0,Converged,272,1.176884,0.294793
plan15,0.5,0,0,1,mapped_fixed63,6.1205016227172306,0,fixed_resolution,504,1.617442,0.289721
plan15,0.5,0,0,2,mapped_fixed63,6.1205016227172306,0,fixed_resolution,504,1.621827,0.296596
plan15,0.5,0,0,2,adaptive_affine,6.1205154790060341,0,Converged,272,1.171613,0.290018
plan15,0.5,0,0,2,adaptive_fold,6.1205016288542371,0,Converged,176,1.060304,0.290843
plan15,0.5,0,1,0,mapped_fixed63,6.1294554709774953,0,fixed_resolution,504,1.586181,0.176287
plan15,0.5,0,1,0,adaptive_affine,6.1294693764924384,0,Converged,272,1.030663,0.167877
plan15,0.5,0,1,0,adaptive_fold,6.1294554772635701,0,Converged,176,0.928893,0.167776
plan15,0.5,0,1,1,adaptive_fold,6.1294554772635701,0,Converged,176,0.955896,0.174271
plan15,0.5,0,1,1,adaptive_affine,6.1294693764924384,0,Converged,272,1.014450,0.167936
plan15,0.5,0,1,1,mapped_fixed63,6.1294554709774953,0,fixed_resolution,504,1.579502,0.171511
plan15,0.5,0,1,2,mapped_fixed63,6.1294554709774953,0,fixed_resolution,504,1.575041,0.169017
plan15,0.5,0,1,2,adaptive_affine,6.1294693764924384,0,Converged,272,1.039073,0.168686
plan15,0.5,0,1,2,adaptive_fold,6.1294554772635701,0,Converged,176,0.944846,0.171981
plan15,0.5,1,0,0,mapped_fixed63,6.1205016227172306,0,fixed_resolution,504,1.944121,0.286802
plan15,0.5,1,0,0,adaptive_affine,6.1205154790060341,0,BudgetExceeded,23572,379.989828,0.295398
plan15,0.5,1,0,0,adaptive_fold,6.1205016288542371,8,TopologyUnresolved,2490,11.355351,0.385347
plan15,0.5,1,0,1,adaptive_fold,6.1205016288542371,8,TopologyUnresolved,2490,11.081044,0.340147
plan15,0.5,1,0,1,adaptive_affine,6.1205154790060341,0,BudgetExceeded,23572,361.650389,0.342694
plan15,0.5,1,0,1,mapped_fixed63,6.1205016227172306,0,fixed_resolution,504,2.084368,0.357406
plan15,0.5,1,0,2,mapped_fixed63,6.1205016227172306,0,fixed_resolution,504,1.945993,0.293883
plan15,0.5,1,0,2,adaptive_affine,6.1205154790060341,0,BudgetExceeded,23572,355.786766,0.290082
plan15,0.5,1,0,2,adaptive_fold,6.1205016288542371,8,TopologyUnresolved,2490,11.320226,0.370090
plan15,0.5,1,1,0,mapped_fixed63,6.1294554709774953,0,fixed_resolution,504,1.944101,0.174236
plan15,0.5,1,1,0,adaptive_affine,6.1294693764924384,0,BudgetExceeded,23572,373.522951,0.177568
plan15,0.5,1,1,0,adaptive_fold,6.1294554772635701,8,TopologyUnresolved,2141,9.904727,0.174629
plan15,0.5,1,1,1,adaptive_fold,6.1294554772635701,8,TopologyUnresolved,2141,11.695438,0.177795
plan15,0.5,1,1,1,adaptive_affine,6.1294693764924384,0,BudgetExceeded,23572,381.519622,0.178656
plan15,0.5,1,1,1,mapped_fixed63,6.1294554709774953,0,fixed_resolution,504,1.931158,0.178994
plan15,0.5,1,1,2,mapped_fixed63,6.1294554709774953,0,fixed_resolution,504,1.934552,0.178573
plan15,0.5,1,1,2,adaptive_affine,6.1294693764924384,0,BudgetExceeded,23572,378.547996,0.168005
plan15,0.5,1,1,2,adaptive_fold,6.1294554772635701,8,TopologyUnresolved,2141,10.287920,0.185340
resonant,0,0,0,0,mapped_fixed63,13.730115998899564,0,fixed_resolution,567,3.613577,0.455269
resonant,0,0,0,0,adaptive_affine,13.73012362785169,0,Converged,239,1.316534,0.415358
resonant,0,0,0,0,adaptive_fold,13.730116144653451,0,Converged,151,1.214516,0.412634
resonant,0,0,0,1,adaptive_fold,13.730116144653451,0,Converged,151,1.216751,0.410058
resonant,0,0,0,1,adaptive_affine,13.73012362785169,0,Converged,239,1.291344,0.406939
resonant,0,0,0,1,mapped_fixed63,13.730115998899564,0,fixed_resolution,567,3.476198,0.404163
resonant,0,0,0,2,mapped_fixed63,13.730115998899564,0,fixed_resolution,567,3.503312,0.413945
resonant,0,0,0,2,adaptive_affine,13.73012362785169,0,Converged,239,1.300271,0.416892
resonant,0,0,0,2,adaptive_fold,13.730116144653451,0,Converged,151,1.208912,0.411967
resonant,0,0,1,0,mapped_fixed63,13.807807455844566,0,fixed_resolution,567,3.497064,0.369732
resonant,0,0,1,0,adaptive_affine,13.807823245948169,0,Converged,239,1.264138,0.367670
resonant,0,0,1,0,adaptive_fold,13.807807472466951,0,Converged,143,1.156038,0.368837
resonant,0,0,1,1,adaptive_fold,13.807807472466951,0,Converged,143,1.146944,0.367482
resonant,0,0,1,1,adaptive_affine,13.807823245948169,0,Converged,239,1.347133,0.374488
resonant,0,0,1,1,mapped_fixed63,13.807807455844566,0,fixed_resolution,567,3.500957,0.374786
resonant,0,0,1,2,mapped_fixed63,13.807807455844566,0,fixed_resolution,567,3.523058,0.377268
resonant,0,0,1,2,adaptive_affine,13.807823245948169,0,Converged,239,1.251550,0.366117
resonant,0,0,1,2,adaptive_fold,13.807807472466951,0,Converged,143,1.149285,0.366741
resonant,0,1,0,0,mapped_fixed63,13.730115998899564,0,fixed_resolution,567,3.602330,0.402642
resonant,0,1,0,0,adaptive_affine,13.73012362785169,0,BudgetExceeded,20213,274.810255,0.407413
resonant,0,1,0,0,adaptive_fold,13.730116144653451,0,EventLocationLimited,2154,8.313312,0.486912
resonant,0,1,0,1,adaptive_fold,13.730116144653451,0,EventLocationLimited,2154,7.763754,0.449560
resonant,0,1,0,1,adaptive_affine,13.73012362785169,0,BudgetExceeded,20213,280.406797,0.457295
resonant,0,1,0,1,mapped_fixed63,13.730115998899564,0,fixed_resolution,567,3.701556,0.473829
resonant,0,1,0,2,mapped_fixed63,13.730115998899564,0,fixed_resolution,567,3.573508,0.414463
resonant,0,1,0,2,adaptive_affine,13.73012362785169,0,BudgetExceeded,20213,268.860317,0.420966
resonant,0,1,0,2,adaptive_fold,13.730116144653451,0,EventLocationLimited,2154,8.358234,0.476347
resonant,0,1,1,0,mapped_fixed63,13.807807455844566,0,fixed_resolution,567,3.620527,0.373302
resonant,0,1,1,0,adaptive_affine,13.807823245948169,0,BudgetExceeded,20689,296.251319,0.367547
resonant,0,1,1,0,adaptive_fold,13.807807472466951,0,EventLocationLimited,2138,9.414926,0.380381
resonant,0,1,1,1,adaptive_fold,13.807807472466951,0,EventLocationLimited,2138,8.647063,0.378235
resonant,0,1,1,1,adaptive_affine,13.807823245948169,0,BudgetExceeded,20689,275.248060,0.384041
resonant,0,1,1,1,mapped_fixed63,13.807807455844566,0,fixed_resolution,567,3.650181,0.371696
resonant,0,1,1,2,mapped_fixed63,13.807807455844566,0,fixed_resolution,567,3.581833,0.369370
resonant,0,1,1,2,adaptive_affine,13.807823245948169,0,BudgetExceeded,20689,280.812401,0.371533
resonant,0,1,1,2,adaptive_fold,13.807807472466951,0,EventLocationLimited,2138,9.491665,0.373922
resonant,0.5,0,0,0,mapped_fixed63,13.87748142439931,0,fixed_resolution,567,3.962344,0.468577
resonant,0.5,0,0,0,adaptive_affine,13.877501916664137,0,Converged,223,1.481416,0.416231
resonant,0.5,0,0,0,adaptive_fold,13.877481553095594,0,Converged,159,1.316661,0.407545
resonant,0.5,0,0,1,adaptive_fold,13.877481553095594,0,Converged,159,1.320171,0.415335
resonant,0.5,0,0,1,adaptive_affine,13.877501916664137,0,Converged,223,1.415979,0.406795
resonant,0.5,0,0,1,mapped_fixed63,13.87748142439931,0,fixed_resolution,567,3.788730,0.403838
resonant,0.5,0,0,2,mapped_fixed63,13.87748142439931,0,fixed_resolution,567,3.825528,0.407244
resonant,0.5,0,0,2,adaptive_affine,13.877501916664137,0,Converged,223,1.423214,0.407999
resonant,0.5,0,0,2,adaptive_fold,13.877481553095594,0,Converged,159,1.313800,0.407623
resonant,0.5,0,1,0,mapped_fixed63,13.960820115729112,0,fixed_resolution,567,3.793503,0.370181
resonant,0.5,0,1,0,adaptive_affine,13.960845423589751,0,Converged,223,1.393225,0.368314
resonant,0.5,0,1,0,adaptive_fold,13.960820125801241,0,Converged,159,1.286295,0.367385
resonant,0.5,0,1,1,adaptive_fold,13.960820125801241,0,Converged,159,1.288129,0.373628
resonant,0.5,0,1,1,adaptive_affine,13.960845423589751,0,Converged,223,1.427764,0.382476
resonant,0.5,0,1,1,mapped_fixed63,13.960820115729112,0,fixed_resolution,567,3.862139,0.367800
resonant,0.5,0,1,2,mapped_fixed63,13.960820115729112,0,fixed_resolution,567,3.850001,0.376505
resonant,0.5,0,1,2,adaptive_affine,13.960845423589751,0,Converged,223,1.414803,0.370739
resonant,0.5,0,1,2,adaptive_fold,13.960820125801241,0,Converged,159,1.298866,0.372532
resonant,0.5,1,0,0,mapped_fixed63,13.87748142439931,0,fixed_resolution,567,4.131831,0.405166
resonant,0.5,1,0,0,adaptive_affine,13.877501916664137,0,BudgetExceeded,20937,320.339915,0.410363
resonant,0.5,1,0,0,adaptive_fold,13.877481553095594,0,InnerAccuracyLimited,351,2.404158,0.490771
resonant,0.5,1,0,1,adaptive_fold,13.877481553095594,0,InnerAccuracyLimited,351,2.233261,0.419922
resonant,0.5,1,0,1,adaptive_affine,13.877501916664137,0,BudgetExceeded,20937,311.990970,0.410619
resonant,0.5,1,0,1,mapped_fixed63,13.87748142439931,0,fixed_resolution,567,4.292441,0.493541
resonant,0.5,1,0,2,mapped_fixed63,13.87748142439931,0,fixed_resolution,567,4.163600,0.423851
resonant,0.5,1,0,2,adaptive_affine,13.877501916664137,0,BudgetExceeded,20937,313.475839,0.412890
resonant,0.5,1,0,2,adaptive_fold,13.877481553095594,0,InnerAccuracyLimited,351,2.385023,0.492175
resonant,0.5,1,1,0,mapped_fixed63,13.960820115729112,0,fixed_resolution,567,4.146500,0.373518
resonant,0.5,1,1,0,adaptive_affine,13.960845423589749,0,BudgetExceeded,20913,320.576378,0.376216
resonant,0.5,1,1,0,adaptive_fold,13.960820125801241,0,InnerAccuracyLimited,231,1.781368,0.378978
resonant,0.5,1,1,1,adaptive_fold,13.960820125801241,0,InnerAccuracyLimited,231,1.693017,0.369417
resonant,0.5,1,1,1,adaptive_affine,13.960845423589749,0,BudgetExceeded,20913,364.273646,0.368066
resonant,0.5,1,1,1,mapped_fixed63,13.960820115729112,0,fixed_resolution,567,4.316917,0.378543
resonant,0.5,1,1,2,mapped_fixed63,13.960820115729112,0,fixed_resolution,567,4.229912,0.375961
resonant,0.5,1,1,2,adaptive_affine,13.960845423589749,0,BudgetExceeded,20913,363.460504,0.368777
resonant,0.5,1,1,2,adaptive_fold,13.960820125801241,0,InnerAccuracyLimited,231,1.772574,0.378557
close-binary,0,0,0,0,mapped_fixed63,8.1331871251541461,0,fixed_resolution,504,2.728993,0.606352
close-binary,0,0,0,0,adaptive_affine,8.133196747460433,0,Converged,368,1.708476,0.630404
close-binary,0,0,0,0,adaptive_fold,8.1331871350959748,0,Converged,136,1.348846,0.602761
close-binary,0,0,0,1,adaptive_fold,8.1331871350959748,0,Converged,136,1.354326,0.600920
close-binary,0,0,0,1,adaptive_affine,8.133196747460433,0,Converged,368,1.636582,0.599084
close-binary,0,0,0,1,mapped_fixed63,8.1331871251541461,0,fixed_resolution,504,2.705597,0.604381
close-binary,0,0,0,2,mapped_fixed63,8.1331871251541461,0,fixed_resolution,504,2.726502,0.607544
close-binary,0,0,0,2,adaptive_affine,8.133196747460433,0,Converged,368,1.640020,0.600276
close-binary,0,0,0,2,adaptive_fold,8.1331871350959748,0,Converged,136,1.350360,0.598062
close-binary,0,0,1,0,mapped_fixed63,8.087490714643284,0,fixed_resolution,504,2.303538,0.431741
close-binary,0,0,1,0,adaptive_affine,8.0875004855809269,0,Converged,368,1.490965,0.437878
close-binary,0,0,1,0,adaptive_fold,8.0874907246957317,0,Converged,136,1.208389,0.427441
close-binary,0,0,1,1,adaptive_fold,8.0874907246957317,0,Converged,136,1.221738,0.429305
close-binary,0,0,1,1,adaptive_affine,8.0875004855809269,0,Converged,368,1.495486,0.432778
close-binary,0,0,1,1,mapped_fixed63,8.087490714643284,0,fixed_resolution,504,2.280623,0.429506
close-binary,0,0,1,2,mapped_fixed63,8.087490714643284,0,fixed_resolution,504,2.294563,0.429518
close-binary,0,0,1,2,adaptive_affine,8.0875004855809269,0,Converged,368,1.509215,0.433188
close-binary,0,0,1,2,adaptive_fold,8.0874907246957317,0,Converged,136,1.206895,0.432044
close-binary,0,1,0,0,mapped_fixed63,8.1331871251541461,0,fixed_resolution,504,2.742656,0.601489
close-binary,0,1,0,0,adaptive_affine,8.133196747460433,0,BudgetExceeded,16908,216.202290,0.600434
close-binary,0,1,0,0,adaptive_fold,8.1331871350959748,0,EventLocationLimited,3322,16.614086,0.687536
close-binary,0,1,0,1,adaptive_fold,8.1331871350959748,0,EventLocationLimited,3322,15.726608,0.658183
close-binary,0,1,0,1,adaptive_affine,8.133196747460433,0,BudgetExceeded,16908,206.557372,0.670938
close-binary,0,1,0,1,mapped_fixed63,8.1331871251541461,0,fixed_resolution,504,2.875083,0.680981
close-binary,0,1,0,2,mapped_fixed63,8.1331871251541461,0,fixed_resolution,504,2.802610,0.606135
close-binary,0,1,0,2,adaptive_affine,8.133196747460433,0,BudgetExceeded,16908,205.122958,0.610088
close-binary,0,1,0,2,adaptive_fold,8.1331871350959748,0,EventLocationLimited,3322,16.785238,0.668084
close-binary,0,1,1,0,mapped_fixed63,8.087490714643284,0,fixed_resolution,504,2.370051,0.431286
close-binary,0,1,1,0,adaptive_affine,8.0875004855809269,0,BudgetExceeded,16908,206.360729,0.425941
close-binary,0,1,1,0,adaptive_fold,8.0874907246957317,0,EventLocationLimited,2242,10.264156,0.438692
close-binary,0,1,1,1,adaptive_fold,8.0874907246957317,0,EventLocationLimited,2242,9.441534,0.427863
close-binary,0,1,1,1,adaptive_affine,8.0875004855809269,0,BudgetExceeded,16908,206.259976,0.431502
close-binary,0,1,1,1,mapped_fixed63,8.087490714643284,0,fixed_resolution,504,2.461015,0.430439
close-binary,0,1,1,2,mapped_fixed63,8.087490714643284,0,fixed_resolution,504,2.324716,0.427042
close-binary,0,1,1,2,adaptive_affine,8.0875004855809269,0,BudgetExceeded,16908,206.348005,0.423867
close-binary,0,1,1,2,adaptive_fold,8.0874907246957317,0,EventLocationLimited,2242,10.009200,0.440667
close-binary,0.5,0,0,0,mapped_fixed63,8.0833997116055336,0,fixed_resolution,504,3.021798,0.632254
close-binary,0.5,0,0,0,adaptive_affine,8.0834180829420816,0,Converged,344,1.833481,0.607226
close-binary,0.5,0,0,0,adaptive_fold,8.0833997168360217,0,Converged,136,1.435764,0.599922
close-binary,0.5,0,0,1,adaptive_fold,8.0833997168360217,0,Converged,136,1.440910,0.601453
close-binary,0.5,0,0,1,adaptive_affine,8.0834180829420816,0,Converged,344,1.804837,0.606977
close-binary,0.5,0,0,1,mapped_fixed63,8.0833997116055336,0,fixed_resolution,504,2.898429,0.603565
close-binary,0.5,0,0,2,mapped_fixed63,8.0833997116055336,0,fixed_resolution,504,2.906904,0.600490
close-binary,0.5,0,0,2,adaptive_affine,8.0834180829420816,0,Converged,344,1.810886,0.605073
close-binary,0.5,0,0,2,adaptive_fold,8.0833997168360217,0,Converged,136,1.433360,0.603377
close-binary,0.5,0,1,0,mapped_fixed63,8.0369871360645213,0,fixed_resolution,504,2.494369,0.428761
close-binary,0.5,0,1,0,adaptive_affine,8.0370055566273546,0,Converged,344,1.667831,0.428239
close-binary,0.5,0,1,0,adaptive_fold,8.0369871411537464,0,Converged,136,1.287781,0.427335
close-binary,0.5,0,1,1,adaptive_fold,8.0369871411537464,0,Converged,136,1.296715,0.427896
close-binary,0.5,0,1,1,adaptive_affine,8.0370055566273546,0,Converged,344,1.663287,0.433194
close-binary,0.5,0,1,1,mapped_fixed63,8.0369871360645213,0,fixed_resolution,504,2.486705,0.430794
close-binary,0.5,0,1,2,mapped_fixed63,8.0369871360645213,0,fixed_resolution,504,2.489806,0.429203
close-binary,0.5,0,1,2,adaptive_affine,8.0370055566273546,0,Converged,344,1.677677,0.434367
close-binary,0.5,0,1,2,adaptive_fold,8.0369871411537464,0,Converged,136,1.298155,0.427115
close-binary,0.5,1,0,0,mapped_fixed63,8.0833997116055336,0,fixed_resolution,504,3.210205,0.598050
close-binary,0.5,1,0,0,adaptive_affine,8.0834180829420816,0,BudgetExceeded,16916,232.291694,0.602123
close-binary,0.5,1,0,0,adaptive_fold,8.0833997168360217,0,InnerAccuracyLimited,136,1.697262,0.666935
close-binary,0.5,1,0,1,adaptive_fold,8.0833997168360217,0,InnerAccuracyLimited,136,1.559014,0.605296
close-binary,0.5,1,0,1,adaptive_affine,8.0834180829420816,0,BudgetExceeded,16916,223.330781,0.601649
close-binary,0.5,1,0,1,mapped_fixed63,8.0833997116055336,0,fixed_resolution,504,3.326817,0.674012
close-binary,0.5,1,0,2,mapped_fixed63,8.0833997116055336,0,fixed_resolution,504,3.281104,0.599947
close-binary,0.5,1,0,2,adaptive_affine,8.0834180829420816,0,BudgetExceeded,16916,223.467649,0.608945
close-binary,0.5,1,0,2,adaptive_fold,8.0833997168360217,0,InnerAccuracyLimited,136,1.631432,0.641779
close-binary,0.5,1,1,0,mapped_fixed63,8.0369871360645213,0,fixed_resolution,504,2.834055,0.428214
close-binary,0.5,1,1,0,adaptive_affine,8.0370055566273546,0,BudgetExceeded,16916,233.671760,0.431578
close-binary,0.5,1,1,0,adaptive_fold,8.0369871411537464,0,InnerAccuracyLimited,136,1.498342,0.437674
close-binary,0.5,1,1,1,adaptive_fold,8.0369871411537464,0,InnerAccuracyLimited,136,1.420122,0.428366
close-binary,0.5,1,1,1,adaptive_affine,8.0370055566273546,0,BudgetExceeded,16916,235.462935,0.427689
close-binary,0.5,1,1,1,mapped_fixed63,8.0369871360645213,0,fixed_resolution,504,2.901693,0.431642
close-binary,0.5,1,1,2,mapped_fixed63,8.0369871360645213,0,fixed_resolution,504,2.805147,0.434264
close-binary,0.5,1,1,2,adaptive_affine,8.0370055566273546,0,BudgetExceeded,16916,224.361007,0.434491
close-binary,0.5,1,1,2,adaptive_fold,8.0369871411537464,0,InnerAccuracyLimited,136,1.463326,0.429736
wide-planet,0,0,0,0,mapped_fixed63,1.1591934443442493,0,fixed_resolution,189,1.087490,0.408968
wide-planet,0,0,0,0,adaptive_affine,1.1591946360848304,0,Converged,197,1.007674,0.402327
wide-planet,0,0,0,0,adaptive_fold,1.1591934436470934,0,Converged,53,0.808989,0.402923
wide-planet,0,0,0,1,adaptive_fold,1.1591934436470934,0,Converged,53,0.790199,0.397808
wide-planet,0,0,0,1,adaptive_affine,1.1591946360848304,0,Converged,197,0.985113,0.392609
wide-planet,0,0,0,1,mapped_fixed63,1.1591934443442493,0,fixed_resolution,189,1.055638,0.396380
wide-planet,0,0,0,2,mapped_fixed63,1.1591934443442493,0,fixed_resolution,189,1.044349,0.393524
wide-planet,0,0,0,2,adaptive_affine,1.1591946360848304,0,Converged,197,1.037370,0.427899
wide-planet,0,0,0,2,adaptive_fold,1.1591934436470934,0,Converged,53,0.787840,0.393515
wide-planet,0,0,1,0,mapped_fixed63,1.1591106976264329,0,fixed_resolution,189,0.945489,0.268617
wide-planet,0,0,1,0,adaptive_affine,1.1591118891278702,0,Converged,197,0.941949,0.261697
wide-planet,0,0,1,0,adaptive_fold,1.15911069692811,0,Converged,53,0.743733,0.265246
wide-planet,0,0,1,1,adaptive_fold,1.15911069692811,0,Converged,53,0.733188,0.261762
wide-planet,0,0,1,1,adaptive_affine,1.1591118891278702,0,Converged,197,0.938251,0.269795
wide-planet,0,0,1,1,mapped_fixed63,1.1591106976264329,0,fixed_resolution,189,0.943775,0.261209
wide-planet,0,0,1,2,mapped_fixed63,1.1591106976264329,0,fixed_resolution,189,0.947414,0.261395
wide-planet,0,0,1,2,adaptive_affine,1.1591118891278702,0,Converged,197,0.937953,0.262025
wide-planet,0,0,1,2,adaptive_fold,1.15911069692811,0,Converged,53,0.731213,0.265583
wide-planet,0,1,0,0,mapped_fixed63,1.1591934443442493,0,fixed_resolution,189,1.074786,0.394679
wide-planet,0,1,0,0,adaptive_affine,1.1591946360848304,0,BudgetExceeded,9437,80.136004,0.400348
wide-planet,0,1,0,0,adaptive_fold,1.1591934436470934,0,EventLocationLimited,93,1.004251,0.446873
wide-planet,0,1,0,1,adaptive_fold,1.1591934436470934,0,EventLocationLimited,93,0.908042,0.400711
wide-planet,0,1,0,1,adaptive_affine,1.1591946360848304,0,BudgetExceeded,9437,67.888377,0.395930
wide-planet,0,1,0,1,mapped_fixed63,1.1591934443442493,0,fixed_resolution,189,1.163919,0.455192
wide-planet,0,1,0,2,mapped_fixed63,1.1591934443442493,0,fixed_resolution,189,1.071898,0.394934
wide-planet,0,1,0,2,adaptive_affine,1.1591946360848304,0,BudgetExceeded,9437,68.107047,0.392269
wide-planet,0,1,0,2,adaptive_fold,1.1591934436470934,0,EventLocationLimited,93,0.997264,0.442485
wide-planet,0,1,1,0,mapped_fixed63,1.1591106976264329,0,fixed_resolution,189,0.970549,0.267747
wide-planet,0,1,1,0,adaptive_affine,1.1591118891278702,0,BudgetExceeded,9437,73.803843,0.263897
wide-planet,0,1,1,0,adaptive_fold,1.15911069692811,0,EventLocationLimited,77,0.868196,0.269812
wide-planet,0,1,1,1,adaptive_fold,1.15911069692811,0,EventLocationLimited,77,0.811950,0.267202
wide-planet,0,1,1,1,adaptive_affine,1.1591118891278702,0,BudgetExceeded,9437,74.163801,0.267921
wide-planet,0,1,1,1,mapped_fixed63,1.1591106976264329,0,fixed_resolution,189,1.014854,0.274942
wide-planet,0,1,1,2,mapped_fixed63,1.1591106976264329,0,fixed_resolution,189,0.962704,0.267477
wide-planet,0,1,1,2,adaptive_affine,1.1591118891278702,0,BudgetExceeded,9437,74.630461,0.260982
wide-planet,0,1,1,2,adaptive_fold,1.15911069692811,0,EventLocationLimited,77,0.867130,0.269992
wide-planet,0.5,0,0,0,mapped_fixed63,1.1591902291417391,0,fixed_resolution,189,1.193471,0.398824
wide-planet,0.5,0,0,0,adaptive_affine,1.1591927728037958,0,Converged,165,0.953861,0.392823
wide-planet,0.5,0,0,0,adaptive_fold,1.1591902258251667,0,Converged,69,0.885325,0.396355
wide-planet,0.5,0,0,1,adaptive_fold,1.1591902258251667,0,Converged,69,0.864789,0.394639
wide-planet,0.5,0,0,1,adaptive_affine,1.1591927728037958,0,Converged,165,0.945322,0.393155
wide-planet,0.5,0,0,1,mapped_fixed63,1.1591902291417391,0,fixed_resolution,189,1.168593,0.392192
wide-planet,0.5,0,0,2,mapped_fixed63,1.1591902291417391,0,fixed_resolution,189,1.167291,0.395714
wide-planet,0.5,0,0,2,adaptive_affine,1.1591927728037958,0,Converged,165,0.942551,0.394196
wide-planet,0.5,0,0,2,adaptive_fold,1.1591902258251667,0,Converged,69,0.874879,0.394477
wide-planet,0.5,0,1,0,mapped_fixed63,1.1591074850435359,0,fixed_resolution,189,1.068026,0.265409
wide-planet,0.5,0,1,0,adaptive_affine,1.1591100275955395,0,Converged,165,0.885276,0.259669
wide-planet,0.5,0,1,0,adaptive_fold,1.1591074817214295,0,Converged,69,0.799594,0.262459
wide-planet,0.5,0,1,1,adaptive_fold,1.1591074817214295,0,Converged,69,0.793176,0.260675
wide-planet,0.5,0,1,1,adaptive_affine,1.1591100275955395,0,Converged,165,0.904141,0.265957
wide-planet,0.5,0,1,1,mapped_fixed63,1.1591074850435359,0,fixed_resolution,189,1.065894,0.268807
wide-planet,0.5,0,1,2,mapped_fixed63,1.1591074850435359,0,fixed_resolution,189,1.048950,0.258482
wide-planet,0.5,0,1,2,adaptive_affine,1.1591100275955395,0,Converged,165,0.901804,0.267910
wide-planet,0.5,0,1,2,adaptive_fold,1.1591074817214295,0,Converged,69,0.803580,0.262666
wide-planet,0.5,1,0,0,mapped_fixed63,1.1591902291417391,0,fixed_resolution,189,1.287775,0.389410
wide-planet,0.5,1,0,0,adaptive_affine,1.1591927728037958,0,BudgetExceeded,9429,75.473955,0.388776
wide-planet,0.5,1,0,0,adaptive_fold,1.1591902258251667,0,EventLocationLimited,93,1.132398,0.456405
wide-planet,0.5,1,0,1,adaptive_fold,1.1591902258251667,0,EventLocationLimited,93,1.015759,0.399666
wide-planet,0.5,1,0,1,adaptive_affine,1.1591927728037958,0,BudgetExceeded,9429,75.729748,0.395704
wide-planet,0.5,1,0,1,mapped_fixed63,1.1591902291417391,0,fixed_resolution,189,1.400013,0.462652
wide-planet,0.5,1,0,2,mapped_fixed63,1.1591902291417391,0,fixed_resolution,189,1.294139,0.396675
wide-planet,0.5,1,0,2,adaptive_affine,1.1591927728037958,0,BudgetExceeded,9429,75.128096,0.394084
wide-planet,0.5,1,0,2,adaptive_fold,1.1591902258251667,0,EventLocationLimited,93,1.118859,0.452485
wide-planet,0.5,1,1,0,mapped_fixed63,1.1591074850435359,0,fixed_resolution,189,1.191197,0.270744
wide-planet,0.5,1,1,0,adaptive_affine,1.1591100275955393,0,BudgetExceeded,9429,81.114555,0.265480
wide-planet,0.5,1,1,0,adaptive_fold,1.1591074817214295,0,EventLocationLimited,93,1.042007,0.277080
wide-planet,0.5,1,1,1,adaptive_fold,1.1591074817214295,0,EventLocationLimited,93,0.956344,0.267227
wide-planet,0.5,1,1,1,adaptive_affine,1.1591100275955393,0,BudgetExceeded,9429,80.633129,0.263714
wide-planet,0.5,1,1,1,mapped_fixed63,1.1591074850435359,0,fixed_resolution,189,1.212828,0.269579
wide-planet,0.5,1,1,2,mapped_fixed63,1.1591074850435359,0,fixed_resolution,189,1.182800,0.268474
wide-planet,0.5,1,1,2,adaptive_affine,1.1591100275955393,0,BudgetExceeded,9429,81.402048,0.262834
wide-planet,0.5,1,1,2,adaptive_fold,1.1591074817214295,0,EventLocationLimited,93,0.999459,0.268378
cusp-approach,0,0,0,0,mapped_fixed63,1.5003323149921406,0,fixed_resolution,252,1.489202,0.527336
cusp-approach,0,0,0,0,adaptive_affine,1.500335468152479,0,Converged,236,1.237671,0.527838
cusp-approach,0,0,0,0,adaptive_fold,1.5003323150038625,0,Converged,76,1.105461,0.524356
cusp-approach,0,0,0,1,adaptive_fold,1.5003323150038625,0,Converged,76,1.094912,0.527772
cusp-approach,0,0,0,1,adaptive_affine,1.500335468152479,0,Converged,236,1.209163,0.521397
cusp-approach,0,0,0,1,mapped_fixed63,1.5003323149921406,0,fixed_resolution,252,1.467990,0.520819
cusp-approach,0,0,0,2,mapped_fixed63,1.5003323149921406,0,fixed_resolution,252,1.471467,0.528721
cusp-approach,0,0,0,2,adaptive_affine,1.500335468152479,0,Converged,236,1.227942,0.522592
cusp-approach,0,0,0,2,adaptive_fold,1.5003323150038625,0,Converged,76,1.101908,0.524105
cusp-approach,0,0,1,0,mapped_fixed63,1.4998202014520154,0,fixed_resolution,252,2.281983,0.258755
cusp-approach,0,0,1,0,adaptive_affine,1.499823333882488,0,Converged,236,1.030458,0.267407
cusp-approach,0,0,1,0,adaptive_fold,1.4998202014623159,0,Converged,76,0.883964,0.261059
cusp-approach,0,0,1,1,adaptive_fold,1.4998202014623159,0,Converged,76,0.858370,0.257473
cusp-approach,0,0,1,1,adaptive_affine,1.499823333882488,0,Converged,236,1.022895,0.262020
cusp-approach,0,0,1,1,mapped_fixed63,1.4998202014520154,0,fixed_resolution,252,2.281324,0.257446
cusp-approach,0,0,1,2,mapped_fixed63,1.4998202014520154,0,fixed_resolution,252,2.283066,0.263477
cusp-approach,0,0,1,2,adaptive_affine,1.499823333882488,0,Converged,236,1.025610,0.264077
cusp-approach,0,0,1,2,adaptive_fold,1.4998202014623159,0,Converged,76,0.871061,0.256588
cusp-approach,0,1,0,0,mapped_fixed63,1.5003323149921406,0,fixed_resolution,252,1.498945,0.523063
cusp-approach,0,1,0,0,adaptive_affine,1.500335468152479,0,BudgetExceeded,10246,74.112388,0.528407
cusp-approach,0,1,0,0,adaptive_fold,1.5003323150038625,0,EventLocationLimited,124,1.296818,0.577408
cusp-approach,0,1,0,1,adaptive_fold,1.5003323150038625,0,EventLocationLimited,124,1.217567,0.527580
cusp-approach,0,1,0,1,adaptive_affine,1.500335468152479,0,BudgetExceeded,10246,73.474250,0.522919
cusp-approach,0,1,0,1,mapped_fixed63,1.5003323149921406,0,fixed_resolution,252,1.586289,0.582853
cusp-approach,0,1,0,2,mapped_fixed63,1.5003323149921406,0,fixed_resolution,252,1.493279,0.523735
cusp-approach,0,1,0,2,adaptive_affine,1.500335468152479,0,BudgetExceeded,10246,73.889799,0.529233
cusp-approach,0,1,0,2,adaptive_fold,1.5003323150038625,0,EventLocationLimited,124,1.304388,0.581806
cusp-approach,0,1,1,0,mapped_fixed63,1.4998202014520154,0,fixed_resolution,252,2.321243,0.262142
cusp-approach,0,1,1,0,adaptive_affine,1.499823333882488,0,BudgetExceeded,10246,79.750969,0.268228
cusp-approach,0,1,1,0,adaptive_fold,1.4998202014623159,0,EventLocationLimited,124,1.092010,0.274603
cusp-approach,0,1,1,1,adaptive_fold,1.4998202014623159,0,EventLocationLimited,124,1.025596,0.261384
cusp-approach,0,1,1,1,adaptive_affine,1.499823333882488,0,BudgetExceeded,10246,79.774173,0.265506
cusp-approach,0,1,1,1,mapped_fixed63,1.4998202014520154,0,fixed_resolution,252,2.351559,0.265389
cusp-approach,0,1,1,2,mapped_fixed63,1.4998202014520154,0,fixed_resolution,252,2.305718,0.267369
cusp-approach,0,1,1,2,adaptive_affine,1.499823333882488,0,BudgetExceeded,10246,79.811134,0.260217
cusp-approach,0,1,1,2,adaptive_fold,1.4998202014623159,0,EventLocationLimited,124,1.103942,0.271952
cusp-approach,0.5,0,0,0,mapped_fixed63,1.5002754657153885,0,fixed_resolution,252,1.551611,0.528462
cusp-approach,0.5,0,0,0,adaptive_affine,1.5002780862580325,0,Converged,204,1.240655,0.522433
cusp-approach,0.5,0,0,0,adaptive_fold,1.5002754657092836,0,Converged,92,1.146462,0.522711
cusp-approach,0.5,0,0,1,adaptive_fold,1.5002754657092836,0,Converged,92,1.143083,0.527980
cusp-approach,0.5,0,0,1,adaptive_affine,1.5002780862580325,0,Converged,204,1.239573,0.523806
cusp-approach,0.5,0,0,1,mapped_fixed63,1.5002754657153885,0,fixed_resolution,252,1.532826,0.524418
cusp-approach,0.5,0,0,2,mapped_fixed63,1.5002754657153885,0,fixed_resolution,252,1.529551,0.526629
cusp-approach,0.5,0,0,2,adaptive_affine,1.5002780862580325,0,Converged,204,1.233055,0.521477
cusp-approach,0.5,0,0,2,adaptive_fold,1.5002754657092836,0,Converged,92,1.129652,0.520562
cusp-approach,0.5,0,1,0,mapped_fixed63,1.4997634600309437,0,fixed_resolution,252,2.354688,0.263050
cusp-approach,0.5,0,1,0,adaptive_affine,1.4997660803241473,0,Converged,204,1.030601,0.268427
cusp-approach,0.5,0,1,0,adaptive_fold,1.4997634600250056,0,Converged,92,0.905194,0.257143
cusp-approach,0.5,0,1,1,adaptive_fold,1.4997634600250056,0,Converged,92,0.898978,0.260111
cusp-approach,0.5,0,1,1,adaptive_affine,1.4997660803241473,0,Converged,204,1.035642,0.260895
cusp-approach,0.5,0,1,1,mapped_fixed63,1.4997634600309437,0,fixed_resolution,252,2.329799,0.261998
cusp-approach,0.5,0,1,2,mapped_fixed63,1.4997634600309437,0,fixed_resolution,252,2.337600,0.260451
cusp-approach,0.5,0,1,2,adaptive_affine,1.4997660803241473,0,Converged,204,1.012262,0.259483
cusp-approach,0.5,0,1,2,adaptive_fold,1.4997634600250056,0,Converged,92,0.900585,0.257054
cusp-approach,0.5,1,0,0,mapped_fixed63,1.5002754657153885,0,fixed_resolution,252,1.700189,0.522519
cusp-approach,0.5,1,0,0,adaptive_affine,1.5002780862580325,0,BudgetExceeded,10246,81.980148,0.532840
cusp-approach,0.5,1,0,0,adaptive_fold,1.5002754657092836,0,EventLocationLimited,156,1.517839,0.597885
cusp-approach,0.5,1,0,1,adaptive_fold,1.5002754657092836,0,EventLocationLimited,156,1.383046,0.523915
cusp-approach,0.5,1,0,1,adaptive_affine,1.5002780862580325,0,BudgetExceeded,10246,81.059839,0.528241
cusp-approach,0.5,1,0,1,mapped_fixed63,1.5002754657153885,0,fixed_resolution,252,1.822553,0.588884
cusp-approach,0.5,1,0,2,mapped_fixed63,1.5002754657153885,0,fixed_resolution,252,1.694687,0.528768
cusp-approach,0.5,1,0,2,adaptive_affine,1.5002780862580325,0,BudgetExceeded,10246,81.254589,0.522802
cusp-approach,0.5,1,0,2,adaptive_fold,1.5002754657092836,0,EventLocationLimited,156,1.485897,0.582995
cusp-approach,0.5,1,1,0,mapped_fixed63,1.4997634600309437,0,fixed_resolution,252,2.545351,0.262556
cusp-approach,0.5,1,1,0,adaptive_affine,1.4997660803241473,0,BudgetExceeded,10246,87.202930,0.268967
cusp-approach,0.5,1,1,0,adaptive_fold,1.4997634600250056,0,EventLocationLimited,156,1.271150,0.265547
cusp-approach,0.5,1,1,1,adaptive_fold,1.4997634600250056,0,EventLocationLimited,156,1.228698,0.261992
cusp-approach,0.5,1,1,1,adaptive_affine,1.4997660803241473,0,BudgetExceeded,10246,87.008808,0.262932
cusp-approach,0.5,1,1,1,mapped_fixed63,1.4997634600309437,0,fixed_resolution,252,2.563105,0.264211
cusp-approach,0.5,1,1,2,mapped_fixed63,1.4997634600309437,0,fixed_resolution,252,2.516229,0.265837
cusp-approach,0.5,1,1,2,adaptive_affine,1.4997660803241473,0,BudgetExceeded,10246,86.776265,0.259539
cusp-approach,0.5,1,1,2,adaptive_fold,1.4997634600250056,0,EventLocationLimited,156,1.278674,0.266799
on-axis-off,0,0,0,0,mapped_fixed63,3.8270972575988536,0,fixed_resolution,315,1.377973,0.770690
on-axis-off,0,0,0,0,adaptive_affine,3.8271029291008993,0,Converged,427,1.527678,0.762132
on-axis-off,0,0,0,0,adaptive_fold,3.827094009959612,0,Converged,243,1.329573,0.762623
on-axis-off,0,0,0,1,adaptive_fold,3.827094009959612,0,Converged,243,1.316625,0.757892
on-axis-off,0,0,0,1,adaptive_affine,3.8271029291008993,0,Converged,427,1.512090,0.761528
on-axis-off,0,0,0,1,mapped_fixed63,3.8270972575988536,0,fixed_resolution,315,1.347483,0.758207
on-axis-off,0,0,0,2,mapped_fixed63,3.8270972575988536,0,fixed_resolution,315,1.351744,0.756659
on-axis-off,0,0,0,2,adaptive_affine,3.8271029291008993,0,Converged,427,1.605591,0.756252
on-axis-off,0,0,0,2,adaptive_fold,3.827094009959612,0,Converged,243,1.320955,0.756265
on-axis-off,0,0,1,0,mapped_fixed63,3.8276891191726348,0,fixed_resolution,315,1.747524,0.655451
on-axis-off,0,0,1,0,adaptive_affine,3.8276942261025275,0,Converged,427,1.452524,0.648636
on-axis-off,0,0,1,0,adaptive_fold,3.827689119180913,0,Converged,179,1.101811,0.647413
on-axis-off,0,0,1,1,adaptive_fold,3.827689119180913,0,Converged,179,1.113745,0.651168
on-axis-off,0,0,1,1,adaptive_affine,3.8276942261025275,0,Converged,427,1.459932,0.645537
on-axis-off,0,0,1,1,mapped_fixed63,3.8276891191726348,0,fixed_resolution,315,1.745858,0.651791
on-axis-off,0,0,1,2,mapped_fixed63,3.8276891191726348,0,fixed_resolution,315,1.741412,0.646077
on-axis-off,0,0,1,2,adaptive_affine,3.8276942261025275,0,Converged,427,1.455790,0.657272
on-axis-off,0,0,1,2,adaptive_fold,3.827689119180913,0,Converged,179,1.110491,0.652993
on-axis-off,0,1,0,0,mapped_fixed63,3.8270972575988536,0,fixed_resolution,315,1.381051,0.750484
on-axis-off,0,1,0,0,adaptive_affine,3.8271029291008993,0,BudgetExceeded,18859,242.938216,0.747769
on-axis-off,0,1,0,0,adaptive_fold,3.827094009959612,0,BudgetExceeded,6669,52.406315,0.827102
on-axis-off,0,1,0,1,adaptive_fold,3.827094009959612,0,BudgetExceeded,6669,49.889469,0.830382
on-axis-off,0,1,0,1,adaptive_affine,3.8271029291008993,0,BudgetExceeded,18859,273.439046,0.826582
on-axis-off,0,1,0,1,mapped_fixed63,3.8270972575988536,0,fixed_resolution,315,1.573533,0.841845
on-axis-off,0,1,0,2,mapped_fixed63,3.8270972575988536,0,fixed_resolution,315,1.385667,0.765301
on-axis-off,0,1,0,2,adaptive_affine,3.8271029291008993,0,BudgetExceeded,18859,238.170013,0.755590
on-axis-off,0,1,0,2,adaptive_fold,3.827094009959612,0,BudgetExceeded,6669,52.649056,0.821622
on-axis-off,0,1,1,0,mapped_fixed63,3.8276891191726348,0,fixed_resolution,315,1.836839,0.664384
on-axis-off,0,1,1,0,adaptive_affine,3.8276942261025275,0,BudgetExceeded,18859,277.237889,0.657405
on-axis-off,0,1,1,0,adaptive_fold,3.827689119180913,0,BudgetExceeded,6661,52.026754,0.663115
on-axis-off,0,1,1,1,adaptive_fold,3.827689119180913,0,BudgetExceeded,6661,48.986915,0.656476
on-axis-off,0,1,1,1,adaptive_affine,3.8276942261025275,0,BudgetExceeded,18859,255.134894,0.654678
on-axis-off,0,1,1,1,mapped_fixed63,3.8276891191726348,0,fixed_resolution,315,1.818495,0.655775
on-axis-off,0,1,1,2,mapped_fixed63,3.8276891191726348,0,fixed_resolution,315,1.778996,0.651439
on-axis-off,0,1,1,2,adaptive_affine,3.8276942261025275,0,BudgetExceeded,18859,293.385553,0.654938
on-axis-off,0,1,1,2,adaptive_fold,3.827689119180913,0,BudgetExceeded,6661,52.237073,0.666986
on-axis-off,0.5,0,0,0,mapped_fixed63,3.8255003674341044,0,fixed_resolution,315,1.546073,0.824255
on-axis-off,0.5,0,0,0,adaptive_affine,3.8255057189243815,0,Converged,363,1.519732,0.760144
on-axis-off,0.5,0,0,0,adaptive_fold,3.8255003674369688,0,Converged,195,1.281509,0.763031
on-axis-off,0.5,0,0,1,adaptive_fold,3.8255003674369688,0,Converged,195,1.260077,0.755112
on-axis-off,0.5,0,0,1,adaptive_affine,3.8255057189243815,0,Converged,363,1.468562,0.756607
on-axis-off,0.5,0,0,1,mapped_fixed63,3.8255003674341044,0,fixed_resolution,315,1.441887,0.759158
on-axis-off,0.5,0,0,2,mapped_fixed63,3.8255003674341044,0,fixed_resolution,315,1.426064,0.753945
on-axis-off,0.5,0,0,2,adaptive_affine,3.8255057189243815,0,Converged,363,1.458737,0.749863
on-axis-off,0.5,0,0,2,adaptive_fold,3.8255003674369688,0,Converged,195,1.277208,0.757535
on-axis-off,0.5,0,1,0,mapped_fixed63,3.8260873963914719,0,fixed_resolution,315,1.835199,0.651028
on-axis-off,0.5,0,1,0,adaptive_affine,3.8260943476726172,0,Converged,299,1.328056,0.651807
on-axis-off,0.5,0,1,0,adaptive_fold,3.8260873963930835,0,Converged,195,1.191466,0.651302
on-axis-off,0.5,0,1,1,adaptive_fold,3.8260873963930835,0,Converged,195,1.212988,0.654458
on-axis-off,0.5,0,1,1,adaptive_affine,3.8260943476726172,0,Converged,299,1.317573,0.646872
on-axis-off,0.5,0,1,1,mapped_fixed63,3.8260873963914719,0,fixed_resolution,315,1.823059,0.647294
on-axis-off,0.5,0,1,2,mapped_fixed63,3.8260873963914719,0,fixed_resolution,315,1.826919,0.650012
on-axis-off,0.5,0,1,2,adaptive_affine,3.8260943476726172,0,Converged,299,1.345811,0.650599
on-axis-off,0.5,0,1,2,adaptive_fold,3.8260873963930835,0,Converged,195,1.187195,0.643952
on-axis-off,0.5,1,0,0,mapped_fixed63,3.8255003674341044,0,fixed_resolution,315,1.663000,0.750773
on-axis-off,0.5,1,0,0,adaptive_affine,3.8255057189243815,0,BudgetExceeded,18827,279.247447,0.749723
on-axis-off,0.5,1,0,0,adaptive_fold,3.8255003674369688,0,BudgetExceeded,6677,58.001070,0.830929
on-axis-off,0.5,1,0,1,adaptive_fold,3.8255003674369688,0,BudgetExceeded,6677,54.911997,0.831116
on-axis-off,0.5,1,0,1,adaptive_affine,3.8255057189243815,0,BudgetExceeded,18827,270.003670,0.836812
on-axis-off,0.5,1,0,1,mapped_fixed63,3.8255003674341044,0,fixed_resolution,315,1.778465,0.826209
on-axis-off,0.5,1,0,2,mapped_fixed63,3.8255003674341044,0,fixed_resolution,315,1.671261,0.755440
on-axis-off,0.5,1,0,2,adaptive_affine,3.8255057189243815,0,BudgetExceeded,18827,272.489504,0.757831
on-axis-off,0.5,1,0,2,adaptive_fold,3.8255003674369688,0,BudgetExceeded,6677,56.487102,0.828776
on-axis-off,0.5,1,1,0,mapped_fixed63,3.8260873963914719,0,fixed_resolution,315,2.106098,0.661935
on-axis-off,0.5,1,1,0,adaptive_affine,3.8260943476726172,0,BudgetExceeded,18827,274.654010,0.653805
on-axis-off,0.5,1,1,0,adaptive_fold,3.8260873963930835,0,BudgetExceeded,6677,56.320343,0.661345
on-axis-off,0.5,1,1,1,adaptive_fold,3.8260873963930835,0,BudgetExceeded,6677,53.477540,0.661930
on-axis-off,0.5,1,1,1,adaptive_affine,3.8260943476726172,0,BudgetExceeded,18827,270.654612,0.670165
on-axis-off,0.5,1,1,1,mapped_fixed63,3.8260873963914719,0,fixed_resolution,315,2.133308,0.661645
on-axis-off,0.5,1,1,2,mapped_fixed63,3.8260873963914719,0,fixed_resolution,315,2.066482,0.656121
on-axis-off,0.5,1,1,2,adaptive_affine,3.8260943476726172,0,BudgetExceeded,18827,296.462969,0.654403
on-axis-off,0.5,1,1,2,adaptive_fold,3.8260873963930835,0,BudgetExceeded,6677,56.908000,0.668233
R=sqrt(m0),0,0,0,0,mapped_fixed63,1.3878220323012314,0,fixed_resolution,252,1.063649,0.338915
R=sqrt(m0),0,0,0,0,adaptive_affine,1.3878240262266555,0,Converged,316,1.101056,0.281888
R=sqrt(m0),0,0,0,0,adaptive_fold,1.3878220326056712,0,Converged,92,0.872319,0.279284
R=sqrt(m0),0,0,0,1,adaptive_fold,1.3878220326056712,0,Converged,92,0.853948,0.282111
R=sqrt(m0),0,0,0,1,adaptive_affine,1.3878240262266555,0,Converged,316,1.062584,0.284454
R=sqrt(m0),0,0,0,1,mapped_fixed63,1.3878220323012314,0,fixed_resolution,252,0.973697,0.282269
R=sqrt(m0),0,0,0,2,mapped_fixed63,1.3878220323012314,0,fixed_resolution,252,0.969986,0.287175
R=sqrt(m0),0,0,0,2,adaptive_affine,1.3878240262266555,0,Converged,316,1.052027,0.282318
R=sqrt(m0),0,0,0,2,adaptive_fold,1.3878220326056712,0,Converged,92,0.856467,0.286028
R=sqrt(m0),0,0,1,0,mapped_fixed63,1.3878570234812857,0,fixed_resolution,252,1.212874,0.166493
R=sqrt(m0),0,0,1,0,adaptive_affine,1.3878590737438798,0,Converged,316,1.040155,0.162658
R=sqrt(m0),0,0,1,0,adaptive_fold,1.3878570236857222,0,Converged,92,0.815399,0.171769
R=sqrt(m0),0,0,1,1,adaptive_fold,1.3878570236857222,0,Converged,92,0.793451,0.165587
R=sqrt(m0),0,0,1,1,adaptive_affine,1.3878590737438798,0,Converged,316,1.034405,0.160294
R=sqrt(m0),0,0,1,1,mapped_fixed63,1.3878570234812857,0,fixed_resolution,252,1.210000,0.163206
R=sqrt(m0),0,0,1,2,mapped_fixed63,1.3878570234812857,0,fixed_resolution,252,1.200551,0.165727
R=sqrt(m0),0,0,1,2,adaptive_affine,1.3878590737438798,0,Converged,316,1.039122,0.162535
R=sqrt(m0),0,0,1,2,adaptive_fold,1.3878570236857222,0,Converged,92,0.811094,0.159876
R=sqrt(m0),0,1,0,0,mapped_fixed63,1.3878220323012314,0,fixed_resolution,252,0.991972,0.273079
R=sqrt(m0),0,1,0,0,adaptive_affine,1.3878240262266555,0,BudgetExceeded,11258,86.475980,0.271936
R=sqrt(m0),0,1,0,0,adaptive_fold,1.3878220326056712,0,EventLocationLimited,204,1.213550,0.339771
R=sqrt(m0),0,1,0,1,adaptive_fold,1.3878220326056712,0,EventLocationLimited,204,1.102455,0.280767
R=sqrt(m0),0,1,0,1,adaptive_affine,1.3878240262266555,0,BudgetExceeded,11258,84.413597,0.280370
R=sqrt(m0),0,1,0,1,mapped_fixed63,1.3878220323012314,0,fixed_resolution,252,1.102196,0.352369
R=sqrt(m0),0,1,0,2,mapped_fixed63,1.3878220323012314,0,fixed_resolution,252,0.984454,0.285129
R=sqrt(m0),0,1,0,2,adaptive_affine,1.3878240262266555,0,BudgetExceeded,11258,84.699956,0.285355
R=sqrt(m0),0,1,0,2,adaptive_fold,1.3878220326056712,0,EventLocationLimited,204,1.199862,0.331501
R=sqrt(m0),0,1,1,0,mapped_fixed63,1.3878570234812857,0,fixed_resolution,252,1.245734,0.167728
R=sqrt(m0),0,1,1,0,adaptive_affine,1.3878590737438798,0,BudgetExceeded,11250,98.980552,0.162485
R=sqrt(m0),0,1,1,0,adaptive_fold,1.3878570236857222,0,EventLocationLimited,204,1.147780,0.176753
R=sqrt(m0),0,1,1,1,adaptive_fold,1.3878570236857222,0,EventLocationLimited,204,1.100539,0.164301
R=sqrt(m0),0,1,1,1,adaptive_affine,1.3878590737438798,0,BudgetExceeded,11250,99.115746,0.163370
R=sqrt(m0),0,1,1,1,mapped_fixed63,1.3878570234812857,0,fixed_resolution,252,1.320367,0.175829
R=sqrt(m0),0,1,1,2,mapped_fixed63,1.3878570234812857,0,fixed_resolution,252,1.239493,0.163538
R=sqrt(m0),0,1,1,2,adaptive_affine,1.3878590737438798,0,BudgetExceeded,11250,101.705474,0.160595
R=sqrt(m0),0,1,1,2,adaptive_fold,1.3878570236857222,0,EventLocationLimited,204,1.157941,0.169488
R=sqrt(m0),0.5,0,0,0,mapped_fixed63,1.3878052398662606,0,fixed_resolution,252,1.041312,0.281614
R=sqrt(m0),0.5,0,0,0,adaptive_affine,1.3878070959193334,0,Converged,252,1.053684,0.277614
R=sqrt(m0),0.5,0,0,0,adaptive_fold,1.3878052400325598,0,Converged,92,0.892347,0.278285
R=sqrt(m0),0.5,0,0,1,adaptive_fold,1.3878052400325598,0,Converged,92,0.892959,0.276411
R=sqrt(m0),0.5,0,0,1,adaptive_affine,1.3878070959193334,0,Converged,252,1.059053,0.274695
R=sqrt(m0),0.5,0,0,1,mapped_fixed63,1.3878052398662606,0,fixed_resolution,252,1.030177,0.285933
R=sqrt(m0),0.5,0,0,2,mapped_fixed63,1.3878052398662606,0,fixed_resolution,252,1.013906,0.276414
R=sqrt(m0),0.5,0,0,2,adaptive_affine,1.3878070959193334,0,Converged,252,1.034132,0.272984
R=sqrt(m0),0.5,0,0,2,adaptive_fold,1.3878052400325598,0,Converged,92,0.891148,0.274119
R=sqrt(m0),0.5,0,1,0,mapped_fixed63,1.3878402241524534,0,fixed_resolution,252,1.273695,0.164618
R=sqrt(m0),0.5,0,1,0,adaptive_affine,1.3878421141220334,0,Converged,252,1.005388,0.166146
R=sqrt(m0),0.5,0,1,0,adaptive_fold,1.38784022425874,0,Converged,92,0.829532,0.161539
R=sqrt(m0),0.5,0,1,1,adaptive_fold,1.38784022425874,0,Converged,92,0.837609,0.161262
R=sqrt(m0),0.5,0,1,1,adaptive_affine,1.3878421141220334,0,Converged,252,0.993401,0.171757
R=sqrt(m0),0.5,0,1,1,mapped_fixed63,1.3878402241524534,0,fixed_resolution,252,1.265589,0.160221
R=sqrt(m0),0.5,0,1,2,mapped_fixed63,1.3878402241524534,0,fixed_resolution,252,1.267820,0.161254
R=sqrt(m0),0.5,0,1,2,adaptive_affine,1.3878421141220334,0,Converged,252,1.005031,0.159001
R=sqrt(m0),0.5,0,1,2,adaptive_fold,1.38784022425874,0,Converged,92,0.846106,0.163883
R=sqrt(m0),0.5,1,0,0,mapped_fixed63,1.3878052398662606,0,fixed_resolution,252,1.151389,0.272438
R=sqrt(m0),0.5,1,0,0,adaptive_affine,1.3878070959193334,0,BudgetExceeded,11234,92.549869,0.277308
R=sqrt(m0),0.5,1,0,0,adaptive_fold,1.38780524003256,0,EventLocationLimited,204,1.348423,0.336135
R=sqrt(m0),0.5,1,0,1,adaptive_fold,1.38780524003256,0,EventLocationLimited,204,1.257493,0.282549
R=sqrt(m0),0.5,1,0,1,adaptive_affine,1.3878070959193334,0,BudgetExceeded,11234,92.181736,0.288694
R=sqrt(m0),0.5,1,0,1,mapped_fixed63,1.3878052398662606,0,fixed_resolution,252,1.281370,0.346863
R=sqrt(m0),0.5,1,0,2,mapped_fixed63,1.3878052398662606,0,fixed_resolution,252,1.158175,0.280983
R=sqrt(m0),0.5,1,0,2,adaptive_affine,1.3878070959193334,0,BudgetExceeded,11234,91.811964,0.277274
R=sqrt(m0),0.5,1,0,2,adaptive_fold,1.38780524003256,0,EventLocationLimited,204,1.352573,0.340933
R=sqrt(m0),0.5,1,1,0,mapped_fixed63,1.3878402241524534,0,fixed_resolution,252,1.430621,0.174814
R=sqrt(m0),0.5,1,1,0,adaptive_affine,1.3878421141220334,0,BudgetExceeded,11234,106.647513,0.161523
R=sqrt(m0),0.5,1,1,0,adaptive_fold,1.38784022425874,0,EventLocationLimited,204,1.304934,0.177328
R=sqrt(m0),0.5,1,1,1,adaptive_fold,1.38784022425874,0,EventLocationLimited,204,1.238961,0.164035
R=sqrt(m0),0.5,1,1,1,adaptive_affine,1.3878421141220334,0,BudgetExceeded,11234,107.344513,0.162678
R=sqrt(m0),0.5,1,1,1,mapped_fixed63,1.3878402241524534,0,fixed_resolution,252,1.476122,0.178279
R=sqrt(m0),0.5,1,1,2,mapped_fixed63,1.3878402241524534,0,fixed_resolution,252,1.400342,0.161739
R=sqrt(m0),0.5,1,1,2,adaptive_affine,1.3878421141220334,0,BudgetExceeded,11234,106.750345,0.167370
R=sqrt(m0),0.5,1,1,2,adaptive_fold,1.38784022425874,0,EventLocationLimited,204,1.330633,0.183071
tiny-rho,0,0,0,0,mapped_fixed63,38.337679148834532,0,fixed_resolution,378,1.677518,0.782567
tiny-rho,0,0,0,0,adaptive_affine,38.337764069841811,0,Converged,426,1.861243,0.775061
tiny-rho,0,0,0,0,adaptive_fold,38.337679148833615,0,Converged,138,1.558934,0.778473
tiny-rho,0,0,0,1,adaptive_fold,38.337679148833615,0,Converged,138,1.535721,0.775745
tiny-rho,0,0,0,1,adaptive_affine,38.337764069841811,0,Converged,426,1.833341,0.777016
tiny-rho,0,0,0,1,mapped_fixed63,38.337679148834532,0,fixed_resolution,378,1.667069,0.778343
tiny-rho,0,0,0,2,mapped_fixed63,38.337679148834532,0,fixed_resolution,378,1.666612,0.775939
tiny-rho,0,0,0,2,adaptive_affine,38.337764069841811,0,Converged,426,1.823032,0.765932
tiny-rho,0,0,0,2,adaptive_fold,38.337679148833615,0,Converged,138,1.528875,0.775891
tiny-rho,0,0,1,0,mapped_fixed63,38.304176964249848,0,fixed_resolution,378,1.587216,0.292357
tiny-rho,0,0,1,0,adaptive_affine,38.304261782487373,0,Converged,426,1.522707,0.291342
tiny-rho,0,0,1,0,adaptive_fold,38.30417696424842,0,Converged,138,1.179460,0.298643
tiny-rho,0,0,1,1,adaptive_fold,38.30417696424842,0,Converged,138,1.143946,0.297954
tiny-rho,0,0,1,1,adaptive_affine,38.304261782487373,0,Converged,426,1.495874,0.297808
tiny-rho,0,0,1,1,mapped_fixed63,38.304176964249848,0,fixed_resolution,378,1.550543,0.291377
tiny-rho,0,0,1,2,mapped_fixed63,38.304176964249848,0,fixed_resolution,378,1.543381,0.290042
tiny-rho,0,0,1,2,adaptive_affine,38.304261782487373,0,Converged,426,1.535260,0.305198
tiny-rho,0,0,1,2,adaptive_fold,38.30417696424842,0,Converged,138,1.137481,0.291420
tiny-rho,0,1,0,0,mapped_fixed63,38.337679148834532,0,fixed_resolution,378,1.696692,0.771215
tiny-rho,0,1,0,0,adaptive_affine,38.337764069841811,0,BudgetExceeded,29056,933.244530,0.776553
tiny-rho,0,1,0,0,adaptive_fold,38.337679148833615,0,EventLocationLimited,202,2.071807,1.077475
tiny-rho,0,1,0,1,adaptive_fold,38.337679148833615,0,EventLocationLimited,202,1.699850,0.791883
tiny-rho,0,1,0,1,adaptive_affine,38.337764069841811,0,BudgetExceeded,29056,582.524710,0.780837
tiny-rho,0,1,0,1,mapped_fixed63,38.337679148834532,0,fixed_resolution,378,1.801252,0.839843
tiny-rho,0,1,0,2,mapped_fixed63,38.337679148834532,0,fixed_resolution,378,1.691504,0.775113
tiny-rho,0,1,0,2,adaptive_affine,38.337764069841811,0,BudgetExceeded,29056,561.292238,0.773987
tiny-rho,0,1,0,2,adaptive_fold,38.337679148833615,0,EventLocationLimited,202,1.844119,0.845752
tiny-rho,0,1,1,0,mapped_fixed63,38.304176964249848,0,fixed_resolution,378,1.601074,0.301443
tiny-rho,0,1,1,0,adaptive_affine,38.304261782487373,0,BudgetExceeded,29056,597.907796,0.303070
tiny-rho,0,1,1,0,adaptive_fold,38.30417696424842,0,EventLocationLimited,202,1.424264,0.295824
tiny-rho,0,1,1,1,adaptive_fold,38.30417696424842,0,EventLocationLimited,202,1.338909,0.292533
tiny-rho,0,1,1,1,adaptive_affine,38.304261782487373,0,BudgetExceeded,29056,600.776701,0.292788
tiny-rho,0,1,1,1,mapped_fixed63,38.304176964249848,0,fixed_resolution,378,1.641878,0.307782
tiny-rho,0,1,1,2,mapped_fixed63,38.304176964249848,0,fixed_resolution,378,1.581682,0.293568
tiny-rho,0,1,1,2,adaptive_affine,38.304261782487373,0,BudgetExceeded,29056,610.080580,0.291949
tiny-rho,0,1,1,2,adaptive_fold,38.30417696424842,0,EventLocationLimited,202,1.423221,0.313835
tiny-rho,0.5,0,0,0,mapped_fixed63,38.322870590796555,0,fixed_resolution,378,1.773058,0.774883
tiny-rho,0.5,0,0,0,adaptive_affine,38.322981372371011,0,Converged,378,1.889876,0.770952
tiny-rho,0.5,0,0,0,adaptive_fold,38.322870590526378,0,Converged,138,1.586024,0.773588
tiny-rho,0.5,0,0,1,adaptive_fold,38.322870590526378,0,Converged,138,1.551988,0.770952
tiny-rho,0.5,0,0,1,adaptive_affine,38.322981372371011,0,Converged,378,1.868983,0.770681
tiny-rho,0.5,0,0,1,mapped_fixed63,38.322870590796555,0,fixed_resolution,378,1.754303,0.767962
tiny-rho,0.5,0,0,2,mapped_fixed63,38.322870590796555,0,fixed_resolution,378,1.747734,0.772563
tiny-rho,0.5,0,0,2,adaptive_affine,38.322981372371011,0,Converged,378,1.852672,0.770548
tiny-rho,0.5,0,0,2,adaptive_fold,38.322870590526378,0,Converged,138,1.567030,0.771797
tiny-rho,0.5,0,1,0,mapped_fixed63,38.289441009163774,0,fixed_resolution,378,1.644575,0.295213
tiny-rho,0.5,0,1,0,adaptive_affine,38.289551255054647,0,Converged,378,1.517043,0.300451
tiny-rho,0.5,0,1,0,adaptive_fold,38.289441008892638,0,Converged,138,1.235971,0.290630
tiny-rho,0.5,0,1,1,adaptive_fold,38.289441008892638,0,Converged,138,1.536152,0.351368
tiny-rho,0.5,0,1,1,adaptive_affine,38.289551255054647,0,Converged,378,1.785028,0.354968
tiny-rho,0.5,0,1,1,mapped_fixed63,38.289441009163774,0,fixed_resolution,378,2.096087,0.347496
tiny-rho,0.5,0,1,2,mapped_fixed63,38.289441009163774,0,fixed_resolution,378,2.198090,0.374922
tiny-rho,0.5,0,1,2,adaptive_affine,38.289551255054647,0,Converged,378,1.802963,0.379954
tiny-rho,0.5,0,1,2,adaptive_fold,38.289441008892638,0,Converged,138,1.816271,0.445969
tiny-rho,0.5,1,0,0,mapped_fixed63,38.322870590796555,0,fixed_resolution,378,2.949798,1.157592
tiny-rho,0.5,1,0,0,adaptive_affine,38.322981372371011,0,BudgetExceeded,29024,566.685620,1.051785
tiny-rho,0.5,1,0,0,adaptive_fold,38.322870590526378,0,EventLocationLimited,202,2.023175,0.843758
tiny-rho,0.5,1,0,1,adaptive_fold,38.322870590526378,0,EventLocationLimited,202,1.852109,0.784192
tiny-rho,0.5,1,0,1,adaptive_affine,38.322981372371011,0,BudgetExceeded,29024,591.694706,0.775685
tiny-rho,0.5,1,0,1,mapped_fixed63,38.322870590796555,0,fixed_resolution,378,2.073019,0.839348
tiny-rho,0.5,1,0,2,mapped_fixed63,38.322870590796555,0,fixed_resolution,378,2.006544,0.784763
tiny-rho,0.5,1,0,2,adaptive_affine,38.322981372371011,0,BudgetExceeded,29024,602.055142,0.772266
tiny-rho,0.5,1,0,2,adaptive_fold,38.322870590526378,0,EventLocationLimited,202,2.027835,0.865002
tiny-rho,0.5,1,1,0,mapped_fixed63,38.289441009163781,0,fixed_resolution,378,1.866888,0.293664
tiny-rho,0.5,1,1,0,adaptive_affine,38.289551255054647,0,BudgetExceeded,29024,650.873363,0.290885
tiny-rho,0.5,1,1,0,adaptive_fold,38.289441008892638,0,EventLocationLimited,202,1.573891,0.304587
tiny-rho,0.5,1,1,1,adaptive_fold,38.289441008892638,0,EventLocationLimited,202,1.490883,0.293474
tiny-rho,0.5,1,1,1,adaptive_affine,38.289551255054647,0,BudgetExceeded,29024,711.682137,0.290956
tiny-rho,0.5,1,1,1,mapped_fixed63,38.289441009163781,0,fixed_resolution,378,1.916631,0.306343
tiny-rho,0.5,1,1,2,mapped_fixed63,38.289441009163781,0,fixed_resolution,378,1.882626,0.304775
tiny-rho,0.5,1,1,2,adaptive_affine,38.289551255054647,0,BudgetExceeded,29024,629.773856,0.289753
tiny-rho,0.5,1,1,2,adaptive_fold,38.289441008892638,0,EventLocationLimited,202,1.587774,0.309042
caustic-cross,0,0,0,0,mapped_fixed63,31.943725803043918,0,fixed_resolution,315,1.499039,0.855485
caustic-cross,0,0,0,0,adaptive_affine,31.943925184908295,0,Converged,243,1.311986,0.840539
caustic-cross,0,0,0,0,adaptive_fold,31.943872600409247,0,Converged,227,1.299445,0.841881
caustic-cross,0,0,0,1,adaptive_fold,31.943872600409247,0,Converged,227,1.283475,0.835406
caustic-cross,0,0,0,1,adaptive_affine,31.943925184908295,0,Converged,243,1.290938,0.836423
caustic-cross,0,0,0,1,mapped_fixed63,31.943725803043918,0,fixed_resolution,315,1.468804,0.835031
caustic-cross,0,0,0,2,mapped_fixed63,31.943725803043918,0,fixed_resolution,315,1.480173,0.841041
caustic-cross,0,0,0,2,adaptive_affine,31.943925184908295,0,Converged,243,1.280214,0.830438
caustic-cross,0,0,0,2,adaptive_fold,31.943872600409247,0,Converged,227,1.281939,0.838281
caustic-cross,0,0,1,0,mapped_fixed63,31.968855223620867,0,fixed_resolution,315,11.497269,10.939164
caustic-cross,0,0,1,0,adaptive_affine,31.969056161324719,0,Converged,243,11.503110,10.953390
caustic-cross,0,0,1,0,adaptive_fold,31.969003422700442,0,Converged,227,11.524550,10.973721
caustic-cross,0,0,1,1,adaptive_fold,31.969003422700442,0,Converged,227,11.539492,10.972147
caustic-cross,0,0,1,1,adaptive_affine,31.969056161324719,0,Converged,243,11.489828,10.943340
caustic-cross,0,0,1,1,mapped_fixed63,31.968855223620867,0,fixed_resolution,315,11.513607,10.942299
caustic-cross,0,0,1,2,mapped_fixed63,31.968855223620867,0,fixed_resolution,315,11.492331,10.929488
caustic-cross,0,0,1,2,adaptive_affine,31.969056161324719,0,Converged,243,11.454461,10.935656
caustic-cross,0,0,1,2,adaptive_fold,31.969003422700442,0,Converged,227,11.489446,10.934982
caustic-cross,0,1,0,0,mapped_fixed63,31.943725803043918,0,fixed_resolution,315,1.504651,0.845648
caustic-cross,0,1,0,0,adaptive_affine,31.943925184908295,0,BudgetExceeded,17785,222.213601,0.839847
caustic-cross,0,1,0,0,adaptive_fold,31.943872600409247,0,BudgetExceeded,6089,44.998553,0.921638
caustic-cross,0,1,0,1,adaptive_fold,31.943872600409247,0,BudgetExceeded,6089,42.207062,0.910840
caustic-cross,0,1,0,1,adaptive_affine,31.943925184908295,0,BudgetExceeded,17785,214.220440,0.904711
caustic-cross,0,1,0,1,mapped_fixed63,31.943725803043918,0,fixed_resolution,315,1.601015,0.905588
caustic-cross,0,1,0,2,mapped_fixed63,31.943725803043918,0,fixed_resolution,315,1.497225,0.838803
caustic-cross,0,1,0,2,adaptive_affine,31.943925184908295,0,BudgetExceeded,17785,209.908594,0.837657
caustic-cross,0,1,0,2,adaptive_fold,31.943872600409247,0,BudgetExceeded,6089,42.264524,0.908092
caustic-cross,0,1,1,0,mapped_fixed63,31.968855223620867,0,fixed_resolution,315,11.578249,10.959830
caustic-cross,0,1,1,0,adaptive_affine,31.969056161324719,0,BudgetExceeded,17785,223.370094,10.947067
caustic-cross,0,1,1,0,adaptive_fold,31.969003422700442,0,BudgetExceeded,6089,53.970012,10.937713
caustic-cross,0,1,1,1,adaptive_fold,31.969003422700442,0,BudgetExceeded,6089,52.424019,10.990456
caustic-cross,0,1,1,1,adaptive_affine,31.969056161324719,0,BudgetExceeded,17785,221.684273,10.963475
caustic-cross,0,1,1,1,mapped_fixed63,31.968855223620867,0,fixed_resolution,315,11.535071,10.951125
caustic-cross,0,1,1,2,mapped_fixed63,31.968855223620867,0,fixed_resolution,315,11.503626,10.914816
caustic-cross,0,1,1,2,adaptive_affine,31.969056161324719,0,BudgetExceeded,17785,220.510231,10.922840
caustic-cross,0,1,1,2,adaptive_fold,31.969003422700442,0,BudgetExceeded,6089,53.862100,10.975517
caustic-cross,0.5,0,0,0,mapped_fixed63,33.288702520948277,0,fixed_resolution,315,1.764504,0.880168
caustic-cross,0.5,0,0,0,adaptive_affine,33.288870023464021,0,Converged,251,1.515018,0.837620
caustic-cross,0.5,0,0,0,adaptive_fold,33.288796153740229,0,Converged,267,1.559729,0.841241
caustic-cross,0.5,0,0,1,adaptive_fold,33.288796153740229,0,Converged,267,1.558577,0.845684
caustic-cross,0.5,0,0,1,adaptive_affine,33.288870023464021,0,Converged,251,1.496702,0.838822
caustic-cross,0.5,0,0,1,mapped_fixed63,33.288702520948277,0,fixed_resolution,315,1.691251,0.833529
caustic-cross,0.5,0,0,2,mapped_fixed63,33.288702520948277,0,fixed_resolution,315,1.694570,0.839750
caustic-cross,0.5,0,0,2,adaptive_affine,33.288870023464021,0,Converged,251,1.499666,0.833998
caustic-cross,0.5,0,0,2,adaptive_fold,33.288796153740229,0,Converged,267,1.520584,0.831227
caustic-cross,0.5,0,1,0,mapped_fixed63,33.303618221834121,0,fixed_resolution,315,11.869947,10.964340
caustic-cross,0.5,0,1,0,adaptive_affine,33.303786719925263,0,Converged,251,11.710661,10.927666
caustic-cross,0.5,0,1,0,adaptive_fold,33.303712727538475,0,Converged,267,11.778169,10.953106
caustic-cross,0.5,0,1,1,adaptive_fold,33.303712727538475,0,Converged,267,11.779407,10.928909
caustic-cross,0.5,0,1,1,adaptive_affine,33.303786719925263,0,Converged,251,11.684352,10.924676
caustic-cross,0.5,0,1,1,mapped_fixed63,33.303618221834121,0,fixed_resolution,315,11.841881,10.952000
caustic-cross,0.5,0,1,2,mapped_fixed63,33.303618221834121,0,fixed_resolution,315,11.830909,10.966121
caustic-cross,0.5,0,1,2,adaptive_affine,33.303786719925263,0,Converged,251,11.797343,10.949392
caustic-cross,0.5,0,1,2,adaptive_fold,33.303712727538475,0,Converged,267,11.810556,10.949747
caustic-cross,0.5,1,0,0,mapped_fixed63,33.288702520948277,0,fixed_resolution,315,1.925471,0.845879
caustic-cross,0.5,1,0,0,adaptive_affine,33.288870023464021,0,BudgetExceeded,17897,230.704142,0.840469
caustic-cross,0.5,1,0,0,adaptive_fold,33.288796153740229,0,BudgetExceeded,6217,57.773369,0.900565
caustic-cross,0.5,1,0,1,adaptive_fold,33.288796153740229,0,BudgetExceeded,6217,55.325977,0.897564
caustic-cross,0.5,1,0,1,adaptive_affine,33.288870023464021,0,BudgetExceeded,17897,226.368888,0.893495
caustic-cross,0.5,1,0,1,mapped_fixed63,33.288702520948277,0,fixed_resolution,315,2.007218,0.903681
caustic-cross,0.5,1,0,2,mapped_fixed63,33.288702520948277,0,fixed_resolution,315,1.973728,0.845819
caustic-cross,0.5,1,0,2,adaptive_affine,33.288870023464021,0,BudgetExceeded,17897,220.627332,0.834544
caustic-cross,0.5,1,0,2,adaptive_fold,33.288796153740229,0,BudgetExceeded,6217,55.211638,0.901096
caustic-cross,0.5,1,1,0,mapped_fixed63,33.303618221834121,0,fixed_resolution,315,11.929774,10.932350
caustic-cross,0.5,1,1,0,adaptive_affine,33.303786719925263,0,BudgetExceeded,17897,250.944436,10.931475
caustic-cross,0.5,1,1,0,adaptive_fold,33.303712727538475,0,BudgetExceeded,6217,68.647774,10.957088
caustic-cross,0.5,1,1,1,adaptive_fold,33.303712727538475,0,BudgetExceeded,6217,66.522214,10.971629
caustic-cross,0.5,1,1,1,adaptive_affine,33.303786719925263,0,BudgetExceeded,17897,262.617967,10.987372
caustic-cross,0.5,1,1,1,mapped_fixed63,33.303618221834121,0,fixed_resolution,315,12.002854,10.998710
caustic-cross,0.5,1,1,2,mapped_fixed63,33.303618221834121,0,fixed_resolution,315,11.973819,10.932553
caustic-cross,0.5,1,1,2,adaptive_affine,33.303786719925263,0,BudgetExceeded,17897,256.878096,10.915714
caustic-cross,0.5,1,1,2,adaptive_fold,33.303712727538475,0,BudgetExceeded,6217,66.619275,11.005531
extreme-q-lo,0,0,0,0,mapped_fixed63,1.6758184942429752,0,fixed_resolution,189,1.521590,0.805243
extreme-q-lo,0,0,0,0,adaptive_affine,1.6758212830797914,0,Converged,197,1.336345,0.742193
extreme-q-lo,0,0,0,0,adaptive_fold,1.6758184942425287,0,Converged,69,1.180710,0.741058
extreme-q-lo,0,0,0,1,adaptive_fold,1.6758184942425287,0,Converged,69,1.162423,0.739179
extreme-q-lo,0,0,0,1,adaptive_affine,1.6758212830797914,0,Converged,197,1.307688,0.736391
extreme-q-lo,0,0,0,1,mapped_fixed63,1.6758184942429752,0,fixed_resolution,189,1.400278,0.737567
extreme-q-lo,0,0,0,2,mapped_fixed63,1.6758184942429752,0,fixed_resolution,189,1.400620,0.738904
extreme-q-lo,0,0,0,2,adaptive_affine,1.6758212830797914,0,Converged,197,1.305334,0.732210
extreme-q-lo,0,0,0,2,adaptive_fold,1.6758184942425287,0,Converged,69,1.164593,0.736558
extreme-q-lo,0,0,1,0,mapped_fixed63,1.67547803304454,0,fixed_resolution,189,1.278964,0.615918
extreme-q-lo,0,0,1,0,adaptive_affine,1.6754808208240342,0,Converged,197,1.206962,0.611125
extreme-q-lo,0,0,1,0,adaptive_fold,1.6754780330440928,0,Converged,69,1.060055,0.621350
extreme-q-lo,0,0,1,1,adaptive_fold,1.6754780330440928,0,Converged,69,1.043864,0.611599
extreme-q-lo,0,0,1,1,adaptive_affine,1.6754808208240342,0,Converged,197,1.216320,0.616736
extreme-q-lo,0,0,1,1,mapped_fixed63,1.67547803304454,0,fixed_resolution,189,1.286246,0.615726
extreme-q-lo,0,0,1,2,mapped_fixed63,1.67547803304454,0,fixed_resolution,189,1.287446,0.619428
extreme-q-lo,0,0,1,2,adaptive_affine,1.6754808208240342,0,Converged,197,1.210808,0.617954
extreme-q-lo,0,0,1,2,adaptive_fold,1.6754780330440928,0,Converged,69,1.108831,0.620035
extreme-q-lo,0,1,0,0,mapped_fixed63,1.6758184942429752,0,fixed_resolution,189,1.432645,0.743125
extreme-q-lo,0,1,0,0,adaptive_affine,1.6758212830797914,0,BudgetExceeded,11279,96.365102,0.734536
extreme-q-lo,0,1,0,0,adaptive_fold,1.6758184942425287,0,EventLocationLimited,77,1.320607,0.804212
extreme-q-lo,0,1,0,1,adaptive_fold,1.6758184942425287,0,EventLocationLimited,77,1.212149,0.739778
extreme-q-lo,0,1,0,1,adaptive_affine,1.6758212830797914,0,BudgetExceeded,11279,96.234202,0.739057
extreme-q-lo,0,1,0,1,mapped_fixed63,1.6758184942429752,0,fixed_resolution,189,1.531810,0.806079
extreme-q-lo,0,1,0,2,mapped_fixed63,1.6758184942429752,0,fixed_resolution,189,1.424905,0.738191
extreme-q-lo,0,1,0,2,adaptive_affine,1.6758212830797914,0,BudgetExceeded,11279,96.356752,0.739767
extreme-q-lo,0,1,0,2,adaptive_fold,1.6758184942425287,0,EventLocationLimited,77,1.330323,0.805367
extreme-q-lo,0,1,1,0,mapped_fixed63,1.67547803304454,0,fixed_resolution,189,1.316815,0.622764
extreme-q-lo,0,1,1,0,adaptive_affine,1.6754808208240342,0,BudgetExceeded,11279,101.662937,0.611746
extreme-q-lo,0,1,1,0,adaptive_fold,1.6754780330440928,0,EventLocationLimited,77,1.148471,0.629885
extreme-q-lo,0,1,1,1,adaptive_fold,1.6754780330440928,0,EventLocationLimited,77,1.088777,0.617103
extreme-q-lo,0,1,1,1,adaptive_affine,1.6754808208240342,0,BudgetExceeded,11279,102.177237,0.613651
extreme-q-lo,0,1,1,1,mapped_fixed63,1.67547803304454,0,fixed_resolution,189,1.342339,0.619871
extreme-q-lo,0,1,1,2,mapped_fixed63,1.67547803304454,0,fixed_resolution,189,1.302473,0.618408
extreme-q-lo,0,1,1,2,adaptive_affine,1.6754808208240342,0,BudgetExceeded,11279,102.450690,0.619408
extreme-q-lo,0,1,1,2,adaptive_fold,1.6754780330440928,0,EventLocationLimited,77,1.151989,0.630532
extreme-q-lo,0.5,0,0,0,mapped_fixed63,1.6758050595865526,0,fixed_resolution,189,1.558997,0.742267
extreme-q-lo,0.5,0,0,0,adaptive_affine,1.6758067328886415,0,Converged,197,1.396314,0.743606
extreme-q-lo,0.5,0,0,0,adaptive_fold,1.6758050595845753,0,Converged,69,1.204337,0.742745
extreme-q-lo,0.5,0,0,1,adaptive_fold,1.6758050595845753,0,Converged,69,1.188027,0.735715
extreme-q-lo,0.5,0,0,1,adaptive_affine,1.6758067328886415,0,Converged,197,1.360885,0.739870
extreme-q-lo,0.5,0,0,1,mapped_fixed63,1.6758050595865526,0,fixed_resolution,189,1.531148,0.734121
extreme-q-lo,0.5,0,0,2,mapped_fixed63,1.6758050595865526,0,fixed_resolution,189,1.547520,0.733408
extreme-q-lo,0.5,0,0,2,adaptive_affine,1.6758067328886415,0,Converged,197,1.388910,0.739947
extreme-q-lo,0.5,0,0,2,adaptive_fold,1.6758050595845753,0,Converged,69,1.193810,0.739569
extreme-q-lo,0.5,0,1,0,mapped_fixed63,1.6754646081254378,0,fixed_resolution,189,1.415353,0.613286
extreme-q-lo,0.5,0,1,0,adaptive_affine,1.6754662807931313,0,Converged,197,1.273018,0.613045
extreme-q-lo,0.5,0,1,0,adaptive_fold,1.675464608123451,0,Converged,69,1.071596,0.612302
extreme-q-lo,0.5,0,1,1,adaptive_fold,1.675464608123451,0,Converged,69,1.071259,0.610233
extreme-q-lo,0.5,0,1,1,adaptive_affine,1.6754662807931313,0,Converged,197,1.256162,0.612009
extreme-q-lo,0.5,0,1,1,mapped_fixed63,1.6754646081254378,0,fixed_resolution,189,1.431081,0.619820
extreme-q-lo,0.5,0,1,2,mapped_fixed63,1.6754646081254378,0,fixed_resolution,189,1.410081,0.614561
extreme-q-lo,0.5,0,1,2,adaptive_affine,1.6754662807931313,0,Converged,197,1.264975,0.611802
extreme-q-lo,0.5,0,1,2,adaptive_fold,1.675464608123451,0,Converged,69,1.082919,0.613040
extreme-q-lo,0.5,1,0,0,mapped_fixed63,1.6758050595865526,0,fixed_resolution,189,1.652082,0.735230
extreme-q-lo,0.5,1,0,0,adaptive_affine,1.6758067328886415,0,BudgetExceeded,11263,105.515586,0.735824
extreme-q-lo,0.5,1,0,0,adaptive_fold,1.6758050595845753,0,EventLocationLimited,77,1.428558,0.822614
extreme-q-lo,0.5,1,0,1,adaptive_fold,1.6758050595845753,0,EventLocationLimited,77,1.280405,0.743267
extreme-q-lo,0.5,1,0,1,adaptive_affine,1.6758067328886415,0,BudgetExceeded,11263,106.186196,0.737454
extreme-q-lo,0.5,1,0,1,mapped_fixed63,1.6758050595865526,0,fixed_resolution,189,1.782449,0.806263
extreme-q-lo,0.5,1,0,2,mapped_fixed63,1.6758050595865526,0,fixed_resolution,189,1.669868,0.739906
extreme-q-lo,0.5,1,0,2,adaptive_affine,1.6758067328886415,0,BudgetExceeded,11263,106.889896,0.738136
extreme-q-lo,0.5,1,0,2,adaptive_fold,1.6758050595845753,0,EventLocationLimited,77,1.417673,0.807999
extreme-q-lo,0.5,1,1,0,mapped_fixed63,1.6754646081254378,0,fixed_resolution,189,1.562283,0.620131
extreme-q-lo,0.5,1,1,0,adaptive_affine,1.6754662807931313,0,BudgetExceeded,11263,111.952027,0.612437
extreme-q-lo,0.5,1,1,0,adaptive_fold,1.675464608123451,0,EventLocationLimited,77,1.267075,0.630193
extreme-q-lo,0.5,1,1,1,adaptive_fold,1.675464608123451,0,EventLocationLimited,77,1.166902,0.613614
extreme-q-lo,0.5,1,1,1,adaptive_affine,1.6754662807931313,0,BudgetExceeded,11263,111.999108,0.620825
extreme-q-lo,0.5,1,1,1,mapped_fixed63,1.6754646081254378,0,fixed_resolution,189,1.600183,0.631279
extreme-q-lo,0.5,1,1,2,mapped_fixed63,1.6754646081254378,0,fixed_resolution,189,1.548252,0.615295
extreme-q-lo,0.5,1,1,2,adaptive_affine,1.6754662807931313,0,BudgetExceeded,11263,112.399738,0.618803
extreme-q-lo,0.5,1,1,2,adaptive_fold,1.675464608123451,0,EventLocationLimited,77,1.242907,0.630954
extreme-q-planet,0,0,0,0,mapped_fixed63,1.3710366555685227,0,fixed_resolution,378,2.185921,0.910355
extreme-q-planet,0,0,0,0,adaptive_affine,1.3710395683075838,0,Converged,266,1.785437,0.906761
extreme-q-planet,0,0,0,0,adaptive_fold,1.3710366026352474,0,Converged,138,1.613770,0.905461
extreme-q-planet,0,0,0,1,adaptive_fold,1.3710366026352474,0,Converged,138,1.603043,0.901235
extreme-q-planet,0,0,0,1,adaptive_affine,1.3710395683075838,0,Converged,266,1.747788,0.906436
extreme-q-planet,0,0,0,1,mapped_fixed63,1.3710366555685227,0,fixed_resolution,378,2.181800,0.908828
extreme-q-planet,0,0,0,2,mapped_fixed63,1.3710366555685227,0,fixed_resolution,378,2.147064,0.899709
extreme-q-planet,0,0,0,2,adaptive_affine,1.3710395683075838,0,Converged,266,1.745191,0.897895
extreme-q-planet,0,0,0,2,adaptive_fold,1.3710366026352474,0,Converged,138,1.600020,0.894223
extreme-q-planet,0,0,1,0,mapped_fixed63,1.370708828295206,0,fixed_resolution,378,2.208030,0.835692
extreme-q-planet,0,0,1,0,adaptive_affine,1.3707117196555645,0,Converged,266,1.735736,0.818306
extreme-q-planet,0,0,1,0,adaptive_fold,1.3707087790830221,0,Converged,138,1.547901,0.819766
extreme-q-planet,0,0,1,1,adaptive_fold,1.3707087790830221,0,Converged,138,1.552118,0.817839
extreme-q-planet,0,0,1,1,adaptive_affine,1.3707117196555645,0,Converged,266,1.714762,0.818049
extreme-q-planet,0,0,1,1,mapped_fixed63,1.370708828295206,0,fixed_resolution,378,2.197439,0.826672
extreme-q-planet,0,0,1,2,mapped_fixed63,1.370708828295206,0,fixed_resolution,378,2.183093,0.818974
extreme-q-planet,0,0,1,2,adaptive_affine,1.3707117196555645,0,Converged,266,1.727323,0.817912
extreme-q-planet,0,0,1,2,adaptive_fold,1.3707087790830221,0,Converged,138,1.556056,0.817864
extreme-q-planet,0,1,0,0,mapped_fixed63,1.3710366555685227,0,fixed_resolution,378,2.188143,0.895796
extreme-q-planet,0,1,0,0,adaptive_affine,1.3710395683075838,0,BudgetExceeded,10232,78.233205,0.907957
extreme-q-planet,0,1,0,0,adaptive_fold,1.3710366026352474,0,EventLocationLimited,282,2.077727,0.978371
extreme-q-planet,0,1,0,1,adaptive_fold,1.3710366026352474,0,EventLocationLimited,282,1.939307,0.905129
extreme-q-planet,0,1,0,1,adaptive_affine,1.3710395683075838,0,BudgetExceeded,10232,77.752286,0.908207
extreme-q-planet,0,1,0,1,mapped_fixed63,1.3710366555685227,0,fixed_resolution,378,2.299892,0.970475
extreme-q-planet,0,1,0,2,mapped_fixed63,1.3710366555685227,0,fixed_resolution,378,2.212522,0.918418
extreme-q-planet,0,1,0,2,adaptive_affine,1.3710395683075838,0,BudgetExceeded,10232,78.546684,0.903519
extreme-q-planet,0,1,0,2,adaptive_fold,1.3710366026352474,0,EventLocationLimited,282,2.056925,0.963252
extreme-q-planet,0,1,1,0,mapped_fixed63,1.370708828295206,0,fixed_resolution,378,2.337780,0.828003
extreme-q-planet,0,1,1,0,adaptive_affine,1.3707117196555645,0,BudgetExceeded,10232,87.005601,0.820226
extreme-q-planet,0,1,1,0,adaptive_fold,1.3707087790830221,0,EventLocationLimited,282,2.085798,0.826104
extreme-q-planet,0,1,1,1,adaptive_fold,1.3707087790830221,0,EventLocationLimited,282,2.067832,0.828625
extreme-q-planet,0,1,1,1,adaptive_affine,1.3707117196555645,0,BudgetExceeded,10232,87.472297,0.823067
extreme-q-planet,0,1,1,1,mapped_fixed63,1.370708828295206,0,fixed_resolution,378,2.251289,0.829293
extreme-q-planet,0,1,1,2,mapped_fixed63,1.370708828295206,0,fixed_resolution,378,2.213299,0.818880
extreme-q-planet,0,1,1,2,adaptive_affine,1.3707117196555645,0,BudgetExceeded,10232,87.175617,0.824925
extreme-q-planet,0,1,1,2,adaptive_fold,1.3707087790830221,0,EventLocationLimited,282,2.058650,0.828034
extreme-q-planet,0.5,0,0,0,mapped_fixed63,1.369928311828098,0,fixed_resolution,378,2.384123,0.905675
extreme-q-planet,0.5,0,0,0,adaptive_affine,1.3699307821928901,0,Converged,250,1.933824,0.935603
extreme-q-planet,0.5,0,0,0,adaptive_fold,1.369928322405584,0,Converged,106,1.618922,0.895784
extreme-q-planet,0.5,0,0,1,adaptive_fold,1.369928322405584,0,Converged,106,1.613942,0.900922
extreme-q-planet,0.5,0,0,1,adaptive_affine,1.3699307821928901,0,Converged,250,1.898095,0.899588
extreme-q-planet,0.5,0,0,1,mapped_fixed63,1.369928311828098,0,fixed_resolution,378,2.315085,0.901363
extreme-q-planet,0.5,0,0,2,mapped_fixed63,1.369928311828098,0,fixed_resolution,378,2.334188,0.914029
extreme-q-planet,0.5,0,0,2,adaptive_affine,1.3699307821928901,0,Converged,250,1.888243,0.897001
extreme-q-planet,0.5,0,0,2,adaptive_fold,1.369928322405584,0,Converged,106,1.625656,0.901482
extreme-q-planet,0.5,0,1,0,mapped_fixed63,1.3696267023297084,0,fixed_resolution,378,2.431742,0.822792
extreme-q-planet,0.5,0,1,0,adaptive_affine,1.3696291596377428,0,Converged,250,1.876211,0.824288
extreme-q-planet,0.5,0,1,0,adaptive_fold,1.3696267140768188,0,Converged,106,1.553919,0.818414
extreme-q-planet,0.5,0,1,1,adaptive_fold,1.3696267140768188,0,Converged,106,1.568078,0.819484
extreme-q-planet,0.5,0,1,1,adaptive_affine,1.3696291596377428,0,Converged,250,1.859558,0.816459
extreme-q-planet,0.5,0,1,1,mapped_fixed63,1.3696267023297084,0,fixed_resolution,378,2.564244,0.809292
extreme-q-planet,0.5,0,1,2,mapped_fixed63,1.3696267023297084,0,fixed_resolution,378,2.330151,0.821923
extreme-q-planet,0.5,0,1,2,adaptive_affine,1.3696291596377428,0,Converged,250,1.878128,0.820148
extreme-q-planet,0.5,0,1,2,adaptive_fold,1.3696267140768188,0,Converged,106,1.572966,0.818574
extreme-q-planet,0.5,1,0,0,mapped_fixed63,1.369928311828098,0,fixed_resolution,378,2.514845,0.897053
extreme-q-planet,0.5,1,0,0,adaptive_affine,1.3699307821928901,0,BudgetExceeded,10486,88.664224,0.910369
extreme-q-planet,0.5,1,0,0,adaptive_fold,1.369928322405584,0,EventLocationLimited,1768,8.449320,0.974516
extreme-q-planet,0.5,1,0,1,adaptive_fold,1.369928322405584,0,EventLocationLimited,1768,8.364677,0.951839
extreme-q-planet,0.5,1,0,1,adaptive_affine,1.3699307821928901,0,BudgetExceeded,10486,88.584473,0.947390
extreme-q-planet,0.5,1,0,1,mapped_fixed63,1.369928311828098,0,fixed_resolution,378,2.648224,0.965983
extreme-q-planet,0.5,1,0,2,mapped_fixed63,1.369928311828098,0,fixed_resolution,378,2.538237,0.901223
extreme-q-planet,0.5,1,0,2,adaptive_affine,1.3699307821928901,0,BudgetExceeded,10486,89.336538,0.895211
extreme-q-planet,0.5,1,0,2,adaptive_fold,1.369928322405584,0,EventLocationLimited,1768,8.401085,0.963815
extreme-q-planet,0.5,1,1,0,mapped_fixed63,1.3696267023297084,0,fixed_resolution,378,2.641797,0.828512
extreme-q-planet,0.5,1,1,0,adaptive_affine,1.3696291596377428,0,BudgetExceeded,10486,98.947540,0.821020
extreme-q-planet,0.5,1,1,0,adaptive_fold,1.3696267140768188,8,TopologyUnresolved,1237,6.877437,0.826192
extreme-q-planet,0.5,1,1,1,adaptive_fold,1.3696267140768188,8,TopologyUnresolved,1237,6.602461,0.824019
extreme-q-planet,0.5,1,1,1,adaptive_affine,1.3696291596377428,0,BudgetExceeded,10486,99.376401,0.828077
extreme-q-planet,0.5,1,1,1,mapped_fixed63,1.3696267023297084,0,fixed_resolution,378,2.614589,0.820110
extreme-q-planet,0.5,1,1,2,mapped_fixed63,1.3696267023297084,0,fixed_resolution,378,2.561595,0.825486
extreme-q-planet,0.5,1,1,2,adaptive_affine,1.3696291596377428,0,BudgetExceeded,10486,99.383132,0.810386
extreme-q-planet,0.5,1,1,2,adaptive_fold,1.3696267140768188,8,TopologyUnresolved,1237,6.660746,0.827923
very-wide,0,0,0,0,mapped_fixed63,1.0324995640560479,0,fixed_resolution,189,1.074066,0.481482
very-wide,0,0,0,0,adaptive_affine,1.0325032036172253,0,Converged,285,1.096608,0.450716
very-wide,0,0,0,0,adaptive_fold,1.032499564055972,0,Converged,61,0.856897,0.447164
very-wide,0,0,0,1,adaptive_fold,1.032499564055972,0,Converged,61,0.859318,0.447402
very-wide,0,0,0,1,adaptive_affine,1.0325032036172253,0,Converged,285,1.066900,0.444961
very-wide,0,0,0,1,mapped_fixed63,1.0324995640560479,0,fixed_resolution,189,1.024735,0.452158
very-wide,0,0,0,2,mapped_fixed63,1.0324995640560479,0,fixed_resolution,189,0.999268,0.445729
very-wide,0,0,0,2,adaptive_affine,1.0325032036172253,0,Converged,285,1.048893,0.441869
very-wide,0,0,0,2,adaptive_fold,1.032499564055972,0,Converged,61,0.856719,0.446533
very-wide,0,0,1,0,mapped_fixed63,1.0325050758620657,0,fixed_resolution,189,1.038749,0.381307
very-wide,0,0,1,0,adaptive_affine,1.032508716006693,0,Converged,285,1.082580,0.378581
very-wide,0,0,1,0,adaptive_fold,1.0325050758619907,0,Converged,61,0.833869,0.377134
very-wide,0,0,1,1,adaptive_fold,1.0325050758619907,0,Converged,61,0.805470,0.379459
very-wide,0,0,1,1,adaptive_affine,1.032508716006693,0,Converged,285,1.068154,0.372226
very-wide,0,0,1,1,mapped_fixed63,1.0325050758620657,0,fixed_resolution,189,1.033687,0.382928
very-wide,0,0,1,2,mapped_fixed63,1.0325050758620657,0,fixed_resolution,189,1.035205,0.375139
very-wide,0,0,1,2,adaptive_affine,1.032508716006693,0,Converged,285,1.068378,0.372383
very-wide,0,0,1,2,adaptive_fold,1.0325050758619907,0,Converged,61,0.819060,0.374486
very-wide,0,1,0,0,mapped_fixed63,1.0324995640560479,0,fixed_resolution,189,1.028140,0.453477
very-wide,0,1,0,0,adaptive_affine,1.0325032036172253,0,BudgetExceeded,7389,45.185967,0.448876
very-wide,0,1,0,0,adaptive_fold,1.032499564055972,0,EventLocationLimited,93,1.075438,0.507444
very-wide,0,1,0,1,adaptive_fold,1.032499564055972,0,EventLocationLimited,93,0.956057,0.455928
very-wide,0,1,0,1,adaptive_affine,1.0325032036172253,0,BudgetExceeded,7389,45.460680,0.446319
very-wide,0,1,0,1,mapped_fixed63,1.0324995640560479,0,fixed_resolution,189,1.160026,0.536619
very-wide,0,1,0,2,mapped_fixed63,1.0324995640560479,0,fixed_resolution,189,1.031200,0.455199
very-wide,0,1,0,2,adaptive_affine,1.0325032036172253,0,BudgetExceeded,7389,45.407801,0.457175
very-wide,0,1,0,2,adaptive_fold,1.032499564055972,0,EventLocationLimited,93,1.056950,0.511261
very-wide,0,1,1,0,mapped_fixed63,1.0325050758620657,0,fixed_resolution,189,1.059793,0.387310
very-wide,0,1,1,0,adaptive_affine,1.032508716006693,0,BudgetExceeded,7389,52.102175,0.377370
very-wide,0,1,1,0,adaptive_fold,1.0325050758619907,0,EventLocationLimited,93,0.995903,0.388822
very-wide,0,1,1,1,adaptive_fold,1.0325050758619907,0,EventLocationLimited,93,0.929983,0.377382
very-wide,0,1,1,1,adaptive_affine,1.032508716006693,0,BudgetExceeded,7389,52.435096,0.382465
very-wide,0,1,1,1,mapped_fixed63,1.0325050758620657,0,fixed_resolution,189,1.101299,0.396199
very-wide,0,1,1,2,mapped_fixed63,1.0325050758620657,0,fixed_resolution,189,1.045863,0.375141
very-wide,0,1,1,2,adaptive_affine,1.032508716006693,0,BudgetExceeded,7389,52.422013,0.382910
very-wide,0,1,1,2,adaptive_fold,1.0325050758619907,0,EventLocationLimited,93,0.975437,0.386806
very-wide,0.5,0,0,0,mapped_fixed63,1.0324994732472208,0,fixed_resolution,189,1.073355,0.457164
very-wide,0.5,0,0,0,adaptive_affine,1.0325020274601535,0,Converged,157,0.972727,0.453757
very-wide,0.5,0,0,0,adaptive_fold,1.032499473239388,0,Converged,61,0.889657,0.459294
very-wide,0.5,0,0,1,adaptive_fold,1.032499473239388,0,Converged,61,0.860706,0.452553
very-wide,0.5,0,0,1,adaptive_affine,1.0325020274601535,0,Converged,157,0.943269,0.449821
very-wide,0.5,0,0,1,mapped_fixed63,1.0324994732472208,0,fixed_resolution,189,1.045547,0.456297
very-wide,0.5,0,0,2,mapped_fixed63,1.0324994732472208,0,fixed_resolution,189,1.042104,0.452840
very-wide,0.5,0,0,2,adaptive_affine,1.0325020274601535,0,Converged,157,0.949238,0.449120
very-wide,0.5,0,0,2,adaptive_fold,1.032499473239388,0,Converged,61,0.864070,0.453536
very-wide,0.5,0,1,0,mapped_fixed63,1.0325049845555057,0,fixed_resolution,189,1.094431,0.389063
very-wide,0.5,0,1,0,adaptive_affine,1.0325075391199894,0,Converged,157,0.932250,0.375583
very-wide,0.5,0,1,0,adaptive_fold,1.0325049845476741,0,Converged,61,0.834652,0.382173
very-wide,0.5,0,1,1,adaptive_fold,1.0325049845476741,0,Converged,61,0.815041,0.372619
very-wide,0.5,0,1,1,adaptive_affine,1.0325075391199894,0,Converged,157,0.956585,0.384615
very-wide,0.5,0,1,1,mapped_fixed63,1.0325049845555057,0,fixed_resolution,189,1.071147,0.381189
very-wide,0.5,0,1,2,mapped_fixed63,1.0325049845555057,0,fixed_resolution,189,1.069262,0.375556
very-wide,0.5,0,1,2,adaptive_affine,1.0325075391199894,0,Converged,157,0.936912,0.380400
very-wide,0.5,0,1,2,adaptive_fold,1.0325049845476741,0,Converged,61,0.832316,0.378751
very-wide,0.5,1,0,0,mapped_fixed63,1.0324994732472208,0,fixed_resolution,189,1.162323,0.447454
very-wide,0.5,1,0,0,adaptive_affine,1.0325020274601535,0,BudgetExceeded,7389,50.439841,0.442808
very-wide,0.5,1,0,0,adaptive_fold,1.032499473239388,0,EventLocationLimited,93,1.130818,0.519484
very-wide,0.5,1,0,1,adaptive_fold,1.032499473239388,0,EventLocationLimited,93,1.016747,0.459270
very-wide,0.5,1,0,1,adaptive_affine,1.0325020274601535,0,BudgetExceeded,7389,49.705319,0.454383
very-wide,0.5,1,0,1,mapped_fixed63,1.0324994732472208,0,fixed_resolution,189,1.252726,0.513425
very-wide,0.5,1,0,2,mapped_fixed63,1.0324994732472208,0,fixed_resolution,189,1.167356,0.459130
very-wide,0.5,1,0,2,adaptive_affine,1.0325020274601535,0,BudgetExceeded,7389,49.768455,0.446192
very-wide,0.5,1,0,2,adaptive_fold,1.032499473239388,0,EventLocationLimited,93,1.124114,0.502773
very-wide,0.5,1,1,0,mapped_fixed63,1.0325049845555057,0,fixed_resolution,189,1.194012,0.381109
very-wide,0.5,1,1,0,adaptive_affine,1.0325075391199894,0,BudgetExceeded,7389,57.009353,0.375450
very-wide,0.5,1,1,0,adaptive_fold,1.0325049845476741,0,EventLocationLimited,93,1.046300,0.390217
very-wide,0.5,1,1,1,adaptive_fold,1.0325049845476741,0,EventLocationLimited,93,0.991634,0.376399
very-wide,0.5,1,1,1,adaptive_affine,1.0325075391199894,0,BudgetExceeded,7389,56.956728,0.374037
very-wide,0.5,1,1,1,mapped_fixed63,1.0325049845555057,0,fixed_resolution,189,1.223952,0.380589
very-wide,0.5,1,1,2,mapped_fixed63,1.0325049845555057,0,fixed_resolution,189,1.186342,0.382749
very-wide,0.5,1,1,2,adaptive_affine,1.0325075391199894,0,BudgetExceeded,7389,57.199498,0.372358
very-wide,0.5,1,1,2,adaptive_fold,1.0325049845476741,0,EventLocationLimited,93,1.052248,0.389259
very-close,0,0,0,0,mapped_fixed63,25.120863611066593,0,fixed_resolution,567,3.302174,0.608131
very-close,0,0,0,0,adaptive_affine,25.120860408623145,0,Converged,223,1.333316,0.610564
very-close,0,0,0,0,adaptive_fold,25.120845198674093,0,Converged,175,1.239557,0.606797
very-close,0,0,0,1,adaptive_fold,25.120845198674093,0,Converged,175,1.240254,0.602896
very-close,0,0,0,1,adaptive_affine,25.120860408623145,0,Converged,223,1.300757,0.599430
very-close,0,0,0,1,mapped_fixed63,25.120863611066593,0,fixed_resolution,567,3.324193,0.610195
very-close,0,0,0,2,mapped_fixed63,25.120863611066593,0,fixed_resolution,567,3.283451,0.613809
very-close,0,0,0,2,adaptive_affine,25.120860408623145,0,Converged,223,1.291872,0.600273
very-close,0,0,0,2,adaptive_fold,25.120845198674093,0,Converged,175,1.224459,0.608321
very-close,0,0,1,0,mapped_fixed63,25.075590781765882,0,fixed_resolution,567,4.637504,0.408605
very-close,0,0,1,0,adaptive_affine,25.075599027303571,0,Converged,231,0.966612,0.412165
very-close,0,0,1,0,adaptive_fold,25.075585343214144,0,Converged,151,0.841360,0.404498
very-close,0,0,1,1,adaptive_fold,25.075585343214144,0,Converged,151,0.839490,0.409816
very-close,0,0,1,1,adaptive_affine,25.075599027303571,0,Converged,231,0.997318,0.412246
very-close,0,0,1,1,mapped_fixed63,25.075590781765882,0,fixed_resolution,567,4.587533,0.407859
very-close,0,0,1,2,mapped_fixed63,25.075590781765882,0,fixed_resolution,567,4.576958,0.412438
very-close,0,0,1,2,adaptive_affine,25.075599027303571,0,Converged,231,0.958886,0.402440
very-close,0,0,1,2,adaptive_fold,25.075585343214144,0,Converged,151,0.836395,0.413521
very-close,0,1,0,0,mapped_fixed63,25.120863611066593,0,fixed_resolution,567,3.333529,0.603348
very-close,0,1,0,0,adaptive_affine,25.120860408623145,0,BudgetExceeded,8105,56.735191,0.607036
very-close,0,1,0,0,adaptive_fold,25.120845198674093,0,EventLocationLimited,3317,16.177475,0.645565
very-close,0,1,0,1,adaptive_fold,25.120845198674093,0,EventLocationLimited,3317,16.244028,0.636601
very-close,0,1,0,1,adaptive_affine,25.120860408623145,0,BudgetExceeded,8105,56.134725,0.618118
very-close,0,1,0,1,mapped_fixed63,25.120863611066593,0,fixed_resolution,567,3.419830,0.624262
very-close,0,1,0,2,mapped_fixed63,25.120863611066593,0,fixed_resolution,567,3.338979,0.613579
very-close,0,1,0,2,adaptive_affine,25.120860408623145,0,BudgetExceeded,8105,56.486245,0.615954
very-close,0,1,0,2,adaptive_fold,25.120845198674093,0,EventLocationLimited,3317,16.288382,0.658690
very-close,0,1,1,0,mapped_fixed63,25.075590781765882,0,fixed_resolution,567,4.710058,0.412354
very-close,0,1,1,0,adaptive_affine,25.075599027303571,0,BudgetExceeded,8249,57.277226,0.413644
very-close,0,1,1,0,adaptive_fold,25.075585343214144,0,BudgetExceeded,4507,30.408692,0.416566
very-close,0,1,1,1,adaptive_fold,25.075585343214144,0,BudgetExceeded,4507,30.577183,0.418623
very-close,0,1,1,1,adaptive_affine,25.075599027303571,0,BudgetExceeded,8249,57.282982,0.418272
very-close,0,1,1,1,mapped_fixed63,25.075590781765882,0,fixed_resolution,567,4.693312,0.425472
very-close,0,1,1,2,mapped_fixed63,25.075590781765882,0,fixed_resolution,567,4.643530,0.412583
very-close,0,1,1,2,adaptive_affine,25.075599027303571,0,BudgetExceeded,8249,57.542771,0.412013
very-close,0,1,1,2,adaptive_fold,25.075585343214144,0,BudgetExceeded,4507,30.583548,0.418595
very-close,0.5,0,0,0,mapped_fixed63,24.840321050540695,0,fixed_resolution,567,4.136676,0.631941
very-close,0.5,0,0,0,adaptive_affine,24.84032327093977,0,Converged,239,1.569926,0.613758
very-close,0.5,0,0,0,adaptive_fold,24.840310020051493,0,Converged,159,1.357260,0.600939
very-close,0.5,0,0,1,adaptive_fold,24.840310020051493,0,Converged,159,1.368401,0.602091
very-close,0.5,0,0,1,adaptive_affine,24.84032327093977,0,Converged,239,1.512018,0.604817
very-close,0.5,0,0,1,mapped_fixed63,24.840321050540695,0,fixed_resolution,567,4.011025,0.599234
very-close,0.5,0,0,2,mapped_fixed63,24.840321050540695,0,fixed_resolution,567,4.071855,0.603477
very-close,0.5,0,0,2,adaptive_affine,24.84032327093977,0,Converged,239,1.516872,0.602118
very-close,0.5,0,0,2,adaptive_fold,24.840310020051493,0,Converged,159,1.363481,0.609958
very-close,0.5,0,1,0,mapped_fixed63,24.795868255869529,0,fixed_resolution,567,5.316794,0.417813
very-close,0.5,0,1,0,adaptive_affine,24.795877757912073,0,Converged,215,1.150635,0.414231
very-close,0.5,0,1,0,adaptive_fold,24.795840792214037,0,Converged,159,1.022480,0.408536
very-close,0.5,0,1,1,adaptive_fold,24.795840792214037,0,Converged,159,1.020786,0.404983
very-close,0.5,0,1,1,adaptive_affine,24.795877757912073,0,Converged,215,1.144138,0.414014
very-close,0.5,0,1,1,mapped_fixed63,24.795868255869529,0,fixed_resolution,567,5.301317,0.401023
very-close,0.5,0,1,2,mapped_fixed63,24.795868255869529,0,fixed_resolution,567,5.305124,0.405527
very-close,0.5,0,1,2,adaptive_affine,24.795877757912073,0,Converged,215,1.140290,0.407195
very-close,0.5,0,1,2,adaptive_fold,24.795840792214037,0,Converged,159,1.023928,0.404883
very-close,0.5,1,0,0,mapped_fixed63,24.840321050540695,0,fixed_resolution,567,4.569029,0.596894
very-close,0.5,1,0,0,adaptive_affine,24.84032327093977,0,BudgetExceeded,8417,76.748370,0.610753
very-close,0.5,1,0,0,adaptive_fold,24.84031002005149,0,InnerAccuracyLimited,271,2.196545,0.655032
very-close,0.5,1,0,1,adaptive_fold,24.84031002005149,0,InnerAccuracyLimited,271,2.098408,0.611253
very-close,0.5,1,0,1,adaptive_affine,24.84032327093977,0,BudgetExceeded,8417,76.276536,0.610960
very-close,0.5,1,0,1,mapped_fixed63,24.840321050540695,0,fixed_resolution,567,4.642248,0.639532
very-close,0.5,1,0,2,mapped_fixed63,24.840321050540695,0,fixed_resolution,567,4.529721,0.611827
very-close,0.5,1,0,2,adaptive_affine,24.84032327093977,0,BudgetExceeded,8417,76.002250,0.603693
very-close,0.5,1,0,2,adaptive_fold,24.84031002005149,0,InnerAccuracyLimited,271,2.220212,0.651259
very-close,0.5,1,1,0,mapped_fixed63,24.795868255869529,0,fixed_resolution,567,5.757240,0.411108
very-close,0.5,1,1,0,adaptive_affine,24.795877757912073,0,InnerAccuracyLimited,7457,62.699313,0.413744
very-close,0.5,1,1,0,adaptive_fold,24.795840792214037,0,InnerAccuracyLimited,559,3.389043,0.418314
very-close,0.5,1,1,1,adaptive_fold,24.795840792214037,0,InnerAccuracyLimited,559,3.287762,0.414145
very-close,0.5,1,1,1,adaptive_affine,24.795877757912073,0,InnerAccuracyLimited,7457,62.742502,0.411540
very-close,0.5,1,1,1,mapped_fixed63,24.795868255869529,0,fixed_resolution,567,5.828523,0.418534
very-close,0.5,1,1,2,mapped_fixed63,24.795868255869529,0,fixed_resolution,567,5.806930,0.413952
very-close,0.5,1,1,2,adaptive_affine,24.795877757912073,0,InnerAccuracyLimited,7457,62.499335,0.414766
very-close,0.5,1,1,2,adaptive_fold,24.795840792214037,0,InnerAccuracyLimited,559,3.362521,0.412646
fold-tangent,0,0,0,0,mapped_fixed63,6.0800735635332899,0,fixed_resolution,504,1.981487,0.306768
fold-tangent,0,0,0,0,adaptive_affine,6.0800839766602968,0,Converged,432,1.700629,0.297618
fold-tangent,0,0,0,0,adaptive_fold,6.0800735636231611,0,Converged,176,1.410050,0.296544
fold-tangent,0,0,0,1,adaptive_fold,6.0800735636231611,0,Converged,176,1.406467,0.302289
fold-tangent,0,0,0,1,adaptive_affine,6.0800839766602968,0,Converged,432,1.690823,0.295340
fold-tangent,0,0,0,1,mapped_fixed63,6.0800735635332899,0,fixed_resolution,504,1.965019,0.309373
fold-tangent,0,0,0,2,mapped_fixed63,6.0800735635332899,0,fixed_resolution,504,1.949038,0.301190
fold-tangent,0,0,0,2,adaptive_affine,6.0800839766602968,0,Converged,432,1.709815,0.305040
fold-tangent,0,0,0,2,adaptive_fold,6.0800735636231611,0,Converged,176,1.403198,0.297750
fold-tangent,0,0,1,0,mapped_fixed63,6.0881853043318381,0,fixed_resolution,504,2.519585,0.177670
fold-tangent,0,0,1,0,adaptive_affine,6.0881955401678818,0,Converged,432,1.623999,0.177210
fold-tangent,0,0,1,0,adaptive_fold,6.0881853044809091,0,Converged,168,1.315875,0.181515
fold-tangent,0,0,1,1,adaptive_fold,6.0881853044809091,0,Converged,168,1.320572,0.176986
fold-tangent,0,0,1,1,adaptive_affine,6.0881955401678818,0,Converged,432,1.604250,0.176609
fold-tangent,0,0,1,1,mapped_fixed63,6.0881853043318381,0,fixed_resolution,504,2.511691,0.175469
fold-tangent,0,0,1,2,mapped_fixed63,6.0881853043318381,0,fixed_resolution,504,2.540747,0.183625
fold-tangent,0,0,1,2,adaptive_affine,6.0881955401678818,0,Converged,432,1.635234,0.181965
fold-tangent,0,0,1,2,adaptive_fold,6.0881853044809091,0,Converged,168,1.308473,0.174719
fold-tangent,0,1,0,0,mapped_fixed63,6.0800735635332899,0,fixed_resolution,504,1.993868,0.301761
fold-tangent,0,1,0,0,adaptive_affine,6.0800839766602968,0,BudgetExceeded,16506,172.714322,0.301340
fold-tangent,0,1,0,0,adaptive_fold,6.0800735636231611,0,EventLocationLimited,3592,17.155629,0.363718
fold-tangent,0,1,0,1,adaptive_fold,6.0800735636231611,0,EventLocationLimited,3592,17.132603,0.343334
fold-tangent,0,1,0,1,adaptive_affine,6.0800839766602968,0,BudgetExceeded,16506,169.547084,0.316342
fold-tangent,0,1,0,1,mapped_fixed63,6.0800735635332899,0,fixed_resolution,504,2.116467,0.357712
fold-tangent,0,1,0,2,mapped_fixed63,6.0800735635332899,0,fixed_resolution,504,1.998387,0.304635
fold-tangent,0,1,0,2,adaptive_affine,6.0800839766602968,0,BudgetExceeded,16506,171.382152,0.302805
fold-tangent,0,1,0,2,adaptive_fold,6.0800735636231611,0,EventLocationLimited,3592,17.092678,0.346512
fold-tangent,0,1,1,0,mapped_fixed63,6.0881853043318381,0,fixed_resolution,504,2.593732,0.182752
fold-tangent,0,1,1,0,adaptive_affine,6.0881955401678818,0,BudgetExceeded,16768,186.172407,0.182021
fold-tangent,0,1,1,0,adaptive_fold,6.0881853044809091,0,EventLocationLimited,3298,18.358922,0.180051
fold-tangent,0,1,1,1,adaptive_fold,6.0881853044809091,0,EventLocationLimited,3298,18.499183,0.179702
fold-tangent,0,1,1,1,adaptive_affine,6.0881955401678818,0,BudgetExceeded,16768,192.110646,0.179998
fold-tangent,0,1,1,1,mapped_fixed63,6.0881853043318381,0,fixed_resolution,504,2.623130,0.181674
fold-tangent,0,1,1,2,mapped_fixed63,6.0881853043318381,0,fixed_resolution,504,2.588096,0.190920
fold-tangent,0,1,1,2,adaptive_affine,6.0881955401678818,0,BudgetExceeded,16768,206.995548,0.183497
fold-tangent,0,1,1,2,adaptive_fold,6.0881853044809091,0,EventLocationLimited,3298,19.985116,0.181303
fold-tangent,0.5,0,0,0,mapped_fixed63,6.0643547136147893,0,fixed_resolution,504,2.183032,0.354850
fold-tangent,0.5,0,0,0,adaptive_affine,6.064366583931518,0,Converged,352,1.737818,0.295727
fold-tangent,0.5,0,0,0,adaptive_fold,6.0643547136396929,0,Converged,176,1.459428,0.295755
fold-tangent,0.5,0,0,1,adaptive_fold,6.0643547136396929,0,Converged,176,1.465265,0.296018
fold-tangent,0.5,0,0,1,adaptive_affine,6.064366583931518,0,Converged,352,1.684204,0.297038
fold-tangent,0.5,0,0,1,mapped_fixed63,6.0643547136147893,0,fixed_resolution,504,2.072524,0.302157
fold-tangent,0.5,0,0,2,mapped_fixed63,6.0643547136147893,0,fixed_resolution,504,2.071527,0.302957
fold-tangent,0.5,0,0,2,adaptive_affine,6.064366583931518,0,Converged,352,1.689253,0.304038
fold-tangent,0.5,0,0,2,adaptive_fold,6.0643547136396929,0,Converged,176,1.456827,0.294142
fold-tangent,0.5,0,1,0,mapped_fixed63,6.0778214380803659,0,fixed_resolution,504,2.684621,0.178332
fold-tangent,0.5,0,1,0,adaptive_affine,6.0778328892376265,0,Converged,352,1.630099,0.178007
fold-tangent,0.5,0,1,0,adaptive_fold,6.0778214381271827,0,Converged,176,1.371408,0.175346
fold-tangent,0.5,0,1,1,adaptive_fold,6.0778214381271827,0,Converged,176,1.381287,0.178036
fold-tangent,0.5,0,1,1,adaptive_affine,6.0778328892376265,0,Converged,352,1.622585,0.178236
fold-tangent,0.5,0,1,1,mapped_fixed63,6.0778214380803659,0,fixed_resolution,504,2.647955,0.175301
fold-tangent,0.5,0,1,2,mapped_fixed63,6.0778214380803659,0,fixed_resolution,504,2.676746,0.178210
fold-tangent,0.5,0,1,2,adaptive_affine,6.0778328892376265,0,Converged,352,1.618776,0.175342
fold-tangent,0.5,0,1,2,adaptive_fold,6.0778214381271827,0,Converged,176,1.384927,0.178218
fold-tangent,0.5,1,0,0,mapped_fixed63,6.0643547136147893,0,fixed_resolution,504,2.411710,0.301088
fold-tangent,0.5,1,0,0,adaptive_affine,6.064366583931518,0,BudgetExceeded,16490,198.748130,0.296733
fold-tangent,0.5,1,0,0,adaptive_fold,6.0643547136396929,8,TopologyUnresolved,2315,11.733826,0.363838
fold-tangent,0.5,1,0,1,adaptive_fold,6.0643547136396929,8,TopologyUnresolved,2315,10.939621,0.356725
fold-tangent,0.5,1,0,1,adaptive_affine,6.064366583931518,0,BudgetExceeded,16490,224.567553,0.363200
fold-tangent,0.5,1,0,1,mapped_fixed63,6.0643547136147893,0,fixed_resolution,504,2.525791,0.366147
fold-tangent,0.5,1,0,2,mapped_fixed63,6.0643547136147893,0,fixed_resolution,504,2.408119,0.305473
fold-tangent,0.5,1,0,2,adaptive_affine,6.064366583931518,0,BudgetExceeded,16490,200.613427,0.296763
fold-tangent,0.5,1,0,2,adaptive_fold,6.0643547136396929,8,TopologyUnresolved,2315,11.753936,0.374180
fold-tangent,0.5,1,1,0,mapped_fixed63,6.0778214380803659,0,fixed_resolution,504,3.037697,0.189105
fold-tangent,0.5,1,1,0,adaptive_affine,6.0778328892376265,0,BudgetExceeded,16498,226.361344,0.177313
fold-tangent,0.5,1,1,0,adaptive_fold,6.0778214381271827,8,TopologyUnresolved,2013,11.172417,0.182517
fold-tangent,0.5,1,1,1,adaptive_fold,6.0778214381271827,8,TopologyUnresolved,2013,10.611513,0.185982
fold-tangent,0.5,1,1,1,adaptive_affine,6.0778328892376265,0,BudgetExceeded,16498,223.068777,0.182277
fold-tangent,0.5,1,1,1,mapped_fixed63,6.0778214380803659,0,fixed_resolution,504,4.294787,0.257849
fold-tangent,0.5,1,1,2,mapped_fixed63,6.0778214380803659,0,fixed_resolution,504,4.245293,0.259404
fold-tangent,0.5,1,1,2,adaptive_affine,6.0778328892376265,0,BudgetExceeded,16498,241.486973,0.242920
fold-tangent,0.5,1,1,2,adaptive_fold,6.0778214381271827,8,TopologyUnresolved,2013,10.815000,0.180795
rand000,0,0,0,0,mapped_fixed63,1.9390773068620699,0,fixed_resolution,252,1.357908,0.687943
rand000,0,0,0,0,adaptive_affine,1.9390792216256174,0,Converged,260,1.361458,0.643523
rand000,0,0,0,0,adaptive_fold,1.9390773069889593,0,Converged,68,1.151003,0.630592
rand000,0,0,0,1,adaptive_fold,1.9390773069889593,0,Converged,68,1.134402,0.628438
rand000,0,0,0,1,adaptive_affine,1.9390792216256174,0,Converged,260,1.311506,0.642188
rand000,0,0,0,1,mapped_fixed63,1.9390773068620699,0,fixed_resolution,252,1.288369,0.638771
rand000,0,0,0,2,mapped_fixed63,1.9390773068620699,0,fixed_resolution,252,1.288155,0.645408
rand000,0,0,0,2,adaptive_affine,1.9390792216256174,0,Converged,260,1.305651,0.628463
rand000,0,0,0,2,adaptive_fold,1.9390773069889593,0,Converged,68,1.143945,0.635175
rand000,0,0,1,0,mapped_fixed63,1.9396862095127432,0,fixed_resolution,252,1.368882,0.523701
rand000,0,0,1,0,adaptive_affine,1.939688126479864,0,Converged,260,1.213935,0.521297
rand000,0,0,1,0,adaptive_fold,1.9396862096590108,0,Converged,68,1.050543,0.519478
rand000,0,0,1,1,adaptive_fold,1.9396862096590108,0,Converged,68,1.043289,0.524904
rand000,0,0,1,1,adaptive_affine,1.939688126479864,0,Converged,260,1.225538,0.527651
rand000,0,0,1,1,mapped_fixed63,1.9396862095127432,0,fixed_resolution,252,1.370341,0.519334
rand000,0,0,1,2,mapped_fixed63,1.9396862095127432,0,fixed_resolution,252,1.359924,0.517379
rand000,0,0,1,2,adaptive_affine,1.939688126479864,0,Converged,260,1.206518,0.516998
rand000,0,0,1,2,adaptive_fold,1.9396862096590108,0,Converged,68,1.056535,0.519382
rand000,0,1,0,0,mapped_fixed63,1.9390773068620699,0,fixed_resolution,252,1.293574,0.635309
rand000,0,1,0,0,adaptive_affine,1.9390792216256174,0,BudgetExceeded,11286,90.275705,0.660526
rand000,0,1,0,0,adaptive_fold,1.9390773069889593,0,EventLocationLimited,100,1.338589,0.702043
rand000,0,1,0,1,adaptive_fold,1.9390773069889593,0,EventLocationLimited,100,1.236326,0.649034
rand000,0,1,0,1,adaptive_affine,1.9390792216256174,0,BudgetExceeded,11286,93.653915,0.637876
rand000,0,1,0,1,mapped_fixed63,1.9390773068620699,0,fixed_resolution,252,1.621130,0.865653
rand000,0,1,0,2,mapped_fixed63,1.9390773068620699,0,fixed_resolution,252,1.332023,0.632361
rand000,0,1,0,2,adaptive_affine,1.9390792216256174,0,BudgetExceeded,11286,90.987798,0.734132
rand000,0,1,0,2,adaptive_fold,1.9390773069889593,0,EventLocationLimited,100,1.326704,0.700552
rand000,0,1,1,0,mapped_fixed63,1.9396862095127432,0,fixed_resolution,252,1.400171,0.530694
rand000,0,1,1,0,adaptive_affine,1.939688126479864,0,BudgetExceeded,11286,99.293701,0.525673
rand000,0,1,1,0,adaptive_fold,1.9396862096590108,0,EventLocationLimited,100,1.204039,0.540294
rand000,0,1,1,1,adaptive_fold,1.9396862096590108,0,EventLocationLimited,100,1.140640,0.520122
rand000,0,1,1,1,adaptive_affine,1.939688126479864,0,BudgetExceeded,11286,98.356972,0.522075
rand000,0,1,1,1,mapped_fixed63,1.9396862095127432,0,fixed_resolution,252,1.429001,0.523621
rand000,0,1,1,2,mapped_fixed63,1.9396862095127432,0,fixed_resolution,252,1.386349,0.517764
rand000,0,1,1,2,adaptive_affine,1.939688126479864,0,BudgetExceeded,11286,100.349344,0.526447
rand000,0,1,1,2,adaptive_fold,1.9396862096590108,0,EventLocationLimited,100,1.198993,0.530001
rand000,0.5,0,0,0,mapped_fixed63,1.9390266450981259,0,fixed_resolution,252,1.345981,0.642242
rand000,0.5,0,0,0,adaptive_affine,1.9390290241498414,0,Converged,228,1.348142,0.628638
rand000,0.5,0,0,0,adaptive_fold,1.9390266451742608,0,Converged,68,1.170644,0.641793
rand000,0.5,0,0,1,adaptive_fold,1.9390266451742608,0,Converged,68,1.153600,0.639819
rand000,0.5,0,0,1,adaptive_affine,1.9390290241498414,0,Converged,228,1.334438,0.638135
rand000,0.5,0,0,1,mapped_fixed63,1.9390266450981259,0,fixed_resolution,252,1.320820,0.630877
rand000,0.5,0,0,2,mapped_fixed63,1.9390266450981259,0,fixed_resolution,252,1.309099,0.635877
rand000,0.5,0,0,2,adaptive_affine,1.9390290241498414,0,Converged,228,1.350822,0.631615
rand000,0.5,0,0,2,adaptive_fold,1.9390266451742608,0,Converged,68,1.167202,0.633859
rand000,0.5,0,1,0,mapped_fixed63,1.9396354896692611,0,fixed_resolution,252,1.420077,0.527028
rand000,0.5,0,1,0,adaptive_affine,1.939637845192959,0,Converged,228,1.221742,0.526398
rand000,0.5,0,1,0,adaptive_fold,1.9396354897570207,0,Converged,68,1.069115,0.526518
rand000,0.5,0,1,1,adaptive_fold,1.9396354897570207,0,Converged,68,1.066643,0.525011
rand000,0.5,0,1,1,adaptive_affine,1.939637845192959,0,Converged,228,1.214329,0.515843
rand000,0.5,0,1,1,mapped_fixed63,1.9396354896692611,0,fixed_resolution,252,1.412583,0.520067
rand000,0.5,0,1,2,mapped_fixed63,1.9396354896692611,0,fixed_resolution,252,1.427253,0.525614
rand000,0.5,0,1,2,adaptive_affine,1.939637845192959,0,Converged,228,1.203219,0.516410
rand000,0.5,0,1,2,adaptive_fold,1.9396354897570207,0,Converged,68,1.070067,0.520783
rand000,0.5,1,0,0,mapped_fixed63,1.9390266450981262,0,fixed_resolution,252,1.451885,0.629052
rand000,0.5,1,0,0,adaptive_affine,1.9390290241498414,0,BudgetExceeded,11270,98.410664,0.637242
rand000,0.5,1,0,0,adaptive_fold,1.9390266451742608,0,EventLocationLimited,100,1.398882,0.698416
rand000,0.5,1,0,1,adaptive_fold,1.9390266451742608,0,EventLocationLimited,100,1.290777,0.639203
rand000,0.5,1,0,1,adaptive_affine,1.9390290241498414,0,BudgetExceeded,11270,98.732051,0.637261
rand000,0.5,1,0,1,mapped_fixed63,1.9390266450981262,0,fixed_resolution,252,1.552860,0.698079
rand000,0.5,1,0,2,mapped_fixed63,1.9390266450981262,0,fixed_resolution,252,1.458846,0.636744
rand000,0.5,1,0,2,adaptive_affine,1.9390290241498414,0,BudgetExceeded,11270,98.779409,0.638406
rand000,0.5,1,0,2,adaptive_fold,1.9390266451742608,0,EventLocationLimited,100,1.404978,0.691640
rand000,0.5,1,1,0,mapped_fixed63,1.9396354896692611,0,fixed_resolution,252,1.570204,0.524334
rand000,0.5,1,1,0,adaptive_affine,1.9396378451929592,0,BudgetExceeded,11270,108.915467,0.526839
rand000,0.5,1,1,0,adaptive_fold,1.9396354897570207,0,EventLocationLimited,100,1.261333,0.524638
rand000,0.5,1,1,1,adaptive_fold,1.9396354897570207,0,EventLocationLimited,100,1.211248,0.521531
rand000,0.5,1,1,1,adaptive_affine,1.9396378451929592,0,BudgetExceeded,11270,107.246960,0.528814
rand000,0.5,1,1,1,mapped_fixed63,1.9396354896692611,0,fixed_resolution,252,1.628587,0.540467
rand000,0.5,1,1,2,mapped_fixed63,1.9396354896692611,0,fixed_resolution,252,1.543847,0.517371
rand000,0.5,1,1,2,adaptive_affine,1.9396378451929592,0,BudgetExceeded,11270,110.377658,0.519826
rand000,0.5,1,1,2,adaptive_fold,1.9396354897570207,0,EventLocationLimited,100,1.280301,0.530077
rand001,0,0,0,0,mapped_fixed63,1.8549947137075251,0,fixed_resolution,252,0.769824,0.309642
rand001,0,0,0,0,adaptive_affine,1.8549965115979088,0,Converged,324,0.859458,0.293222
rand001,0,0,0,0,adaptive_fold,1.8549947114997145,0,Converged,68,0.628084,0.294498
rand001,0,0,0,1,adaptive_fold,1.8549947114997145,0,Converged,68,0.607205,0.292727
rand001,0,0,0,1,adaptive_affine,1.8549965115979088,0,Converged,324,0.830685,0.290832
rand001,0,0,0,1,mapped_fixed63,1.8549947137075251,0,fixed_resolution,252,0.742660,0.289982
rand001,0,0,0,2,mapped_fixed63,1.8549947137075251,0,fixed_resolution,252,0.725391,0.288745
rand001,0,0,0,2,adaptive_affine,1.8549965115979088,0,Converged,324,0.829237,0.297407
rand001,0,0,0,2,adaptive_fold,1.8549947114997145,0,Converged,68,0.620781,0.299359
rand001,0,0,1,0,mapped_fixed63,1.8524330514593188,0,fixed_resolution,252,0.670373,0.170930
rand001,0,0,1,0,adaptive_affine,1.8524348372723263,0,Converged,324,0.733661,0.168700
rand001,0,0,1,0,adaptive_fold,1.8524330492436083,0,Converged,68,0.519236,0.168699
rand001,0,0,1,1,adaptive_fold,1.8524330492436083,0,Converged,68,0.501667,0.166302
rand001,0,0,1,1,adaptive_affine,1.8524348372723263,0,Converged,324,0.744361,0.167805
rand001,0,0,1,1,mapped_fixed63,1.8524330514593188,0,fixed_resolution,252,0.659408,0.166375
rand001,0,0,1,2,mapped_fixed63,1.8524330514593188,0,fixed_resolution,252,0.655163,0.164675
rand001,0,0,1,2,adaptive_affine,1.8524348372723263,0,Converged,324,0.711340,0.163324
rand001,0,0,1,2,adaptive_fold,1.8524330492436083,0,Converged,68,0.515461,0.166506
rand001,0,1,0,0,mapped_fixed63,1.8549947137075251,0,fixed_resolution,252,0.763663,0.297499
rand001,0,1,0,0,adaptive_affine,1.8549965115979088,0,BudgetExceeded,15180,157.757120,0.289622
rand001,0,1,0,0,adaptive_fold,1.8549947114997145,0,EventLocationLimited,1308,4.639880,0.357823
rand001,0,1,0,1,adaptive_fold,1.8549947114997145,0,EventLocationLimited,1308,4.107059,0.344255
rand001,0,1,0,1,adaptive_affine,1.8549965115979088,0,BudgetExceeded,15180,182.603702,0.317742
rand001,0,1,0,1,mapped_fixed63,1.8549947137075251,0,fixed_resolution,252,0.852859,0.346937
rand001,0,1,0,2,mapped_fixed63,1.8549947137075251,0,fixed_resolution,252,0.787473,0.305063
rand001,0,1,0,2,adaptive_affine,1.8549965115979088,0,BudgetExceeded,15180,169.794212,0.293251
rand001,0,1,0,2,adaptive_fold,1.8549947114997145,0,EventLocationLimited,1308,6.679918,0.523898
rand001,0,1,1,0,mapped_fixed63,1.8524330514593188,0,fixed_resolution,252,1.062151,0.257910
rand001,0,1,1,0,adaptive_affine,1.8524348372723263,0,BudgetExceeded,15188,181.369677,0.252724
rand001,0,1,1,0,adaptive_fold,1.8524330492436083,0,EventLocationLimited,1292,5.247970,0.174381
rand001,0,1,1,1,adaptive_fold,1.8524330492436083,0,EventLocationLimited,1292,5.197865,0.175212
rand001,0,1,1,1,adaptive_affine,1.8524348372723263,0,BudgetExceeded,15188,168.012160,0.175638
rand001,0,1,1,1,mapped_fixed63,1.8524330514593188,0,fixed_resolution,252,0.736784,0.177226
rand001,0,1,1,2,mapped_fixed63,1.8524330514593188,0,fixed_resolution,252,0.689376,0.172968
rand001,0,1,1,2,adaptive_affine,1.8524348372723263,0,BudgetExceeded,15188,175.950271,0.166152
rand001,0,1,1,2,adaptive_fold,1.8524330492436083,0,EventLocationLimited,1292,5.719433,0.190290
rand001,0.5,0,0,0,mapped_fixed63,1.8537210386991088,0,fixed_resolution,252,0.884236,0.327561
rand001,0.5,0,0,0,adaptive_affine,1.8537242078507472,0,Converged,196,0.785084,0.297667
rand001,0.5,0,0,0,adaptive_fold,1.8537210283970973,0,Converged,68,0.622213,0.294794
rand001,0.5,0,0,1,adaptive_fold,1.8537210283970973,0,Converged,68,0.614890,0.296812
rand001,0.5,0,0,1,adaptive_affine,1.8537242078507472,0,Converged,196,0.752923,0.290976
rand001,0.5,0,0,1,mapped_fixed63,1.8537210386991088,0,fixed_resolution,252,0.795669,0.290656
rand001,0.5,0,0,2,mapped_fixed63,1.8537210386991088,0,fixed_resolution,252,0.792261,0.290471
rand001,0.5,0,0,2,adaptive_affine,1.8537242078507472,0,Converged,196,0.743985,0.286665
rand001,0.5,0,0,2,adaptive_fold,1.8537210283970973,0,Converged,68,0.621817,0.293930
rand001,0.5,0,1,0,mapped_fixed63,1.8511657206041137,0,fixed_resolution,252,0.740873,0.174206
rand001,0.5,0,1,0,adaptive_affine,1.8511688852472097,0,Converged,196,0.644040,0.165149
rand001,0.5,0,1,0,adaptive_fold,1.8511657102650174,0,Converged,68,0.534843,0.168203
rand001,0.5,0,1,1,adaptive_fold,1.8511657102650174,0,Converged,68,0.524136,0.165893
rand001,0.5,0,1,1,adaptive_affine,1.8511688852472097,0,Converged,196,0.632459,0.166501
rand001,0.5,0,1,1,mapped_fixed63,1.8511657206041137,0,fixed_resolution,252,0.726328,0.173597
rand001,0.5,0,1,2,mapped_fixed63,1.8511657206041137,0,fixed_resolution,252,0.715580,0.167231
rand001,0.5,0,1,2,adaptive_affine,1.8511688852472097,0,Converged,196,0.647232,0.168595
rand001,0.5,0,1,2,adaptive_fold,1.8511657102650174,0,Converged,68,0.537772,0.172719
rand001,0.5,1,0,0,mapped_fixed63,1.8537210386991088,0,fixed_resolution,252,0.937806,0.284896
rand001,0.5,1,0,0,adaptive_affine,1.8537242078507472,0,BudgetExceeded,15172,178.193528,0.287981
rand001,0.5,1,0,0,adaptive_fold,1.8537210283970973,8,TopologyUnresolved,1079,4.789306,0.367089
rand001,0.5,1,0,1,adaptive_fold,1.8537210283970973,8,TopologyUnresolved,1079,4.361318,0.339869
rand001,0.5,1,0,1,adaptive_affine,1.8537242078507472,0,BudgetExceeded,15172,165.292436,0.325854
rand001,0.5,1,0,1,mapped_fixed63,1.8537210386991088,0,fixed_resolution,252,1.056943,0.357689
rand001,0.5,1,0,2,mapped_fixed63,1.8537210386991088,0,fixed_resolution,252,0.955947,0.294795
rand001,0.5,1,0,2,adaptive_affine,1.8537242078507472,0,BudgetExceeded,15172,174.430801,0.293275
rand001,0.5,1,0,2,adaptive_fold,1.8537210283970973,8,TopologyUnresolved,1079,4.815121,0.374843
rand001,0.5,1,1,0,mapped_fixed63,1.8511657206041137,0,fixed_resolution,252,0.930752,0.181819
rand001,0.5,1,1,0,adaptive_affine,1.8511688852472097,0,BudgetExceeded,14648,174.358097,0.173730
rand001,0.5,1,1,0,adaptive_fold,1.8511657102650174,8,TopologyUnresolved,1047,5.794784,0.182815
rand001,0.5,1,1,1,adaptive_fold,1.8511657102650174,8,TopologyUnresolved,1047,5.405929,0.180762
rand001,0.5,1,1,1,adaptive_affine,1.8511688852472097,0,BudgetExceeded,14648,174.715548,0.173354
rand001,0.5,1,1,1,mapped_fixed63,1.8511657206041137,0,fixed_resolution,252,0.949094,0.181662
rand001,0.5,1,1,2,mapped_fixed63,1.8511657206041137,0,fixed_resolution,252,0.874782,0.173031
rand001,0.5,1,1,2,adaptive_affine,1.8511688852472097,0,BudgetExceeded,14648,170.906107,0.165857
rand001,0.5,1,1,2,adaptive_fold,1.8511657102650174,8,TopologyUnresolved,1047,5.397091,0.181694
rand002,0,0,0,0,mapped_fixed63,2.547352718475103,0,fixed_resolution,189,1.451151,0.850432
rand002,0,0,0,0,adaptive_affine,2.5473544871350673,0,Converged,261,1.492744,0.812162
rand002,0,0,0,0,adaptive_fold,2.5473527184751035,0,Converged,69,1.216178,0.808162
rand002,0,0,0,1,adaptive_fold,2.5473527184751035,0,Converged,69,1.203190,0.806259
rand002,0,0,0,1,adaptive_affine,2.5473544871350673,0,Converged,261,1.459778,0.799662
rand002,0,0,0,1,mapped_fixed63,2.547352718475103,0,fixed_resolution,189,1.385069,0.811533
rand002,0,0,0,2,mapped_fixed63,2.547352718475103,0,fixed_resolution,189,1.377411,0.801255
rand002,0,0,0,2,adaptive_affine,2.5473544871350673,0,Converged,261,1.452605,0.793304
rand002,0,0,0,2,adaptive_fold,2.5473527184751035,0,Converged,69,1.204001,0.805398
rand002,0,0,1,0,mapped_fixed63,2.550985514874232,0,fixed_resolution,189,1.294942,0.709158
rand002,0,0,1,0,adaptive_affine,2.550987286096059,0,Converged,261,1.373268,0.690173
rand002,0,0,1,0,adaptive_fold,2.5509855148742298,0,Converged,69,1.097198,0.694670
rand002,0,0,1,1,adaptive_fold,2.5509855148742298,0,Converged,69,1.087270,0.695738
rand002,0,0,1,1,adaptive_affine,2.550987286096059,0,Converged,261,1.362276,0.692913
rand002,0,0,1,1,mapped_fixed63,2.550985514874232,0,fixed_resolution,189,1.317617,0.692801
rand002,0,0,1,2,mapped_fixed63,2.550985514874232,0,fixed_resolution,189,1.290423,0.707082
rand002,0,0,1,2,adaptive_affine,2.550987286096059,0,Converged,261,1.373726,0.698613
rand002,0,0,1,2,adaptive_fold,2.5509855148742298,0,Converged,69,1.101588,0.695898
rand002,0,1,0,0,mapped_fixed63,2.547352718475103,0,fixed_resolution,189,1.408306,0.810712
rand002,0,1,0,0,adaptive_affine,2.5473544871350673,0,BudgetExceeded,12065,129.056432,0.812145
rand002,0,1,0,0,adaptive_fold,2.5473527184751035,0,EventLocationLimited,2976,20.277242,0.997810
rand002,0,1,0,1,adaptive_fold,2.5473527184751035,0,EventLocationLimited,2976,18.161965,0.910907
rand002,0,1,0,1,adaptive_affine,2.5473544871350673,0,BudgetExceeded,12065,109.601388,0.897116
rand002,0,1,0,1,mapped_fixed63,2.547352718475103,0,fixed_resolution,189,1.533683,0.904083
rand002,0,1,0,2,mapped_fixed63,2.547352718475103,0,fixed_resolution,189,1.412274,0.811169
rand002,0,1,0,2,adaptive_affine,2.5473544871350673,0,BudgetExceeded,12065,109.068316,0.806490
rand002,0,1,0,2,adaptive_fold,2.5473527184751035,0,EventLocationLimited,2976,17.921553,0.892339
rand002,0,1,1,0,mapped_fixed63,2.550985514874232,0,fixed_resolution,189,1.332476,0.706297
rand002,0,1,1,0,adaptive_affine,2.550987286096059,0,BudgetExceeded,12065,109.055769,0.695560
rand002,0,1,1,0,adaptive_fold,2.5509855148742298,0,EventLocationLimited,2976,18.061132,0.709076
rand002,0,1,1,1,adaptive_fold,2.5509855148742298,0,EventLocationLimited,2976,17.887903,0.703916
rand002,0,1,1,1,adaptive_affine,2.550987286096059,0,BudgetExceeded,12065,109.484326,0.702544
rand002,0,1,1,1,mapped_fixed63,2.550985514874232,0,fixed_resolution,189,1.350117,0.710433
rand002,0,1,1,2,mapped_fixed63,2.550985514874232,0,fixed_resolution,189,1.297607,0.698885
rand002,0,1,1,2,adaptive_affine,2.550987286096059,0,BudgetExceeded,12065,111.624673,0.696095
rand002,0,1,1,2,adaptive_fold,2.5509855148742298,0,EventLocationLimited,2976,17.896728,0.702828
rand002,0.5,0,0,0,mapped_fixed63,2.5466658117848775,0,fixed_resolution,189,1.622637,0.884524
rand002,0.5,0,0,0,adaptive_affine,2.5466691297142177,0,Converged,197,1.486097,0.808672
rand002,0.5,0,0,0,adaptive_fold,2.5466658117848757,0,Converged,69,1.226088,0.807348
rand002,0.5,0,0,1,adaptive_fold,2.5466658117848757,0,Converged,69,1.216391,0.809646
rand002,0.5,0,0,1,adaptive_affine,2.5466691297142177,0,Converged,197,1.465725,0.796004
rand002,0.5,0,0,1,mapped_fixed63,2.5466658117848775,0,fixed_resolution,189,1.503286,0.817643
rand002,0.5,0,0,2,mapped_fixed63,2.5466658117848775,0,fixed_resolution,189,1.509561,0.806522
rand002,0.5,0,0,2,adaptive_affine,2.5466691297142177,0,Converged,197,1.449916,0.796578
rand002,0.5,0,0,2,adaptive_fold,2.5466658117848757,0,Converged,69,1.230421,0.813103
rand002,0.5,0,1,0,mapped_fixed63,2.550295353843206,0,fixed_resolution,189,1.407199,0.704813
rand002,0.5,0,1,0,adaptive_affine,2.5502986786585216,0,Converged,197,1.359381,0.693506
rand002,0.5,0,1,0,adaptive_fold,2.5502953538432012,0,Converged,69,1.127295,0.694519
rand002,0.5,0,1,1,adaptive_fold,2.5502953538432012,0,Converged,69,1.129130,0.703057
rand002,0.5,0,1,1,adaptive_affine,2.5502986786585216,0,Converged,197,1.350444,0.692612
rand002,0.5,0,1,1,mapped_fixed63,2.550295353843206,0,fixed_resolution,189,1.405423,0.702441
rand002,0.5,0,1,2,mapped_fixed63,2.550295353843206,0,fixed_resolution,189,1.404396,0.699009
rand002,0.5,0,1,2,adaptive_affine,2.5502986786585216,0,Converged,197,1.361926,0.694658
rand002,0.5,0,1,2,adaptive_fold,2.5502953538432012,0,Converged,69,1.130170,0.694860
rand002,0.5,1,0,0,mapped_fixed63,2.5466658117848775,0,fixed_resolution,189,1.639409,0.813526
rand002,0.5,1,0,0,adaptive_affine,2.5466691297142177,0,BudgetExceeded,12049,117.718976,0.804303
rand002,0.5,1,0,0,adaptive_fold,2.5466658117848757,8,TopologyUnresolved,2359,14.697961,0.907085
rand002,0.5,1,0,1,adaptive_fold,2.5466658117848757,8,TopologyUnresolved,2359,14.711942,0.911291
rand002,0.5,1,0,1,adaptive_affine,2.5466691297142177,0,BudgetExceeded,12049,118.951241,0.894101
rand002,0.5,1,0,1,mapped_fixed63,2.5466658117848775,0,fixed_resolution,189,1.762344,0.907841
rand002,0.5,1,0,2,mapped_fixed63,2.5466658117848775,0,fixed_resolution,189,1.636252,0.813986
rand002,0.5,1,0,2,adaptive_affine,2.5466691297142177,0,BudgetExceeded,12049,117.573474,0.810103
rand002,0.5,1,0,2,adaptive_fold,2.5466658117848757,8,TopologyUnresolved,2359,14.505753,0.888879
rand002,0.5,1,1,0,mapped_fixed63,2.550295353843206,0,fixed_resolution,189,1.556237,0.703830
rand002,0.5,1,1,0,adaptive_affine,2.5502986786585216,0,BudgetExceeded,12049,119.463713,0.706402
rand002,0.5,1,1,0,adaptive_fold,2.5502953538432012,8,TopologyUnresolved,2263,13.943779,0.698923
rand002,0.5,1,1,1,adaptive_fold,2.5502953538432012,8,TopologyUnresolved,2263,13.793252,0.704915
rand002,0.5,1,1,1,adaptive_affine,2.5502986786585216,0,BudgetExceeded,12049,118.782296,0.704491
rand002,0.5,1,1,1,mapped_fixed63,2.550295353843206,0,fixed_resolution,189,1.570374,0.704704
rand002,0.5,1,1,2,mapped_fixed63,2.550295353843206,0,fixed_resolution,189,1.530729,0.702304
rand002,0.5,1,1,2,adaptive_affine,2.5502986786585216,0,BudgetExceeded,12049,118.623461,0.689453
rand002,0.5,1,1,2,adaptive_fold,2.5502953538432012,8,TopologyUnresolved,2263,13.865806,0.707738
rand003,0,0,0,0,mapped_fixed63,2.1559988418171145,0,fixed_resolution,252,1.744598,0.582407
rand003,0,0,0,0,adaptive_affine,2.1560026844190063,0,Converged,204,1.043398,0.527501
rand003,0,0,0,0,adaptive_fold,2.1559988418171221,0,Converged,108,0.948679,0.526537
rand003,0,0,0,1,adaptive_fold,2.1559988418171221,0,Converged,108,0.929060,0.523264
rand003,0,0,0,1,adaptive_affine,2.1560026844190063,0,Converged,204,1.003501,0.520983
rand003,0,0,0,1,mapped_fixed63,2.1559988418171145,0,fixed_resolution,252,1.692948,0.524071
rand003,0,0,0,2,mapped_fixed63,2.1559988418171145,0,fixed_resolution,252,1.639140,0.522368
rand003,0,0,0,2,adaptive_affine,2.1560026844190063,0,Converged,204,1.004642,0.528730
rand003,0,0,0,2,adaptive_fold,2.1559988418171221,0,Converged,108,0.933643,0.525884
rand003,0,0,1,0,mapped_fixed63,2.1660049626691955,0,fixed_resolution,252,1.934622,0.415167
rand003,0,0,1,0,adaptive_affine,2.1660088215152893,0,Converged,204,0.901415,0.419573
rand003,0,0,1,0,adaptive_fold,2.1660049626692035,0,Converged,108,0.819288,0.408587
rand003,0,0,1,1,adaptive_fold,2.1660049626692035,0,Converged,108,0.814197,0.405522
rand003,0,0,1,1,adaptive_affine,2.1660088215152893,0,Converged,204,0.942702,0.415860
rand003,0,0,1,1,mapped_fixed63,2.1660049626691955,0,fixed_resolution,252,1.948041,0.414267
rand003,0,0,1,2,mapped_fixed63,2.1660049626691955,0,fixed_resolution,252,1.923914,0.414407
rand003,0,0,1,2,adaptive_affine,2.1660088215152893,0,Converged,204,0.898956,0.408821
rand003,0,0,1,2,adaptive_fold,2.1660049626692035,0,Converged,108,0.821981,0.406256
rand003,0,1,0,0,mapped_fixed63,2.1559988418171145,0,fixed_resolution,252,1.670489,0.517476
rand003,0,1,0,0,adaptive_affine,2.1560026844190063,0,BudgetExceeded,10056,80.242891,0.523349
rand003,0,1,0,0,adaptive_fold,2.1559988418171221,0,Converged,2429,12.981345,0.594009
rand003,0,1,0,1,adaptive_fold,2.1559988418171221,0,Converged,2429,12.926954,0.576272
rand003,0,1,0,1,adaptive_affine,2.1560026844190063,0,BudgetExceeded,10056,79.453714,0.556280
rand003,0,1,0,1,mapped_fixed63,2.1559988418171145,0,fixed_resolution,252,1.808846,0.603446
rand003,0,1,0,2,mapped_fixed63,2.1559988418171145,0,fixed_resolution,252,1.683677,0.532660
rand003,0,1,0,2,adaptive_affine,2.1560026844190063,0,BudgetExceeded,10056,79.944381,0.523504
rand003,0,1,0,2,adaptive_fold,2.1559988418171221,0,Converged,2429,13.008792,0.590484
rand003,0,1,1,0,mapped_fixed63,2.1660049626691955,0,fixed_resolution,252,1.997325,0.424031
rand003,0,1,1,0,adaptive_affine,2.1660088215152893,0,BudgetExceeded,10056,80.326982,0.416617
rand003,0,1,1,0,adaptive_fold,2.1660049626692035,0,EventLocationLimited,2429,12.600839,0.417748
rand003,0,1,1,1,adaptive_fold,2.1660049626692035,0,EventLocationLimited,2429,12.832998,0.416670
rand003,0,1,1,1,adaptive_affine,2.1660088215152893,0,BudgetExceeded,10056,80.293519,0.423566
rand003,0,1,1,1,mapped_fixed63,2.1660049626691955,0,fixed_resolution,252,1.997818,0.423818
rand003,0,1,1,2,mapped_fixed63,2.1660049626691955,0,fixed_resolution,252,1.952403,0.409891
rand003,0,1,1,2,adaptive_affine,2.1660088215152893,0,BudgetExceeded,10056,80.251785,0.421808
rand003,0,1,1,2,adaptive_fold,2.1660049626692035,0,EventLocationLimited,2429,12.901585,0.432013
rand003,0.5,0,0,0,mapped_fixed63,2.1496359281114135,0,fixed_resolution,252,1.827487,0.581414
rand003,0.5,0,0,0,adaptive_affine,2.1496400372362419,0,Converged,140,0.999719,0.532740
rand003,0.5,0,0,0,adaptive_fold,2.149635928111421,0,Converged,108,0.956647,0.532242
rand003,0.5,0,0,1,adaptive_fold,2.149635928111421,0,Converged,108,0.962171,0.529593
rand003,0.5,0,0,1,adaptive_affine,2.1496400372362419,0,Converged,140,0.982472,0.532299
rand003,0.5,0,0,1,mapped_fixed63,2.1496359281114135,0,fixed_resolution,252,1.699938,0.520877
rand003,0.5,0,0,2,mapped_fixed63,2.1496359281114135,0,fixed_resolution,252,1.691793,0.520960
rand003,0.5,0,0,2,adaptive_affine,2.1496400372362419,0,Converged,140,0.969347,0.527797
rand003,0.5,0,0,2,adaptive_fold,2.149635928111421,0,Converged,108,0.940356,0.527776
rand003,0.5,0,1,0,mapped_fixed63,2.1595342138197853,0,fixed_resolution,252,2.080279,0.413677
rand003,0.5,0,1,0,adaptive_affine,2.1595383501471215,0,Converged,140,0.864810,0.416279
rand003,0.5,0,1,0,adaptive_fold,2.1595342138197928,0,Converged,108,0.846439,0.406580
rand003,0.5,0,1,1,adaptive_fold,2.1595342138197928,0,Converged,108,0.846023,0.419582
rand003,0.5,0,1,1,adaptive_affine,2.1595383501471215,0,Converged,140,0.867504,0.408774
rand003,0.5,0,1,1,mapped_fixed63,2.1595342138197853,0,fixed_resolution,252,1.981573,0.407969
rand003,0.5,0,1,2,mapped_fixed63,2.1595342138197853,0,fixed_resolution,252,1.995350,0.424274
rand003,0.5,0,1,2,adaptive_affine,2.1595383501471215,0,Converged,140,0.858411,0.407306
rand003,0.5,0,1,2,adaptive_fold,2.1595342138197928,0,Converged,108,0.849921,0.413872
rand003,0.5,1,0,0,mapped_fixed63,2.1496359281114135,0,fixed_resolution,252,1.841221,0.528676
rand003,0.5,1,0,0,adaptive_affine,2.1496400372362419,0,BudgetExceeded,10056,87.245423,0.528843
rand003,0.5,1,0,0,adaptive_fold,2.149635928111421,8,TopologyUnresolved,1120,5.740026,0.594602
rand003,0.5,1,0,1,adaptive_fold,2.149635928111421,8,TopologyUnresolved,1120,5.859285,0.550119
rand003,0.5,1,0,1,adaptive_affine,2.1496400372362419,0,BudgetExceeded,10056,87.012662,0.544230
rand003,0.5,1,0,1,mapped_fixed63,2.1496359281114135,0,fixed_resolution,252,1.946781,0.592035
rand003,0.5,1,0,2,mapped_fixed63,2.1496359281114135,0,fixed_resolution,252,1.888610,0.539156
rand003,0.5,1,0,2,adaptive_affine,2.1496400372362419,0,BudgetExceeded,10056,86.689277,0.523791
rand003,0.5,1,0,2,adaptive_fold,2.149635928111421,8,TopologyUnresolved,1120,5.713995,0.586074
rand003,0.5,1,1,0,mapped_fixed63,2.1595342138197853,0,fixed_resolution,252,2.157696,0.416889
rand003,0.5,1,1,0,adaptive_affine,2.1595383501471215,0,BudgetExceeded,10056,86.370110,0.419566
rand003,0.5,1,1,0,adaptive_fold,2.1595342138197928,8,TopologyUnresolved,1120,5.529491,0.417472
rand003,0.5,1,1,1,adaptive_fold,2.1595342138197928,8,TopologyUnresolved,1120,5.490719,0.415379
rand003,0.5,1,1,1,adaptive_affine,2.1595383501471215,0,BudgetExceeded,10056,86.824882,0.413971
rand003,0.5,1,1,1,mapped_fixed63,2.1595342138197853,0,fixed_resolution,252,2.185779,0.421947
rand003,0.5,1,1,2,mapped_fixed63,2.1595342138197853,0,fixed_resolution,252,2.125848,0.418496
rand003,0.5,1,1,2,adaptive_affine,2.1595383501471215,0,BudgetExceeded,10056,85.519782,0.411121
rand003,0.5,1,1,2,adaptive_fold,2.1595342138197928,8,TopologyUnresolved,1120,5.694498,0.415943
rand004,0,0,0,0,mapped_fixed63,1.3953116657905207,0,fixed_resolution,189,1.278914,0.768456
rand004,0,0,0,0,adaptive_affine,1.3953137242320606,0,Converged,197,1.267298,0.747672
rand004,0,0,0,0,adaptive_fold,1.3953116561956087,0,Converged,69,1.149342,0.752736
rand004,0,0,0,1,adaptive_fold,1.3953116561956087,0,Converged,69,1.134369,0.748470
rand004,0,0,0,1,adaptive_affine,1.3953137242320606,0,Converged,197,1.287834,0.758367
rand004,0,0,0,1,mapped_fixed63,1.3953116657905207,0,fixed_resolution,189,1.225626,0.743473
rand004,0,0,0,2,mapped_fixed63,1.3953116657905207,0,fixed_resolution,189,1.220321,0.753564
rand004,0,0,0,2,adaptive_affine,1.3953137242320606,0,Converged,197,1.246175,0.752808
rand004,0,0,0,2,adaptive_fold,1.3953116561956087,0,Converged,69,1.159502,0.751681
rand004,0,0,1,0,mapped_fixed63,1.3943854561278815,0,fixed_resolution,189,0.875686,0.312647
rand004,0,0,1,0,adaptive_affine,1.3943875115682962,0,Converged,197,0.830439,0.305793
rand004,0,0,1,0,adaptive_fold,1.3943854465396912,0,Converged,69,0.724541,0.317954
rand004,0,0,1,1,adaptive_fold,1.3943854465396912,0,Converged,69,0.727390,0.306102
rand004,0,0,1,1,adaptive_affine,1.3943875115682962,0,Converged,197,0.842146,0.317036
rand004,0,0,1,1,mapped_fixed63,1.3943854561278815,0,fixed_resolution,189,0.859643,0.307261
rand004,0,0,1,2,mapped_fixed63,1.3943854561278815,0,fixed_resolution,189,0.850627,0.305687
rand004,0,0,1,2,adaptive_affine,1.3943875115682962,0,Converged,197,0.823735,0.303547
rand004,0,0,1,2,adaptive_fold,1.3943854465396912,0,Converged,69,0.720775,0.308271
rand004,0,1,0,0,mapped_fixed63,1.3953116657905207,0,fixed_resolution,189,1.250055,0.745776
rand004,0,1,0,0,adaptive_affine,1.3953137242320606,0,BudgetExceeded,10755,81.788208,0.739533
rand004,0,1,0,0,adaptive_fold,1.3953116561956087,0,Converged,3143,14.789260,0.811910
rand004,0,1,0,1,adaptive_fold,1.3953116561956087,0,Converged,3143,14.757493,0.809232
rand004,0,1,0,1,adaptive_affine,1.3953137242320606,0,BudgetExceeded,10755,81.784845,0.808913
rand004,0,1,0,1,mapped_fixed63,1.3953116657905207,0,fixed_resolution,189,1.347116,0.814366
rand004,0,1,0,2,mapped_fixed63,1.3953116657905207,0,fixed_resolution,189,1.250316,0.756564
rand004,0,1,0,2,adaptive_affine,1.3953137242320606,0,BudgetExceeded,10755,81.384401,0.747032
rand004,0,1,0,2,adaptive_fold,1.3953116561956087,0,Converged,3143,14.761360,0.813271
rand004,0,1,1,0,mapped_fixed63,1.3943854561278815,0,fixed_resolution,189,0.921412,0.320366
rand004,0,1,1,0,adaptive_affine,1.3943875115682962,0,BudgetExceeded,10755,85.112716,0.309760
rand004,0,1,1,0,adaptive_fold,1.3943854465396912,0,EventLocationLimited,3270,18.571947,0.315813
rand004,0,1,1,1,adaptive_fold,1.3943854465396912,0,EventLocationLimited,3270,18.544939,0.319910
rand004,0,1,1,1,adaptive_affine,1.3943875115682962,0,BudgetExceeded,10755,85.016887,0.315990
rand004,0,1,1,1,mapped_fixed63,1.3943854561278815,0,fixed_resolution,189,0.931100,0.315700
rand004,0,1,1,2,mapped_fixed63,1.3943854561278815,0,fixed_resolution,189,0.883361,0.315712
rand004,0,1,1,2,adaptive_affine,1.3943875115682962,0,BudgetExceeded,10755,85.424117,0.308090
rand004,0,1,1,2,adaptive_fold,1.3943854465396912,0,EventLocationLimited,3270,18.643952,0.321613
rand004,0.5,0,0,0,mapped_fixed63,1.3950904217520923,0,fixed_resolution,189,1.358527,0.804011
rand004,0.5,0,0,0,adaptive_affine,1.395091656817016,0,Converged,197,1.323307,0.754330
rand004,0.5,0,0,0,adaptive_fold,1.3950903758156228,0,Converged,69,1.166447,0.744276
rand004,0.5,0,0,1,adaptive_fold,1.3950903758156228,0,Converged,69,1.173271,0.757345
rand004,0.5,0,0,1,adaptive_affine,1.395091656817016,0,Converged,197,1.311946,0.752983
rand004,0.5,0,0,1,mapped_fixed63,1.3950904217520923,0,fixed_resolution,189,1.275621,0.757256
rand004,0.5,0,0,2,mapped_fixed63,1.3950904217520923,0,fixed_resolution,189,1.253306,0.741840
rand004,0.5,0,0,2,adaptive_affine,1.395091656817016,0,Converged,197,1.288853,0.746567
rand004,0.5,0,0,2,adaptive_fold,1.3950903758156228,0,Converged,69,1.177197,0.754076
rand004,0.5,0,1,0,mapped_fixed63,1.3941649715601041,0,fixed_resolution,189,0.908388,0.312330
rand004,0.5,0,1,0,adaptive_affine,1.3941662048243528,0,Converged,197,0.864260,0.308459
rand004,0.5,0,1,0,adaptive_fold,1.3941649256557933,0,Converged,69,0.748348,0.315973
rand004,0.5,0,1,1,adaptive_fold,1.3941649256557933,0,Converged,69,0.733626,0.303094
rand004,0.5,0,1,1,adaptive_affine,1.3941662048243528,0,Converged,197,0.896098,0.330167
rand004,0.5,0,1,1,mapped_fixed63,1.3941649715601041,0,fixed_resolution,189,0.907198,0.306474
rand004,0.5,0,1,2,mapped_fixed63,1.3941649715601041,0,fixed_resolution,189,0.902960,0.305181
rand004,0.5,0,1,2,adaptive_affine,1.3941662048243528,0,Converged,197,0.869731,0.310881
rand004,0.5,0,1,2,adaptive_fold,1.3941649256557933,0,Converged,69,0.755704,0.309425
rand004,0.5,1,0,0,mapped_fixed63,1.3950904217520923,0,fixed_resolution,189,1.364861,0.738545
rand004,0.5,1,0,0,adaptive_affine,1.395091656817016,0,BudgetExceeded,10747,89.297238,0.748898
rand004,0.5,1,0,0,adaptive_fold,1.3950903758156228,8,TopologyUnresolved,2136,10.035432,0.826703
rand004,0.5,1,0,1,adaptive_fold,1.3950903758156228,8,TopologyUnresolved,2136,9.900146,0.791996
rand004,0.5,1,0,1,adaptive_affine,1.395091656817016,0,BudgetExceeded,10747,89.125133,0.778545
rand004,0.5,1,0,1,mapped_fixed63,1.3950904217520923,0,fixed_resolution,189,1.484783,0.815726
rand004,0.5,1,0,2,mapped_fixed63,1.3950904217520923,0,fixed_resolution,189,1.370784,0.754580
rand004,0.5,1,0,2,adaptive_affine,1.395091656817016,0,BudgetExceeded,10747,89.573020,0.756888
rand004,0.5,1,0,2,adaptive_fold,1.3950903758156228,8,TopologyUnresolved,2136,9.960795,0.813409
rand004,0.5,1,1,0,mapped_fixed63,1.3941649715601041,0,fixed_resolution,189,1.036116,0.315721
rand004,0.5,1,1,0,adaptive_affine,1.3941662048243528,0,BudgetExceeded,10747,92.621945,0.311951
rand004,0.5,1,1,0,adaptive_fold,1.3941649256557933,8,TopologyUnresolved,2263,11.621796,0.320232
rand004,0.5,1,1,1,adaptive_fold,1.3941649256557933,8,TopologyUnresolved,2263,11.572901,0.318094
rand004,0.5,1,1,1,adaptive_affine,1.3941662048243528,0,BudgetExceeded,10747,92.683215,0.313185
rand004,0.5,1,1,1,mapped_fixed63,1.3941649715601041,0,fixed_resolution,189,1.073633,0.326818
rand004,0.5,1,1,2,mapped_fixed63,1.3941649715601041,0,fixed_resolution,189,1.008350,0.309259
rand004,0.5,1,1,2,adaptive_affine,1.3941662048243528,0,BudgetExceeded,10747,92.088762,0.306510
rand004,0.5,1,1,2,adaptive_fold,1.3941649256557933,8,TopologyUnresolved,2263,11.699463,0.315236
rand005,0,0,0,0,mapped_fixed63,1.4689930146031804,0,fixed_resolution,126,1.036889,0.669389
rand005,0,0,0,0,adaptive_affine,1.4689951843860658,0,Converged,190,1.087680,0.639497
rand005,0,0,0,0,adaptive_fold,1.4689930146031809,0,Converged,62,0.965493,0.630334
rand005,0,0,0,1,adaptive_fold,1.4689930146031809,0,Converged,62,0.951904,0.625666
rand005,0,0,0,1,adaptive_affine,1.4689951843860658,0,Converged,190,1.075635,0.631206
rand005,0,0,0,1,mapped_fixed63,1.4689930146031804,0,fixed_resolution,126,0.967222,0.624426
rand005,0,0,0,2,mapped_fixed63,1.4689930146031804,0,fixed_resolution,126,0.950689,0.622208
rand005,0,0,0,2,adaptive_affine,1.4689951843860658,0,Converged,190,1.035604,0.620723
rand005,0,0,0,2,adaptive_fold,1.4689930146031809,0,Converged,62,0.952188,0.625341
rand005,0,0,1,0,mapped_fixed63,1.4709535599308221,0,fixed_resolution,126,0.853888,0.513307
rand005,0,0,1,0,adaptive_affine,1.4709557359997643,0,Converged,190,0.940907,0.503770
rand005,0,0,1,0,adaptive_fold,1.4709535599308219,0,Converged,62,0.843891,0.508344
rand005,0,0,1,1,adaptive_fold,1.4709535599308219,0,Converged,62,0.821093,0.498938
rand005,0,0,1,1,adaptive_affine,1.4709557359997643,0,Converged,190,0.940417,0.507104
rand005,0,0,1,1,mapped_fixed63,1.4709535599308221,0,fixed_resolution,126,0.855654,0.510818
rand005,0,0,1,2,mapped_fixed63,1.4709535599308221,0,fixed_resolution,126,0.849661,0.509262
rand005,0,0,1,2,adaptive_affine,1.4709557359997643,0,Converged,190,0.926987,0.498718
rand005,0,0,1,2,adaptive_fold,1.4709535599308219,0,Converged,62,0.844898,0.506836
rand005,0,1,0,0,mapped_fixed63,1.4689930146031804,0,fixed_resolution,126,0.978141,0.626415
rand005,0,1,0,0,adaptive_affine,1.4689951843860658,0,BudgetExceeded,10740,81.145606,0.626385
rand005,0,1,0,0,adaptive_fold,1.4689930146031809,0,Converged,3112,14.408322,0.694736
rand005,0,1,0,1,adaptive_fold,1.4689930146031809,0,Converged,3112,14.443254,0.665756
rand005,0,1,0,1,adaptive_affine,1.4689951843860658,0,BudgetExceeded,10740,80.632095,0.669503
rand005,0,1,0,1,mapped_fixed63,1.4689930146031804,0,fixed_resolution,126,1.100552,0.691016
rand005,0,1,0,2,mapped_fixed63,1.4689930146031804,0,fixed_resolution,126,0.997691,0.633932
rand005,0,1,0,2,adaptive_affine,1.4689951843860658,0,BudgetExceeded,10740,79.961483,0.629609
rand005,0,1,0,2,adaptive_fold,1.4689930146031809,0,Converged,3112,14.396049,0.693781
rand005,0,1,1,0,mapped_fixed63,1.4709535599308221,0,fixed_resolution,126,0.914354,0.513882
rand005,0,1,1,0,adaptive_affine,1.4709557359997643,0,BudgetExceeded,10740,81.158133,0.514953
rand005,0,1,1,0,adaptive_fold,1.4709535599308219,0,Converged,3112,16.041987,0.519743
rand005,0,1,1,1,adaptive_fold,1.4709535599308219,0,Converged,3112,15.958103,0.515334
rand005,0,1,1,1,adaptive_affine,1.4709557359997643,0,BudgetExceeded,10740,80.924910,0.512948
rand005,0,1,1,1,mapped_fixed63,1.4709535599308221,0,fixed_resolution,126,0.913434,0.523236
rand005,0,1,1,2,mapped_fixed63,1.4709535599308221,0,fixed_resolution,126,0.859884,0.501229
rand005,0,1,1,2,adaptive_affine,1.4709557359997643,0,BudgetExceeded,10740,80.492918,0.509937
rand005,0,1,1,2,adaptive_fold,1.4709535599308219,0,Converged,3112,15.996729,0.508856
rand005,0.5,0,0,0,mapped_fixed63,1.4682484776243059,0,fixed_resolution,126,1.087988,0.671408
rand005,0.5,0,0,0,adaptive_affine,1.4682497794940372,0,Converged,190,1.116581,0.627932
rand005,0.5,0,0,0,adaptive_fold,1.4682484776243063,0,Converged,62,0.977948,0.629871
rand005,0.5,0,0,1,adaptive_fold,1.4682484776243063,0,Converged,62,0.969459,0.625742
rand005,0.5,0,0,1,adaptive_affine,1.4682497794940372,0,Converged,190,1.109777,0.625751
rand005,0.5,0,0,1,mapped_fixed63,1.4682484776243059,0,fixed_resolution,126,0.992738,0.631438
rand005,0.5,0,0,2,mapped_fixed63,1.4682484776243059,0,fixed_resolution,126,0.997471,0.630326
rand005,0.5,0,0,2,adaptive_affine,1.4682497794940372,0,Converged,190,1.088530,0.629469
rand005,0.5,0,0,2,adaptive_fold,1.4682484776243063,0,Converged,62,0.972991,0.630727
rand005,0.5,0,1,0,mapped_fixed63,1.4702042894106415,0,fixed_resolution,126,0.872124,0.505253
rand005,0.5,0,1,0,adaptive_affine,1.4702055950520068,0,Converged,190,0.997356,0.511236
rand005,0.5,0,1,0,adaptive_fold,1.4702042894106411,0,Converged,62,0.866963,0.507283
rand005,0.5,0,1,1,adaptive_fold,1.4702042894106411,0,Converged,62,0.844652,0.505642
rand005,0.5,0,1,1,adaptive_affine,1.4702055950520068,0,Converged,190,0.982282,0.502777
rand005,0.5,0,1,1,mapped_fixed63,1.4702042894106415,0,fixed_resolution,126,0.880723,0.508809
rand005,0.5,0,1,2,mapped_fixed63,1.4702042894106415,0,fixed_resolution,126,0.867146,0.499485
rand005,0.5,0,1,2,adaptive_affine,1.4702055950520068,0,Converged,190,0.963888,0.504093
rand005,0.5,0,1,2,adaptive_fold,1.4702042894106411,0,Converged,62,0.857382,0.500211
rand005,0.5,1,0,0,mapped_fixed63,1.4682484776243059,0,fixed_resolution,126,1.071771,0.622689
rand005,0.5,1,0,0,adaptive_affine,1.4682497794940372,0,BudgetExceeded,10732,89.051014,0.627209
rand005,0.5,1,0,0,adaptive_fold,1.4682484776243063,8,TopologyUnresolved,2653,12.819130,0.693284
rand005,0.5,1,0,1,adaptive_fold,1.4682484776243063,8,TopologyUnresolved,2653,12.885213,0.675648
rand005,0.5,1,0,1,adaptive_affine,1.4682497794940372,0,BudgetExceeded,10732,88.341982,0.676203
rand005,0.5,1,0,1,mapped_fixed63,1.4682484776243059,0,fixed_resolution,126,1.185871,0.700311
rand005,0.5,1,0,2,mapped_fixed63,1.4682484776243059,0,fixed_resolution,126,1.083121,0.640906
rand005,0.5,1,0,2,adaptive_affine,1.4682497794940372,0,BudgetExceeded,10732,88.770861,0.631336
rand005,0.5,1,0,2,adaptive_fold,1.4682484776243063,8,TopologyUnresolved,2653,12.739263,0.696283
rand005,0.5,1,1,0,mapped_fixed63,1.4702042894106415,0,fixed_resolution,126,1.000031,0.520643
rand005,0.5,1,1,0,adaptive_affine,1.470205595052007,0,BudgetExceeded,10732,88.499557,0.513896
rand005,0.5,1,1,0,adaptive_fold,1.4702042894106411,8,TopologyUnresolved,2653,13.115485,0.514252
rand005,0.5,1,1,1,adaptive_fold,1.4702042894106411,8,TopologyUnresolved,2653,13.128522,0.512311
rand005,0.5,1,1,1,adaptive_affine,1.470205595052007,0,BudgetExceeded,10732,89.086063,0.507164
rand005,0.5,1,1,1,mapped_fixed63,1.4702042894106415,0,fixed_resolution,126,0.989615,0.507930
rand005,0.5,1,1,2,mapped_fixed63,1.4702042894106415,0,fixed_resolution,126,0.948277,0.510853
rand005,0.5,1,1,2,adaptive_affine,1.470205595052007,0,BudgetExceeded,10732,89.164399,0.501782
rand005,0.5,1,1,2,adaptive_fold,1.4702042894106411,8,TopologyUnresolved,2653,13.421716,0.514994
rand006,0,0,0,0,mapped_fixed63,1.970973201826242,0,fixed_resolution,315,1.996585,0.947857
rand006,0,0,0,0,adaptive_affine,1.9709753885011831,0,Converged,211,1.552291,0.875743
rand006,0,0,0,0,adaptive_fold,1.9709732047489885,0,Converged,75,1.356038,0.875002
rand006,0,0,0,1,adaptive_fold,1.9709732047489885,0,Converged,75,1.353682,0.870576
rand006,0,0,0,1,adaptive_affine,1.9709753885011831,0,Converged,211,1.510114,0.862387
rand006,0,0,0,1,mapped_fixed63,1.970973201826242,0,fixed_resolution,315,1.873329,0.873671
rand006,0,0,0,2,mapped_fixed63,1.970973201826242,0,fixed_resolution,315,1.898794,0.874323
rand006,0,0,0,2,adaptive_affine,1.9709753885011831,0,Converged,211,1.512798,0.870658
rand006,0,0,0,2,adaptive_fold,1.9709732047489885,0,Converged,75,1.342586,0.868053
rand006,0,0,1,0,mapped_fixed63,1.9650982684814309,0,fixed_resolution,315,1.316620,0.312156
rand006,0,0,1,0,adaptive_affine,1.9651004463487125,0,Converged,211,0.950436,0.310303
rand006,0,0,1,0,adaptive_fold,1.9650982713602423,0,Converged,75,0.770422,0.306973
rand006,0,0,1,1,adaptive_fold,1.9650982713602423,0,Converged,75,0.773923,0.312420
rand006,0,0,1,1,adaptive_affine,1.9651004463487125,0,Converged,211,0.946878,0.303014
rand006,0,0,1,1,mapped_fixed63,1.9650982684814309,0,fixed_resolution,315,1.312545,0.308397
rand006,0,0,1,2,mapped_fixed63,1.9650982684814309,0,fixed_resolution,315,1.309893,0.307724
rand006,0,0,1,2,adaptive_affine,1.9651004463487125,0,Converged,211,0.948592,0.309072
rand006,0,0,1,2,adaptive_fold,1.9650982713602423,0,Converged,75,0.783112,0.308511
rand006,0,1,0,0,mapped_fixed63,1.970973201826242,0,fixed_resolution,315,1.892780,0.863347
rand006,0,1,0,0,adaptive_affine,1.9709753885011831,0,BudgetExceeded,10253,78.672927,0.866180
rand006,0,1,0,0,adaptive_fold,1.9709732047489885,0,EventLocationLimited,3205,15.603110,0.938818
rand006,0,1,0,1,adaptive_fold,1.9709732047489885,0,EventLocationLimited,3205,15.365717,0.938411
rand006,0,1,0,1,adaptive_affine,1.9709753885011831,0,BudgetExceeded,10253,79.017220,0.921525
rand006,0,1,0,1,mapped_fixed63,1.970973201826242,0,fixed_resolution,315,2.000909,0.931168
rand006,0,1,0,2,mapped_fixed63,1.970973201826242,0,fixed_resolution,315,1.933548,0.877783
rand006,0,1,0,2,adaptive_affine,1.9709753885011831,0,BudgetExceeded,10253,77.907729,0.869960
rand006,0,1,0,2,adaptive_fold,1.9709732047489885,0,EventLocationLimited,3205,15.722940,0.931896
rand006,0,1,1,0,mapped_fixed63,1.9650982684814309,0,fixed_resolution,315,1.395621,0.319907
rand006,0,1,1,0,adaptive_affine,1.9651004463487125,0,BudgetExceeded,10253,79.295816,0.307890
rand006,0,1,1,0,adaptive_fold,1.9650982713602423,0,Converged,3205,17.456990,0.320026
rand006,0,1,1,1,adaptive_fold,1.9650982713602423,0,Converged,3205,17.124421,0.315421
rand006,0,1,1,1,adaptive_affine,1.9651004463487125,0,BudgetExceeded,10253,79.607057,0.315690
rand006,0,1,1,1,mapped_fixed63,1.9650982684814309,0,fixed_resolution,315,1.392756,0.327905
rand006,0,1,1,2,mapped_fixed63,1.9650982684814309,0,fixed_resolution,315,1.345702,0.311006
rand006,0,1,1,2,adaptive_affine,1.9651004463487125,0,BudgetExceeded,10253,79.298425,0.312374
rand006,0,1,1,2,adaptive_fold,1.9650982713602423,0,Converged,3205,17.316762,0.314716
rand006,0.5,0,0,0,mapped_fixed63,1.9681076840897029,0,fixed_resolution,315,2.090950,0.899801
rand006,0.5,0,0,0,adaptive_affine,1.9681111207111037,0,Converged,195,1.609499,0.873723
rand006,0.5,0,0,0,adaptive_fold,1.9681076854664519,0,Converged,75,1.387748,0.874040
rand006,0.5,0,0,1,adaptive_fold,1.9681076854664519,0,Converged,75,1.364743,0.862135
rand006,0.5,0,0,1,adaptive_affine,1.9681111207111037,0,Converged,195,1.532885,0.872696
rand006,0.5,0,0,1,mapped_fixed63,1.9681076840897029,0,fixed_resolution,315,2.026636,0.864007
rand006,0.5,0,0,2,mapped_fixed63,1.9681076840897029,0,fixed_resolution,315,2.021893,0.862930
rand006,0.5,0,0,2,adaptive_affine,1.9681111207111037,0,Converged,195,1.545884,0.868760
rand006,0.5,0,0,2,adaptive_fold,1.9681076854664519,0,Converged,75,1.373254,0.872552
rand006,0.5,0,1,0,mapped_fixed63,1.9622641985376323,0,fixed_resolution,315,1.480414,0.318283
rand006,0.5,0,1,0,adaptive_affine,1.9622676208144518,0,Converged,195,0.960824,0.308111
rand006,0.5,0,1,0,adaptive_fold,1.9622641998935615,0,Converged,75,0.803455,0.310330
rand006,0.5,0,1,1,adaptive_fold,1.9622641998935615,0,Converged,75,0.801213,0.313504
rand006,0.5,0,1,1,adaptive_affine,1.9622676208144518,0,Converged,195,0.948329,0.304913
rand006,0.5,0,1,1,mapped_fixed63,1.9622641985376323,0,fixed_resolution,315,1.505140,0.312296
rand006,0.5,0,1,2,mapped_fixed63,1.9622641985376323,0,fixed_resolution,315,1.460234,0.303464
rand006,0.5,0,1,2,adaptive_affine,1.9622676208144518,0,Converged,195,0.958632,0.313815
rand006,0.5,0,1,2,adaptive_fold,1.9622641998935615,0,Converged,75,0.812653,0.316111
rand006,0.5,1,0,0,mapped_fixed63,1.9681076840897029,0,fixed_resolution,315,2.223638,0.870730
rand006,0.5,1,0,0,adaptive_affine,1.9681111207111037,0,BudgetExceeded,10229,85.940734,0.874449
rand006,0.5,1,0,0,adaptive_fold,1.9681076854664519,8,TopologyUnresolved,2214,10.987357,0.946373
rand006,0.5,1,0,1,adaptive_fold,1.9681076854664519,8,TopologyUnresolved,2214,10.741078,0.931939
rand006,0.5,1,0,1,adaptive_affine,1.9681111207111037,0,BudgetExceeded,10229,85.824449,0.905581
rand006,0.5,1,0,1,mapped_fixed63,1.9681076840897029,0,fixed_resolution,315,2.318868,0.930865
rand006,0.5,1,0,2,mapped_fixed63,1.9681076840897029,0,fixed_resolution,315,2.357942,0.880638
rand006,0.5,1,0,2,adaptive_affine,1.9681111207111037,0,BudgetExceeded,10229,86.746031,0.863090
rand006,0.5,1,0,2,adaptive_fold,1.9681076854664519,8,TopologyUnresolved,2214,10.626939,0.931941
rand006,0.5,1,1,0,mapped_fixed63,1.9622641985376323,0,fixed_resolution,315,1.694269,0.313847
rand006,0.5,1,1,0,adaptive_affine,1.9622676208144518,0,BudgetExceeded,10229,85.709488,0.313328
rand006,0.5,1,1,0,adaptive_fold,1.9622641998935615,8,TopologyUnresolved,2182,10.750253,0.313705
rand006,0.5,1,1,1,adaptive_fold,1.9622641998935615,8,TopologyUnresolved,2182,10.612817,0.319123
rand006,0.5,1,1,1,adaptive_affine,1.9622676208144518,0,BudgetExceeded,10229,86.388101,0.321077
rand006,0.5,1,1,1,mapped_fixed63,1.9622641985376323,0,fixed_resolution,315,1.695173,0.313525
rand006,0.5,1,1,2,mapped_fixed63,1.9622641985376323,0,fixed_resolution,315,1.699850,0.326728
rand006,0.5,1,1,2,adaptive_affine,1.9622676208144518,0,BudgetExceeded,10229,86.842313,0.306935
rand006,0.5,1,1,2,adaptive_fold,1.9622641998935615,8,TopologyUnresolved,2182,10.544609,0.319444
rand007,0,0,0,0,mapped_fixed63,3.2108521264317051,0,fixed_resolution,126,1.105463,0.682431
rand007,0,0,0,0,adaptive_affine,3.2108543415199122,0,Converged,254,1.230007,0.647132
rand007,0,0,0,0,adaptive_fold,3.210852126431635,0,Converged,62,1.028105,0.637972
rand007,0,0,0,1,adaptive_fold,3.210852126431635,0,Converged,62,1.012714,0.635857
rand007,0,0,0,1,adaptive_affine,3.2108543415199122,0,Converged,254,1.179445,0.633905
rand007,0,0,0,1,mapped_fixed63,3.2108521264317051,0,fixed_resolution,126,1.035720,0.633636
rand007,0,0,0,2,mapped_fixed63,3.2108521264317051,0,fixed_resolution,126,1.034801,0.639719
rand007,0,0,0,2,adaptive_affine,3.2108543415199122,0,Converged,254,1.176828,0.643636
rand007,0,0,0,2,adaptive_fold,3.210852126431635,0,Converged,62,1.001349,0.637088
rand007,0,0,1,0,mapped_fixed63,3.2107828186295446,0,fixed_resolution,126,1.493661,0.531778
rand007,0,0,1,0,adaptive_affine,3.2107850336699961,0,Converged,254,1.484371,0.528108
rand007,0,0,1,0,adaptive_fold,3.2107828186294229,0,Converged,62,1.036283,0.533870
rand007,0,0,1,1,adaptive_fold,3.2107828186294229,0,Converged,62,1.023480,0.525021
rand007,0,0,1,1,adaptive_affine,3.2107850336699961,0,Converged,254,1.621537,0.531807
rand007,0,0,1,1,mapped_fixed63,3.2107828186295446,0,fixed_resolution,126,1.487104,0.530914
rand007,0,0,1,2,mapped_fixed63,3.2107828186295446,0,fixed_resolution,126,1.482197,0.526692
rand007,0,0,1,2,adaptive_affine,3.2107850336699961,0,Converged,254,1.470548,0.526168
rand007,0,0,1,2,adaptive_fold,3.2107828186294229,0,Converged,62,1.035190,0.526362
rand007,0,1,0,0,mapped_fixed63,3.2108521264317051,0,fixed_resolution,126,1.042172,0.638058
rand007,0,1,0,0,adaptive_affine,3.2108543415199122,0,BudgetExceeded,12582,112.932115,0.637360
rand007,0,1,0,0,adaptive_fold,3.210852126431635,0,EventLocationLimited,62,1.147748,0.701688
rand007,0,1,0,1,adaptive_fold,3.210852126431635,0,EventLocationLimited,62,1.032369,0.644646
rand007,0,1,0,1,adaptive_affine,3.2108543415199122,0,BudgetExceeded,12582,111.909444,0.640847
rand007,0,1,0,1,mapped_fixed63,3.2108521264317051,0,fixed_resolution,126,1.167216,0.713619
rand007,0,1,0,2,mapped_fixed63,3.2108521264317051,0,fixed_resolution,126,1.040997,0.644576
rand007,0,1,0,2,adaptive_affine,3.2108543415199122,0,BudgetExceeded,12582,111.586484,0.639909
rand007,0,1,0,2,adaptive_fold,3.210852126431635,0,EventLocationLimited,62,1.157340,0.701190
rand007,0,1,1,0,mapped_fixed63,3.2107828186295446,0,fixed_resolution,126,1.508877,0.531147
rand007,0,1,1,0,adaptive_affine,3.2107850336699961,0,BudgetExceeded,12582,143.098613,0.525937
rand007,0,1,1,0,adaptive_fold,3.2107828186294229,0,EventLocationLimited,62,1.109422,0.533248
rand007,0,1,1,1,adaptive_fold,3.2107828186294229,0,EventLocationLimited,62,1.053810,0.529599
rand007,0,1,1,1,adaptive_affine,3.2107850336699961,0,BudgetExceeded,12582,144.661781,0.534296
rand007,0,1,1,1,mapped_fixed63,3.2107828186295446,0,fixed_resolution,126,1.556998,0.533301
rand007,0,1,1,2,mapped_fixed63,3.2107828186295446,0,fixed_resolution,126,1.510304,0.528051
rand007,0,1,1,2,adaptive_affine,3.2107850336699961,0,BudgetExceeded,12582,145.516569,0.525912
rand007,0,1,1,2,adaptive_fold,3.2107828186294229,0,EventLocationLimited,62,1.120510,0.548795
rand007,0.5,0,0,0,mapped_fixed63,3.2108518017434204,0,fixed_resolution,126,1.071140,0.648357
rand007,0.5,0,0,0,adaptive_affine,3.2108563345988914,0,Converged,190,1.167159,0.641682
rand007,0.5,0,0,0,adaptive_fold,3.2108518017433307,0,Converged,62,1.041250,0.636955
rand007,0.5,0,0,1,adaptive_fold,3.2108518017433307,0,Converged,62,1.026247,0.635037
rand007,0.5,0,0,1,adaptive_affine,3.2108563345988914,0,Converged,190,1.151424,0.632478
rand007,0.5,0,0,1,mapped_fixed63,3.2108518017434204,0,fixed_resolution,126,1.053375,0.634769
rand007,0.5,0,0,2,mapped_fixed63,3.2108518017434204,0,fixed_resolution,126,1.038365,0.636892
rand007,0.5,0,0,2,adaptive_affine,3.2108563345988914,0,Converged,190,1.139409,0.635966
rand007,0.5,0,0,2,adaptive_fold,3.2108518017433307,0,Converged,62,1.019870,0.639414
rand007,0.5,0,1,0,mapped_fixed63,3.2107824939635088,0,fixed_resolution,126,1.572550,0.531025
rand007,0.5,0,1,0,adaptive_affine,3.2107870266898977,0,Converged,190,1.404891,0.526795
rand007,0.5,0,1,0,adaptive_fold,3.2107824939633209,0,Converged,62,1.054406,0.532503
rand007,0.5,0,1,1,adaptive_fold,3.2107824939633209,0,Converged,62,1.037932,0.525384
rand007,0.5,0,1,1,adaptive_affine,3.2107870266898977,0,Converged,190,1.413397,0.531539
rand007,0.5,0,1,1,mapped_fixed63,3.2107824939635088,0,fixed_resolution,126,1.511673,0.533626
rand007,0.5,0,1,2,mapped_fixed63,3.2107824939635088,0,fixed_resolution,126,1.543992,0.523818
rand007,0.5,0,1,2,adaptive_affine,3.2107870266898977,0,Converged,190,1.401131,0.530045
rand007,0.5,0,1,2,adaptive_fold,3.2107824939633209,0,Converged,62,1.038756,0.523804
rand007,0.5,1,0,0,mapped_fixed63,3.2108518017434204,0,fixed_resolution,126,1.116795,0.631715
rand007,0.5,1,0,0,adaptive_affine,3.2108563345988914,0,BudgetExceeded,12574,121.175809,0.638923
rand007,0.5,1,0,0,adaptive_fold,3.2108518017433307,0,EventLocationLimited,62,1.208631,0.709130
rand007,0.5,1,0,1,adaptive_fold,3.2108518017433307,0,EventLocationLimited,62,1.088109,0.648330
rand007,0.5,1,0,1,adaptive_affine,3.2108563345988914,0,BudgetExceeded,12574,122.476207,0.644399
rand007,0.5,1,0,1,mapped_fixed63,3.2108518017434204,0,fixed_resolution,126,1.238391,0.711024
rand007,0.5,1,0,2,mapped_fixed63,3.2108518017434204,0,fixed_resolution,126,1.127130,0.648374
rand007,0.5,1,0,2,adaptive_affine,3.2108563345988914,0,BudgetExceeded,12574,121.930609,0.643579
rand007,0.5,1,0,2,adaptive_fold,3.2108518017433307,0,EventLocationLimited,62,1.231376,0.725301
rand007,0.5,1,1,0,mapped_fixed63,3.2107824939635088,0,fixed_resolution,126,1.604981,0.536339
rand007,0.5,1,1,0,adaptive_affine,3.2107870266898977,0,BudgetExceeded,12574,159.496553,0.538103
rand007,0.5,1,1,0,adaptive_fold,3.2107824939633209,0,EventLocationLimited,62,1.165726,0.533528
rand007,0.5,1,1,1,adaptive_fold,3.2107824939633209,0,EventLocationLimited,62,1.104405,0.534029
rand007,0.5,1,1,1,adaptive_affine,3.2107870266898977,0,BudgetExceeded,12574,156.627134,0.531592
rand007,0.5,1,1,1,mapped_fixed63,3.2107824939635088,0,fixed_resolution,126,1.645899,0.538817
rand007,0.5,1,1,2,mapped_fixed63,3.2107824939635088,0,fixed_resolution,126,1.585064,0.528807
rand007,0.5,1,1,2,adaptive_affine,3.2107870266898977,0,BudgetExceeded,12574,156.906815,0.537769
rand007,0.5,1,1,2,adaptive_fold,3.2107824939633209,0,EventLocationLimited,62,1.167438,0.534895
rand008,0,0,0,0,mapped_fixed63,1.2029724641580108,0,fixed_resolution,189,1.135640,0.607711
rand008,0,0,0,0,adaptive_affine,1.2029737845490629,0,Converged,197,1.190127,0.601934
rand008,0,0,0,0,adaptive_fold,1.2029724641437101,0,Converged,53,1.041813,0.599047
rand008,0,0,0,1,adaptive_fold,1.2029724641437101,0,Converged,53,1.038961,0.597452
rand008,0,0,0,1,adaptive_affine,1.2029737845490629,0,Converged,197,1.169558,0.602422
rand008,0,0,0,1,mapped_fixed63,1.2029724641580108,0,fixed_resolution,189,1.102934,0.590131
rand008,0,0,0,2,mapped_fixed63,1.2029724641580108,0,fixed_resolution,189,1.091088,0.589214
rand008,0,0,0,2,adaptive_affine,1.2029737845490629,0,Converged,197,1.147155,0.586621
rand008,0,0,0,2,adaptive_fold,1.2029724641437101,0,Converged,53,1.052693,0.589445
rand008,0,0,1,0,mapped_fixed63,1.2029768818741478,0,fixed_resolution,189,1.352895,0.255610
rand008,0,0,1,0,adaptive_affine,1.2029782022789028,0,Converged,197,1.186990,0.258220
rand008,0,0,1,0,adaptive_fold,1.2029768818597908,0,Converged,53,0.837980,0.258245
rand008,0,0,1,1,adaptive_fold,1.2029768818597908,0,Converged,53,0.875900,0.257685
rand008,0,0,1,1,adaptive_affine,1.2029782022789028,0,Converged,197,1.165555,0.251083
rand008,0,0,1,1,mapped_fixed63,1.2029768818741478,0,fixed_resolution,189,1.354099,0.249463
rand008,0,0,1,2,mapped_fixed63,1.2029768818741478,0,fixed_resolution,189,1.338840,0.249891
rand008,0,0,1,2,adaptive_affine,1.2029782022789028,0,Converged,197,1.177407,0.252165
rand008,0,0,1,2,adaptive_fold,1.2029768818597908,0,Converged,53,0.829180,0.249608
rand008,0,1,0,0,mapped_fixed63,1.2029724641580108,0,fixed_resolution,189,1.122493,0.592668
rand008,0,1,0,0,adaptive_affine,1.2029737845490629,0,BudgetExceeded,11095,90.513422,0.591585
rand008,0,1,0,0,adaptive_fold,1.2029724641437101,0,EventLocationLimited,77,1.242120,0.675264
rand008,0,1,0,1,adaptive_fold,1.2029724641437101,0,EventLocationLimited,77,1.101162,0.612928
rand008,0,1,0,1,adaptive_affine,1.2029737845490629,0,BudgetExceeded,11095,90.008750,0.600482
rand008,0,1,0,1,mapped_fixed63,1.2029724641580108,0,fixed_resolution,189,1.234243,0.658270
rand008,0,1,0,2,mapped_fixed63,1.2029724641580108,0,fixed_resolution,189,1.121828,0.593968
rand008,0,1,0,2,adaptive_affine,1.2029737845490629,0,BudgetExceeded,11095,90.137099,0.590861
rand008,0,1,0,2,adaptive_fold,1.2029724641437101,0,EventLocationLimited,77,1.211318,0.658843
rand008,0,1,1,0,mapped_fixed63,1.2029768818741478,0,fixed_resolution,189,1.377805,0.256070
rand008,0,1,1,0,adaptive_affine,1.2029782022789028,0,BudgetExceeded,11095,122.481501,0.260308
rand008,0,1,1,0,adaptive_fold,1.2029768818597908,0,EventLocationLimited,77,0.992123,0.258794
rand008,0,1,1,1,adaptive_fold,1.2029768818597908,0,EventLocationLimited,77,0.909314,0.253001
rand008,0,1,1,1,adaptive_affine,1.2029782022789028,0,BudgetExceeded,11095,121.825255,0.252295
rand008,0,1,1,1,mapped_fixed63,1.2029768818741478,0,fixed_resolution,189,1.435605,0.267112
rand008,0,1,1,2,mapped_fixed63,1.2029768818741478,0,fixed_resolution,189,1.365423,0.252791
rand008,0,1,1,2,adaptive_affine,1.2029782022789028,0,BudgetExceeded,11095,120.861740,0.251282
rand008,0,1,1,2,adaptive_fold,1.2029768818597908,0,EventLocationLimited,77,0.984677,0.259349
rand008,0.5,0,0,0,mapped_fixed63,1.2029724530583508,0,fixed_resolution,189,1.233591,0.602367
rand008,0.5,0,0,0,adaptive_affine,1.202975601021627,0,Converged,165,1.191200,0.599293
rand008,0.5,0,0,0,adaptive_fold,1.2029724529929686,0,Converged,69,1.088032,0.595286
rand008,0.5,0,0,1,adaptive_fold,1.2029724529929686,0,Converged,69,1.083100,0.589922
rand008,0.5,0,0,1,adaptive_affine,1.202975601021627,0,Converged,165,1.160385,0.591709
rand008,0.5,0,0,1,mapped_fixed63,1.2029724530583508,0,fixed_resolution,189,1.225423,0.596614
rand008,0.5,0,0,2,mapped_fixed63,1.2029724530583508,0,fixed_resolution,189,1.206217,0.594709
rand008,0.5,0,0,2,adaptive_affine,1.202975601021627,0,Converged,165,1.176616,0.595852
rand008,0.5,0,0,2,adaptive_fold,1.2029724529929686,0,Converged,69,1.075953,0.593746
rand008,0.5,0,1,0,mapped_fixed63,1.202976870774163,0,fixed_resolution,189,1.482285,0.252523
rand008,0.5,0,1,0,adaptive_affine,1.2029800187969588,0,Converged,165,1.109952,0.255888
rand008,0.5,0,1,0,adaptive_fold,1.2029768707087205,0,Converged,69,0.937718,0.259913
rand008,0.5,0,1,1,adaptive_fold,1.2029768707087205,0,Converged,69,0.885375,0.248417
rand008,0.5,0,1,1,adaptive_affine,1.2029800187969588,0,Converged,165,1.116830,0.248078
rand008,0.5,0,1,1,mapped_fixed63,1.202976870774163,0,fixed_resolution,189,1.458498,0.248743
rand008,0.5,0,1,2,mapped_fixed63,1.202976870774163,0,fixed_resolution,189,1.451881,0.254473
rand008,0.5,0,1,2,adaptive_affine,1.2029800187969588,0,Converged,165,1.110981,0.249068
rand008,0.5,0,1,2,adaptive_fold,1.2029768707087205,0,Converged,69,0.885757,0.252703
rand008,0.5,1,0,0,mapped_fixed63,1.2029724530583508,0,fixed_resolution,189,1.357782,0.590021
rand008,0.5,1,0,0,adaptive_affine,1.202975601021627,0,BudgetExceeded,11025,94.137724,0.597016
rand008,0.5,1,0,0,adaptive_fold,1.2029724529929686,0,EventLocationLimited,93,1.392025,0.666341
rand008,0.5,1,0,1,adaptive_fold,1.2029724529929686,0,EventLocationLimited,93,1.258971,0.613526
rand008,0.5,1,0,1,adaptive_affine,1.202975601021627,0,BudgetExceeded,11025,93.603049,0.593702
rand008,0.5,1,0,1,mapped_fixed63,1.2029724530583508,0,fixed_resolution,189,1.444119,0.659185
rand008,0.5,1,0,2,mapped_fixed63,1.2029724530583508,0,fixed_resolution,189,1.342351,0.594116
rand008,0.5,1,0,2,adaptive_affine,1.202975601021627,0,BudgetExceeded,11025,94.368427,0.598098
rand008,0.5,1,0,2,adaptive_fold,1.2029724529929686,0,EventLocationLimited,93,1.354899,0.647626
rand008,0.5,1,1,0,mapped_fixed63,1.202976870774163,0,fixed_resolution,189,1.610255,0.262369
rand008,0.5,1,1,0,adaptive_affine,1.2029800187969588,0,BudgetExceeded,11025,125.367103,0.252268
rand008,0.5,1,1,0,adaptive_fold,1.2029768707087205,0,EventLocationLimited,93,1.120852,0.259591
rand008,0.5,1,1,1,adaptive_fold,1.2029768707087205,0,EventLocationLimited,93,1.063805,0.259175
rand008,0.5,1,1,1,adaptive_affine,1.2029800187969588,0,BudgetExceeded,11025,125.967076,0.251020
rand008,0.5,1,1,1,mapped_fixed63,1.202976870774163,0,fixed_resolution,189,1.633074,0.257004
rand008,0.5,1,1,2,mapped_fixed63,1.202976870774163,0,fixed_resolution,189,1.628667,0.262129
rand008,0.5,1,1,2,adaptive_affine,1.2029800187969588,0,BudgetExceeded,11025,125.588339,0.249678
rand008,0.5,1,1,2,adaptive_fold,1.2029768707087205,0,EventLocationLimited,93,1.124217,0.265942
rand009,0,0,0,0,mapped_fixed63,12.892230113278272,0,fixed_resolution,189,1.257028,0.651427
rand009,0,0,0,0,adaptive_affine,12.892239008080265,0,Converged,261,1.296873,0.653676
rand009,0,0,0,0,adaptive_fold,12.892230113272376,0,Converged,69,1.109397,0.653814
rand009,0,0,0,1,adaptive_fold,12.892230113272376,0,Converged,69,1.095291,0.651308
rand009,0,0,0,1,adaptive_affine,12.892239008080265,0,Converged,261,1.279161,0.652867
rand009,0,0,0,1,mapped_fixed63,12.892230113278272,0,fixed_resolution,189,1.231241,0.643618
rand009,0,0,0,2,mapped_fixed63,12.892230113278272,0,fixed_resolution,189,1.220517,0.649215
rand009,0,0,0,2,adaptive_affine,12.892239008080265,0,Converged,261,1.271489,0.650436
rand009,0,0,0,2,adaptive_fold,12.892230113272376,0,Converged,69,1.091132,0.648386
rand009,0,0,1,0,mapped_fixed63,12.890028387167034,0,fixed_resolution,189,1.192404,0.526346
rand009,0,0,1,0,adaptive_affine,12.890037280449629,0,Converged,261,1.236603,0.522985
rand009,0,0,1,0,adaptive_fold,12.890028387160749,0,Converged,69,1.050319,0.516895
rand009,0,0,1,1,adaptive_fold,12.890028387160749,0,Converged,69,1.030583,0.524234
rand009,0,0,1,1,adaptive_affine,12.890037280449629,0,Converged,261,1.242868,0.521511
rand009,0,0,1,1,mapped_fixed63,12.890028387167034,0,fixed_resolution,189,1.190007,0.527510
rand009,0,0,1,2,mapped_fixed63,12.890028387167034,0,fixed_resolution,189,1.178880,0.524516
rand009,0,0,1,2,adaptive_affine,12.890037280449629,0,Converged,261,1.227014,0.513524
rand009,0,0,1,2,adaptive_fold,12.890028387160749,0,Converged,69,1.038218,0.515289
rand009,0,1,0,0,mapped_fixed63,12.892230113278272,0,fixed_resolution,189,1.257447,0.642090
rand009,0,1,0,0,adaptive_affine,12.892239008080265,0,BudgetExceeded,13121,121.088047,0.654086
rand009,0,1,0,0,adaptive_fold,12.892230113272376,0,EventLocationLimited,77,1.239447,0.709022
rand009,0,1,0,1,adaptive_fold,12.892230113272376,0,EventLocationLimited,77,1.141463,0.657444
rand009,0,1,0,1,adaptive_affine,12.892239008080265,0,BudgetExceeded,13121,120.685628,0.645117
rand009,0,1,0,1,mapped_fixed63,12.892230113278272,0,fixed_resolution,189,1.344282,0.708130
rand009,0,1,0,2,mapped_fixed63,12.892230113278272,0,fixed_resolution,189,1.251229,0.648478
rand009,0,1,0,2,adaptive_affine,12.892239008080265,0,BudgetExceeded,13121,124.444277,0.652137
rand009,0,1,0,2,adaptive_fold,12.892230113272376,0,EventLocationLimited,77,1.242596,0.713666
rand009,0,1,1,0,mapped_fixed63,12.890028387167034,0,fixed_resolution,189,1.219488,0.531229
rand009,0,1,1,0,adaptive_affine,12.890037280449629,0,BudgetExceeded,13121,130.114956,0.526011
rand009,0,1,1,0,adaptive_fold,12.890028387160749,0,EventLocationLimited,77,1.127591,0.531190
rand009,0,1,1,1,adaptive_fold,12.890028387160749,0,EventLocationLimited,77,1.071756,0.519506
rand009,0,1,1,1,adaptive_affine,12.890037280449629,0,BudgetExceeded,13121,131.291721,0.517227
rand009,0,1,1,1,mapped_fixed63,12.890028387167034,0,fixed_resolution,189,1.245845,0.522862
rand009,0,1,1,2,mapped_fixed63,12.890028387167034,0,fixed_resolution,189,1.211324,0.523181
rand009,0,1,1,2,adaptive_affine,12.890037280449629,0,BudgetExceeded,13121,130.466312,0.532901
rand009,0,1,1,2,adaptive_fold,12.890028387160749,0,EventLocationLimited,77,1.164640,0.539738
rand009,0.5,0,0,0,mapped_fixed63,12.892184828392807,0,fixed_resolution,189,1.367476,0.647424
rand009,0.5,0,0,0,adaptive_affine,12.892207395184798,0,Converged,197,1.248669,0.648999
rand009,0.5,0,0,0,adaptive_fold,12.89218482836403,0,Converged,69,1.129770,0.654712
rand009,0.5,0,0,1,adaptive_fold,12.89218482836403,0,Converged,69,1.121621,0.650046
rand009,0.5,0,0,1,adaptive_affine,12.892207395184798,0,Converged,197,1.245176,0.641895
rand009,0.5,0,0,1,mapped_fixed63,12.892184828392807,0,fixed_resolution,189,1.348464,0.646026
rand009,0.5,0,0,2,mapped_fixed63,12.892184828392807,0,fixed_resolution,189,1.351794,0.649929
rand009,0.5,0,0,2,adaptive_affine,12.892207395184798,0,Converged,197,1.242309,0.640641
rand009,0.5,0,0,2,adaptive_fold,12.89218482836403,0,Converged,69,1.129232,0.642171
rand009,0.5,0,1,0,mapped_fixed63,12.889983125629566,0,fixed_resolution,189,1.315566,0.525987
rand009,0.5,0,1,0,adaptive_affine,12.890005688308612,0,Converged,197,1.219835,0.517623
rand009,0.5,0,1,0,adaptive_fold,12.889983125600386,0,Converged,69,1.070829,0.523953
rand009,0.5,0,1,1,adaptive_fold,12.889983125600386,0,Converged,69,1.064342,0.522368
rand009,0.5,0,1,1,adaptive_affine,12.890005688308612,0,Converged,197,1.216652,0.519736
rand009,0.5,0,1,1,mapped_fixed63,12.889983125629566,0,fixed_resolution,189,1.306539,0.515618
rand009,0.5,0,1,2,mapped_fixed63,12.889983125629566,0,fixed_resolution,189,1.315942,0.513833
rand009,0.5,0,1,2,adaptive_affine,12.890005688308612,0,Converged,197,1.219634,0.519742
rand009,0.5,0,1,2,adaptive_fold,12.889983125600386,0,Converged,69,1.051890,0.513325
rand009,0.5,1,0,0,mapped_fixed63,12.892184828392807,0,fixed_resolution,189,1.468426,0.644761
rand009,0.5,1,0,0,adaptive_affine,12.892207395184798,0,BudgetExceeded,13097,130.559242,0.649839
rand009,0.5,1,0,0,adaptive_fold,12.892184828364032,0,EventLocationLimited,77,1.329701,0.705926
rand009,0.5,1,0,1,adaptive_fold,12.892184828364032,0,EventLocationLimited,77,1.214611,0.662656
rand009,0.5,1,0,1,adaptive_affine,12.892207395184798,0,BudgetExceeded,13097,131.109819,0.651923
rand009,0.5,1,0,1,mapped_fixed63,12.892184828392807,0,fixed_resolution,189,1.595213,0.716391
rand009,0.5,1,0,2,mapped_fixed63,12.892184828392807,0,fixed_resolution,189,1.472556,0.656464
rand009,0.5,1,0,2,adaptive_affine,12.892207395184798,0,BudgetExceeded,13097,129.680503,0.649540
rand009,0.5,1,0,2,adaptive_fold,12.892184828364032,0,EventLocationLimited,77,1.355438,0.710343
rand009,0.5,1,1,0,mapped_fixed63,12.889983125629568,0,fixed_resolution,189,1.442693,0.529021
rand009,0.5,1,1,0,adaptive_affine,12.890005688308612,0,BudgetExceeded,13097,144.235338,0.522638
rand009,0.5,1,1,0,adaptive_fold,12.889983125600386,0,EventLocationLimited,77,1.215466,0.534516
rand009,0.5,1,1,1,adaptive_fold,12.889983125600386,0,EventLocationLimited,77,1.151972,0.525072
rand009,0.5,1,1,1,adaptive_affine,12.890005688308612,0,BudgetExceeded,13097,139.276288,0.514990
rand009,0.5,1,1,1,mapped_fixed63,12.889983125629568,0,fixed_resolution,189,1.487078,0.531317
rand009,0.5,1,1,2,mapped_fixed63,12.889983125629568,0,fixed_resolution,189,1.422442,0.524059
rand009,0.5,1,1,2,adaptive_affine,12.890005688308612,0,BudgetExceeded,13097,139.170825,0.521908
rand009,0.5,1,1,2,adaptive_fold,12.889983125600386,0,EventLocationLimited,77,1.211781,0.531393
rand010,0,0,0,0,mapped_fixed63,16.366774134855191,0,fixed_resolution,315,1.961517,0.751744
rand010,0,0,0,0,adaptive_affine,16.36679096773079,0,Converged,243,1.424064,0.747744
rand010,0,0,0,0,adaptive_fold,16.366774142721557,0,Converged,83,1.131392,0.737452
rand010,0,0,0,1,adaptive_fold,16.366774142721557,0,Converged,83,1.122893,0.739115
rand010,0,0,0,1,adaptive_affine,16.36679096773079,0,Converged,243,1.380359,0.741737
rand010,0,0,0,1,mapped_fixed63,16.366774134855191,0,fixed_resolution,315,1.929022,0.741096
rand010,0,0,0,2,mapped_fixed63,16.366774134855191,0,fixed_resolution,315,1.928387,0.739894
rand010,0,0,0,2,adaptive_affine,16.36679096773079,0,Converged,243,1.501629,0.748285
rand010,0,0,0,2,adaptive_fold,16.366774142721557,0,Converged,83,1.127198,0.739473
rand010,0,0,1,0,mapped_fixed63,16.314028421258293,0,fixed_resolution,315,1.638987,0.510537
rand010,0,0,1,0,adaptive_affine,16.314045206863138,0,Converged,243,1.160083,0.509462
rand010,0,0,1,0,adaptive_fold,16.314028429035833,0,Converged,83,0.900640,0.507818
rand010,0,0,1,1,adaptive_fold,16.314028429035833,0,Converged,83,0.898355,0.513459
rand010,0,0,1,1,adaptive_affine,16.314045206863138,0,Converged,243,1.134880,0.510075
rand010,0,0,1,1,mapped_fixed63,16.314028421258293,0,fixed_resolution,315,1.730097,0.519664
rand010,0,0,1,2,mapped_fixed63,16.314028421258293,0,fixed_resolution,315,1.643170,0.513459
rand010,0,0,1,2,adaptive_affine,16.314045206863138,0,Converged,243,1.148469,0.507185
rand010,0,0,1,2,adaptive_fold,16.314028429035833,0,Converged,83,0.911451,0.509724
rand010,0,1,0,0,mapped_fixed63,16.366774134855191,0,fixed_resolution,315,1.960045,0.731717
rand010,0,1,0,0,adaptive_affine,16.36679096773079,0,BudgetExceeded,11945,105.083462,0.736194
rand010,0,1,0,0,adaptive_fold,16.366774142721557,0,EventLocationLimited,219,1.557113,0.803103
rand010,0,1,0,1,adaptive_fold,16.366774142721557,0,EventLocationLimited,219,1.437999,0.747359
rand010,0,1,0,1,adaptive_affine,16.36679096773079,0,BudgetExceeded,11945,105.978989,0.737537
rand010,0,1,0,1,mapped_fixed63,16.366774134855191,0,fixed_resolution,315,2.061003,0.803377
rand010,0,1,0,2,mapped_fixed63,16.366774134855191,0,fixed_resolution,315,2.010743,0.751850
rand010,0,1,0,2,adaptive_affine,16.36679096773079,0,BudgetExceeded,11945,105.905669,0.739414
rand010,0,1,0,2,adaptive_fold,16.366774142721557,0,EventLocationLimited,219,1.567892,0.815168
rand010,0,1,1,0,mapped_fixed63,16.314028421258293,0,fixed_resolution,315,1.690173,0.525117
rand010,0,1,1,0,adaptive_affine,16.314045206863138,0,BudgetExceeded,11945,106.617524,0.509607
rand010,0,1,1,0,adaptive_fold,16.314028429035833,0,EventLocationLimited,219,1.256675,0.514639
rand010,0,1,1,1,adaptive_fold,16.314028429035833,0,EventLocationLimited,219,1.202079,0.510521
rand010,0,1,1,1,adaptive_affine,16.314045206863138,0,BudgetExceeded,11945,108.125767,0.515891
rand010,0,1,1,1,mapped_fixed63,16.314028421258293,0,fixed_resolution,315,1.727876,0.514904
rand010,0,1,1,2,mapped_fixed63,16.314028421258293,0,fixed_resolution,315,1.708459,0.527302
rand010,0,1,1,2,adaptive_affine,16.314045206863138,0,BudgetExceeded,11945,108.864959,0.506073
rand010,0,1,1,2,adaptive_fold,16.314028429035833,0,EventLocationLimited,219,1.284061,0.514138
rand010,0.5,0,0,0,mapped_fixed63,16.348614278412782,0,fixed_resolution,315,2.113439,0.744509
rand010,0.5,0,0,0,adaptive_affine,16.348631841456523,0,Converged,211,1.368522,0.741574
rand010,0.5,0,0,0,adaptive_fold,16.3486142831315,0,Converged,83,1.163583,0.744652
rand010,0.5,0,0,1,adaptive_fold,16.3486142831315,0,Converged,83,1.142200,0.736534
rand010,0.5,0,0,1,adaptive_affine,16.348631841456523,0,Converged,211,1.345979,0.733958
rand010,0.5,0,0,1,mapped_fixed63,16.348614278412782,0,fixed_resolution,315,2.084973,0.740780
rand010,0.5,0,0,2,mapped_fixed63,16.348614278412782,0,fixed_resolution,315,2.079193,0.738775
rand010,0.5,0,0,2,adaptive_affine,16.348631841456523,0,Converged,211,1.361640,0.741135
rand010,0.5,0,0,2,adaptive_fold,16.3486142831315,0,Converged,83,1.152440,0.734609
rand010,0.5,0,1,0,mapped_fixed63,16.296046759367883,0,fixed_resolution,315,1.799668,0.516180
rand010,0.5,0,1,0,adaptive_affine,16.296064264206265,0,Converged,211,1.136818,0.530182
rand010,0.5,0,1,0,adaptive_fold,16.296046764033289,0,Converged,83,0.925803,0.510381
rand010,0.5,0,1,1,adaptive_fold,16.296046764033289,0,Converged,83,0.924385,0.507704
rand010,0.5,0,1,1,adaptive_affine,16.296064264206265,0,Converged,211,1.121830,0.515683
rand010,0.5,0,1,1,mapped_fixed63,16.296046759367883,0,fixed_resolution,315,1.804418,0.515755
rand010,0.5,0,1,2,mapped_fixed63,16.296046759367883,0,fixed_resolution,315,1.802216,0.510708
rand010,0.5,0,1,2,adaptive_affine,16.296064264206265,0,Converged,211,1.114236,0.509160
rand010,0.5,0,1,2,adaptive_fold,16.296046764033289,0,Converged,83,0.937923,0.519686
rand010,0.5,1,0,0,mapped_fixed63,16.348614278412782,0,fixed_resolution,315,2.277735,0.742960
rand010,0.5,1,0,0,adaptive_affine,16.34863184145652,0,BudgetExceeded,11913,116.319088,0.748050
rand010,0.5,1,0,0,adaptive_fold,16.3486142831315,0,EventLocationLimited,219,1.940950,0.810388
rand010,0.5,1,0,1,adaptive_fold,16.3486142831315,0,EventLocationLimited,219,1.800721,0.739691
rand010,0.5,1,0,1,adaptive_affine,16.34863184145652,0,BudgetExceeded,11913,116.421339,0.756215
rand010,0.5,1,0,1,mapped_fixed63,16.348614278412782,0,fixed_resolution,315,2.413144,0.816141
rand010,0.5,1,0,2,mapped_fixed63,16.348614278412782,0,fixed_resolution,315,2.335954,0.757004
rand010,0.5,1,0,2,adaptive_affine,16.34863184145652,0,BudgetExceeded,11913,116.965294,0.734788
rand010,0.5,1,0,2,adaptive_fold,16.3486142831315,0,EventLocationLimited,219,1.935630,0.807989
rand010,0.5,1,1,0,mapped_fixed63,16.296046759367883,0,fixed_resolution,315,2.009689,0.520223
rand010,0.5,1,1,0,adaptive_affine,16.296064264206265,0,BudgetExceeded,11913,117.224856,0.522001
rand010,0.5,1,1,0,adaptive_fold,16.296046764033285,0,EventLocationLimited,219,1.655342,0.525946
rand010,0.5,1,1,1,adaptive_fold,16.296046764033285,0,EventLocationLimited,219,1.571976,0.510567
rand010,0.5,1,1,1,adaptive_affine,16.296064264206265,0,BudgetExceeded,11913,117.908936,0.511923
rand010,0.5,1,1,1,mapped_fixed63,16.296046759367883,0,fixed_resolution,315,2.070778,0.525215
rand010,0.5,1,1,2,mapped_fixed63,16.296046759367883,0,fixed_resolution,315,1.986035,0.513272
rand010,0.5,1,1,2,adaptive_affine,16.296064264206265,0,BudgetExceeded,11913,118.092759,0.515931
rand010,0.5,1,1,2,adaptive_fold,16.296046764033285,0,EventLocationLimited,219,1.645491,0.525201
rand011,0,0,0,0,mapped_fixed63,5.1054243645721158,0,fixed_resolution,252,4.221091,1.146113
rand011,0,0,0,0,adaptive_affine,5.1054263655550223,0,Converged,204,1.676591,1.117372
rand011,0,0,0,0,adaptive_fold,5.1054243645721193,0,Converged,108,1.582215,1.109527
rand011,0,0,0,1,adaptive_fold,5.1054243645721193,0,Converged,108,1.581941,1.102840
rand011,0,0,0,1,adaptive_affine,5.1054263655550223,0,Converged,204,1.680086,1.112521
rand011,0,0,0,1,mapped_fixed63,5.1054243645721158,0,fixed_resolution,252,4.203121,1.143561
rand011,0,0,0,2,mapped_fixed63,5.1054243645721158,0,fixed_resolution,252,4.181192,1.120266
rand011,0,0,0,2,adaptive_affine,5.1054263655550223,0,Converged,204,1.658440,1.108037
rand011,0,0,0,2,adaptive_fold,5.1054243645721193,0,Converged,108,1.579083,1.107995
rand011,0,0,1,0,mapped_fixed63,5.1110305958575868,0,fixed_resolution,252,3.893590,1.041485
rand011,0,0,1,0,adaptive_affine,5.1110325993234627,0,Converged,204,1.588333,1.025751
rand011,0,0,1,0,adaptive_fold,5.1110305958575832,0,Converged,108,1.609603,1.045393
rand011,0,0,1,1,adaptive_fold,5.1110305958575832,0,Converged,108,1.518643,1.044043
rand011,0,0,1,1,adaptive_affine,5.1110325993234627,0,Converged,204,1.602516,1.037931
rand011,0,0,1,1,mapped_fixed63,5.1110305958575868,0,fixed_resolution,252,3.912497,1.023860
rand011,0,0,1,2,mapped_fixed63,5.1110305958575868,0,fixed_resolution,252,3.928565,1.034454
rand011,0,0,1,2,adaptive_affine,5.1110325993234627,0,Converged,204,1.597615,1.035313
rand011,0,0,1,2,adaptive_fold,5.1110305958575832,0,Converged,108,1.493099,1.024841
rand011,0,1,0,0,mapped_fixed63,5.1054243645721158,0,fixed_resolution,252,4.286266,1.127244
rand011,0,1,0,0,adaptive_affine,5.1054263655550223,0,BudgetExceeded,9406,72.597373,1.116406
rand011,0,1,0,0,adaptive_fold,5.1054243645721193,0,EventLocationLimited,810,4.416883,1.219910
rand011,0,1,0,1,adaptive_fold,5.1054243645721193,0,EventLocationLimited,810,4.278809,1.145850
rand011,0,1,0,1,adaptive_affine,5.1054263655550223,0,BudgetExceeded,9406,73.027898,1.135343
rand011,0,1,0,1,mapped_fixed63,5.1054243645721158,0,fixed_resolution,252,4.417056,1.211949
rand011,0,1,0,2,mapped_fixed63,5.1054243645721158,0,fixed_resolution,252,4.237120,1.118630
rand011,0,1,0,2,adaptive_affine,5.1054263655550223,0,BudgetExceeded,9406,73.055055,1.103443
rand011,0,1,0,2,adaptive_fold,5.1054243645721193,0,EventLocationLimited,810,4.439894,1.213294
rand011,0,1,1,0,mapped_fixed63,5.1110305958575868,0,fixed_resolution,252,3.972260,1.046812
rand011,0,1,1,0,adaptive_affine,5.1110325993234627,0,BudgetExceeded,9406,75.328815,1.034349
rand011,0,1,1,0,adaptive_fold,5.1110305958575832,0,EventLocationLimited,810,4.284425,1.039720
rand011,0,1,1,1,adaptive_fold,5.1110305958575832,0,EventLocationLimited,810,4.140837,1.027075
rand011,0,1,1,1,adaptive_affine,5.1110325993234627,0,BudgetExceeded,9406,75.095980,1.035860
rand011,0,1,1,1,mapped_fixed63,5.1110305958575868,0,fixed_resolution,252,3.977368,1.039018
rand011,0,1,1,2,mapped_fixed63,5.1110305958575868,0,fixed_resolution,252,3.882808,1.038544
rand011,0,1,1,2,adaptive_affine,5.1110325993234627,0,BudgetExceeded,9406,74.424634,1.027146
rand011,0,1,1,2,adaptive_fold,5.1110305958575832,0,EventLocationLimited,810,4.251931,1.034448
rand011,0.5,0,0,0,mapped_fixed63,5.1047734534715312,0,fixed_resolution,252,4.328009,1.129287
rand011,0.5,0,0,0,adaptive_affine,5.1047806221374472,0,Converged,140,1.653817,1.119447
rand011,0.5,0,0,0,adaptive_fold,5.1047734534715357,0,Converged,108,1.619163,1.122425
rand011,0.5,0,0,1,adaptive_fold,5.1047734534715357,0,Converged,108,1.600499,1.112340
rand011,0.5,0,0,1,adaptive_affine,5.1047806221374472,0,Converged,140,1.637602,1.119473
rand011,0.5,0,0,1,mapped_fixed63,5.1047734534715312,0,fixed_resolution,252,4.285908,1.120817
rand011,0.5,0,0,2,mapped_fixed63,5.1047734534715312,0,fixed_resolution,252,4.297229,1.113786
rand011,0.5,0,0,2,adaptive_affine,5.1047806221374472,0,Converged,140,1.640611,1.104037
rand011,0.5,0,0,2,adaptive_fold,5.1047734534715357,0,Converged,108,1.610154,1.111849
rand011,0.5,0,1,0,mapped_fixed63,5.1103774903427102,0,fixed_resolution,252,3.986018,1.035899
rand011,0.5,0,1,0,adaptive_affine,5.1103846686917711,0,Converged,140,1.569899,1.030194
rand011,0.5,0,1,0,adaptive_fold,5.1103774903427084,0,Converged,108,1.529010,1.033278
rand011,0.5,0,1,1,adaptive_fold,5.1103774903427084,0,Converged,108,1.530524,1.038254
rand011,0.5,0,1,1,adaptive_affine,5.1103846686917711,0,Converged,140,1.570576,1.039595
rand011,0.5,0,1,1,mapped_fixed63,5.1103774903427102,0,fixed_resolution,252,3.938808,1.033608
rand011,0.5,0,1,2,mapped_fixed63,5.1103774903427102,0,fixed_resolution,252,3.991085,1.023376
rand011,0.5,0,1,2,adaptive_affine,5.1103846686917711,0,Converged,140,1.553906,1.029702
rand011,0.5,0,1,2,adaptive_fold,5.1103774903427084,0,Converged,108,1.521504,1.028383
rand011,0.5,1,0,0,mapped_fixed63,5.1047734534715312,0,fixed_resolution,252,4.488449,1.123896
rand011,0.5,1,0,0,adaptive_affine,5.1047806221374472,0,BudgetExceeded,9398,78.958968,1.109060
rand011,0.5,1,0,0,adaptive_fold,5.1047734534715357,0,EventLocationLimited,818,5.027833,1.199441
rand011,0.5,1,0,1,adaptive_fold,5.1047734534715357,0,EventLocationLimited,818,5.072028,1.148768
rand011,0.5,1,0,1,adaptive_affine,5.1047806221374472,0,BudgetExceeded,9398,78.522733,1.135500
rand011,0.5,1,0,1,mapped_fixed63,5.1047734534715312,0,fixed_resolution,252,4.608307,1.215225
rand011,0.5,1,0,2,mapped_fixed63,5.1047734534715312,0,fixed_resolution,252,4.403541,1.118723
rand011,0.5,1,0,2,adaptive_affine,5.1047806221374472,0,BudgetExceeded,9398,78.895294,1.108948
rand011,0.5,1,0,2,adaptive_fold,5.1047734534715357,0,EventLocationLimited,818,5.049606,1.201064
rand011,0.5,1,1,0,mapped_fixed63,5.1103774903427102,0,fixed_resolution,252,4.181093,1.037180
rand011,0.5,1,1,0,adaptive_affine,5.1103846686917711,0,BudgetExceeded,9398,81.193195,1.036118
rand011,0.5,1,1,0,adaptive_fold,5.1103774903427084,0,EventLocationLimited,810,4.851352,1.051422
rand011,0.5,1,1,1,adaptive_fold,5.1103774903427084,0,EventLocationLimited,810,4.778204,1.031733
rand011,0.5,1,1,1,adaptive_affine,5.1103846686917711,0,BudgetExceeded,9398,80.610291,1.035562
rand011,0.5,1,1,1,mapped_fixed63,5.1103774903427102,0,fixed_resolution,252,4.154894,1.039131
rand011,0.5,1,1,2,mapped_fixed63,5.1103774903427102,0,fixed_resolution,252,4.103473,1.032904
rand011,0.5,1,1,2,adaptive_affine,5.1103846686917711,0,BudgetExceeded,9398,80.349429,1.040117
rand011,0.5,1,1,2,adaptive_fold,5.1103774903427084,0,EventLocationLimited,810,4.810104,1.038071
rand012,0,0,0,0,mapped_fixed63,3.828567957764585,0,fixed_resolution,126,1.271785,0.751315
rand012,0,0,0,0,adaptive_affine,3.8285705990659213,0,Converged,254,1.483927,0.743786
rand012,0,0,0,0,adaptive_fold,3.8285679577646254,0,Converged,62,1.147639,0.731214
rand012,0,0,0,1,adaptive_fold,3.8285679577646254,0,Converged,62,1.131197,0.738546
rand012,0,0,0,1,adaptive_affine,3.8285705990659213,0,Converged,254,1.486565,0.744910
rand012,0,0,0,1,mapped_fixed63,3.828567957764585,0,fixed_resolution,126,1.244976,0.743355
rand012,0,0,0,2,mapped_fixed63,3.828567957764585,0,fixed_resolution,126,1.226808,0.727866
rand012,0,0,0,2,adaptive_affine,3.8285705990659213,0,Converged,254,1.445822,0.732869
rand012,0,0,0,2,adaptive_fold,3.8285679577646254,0,Converged,62,1.149583,0.735551
rand012,0,0,1,0,mapped_fixed63,3.8289528328706228,0,fixed_resolution,126,1.150482,0.606457
rand012,0,0,1,0,adaptive_affine,3.8289554744373788,0,Converged,254,1.371746,0.587463
rand012,0,0,1,0,adaptive_fold,3.8289528328706455,0,Converged,62,0.993939,0.585752
rand012,0,0,1,1,adaptive_fold,3.8289528328706455,0,Converged,62,1.059894,0.589951
rand012,0,0,1,1,adaptive_affine,3.8289554744373788,0,Converged,254,1.369364,0.584766
rand012,0,0,1,1,mapped_fixed63,3.8289528328706228,0,fixed_resolution,126,1.133182,0.587320
rand012,0,0,1,2,mapped_fixed63,3.8289528328706228,0,fixed_resolution,126,1.121392,0.578035
rand012,0,0,1,2,adaptive_affine,3.8289554744373788,0,Converged,254,1.363417,0.577288
rand012,0,0,1,2,adaptive_fold,3.8289528328706455,0,Converged,62,0.994010,0.580308
rand012,0,1,0,0,mapped_fixed63,3.828567957764585,0,fixed_resolution,126,1.245395,0.727193
rand012,0,1,0,0,adaptive_affine,3.8285705990659213,0,BudgetExceeded,12590,122.831619,0.732911
rand012,0,1,0,0,adaptive_fold,3.8285679577646254,0,EventLocationLimited,62,1.265885,0.800573
rand012,0,1,0,1,adaptive_fold,3.8285679577646254,0,EventLocationLimited,62,1.156319,0.739738
rand012,0,1,0,1,adaptive_affine,3.8285705990659213,0,BudgetExceeded,12590,122.436826,0.738219
rand012,0,1,0,1,mapped_fixed63,3.828567957764585,0,fixed_resolution,126,1.346405,0.801974
rand012,0,1,0,2,mapped_fixed63,3.828567957764585,0,fixed_resolution,126,1.241575,0.738211
rand012,0,1,0,2,adaptive_affine,3.8285705990659213,0,BudgetExceeded,12590,121.942470,0.733037
rand012,0,1,0,2,adaptive_fold,3.8285679577646254,0,EventLocationLimited,62,1.270860,0.796946
rand012,0,1,1,0,mapped_fixed63,3.8289528328706228,0,fixed_resolution,126,1.161296,0.596173
rand012,0,1,1,0,adaptive_affine,3.8289554744373788,0,BudgetExceeded,12590,129.034125,0.586556
rand012,0,1,1,0,adaptive_fold,3.8289528328706455,0,EventLocationLimited,62,1.104274,0.602034
rand012,0,1,1,1,adaptive_fold,3.8289528328706455,0,EventLocationLimited,62,1.032741,0.592423
rand012,0,1,1,1,adaptive_affine,3.8289554744373788,0,BudgetExceeded,12590,128.189876,0.577300
rand012,0,1,1,1,mapped_fixed63,3.8289528328706228,0,fixed_resolution,126,1.188787,0.585148
rand012,0,1,1,2,mapped_fixed63,3.8289528328706228,0,fixed_resolution,126,1.137800,0.578332
rand012,0,1,1,2,adaptive_affine,3.8289554744373788,0,BudgetExceeded,12590,128.346786,0.582108
rand012,0,1,1,2,adaptive_fold,3.8289528328706455,0,EventLocationLimited,62,1.079588,0.587445
rand012,0.5,0,0,0,mapped_fixed63,3.8285636470169542,0,fixed_resolution,126,1.286257,0.743014
rand012,0.5,0,0,0,adaptive_affine,3.8285693304844655,0,Converged,190,1.470302,0.737121
rand012,0.5,0,0,0,adaptive_fold,3.8285636470169924,0,Converged,62,1.166291,0.730845
rand012,0.5,0,0,1,adaptive_fold,3.8285636470169924,0,Converged,62,1.155851,0.730689
rand012,0.5,0,0,1,adaptive_affine,3.8285693304844655,0,Converged,190,1.431002,0.731188
rand012,0.5,0,0,1,mapped_fixed63,3.8285636470169542,0,fixed_resolution,126,1.255273,0.734013
rand012,0.5,0,0,2,mapped_fixed63,3.8285636470169542,0,fixed_resolution,126,1.239301,0.725248
rand012,0.5,0,0,2,adaptive_affine,3.8285693304844655,0,Converged,190,1.597256,0.736909
rand012,0.5,0,0,2,adaptive_fold,3.8285636470169924,0,Converged,62,1.154809,0.737850
rand012,0.5,0,1,0,mapped_fixed63,3.8289485207720069,0,fixed_resolution,126,1.155036,0.588020
rand012,0.5,0,1,0,adaptive_affine,3.828954204956414,0,Converged,190,1.328677,0.587864
rand012,0.5,0,1,0,adaptive_fold,3.8289485207720464,0,Converged,62,1.011602,0.585619
rand012,0.5,0,1,1,adaptive_fold,3.8289485207720464,0,Converged,62,1.004183,0.584178
rand012,0.5,0,1,1,adaptive_affine,3.828954204956414,0,Converged,190,1.307495,0.579713
rand012,0.5,0,1,1,mapped_fixed63,3.8289485207720069,0,fixed_resolution,126,1.193467,0.587683
rand012,0.5,0,1,2,mapped_fixed63,3.8289485207720069,0,fixed_resolution,126,1.142294,0.576127
rand012,0.5,0,1,2,adaptive_affine,3.828954204956414,0,Converged,190,1.310848,0.575204
rand012,0.5,0,1,2,adaptive_fold,3.8289485207720464,0,Converged,62,1.015445,0.581281
rand012,0.5,1,0,0,mapped_fixed63,3.8285636470169542,0,fixed_resolution,126,1.319893,0.726945
rand012,0.5,1,0,0,adaptive_affine,3.8285693304844655,0,BudgetExceeded,12574,151.568556,0.734711
rand012,0.5,1,0,0,adaptive_fold,3.8285636470169919,0,EventLocationLimited,62,1.904240,1.152951
rand012,0.5,1,0,1,adaptive_fold,3.8285636470169919,0,EventLocationLimited,62,1.786687,1.093651
rand012,0.5,1,0,1,adaptive_affine,3.8285693304844655,0,BudgetExceeded,12574,134.989482,1.081063
rand012,0.5,1,0,1,mapped_fixed63,3.8285636470169542,0,fixed_resolution,126,1.430292,0.795699
rand012,0.5,1,0,2,mapped_fixed63,3.8285636470169542,0,fixed_resolution,126,1.330620,0.737214
rand012,0.5,1,0,2,adaptive_affine,3.8285693304844655,0,BudgetExceeded,12574,151.813511,0.733817
rand012,0.5,1,0,2,adaptive_fold,3.8285636470169919,0,EventLocationLimited,62,1.304788,0.795103
rand012,0.5,1,1,0,mapped_fixed63,3.8289485207720069,0,fixed_resolution,126,1.249044,0.592525
rand012,0.5,1,1,0,adaptive_affine,3.828954204956414,0,BudgetExceeded,12574,137.303560,0.589140
rand012,0.5,1,1,0,adaptive_fold,3.8289485207720464,0,EventLocationLimited,62,1.140025,0.603137
rand012,0.5,1,1,1,adaptive_fold,3.8289485207720464,0,EventLocationLimited,62,1.066697,0.586382
rand012,0.5,1,1,1,adaptive_affine,3.828954204956414,0,BudgetExceeded,12574,137.530706,0.579911
rand012,0.5,1,1,1,mapped_fixed63,3.8289485207720069,0,fixed_resolution,126,1.290344,0.600981
rand012,0.5,1,1,2,mapped_fixed63,3.8289485207720069,0,fixed_resolution,126,1.227576,0.585528
rand012,0.5,1,1,2,adaptive_affine,3.828954204956414,0,BudgetExceeded,12574,137.780231,0.583279
rand012,0.5,1,1,2,adaptive_fold,3.8289485207720464,0,EventLocationLimited,62,1.127377,0.588742
rand013,0,0,0,0,mapped_fixed63,4.395375097493452,0,fixed_resolution,126,0.981597,0.634979
rand013,0,0,0,0,adaptive_affine,4.395378198537621,0,Converged,254,1.098859,0.620347
rand013,0,0,0,0,adaptive_fold,4.3953750974934529,0,Converged,62,0.925415,0.625434
rand013,0,0,0,1,adaptive_fold,4.3953750974934529,0,Converged,62,0.913785,0.623855
rand013,0,0,0,1,adaptive_affine,4.395378198537621,0,Converged,254,1.090563,0.622870
rand013,0,0,0,1,mapped_fixed63,4.395375097493452,0,fixed_resolution,126,0.957186,0.629810
rand013,0,0,0,2,mapped_fixed63,4.395375097493452,0,fixed_resolution,126,0.939149,0.614695
rand013,0,0,0,2,adaptive_affine,4.395378198537621,0,Converged,254,1.063479,0.613868
rand013,0,0,0,2,adaptive_fold,4.3953750974934529,0,Converged,62,0.908749,0.620176
rand013,0,0,1,0,mapped_fixed63,4.4031972667975232,0,fixed_resolution,126,0.938572,0.539157
rand013,0,0,1,0,adaptive_affine,4.4032003736336822,0,Converged,254,1.002146,0.536996
rand013,0,0,1,0,adaptive_fold,4.4031972667975232,0,Converged,62,0.832313,0.529609
rand013,0,0,1,1,adaptive_fold,4.4031972667975232,0,Converged,62,0.825098,0.533565
rand013,0,0,1,1,adaptive_affine,4.4032003736336822,0,Converged,254,1.004552,0.526828
rand013,0,0,1,1,mapped_fixed63,4.4031972667975232,0,fixed_resolution,126,0.944136,0.541450
rand013,0,0,1,2,mapped_fixed63,4.4031972667975232,0,fixed_resolution,126,0.922649,0.525378
rand013,0,0,1,2,adaptive_affine,4.4032003736336822,0,Converged,254,0.991458,0.531141
rand013,0,0,1,2,adaptive_fold,4.4031972667975232,0,Converged,62,0.832088,0.531472
rand013,0,1,0,0,mapped_fixed63,4.395375097493452,0,fixed_resolution,126,0.957092,0.616555
rand013,0,1,0,0,adaptive_affine,4.395378198537621,0,BudgetExceeded,12328,108.621655,0.617638
rand013,0,1,0,0,adaptive_fold,4.3953750974934529,0,EventLocationLimited,3009,13.238427,0.688245
rand013,0,1,0,1,adaptive_fold,4.3953750974934529,0,EventLocationLimited,3009,13.251040,0.677533
rand013,0,1,0,1,adaptive_affine,4.395378198537621,0,BudgetExceeded,12328,108.584524,0.682766
rand013,0,1,0,1,mapped_fixed63,4.395375097493452,0,fixed_resolution,126,1.075872,0.688287
rand013,0,1,0,2,mapped_fixed63,4.395375097493452,0,fixed_resolution,126,0.970330,0.624704
rand013,0,1,0,2,adaptive_affine,4.395378198537621,0,BudgetExceeded,12328,109.829679,0.618655
rand013,0,1,0,2,adaptive_fold,4.3953750974934529,0,EventLocationLimited,3009,13.135421,0.687967
rand013,0,1,1,0,mapped_fixed63,4.4031972667975232,0,fixed_resolution,126,0.991281,0.543539
rand013,0,1,1,0,adaptive_affine,4.4032003736336822,0,BudgetExceeded,12328,108.295844,0.530929
rand013,0,1,1,0,adaptive_fold,4.4031972667975232,0,EventLocationLimited,3009,15.522237,0.536738
rand013,0,1,1,1,adaptive_fold,4.4031972667975232,0,EventLocationLimited,3009,15.547468,0.546785
rand013,0,1,1,1,adaptive_affine,4.4032003736336822,0,BudgetExceeded,12328,109.504297,0.545146
rand013,0,1,1,1,mapped_fixed63,4.4031972667975232,0,fixed_resolution,126,0.997709,0.546207
rand013,0,1,1,2,mapped_fixed63,4.4031972667975232,0,fixed_resolution,126,0.950093,0.540712
rand013,0,1,1,2,adaptive_affine,4.4032003736336822,0,BudgetExceeded,12328,110.406263,0.528941
rand013,0,1,1,2,adaptive_fold,4.4031972667975232,0,EventLocationLimited,3009,15.591689,0.535908
rand013,0.5,0,0,0,mapped_fixed63,4.3914301288671238,0,fixed_resolution,126,1.088743,0.681888
rand013,0.5,0,0,0,adaptive_affine,4.3914370216699341,0,Converged,190,1.092284,0.628902
rand013,0.5,0,0,0,adaptive_fold,4.3914301288671265,0,Converged,62,0.937998,0.619155
rand013,0.5,0,0,1,adaptive_fold,4.3914301288671265,0,Converged,62,0.917158,0.618153
rand013,0.5,0,0,1,adaptive_affine,4.3914370216699341,0,Converged,190,1.063851,0.625375
rand013,0.5,0,0,1,mapped_fixed63,4.3914301288671238,0,fixed_resolution,126,0.975236,0.618676
rand013,0.5,0,0,2,mapped_fixed63,4.3914301288671238,0,fixed_resolution,126,0.959119,0.616675
rand013,0.5,0,0,2,adaptive_affine,4.3914370216699341,0,Converged,190,1.045591,0.614119
rand013,0.5,0,0,2,adaptive_fold,4.3914301288671265,0,Converged,62,0.910455,0.614048
rand013,0.5,0,1,0,mapped_fixed63,4.3992303142498939,0,fixed_resolution,126,0.962166,0.541779
rand013,0.5,0,1,0,adaptive_affine,4.3992372225655103,0,Converged,190,0.973999,0.528390
rand013,0.5,0,1,0,adaptive_fold,4.3992303142498947,0,Converged,62,0.878385,0.542928
rand013,0.5,0,1,1,adaptive_fold,4.3992303142498947,0,Converged,62,0.852256,0.532077
rand013,0.5,0,1,1,adaptive_affine,4.3992372225655103,0,Converged,190,0.966749,0.536837
rand013,0.5,0,1,1,mapped_fixed63,4.3992303142498939,0,fixed_resolution,126,0.956292,0.529010
rand013,0.5,0,1,2,mapped_fixed63,4.3992303142498939,0,fixed_resolution,126,0.946737,0.533239
rand013,0.5,0,1,2,adaptive_affine,4.3992372225655103,0,Converged,190,0.958540,0.532944
rand013,0.5,0,1,2,adaptive_fold,4.3992303142498947,0,Converged,62,0.838355,0.527121
rand013,0.5,1,0,0,mapped_fixed63,4.3914301288671238,0,fixed_resolution,126,1.037393,0.618990
rand013,0.5,1,0,0,adaptive_affine,4.3914370216699341,0,BudgetExceeded,12304,117.231522,0.620368
rand013,0.5,1,0,0,adaptive_fold,4.3914301288671256,8,TopologyUnresolved,2232,10.183774,0.681180
rand013,0.5,1,0,1,adaptive_fold,4.3914301288671256,8,TopologyUnresolved,2232,10.177338,0.688796
rand013,0.5,1,0,1,adaptive_affine,4.3914370216699341,0,BudgetExceeded,12304,116.993509,0.682228
rand013,0.5,1,0,1,mapped_fixed63,4.3914301288671238,0,fixed_resolution,126,1.146286,0.684674
rand013,0.5,1,0,2,mapped_fixed63,4.3914301288671238,0,fixed_resolution,126,1.048135,0.628588
rand013,0.5,1,0,2,adaptive_affine,4.3914370216699341,0,BudgetExceeded,12304,118.754166,0.624744
rand013,0.5,1,0,2,adaptive_fold,4.3914301288671256,8,TopologyUnresolved,2232,10.124400,0.693602
rand013,0.5,1,1,0,mapped_fixed63,4.3992303142498939,0,fixed_resolution,126,1.073275,0.535873
rand013,0.5,1,1,0,adaptive_affine,4.3992372225655103,0,BudgetExceeded,12304,115.906616,0.529641
rand013,0.5,1,1,0,adaptive_fold,4.3992303142498947,8,TopologyUnresolved,1970,9.032289,0.551125
rand013,0.5,1,1,1,adaptive_fold,4.3992303142498947,8,TopologyUnresolved,1970,8.960572,0.549862
rand013,0.5,1,1,1,adaptive_affine,4.3992372225655103,0,BudgetExceeded,12304,115.805730,0.541143
rand013,0.5,1,1,1,mapped_fixed63,4.3992303142498939,0,fixed_resolution,126,1.101972,0.552566
rand013,0.5,1,1,2,mapped_fixed63,4.3992303142498939,0,fixed_resolution,126,1.030768,0.530220
rand013,0.5,1,1,2,adaptive_affine,4.3992372225655103,0,BudgetExceeded,12304,134.020424,0.528967
rand013,0.5,1,1,2,adaptive_fold,4.3992303142498947,8,TopologyUnresolved,1970,10.176289,0.598326
rand014,0,0,0,0,mapped_fixed63,1.4873865073291759,0,fixed_resolution,189,1.951966,0.772437
rand014,0,0,0,0,adaptive_affine,1.4873887069292118,0,Converged,197,1.422607,0.653824
rand014,0,0,0,0,adaptive_fold,1.4873865069363803,0,Converged,69,1.191891,0.667781
rand014,0,0,0,1,adaptive_fold,1.4873865069363803,0,Converged,69,1.117634,0.663031
rand014,0,0,0,1,adaptive_affine,1.4873887069292118,0,Converged,197,1.377385,0.650368
rand014,0,0,0,1,mapped_fixed63,1.4873865073291759,0,fixed_resolution,189,1.721052,0.642817
rand014,0,0,0,2,mapped_fixed63,1.4873865073291759,0,fixed_resolution,189,1.720164,0.648124
rand014,0,0,0,2,adaptive_affine,1.4873887069292118,0,Converged,197,1.373519,0.652166
rand014,0,0,0,2,adaptive_fold,1.4873865069363803,0,Converged,69,1.119584,0.652944
rand014,0,0,1,0,mapped_fixed63,1.487434698891499,0,fixed_resolution,189,1.452596,0.344605
rand014,0,0,1,0,adaptive_affine,1.4874368986401065,0,Converged,197,1.208091,0.339319
rand014,0,0,1,0,adaptive_fold,1.4874346984987161,0,Converged,69,0.870213,0.351772
rand014,0,0,1,1,adaptive_fold,1.4874346984987161,0,Converged,69,0.837959,0.333610
rand014,0,0,1,1,adaptive_affine,1.4874368986401065,0,Converged,197,1.135910,0.340747
rand014,0,0,1,1,mapped_fixed63,1.487434698891499,0,fixed_resolution,189,1.440893,0.335851
rand014,0,0,1,2,mapped_fixed63,1.487434698891499,0,fixed_resolution,189,1.443946,0.333505
rand014,0,0,1,2,adaptive_affine,1.4874368986401065,0,Converged,197,1.130226,0.340111
rand014,0,0,1,2,adaptive_fold,1.4874346984987161,0,Converged,69,0.842662,0.332369
rand014,0,1,0,0,mapped_fixed63,1.4873865073291759,0,fixed_resolution,189,1.776594,0.648641
rand014,0,1,0,0,adaptive_affine,1.4873887069292118,0,BudgetExceeded,11017,96.996929,0.644689
rand014,0,1,0,0,adaptive_fold,1.4873865069363803,0,EventLocationLimited,77,1.261931,0.710874
rand014,0,1,0,1,adaptive_fold,1.4873865069363803,0,EventLocationLimited,77,1.155122,0.655024
rand014,0,1,0,1,adaptive_affine,1.4873887069292118,0,BudgetExceeded,11017,97.264346,0.656964
rand014,0,1,0,1,mapped_fixed63,1.4873865073291759,0,fixed_resolution,189,1.842646,0.709866
rand014,0,1,0,2,mapped_fixed63,1.4873865073291759,0,fixed_resolution,189,1.748030,0.655062
rand014,0,1,0,2,adaptive_affine,1.4873887069292118,0,BudgetExceeded,11017,105.138699,0.651467
rand014,0,1,0,2,adaptive_fold,1.4873865069363803,0,EventLocationLimited,77,1.624923,0.867102
rand014,0,1,1,0,mapped_fixed63,1.487434698891499,0,fixed_resolution,189,1.635386,0.394603
rand014,0,1,1,0,adaptive_affine,1.4874368986401065,0,BudgetExceeded,11017,120.256300,0.374131
rand014,0,1,1,0,adaptive_fold,1.4874346984987161,0,EventLocationLimited,77,0.942402,0.342365
rand014,0,1,1,1,adaptive_fold,1.4874346984987161,0,EventLocationLimited,77,0.889209,0.344536
rand014,0,1,1,1,adaptive_affine,1.4874368986401065,0,BudgetExceeded,11017,112.460820,0.334670
rand014,0,1,1,1,mapped_fixed63,1.487434698891499,0,fixed_resolution,189,1.511949,0.351211
rand014,0,1,1,2,mapped_fixed63,1.487434698891499,0,fixed_resolution,189,1.467680,0.343739
rand014,0,1,1,2,adaptive_affine,1.4874368986401065,0,BudgetExceeded,11017,103.460979,0.340898
rand014,0,1,1,2,adaptive_fold,1.4874346984987161,0,EventLocationLimited,77,0.944815,0.342425
rand014,0.5,0,0,0,mapped_fixed63,1.4873861409584992,0,fixed_resolution,189,1.839639,0.648712
rand014,0.5,0,0,0,adaptive_affine,1.4873874607185282,0,Converged,197,1.477324,0.657922
rand014,0.5,0,0,0,adaptive_fold,1.4873861390739149,0,Converged,69,1.129790,0.651992
rand014,0.5,0,0,1,adaptive_fold,1.4873861390739149,0,Converged,69,1.140838,0.658296
rand014,0.5,0,0,1,adaptive_affine,1.4873874607185282,0,Converged,197,1.410557,0.648165
rand014,0.5,0,0,1,mapped_fixed63,1.4873861409584992,0,fixed_resolution,189,1.826592,0.644279
rand014,0.5,0,0,2,mapped_fixed63,1.4873861409584992,0,fixed_resolution,189,1.816065,0.647106
rand014,0.5,0,0,2,adaptive_affine,1.4873874607185282,0,Converged,197,1.446611,0.659074
rand014,0.5,0,0,2,adaptive_fold,1.4873861390739149,0,Converged,69,1.135533,0.645031
rand014,0.5,0,1,0,mapped_fixed63,1.4874343324658381,0,fixed_resolution,189,1.551584,0.337122
rand014,0.5,0,1,0,adaptive_affine,1.4874356523150112,0,Converged,197,1.195069,0.335998
rand014,0.5,0,1,0,adaptive_fold,1.4874343305813162,0,Converged,69,0.874728,0.334904
rand014,0.5,0,1,1,adaptive_fold,1.4874343305813162,0,Converged,69,0.863322,0.334437
rand014,0.5,0,1,1,adaptive_affine,1.4874356523150112,0,Converged,197,1.171189,0.331653
rand014,0.5,0,1,1,mapped_fixed63,1.4874343324658381,0,fixed_resolution,189,1.581263,0.339188
rand014,0.5,0,1,2,mapped_fixed63,1.4874343324658381,0,fixed_resolution,189,1.539827,0.334279
rand014,0.5,0,1,2,adaptive_affine,1.4874356523150112,0,Converged,197,1.181198,0.335603
rand014,0.5,0,1,2,adaptive_fold,1.4874343305813162,0,Converged,69,0.867725,0.333451
rand014,0.5,1,0,0,mapped_fixed63,1.4873861409584992,0,fixed_resolution,189,1.936500,0.637455
rand014,0.5,1,0,0,adaptive_affine,1.4873874607185282,0,BudgetExceeded,11001,105.713694,0.658738
rand014,0.5,1,0,0,adaptive_fold,1.4873861390739149,0,EventLocationLimited,93,1.390649,0.707650
rand014,0.5,1,0,1,adaptive_fold,1.4873861390739149,0,EventLocationLimited,93,1.274121,0.647527
rand014,0.5,1,0,1,adaptive_affine,1.4873874607185282,0,BudgetExceeded,11001,102.726721,0.653682
rand014,0.5,1,0,1,mapped_fixed63,1.4873861409584992,0,fixed_resolution,189,2.035092,0.702161
rand014,0.5,1,0,2,mapped_fixed63,1.4873861409584992,0,fixed_resolution,189,1.972863,0.655215
rand014,0.5,1,0,2,adaptive_affine,1.4873874607185282,0,BudgetExceeded,11001,103.147330,0.644223
rand014,0.5,1,0,2,adaptive_fold,1.4873861390739149,0,EventLocationLimited,93,1.388291,0.711688
rand014,0.5,1,1,0,mapped_fixed63,1.4874343324658381,0,fixed_resolution,189,1.676323,0.340567
rand014,0.5,1,1,0,adaptive_affine,1.4874356523150112,0,BudgetExceeded,11001,107.642505,0.350674
rand014,0.5,1,1,0,adaptive_fold,1.4874343305813162,0,EventLocationLimited,93,1.079020,0.342839
rand014,0.5,1,1,1,adaptive_fold,1.4874343305813162,0,EventLocationLimited,93,1.020556,0.343632
rand014,0.5,1,1,1,adaptive_affine,1.4874356523150112,0,BudgetExceeded,11001,108.182269,0.337689
rand014,0.5,1,1,1,mapped_fixed63,1.4874343324658381,0,fixed_resolution,189,1.708501,0.341533
rand014,0.5,1,1,2,mapped_fixed63,1.4874343324658381,0,fixed_resolution,189,1.698078,0.351411
rand014,0.5,1,1,2,adaptive_affine,1.4874356523150112,0,BudgetExceeded,11001,107.462670,0.335136
rand014,0.5,1,1,2,adaptive_fold,1.4874343305813162,0,EventLocationLimited,93,1.062381,0.341466
rand015,0,0,0,0,mapped_fixed63,2.1025684734872612,0,fixed_resolution,126,1.024770,0.641624
rand015,0,0,0,0,adaptive_affine,2.1025725885946147,0,Converged,190,1.075399,0.634567
rand015,0,0,0,0,adaptive_fold,2.1025684734872563,0,Converged,62,0.985251,0.632079
rand015,0,0,0,1,adaptive_fold,2.1025684734872563,0,Converged,62,0.989045,0.640409
rand015,0,0,0,1,adaptive_affine,2.1025725885946147,0,Converged,190,1.075398,0.638664
rand015,0,0,0,1,mapped_fixed63,2.1025684734872612,0,fixed_resolution,126,0.994436,0.630529
rand015,0,0,0,2,mapped_fixed63,2.1025684734872612,0,fixed_resolution,126,0.983495,0.627917
rand015,0,0,0,2,adaptive_affine,2.1025725885946147,0,Converged,190,1.050408,0.628361
rand015,0,0,0,2,adaptive_fold,2.1025684734872563,0,Converged,62,0.974261,0.631063
rand015,0,0,1,0,mapped_fixed63,2.1020062070196319,0,fixed_resolution,126,1.036152,0.516831
rand015,0,0,1,0,adaptive_affine,2.1020103203792093,0,Converged,190,0.985393,0.520166
rand015,0,0,1,0,adaptive_fold,2.1020062070196364,0,Converged,62,0.879832,0.516990
rand015,0,0,1,1,adaptive_fold,2.1020062070196364,0,Converged,62,0.869708,0.515625
rand015,0,0,1,1,adaptive_affine,2.1020103203792093,0,Converged,190,1.001283,0.526423
rand015,0,0,1,1,mapped_fixed63,2.1020062070196319,0,fixed_resolution,126,1.023172,0.512585
rand015,0,0,1,2,mapped_fixed63,2.1020062070196319,0,fixed_resolution,126,1.018161,0.517454
rand015,0,0,1,2,adaptive_affine,2.1020103203792093,0,Converged,190,0.976863,0.514127
rand015,0,0,1,2,adaptive_fold,2.1020062070196364,0,Converged,62,0.876104,0.512658
rand015,0,1,0,0,mapped_fixed63,2.1025684734872612,0,fixed_resolution,126,1.004112,0.631854
rand015,0,1,0,0,adaptive_affine,2.1025725885946147,0,BudgetExceeded,11796,94.637253,0.631454
rand015,0,1,0,0,adaptive_fold,2.1025684734872563,0,EventLocationLimited,62,1.098082,0.688132
rand015,0,1,0,1,adaptive_fold,2.1025684734872563,0,EventLocationLimited,62,0.999756,0.637338
rand015,0,1,0,1,adaptive_affine,2.1025725885946147,0,BudgetExceeded,11796,94.457204,0.631571
rand015,0,1,0,1,mapped_fixed63,2.1025684734872612,0,fixed_resolution,126,1.079749,0.669496
rand015,0,1,0,2,mapped_fixed63,2.1025684734872612,0,fixed_resolution,126,1.010182,0.628782
rand015,0,1,0,2,adaptive_affine,2.1025725885946147,0,BudgetExceeded,11796,94.297164,0.622827
rand015,0,1,0,2,adaptive_fold,2.1025684734872563,0,EventLocationLimited,62,1.061436,0.668662
rand015,0,1,1,0,mapped_fixed63,2.1020062070196319,0,fixed_resolution,126,1.055736,0.518768
rand015,0,1,1,0,adaptive_affine,2.1020103203792093,0,BudgetExceeded,11796,105.785611,0.521573
rand015,0,1,1,0,adaptive_fold,2.1020062070196364,0,EventLocationLimited,62,0.951211,0.522314
rand015,0,1,1,1,adaptive_fold,2.1020062070196364,0,EventLocationLimited,62,0.902016,0.519587
rand015,0,1,1,1,adaptive_affine,2.1020103203792093,0,BudgetExceeded,11796,105.179684,0.521173
rand015,0,1,1,1,mapped_fixed63,2.1020062070196319,0,fixed_resolution,126,1.071423,0.520607
rand015,0,1,1,2,mapped_fixed63,2.1020062070196319,0,fixed_resolution,126,1.047618,0.514147
rand015,0,1,1,2,adaptive_affine,2.1020103203792093,0,BudgetExceeded,11796,105.129824,0.525434
rand015,0,1,1,2,adaptive_fold,2.1020062070196364,0,EventLocationLimited,62,0.939854,0.527909
rand015,0.5,0,0,0,mapped_fixed63,2.1025314677020082,0,fixed_resolution,126,1.035623,0.635544
rand015,0.5,0,0,0,adaptive_affine,2.1025339367664166,0,Converged,190,1.100055,0.632077
rand015,0.5,0,0,0,adaptive_fold,2.1025314677020024,0,Converged,62,1.001155,0.637179
rand015,0.5,0,0,1,adaptive_fold,2.1025314677020024,0,Converged,62,0.991533,0.639010
rand015,0.5,0,0,1,adaptive_affine,2.1025339367664166,0,Converged,190,1.089380,0.632745
rand015,0.5,0,0,1,mapped_fixed63,2.1025314677020082,0,fixed_resolution,126,1.016729,0.629153
rand015,0.5,0,0,2,mapped_fixed63,2.1025314677020082,0,fixed_resolution,126,1.008278,0.629286
rand015,0.5,0,0,2,adaptive_affine,2.1025339367664166,0,Converged,190,1.086340,0.626804
rand015,0.5,0,0,2,adaptive_fold,2.1025314677020024,0,Converged,62,0.983057,0.629176
rand015,0.5,0,1,0,mapped_fixed63,2.1019692359748383,0,fixed_resolution,126,1.059741,0.523200
rand015,0.5,0,1,0,adaptive_affine,2.1019717039905865,0,Converged,190,1.018194,0.514761
rand015,0.5,0,1,0,adaptive_fold,2.1019692359748432,0,Converged,62,0.894058,0.522861
rand015,0.5,0,1,1,adaptive_fold,2.1019692359748432,0,Converged,62,0.903269,0.516673
rand015,0.5,0,1,1,adaptive_affine,2.1019717039905865,0,Converged,190,1.016643,0.526736
rand015,0.5,0,1,1,mapped_fixed63,2.1019692359748383,0,fixed_resolution,126,1.057970,0.519048
rand015,0.5,0,1,2,mapped_fixed63,2.1019692359748383,0,fixed_resolution,126,1.049572,0.512707
rand015,0.5,0,1,2,adaptive_affine,2.1019717039905865,0,Converged,190,1.019556,0.520010
rand015,0.5,0,1,2,adaptive_fold,2.1019692359748432,0,Converged,62,0.890473,0.525952
rand015,0.5,1,0,0,mapped_fixed63,2.1025314677020082,0,fixed_resolution,126,1.084946,0.628174
rand015,0.5,1,0,0,adaptive_affine,2.1025339367664166,0,BudgetExceeded,11780,101.750990,0.631952
rand015,0.5,1,0,0,adaptive_fold,2.1025314677020024,0,EventLocationLimited,62,1.110401,0.671379
rand015,0.5,1,0,1,adaptive_fold,2.1025314677020024,0,EventLocationLimited,62,1.040561,0.636754
rand015,0.5,1,0,1,adaptive_affine,2.1025339367664166,0,BudgetExceeded,11780,104.122030,0.634439
rand015,0.5,1,0,1,mapped_fixed63,2.1025314677020082,0,fixed_resolution,126,1.189340,0.694536
rand015,0.5,1,0,2,mapped_fixed63,2.1025314677020082,0,fixed_resolution,126,1.093821,0.634918
rand015,0.5,1,0,2,adaptive_affine,2.1025339367664166,0,BudgetExceeded,11780,102.905416,0.634594
rand015,0.5,1,0,2,adaptive_fold,2.1025314677020024,0,EventLocationLimited,62,1.136534,0.688305
rand015,0.5,1,1,0,mapped_fixed63,2.1019692359748379,0,fixed_resolution,126,1.136800,0.524050
rand015,0.5,1,1,0,adaptive_affine,2.1019717039905865,0,BudgetExceeded,11780,115.210350,0.514229
rand015,0.5,1,1,0,adaptive_fold,2.1019692359748432,0,EventLocationLimited,62,0.993888,0.523791
rand015,0.5,1,1,1,adaptive_fold,2.1019692359748432,0,EventLocationLimited,62,0.952798,0.517884
rand015,0.5,1,1,1,adaptive_affine,2.1019717039905865,0,BudgetExceeded,11780,114.583521,0.521408
rand015,0.5,1,1,1,mapped_fixed63,2.1019692359748379,0,fixed_resolution,126,1.172863,0.528470
rand015,0.5,1,1,2,mapped_fixed63,2.1019692359748379,0,fixed_resolution,126,1.122359,0.517063
rand015,0.5,1,1,2,adaptive_affine,2.1019717039905865,0,BudgetExceeded,11780,114.785857,0.513800
rand015,0.5,1,1,2,adaptive_fold,2.1019692359748432,0,EventLocationLimited,62,1.011409,0.528584
rand016,0,0,0,0,mapped_fixed63,1.6351962989602429,0,fixed_resolution,252,1.681529,0.845514
rand016,0,0,0,0,adaptive_affine,1.6351999733665838,0,Converged,204,1.424917,0.840557
rand016,0,0,0,0,adaptive_fold,1.6351962989602453,0,Converged,108,1.334532,0.832869
rand016,0,0,0,1,adaptive_fold,1.6351962989602453,0,Converged,108,1.337645,0.837627
rand016,0,0,0,1,adaptive_affine,1.6351999733665838,0,Converged,204,1.413872,0.845448
rand016,0,0,0,1,mapped_fixed63,1.6351962989602429,0,fixed_resolution,252,1.640378,0.828734
rand016,0,0,0,2,mapped_fixed63,1.6351962989602429,0,fixed_resolution,252,1.640062,0.830252
rand016,0,0,0,2,adaptive_affine,1.6351999733665838,0,Converged,204,1.390389,0.827454
rand016,0,0,0,2,adaptive_fold,1.6351962989602453,0,Converged,108,1.330600,0.832841
rand016,0,0,1,0,mapped_fixed63,1.6356268802333003,0,fixed_resolution,252,1.500011,0.681406
rand016,0,0,1,0,adaptive_affine,1.6356305553539823,0,Converged,204,1.270818,0.674522
rand016,0,0,1,0,adaptive_fold,1.6356268802333016,0,Converged,108,1.197498,0.684309
rand016,0,0,1,1,adaptive_fold,1.6356268802333016,0,Converged,108,1.171252,0.674382
rand016,0,0,1,1,adaptive_affine,1.6356305553539823,0,Converged,204,1.259754,0.679675
rand016,0,0,1,1,mapped_fixed63,1.6356268802333003,0,fixed_resolution,252,1.501752,0.676831
rand016,0,0,1,2,mapped_fixed63,1.6356268802333003,0,fixed_resolution,252,1.508237,0.675975
rand016,0,0,1,2,adaptive_affine,1.6356305553539823,0,Converged,204,1.258843,0.670634
rand016,0,0,1,2,adaptive_fold,1.6356268802333016,0,Converged,108,1.183589,0.682149
rand016,0,1,0,0,mapped_fixed63,1.6351962989602429,0,fixed_resolution,252,1.656636,0.828911
rand016,0,1,0,0,adaptive_affine,1.6351999733665838,0,BudgetExceeded,12406,116.798069,0.830145
rand016,0,1,0,0,adaptive_fold,1.6351962989602453,0,EventLocationLimited,316,2.253161,0.872680
rand016,0,1,0,1,adaptive_fold,1.6351962989602453,0,EventLocationLimited,316,2.158943,0.843398
rand016,0,1,0,1,adaptive_affine,1.6351999733665838,0,BudgetExceeded,12406,113.789464,0.840183
rand016,0,1,0,1,mapped_fixed63,1.6351962989602429,0,fixed_resolution,252,1.782147,0.899612
rand016,0,1,0,2,mapped_fixed63,1.6351962989602429,0,fixed_resolution,252,1.662828,0.832959
rand016,0,1,0,2,adaptive_affine,1.6351999733665838,0,BudgetExceeded,12406,114.460687,0.831998
rand016,0,1,0,2,adaptive_fold,1.6351962989602453,0,EventLocationLimited,316,2.304539,0.910282
rand016,0,1,1,0,mapped_fixed63,1.6356268802333003,0,fixed_resolution,252,1.546700,0.683196
rand016,0,1,1,0,adaptive_affine,1.6356305553539823,0,BudgetExceeded,12406,122.234634,0.678100
rand016,0,1,1,0,adaptive_fold,1.6356268802333016,0,EventLocationLimited,316,2.083727,0.688193
rand016,0,1,1,1,adaptive_fold,1.6356268802333016,0,EventLocationLimited,316,2.003619,0.680888
rand016,0,1,1,1,adaptive_affine,1.6356305553539823,0,BudgetExceeded,12406,118.829277,0.683075
rand016,0,1,1,1,mapped_fixed63,1.6356268802333003,0,fixed_resolution,252,1.570436,0.687024
rand016,0,1,1,2,mapped_fixed63,1.6356268802333003,0,fixed_resolution,252,1.540934,0.678200
rand016,0,1,1,2,adaptive_affine,1.6356305553539823,0,BudgetExceeded,12406,119.527729,0.677753
rand016,0,1,1,2,adaptive_fold,1.6356268802333016,0,EventLocationLimited,316,2.089160,0.687017
rand016,0.5,0,0,0,mapped_fixed63,1.6351744279066018,0,fixed_resolution,252,1.739389,0.837103
rand016,0.5,0,0,0,adaptive_affine,1.6351775532973809,0,Converged,140,1.414463,0.843458
rand016,0.5,0,0,0,adaptive_fold,1.6351744279066029,0,Converged,108,1.357163,0.833050
rand016,0.5,0,0,1,adaptive_fold,1.6351744279066029,0,Converged,108,1.340672,0.830261
rand016,0.5,0,0,1,adaptive_affine,1.6351775532973809,0,Converged,140,1.373025,0.830866
rand016,0.5,0,0,1,mapped_fixed63,1.6351744279066018,0,fixed_resolution,252,1.697595,0.827610
rand016,0.5,0,0,2,mapped_fixed63,1.6351744279066018,0,fixed_resolution,252,1.700626,0.833406
rand016,0.5,0,0,2,adaptive_affine,1.6351775532973809,0,Converged,140,1.360469,0.827016
rand016,0.5,0,0,2,adaptive_fold,1.6351744279066029,0,Converged,108,1.346400,0.837229
rand016,0.5,0,1,0,mapped_fixed63,1.6356049853413732,0,fixed_resolution,252,1.698036,0.688965
rand016,0.5,0,1,0,adaptive_affine,1.6356081117851464,0,Converged,140,1.222433,0.677682
rand016,0.5,0,1,0,adaptive_fold,1.6356049853413739,0,Converged,108,1.198291,0.678671
rand016,0.5,0,1,1,adaptive_fold,1.6356049853413739,0,Converged,108,1.205123,0.677854
rand016,0.5,0,1,1,adaptive_affine,1.6356081117851464,0,Converged,140,1.225075,0.675803
rand016,0.5,0,1,1,mapped_fixed63,1.6356049853413732,0,fixed_resolution,252,1.548423,0.672741
rand016,0.5,0,1,2,mapped_fixed63,1.6356049853413732,0,fixed_resolution,252,1.713204,0.682631
rand016,0.5,0,1,2,adaptive_affine,1.6356081117851464,0,Converged,140,1.212596,0.673373
rand016,0.5,0,1,2,adaptive_fold,1.6356049853413739,0,Converged,108,1.194979,0.675119
rand016,0.5,1,0,0,mapped_fixed63,1.6351744279066018,0,fixed_resolution,252,1.854241,0.833877
rand016,0.5,1,0,0,adaptive_affine,1.6351775532973809,0,BudgetExceeded,12406,124.979041,0.832448
rand016,0.5,1,0,0,adaptive_fold,1.6351744279066029,0,EventLocationLimited,316,2.530343,0.902697
rand016,0.5,1,0,1,adaptive_fold,1.6351744279066029,0,EventLocationLimited,316,2.365645,0.841314
rand016,0.5,1,0,1,adaptive_affine,1.6351775532973809,0,BudgetExceeded,12406,125.299913,0.849238
rand016,0.5,1,0,1,mapped_fixed63,1.6351744279066018,0,fixed_resolution,252,1.977041,0.902061
rand016,0.5,1,0,2,mapped_fixed63,1.6351744279066018,0,fixed_resolution,252,1.845720,0.839014
rand016,0.5,1,0,2,adaptive_affine,1.6351775532973809,0,BudgetExceeded,12406,124.519626,0.833121
rand016,0.5,1,0,2,adaptive_fold,1.6351744279066029,0,EventLocationLimited,316,2.522167,0.903025
rand016,0.5,1,1,0,mapped_fixed63,1.6356049853413732,0,fixed_resolution,252,1.725888,0.685821
rand016,0.5,1,1,0,adaptive_affine,1.6356081117851464,0,BudgetExceeded,12406,128.946757,0.684210
rand016,0.5,1,1,0,adaptive_fold,1.6356049853413739,0,EventLocationLimited,316,2.328915,0.691859
rand016,0.5,1,1,1,adaptive_fold,1.6356049853413739,0,EventLocationLimited,316,2.237285,0.682557
rand016,0.5,1,1,1,adaptive_affine,1.6356081117851464,0,BudgetExceeded,12406,129.665624,0.683490
rand016,0.5,1,1,1,mapped_fixed63,1.6356049853413732,0,fixed_resolution,252,1.755844,0.681913
rand016,0.5,1,1,2,mapped_fixed63,1.6356049853413732,0,fixed_resolution,252,1.726582,0.691886
rand016,0.5,1,1,2,adaptive_affine,1.6356081117851464,0,BudgetExceeded,12406,130.334578,0.671954
rand016,0.5,1,1,2,adaptive_fold,1.6356049853413739,0,EventLocationLimited,316,2.318904,0.699133
rand017,0,0,0,0,mapped_fixed63,5.3729762894509916,0,fixed_resolution,126,0.949532,0.632824
rand017,0,0,0,0,adaptive_affine,5.372980036769313,0,Converged,254,1.027702,0.624763
rand017,0,0,0,0,adaptive_fold,5.3729762894509872,0,Converged,62,0.866957,0.625776
rand017,0,0,0,1,adaptive_fold,5.3729762894509872,0,Converged,62,0.857869,0.625515
rand017,0,0,0,1,adaptive_affine,5.372980036769313,0,Converged,254,1.013748,0.622612
rand017,0,0,0,1,mapped_fixed63,5.3729762894509916,0,fixed_resolution,126,0.914047,0.618663
rand017,0,0,0,2,mapped_fixed63,5.3729762894509916,0,fixed_resolution,126,0.909202,0.619568
rand017,0,0,0,2,adaptive_affine,5.372980036769313,0,Converged,254,1.004412,0.613689
rand017,0,0,0,2,adaptive_fold,5.3729762894509872,0,Converged,62,0.858896,0.617320
rand017,0,0,1,0,mapped_fixed63,5.3783557998026277,0,fixed_resolution,126,0.868568,0.508021
rand017,0,0,1,0,adaptive_affine,5.37835955095961,0,Converged,254,0.938133,0.499645
rand017,0,0,1,0,adaptive_fold,5.3783557998026303,0,Converged,62,0.775834,0.500454
rand017,0,0,1,1,adaptive_fold,5.3783557998026303,0,Converged,62,0.766589,0.495959
rand017,0,0,1,1,adaptive_affine,5.37835955095961,0,Converged,254,0.955449,0.508039
rand017,0,0,1,1,mapped_fixed63,5.3783557998026277,0,fixed_resolution,126,0.866505,0.497371
rand017,0,0,1,2,mapped_fixed63,5.3783557998026277,0,fixed_resolution,126,0.854396,0.497814
rand017,0,0,1,2,adaptive_affine,5.37835955095961,0,Converged,254,0.931690,0.495277
rand017,0,0,1,2,adaptive_fold,5.3783557998026303,0,Converged,62,0.775543,0.504636
rand017,0,1,0,0,mapped_fixed63,5.3729762894509916,0,fixed_resolution,126,0.935585,0.621567
rand017,0,1,0,0,adaptive_affine,5.372980036769313,0,BudgetExceeded,12852,117.034606,0.618313
rand017,0,1,0,0,adaptive_fold,5.3729762894509872,0,EventLocationLimited,3247,14.049182,0.667854
rand017,0,1,0,1,adaptive_fold,5.3729762894509872,0,EventLocationLimited,3247,14.041871,0.674537
rand017,0,1,0,1,adaptive_affine,5.372980036769313,0,BudgetExceeded,12852,111.737619,0.664314
rand017,0,1,0,1,mapped_fixed63,5.3729762894509916,0,fixed_resolution,126,1.042658,0.687491
rand017,0,1,0,2,mapped_fixed63,5.3729762894509916,0,fixed_resolution,126,0.944163,0.632708
rand017,0,1,0,2,adaptive_affine,5.372980036769313,0,BudgetExceeded,12852,113.548445,0.623162
rand017,0,1,0,2,adaptive_fold,5.3729762894509872,0,EventLocationLimited,3247,13.983897,0.682075
rand017,0,1,1,0,mapped_fixed63,5.3783557998026277,0,fixed_resolution,126,0.928558,0.511816
rand017,0,1,1,0,adaptive_affine,5.37835955095961,0,BudgetExceeded,12852,114.655593,0.500300
rand017,0,1,1,0,adaptive_fold,5.3783557998026303,0,EventLocationLimited,2993,16.119705,0.508442
rand017,0,1,1,1,adaptive_fold,5.3783557998026303,0,EventLocationLimited,2993,15.960717,0.511884
rand017,0,1,1,1,adaptive_affine,5.37835955095961,0,BudgetExceeded,12852,113.724200,0.510538
rand017,0,1,1,1,mapped_fixed63,5.3783557998026277,0,fixed_resolution,126,0.937079,0.510686
rand017,0,1,1,2,mapped_fixed63,5.3783557998026277,0,fixed_resolution,126,0.880473,0.499153
rand017,0,1,1,2,adaptive_affine,5.37835955095961,0,BudgetExceeded,12852,114.543361,0.499597
rand017,0,1,1,2,adaptive_fold,5.3783557998026303,0,EventLocationLimited,2993,16.069613,0.513913
rand017,0.5,0,0,0,mapped_fixed63,5.3706242487534972,0,fixed_resolution,126,1.060360,0.681739
rand017,0.5,0,0,0,adaptive_affine,5.3706329037486711,0,Converged,190,1.019552,0.621952
rand017,0.5,0,0,0,adaptive_fold,5.3706242487534901,0,Converged,62,0.905943,0.624126
rand017,0.5,0,0,1,adaptive_fold,5.3706242487534901,0,Converged,62,0.871446,0.624774
rand017,0.5,0,0,1,adaptive_affine,5.3706329037486711,0,Converged,190,0.986184,0.621391
rand017,0.5,0,0,1,mapped_fixed63,5.3706242487534972,0,fixed_resolution,126,0.948380,0.622888
rand017,0.5,0,0,2,mapped_fixed63,5.3706242487534972,0,fixed_resolution,126,0.936645,0.620734
rand017,0.5,0,0,2,adaptive_affine,5.3706329037486711,0,Converged,190,0.973514,0.617109
rand017,0.5,0,0,2,adaptive_fold,5.3706242487534901,0,Converged,62,0.859291,0.619930
rand017,0.5,0,1,0,mapped_fixed63,5.375996511340464,0,fixed_resolution,126,0.897948,0.503517
rand017,0.5,0,1,0,adaptive_affine,5.3760051766687722,0,Converged,190,0.905131,0.501245
rand017,0.5,0,1,0,adaptive_fold,5.3759965113404684,0,Converged,62,0.780357,0.497429
rand017,0.5,0,1,1,adaptive_fold,5.3759965113404684,0,Converged,62,0.786242,0.508308
rand017,0.5,0,1,1,adaptive_affine,5.3760051766687722,0,Converged,190,0.907245,0.497661
rand017,0.5,0,1,1,mapped_fixed63,5.375996511340464,0,fixed_resolution,126,0.901522,0.510348
rand017,0.5,0,1,2,mapped_fixed63,5.375996511340464,0,fixed_resolution,126,0.881481,0.497361
rand017,0.5,0,1,2,adaptive_affine,5.3760051766687722,0,Converged,190,0.908581,0.502986
rand017,0.5,0,1,2,adaptive_fold,5.3759965113404684,0,Converged,62,0.785208,0.497254
rand017,0.5,1,0,0,mapped_fixed63,5.3706242487534972,0,fixed_resolution,126,1.021053,0.615987
rand017,0.5,1,0,0,adaptive_affine,5.3706329037486711,0,BudgetExceeded,12828,120.058821,0.614861
rand017,0.5,1,0,0,adaptive_fold,5.370624248753491,8,TopologyUnresolved,1954,8.102272,0.668822
rand017,0.5,1,0,1,adaptive_fold,5.370624248753491,8,TopologyUnresolved,1954,8.195585,0.714730
rand017,0.5,1,0,1,adaptive_affine,5.3706329037486711,0,BudgetExceeded,12828,122.217689,0.646315
rand017,0.5,1,0,1,mapped_fixed63,5.3706242487534972,0,fixed_resolution,126,1.129273,0.691785
rand017,0.5,1,0,2,mapped_fixed63,5.3706242487534972,0,fixed_resolution,126,1.022699,0.629436
rand017,0.5,1,0,2,adaptive_affine,5.3706329037486711,0,BudgetExceeded,12828,120.414356,0.621520
rand017,0.5,1,0,2,adaptive_fold,5.370624248753491,8,TopologyUnresolved,1954,8.229203,0.685479
rand017,0.5,1,1,0,mapped_fixed63,5.375996511340464,0,fixed_resolution,126,1.009633,0.511774
rand017,0.5,1,1,0,adaptive_affine,5.3760051766687722,0,BudgetExceeded,12828,123.722475,0.502333
rand017,0.5,1,1,0,adaptive_fold,5.3759965113404684,8,TopologyUnresolved,2224,10.268218,0.507121
rand017,0.5,1,1,1,adaptive_fold,5.3759965113404684,8,TopologyUnresolved,2224,10.274954,0.512424
rand017,0.5,1,1,1,adaptive_affine,5.3760051766687722,0,BudgetExceeded,12828,121.712965,0.504102
rand017,0.5,1,1,1,mapped_fixed63,5.375996511340464,0,fixed_resolution,126,1.009455,0.510075
rand017,0.5,1,1,2,mapped_fixed63,5.375996511340464,0,fixed_resolution,126,0.965892,0.501011
rand017,0.5,1,1,2,adaptive_affine,5.3760051766687722,0,BudgetExceeded,12828,122.278174,0.501318
rand017,0.5,1,1,2,adaptive_fold,5.3759965113404684,8,TopologyUnresolved,2224,10.175156,0.508240
rand018,0,0,0,0,mapped_fixed63,2.2051921431866939,0,fixed_resolution,126,1.365943,0.661398
rand018,0,0,0,0,adaptive_affine,2.2051965754203198,0,Converged,190,1.371709,0.642830
rand018,0,0,0,0,adaptive_fold,2.2051921431867036,0,Converged,62,1.245261,0.640085
rand018,0,0,0,1,adaptive_fold,2.2051921431867036,0,Converged,62,1.274468,0.639792
rand018,0,0,0,1,adaptive_affine,2.2051965754203198,0,Converged,190,1.354407,0.644421
rand018,0,0,0,1,mapped_fixed63,2.2051921431866939,0,fixed_resolution,126,1.295224,0.637835
rand018,0,0,0,2,mapped_fixed63,2.2051921431866939,0,fixed_resolution,126,1.299734,0.632646
rand018,0,0,0,2,adaptive_affine,2.2051965754203198,0,Converged,190,1.337109,0.634976
rand018,0,0,0,2,adaptive_fold,2.2051921431867036,0,Converged,62,1.241494,0.640866
rand018,0,0,1,0,mapped_fixed63,2.205088663413699,0,fixed_resolution,126,1.638367,0.541704
rand018,0,0,1,0,adaptive_affine,2.2050930953259873,0,Converged,190,1.396861,0.546388
rand018,0,0,1,0,adaptive_fold,2.205088663413719,0,Converged,62,1.212683,0.535225
rand018,0,0,1,1,adaptive_fold,2.205088663413719,0,Converged,62,1.219846,0.540895
rand018,0,0,1,1,adaptive_affine,2.2050930953259873,0,Converged,190,1.373347,0.535402
rand018,0,0,1,1,mapped_fixed63,2.205088663413699,0,fixed_resolution,126,1.620160,0.539657
rand018,0,0,1,2,mapped_fixed63,2.205088663413699,0,fixed_resolution,126,1.609884,0.538041
rand018,0,0,1,2,adaptive_affine,2.2050930953259873,0,Converged,190,1.355701,0.532121
rand018,0,0,1,2,adaptive_fold,2.205088663413719,0,Converged,62,1.208140,0.532452
rand018,0,1,0,0,mapped_fixed63,2.2051921431866939,0,fixed_resolution,126,1.361363,0.632676
rand018,0,1,0,0,adaptive_affine,2.2051965754203198,0,BudgetExceeded,12058,100.321042,0.647077
rand018,0,1,0,0,adaptive_fold,2.2051921431867036,0,EventLocationLimited,62,1.434971,0.723216
rand018,0,1,0,1,adaptive_fold,2.2051921431867036,0,EventLocationLimited,62,1.277696,0.643697
rand018,0,1,0,1,adaptive_affine,2.2051965754203198,0,BudgetExceeded,12058,102.237219,0.641015
rand018,0,1,0,1,mapped_fixed63,2.2051921431866939,0,fixed_resolution,126,1.422791,0.693155
rand018,0,1,0,2,mapped_fixed63,2.2051921431866939,0,fixed_resolution,126,1.327477,0.645555
rand018,0,1,0,2,adaptive_affine,2.2051965754203198,0,BudgetExceeded,12058,99.327734,0.639898
rand018,0,1,0,2,adaptive_fold,2.2051921431867036,0,EventLocationLimited,62,1.396441,0.700527
rand018,0,1,1,0,mapped_fixed63,2.205088663413699,0,fixed_resolution,126,1.650263,0.538837
rand018,0,1,1,0,adaptive_affine,2.2050930953259873,0,BudgetExceeded,12058,128.703069,0.539081
rand018,0,1,1,0,adaptive_fold,2.205088663413719,0,EventLocationLimited,62,1.311032,0.563522
rand018,0,1,1,1,adaptive_fold,2.205088663413719,0,EventLocationLimited,62,1.242812,0.542366
rand018,0,1,1,1,adaptive_affine,2.2050930953259873,0,BudgetExceeded,12058,127.045917,0.540144
rand018,0,1,1,1,mapped_fixed63,2.205088663413699,0,fixed_resolution,126,1.705205,0.558025
rand018,0,1,1,2,mapped_fixed63,2.205088663413699,0,fixed_resolution,126,1.655049,0.542480
rand018,0,1,1,2,adaptive_affine,2.2050930953259873,0,BudgetExceeded,12058,130.058256,0.535185
rand018,0,1,1,2,adaptive_fold,2.205088663413719,0,EventLocationLimited,62,1.323994,0.563241
rand018,0.5,0,0,0,mapped_fixed63,2.2051890413061193,0,fixed_resolution,126,1.344332,0.647198
rand018,0.5,0,0,0,adaptive_affine,2.2051917006462913,0,Converged,190,1.394846,0.641652
rand018,0.5,0,0,0,adaptive_fold,2.2051890413061264,0,Converged,62,1.278531,0.638780
rand018,0.5,0,0,1,adaptive_fold,2.2051890413061264,0,Converged,62,1.264143,0.643892
rand018,0.5,0,0,1,adaptive_affine,2.2051917006462913,0,Converged,190,1.388532,0.641113
rand018,0.5,0,0,1,mapped_fixed63,2.2051890413061193,0,fixed_resolution,126,1.313507,0.633249
rand018,0.5,0,0,2,mapped_fixed63,2.2051890413061193,0,fixed_resolution,126,1.315970,0.638808
rand018,0.5,0,0,2,adaptive_affine,2.2051917006462913,0,Converged,190,1.378273,0.640953
rand018,0.5,0,0,2,adaptive_fold,2.2051890413061264,0,Converged,62,1.259402,0.635603
rand018,0.5,0,1,0,mapped_fixed63,2.2050855620347782,0,fixed_resolution,126,1.643511,0.534889
rand018,0.5,0,1,0,adaptive_affine,2.2050882211821543,0,Converged,190,1.465245,0.536603
rand018,0.5,0,1,0,adaptive_fold,2.2050855620348004,0,Converged,62,1.224462,0.534740
rand018,0.5,0,1,1,adaptive_fold,2.2050855620348004,0,Converged,62,1.222729,0.532324
rand018,0.5,0,1,1,adaptive_affine,2.2050882211821543,0,Converged,190,1.424928,0.537040
rand018,0.5,0,1,1,mapped_fixed63,2.2050855620347782,0,fixed_resolution,126,1.630253,0.534462
rand018,0.5,0,1,2,mapped_fixed63,2.2050855620347782,0,fixed_resolution,126,1.628479,0.538703
rand018,0.5,0,1,2,adaptive_affine,2.2050882211821543,0,Converged,190,1.415213,0.535092
rand018,0.5,0,1,2,adaptive_fold,2.2050855620348004,0,Converged,62,1.214357,0.540483
rand018,0.5,1,0,0,mapped_fixed63,2.2051890413061193,0,fixed_resolution,126,1.391971,0.636027
rand018,0.5,1,0,0,adaptive_affine,2.2051917006462913,0,BudgetExceeded,12042,107.295959,0.644733
rand018,0.5,1,0,0,adaptive_fold,2.2051890413061264,0,EventLocationLimited,62,1.427110,0.696046
rand018,0.5,1,0,1,adaptive_fold,2.2051890413061264,0,EventLocationLimited,62,1.320717,0.639966
rand018,0.5,1,0,1,adaptive_affine,2.2051917006462913,0,BudgetExceeded,12042,106.435840,0.644391
rand018,0.5,1,0,1,mapped_fixed63,2.2051890413061193,0,fixed_resolution,126,1.511416,0.703130
rand018,0.5,1,0,2,mapped_fixed63,2.2051890413061193,0,fixed_resolution,126,1.407530,0.642482
rand018,0.5,1,0,2,adaptive_affine,2.2051917006462913,0,BudgetExceeded,12042,106.437756,0.639545
rand018,0.5,1,0,2,adaptive_fold,2.2051890413061264,0,EventLocationLimited,62,1.448157,0.708627
rand018,0.5,1,1,0,mapped_fixed63,2.2050855620347782,0,fixed_resolution,126,1.738095,0.540055
rand018,0.5,1,1,0,adaptive_affine,2.2050882211821543,0,BudgetExceeded,12042,134.793450,0.545349
rand018,0.5,1,1,0,adaptive_fold,2.2050855620348004,0,EventLocationLimited,62,1.339904,0.541980
rand018,0.5,1,1,1,adaptive_fold,2.2050855620348004,0,EventLocationLimited,62,1.280359,0.540559
rand018,0.5,1,1,1,adaptive_affine,2.2050882211821543,0,BudgetExceeded,12042,133.967824,0.534107
rand018,0.5,1,1,1,mapped_fixed63,2.2050855620347782,0,fixed_resolution,126,1.769064,0.543978
rand018,0.5,1,1,2,mapped_fixed63,2.2050855620347782,0,fixed_resolution,126,1.742310,0.560293
rand018,0.5,1,1,2,adaptive_affine,2.2050882211821543,0,BudgetExceeded,12042,134.311440,0.537546
rand018,0.5,1,1,2,adaptive_fold,2.2050855620348004,0,EventLocationLimited,62,1.336027,0.541496
rand019,0,0,0,0,mapped_fixed63,1.9896879912803873,0,fixed_resolution,189,1.003328,0.643597
rand019,0,0,0,0,adaptive_affine,1.9896917568726871,0,Converged,197,0.935593,0.637545
rand019,0,0,0,0,adaptive_fold,1.9896879912803827,0,Converged,69,0.829245,0.641113
rand019,0,0,0,1,adaptive_fold,1.9896879912803827,0,Converged,69,0.821882,0.641135
rand019,0,0,0,1,adaptive_affine,1.9896917568726871,0,Converged,197,0.902627,0.635642
rand019,0,0,0,1,mapped_fixed63,1.9896879912803873,0,fixed_resolution,189,0.970857,0.634432
rand019,0,0,0,2,mapped_fixed63,1.9896879912803873,0,fixed_resolution,189,0.971812,0.634104
rand019,0,0,0,2,adaptive_affine,1.9896917568726871,0,Converged,197,0.910995,0.632733
rand019,0,0,0,2,adaptive_fold,1.9896879912803827,0,Converged,69,0.808746,0.633462
rand019,0,0,1,0,mapped_fixed63,1.989464195678226,0,fixed_resolution,189,0.970513,0.509838
rand019,0,0,1,0,adaptive_affine,1.9894679605743117,0,Converged,197,0.793594,0.504996
rand019,0,0,1,0,adaptive_fold,1.9894641956782255,0,Converged,69,0.696584,0.498704
rand019,0,0,1,1,adaptive_fold,1.9894641956782255,0,Converged,69,0.691393,0.497436
rand019,0,0,1,1,adaptive_affine,1.9894679605743117,0,Converged,197,0.799097,0.499543
rand019,0,0,1,1,mapped_fixed63,1.989464195678226,0,fixed_resolution,189,0.960411,0.500974
rand019,0,0,1,2,mapped_fixed63,1.989464195678226,0,fixed_resolution,189,0.963970,0.505772
rand019,0,0,1,2,adaptive_affine,1.9894679605743117,0,Converged,197,0.796350,0.498070
rand019,0,0,1,2,adaptive_fold,1.9894641956782255,0,Converged,69,0.705141,0.500855
rand019,0,1,0,0,mapped_fixed63,1.9896879912803873,0,fixed_resolution,189,0.987540,0.632351
rand019,0,1,0,0,adaptive_affine,1.9896917568726871,0,BudgetExceeded,11541,89.889882,0.630406
rand019,0,1,0,0,adaptive_fold,1.9896879912803827,0,EventLocationLimited,77,0.951330,0.697378
rand019,0,1,0,1,adaptive_fold,1.9896879912803827,0,EventLocationLimited,77,0.850341,0.638624
rand019,0,1,0,1,adaptive_affine,1.9896917568726871,0,BudgetExceeded,11541,89.323186,0.634280
rand019,0,1,0,1,mapped_fixed63,1.9896879912803873,0,fixed_resolution,189,1.096052,0.705751
rand019,0,1,0,2,mapped_fixed63,1.9896879912803873,0,fixed_resolution,189,1.004639,0.645362
rand019,0,1,0,2,adaptive_affine,1.9896917568726871,0,BudgetExceeded,11541,90.312440,0.641493
rand019,0,1,0,2,adaptive_fold,1.9896879912803827,0,EventLocationLimited,77,0.954927,0.696278
rand019,0,1,1,0,mapped_fixed63,1.989464195678226,0,fixed_resolution,189,0.995720,0.510326
rand019,0,1,1,0,adaptive_affine,1.9894679605743117,0,BudgetExceeded,11541,97.145176,0.500519
rand019,0,1,1,0,adaptive_fold,1.9894641956782255,0,EventLocationLimited,77,0.792133,0.509792
rand019,0,1,1,1,adaptive_fold,1.9894641956782255,0,EventLocationLimited,77,0.742678,0.503185
rand019,0,1,1,1,adaptive_affine,1.9894679605743117,0,BudgetExceeded,11541,96.970393,0.504741
rand019,0,1,1,1,mapped_fixed63,1.989464195678226,0,fixed_resolution,189,1.020837,0.514766
rand019,0,1,1,2,mapped_fixed63,1.989464195678226,0,fixed_resolution,189,0.986740,0.499976
rand019,0,1,1,2,adaptive_affine,1.9894679605743117,0,BudgetExceeded,11541,98.609657,0.505394
rand019,0,1,1,2,adaptive_fold,1.9894641956782255,0,EventLocationLimited,77,0.788821,0.513466
rand019,0.5,0,0,0,mapped_fixed63,1.9896271005530686,0,fixed_resolution,189,1.117978,0.642284
rand019,0.5,0,0,0,adaptive_affine,1.9896293599084462,0,Converged,197,0.969778,0.633636
rand019,0.5,0,0,0,adaptive_fold,1.9896271005530604,0,Converged,69,0.841831,0.633438
rand019,0.5,0,0,1,adaptive_fold,1.9896271005530604,0,Converged,69,0.834675,0.635081
rand019,0.5,0,0,1,adaptive_affine,1.9896293599084462,0,Converged,197,0.967475,0.637713
rand019,0.5,0,0,1,mapped_fixed63,1.9896271005530686,0,fixed_resolution,189,1.088456,0.633190
rand019,0.5,0,0,2,mapped_fixed63,1.9896271005530686,0,fixed_resolution,189,1.084400,0.632457
rand019,0.5,0,0,2,adaptive_affine,1.9896293599084462,0,Converged,197,0.967999,0.630312
rand019,0.5,0,0,2,adaptive_fold,1.9896271005530604,0,Converged,69,0.829283,0.640313
rand019,0.5,0,1,0,mapped_fixed63,1.9894033296124387,0,fixed_resolution,189,1.079232,0.501186
rand019,0.5,0,1,0,adaptive_affine,1.9894055885500932,0,Converged,197,0.847278,0.500878
rand019,0.5,0,1,0,adaptive_fold,1.9894033296124349,0,Converged,69,0.725910,0.503334
rand019,0.5,0,1,1,adaptive_fold,1.9894033296124349,0,Converged,69,0.723158,0.502384
rand019,0.5,0,1,1,adaptive_affine,1.9894055885500932,0,Converged,197,0.827990,0.494742
rand019,0.5,0,1,1,mapped_fixed63,1.9894033296124387,0,fixed_resolution,189,1.079634,0.504711
rand019,0.5,0,1,2,mapped_fixed63,1.9894033296124387,0,fixed_resolution,189,1.083233,0.501608
rand019,0.5,0,1,2,adaptive_affine,1.9894055885500932,0,Converged,197,0.842922,0.499327
rand019,0.5,0,1,2,adaptive_fold,1.9894033296124349,0,Converged,69,0.724446,0.504482
rand019,0.5,1,0,0,mapped_fixed63,1.9896271005530688,0,fixed_resolution,189,1.211227,0.627602
rand019,0.5,1,0,0,adaptive_affine,1.9896293599084462,0,BudgetExceeded,11525,97.136444,0.632198
rand019,0.5,1,0,0,adaptive_fold,1.9896271005530604,0,EventLocationLimited,77,1.020622,0.689824
rand019,0.5,1,0,1,adaptive_fold,1.9896271005530604,0,EventLocationLimited,77,0.927492,0.643845
rand019,0.5,1,0,1,adaptive_affine,1.9896293599084462,0,BudgetExceeded,11525,96.355294,0.641457
rand019,0.5,1,0,1,mapped_fixed63,1.9896271005530688,0,fixed_resolution,189,1.301590,0.685524
rand019,0.5,1,0,2,mapped_fixed63,1.9896271005530688,0,fixed_resolution,189,1.226695,0.644489
rand019,0.5,1,0,2,adaptive_affine,1.9896293599084462,0,BudgetExceeded,11525,95.724278,0.637127
rand019,0.5,1,0,2,adaptive_fold,1.9896271005530604,0,EventLocationLimited,77,1.024909,0.690823
rand019,0.5,1,1,0,mapped_fixed63,1.9894033296124387,0,fixed_resolution,189,1.219665,0.507372
rand019,0.5,1,1,0,adaptive_affine,1.9894055885500932,0,BudgetExceeded,11525,105.037145,0.503223
rand019,0.5,1,1,0,adaptive_fold,1.9894033296124349,0,EventLocationLimited,77,0.867072,0.524032
rand019,0.5,1,1,1,adaptive_fold,1.9894033296124349,0,EventLocationLimited,77,0.805024,0.500815
rand019,0.5,1,1,1,adaptive_affine,1.9894055885500932,0,BudgetExceeded,11525,104.730178,0.505504
rand019,0.5,1,1,1,mapped_fixed63,1.9894033296124387,0,fixed_resolution,189,1.250304,0.526880
rand019,0.5,1,1,2,mapped_fixed63,1.9894033296124387,0,fixed_resolution,189,1.211148,0.504249
rand019,0.5,1,1,2,adaptive_affine,1.9894055885500932,0,BudgetExceeded,11525,104.700586,0.503402
rand019,0.5,1,1,2,adaptive_fold,1.9894033296124349,0,EventLocationLimited,77,0.841944,0.506737
rand020,0,0,0,0,mapped_fixed63,1.3529873798198333,0,fixed_resolution,189,0.969322,0.709890
rand020,0,0,0,0,adaptive_affine,1.3529898382379142,0,Converged,205,1.009309,0.705378
rand020,0,0,0,0,adaptive_fold,1.3529873798198226,0,Converged,77,0.901643,0.702083
rand020,0,0,0,1,adaptive_fold,1.3529873798198226,0,Converged,77,0.891694,0.701551
rand020,0,0,0,1,adaptive_affine,1.3529898382379142,0,Converged,205,1.000421,0.699390
rand020,0,0,0,1,mapped_fixed63,1.3529873798198333,0,fixed_resolution,189,0.974884,0.728024
rand020,0,0,0,2,mapped_fixed63,1.3529873798198333,0,fixed_resolution,189,0.940796,0.700064
rand020,0,0,0,2,adaptive_affine,1.3529898382379142,0,Converged,205,0.981548,0.701311
rand020,0,0,0,2,adaptive_fold,1.3529873798198226,0,Converged,77,0.886124,0.700496
rand020,0,0,1,0,mapped_fixed63,1.3529239424198725,0,fixed_resolution,189,0.562242,0.152219
rand020,0,0,1,0,adaptive_affine,1.3529263999984673,0,Converged,205,0.472564,0.155317
rand020,0,0,1,0,adaptive_fold,1.3529239424198591,0,Converged,77,0.402392,0.150760
rand020,0,0,1,1,adaptive_fold,1.3529239424198591,0,Converged,77,0.378527,0.149963
rand020,0,0,1,1,adaptive_affine,1.3529263999984673,0,Converged,205,0.456856,0.148811
rand020,0,0,1,1,mapped_fixed63,1.3529239424198725,0,fixed_resolution,189,0.561768,0.149157
rand020,0,0,1,2,mapped_fixed63,1.3529239424198725,0,fixed_resolution,189,0.553796,0.146019
rand020,0,0,1,2,adaptive_affine,1.3529263999984673,0,Converged,205,0.454719,0.147642
rand020,0,0,1,2,adaptive_fold,1.3529239424198591,0,Converged,77,0.379193,0.144214
rand020,0,1,0,0,mapped_fixed63,1.3529873798198333,0,fixed_resolution,189,0.967816,0.698157
rand020,0,1,0,0,adaptive_affine,1.3529898382379142,0,BudgetExceeded,10779,78.287840,0.696263
rand020,0,1,0,0,adaptive_fold,1.3529873798198226,0,EventLocationLimited,2881,12.578769,0.748169
rand020,0,1,0,1,adaptive_fold,1.3529873798198226,0,EventLocationLimited,2881,12.511400,0.728622
rand020,0,1,0,1,adaptive_affine,1.3529898382379142,0,BudgetExceeded,10779,78.556482,0.725622
rand020,0,1,0,1,mapped_fixed63,1.3529873798198333,0,fixed_resolution,189,1.006503,0.724250
rand020,0,1,0,2,mapped_fixed63,1.3529873798198333,0,fixed_resolution,189,0.974477,0.705085
rand020,0,1,0,2,adaptive_affine,1.3529898382379142,0,BudgetExceeded,10779,78.600314,0.700366
rand020,0,1,0,2,adaptive_fold,1.3529873798198226,0,EventLocationLimited,2881,12.584540,0.736239
rand020,0,1,1,0,mapped_fixed63,1.3529239424198725,0,fixed_resolution,189,0.602155,0.157583
rand020,0,1,1,0,adaptive_affine,1.3529263999984673,0,BudgetExceeded,10779,84.248759,0.151404
rand020,0,1,1,0,adaptive_fold,1.3529239424198591,0,EventLocationLimited,2881,15.999467,0.154731
rand020,0,1,1,1,adaptive_fold,1.3529239424198591,0,EventLocationLimited,2881,15.942758,0.155617
rand020,0,1,1,1,adaptive_affine,1.3529263999984673,0,BudgetExceeded,10779,85.678221,0.160996
rand020,0,1,1,1,mapped_fixed63,1.3529239424198725,0,fixed_resolution,189,0.623838,0.159570
rand020,0,1,1,2,mapped_fixed63,1.3529239424198725,0,fixed_resolution,189,0.582469,0.149096
rand020,0,1,1,2,adaptive_affine,1.3529263999984673,0,BudgetExceeded,10779,85.545534,0.146167
rand020,0,1,1,2,adaptive_fold,1.3529239424198591,0,EventLocationLimited,2881,16.244832,0.168928
rand020,0.5,0,0,0,mapped_fixed63,1.352915327035995,0,fixed_resolution,189,1.063655,0.746891
rand020,0.5,0,0,0,adaptive_affine,1.3529191078546083,0,Converged,197,1.044634,0.707812
rand020,0.5,0,0,0,adaptive_fold,1.3529153270348584,0,Converged,77,0.926327,0.710632
rand020,0.5,0,0,1,adaptive_fold,1.3529153270348584,0,Converged,77,0.912488,0.706504
rand020,0.5,0,0,1,adaptive_affine,1.3529191078546083,0,Converged,197,1.035754,0.706380
rand020,0.5,0,0,1,mapped_fixed63,1.352915327035995,0,fixed_resolution,189,1.000445,0.707923
rand020,0.5,0,0,2,mapped_fixed63,1.352915327035995,0,fixed_resolution,189,0.978770,0.701022
rand020,0.5,0,0,2,adaptive_affine,1.3529191078546083,0,Converged,197,1.009387,0.697393
rand020,0.5,0,0,2,adaptive_fold,1.3529153270348584,0,Converged,77,0.906506,0.697765
rand020,0.5,0,1,0,mapped_fixed63,1.3528518708605983,0,fixed_resolution,189,0.602099,0.153343
rand020,0.5,0,1,0,adaptive_affine,1.35285564923038,0,Converged,197,0.481771,0.148937
rand020,0.5,0,1,0,adaptive_fold,1.352851870859459,0,Converged,77,0.415584,0.150199
rand020,0.5,0,1,1,adaptive_fold,1.352851870859459,0,Converged,77,0.395119,0.145825
rand020,0.5,0,1,1,adaptive_affine,1.35285564923038,0,Converged,197,0.490887,0.148572
rand020,0.5,0,1,1,mapped_fixed63,1.3528518708605983,0,fixed_resolution,189,0.598280,0.150085
rand020,0.5,0,1,2,mapped_fixed63,1.3528518708605983,0,fixed_resolution,189,0.595557,0.148325
rand020,0.5,0,1,2,adaptive_affine,1.35285564923038,0,Converged,197,0.474401,0.143618
rand020,0.5,0,1,2,adaptive_fold,1.352851870859459,0,Converged,77,0.403721,0.147321
rand020,0.5,1,0,0,mapped_fixed63,1.352915327035995,0,fixed_resolution,189,1.088124,0.696178
rand020,0.5,1,0,0,adaptive_affine,1.3529191078546083,0,BudgetExceeded,10763,86.481795,0.694034
rand020,0.5,1,0,0,adaptive_fold,1.3529153270348584,8,TopologyUnresolved,2398,11.438778,0.752821
rand020,0.5,1,0,1,adaptive_fold,1.3529153270348584,8,TopologyUnresolved,2398,11.440427,0.729663
rand020,0.5,1,0,1,adaptive_affine,1.3529191078546083,0,BudgetExceeded,10763,86.724880,0.730648
rand020,0.5,1,0,1,mapped_fixed63,1.352915327035995,0,fixed_resolution,189,1.179391,0.757240
rand020,0.5,1,0,2,mapped_fixed63,1.352915327035995,0,fixed_resolution,189,1.102469,0.712629
rand020,0.5,1,0,2,adaptive_affine,1.3529191078546083,0,BudgetExceeded,10763,87.154702,0.707488
rand020,0.5,1,0,2,adaptive_fold,1.3529153270348584,8,TopologyUnresolved,2398,11.528627,0.763262
rand020,0.5,1,1,0,mapped_fixed63,1.3528518708605983,0,fixed_resolution,189,0.739706,0.159120
rand020,0.5,1,1,0,adaptive_affine,1.35285564923038,0,BudgetExceeded,10763,93.339558,0.150403
rand020,0.5,1,1,0,adaptive_fold,1.352851870859459,8,TopologyUnresolved,1874,9.213709,0.157937
rand020,0.5,1,1,1,adaptive_fold,1.352851870859459,8,TopologyUnresolved,1874,9.222368,0.158746
rand020,0.5,1,1,1,adaptive_affine,1.35285564923038,0,BudgetExceeded,10763,95.251814,0.159174
rand020,0.5,1,1,1,mapped_fixed63,1.3528518708605983,0,fixed_resolution,189,0.762509,0.161276
rand020,0.5,1,1,2,mapped_fixed63,1.3528518708605983,0,fixed_resolution,189,0.707010,0.148938
rand020,0.5,1,1,2,adaptive_affine,1.35285564923038,0,BudgetExceeded,10763,94.702666,0.147353
rand020,0.5,1,1,2,adaptive_fold,1.352851870859459,8,TopologyUnresolved,1874,9.308525,0.156636
rand021,0,0,0,0,mapped_fixed63,2.5772087267295887,0,fixed_resolution,126,1.273784,0.832073
rand021,0,0,0,0,adaptive_affine,2.5772105046819651,0,Converged,254,1.359939,0.778355
rand021,0,0,0,0,adaptive_fold,2.5772087267296011,0,Converged,62,1.170043,0.772851
rand021,0,0,0,1,adaptive_fold,2.5772087267296011,0,Converged,62,1.158685,0.776772
rand021,0,0,0,1,adaptive_affine,2.5772105046819651,0,Converged,254,1.347263,0.778343
rand021,0,0,0,1,mapped_fixed63,2.5772087267295887,0,fixed_resolution,126,1.181844,0.783652
rand021,0,0,0,2,mapped_fixed63,2.5772087267295887,0,fixed_resolution,126,1.163039,0.769220
rand021,0,0,0,2,adaptive_affine,2.5772105046819651,0,Converged,254,1.317570,0.767022
rand021,0,0,0,2,adaptive_fold,2.5772087267296011,0,Converged,62,1.156173,0.782011
rand021,0,0,1,0,mapped_fixed63,2.5771570767294967,0,fixed_resolution,126,1.304319,0.544386
rand021,0,0,1,0,adaptive_affine,2.5771588546462141,0,Converged,254,1.402744,0.539479
rand021,0,0,1,0,adaptive_fold,2.5771570767294976,0,Converged,62,1.005250,0.542236
rand021,0,0,1,1,adaptive_fold,2.5771570767294976,0,Converged,62,1.019063,0.547679
rand021,0,0,1,1,adaptive_affine,2.5771588546462141,0,Converged,254,1.401119,0.533644
rand021,0,0,1,1,mapped_fixed63,2.5771570767294967,0,fixed_resolution,126,1.290353,0.544587
rand021,0,0,1,2,mapped_fixed63,2.5771570767294967,0,fixed_resolution,126,1.287045,0.542825
rand021,0,0,1,2,adaptive_affine,2.5771588546462141,0,Converged,254,1.413139,0.544124
rand021,0,0,1,2,adaptive_fold,2.5771570767294976,0,Converged,62,1.003951,0.540633
rand021,0,1,0,0,mapped_fixed63,2.5772087267295887,0,fixed_resolution,126,1.183369,0.770018
rand021,0,1,0,0,adaptive_affine,2.5772105046819651,0,BudgetExceeded,12058,99.476497,0.775708
rand021,0,1,0,0,adaptive_fold,2.5772087267296011,0,EventLocationLimited,62,1.309243,0.846375
rand021,0,1,0,1,adaptive_fold,2.5772087267296011,0,EventLocationLimited,62,1.199448,0.786182
rand021,0,1,0,1,adaptive_affine,2.5772105046819651,0,BudgetExceeded,12058,99.892428,0.770151
rand021,0,1,0,1,mapped_fixed63,2.5772087267295887,0,fixed_resolution,126,1.288878,0.832283
rand021,0,1,0,2,mapped_fixed63,2.5772087267295887,0,fixed_resolution,126,1.182860,0.773662
rand021,0,1,0,2,adaptive_affine,2.5772105046819651,0,BudgetExceeded,12058,100.431085,0.772805
rand021,0,1,0,2,adaptive_fold,2.5772087267296011,0,EventLocationLimited,62,1.331091,0.870495
rand021,0,1,1,0,mapped_fixed63,2.5771570767294967,0,fixed_resolution,126,1.319168,0.545719
rand021,0,1,1,0,adaptive_affine,2.5771588546462141,0,BudgetExceeded,12058,125.441728,0.539681
rand021,0,1,1,0,adaptive_fold,2.5771570767294976,0,EventLocationLimited,62,1.071633,0.543983
rand021,0,1,1,1,adaptive_fold,2.5771570767294976,0,EventLocationLimited,62,1.017072,0.540690
rand021,0,1,1,1,adaptive_affine,2.5771588546462141,0,BudgetExceeded,12058,125.001514,0.538479
rand021,0,1,1,1,mapped_fixed63,2.5771570767294967,0,fixed_resolution,126,1.380595,0.569671
rand021,0,1,1,2,mapped_fixed63,2.5771570767294967,0,fixed_resolution,126,1.303652,0.538570
rand021,0,1,1,2,adaptive_affine,2.5771588546462141,0,BudgetExceeded,12058,125.975628,0.537270
rand021,0,1,1,2,adaptive_fold,2.5771570767294976,0,EventLocationLimited,62,1.082849,0.546009
rand021,0.5,0,0,0,mapped_fixed63,2.5772085120680788,0,fixed_resolution,126,1.214927,0.775925
rand021,0.5,0,0,0,adaptive_affine,2.5772118644119639,0,Converged,190,1.298971,0.775076
rand021,0.5,0,0,0,adaptive_fold,2.5772085120680908,0,Converged,62,1.172450,0.774130
rand021,0.5,0,0,1,adaptive_fold,2.5772085120680908,0,Converged,62,1.158655,0.770598
rand021,0.5,0,0,1,adaptive_affine,2.5772118644119639,0,Converged,190,1.282891,0.766352
rand021,0.5,0,0,1,mapped_fixed63,2.5772085120680788,0,fixed_resolution,126,1.244559,0.795755
rand021,0.5,0,0,2,mapped_fixed63,2.5772085120680788,0,fixed_resolution,126,1.186773,0.772901
rand021,0.5,0,0,2,adaptive_affine,2.5772118644119639,0,Converged,190,1.281377,0.769133
rand021,0.5,0,0,2,adaptive_fold,2.5772085120680908,0,Converged,62,1.162601,0.769094
rand021,0.5,0,1,0,mapped_fixed63,2.5771568620821843,0,fixed_resolution,126,1.326389,0.546634
rand021,0.5,0,1,0,adaptive_affine,2.5771602143297918,0,Converged,190,1.344395,0.539926
rand021,0.5,0,1,0,adaptive_fold,2.5771568620821981,0,Converged,62,1.025843,0.538603
rand021,0.5,0,1,1,adaptive_fold,2.5771568620821981,0,Converged,62,1.012938,0.540836
rand021,0.5,0,1,1,adaptive_affine,2.5771602143297918,0,Converged,190,1.339822,0.539492
rand021,0.5,0,1,1,mapped_fixed63,2.5771568620821843,0,fixed_resolution,126,1.350288,0.540258
rand021,0.5,0,1,2,mapped_fixed63,2.5771568620821843,0,fixed_resolution,126,1.315684,0.535024
rand021,0.5,0,1,2,adaptive_affine,2.5771602143297918,0,Converged,190,1.331749,0.533445
rand021,0.5,0,1,2,adaptive_fold,2.5771568620821981,0,Converged,62,1.025080,0.541411
rand021,0.5,1,0,0,mapped_fixed63,2.5772085120680788,0,fixed_resolution,126,1.280828,0.776239
rand021,0.5,1,0,0,adaptive_affine,2.5772118644119639,0,BudgetExceeded,12050,108.328102,0.777520
rand021,0.5,1,0,0,adaptive_fold,2.5772085120680908,0,EventLocationLimited,62,1.349178,0.839871
rand021,0.5,1,0,1,adaptive_fold,2.5772085120680908,0,EventLocationLimited,62,1.221104,0.778013
rand021,0.5,1,0,1,adaptive_affine,2.5772118644119639,0,BudgetExceeded,12050,108.025789,0.776169
rand021,0.5,1,0,1,mapped_fixed63,2.5772085120680788,0,fixed_resolution,126,1.369751,0.836811
rand021,0.5,1,0,2,mapped_fixed63,2.5772085120680788,0,fixed_resolution,126,1.272494,0.777524
rand021,0.5,1,0,2,adaptive_affine,2.5772118644119639,0,BudgetExceeded,12050,108.753864,0.771539
rand021,0.5,1,0,2,adaptive_fold,2.5772085120680908,0,EventLocationLimited,62,1.343079,0.844577
rand021,0.5,1,1,0,mapped_fixed63,2.5771568620821843,0,fixed_resolution,126,1.404903,0.542200
rand021,0.5,1,1,0,adaptive_affine,2.5771602143297918,0,BudgetExceeded,12050,134.607775,0.536701
rand021,0.5,1,1,0,adaptive_fold,2.5771568620821981,0,EventLocationLimited,62,1.115279,0.546595
rand021,0.5,1,1,1,adaptive_fold,2.5771568620821981,0,EventLocationLimited,62,1.071107,0.543677
rand021,0.5,1,1,1,adaptive_affine,2.5771602143297918,0,BudgetExceeded,12050,133.944238,0.543254
rand021,0.5,1,1,1,mapped_fixed63,2.5771568620821843,0,fixed_resolution,126,1.441278,0.546237
rand021,0.5,1,1,2,mapped_fixed63,2.5771568620821843,0,fixed_resolution,126,1.391754,0.540928
rand021,0.5,1,1,2,adaptive_affine,2.5771602143297918,0,BudgetExceeded,12050,136.117327,0.542362
rand021,0.5,1,1,2,adaptive_fold,2.5771568620821981,0,EventLocationLimited,62,1.118836,0.547345
rand022,0,0,0,0,mapped_fixed63,4.275714537561992,0,fixed_resolution,126,1.040706,0.846872
rand022,0,0,0,0,adaptive_affine,4.2757174881340534,0,Converged,254,1.182611,0.844175
rand022,0,0,0,0,adaptive_fold,4.2757145375619867,0,Converged,62,1.000558,0.837090
rand022,0,0,0,1,adaptive_fold,4.2757145375619867,0,Converged,62,0.989566,0.833196
rand022,0,0,0,1,adaptive_affine,4.2757174881340534,0,Converged,254,1.155914,0.830738
rand022,0,0,0,1,mapped_fixed63,4.275714537561992,0,fixed_resolution,126,1.032548,0.840586
rand022,0,0,0,2,mapped_fixed63,4.275714537561992,0,fixed_resolution,126,1.035064,0.856865
rand022,0,0,0,2,adaptive_affine,4.2757174881340534,0,Converged,254,1.156337,0.834066
rand022,0,0,0,2,adaptive_fold,4.2757145375619867,0,Converged,62,0.982875,0.834049
rand022,0,0,1,0,mapped_fixed63,4.2761865424439955,0,fixed_resolution,126,0.917922,0.502448
rand022,0,0,1,0,adaptive_affine,4.2761894933419633,0,Converged,254,0.865661,0.499444
rand022,0,0,1,0,adaptive_fold,4.2761865424439911,0,Converged,62,0.683122,0.501490
rand022,0,0,1,1,adaptive_fold,4.2761865424439911,0,Converged,62,0.672014,0.495136
rand022,0,0,1,1,adaptive_affine,4.2761894933419633,0,Converged,254,0.851922,0.496080
rand022,0,0,1,1,mapped_fixed63,4.2761865424439955,0,fixed_resolution,126,0.907826,0.498491
rand022,0,0,1,2,mapped_fixed63,4.2761865424439955,0,fixed_resolution,126,0.904908,0.494220
rand022,0,0,1,2,adaptive_affine,4.2761894933419633,0,Converged,254,0.901922,0.498030
rand022,0,0,1,2,adaptive_fold,4.2761865424439911,0,Converged,62,0.682346,0.500813
rand022,0,1,0,0,mapped_fixed63,4.275714537561992,0,fixed_resolution,126,1.021578,0.830096
rand022,0,1,0,0,adaptive_affine,4.2757174881340534,0,BudgetExceeded,12590,108.679641,0.829413
rand022,0,1,0,0,adaptive_fold,4.2757145375619867,0,EventLocationLimited,62,1.133338,0.901806
rand022,0,1,0,1,adaptive_fold,4.2757145375619867,0,EventLocationLimited,62,1.022607,0.845746
rand022,0,1,0,1,adaptive_affine,4.2757174881340534,0,BudgetExceeded,12590,109.689888,0.841295
rand022,0,1,0,1,mapped_fixed63,4.275714537561992,0,fixed_resolution,126,1.139550,0.902811
rand022,0,1,0,2,mapped_fixed63,4.275714537561992,0,fixed_resolution,126,1.037744,0.840786
rand022,0,1,0,2,adaptive_affine,4.2757174881340534,0,BudgetExceeded,12590,112.535875,0.841940
rand022,0,1,0,2,adaptive_fold,4.2757145375619867,0,EventLocationLimited,62,1.131180,0.904442
rand022,0,1,1,0,mapped_fixed63,4.2761865424439955,0,fixed_resolution,126,0.936763,0.507540
rand022,0,1,1,0,adaptive_affine,4.2761894933419633,0,BudgetExceeded,12590,127.149438,0.504763
rand022,0,1,1,0,adaptive_fold,4.2761865424439911,0,EventLocationLimited,62,0.765332,0.511382
rand022,0,1,1,1,adaptive_fold,4.2761865424439911,0,EventLocationLimited,62,0.700402,0.499570
rand022,0,1,1,1,adaptive_affine,4.2761894933419633,0,BudgetExceeded,12590,125.749672,0.499659
rand022,0,1,1,1,mapped_fixed63,4.2761865424439955,0,fixed_resolution,126,0.973253,0.506897
rand022,0,1,1,2,mapped_fixed63,4.2761865424439955,0,fixed_resolution,126,0.933974,0.501567
rand022,0,1,1,2,adaptive_affine,4.2761894933419633,0,BudgetExceeded,12590,126.877081,0.498842
rand022,0,1,1,2,adaptive_fold,4.2761865424439911,0,EventLocationLimited,62,0.767591,0.509466
rand022,0.5,0,0,0,mapped_fixed63,4.2756631923195041,0,fixed_resolution,126,1.060920,0.843250
rand022,0.5,0,0,0,adaptive_affine,4.2756697109738226,0,Converged,190,1.143579,0.839861
rand022,0.5,0,0,0,adaptive_fold,4.2756631923194997,0,Converged,62,1.031219,0.837293
rand022,0.5,0,0,1,adaptive_fold,4.2756631923194997,0,Converged,62,1.023808,0.860553
rand022,0.5,0,0,1,adaptive_affine,4.2756697109738226,0,Converged,190,1.129304,0.830756
rand022,0.5,0,0,1,mapped_fixed63,4.2756631923195041,0,fixed_resolution,126,1.042882,0.831136
rand022,0.5,0,0,2,mapped_fixed63,4.2756631923195041,0,fixed_resolution,126,1.034608,0.829789
rand022,0.5,0,0,2,adaptive_affine,4.2756697109738226,0,Converged,190,1.129321,0.832137
rand022,0.5,0,0,2,adaptive_fold,4.2756631923194997,0,Converged,62,1.001567,0.833543
rand022,0.5,0,1,0,mapped_fixed63,4.2761351796802121,0,fixed_resolution,126,0.942257,0.502866
rand022,0.5,0,1,0,adaptive_affine,4.2761416992145822,0,Converged,190,0.819279,0.499275
rand022,0.5,0,1,0,adaptive_fold,4.2761351796802032,0,Converged,62,0.697862,0.500724
rand022,0.5,0,1,1,adaptive_fold,4.2761351796802032,0,Converged,62,0.715987,0.497160
rand022,0.5,0,1,1,adaptive_affine,4.2761416992145822,0,Converged,190,0.840501,0.508296
rand022,0.5,0,1,1,mapped_fixed63,4.2761351796802121,0,fixed_resolution,126,0.931889,0.496505
rand022,0.5,0,1,2,mapped_fixed63,4.2761351796802121,0,fixed_resolution,126,0.927790,0.496351
rand022,0.5,0,1,2,adaptive_affine,4.2761416992145822,0,Converged,190,0.821169,0.502793
rand022,0.5,0,1,2,adaptive_fold,4.2761351796802032,0,Converged,62,0.703039,0.503641
rand022,0.5,1,0,0,mapped_fixed63,4.2756631923195041,0,fixed_resolution,126,1.102851,0.829498
rand022,0.5,1,0,0,adaptive_affine,4.2756697109738226,0,BudgetExceeded,12574,117.151748,0.833017
rand022,0.5,1,0,0,adaptive_fold,4.2756631923194997,0,EventLocationLimited,62,1.175434,0.906707
rand022,0.5,1,0,1,adaptive_fold,4.2756631923194997,0,EventLocationLimited,62,1.063145,0.844055
rand022,0.5,1,0,1,adaptive_affine,4.2756697109738226,0,BudgetExceeded,12574,118.081606,0.838035
rand022,0.5,1,0,1,mapped_fixed63,4.2756631923195041,0,fixed_resolution,126,1.233729,0.911613
rand022,0.5,1,0,2,mapped_fixed63,4.2756631923195041,0,fixed_resolution,126,1.121249,0.837013
rand022,0.5,1,0,2,adaptive_affine,4.2756697109738226,0,BudgetExceeded,12574,121.227905,0.841900
rand022,0.5,1,0,2,adaptive_fold,4.2756631923194997,0,EventLocationLimited,62,1.183275,0.911571
rand022,0.5,1,1,0,mapped_fixed63,4.2761351796802121,0,fixed_resolution,126,1.019914,0.510406
rand022,0.5,1,1,0,adaptive_affine,4.2761416992145822,0,BudgetExceeded,12574,134.358178,0.498463
rand022,0.5,1,1,0,adaptive_fold,4.2761351796802032,0,EventLocationLimited,62,0.815119,0.511918
rand022,0.5,1,1,1,adaptive_fold,4.2761351796802032,0,EventLocationLimited,62,0.751163,0.500687
rand022,0.5,1,1,1,adaptive_affine,4.2761416992145822,0,BudgetExceeded,12574,133.956079,0.503422
rand022,0.5,1,1,1,mapped_fixed63,4.2761351796802121,0,fixed_resolution,126,1.073479,0.527987
rand022,0.5,1,1,2,mapped_fixed63,4.2761351796802121,0,fixed_resolution,126,1.012979,0.504937
rand022,0.5,1,1,2,adaptive_affine,4.2761416992145822,0,BudgetExceeded,12574,134.414087,0.501094
rand022,0.5,1,1,2,adaptive_fold,4.2761351796802032,0,EventLocationLimited,62,0.801696,0.506793
rand023,0,0,0,0,mapped_fixed63,2.7812379933850955,0,fixed_resolution,126,0.836125,0.633929
rand023,0,0,0,0,adaptive_affine,2.7812399598263857,0,Converged,254,0.938187,0.625330
rand023,0,0,0,0,adaptive_fold,2.7812379933850973,0,Converged,62,0.771322,0.625594
rand023,0,0,0,1,adaptive_fold,2.7812379933850973,0,Converged,62,0.756923,0.620195
rand023,0,0,0,1,adaptive_affine,2.7812399598263857,0,Converged,254,0.936888,0.614806
rand023,0,0,0,1,mapped_fixed63,2.7812379933850955,0,fixed_resolution,126,0.829071,0.637716
rand023,0,0,0,2,mapped_fixed63,2.7812379933850955,0,fixed_resolution,126,0.795383,0.615925
rand023,0,0,0,2,adaptive_affine,2.7812399598263857,0,Converged,254,0.914962,0.616334
rand023,0,0,0,2,adaptive_fold,2.7812379933850973,0,Converged,62,0.753433,0.619299
rand023,0,0,1,0,mapped_fixed63,2.7788304409119915,0,fixed_resolution,126,0.709316,0.502368
rand023,0,0,1,0,adaptive_affine,2.7788324055494869,0,Converged,254,0.819654,0.499046
rand023,0,0,1,0,adaptive_fold,2.7788304409119919,0,Converged,62,0.659666,0.501595
rand023,0,0,1,1,adaptive_fold,2.7788304409119919,0,Converged,62,0.653816,0.499411
rand023,0,0,1,1,adaptive_affine,2.7788324055494869,0,Converged,254,0.801770,0.494915
rand023,0,0,1,1,mapped_fixed63,2.7788304409119915,0,fixed_resolution,126,0.703163,0.498388
rand023,0,0,1,2,mapped_fixed63,2.7788304409119915,0,fixed_resolution,126,0.708414,0.496308
rand023,0,0,1,2,adaptive_affine,2.7788324055494869,0,Converged,254,0.821818,0.500165
rand023,0,0,1,2,adaptive_fold,2.7788304409119919,0,Converged,62,0.659036,0.501572
rand023,0,1,0,0,mapped_fixed63,2.7812379933850955,0,fixed_resolution,126,0.811986,0.617811
rand023,0,1,0,0,adaptive_affine,2.7812399598263857,0,BudgetExceeded,12058,100.323374,0.614207
rand023,0,1,0,0,adaptive_fold,2.7812379933850973,0,Converged,3271,15.066275,0.699616
rand023,0,1,0,1,adaptive_fold,2.7812379933850973,0,Converged,3271,14.953367,0.685545
rand023,0,1,0,1,adaptive_affine,2.7812399598263857,0,BudgetExceeded,12058,100.717242,0.692048
rand023,0,1,0,1,mapped_fixed63,2.7812379933850955,0,fixed_resolution,126,0.932372,0.695214
rand023,0,1,0,2,mapped_fixed63,2.7812379933850955,0,fixed_resolution,126,0.825493,0.628098
rand023,0,1,0,2,adaptive_affine,2.7812399598263857,0,BudgetExceeded,12058,100.626070,0.618915
rand023,0,1,0,2,adaptive_fold,2.7812379933850973,0,Converged,3271,14.994803,0.694949
rand023,0,1,1,0,mapped_fixed63,2.7788304409119915,0,fixed_resolution,126,0.785123,0.520268
rand023,0,1,1,0,adaptive_affine,2.7788324055494869,0,BudgetExceeded,12058,101.477697,0.500960
rand023,0,1,1,0,adaptive_fold,2.7788304409119919,0,Converged,3271,17.786904,0.508959
rand023,0,1,1,1,adaptive_fold,2.7788304409119919,0,Converged,3271,17.712580,0.515488
rand023,0,1,1,1,adaptive_affine,2.7788324055494869,0,BudgetExceeded,12058,101.717158,0.509611
rand023,0,1,1,1,mapped_fixed63,2.7788304409119915,0,fixed_resolution,126,0.773849,0.514790
rand023,0,1,1,2,mapped_fixed63,2.7788304409119915,0,fixed_resolution,126,0.721806,0.501676
rand023,0,1,1,2,adaptive_affine,2.7788324055494869,0,BudgetExceeded,12058,101.703526,0.497759
rand023,0,1,1,2,adaptive_fold,2.7788304409119919,0,Converged,3271,17.774186,0.517918
rand023,0.5,0,0,0,mapped_fixed63,2.7784364508347221,0,fixed_resolution,126,0.945417,0.691012
rand023,0.5,0,0,0,adaptive_affine,2.7784402763050586,0,Converged,190,0.947914,0.628644
rand023,0.5,0,0,0,adaptive_fold,2.7784364508347243,0,Converged,62,0.788037,0.625991
rand023,0.5,0,0,1,adaptive_fold,2.7784364508347243,0,Converged,62,0.773305,0.618866
rand023,0.5,0,0,1,adaptive_affine,2.7784402763050586,0,Converged,190,0.899827,0.616945
rand023,0.5,0,0,1,mapped_fixed63,2.7784364508347221,0,fixed_resolution,126,0.819801,0.615290
rand023,0.5,0,0,2,mapped_fixed63,2.7784364508347221,0,fixed_resolution,126,0.816656,0.614967
rand023,0.5,0,0,2,adaptive_affine,2.7784402763050586,0,Converged,190,0.924914,0.620375
rand023,0.5,0,0,2,adaptive_fold,2.7784364508347243,0,Converged,62,0.780856,0.623977
rand023,0.5,0,1,0,mapped_fixed63,2.7760368747455018,0,fixed_resolution,126,0.735258,0.506596
rand023,0.5,0,1,0,adaptive_affine,2.7760406954208232,0,Converged,190,0.786099,0.498411
rand023,0.5,0,1,0,adaptive_fold,2.7760368747455022,0,Converged,62,0.679245,0.503251
rand023,0.5,0,1,1,adaptive_fold,2.7760368747455022,0,Converged,62,0.667682,0.497709
rand023,0.5,0,1,1,adaptive_affine,2.7760406954208232,0,Converged,190,0.790963,0.496320
rand023,0.5,0,1,1,mapped_fixed63,2.7760368747455018,0,fixed_resolution,126,0.732892,0.502066
rand023,0.5,0,1,2,mapped_fixed63,2.7760368747455018,0,fixed_resolution,126,0.721500,0.494944
rand023,0.5,0,1,2,adaptive_affine,2.7760406954208232,0,Converged,190,0.796349,0.494886
rand023,0.5,0,1,2,adaptive_fold,2.7760368747455022,0,Converged,62,0.685043,0.505960
rand023,0.5,1,0,0,mapped_fixed63,2.7784364508347221,0,fixed_resolution,126,0.896799,0.620595
rand023,0.5,1,0,0,adaptive_affine,2.7784402763050586,0,BudgetExceeded,12042,111.567697,0.613185
rand023,0.5,1,0,0,adaptive_fold,2.7784364508347243,8,TopologyUnresolved,2232,10.094439,0.693229
rand023,0.5,1,0,1,adaptive_fold,2.7784364508347243,8,TopologyUnresolved,2232,10.034369,0.677960
rand023,0.5,1,0,1,adaptive_affine,2.7784402763050586,0,BudgetExceeded,12042,108.569977,0.679438
rand023,0.5,1,0,1,mapped_fixed63,2.7784364508347221,0,fixed_resolution,126,1.013886,0.690855
rand023,0.5,1,0,2,mapped_fixed63,2.7784364508347221,0,fixed_resolution,126,0.907627,0.629843
rand023,0.5,1,0,2,adaptive_affine,2.7784402763050586,0,BudgetExceeded,12042,109.775160,0.624060
rand023,0.5,1,0,2,adaptive_fold,2.7784364508347243,8,TopologyUnresolved,2232,10.217664,0.709515
rand023,0.5,1,1,0,mapped_fixed63,2.7760368747455018,0,fixed_resolution,126,0.850134,0.509478
rand023,0.5,1,1,0,adaptive_affine,2.7760406954208232,0,BudgetExceeded,12042,108.513701,0.503101
rand023,0.5,1,1,0,adaptive_fold,2.7760368747455022,8,TopologyUnresolved,2232,10.656397,0.507324
rand023,0.5,1,1,1,adaptive_fold,2.7760368747455022,8,TopologyUnresolved,2232,10.597757,0.506778
rand023,0.5,1,1,1,adaptive_affine,2.7760406954208232,0,BudgetExceeded,12042,108.454185,0.510064
rand023,0.5,1,1,1,mapped_fixed63,2.7760368747455018,0,fixed_resolution,126,0.859909,0.519432
rand023,0.5,1,1,2,mapped_fixed63,2.7760368747455018,0,fixed_resolution,126,0.807921,0.499404
rand023,0.5,1,1,2,adaptive_affine,2.7760406954208232,0,BudgetExceeded,12042,108.782440,0.500372
rand023,0.5,1,1,2,adaptive_fold,2.7760368747455022,8,TopologyUnresolved,2232,10.688531,0.513397
rand024,0,0,0,0,mapped_fixed63,1.8874366866290526,0,fixed_resolution,126,1.161533,0.689807
rand024,0,0,0,0,adaptive_affine,1.8874401320652772,0,Converged,190,1.179260,0.648739
rand024,0,0,0,0,adaptive_fold,1.8874366866290111,0,Converged,62,1.047162,0.654997
rand024,0,0,0,1,adaptive_fold,1.8874366866290111,0,Converged,62,1.047191,0.652659
rand024,0,0,0,1,adaptive_affine,1.8874401320652772,0,Converged,190,1.150235,0.653695
rand024,0,0,0,1,mapped_fixed63,1.8874366866290526,0,fixed_resolution,126,1.091605,0.652042
rand024,0,0,0,2,mapped_fixed63,1.8874366866290526,0,fixed_resolution,126,1.081243,0.655728
rand024,0,0,0,2,adaptive_affine,1.8874401320652772,0,Converged,190,1.152890,0.651692
rand024,0,0,0,2,adaptive_fold,1.8874366866290111,0,Converged,62,1.036564,0.641970
rand024,0,0,1,0,mapped_fixed63,1.8874373552596186,0,fixed_resolution,126,2.004477,0.536357
rand024,0,0,1,0,adaptive_affine,1.887440800698122,0,Converged,190,1.699670,0.527810
rand024,0,0,1,0,adaptive_fold,1.8874373552595316,0,Converged,62,1.088711,0.531252
rand024,0,0,1,1,adaptive_fold,1.8874373552595316,0,Converged,62,1.092352,0.523506
rand024,0,0,1,1,adaptive_affine,1.887440800698122,0,Converged,190,1.683171,0.529826
rand024,0,0,1,1,mapped_fixed63,1.8874373552596186,0,fixed_resolution,126,1.995986,0.526039
rand024,0,0,1,2,mapped_fixed63,1.8874373552596186,0,fixed_resolution,126,1.988445,0.522611
rand024,0,0,1,2,adaptive_affine,1.887440800698122,0,Converged,190,1.668244,0.527231
rand024,0,0,1,2,adaptive_fold,1.8874373552595316,0,Converged,62,1.086470,0.525252
rand024,0,1,0,0,mapped_fixed63,1.8874366866290526,0,fixed_resolution,126,1.091071,0.640400
rand024,0,1,0,0,adaptive_affine,1.8874401320652772,0,BudgetExceeded,11534,91.857804,0.646483
rand024,0,1,0,0,adaptive_fold,1.8874366866290111,0,EventLocationLimited,62,1.180455,0.708561
rand024,0,1,0,1,adaptive_fold,1.8874366866290111,0,EventLocationLimited,62,1.072955,0.660914
rand024,0,1,0,1,adaptive_affine,1.8874401320652772,0,BudgetExceeded,11534,91.441280,0.649326
rand024,0,1,0,1,mapped_fixed63,1.8874366866290526,0,fixed_resolution,126,1.188789,0.704404
rand024,0,1,0,2,mapped_fixed63,1.8874366866290526,0,fixed_resolution,126,1.094592,0.649612
rand024,0,1,0,2,adaptive_affine,1.8874401320652772,0,BudgetExceeded,11534,98.066239,0.646606
rand024,0,1,0,2,adaptive_fold,1.8874366866290111,0,EventLocationLimited,62,1.696922,1.022231
rand024,0,1,1,0,mapped_fixed63,1.8874373552596186,0,fixed_resolution,126,3.001950,0.789040
rand024,0,1,1,0,adaptive_affine,1.887440800698122,0,BudgetExceeded,11534,147.174737,0.774524
rand024,0,1,1,0,adaptive_fold,1.8874373552595316,0,EventLocationLimited,62,1.174787,0.534904
rand024,0,1,1,1,adaptive_fold,1.8874373552595316,0,EventLocationLimited,62,1.126540,0.530186
rand024,0,1,1,1,adaptive_affine,1.887440800698122,0,BudgetExceeded,11534,132.070892,0.523989
rand024,0,1,1,1,mapped_fixed63,1.8874373552596186,0,fixed_resolution,126,2.054627,0.532541
rand024,0,1,1,2,mapped_fixed63,1.8874373552596186,0,fixed_resolution,126,2.014459,0.535617
rand024,0,1,1,2,adaptive_affine,1.887440800698122,0,BudgetExceeded,11534,131.602888,0.532246
rand024,0,1,1,2,adaptive_fold,1.8874373552595316,0,EventLocationLimited,62,1.173862,0.538042
rand024,0.5,0,0,0,mapped_fixed63,1.8874366262076552,0,fixed_resolution,126,1.129719,0.647820
rand024,0.5,0,0,0,adaptive_affine,1.8874386934693357,0,Converged,190,1.189125,0.643708
rand024,0.5,0,0,0,adaptive_fold,1.8874366262075819,0,Converged,62,1.060360,0.650436
rand024,0.5,0,0,1,adaptive_fold,1.8874366262075819,0,Converged,62,1.092745,0.665732
rand024,0.5,0,0,1,adaptive_affine,1.8874386934693357,0,Converged,190,1.186959,0.650153
rand024,0.5,0,0,1,mapped_fixed63,1.8874366262076552,0,fixed_resolution,126,1.101400,0.644261
rand024,0.5,0,0,2,mapped_fixed63,1.8874366262076552,0,fixed_resolution,126,1.100237,0.647870
rand024,0.5,0,0,2,adaptive_affine,1.8874386934693357,0,Converged,190,1.173390,0.642084
rand024,0.5,0,0,2,adaptive_fold,1.8874366262075819,0,Converged,62,1.052110,0.645349
rand024,0.5,0,1,0,mapped_fixed63,1.8874372948381102,0,fixed_resolution,126,2.053388,0.530536
rand024,0.5,0,1,0,adaptive_affine,1.8874393621012813,0,Converged,190,1.736807,0.533897
rand024,0.5,0,1,0,adaptive_fold,1.8874372948380167,0,Converged,62,1.105230,0.526484
rand024,0.5,0,1,1,adaptive_fold,1.8874372948380167,0,Converged,62,1.103482,0.530488
rand024,0.5,0,1,1,adaptive_affine,1.8874393621012813,0,Converged,190,1.720217,0.529377
rand024,0.5,0,1,1,mapped_fixed63,1.8874372948381102,0,fixed_resolution,126,2.029713,0.531094
rand024,0.5,0,1,2,mapped_fixed63,1.8874372948381102,0,fixed_resolution,126,2.035394,0.533219
rand024,0.5,0,1,2,adaptive_affine,1.8874393621012813,0,Converged,190,1.708993,0.520177
rand024,0.5,0,1,2,adaptive_fold,1.8874372948380167,0,Converged,62,1.103777,0.533257
rand024,0.5,1,0,0,mapped_fixed63,1.8874366262076552,0,fixed_resolution,126,1.182521,0.649550
rand024,0.5,1,0,0,adaptive_affine,1.8874386934693357,0,BudgetExceeded,11518,99.938651,0.646157
rand024,0.5,1,0,0,adaptive_fold,1.8874366262075819,0,EventLocationLimited,62,1.214034,0.713068
rand024,0.5,1,0,1,adaptive_fold,1.8874366262075819,0,EventLocationLimited,62,1.105257,0.647191
rand024,0.5,1,0,1,adaptive_affine,1.8874386934693357,0,BudgetExceeded,11518,99.979281,0.649817
rand024,0.5,1,0,1,mapped_fixed63,1.8874366262076552,0,fixed_resolution,126,1.276081,0.702731
rand024,0.5,1,0,2,mapped_fixed63,1.8874366262076552,0,fixed_resolution,126,1.186556,0.655835
rand024,0.5,1,0,2,adaptive_affine,1.8874386934693357,0,BudgetExceeded,11518,100.664112,0.648138
rand024,0.5,1,0,2,adaptive_fold,1.8874366262075819,0,EventLocationLimited,62,1.216312,0.710983
rand024,0.5,1,1,0,mapped_fixed63,1.8874372948381102,0,fixed_resolution,126,2.115484,0.530848
rand024,0.5,1,1,0,adaptive_affine,1.8874393621012813,0,BudgetExceeded,11518,140.277123,0.527990
rand024,0.5,1,1,0,adaptive_fold,1.8874372948380167,0,EventLocationLimited,62,1.221483,0.534440
rand024,0.5,1,1,1,adaptive_fold,1.8874372948380167,0,EventLocationLimited,62,1.159829,0.533371
rand024,0.5,1,1,1,adaptive_affine,1.8874393621012813,0,BudgetExceeded,11518,138.695654,0.528718
rand024,0.5,1,1,1,mapped_fixed63,1.8874372948381102,0,fixed_resolution,126,2.141276,0.531288
rand024,0.5,1,1,2,mapped_fixed63,1.8874372948381102,0,fixed_resolution,126,2.118573,0.529886
rand024,0.5,1,1,2,adaptive_affine,1.8874393621012813,0,BudgetExceeded,11518,136.607967,0.540155
rand024,0.5,1,1,2,adaptive_fold,1.8874372948380167,0,EventLocationLimited,62,1.213294,0.534835
rand025,0,0,0,0,mapped_fixed63,2.5955745555518783,0,fixed_resolution,567,2.091832,0.325175
rand025,0,0,0,0,adaptive_affine,2.5955769123574455,0,Converged,271,1.159368,0.321460
rand025,0,0,0,0,adaptive_fold,2.595574557287343,0,Converged,127,1.019552,0.320673
rand025,0,0,0,1,adaptive_fold,2.595574557287343,0,Converged,127,0.995379,0.317569
rand025,0,0,0,1,adaptive_affine,2.5955769123574455,0,Converged,271,1.145719,0.316994
rand025,0,0,0,1,mapped_fixed63,2.5955745555518783,0,fixed_resolution,567,2.183684,0.321999
rand025,0,0,0,2,mapped_fixed63,2.5955745555518783,0,fixed_resolution,567,2.060000,0.322816
rand025,0,0,0,2,adaptive_affine,2.5955769123574455,0,Converged,271,1.161240,0.325064
rand025,0,0,0,2,adaptive_fold,2.595574557287343,0,Converged,127,1.009328,0.318543
rand025,0,0,1,0,mapped_fixed63,2.5878148885365162,0,fixed_resolution,567,2.047202,0.203338
rand025,0,0,1,0,adaptive_affine,2.587817273195939,0,Converged,271,1.082608,0.213347
rand025,0,0,1,0,adaptive_fold,2.5878148901528424,0,Converged,135,0.924976,0.201364
rand025,0,0,1,1,adaptive_fold,2.5878148901528424,0,Converged,135,0.908455,0.199371
rand025,0,0,1,1,adaptive_affine,2.587817273195939,0,Converged,271,1.056829,0.204458
rand025,0,0,1,1,mapped_fixed63,2.5878148885365162,0,fixed_resolution,567,2.045285,0.203040
rand025,0,0,1,2,mapped_fixed63,2.5878148885365162,0,fixed_resolution,567,2.033591,0.203253
rand025,0,0,1,2,adaptive_affine,2.587817273195939,0,Converged,271,1.081959,0.209643
rand025,0,0,1,2,adaptive_fold,2.5878148901528424,0,Converged,135,0.924007,0.200865
rand025,0,1,0,0,mapped_fixed63,2.5955745555518783,0,fixed_resolution,567,2.112298,0.313473
rand025,0,1,0,0,adaptive_affine,2.5955769123574455,0,EventLocationLimited,591,2.073284,0.322345
rand025,0,1,0,0,adaptive_fold,2.595574557287343,0,EventLocationLimited,127,1.061770,0.322989
rand025,0,1,0,1,adaptive_fold,2.595574557287343,0,EventLocationLimited,127,1.048483,0.320699
rand025,0,1,0,1,adaptive_affine,2.5955769123574455,0,EventLocationLimited,591,2.055547,0.318526
rand025,0,1,0,1,mapped_fixed63,2.5955745555518783,0,fixed_resolution,567,2.191579,0.320399
rand025,0,1,0,2,mapped_fixed63,2.5955745555518783,0,fixed_resolution,567,2.115736,0.330843
rand025,0,1,0,2,adaptive_affine,2.5955769123574455,0,EventLocationLimited,591,2.054715,0.324337
rand025,0,1,0,2,adaptive_fold,2.595574557287343,0,EventLocationLimited,127,1.065776,0.327252
rand025,0,1,1,0,mapped_fixed63,2.5878148885365162,0,fixed_resolution,567,2.101131,0.205441
rand025,0,1,1,0,adaptive_affine,2.587817273195939,0,EventLocationLimited,591,2.012197,0.208544
rand025,0,1,1,0,adaptive_fold,2.5878148901528424,0,EventLocationLimited,135,0.968015,0.203354
rand025,0,1,1,1,adaptive_fold,2.5878148901528424,0,EventLocationLimited,135,0.966967,0.202437
rand025,0,1,1,1,adaptive_affine,2.587817273195939,0,EventLocationLimited,591,1.984916,0.203431
rand025,0,1,1,1,mapped_fixed63,2.5878148885365162,0,fixed_resolution,567,2.102998,0.204255
rand025,0,1,1,2,mapped_fixed63,2.5878148885365162,0,fixed_resolution,567,2.099680,0.209505
rand025,0,1,1,2,adaptive_affine,2.587817273195939,0,EventLocationLimited,591,1.974029,0.202904
rand025,0,1,1,2,adaptive_fold,2.5878148901528424,0,EventLocationLimited,135,0.975224,0.203871
rand025,0.5,0,0,0,mapped_fixed63,2.591483617617532,0,fixed_resolution,567,2.248921,0.320618
rand025,0.5,0,0,0,adaptive_affine,2.5914872453822571,0,Converged,255,1.231571,0.327213
rand025,0.5,0,0,0,adaptive_fold,2.5914836149097882,0,Converged,135,1.062860,0.326539
rand025,0.5,0,0,1,adaptive_fold,2.5914836149097882,0,Converged,135,1.058022,0.325362
rand025,0.5,0,0,1,adaptive_affine,2.5914872453822571,0,Converged,255,1.191875,0.321188
rand025,0.5,0,0,1,mapped_fixed63,2.591483617617532,0,fixed_resolution,567,2.246029,0.319395
rand025,0.5,0,0,2,mapped_fixed63,2.591483617617532,0,fixed_resolution,567,2.237599,0.320154
rand025,0.5,0,0,2,adaptive_affine,2.5914872453822571,0,Converged,255,1.233194,0.326544
rand025,0.5,0,0,2,adaptive_fold,2.5914836149097882,0,Converged,135,1.060841,0.325563
rand025,0.5,0,1,0,mapped_fixed63,2.5837660521930208,0,fixed_resolution,567,2.222266,0.203558
rand025,0.5,0,1,0,adaptive_affine,2.5837697573189988,0,Converged,255,1.115268,0.204674
rand025,0.5,0,1,0,adaptive_fold,2.5837660495191224,0,Converged,135,0.971887,0.203392
rand025,0.5,0,1,1,adaptive_fold,2.5837660495191224,0,Converged,135,0.958049,0.204460
rand025,0.5,0,1,1,adaptive_affine,2.5837697573189988,0,Converged,255,1.090962,0.199526
rand025,0.5,0,1,1,mapped_fixed63,2.5837660521930208,0,fixed_resolution,567,2.255479,0.200075
rand025,0.5,0,1,2,mapped_fixed63,2.5837660521930208,0,fixed_resolution,567,2.221117,0.206727
rand025,0.5,0,1,2,adaptive_affine,2.5837697573189988,0,Converged,255,1.116256,0.203683
rand025,0.5,0,1,2,adaptive_fold,2.5837660495191224,0,Converged,135,0.964667,0.201317
rand025,0.5,1,0,0,mapped_fixed63,2.591483617617532,0,fixed_resolution,567,2.689315,0.322972
rand025,0.5,1,0,0,adaptive_affine,2.5914872453822571,0,EventLocationLimited,463,2.104623,0.325120
rand025,0.5,1,0,0,adaptive_fold,2.5914836149097877,0,EventLocationLimited,135,1.174695,0.320758
rand025,0.5,1,0,1,adaptive_fold,2.5914836149097877,0,EventLocationLimited,135,1.171258,0.326041
rand025,0.5,1,0,1,adaptive_affine,2.5914872453822571,0,EventLocationLimited,463,2.093801,0.325422
rand025,0.5,1,0,1,mapped_fixed63,2.591483617617532,0,fixed_resolution,567,2.663551,0.327179
rand025,0.5,1,0,2,mapped_fixed63,2.591483617617532,0,fixed_resolution,567,2.627655,0.327881
rand025,0.5,1,0,2,adaptive_affine,2.5914872453822571,0,EventLocationLimited,463,2.084749,0.322059
rand025,0.5,1,0,2,adaptive_fold,2.5914836149097877,0,EventLocationLimited,135,1.174744,0.321714
rand025,0.5,1,1,0,mapped_fixed63,2.5837660521930208,0,fixed_resolution,567,2.707069,0.206231
rand025,0.5,1,1,0,adaptive_affine,2.5837697573189988,0,EventLocationLimited,463,2.005126,0.210068
rand025,0.5,1,1,0,adaptive_fold,2.5837660495191224,0,EventLocationLimited,135,1.083471,0.203106
rand025,0.5,1,1,1,adaptive_fold,2.5837660495191224,0,EventLocationLimited,135,1.072779,0.203262
rand025,0.5,1,1,1,adaptive_affine,2.5837697573189988,0,EventLocationLimited,463,2.012514,0.203198
rand025,0.5,1,1,1,mapped_fixed63,2.5837660521930208,0,fixed_resolution,567,2.677294,0.202918
rand025,0.5,1,1,2,mapped_fixed63,2.5837660521930208,0,fixed_resolution,567,2.585158,0.206297
rand025,0.5,1,1,2,adaptive_affine,2.5837697573189988,0,EventLocationLimited,463,1.999966,0.203582
rand025,0.5,1,1,2,adaptive_fold,2.5837660495191224,0,EventLocationLimited,135,1.080045,0.203728
rand026,0,0,0,0,mapped_fixed63,3.0881588461739016,0,fixed_resolution,126,1.086111,0.659759
rand026,0,0,0,0,adaptive_affine,3.0881609766789859,0,Converged,254,1.217935,0.663886
rand026,0,0,0,0,adaptive_fold,3.0881588461738767,0,Converged,62,1.018971,0.650511
rand026,0,0,0,1,adaptive_fold,3.0881588461738767,0,Converged,62,0.998026,0.644663
rand026,0,0,0,1,adaptive_affine,3.0881609766789859,0,Converged,254,1.172001,0.642070
rand026,0,0,0,1,mapped_fixed63,3.0881588461739016,0,fixed_resolution,126,1.055833,0.649118
rand026,0,0,0,2,mapped_fixed63,3.0881588461739016,0,fixed_resolution,126,1.045263,0.645664
rand026,0,0,0,2,adaptive_affine,3.0881609766789859,0,Converged,254,1.162733,0.642847
rand026,0,0,0,2,adaptive_fold,3.0881588461738767,0,Converged,62,1.004150,0.649130
rand026,0,0,1,0,mapped_fixed63,3.088399485709211,0,fixed_resolution,126,1.208956,0.513921
rand026,0,0,1,0,adaptive_affine,3.0884016163803496,0,Converged,254,1.168514,0.512609
rand026,0,0,1,0,adaptive_fold,3.0883994857092194,0,Converged,62,0.930528,0.521382
rand026,0,0,1,1,adaptive_fold,3.0883994857092194,0,Converged,62,0.917645,0.511344
rand026,0,0,1,1,adaptive_affine,3.0884016163803496,0,Converged,254,1.169600,0.513770
rand026,0,0,1,1,mapped_fixed63,3.088399485709211,0,fixed_resolution,126,1.219333,0.521889
rand026,0,0,1,2,mapped_fixed63,3.088399485709211,0,fixed_resolution,126,1.198826,0.511428
rand026,0,0,1,2,adaptive_affine,3.0884016163803496,0,Converged,254,1.157738,0.513375
rand026,0,0,1,2,adaptive_fold,3.0883994857092194,0,Converged,62,0.919973,0.517229
rand026,0,1,0,0,mapped_fixed63,3.0881588461739016,0,fixed_resolution,126,1.064390,0.640583
rand026,0,1,0,0,adaptive_affine,3.0881609766789859,0,BudgetExceeded,12582,105.778393,0.642094
rand026,0,1,0,0,adaptive_fold,3.0881588461738767,0,EventLocationLimited,62,1.170281,0.742015
rand026,0,1,0,1,adaptive_fold,3.0881588461738767,0,EventLocationLimited,62,1.035605,0.649643
rand026,0,1,0,1,adaptive_affine,3.0881609766789859,0,BudgetExceeded,12582,104.023797,0.647409
rand026,0,1,0,1,mapped_fixed63,3.0881588461739016,0,fixed_resolution,126,1.211190,0.743212
rand026,0,1,0,2,mapped_fixed63,3.0881588461739016,0,fixed_resolution,126,1.071779,0.653147
rand026,0,1,0,2,adaptive_affine,3.0881609766789859,0,BudgetExceeded,12582,103.486973,0.649837
rand026,0,1,0,2,adaptive_fold,3.0881588461738767,0,EventLocationLimited,62,1.128046,0.700073
rand026,0,1,1,0,mapped_fixed63,3.088399485709211,0,fixed_resolution,126,1.245274,0.520933
rand026,0,1,1,0,adaptive_affine,3.0884016163803496,0,BudgetExceeded,12582,125.419394,0.514824
rand026,0,1,1,0,adaptive_fold,3.0883994857092194,0,EventLocationLimited,62,1.002868,0.521642
rand026,0,1,1,1,adaptive_fold,3.0883994857092194,0,EventLocationLimited,62,0.938555,0.519325
rand026,0,1,1,1,adaptive_affine,3.0884016163803496,0,BudgetExceeded,12582,125.809121,0.512447
rand026,0,1,1,1,mapped_fixed63,3.088399485709211,0,fixed_resolution,126,1.273229,0.524253
rand026,0,1,1,2,mapped_fixed63,3.088399485709211,0,fixed_resolution,126,1.221960,0.516448
rand026,0,1,1,2,adaptive_affine,3.0884016163803496,0,BudgetExceeded,12582,124.883803,0.515068
rand026,0,1,1,2,adaptive_fold,3.0883994857092194,0,EventLocationLimited,62,0.994959,0.518985
rand026,0.5,0,0,0,mapped_fixed63,3.0881549216818396,0,fixed_resolution,126,1.092413,0.646498
rand026,0.5,0,0,0,adaptive_affine,3.0881592260750397,0,Converged,190,1.146734,0.643147
rand026,0.5,0,0,0,adaptive_fold,3.0881549216818134,0,Converged,62,1.023277,0.649218
rand026,0.5,0,0,1,adaptive_fold,3.0881549216818134,0,Converged,62,1.025133,0.645530
rand026,0.5,0,0,1,adaptive_affine,3.0881592260750397,0,Converged,190,1.161937,0.668322
rand026,0.5,0,0,1,mapped_fixed63,3.0881549216818396,0,fixed_resolution,126,1.082144,0.650187
rand026,0.5,0,0,2,mapped_fixed63,3.0881549216818396,0,fixed_resolution,126,1.071469,0.648203
rand026,0.5,0,0,2,adaptive_affine,3.0881592260750397,0,Converged,190,1.140759,0.645738
rand026,0.5,0,0,2,adaptive_fold,3.0881549216818134,0,Converged,62,1.028468,0.649754
rand026,0.5,0,1,0,mapped_fixed63,3.0883955602417252,0,fixed_resolution,126,1.234596,0.519927
rand026,0.5,0,1,0,adaptive_affine,3.0883998650833213,0,Converged,190,1.085562,0.517884
rand026,0.5,0,1,0,adaptive_fold,3.0883955602417412,0,Converged,62,0.923347,0.509689
rand026,0.5,0,1,1,adaptive_fold,3.0883955602417412,0,Converged,62,0.933892,0.515270
rand026,0.5,0,1,1,adaptive_affine,3.0883998650833213,0,Converged,190,1.074077,0.509306
rand026,0.5,0,1,1,mapped_fixed63,3.0883955602417252,0,fixed_resolution,126,1.230719,0.512839
rand026,0.5,0,1,2,mapped_fixed63,3.0883955602417252,0,fixed_resolution,126,1.279513,0.533525
rand026,0.5,0,1,2,adaptive_affine,3.0883998650833213,0,Converged,190,1.079987,0.514106
rand026,0.5,0,1,2,adaptive_fold,3.0883955602417412,0,Converged,62,0.945236,0.515526
rand026,0.5,1,0,0,mapped_fixed63,3.0881549216818396,0,fixed_resolution,126,1.160887,0.649168
rand026,0.5,1,0,0,adaptive_affine,3.0881592260750397,0,BudgetExceeded,12574,132.532086,0.657899
rand026,0.5,1,0,0,adaptive_fold,3.0881549216818134,0,EventLocationLimited,62,1.699309,1.022236
rand026,0.5,1,0,1,adaptive_fold,3.0881549216818134,0,EventLocationLimited,62,1.543077,0.949602
rand026,0.5,1,0,1,adaptive_affine,3.0881592260750397,0,BudgetExceeded,12574,116.315482,0.951104
rand026,0.5,1,0,1,mapped_fixed63,3.0881549216818396,0,fixed_resolution,126,1.243518,0.702208
rand026,0.5,1,0,2,mapped_fixed63,3.0881549216818396,0,fixed_resolution,126,1.154631,0.647151
rand026,0.5,1,0,2,adaptive_affine,3.0881592260750397,0,BudgetExceeded,12574,112.692051,0.643651
rand026,0.5,1,0,2,adaptive_fold,3.0881549216818134,0,EventLocationLimited,62,1.165926,0.698209
rand026,0.5,1,1,0,mapped_fixed63,3.0883955602417252,0,fixed_resolution,126,1.328862,0.523622
rand026,0.5,1,1,0,adaptive_affine,3.0883998650833213,0,BudgetExceeded,12574,135.159339,0.517243
rand026,0.5,1,1,0,adaptive_fold,3.0883955602417412,0,EventLocationLimited,62,1.049423,0.524155
rand026,0.5,1,1,1,adaptive_fold,3.0883955602417412,0,EventLocationLimited,62,0.980590,0.515367
rand026,0.5,1,1,1,adaptive_affine,3.0883998650833213,0,BudgetExceeded,12574,134.543777,0.514335
rand026,0.5,1,1,1,mapped_fixed63,3.0883955602417252,0,fixed_resolution,126,1.356909,0.521855
rand026,0.5,1,1,2,mapped_fixed63,3.0883955602417252,0,fixed_resolution,126,1.318010,0.522070
rand026,0.5,1,1,2,adaptive_affine,3.0883998650833213,0,BudgetExceeded,12574,133.724185,0.512071
rand026,0.5,1,1,2,adaptive_fold,3.0883955602417412,0,EventLocationLimited,62,1.041403,0.523498
rand027,0,0,0,0,mapped_fixed63,2.2454434763708697,0,fixed_resolution,189,0.905736,0.669339
rand027,0,0,0,0,adaptive_affine,2.2454450269861939,0,Converged,261,1.025940,0.661927
rand027,0,0,0,0,adaptive_fold,2.2454434763705491,0,Converged,69,0.848851,0.664551
rand027,0,0,0,1,adaptive_fold,2.2454434763705491,0,Converged,69,0.843454,0.658646
rand027,0,0,0,1,adaptive_affine,2.2454450269861939,0,Converged,261,1.068498,0.675943
rand027,0,0,0,1,mapped_fixed63,2.2454434763708697,0,fixed_resolution,189,0.878338,0.661479
rand027,0,0,0,2,mapped_fixed63,2.2454434763708697,0,fixed_resolution,189,0.866493,0.652637
rand027,0,0,0,2,adaptive_affine,2.2454450269861939,0,Converged,261,0.999604,0.647445
rand027,0,0,0,2,adaptive_fold,2.2454434763705491,0,Converged,69,0.837330,0.649656
rand027,0,0,1,0,mapped_fixed63,2.245401003778325,0,fixed_resolution,189,0.552230,0.242728
rand027,0,0,1,0,adaptive_affine,2.2454025543642464,0,Converged,261,0.605651,0.234979
rand027,0,0,1,0,adaptive_fold,2.2454010037780052,0,Converged,69,0.423864,0.230407
rand027,0,0,1,1,adaptive_fold,2.2454010037780052,0,Converged,69,0.427621,0.230218
rand027,0,0,1,1,adaptive_affine,2.2454025543642464,0,Converged,261,0.603243,0.230754
rand027,0,0,1,1,mapped_fixed63,2.245401003778325,0,fixed_resolution,189,0.562345,0.231609
rand027,0,0,1,2,mapped_fixed63,2.245401003778325,0,fixed_resolution,189,0.544729,0.238582
rand027,0,0,1,2,adaptive_affine,2.2454025543642464,0,Converged,261,0.591390,0.229819
rand027,0,0,1,2,adaptive_fold,2.2454010037780052,0,Converged,69,0.426728,0.229459
rand027,0,1,0,0,mapped_fixed63,2.2454434763708697,0,fixed_resolution,189,0.889891,0.653872
rand027,0,1,0,0,adaptive_affine,2.2454450269861939,0,BudgetExceeded,12065,97.816002,0.655539
rand027,0,1,0,0,adaptive_fold,2.2454434763705491,0,EventLocationLimited,77,0.998918,0.724117
rand027,0,1,0,1,adaptive_fold,2.2454434763705491,0,EventLocationLimited,77,0.878791,0.661824
rand027,0,1,0,1,adaptive_affine,2.2454450269861939,0,BudgetExceeded,12065,96.421595,0.659900
rand027,0,1,0,1,mapped_fixed63,2.2454434763708697,0,fixed_resolution,189,0.982157,0.711070
rand027,0,1,0,2,mapped_fixed63,2.2454434763708697,0,fixed_resolution,189,0.900376,0.662234
rand027,0,1,0,2,adaptive_affine,2.2454450269861939,0,BudgetExceeded,12065,96.505282,0.658840
rand027,0,1,0,2,adaptive_fold,2.2454434763705491,0,EventLocationLimited,77,0.994133,0.723151
rand027,0,1,1,0,mapped_fixed63,2.245401003778325,0,fixed_resolution,189,0.575726,0.242074
rand027,0,1,1,0,adaptive_affine,2.2454025543642464,0,BudgetExceeded,12065,103.992509,0.233501
rand027,0,1,1,0,adaptive_fold,2.2454010037780052,0,EventLocationLimited,77,0.544472,0.263468
rand027,0,1,1,1,adaptive_fold,2.2454010037780052,0,EventLocationLimited,77,0.475791,0.235054
rand027,0,1,1,1,adaptive_affine,2.2454025543642464,0,BudgetExceeded,12065,105.334151,0.230061
rand027,0,1,1,1,mapped_fixed63,2.245401003778325,0,fixed_resolution,189,0.600944,0.241803
rand027,0,1,1,2,mapped_fixed63,2.245401003778325,0,fixed_resolution,189,0.572304,0.232756
rand027,0,1,1,2,adaptive_affine,2.2454025543642464,0,BudgetExceeded,12065,120.688643,0.234698
rand027,0,1,1,2,adaptive_fold,2.2454010037780052,0,EventLocationLimited,77,0.725150,0.341504
rand027,0.5,0,0,0,mapped_fixed63,2.2453478305076167,0,fixed_resolution,189,1.349818,0.858139
rand027,0.5,0,0,0,adaptive_affine,2.2453505679792696,0,Converged,197,1.305759,0.835020
rand027,0.5,0,0,0,adaptive_fold,2.2453478305060739,0,Converged,69,1.043485,0.803642
rand027,0.5,0,0,1,adaptive_fold,2.2453478305060739,0,Converged,69,1.189293,0.896482
rand027,0.5,0,0,1,adaptive_affine,2.2453505679792696,0,Converged,197,1.157764,0.769575
rand027,0.5,0,0,1,mapped_fixed63,2.2453478305076167,0,fixed_resolution,189,1.042514,0.654993
rand027,0.5,0,0,2,mapped_fixed63,2.2453478305076167,0,fixed_resolution,189,1.205920,0.740059
rand027,0.5,0,0,2,adaptive_affine,2.2453505679792696,0,Converged,197,1.187051,0.809976
rand027,0.5,0,0,2,adaptive_fold,2.2453478305060739,0,Converged,69,0.972063,0.741964
rand027,0.5,0,1,0,mapped_fixed63,2.2453053640714886,0,fixed_resolution,189,0.737952,0.258802
rand027,0.5,0,1,0,adaptive_affine,2.2453081014636469,0,Converged,197,0.594614,0.240482
rand027,0.5,0,1,0,adaptive_fold,2.2453053640699476,0,Converged,69,0.469827,0.237279
rand027,0.5,0,1,1,adaptive_fold,2.2453053640699476,0,Converged,69,0.453344,0.231971
rand027,0.5,0,1,1,adaptive_affine,2.2453081014636469,0,Converged,197,0.586929,0.237854
rand027,0.5,0,1,1,mapped_fixed63,2.2453053640714886,0,fixed_resolution,189,0.664544,0.231866
rand027,0.5,0,1,2,mapped_fixed63,2.2453053640714886,0,fixed_resolution,189,0.658290,0.234965
rand027,0.5,0,1,2,adaptive_affine,2.2453081014636469,0,Converged,197,0.575448,0.228660
rand027,0.5,0,1,2,adaptive_fold,2.2453053640699476,0,Converged,69,0.460041,0.234055
rand027,0.5,1,0,0,mapped_fixed63,2.2453478305076167,0,fixed_resolution,189,1.116262,0.656706
rand027,0.5,1,0,0,adaptive_affine,2.2453505679792696,0,BudgetExceeded,12049,104.576876,0.652714
rand027,0.5,1,0,0,adaptive_fold,2.2453478305060739,0,EventLocationLimited,93,1.121106,0.712174
rand027,0.5,1,0,1,adaptive_fold,2.2453478305060739,0,EventLocationLimited,93,1.015960,0.662369
rand027,0.5,1,0,1,adaptive_affine,2.2453505679792696,0,BudgetExceeded,12049,103.909838,0.659407
rand027,0.5,1,0,1,mapped_fixed63,2.2453478305076167,0,fixed_resolution,189,1.204155,0.712064
rand027,0.5,1,0,2,mapped_fixed63,2.2453478305076167,0,fixed_resolution,189,1.126015,0.662297
rand027,0.5,1,0,2,adaptive_affine,2.2453505679792696,0,BudgetExceeded,12049,104.474214,0.652878
rand027,0.5,1,0,2,adaptive_fold,2.2453478305060739,0,EventLocationLimited,93,1.163412,0.728307
rand027,0.5,1,1,0,mapped_fixed63,2.2453053640714886,0,fixed_resolution,189,0.801517,0.238846
rand027,0.5,1,1,0,adaptive_affine,2.2453081014636469,0,BudgetExceeded,12049,111.504231,0.236566
rand027,0.5,1,1,0,adaptive_fold,2.2453053640699476,0,EventLocationLimited,93,0.655514,0.240153
rand027,0.5,1,1,1,adaptive_fold,2.2453053640699476,0,EventLocationLimited,93,0.607025,0.234897
rand027,0.5,1,1,1,adaptive_affine,2.2453081014636469,0,BudgetExceeded,12049,111.195958,0.233073
rand027,0.5,1,1,1,mapped_fixed63,2.2453053640714886,0,fixed_resolution,189,0.833384,0.241865
rand027,0.5,1,1,2,mapped_fixed63,2.2453053640714886,0,fixed_resolution,189,0.786620,0.235210
rand027,0.5,1,1,2,adaptive_affine,2.2453081014636469,0,BudgetExceeded,12049,115.688056,0.234181
rand027,0.5,1,1,2,adaptive_fold,2.2453053640699476,0,EventLocationLimited,93,0.939044,0.354059
rand028,0,0,0,0,mapped_fixed63,4.5373602289612771,0,fixed_resolution,252,5.722287,1.708429
rand028,0,0,0,0,adaptive_affine,4.5373641958795359,0,Converged,188,2.483365,1.663735
rand028,0,0,0,0,adaptive_fold,4.5373602874643053,0,Converged,76,2.249486,1.619110
rand028,0,0,0,1,adaptive_fold,4.5373602874643053,0,Converged,76,2.190330,1.613901
rand028,0,0,0,1,adaptive_affine,4.5373641958795359,0,Converged,188,2.068839,1.467229
rand028,0,0,0,1,mapped_fixed63,4.5373602289612771,0,fixed_resolution,252,4.358376,1.236764
rand028,0,0,0,2,mapped_fixed63,4.5373602289612771,0,fixed_resolution,252,4.378495,1.238217
rand028,0,0,0,2,adaptive_affine,4.5373641958795359,0,Converged,188,1.815429,1.190622
rand028,0,0,0,2,adaptive_fold,4.5373602874643053,0,Converged,76,1.663667,1.219298
rand028,0,0,1,0,mapped_fixed63,4.5384955154612987,0,fixed_resolution,252,3.112761,1.030518
rand028,0,0,1,0,adaptive_affine,4.5384994833347001,0,Converged,188,1.623914,1.034091
rand028,0,0,1,0,adaptive_fold,4.5384955739765873,0,Converged,76,1.469363,1.029405
rand028,0,0,1,1,adaptive_fold,4.5384955739765873,0,Converged,76,1.464518,1.026792
rand028,0,0,1,1,adaptive_affine,4.5384994833347001,0,Converged,188,1.609574,1.024221
rand028,0,0,1,1,mapped_fixed63,4.5384955154612987,0,fixed_resolution,252,3.106881,1.021873
rand028,0,0,1,2,mapped_fixed63,4.5384955154612987,0,fixed_resolution,252,3.038814,1.026005
rand028,0,0,1,2,adaptive_affine,4.5384994833347001,0,Converged,188,1.608182,1.023260
rand028,0,0,1,2,adaptive_fold,4.5384955739765873,0,Converged,76,1.465677,1.018716
rand028,0,1,0,0,mapped_fixed63,4.5373602289612771,0,fixed_resolution,252,3.973326,1.138154
rand028,0,1,0,0,adaptive_affine,4.5373641958795359,0,BudgetExceeded,11310,109.786488,1.130383
rand028,0,1,0,0,adaptive_fold,4.5373602874643053,0,EventLocationLimited,188,2.861935,1.678006
rand028,0,1,0,1,adaptive_fold,4.5373602874643053,0,EventLocationLimited,188,2.732595,1.596402
rand028,0,1,0,1,adaptive_affine,4.5373641958795359,0,BudgetExceeded,11310,99.082250,1.580971
rand028,0,1,0,1,mapped_fixed63,4.5373602289612771,0,fixed_resolution,252,3.988334,1.219914
rand028,0,1,0,2,mapped_fixed63,4.5373602289612771,0,fixed_resolution,252,3.938912,1.141336
rand028,0,1,0,2,adaptive_affine,4.5373641958795359,0,BudgetExceeded,11310,93.990043,1.138882
rand028,0,1,0,2,adaptive_fold,4.5373602874643053,0,EventLocationLimited,188,2.087890,1.215881
rand028,0,1,1,0,mapped_fixed63,4.5384955154612987,0,fixed_resolution,252,3.149301,1.025662
rand028,0,1,1,0,adaptive_affine,4.5384994833347001,0,BudgetExceeded,11310,98.102050,1.029127
rand028,0,1,1,0,adaptive_fold,4.5384955739765873,0,EventLocationLimited,188,1.895881,1.035899
rand028,0,1,1,1,adaptive_fold,4.5384955739765873,0,EventLocationLimited,188,1.867580,1.022055
rand028,0,1,1,1,adaptive_affine,4.5384994833347001,0,BudgetExceeded,11310,100.754980,1.029429
rand028,0,1,1,1,mapped_fixed63,4.5384955154612987,0,fixed_resolution,252,3.157291,1.031153
rand028,0,1,1,2,mapped_fixed63,4.5384955154612987,0,fixed_resolution,252,3.058683,1.028875
rand028,0,1,1,2,adaptive_affine,4.5384994833347001,0,BudgetExceeded,11310,97.480500,1.016627
rand028,0,1,1,2,adaptive_fold,4.5384955739765873,0,EventLocationLimited,188,1.888430,1.033164
rand028,0.5,0,0,0,mapped_fixed63,4.537329654328996,0,fixed_resolution,252,3.987326,1.145640
rand028,0.5,0,0,0,adaptive_affine,4.5373375366597903,0,Converged,180,1.716730,1.145483
rand028,0.5,0,0,0,adaptive_fold,4.5373296894308277,0,Converged,76,1.590407,1.144408
rand028,0.5,0,0,1,adaptive_fold,4.5373296894308277,0,Converged,76,1.582576,1.140771
rand028,0.5,0,0,1,adaptive_affine,4.5373375366597903,0,Converged,180,1.706008,1.143834
rand028,0.5,0,0,1,mapped_fixed63,4.537329654328996,0,fixed_resolution,252,3.988418,1.137912
rand028,0.5,0,0,2,mapped_fixed63,4.537329654328996,0,fixed_resolution,252,3.897916,1.135507
rand028,0.5,0,0,2,adaptive_affine,4.5373375366597903,0,Converged,180,1.704207,1.135868
rand028,0.5,0,0,2,adaptive_fold,4.5373296894308277,0,Converged,76,1.566334,1.133051
rand028,0.5,0,1,0,mapped_fixed63,4.5384649172636511,0,fixed_resolution,252,3.184417,1.020078
rand028,0.5,0,1,0,adaptive_affine,4.5384728012579059,0,Converged,180,1.630965,1.028492
rand028,0.5,0,1,0,adaptive_fold,4.5384649523728262,0,Converged,76,1.479484,1.020062
rand028,0.5,0,1,1,adaptive_fold,4.5384649523728262,0,Converged,76,1.486334,1.029133
rand028,0.5,0,1,1,adaptive_affine,4.5384728012579059,0,Converged,180,1.613106,1.020273
rand028,0.5,0,1,1,mapped_fixed63,4.5384649172636511,0,fixed_resolution,252,3.111755,1.043277
rand028,0.5,0,1,2,mapped_fixed63,4.5384649172636511,0,fixed_resolution,252,3.089832,1.020850
rand028,0.5,0,1,2,adaptive_affine,4.5384728012579059,0,Converged,180,1.629678,1.038304
rand028,0.5,0,1,2,adaptive_fold,4.5384649523728262,0,Converged,76,1.485873,1.019522
rand028,0.5,1,0,0,mapped_fixed63,4.537329654328996,0,fixed_resolution,252,4.054680,1.143317
rand028,0.5,1,0,0,adaptive_affine,4.5373375366597903,0,BudgetExceeded,11302,101.928499,1.136457
rand028,0.5,1,0,0,adaptive_fold,4.5373296894308277,0,EventLocationLimited,188,2.231642,1.216534
rand028,0.5,1,0,1,adaptive_fold,4.5373296894308277,0,EventLocationLimited,188,2.080852,1.137586
rand028,0.5,1,0,1,adaptive_affine,4.5373375366597903,0,BudgetExceeded,11302,101.450040,1.141427
rand028,0.5,1,0,1,mapped_fixed63,4.537329654328996,0,fixed_resolution,252,4.193807,1.208657
rand028,0.5,1,0,2,mapped_fixed63,4.537329654328996,0,fixed_resolution,252,4.032565,1.127645
rand028,0.5,1,0,2,adaptive_affine,4.5373375366597903,0,BudgetExceeded,11302,101.255833,1.133491
rand028,0.5,1,0,2,adaptive_fold,4.5373296894308277,0,EventLocationLimited,188,2.184585,1.183168
rand028,0.5,1,1,0,mapped_fixed63,4.5384649172636511,0,fixed_resolution,252,3.246622,1.027877
rand028,0.5,1,1,0,adaptive_affine,4.5384728012579059,0,BudgetExceeded,11302,113.770325,1.036345
rand028,0.5,1,1,0,adaptive_fold,4.5384649523728262,0,EventLocationLimited,188,2.057075,1.030614
rand028,0.5,1,1,1,adaptive_fold,4.5384649523728262,0,EventLocationLimited,188,1.990473,1.029668
rand028,0.5,1,1,1,adaptive_affine,4.5384728012579059,0,BudgetExceeded,11302,115.355774,1.020380
rand028,0.5,1,1,1,mapped_fixed63,4.5384649172636511,0,fixed_resolution,252,3.329454,1.034157
rand028,0.5,1,1,2,mapped_fixed63,4.5384649172636511,0,fixed_resolution,252,3.229561,1.024204
rand028,0.5,1,1,2,adaptive_affine,4.5384728012579059,0,BudgetExceeded,11302,105.644857,1.018744
rand028,0.5,1,1,2,adaptive_fold,4.5384649523728262,0,EventLocationLimited,188,2.006236,1.030539
rand029,0,0,0,0,mapped_fixed63,37.446645151367584,0,fixed_resolution,315,1.382159,0.633566
rand029,0,0,0,0,adaptive_affine,37.44667984871483,0,Converged,259,1.294619,0.633960
rand029,0,0,0,0,adaptive_fold,37.44664515136887,0,Converged,99,1.054794,0.630037
rand029,0,0,0,1,adaptive_fold,37.44664515136887,0,Converged,99,1.038968,0.626173
rand029,0,0,0,1,adaptive_affine,37.44667984871483,0,Converged,259,1.271229,0.625311
rand029,0,0,0,1,mapped_fixed63,37.446645151367584,0,fixed_resolution,315,1.413801,0.621791
rand029,0,0,0,2,mapped_fixed63,37.446645151367584,0,fixed_resolution,315,1.373743,0.652016
rand029,0,0,0,2,adaptive_affine,37.44667984871483,0,Converged,259,1.266727,0.623505
rand029,0,0,0,2,adaptive_fold,37.44664515136887,0,Converged,99,1.044236,0.620791
rand029,0,0,1,0,mapped_fixed63,37.678244570281805,0,fixed_resolution,315,1.176494,0.432004
rand029,0,0,1,0,adaptive_affine,37.678279400943445,0,Converged,259,1.087792,0.431814
rand029,0,0,1,0,adaptive_fold,37.678244570283283,0,Converged,99,0.838386,0.424779
rand029,0,0,1,1,adaptive_fold,37.678244570283283,0,Converged,99,0.843895,0.427344
rand029,0,0,1,1,adaptive_affine,37.678279400943445,0,Converged,259,1.065061,0.420980
rand029,0,0,1,1,mapped_fixed63,37.678244570281805,0,fixed_resolution,315,1.197839,0.432816
rand029,0,0,1,2,mapped_fixed63,37.678244570281805,0,fixed_resolution,315,1.162694,0.427708
rand029,0,0,1,2,adaptive_affine,37.678279400943445,0,Converged,259,1.134204,0.427365
rand029,0,0,1,2,adaptive_fold,37.678244570283283,0,Converged,99,0.845572,0.426913
rand029,0,1,0,0,mapped_fixed63,37.446645151367584,0,fixed_resolution,315,1.380685,0.625072
rand029,0,1,0,0,adaptive_affine,37.44667984871483,0,BudgetExceeded,11301,96.984767,0.628459
rand029,0,1,0,0,adaptive_fold,37.44664515136887,0,EventLocationLimited,2530,13.290092,0.827928
rand029,0,1,0,1,adaptive_fold,37.44664515136887,0,EventLocationLimited,2530,12.476265,0.647212
rand029,0,1,0,1,adaptive_affine,37.44667984871483,0,BudgetExceeded,11301,116.678531,0.648227
rand029,0,1,0,1,mapped_fixed63,37.446645151367584,0,fixed_resolution,315,1.606282,0.718772
rand029,0,1,0,2,mapped_fixed63,37.446645151367584,0,fixed_resolution,315,1.782690,0.829520
rand029,0,1,0,2,adaptive_affine,37.44667984871483,0,BudgetExceeded,11301,89.867214,0.733172
rand029,0,1,0,2,adaptive_fold,37.44664515136887,0,EventLocationLimited,2530,12.359040,0.657188
rand029,0,1,1,0,mapped_fixed63,37.678244570281805,0,fixed_resolution,315,1.225862,0.434147
rand029,0,1,1,0,adaptive_affine,37.678279400943445,0,BudgetExceeded,11301,88.729329,0.427607
rand029,0,1,1,0,adaptive_fold,37.678244570283283,0,EventLocationLimited,1855,7.055387,0.458211
rand029,0,1,1,1,adaptive_fold,37.678244570283283,0,EventLocationLimited,1855,7.088927,0.430172
rand029,0,1,1,1,adaptive_affine,37.678279400943445,0,BudgetExceeded,11301,89.047366,0.436272
rand029,0,1,1,1,mapped_fixed63,37.678244570281805,0,fixed_resolution,315,1.216300,0.433166
rand029,0,1,1,2,mapped_fixed63,37.678244570281805,0,fixed_resolution,315,1.197707,0.428194
rand029,0,1,1,2,adaptive_affine,37.678279400943445,0,BudgetExceeded,11301,88.576070,0.425093
rand029,0,1,1,2,adaptive_fold,37.678244570283283,0,EventLocationLimited,1855,7.070333,0.437693
rand029,0.5,0,0,0,mapped_fixed63,37.269634472251198,0,fixed_resolution,315,1.552568,0.643258
rand029,0.5,0,0,0,adaptive_affine,37.269679837582522,0,Converged,227,1.296916,0.630389
rand029,0.5,0,0,0,adaptive_fold,37.269634602705636,0,Converged,83,1.042106,0.630252
rand029,0.5,0,0,1,adaptive_fold,37.269634602705636,0,Converged,83,1.033897,0.629314
rand029,0.5,0,0,1,adaptive_affine,37.269679837582522,0,Converged,227,1.274019,0.626740
rand029,0.5,0,0,1,mapped_fixed63,37.269634472251198,0,fixed_resolution,315,1.572814,0.632027
rand029,0.5,0,0,2,mapped_fixed63,37.269634472251198,0,fixed_resolution,315,1.505529,0.623997
rand029,0.5,0,0,2,adaptive_affine,37.269679837582522,0,Converged,227,1.262252,0.619298
rand029,0.5,0,0,2,adaptive_fold,37.269634602705636,0,Converged,83,1.040736,0.624074
rand029,0.5,0,1,0,mapped_fixed63,37.497690839659214,0,fixed_resolution,315,1.327034,0.428716
rand029,0.5,0,1,0,adaptive_affine,37.497736472331106,0,Converged,227,1.087952,0.430107
rand029,0.5,0,1,0,adaptive_fold,37.497690976622032,0,Converged,83,0.844229,0.428345
rand029,0.5,0,1,1,adaptive_fold,37.497690976622032,0,Converged,83,0.841259,0.423459
rand029,0.5,0,1,1,adaptive_affine,37.497736472331106,0,Converged,227,1.094634,0.430611
rand029,0.5,0,1,1,mapped_fixed63,37.497690839659214,0,fixed_resolution,315,1.331583,0.426819
rand029,0.5,0,1,2,mapped_fixed63,37.497690839659214,0,fixed_resolution,315,1.315857,0.422182
rand029,0.5,0,1,2,adaptive_affine,37.497736472331106,0,Converged,227,1.085147,0.423793
rand029,0.5,0,1,2,adaptive_fold,37.497690976622032,0,Converged,83,0.835490,0.423654
rand029,0.5,1,0,0,mapped_fixed63,37.269634472251198,0,fixed_resolution,315,1.701551,0.625559
rand029,0.5,1,0,0,adaptive_affine,37.269679837582522,0,BudgetExceeded,11285,97.185825,0.629766
rand029,0.5,1,0,0,adaptive_fold,37.269634602705636,8,TopologyUnresolved,2031,10.484128,0.687148
rand029,0.5,1,0,1,adaptive_fold,37.269634602705636,8,TopologyUnresolved,2031,10.394308,0.651877
rand029,0.5,1,0,1,adaptive_affine,37.269679837582522,0,BudgetExceeded,11285,97.186401,0.648659
rand029,0.5,1,0,1,mapped_fixed63,37.269634472251198,0,fixed_resolution,315,1.760960,0.666275
rand029,0.5,1,0,2,mapped_fixed63,37.269634472251198,0,fixed_resolution,315,1.703757,0.632370
rand029,0.5,1,0,2,adaptive_affine,37.269679837582522,0,BudgetExceeded,11285,97.219696,0.632111
rand029,0.5,1,0,2,adaptive_fold,37.269634602705636,8,TopologyUnresolved,2031,10.551244,0.683602
rand029,0.5,1,1,0,mapped_fixed63,37.497690839659214,0,fixed_resolution,315,1.545633,0.436515
rand029,0.5,1,1,0,adaptive_affine,37.497736472331113,0,BudgetExceeded,11285,96.792961,0.435270
rand029,0.5,1,1,0,adaptive_fold,37.497690976622032,0,EventLocationLimited,1879,8.498337,0.431254
rand029,0.5,1,1,1,adaptive_fold,37.497690976622032,0,EventLocationLimited,1879,8.514989,0.431605
rand029,0.5,1,1,1,adaptive_affine,37.497736472331113,0,BudgetExceeded,11285,96.782745,0.441084
rand029,0.5,1,1,1,mapped_fixed63,37.497690839659214,0,fixed_resolution,315,1.536089,0.435957
rand029,0.5,1,1,2,mapped_fixed63,37.497690839659214,0,fixed_resolution,315,1.517767,0.428787
rand029,0.5,1,1,2,adaptive_affine,37.497736472331113,0,BudgetExceeded,11285,97.166460,0.425100
rand029,0.5,1,1,2,adaptive_fold,37.497690976622032,0,EventLocationLimited,1879,8.496183,0.431841
rand030,0,0,0,0,mapped_fixed63,2.5376968698626317,0,fixed_resolution,315,3.866972,0.913697
rand030,0,0,0,0,adaptive_affine,2.5377045073926969,0,Converged,211,1.411059,0.902213
rand030,0,0,0,0,adaptive_fold,2.5377003804507079,0,Converged,115,1.313469,0.900677
rand030,0,0,0,1,adaptive_fold,2.5377003804507079,0,Converged,115,1.291192,0.890466
rand030,0,0,0,1,adaptive_affine,2.5377045073926969,0,Converged,211,1.377515,0.892074
rand030,0,0,0,1,mapped_fixed63,2.5376968698626317,0,fixed_resolution,315,3.800385,0.889525
rand030,0,0,0,2,mapped_fixed63,2.5376968698626317,0,fixed_resolution,315,3.750237,0.898133
rand030,0,0,0,2,adaptive_affine,2.5377045073926969,0,Converged,211,1.405013,0.902821
rand030,0,0,0,2,adaptive_fold,2.5377003804507079,0,Converged,115,1.300953,0.891530
rand030,0,0,1,0,mapped_fixed63,2.5378837516037787,0,fixed_resolution,315,3.377778,0.419800
rand030,0,0,1,0,adaptive_affine,2.5378913825899709,0,Converged,211,0.893602,0.418023
rand030,0,0,1,0,adaptive_fold,2.5378908533361386,0,Converged,115,0.767467,0.417661
rand030,0,0,1,1,adaptive_fold,2.5378908533361386,0,Converged,115,0.752389,0.415454
rand030,0,0,1,1,adaptive_affine,2.5378913825899709,0,Converged,211,0.911056,0.427122
rand030,0,0,1,1,mapped_fixed63,2.5378837516037787,0,fixed_resolution,315,3.363639,0.415976
rand030,0,0,1,2,mapped_fixed63,2.5378837516037787,0,fixed_resolution,315,3.386407,0.428032
rand030,0,0,1,2,adaptive_affine,2.5378913825899709,0,Converged,211,0.875241,0.412601
rand030,0,0,1,2,adaptive_fold,2.5378908533361386,0,Converged,115,0.764698,0.422680
rand030,0,1,0,0,mapped_fixed63,2.5376968698626317,0,fixed_resolution,315,3.862896,0.885582
rand030,0,1,0,0,adaptive_affine,2.5377045073926969,0,BudgetExceeded,11841,101.248936,0.886894
rand030,0,1,0,0,adaptive_fold,2.5377003804507079,0,BudgetExceeded,3571,22.536972,0.921008
rand030,0,1,0,1,adaptive_fold,2.5377003804507079,0,BudgetExceeded,3571,22.175247,0.918558
rand030,0,1,0,1,adaptive_affine,2.5377045073926969,0,BudgetExceeded,11841,100.275975,0.909214
rand030,0,1,0,1,mapped_fixed63,2.5376968698626317,0,fixed_resolution,315,3.841990,0.919442
rand030,0,1,0,2,mapped_fixed63,2.5376968698626317,0,fixed_resolution,315,3.812627,0.932585
rand030,0,1,0,2,adaptive_affine,2.5377045073926969,0,BudgetExceeded,11841,100.616597,0.897405
rand030,0,1,0,2,adaptive_fold,2.5377003804507079,0,BudgetExceeded,3571,22.233686,0.931129
rand030,0,1,1,0,mapped_fixed63,2.5378837516037787,0,fixed_resolution,315,3.430330,0.430332
rand030,0,1,1,0,adaptive_affine,2.5378913825899709,0,BudgetExceeded,11841,106.950655,0.425274
rand030,0,1,1,0,adaptive_fold,2.5378908533361386,0,BudgetExceeded,6963,52.099253,0.425017
rand030,0,1,1,1,adaptive_fold,2.5378908533361386,0,BudgetExceeded,6963,51.775288,0.425286
rand030,0,1,1,1,adaptive_affine,2.5378913825899709,0,BudgetExceeded,11841,107.227995,0.423803
rand030,0,1,1,1,mapped_fixed63,2.5378837516037787,0,fixed_resolution,315,3.435624,0.424129
rand030,0,1,1,2,mapped_fixed63,2.5378837516037787,0,fixed_resolution,315,3.485901,0.421224
rand030,0,1,1,2,adaptive_affine,2.5378913825899709,0,BudgetExceeded,11841,107.671314,0.418833
rand030,0,1,1,2,adaptive_fold,2.5378908533361386,0,BudgetExceeded,6963,51.995230,0.429489
rand030,0.5,0,0,0,mapped_fixed63,2.537695045662816,0,fixed_resolution,315,4.053297,0.954541
rand030,0.5,0,0,0,adaptive_affine,2.5377018475224631,0,Converged,147,1.382689,0.895657
rand030,0.5,0,0,0,adaptive_fold,2.5376971517942915,0,Converged,115,1.343853,0.895646
rand030,0.5,0,0,1,adaptive_fold,2.5376971517942915,0,Converged,115,1.334042,0.893212
rand030,0.5,0,0,1,adaptive_affine,2.5377018475224631,0,Converged,147,1.378275,0.894847
rand030,0.5,0,0,1,mapped_fixed63,2.537695045662816,0,fixed_resolution,315,3.917300,0.889586
rand030,0.5,0,0,2,mapped_fixed63,2.537695045662816,0,fixed_resolution,315,3.976341,0.902102
rand030,0.5,0,0,2,adaptive_affine,2.5377018475224631,0,Converged,147,1.360718,0.893782
rand030,0.5,0,0,2,adaptive_fold,2.5376971517942915,0,Converged,115,1.333448,0.889808
rand030,0.5,0,1,0,mapped_fixed63,2.53788192416678,0,fixed_resolution,315,3.651202,0.427528
rand030,0.5,0,1,0,adaptive_affine,2.5378887223697961,0,Converged,147,0.846973,0.421151
rand030,0.5,0,1,0,adaptive_fold,2.5378861849848495,0,Converged,115,0.797715,0.420224
rand030,0.5,0,1,1,adaptive_fold,2.5378861849848495,0,Converged,115,0.792502,0.416509
rand030,0.5,0,1,1,adaptive_affine,2.5378887223697961,0,Converged,147,0.862396,0.425269
rand030,0.5,0,1,1,mapped_fixed63,2.53788192416678,0,fixed_resolution,315,3.627255,0.413000
rand030,0.5,0,1,2,mapped_fixed63,2.53788192416678,0,fixed_resolution,315,3.579100,0.418997
rand030,0.5,0,1,2,adaptive_affine,2.5378887223697961,0,Converged,147,0.836853,0.414986
rand030,0.5,0,1,2,adaptive_fold,2.5378861849848495,0,Converged,115,0.792051,0.414446
rand030,0.5,1,0,0,mapped_fixed63,2.537695045662816,0,fixed_resolution,315,4.188716,0.883667
rand030,0.5,1,0,0,adaptive_affine,2.5377018475224631,0,BudgetExceeded,11825,110.468289,0.897635
rand030,0.5,1,0,0,adaptive_fold,2.5376971517942915,0,BudgetExceeded,3571,25.848691,0.943893
rand030,0.5,1,0,1,adaptive_fold,2.5376971517942915,0,BudgetExceeded,3571,25.451353,0.919159
rand030,0.5,1,0,1,adaptive_affine,2.5377018475224631,0,BudgetExceeded,11825,108.489273,0.915931
rand030,0.5,1,0,1,mapped_fixed63,2.537695045662816,0,fixed_resolution,315,4.271250,0.928003
rand030,0.5,1,0,2,mapped_fixed63,2.537695045662816,0,fixed_resolution,315,4.149985,0.902686
rand030,0.5,1,0,2,adaptive_affine,2.5377018475224631,0,BudgetExceeded,11825,110.039213,0.894863
rand030,0.5,1,0,2,adaptive_fold,2.5376971517942915,0,BudgetExceeded,3571,26.657705,0.980296
rand030,0.5,1,1,0,mapped_fixed63,2.53788192416678,0,fixed_resolution,315,3.783103,0.431044
rand030,0.5,1,1,0,adaptive_affine,2.5378887223697961,0,BudgetExceeded,11825,116.450345,0.432134
rand030,0.5,1,1,0,adaptive_fold,2.5378861849848495,0,BudgetExceeded,6963,59.106398,0.436824
rand030,0.5,1,1,1,adaptive_fold,2.5378861849848495,0,BudgetExceeded,6963,59.171350,0.436189
rand030,0.5,1,1,1,adaptive_affine,2.5378887223697961,0,BudgetExceeded,11825,117.557984,0.430547
rand030,0.5,1,1,1,mapped_fixed63,2.53788192416678,0,fixed_resolution,315,3.836934,0.427164
rand030,0.5,1,1,2,mapped_fixed63,2.53788192416678,0,fixed_resolution,315,3.850027,0.427004
rand030,0.5,1,1,2,adaptive_affine,2.5378887223697961,0,BudgetExceeded,11825,117.992130,0.422414
rand030,0.5,1,1,2,adaptive_fold,2.5378861849848495,0,BudgetExceeded,6963,59.487738,0.437626
rand031,0,0,0,0,mapped_fixed63,2.2235560580385947,0,fixed_resolution,252,2.482012,0.718139
rand031,0,0,0,0,adaptive_affine,2.2235575291505527,0,Converged,204,1.170304,0.663879
rand031,0,0,0,0,adaptive_fold,2.2235560580385947,0,Converged,108,1.055524,0.659016
rand031,0,0,0,1,adaptive_fold,2.2235560580385947,0,Converged,108,1.034443,0.652310
rand031,0,0,0,1,adaptive_affine,2.2235575291505527,0,Converged,204,1.126033,0.647374
rand031,0,0,0,1,mapped_fixed63,2.2235560580385947,0,fixed_resolution,252,2.396566,0.658273
rand031,0,0,0,2,mapped_fixed63,2.2235560580385947,0,fixed_resolution,252,2.331165,0.647309
rand031,0,0,0,2,adaptive_affine,2.2235575291505527,0,Converged,204,1.117353,0.649639
rand031,0,0,0,2,adaptive_fold,2.2235560580385947,0,Converged,108,1.037497,0.651872
rand031,0,0,1,0,mapped_fixed63,2.2340374750662795,0,fixed_resolution,252,2.293933,0.747799
rand031,0,0,1,0,adaptive_affine,2.2340389542002637,0,Converged,204,1.233785,0.748784
rand031,0,0,1,0,adaptive_fold,2.2340374750662795,0,Converged,108,1.159197,0.746811
rand031,0,0,1,1,adaptive_fold,2.2340374750662795,0,Converged,108,1.144130,0.743285
rand031,0,0,1,1,adaptive_affine,2.2340389542002637,0,Converged,204,1.274928,0.742785
rand031,0,0,1,1,mapped_fixed63,2.2340374750662795,0,fixed_resolution,252,2.281076,0.742583
rand031,0,0,1,2,mapped_fixed63,2.2340374750662795,0,fixed_resolution,252,2.302011,0.746284
rand031,0,0,1,2,adaptive_affine,2.2340389542002637,0,Converged,204,1.231344,0.751566
rand031,0,0,1,2,adaptive_fold,2.2340374750662795,0,Converged,108,1.154518,0.746410
rand031,0,1,0,0,mapped_fixed63,2.2235560580385947,0,fixed_resolution,252,2.366256,0.650836
rand031,0,1,0,0,adaptive_affine,2.2235575291505527,0,BudgetExceeded,9660,72.327691,0.643764
rand031,0,1,0,0,adaptive_fold,2.2235560580385947,0,EventLocationLimited,2938,11.884088,0.725373
rand031,0,1,0,1,adaptive_fold,2.2235560580385947,0,EventLocationLimited,2938,12.059986,0.699747
rand031,0,1,0,1,adaptive_affine,2.2235575291505527,0,BudgetExceeded,9660,71.734948,0.704458
rand031,0,1,0,1,mapped_fixed63,2.2235560580385947,0,fixed_resolution,252,2.488625,0.720308
rand031,0,1,0,2,mapped_fixed63,2.2235560580385947,0,fixed_resolution,252,2.400154,0.663837
rand031,0,1,0,2,adaptive_affine,2.2235575291505527,0,BudgetExceeded,9660,71.448179,0.650129
rand031,0,1,0,2,adaptive_fold,2.2235560580385947,0,EventLocationLimited,2938,11.998434,0.719149
rand031,0,1,1,0,mapped_fixed63,2.2340374750662795,0,fixed_resolution,252,2.341395,0.751231
rand031,0,1,1,0,adaptive_affine,2.2340389542002637,0,BudgetExceeded,9660,71.917019,0.772060
rand031,0,1,1,0,adaptive_fold,2.2340374750662795,0,EventLocationLimited,3185,13.893609,0.758633
rand031,0,1,1,1,adaptive_fold,2.2340374750662795,0,EventLocationLimited,3185,13.707255,0.754462
rand031,0,1,1,1,adaptive_affine,2.2340389542002637,0,BudgetExceeded,9660,72.154273,0.747772
rand031,0,1,1,1,mapped_fixed63,2.2340374750662795,0,fixed_resolution,252,2.357774,0.748481
rand031,0,1,1,2,mapped_fixed63,2.2340374750662795,0,fixed_resolution,252,2.313274,0.749168
rand031,0,1,1,2,adaptive_affine,2.2340389542002637,0,BudgetExceeded,9660,72.107986,0.740397
rand031,0,1,1,2,adaptive_fold,2.2340374750662795,0,EventLocationLimited,3185,13.643652,0.751463
rand031,0.5,0,0,0,mapped_fixed63,2.2169632902113467,0,fixed_resolution,252,2.533851,0.707745
rand031,0.5,0,0,0,adaptive_affine,2.2169660830059339,0,Converged,140,1.127056,0.660213
rand031,0.5,0,0,0,adaptive_fold,2.2169632902113467,0,Converged,108,1.075572,0.651197
rand031,0.5,0,0,1,adaptive_fold,2.2169632902113467,0,Converged,108,1.061543,0.654248
rand031,0.5,0,0,1,adaptive_affine,2.2169660830059339,0,Converged,140,1.098876,0.655237
rand031,0.5,0,0,1,mapped_fixed63,2.2169632902113467,0,fixed_resolution,252,2.448373,0.654198
rand031,0.5,0,0,2,mapped_fixed63,2.2169632902113467,0,fixed_resolution,252,2.405164,0.647439
rand031,0.5,0,0,2,adaptive_affine,2.2169660830059339,0,Converged,140,1.106339,0.659180
rand031,0.5,0,0,2,adaptive_fold,2.2169632902113467,0,Converged,108,1.054477,0.651834
rand031,0.5,0,1,0,mapped_fixed63,2.2273324669006405,0,fixed_resolution,252,2.340697,0.748896
rand031,0.5,0,1,0,adaptive_affine,2.2273352828373709,0,Converged,140,1.215560,0.747728
rand031,0.5,0,1,0,adaptive_fold,2.2273324669006405,0,Converged,108,1.174551,0.740207
rand031,0.5,0,1,1,adaptive_fold,2.2273324669006405,0,Converged,108,1.179890,0.748342
rand031,0.5,0,1,1,adaptive_affine,2.2273352828373709,0,Converged,140,1.235626,0.742061
rand031,0.5,0,1,1,mapped_fixed63,2.2273324669006405,0,fixed_resolution,252,2.344993,0.749220
rand031,0.5,0,1,2,mapped_fixed63,2.2273324669006405,0,fixed_resolution,252,2.330529,0.741449
rand031,0.5,0,1,2,adaptive_affine,2.2273352828373709,0,Converged,140,1.190430,0.741912
rand031,0.5,0,1,2,adaptive_fold,2.2273324669006405,0,Converged,108,1.172611,0.743233
rand031,0.5,1,0,0,mapped_fixed63,2.2169632902113467,0,fixed_resolution,252,2.589035,0.644908
rand031,0.5,1,0,0,adaptive_affine,2.2169660830059339,0,BudgetExceeded,9660,78.409196,0.654584
rand031,0.5,1,0,0,adaptive_fold,2.2169632902113467,8,TopologyUnresolved,2685,12.539160,0.722399
rand031,0.5,1,0,1,adaptive_fold,2.2169632902113467,8,TopologyUnresolved,2685,12.381020,0.730938
rand031,0.5,1,0,1,adaptive_affine,2.2169660830059339,0,BudgetExceeded,9660,78.733435,0.725561
rand031,0.5,1,0,1,mapped_fixed63,2.2169632902113467,0,fixed_resolution,252,2.671171,0.714903
rand031,0.5,1,0,2,mapped_fixed63,2.2169632902113467,0,fixed_resolution,252,2.533725,0.653584
rand031,0.5,1,0,2,adaptive_affine,2.2169660830059339,0,BudgetExceeded,9660,78.719916,0.652038
rand031,0.5,1,0,2,adaptive_fold,2.2169632902113467,8,TopologyUnresolved,2685,12.637405,0.712892
rand031,0.5,1,1,0,mapped_fixed63,2.2273324669006405,0,fixed_resolution,252,2.524708,0.754808
rand031,0.5,1,1,0,adaptive_affine,2.2273352828373705,0,BudgetExceeded,9660,79.499238,0.748929
rand031,0.5,1,1,0,adaptive_fold,2.22733246690064,8,TopologyUnresolved,2956,14.221305,0.750129
rand031,0.5,1,1,1,adaptive_fold,2.22733246690064,8,TopologyUnresolved,2956,14.185222,0.752574
rand031,0.5,1,1,1,adaptive_affine,2.2273352828373705,0,BudgetExceeded,9660,79.779630,0.749578
rand031,0.5,1,1,1,mapped_fixed63,2.2273324669006405,0,fixed_resolution,252,2.554841,0.755752
rand031,0.5,1,1,2,mapped_fixed63,2.2273324669006405,0,fixed_resolution,252,2.485362,0.753612
rand031,0.5,1,1,2,adaptive_affine,2.2273352828373705,0,BudgetExceeded,9660,78.914272,0.743938
rand031,0.5,1,1,2,adaptive_fold,2.22733246690064,8,TopologyUnresolved,2956,14.317990,0.752975
rand032,0,0,0,0,mapped_fixed63,3.8885147672927332,0,fixed_resolution,126,0.919128,0.683624
rand032,0,0,0,0,adaptive_affine,3.888517477506614,0,Converged,254,0.980550,0.625328
rand032,0,0,0,0,adaptive_fold,3.8885147672927323,0,Converged,62,0.797907,0.625505
rand032,0,0,0,1,adaptive_fold,3.8885147672927323,0,Converged,62,0.783213,0.622023
rand032,0,0,0,1,adaptive_affine,3.888517477506614,0,Converged,254,0.937096,0.619672
rand032,0,0,0,1,mapped_fixed63,3.8885147672927332,0,fixed_resolution,126,0.808339,0.618757
rand032,0,0,0,2,mapped_fixed63,3.8885147672927332,0,fixed_resolution,126,0.803506,0.612792
rand032,0,0,0,2,adaptive_affine,3.888517477506614,0,Converged,254,0.932148,0.612218
rand032,0,0,0,2,adaptive_fold,3.8885147672927323,0,Converged,62,0.772489,0.614761
rand032,0,0,1,0,mapped_fixed63,3.8877170780996138,0,fixed_resolution,126,0.737607,0.502037
rand032,0,0,1,0,adaptive_affine,3.8877197877450138,0,Converged,254,0.839759,0.520340
rand032,0,0,1,0,adaptive_fold,3.887717078099616,0,Converged,62,0.669023,0.499046
rand032,0,0,1,1,adaptive_fold,3.887717078099616,0,Converged,62,0.664355,0.499801
rand032,0,0,1,1,adaptive_affine,3.8877197877450138,0,Converged,254,0.834951,0.503640
rand032,0,0,1,1,mapped_fixed63,3.8877170780996138,0,fixed_resolution,126,0.728106,0.497653
rand032,0,0,1,2,mapped_fixed63,3.8877170780996138,0,fixed_resolution,126,0.726222,0.500773
rand032,0,0,1,2,adaptive_affine,3.8877197877450138,0,Converged,254,0.821086,0.498914
rand032,0,0,1,2,adaptive_fold,3.887717078099616,0,Converged,62,0.669322,0.494438
rand032,0,1,0,0,mapped_fixed63,3.8885147672927332,0,fixed_resolution,126,0.814744,0.611012
rand032,0,1,0,0,adaptive_affine,3.888517477506614,0,BudgetExceeded,12328,103.665245,0.614968
rand032,0,1,0,0,adaptive_fold,3.8885147672927323,0,EventLocationLimited,2993,12.850387,0.693924
rand032,0,1,0,1,adaptive_fold,3.8885147672927323,0,EventLocationLimited,2993,12.688998,0.692388
rand032,0,1,0,1,adaptive_affine,3.888517477506614,0,BudgetExceeded,12328,102.224796,0.692031
rand032,0,1,0,1,mapped_fixed63,3.8885147672927332,0,fixed_resolution,126,0.939021,0.688491
rand032,0,1,0,2,mapped_fixed63,3.8885147672927332,0,fixed_resolution,126,0.832989,0.620746
rand032,0,1,0,2,adaptive_affine,3.888517477506614,0,BudgetExceeded,12328,103.475737,0.615280
rand032,0,1,0,2,adaptive_fold,3.8885147672927323,0,EventLocationLimited,2993,12.888678,0.686660
rand032,0,1,1,0,mapped_fixed63,3.8877170780996138,0,fixed_resolution,126,0.794344,0.509579
rand032,0,1,1,0,adaptive_affine,3.8877197877450138,0,BudgetExceeded,12328,104.438424,0.506643
rand032,0,1,1,0,adaptive_fold,3.887717078099616,0,EventLocationLimited,2993,16.175977,0.528185
rand032,0,1,1,1,adaptive_fold,3.887717078099616,0,EventLocationLimited,2993,16.614164,0.507891
rand032,0,1,1,1,adaptive_affine,3.8877197877450138,0,BudgetExceeded,12328,106.250806,0.526487
rand032,0,1,1,1,mapped_fixed63,3.8877170780996138,0,fixed_resolution,126,0.793106,0.508389
rand032,0,1,1,2,mapped_fixed63,3.8877170780996138,0,fixed_resolution,126,0.749443,0.501056
rand032,0,1,1,2,adaptive_affine,3.8877197877450138,0,BudgetExceeded,12328,105.673367,0.500636
rand032,0,1,1,2,adaptive_fold,3.887717078099616,0,EventLocationLimited,2993,16.544064,0.507146
rand032,0.5,0,0,0,mapped_fixed63,3.8868963629990865,0,fixed_resolution,126,0.957339,0.692532
rand032,0.5,0,0,0,adaptive_affine,3.8869022181401212,0,Converged,190,0.951208,0.629364
rand032,0.5,0,0,0,adaptive_fold,3.886896362999086,0,Converged,62,0.806407,0.624071
rand032,0.5,0,0,1,adaptive_fold,3.886896362999086,0,Converged,62,0.797931,0.624716
rand032,0.5,0,0,1,adaptive_affine,3.8869022181401212,0,Converged,190,0.921106,0.616383
rand032,0.5,0,0,1,mapped_fixed63,3.8868963629990865,0,fixed_resolution,126,0.834389,0.614973
rand032,0.5,0,0,2,mapped_fixed63,3.8868963629990865,0,fixed_resolution,126,0.827228,0.613273
rand032,0.5,0,0,2,adaptive_affine,3.8869022181401212,0,Converged,190,0.904806,0.615533
rand032,0.5,0,0,2,adaptive_fold,3.886896362999086,0,Converged,62,0.812427,0.619319
rand032,0.5,0,1,0,mapped_fixed63,3.8860997128384072,0,fixed_resolution,126,0.763719,0.507623
rand032,0.5,0,1,0,adaptive_affine,3.8861055664509179,0,Converged,190,0.800024,0.505585
rand032,0.5,0,1,0,adaptive_fold,3.8860997128384103,0,Converged,62,0.684165,0.497933
rand032,0.5,0,1,1,adaptive_fold,3.8860997128384103,0,Converged,62,0.684154,0.496720
rand032,0.5,0,1,1,adaptive_affine,3.8861055664509179,0,Converged,190,0.799150,0.500723
rand032,0.5,0,1,1,mapped_fixed63,3.8860997128384072,0,fixed_resolution,126,0.751885,0.497629
rand032,0.5,0,1,2,mapped_fixed63,3.8860997128384072,0,fixed_resolution,126,0.746745,0.493312
rand032,0.5,0,1,2,adaptive_affine,3.8861055664509179,0,Converged,190,0.789146,0.497259
rand032,0.5,0,1,2,adaptive_fold,3.8860997128384103,0,Converged,62,0.677656,0.494145
rand032,0.5,1,0,0,mapped_fixed63,3.8868963629990869,0,fixed_resolution,126,0.913493,0.617727
rand032,0.5,1,0,0,adaptive_affine,3.8869022181401212,0,BudgetExceeded,12304,110.716634,0.619553
rand032,0.5,1,0,0,adaptive_fold,3.886896362999086,8,TopologyUnresolved,2612,11.902232,0.689560
rand032,0.5,1,0,1,adaptive_fold,3.886896362999086,8,TopologyUnresolved,2612,11.738759,0.690389
rand032,0.5,1,0,1,adaptive_affine,3.8869022181401212,0,BudgetExceeded,12304,110.273181,0.665898
rand032,0.5,1,0,1,mapped_fixed63,3.8868963629990869,0,fixed_resolution,126,1.020313,0.686298
rand032,0.5,1,0,2,mapped_fixed63,3.8868963629990869,0,fixed_resolution,126,0.915083,0.626040
rand032,0.5,1,0,2,adaptive_affine,3.8869022181401212,0,BudgetExceeded,12304,110.906845,0.618422
rand032,0.5,1,0,2,adaptive_fold,3.886896362999086,8,TopologyUnresolved,2612,11.782195,0.691383
rand032,0.5,1,1,0,mapped_fixed63,3.8860997128384076,0,fixed_resolution,126,0.865951,0.511984
rand032,0.5,1,1,0,adaptive_affine,3.8861055664509179,0,BudgetExceeded,12304,113.299754,0.500567
rand032,0.5,1,1,0,adaptive_fold,3.8860997128384103,8,TopologyUnresolved,2478,11.532029,0.507107
rand032,0.5,1,1,1,adaptive_fold,3.8860997128384103,8,TopologyUnresolved,2478,11.572295,0.531565
rand032,0.5,1,1,1,adaptive_affine,3.8861055664509179,0,BudgetExceeded,12304,113.462179,0.510672
rand032,0.5,1,1,1,mapped_fixed63,3.8860997128384076,0,fixed_resolution,126,0.881035,0.507120
rand032,0.5,1,1,2,mapped_fixed63,3.8860997128384076,0,fixed_resolution,126,0.829083,0.504690
rand032,0.5,1,1,2,adaptive_affine,3.8861055664509179,0,BudgetExceeded,12304,112.725741,0.496635
rand032,0.5,1,1,2,adaptive_fold,3.8860997128384103,8,TopologyUnresolved,2478,11.669195,0.509624
rand033,0,0,0,0,mapped_fixed63,30.385425543486065,0,fixed_resolution,630,3.086067,0.785118
rand033,0,0,0,0,adaptive_affine,30.385435130455374,0,Converged,310,1.818339,0.755051
rand033,0,0,0,0,adaptive_fold,30.38542675520273,0,Converged,166,1.562457,0.731117
rand033,0,0,0,1,adaptive_fold,30.38542675520273,0,Converged,166,1.530523,0.729047
rand033,0,0,0,1,adaptive_affine,30.385435130455374,0,Converged,310,1.731685,0.726179
rand033,0,0,0,1,mapped_fixed63,30.385425543486065,0,fixed_resolution,630,3.146688,0.728810
rand033,0,0,0,2,mapped_fixed63,30.385425543486065,0,fixed_resolution,630,2.949486,0.730059
rand033,0,0,0,2,adaptive_affine,30.385435130455374,0,Converged,310,1.720098,0.726702
rand033,0,0,0,2,adaptive_fold,30.38542675520273,0,Converged,166,1.551176,0.732302
rand033,0,0,1,0,mapped_fixed63,30.320407193432796,0,fixed_resolution,630,2.597343,0.311611
rand033,0,0,1,0,adaptive_affine,30.320416757795034,0,Converged,310,1.327809,0.310077
rand033,0,0,1,0,adaptive_fold,30.320408382691031,0,Converged,166,1.145748,0.313799
rand033,0,0,1,1,adaptive_fold,30.320408382691031,0,Converged,166,1.150765,0.310852
rand033,0,0,1,1,adaptive_affine,30.320416757795034,0,Converged,310,1.304059,0.306407
rand033,0,0,1,1,mapped_fixed63,30.320407193432796,0,fixed_resolution,630,2.525838,0.315348
rand033,0,0,1,2,mapped_fixed63,30.320407193432796,0,fixed_resolution,630,2.532542,0.312727
rand033,0,0,1,2,adaptive_affine,30.320416757795034,0,Converged,310,1.307698,0.311623
rand033,0,0,1,2,adaptive_fold,30.320408382691031,0,Converged,166,1.145752,0.315178
rand033,0,1,0,0,mapped_fixed63,30.385425543486065,0,fixed_resolution,630,3.106835,0.727209
rand033,0,1,0,0,adaptive_affine,30.385435130455374,0,BudgetExceeded,11786,96.802847,0.730393
rand033,0,1,0,0,adaptive_fold,30.38542675520273,0,EventLocationLimited,3506,17.817204,0.799026
rand033,0,1,0,1,adaptive_fold,30.38542675520273,0,EventLocationLimited,3506,17.791796,0.788391
rand033,0,1,0,1,adaptive_affine,30.385435130455374,0,BudgetExceeded,11786,96.607906,0.782008
rand033,0,1,0,1,mapped_fixed63,30.385425543486065,0,fixed_resolution,630,3.111754,0.798417
rand033,0,1,0,2,mapped_fixed63,30.385425543486065,0,fixed_resolution,630,3.101536,0.735432
rand033,0,1,0,2,adaptive_affine,30.385435130455374,0,BudgetExceeded,11786,96.716826,0.742087
rand033,0,1,0,2,adaptive_fold,30.38542675520273,0,EventLocationLimited,3506,17.799835,0.809257
rand033,0,1,1,0,mapped_fixed63,30.320407193432796,0,fixed_resolution,630,2.622652,0.320503
rand033,0,1,1,0,adaptive_affine,30.320416757795034,0,BudgetExceeded,11786,99.728580,0.311938
rand033,0,1,1,0,adaptive_fold,30.320408382691031,0,EventLocationLimited,1996,7.623030,0.318203
rand033,0,1,1,1,adaptive_fold,30.320408382691031,0,EventLocationLimited,1996,7.580280,0.313970
rand033,0,1,1,1,adaptive_affine,30.320416757795034,0,BudgetExceeded,11786,99.691213,0.325142
rand033,0,1,1,1,mapped_fixed63,30.320407193432796,0,fixed_resolution,630,2.621211,0.317583
rand033,0,1,1,2,mapped_fixed63,30.320407193432796,0,fixed_resolution,630,2.586581,0.309918
rand033,0,1,1,2,adaptive_affine,30.320416757795034,0,BudgetExceeded,11786,98.895278,0.330867
rand033,0,1,1,2,adaptive_fold,30.320408382691031,0,EventLocationLimited,1996,7.612635,0.313497
rand033,0.5,0,0,0,mapped_fixed63,31.514233039738141,0,fixed_resolution,630,3.389951,0.777515
rand033,0.5,0,0,0,adaptive_affine,31.514281709047079,0,Converged,286,1.901078,0.738458
rand033,0.5,0,0,0,adaptive_fold,31.514232885565136,0,Converged,166,1.650784,0.736542
rand033,0.5,0,0,1,adaptive_fold,31.514232885565136,0,Converged,166,1.629855,0.729308
rand033,0.5,0,0,1,adaptive_affine,31.514281709047079,0,Converged,286,1.852939,0.735736
rand033,0.5,0,0,1,mapped_fixed63,31.514233039738141,0,fixed_resolution,630,3.237511,0.734370
rand033,0.5,0,0,2,mapped_fixed63,31.514233039738141,0,fixed_resolution,630,3.333983,0.731567
rand033,0.5,0,0,2,adaptive_affine,31.514281709047079,0,Converged,286,1.881154,0.729933
rand033,0.5,0,0,2,adaptive_fold,31.514232885565136,0,Converged,166,1.625430,0.729566
rand033,0.5,0,1,0,mapped_fixed63,31.449982694083573,0,fixed_resolution,630,2.850895,0.315427
rand033,0.5,0,1,0,adaptive_affine,31.450031213665959,0,Converged,286,1.433587,0.310499
rand033,0.5,0,1,0,adaptive_fold,31.449982528016122,0,Converged,166,1.234928,0.310148
rand033,0.5,0,1,1,adaptive_fold,31.449982528016122,0,Converged,166,1.217288,0.309426
rand033,0.5,0,1,1,adaptive_affine,31.450031213665959,0,Converged,286,1.433353,0.312432
rand033,0.5,0,1,1,mapped_fixed63,31.449982694083573,0,fixed_resolution,630,2.809694,0.309246
rand033,0.5,0,1,2,mapped_fixed63,31.449982694083573,0,fixed_resolution,630,2.815419,0.315549
rand033,0.5,0,1,2,adaptive_affine,31.450031213665959,0,Converged,286,1.429691,0.310439
rand033,0.5,0,1,2,adaptive_fold,31.449982528016122,0,Converged,166,1.221961,0.308138
rand033,0.5,1,0,0,mapped_fixed63,31.514233039738141,0,fixed_resolution,630,3.759307,0.733440
rand033,0.5,1,0,0,adaptive_affine,31.514281709047079,0,InnerAccuracyLimited,11756,113.553896,0.732947
rand033,0.5,1,0,0,adaptive_fold,31.514232885565136,0,InnerAccuracyLimited,270,2.223568,0.789489
rand033,0.5,1,0,1,adaptive_fold,31.514232885565136,0,InnerAccuracyLimited,270,2.131848,0.735008
rand033,0.5,1,0,1,adaptive_affine,31.514281709047079,0,InnerAccuracyLimited,11756,111.607545,0.741111
rand033,0.5,1,0,1,mapped_fixed63,31.514233039738141,0,fixed_resolution,630,3.772988,0.807357
rand033,0.5,1,0,2,mapped_fixed63,31.514233039738141,0,fixed_resolution,630,3.619022,0.737823
rand033,0.5,1,0,2,adaptive_affine,31.514281709047079,0,InnerAccuracyLimited,11756,111.657042,0.734935
rand033,0.5,1,0,2,adaptive_fold,31.514232885565136,0,InnerAccuracyLimited,270,2.226626,0.787086
rand033,0.5,1,1,0,mapped_fixed63,31.449982694083573,0,fixed_resolution,630,3.248588,0.313914
rand033,0.5,1,1,0,adaptive_affine,31.450031213665955,0,InnerAccuracyLimited,11756,114.055564,0.311404
rand033,0.5,1,1,0,adaptive_fold,31.449982528016122,0,InnerAccuracyLimited,286,1.837686,0.314010
rand033,0.5,1,1,1,adaptive_fold,31.449982528016122,0,InnerAccuracyLimited,286,1.815794,0.310734
rand033,0.5,1,1,1,adaptive_affine,31.450031213665955,0,InnerAccuracyLimited,11756,114.069371,0.316942
rand033,0.5,1,1,1,mapped_fixed63,31.449982694083573,0,fixed_resolution,630,3.243288,0.315385
rand033,0.5,1,1,2,mapped_fixed63,31.449982694083573,0,fixed_resolution,630,3.316422,0.309859
rand033,0.5,1,1,2,adaptive_affine,31.450031213665955,0,InnerAccuracyLimited,11756,112.487327,0.313357
rand033,0.5,1,1,2,adaptive_fold,31.449982528016122,0,InnerAccuracyLimited,286,1.859308,0.315788
rand034,0,0,0,0,mapped_fixed63,3.6734003422312553,0,fixed_resolution,189,0.758665,0.295669
rand034,0,0,0,0,adaptive_affine,3.6734029511959978,0,Converged,261,0.841838,0.291583
rand034,0,0,0,0,adaptive_fold,3.6734003418334504,0,Converged,69,0.680162,0.302759
rand034,0,0,0,1,adaptive_fold,3.6734003418334504,0,Converged,69,0.652359,0.289043
rand034,0,0,0,1,adaptive_affine,3.6734029511959978,0,Converged,261,0.808046,0.285081
rand034,0,0,0,1,mapped_fixed63,3.6734003422312553,0,fixed_resolution,189,0.730789,0.285836
rand034,0,0,0,2,mapped_fixed63,3.6734003422312553,0,fixed_resolution,189,0.723513,0.289102
rand034,0,0,0,2,adaptive_affine,3.6734029511959978,0,Converged,261,0.821785,0.282261
rand034,0,0,0,2,adaptive_fold,3.6734003418334504,0,Converged,69,0.668876,0.289485
rand034,0,0,1,0,mapped_fixed63,3.6809986412092792,0,fixed_resolution,189,0.725897,0.258716
rand034,0,0,1,0,adaptive_affine,3.6810012558890293,0,Converged,261,0.795150,0.257205
rand034,0,0,1,0,adaptive_fold,3.6809986408110125,0,Converged,69,0.649503,0.258961
rand034,0,0,1,1,adaptive_fold,3.6809986408110125,0,Converged,69,0.633882,0.256849
rand034,0,0,1,1,adaptive_affine,3.6810012558890293,0,Converged,261,0.791860,0.255252
rand034,0,0,1,1,mapped_fixed63,3.6809986412092792,0,fixed_resolution,189,0.720685,0.254061
rand034,0,0,1,2,mapped_fixed63,3.6809986412092792,0,fixed_resolution,189,0.721888,0.260817
rand034,0,0,1,2,adaptive_affine,3.6810012558890293,0,Converged,261,0.790326,0.257252
rand034,0,0,1,2,adaptive_fold,3.6809986408110125,0,Converged,69,0.638796,0.257263
rand034,0,1,0,0,mapped_fixed63,3.6734003422312553,0,fixed_resolution,189,0.745722,0.286297
rand034,0,1,0,0,adaptive_affine,3.6734029511959978,0,BudgetExceeded,14665,131.743270,0.285998
rand034,0,1,0,0,adaptive_fold,3.6734003418334504,0,EventLocationLimited,1960,6.568382,0.342240
rand034,0,1,0,1,adaptive_fold,3.6734003418334504,0,EventLocationLimited,1960,6.543542,0.304026
rand034,0,1,0,1,adaptive_affine,3.6734029511959978,0,BudgetExceeded,14665,131.092436,0.310461
rand034,0,1,0,1,mapped_fixed63,3.6734003422312553,0,fixed_resolution,189,0.832937,0.342633
rand034,0,1,0,2,mapped_fixed63,3.6734003422312553,0,fixed_resolution,189,0.757111,0.289635
rand034,0,1,0,2,adaptive_affine,3.6734029511959978,0,BudgetExceeded,14665,129.277006,0.286425
rand034,0,1,0,2,adaptive_fold,3.6734003418334504,0,EventLocationLimited,1960,6.561799,0.329619
rand034,0,1,1,0,mapped_fixed63,3.6809986412092792,0,fixed_resolution,189,0.815977,0.280172
rand034,0,1,1,0,adaptive_affine,3.6810012558890293,0,BudgetExceeded,14927,137.567782,0.258551
rand034,0,1,1,0,adaptive_fold,3.6809986408110125,0,EventLocationLimited,856,3.177829,0.265112
rand034,0,1,1,1,adaptive_fold,3.6809986408110125,0,EventLocationLimited,856,3.014575,0.261787
rand034,0,1,1,1,adaptive_affine,3.6810012558890293,0,BudgetExceeded,14927,141.935807,0.262689
rand034,0,1,1,1,mapped_fixed63,3.6809986412092792,0,fixed_resolution,189,0.765360,0.262904
rand034,0,1,1,2,mapped_fixed63,3.6809986412092792,0,fixed_resolution,189,0.744594,0.261861
rand034,0,1,1,2,adaptive_affine,3.6810012558890293,0,BudgetExceeded,14927,139.714978,0.262620
rand034,0,1,1,2,adaptive_fold,3.6809986408110125,0,EventLocationLimited,856,2.977777,0.265283
rand034,0.5,0,0,0,mapped_fixed63,3.6695309849369546,0,fixed_resolution,189,0.853893,0.303903
rand034,0.5,0,0,0,adaptive_affine,3.6695365362794417,0,Converged,197,0.813113,0.287959
rand034,0.5,0,0,0,adaptive_fold,3.6695309830359113,0,Converged,69,0.676377,0.286300
rand034,0.5,0,0,1,adaptive_fold,3.6695309830359113,0,Converged,69,0.668776,0.283639
rand034,0.5,0,0,1,adaptive_affine,3.6695365362794417,0,Converged,197,0.789952,0.290294
rand034,0.5,0,0,1,mapped_fixed63,3.6695309849369546,0,fixed_resolution,189,0.819865,0.286937
rand034,0.5,0,0,2,mapped_fixed63,3.6695309849369546,0,fixed_resolution,189,0.828205,0.283637
rand034,0.5,0,0,2,adaptive_affine,3.6695365362794417,0,Converged,197,0.834800,0.297956
rand034,0.5,0,0,2,adaptive_fold,3.6695309830359113,0,Converged,69,0.665212,0.286259
rand034,0.5,0,1,0,mapped_fixed63,3.6771040921814291,0,fixed_resolution,189,0.813569,0.261524
rand034,0.5,0,1,0,adaptive_affine,3.6771096590058319,0,Converged,197,0.778780,0.260832
rand034,0.5,0,1,0,adaptive_fold,3.677104090278196,0,Converged,69,0.665877,0.260234
rand034,0.5,0,1,1,adaptive_fold,3.677104090278196,0,Converged,69,0.659997,0.258651
rand034,0.5,0,1,1,adaptive_affine,3.6771096590058319,0,Converged,197,0.767846,0.258247
rand034,0.5,0,1,1,mapped_fixed63,3.6771040921814291,0,fixed_resolution,189,0.808787,0.256192
rand034,0.5,0,1,2,mapped_fixed63,3.6771040921814291,0,fixed_resolution,189,0.807230,0.257191
rand034,0.5,0,1,2,adaptive_affine,3.6771096590058319,0,Converged,197,0.778873,0.256482
rand034,0.5,0,1,2,adaptive_fold,3.677104090278196,0,Converged,69,0.655642,0.255828
rand034,0.5,1,0,0,mapped_fixed63,3.6695309849369546,0,fixed_resolution,189,0.923665,0.280024
rand034,0.5,1,0,0,adaptive_affine,3.6695365362794417,0,BudgetExceeded,14641,144.314794,0.284271
rand034,0.5,1,0,0,adaptive_fold,3.6695309830359117,8,TopologyUnresolved,921,3.922251,0.331683
rand034,0.5,1,0,1,adaptive_fold,3.6695309830359117,8,TopologyUnresolved,921,3.691479,0.307170
rand034,0.5,1,0,1,adaptive_affine,3.6695365362794417,0,BudgetExceeded,14641,146.421304,0.298385
rand034,0.5,1,0,1,mapped_fixed63,3.6695309849369546,0,fixed_resolution,189,0.985741,0.317951
rand034,0.5,1,0,2,mapped_fixed63,3.6695309849369546,0,fixed_resolution,189,0.937346,0.289098
rand034,0.5,1,0,2,adaptive_affine,3.6695365362794417,0,BudgetExceeded,14641,141.115463,0.288077
rand034,0.5,1,0,2,adaptive_fold,3.6695309830359117,8,TopologyUnresolved,921,3.750425,0.316573
rand034,0.5,1,1,0,mapped_fixed63,3.6771040921814291,0,fixed_resolution,189,0.973789,0.270262
rand034,0.5,1,1,0,adaptive_affine,3.6771096590058319,0,BudgetExceeded,14641,143.878371,0.268862
rand034,0.5,1,1,0,adaptive_fold,3.677104090278196,0,EventLocationLimited,888,4.598811,0.263019
rand034,0.5,1,1,1,adaptive_fold,3.677104090278196,0,EventLocationLimited,888,4.377159,0.263588
rand034,0.5,1,1,1,adaptive_affine,3.6771096590058319,0,BudgetExceeded,14641,145.404838,0.263102
rand034,0.5,1,1,1,mapped_fixed63,3.6771040921814291,0,fixed_resolution,189,0.979077,0.269973
rand034,0.5,1,1,2,mapped_fixed63,3.6771040921814291,0,fixed_resolution,189,0.926118,0.257271
rand034,0.5,1,1,2,adaptive_affine,3.6771096590058319,0,BudgetExceeded,14641,150.208051,0.263494
rand034,0.5,1,1,2,adaptive_fold,3.677104090278196,0,EventLocationLimited,888,4.521756,0.266566
rand035,0,0,0,0,mapped_fixed63,6.3074329941157297,0,fixed_resolution,189,1.113911,0.650073
rand035,0,0,0,0,adaptive_affine,6.3074339514592213,0,Converged,261,1.197032,0.638187
rand035,0,0,0,0,adaptive_fold,6.3074299975410266,0,Converged,165,1.096233,0.643116
rand035,0,0,0,1,adaptive_fold,6.3074299975410266,0,Converged,165,1.094900,0.636792
rand035,0,0,0,1,adaptive_affine,6.3074339514592213,0,Converged,261,1.176466,0.637344
rand035,0,0,0,1,mapped_fixed63,6.3074329941157297,0,fixed_resolution,189,1.071214,0.633575
rand035,0,0,0,2,mapped_fixed63,6.3074329941157297,0,fixed_resolution,189,1.077505,0.642349
rand035,0,0,0,2,adaptive_affine,6.3074339514592213,0,Converged,261,1.174699,0.638917
rand035,0,0,0,2,adaptive_fold,6.3074299975410266,0,Converged,165,1.079983,0.628340
rand035,0,0,1,0,mapped_fixed63,6.3202360717173898,0,fixed_resolution,252,1.062155,0.513806
rand035,0,0,1,0,adaptive_affine,6.320245890808156,0,Converged,268,1.055527,0.509031
rand035,0,0,1,0,adaptive_fold,6.3202360717174306,0,Converged,108,0.922250,0.506556
rand035,0,0,1,1,adaptive_fold,6.3202360717174306,0,Converged,108,0.911588,0.509147
rand035,0,0,1,1,adaptive_affine,6.320245890808156,0,Converged,268,1.049318,0.507193
rand035,0,0,1,1,mapped_fixed63,6.3202360717173898,0,fixed_resolution,252,1.082566,0.516791
rand035,0,0,1,2,mapped_fixed63,6.3202360717173898,0,fixed_resolution,252,1.052730,0.510217
rand035,0,0,1,2,adaptive_affine,6.320245890808156,0,Converged,268,1.046289,0.503512
rand035,0,0,1,2,adaptive_fold,6.3202360717174306,0,Converged,108,0.923603,0.506265
rand035,0,1,0,0,mapped_fixed63,6.3074329941157297,0,fixed_resolution,189,1.086169,0.629402
rand035,0,1,0,0,adaptive_affine,6.3074339514592213,0,BudgetExceeded,10081,72.484867,0.636205
rand035,0,1,0,0,adaptive_fold,6.3074299975410266,0,EventLocationLimited,4066,19.023008,0.698320
rand035,0,1,0,1,adaptive_fold,6.3074299975410266,0,EventLocationLimited,4066,19.094609,0.699969
rand035,0,1,0,1,adaptive_affine,6.3074339514592213,0,BudgetExceeded,10081,73.968488,0.695035
rand035,0,1,0,1,mapped_fixed63,6.3074329941157297,0,fixed_resolution,189,1.192303,0.697061
rand035,0,1,0,2,mapped_fixed63,6.3074329941157297,0,fixed_resolution,189,1.089861,0.637147
rand035,0,1,0,2,adaptive_affine,6.3074339514592213,0,BudgetExceeded,10081,74.839861,0.635330
rand035,0,1,0,2,adaptive_fold,6.3074299975410266,0,EventLocationLimited,4066,18.953158,0.701878
rand035,0,1,1,0,mapped_fixed63,6.3202360717173898,0,fixed_resolution,252,1.121893,0.515151
rand035,0,1,1,0,adaptive_affine,6.320245890808156,0,BudgetExceeded,11040,85.884054,0.508314
rand035,0,1,1,0,adaptive_fold,6.3202360717174306,0,EventLocationLimited,3485,19.221689,0.519192
rand035,0,1,1,1,adaptive_fold,6.3202360717174306,0,EventLocationLimited,3485,19.228449,0.534346
rand035,0,1,1,1,adaptive_affine,6.320245890808156,0,BudgetExceeded,11040,86.104510,0.517600
rand035,0,1,1,1,mapped_fixed63,6.3202360717173898,0,fixed_resolution,252,1.120322,0.513786
rand035,0,1,1,2,mapped_fixed63,6.3202360717173898,0,fixed_resolution,252,1.074482,0.505215
rand035,0,1,1,2,adaptive_affine,6.320245890808156,0,BudgetExceeded,11040,86.414351,0.506069
rand035,0,1,1,2,adaptive_fold,6.3202360717174306,0,EventLocationLimited,3485,18.950941,0.513424
rand035,0.5,0,0,0,mapped_fixed63,6.2927977757548801,0,fixed_resolution,189,1.213972,0.690913
rand035,0.5,0,0,0,adaptive_affine,6.292803713100164,0,Converged,197,1.185566,0.641519
rand035,0.5,0,0,0,adaptive_fold,6.2927977757548783,0,Converged,101,1.041148,0.636816
rand035,0.5,0,0,1,adaptive_fold,6.2927977757548783,0,Converged,101,1.038446,0.634648
rand035,0.5,0,0,1,adaptive_affine,6.292803713100164,0,Converged,197,1.139670,0.637659
rand035,0.5,0,0,1,mapped_fixed63,6.2927977757548801,0,fixed_resolution,189,1.114865,0.637173
rand035,0.5,0,0,2,mapped_fixed63,6.2927977757548801,0,fixed_resolution,189,1.147652,0.657758
rand035,0.5,0,0,2,adaptive_affine,6.292803713100164,0,Converged,197,1.136824,0.628179
rand035,0.5,0,0,2,adaptive_fold,6.2927977757548783,0,Converged,101,1.033725,0.635131
rand035,0.5,0,1,0,mapped_fixed63,6.3055084401405805,0,fixed_resolution,252,1.116233,0.514016
rand035,0.5,0,1,0,adaptive_affine,6.3055193516228663,0,Converged,204,1.037392,0.510030
rand035,0.5,0,1,0,adaptive_fold,6.305508440140617,0,Converged,108,0.954829,0.507184
rand035,0.5,0,1,1,adaptive_fold,6.305508440140617,0,Converged,108,0.943287,0.510450
rand035,0.5,0,1,1,adaptive_affine,6.3055193516228663,0,Converged,204,1.022272,0.506586
rand035,0.5,0,1,1,mapped_fixed63,6.3055084401405805,0,fixed_resolution,252,1.115426,0.508440
rand035,0.5,0,1,2,mapped_fixed63,6.3055084401405805,0,fixed_resolution,252,1.107174,0.511542
rand035,0.5,0,1,2,adaptive_affine,6.3055193516228663,0,Converged,204,1.019838,0.508207
rand035,0.5,0,1,2,adaptive_fold,6.305508440140617,0,Converged,108,0.946250,0.507429
rand035,0.5,1,0,0,mapped_fixed63,6.2927977757548801,0,fixed_resolution,189,1.207980,0.630247
rand035,0.5,1,0,0,adaptive_affine,6.292803713100164,0,BudgetExceeded,10073,81.042740,0.636346
rand035,0.5,1,0,0,adaptive_fold,6.2927977757548783,8,TopologyUnresolved,3297,15.882559,0.695524
rand035,0.5,1,0,1,adaptive_fold,6.2927977757548783,8,TopologyUnresolved,3297,15.906003,0.692514
rand035,0.5,1,0,1,adaptive_affine,6.292803713100164,0,BudgetExceeded,10073,80.820099,0.710140
rand035,0.5,1,0,1,mapped_fixed63,6.2927977757548801,0,fixed_resolution,189,1.309033,0.693513
rand035,0.5,1,0,2,mapped_fixed63,6.2927977757548801,0,fixed_resolution,189,1.221437,0.644163
rand035,0.5,1,0,2,adaptive_affine,6.292803713100164,0,BudgetExceeded,10073,81.108863,0.638081
rand035,0.5,1,0,2,adaptive_fold,6.2927977757548783,8,TopologyUnresolved,3297,15.833233,0.693648
rand035,0.5,1,1,0,mapped_fixed63,6.3055084401405805,0,fixed_resolution,252,1.321539,0.527478
rand035,0.5,1,1,0,adaptive_affine,6.3055193516228671,0,BudgetExceeded,11032,95.699530,0.511277
rand035,0.5,1,1,0,adaptive_fold,6.305508440140617,8,TopologyUnresolved,2446,11.885814,0.516707
rand035,0.5,1,1,1,adaptive_fold,6.305508440140617,8,TopologyUnresolved,2446,11.905060,0.519970
rand035,0.5,1,1,1,adaptive_affine,6.3055193516228671,0,BudgetExceeded,11032,94.022336,0.517888
rand035,0.5,1,1,1,mapped_fixed63,6.3055084401405805,0,fixed_resolution,252,1.292566,0.517653
rand035,0.5,1,1,2,mapped_fixed63,6.3055084401405805,0,fixed_resolution,252,1.239757,0.510960
rand035,0.5,1,1,2,adaptive_affine,6.3055193516228671,0,BudgetExceeded,11032,94.133361,0.507246
rand035,0.5,1,1,2,adaptive_fold,6.305508440140617,8,TopologyUnresolved,2446,11.887108,0.525804
rand036,0,0,0,0,mapped_fixed63,4.1379159797189091,0,fixed_resolution,189,1.150945,0.338869
rand036,0,0,0,0,adaptive_affine,4.137918877579609,0,Converged,261,1.131674,0.288542
rand036,0,0,0,0,adaptive_fold,4.1379159792647195,0,Converged,69,0.947641,0.290925
rand036,0,0,0,1,adaptive_fold,4.1379159792647195,0,Converged,69,0.949238,0.292256
rand036,0,0,0,1,adaptive_affine,4.137918877579609,0,Converged,261,1.108626,0.288476
rand036,0,0,0,1,mapped_fixed63,4.1379159797189091,0,fixed_resolution,189,1.055964,0.289043
rand036,0,0,0,2,mapped_fixed63,4.1379159797189091,0,fixed_resolution,189,1.055589,0.287400
rand036,0,0,0,2,adaptive_affine,4.137918877579609,0,Converged,261,1.165749,0.293090
rand036,0,0,0,2,adaptive_fold,4.1379159792647195,0,Converged,69,0.949372,0.286332
rand036,0,0,1,0,mapped_fixed63,4.1343805975881693,0,fixed_resolution,189,0.977017,0.168742
rand036,0,0,1,0,adaptive_affine,4.1343834929304846,0,Converged,261,1.001596,0.163136
rand036,0,0,1,0,adaptive_fold,4.1343805971329708,0,Converged,69,0.882653,0.174932
rand036,0,0,1,1,adaptive_fold,4.1343805971329708,0,Converged,69,0.852448,0.165018
rand036,0,0,1,1,adaptive_affine,4.1343834929304846,0,Converged,261,1.006598,0.164723
rand036,0,0,1,1,mapped_fixed63,4.1343805975881693,0,fixed_resolution,189,0.984927,0.170618
rand036,0,0,1,2,mapped_fixed63,4.1343805975881693,0,fixed_resolution,189,0.966079,0.174364
rand036,0,0,1,2,adaptive_affine,4.1343834929304846,0,Converged,261,0.994766,0.165081
rand036,0,0,1,2,adaptive_fold,4.1343805971329708,0,Converged,69,0.871286,0.164514
rand036,0,1,0,0,mapped_fixed63,4.1379159797189091,0,fixed_resolution,189,1.088078,0.286792
rand036,0,1,0,0,adaptive_affine,4.137918877579609,0,BudgetExceeded,14665,142.961329,0.286422
rand036,0,1,0,0,adaptive_fold,4.1379159792647195,0,EventLocationLimited,1126,3.703659,0.352997
rand036,0,1,0,1,adaptive_fold,4.1379159792647195,0,EventLocationLimited,1126,3.680735,0.323508
rand036,0,1,0,1,adaptive_affine,4.137918877579609,0,BudgetExceeded,14665,136.322039,0.316604
rand036,0,1,0,1,mapped_fixed63,4.1379159797189091,0,fixed_resolution,189,1.179233,0.347787
rand036,0,1,0,2,mapped_fixed63,4.1379159797189091,0,fixed_resolution,189,1.073743,0.289358
rand036,0,1,0,2,adaptive_affine,4.137918877579609,0,BudgetExceeded,14665,137.172482,0.287439
rand036,0,1,0,2,adaptive_fold,4.1379159792647195,0,EventLocationLimited,1126,3.767862,0.346158
rand036,0,1,1,0,mapped_fixed63,4.1343805975881693,0,fixed_resolution,189,1.020169,0.171847
rand036,0,1,1,0,adaptive_affine,4.1343834929304846,0,BudgetExceeded,14665,147.335301,0.167790
rand036,0,1,1,0,adaptive_fold,4.1343805971329708,0,EventLocationLimited,999,3.996562,0.173942
rand036,0,1,1,1,adaptive_fold,4.1343805971329708,0,EventLocationLimited,999,4.014504,0.171556
rand036,0,1,1,1,adaptive_affine,4.1343834929304846,0,BudgetExceeded,14665,145.159891,0.170167
rand036,0,1,1,1,mapped_fixed63,4.1343805975881693,0,fixed_resolution,189,1.037102,0.175998
rand036,0,1,1,2,mapped_fixed63,4.1343805975881693,0,fixed_resolution,189,0.986399,0.166637
rand036,0,1,1,2,adaptive_affine,4.1343834929304846,0,BudgetExceeded,14665,148.439113,0.167262
rand036,0,1,1,2,adaptive_fold,4.1343805971329708,0,EventLocationLimited,999,4.034776,0.178366
rand036,0.5,0,0,0,mapped_fixed63,4.135848962210984,0,fixed_resolution,189,1.189897,0.310758
rand036,0.5,0,0,0,adaptive_affine,4.1358553221598777,0,Converged,197,1.101796,0.289629
rand036,0.5,0,0,0,adaptive_fold,4.135848960062483,0,Converged,69,0.967607,0.290351
rand036,0.5,0,0,1,adaptive_fold,4.135848960062483,0,Converged,69,0.963861,0.289365
rand036,0.5,0,0,1,adaptive_affine,4.1358553221598777,0,Converged,197,1.112700,0.298203
rand036,0.5,0,0,1,mapped_fixed63,4.135848962210984,0,fixed_resolution,189,1.134451,0.289031
rand036,0.5,0,0,2,mapped_fixed63,4.135848962210984,0,fixed_resolution,189,1.126072,0.287313
rand036,0.5,0,0,2,adaptive_affine,4.1358553221598777,0,Converged,197,1.095575,0.287707
rand036,0.5,0,0,2,adaptive_fold,4.135848960062483,0,Converged,69,0.977257,0.289025
rand036,0.5,0,1,0,mapped_fixed63,4.1323190834311347,0,fixed_resolution,189,1.048698,0.170250
rand036,0.5,0,1,0,adaptive_affine,4.1323254365655648,0,Converged,197,1.002495,0.172898
rand036,0.5,0,1,0,adaptive_fold,4.1323190812779087,0,Converged,69,0.880299,0.164802
rand036,0.5,0,1,1,adaptive_fold,4.1323190812779087,0,Converged,69,0.874910,0.163604
rand036,0.5,0,1,1,adaptive_affine,4.1323254365655648,0,Converged,197,0.981447,0.165249
rand036,0.5,0,1,1,mapped_fixed63,4.1323190834311347,0,fixed_resolution,189,1.064034,0.164348
rand036,0.5,0,1,2,mapped_fixed63,4.1323190834311347,0,fixed_resolution,189,1.051950,0.171176
rand036,0.5,0,1,2,adaptive_affine,4.1323254365655648,0,Converged,197,0.969131,0.161555
rand036,0.5,0,1,2,adaptive_fold,4.1323190812779087,0,Converged,69,0.880129,0.166242
rand036,0.5,1,0,0,mapped_fixed63,4.135848962210984,0,fixed_resolution,189,1.250729,0.286828
rand036,0.5,1,0,0,adaptive_affine,4.1358553221598777,0,BudgetExceeded,14641,152.354242,0.291915
rand036,0.5,1,0,0,adaptive_fold,4.135848960062483,0,EventLocationLimited,1126,5.663684,0.353664
rand036,0.5,1,0,1,adaptive_fold,4.135848960062483,0,EventLocationLimited,1126,5.360983,0.339575
rand036,0.5,1,0,1,adaptive_affine,4.1358553221598777,0,BudgetExceeded,14641,153.839836,0.318598
rand036,0.5,1,0,1,mapped_fixed63,4.135848962210984,0,fixed_resolution,189,1.347313,0.345976
rand036,0.5,1,0,2,mapped_fixed63,4.135848962210984,0,fixed_resolution,189,1.247673,0.290352
rand036,0.5,1,0,2,adaptive_affine,4.1358553221598777,0,BudgetExceeded,14641,152.637861,0.290411
rand036,0.5,1,0,2,adaptive_fold,4.135848960062483,0,EventLocationLimited,1126,5.350880,0.346600
rand036,0.5,1,1,0,mapped_fixed63,4.1323190834311347,0,fixed_resolution,189,1.246558,0.186196
rand036,0.5,1,1,0,adaptive_affine,4.1323254365655648,0,BudgetExceeded,14641,158.338150,0.165780
rand036,0.5,1,1,0,adaptive_fold,4.1323190812779087,8,TopologyUnresolved,746,4.111007,0.170372
rand036,0.5,1,1,1,adaptive_fold,4.1323190812779087,8,TopologyUnresolved,746,4.008659,0.170731
rand036,0.5,1,1,1,adaptive_affine,4.1323254365655648,0,BudgetExceeded,14641,158.038902,0.168718
rand036,0.5,1,1,1,mapped_fixed63,4.1323190834311347,0,fixed_resolution,189,1.196340,0.169800
rand036,0.5,1,1,2,mapped_fixed63,4.1323190834311347,0,fixed_resolution,189,1.157715,0.169476
rand036,0.5,1,1,2,adaptive_affine,4.1323254365655648,0,BudgetExceeded,14641,154.949027,0.163408
rand036,0.5,1,1,2,adaptive_fold,4.1323190812779087,8,TopologyUnresolved,746,4.192863,0.170002
rand037,0,0,0,0,mapped_fixed63,8.2775810197332262,0,fixed_resolution,315,4.078087,0.856721
rand037,0,0,0,0,adaptive_affine,8.2775901066302939,0,Converged,243,1.577677,0.838221
rand037,0,0,0,0,adaptive_fold,8.2775810233764506,0,Converged,83,1.275346,0.833744
rand037,0,0,0,1,adaptive_fold,8.2775810233764506,0,Converged,83,1.276783,0.835676
rand037,0,0,0,1,adaptive_affine,8.2775901066302939,0,Converged,243,1.528727,0.832943
rand037,0,0,0,1,mapped_fixed63,8.2775810197332262,0,fixed_resolution,315,4.121715,0.836262
rand037,0,0,0,2,mapped_fixed63,8.2775810197332262,0,fixed_resolution,315,4.061338,0.839533
rand037,0,0,0,2,adaptive_affine,8.2775901066302939,0,Converged,243,1.545179,0.836625
rand037,0,0,0,2,adaptive_fold,8.2775810233764506,0,Converged,83,1.283591,0.837632
rand037,0,0,1,0,mapped_fixed63,8.2787428927376805,0,fixed_resolution,315,2.941498,0.728168
rand037,0,0,1,0,adaptive_affine,8.2787519808614327,0,Converged,243,1.526193,0.723035
rand037,0,0,1,0,adaptive_fold,8.2787428963815746,0,Converged,83,1.270129,0.727267
rand037,0,0,1,1,adaptive_fold,8.2787428963815746,0,Converged,83,1.255486,0.722868
rand037,0,0,1,1,adaptive_affine,8.2787519808614327,0,Converged,243,1.520554,0.715235
rand037,0,0,1,1,mapped_fixed63,8.2787428927376805,0,fixed_resolution,315,2.947002,0.725056
rand037,0,0,1,2,mapped_fixed63,8.2787428927376805,0,fixed_resolution,315,2.874008,0.717689
rand037,0,0,1,2,adaptive_affine,8.2787519808614327,0,Converged,243,1.532366,0.722511
rand037,0,0,1,2,adaptive_fold,8.2787428963815746,0,Converged,83,1.273171,0.723464
rand037,0,1,0,0,mapped_fixed63,8.2775810197332262,0,fixed_resolution,315,4.062329,0.833525
rand037,0,1,0,0,adaptive_affine,8.2775901066302939,0,BudgetExceeded,12881,123.174713,0.834549
rand037,0,1,0,0,adaptive_fold,8.2775810233764506,0,EventLocationLimited,107,1.485651,0.893832
rand037,0,1,0,1,adaptive_fold,8.2775810233764506,0,EventLocationLimited,107,1.376333,0.840184
rand037,0,1,0,1,adaptive_affine,8.2775901066302939,0,BudgetExceeded,12881,122.065917,0.837217
rand037,0,1,0,1,mapped_fixed63,8.2775810197332262,0,fixed_resolution,315,4.240673,0.901390
rand037,0,1,0,2,mapped_fixed63,8.2775810197332262,0,fixed_resolution,315,4.054947,0.835647
rand037,0,1,0,2,adaptive_affine,8.2775901066302939,0,BudgetExceeded,12881,122.643844,0.830995
rand037,0,1,0,2,adaptive_fold,8.2775810233764506,0,EventLocationLimited,107,1.507937,0.901163
rand037,0,1,1,0,mapped_fixed63,8.2787428927376805,0,fixed_resolution,315,2.920697,0.724050
rand037,0,1,1,0,adaptive_affine,8.2787519808614327,0,BudgetExceeded,12881,128.198953,0.724926
rand037,0,1,1,0,adaptive_fold,8.2787428963815746,0,EventLocationLimited,107,1.418537,0.745235
rand037,0,1,1,1,adaptive_fold,8.2787428963815746,0,EventLocationLimited,107,1.340904,0.727583
rand037,0,1,1,1,adaptive_affine,8.2787519808614327,0,BudgetExceeded,12881,128.232144,0.740710
rand037,0,1,1,1,mapped_fixed63,8.2787428927376805,0,fixed_resolution,315,2.970383,0.731968
rand037,0,1,1,2,mapped_fixed63,8.2787428927376805,0,fixed_resolution,315,2.994975,0.723956
rand037,0,1,1,2,adaptive_affine,8.2787519808614327,0,BudgetExceeded,12881,128.560395,0.722601
rand037,0,1,1,2,adaptive_fold,8.2787428963815746,0,EventLocationLimited,107,1.430402,0.733836
rand037,0.5,0,0,0,mapped_fixed63,8.2775637562549775,0,fixed_resolution,315,4.233170,0.840909
rand037,0.5,0,0,0,adaptive_affine,8.277572380364445,0,Converged,211,1.524126,0.835154
rand037,0.5,0,0,0,adaptive_fold,8.2775637566429747,0,Converged,83,1.309351,0.836068
rand037,0.5,0,0,1,adaptive_fold,8.2775637566429747,0,Converged,83,1.297369,0.833908
rand037,0.5,0,0,1,adaptive_affine,8.277572380364445,0,Converged,211,1.553834,0.833807
rand037,0.5,0,0,1,mapped_fixed63,8.2775637562549775,0,fixed_resolution,315,4.185384,0.833256
rand037,0.5,0,0,2,mapped_fixed63,8.2775637562549775,0,fixed_resolution,315,4.276911,0.833306
rand037,0.5,0,0,2,adaptive_affine,8.277572380364445,0,Converged,211,1.540643,0.836368
rand037,0.5,0,0,2,adaptive_fold,8.2775637566429747,0,Converged,83,1.299057,0.832895
rand037,0.5,0,1,0,mapped_fixed63,8.2787256218329812,0,fixed_resolution,315,3.064498,0.726944
rand037,0.5,0,1,0,adaptive_affine,8.2787342470929488,0,Converged,211,1.495190,0.719862
rand037,0.5,0,1,0,adaptive_fold,8.278725622221458,0,Converged,83,1.281731,0.722052
rand037,0.5,0,1,1,adaptive_fold,8.278725622221458,0,Converged,83,1.296300,0.726078
rand037,0.5,0,1,1,adaptive_affine,8.2787342470929488,0,Converged,211,1.497599,0.720473
rand037,0.5,0,1,1,mapped_fixed63,8.2787256218329812,0,fixed_resolution,315,3.042456,0.717410
rand037,0.5,0,1,2,mapped_fixed63,8.2787256218329812,0,fixed_resolution,315,3.102854,0.717850
rand037,0.5,0,1,2,adaptive_affine,8.2787342470929488,0,Converged,211,1.486955,0.715198
rand037,0.5,0,1,2,adaptive_fold,8.278725622221458,0,Converged,83,1.289410,0.720611
rand037,0.5,1,0,0,mapped_fixed63,8.2775637562549775,0,fixed_resolution,315,4.441558,0.829408
rand037,0.5,1,0,0,adaptive_affine,8.277572380364445,0,BudgetExceeded,12841,131.985890,0.837227
rand037,0.5,1,0,0,adaptive_fold,8.2775637566429747,0,EventLocationLimited,107,1.606344,0.907176
rand037,0.5,1,0,1,adaptive_fold,8.2775637566429747,0,EventLocationLimited,107,1.479976,0.839858
rand037,0.5,1,0,1,adaptive_affine,8.277572380364445,0,BudgetExceeded,12841,131.548025,0.837994
rand037,0.5,1,0,1,mapped_fixed63,8.2775637562549775,0,fixed_resolution,315,4.497827,0.903822
rand037,0.5,1,0,2,mapped_fixed63,8.2775637562549775,0,fixed_resolution,315,4.474844,0.838548
rand037,0.5,1,0,2,adaptive_affine,8.277572380364445,0,BudgetExceeded,12841,131.587412,0.835549
rand037,0.5,1,0,2,adaptive_fold,8.2775637566429747,0,EventLocationLimited,107,1.593067,0.900242
rand037,0.5,1,1,0,mapped_fixed63,8.2787256218329812,0,fixed_resolution,315,3.380903,0.732727
rand037,0.5,1,1,0,adaptive_affine,8.2787342470929488,0,BudgetExceeded,12841,138.513211,0.723950
rand037,0.5,1,1,0,adaptive_fold,8.278725622221458,0,EventLocationLimited,123,1.588767,0.732056
rand037,0.5,1,1,1,adaptive_fold,8.278725622221458,0,EventLocationLimited,123,1.541978,0.729383
rand037,0.5,1,1,1,adaptive_affine,8.2787342470929488,0,BudgetExceeded,12841,137.797660,0.726560
rand037,0.5,1,1,1,mapped_fixed63,8.2787256218329812,0,fixed_resolution,315,3.408053,0.726682
rand037,0.5,1,1,2,mapped_fixed63,8.2787256218329812,0,fixed_resolution,315,3.249365,0.731021
rand037,0.5,1,1,2,adaptive_affine,8.2787342470929488,0,BudgetExceeded,12841,137.644927,0.726467
rand037,0.5,1,1,2,adaptive_fold,8.278725622221458,0,EventLocationLimited,123,1.595585,0.733360
rand038,0,0,0,0,mapped_fixed63,1.37245652638601,0,fixed_resolution,189,1.501276,0.808528
rand038,0,0,0,0,adaptive_affine,1.3724583713080984,0,Converged,197,1.612490,0.794105
rand038,0,0,0,0,adaptive_fold,1.3724565263651214,0,Converged,69,1.361765,0.801241
rand038,0,0,0,1,adaptive_fold,1.3724565263651214,0,Converged,69,1.387596,0.807899
rand038,0,0,0,1,adaptive_affine,1.3724583713080984,0,Converged,197,1.616040,0.803874
rand038,0,0,0,1,mapped_fixed63,1.37245652638601,0,fixed_resolution,189,1.463439,0.797347
rand038,0,0,0,2,mapped_fixed63,1.37245652638601,0,fixed_resolution,189,1.476585,0.801245
rand038,0,0,0,2,adaptive_affine,1.3724583713080984,0,Converged,197,1.603406,0.792146
rand038,0,0,0,2,adaptive_fold,1.3724565263651214,0,Converged,69,1.356248,0.806037
rand038,0,0,1,0,mapped_fixed63,1.3724715294099274,0,fixed_resolution,189,1.331411,0.593172
rand038,0,0,1,0,adaptive_affine,1.3724733743784692,0,Converged,197,1.565932,0.589523
rand038,0,0,1,0,adaptive_fold,1.3724715293890426,0,Converged,69,1.170465,0.585847
rand038,0,0,1,1,adaptive_fold,1.3724715293890426,0,Converged,69,1.154994,0.580348
rand038,0,0,1,1,adaptive_affine,1.3724733743784692,0,Converged,197,1.465020,0.587727
rand038,0,0,1,1,mapped_fixed63,1.3724715294099274,0,fixed_resolution,189,1.322854,0.599105
rand038,0,0,1,2,mapped_fixed63,1.3724715294099274,0,fixed_resolution,189,1.311159,0.587169
rand038,0,0,1,2,adaptive_affine,1.3724733743784692,0,Converged,197,1.467761,0.595474
rand038,0,0,1,2,adaptive_fold,1.3724715293890426,0,Converged,69,1.167544,0.583679
rand038,0,1,0,0,mapped_fixed63,1.37245652638601,0,fixed_resolution,189,1.484972,0.791103
rand038,0,1,0,0,adaptive_affine,1.3724583713080984,0,BudgetExceeded,10605,88.827220,0.838236
rand038,0,1,0,0,adaptive_fold,1.3724565263651214,0,EventLocationLimited,77,1.503720,0.859975
rand038,0,1,0,1,adaptive_fold,1.3724565263651214,0,EventLocationLimited,77,1.387522,0.796663
rand038,0,1,0,1,adaptive_affine,1.3724583713080984,0,BudgetExceeded,10605,89.098132,0.802333
rand038,0,1,0,1,mapped_fixed63,1.37245652638601,0,fixed_resolution,189,1.586582,0.861739
rand038,0,1,0,2,mapped_fixed63,1.37245652638601,0,fixed_resolution,189,1.486165,0.795365
rand038,0,1,0,2,adaptive_affine,1.3724583713080984,0,BudgetExceeded,10605,89.197652,0.799054
rand038,0,1,0,2,adaptive_fold,1.3724565263651214,0,EventLocationLimited,77,1.509085,0.861663
rand038,0,1,1,0,mapped_fixed63,1.3724715294099274,0,fixed_resolution,189,1.350350,0.588108
rand038,0,1,1,0,adaptive_affine,1.3724733743784692,0,BudgetExceeded,10605,94.427882,0.584673
rand038,0,1,1,0,adaptive_fold,1.3724715293890426,0,EventLocationLimited,77,1.264722,0.598598
rand038,0,1,1,1,adaptive_fold,1.3724715293890426,0,EventLocationLimited,77,1.207695,0.592967
rand038,0,1,1,1,adaptive_affine,1.3724733743784692,0,BudgetExceeded,10605,94.214347,0.611771
rand038,0,1,1,1,mapped_fixed63,1.3724715294099274,0,fixed_resolution,189,1.389259,0.598298
rand038,0,1,1,2,mapped_fixed63,1.3724715294099274,0,fixed_resolution,189,1.337978,0.586447
rand038,0,1,1,2,adaptive_affine,1.3724733743784692,0,BudgetExceeded,10605,93.559040,0.582861
rand038,0,1,1,2,adaptive_fold,1.3724715293890426,0,EventLocationLimited,77,1.270959,0.612100
rand038,0.5,0,0,0,mapped_fixed63,1.3724564802927335,0,fixed_resolution,189,1.614921,0.799854
rand038,0.5,0,0,0,adaptive_affine,1.3724575872459994,0,Converged,197,1.681698,0.801338
rand038,0.5,0,0,0,adaptive_fold,1.3724564801926198,0,Converged,69,1.381408,0.801425
rand038,0.5,0,0,1,adaptive_fold,1.3724564801926198,0,Converged,69,1.397246,0.803512
rand038,0.5,0,0,1,adaptive_affine,1.3724575872459994,0,Converged,197,1.644861,0.790736
rand038,0.5,0,0,1,mapped_fixed63,1.3724564802927335,0,fixed_resolution,189,1.727498,0.806274
rand038,0.5,0,0,2,mapped_fixed63,1.3724564802927335,0,fixed_resolution,189,1.591215,0.797455
rand038,0.5,0,0,2,adaptive_affine,1.3724575872459994,0,Converged,197,1.663499,0.796572
rand038,0.5,0,0,2,adaptive_fold,1.3724564801926198,0,Converged,69,1.392983,0.799475
rand038,0.5,0,1,0,mapped_fixed63,1.372471483313966,0,fixed_resolution,189,1.453556,0.590670
rand038,0.5,0,1,0,adaptive_affine,1.3724725902950785,0,Converged,197,1.517245,0.586823
rand038,0.5,0,1,0,adaptive_fold,1.372471483213852,0,Converged,69,1.206270,0.593492
rand038,0.5,0,1,1,adaptive_fold,1.372471483213852,0,Converged,69,1.197139,0.589396
rand038,0.5,0,1,1,adaptive_affine,1.3724725902950785,0,Converged,197,1.687712,0.590046
rand038,0.5,0,1,1,mapped_fixed63,1.372471483313966,0,fixed_resolution,189,1.460117,0.590385
rand038,0.5,0,1,2,mapped_fixed63,1.372471483313966,0,fixed_resolution,189,1.451879,0.579657
rand038,0.5,0,1,2,adaptive_affine,1.3724725902950785,0,Converged,197,1.521707,0.593413
rand038,0.5,0,1,2,adaptive_fold,1.372471483213852,0,Converged,69,1.217971,0.591319
rand038,0.5,1,0,0,mapped_fixed63,1.3724564802927335,0,fixed_resolution,189,1.722020,0.792302
rand038,0.5,1,0,0,adaptive_affine,1.3724575872459994,0,BudgetExceeded,10501,96.238222,0.798494
rand038,0.5,1,0,0,adaptive_fold,1.3724564801926198,0,EventLocationLimited,93,1.633629,0.848961
rand038,0.5,1,0,1,adaptive_fold,1.3724564801926198,0,EventLocationLimited,93,1.536228,0.806448
rand038,0.5,1,0,1,adaptive_affine,1.3724575872459994,0,BudgetExceeded,10501,95.990624,0.795093
rand038,0.5,1,0,1,mapped_fixed63,1.3724564802927335,0,fixed_resolution,189,1.818630,0.858709
rand038,0.5,1,0,2,mapped_fixed63,1.3724564802927335,0,fixed_resolution,189,1.723893,0.796452
rand038,0.5,1,0,2,adaptive_affine,1.3724575872459994,0,BudgetExceeded,10501,94.555738,0.799462
rand038,0.5,1,0,2,adaptive_fold,1.3724564801926198,0,EventLocationLimited,93,1.679427,0.877558
rand038,0.5,1,1,0,mapped_fixed63,1.372471483313966,0,fixed_resolution,189,1.592911,0.600383
rand038,0.5,1,1,0,adaptive_affine,1.3724725902950785,0,BudgetExceeded,10501,99.040658,0.587090
rand038,0.5,1,1,0,adaptive_fold,1.372471483213852,0,EventLocationLimited,93,1.400213,0.591696
rand038,0.5,1,1,1,adaptive_fold,1.372471483213852,0,EventLocationLimited,93,1.353186,0.586360
rand038,0.5,1,1,1,adaptive_affine,1.3724725902950785,0,BudgetExceeded,10501,98.588168,0.591202
rand038,0.5,1,1,1,mapped_fixed63,1.372471483313966,0,fixed_resolution,189,1.620177,0.595003
rand038,0.5,1,1,2,mapped_fixed63,1.372471483313966,0,fixed_resolution,189,1.576940,0.586235
rand038,0.5,1,1,2,adaptive_affine,1.3724725902950785,0,BudgetExceeded,10501,98.408570,0.588113
rand038,0.5,1,1,2,adaptive_fold,1.372471483213852,0,EventLocationLimited,93,1.402159,0.592557
rand039,0,0,0,0,mapped_fixed63,4.8567956614005361,0,fixed_resolution,126,1.126498,0.708707
rand039,0,0,0,0,adaptive_affine,4.8567990121581293,0,Converged,254,1.279432,0.705243
rand039,0,0,0,0,adaptive_fold,4.8567956614004935,0,Converged,62,1.101793,0.705643
rand039,0,0,0,1,adaptive_fold,4.8567956614004935,0,Converged,62,1.097890,0.696322
rand039,0,0,0,1,adaptive_affine,4.8567990121581293,0,Converged,254,1.259688,0.694908
rand039,0,0,0,1,mapped_fixed63,4.8567956614005361,0,fixed_resolution,126,1.091452,0.701252
rand039,0,0,0,2,mapped_fixed63,4.8567956614005361,0,fixed_resolution,126,1.115709,0.703126
rand039,0,0,0,2,adaptive_affine,4.8567990121581293,0,Converged,254,1.273229,0.725928
rand039,0,0,0,2,adaptive_fold,4.8567956614004935,0,Converged,62,1.094024,0.701635
rand039,0,0,1,0,mapped_fixed63,4.8571244603417814,0,fixed_resolution,126,1.293679,0.535789
rand039,0,0,1,0,adaptive_affine,4.8571278113262402,0,Converged,254,1.204506,0.533837
rand039,0,0,1,0,adaptive_fold,4.8571244603417121,0,Converged,62,0.977910,0.538029
rand039,0,0,1,1,adaptive_fold,4.8571244603417121,0,Converged,62,0.980199,0.528434
rand039,0,0,1,1,adaptive_affine,4.8571278113262402,0,Converged,254,1.216488,0.539257
rand039,0,0,1,1,mapped_fixed63,4.8571244603417814,0,fixed_resolution,126,1.298926,0.533879
rand039,0,0,1,2,mapped_fixed63,4.8571244603417814,0,fixed_resolution,126,1.296056,0.532347
rand039,0,0,1,2,adaptive_affine,4.8571278113262402,0,Converged,254,1.224113,0.534401
rand039,0,0,1,2,adaptive_fold,4.8571244603417121,0,Converged,62,0.978143,0.533510
rand039,0,1,0,0,mapped_fixed63,4.8567956614005361,0,fixed_resolution,126,1.111776,0.696267
rand039,0,1,0,0,adaptive_affine,4.8567990121581293,0,BudgetExceeded,12590,105.661540,0.702235
rand039,0,1,0,0,adaptive_fold,4.8567956614004935,0,EventLocationLimited,62,1.236317,0.776971
rand039,0,1,0,1,adaptive_fold,4.8567956614004935,0,EventLocationLimited,62,1.123867,0.706666
rand039,0,1,0,1,adaptive_affine,4.8567990121581293,0,BudgetExceeded,12590,104.516315,0.704641
rand039,0,1,0,1,mapped_fixed63,4.8567956614005361,0,fixed_resolution,126,1.211031,0.759209
rand039,0,1,0,2,mapped_fixed63,4.8567956614005361,0,fixed_resolution,126,1.114366,0.703435
rand039,0,1,0,2,adaptive_affine,4.8567990121581293,0,BudgetExceeded,12590,104.480976,0.703394
rand039,0,1,0,2,adaptive_fold,4.8567956614004935,0,EventLocationLimited,62,1.216608,0.757772
rand039,0,1,1,0,mapped_fixed63,4.8571244603417814,0,fixed_resolution,126,1.319268,0.533358
rand039,0,1,1,0,adaptive_affine,4.8571278113262402,0,BudgetExceeded,12590,127.375420,0.528074
rand039,0,1,1,0,adaptive_fold,4.8571244603417121,0,EventLocationLimited,62,1.041506,0.535467
rand039,0,1,1,1,adaptive_fold,4.8571244603417121,0,EventLocationLimited,62,1.010176,0.531914
rand039,0,1,1,1,adaptive_affine,4.8571278113262402,0,BudgetExceeded,12590,128.627478,0.536745
rand039,0,1,1,1,mapped_fixed63,4.8571244603417814,0,fixed_resolution,126,1.330710,0.533629
rand039,0,1,1,2,mapped_fixed63,4.8571244603417814,0,fixed_resolution,126,1.315486,0.536323
rand039,0,1,1,2,adaptive_affine,4.8571278113262402,0,BudgetExceeded,12590,127.842741,0.528281
rand039,0,1,1,2,adaptive_fold,4.8571244603417121,0,EventLocationLimited,62,1.032291,0.539139
rand039,0.5,0,0,0,mapped_fixed63,4.8567849794679407,0,fixed_resolution,126,1.151660,0.707704
rand039,0.5,0,0,0,adaptive_affine,4.8567925791939262,0,Converged,190,1.247633,0.694697
rand039,0.5,0,0,0,adaptive_fold,4.8567849794679159,0,Converged,62,1.113638,0.705685
rand039,0.5,0,0,1,adaptive_fold,4.8567849794679159,0,Converged,62,1.122732,0.709280
rand039,0.5,0,0,1,adaptive_affine,4.8567925791939262,0,Converged,190,1.230740,0.703812
rand039,0.5,0,0,1,mapped_fixed63,4.8567849794679407,0,fixed_resolution,126,1.110891,0.700257
rand039,0.5,0,0,2,mapped_fixed63,4.8567849794679407,0,fixed_resolution,126,1.132238,0.699348
rand039,0.5,0,0,2,adaptive_affine,4.8567925791939262,0,Converged,190,1.233227,0.693632
rand039,0.5,0,0,2,adaptive_fold,4.8567849794679159,0,Converged,62,1.112983,0.702159
rand039,0.5,0,1,0,mapped_fixed63,4.8571137761899879,0,fixed_resolution,126,1.313982,0.531637
rand039,0.5,0,1,0,adaptive_affine,4.857121376528589,0,Converged,190,1.143052,0.529483
rand039,0.5,0,1,0,adaptive_fold,4.8571137761898964,0,Converged,62,1.020465,0.528377
rand039,0.5,0,1,1,adaptive_fold,4.8571137761898964,0,Converged,62,0.999690,0.540883
rand039,0.5,0,1,1,adaptive_affine,4.857121376528589,0,Converged,190,1.150367,0.537515
rand039,0.5,0,1,1,mapped_fixed63,4.8571137761899879,0,fixed_resolution,126,1.317332,0.531231
rand039,0.5,0,1,2,mapped_fixed63,4.8571137761899879,0,fixed_resolution,126,1.303946,0.528796
rand039,0.5,0,1,2,adaptive_affine,4.857121376528589,0,Converged,190,1.142485,0.526491
rand039,0.5,0,1,2,adaptive_fold,4.8571137761898964,0,Converged,62,0.991470,0.526748
rand039,0.5,1,0,0,mapped_fixed63,4.8567849794679407,0,fixed_resolution,126,1.201748,0.695279
rand039,0.5,1,0,0,adaptive_affine,4.8567925791939262,0,BudgetExceeded,12566,112.403827,0.705824
rand039,0.5,1,0,0,adaptive_fold,4.8567849794679159,0,EventLocationLimited,62,1.246503,0.742455
rand039,0.5,1,0,1,adaptive_fold,4.8567849794679159,0,EventLocationLimited,62,1.173315,0.705287
rand039,0.5,1,0,1,adaptive_affine,4.8567925791939262,0,BudgetExceeded,12566,112.206252,0.695687
rand039,0.5,1,0,1,mapped_fixed63,4.8567849794679407,0,fixed_resolution,126,1.267820,0.752190
rand039,0.5,1,0,2,mapped_fixed63,4.8567849794679407,0,fixed_resolution,126,1.196787,0.706198
rand039,0.5,1,0,2,adaptive_affine,4.8567925791939262,0,BudgetExceeded,12566,112.338703,0.700209
rand039,0.5,1,0,2,adaptive_fold,4.8567849794679159,0,EventLocationLimited,62,1.258969,0.753430
rand039,0.5,1,1,0,mapped_fixed63,4.8571137761899879,0,fixed_resolution,126,1.398512,0.532890
rand039,0.5,1,1,0,adaptive_affine,4.857121376528589,0,BudgetExceeded,12566,136.918819,0.527545
rand039,0.5,1,1,0,adaptive_fold,4.8571137761898964,0,EventLocationLimited,62,1.093262,0.534919
rand039,0.5,1,1,1,adaptive_fold,4.8571137761898964,0,EventLocationLimited,62,1.046995,0.535628
rand039,0.5,1,1,1,adaptive_affine,4.857121376528589,0,BudgetExceeded,12566,137.474553,0.535729
rand039,0.5,1,1,1,mapped_fixed63,4.8571137761899879,0,fixed_resolution,126,1.454337,0.547343
rand039,0.5,1,1,2,mapped_fixed63,4.8571137761899879,0,fixed_resolution,126,1.380167,0.529068
rand039,0.5,1,1,2,adaptive_affine,4.857121376528589,0,BudgetExceeded,12566,136.866716,0.529527
rand039,0.5,1,1,2,adaptive_fold,4.8571137761898964,0,EventLocationLimited,62,1.101049,0.549790
paper_highA,0,0,0,0,mapped_fixed63,0,8,fixed_resolution,316,19.604462,15.507592
paper_highA,0,0,0,0,adaptive_affine,12363.419789349644,0,Converged,2554,24.140724,15.514935
paper_highA,0,0,0,0,adaptive_fold,12363.402164698842,0,Converged,256,16.923304,15.548450
paper_highA,0,0,0,1,adaptive_fold,12363.402164698842,0,Converged,256,16.855377,15.490026
paper_highA,0,0,0,1,adaptive_affine,12363.419789349644,0,Converged,2554,24.155859,15.434027
paper_highA,0,0,0,1,mapped_fixed63,0,8,fixed_resolution,316,19.548374,15.501296
paper_highA,0,0,0,2,mapped_fixed63,0,8,fixed_resolution,316,19.491833,15.486614
paper_highA,0,0,0,2,adaptive_affine,12363.419789349644,0,Converged,2554,24.256316,15.576581
paper_highA,0,0,0,2,adaptive_fold,12363.402164698842,0,Converged,256,16.874917,15.489198
paper_highA,0,0,1,0,mapped_fixed63,0,8,fixed_resolution,316,4.375155,0.392337
paper_highA,0,0,1,0,adaptive_affine,12254.530825232781,0,Converged,2554,13.777673,0.385596
paper_highA,0,0,1,0,adaptive_fold,12254.513556057163,0,Converged,248,1.991942,0.399567
paper_highA,0,0,1,1,adaptive_fold,12254.513556057163,0,Converged,248,1.979225,0.386773
paper_highA,0,0,1,1,adaptive_affine,12254.530825232781,0,Converged,2554,13.677129,0.394221
paper_highA,0,0,1,1,mapped_fixed63,0,8,fixed_resolution,316,4.319636,0.396363
paper_highA,0,0,1,2,mapped_fixed63,0,8,fixed_resolution,316,4.340096,0.392690
paper_highA,0,0,1,2,adaptive_affine,12254.530825232781,0,Converged,2554,13.864060,0.394936
paper_highA,0,0,1,2,adaptive_fold,12254.513556057163,0,Converged,248,2.001024,0.390402
paper_highA,0,1,0,0,mapped_fixed63,0,8,fixed_resolution,316,19.589321,15.541300
paper_highA,0,1,0,0,adaptive_affine,12363.419789349644,0,BudgetExceeded,4842,42.756014,15.578204
paper_highA,0,1,0,0,adaptive_fold,12363.402164698842,0,EventLocationLimited,416,17.632199,15.531606
paper_highA,0,1,0,1,adaptive_fold,12363.402164698842,0,EventLocationLimited,416,17.591546,15.521367
paper_highA,0,1,0,1,adaptive_affine,12363.419789349644,0,BudgetExceeded,4842,42.554465,15.577093
paper_highA,0,1,0,1,mapped_fixed63,0,8,fixed_resolution,316,19.718707,15.632849
paper_highA,0,1,0,2,mapped_fixed63,0,8,fixed_resolution,316,19.604557,15.500779
paper_highA,0,1,0,2,adaptive_affine,12363.419789349644,0,BudgetExceeded,4842,42.837940,15.500725
paper_highA,0,1,0,2,adaptive_fold,12363.402164698842,0,EventLocationLimited,416,17.682210,15.577732
paper_highA,0,1,1,0,mapped_fixed63,0,8,fixed_resolution,316,4.419757,0.398168
paper_highA,0,1,1,0,adaptive_affine,12254.530825232781,0,BudgetExceeded,4842,34.745944,0.396274
paper_highA,0,1,1,0,adaptive_fold,12254.513556057163,0,EventLocationLimited,416,2.922131,0.393844
paper_highA,0,1,1,1,adaptive_fold,12254.513556057163,0,EventLocationLimited,416,2.879235,0.393661
paper_highA,0,1,1,1,adaptive_affine,12254.530825232781,0,BudgetExceeded,4842,34.812583,0.387052
paper_highA,0,1,1,1,mapped_fixed63,0,8,fixed_resolution,316,4.421221,0.398794
paper_highA,0,1,1,2,mapped_fixed63,0,8,fixed_resolution,316,4.406372,0.392751
paper_highA,0,1,1,2,adaptive_affine,12254.530825232781,0,BudgetExceeded,4842,34.486513,0.388948
paper_highA,0,1,1,2,adaptive_fold,12254.513556057163,0,EventLocationLimited,416,2.925305,0.389905
paper_highA,0.5,0,0,0,mapped_fixed63,0,8,fixed_resolution,316,19.829382,15.577101
paper_highA,0.5,0,0,0,adaptive_affine,12152.926605611645,0,Converged,2426,24.893559,15.504736
paper_highA,0.5,0,0,0,adaptive_fold,12152.9177838945,0,Converged,256,17.113959,15.541558
paper_highA,0.5,0,0,1,adaptive_fold,12152.9177838945,0,Converged,256,17.107972,15.573795
paper_highA,0.5,0,0,1,adaptive_affine,12152.926605611645,0,Converged,2426,24.983253,15.543323
paper_highA,0.5,0,0,1,mapped_fixed63,0,8,fixed_resolution,316,19.715257,15.521902
paper_highA,0.5,0,0,2,mapped_fixed63,0,8,fixed_resolution,316,19.832906,15.551758
paper_highA,0.5,0,0,2,adaptive_affine,12152.926605611645,0,Converged,2426,25.160801,15.545725
paper_highA,0.5,0,0,2,adaptive_fold,12152.9177838945,0,Converged,256,17.091851,15.552491
paper_highA,0.5,0,1,0,mapped_fixed63,0,8,fixed_resolution,316,4.653519,0.402270
paper_highA,0.5,0,1,0,adaptive_affine,12035.303623520042,0,Converged,2426,14.374574,0.388820
paper_highA,0.5,0,1,0,adaptive_fold,12035.29500587338,0,Converged,256,2.177598,0.399455
paper_highA,0.5,0,1,1,adaptive_fold,12035.29500587338,0,Converged,256,2.156782,0.392392
paper_highA,0.5,0,1,1,adaptive_affine,12035.303623520042,0,Converged,2426,14.373705,0.385954
paper_highA,0.5,0,1,1,mapped_fixed63,0,8,fixed_resolution,316,4.599585,0.390560
paper_highA,0.5,0,1,2,mapped_fixed63,0,8,fixed_resolution,316,4.546464,0.383858
paper_highA,0.5,0,1,2,adaptive_affine,12035.303623520042,0,Converged,2426,14.321389,0.388535
paper_highA,0.5,0,1,2,adaptive_fold,12035.29500587338,0,Converged,256,2.140663,0.374284
paper_highA,0.5,1,0,0,mapped_fixed63,0,8,fixed_resolution,316,20.075877,15.584287
paper_highA,0.5,1,0,0,adaptive_affine,12152.926605611647,0,BudgetExceeded,4810,48.789758,15.556087
paper_highA,0.5,1,0,0,adaptive_fold,12152.9177838945,0,InnerAccuracyLimited,782,19.989932,15.566938
paper_highA,0.5,1,0,1,adaptive_fold,12152.9177838945,0,InnerAccuracyLimited,782,19.925140,15.501774
paper_highA,0.5,1,0,1,adaptive_affine,12152.926605611647,0,BudgetExceeded,4810,48.461531,15.538005
paper_highA,0.5,1,0,1,mapped_fixed63,0,8,fixed_resolution,316,20.070091,15.537481
paper_highA,0.5,1,0,2,mapped_fixed63,0,8,fixed_resolution,316,26.404369,19.893586
paper_highA,0.5,1,0,2,adaptive_affine,12152.926605611647,0,BudgetExceeded,4810,53.507521,19.873673
paper_highA,0.5,1,0,2,adaptive_fold,12152.9177838945,0,InnerAccuracyLimited,782,25.300888,18.812313
paper_highA,0.5,1,1,0,mapped_fixed63,0,8,fixed_resolution,316,5.111248,0.467487
paper_highA,0.5,1,1,0,adaptive_affine,12035.303623520042,0,BudgetExceeded,4810,40.836118,0.394774
paper_highA,0.5,1,1,0,adaptive_fold,12035.29500587338,0,InnerAccuracyLimited,782,6.057932,0.389116
paper_highA,0.5,1,1,1,adaptive_fold,12035.29500587338,0,InnerAccuracyLimited,782,5.816428,0.398818
paper_highA,0.5,1,1,1,adaptive_affine,12035.303623520042,0,BudgetExceeded,4810,41.132688,0.389119
paper_highA,0.5,1,1,1,mapped_fixed63,0,8,fixed_resolution,316,4.845237,0.397735
paper_highA,0.5,1,1,2,mapped_fixed63,0,8,fixed_resolution,316,4.789779,0.388359
paper_highA,0.5,1,1,2,adaptive_affine,12035.303623520042,0,BudgetExceeded,4810,49.532672,0.582438
paper_highA,0.5,1,1,2,adaptive_fold,12035.29500587338,0,InnerAccuracyLimited,782,5.809944,0.394748
