# V2 adaptive trajectory benchmark; value-only; radial-only topology prebuilt; full-cold D14/topology per epoch; full-warm L2 D14 warm seed; repeats median; n_r=adaptive
case_id configuration_id profile d_bin_index epoch_index trajectory_id trajectory_pos target s q rho x y time u X reference topology_status topology_cells topology_events cold_ms warm_ms radial_ms cold_topology_ms warm_topology_ms radial_topology_ms cold_adaptive_ms warm_adaptive_ms radial_adaptive_ms cold_setup_ms warm_setup_ms radial_setup_ms cold_physical_ms warm_physical_ms radial_physical_ms cold_estimator_ms warm_estimator_ms radial_estimator_ms cold_scheduler_ms warm_scheduler_ms radial_scheduler_ms cold_mu warm_mu radial_mu cold_error warm_error radial_error cold_value_converged warm_value_converged radial_value_converged cold_stop warm_stop radial_stop cold_status warm_status radial_status cold_nodes warm_nodes radial_nodes cold_evaluations warm_evaluations radial_evaluations cold_panels warm_panels radial_panels cold_splits warm_splits radial_splits warm_l1 warm_l2 warm_l3 warm_rescreen_fail warm_seed_used
0 0 linear 0 0 0 0 0.001 0.2310772011499552 0.56332240832139935 0.00017266345397718498 1.1409911177008178 -4.0472265932659397 1.1409565850100225 0.5 -1.0576909932376057 7.037894869661673 OK 13 12 53.568165 53.548251999999998 0.23263200000000001 53.337519999999998 53.287917999999998 0 0.23064500000000265 0.26033400000000029 0.23263200000000001 0.011583 0.011653999999999999 0.010826000000000001 0.19190199999999996 0.22211000000000006 0.19747400000000004 0.0052250000000000005 0.0050810000000000004 0.0041310000000000001 0.0011670000000000001 0.001163 0.00094899999999999987 7.0379226907888537 7.0379226907888537 7.0379226907888537 0.006970917037953021 0.006970917037953021 0.006970917037953021 1 1 1 Converged Converged Converged OK OK OK 67 67 67 67 67 67 5 5 5 0 0 0 0 0 1 0 0
0 0 linear 0 7 0 1 0.001 0.2310772011499552 0.56332240832139935 0.00017266345397718498 1.1409911177008178 -4.0472265932659397 1.1409776049087674 0.5 -1.0577120131363507 7.1651902970737442 OK 13 12 53.594223999999997 53.282443999999998 0.265876 53.242108000000002 52.923098000000003 0 0.35211599999999521 0.35934599999999506 0.265876 0.012125 0.010517 0.0095010000000000008 0.30895999999999996 0.32057500000000005 0.23076099999999999 0.0070159999999999997 0.0068110000000000011 0.0043409999999999994 0.0012490000000000001 0.001268 0.00093600000000000009 7.1651756850427599 7.1651756850427599 7.1651756850427599 0.0042243841136262337 0.0042243841136262337 0.0042243841136262337 1 1 1 Converged Converged Converged OK OK OK 83 83 83 83 83 83 5 5 5 0 0 0 0 1 0 0 1
0 0 linear 0 15 0 2 0.001 0.2310772011499552 0.56332240832139935 0.00017266345397718498 1.1409911177008178 -4.0472265932659397 1.1410016276501904 0.5 -1.0577360358777737 7.2540663721087535 OK 13 12 53.615135000000002 53.706538000000002 0.29847800000000002 53.265473999999998 53.248249999999999 0 0.34966100000000466 0.45828800000000314 0.29847800000000002 0.011601 0.010493000000000001 0.0092329999999999999 0.30654799999999999 0.413437 0.25714599999999999 0.0070630000000000007 0.0071800000000000006 0.0047219999999999996 0.0016689999999999999 0.0023709999999999998 0.0011490000000000001 7.2540425509600803 7.2540425509600803 7.2540425509600803 0.0047351340955985475 0.0047351340955985475 0.0047351340955985475 1 1 1 Converged Converged Converged OK OK OK 91 91 91 91 91 91 5 5 5 0 0 0 0 1 0 0 1
0 0 linear 0 23 0 3 0.001 0.2310772011499552 0.56332240832139935 0.00017266345397718498 1.1409911177008178 -4.0472265932659397 1.1410256503916132 0.5 -1.0577600586191964 7.2792531935334868 OK 13 12 53.714765 53.534078000000001 0.295574 53.347405999999999 53.129389000000003 0 0.36735900000000044 0.40468899999999763 0.295574 0.012278000000000001 0.010617 0.0091009999999999997 0.32193499999999997 0.36283700000000002 0.26356399999999985 0.0090800000000000013 0.0080999999999999996 0.0049370000000000004 0.0015159999999999998 0.001635 0.001085 7.2793514851610421 7.2793514851610421 7.2793514851610421 0.0045131773167325605 0.0045131773167325605 0.0045131773167325605 1 1 1 Converged Converged Converged OK OK OK 91 91 91 91 91 91 5 5 5 0 0 0 0 1 0 0 1
0 0 linear 0 0 0 0 0.0001 0.2310772011499552 0.56332240832139935 0.00017266345397718498 1.1409911177008178 -4.0472265932659397 1.1409565850100225 0.5 -1.0576909932376057 7.037894869661673 OK 13 12 53.720990999999998 53.772461 0.350628 53.274765000000002 53.323300000000003 0 0.44622599999999579 0.44916099999999659 0.350628 0.011716000000000001 0.01153 0.011024000000000001 0.3805759999999998 0.38043300000000002 0.29960899999999979 0.011198 0.011903 0.0062070000000000007 0.0027000000000000001 0.0027200000000000002 0.0015479999999999999 7.037916549943767 7.037916549943767 7.037916549943767 0.00061097229468238959 0.00061097229468238959 0.00061097229468238959 1 1 1 Converged Converged Converged OK OK OK 107 107 107 107 107 107 5 5 5 0 0 0 0 0 1 0 0
0 0 linear 0 7 0 1 0.0001 0.2310772011499552 0.56332240832139935 0.00017266345397718498 1.1409911177008178 -4.0472265932659397 1.1409776049087674 0.5 -1.0577120131363507 7.1651902970737442 OK 13 12 53.722991999999998 53.462913 0.39956399999999997 53.205796999999997 52.88579 0 0.51719500000000096 0.57712300000000027 0.39956399999999997 0.011651 0.010534 0.010918000000000001 0.44396299999999983 0.50362800000000008 0.35350799999999999 0.010303 0.011527000000000001 0.0068219999999999999 0.0025949999999999997 0.0022719999999999997 0.0015120000000000001 7.1651536136369565 7.1651536136369565 7.1651536136369565 0.00032612592464768391 0.00032612592464768391 0.00032612592464768391 1 1 1 Converged Converged Converged OK OK OK 123 123 123 123 123 123 5 5 5 0 0 0 0 1 0 0 1
0 0 linear 0 15 0 2 0.0001 0.2310772011499552 0.56332240832139935 0.00017266345397718498 1.1409911177008178 -4.0472265932659397 1.1410016276501904 0.5 -1.0577360358777737 7.2540663721087535 OK 13 12 53.804842000000001 53.893987000000003 0.38391900000000001 53.297212999999999 53.289313 0 0.50762900000000144 0.60467400000000282 0.38391900000000001 0.011587 0.010529999999999999 0.010645 0.45051599999999992 0.54751099999999986 0.34084499999999979 0.011564 0.012137 0.0063429999999999997 0.0020769999999999999 0.0025080000000000002 0.0015100000000000001 7.2540771215429523 7.2540771215429523 7.2540771215429523 0.00044980356117641239 0.00044980356117641239 0.00044980356117641239 1 1 1 Converged Converged Converged OK OK OK 123 123 123 123 123 123 5 5 5 0 0 0 0 1 0 0 1
0 0 linear 0 23 0 3 0.0001 0.2310772011499552 0.56332240832139935 0.00017266345397718498 1.1409911177008178 -4.0472265932659397 1.1410256503916132 0.5 -1.0577600586191964 7.2792531935334868 OK 13 12 54.034171999999998 53.762861999999998 0.389407 53.513489 53.228346000000002 0 0.52068299999999823 0.53451599999999644 0.389407 0.011727 0.010368 0.010225 0.4585169999999999 0.48380200000000007 0.34713799999999995 0.014050999999999999 0.010257000000000002 0.0061189999999999994 0.0029419999999999997 0.0026380000000000002 0.0013059999999999999 7.2793538566257574 7.2793538566257574 7.2793538566257574 0.00042741280698348368 0.00042741280698348368 0.00042741280698348368 1 1 1 Converged Converged Converged OK OK OK 123 123 123 123 123 123 5 5 5 0 0 0 0 1 0 0 1
0 0 linear 1 0 1 0 0.001 0.2310772011499552 0.56332240832139935 0.00017266345397718498 -0.025946740223949404 -0.00013422659447861403 -0.025981272914744842 0.5 0.10924686468716169 589.76910771294774 OK 15 15 1.066217 1.0587610000000001 0.34062900000000002 0.72170999999999996 0.71693799999999996 0 0.34450700000000001 0.3418230000000001 0.34062900000000002 0.013476 0.011868 0.011780000000000001 0.29060500000000006 0.285028 0.28720299999999993 0.0049099999999999994 0.0061929999999999997 0.0049739999999999993 0.0014279999999999998 0.0013490000000000002 0.001366 589.76731831372365 589.76731831372365 589.76731831372365 0.37759342414534541 0.37759342414534541 0.37759342414534541 1 1 1 Converged Converged Converged OK OK OK 105 105 105 105 105 105 7 7 7 0 0 0 0 0 1 0 0
0 0 linear 1 7 1 1 0.001 0.2310772011499552 0.56332240832139935 0.00017266345397718498 -0.025946740223949404 -0.00013422659447861403 -0.025960253015999791 0.5 0.10922584478841664 593.08183624951698 OK 15 15 0.91164299999999998 0.82369199999999998 0.32181100000000001 0.58623400000000003 0.46563100000000002 0 0.32540899999999995 0.35806099999999996 0.32181100000000001 0.012666999999999999 0.012645999999999999 0.011847999999999999 0.28544099999999994 0.31797399999999998 0.28394200000000003 0.0055820000000000002 0.0058579999999999995 0.0053709999999999999 0.0013339999999999999 0.0013550000000000001 0.0012679999999999998 593.09247526628167 593.09247526628167 593.09247526628167 0.32958847976937145 0.32958847976937145 0.32958847976937145 1 1 1 Converged Converged Converged OK OK OK 105 105 105 105 105 105 7 7 7 0 0 0 0 1 0 0 1
0 0 linear 1 15 1 2 0.001 0.2310772011499552 0.56332240832139935 0.00017266345397718498 -0.025946740223949404 -0.00013422659447861403 -0.02593623027457688 0.5 0.10920182204699373 596.52004720667082 OK 16 15 1.161006 1.045161 0.44447399999999998 0.70622600000000002 0.56133500000000003 0 0.45477999999999996 0.48382599999999998 0.44447399999999998 0.012907 0.012681 0.011854 0.40289800000000003 0.43437499999999996 0.39694400000000002 0.0078119999999999995 0.0065099999999999993 0.0062890000000000003 0.0016459999999999999 0.0015529999999999999 0.001436 596.53003682974679 596.53003682974679 596.53003682974679 0.35116707200867475 0.35116707200867475 0.35116707200867475 1 1 1 Converged Converged Converged OK OK OK 128 128 128 128 128 128 8 8 8 0 0 0 0 1 0 0 1
0 0 linear 1 23 1 3 0.001 0.2310772011499552 0.56332240832139935 0.00017266345397718498 -0.025946740223949404 -0.00013422659447861403 -0.025912207533153965 0.5 0.10917779930557081 599.53614633227335 OK 16 15 0.96238299999999999 0.86122900000000002 0.457258 0.52536899999999997 0.39607300000000001 0 0.43701400000000001 0.46515600000000001 0.457258 0.012696000000000001 0.012669 0.012781000000000001 0.39324899999999996 0.42209600000000014 0.41335299999999986 0.0062700000000000013 0.0059750000000000003 0.0060400000000000002 0.0014090000000000001 0.0014380000000000003 0.001359 599.54254534181996 599.54254534181996 599.54254534181996 0.3568022554357852 0.3568022554357852 0.3568022554357852 1 1 1 Converged Converged Converged OK OK OK 128 128 128 128 128 128 8 8 8 0 0 0 0 1 0 0 1
0 0 linear 1 0 1 0 0.0001 0.2310772011499552 0.56332240832139935 0.00017266345397718498 -0.025946740223949404 -0.00013422659447861403 -0.025981272914744842 0.5 0.10924686468716169 589.76910771294774 OK 15 15 1.230116 1.233047 0.51085499999999995 0.72300200000000003 0.71677199999999996 0 0.50711399999999995 0.51627500000000004 0.51085499999999995 0.011934 0.012182999999999999 0.011886000000000001 0.42840799999999996 0.427033 0.42615099999999995 0.0077599999999999995 0.0090840000000000001 0.0078209999999999998 0.0018310000000000002 0.0019089999999999999 0.0017209999999999999 589.77282612189231 589.77282612189231 589.77282612189231 0.052781350480709512 0.052781350480709512 0.052781350480709512 1 1 1 Converged Converged Converged OK OK OK 153 153 153 153 153 153 7 7 7 0 0 0 0 0 1 0 0
0 0 linear 1 7 1 1 0.0001 0.2310772011499552 0.56332240832139935 0.00017266345397718498 -0.025946740223949404 -0.00013422659447861403 -0.025960253015999791 0.5 0.10922584478841664 593.08183624951698 OK 15 15 1.012443 0.93550299999999997 0.41683599999999998 0.59191099999999996 0.472279 0 0.42053200000000002 0.46322399999999997 0.41683599999999998 0.012775999999999999 0.013958999999999999 0.011783 0.37154300000000007 0.413352 0.3704900000000001 0.0074830000000000001 0.0073030000000000005 0.0071289999999999991 0.0016379999999999999 0.001624 0.0015590000000000001 593.08564034785877 593.08564034785877 593.08564034785877 0.039263553918066088 0.039263553918066088 0.039263553918066088 1 1 1 Converged Converged Converged OK OK OK 137 137 137 137 137 137 7 7 7 0 0 0 0 1 0 0 1
0 0 linear 1 15 1 2 0.0001 0.2310772011499552 0.56332240832139935 0.00017266345397718498 -0.025946740223949404 -0.00013422659447861403 -0.02593623027457688 0.5 0.10920182204699373 596.52004720667082 OK 16 15 1.3804920000000001 1.274343 0.67015499999999995 0.70831 0.56181599999999998 0 0.67218200000000006 0.71252700000000002 0.67015499999999995 0.012834 0.012791 0.011753 0.60550799999999971 0.64447399999999988 0.60653300000000021 0.010999999999999999 0.011545 0.010605 0.0019970000000000001 0.0019959999999999999 0.0018270000000000001 596.52485324238057 596.52485324238057 596.52485324238057 0.035895822013788832 0.035895822013788832 0.035895822013788832 1 1 1 Converged Converged Converged OK OK OK 192 192 192 192 192 192 8 8 8 0 0 0 0 1 0 0 1
0 0 linear 1 23 1 3 0.0001 0.2310772011499552 0.56332240832139935 0.00017266345397718498 -0.025946740223949404 -0.00013422659447861403 -0.025912207533153965 0.5 0.10917779930557081 599.53614633227335 OK 16 15 1.1809339999999999 1.0883290000000001 0.65080199999999999 0.52434199999999997 0.39606599999999997 0 0.65659199999999995 0.69226300000000007 0.65080199999999999 0.012421 0.012707 0.011722 0.59782200000000008 0.6322460000000002 0.59396300000000035 0.0098399999999999998 0.010905 0.0099350000000000011 0.0018489999999999999 0.001859 0.0017699999999999999 599.53810312492749 599.53810312492749 599.53810312492749 0.034717586447017973 0.034717586447017973 0.034717586447017973 1 1 1 Converged Converged Converged OK OK OK 192 192 192 192 192 192 8 8 8 0 0 0 0 1 0 0 1
0 0 linear 2 0 2 0 0.001 0.2310772011499552 0.56332240832139935 0.00017266345397718498 1.1410334214605786 -4.0468798240857806 1.1409988887697833 0.5 -1.0577332969973665 2.3667306603356812 OK 13 12 37.716811 37.740625000000001 0.20649100000000001 37.492396999999997 37.506495000000001 0 0.224414000000003 0.23413000000000039 0.20649100000000001 0.012529999999999999 0.011063 0.010456 0.18112799999999996 0.18988400000000005 0.17080400000000001 0.0059899999999999997 0.0075820000000000002 0.0046180000000000006 0.00097900000000000005 0.00096499999999999993 0.000776 2.3667291596036724 2.3667291596036724 2.3667291596036724 0.0019344153205984014 0.0019344153205984014 0.0019344153205984014 1 1 1 Converged Converged Converged OK OK OK 61 61 61 61 61 61 3 3 3 0 0 0 0 0 1 0 0
0 0 linear 2 7 2 1 0.001 0.2310772011499552 0.56332240832139935 0.00017266345397718498 1.1410334214605786 -4.0468798240857806 1.1410199086685282 0.5 -1.0577543168961114 2.4102124914501046 OK 13 12 51.581373999999997 51.547277999999999 0.19988300000000001 51.327179999999998 51.217393999999999 0 0.25419399999999825 0.32988399999999984 0.19988300000000001 0.011074000000000001 0.010872 0.010609 0.21643800000000002 0.29147199999999995 0.16891699999999998 0.0057559999999999998 0.0065050000000000004 0.0038289999999999999 0.00093500000000000007 0.0011289999999999998 0.00070199999999999993 2.4102109454225378 2.4102109454225378 2.4102109454225378 0.0019349087191439223 0.0019349087191439223 0.0019349087191439223 1 1 1 Converged Converged Converged OK OK OK 61 61 61 61 61 61 3 3 3 0 0 0 0 1 0 0 1
0 0 linear 2 15 2 2 0.001 0.2310772011499552 0.56332240832139935 0.00017266345397718498 1.1410334214605786 -4.0468798240857806 1.1410439314099512 0.5 -1.0577783396375344 2.4659820375089936 OK 13 12 51.744197999999997 51.780937999999999 0.17927299999999999 51.504004000000002 51.480032999999999 0 0.24019399999999536 0.3009050000000002 0.17927299999999999 0.010429000000000001 0.010812 0.0092779999999999998 0.20223400000000002 0.25884000000000001 0.15094700000000003 0.0068190000000000004 0.0056379999999999998 0.0033430000000000005 0.00098299999999999993 0.00097400000000000004 0.00065499999999999998 2.4659804224859272 2.4659804224859272 2.4659804224859272 0.0019354768813307362 0.0019354768813307362 0.0019354768813307362 1 1 1 Converged Converged Converged OK OK OK 61 61 61 61 61 61 3 3 3 0 0 0 0 1 0 0 1
0 0 linear 2 23 2 3 0.001 0.2310772011499552 0.56332240832139935 0.00017266345397718498 1.1410334214605786 -4.0468798240857806 1.141067954151374 0.5 -1.0578023623789572 2.5300573667300794 OK 13 12 53.723948999999998 53.716752999999997 0.189918 53.469783 53.379660999999999 0 0.25416599999999789 0.33709199999999839 0.189918 0.010826000000000001 0.010779 0.0093900000000000008 0.21566499999999997 0.29784999999999995 0.16128500000000001 0.0065429999999999993 0.0077240000000000008 0.0034519999999999993 0.00099199999999999983 0.00091799999999999998 0.00066600000000000003 2.5300557252343201 2.5300557252343201 2.5300557252343201 0.0019360507043538126 0.0019360507043538126 0.0019360507043538126 1 1 1 Converged Converged Converged OK OK OK 61 61 61 61 61 61 3 3 3 0 0 0 0 1 0 0 1
0 0 linear 2 0 2 0 0.0001 0.2310772011499552 0.56332240832139935 0.00017266345397718498 1.1410334214605786 -4.0468798240857806 1.1409988887697833 0.5 -1.0577332969973665 2.3667306603356812 OK 13 12 37.804363000000002 37.804371000000003 0.27055899999999999 37.432969 37.504427999999997 0 0.37139400000000222 0.29994300000000607 0.27055899999999999 0.012349000000000001 0.011181 0.010498 0.27050799999999992 0.24587600000000001 0.22316399999999992 0.011266 0.0080609999999999987 0.0059389999999999998 0.0012629999999999998 0.0012849999999999999 0.0010300000000000001 2.366729160658418 2.366729160658418 2.366729160658418 5.1799598999516432e-08 5.1799598999516432e-08 5.1799598999516432e-08 1 1 1 Converged Converged Converged OK OK OK 93 93 93 93 93 93 3 3 3 0 0 0 0 0 1 0 0
0 0 linear 2 7 2 1 0.0001 0.2310772011499552 0.56332240832139935 0.00017266345397718498 1.1410334214605786 -4.0468798240857806 1.1410199086685282 0.5 -1.0577543168961114 2.4102124914501046 OK 13 12 51.592498999999997 51.484575999999997 0.22221099999999999 51.296239 51.083269000000001 0 0.29625999999999664 0.40130699999999564 0.22221099999999999 0.0104 0.010432 0.0095460000000000007 0.25073599999999996 0.35634499999999997 0.18794800000000014 0.0090200000000000002 0.0087910000000000002 0.0046160000000000003 0.0010839999999999999 0.001013 0.00085300000000000003 2.4102109463500576 2.4102109463500576 2.4102109463500576 0.00024076789281731018 0.00024076789281731018 0.00024076789281731018 1 1 1 Converged Converged Converged OK OK OK 77 77 77 77 77 77 3 3 3 0 0 0 0 1 0 0 1
0 0 linear 2 15 2 2 0.0001 0.2310772011499552 0.56332240832139935 0.00017266345397718498 1.1410334214605786 -4.0468798240857806 1.1410439314099512 0.5 -1.0577783396375344 2.4659820375089936 OK 13 12 51.747093999999997 51.740656000000001 0.21676000000000001 51.458775000000003 51.390182000000003 0 0.28831899999999422 0.3504739999999984 0.21676000000000001 0.011053 0.011095000000000001 0.0091120000000000003 0.242677 0.30834800000000007 0.183751 0.0078100000000000001 0.0068659999999999997 0.0042040000000000003 0.0011409999999999999 0.001059 0.00080799999999999991 2.4659804234077263 2.4659804234077263 2.4659804234077263 0.00024133606683887182 0.00024133606683887182 0.00024133606683887182 1 1 1 Converged Converged Converged OK OK OK 77 77 77 77 77 77 3 3 3 0 0 0 0 1 0 0 1
0 0 linear 2 23 2 3 0.0001 0.2310772011499552 0.56332240832139935 0.00017266345397718498 1.1410334214605786 -4.0468798240857806 1.141067954151374 0.5 -1.0578023623789572 2.5300573667300794 OK 13 12 53.752194000000003 53.751575000000003 0.22456499999999999 53.455565 53.336474000000003 0 0.29662900000000292 0.41510099999999994 0.22456499999999999 0.010662 0.010562 0.0094619999999999999 0.24835299999999999 0.36786600000000008 0.19109999999999994 0.0093699999999999999 0.0090089999999999996 0.0042030000000000001 0.0010019999999999999 0.0010530000000000001 0.00080799999999999991 2.5300557261586096 2.5300557261586096 2.5300557261586096 0.00024190991475458033 0.00024190991475458033 0.00024190991475458033 1 1 1 Converged Converged Converged OK OK OK 77 77 77 77 77 77 3 3 3 0 0 0 0 1 0 0 1
0 0 linear 3 0 3 0 0.001 0.2310772011499552 0.56332240832139935 0.00017266345397718498 0.019011618393043918 -0.00044021513465950505 0.018977085702248479 0.5 0.064288506070168366 488.05744869038392 OK 15 14 0.72387900000000005 0.72673900000000002 0.18129999999999999 0.54363600000000001 0.54607799999999995 0 0.18024300000000004 0.18066100000000007 0.18129999999999999 0.015921999999999999 0.016042000000000001 0.015264 0.13265000000000005 0.13350199999999998 0.13221299999999997 0.0046470000000000001 0.0045950000000000001 0.0045269999999999998 0.00099699999999999984 0.0010870000000000001 0.00093899999999999995 488.05716329461848 488.05716329461848 488.05716329461848 0.47021223287290137 0.47021223287290137 0.47021223287290137 1 1 1 Converged Converged Converged OK OK OK 83 83 83 83 83 83 5 5 5 0 0 0 0 0 1 0 0
0 0 linear 3 7 3 1 0.001 0.2310772011499552 0.56332240832139935 0.00017266345397718498 0.019011618393043918 -0.00044021513465950505 0.01899810560099353 0.5 0.064267486171423319 497.79328032918818 OK 15 14 0.80640000000000001 0.78048200000000001 0.17438100000000001 0.62749100000000002 0.48376999999999998 0 0.17890899999999998 0.29671200000000003 0.17438100000000001 0.014739 0.014851 0.014146000000000001 0.13748199999999999 0.25540200000000002 0.13121900000000003 0.0046370000000000005 0.0047980000000000002 0.0044480000000000006 0.001098 0.0010470000000000002 0.00097499999999999996 497.79296944733449 497.79296944733449 497.79296944733449 0.48479189166936987 0.48479189166936987 0.48479189166936987 1 1 1 Converged Converged Converged OK OK OK 83 83 83 83 83 83 5 5 5 0 0 0 0 1 0 0 1
0 0 linear 3 15 3 2 0.001 0.2310772011499552 0.56332240832139935 0.00017266345397718498 0.019011618393043918 -0.00044021513465950505 0.019022128342416442 0.5 0.064243463430000411 510.01613600715001 OK 15 14 0.81933 0.78844400000000003 0.17328399999999999 0.64403699999999997 0.500108 0 0.17529300000000003 0.28833600000000004 0.17328399999999999 0.015108999999999999 0.015138 0.014376999999999999 0.13426099999999999 0.24721200000000007 0.13369699999999998 0.0045009999999999998 0.0045959999999999994 0.004372 0.00097800000000000014 0.0009630000000000001 0.00093300000000000002 510.01575430523633 510.01575430523633 510.01575430523633 0.50466256529897469 0.50466256529897469 0.50466256529897469 1 1 1 Converged Converged Converged OK OK OK 83 83 83 83 83 83 5 5 5 0 0 0 0 1 0 0 1
0 0 linear 3 23 3 3 0.001 0.2310772011499552 0.56332240832139935 0.00017266345397718498 0.019011618393043918 -0.00044021513465950505 0.019046151083839356 0.5 0.064219440688577489 523.73830156079396 OK 15 14 0.75401300000000004 0.77825800000000001 0.19739100000000001 0.55360799999999999 0.42063800000000001 0 0.20040500000000006 0.35761999999999999 0.19739100000000001 0.014638 0.014808 0.014016000000000001 0.15297899999999998 0.305724 0.15168699999999996 0.0057149999999999996 0.0060999999999999995 0.0054199999999999995 0.001103 0.0011489999999999998 0.0010629999999999999 523.73782250076636 523.73782250076636 523.73782250076636 0.13634903681591559 0.13634903681591559 0.13634903681591559 1 1 1 Converged Converged Converged OK OK OK 99 99 99 99 99 99 5 5 5 0 0 0 0 1 0 0 1
0 0 linear 3 0 3 0 0.0001 0.2310772011499552 0.56332240832139935 0.00017266345397718498 0.019011618393043918 -0.00044021513465950505 0.018977085702248479 0.5 0.064288506070168366 488.05744869038392 OK 15 14 0.77848700000000004 0.77053400000000005 0.22884199999999999 0.54169800000000001 0.53671400000000002 0 0.23678900000000003 0.23382000000000003 0.22884199999999999 0.015487000000000001 0.015907999999999999 0.015197 0.16949500000000012 0.17384299999999997 0.16915199999999994 0.0063210000000000002 0.0065840000000000004 0.0062940000000000001 0.001238 0.0012899999999999999 0.001193 488.05716442285001 488.05716442285001 488.05716442285001 0.017933015289309285 0.017933015289309285 0.017933015289309285 1 1 1 Converged Converged Converged OK OK OK 115 115 115 115 115 115 5 5 5 0 0 0 0 0 1 0 0
0 0 linear 3 7 3 1 0.0001 0.2310772011499552 0.56332240832139935 0.00017266345397718498 0.019011618393043918 -0.00044021513465950505 0.01899810560099353 0.5 0.064267486171423319 497.79328032918818 OK 15 14 0.85255000000000003 0.90416300000000005 0.21857399999999999 0.63150799999999996 0.48362300000000003 0 0.22104200000000007 0.42054000000000002 0.21857399999999999 0.014899000000000001 0.014814000000000001 0.014213 0.16958500000000007 0.36946699999999993 0.16927999999999999 0.0065129999999999997 0.0065990000000000007 0.0060509999999999991 0.001333 0.0012959999999999998 0.001219 497.79297068544543 497.79297068544543 497.79297068544543 0.017993272831493139 0.017993272831493139 0.017993272831493139 1 1 1 Converged Converged Converged OK OK OK 115 115 115 115 115 115 5 5 5 0 0 0 0 1 0 0 1
0 0 linear 3 15 3 2 0.0001 0.2310772011499552 0.56332240832139935 0.00017266345397718498 0.019011618393043918 -0.00044021513465950505 0.019022128342416442 0.5 0.064243463430000411 510.01613600715001 OK 15 14 0.86702199999999996 0.93506 0.220886 0.643899 0.50892400000000004 0 0.22312299999999996 0.42613599999999996 0.220886 0.015136999999999999 0.016574999999999999 0.014362 0.17162099999999994 0.37222299999999992 0.17138900000000004 0.0063489999999999996 0.006744 0.0061890000000000001 0.0012510000000000002 0.001255 0.0011870000000000001 510.01575572599387 510.01575572599387 510.01575572599387 0.018092518073835002 0.018092518073835002 0.018092518073835002 1 1 1 Converged Converged Converged OK OK OK 115 115 115 115 115 115 5 5 5 0 0 0 0 1 0 0 1
0 0 linear 3 23 3 3 0.0001 0.2310772011499552 0.56332240832139935 0.00017266345397718498 0.019011618393043918 -0.00044021513465950505 0.019046151083839356 0.5 0.064219440688577489 523.73830156079396 OK 15 14 0.76909400000000006 0.83263100000000001 0.21955 0.54780600000000002 0.42160999999999998 0 0.22128800000000004 0.41102100000000003 0.21955 0.014631999999999999 0.014862999999999999 0.014004000000000001 0.17104300000000003 0.35936799999999985 0.17083799999999999 0.0061620000000000008 0.0068070000000000006 0.0061200000000000004 0.0012199999999999999 0.0012359999999999999 0.0011670000000000001 523.73782257755784 523.73782257755784 523.73782257755784 0.018242409900326616 0.018242409900326616 0.018242409900326616 1 1 1 Converged Converged Converged OK OK OK 115 115 115 115 115 115 5 5 5 0 0 0 0 1 0 0 1
0 0 linear 4 0 4 0 0.001 0.2310772011499552 0.56332240832139935 0.00017266345397718498 1.1436514944760341 -4.0397331535590295 1.1436169617852388 0.5 -1.060351370012822 2.6196492485236935 OK 13 12 0.54369100000000004 0.54064599999999996 0.16275100000000001 0.37615900000000002 0.37727500000000003 0 0.16753200000000001 0.16337099999999993 0.16275100000000001 0.011524 0.011318999999999999 0.011143999999999999 0.13854100000000003 0.13528100000000001 0.13478899999999999 0.0023950000000000004 0.0024359999999999998 0.0024420000000000002 0.000638 0.00063699999999999998 0.00063599999999999996 2.6196476657497758 2.6196476657497758 2.6196476657497758 0.0024769177507439986 0.0024769177507439986 0.0024769177507439986 1 1 1 Converged Converged Converged OK OK OK 52 52 52 52 52 52 4 4 4 0 0 0 0 0 1 0 0
0 0 linear 4 7 4 1 0.001 0.2310772011499552 0.56332240832139935 0.00017266345397718498 1.1436514944760341 -4.0397331535590295 1.1436379816839837 0.5 -1.0603723899115669 2.5174345319049873 OK 13 12 0.54424899999999998 0.453596 0.15362700000000001 0.391988 0.24115400000000001 0 0.15226099999999998 0.21244199999999999 0.15362700000000001 0.010697999999999999 0.010645 0.01021 0.12668599999999999 0.18757500000000002 0.125967 0.0026649999999999998 0.0025300000000000001 0.002418 0.00067299999999999999 0.00062100000000000002 0.00058500000000000002 2.5174331937772849 2.5174331937752905 2.5174331937772849 0.0023104947503747035 0.002310494750342429 0.0023104947503747035 1 1 1 Converged Converged Converged OK OK OK 52 52 52 52 52 52 4 4 4 0 0 0 0 1 0 0 1
0 0 linear 4 15 4 2 0.001 0.2310772011499552 0.56332240832139935 0.00017266345397718498 1.1436514944760341 -4.0397331535590295 1.1436620044254067 0.5 -1.0603964126529899 2.4212347726041608 OK 13 12 0.58020400000000005 0.53758899999999998 0.183585 0.39394899999999999 0.25046400000000002 0 0.18625500000000006 0.28712499999999996 0.183585 0.010116999999999999 0.010097 0.0096039999999999997 0.15684199999999998 0.25808099999999995 0.15627100000000002 0.0036710000000000007 0.003519 0.0032849999999999997 0.00074700000000000005 0.00073499999999999998 0.0006730000000000001 2.4212389482947514 2.4212389482950818 2.4212389482947514 0.0021818637763978722 0.0021818637778224332 0.0021818637763978722 1 1 1 Converged Converged Converged OK OK OK 68 68 68 68 68 68 4 4 4 0 0 0 0 1 0 0 1
0 0 linear 4 23 4 3 0.001 0.2310772011499552 0.56332240832139935 0.00017266345397718498 1.1436514944760341 -4.0397331535590295 1.1436860271668294 0.5 -1.0604204353944127 2.3408523335578364 OK 13 12 0.54716399999999998 0.50756000000000001 0.16982700000000001 0.374531 0.24599799999999999 0 0.17263299999999998 0.26156200000000002 0.16982700000000001 0.010406 0.010356000000000001 0.0098460000000000006 0.14222500000000002 0.23170699999999997 0.14097899999999999 0.003542 0.0034749999999999998 0.0032940000000000001 0.00076000000000000004 0.00074200000000000004 0.00073899999999999997 2.3408509317784856 2.3408509317784856 2.3408509317784856 0.0018757721577348225 0.0018757721577348225 0.0018757721577348225 1 1 1 Converged Converged Converged OK OK OK 61 61 61 61 61 61 3 3 3 0 0 0 0 1 0 0 1
0 0 linear 4 0 4 0 0.0001 0.2310772011499552 0.56332240832139935 0.00017266345397718498 1.1436514944760341 -4.0397331535590295 1.1436169617852388 0.5 -1.060351370012822 2.6196492485236935 OK 13 12 0.59965400000000002 0.59777599999999997 0.22059599999999999 0.37480599999999997 0.37657200000000002 0 0.22484800000000005 0.22120399999999996 0.22059599999999999 0.011367 0.011429999999999999 0.011172 0.18431000000000006 0.18378900000000001 0.18401999999999999 0.0037789999999999998 0.0039550000000000002 0.0036240000000000001 0.0008830000000000001 0.00090699999999999993 0.00088000000000000003 2.6196476074417663 2.6196476074417663 2.6196476074417663 0.00025851180376925721 0.00025851180376925721 0.00025851180376925721 1 1 1 Converged Converged Converged OK OK OK 76 76 76 76 76 76 4 4 4 0 0 0 0 0 1 0 0
0 0 linear 4 7 4 1 0.0001 0.2310772011499552 0.56332240832139935 0.00017266345397718498 1.1436514944760341 -4.0397331535590295 1.1436379816839837 0.5 -1.0603723899115669 2.5174345319049873 OK 13 12 0.672315 0.65863300000000002 0.27346700000000002 0.39175500000000002 0.24676200000000001 0 0.28055999999999998 0.41187099999999999 0.27346700000000002 0.010664 0.010687 0.010186000000000001 0.23429700000000001 0.36775200000000013 0.23370800000000003 0.0053660000000000001 0.0050940000000000004 0.0050520000000000001 0.0010549999999999999 0.001018 0.00097999999999999997 2.5174329294964881 2.5174329294955227 2.5174329294964881 0.00014827228788715345 0.00014827228719041803 0.00014827228788715345 1 1 1 Converged Converged Converged OK OK OK 100 100 100 100 100 100 4 4 4 0 0 0 0 1 0 0 1
0 0 linear 4 15 4 2 0.0001 0.2310772011499552 0.56332240832139935 0.00017266345397718498 1.1436514944760341 -4.0397331535590295 1.1436620044254067 0.5 -1.0603964126529899 2.4212347726041608 OK 13 12 0.69748600000000005 0.72736599999999996 0.30175200000000002 0.39227699999999999 0.248775 0 0.30520900000000006 0.47859099999999999 0.30175200000000002 0.010166 0.010097999999999999 0.0096080000000000002 0.26051400000000002 0.434751 0.25959500000000002 0.0072199999999999999 0.007175 0.0068389999999999996 0.00098400000000000007 0.00098800000000000016 0.00096100000000000005 2.4212333290209549 2.421233329021919 2.4212333290209549 0.00019275359042609003 0.00019275359061126602 0.00019275359042609003 1 1 1 Converged Converged Converged OK OK OK 116 116 116 116 116 116 4 4 4 0 0 0 0 1 0 0 1
0 0 linear 4 23 4 3 0.0001 0.2310772011499552 0.56332240832139935 0.00017266345397718498 1.1436514944760341 -4.0397331535590295 1.1436860271668294 0.5 -1.0604204353944127 2.3408523335578364 OK 13 12 0.59495900000000002 0.567608 0.20883199999999999 0.37829400000000002 0.245226 0 0.216665 0.322382 0.20883199999999999 0.010319999999999999 0.01048 0.0097970000000000002 0.18080999999999997 0.28695399999999999 0.17501499999999998 0.0042589999999999998 0.0044150000000000005 0.0040330000000000001 0.00089999999999999998 0.00091 0.00086400000000000008 2.3408509327007434 2.3408509327007434 2.3408509327007434 0.00018160801331078096 0.00018160801331078096 0.00018160801331078096 1 1 1 Converged Converged Converged OK OK OK 77 77 77 77 77 77 3 3 3 0 0 0 0 1 0 0 1
0 0 uniform 0 0 5 0 0.001 0.2310772011499552 0.56332240832139935 0.00017266345397718498 1.1409911177008178 -4.0472265932659397 1.1409565850100225 0 -1.0576909932376057 6.8139830013407305 OK 13 12 53.517173 53.580613999999997 0.216862 53.251615999999999 53.316400000000002 0 0.26555700000000115 0.26421399999999551 0.216862 0.011643000000000001 0.01142 0.01069 0.22287399999999999 0.22281100000000004 0.18214599999999997 0.0050949999999999997 0.0050449999999999991 0.0040239999999999998 0.0011039999999999999 0.001114 0.00098700000000000003 6.8139867820913782 6.8139867820913782 6.8139867820913782 0.0057325322954999572 0.0057325322954999572 0.0057325322954999572 1 1 1 Converged Converged Converged OK OK OK 67 67 67 67 67 67 5 5 5 0 0 0 0 0 1 0 0
0 0 uniform 0 7 5 1 0.001 0.2310772011499552 0.56332240832139935 0.00017266345397718498 1.1409911177008178 -4.0472265932659397 1.1409776049087674 0 -1.0577120131363507 6.9223164812350113 OK 13 12 53.519072999999999 53.286566000000001 0.25448300000000001 53.213558999999997 52.875596000000002 0 0.30551400000000228 0.41096999999999895 0.25448300000000001 0.011663 0.010437 0.010664999999999999 0.25760499999999997 0.35963499999999998 0.21406899999999995 0.0063070000000000001 0.0063300000000000006 0.0045170000000000002 0.0012340000000000001 0.0020379999999999999 0.00097099999999999997 6.9223389959685582 6.9223389959685582 6.9223389959685582 0.0035235967107937879 0.0035235967107937879 0.0035235967107937879 1 1 1 Converged Converged Converged OK OK OK 83 83 83 83 83 83 5 5 5 0 0 0 0 1 0 0 1
0 0 uniform 0 15 5 2 0.001 0.2310772011499552 0.56332240832139935 0.00017266345397718498 1.1409911177008178 -4.0472265932659397 1.1410016276501904 0 -1.0577360358777737 7.0045095553354182 OK 13 12 53.675764000000001 53.617421999999998 0.27571600000000002 53.359490000000001 53.218288000000001 0 0.31627399999999994 0.39913399999999655 0.27571600000000002 0.011719 0.010356000000000001 0.010411 0.27515100000000009 0.35805500000000007 0.24086299999999994 0.0067740000000000005 0.007339 0.0046230000000000004 0.0013670000000000002 0.0013730000000000001 0.0011300000000000001 7.0045054110051712 7.0045054110051712 7.0045054110051712 0.0035952617492556217 0.0035952617492556217 0.0035952617492556217 1 1 1 Converged Converged Converged OK OK OK 91 91 91 91 91 91 5 5 5 0 0 0 0 1 0 0 1
0 0 uniform 0 23 5 3 0.001 0.2310772011499552 0.56332240832139935 0.00017266345397718498 1.1409911177008178 -4.0472265932659397 1.1410256503916132 0 -1.0577600586191964 7.0403851828477153 OK 13 12 53.697113000000002 53.696407999999998 0.27277000000000001 53.329908000000003 53.277566999999998 0 0.36720499999999845 0.41884100000000046 0.27277000000000001 0.01166 0.010429000000000001 0.010200000000000001 0.32508200000000004 0.37754799999999988 0.24001300000000003 0.0081980000000000004 0.0074019999999999997 0.0043429999999999996 0.0012820000000000002 0.002075 0.00096500000000000004 7.0403829421848272 7.0403829421848272 7.0403829421848272 0.0030273162342181826 0.0030273162342181826 0.0030273162342181826 1 1 1 Converged Converged Converged OK OK OK 91 91 91 91 91 91 5 5 5 0 0 0 0 1 0 0 1
0 0 uniform 0 0 5 0 0.0001 0.2310772011499552 0.56332240832139935 0.00017266345397718498 1.1409911177008178 -4.0472265932659397 1.1409565850100225 0 -1.0576909932376057 6.8139830013407305 OK 13 12 53.820359000000003 53.712955000000001 0.37270300000000001 53.376567000000001 53.336779999999997 0 0.44379200000000196 0.37617500000000348 0.37270300000000001 0.011849999999999999 0.013304 0.011013999999999999 0.38044299999999998 0.31453599999999993 0.30472700000000003 0.0093099999999999988 0.0087749999999999998 0.0063219999999999995 0.0031149999999999997 0.0025200000000000001 0.0014649999999999999 6.8139823806047159 6.8139823806047159 6.8139823806047159 0.00044937629663972052 0.00044937629663972052 0.00044937629663972052 1 1 1 Converged Converged Converged OK OK OK 107 107 107 107 107 107 5 5 5 0 0 0 0 0 1 0 0
0 0 uniform 0 7 5 1 0.0001 0.2310772011499552 0.56332240832139935 0.00017266345397718498 1.1409911177008178 -4.0472265932659397 1.1409776049087674 0 -1.0577120131363507 6.9223164812350113 OK 13 12 53.548954999999999 53.363157000000001 0.32600400000000002 53.126744000000002 52.950980000000001 0 0.42221099999999723 0.41217699999999979 0.32600400000000002 0.011672 0.010944000000000001 0.0093449999999999991 0.37578700000000004 0.36950899999999992 0.28607399999999994 0.0080460000000000011 0.0082319999999999997 0.0052620000000000002 0.0015439999999999998 0.0014709999999999997 0.0012489999999999999 6.9223156672999036 6.9223156672999036 6.9223156672999036 0.00051972022107535344 0.00051972022107535344 0.00051972022107535344 1 1 1 Converged Converged Converged OK OK OK 107 107 107 107 107 107 5 5 5 0 0 0 0 1 0 0 1
0 0 uniform 0 15 5 2 0.0001 0.2310772011499552 0.56332240832139935 0.00017266345397718498 1.1409911177008178 -4.0472265932659397 1.1410016276501904 0 -1.0577360358777737 7.0045095553354182 OK 13 12 53.763939000000001 53.759681999999998 0.32195200000000002 53.325221999999997 53.304774999999999 0 0.43871700000000402 0.45490699999999862 0.32195200000000002 0.012515999999999999 0.010599000000000001 0.010354 0.38973399999999986 0.41113399999999989 0.28561800000000004 0.0082489999999999994 0.0086079999999999993 0.0048079999999999998 0.001601 0.0015219999999999999 0.0011809999999999998 7.004508682479142 7.004508682479142 7.004508682479142 0.00068731929963308813 0.00068731929963308813 0.00068731929963308813 1 1 1 Converged Converged Converged OK OK OK 107 107 107 107 107 107 5 5 5 0 0 0 0 1 0 0 1
0 0 uniform 0 23 5 3 0.0001 0.2310772011499552 0.56332240832139935 0.00017266345397718498 1.1409911177008178 -4.0472265932659397 1.1410256503916132 0 -1.0577600586191964 7.0403851828477153 OK 13 12 53.839613999999997 53.681516000000002 0.31941000000000003 53.464759999999998 53.190424 0 0.37485399999999913 0.49109200000000186 0.31941000000000003 0.011646 0.010338 0.010156 0.32942600000000016 0.44642900000000002 0.2839540000000001 0.0083349999999999987 0.0081780000000000012 0.0048049999999999994 0.0013680000000000001 0.0014039999999999999 0.00109 7.0403853999291792 7.0403853999291792 7.0403853999291792 0.00064662644413119642 0.00064662644413119642 0.00064662644413119642 1 1 1 Converged Converged Converged OK OK OK 107 107 107 107 107 107 5 5 5 0 0 0 0 1 0 0 1
0 0 uniform 1 0 6 0 0.001 0.2310772011499552 0.56332240832139935 0.00017266345397718498 -0.025946740223949404 -0.00013422659447861403 -0.025981272914744842 0 0.10924686468716169 627.73840599620598 OK 15 15 1.00427 0.99786900000000001 0.28368399999999999 0.71870999999999996 0.70750100000000005 0 0.28556000000000004 0.29036799999999996 0.28368399999999999 0.012199 0.011932 0.011605000000000001 0.23170700000000011 0.23258100000000009 0.23143900000000001 0.0042829999999999995 0.0047749999999999997 0.0044880000000000007 0.0014039999999999999 0.0013030000000000003 0.001451 627.72831737403214 627.72831737403214 627.72831737403214 0.33097775621602127 0.33097775621602127 0.33097775621602127 1 1 1 Converged Converged Converged OK OK OK 105 105 105 105 105 105 7 7 7 0 0 0 0 0 1 0 0
0 0 uniform 1 7 6 1 0.001 0.2310772011499552 0.56332240832139935 0.00017266345397718498 -0.025946740223949404 -0.00013422659447861403 -0.025960253015999791 0 0.10922584478841664 631.60308179632364 OK 15 15 0.85518700000000003 0.76356800000000002 0.25876300000000002 0.58684199999999997 0.46102599999999999 0 0.26834500000000006 0.30254200000000003 0.25876300000000002 0.012914 0.013865000000000001 0.011616 0.22835800000000001 0.26223599999999991 0.22253300000000009 0.0053679999999999995 0.0050860000000000002 0.0044650000000000002 0.001268 0.0012780000000000001 0.0011949999999999999 631.61507920937345 631.61507920937345 631.61507920937345 0.30512260077362346 0.30512260077362346 0.30512260077362346 1 1 1 Converged Converged Converged OK OK OK 105 105 105 105 105 105 7 7 7 0 0 0 0 1 0 0 1
0 0 uniform 1 15 6 2 0.001 0.2310772011499552 0.56332240832139935 0.00017266345397718498 -0.025946740223949404 -0.00013422659447861403 -0.02593623027457688 0 0.10920182204699373 635.57229076759938 OK 16 15 1.0649219999999999 0.98119000000000001 0.35209000000000001 0.70135000000000003 0.57158500000000001 0 0.3635719999999999 0.409605 0.35209000000000001 0.012961 0.013865000000000001 0.011717 0.31399699999999997 0.35913900000000004 0.30621599999999999 0.0063549999999999987 0.0062070000000000007 0.0055749999999999992 0.001387 0.001421 0.001361 635.58150147374488 635.58150147374488 635.58150147374488 0.34247399305531978 0.34247399305531978 0.34247399305531978 1 1 1 Converged Converged Converged OK OK OK 128 128 128 128 128 128 8 8 8 0 0 0 0 1 0 0 1
0 0 uniform 1 23 6 3 0.001 0.2310772011499552 0.56332240832139935 0.00017266345397718498 -0.025946740223949404 -0.00013422659447861403 -0.025912207533153965 0 0.10917779930557081 638.98258495925404 OK 16 15 0.873282 0.778169 0.33910499999999999 0.52266000000000001 0.404395 0 0.35062199999999999 0.373774 0.33910499999999999 0.012563 0.012649000000000001 0.011677999999999999 0.30760899999999985 0.331563 0.29878700000000002 0.0060499999999999998 0.005579999999999999 0.0053149999999999994 0.0013650000000000001 0.0013179999999999999 0.0012600000000000001 638.99054014712431 638.99054014712431 638.99054014712431 0.3526906336721693 0.3526906336721693 0.3526906336721693 1 1 1 Converged Converged Converged OK OK OK 128 128 128 128 128 128 8 8 8 0 0 0 0 1 0 0 1
0 0 uniform 1 0 6 0 0.0001 0.2310772011499552 0.56332240832139935 0.00017266345397718498 -0.025946740223949404 -0.00013422659447861403 -0.025981272914744842 0 0.10924686468716169 627.73840599620598 OK 15 15 1.144641 1.1597360000000001 0.42986600000000003 0.716503 0.72547799999999996 0 0.42813800000000002 0.43425800000000014 0.42986600000000003 0.012145 0.012246 0.017697999999999998 0.3430089999999999 0.34789399999999998 0.34129700000000013 0.0076090000000000003 0.0089650000000000007 0.0073860000000000002 0.0018389999999999999 0.0019680000000000001 0.0018 627.73684679954829 627.73684679954829 627.73684679954829 0.051711675662637832 0.051711675662637832 0.051711675662637832 1 1 1 Converged Converged Converged OK OK OK 153 153 153 153 153 153 7 7 7 0 0 0 0 0 1 0 0
0 0 uniform 1 7 6 1 0.0001 0.2310772011499552 0.56332240832139935 0.00017266345397718498 -0.025946740223949404 -0.00013422659447861403 -0.025960253015999791 0 0.10922584478841664 631.60308179632364 OK 15 15 0.92963600000000002 0.82861899999999999 0.32989499999999999 0.59602599999999994 0.46111600000000003 0 0.33361000000000007 0.36750299999999997 0.32989499999999999 0.012597000000000001 0.012877 0.011945000000000001 0.28595799999999993 0.3194030000000001 0.28419299999999992 0.0067290000000000006 0.0073169999999999997 0.0065789999999999998 0.0015889999999999999 0.0016130000000000003 0.0016220000000000002 631.60368782152511 631.60368782152511 631.60368782152511 0.03498063837041613 0.03498063837041613 0.03498063837041613 1 1 1 Converged Converged Converged OK OK OK 137 137 137 137 137 137 7 7 7 0 0 0 0 1 0 0 1
0 0 uniform 1 15 6 2 0.0001 0.2310772011499552 0.56332240832139935 0.00017266345397718498 -0.025946740223949404 -0.00013422659447861403 -0.02593623027457688 0 0.10920182204699373 635.57229076759938 OK 16 15 1.2568060000000001 1.147313 0.53171800000000002 0.70716199999999996 0.56754700000000002 0 0.54964400000000013 0.579766 0.53171800000000002 0.012784999999999999 0.012836999999999999 0.011823 0.48335300000000003 0.51265699999999992 0.4693740000000004 0.01073 0.011141000000000002 0.0097599999999999996 0.0019250000000000001 0.0019589999999999998 0.0019009999999999999 635.57271866478163 635.57271866478163 635.57271866478163 0.033508778269954728 0.033508778269954728 0.033508778269954728 1 1 1 Converged Converged Converged OK OK OK 192 192 192 192 192 192 8 8 8 0 0 0 0 1 0 0 1
0 0 uniform 1 23 6 3 0.0001 0.2310772011499552 0.56332240832139935 0.00017266345397718498 -0.025946740223949404 -0.00013422659447861403 -0.025912207533153965 0 0.10917779930557081 638.98258495925404 OK 16 15 1.063402 0.95771600000000001 0.51834499999999994 0.529451 0.39746599999999999 0 0.53395099999999995 0.56025000000000003 0.51834499999999994 0.013991999999999999 0.012618000000000001 0.011606999999999999 0.47218099999999985 0.50151800000000002 0.46222500000000005 0.010927000000000001 0.010379000000000001 0.0095449999999999997 0.001879 0.0018319999999999999 0.0016850000000000001 638.98292502131289 638.98292502131289 638.98292502131289 0.032275960907040338 0.032275960907040338 0.032275960907040338 1 1 1 Converged Converged Converged OK OK OK 192 192 192 192 192 192 8 8 8 0 0 0 0 1 0 0 1
0 0 uniform 2 0 7 0 0.001 0.2310772011499552 0.56332240832139935 0.00017266345397718498 1.1410334214605786 -4.0468798240857806 1.1409988887697833 0 -1.0577332969973665 2.3738777323473541 OK 13 12 37.638644999999997 37.680942000000002 0.14663799999999999 37.490507000000001 37.530172 0 0.14813799999999588 0.1507700000000014 0.14663799999999999 0.012015 0.010702 0.010511 0.115199 0.11855300000000002 0.11800199999999998 0.0031960000000000001 0.003212 0.002405 0.00076800000000000002 0.00082199999999999992 0.00072400000000000003 2.3738776878589789 2.3738776878589789 2.3738776878589789 0.00086460125358772807 0.00086460125358772807 0.00086460125358772807 1 1 1 Converged Converged Converged OK OK OK 45 45 45 45 45 45 3 3 3 0 0 0 0 0 1 0 0
0 0 uniform 2 7 7 1 0.001 0.2310772011499552 0.56332240832139935 0.00017266345397718498 1.1410334214605786 -4.0468798240857806 1.1410199086685282 0 -1.0577543168961114 2.4185460257116032 OK 13 12 51.466065999999998 51.383870000000002 0.13541900000000001 51.300640999999999 51.165315999999997 0 0.16542499999999905 0.21855400000000458 0.13541900000000001 0.010345 0.010482 0.010496 0.13718499999999997 0.19018799999999997 0.110305 0.0032229999999999997 0.0031400000000000004 0.0022829999999999999 0.00074600000000000003 0.00078199999999999993 0.00058799999999999998 2.4185459771569833 2.4185459771569833 2.4185459771569833 0.00089488081778836819 0.00089488081778836819 0.00089488081778836819 1 1 1 Converged Converged Converged OK OK OK 45 45 45 45 45 45 3 3 3 0 0 0 0 1 0 0 1
0 0 uniform 2 15 7 2 0.001 0.2310772011499552 0.56332240832139935 0.00017266345397718498 1.1410334214605786 -4.0468798240857806 1.1410439314099512 0 -1.0577783396375344 2.4760800674538403 OK 13 12 51.653295999999997 51.643242999999998 0.121505 51.499080999999997 51.419466999999997 0 0.15421500000000066 0.22377600000000086 0.121505 0.010231000000000001 0.010449 0.010414 0.12568900000000002 0.19471400000000003 0.096658999999999967 0.0031979999999999999 0.0035130000000000001 0.002418 0.00078799999999999986 0.00076899999999999994 0.00055199999999999997 2.4760800094988884 2.4760800094988884 2.4760800094988884 0.00093944776514791242 0.00093944776514791242 0.00093944776514791242 1 1 1 Converged Converged Converged OK OK OK 45 45 45 45 45 45 3 3 3 0 0 0 0 1 0 0 1
0 0 uniform 2 23 7 3 0.001 0.2310772011499552 0.56332240832139935 0.00017266345397718498 1.1410334214605786 -4.0468798240857806 1.141067954151374 0 -1.0578023623789572 2.5425758621149392 OK 13 12 53.679093999999999 53.594458000000003 0.121239 53.514882999999998 53.355789000000001 0 0.16421100000000166 0.23866900000000157 0.121239 0.010865 0.010883 0.0093860000000000002 0.13487900000000003 0.20932100000000001 0.098092999999999972 0.0032239999999999994 0.0035229999999999997 0.0023110000000000001 0.00077500000000000008 0.00084800000000000001 0.00055699999999999999 2.5425757937801223 2.5425757937801223 2.5425757937801223 0.0010007883713049146 0.0010007883713049146 0.0010007883713049146 1 1 1 Converged Converged Converged OK OK OK 45 45 45 45 45 45 3 3 3 0 0 0 0 1 0 0 1
0 0 uniform 2 0 7 0 0.0001 0.2310772011499552 0.56332240832139935 0.00017266345397718498 1.1410334214605786 -4.0468798240857806 1.1409988887697833 0 -1.0577332969973665 2.3738777323473541 OK 13 12 37.861865999999999 37.908239000000002 0.19611899999999999 37.612195 37.664025000000002 0 0.24967099999999931 0.24421399999999949 0.19611899999999999 0.017201999999999999 0.011398999999999999 0.010467000000000001 0.19534599999999999 0.19707700000000011 0.15612100000000001 0.0067330000000000003 0.005875 0.0043350000000000003 0.0015259999999999998 0.001088 0.00085700000000000001 2.3738776880919192 2.3738776880919192 2.3738776880919192 5.007925613879965e-05 5.007925613879965e-05 5.007925613879965e-05 1 1 1 Converged Converged Converged OK OK OK 77 77 77 77 77 77 3 3 3 0 0 0 0 0 1 0 0
0 0 uniform 2 7 7 1 0.0001 0.2310772011499552 0.56332240832139935 0.00017266345397718498 1.1410334214605786 -4.0468798240857806 1.1410199086685282 0 -1.0577543168961114 2.4185460257116032 OK 13 12 51.626133000000003 51.594645 0.20241300000000001 51.366633 51.241880000000002 0 0.25950000000000273 0.352764999999998 0.20241300000000001 0.010324 0.010390999999999999 0.0094680000000000007 0.216888 0.30992999999999998 0.16913899999999998 0.0058899999999999994 0.0062899999999999987 0.0039570000000000004 0.0010210000000000002 0.001085 0.00082599999999999991 2.4185459772581588 2.4185459772581588 2.4185459772581588 5.0181473427566057e-05 5.0181473427566057e-05 5.0181473427566057e-05 1 1 1 Converged Converged Converged OK OK OK 77 77 77 77 77 77 3 3 3 0 0 0 0 1 0 0 1
0 0 uniform 2 15 7 2 0.0001 0.2310772011499552 0.56332240832139935 0.00017266345397718498 1.1410334214605786 -4.0468798240857806 1.1410439314099512 0 -1.0577783396375344 2.4760800674538403 OK 13 12 51.735782999999998 51.854788999999997 0.18395500000000001 51.531078999999998 51.534343 0 0.20470399999999955 0.3204459999999969 0.18395500000000001 0.010456 0.010940999999999999 0.0092580000000000006 0.16460499999999995 0.27935100000000007 0.15083700000000008 0.0058109999999999993 0.006136 0.0039269999999999999 0.0010449999999999999 0.001052 0.00078600000000000002 2.4760800093259618 2.4760800093259618 2.4760800093259618 5.0298844474716621e-05 5.0298844474716621e-05 5.0298844474716621e-05 1 1 1 Converged Converged Converged OK OK OK 77 77 77 77 77 77 3 3 3 0 0 0 0 1 0 0 1
0 0 uniform 2 23 7 3 0.0001 0.2310772011499552 0.56332240832139935 0.00017266345397718498 1.1410334214605786 -4.0468798240857806 1.141067954151374 0 -1.0578023623789572 2.5425758621149392 OK 13 12 53.791352000000003 53.815345000000001 0.18951399999999999 53.532738999999999 53.445813999999999 0 0.25861300000000398 0.36953100000000205 0.18951399999999999 0.010597000000000001 0.010692999999999999 0.0093329999999999993 0.21489899999999998 0.327241 0.15667400000000006 0.006097 0.0061549999999999999 0.003973 0.0011039999999999999 0.0012149999999999999 0.000754 2.5425757931777531 2.5425757931777531 2.5425757931777531 5.0416482740683602e-05 5.0416482740683602e-05 5.0416482740683602e-05 1 1 1 Converged Converged Converged OK OK OK 77 77 77 77 77 77 3 3 3 0 0 0 0 1 0 0 1
0 0 uniform 3 0 8 0 0.001 0.2310772011499552 0.56332240832139935 0.00017266345397718498 0.019011618393043918 -0.00044021513465950505 0.018977085702248479 0 0.064288506070168366 490.78850371277622 OK 15 14 0.69532499999999997 0.67682900000000001 0.133794 0.56063799999999997 0.54189699999999996 0 0.134687 0.13493200000000005 0.133794 0.015207999999999999 0.015644000000000002 0.015188 0.094486999999999974 0.094863000000000003 0.094502000000000044 0.0032819999999999998 0.003323 0.0032169999999999998 0.00075200000000000006 0.00075699999999999997 0.00075900000000000002 490.78838121191183 490.78838121191183 490.78838121191183 0.38420432360842571 0.38420432360842571 0.38420432360842571 1 1 1 Converged Converged Converged OK OK OK 67 67 67 67 67 67 5 5 5 0 0 0 0 0 1 0 0
0 0 uniform 3 7 8 1 0.001 0.2310772011499552 0.56332240832139935 0.00017266345397718498 0.019011618393043918 -0.00044021513465950505 0.01899810560099353 0 0.064267486171423319 500.90260051403453 OK 15 14 0.77632599999999996 0.71286799999999995 0.12734799999999999 0.64183800000000002 0.48535 0 0.13448799999999994 0.22751799999999994 0.12734799999999999 0.016455999999999998 0.014696000000000001 0.014031999999999999 0.096878000000000006 0.19210500000000003 0.093153000000000014 0.0033469999999999997 0.00346 0.0032550000000000001 0.00078600000000000002 0.00077599999999999989 0.00073399999999999995 500.90243914853698 500.90243914853698 500.90243914853698 0.39031587021738839 0.39031587021738839 0.39031587021738839 1 1 1 Converged Converged Converged OK OK OK 67 67 67 67 67 67 5 5 5 0 0 0 0 1 0 0 1
0 0 uniform 3 15 8 2 0.001 0.2310772011499552 0.56332240832139935 0.00017266345397718498 0.019011618393043918 -0.00044021513465950505 0.019022128342416442 0 0.064243463430000411 513.67490866235983 OK 15 14 0.78506699999999996 0.73942300000000005 0.130802 0.64778999999999998 0.51094300000000004 0 0.13727699999999998 0.22848000000000002 0.130802 0.015516 0.016521999999999998 0.014411999999999999 0.10080299999999998 0.19049299999999997 0.096409999999999996 0.0033529999999999996 0.003679 0.003264 0.00076000000000000004 0.00079500000000000013 0.00072499999999999995 513.6746959875577 513.6746959875577 513.6746959875577 0.39756989938619697 0.39756989938619697 0.39756989938619697 1 1 1 Converged Converged Converged OK OK OK 67 67 67 67 67 67 5 5 5 0 0 0 0 1 0 0 1
0 0 uniform 3 23 8 3 0.001 0.2310772011499552 0.56332240832139935 0.00017266345397718498 0.019011618393043918 -0.00044021513465950505 0.019046151083839356 0 0.064219440688577489 528.13422424438477 OK 15 14 0.69661799999999996 0.650451 0.13256399999999999 0.56240800000000002 0.42214699999999999 0 0.13420999999999994 0.22830400000000001 0.13256399999999999 0.014619 0.014723 0.014003 0.099056999999999978 0.19291400000000003 0.098719000000000015 0.0032970000000000005 0.0034279999999999996 0.0031419999999999998 0.00074300000000000006 0.00077399999999999995 0.00074099999999999991 528.13394552202078 528.13394552202078 528.13394552202078 0.40502998508229898 0.40502998508229898 0.40502998508229898 1 1 1 Converged Converged Converged OK OK OK 67 67 67 67 67 67 5 5 5 0 0 0 0 1 0 0 1
0 0 uniform 3 0 8 0 0.0001 0.2310772011499552 0.56332240832139935 0.00017266345397718498 0.019011618393043918 -0.00044021513465950505 0.018977085702248479 0 0.064288506070168366 490.78850371277622 OK 15 14 0.73119800000000001 0.71870699999999998 0.18227199999999999 0.53833900000000001 0.53683000000000003 0 0.192859 0.18187699999999996 0.18227199999999999 0.015476999999999999 0.015506000000000001 0.016785000000000001 0.13230199999999995 0.12954699999999994 0.12784300000000007 0.0050150000000000004 0.0051219999999999998 0.0049189999999999998 0.0010660000000000001 0.001057 0.0010139999999999999 490.78851745521473 490.78851745521473 490.78851745521473 0.02846599482140796 0.02846599482140796 0.02846599482140796 1 1 1 Converged Converged Converged OK OK OK 99 99 99 99 99 99 5 5 5 0 0 0 0 0 1 0 0
0 0 uniform 3 7 8 1 0.0001 0.2310772011499552 0.56332240832139935 0.00017266345397718498 0.019011618393043918 -0.00044021513465950505 0.01899810560099353 0 0.064267486171423319 500.90260051403453 OK 15 14 0.79542900000000005 0.81618299999999999 0.17264299999999999 0.62596600000000002 0.48325699999999999 0 0.16946300000000003 0.332926 0.17264299999999999 0.014844 0.014681 0.014139000000000001 0.12414099999999995 0.28731499999999999 0.12858200000000006 0.0050020000000000004 0.0052359999999999993 0.0049320000000000006 0.0009990000000000001 0.0010229999999999998 0.0010189999999999999 500.90260650061077 500.90260650061077 500.90260650061077 0.0286467848325789 0.0286467848325789 0.0286467848325789 1 1 1 Converged Converged Converged OK OK OK 99 99 99 99 99 99 5 5 5 0 0 0 0 1 0 0 1
0 0 uniform 3 15 8 2 0.0001 0.2310772011499552 0.56332240832139935 0.00017266345397718498 0.019011618393043918 -0.00044021513465950505 0.019022128342416442 0 0.064243463430000411 513.67490866235983 OK 15 14 0.81528900000000004 0.82421699999999998 0.175067 0.64250799999999997 0.50074399999999997 0 0.17278100000000007 0.32347300000000001 0.175067 0.01508 0.015121000000000001 0.014251 0.127416 0.27748600000000001 0.13103900000000004 0.0050050000000000008 0.0053370000000000006 0.0048659999999999997 0.001011 0.001075 0.00098499999999999998 513.67490946180442 513.67490946180442 513.67490946180442 0.02887597231430105 0.02887597231430105 0.02887597231430105 1 1 1 Converged Converged Converged OK OK OK 99 99 99 99 99 99 5 5 5 0 0 0 0 1 0 0 1
0 0 uniform 3 23 8 3 0.0001 0.2310772011499552 0.56332240832139935 0.00017266345397718498 0.019011618393043918 -0.00044021513465950505 0.019046151083839356 0 0.064219440688577489 528.13422424438477 OK 15 14 0.72439900000000002 0.76014000000000004 0.17025000000000001 0.55199200000000004 0.42583199999999999 0 0.17240699999999998 0.33430800000000005 0.17025000000000001 0.01468 0.015994000000000001 0.014031 0.12725699999999998 0.28655799999999992 0.126725 0.0050049999999999999 0.0053660000000000001 0.0048349999999999999 0.001008 0.001059 0.00098999999999999999 528.13422251673751 528.13422251673751 528.13422251673751 0.029140620195888464 0.029140620195888464 0.029140620195888464 1 1 1 Converged Converged Converged OK OK OK 99 99 99 99 99 99 5 5 5 0 0 0 0 1 0 0 1
0 0 uniform 4 0 9 0 0.001 0.2310772011499552 0.56332240832139935 0.00017266345397718498 1.1436514944760341 -4.0397331535590295 1.1436169617852388 0 -1.060351370012822 2.6310460449919826 OK 13 12 0.52871100000000004 0.52405800000000002 0.14446000000000001 0.37678699999999998 0.37887199999999999 0 0.15192400000000006 0.14518600000000004 0.14446000000000001 0.011730000000000001 0.011301 0.011102000000000001 0.12226800000000002 0.11745200000000003 0.11688999999999999 0.0026939999999999998 0.0023360000000000004 0.0023250000000000002 0.00075700000000000008 0.00060999999999999997 0.00057899999999999998 2.6310460312299382 2.6310460312299382 2.6310460312299382 0.00065679093303158871 0.00065679093303158871 0.00065679093303158871 1 1 1 Converged Converged Converged OK OK OK 52 52 52 52 52 52 4 4 4 0 0 0 0 0 1 0 0
0 0 uniform 4 7 9 1 0.001 0.2310772011499552 0.56332240832139935 0.00017266345397718498 1.1436514944760341 -4.0397331535590295 1.1436379816839837 0 -1.0603723899115669 2.5259763672857281 OK 13 12 0.52714099999999997 0.43707699999999999 0.13170899999999999 0.39269900000000002 0.24251200000000001 0 0.13444199999999995 0.19456499999999999 0.13170899999999999 0.010848 0.010586 0.010093 0.10884199999999998 0.16985699999999998 0.10795999999999999 0.002539 0.0022760000000000002 0.0022849999999999997 0.00067900000000000013 0.00059199999999999997 0.00057899999999999998 2.5259767679810499 2.5259767679796097 2.5259767679810499 0.00081589975216511245 0.00081589975357192202 0.00081589975216511245 1 1 1 Converged Converged Converged OK OK OK 52 52 52 52 52 52 4 4 4 0 0 0 0 1 0 0 1
0 0 uniform 4 15 9 2 0.001 0.2310772011499552 0.56332240832139935 0.00017266345397718498 1.1436514944760341 -4.0397331535590295 1.1436620044254067 0 -1.0603964126529899 2.4276430973484411 OK 13 12 0.55783199999999999 0.51521399999999995 0.165294 0.39561000000000002 0.250031 0 0.16222199999999998 0.26518299999999995 0.165294 0.010076999999999999 0.010178 0.0094549999999999999 0.133794 0.235731 0.13818800000000003 0.0032780000000000005 0.0037030000000000006 0.0030900000000000003 0.00067900000000000013 0.00074899999999999999 0.00071599999999999995 2.4276525037042571 2.4276525037044272 2.4276525037042571 0.0009012117739599833 0.00090121177507815385 0.0009012117739599833 1 1 1 Converged Converged Converged OK OK OK 68 68 68 68 68 68 4 4 4 0 0 0 0 1 0 0 1
0 0 uniform 4 23 9 3 0.001 0.2310772011499552 0.56332240832139935 0.00017266345397718498 1.1436514944760341 -4.0397331535590295 1.1436860271668294 0 -1.0604204353944127 2.3458220830768508 OK 13 12 0.49055399999999999 0.42522199999999999 0.11100500000000001 0.37738899999999997 0.246588 0 0.11316500000000002 0.17863399999999999 0.11100500000000001 0.010453 0.010546 0.0097689999999999999 0.08816599999999998 0.15342700000000001 0.087430000000000008 0.0023749999999999999 0.0024390000000000002 0.0021819999999999999 0.00062200000000000005 0.00070400000000000009 0.00062100000000000002 2.3458220510894816 2.3458220510894816 2.3458220510894816 0.0011074039059687597 0.0011074039059687597 0.0011074039059687597 1 1 1 Converged Converged Converged OK OK OK 45 45 45 45 45 45 3 3 3 0 0 0 0 1 0 0 1
0 0 uniform 4 0 9 0 0.0001 0.2310772011499552 0.56332240832139935 0.00017266345397718498 1.1436514944760341 -4.0397331535590295 1.1436169617852388 0 -1.060351370012822 2.6310460449919826 OK 13 12 0.57007200000000002 0.57225499999999996 0.190612 0.37857000000000002 0.37730900000000001 0 0.19150200000000001 0.19494599999999995 0.190612 0.011375 0.011372 0.011166000000000001 0.15396800000000005 0.15814 0.15432599999999999 0.003869 0.0035049999999999999 0.0037209999999999999 0.00093800000000000003 0.00089299999999999991 0.00093099999999999997 2.6310460057582636 2.6310460057582636 2.6310460057582636 0.00011495007263687202 0.00011495007263687202 0.00011495007263687202 1 1 1 Converged Converged Converged OK OK OK 76 76 76 76 76 76 4 4 4 0 0 0 0 0 1 0 0
0 0 uniform 4 7 9 1 0.0001 0.2310772011499552 0.56332240832139935 0.00017266345397718498 1.1436514944760341 -4.0397331535590295 1.1436379816839837 0 -1.0603723899115669 2.5259763672857281 OK 13 12 0.59572400000000003 0.55332300000000001 0.19703699999999999 0.39663700000000002 0.24965100000000001 0 0.19908700000000001 0.303672 0.19703699999999999 0.010699999999999999 0.010685999999999999 0.010115000000000001 0.16442099999999996 0.26912900000000006 0.16387800000000008 0.004050999999999999 0.0041359999999999999 0.0038929999999999998 0.00080500000000000005 0.00085300000000000003 0.00077800000000000005 2.5259763258240757 2.5259763258231995 2.5259763258240757 5.550221037004495e-05 5.5502211895023837e-05 5.550221037004495e-05 1 1 1 Converged Converged Converged OK OK OK 84 84 84 84 84 84 4 4 4 0 0 0 0 1 0 0 1
0 0 uniform 4 15 9 2 0.0001 0.2310772011499552 0.56332240832139935 0.00017266345397718498 1.1436514944760341 -4.0397331535590295 1.1436620044254067 0 -1.0603964126529899 2.4276430973484411 OK 13 12 0.66396699999999997 0.68773399999999996 0.268484 0.39409699999999998 0.247973 0 0.26987 0.43976099999999996 0.268484 0.010068000000000001 0.010026 0.0094959999999999992 0.22082900000000008 0.38979300000000011 0.22318300000000016 0.0066800000000000002 0.0067269999999999995 0.0065290000000000001 0.00098299999999999993 0.00098400000000000007 0.00090899999999999998 2.4276431367186353 2.4276431367191882 2.4276431367186353 5.6529881112240868e-05 5.6529881563330588e-05 5.6529881112240868e-05 1 1 1 Converged Converged Converged OK OK OK 116 116 116 116 116 116 4 4 4 0 0 0 0 1 0 0 1
0 0 uniform 4 23 9 3 0.0001 0.2310772011499552 0.56332240832139935 0.00017266345397718498 1.1436514944760341 -4.0397331535590295 1.1436860271668294 0 -1.0604204353944127 2.3458220830768508 OK 13 12 0.56182600000000005 0.53825999999999996 0.17858299999999999 0.381214 0.246114 0 0.18061200000000005 0.29214599999999996 0.17858299999999999 0.010382000000000001 0.010581 0.0098840000000000004 0.14531200000000005 0.25625799999999993 0.14498700000000009 0.0041580000000000002 0.0044739999999999997 0.0039849999999999998 0.00092800000000000001 0.00095199999999999994 0.00086200000000000003 2.3458220547785125 2.3458220547785125 2.3458220547785125 3.7836512163058852e-05 3.7836512163058852e-05 3.7836512163058852e-05 1 1 1 Converged Converged Converged OK OK OK 77 77 77 77 77 77 3 3 3 0 0 0 0 1 0 0 1
149 149 linear 0 0 10 0 0.001 2.0659565295872264 0.56802029881141525 3.4263177060690335e-05 -1.0636362213733255 0.052219984219909116 -1.0636430740087377 0.5 1.8120423429193933 139.31415994286513 OK 14 13 0.50827 0.507023 0.13175500000000001 0.37439299999999998 0.37463000000000002 0 0.13387700000000002 0.13239299999999998 0.13175500000000001 0.011903 0.011814 0.011532000000000001 0.10263000000000001 0.10211899999999997 0.10172600000000002 0.0027069999999999998 0.0025900000000000003 0.0025769999999999999 0.00076399999999999992 0.00068300000000000001 0.00066200000000000005 139.31513151122644 139.31513151122644 139.31513151122644 0.11631816645359165 0.11631816645359165 0.11631816645359165 1 1 1 Converged Converged Converged OK OK OK 59 59 59 59 59 59 5 5 5 0 0 0 0 0 1 0 0
149 149 linear 0 7 10 1 0.001 2.0659565295872264 0.56802029881141525 3.4263177060690335e-05 -1.0636362213733255 0.052219984219909116 -1.0636389028393562 0.5 1.8120381717500118 159.53306643627502 OK 14 13 0.539018 0.55109200000000003 0.12400700000000001 0.412385 0.28744599999999998 0 0.126633 0.26364600000000005 0.12400700000000001 0.011176 0.010827 0.010302 0.099692999999999962 0.23752999999999994 0.098990000000000009 0.0025840000000000004 0.0024999999999999996 0.0025119999999999999 0.00073200000000000012 0.00070200000000000004 0.00068899999999999994 159.53284785467952 159.53284785467952 159.53284785467952 0.11814193947359861 0.11814193947359861 0.11814193947359861 1 1 1 Converged Converged Converged OK OK OK 59 59 59 59 59 59 5 5 5 0 0 0 0 1 0 0 1
149 149 linear 0 15 10 2 0.001 2.0659565295872264 0.56802029881141525 3.4263177060690335e-05 -1.0636362213733255 0.052219984219909116 -1.0636341357886347 0.5 1.8120334046992903 181.02612094164948 OK 14 13 0.49385200000000001 0.52143099999999998 0.12360500000000001 0.36843100000000001 0.24734100000000001 0 0.125421 0.27408999999999994 0.12360500000000001 0.010865 0.010851 0.010262 0.099362999999999993 0.24767900000000001 0.098762000000000016 0.0024529999999999999 0.0026719999999999999 0.0025559999999999997 0.00064799999999999992 0.00065600000000000012 0.000638 181.02863277286684 181.02863277286684 181.02863277286684 0.12068464171413827 0.12068464171413827 0.12068464171413827 1 1 1 Converged Converged Converged OK OK OK 59 59 59 59 59 59 5 5 5 0 0 0 0 1 0 0 1
149 149 linear 0 23 10 3 0.001 2.0659565295872264 0.56802029881141525 3.4263177060690335e-05 -1.0636362213733255 0.052219984219909116 -1.0636293687379132 0.5 1.8120286376485688 200.46947426188305 OK 14 13 0.51257799999999998 0.50265099999999996 0.13162399999999999 0.37915399999999999 0.24224000000000001 0 0.13342399999999999 0.26041099999999995 0.13162399999999999 0.010968 0.011063999999999999 0.010293 0.107388 0.23386800000000008 0.10684999999999999 0.002421 0.0026380000000000002 0.0024290000000000002 0.00062700000000000006 0.00064099999999999997 0.00063100000000000005 200.47194374500933 200.47194374500933 200.47194374500933 0.12372094560744368 0.12372094560744368 0.12372094560744368 1 1 1 Converged Converged Converged OK OK OK 59 59 59 59 59 59 5 5 5 0 0 0 0 1 0 0 1
149 149 linear 0 0 10 0 0.0001 2.0659565295872264 0.56802029881141525 3.4263177060690335e-05 -1.0636362213733255 0.052219984219909116 -1.0636430740087377 0.5 1.8120423429193933 139.31415994286513 OK 14 13 0.52346300000000001 0.51987499999999998 0.14674100000000001 0.37433100000000002 0.37213400000000002 0 0.14913199999999999 0.14774099999999996 0.14674100000000001 0.011967999999999999 0.011669000000000001 0.011407 0.11429299999999998 0.11418500000000001 0.11399899999999999 0.0031710000000000002 0.0030620000000000001 0.0028669999999999998 0.00091799999999999998 0.000861 0.00083200000000000006 139.3157421122373 139.3157421122373 139.3157421122373 0.013073071602998008 0.013073071602998008 0.013073071602998008 1 1 1 Converged Converged Converged OK OK OK 67 67 67 67 67 67 5 5 5 0 0 0 0 0 1 0 0
149 149 linear 0 7 10 1 0.0001 2.0659565295872264 0.56802029881141525 3.4263177060690335e-05 -1.0636362213733255 0.052219984219909116 -1.0636389028393562 0.5 1.8120381717500118 159.53306643627502 OK 14 13 0.54684999999999995 0.58802900000000002 0.13713600000000001 0.40754099999999999 0.29478599999999999 0 0.13930899999999996 0.29324300000000003 0.13713600000000001 0.010845 0.01089 0.010266000000000001 0.11017499999999997 0.26437600000000006 0.10947500000000004 0.0031110000000000005 0.0031390000000000003 0.0029700000000000004 0.00086300000000000005 0.00083699999999999996 0.00080900000000000004 159.53345846700248 159.53345846700248 159.53345846700248 0.014894931973906097 0.014894931973906097 0.014894931973906097 1 1 1 Converged Converged Converged OK OK OK 67 67 67 67 67 67 5 5 5 0 0 0 0 1 0 0 1
149 149 linear 0 15 10 2 0.0001 2.0659565295872264 0.56802029881141525 3.4263177060690335e-05 -1.0636362213733255 0.052219984219909116 -1.0636341357886347 0.5 1.8120334046992903 181.02612094164948 OK 14 13 0.50130399999999997 0.53954199999999997 0.13960500000000001 0.36409000000000002 0.24834100000000001 0 0.13721399999999995 0.29120099999999993 0.13960500000000001 0.0109 0.010886 0.010191 0.10854699999999999 0.26230999999999999 0.112471 0.0029190000000000002 0.0030969999999999999 0.0029299999999999999 0.00082200000000000003 0.00084899999999999993 0.00083099999999999992 181.02924339811815 181.02924339811815 181.02924339811815 0.017435448296787073 0.017435448296787073 0.017435448296787073 1 1 1 Converged Converged Converged OK OK OK 67 67 67 67 67 67 5 5 5 0 0 0 0 1 0 0 1
149 149 linear 0 23 10 3 0.0001 2.0659565295872264 0.56802029881141525 3.4263177060690335e-05 -1.0636362213733255 0.052219984219909116 -1.0636293687379132 0.5 1.8120286376485688 200.46947426188305 OK 14 13 0.54926900000000001 0.612066 0.1701 0.37709599999999999 0.244119 0 0.17217300000000002 0.36794700000000002 0.1701 0.010828000000000001 0.011003000000000001 0.010218 0.13900000000000004 0.32870499999999991 0.13829699999999995 0.0037740000000000004 0.0038510000000000003 0.0038959999999999997 0.00094600000000000012 0.00099200000000000004 0.00093399999999999993 200.47255437102913 200.47255437102913 200.47255437102913 0.01445560352099837 0.01445560352099837 0.01445560352099837 1 1 1 Converged Converged Converged OK OK OK 83 83 83 83 83 83 5 5 5 0 0 0 0 1 0 0 1
149 149 linear 1 0 11 0 0.001 2.0659565295872264 0.56802029881141525 3.4263177060690335e-05 -1.0334917227562803 0.17451653806821243 -1.0334985753916925 0.5 1.7818978443023481 432.16051981874921 OK 14 13 52.516351 52.519573000000001 0.25108200000000003 52.184984999999998 52.191223000000001 0 0.33136600000000271 0.32835000000000036 0.25108200000000003 0.016435999999999999 0.015044999999999999 0.014224000000000001 0.2806320000000001 0.27949600000000002 0.21406199999999995 0.0064419999999999998 0.0062519999999999989 0.0034530000000000003 0.001317 0.0013450000000000001 0.0012299999999999998 432.16035101334069 432.16035101334069 432.16035101334069 0.30466092694443503 0.30466092694443503 0.30466092694443503 1 1 1 Converged Converged Converged OK OK OK 74 74 74 74 74 74 6 6 6 0 0 0 0 0 1 0 0
149 149 linear 1 7 11 1 0.001 2.0659565295872264 0.56802029881141525 3.4263177060690335e-05 -1.0334917227562803 0.17451653806821243 -1.0334944042223111 0.5 1.7818936731329666 367.76351104793093 OK 14 13 56.098106000000001 56.003399999999999 0.24377299999999999 55.774149999999999 55.610222999999998 0 0.32395600000000258 0.39317700000000144 0.24377299999999999 0.016271000000000001 0.014452 0.012833000000000001 0.28048099999999981 0.35394100000000006 0.21407300000000001 0.0071830000000000001 0.0062129999999999998 0.0031640000000000001 0.0013260000000000001 0.001188 0.00097600000000000009 367.76254359882711 367.76254359882711 367.76254359882711 0.28758425846724966 0.28758425846724966 0.28758425846724966 1 1 1 Converged Converged Converged OK OK OK 74 74 74 74 74 74 6 6 6 0 0 0 0 1 0 0 1
149 149 linear 1 15 11 2 0.001 2.0659565295872264 0.56802029881141525 3.4263177060690335e-05 -1.0334917227562803 0.17451653806821243 -1.0334896371715896 0.5 1.7818889060822451 295.21516115669567 OK 14 13 2.5458029999999998 54.285246000000001 0.24785399999999999 2.2644549999999999 53.935834 0 0.28134799999999993 0.34941200000000094 0.24785399999999999 0.016382000000000001 0.014293 0.012862999999999999 0.24270999999999995 0.31280099999999994 0.21868999999999991 0.0055830000000000003 0.0051929999999999997 0.0029840000000000005 0.0012800000000000001 0.0012489999999999999 0.00098700000000000003 295.21408426357527 295.21408426363899 295.21408426357527 0.2744030095752843 0.27440300988521671 0.2744030095752843 1 1 1 Converged Converged Converged OK OK OK 74 74 74 74 74 74 6 6 6 0 0 0 0 1 0 0 1
149 149 linear 1 23 11 3 0.001 2.0659565295872264 0.56802029881141525 3.4263177060690335e-05 -1.0334917227562803 0.17451653806821243 -1.0334848701208681 0.5 1.7818841390315237 224.72654067309279 OK 14 13 0.87745300000000004 0.73519800000000002 0.26072400000000001 0.60502599999999995 0.38472200000000001 0 0.27242700000000009 0.35047600000000001 0.26072400000000001 0.013814999999999999 0.014855999999999999 0.012734000000000001 0.23422999999999994 0.31190699999999993 0.22762099999999999 0.0055519999999999996 0.0051349999999999998 0.0037100000000000006 0.0012669999999999999 0.001193 0.001077 224.72740758792244 224.72740758839001 224.72740758792244 0.073020965416082911 0.073020965125139975 0.073020965416082911 1 1 1 Converged Converged Converged OK OK OK 82 82 82 82 82 82 6 6 6 0 0 0 0 1 0 0 1
149 149 linear 1 0 11 0 0.0001 2.0659565295872264 0.56802029881141525 3.4263177060690335e-05 -1.0334917227562803 0.17451653806821243 -1.0334985753916925 0.5 1.7818978443023481 432.16051981874921 OK 14 13 52.624554000000003 52.834676999999999 0.32258999999999999 52.171680000000002 52.398522999999997 0 0.45287400000000133 0.43615400000000193 0.32258999999999999 0.017103 0.015030999999999999 0.013967 0.36960799999999971 0.36609000000000008 0.27573500000000001 0.011219000000000002 0.010000999999999999 0.0055460000000000006 0.00167 0.0028 0.0016280000000000001 432.16170020178924 432.16170020178924 432.16170020178924 0.023539414372406368 0.023539414372406368 0.023539414372406368 1 1 1 Converged Converged Converged OK OK OK 98 98 98 98 98 98 6 6 6 0 0 0 0 0 1 0 0
149 149 linear 1 7 11 1 0.0001 2.0659565295872264 0.56802029881141525 3.4263177060690335e-05 -1.0334917227562803 0.17451653806821243 -1.0334944042223111 0.5 1.7818936731329666 367.76351104793093 OK 14 13 56.130620999999998 56.148175000000002 0.31312499999999999 55.710773000000003 55.634641999999999 0 0.41984799999999467 0.51353300000000246 0.31312499999999999 0.015657000000000001 0.014272999999999999 0.017930999999999999 0.3678309999999998 0.46221699999999999 0.27202399999999988 0.0094769999999999993 0.0098689999999999993 0.0047270000000000003 0.002349 0.0024110000000000004 0.0013129999999999999 367.76380537600141 367.76380537600141 367.76380537600141 0.016287683338951534 0.016287683338951534 0.016287683338951534 1 1 1 Converged Converged Converged OK OK OK 98 98 98 98 98 98 6 6 6 0 0 0 0 1 0 0 1
149 149 linear 1 15 11 2 0.0001 2.0659565295872264 0.56802029881141525 3.4263177060690335e-05 -1.0334917227562803 0.17451653806821243 -1.0334896371715896 0.5 1.7818889060822451 295.21516115669567 OK 14 13 2.6237529999999998 54.398620000000001 0.31348100000000001 2.2760889999999998 53.915801000000002 0 0.34766399999999997 0.48281899999999922 0.31348100000000001 0.015696000000000002 0.013976000000000001 0.012694 0.30326700000000006 0.43658399999999997 0.27863499999999997 0.0069969999999999997 0.0079880000000000003 0.0044740000000000005 0.0016209999999999998 0.0014919999999999998 0.0013249999999999998 295.21528638705388 295.2152863871778 295.21528638705388 0.010903105657168998 0.010903105885257731 0.010903105657168998 1 1 1 Converged Converged Converged OK OK OK 98 98 98 98 98 98 6 6 6 0 0 0 0 1 0 0 1
149 149 linear 1 23 11 3 0.0001 2.0659565295872264 0.56802029881141525 3.4263177060690335e-05 -1.0334917227562803 0.17451653806821243 -1.0334848701208681 0.5 1.7818841390315237 224.72654067309279 OK 14 13 0.93015800000000004 0.76247200000000004 0.313608 0.59868100000000002 0.383019 0 0.33147700000000002 0.37945300000000004 0.313608 0.01528 0.013592 0.012722000000000001 0.28986100000000004 0.34022900000000011 0.27827299999999999 0.0059049999999999988 0.0060790000000000002 0.0046370000000000005 0.0014960000000000002 0.0014350000000000001 0.0013230000000000002 224.72740275989301 224.72740276015986 224.72740275989301 0.0083271343240746559 0.0083271342260074922 0.0083271343240746559 1 1 1 Converged Converged Converged OK OK OK 98 98 98 98 98 98 6 6 6 0 0 0 0 1 0 0 1
149 149 linear 2 0 12 0 0.001 2.0659565295872264 0.56802029881141525 3.4263177060690335e-05 0.63995246832901553 -0.0076754548161262846 0.63994561569360342 0.5 0.10845365321705214 9.2765002028212216 OK 13 12 0.48579099999999997 0.48382999999999998 0.15452099999999999 0.32960899999999999 0.32819700000000002 0 0.15618199999999999 0.15563299999999997 0.15452099999999999 0.010158 0.010030000000000001 0.0099220000000000003 0.12688900000000003 0.12715199999999999 0.12629199999999999 0.0027010000000000003 0.0027569999999999999 0.0026290000000000003 0.00057399999999999997 0.00058199999999999994 0.00057499999999999999 9.276490722250637 9.276490722250637 9.276490722250637 0.0031792833714432852 0.0031792833714432852 0.0031792833714432852 1 1 1 Converged Converged Converged OK OK OK 53 53 53 53 53 53 3 3 3 0 0 0 0 0 1 0 0
149 149 linear 2 7 12 1 0.001 2.0659565295872264 0.56802029881141525 3.4263177060690335e-05 0.63995246832901553 -0.0076754548161262846 0.63994978686298465 0.5 0.10844948204767091 9.2773758295202562 OK 13 12 0.56215400000000004 0.451129 0.15262200000000001 0.40497499999999997 0.28365000000000001 0 0.15717900000000007 0.16747899999999999 0.15262200000000001 0.015558000000000001 0.0095259999999999997 0.0088430000000000002 0.12465900000000001 0.14127800000000001 0.12762200000000001 0.0027020000000000004 0.0027980000000000001 0.00263 0.00062 0.00063900000000000003 0.00059599999999999996 9.2773663492573686 9.2773663492573686 9.2773663492573686 0.0031792467874535817 0.0031792467874535817 0.0031792467874535817 1 1 1 Converged Converged Converged OK OK OK 53 53 53 53 53 53 3 3 3 0 0 0 0 1 0 0 1
149 149 linear 2 15 12 2 0.001 2.0659565295872264 0.56802029881141525 3.4263177060690335e-05 0.63995246832901553 -0.0076754548161262846 0.63995455391370615 0.5 0.10844471499694941 9.2783767550864926 OK 13 12 0.48235699999999998 0.37329600000000002 0.15865099999999999 0.32067000000000001 0.20078699999999999 0 0.16168699999999997 0.17250900000000002 0.15865099999999999 0.0093740000000000004 0.0093889999999999998 0.0089339999999999992 0.13514300000000001 0.14655999999999991 0.13345799999999997 0.0026449999999999998 0.002774 0.0027049999999999999 0.00059299999999999999 0.00057200000000000003 0.00056999999999999998 9.2783672745425321 9.2783672745425321 9.2783672745425321 0.0031792046579651461 0.0031792046579651461 0.0031792046579651461 1 1 1 Converged Converged Converged OK OK OK 53 53 53 53 53 53 3 3 3 0 0 0 0 1 0 0 1
149 149 linear 2 23 12 3 0.001 2.0659565295872264 0.56802029881141525 3.4263177060690335e-05 0.63995246832901553 -0.0076754548161262846 0.63995932096442765 0.5 0.10843994794622791 9.2793779041409579 OK 13 12 0.48034700000000002 0.34823700000000002 0.14946499999999999 0.33231899999999998 0.18860099999999999 0 0.14802800000000005 0.15963600000000003 0.14946499999999999 0.0094400000000000005 0.009384 0.0088929999999999999 0.12162400000000001 0.133824 0.12428399999999999 0.002679 0.0027559999999999998 0.0026699999999999996 0.00055900000000000004 0.00059299999999999999 0.000571 9.2793684221981305 9.2793684221981305 9.2793684221981305 0.0031791628557692468 0.0031791628557692468 0.0031791628557692468 1 1 1 Converged Converged Converged OK OK OK 53 53 53 53 53 53 3 3 3 0 0 0 0 1 0 0 1
149 149 linear 2 0 12 0 0.0001 2.0659565295872264 0.56802029881141525 3.4263177060690335e-05 0.63995246832901553 -0.0076754548161262846 0.63994561569360342 0.5 0.10845365321705214 9.2765002028212216 OK 13 12 0.55577399999999999 0.56419600000000003 0.22684399999999999 0.32761499999999999 0.32635199999999998 0 0.228159 0.23784400000000006 0.22684399999999999 0.010052 0.013533999999999999 0.0096959999999999998 0.18958699999999995 0.18936399999999998 0.18948400000000001 0.0039909999999999998 0.0041219999999999998 0.0040530000000000002 0.00079799999999999999 0.00084500000000000005 0.00077699999999999991 9.2764996701409839 9.2764996701409839 9.2764996701409839 1.7913370020529715e-05 1.7913370020529715e-05 1.7913370020529715e-05 1 1 1 Converged Converged Converged OK OK OK 77 77 77 77 77 77 3 3 3 0 0 0 0 0 1 0 0
149 149 linear 2 7 12 1 0.0001 2.0659565295872264 0.56802029881141525 3.4263177060690335e-05 0.63995246832901553 -0.0076754548161262846 0.63994978686298465 0.5 0.10844948204767091 9.2773758295202562 OK 13 12 0.62687800000000005 0.53248300000000004 0.21870300000000001 0.40706700000000001 0.283362 0 0.21981100000000003 0.24912100000000004 0.21870300000000001 0.0094210000000000006 0.0095049999999999996 0.0088389999999999996 0.18592599999999998 0.21406199999999997 0.18620599999999998 0.0039229999999999994 0.0046909999999999999 0.0039449999999999997 0.00083900000000000001 0.00097399999999999993 0.00080600000000000008 9.2773752970776897 9.2773752970776897 9.2773752970776897 1.7913292012630113e-05 1.7913292012630113e-05 1.7913292012630113e-05 1 1 1 Converged Converged Converged OK OK OK 77 77 77 77 77 77 3 3 3 0 0 0 0 1 0 0 1
149 149 linear 2 15 12 2 0.0001 2.0659565295872264 0.56802029881141525 3.4263177060690335e-05 0.63995246832901553 -0.0076754548161262846 0.63995455391370615 0.5 0.10844471499694941 9.2783767550864926 OK 13 12 0.55229700000000004 0.46357199999999998 0.23371400000000001 0.32044800000000001 0.20039299999999999 0 0.23184900000000003 0.263179 0.23371400000000001 0.0094289999999999999 0.0092689999999999995 0.0088389999999999996 0.19774300000000006 0.22569600000000006 0.20110499999999992 0.0039839999999999997 0.0040790000000000002 0.0039999999999999992 0.00083900000000000012 0.00084900000000000004 0.00078699999999999994 9.2783762222787587 9.2783762222787587 9.2783762222787587 1.7912869728326753e-05 1.7912869728326753e-05 1.7912869728326753e-05 1 1 1 Converged Converged Converged OK OK OK 77 77 77 77 77 77 3 3 3 0 0 0 0 1 0 0 1
149 149 linear 2 23 12 3 0.0001 2.0659565295872264 0.56802029881141525 3.4263177060690335e-05 0.63995246832901553 -0.0076754548161262846 0.63995932096442765 0.5 0.10843994794622791 9.2793779041409579 OK 13 12 0.55181899999999995 0.43341600000000002 0.22131700000000001 0.33290799999999998 0.188528 0 0.21891099999999997 0.24488800000000002 0.22131700000000001 0.0094710000000000003 0.0093799999999999994 0.0089090000000000003 0.184893 0.21135800000000005 0.18854200000000004 0.0040309999999999999 0.0041350000000000007 0.0040800000000000003 0.000794 0.00080899999999999993 0.00079500000000000013 9.279377369852849 9.279377369852849 9.279377369852849 1.7912772309422744e-05 1.7912772309422744e-05 1.7912772309422744e-05 1 1 1 Converged Converged Converged OK OK OK 77 77 77 77 77 77 3 3 3 0 0 0 0 1 0 0 1
149 149 linear 3 0 13 0 0.001 2.0659565295872264 0.56802029881141525 3.4263177060690335e-05 -1.021483071495743 0.15595629243245035 -1.0214899241311552 0.5 1.7698891930418108 128.34313105617701 OK 15 14 0.64117500000000005 0.63734999999999997 0.197021 0.445268 0.43823600000000001 0 0.19590700000000005 0.19911399999999996 0.197021 0.016407000000000001 0.015998999999999999 0.015841999999999998 0.14767699999999997 0.147565 0.14709800000000006 0.0046189999999999998 0.0045059999999999996 0.0043829999999999997 0.00093499999999999985 0.00095399999999999999 0.00098400000000000007 128.34303025966423 128.34303025966423 128.34303025966423 0.10691719291888958 0.10691719291888958 0.10691719291888958 1 1 1 Converged Converged Converged OK OK OK 83 83 83 83 83 83 5 5 5 0 0 0 0 0 1 0 0
149 149 linear 3 7 13 1 0.001 2.0659565295872264 0.56802029881141525 3.4263177060690335e-05 -1.021483071495743 0.15595629243245035 -1.0214857529617738 0.5 1.7698850218724294 133.21590190465281 OK 15 14 0.59332600000000002 0.71416999999999997 0.182889 0.40458 0.31423099999999998 0 0.18874600000000002 0.39993899999999999 0.182889 0.015334 0.015384999999999999 0.014767000000000001 0.14720100000000003 0.35838100000000001 0.14293800000000001 0.0043860000000000001 0.0044840000000000001 0.0041860000000000005 0.000919 0.00092200000000000008 0.00089599999999999999 133.2157981919938 133.2157981919938 133.2157981919938 0.11843044664700159 0.11843044664700159 0.11843044664700159 1 1 1 Converged Converged Converged OK OK OK 83 83 83 83 83 83 5 5 5 0 0 0 0 1 0 0 1
149 149 linear 3 15 13 2 0.001 2.0659565295872264 0.56802029881141525 3.4263177060690335e-05 -1.021483071495743 0.15595629243245035 -1.0214809859110523 0.5 1.7698802548217079 139.75034318539957 OK 15 14 0.61509100000000005 0.76605999999999996 0.181447 0.43106100000000003 0.34226499999999999 0 0.18403000000000003 0.42379499999999998 0.181447 0.015358 0.016587999999999999 0.014706 0.14243600000000001 0.37987699999999991 0.14146099999999998 0.0044390000000000002 0.0048069999999999996 0.0042469999999999999 0.0010039999999999999 0.0010320000000000001 0.00098700000000000003 139.75023469494269 139.75023469494269 139.75023469494269 0.13665960224213125 0.13665960224213125 0.13665960224213125 1 1 1 Converged Converged Converged OK OK OK 83 83 83 83 83 83 5 5 5 0 0 0 0 1 0 0 1
149 149 linear 3 23 13 3 0.001 2.0659565295872264 0.56802029881141525 3.4263177060690335e-05 -1.021483071495743 0.15595629243245035 -1.0214762188603308 0.5 1.7698754877709864 147.76861277201803 OK 15 14 0.62399000000000004 0.80225900000000006 0.208205 0.41344799999999998 0.29893700000000001 0 0.21054200000000006 0.50332200000000005 0.208205 0.015348000000000001 0.016577000000000001 0.014631999999999999 0.16297099999999998 0.45349199999999995 0.16167199999999995 0.0052969999999999996 0.0058839999999999995 0.0054290000000000007 0.0010710000000000001 0.0010830000000000002 0.0010439999999999998 147.76846435584346 147.76846435584346 147.76846435584346 0.014279900413319039 0.014279900413319039 0.014279900413319039 1 1 1 Converged Converged Converged OK OK OK 99 99 99 99 99 99 5 5 5 0 0 0 0 1 0 0 1
149 149 linear 3 0 13 0 0.0001 2.0659565295872264 0.56802029881141525 3.4263177060690335e-05 -1.021483071495743 0.15595629243245035 -1.0214899241311552 0.5 1.7698891930418108 128.34313105617701 OK 15 14 0.70845000000000002 0.70091300000000001 0.26492500000000002 0.44825700000000002 0.44306299999999998 0 0.26019300000000001 0.25785000000000002 0.26492500000000002 0.016419 0.016181000000000001 0.017096 0.199966 0.197551 0.20374700000000004 0.0062059999999999997 0.0065139999999999998 0.005999 0.001175 0.001183 0.0011820000000000001 128.34302977941587 128.34302977941587 128.34302977941587 0.0064732643000305345 0.0064732643000305345 0.0064732643000305345 1 1 1 Converged Converged Converged OK OK OK 115 115 115 115 115 115 5 5 5 0 0 0 0 0 1 0 0
149 149 linear 3 7 13 1 0.0001 2.0659565295872264 0.56802029881141525 3.4263177060690335e-05 -1.021483071495743 0.15595629243245035 -1.0214857529617738 0.5 1.7698850218724294 133.21590190465281 OK 15 14 0.65557799999999999 0.87899799999999995 0.243255 0.41003600000000001 0.30854100000000001 0 0.24554199999999998 0.57045699999999999 0.243255 0.015524 0.015297 0.01472 0.1940350000000001 0.51841000000000004 0.19339699999999999 0.0059729999999999991 0.0062719999999999998 0.0060160000000000005 0.0011800000000000001 0.0011709999999999997 0.0011409999999999999 133.21579756604251 133.21579756604251 133.21579756604251 0.0064746778635771532 0.0064746778635771532 0.0064746778635771532 1 1 1 Converged Converged Converged OK OK OK 115 115 115 115 115 115 5 5 5 0 0 0 0 1 0 0 1
149 149 linear 3 15 13 2 0.0001 2.0659565295872264 0.56802029881141525 3.4263177060690335e-05 -1.021483071495743 0.15595629243245035 -1.0214809859110523 0.5 1.7698802548217079 139.75034318539957 OK 15 14 0.67805599999999999 0.91362500000000002 0.24283399999999999 0.42876599999999998 0.33524500000000002 0 0.24929000000000001 0.57838000000000001 0.24283399999999999 0.015321 0.015365999999999999 0.01453 0.19359899999999991 0.52652500000000013 0.19287499999999985 0.0063610000000000003 0.0065710000000000005 0.0061710000000000003 0.0012600000000000001 0.001258 0.0012340000000000001 139.75023381577492 139.75023381577492 139.75023381577492 0.0064769087588736323 0.0064769087588736323 0.0064769087588736323 1 1 1 Converged Converged Converged OK OK OK 115 115 115 115 115 115 5 5 5 0 0 0 0 1 0 0 1
149 149 linear 3 23 13 3 0.0001 2.0659565295872264 0.56802029881141525 3.4263177060690335e-05 -1.021483071495743 0.15595629243245035 -1.0214762188603308 0.5 1.7698754877709864 147.76861277201803 OK 15 14 0.61643599999999998 0.78863000000000005 0.20636599999999999 0.40715200000000001 0.29238599999999998 0 0.20928399999999997 0.49624400000000007 0.20636599999999999 0.015341 0.015377 0.014493000000000001 0.16301000000000002 0.44874699999999967 0.16192600000000001 0.0051680000000000007 0.0058349999999999999 0.0050940000000000004 0.001057 0.0011150000000000001 0.001044 147.76846435584346 147.76846435584346 147.76846435584346 0.014279900413319039 0.014279900413319039 0.014279900413319039 1 1 1 Converged Converged Converged OK OK OK 99 99 99 99 99 99 5 5 5 0 0 0 0 1 0 0 1
149 149 linear 4 0 14 0 0.001 2.0659565295872264 0.56802029881141525 3.4263177060690335e-05 -1.0723840011099839 0.04110543399744316 -1.0723908537453961 0.5 1.8207901226560517 2.992675996854917 OK 13 12 0.54571099999999995 0.54868499999999998 0.150396 0.39421499999999998 0.397318 0 0.15149599999999996 0.15136699999999997 0.150396 0.0089569999999999997 0.0089289999999999994 0.0085629999999999994 0.120381 0.12037099999999999 0.12023899999999997 0.003081 0.0032060000000000001 0.0030490000000000005 0.00067500000000000004 0.00069200000000000002 0.00066400000000000009 2.9926759712748789 2.9926759712748789 2.9926759712748789 0.001192366369416069 0.001192366369416069 0.001192366369416069 1 1 1 Converged Converged Converged OK OK OK 61 61 61 61 61 61 3 3 3 0 0 0 0 0 1 0 0
149 149 linear 4 7 14 1 0.001 2.0659565295872264 0.56802029881141525 3.4263177060690335e-05 -1.0723840011099839 0.04110543399744316 -1.0723866825760147 0.5 1.8207859514866702 2.9926376710668343 OK 13 12 0.52321499999999999 0.49353799999999998 0.14829600000000001 0.36795099999999997 0.235925 0 0.15526400000000001 0.25761299999999998 0.14829600000000001 0.0082120000000000005 0.0083619999999999996 0.0077039999999999999 0.12755299999999994 0.22971 0.121915 0.003179 0.0033340000000000002 0.003075 0.00066100000000000002 0.00069099999999999999 0.00065099999999999999 2.9926376454946042 2.9926376454946042 2.9926376454946042 0.0011923864515266044 0.0011923864515266044 0.0011923864515266044 1 1 1 Converged Converged Converged OK OK OK 61 61 61 61 61 61 3 3 3 0 0 0 0 1 0 0 1
149 149 linear 4 15 14 2 0.001 2.0659565295872264 0.56802029881141525 3.4263177060690335e-05 -1.0723840011099839 0.04110543399744316 -1.0723819155252932 0.5 1.8207811844359487 2.9925938737161233 OK 13 12 0.49974200000000002 0.51189600000000002 0.14776500000000001 0.34992800000000002 0.24768200000000001 0 0.149814 0.264214 0.14776500000000001 0.0083850000000000001 0.0082439999999999996 0.0076629999999999997 0.12181100000000003 0.23644899999999991 0.12151099999999999 0.0032460000000000002 0.0033459999999999996 0.0030739999999999999 0.00066600000000000003 0.00071100000000000004 0.00065399999999999996 2.9925938481312921 2.9925938481312921 2.9925938481312921 0.001192409408824912 0.001192409408824912 0.001192409408824912 1 1 1 Converged Converged Converged OK OK OK 61 61 61 61 61 61 3 3 3 0 0 0 0 1 0 0 1
149 149 linear 4 23 14 3 0.001 2.0659565295872264 0.56802029881141525 3.4263177060690335e-05 -1.0723840011099839 0.04110543399744316 -1.0723771484745717 0.5 1.8207764173852272 2.9925500801372609 OK 13 12 0.51675400000000005 0.515571 0.14968500000000001 0.363292 0.26539000000000001 0 0.15346200000000004 0.25018099999999999 0.14968500000000001 0.0086189999999999999 0.0082970000000000006 0.0076899999999999998 0.12401899999999993 0.22265699999999999 0.12356399999999997 0.003473 0.0032509999999999995 0.0030820000000000001 0.00084800000000000012 0.00069999999999999988 0.00064800000000000014 2.9925500545525048 2.9925500545525048 2.9925500545525048 0.0011924323599161258 0.0011924323599161258 0.0011924323599161258 1 1 1 Converged Converged Converged OK OK OK 61 61 61 61 61 61 3 3 3 0 0 0 0 1 0 0 1
149 149 linear 4 0 14 0 0.0001 2.0659565295872264 0.56802029881141525 3.4263177060690335e-05 -1.0723840011099839 0.04110543399744316 -1.0723908537453961 0.5 1.8207901226560517 2.992675996854917 OK 13 12 0.57961300000000004 0.581785 0.18590300000000001 0.39260499999999998 0.39455000000000001 0 0.18700800000000006 0.18723499999999998 0.18590300000000001 0.0090050000000000009 0.0088579999999999996 0.0086929999999999993 0.14998799999999995 0.15040999999999999 0.14987899999999998 0.0039290000000000002 0.0041260000000000003 0.0039020000000000001 0.00081900000000000007 0.00081599999999999999 0.00076800000000000002 2.992675971899371 2.992675971899371 2.992675971899371 4.4068585262602026e-05 4.4068585262602026e-05 4.4068585262602026e-05 1 1 1 Converged Converged Converged OK OK OK 77 77 77 77 77 77 3 3 3 0 0 0 0 0 1 0 0
149 149 linear 4 7 14 1 0.0001 2.0659565295872264 0.56802029881141525 3.4263177060690335e-05 -1.0723840011099839 0.04110543399744316 -1.0723866825760147 0.5 1.8207859514866702 2.9926376710668343 OK 13 12 0.55123200000000006 0.54966400000000004 0.178285 0.37093300000000001 0.23205400000000001 0 0.18029900000000004 0.31761000000000006 0.178285 0.0081939999999999999 0.0083610000000000004 0.0077270000000000004 0.14772199999999999 0.28481600000000001 0.146978 0.003993 0.0041700000000000001 0.003901 0.00083500000000000002 0.00082299999999999995 0.000794 2.9926376461209658 2.9926376461209658 2.9926376461209658 4.4068908801947297e-05 4.4068908801947297e-05 4.4068908801947297e-05 1 1 1 Converged Converged Converged OK OK OK 77 77 77 77 77 77 3 3 3 0 0 0 0 1 0 0 1
149 149 linear 4 15 14 2 0.0001 2.0659565295872264 0.56802029881141525 3.4263177060690335e-05 -1.0723840011099839 0.04110543399744316 -1.0723819155252932 0.5 1.8207811844359487 2.9925938737161233 OK 13 12 0.53281500000000004 0.57712600000000003 0.18090200000000001 0.34377000000000002 0.24751899999999999 0 0.18904500000000002 0.32960700000000004 0.18090200000000001 0.0080890000000000007 0.0082789999999999999 0.0077219999999999997 0.15647099999999994 0.29695900000000008 0.14966399999999994 0.0039870000000000001 0.0041190000000000003 0.0038869999999999998 0.00081999999999999998 0.00081599999999999999 0.00076300000000000011 2.9925938487570791 2.9925938487570791 2.9925938487570791 4.4069274706219545e-05 4.4069274706219545e-05 4.4069274706219545e-05 1 1 1 Converged Converged Converged OK OK OK 77 77 77 77 77 77 3 3 3 0 0 0 0 1 0 0 1
149 149 linear 4 23 14 3 0.0001 2.0659565295872264 0.56802029881141525 3.4263177060690335e-05 -1.0723840011099839 0.04110543399744316 -1.0723771484745717 0.5 1.8207764173852272 2.9925500801372609 OK 13 12 0.54574699999999998 0.568851 0.18113299999999999 0.35826200000000002 0.27013999999999999 0 0.18748499999999996 0.298711 0.18113299999999999 0.0082620000000000002 0.0082470000000000009 0.0077380000000000001 0.15064700000000003 0.26615100000000003 0.14982600000000001 0.0041450000000000002 0.0041830000000000001 0.004071 0.00078899999999999999 0.00082699999999999994 0.00076199999999999998 2.9925500551773365 2.9925500551773365 2.9925500551773365 4.4069640734686385e-05 4.4069640734686385e-05 4.4069640734686385e-05 1 1 1 Converged Converged Converged OK OK OK 77 77 77 77 77 77 3 3 3 0 0 0 0 1 0 0 1
149 149 uniform 0 0 15 0 0.001 2.0659565295872264 0.56802029881141525 3.4263177060690335e-05 -1.0636362213733255 0.052219984219909116 -1.0636430740087377 0 1.8120423429193933 141.45189196428561 OK 14 13 0.48339500000000002 0.48257800000000001 0.104841 0.37772499999999998 0.37196299999999999 0 0.10567000000000004 0.11061500000000002 0.104841 0.011698999999999999 0.011658999999999999 0.011289 0.075544 0.080581 0.075765000000000013 0.0024809999999999997 0.0024330000000000003 0.0023740000000000002 0.00068800000000000003 0.00068099999999999996 0.00067599999999999995 141.45176067020193 141.45176067020193 141.45176067020193 0.10817618954100326 0.10817618954100326 0.10817618954100326 1 1 1 Converged Converged Converged OK OK OK 59 59 59 59 59 59 5 5 5 0 0 0 0 0 1 0 0
149 149 uniform 0 7 15 1 0.001 2.0659565295872264 0.56802029881141525 3.4263177060690335e-05 -1.0636362213733255 0.052219984219909116 -1.0636389028393562 0 1.8120381717500118 159.22479681911943 OK 14 13 0.50384700000000004 0.52559199999999995 0.100796 0.40502300000000002 0.286443 0 0.098824000000000023 0.23914899999999994 0.100796 0.010655 0.011039 0.011559 0.073075000000000001 0.21311999999999995 0.074753 0.0024260000000000002 0.0024019999999999996 0.0022690000000000002 0.00058699999999999996 0.00060800000000000003 0.00057499999999999999 159.2246634080889 159.2246634080889 159.2246634080889 0.10887425613307934 0.10887425613307934 0.10887425613307934 1 1 1 Converged Converged Converged OK OK OK 59 59 59 59 59 59 5 5 5 0 0 0 0 1 0 0 1
149 149 uniform 0 15 15 2 0.001 2.0659565295872264 0.56802029881141525 3.4263177060690335e-05 -1.0636362213733255 0.052219984219909116 -1.0636341357886347 0 1.8120334046992903 178.01232486957909 OK 14 13 0.46731800000000001 0.495479 0.097323000000000007 0.36431799999999998 0.25252400000000003 0 0.10300000000000004 0.24295499999999998 0.097323000000000007 0.010813 0.011024000000000001 0.010272 0.073321999999999984 0.21643100000000001 0.072724999999999984 0.0024719999999999998 0.0025530000000000001 0.0023420000000000003 0.00061899999999999998 0.000629 0.00056300000000000002 178.01219662011269 178.01219662011269 178.01219662011269 0.11013845400894659 0.11013845400894659 0.11013845400894659 1 1 1 Converged Converged Converged OK OK OK 59 59 59 59 59 59 5 5 5 0 0 0 0 1 0 0 1
149 149 uniform 0 23 15 3 0.001 2.0659565295872264 0.56802029881141525 3.4263177060690335e-05 -1.0636362213733255 0.052219984219909116 -1.0636293687379132 0 1.8120286376485688 195.07343890203427 OK 14 13 0.48284500000000002 0.47591899999999998 0.10528 0.37561699999999998 0.242145 0 0.10722800000000005 0.23377399999999998 0.10528 0.010914999999999999 0.010951000000000001 0.010175999999999999 0.081373000000000015 0.20780899999999994 0.080836999999999992 0.0024290000000000002 0.0025140000000000002 0.0023739999999999998 0.00061899999999999998 0.00059299999999999999 0.00055999999999999995 195.07332787071826 195.07332787071826 195.07332787071826 0.11190718126090313 0.11190718126090313 0.11190718126090313 1 1 1 Converged Converged Converged OK OK OK 59 59 59 59 59 59 5 5 5 0 0 0 0 1 0 0 1
149 149 uniform 0 0 15 0 0.0001 2.0659565295872264 0.56802029881141525 3.4263177060690335e-05 -1.0636362213733255 0.052219984219909116 -1.0636430740087377 0 1.8120423429193933 141.45189196428561 OK 14 13 0.49534699999999998 0.49307099999999998 0.11841500000000001 0.37544300000000003 0.37317400000000001 0 0.11990399999999996 0.11989699999999998 0.11841500000000001 0.011849 0.011726 0.011348 0.086364999999999997 0.086728999999999987 0.08602599999999995 0.00281 0.002862 0.0027049999999999999 0.00082800000000000007 0.00080500000000000005 0.00082399999999999997 141.45188793420667 141.45188793420667 141.45188793420667 0.0068317279905492738 0.0068317279905492738 0.0068317279905492738 1 1 1 Converged Converged Converged OK OK OK 67 67 67 67 67 67 5 5 5 0 0 0 0 0 1 0 0
149 149 uniform 0 7 15 1 0.0001 2.0659565295872264 0.56802029881141525 3.4263177060690335e-05 -1.0636362213733255 0.052219984219909116 -1.0636389028393562 0 1.8120381717500118 159.22479681911943 OK 14 13 0.51824999999999999 0.55847800000000003 0.10896699999999999 0.40792800000000001 0.29356100000000002 0 0.11032199999999998 0.26491700000000001 0.10896699999999999 0.010956 0.010900999999999999 0.010253 0.08190900000000001 0.23670400000000005 0.081847999999999962 0.0027369999999999998 0.0027850000000000001 0.0027000000000000001 0.000718 0.00073999999999999999 0.00071899999999999991 159.2247906744519 159.2247906744519 159.2247906744519 0.0075279171445666003 0.0075279171445666003 0.0075279171445666003 1 1 1 Converged Converged Converged OK OK OK 67 67 67 67 67 67 5 5 5 0 0 0 0 1 0 0 1
149 149 uniform 0 15 15 2 0.0001 2.0659565295872264 0.56802029881141525 3.4263177060690335e-05 -1.0636362213733255 0.052219984219909116 -1.0636341357886347 0 1.8120334046992903 178.01232486957909 OK 14 13 0.47438999999999998 0.51141800000000004 0.107143 0.365541 0.24962899999999999 0 0.10884899999999997 0.26178900000000005 0.107143 0.010787 0.010825 0.010134000000000001 0.080746999999999999 0.23364999999999997 0.080282000000000006 0.002836 0.0028899999999999998 0.0027259999999999997 0.00072600000000000008 0.00072300000000000012 0.00070100000000000002 178.01232388917097 178.01232388917097 178.01232388917097 0.0087899693422695442 0.0087899693422695442 0.0087899693422695442 1 1 1 Converged Converged Converged OK OK OK 67 67 67 67 67 67 5 5 5 0 0 0 0 1 0 0 1
149 149 uniform 0 23 15 3 0.0001 2.0659565295872264 0.56802029881141525 3.4263177060690335e-05 -1.0636362213733255 0.052219984219909116 -1.0636293687379132 0 1.8120286376485688 195.07343890203427 OK 14 13 0.49844899999999998 0.51082899999999998 0.118268 0.37847799999999998 0.24618799999999999 0 0.11997099999999999 0.26464100000000002 0.118268 0.010947999999999999 0.010964 0.010305 0.09196199999999996 0.23608800000000002 0.091221000000000024 0.002722 0.0028839999999999998 0.0026749999999999999 0.00074700000000000005 0.00073200000000000001 0.000727 195.07345514247172 195.07345514247172 195.07345514247172 0.010556550823743514 0.010556550823743514 0.010556550823743514 1 1 1 Converged Converged Converged OK OK OK 67 67 67 67 67 67 5 5 5 0 0 0 0 1 0 0 1
149 149 uniform 1 0 16 0 0.001 2.0659565295872264 0.56802029881141525 3.4263177060690335e-05 -1.0334917227562803 0.17451653806821243 -1.0334985753916925 0 1.7818978443023481 439.83628456872992 OK 14 13 52.502352000000002 52.623975000000002 0.226239 52.190736999999999 52.328983999999998 0 0.31161500000000331 0.29499100000000311 0.226239 0.017111000000000001 0.014801 0.014069999999999999 0.26242000000000004 0.24980599999999997 0.18568200000000001 0.0050430000000000006 0.0049069999999999999 0.003467 0.0013190000000000001 0.001289 0.001049 439.8358340807992 439.8358340807992 439.8358340807992 0.29823091223823528 0.29823091223823528 0.29823091223823528 1 1 1 Converged Converged Converged OK OK OK 74 74 74 74 74 74 6 6 6 0 0 0 0 0 1 0 0
149 149 uniform 1 7 16 1 0.001 2.0659565295872264 0.56802029881141525 3.4263177060690335e-05 -1.0334917227562803 0.17451653806821243 -1.0334944042223111 0 1.7818936731329666 380.33222437536551 OK 14 13 56.082486000000003 55.903640000000003 0.21760599999999999 55.789963 55.598323000000001 0 0.29252300000000275 0.30531700000000228 0.21760599999999999 0.015526 0.014794 0.012944000000000001 0.25548300000000002 0.26944499999999993 0.18834500000000001 0.0047019999999999996 0.0049389999999999998 0.0029570000000000004 0.0012409999999999999 0.0012080000000000001 0.00084400000000000013 380.3318721363475 380.3318721363475 380.3318721363475 0.28158452795201333 0.28158452795201333 0.28158452795201333 1 1 1 Converged Converged Converged OK OK OK 74 74 74 74 74 74 6 6 6 0 0 0 0 1 0 0 1
149 149 uniform 1 15 16 2 0.001 2.0659565295872264 0.56802029881141525 3.4263177060690335e-05 -1.0334917227562803 0.17451653806821243 -1.0334896371715896 0 1.7818889060822451 311.89264782127543 OK 14 13 2.512105 54.361970999999997 0.22131600000000001 2.2561490000000002 54.002904999999998 0 0.25595599999999985 0.35906599999999855 0.22131600000000001 0.015620999999999999 0.013982 0.012674 0.21514900000000003 0.3215880000000001 0.192638 0.0051999999999999998 0.0051179999999999993 0.0028029999999999999 0.001186 0.0013300000000000002 0.00092100000000000005 311.89235884535123 311.89235884541239 311.89235884535123 0.27016244014809304 0.27016244031215086 0.27016244014809304 1 1 1 Converged Converged Converged OK OK OK 74 74 74 74 74 74 6 6 6 0 0 0 0 1 0 0 1
149 149 uniform 1 23 16 3 0.001 2.0659565295872264 0.56802029881141525 3.4263177060690335e-05 -1.0334917227562803 0.17451653806821243 -1.0334848701208681 0 1.7818841390315237 242.48886312621337 OK 14 13 0.82672000000000001 0.65474699999999997 0.20275899999999999 0.618255 0.38241700000000001 0 0.20846500000000001 0.27232999999999996 0.20275899999999999 0.014125 0.013651999999999999 0.012664 0.17419799999999994 0.23929900000000004 0.1731369999999999 0.004182 0.0038390000000000004 0.0027700000000000003 0.0011300000000000001 0.0010740000000000001 0.00086399999999999997 242.48882345568416 242.48882345613379 242.48882345568416 0.17576889549014291 0.17576889503645377 0.17576889549014291 1 1 1 Converged Converged Converged OK OK OK 74 74 74 74 74 74 6 6 6 0 0 0 0 1 0 0 1
149 149 uniform 1 0 16 0 0.0001 2.0659565295872264 0.56802029881141525 3.4263177060690335e-05 -1.0334917227562803 0.17451653806821243 -1.0334985753916925 0 1.7818978443023481 439.83628456872992 OK 14 13 52.564889999999998 52.597354000000003 0.28707700000000003 52.189500000000002 52.219175 0 0.37538999999999589 0.37817900000000293 0.28707700000000003 0.016466999999999999 0.014978999999999999 0.014090999999999999 0.31502099999999994 0.32036999999999999 0.23781200000000005 0.0073490000000000005 0.006686000000000001 0.0051659999999999996 0.0016820000000000003 0.0016329999999999999 0.0013929999999999997 439.83629258034722 439.83629258034722 439.83629258034722 0.012839977844599761 0.012839977844599761 0.012839977844599761 1 1 1 Converged Converged Converged OK OK OK 98 98 98 98 98 98 6 6 6 0 0 0 0 0 1 0 0
149 149 uniform 1 7 16 1 0.0001 2.0659565295872264 0.56802029881141525 3.4263177060690335e-05 -1.0334917227562803 0.17451653806821243 -1.0334944042223111 0 1.7818936731329666 380.33222437536551 OK 14 13 56.236699999999999 56.086094000000003 0.27399400000000002 55.861069999999998 55.619826000000003 0 0.37563000000000102 0.46626799999999946 0.27399400000000002 0.015734999999999999 0.014251 0.012938 0.32814099999999985 0.42066400000000026 0.23841099999999993 0.007306 0.0069520000000000007 0.0044869999999999997 0.002281 0.0020559999999999997 0.0012000000000000001 380.33221842026006 380.33221842026006 380.33221842026006 0.010260730548000916 0.010260730548000916 0.010260730548000916 1 1 1 Converged Converged Converged OK OK OK 98 98 98 98 98 98 6 6 6 0 0 0 0 1 0 0 1
149 149 uniform 1 15 16 2 0.0001 2.0659565295872264 0.56802029881141525 3.4263177060690335e-05 -1.0334917227562803 0.17451653806821243 -1.0334896371715896 0 1.7818889060822451 311.89264782127543 OK 14 13 2.5686149999999999 54.414644000000003 0.27892600000000001 2.260211 53.950628999999999 0 0.3084039999999999 0.4640150000000034 0.27892600000000001 0.015644999999999999 0.014687 0.012812 0.26479999999999992 0.41782600000000014 0.24423800000000007 0.0065359999999999993 0.0074819999999999991 0.0038850000000000004 0.0015260000000000002 0.0016820000000000003 0.0011639999999999999 311.89263248549878 311.89263248559104 311.89263248549878 0.0072609594814606795 0.007260959654066773 0.0072609594814606795 1 1 1 Converged Converged Converged OK OK OK 98 98 98 98 98 98 6 6 6 0 0 0 0 1 0 0 1
149 149 uniform 1 23 16 3 0.0001 2.0659565295872264 0.56802029881141525 3.4263177060690335e-05 -1.0334917227562803 0.17451653806821243 -1.0334848701208681 0 1.7818841390315237 242.48886312621337 OK 14 13 0.89266500000000004 0.72857400000000005 0.27781400000000001 0.61070599999999997 0.38368000000000002 0 0.28195900000000007 0.34489400000000003 0.27781400000000001 0.013863 0.013695000000000001 0.012654 0.24336499999999986 0.30601799999999996 0.24317200000000011 0.0050289999999999996 0.0056389999999999999 0.0040449999999999991 0.001457 0.0014199999999999998 0.0013209999999999997 242.48885214618073 242.48885214642505 242.48885214618073 0.0058977988852070328 0.0058977988045921317 0.0058977988852070328 1 1 1 Converged Converged Converged OK OK OK 98 98 98 98 98 98 6 6 6 0 0 0 0 1 0 0 1
149 149 uniform 2 0 17 0 0.001 2.0659565295872264 0.56802029881141525 3.4263177060690335e-05 0.63995246832901553 -0.0076754548161262846 0.63994561569360342 0 0.10845365321705214 9.2765002027922829 OK 13 12 0.41379500000000002 0.41627500000000001 0.082723000000000005 0.32971200000000001 0.33208799999999999 0 0.084083000000000019 0.084187000000000012 0.082723000000000005 0.010127000000000001 0.010076 0.0098010000000000007 0.060843999999999988 0.061238999999999995 0.060375999999999999 0.001719 0.001817 0.0017050000000000001 0.00045899999999999999 0.00044799999999999999 0.00043300000000000001 9.2764982789569235 9.2764982789569235 9.2764982789569235 0.0047520247990070763 0.0047520247990070763 0.0047520247990070763 1 1 1 Converged Converged Converged OK OK OK 37 37 37 37 37 37 3 3 3 0 0 0 0 0 1 0 0
149 149 uniform 2 7 17 1 0.001 2.0659565295872264 0.56802029881141525 3.4263177060690335e-05 0.63995246832901553 -0.0076754548161262846 0.63994978686298465 0 0.10844948204767091 9.2773758292952984 OK 13 12 0.49140499999999998 0.38415700000000003 0.083485000000000004 0.403389 0.28744500000000001 0 0.088015999999999983 0.09671200000000002 0.083485000000000004 0.010815 0.0092929999999999992 0.0089230000000000004 0.065252999999999992 0.076020000000000018 0.063367000000000007 0.00181 0.001825 0.0017990000000000003 0.00044100000000000004 0.00045100000000000001 0.00042999999999999999 9.2773739060891049 9.2773739060891049 9.2773739060891049 0.0047523215428106457 0.0047523215428106457 0.0047523215428106457 1 1 1 Converged Converged Converged OK OK OK 37 37 37 37 37 37 3 3 3 0 0 0 0 1 0 0 1
149 149 uniform 2 15 17 2 0.001 2.0659565295872264 0.56802029881141525 3.4263177060690335e-05 0.63995246832901553 -0.0076754548161262846 0.63995455391370615 0 0.10844471499694941 9.278376755014607 OK 13 12 0.41211999999999999 0.29780000000000001 0.085236999999999993 0.32194800000000001 0.198935 0 0.090171999999999974 0.098865000000000008 0.085236999999999993 0.0094029999999999999 0.0094560000000000009 0.0088760000000000002 0.068997000000000003 0.077922000000000019 0.065276000000000001 0.0017730000000000001 0.0018019999999999998 0.001725 0.00045699999999999994 0.00044899999999999996 0.00042499999999999998 9.2783748315884029 9.2783748315884029 9.2783748315884029 0.0047526603397425593 0.0047526603397425593 0.0047526603397425593 1 1 1 Converged Converged Converged OK OK OK 37 37 37 37 37 37 3 3 3 0 0 0 0 1 0 0 1
149 149 uniform 2 23 17 3 0.001 2.0659565295872264 0.56802029881141525 3.4263177060690335e-05 0.63995246832901553 -0.0076754548161262846 0.63995932096442765 0 0.10843994794622791 9.2793779042606133 OK 13 12 0.40976499999999999 0.27995500000000001 0.079583000000000001 0.32878299999999999 0.18646099999999999 0 0.080981999999999998 0.093494000000000022 0.079583000000000001 0.0095130000000000006 0.0094339999999999997 0.0088140000000000007 0.060050999999999986 0.072580999999999993 0.05974900000000001 0.0017290000000000001 0.0018269999999999998 0.001678 0.00042900000000000002 0.00043799999999999997 0.00042399999999999995 9.2793759795257493 9.2793759795257493 9.2793759795257493 0.0047529992875160023 0.0047529992875160023 0.0047529992875160023 1 1 1 Converged Converged Converged OK OK OK 37 37 37 37 37 37 3 3 3 0 0 0 0 1 0 0 1
149 149 uniform 2 0 17 0 0.0001 2.0659565295872264 0.56802029881141525 3.4263177060690335e-05 0.63995246832901553 -0.0076754548161262846 0.63994561569360342 0 0.10845365321705214 9.2765002027922829 OK 13 12 0.47363 0.46926499999999999 0.145453 0.33046900000000001 0.32645000000000002 0 0.14316099999999998 0.14281499999999997 0.145453 0.010036 0.010114 0.0098329999999999997 0.111253 0.11147000000000003 0.11409699999999998 0.0029870000000000001 0.0030770000000000003 0.003029 0.00072199999999999999 0.00070299999999999996 0.00070100000000000002 9.2765001437730419 9.2765001437730419 9.2765001437730419 0.00034732743284364323 0.00034732743284364323 0.00034732743284364323 1 1 1 Converged Converged Converged OK OK OK 61 61 61 61 61 61 3 3 3 0 0 0 0 0 1 0 0
149 149 uniform 2 7 17 1 0.0001 2.0659565295872264 0.56802029881141525 3.4263177060690335e-05 0.63995246832901553 -0.0076754548161262846 0.63994978686298465 0 0.10844948204767091 9.2773758292952984 OK 13 12 0.54293800000000003 0.43387100000000001 0.13442499999999999 0.406856 0.28489300000000001 0 0.13608200000000004 0.148978 0.13442499999999999 0.0094350000000000007 0.0093819999999999997 0.0089280000000000002 0.10740199999999998 0.12083300000000001 0.10711399999999997 0.0031570000000000001 0.0031059999999999998 0.0030309999999999998 0.00069999999999999999 0.00072799999999999991 0.00066300000000000007 9.277375770902589 9.277375770902589 9.277375770902589 0.00034732234921953323 0.00034732234921953323 0.00034732234921953323 1 1 1 Converged Converged Converged OK OK OK 61 61 61 61 61 61 3 3 3 0 0 0 0 1 0 0 1
149 149 uniform 2 15 17 2 0.0001 2.0659565295872264 0.56802029881141525 3.4263177060690335e-05 0.63995246832901553 -0.0076754548161262846 0.63995455391370615 0 0.10844471499694941 9.278376755014607 OK 13 12 0.46756500000000001 0.35815799999999998 0.14496700000000001 0.32104899999999997 0.19927 0 0.14651600000000004 0.15888799999999997 0.14496700000000001 0.0093170000000000006 0.0094859999999999996 0.0089029999999999995 0.11823900000000001 0.13047199999999998 0.11767200000000001 0.0030549999999999996 0.0031879999999999999 0.0029559999999999999 0.00068000000000000005 0.000687 0.00066500000000000001 9.2783766963183467 9.2783766963183467 9.2783766963183467 0.00034731640651461138 0.00034731640651461138 0.00034731640651461138 1 1 1 Converged Converged Converged OK OK OK 61 61 61 61 61 61 3 3 3 0 0 0 0 1 0 0 1
149 149 uniform 2 23 17 3 0.0001 2.0659565295872264 0.56802029881141525 3.4263177060690335e-05 0.63995246832901553 -0.0076754548161262846 0.63995932096442765 0 0.10843994794622791 9.2793779042606133 OK 13 12 0.46712700000000001 0.33699000000000001 0.133074 0.33288099999999998 0.18711 0 0.13424600000000003 0.14988000000000001 0.133074 0.0094839999999999994 0.0094669999999999997 0.0089449999999999998 0.10565499999999999 0.12171799999999999 0.105867 0.0029830000000000004 0.0031749999999999999 0.0029959999999999995 0.00068400000000000004 0.00069499999999999998 0.00069200000000000002 9.2793778441989812 9.2793778441989812 9.2793778441989812 0.00034731067389625269 0.00034731067389625269 0.00034731067389625269 1 1 1 Converged Converged Converged OK OK OK 61 61 61 61 61 61 3 3 3 0 0 0 0 1 0 0 1
149 149 uniform 3 0 18 0 0.001 2.0659565295872264 0.56802029881141525 3.4263177060690335e-05 -1.021483071495743 0.15595629243245035 -1.0214899241311552 0 1.7698891930418108 128.84407395160156 OK 15 14 0.58273699999999995 0.57591700000000001 0.137068 0.44423099999999999 0.43761699999999998 0 0.13850599999999996 0.13830000000000003 0.137068 0.016132000000000001 0.015996 0.015569 0.09713999999999999 0.097430000000000003 0.097172999999999982 0.0033509999999999998 0.0033969999999999998 0.0032839999999999996 0.00075799999999999999 0.00081900000000000007 0.00074799999999999997 128.84406615721323 128.84406615721323 128.84406615721323 0.078694997710556783 0.078694997710556783 0.078694997710556783 1 1 1 Converged Converged Converged OK OK OK 67 67 67 67 67 67 5 5 5 0 0 0 0 0 1 0 0
149 149 uniform 3 7 18 1 0.001 2.0659565295872264 0.56802029881141525 3.4263177060690335e-05 -1.021483071495743 0.15595629243245035 -1.0214857529617738 0 1.7698850218724294 133.83466701881858 OK 15 14 0.53547699999999998 0.60651600000000006 0.12721199999999999 0.40309600000000001 0.309172 0 0.13238099999999997 0.29734400000000005 0.12721199999999999 0.015268 0.015351999999999999 0.0146 0.096485999999999975 0.26097399999999987 0.092354999999999979 0.0032719999999999997 0.0034359999999999994 0.0033 0.00073400000000000006 0.0007670000000000001 0.00074100000000000001 133.83465857370493 133.83465857370493 133.83465857370493 0.088557282184593716 0.088557282184593716 0.088557282184593716 1 1 1 Converged Converged Converged OK OK OK 67 67 67 67 67 67 5 5 5 0 0 0 0 1 0 0 1
149 149 uniform 3 15 18 2 0.001 2.0659565295872264 0.56802029881141525 3.4263177060690335e-05 -1.021483071495743 0.15595629243245035 -1.0214809859110523 0 1.7698802548217079 140.56556393553268 OK 15 14 0.56116200000000005 0.63886100000000001 0.125919 0.43267899999999998 0.33508900000000003 0 0.12848300000000007 0.30377199999999999 0.125919 0.015287 0.015481999999999999 0.014557 0.092015 0.26726999999999995 0.091202000000000019 0.0034779999999999998 0.0034459999999999998 0.0032190000000000001 0.00079199999999999995 0.0008479999999999999 0.00081700000000000002 140.56555390200054 140.56555390200054 140.56555390200054 0.10378258519547644 0.10378258519547644 0.10378258519547644 1 1 1 Converged Converged Converged OK OK OK 67 67 67 67 67 67 5 5 5 0 0 0 0 1 0 0 1
149 149 uniform 3 23 18 3 0.001 2.0659565295872264 0.56802029881141525 3.4263177060690335e-05 -1.021483071495743 0.15595629243245035 -1.0214762188603308 0 1.7698754877709864 148.90265344314608 OK 15 14 0.53356999999999999 0.597966 0.12613099999999999 0.40578999999999998 0.29504799999999998 0 0.12778 0.30291800000000002 0.12613099999999999 0.015181 0.015254999999999999 0.018013000000000001 0.092065999999999953 0.266683 0.088235000000000008 0.0032590000000000006 0.0034859999999999999 0.0031679999999999998 0.00073899999999999997 0.000794 0.00072499999999999995 148.90263886135816 148.90263886135816 148.90263886135816 0.1263781148401196 0.1263781148401196 0.1263781148401196 1 1 1 Converged Converged Converged OK OK OK 67 67 67 67 67 67 5 5 5 0 0 0 0 1 0 0 1
149 149 uniform 3 0 18 0 0.0001 2.0659565295872264 0.56802029881141525 3.4263177060690335e-05 -1.021483071495743 0.15595629243245035 -1.0214899241311552 0 1.7698891930418108 128.84407395160156 OK 15 14 0.62590100000000004 0.62833700000000003 0.18773400000000001 0.43847700000000001 0.44316499999999998 0 0.18742400000000004 0.18517200000000006 0.18773400000000001 0.016197 0.016272999999999999 0.015626999999999999 0.131689 0.13190400000000002 0.13175699999999999 0.005032 0.0051470000000000005 0.0050499999999999998 0.0010330000000000001 0.0010520000000000002 0.001041 128.84406614088829 128.84406614088829 128.84406614088829 0.0060879590645812652 0.0060879590645812652 0.0060879590645812652 1 1 1 Converged Converged Converged OK OK OK 99 99 99 99 99 99 5 5 5 0 0 0 0 0 1 0 0
149 149 uniform 3 7 18 1 0.0001 2.0659565295872264 0.56802029881141525 3.4263177060690335e-05 -1.021483071495743 0.15595629243245035 -1.0214857529617738 0 1.7698850218724294 133.83466701881858 OK 15 14 0.58302900000000002 0.75473100000000004 0.17183999999999999 0.40946700000000003 0.30875200000000003 0 0.17356199999999999 0.44597900000000001 0.17183999999999999 0.015436 0.015429 0.014733 0.12698500000000004 0.39878300000000005 0.12693499999999996 0.0052309999999999995 0.0053990000000000002 0.0048890000000000001 0.001016 0.0010059999999999999 0.00098499999999999998 133.83465855054979 133.83465855054979 133.83465855054979 0.0060875970314788396 0.0060875970314788396 0.0060875970314788396 1 1 1 Converged Converged Converged OK OK OK 99 99 99 99 99 99 5 5 5 0 0 0 0 1 0 0 1
149 149 uniform 3 15 18 2 0.0001 2.0659565295872264 0.56802029881141525 3.4263177060690335e-05 -1.021483071495743 0.15595629243245035 -1.0214809859110523 0 1.7698802548217079 140.56556393553268 OK 15 14 0.60970000000000002 0.78304600000000002 0.17633399999999999 0.43267699999999998 0.334482 0 0.17702300000000004 0.44856400000000002 0.17633399999999999 0.015446 0.01554 0.019727999999999999 0.13064700000000004 0.4014249999999997 0.12681699999999999 0.0051229999999999999 0.0053090000000000004 0.0048809999999999999 0.0011280000000000001 0.0010400000000000001 0.0010060000000000002 140.56555386443921 140.56555386443921 140.56555386443921 0.0060871995411754037 0.0060871995411754037 0.0060871995411754037 1 1 1 Converged Converged Converged OK OK OK 99 99 99 99 99 99 5 5 5 0 0 0 0 1 0 0 1
149 149 uniform 3 23 18 3 0.0001 2.0659565295872264 0.56802029881141525 3.4263177060690335e-05 -1.021483071495743 0.15595629243245035 -1.0214762188603308 0 1.7698754877709864 148.90265344314608 OK 15 14 0.57951399999999997 0.74912500000000004 0.168299 0.40909200000000001 0.29441099999999998 0 0.17042199999999996 0.45471400000000006 0.168299 0.015367 0.015302 0.014564000000000001 0.12442799999999996 0.40784799999999999 0.12408099999999998 0.0050400000000000002 0.0053220000000000003 0.0049420000000000002 0.0010400000000000001 0.0010320000000000001 0.00098200000000000002 148.90263879750822 148.90263879750822 148.90263879750822 0.0060868752632833711 0.0060868752632833711 0.0060868752632833711 1 1 1 Converged Converged Converged OK OK OK 99 99 99 99 99 99 5 5 5 0 0 0 0 1 0 0 1
149 149 uniform 4 0 19 0 0.001 2.0659565295872264 0.56802029881141525 3.4263177060690335e-05 -1.0723840011099839 0.04110543399744316 -1.0723908537453961 0 1.8207901226560517 2.9926759968648504 OK 13 12 0.47489500000000001 0.47708200000000001 0.079189999999999997 0.39458199999999999 0.39318500000000001 0 0.080313000000000023 0.083896999999999999 0.079189999999999997 0.0089789999999999991 0.009077 0.0086820000000000005 0.054992000000000013 0.058668999999999999 0.054768000000000011 0.0022559999999999998 0.0022890000000000002 0.0021190000000000002 0.00055999999999999995 0.00060000000000000006 0.00053499999999999999 2.9926759772968943 2.9926759772968943 2.9926759772968943 0.0010539796463871962 0.0010539796463871962 0.0010539796463871962 1 1 1 Converged Converged Converged OK OK OK 45 45 45 45 45 45 3 3 3 0 0 0 0 0 1 0 0
149 149 uniform 4 7 19 1 0.001 2.0659565295872264 0.56802029881141525 3.4263177060690335e-05 -1.0723840011099839 0.04110543399744316 -1.0723866825760147 0 1.8207859514866702 2.9926376710709968 OK 13 12 0.45006699999999999 0.38006000000000001 0.079114000000000004 0.36948599999999998 0.23377899999999999 0 0.080581000000000014 0.14628100000000002 0.079114000000000004 0.0081700000000000002 0.0082310000000000005 0.0077479999999999997 0.058271999999999997 0.12389499999999999 0.057821999999999998 0.0021870000000000001 0.0022460000000000002 0.0021509999999999997 0.00055400000000000002 0.00056499999999999996 0.00052400000000000005 2.9926376515156572 2.9926376515156572 2.9926376515156572 0.0010539661515468382 0.0010539661515468382 0.0010539661515468382 1 1 1 Converged Converged Converged OK OK OK 45 45 45 45 45 45 3 3 3 0 0 0 0 1 0 0 1
149 149 uniform 4 15 19 2 0.001 2.0659565295872264 0.56802029881141525 3.4263177060690335e-05 -1.0723840011099839 0.04110543399744316 -1.0723819155252932 0 1.8207811844359487 2.9925938737165252 OK 13 12 0.42707699999999998 0.39394299999999999 0.078936999999999993 0.346358 0.24841199999999999 0 0.080718999999999985 0.14553099999999999 0.078936999999999993 0.0083429999999999997 0.0083619999999999996 0.0076660000000000001 0.058214999999999989 0.12302100000000002 0.057754 0.0021709999999999998 0.002307 0.0021329999999999999 0.00056100000000000008 0.000553 0.00053600000000000002 2.9925938541520898 2.9925938541520898 2.9925938541520898 0.0010539507226117479 0.0010539507226117479 0.0010539507226117479 1 1 1 Converged Converged Converged OK OK OK 45 45 45 45 45 45 3 3 3 0 0 0 0 1 0 0 1
149 149 uniform 4 23 19 3 0.001 2.0659565295872264 0.56802029881141525 3.4263177060690335e-05 -1.0723840011099839 0.04110543399744316 -1.0723771484745717 0 1.8207764173852272 2.9925500801389835 OK 13 12 0.440637 0.40878199999999998 0.081236000000000003 0.35775600000000002 0.27090199999999998 0 0.082880999999999982 0.13788 0.081236000000000003 0.0082559999999999995 0.0082100000000000003 0.0077279999999999996 0.060389000000000012 0.11547699999999997 0.059939999999999979 0.0022420000000000001 0.002284 0.002212 0.00054100000000000003 0.00055500000000000005 0.00052900000000000006 2.9925500605743824 2.9925500605743824 2.9925500605743824 0.0010539353063450285 0.0010539353063450285 0.0010539353063450285 1 1 1 Converged Converged Converged OK OK OK 45 45 45 45 45 45 3 3 3 0 0 0 0 1 0 0 1
149 149 uniform 4 0 19 0 0.0001 2.0659565295872264 0.56802029881141525 3.4263177060690335e-05 -1.0723840011099839 0.04110543399744316 -1.0723908537453961 0 1.8207901226560517 2.9926759968648504 OK 13 12 0.49417499999999998 0.49500699999999997 0.10082000000000001 0.39216200000000001 0.39324199999999998 0 0.10201299999999996 0.10176499999999999 0.10082000000000001 0.0090310000000000008 0.0088880000000000001 0.0086569999999999998 0.070899999999999977 0.071011000000000019 0.070710999999999996 0.0030720000000000001 0.0031609999999999997 0.0030460000000000001 0.00069099999999999999 0.00068099999999999996 0.00067100000000000005 2.992675977313183 2.992675977313183 2.992675977313183 0.00024851719556289158 0.00024851719556289158 0.00024851719556289158 1 1 1 Converged Converged Converged OK OK OK 61 61 61 61 61 61 3 3 3 0 0 0 0 0 1 0 0
149 149 uniform 4 7 19 1 0.0001 2.0659565295872264 0.56802029881141525 3.4263177060690335e-05 -1.0723840011099839 0.04110543399744316 -1.0723866825760147 0 1.8207859514866702 2.9926376710709968 OK 13 12 0.46997899999999998 0.439498 0.098755999999999997 0.369815 0.22905800000000001 0 0.10016399999999998 0.21043999999999999 0.098755999999999997 0.0081379999999999994 0.0082559999999999995 0.0077660000000000003 0.072773999999999991 0.1830389999999999 0.072409000000000029 0.0030949999999999997 0.003166 0.0030110000000000002 0.00067900000000000002 0.00068599999999999998 0.00066800000000000008 2.9926376515321835 2.9926376515321835 2.9926376515321835 0.0002485213803998321 0.0002485213803998321 0.0002485213803998321 1 1 1 Converged Converged Converged OK OK OK 61 61 61 61 61 61 3 3 3 0 0 0 0 1 0 0 1
149 149 uniform 4 15 19 2 0.0001 2.0659565295872264 0.56802029881141525 3.4263177060690335e-05 -1.0723840011099839 0.04110543399744316 -1.0723819155252932 0 1.8207811844359487 2.9925938737165252 OK 13 12 0.44576199999999999 0.46075700000000003 0.097971000000000003 0.346389 0.24685199999999999 0 0.099372999999999989 0.21390500000000004 0.097971000000000003 0.0083580000000000008 0.0082299999999999995 0.007711 0.072204999999999991 0.18646599999999997 0.072064000000000003 0.0029949999999999998 0.0031680000000000002 0.0029889999999999999 0.00067400000000000001 0.00069099999999999999 0.00067099999999999994 2.9925938541697725 2.9925938541697725 2.9925938541697725 0.00024852616935934117 0.00024852616935934117 0.00024852616935934117 1 1 1 Converged Converged Converged OK OK OK 61 61 61 61 61 61 3 3 3 0 0 0 0 1 0 0 1
149 149 uniform 4 23 19 3 0.0001 2.0659565295872264 0.56802029881141525 3.4263177060690335e-05 -1.0723840011099839 0.04110543399744316 -1.0723771484745717 0 1.8207764173852272 2.9925500801389835 OK 13 12 0.46099299999999999 0.46703099999999997 0.10013 0.35914400000000002 0.26470300000000002 0 0.10184899999999997 0.20232799999999995 0.10013 0.0083090000000000004 0.0083260000000000001 0.0077910000000000002 0.074546999999999988 0.17483899999999994 0.074035000000000004 0.0031539999999999997 0.0032230000000000002 0.0029840000000000001 0.000678 0.00073099999999999999 0.00065099999999999999 2.9925500605905317 2.9925500605905317 2.9925500605905317 0.00024853095210888133 0.00024853095210888133 0.00024853095210888133 1 1 1 Converged Converged Converged OK OK OK 61 61 61 61 61 61 3 3 3 0 0 0 0 1 0 0 1
