# V2 adaptive trajectory benchmark; value-only; radial-only topology prebuilt; full-cold D14/topology per epoch; full-warm L2 D14 warm seed; repeats median; n_r=adaptive
case_id configuration_id profile d_bin_index epoch_index trajectory_id trajectory_pos target s q rho x y time u X reference topology_status topology_cells topology_events cold_ms warm_ms radial_ms cold_topology_ms warm_topology_ms radial_topology_ms cold_adaptive_ms warm_adaptive_ms radial_adaptive_ms cold_setup_ms warm_setup_ms radial_setup_ms cold_physical_ms warm_physical_ms radial_physical_ms cold_estimator_ms warm_estimator_ms radial_estimator_ms cold_scheduler_ms warm_scheduler_ms radial_scheduler_ms cold_mu warm_mu radial_mu cold_error warm_error radial_error cold_value_converged warm_value_converged radial_value_converged cold_stop warm_stop radial_stop cold_status warm_status radial_status cold_nodes warm_nodes radial_nodes cold_evaluations warm_evaluations radial_evaluations cold_panels warm_panels radial_panels cold_splits warm_splits radial_splits warm_l1 warm_l2 warm_l3 warm_rescreen_fail warm_seed_used
53 53 linear 0 0 0 0 0.0001 2.2167311233520568 0.00077910277377397225 0.00043468693912282778 0.00087048455286092407 0.00011722518092120303 0.00078354716503635849 0.5 0.00094216969108896662 2051.9788350791396 OK 17 16 0.92601100000000003 0.914906 0.40565699999999999 0.50315699999999997 0.50279300000000005 0 0.42285400000000006 0.41211299999999995 0.40565699999999999 0.016840999999999998 0.015772000000000001 0.015637999999999999 0.33375699999999991 0.32600499999999993 0.32059099999999996 0.010343 0.010957 0.0099739999999999985 0.0019189999999999999 0.0019300000000000003 0.0017930000000000001 2051.9850099053592 2051.9850099053592 2051.9850099053592 0.15423815615309486 0.15423815615309486 0.15423815615309486 1 1 1 Converged Converged Converged OK OK OK 175 175 175 175 175 175 9 9 9 0 0 0 0 0 1 0 0
53 53 linear 0 7 0 1 0.0001 2.2167311233520568 0.00077910277377397225 0.00043468693912282778 0.00087048455286092407 0.00011722518092120303 0.00083646557501652885 0.5 0.00088925128110879626 2205.0609034681656 OK 17 16 0.78961000000000003 0.73382099999999995 0.37930199999999997 0.41095700000000002 0.25141599999999997 0 0.37865300000000002 0.48240499999999997 0.37930199999999997 0.013750999999999999 0.013927999999999999 0.013237000000000001 0.32209799999999994 0.42483599999999999 0.32406100000000027 0.0098590000000000014 0.010416999999999999 0.009698 0.001712 0.0017519999999999999 0.0017199999999999997 2205.0674974895719 2205.0674974895719 2205.0674974895719 0.20044974872198737 0.20044974872198737 0.20044974872198737 1 1 1 Converged Converged Converged OK OK OK 175 175 175 175 175 175 9 9 9 0 0 0 0 1 0 0 1
53 53 linear 0 15 0 2 0.0001 2.2167311233520568 0.00077910277377397225 0.00043468693912282778 0.00087048455286092407 0.00011722518092120303 0.00089694375785100925 0.5 0.00082877309827431586 2412.4399238717074 OK 17 16 0.99504800000000004 0.90913100000000002 0.51322500000000004 0.51741999999999999 0.31011300000000003 0 0.47762800000000005 0.59901800000000005 0.51322500000000004 0.0134 0.013517 0.013088000000000001 0.38813399999999987 0.5075360000000001 0.41386600000000007 0.012312999999999999 0.012668 0.013836999999999999 0.0019480000000000001 0.001964 0.0019060000000000001 2412.4422776432812 2412.4422776432812 2412.4422776432812 0.091310914104653584 0.091310914104653584 0.091310914104653584 1 1 1 Converged Converged Converged OK OK OK 207 207 207 207 207 207 9 9 9 0 0 0 0 1 0 0 1
53 53 linear 0 23 0 3 0.0001 2.2167311233520568 0.00077910277377397225 0.00043468693912282778 0.00087048455286092407 0.00011722518092120303 0.00095742194068548965 0.5 0.00076829491543983547 2674.2187826930508 OK 17 16 0.96633199999999997 0.92749000000000004 0.58933400000000002 0.50527999999999995 0.335644 0 0.46105200000000002 0.59184600000000009 0.58933400000000002 0.014038999999999999 0.013813000000000001 0.013268 0.3965140000000002 0.52635699999999963 0.5148069999999999 0.01375 0.012466 0.012754 0.0023929999999999997 0.0021670000000000005 0.003359 2674.2237194173554 2674.2237194173554 2674.2237194173554 0.090777645285771716 0.090777645285771716 0.090777645285771716 1 1 1 Converged Converged Converged OK OK OK 214 214 214 214 214 214 10 10 10 0 0 0 0 1 0 0 1
53 53 linear 0 0 0 0 1.0000000000000001e-05 2.2167311233520568 0.00077910277377397225 0.00043468693912282778 0.00087048455286092407 0.00011722518092120303 0.00078354716503635849 0.5 0.00094216969108896662 2051.9788350791396 OK 17 16 1.2177439999999999 1.1987239999999999 0.72023999999999999 0.50031800000000004 0.49815500000000001 0 0.7174259999999999 0.70056899999999989 0.72023999999999999 0.015796999999999999 0.015453 0.015637000000000002 0.54842400000000024 0.53658200000000034 0.55206799999999956 0.027390999999999999 0.024007999999999998 0.025173000000000004 0.0026089999999999998 0.0026149999999999997 0.0025789999999999997 2051.9852018469996 2051.9852018469996 2051.9852018469996 0.016320670042712027 0.016320670042712027 0.016320670042712027 1 1 1 Converged Converged Converged OK OK OK 303 303 303 303 303 303 9 9 9 0 0 0 0 0 1 0 0
53 53 linear 0 7 0 1 1.0000000000000001e-05 2.2167311233520568 0.00077910277377397225 0.00043468693912282778 0.00087048455286092407 0.00011722518092120303 0.00083646557501652885 0.5 0.00088925128110879626 2205.0609034681656 OK 17 16 1.0630900000000001 1.086371 0.635598 0.41372900000000001 0.246113 0 0.64936100000000008 0.84025799999999995 0.635598 0.014199 0.013642 0.013103999999999999 0.54374299999999998 0.73735599999999957 0.53540700000000008 0.025320999999999996 0.024114000000000003 0.023161000000000005 0.00247 0.0025089999999999999 0.0023640000000000002 2205.0677830678005 2205.0677830678005 2205.0677830678005 0.015503808022454558 0.015503808022454558 0.015503808022454558 1 1 1 Converged Converged Converged OK OK OK 303 303 303 303 303 303 9 9 9 0 0 0 0 1 0 0 1
53 53 linear 0 15 0 2 1.0000000000000001e-05 2.2167311233520568 0.00077910277377397225 0.00043468693912282778 0.00087048455286092407 0.00011722518092120303 0.00089694375785100925 0.5 0.00082877309827431586 2412.4399238717074 OK 17 16 1.124039 1.1522810000000001 0.64016600000000001 0.47628199999999998 0.30897000000000002 0 0.64775700000000003 0.84331100000000014 0.64016600000000001 0.017104000000000001 0.013986 0.012846 0.54110700000000012 0.73986500000000044 0.54074699999999976 0.024565 0.024270000000000003 0.022971999999999999 0.0024630000000000003 0.0023899999999999998 0.0023519999999999999 2412.4423308878581 2412.4423308878581 2412.4423308878581 0.014449034119463485 0.014449034119463485 0.014449034119463485 1 1 1 Converged Converged Converged OK OK OK 303 303 303 303 303 303 9 9 9 0 0 0 0 1 0 0 1
53 53 linear 0 23 0 3 1.0000000000000001e-05 2.2167311233520568 0.00077910277377397225 0.00043468693912282778 0.00087048455286092407 0.00011722518092120303 0.00095742194068548965 0.5 0.00076829491543983547 2674.2187826930508 OK 17 16 1.0997330000000001 1.2726090000000001 0.58678399999999997 0.50565599999999999 0.33685900000000002 0 0.59407700000000008 0.93575000000000008 0.58678399999999997 0.013875999999999999 0.015176 0.013214 0.50629099999999994 0.83562000000000003 0.50008600000000059 0.022952 0.026438000000000003 0.021886999999999997 0.0026580000000000002 0.0027090000000000005 0.0024689999999999998 2674.223729642023 2674.223729642023 2674.223729642023 0.026482280059130781 0.026482280059130781 0.026482280059130781 1 1 1 Converged Converged Converged OK OK OK 294 294 294 294 294 294 10 10 10 0 0 0 0 1 0 0 1
53 53 linear 0 0 0 0 9.9999999999999995e-07 2.2167311233520568 0.00077910277377397225 0.00043468693912282778 0.00087048455286092407 0.00011722518092120303 0.00078354716503635849 0.5 0.00094216969108896662 2051.9788350791396 OK 17 16 1.3024899999999999 1.298576 0.79722599999999999 0.49826799999999999 0.49652099999999999 0 0.80422199999999999 0.80205499999999996 0.79722599999999999 0.016081000000000002 0.015630000000000002 0.015583 0.59498300000000004 0.59405999999999948 0.58972999999999987 0.026474999999999999 0.025665 0.026175999999999998 0.0028869999999999998 0.0028219999999999999 0.0028600000000000001 2051.9852002686707 2051.9852002686707 2051.9852002686707 0.00045648953141926669 0.00045648953141926669 0.00045648953141926669 1 1 1 Converged Converged Converged OK OK OK 335 335 335 335 335 335 9 9 9 0 0 0 0 0 1 0 0
53 53 linear 0 7 0 1 9.9999999999999995e-07 2.2167311233520568 0.00077910277377397225 0.00043468693912282778 0.00087048455286092407 0.00011722518092120303 0.00083646557501652885 0.5 0.00088925128110879626 2205.0609034681656 OK 17 16 1.1193949999999999 1.1661600000000001 0.71981399999999995 0.41572799999999999 0.24583199999999999 0 0.70366699999999993 0.92032800000000003 0.71981399999999995 0.014083 0.014194 0.013376000000000001 0.59131199999999995 0.80572999999999961 0.60736900000000071 0.026372 0.027289000000000001 0.026169000000000001 0.0026649999999999998 0.0026939999999999998 0.0027709999999999996 2205.0677814923092 2205.0677814923092 2205.0677814923092 0.00069823836239455057 0.00069823836239455057 0.00069823836239455057 1 1 1 Converged Converged Converged OK OK OK 335 335 335 335 335 335 9 9 9 0 0 0 0 1 0 0 1
53 53 linear 0 15 0 2 9.9999999999999995e-07 2.2167311233520568 0.00077910277377397225 0.00043468693912282778 0.00087048455286092407 0.00011722518092120303 0.00089694375785100925 0.5 0.00082877309827431586 2412.4399238717074 OK 17 16 1.186744 1.2326010000000001 0.71255000000000002 0.47988700000000001 0.31561800000000001 0 0.70685700000000007 0.9169830000000001 0.71255000000000002 0.013469 0.013805 0.014197 0.59650499999999962 0.80287399999999975 0.60174500000000031 0.025873 0.027395000000000003 0.025142000000000001 0.0026739999999999997 0.0028520000000000004 0.0027560000000000002 2412.4423293166233 2412.4423293166233 2412.4423293166233 0.0013740930776481952 0.0013740930776481952 0.0013740930776481952 1 1 1 Converged Converged Converged OK OK OK 335 335 335 335 335 335 9 9 9 0 0 0 0 1 0 0 1
53 53 linear 0 23 0 3 9.9999999999999995e-07 2.2167311233520568 0.00077910277377397225 0.00043468693912282778 0.00087048455286092407 0.00011722518092120303 0.00095742194068548965 0.5 0.00076829491543983547 2674.2187826930508 OK 17 16 1.345092 1.4724999999999999 0.83803899999999998 0.50163400000000002 0.33764699999999997 0 0.84345799999999993 1.1348529999999999 0.83803899999999998 0.013807 0.014222 0.013155999999999999 0.70895999999999948 0.99605900000000003 0.70598899999999931 0.034071999999999998 0.034766999999999999 0.033023000000000004 0.0033600000000000001 0.0033959999999999993 0.0032580000000000005 2674.2237284956591 2674.2237284956591 2674.2237284956591 0.00051593972111916046 0.00051593972111916046 0.00051593972111916046 1 1 1 Converged Converged Converged OK OK OK 406 406 406 406 406 406 10 10 10 0 0 0 0 1 0 0 1
53 53 linear 0 0 0 0 9.9999999999999995e-08 2.2167311233520568 0.00077910277377397225 0.00043468693912282778 0.00087048455286092407 0.00011722518092120303 0.00078354716503635849 0.5 0.00094216969108896662 2051.9788350791396 OK 17 16 1.4894799999999999 1.4593480000000001 0.964337 0.49622300000000003 0.49914700000000001 0 0.99325699999999983 0.96020100000000008 0.964337 0.017042000000000002 0.018860999999999999 0.015396999999999999 0.73468400000000067 0.71522899999999956 0.72281500000000032 0.037499999999999999 0.036847000000000005 0.035513000000000003 0.0031099999999999995 0.0031319999999999998 0.0030400000000000002 2051.9852010196246 2051.9852010196246 2051.9852010196246 0.00014295181153255507 0.00014295181153255507 0.00014295181153255507 1 1 1 Converged Converged Converged OK OK OK 399 399 399 399 399 399 9 9 9 0 0 0 0 0 1 0 0
53 53 linear 0 7 0 1 9.9999999999999995e-08 2.2167311233520568 0.00077910277377397225 0.00043468693912282778 0.00087048455286092407 0.00011722518092120303 0.00083646557501652885 0.5 0.00088925128110879626 2205.0609034681656 OK 17 16 1.2628779999999999 1.3583350000000001 0.86973500000000004 0.41093000000000002 0.247949 0 0.85194799999999993 1.1103860000000001 0.86973500000000004 0.013695000000000001 0.014267 0.014366 0.71565300000000032 0.97190700000000008 0.73036599999999952 0.033429 0.034464999999999996 0.034673999999999996 0.0028289999999999995 0.0028970000000000003 0.0029260000000000002 2205.0677825499033 2205.0677825499033 2205.0677825499033 0.00015970968899398398 0.00015970968899398398 0.00015970968899398398 1 1 1 Converged Converged Converged OK OK OK 399 399 399 399 399 399 9 9 9 0 0 0 0 1 0 0 1
53 53 linear 0 15 0 2 9.9999999999999995e-08 2.2167311233520568 0.00077910277377397225 0.00043468693912282778 0.00087048455286092407 0.00011722518092120303 0.00089694375785100925 0.5 0.00082877309827431586 2412.4399238717074 OK 17 16 1.330784 1.4218090000000001 0.87463100000000005 0.476248 0.30951699999999999 0 0.85453599999999996 1.1122920000000001 0.87463100000000005 0.013325 0.013655 0.014236 0.71889200000000009 0.97464099999999987 0.73404599999999953 0.033421999999999993 0.034317 0.036174000000000005 0.0028519999999999999 0.0029910000000000002 0.0029369999999999999 2412.4423309648387 2412.4423309648387 2412.4423309648387 0.00018907294783515876 0.00018907294783515876 0.00018907294783515876 1 1 1 Converged Converged Converged OK OK OK 399 399 399 399 399 399 9 9 9 0 0 0 0 1 0 0 1
53 53 linear 0 23 0 3 9.9999999999999995e-08 2.2167311233520568 0.00077910277377397225 0.00043468693912282778 0.00087048455286092407 0.00011722518092120303 0.00095742194068548965 0.5 0.00076829491543983547 2674.2187826930508 OK 17 16 1.3641620000000001 1.4789829999999999 0.86490299999999998 0.49892799999999998 0.339895 0 0.86523400000000006 1.1390879999999999 0.86490299999999998 0.013852 0.013847 0.013056999999999999 0.73461199999999971 1.0074490000000003 0.73563200000000029 0.034139999999999997 0.034255000000000001 0.033683999999999999 0.0035219999999999991 0.0035249999999999999 0.0033979999999999995 2674.2237284956336 2674.2237284956336 2674.2237284956336 0.00010961047223272356 0.00010961047223272356 0.00010961047223272356 1 1 1 Converged Converged Converged OK OK OK 414 414 414 414 414 414 10 10 10 0 0 0 0 1 0 0 1
53 53 linear 1 0 1 0 0.0001 2.2167311233520568 0.00077910277377397225 0.00043468693912282778 0.001620795013282396 -0.00026257107374961765 0.0015338576254578305 0.5 0.00019185923066749461 3699.2655071633749 OK 15 14 0.80352000000000001 0.80192600000000003 0.373498 0.44544400000000001 0.44318000000000002 0 0.35807600000000001 0.35874600000000001 0.373498 0.012434000000000001 0.012681 0.012115000000000001 0.30459199999999997 0.30491300000000021 0.31864799999999982 0.010166 0.010435999999999999 0.010583 0.0022160000000000001 0.0023310000000000006 0.002137 3699.2882921256055 3699.2882921256055 3699.2882921256055 0.16010947096725384 0.16010947096725384 0.16010947096725384 1 1 1 Converged Converged Converged OK OK OK 190 190 190 190 190 190 10 10 10 0 0 0 0 0 1 0 0
53 53 linear 1 7 1 1 0.0001 2.2167311233520568 0.00077910277377397225 0.00043468693912282778 0.001620795013282396 -0.00026257107374961765 0.0015867760354380009 0.5 0.00013894082068732425 3556.9126936817056 OK 15 14 0.82674700000000001 0.82681800000000005 0.41400999999999999 0.46988400000000002 0.30522300000000002 0 0.35686299999999999 0.52159500000000003 0.41400999999999999 0.010324 0.010576 0.0096849999999999992 0.30744899999999997 0.47123699999999991 0.36013600000000012 0.010079000000000001 0.010650999999999999 0.012248999999999999 0.002176 0.0021439999999999996 0.0021399999999999995 3556.9331977853335 3556.9331977853335 3556.9331977853335 0.058364527520716795 0.058364527520716795 0.058364527520716795 1 1 1 Converged Converged Converged OK OK OK 191 191 191 191 191 191 9 9 9 0 0 0 0 1 0 0 1
53 53 linear 1 15 1 2 0.0001 2.2167311233520568 0.00077910277377397225 0.00043468693912282778 0.001620795013282396 -0.00026257107374961765 0.0016472542182724812 0.5 7.8462637852843957e-05 3343.7621826711279 OK 14 13 0.781995 0.76928399999999997 0.34387200000000001 0.44618600000000003 0.28436499999999998 0 0.33580899999999997 0.48491899999999999 0.34387200000000001 0.010433 0.010685999999999999 0.010803999999999999 0.28807100000000013 0.43617599999999979 0.29349799999999993 0.0096369999999999997 0.010045 0.010730999999999999 0.00182 0.001916 0.0018550000000000001 3343.78102044979 3343.78102044979 3343.78102044979 0.21977784029712452 0.21977784029712452 0.21977784029712452 1 1 1 Converged Converged Converged OK OK OK 183 183 183 183 183 183 9 9 9 0 0 0 0 1 0 0 1
53 53 linear 1 23 1 3 0.0001 2.2167311233520568 0.00077910277377397225 0.00043468693912282778 0.001620795013282396 -0.00026257107374961765 0.0017077324011069614 0.5 1.7984455018363668e-05 3076.5860513373391 OK 14 13 0.71938400000000002 0.71010799999999996 0.35221999999999998 0.383104 0.22412599999999999 0 0.33628000000000002 0.48598199999999997 0.35221999999999998 0.010361 0.010331 0.010755000000000001 0.28804400000000002 0.43756900000000004 0.30210899999999991 0.0098629999999999985 0.010011000000000001 0.01085 0.002026 0.001957 0.0019649999999999997 3076.5759513852199 3076.5759513852199 3076.5759513852199 0.097530271386916126 0.097530271386916126 0.097530271386916126 1 1 1 Converged Converged Converged OK OK OK 183 183 183 183 183 183 9 9 9 0 0 0 0 1 0 0 1
53 53 linear 1 0 1 0 1.0000000000000001e-05 2.2167311233520568 0.00077910277377397225 0.00043468693912282778 0.001620795013282396 -0.00026257107374961765 0.0015338576254578305 0.5 0.00019185923066749461 3699.2655071633749 OK 15 14 0.97187500000000004 0.97362499999999996 0.52404799999999996 0.44272099999999998 0.44474900000000001 0 0.52915400000000012 0.5288759999999999 0.52404799999999996 0.012585000000000001 0.012805 0.012737 0.39982700000000021 0.39401299999999995 0.39198199999999983 0.018928 0.019963000000000002 0.019258000000000004 0.0024559999999999998 0.0024129999999999998 0.0025470000000000007 3699.2883430910742 3699.2883430910742 3699.2883430910742 0.033431409976076819 0.033431409976076819 0.033431409976076819 1 1 1 Converged Converged Converged OK OK OK 270 270 270 270 270 270 10 10 10 0 0 0 0 0 1 0 0
53 53 linear 1 7 1 1 1.0000000000000001e-05 2.2167311233520568 0.00077910277377397225 0.00043468693912282778 0.001620795013282396 -0.00026257107374961765 0.0015867760354380009 0.5 0.00013894082068732425 3556.9126936817056 OK 15 14 0.92780600000000002 1.0275810000000001 0.45560099999999998 0.467275 0.30553999999999998 0 0.46053100000000002 0.72204100000000015 0.45560099999999998 0.01052 0.010699 0.010259000000000001 0.38808300000000018 0.65113200000000049 0.38718699999999973 0.019546000000000001 0.019349999999999999 0.018305999999999999 0.0022260000000000001 0.0023469999999999997 0.0022829999999999999 3556.9332231070666 3556.9332231070666 3556.9332231070666 0.034052402492915947 0.034052402492915947 0.034052402492915947 1 1 1 Converged Converged Converged OK OK OK 255 255 255 255 255 255 9 9 9 0 0 0 0 1 0 0 1
53 53 linear 1 15 1 2 1.0000000000000001e-05 2.2167311233520568 0.00077910277377397225 0.00043468693912282778 0.001620795013282396 -0.00026257107374961765 0.0016472542182724812 0.5 7.8462637852843957e-05 3343.7621826711279 OK 14 13 0.98627100000000001 1.108055 0.51515100000000003 0.45095400000000002 0.28968100000000002 0 0.53531700000000004 0.81837399999999993 0.51515100000000003 0.011669000000000001 0.010862 0.0099590000000000008 0.451988 0.73052700000000015 0.43583199999999989 0.021297999999999997 0.02164 0.020506000000000003 0.0024339999999999995 0.0025219999999999999 0.0023309999999999997 3343.7810678715346 3343.7810678715346 3343.7810678715346 0.021482991937969251 0.021482991937969251 0.021482991937969251 1 1 1 Converged Converged Converged OK OK OK 287 287 287 287 287 287 9 9 9 0 0 0 0 1 0 0 1
53 53 linear 1 23 1 3 1.0000000000000001e-05 2.2167311233520568 0.00077910277377397225 0.00043468693912282778 0.001620795013282396 -0.00026257107374961765 0.0017077324011069614 0.5 1.7984455018363668e-05 3076.5860513373391 OK 14 13 0.91460300000000005 1.0468630000000001 0.52896100000000001 0.38164900000000002 0.22412899999999999 0 0.53295400000000004 0.82273400000000008 0.52896100000000001 0.010714 0.010611000000000001 0.0096900000000000007 0.45100099999999971 0.74223500000000109 0.44905300000000009 0.022598999999999994 0.021392999999999999 0.022950999999999996 0.002444 0.0024349999999999997 0.002408 3076.575989720684 3076.575989720684 3076.575989720684 0.022305908846609653 0.022305908846609653 0.022305908846609653 1 1 1 Converged Converged Converged OK OK OK 287 287 287 287 287 287 9 9 9 0 0 0 0 1 0 0 1
53 53 linear 1 0 1 0 9.9999999999999995e-07 2.2167311233520568 0.00077910277377397225 0.00043468693912282778 0.001620795013282396 -0.00026257107374961765 0.0015338576254578305 0.5 0.00019185923066749461 3699.2655071633749 OK 15 14 1.25468 1.136598 0.81089 0.44333499999999998 0.44722499999999998 0 0.81134499999999998 0.68937300000000001 0.81089 0.012695 0.012984000000000001 0.012479000000000001 0.63515699999999919 0.52866400000000002 0.63327900000000015 0.031342000000000002 0.024876999999999996 0.028876999999999996 0.0037630000000000003 0.0032919999999999994 0.0035180000000000003 3699.2883657612306 3699.2883657612306 3699.2883657612306 0.00080809725293115825 0.00080809725293115825 0.00080809725293115825 1 1 1 Converged Converged Converged OK OK OK 350 350 350 350 350 350 10 10 10 0 0 0 0 0 1 0 0
53 53 linear 1 7 1 1 9.9999999999999995e-07 2.2167311233520568 0.00077910277377397225 0.00043468693912282778 0.001620795013282396 -0.00026257107374961765 0.0015867760354380009 0.5 0.00013894082068732425 3556.9126936817056 OK 15 14 1.115021 1.2708189999999999 0.64045099999999999 0.47577700000000001 0.30908200000000002 0 0.63924400000000003 0.96173699999999984 0.64045099999999999 0.010761 0.010552000000000001 0.011357000000000001 0.5393249999999995 0.86350199999999977 0.5424759999999994 0.027087999999999991 0.025943000000000001 0.025857000000000005 0.0031019999999999997 0.0030510000000000003 0.0030209999999999998 3556.9332412116473 3556.9332412116473 3556.9332412116473 0.00030629906432930968 0.00030629906432930968 0.00030629906432930968 1 1 1 Converged Converged Converged OK OK OK 351 351 351 351 351 351 9 9 9 0 0 0 0 1 0 0 1
53 53 linear 1 15 1 2 9.9999999999999995e-07 2.2167311233520568 0.00077910277377397225 0.00043468693912282778 0.001620795013282396 -0.00026257107374961765 0.0016472542182724812 0.5 7.8462637852843957e-05 3343.7621826711279 OK 14 13 1.0778540000000001 1.2396160000000001 0.62134800000000001 0.45034400000000002 0.28634399999999999 0 0.62751000000000001 0.95327200000000012 0.62134800000000001 0.010683 0.010636 0.0097380000000000001 0.52930800000000011 0.85356500000000057 0.52655500000000011 0.026298000000000002 0.027175000000000001 0.025172000000000003 0.0029510000000000005 0.0029710000000000001 0.0029059999999999997 3343.781065301438 3343.781065301438 3343.781065301438 0.00014442259081636849 0.00014442259081636849 0.00014442259081636849 1 1 1 Converged Converged Converged OK OK OK 351 351 351 351 351 351 9 9 9 0 0 0 0 1 0 0 1
53 53 linear 1 23 1 3 9.9999999999999995e-07 2.2167311233520568 0.00077910277377397225 0.00043468693912282778 0.001620795013282396 -0.00026257107374961765 0.0017077324011069614 0.5 1.7984455018363668e-05 3076.5860513373391 OK 14 13 1.0165120000000001 1.251989 0.62811600000000001 0.38256200000000001 0.221945 0 0.63395000000000001 1.030044 0.62811600000000001 0.010569 0.010553 0.0097300000000000008 0.53577599999999992 0.92248700000000017 0.53306400000000009 0.026043 0.029139999999999999 0.024959000000000005 0.0031620000000000003 0.0031220000000000002 0.0030690000000000005 3076.5759858533297 3076.5759858533297 3076.5759858533297 0.00011755148077961496 0.00011755148077961496 0.00011755148077961496 1 1 1 Converged Converged Converged OK OK OK 351 351 351 351 351 351 9 9 9 0 0 0 0 1 0 0 1
53 53 linear 1 0 1 0 9.9999999999999995e-08 2.2167311233520568 0.00077910277377397225 0.00043468693912282778 0.001620795013282396 -0.00026257107374961765 0.0015338576254578305 0.5 0.00019185923066749461 3699.2655071633749 OK 15 14 1.1659470000000001 1.1630929999999999 0.71990699999999996 0.44429800000000003 0.44942599999999999 0 0.72164899999999998 0.71366699999999994 0.71990699999999996 0.012314 0.012253999999999999 0.012501999999999999 0.55764900000000028 0.55273700000000014 0.55753800000000098 0.026167000000000003 0.025568 0.026474000000000001 0.0035729999999999998 0.0035220000000000004 0.0035730000000000002 3699.2883657611874 3699.2883657611874 3699.2883657611874 0.00020216214745749772 0.00020216214745749772 0.00020216214745749772 1 1 1 Converged Converged Converged OK OK OK 366 366 366 366 366 366 10 10 10 0 0 0 0 0 1 0 0
53 53 linear 1 7 1 1 9.9999999999999995e-08 2.2167311233520568 0.00077910277377397225 0.00043468693912282778 0.001620795013282396 -0.00026257107374961765 0.0015867760354380009 0.5 0.00013894082068732425 3556.9126936817056 OK 15 14 1.1143609999999999 1.275638 0.71077999999999997 0.47129900000000002 0.30970399999999998 0 0.64306199999999991 0.96593400000000007 0.71077999999999997 0.010654 0.010345999999999999 0.010074 0.54347900000000016 0.86807900000000005 0.60442499999999921 0.026779000000000001 0.025283000000000003 0.029046999999999996 0.003127 0.003019 0.0032980000000000006 3556.9332412116473 3556.9332412116473 3556.9332412116473 0.00030629906432930968 0.00030629906432930968 0.00030629906432930968 1 1 1 Converged Converged Converged OK OK OK 351 351 351 351 351 351 9 9 9 0 0 0 0 1 0 0 1
53 53 linear 1 15 1 2 9.9999999999999995e-08 2.2167311233520568 0.00077910277377397225 0.00043468693912282778 0.001620795013282396 -0.00026257107374961765 0.0016472542182724812 0.5 7.8462637852843957e-05 3343.7621826711279 OK 14 13 1.0768450000000001 1.239776 0.64746300000000001 0.44828600000000002 0.28537499999999999 0 0.62855900000000009 0.95440100000000005 0.64746300000000001 0.010499 0.010276 0.01099 0.53072300000000017 0.8520669999999998 0.54740900000000037 0.026044999999999999 0.028219000000000001 0.026979999999999997 0.002993 0.0033319999999999999 0.0030669999999999994 3343.781065301438 3343.781065301438 3343.781065301438 0.00014442259081636849 0.00014442259081636849 0.00014442259081636849 1 1 1 Converged Converged Converged OK OK OK 351 351 351 351 351 351 9 9 9 0 0 0 0 1 0 0 1
53 53 linear 1 23 1 3 9.9999999999999995e-08 2.2167311233520568 0.00077910277377397225 0.00043468693912282778 0.001620795013282396 -0.00026257107374961765 0.0017077324011069614 0.5 1.7984455018363668e-05 3076.5860513373391 OK 14 13 1.0158879999999999 1.1820109999999999 0.62779499999999999 0.38109100000000001 0.22215099999999999 0 0.63479699999999983 0.95985999999999994 0.62779499999999999 0.010586 0.010635 0.0095119999999999996 0.53698499999999971 0.85880200000000073 0.53236000000000083 0.025814 0.027288 0.025292000000000002 0.0031630000000000004 0.0032039999999999998 0.003039 3076.5759858533297 3076.5759858533297 3076.5759858533297 0.00011755148077961496 0.00011755148077961496 0.00011755148077961496 1 1 1 Converged Converged Converged OK OK OK 351 351 351 351 351 351 9 9 9 0 0 0 0 1 0 0 1
53 53 linear 2 0 2 0 0.0001 2.2167311233520568 0.00077910277377397225 0.00043468693912282778 -1.7638064900250106 -0.01034005829687736 -1.7638934274128351 0.5 1.7656191442689604 7.8857750339824664 OK 14 13 0.80842499999999995 0.787385 0.212172 0.58101199999999997 0.57234099999999999 0 0.22741299999999998 0.21504400000000001 0.212172 0.014081 0.01217 0.012088 0.18150800000000006 0.17374400000000015 0.17207699999999995 0.0065880000000000001 0.0061409999999999998 0.0059969999999999997 0.0015310000000000002 0.0013980000000000002 0.0013180000000000002 7.8856697964045912 7.8856697964045912 7.8856697964045912 0.00057089322828676487 0.00057089322828676487 0.00057089322828676487 1 1 1 Converged Converged Converged OK OK OK 114 114 114 114 114 114 6 6 6 0 0 0 0 0 1 0 0
53 53 linear 2 7 2 1 0.0001 2.2167311233520568 0.00077910277377397225 0.00043468693912282778 -1.7638064900250106 -0.01034005829687736 -1.7638405090028551 0.5 1.7655662258589804 5.807574796574972 OK 13 12 0.53586599999999995 0.38797300000000001 0.11315 0.41627500000000001 0.25406600000000001 0 0.11959099999999995 0.133907 0.11315 0.0096570000000000007 0.0084100000000000008 0.0078050000000000003 0.089890000000000012 0.10605300000000001 0.086419999999999997 0.0042290000000000001 0.0041399999999999996 0.0040999999999999995 0.00082299999999999995 0.00084599999999999996 0.00078600000000000002 5.807560942013497 5.807560942013497 5.807560942013497 7.5170540514203112e-05 7.5170540514203112e-05 7.5170540514203112e-05 1 1 1 Converged Converged Converged OK OK OK 77 77 77 77 77 77 3 3 3 0 0 0 0 1 0 0 1
53 53 linear 2 15 2 2 0.0001 2.2167311233520568 0.00077910277377397225 0.00043468693912282778 -1.7638064900250106 -0.01034005829687736 -1.7637800308200204 0.5 1.7655057476761458 5.186602098908355 OK 13 12 0.42077599999999998 0.24548400000000001 0.11690200000000001 0.30329400000000001 0.117507 0 0.11748199999999998 0.12797700000000001 0.11690200000000001 0.0084440000000000001 0.008293 0.007711 0.089127999999999985 0.10052500000000002 0.090186000000000016 0.0044410000000000005 0.0041779999999999994 0.004182 0.000794 0.00076800000000000002 0.00076599999999999997 5.1865962149616243 5.1865962149616243 5.1865962149616243 7.3722172384655158e-05 7.3722172384655158e-05 7.3722172384655158e-05 1 1 1 Converged Converged Converged OK OK OK 77 77 77 77 77 77 3 3 3 0 0 0 0 1 0 0 1
53 53 linear 2 23 2 3 0.0001 2.2167311233520568 0.00077910277377397225 0.00043468693912282778 -1.7638064900250106 -0.01034005829687736 -1.763719552637186 0.5 1.7654452694933114 4.7879151151539334 OK 13 12 0.51325500000000002 0.35106199999999999 0.112262 0.39843000000000001 0.223218 0 0.11482500000000001 0.12784399999999999 0.112262 0.0081799999999999998 0.0082199999999999999 0.0077289999999999998 0.086988999999999997 0.10048000000000001 0.085714000000000012 0.0042770000000000004 0.0041220000000000007 0.0041089999999999998 0.00077299999999999992 0.00074199999999999993 0.00074299999999999995 4.7879118200214412 4.7879118200214412 4.7879118200214412 7.3205192147567349e-05 7.3205192147567349e-05 7.3205192147567349e-05 1 1 1 Converged Converged Converged OK OK OK 77 77 77 77 77 77 3 3 3 0 0 0 0 1 0 0 1
53 53 linear 2 0 2 0 1.0000000000000001e-05 2.2167311233520568 0.00077910277377397225 0.00043468693912282778 -1.7638064900250106 -0.01034005829687736 -1.7638934274128351 0.5 1.7656191442689604 7.8857750339824664 OK 14 13 0.83566600000000002 0.82613899999999996 0.251633 0.57388899999999998 0.57414299999999996 0 0.26177700000000004 0.251996 0.251633 0.013729999999999999 0.012022 0.011866 0.21282399999999996 0.20512299999999989 0.20493799999999987 0.0070759999999999998 0.0070370000000000007 0.0072810000000000001 0.0015809999999999999 0.0016330000000000001 0.0015960000000000002 7.8856695517430451 7.8856695517430451 7.8856695517430451 1.4861266988115131e-05 1.4861266988115131e-05 1.4861266988115131e-05 1 1 1 Converged Converged Converged OK OK OK 138 138 138 138 138 138 6 6 6 0 0 0 0 0 1 0 0
53 53 linear 2 7 2 1 1.0000000000000001e-05 2.2167311233520568 0.00077910277377397225 0.00043468693912282778 -1.7638064900250106 -0.01034005829687736 -1.7638405090028551 0.5 1.7655662258589804 5.807574796574972 OK 13 12 0.55305199999999999 0.41948800000000003 0.14224600000000001 0.40858699999999998 0.25420599999999999 0 0.14446500000000001 0.16528200000000004 0.14224600000000001 0.0083029999999999996 0.0082819999999999994 0.0078019999999999999 0.11257500000000004 0.13377399999999992 0.11131300000000002 0.0049290000000000002 0.0049040000000000004 0.0050550000000000005 0.00093600000000000009 0.0009320000000000001 0.00092900000000000003 5.8075609420532599 5.8075609420532599 5.8075609420532599 2.2137616041961342e-06 2.2137616041961342e-06 2.2137616041961342e-06 1 1 1 Converged Converged Converged OK OK OK 93 93 93 93 93 93 3 3 3 0 0 0 0 1 0 0 1
53 53 linear 2 15 2 2 1.0000000000000001e-05 2.2167311233520568 0.00077910277377397225 0.00043468693912282778 -1.7638064900250106 -0.01034005829687736 -1.7637800308200204 0.5 1.7655057476761458 5.186602098908355 OK 13 12 0.43916500000000003 0.28346700000000002 0.14325099999999999 0.29252800000000001 0.118411 0 0.14663700000000002 0.16505600000000004 0.14325099999999999 0.0083070000000000001 0.0098359999999999993 0.0077289999999999998 0.11501100000000004 0.131907 0.11078299999999999 0.0050169999999999998 0.0050949999999999997 0.0049939999999999993 0.00093400000000000004 0.00090900000000000009 0.00090799999999999984 5.1865962150014093 5.1865962150014093 5.1865962150014093 7.5849022321171221e-07 7.5849022321171221e-07 7.5849022321171221e-07 1 1 1 Converged Converged Converged OK OK OK 93 93 93 93 93 93 3 3 3 0 0 0 0 1 0 0 1
53 53 linear 2 23 2 3 1.0000000000000001e-05 2.2167311233520568 0.00077910277377397225 0.00043468693912282778 -1.7638064900250106 -0.01034005829687736 -1.763719552637186 0.5 1.7654452694933114 4.7879151151539334 OK 13 12 0.54167900000000002 0.38804 0.14047200000000001 0.39894299999999999 0.22547700000000001 0 0.14273600000000003 0.16256299999999999 0.14047200000000001 0.0081119999999999994 0.0080560000000000007 0.0076689999999999996 0.11123299999999997 0.13110699999999997 0.11006899999999997 0.0049800000000000001 0.0050759999999999998 0.0049639999999999997 0.00090399999999999996 0.00089900000000000006 0.00086400000000000008 4.7879118200611659 4.7879118200611659 4.7879118200611659 2.3460597752391831e-07 2.3460597752391831e-07 2.3460597752391831e-07 1 1 1 Converged Converged Converged OK OK OK 93 93 93 93 93 93 3 3 3 0 0 0 0 1 0 0 1
53 53 linear 2 0 2 0 9.9999999999999995e-07 2.2167311233520568 0.00077910277377397225 0.00043468693912282778 -1.7638064900250106 -0.01034005829687736 -1.7638934274128351 0.5 1.7656191442689604 7.8857750339824664 OK 14 13 0.86317100000000002 0.86136500000000005 0.29334399999999999 0.57301999999999997 0.57230800000000004 0 0.29015100000000005 0.28905700000000001 0.29334399999999999 0.011893000000000001 0.011958 0.011642 0.24128899999999981 0.24037899999999995 0.24494700000000005 0.0075070000000000007 0.0075349999999999992 0.0076579999999999999 0.0016950000000000001 0.0017140000000000002 0.0016890000000000002 7.8856695497164759 7.8856695497164759 7.8856695497164759 5.4823763039417621e-06 5.4823763039417621e-06 5.4823763039417621e-06 1 1 1 Converged Converged Converged OK OK OK 154 154 154 154 154 154 6 6 6 0 0 0 0 0 1 0 0
53 53 linear 2 7 2 1 9.9999999999999995e-07 2.2167311233520568 0.00077910277377397225 0.00043468693912282778 -1.7638064900250106 -0.01034005829687736 -1.7638405090028551 0.5 1.7655662258589804 5.807574796574972 OK 13 12 0.552813 0.421956 0.142121 0.40801999999999999 0.25389299999999998 0 0.14479300000000001 0.16806300000000002 0.142121 0.0082380000000000005 0.0083119999999999999 0.0078139999999999998 0.11292100000000002 0.13555400000000004 0.11139300000000001 0.0049620000000000003 0.0049979999999999998 0.0049389999999999998 0.00092900000000000003 0.00093800000000000025 0.00090800000000000006 5.8075609420532599 5.8075609420532599 5.8075609420532599 2.2137616041961342e-06 2.2137616041961342e-06 2.2137616041961342e-06 1 1 1 Converged Converged Converged OK OK OK 93 93 93 93 93 93 3 3 3 0 0 0 0 1 0 0 1
53 53 linear 2 15 2 2 9.9999999999999995e-07 2.2167311233520568 0.00077910277377397225 0.00043468693912282778 -1.7638064900250106 -0.01034005829687736 -1.7637800308200204 0.5 1.7655057476761458 5.186602098908355 OK 13 12 0.43767299999999998 0.281391 0.14064499999999999 0.29467199999999999 0.118368 0 0.14300099999999999 0.163023 0.14064499999999999 0.0081939999999999999 0.0084209999999999997 0.007718 0.11159699999999997 0.13170299999999993 0.11031300000000001 0.0049630000000000004 0.0049120000000000006 0.0049389999999999998 0.00091500000000000012 0.00087600000000000004 0.00086499999999999999 5.1865962150014093 5.1865962150014093 5.1865962150014093 7.5849022321171221e-07 7.5849022321171221e-07 7.5849022321171221e-07 1 1 1 Converged Converged Converged OK OK OK 93 93 93 93 93 93 3 3 3 0 0 0 0 1 0 0 1
53 53 linear 2 23 2 3 9.9999999999999995e-07 2.2167311233520568 0.00077910277377397225 0.00043468693912282778 -1.7638064900250106 -0.01034005829687736 -1.763719552637186 0.5 1.7654452694933114 4.7879151151539334 OK 13 12 0.54051499999999997 0.38461099999999998 0.14050499999999999 0.39794499999999999 0.221581 0 0.14256999999999997 0.16302999999999998 0.14050499999999999 0.0081200000000000005 0.0082059999999999998 0.0076360000000000004 0.11122200000000004 0.131824 0.110177 0.004895 0.0048900000000000002 0.0049379999999999997 0.00089399999999999994 0.00087599999999999993 0.00086600000000000012 4.7879118200611659 4.7879118200611659 4.7879118200611659 2.3460597752391831e-07 2.3460597752391831e-07 2.3460597752391831e-07 1 1 1 Converged Converged Converged OK OK OK 93 93 93 93 93 93 3 3 3 0 0 0 0 1 0 0 1
53 53 linear 2 0 2 0 9.9999999999999995e-08 2.2167311233520568 0.00077910277377397225 0.00043468693912282778 -1.7638064900250106 -0.01034005829687736 -1.7638934274128351 0.5 1.7656191442689604 7.8857750339824664 OK 14 13 1.0303929999999999 1.0356179999999999 0.44918000000000002 0.57665599999999995 0.57426900000000003 0 0.45373699999999995 0.4613489999999999 0.44918000000000002 0.012359999999999999 0.012599000000000001 0.012413 0.34024099999999979 0.34585999999999983 0.33829199999999976 0.013647999999999997 0.014091000000000001 0.013416000000000001 0.002189 0.0023370000000000001 0.0021869999999999997 7.8856695499512144 7.8856695499512144 7.8856695499512144 9.2709858066663652e-08 9.2709858066663652e-08 9.2709858066663652e-08 1 1 1 Converged Converged Converged OK OK OK 218 218 218 218 218 218 6 6 6 0 0 0 0 0 1 0 0
53 53 linear 2 7 2 1 9.9999999999999995e-08 2.2167311233520568 0.00077910277377397225 0.00043468693912282778 -1.7638064900250106 -0.01034005829687736 -1.7638405090028551 0.5 1.7655662258589804 5.807574796574972 OK 13 12 0.60217299999999996 0.46759299999999998 0.19148699999999999 0.41352100000000003 0.25542599999999999 0 0.18865199999999993 0.21216699999999999 0.19148699999999999 0.0084969999999999993 0.0084430000000000009 0.0079839999999999998 0.14579500000000009 0.16970899999999989 0.1506299999999999 0.0082579999999999997 0.0081519999999999995 0.007817000000000001 0.001085 0.0011130000000000001 0.0010999999999999998 5.8075609420493306 5.8075609420493306 5.8075609420493306 4.0818815976070402e-09 4.0818815976070402e-09 4.0818815976070402e-09 1 1 1 Converged Converged Converged OK OK OK 125 125 125 125 125 125 3 3 3 0 0 0 0 1 0 0 1
53 53 linear 2 15 2 2 9.9999999999999995e-08 2.2167311233520568 0.00077910277377397225 0.00043468693912282778 -1.7638064900250106 -0.01034005829687736 -1.7637800308200204 0.5 1.7655057476761458 5.186602098908355 OK 13 12 0.48138599999999998 0.33054 0.18376700000000001 0.29539300000000002 0.119271 0 0.18599299999999996 0.21126899999999998 0.18376700000000001 0.0083590000000000001 0.0082260000000000007 0.0077640000000000001 0.143761 0.16931800000000005 0.14302000000000001 0.0081519999999999995 0.0081929999999999989 0.0078659999999999997 0.0010510000000000001 0.0010319999999999999 0.0010009999999999999 5.1865962150015044 5.1865962150015044 5.1865962150015044 4.0255681436509781e-09 4.0255681436509781e-09 4.0255681436509781e-09 1 1 1 Converged Converged Converged OK OK OK 125 125 125 125 125 125 3 3 3 0 0 0 0 1 0 0 1
53 53 linear 2 23 2 3 9.9999999999999995e-08 2.2167311233520568 0.00077910277377397225 0.00043468693912282778 -1.7638064900250106 -0.01034005829687736 -1.763719552637186 0.5 1.7654452694933114 4.7879151151539334 OK 13 12 0.54861199999999999 0.38803700000000002 0.14090900000000001 0.40401599999999999 0.22440599999999999 0 0.144596 0.16363100000000003 0.14090900000000001 0.0082349999999999993 0.0083379999999999999 0.0077819999999999999 0.11206300000000002 0.131769 0.11017299999999997 0.0052559999999999994 0.0050609999999999995 0.0050099999999999997 0.00101 0.00093700000000000001 0.00087800000000000009 4.7879118200611659 4.7879118200611659 4.7879118200611659 2.3460597752391831e-07 2.3460597752391831e-07 2.3460597752391831e-07 1 1 1 Converged Converged Converged OK OK OK 93 93 93 93 93 93 3 3 3 0 0 0 0 1 0 0 1
53 53 linear 3 0 3 0 0.0001 2.2167311233520568 0.00077910277377397225 0.00043468693912282778 -1.7598093834371538 -0.0045633750922040705 -1.7598963208249783 0.5 1.7616220376811036 2.0463471895265144 OK 13 12 0.38306000000000001 0.38056800000000002 0.11693000000000001 0.26257399999999997 0.26279400000000003 0 0.12048600000000004 0.11777399999999999 0.11693000000000001 0.0087460000000000003 0.0086379999999999998 0.0083730000000000002 0.090258999999999992 0.088035000000000058 0.087570000000000023 0.0040460000000000001 0.0040260000000000001 0.0040540000000000003 0.00083000000000000001 0.00080599999999999986 0.00081099999999999998 2.0463463007590299 2.0463463007590299 2.0463463007590299 7.342099080965749e-05 7.342099080965749e-05 7.342099080965749e-05 1 1 1 Converged Converged Converged OK OK OK 77 77 77 77 77 77 3 3 3 0 0 0 0 0 1 0 0
53 53 linear 3 7 3 1 0.0001 2.2167311233520568 0.00077910277377397225 0.00043468693912282778 -1.7598093834371538 -0.0045633750922040705 -1.7598434024149983 0.5 1.7615691192711236 2.0431996800890011 OK 13 12 0.37581799999999999 0.210897 0.11215 0.262569 0.086638999999999994 0 0.11324899999999999 0.12425800000000001 0.11215 0.0080490000000000006 0.0082070000000000008 0.0076629999999999997 0.085952000000000001 0.097085999999999992 0.085675000000000001 0.0040720000000000001 0.0040179999999999999 0.0040369999999999998 0.00081800000000000004 0.00082399999999999986 0.0008250000000000001 2.0431987972570926 2.0431987972570926 2.0431987972570926 7.3427051097559195e-05 7.3427051097559195e-05 7.3427051097559195e-05 1 1 1 Converged Converged Converged OK OK OK 77 77 77 77 77 77 3 3 3 0 0 0 0 1 0 0 1
53 53 linear 3 15 3 2 0.0001 2.2167311233520568 0.00077910277377397225 0.00043468693912282778 -1.7598093834371538 -0.0045633750922040705 -1.7597829242321636 0.5 1.761508641088289 2.0396665359919872 OK 13 12 0.37564500000000001 0.21090500000000001 0.111661 0.26241399999999998 0.086918999999999996 0 0.11323100000000003 0.12398600000000001 0.111661 0.0080230000000000006 0.0082749999999999994 0.0076020000000000003 0.086098000000000008 0.096823000000000048 0.08544599999999998 0.0040179999999999999 0.0040390000000000001 0.0040350000000000004 0.00078700000000000005 0.00080400000000000003 0.00078399999999999997 2.0396656596259723 2.0396656596259723 2.0396656596259723 7.3433978313240707e-05 7.3433978313240707e-05 7.3433978313240707e-05 1 1 1 Converged Converged Converged OK OK OK 77 77 77 77 77 77 3 3 3 0 0 0 0 1 0 0 1
53 53 linear 3 23 3 3 0.0001 2.2167311233520568 0.00077910277377397225 0.00043468693912282778 -1.7598093834371538 -0.0045633750922040705 -1.7597224460493293 0.5 1.7614481629054546 2.0362007756606517 OK 13 12 0.37894299999999997 0.211317 0.109818 0.26766600000000002 0.089502999999999999 0 0.11127699999999996 0.12181400000000001 0.109818 0.0081410000000000007 0.0082030000000000002 0.0076309999999999998 0.084017000000000008 0.094762999999999958 0.08352699999999999 0.0040930000000000003 0.0040330000000000001 0.0040369999999999998 0.00088699999999999998 0.00089200000000000011 0.000861 2.0361999053366335 2.0361999053366335 2.0361999053366335 7.3440907183152616e-05 7.3440907183152616e-05 7.3440907183152616e-05 1 1 1 Converged Converged Converged OK OK OK 77 77 77 77 77 77 3 3 3 0 0 0 0 1 0 0 1
53 53 linear 3 0 3 0 1.0000000000000001e-05 2.2167311233520568 0.00077910277377397225 0.00043468693912282778 -1.7598093834371538 -0.0045633750922040705 -1.7598963208249783 0.5 1.7616220376811036 2.0463471895265144 OK 13 12 0.40871499999999999 0.41147600000000001 0.146921 0.261573 0.26227 0 0.147142 0.14920600000000001 0.146921 0.0087580000000000002 0.0086400000000000001 0.0083990000000000002 0.11289399999999997 0.11543199999999997 0.11365300000000002 0.004901 0.0048979999999999996 0.0048330000000000005 0.001005 0.001016 0.00097199999999999999 2.046346300799045 2.046346300799045 2.046346300799045 9.551342593491244e-09 9.551342593491244e-09 9.551342593491244e-09 1 1 1 Converged Converged Converged OK OK OK 93 93 93 93 93 93 3 3 3 0 0 0 0 0 1 0 0
53 53 linear 3 7 3 1 1.0000000000000001e-05 2.2167311233520568 0.00077910277377397225 0.00043468693912282778 -1.7598093834371538 -0.0045633750922040705 -1.7598434024149983 0.5 1.7615691192711236 2.0431996800890011 OK 13 12 0.40357500000000002 0.246084 0.14521700000000001 0.26174500000000001 0.085882 0 0.14183000000000001 0.16020200000000001 0.14521700000000001 0.0081600000000000006 0.0082950000000000003 0.0076639999999999998 0.11058499999999995 0.12889500000000004 0.111054 0.004862 0.0049150000000000001 0.0049750000000000003 0.00094199999999999991 0.00096900000000000003 0.00096200000000000007 2.0431987972970793 2.0431987972970793 2.0431987972970793 9.5260679063709373e-09 9.5260679063709373e-09 9.5260679063709373e-09 1 1 1 Converged Converged Converged OK OK OK 93 93 93 93 93 93 3 3 3 0 0 0 0 1 0 0 1
53 53 linear 3 15 3 2 1.0000000000000001e-05 2.2167311233520568 0.00077910277377397225 0.00043468693912282778 -1.7598093834371538 -0.0045633750922040705 -1.7597829242321636 0.5 1.761508641088289 2.0396665359919872 OK 13 12 0.406476 0.24581800000000001 0.14080300000000001 0.26447799999999999 0.086012000000000005 0 0.14199800000000001 0.159806 0.14080300000000001 0.008149 0.0080920000000000002 0.0077029999999999998 0.11075099999999993 0.128832 0.11064000000000002 0.0049089999999999993 0.004849 0.0047420000000000006 0.00095300000000000018 0.00092600000000000007 0.00092000000000000003 2.0396656596659919 2.0396656596659919 2.0396656596659919 9.4978038359602813e-09 9.4978038359602813e-09 9.4978038359602813e-09 1 1 1 Converged Converged Converged OK OK OK 93 93 93 93 93 93 3 3 3 0 0 0 0 1 0 0 1
53 53 linear 3 23 3 3 1.0000000000000001e-05 2.2167311233520568 0.00077910277377397225 0.00043468693912282778 -1.7598093834371538 -0.0045633750922040705 -1.7597224460493293 0.5 1.7614481629054546 2.0362007756606517 OK 13 12 0.40339999999999998 0.24196000000000001 0.13869500000000001 0.26377699999999998 0.084815000000000002 0 0.139623 0.15714500000000001 0.13869500000000001 0.0081139999999999997 0.0082019999999999992 0.0076949999999999996 0.108374 0.12612599999999999 0.10849399999999997 0.0049069999999999999 0.0047840000000000001 0.0048610000000000007 0.00099399999999999987 0.00099200000000000004 0.00096100000000000005 2.0361999053766726 2.0361999053766726 2.0361999053766726 9.4701254820907176e-09 9.4701254820907176e-09 9.4701254820907176e-09 1 1 1 Converged Converged Converged OK OK OK 93 93 93 93 93 93 3 3 3 0 0 0 0 1 0 0 1
53 53 linear 3 0 3 0 9.9999999999999995e-07 2.2167311233520568 0.00077910277377397225 0.00043468693912282778 -1.7598093834371538 -0.0045633750922040705 -1.7598963208249783 0.5 1.7616220376811036 2.0463471895265144 OK 13 12 0.41190900000000003 0.41069800000000001 0.14657300000000001 0.26454899999999998 0.26387699999999997 0 0.14736000000000005 0.14682100000000003 0.14657300000000001 0.0087299999999999999 0.0087600000000000004 0.0085079999999999999 0.11318900000000001 0.11289899999999999 0.113149 0.0049160000000000002 0.0048060000000000004 0.004888 0.00099799999999999997 0.0009990000000000001 0.00095699999999999995 2.046346300799045 2.046346300799045 2.046346300799045 9.551342593491244e-09 9.551342593491244e-09 9.551342593491244e-09 1 1 1 Converged Converged Converged OK OK OK 93 93 93 93 93 93 3 3 3 0 0 0 0 0 1 0 0
53 53 linear 3 7 3 1 9.9999999999999995e-07 2.2167311233520568 0.00077910277377397225 0.00043468693912282778 -1.7598093834371538 -0.0045633750922040705 -1.7598434024149983 0.5 1.7615691192711236 2.0431996800890011 OK 13 12 0.40448600000000001 0.25231100000000001 0.14088200000000001 0.262208 0.087559999999999999 0 0.14227800000000002 0.16475100000000001 0.14088200000000001 0.0080730000000000003 0.0081650000000000004 0.0076559999999999996 0.11104899999999994 0.13344700000000001 0.11052100000000002 0.0049500000000000004 0.0049429999999999995 0.0048260000000000004 0.00094700000000000003 0.0010170000000000001 0.00093400000000000004 2.0431987972970793 2.0431987972970793 2.0431987972970793 9.5260679063709373e-09 9.5260679063709373e-09 9.5260679063709373e-09 1 1 1 Converged Converged Converged OK OK OK 93 93 93 93 93 93 3 3 3 0 0 0 0 1 0 0 1
53 53 linear 3 15 3 2 9.9999999999999995e-07 2.2167311233520568 0.00077910277377397225 0.00043468693912282778 -1.7598093834371538 -0.0045633750922040705 -1.7597829242321636 0.5 1.761508641088289 2.0396665359919872 OK 13 12 0.40631400000000001 0.24757000000000001 0.144816 0.26083099999999998 0.087528999999999996 0 0.14548300000000003 0.16004100000000002 0.144816 0.0081399999999999997 0.0082450000000000006 0.0076940000000000003 0.11405699999999999 0.12904800000000002 0.11049999999999996 0.0049519999999999998 0.0048320000000000004 0.0088200000000000014 0.00093400000000000004 0.00093299999999999991 0.00092500000000000004 2.0396656596659919 2.0396656596659919 2.0396656596659919 9.4978038359602813e-09 9.4978038359602813e-09 9.4978038359602813e-09 1 1 1 Converged Converged Converged OK OK OK 93 93 93 93 93 93 3 3 3 0 0 0 0 1 0 0 1
53 53 linear 3 23 3 3 9.9999999999999995e-07 2.2167311233520568 0.00077910277377397225 0.00043468693912282778 -1.7598093834371538 -0.0045633750922040705 -1.7597224460493293 0.5 1.7614481629054546 2.0362007756606517 OK 13 12 0.40327099999999999 0.24379200000000001 0.13827999999999999 0.26338499999999998 0.086327000000000001 0 0.13988600000000001 0.15746500000000002 0.13827999999999999 0.0080859999999999994 0.0082620000000000002 0.0076210000000000002 0.10879200000000004 0.12641800000000003 0.10815200000000003 0.0048789999999999997 0.0048919999999999996 0.0048190000000000004 0.00099100000000000013 0.00099100000000000013 0.000977 2.0361999053766726 2.0361999053766726 2.0361999053766726 9.4701254820907176e-09 9.4701254820907176e-09 9.4701254820907176e-09 1 1 1 Converged Converged Converged OK OK OK 93 93 93 93 93 93 3 3 3 0 0 0 0 1 0 0 1
53 53 linear 3 0 3 0 9.9999999999999995e-08 2.2167311233520568 0.00077910277377397225 0.00043468693912282778 -1.7598093834371538 -0.0045633750922040705 -1.7598963208249783 0.5 1.7616220376811036 2.0463471895265144 OK 13 12 0.40970899999999999 0.40926099999999999 0.14580099999999999 0.26250099999999998 0.26239499999999999 0 0.14720800000000001 0.146866 0.14580099999999999 0.0087069999999999995 0.0087349999999999997 0.00843 0.11310199999999998 0.11320100000000004 0.112481 0.0049059999999999998 0.0048419999999999991 0.0048279999999999998 0.00098799999999999995 0.0010170000000000001 0.00095100000000000002 2.046346300799045 2.046346300799045 2.046346300799045 9.551342593491244e-09 9.551342593491244e-09 9.551342593491244e-09 1 1 1 Converged Converged Converged OK OK OK 93 93 93 93 93 93 3 3 3 0 0 0 0 0 1 0 0
53 53 linear 3 7 3 1 9.9999999999999995e-08 2.2167311233520568 0.00077910277377397225 0.00043468693912282778 -1.7598093834371538 -0.0045633750922040705 -1.7598434024149983 0.5 1.7615691192711236 2.0431996800890011 OK 13 12 0.41048099999999998 0.245896 0.140599 0.26805699999999999 0.085497000000000004 0 0.142424 0.16039900000000001 0.140599 0.0081040000000000001 0.0081379999999999994 0.0076740000000000003 0.11098099999999998 0.12928400000000001 0.11012699999999999 0.0049839999999999997 0.0049110000000000004 0.004915000000000001 0.00098000000000000019 0.00096699999999999998 0.00095099999999999981 2.0431987972970793 2.0431987972970793 2.0431987972970793 9.5260679063709373e-09 9.5260679063709373e-09 9.5260679063709373e-09 1 1 1 Converged Converged Converged OK OK OK 93 93 93 93 93 93 3 3 3 0 0 0 0 1 0 0 1
53 53 linear 3 15 3 2 9.9999999999999995e-08 2.2167311233520568 0.00077910277377397225 0.00043468693912282778 -1.7598093834371538 -0.0045633750922040705 -1.7597829242321636 0.5 1.761508641088289 2.0396665359919872 OK 13 12 0.404032 0.25009300000000001 0.14233399999999999 0.26233600000000001 0.086486999999999994 0 0.14169599999999999 0.16360600000000003 0.14233399999999999 0.0080999999999999996 0.0081679999999999999 0.0077229999999999998 0.11050599999999998 0.13247100000000003 0.11172199999999999 0.004862 0.0049189999999999998 0.0048909999999999995 0.00094200000000000002 0.00094099999999999989 0.00095200000000000016 2.0396656596659919 2.0396656596659919 2.0396656596659919 9.4978038359602813e-09 9.4978038359602813e-09 9.4978038359602813e-09 1 1 1 Converged Converged Converged OK OK OK 93 93 93 93 93 93 3 3 3 0 0 0 0 1 0 0 1
53 53 linear 3 23 3 3 9.9999999999999995e-08 2.2167311233520568 0.00077910277377397225 0.00043468693912282778 -1.7598093834371538 -0.0045633750922040705 -1.7597224460493293 0.5 1.7614481629054546 2.0362007756606517 OK 13 12 0.40659600000000001 0.24215 0.14302000000000001 0.26603900000000003 0.085004999999999997 0 0.14055699999999999 0.15714500000000001 0.14302000000000001 0.0080499999999999999 0.0082190000000000006 0.0089409999999999993 0.109287 0.12601400000000001 0.11079600000000002 0.0049090000000000002 0.0048790000000000005 0.0049950000000000012 0.00101 0.00099899999999999989 0.00099100000000000013 2.0361999053766726 2.0361999053766726 2.0361999053766726 9.4701254820907176e-09 9.4701254820907176e-09 9.4701254820907176e-09 1 1 1 Converged Converged Converged OK OK OK 93 93 93 93 93 93 3 3 3 0 0 0 0 1 0 0 1
53 53 linear 4 0 4 0 0.0001 2.2167311233520568 0.00077910277377397225 0.00043468693912282778 -1.7632781209314967 -0.0094757443700008437 -1.7633650583193212 0.5 1.7650907751754465 3.3021611547022771 OK 13 12 0.38556699999999999 0.385629 0.113939 0.26992500000000003 0.27052999999999999 0 0.11564199999999997 0.11509900000000001 0.113939 0.00877 0.0089910000000000007 0.0085459999999999998 0.085452999999999987 0.084803000000000031 0.084450999999999984 0.0040489999999999996 0.0040509999999999999 0.0040010000000000002 0.00078600000000000002 0.00077800000000000005 0.00077200000000000012 3.302159220782515 3.302159220782515 3.302159220782515 7.3022339575036499e-05 7.3022339575036499e-05 7.3022339575036499e-05 1 1 1 Converged Converged Converged OK OK OK 77 77 77 77 77 77 3 3 3 0 0 0 0 0 1 0 0
53 53 linear 4 7 4 1 0.0001 2.2167311233520568 0.00077910277377397225 0.00043468693912282778 -1.7632781209314967 -0.0094757443700008437 -1.7633121399093412 0.5 1.7650378567654665 3.2362450260164533 OK 13 12 0.37291200000000002 0.21465999999999999 0.111052 0.260073 0.088540999999999995 0 0.11283900000000002 0.12611899999999998 0.111052 0.0081030000000000008 0.0081399999999999997 0.0077660000000000003 0.085655999999999982 0.098976000000000008 0.084589999999999971 0.0040739999999999995 0.0040869999999999995 0.00396 0.00076800000000000013 0.00079999999999999993 0.000767 3.2362431112875329 3.2362431112875329 3.2362431112875329 7.3028133281775664e-05 7.3028133281775664e-05 7.3028133281775664e-05 1 1 1 Converged Converged Converged OK OK OK 77 77 77 77 77 77 3 3 3 0 0 0 0 1 0 0 1
53 53 linear 4 15 4 2 0.0001 2.2167311233520568 0.00077910277377397225 0.00043468693912282778 -1.7632781209314967 -0.0094757443700008437 -1.7632516617265066 0.5 1.7649773785826319 3.1670824965263189 OK 13 12 0.37377100000000002 0.21346799999999999 0.110654 0.26141199999999998 0.087507000000000001 0 0.11235900000000004 0.12596099999999999 0.110654 0.0081089999999999999 0.0082410000000000001 0.0077790000000000003 0.085101000000000024 0.098778999999999964 0.084257000000000012 0.0040540000000000003 0.0039970000000000006 0.0039820000000000003 0.00079900000000000001 0.00081400000000000005 0.00077399999999999995 3.1670806730650356 3.1670806730650356 3.1670806730650356 7.3034988031231679e-05 7.3034988031231679e-05 7.3034988031231679e-05 1 1 1 Converged Converged Converged OK OK OK 77 77 77 77 77 77 3 3 3 0 0 0 0 1 0 0 1
53 53 linear 4 23 4 3 0.0001 2.2167311233520568 0.00077910277377397225 0.00043468693912282778 -1.7632781209314967 -0.0094757443700008437 -1.7631911835436722 0.5 1.7649169003997975 3.1036198294127892 OK 13 12 0.372942 0.21388199999999999 0.116172 0.25976500000000002 0.087332000000000007 0 0.11317699999999997 0.12655 0.116172 0.0080610000000000005 0.0081759999999999992 0.0077980000000000002 0.085980000000000015 0.099453000000000027 0.089801999999999979 0.0040820000000000006 0.0039449999999999997 0.0039529999999999999 0.00077300000000000003 0.00080100000000000006 0.00077900000000000007 3.1036179777358881 3.1036179777358881 3.1036179777358881 7.3041974663057085e-05 7.3041974663057085e-05 7.3041974663057085e-05 1 1 1 Converged Converged Converged OK OK OK 77 77 77 77 77 77 3 3 3 0 0 0 0 1 0 0 1
53 53 linear 4 0 4 0 1.0000000000000001e-05 2.2167311233520568 0.00077910277377397225 0.00043468693912282778 -1.7632781209314967 -0.0094757443700008437 -1.7633650583193212 0.5 1.7650907751754465 3.3021611547022771 OK 13 12 0.41261900000000001 0.41670200000000002 0.14752499999999999 0.26840399999999998 0.26879500000000001 0 0.14421500000000004 0.14790700000000001 0.14752499999999999 0.0088760000000000002 0.010204 0.0098270000000000007 0.10986 0.11201300000000002 0.11206000000000002 0.0050339999999999994 0.0050360000000000005 0.0049329999999999999 0.00088400000000000002 0.00090699999999999993 0.00090600000000000001 3.3021592208222841 3.3021592208222841 3.3021592208222841 1.071540380767991e-08 1.071540380767991e-08 1.071540380767991e-08 1 1 1 Converged Converged Converged OK OK OK 93 93 93 93 93 93 3 3 3 0 0 0 0 0 1 0 0
53 53 linear 4 7 4 1 1.0000000000000001e-05 2.2167311233520568 0.00077910277377397225 0.00043468693912282778 -1.7632781209314967 -0.0094757443700008437 -1.7633121399093412 0.5 1.7650378567654665 3.2362450260164533 OK 13 12 0.40116000000000002 0.25802999999999998 0.14429700000000001 0.25980700000000001 0.091854000000000005 0 0.14135300000000001 0.16617599999999999 0.14429700000000001 0.0081860000000000006 0.0083409999999999995 0.0079330000000000008 0.10985700000000004 0.134348 0.11319200000000003 0.0049659999999999999 0.005085000000000001 0.0050079999999999994 0.00095300000000000007 0.000941 0.00088900000000000003 3.2362431113273411 3.2362431113273411 3.2362431113273411 1.0463465424374957e-08 1.0463465424374957e-08 1.0463465424374957e-08 1 1 1 Converged Converged Converged OK OK OK 93 93 93 93 93 93 3 3 3 0 0 0 0 1 0 0 1
53 53 linear 4 15 4 2 1.0000000000000001e-05 2.2167311233520568 0.00077910277377397225 0.00043468693912282778 -1.7632781209314967 -0.0094757443700008437 -1.7632516617265066 0.5 1.7649773785826319 3.1670824965263189 OK 13 12 0.39833099999999999 0.26083899999999999 0.13864099999999999 0.258191 0.092318999999999998 0 0.14013999999999999 0.16852 0.13864099999999999 0.0080599999999999995 0.0084349999999999998 0.0077039999999999999 0.10916499999999996 0.13658199999999998 0.10836300000000003 0.0047520000000000001 0.0049829999999999996 0.0048110000000000002 0.00089700000000000001 0.00096999999999999994 0.00088400000000000002 3.1670806731048513 3.1670806731048513 3.1670806731048513 1.0408116063883776e-08 1.0408116063883776e-08 1.0408116063883776e-08 1 1 1 Converged Converged Converged OK OK OK 93 93 93 93 93 93 3 3 3 0 0 0 0 1 0 0 1
53 53 linear 4 23 4 3 1.0000000000000001e-05 2.2167311233520568 0.00077910277377397225 0.00043468693912282778 -1.7632781209314967 -0.0094757443700008437 -1.7631911835436722 0.5 1.7649169003997975 3.1036198294127892 OK 13 12 0.40446700000000002 0.25953900000000002 0.140204 0.2576 0.092555999999999999 0 0.14686700000000003 0.16698300000000002 0.140204 0.0080909999999999992 0.0084060000000000003 0.0076530000000000001 0.11568299999999998 0.13516599999999998 0.11005900000000005 0.0049100000000000003 0.0049889999999999995 0.0048280000000000007 0.00093199999999999999 0.00090399999999999996 0.00087199999999999995 3.1036179777757233 3.1036179777757233 3.1036179777757233 1.0483864554198112e-08 1.0483864554198112e-08 1.0483864554198112e-08 1 1 1 Converged Converged Converged OK OK OK 93 93 93 93 93 93 3 3 3 0 0 0 0 1 0 0 1
53 53 linear 4 0 4 0 9.9999999999999995e-07 2.2167311233520568 0.00077910277377397225 0.00043468693912282778 -1.7632781209314967 -0.0094757443700008437 -1.7633650583193212 0.5 1.7650907751754465 3.3021611547022771 OK 13 12 0.41341499999999998 0.41591800000000001 0.142315 0.26958900000000002 0.273038 0 0.14382599999999995 0.14288000000000001 0.142315 0.0087819999999999999 0.0086189999999999999 0.0084279999999999997 0.10961699999999999 0.10923499999999998 0.10905000000000004 0.0048850000000000005 0.0048890000000000001 0.0047969999999999992 0.00089999999999999998 0.0009050000000000001 0.00087700000000000007 3.3021592208222841 3.3021592208222841 3.3021592208222841 1.071540380767991e-08 1.071540380767991e-08 1.071540380767991e-08 1 1 1 Converged Converged Converged OK OK OK 93 93 93 93 93 93 3 3 3 0 0 0 0 0 1 0 0
53 53 linear 4 7 4 1 9.9999999999999995e-07 2.2167311233520568 0.00077910277377397225 0.00043468693912282778 -1.7632781209314967 -0.0094757443700008437 -1.7633121399093412 0.5 1.7650378567654665 3.2362450260164533 OK 13 12 0.40634599999999998 0.24846499999999999 0.139432 0.25980799999999998 0.087441000000000005 0 0.146538 0.161024 0.139432 0.0081580000000000003 0.0080979999999999993 0.007711 0.11501999999999998 0.13012900000000002 0.10917100000000005 0.0048980000000000004 0.0048830000000000002 0.0048519999999999995 0.00092599999999999996 0.00088599999999999996 0.00087399999999999989 3.2362431113273411 3.2362431113273411 3.2362431113273411 1.0463465424374957e-08 1.0463465424374957e-08 1.0463465424374957e-08 1 1 1 Converged Converged Converged OK OK OK 93 93 93 93 93 93 3 3 3 0 0 0 0 1 0 0 1
53 53 linear 4 15 4 2 9.9999999999999995e-07 2.2167311233520568 0.00077910277377397225 0.00043468693912282778 -1.7632781209314967 -0.0094757443700008437 -1.7632516617265066 0.5 1.7649773785826319 3.1670824965263189 OK 13 12 0.40002399999999999 0.24853500000000001 0.13868900000000001 0.25987399999999999 0.087725999999999998 0 0.14015 0.16080900000000001 0.13868900000000001 0.0081139999999999997 0.0082410000000000001 0.0077079999999999996 0.10906299999999995 0.12976799999999994 0.10849200000000001 0.004803 0.0048939999999999999 0.0048069999999999996 0.00089100000000000008 0.00090399999999999996 0.000883 3.1670806731048513 3.1670806731048513 3.1670806731048513 1.0408116063883776e-08 1.0408116063883776e-08 1.0408116063883776e-08 1 1 1 Converged Converged Converged OK OK OK 93 93 93 93 93 93 3 3 3 0 0 0 0 1 0 0 1
53 53 linear 4 23 4 3 9.9999999999999995e-07 2.2167311233520568 0.00077910277377397225 0.00043468693912282778 -1.7632781209314967 -0.0094757443700008437 -1.7631911835436722 0.5 1.7649169003997975 3.1036198294127892 OK 13 12 0.402422 0.25342500000000001 0.14024700000000001 0.26039400000000001 0.087486999999999995 0 0.14202799999999999 0.16593800000000003 0.14024700000000001 0.0081180000000000002 0.0081790000000000005 0.0076569999999999997 0.11093599999999998 0.13491099999999998 0.11018499999999999 0.0047610000000000005 0.0048740000000000007 0.0047390000000000002 0.00089400000000000005 0.000919 0.0008740000000000001 3.1036179777757233 3.1036179777757233 3.1036179777757233 1.0483864554198112e-08 1.0483864554198112e-08 1.0483864554198112e-08 1 1 1 Converged Converged Converged OK OK OK 93 93 93 93 93 93 3 3 3 0 0 0 0 1 0 0 1
53 53 linear 4 0 4 0 9.9999999999999995e-08 2.2167311233520568 0.00077910277377397225 0.00043468693912282778 -1.7632781209314967 -0.0094757443700008437 -1.7633650583193212 0.5 1.7650907751754465 3.3021611547022771 OK 13 12 0.41155700000000001 0.423265 0.14219899999999999 0.26772400000000002 0.27466800000000002 0 0.14383299999999999 0.14859699999999998 0.14219899999999999 0.0088679999999999991 0.0090539999999999995 0.0084220000000000007 0.10957699999999998 0.11388099999999998 0.108934 0.0048699999999999993 0.0049870000000000001 0.0048350000000000008 0.00091700000000000017 0.00093099999999999997 0.00087399999999999999 3.3021592208222841 3.3021592208222841 3.3021592208222841 1.071540380767991e-08 1.071540380767991e-08 1.071540380767991e-08 1 1 1 Converged Converged Converged OK OK OK 93 93 93 93 93 93 3 3 3 0 0 0 0 0 1 0 0
53 53 linear 4 7 4 1 9.9999999999999995e-08 2.2167311233520568 0.00077910277377397225 0.00043468693912282778 -1.7632781209314967 -0.0094757443700008437 -1.7633121399093412 0.5 1.7650378567654665 3.2362450260164533 OK 13 12 0.399642 0.25487700000000002 0.142572 0.25818799999999997 0.088519 0 0.14145400000000002 0.16635800000000001 0.142572 0.0081130000000000004 0.0083379999999999999 0.0077340000000000004 0.11027999999999999 0.13413700000000001 0.11208099999999997 0.0048649999999999995 0.0048519999999999995 0.004888 0.00089000000000000006 0.0009140000000000001 0.00088699999999999998 3.2362431113273411 3.2362431113273411 3.2362431113273411 1.0463465424374957e-08 1.0463465424374957e-08 1.0463465424374957e-08 1 1 1 Converged Converged Converged OK OK OK 93 93 93 93 93 93 3 3 3 0 0 0 0 1 0 0 1
53 53 linear 4 15 4 2 9.9999999999999995e-08 2.2167311233520568 0.00077910277377397225 0.00043468693912282778 -1.7632781209314967 -0.0094757443700008437 -1.7632516617265066 0.5 1.7649773785826319 3.1670824965263189 OK 13 12 0.41119800000000001 0.24581600000000001 0.138798 0.26719599999999999 0.085009000000000001 0 0.14400200000000002 0.16080700000000001 0.138798 0.0082660000000000008 0.0082140000000000008 0.0076870000000000003 0.11206200000000001 0.12967399999999996 0.10845500000000004 0.0049700000000000005 0.004875 0.0048279999999999998 0.00094200000000000013 0.00089499999999999996 0.000883 3.1670806731048513 3.1670806731048513 3.1670806731048513 1.0408116063883776e-08 1.0408116063883776e-08 1.0408116063883776e-08 1 1 1 Converged Converged Converged OK OK OK 93 93 93 93 93 93 3 3 3 0 0 0 0 1 0 0 1
53 53 linear 4 23 4 3 9.9999999999999995e-08 2.2167311233520568 0.00077910277377397225 0.00043468693912282778 -1.7632781209314967 -0.0094757443700008437 -1.7631911835436722 0.5 1.7649169003997975 3.1036198294127892 OK 13 12 0.40939300000000001 0.24718499999999999 0.140486 0.26411400000000002 0.084906999999999996 0 0.14527899999999999 0.16227799999999998 0.140486 0.0083960000000000007 0.0082349999999999993 0.0077809999999999997 0.11339599999999994 0.13115000000000004 0.11020900000000002 0.0049180000000000005 0.0048730000000000006 0.0047549999999999997 0.0009050000000000001 0.00088000000000000003 0.00087100000000000003 3.1036179777757233 3.1036179777757233 3.1036179777757233 1.0483864554198112e-08 1.0483864554198112e-08 1.0483864554198112e-08 1 1 1 Converged Converged Converged OK OK OK 93 93 93 93 93 93 3 3 3 0 0 0 0 1 0 0 1
53 53 uniform 0 0 5 0 0.0001 2.2167311233520568 0.00077910277377397225 0.00043468693912282778 0.00087048455286092407 0.00011722518092120303 0.00078354716503635849 0 0.00094216969108896662 2022.1355342607405 OK 17 16 0.83257199999999998 0.80976700000000001 0.31155500000000003 0.50440099999999999 0.49501499999999998 0 0.32817099999999999 0.31475200000000003 0.31155500000000003 0.017066999999999999 0.015498 0.015698 0.23570799999999992 0.23093599999999995 0.22715599999999991 0.012387000000000002 0.0099410000000000002 0.0098619999999999992 0.0020019999999999999 0.0018890000000000001 0.001836 2022.1355536231924 2022.1355536231924 2022.1355536231924 0.11502912373389469 0.11502912373389469 0.11502912373389469 1 1 1 Converged Converged Converged OK OK OK 175 175 175 175 175 175 9 9 9 0 0 0 0 0 1 0 0
53 53 uniform 0 7 5 1 0.0001 2.2167311233520568 0.00077910277377397225 0.00043468693912282778 0.00087048455286092407 0.00011722518092120303 0.00083646557501652885 0 0.00088925128110879626 2174.5690127577363 OK 17 16 0.71954899999999999 0.623803 0.28271800000000002 0.42222700000000002 0.24243899999999999 0 0.29732199999999998 0.38136400000000004 0.28271800000000002 0.015356 0.013823 0.013516 0.23653000000000005 0.32457199999999981 0.22690800000000011 0.010888999999999998 0.0099680000000000012 0.0095949999999999994 0.0018519999999999999 0.0016949999999999999 0.001689 2174.5690165200767 2174.5690165200767 2174.5690165200767 0.16657677451310218 0.16657677451310218 0.16657677451310218 1 1 1 Converged Converged Converged OK OK OK 175 175 175 175 175 175 9 9 9 0 0 0 0 1 0 0 1
53 53 uniform 0 15 5 2 0.0001 2.2167311233520568 0.00077910277377397225 0.00043468693912282778 0.00087048455286092407 0.00011722518092120303 0.00089694375785100925 0 0.00082877309827431586 2383.0143598554869 OK 17 16 0.84132300000000004 0.78051700000000002 0.35564400000000002 0.48496400000000001 0.30784 0 0.35635900000000004 0.47267700000000001 0.35564400000000002 0.013472 0.013849999999999999 0.012784 0.26686200000000015 0.38317400000000007 0.2646980000000001 0.012875000000000001 0.012490000000000001 0.015561000000000002 0.0019589999999999998 0.0019550000000000001 0.0019390000000000002 2383.0143243951306 2383.0143243951306 2383.0143243951306 0.058296631186091498 0.058296631186091498 0.058296631186091498 1 1 1 Converged Converged Converged OK OK OK 207 207 207 207 207 207 9 9 9 0 0 0 0 1 0 0 1
53 53 uniform 0 23 5 3 0.0001 2.2167311233520568 0.00077910277377397225 0.00043468693912282778 0.00087048455286092407 0.00011722518092120303 0.00095742194068548965 0 0.00076829491543983547 2650.4983237602714 OK 17 16 0.85619599999999996 0.81997900000000001 0.34906599999999999 0.49931199999999998 0.33638600000000002 0 0.35688399999999998 0.483593 0.34906599999999999 0.013827000000000001 0.013901999999999999 0.01321 0.29363299999999998 0.42001299999999975 0.28759499999999993 0.012853000000000002 0.012452999999999999 0.012118 0.0022419999999999996 0.0022750000000000001 0.0021610000000000002 2650.4982603422154 2650.4982603422154 2650.4982603422154 0.042194491247069685 0.042194491247069685 0.042194491247069685 1 1 1 Converged Converged Converged OK OK OK 214 214 214 214 214 214 10 10 10 0 0 0 0 1 0 0 1
53 53 uniform 0 0 5 0 1.0000000000000001e-05 2.2167311233520568 0.00077910277377397225 0.00043468693912282778 0.00087048455286092407 0.00011722518092120303 0.00078354716503635849 0 0.00094216969108896662 2022.1355342607405 OK 17 16 0.90688199999999997 0.90599799999999997 0.41093499999999999 0.50076200000000004 0.49542000000000003 0 0.40611999999999993 0.41057799999999994 0.41093499999999999 0.015282 0.015478 0.015181999999999999 0.28352500000000019 0.28272899999999995 0.28763100000000041 0.013787999999999998 0.013576 0.013550999999999999 0.0021740000000000002 0.0021570000000000001 0.0021489999999999999 2022.1355039542138 2022.1355039542138 2022.1355039542138 0.017562886483908111 0.017562886483908111 0.017562886483908111 1 1 1 Converged Converged Converged OK OK OK 223 223 223 223 223 223 9 9 9 0 0 0 0 0 1 0 0
53 53 uniform 0 7 5 1 1.0000000000000001e-05 2.2167311233520568 0.00077910277377397225 0.00043468693912282778 0.00087048455286092407 0.00011722518092120303 0.00083646557501652885 0 0.00088925128110879626 2174.5690127577363 OK 17 16 0.87510900000000003 0.90089600000000003 0.45530500000000002 0.40894200000000003 0.24274200000000001 0 0.466167 0.65815400000000002 0.45530500000000002 0.013491 0.013833 0.012848999999999999 0.36104300000000011 0.550763 0.3541129999999999 0.021996999999999999 0.023135999999999997 0.021389999999999999 0.0021900000000000001 0.002385 0.0022170000000000002 2174.5689429885165 2174.5689429885165 2174.5689429885165 0.0063103299417278085 0.0063103299417278085 0.0063103299417278085 1 1 1 Converged Converged Converged OK OK OK 287 287 287 287 287 287 9 9 9 0 0 0 0 1 0 0 1
53 53 uniform 0 15 5 2 1.0000000000000001e-05 2.2167311233520568 0.00077910277377397225 0.00043468693912282778 0.00087048455286092407 0.00011722518092120303 0.00089694375785100925 0 0.00082877309827431586 2383.0143598554869 OK 17 16 0.92849199999999998 1.114236 0.44701299999999999 0.47299200000000002 0.31670900000000002 0 0.45549999999999996 0.79752699999999999 0.44701299999999999 0.013506000000000001 0.014754 0.01247 0.35308799999999996 0.68575200000000003 0.35266100000000022 0.023718000000000003 0.026418999999999998 0.021381000000000001 0.0054660000000000012 0.0023649999999999999 0.0021910000000000002 2383.0143080249395 2383.0143080249395 2383.0143080249395 0.0059715405543431235 0.0059715405543431235 0.0059715405543431235 1 1 1 Converged Converged Converged OK OK OK 287 287 287 287 287 287 9 9 9 0 0 0 0 1 0 0 1
53 53 uniform 0 23 5 3 1.0000000000000001e-05 2.2167311233520568 0.00077910277377397225 0.00043468693912282778 0.00087048455286092407 0.00011722518092120303 0.00095742194068548965 0 0.00076829491543983547 2650.4983237602714 OK 17 16 0.875552 0.84013499999999997 0.36446499999999998 0.49878899999999998 0.33300099999999999 0 0.37676300000000001 0.50713399999999997 0.36446499999999998 0.013968 0.014026 0.013195999999999999 0.31054899999999991 0.44011800000000012 0.30046400000000001 0.013707 0.013975999999999999 0.012829 0.0023679999999999999 0.002343 0.0022899999999999999 2650.4982573097627 2650.4982573097627 2650.4982573097627 0.013521298358011509 0.013521298358011509 0.013521298358011509 1 1 1 Converged Converged Converged OK OK OK 230 230 230 230 230 230 10 10 10 0 0 0 0 1 0 0 1
53 53 uniform 0 0 5 0 9.9999999999999995e-07 2.2167311233520568 0.00077910277377397225 0.00043468693912282778 0.00087048455286092407 0.00011722518092120303 0.00078354716503635849 0 0.00094216969108896662 2022.1355342607405 OK 17 16 1.083188 1.177575 0.58185699999999996 0.49539800000000001 0.504498 0 0.58779000000000003 0.67307700000000004 0.58185699999999996 0.015167 0.016219999999999998 0.015145 0.38577500000000003 0.45432599999999979 0.38309700000000019 0.024620000000000003 0.027106000000000002 0.023534999999999997 0.0027109999999999999 0.0027470000000000003 0.0026740000000000002 2022.1355012267129 2022.1355012267129 2022.1355012267129 0.0014343619757562402 0.0014343619757562402 0.0014343619757562402 1 1 1 Converged Converged Converged OK OK OK 319 319 319 319 319 319 9 9 9 0 0 0 0 0 1 0 0
53 53 uniform 0 7 5 1 9.9999999999999995e-07 2.2167311233520568 0.00077910277377397225 0.00043468693912282778 0.00087048455286092407 0.00011722518092120303 0.00083646557501652885 0 0.00088925128110879626 2174.5690127577363 OK 17 16 0.90112700000000001 0.945461 0.49034 0.41156300000000001 0.25113600000000003 0 0.489564 0.69432499999999997 0.49034 0.01379 0.013993999999999999 0.012911000000000001 0.38414100000000001 0.58657600000000065 0.38690300000000011 0.023563999999999995 0.024895 0.023266000000000002 0.0025599999999999998 0.0024889999999999995 0.0024929999999999996 2174.5689429892159 2174.5689429892159 2174.5689429892159 0.0014737893800678373 0.0014737893800678373 0.0014737893800678373 1 1 1 Converged Converged Converged OK OK OK 319 319 319 319 319 319 9 9 9 0 0 0 0 1 0 0 1
53 53 uniform 0 15 5 2 9.9999999999999995e-07 2.2167311233520568 0.00077910277377397225 0.00043468693912282778 0.00087048455286092407 0.00011722518092120303 0.00089694375785100925 0 0.00082877309827431586 2383.0143598554869 OK 17 16 0.96504699999999999 0.99410900000000002 0.48424099999999998 0.47774499999999998 0.30954700000000002 0 0.48730200000000001 0.684562 0.48424099999999998 0.013232000000000001 0.013684999999999999 0.0126 0.38269100000000034 0.57868600000000059 0.38175199999999998 0.023427 0.023816000000000004 0.022742000000000002 0.0025729999999999998 0.0025780000000000004 0.0025060000000000008 2383.0143080252419 2383.0143080252419 2383.0143080252419 0.0015612768224583036 0.0015612768224583036 0.0015612768224583036 1 1 1 Converged Converged Converged OK OK OK 319 319 319 319 319 319 9 9 9 0 0 0 0 1 0 0 1
53 53 uniform 0 23 5 3 9.9999999999999995e-07 2.2167311233520568 0.00077910277377397225 0.00043468693912282778 0.00087048455286092407 0.00011722518092120303 0.00095742194068548965 0 0.00076829491543983547 2650.4983237602714 OK 17 16 1.001641 1.0642229999999999 0.496415 0.50259799999999999 0.338395 0 0.49904300000000001 0.72582799999999992 0.496415 0.013809 0.013975 0.013186 0.40163800000000038 0.62622799999999967 0.40254299999999998 0.024669 0.023658000000000005 0.023004999999999994 0.0028299999999999996 0.0028759999999999997 0.0027660000000000002 2650.4982511386484 2650.4982511386484 2650.4982511386484 0.0023696404276528043 0.0023696404276528043 0.0023696404276528043 1 1 1 Converged Converged Converged OK OK OK 326 326 326 326 326 326 10 10 10 0 0 0 0 1 0 0 1
53 53 uniform 0 0 5 0 9.9999999999999995e-08 2.2167311233520568 0.00077910277377397225 0.00043468693912282778 0.00087048455286092407 0.00011722518092120303 0.00078354716503635849 0 0.00094216969108896662 2022.1355342607405 OK 17 16 1.110193 1.115561 0.60379400000000005 0.50119599999999997 0.50700800000000001 0 0.60899700000000001 0.60855300000000001 0.60379400000000005 0.015592 0.015605000000000001 0.01538 0.39901399999999981 0.39821400000000023 0.39726199999999995 0.026251 0.029557999999999997 0.025538999999999999 0.002885 0.0028880000000000008 0.0028639999999999998 2022.1355012267136 2022.1355012267136 2022.1355012267136 0.00015904283078537485 0.00015904283078537485 0.00015904283078537485 1 1 1 Converged Converged Converged OK OK OK 335 335 335 335 335 335 9 9 9 0 0 0 0 0 1 0 0
53 53 uniform 0 7 5 1 9.9999999999999995e-08 2.2167311233520568 0.00077910277377397225 0.00043468693912282778 0.00087048455286092407 0.00011722518092120303 0.00083646557501652885 0 0.00088925128110879626 2174.5690127577363 OK 17 16 0.92735199999999995 0.95761200000000002 0.50440600000000002 0.41683300000000001 0.24496799999999999 0 0.51051899999999995 0.71264400000000006 0.50440600000000002 0.014135 0.013945000000000001 0.012975 0.39927300000000021 0.60296000000000005 0.39611199999999991 0.025222000000000001 0.024360999999999997 0.024578000000000003 0.0026589999999999999 0.0026689999999999999 0.0027040000000000007 2174.5689429892182 2174.5689429892182 2174.5689429892182 0.00019852851243278257 0.00019852851243278257 0.00019852851243278257 1 1 1 Converged Converged Converged OK OK OK 335 335 335 335 335 335 9 9 9 0 0 0 0 1 0 0 1
53 53 uniform 0 15 5 2 9.9999999999999995e-08 2.2167311233520568 0.00077910277377397225 0.00043468693912282778 0.00087048455286092407 0.00011722518092120303 0.00089694375785100925 0 0.00082877309827431586 2383.0143598554869 OK 17 16 1.0983229999999999 1.183441 0.61984399999999995 0.47708699999999998 0.31022 0 0.6212359999999999 0.87322100000000002 0.61984399999999995 0.013367 0.013275 0.012571000000000001 0.47867499999999985 0.7315029999999999 0.48056000000000004 0.033083999999999995 0.032473000000000002 0.032163000000000004 0.0028839999999999994 0.0029310000000000004 0.0028780000000000003 2383.0143080250555 2383.0143080250555 2383.0143080250555 7.6774253295036984e-05 7.6774253295036984e-05 7.6774253295036984e-05 1 1 1 Converged Converged Converged OK OK OK 399 399 399 399 399 399 9 9 9 0 0 0 0 1 0 0 1
53 53 uniform 0 23 5 3 9.9999999999999995e-08 2.2167311233520568 0.00077910277377397225 0.00043468693912282778 0.00087048455286092407 0.00011722518092120303 0.00095742194068548965 0 0.00076829491543983547 2650.4983237602714 OK 17 16 1.232048 1.2598959999999999 0.63587400000000005 0.503799 0.33391700000000002 0 0.72824900000000004 0.92597899999999989 0.63587400000000005 0.015254 0.013875999999999999 0.013131 0.58053900000000025 0.79062399999999933 0.5110920000000001 0.040366000000000006 0.034386 0.032574000000000006 0.0035239999999999998 0.0034159999999999998 0.0033390000000000008 2650.4982511292214 2650.4982511292214 2650.4982511292214 2.9868209644658403e-05 2.9868209644658403e-05 2.9868209644658403e-05 1 1 1 Converged Converged Converged OK OK OK 414 414 414 414 414 414 10 10 10 0 0 0 0 1 0 0 1
53 53 uniform 1 0 6 0 0.0001 2.2167311233520568 0.00077910277377397225 0.00043468693912282778 0.001620795013282396 -0.00026257107374961765 0.0015338576254578305 0 0.00019185923066749461 3601.9554856075392 OK 15 14 0.69959099999999996 0.70310499999999998 0.25657600000000003 0.441417 0.44609100000000002 0 0.25817399999999996 0.25701399999999996 0.25657600000000003 0.012395 0.012344000000000001 0.01184 0.20692900000000006 0.2066400000000001 0.20631700000000008 0.0092009999999999991 0.0091830000000000002 0.0094639999999999985 0.0020540000000000003 0.0020479999999999999 0.002068 3601.9559115362263 3601.9559115362263 3601.9559115362263 0.12113578104475455 0.12113578104475455 0.12113578104475455 1 1 1 Converged Converged Converged OK OK OK 190 190 190 190 190 190 10 10 10 0 0 0 0 0 1 0 0
53 53 uniform 1 7 6 1 0.0001 2.2167311233520568 0.00077910277377397225 0.00043468693912282778 0.001620795013282396 -0.00026257107374961765 0.0015867760354380009 0 0.00013894082068732425 3484.8771345234295 OK 15 14 0.72314100000000003 0.70369099999999996 0.247859 0.47453699999999999 0.304703 0 0.24860400000000005 0.39898799999999995 0.247859 0.010547000000000001 0.010427000000000001 0.0097730000000000004 0.20123600000000005 0.35164900000000004 0.2018859999999999 0.009193999999999999 0.0092810000000000011 0.0092530000000000008 0.001872 0.0018519999999999999 0.001874 3484.87765610424 3484.87765610424 3484.87765610424 0.24142377477698437 0.24142377477698437 0.24142377477698437 1 1 1 Converged Converged Converged OK OK OK 183 183 183 183 183 183 9 9 9 0 0 0 0 1 0 0 1
53 53 uniform 1 15 6 2 0.0001 2.2167311233520568 0.00077910277377397225 0.00043468693912282778 0.001620795013282396 -0.00026257107374961765 0.0016472542182724812 0 7.8462637852843957e-05 3312.4792435358995 OK 14 13 0.69092399999999998 0.67924200000000001 0.24081900000000001 0.44687900000000003 0.28495700000000002 0 0.24404499999999996 0.394285 0.24081900000000001 0.010234 0.010444 0.0093970000000000008 0.19737800000000003 0.34654399999999991 0.19602600000000001 0.0092200000000000008 0.0095759999999999994 0.0089929999999999993 0.0017799999999999999 0.0017879999999999999 0.001776 3312.4798485065257 3312.4798485065257 3312.4798485065257 0.091491879597789358 0.091491879597789358 0.091491879597789358 1 1 1 Converged Converged Converged OK OK OK 183 183 183 183 183 183 9 9 9 0 0 0 0 1 0 0 1
53 53 uniform 1 23 6 3 0.0001 2.2167311233520568 0.00077910277377397225 0.00043468693912282778 0.001620795013282396 -0.00026257107374961765 0.0017077324011069614 0 1.7984455018363668e-05 3095.0990450139425 OK 14 13 0.62406200000000001 0.61551999999999996 0.24355099999999999 0.378438 0.21914 0 0.24562400000000001 0.39637999999999995 0.24355099999999999 0.010382000000000001 0.0101 0.0095420000000000001 0.19875200000000007 0.34878900000000007 0.19843999999999998 0.009356999999999999 0.009606 0.0089530000000000009 0.0018930000000000002 0.0019369999999999999 0.0018439999999999999 3094.9724886079921 3094.9724886079921 3094.9724886079921 0.033826767251175158 0.033826767251175158 0.033826767251175158 1 1 1 Converged Converged Converged OK OK OK 183 183 183 183 183 183 9 9 9 0 0 0 0 1 0 0 1
53 53 uniform 1 0 6 0 1.0000000000000001e-05 2.2167311233520568 0.00077910277377397225 0.00043468693912282778 0.001620795013282396 -0.00026257107374961765 0.0015338576254578305 0 0.00019185923066749461 3601.9554856075392 OK 15 14 0.75229100000000004 0.74238400000000004 0.30492599999999997 0.44948900000000003 0.44465199999999999 0 0.30280200000000002 0.29773200000000005 0.30492599999999997 0.012207000000000001 0.012148000000000001 0.012068000000000001 0.22069700000000009 0.21814100000000008 0.22204699999999999 0.011349 0.010259000000000001 0.010548999999999999 0.0023279999999999993 0.0022899999999999999 0.0023219999999999998 3601.955937303992 3601.955937303992 3601.955937303992 0.024000416935819852 0.024000416935819852 0.024000416935819852 1 1 1 Converged Converged Converged OK OK OK 206 206 206 206 206 206 10 10 10 0 0 0 0 0 1 0 0
53 53 uniform 1 7 6 1 1.0000000000000001e-05 2.2167311233520568 0.00077910277377397225 0.00043468693912282778 0.001620795013282396 -0.00026257107374961765 0.0015867760354380009 0 0.00013894082068732425 3484.8771345234295 OK 15 14 0.73402800000000001 0.73425200000000002 0.26208100000000001 0.47342099999999998 0.30407899999999999 0 0.26060700000000003 0.43017300000000003 0.26208100000000001 0.01047 0.010259000000000001 0.011039999999999999 0.21019299999999999 0.37659199999999998 0.21305099999999991 0.010714 0.010354000000000002 0.0098450000000000013 0.002114 0.002147 0.0019940000000000001 3484.8776929077071 3484.8776929077071 3484.8776929077071 0.022376255225406309 0.022376255225406309 0.022376255225406309 1 1 1 Converged Converged Converged OK OK OK 191 191 191 191 191 191 9 9 9 0 0 0 0 1 0 0 1
53 53 uniform 1 15 6 2 1.0000000000000001e-05 2.2167311233520568 0.00077910277377397225 0.00043468693912282778 0.001620795013282396 -0.00026257107374961765 0.0016472542182724812 0 7.8462637852843957e-05 3312.4792435358995 OK 14 13 0.70804199999999995 0.70263900000000001 0.25875700000000001 0.44481399999999999 0.28547600000000001 0 0.26322799999999996 0.41716300000000001 0.25875700000000001 0.010500000000000001 0.010449999999999999 0.010795000000000001 0.21360100000000015 0.36455400000000004 0.21005700000000002 0.010383999999999999 0.0099690000000000004 0.009751000000000001 0.0020249999999999999 0.0055529999999999998 0.0020310000000000003 3312.4798545723106 3312.4798545723106 3312.4798545723106 0.02624175747902107 0.02624175747902107 0.02624175747902107 1 1 1 Converged Converged Converged OK OK OK 191 191 191 191 191 191 9 9 9 0 0 0 0 1 0 0 1
53 53 uniform 1 23 6 3 1.0000000000000001e-05 2.2167311233520568 0.00077910277377397225 0.00043468693912282778 0.001620795013282396 -0.00026257107374961765 0.0017077324011069614 0 1.7984455018363668e-05 3095.0990450139425 OK 14 13 0.72960400000000003 0.82083899999999999 0.35658699999999999 0.37784299999999998 0.21998699999999999 0 0.35176100000000005 0.60085199999999994 0.35658699999999999 0.010505 0.010399 0.010678999999999999 0.25691599999999998 0.50539499999999959 0.26394400000000001 0.018643 0.018907 0.017964000000000001 0.0020920000000000001 0.0021029999999999998 0.0020590000000000001 3094.9724893961761 3094.9724893961761 3094.9724893961761 0.023872985639547959 0.023872985639547959 0.023872985639547959 1 1 1 Converged Converged Converged OK OK OK 247 247 247 247 247 247 9 9 9 0 0 0 0 1 0 0 1
53 53 uniform 1 0 6 0 9.9999999999999995e-07 2.2167311233520568 0.00077910277377397225 0.00043468693912282778 0.001620795013282396 -0.00026257107374961765 0.0015338576254578305 0 0.00019185923066749461 3601.9554856075392 OK 15 14 0.91410800000000003 0.96843100000000004 0.46979500000000002 0.44199899999999998 0.45319799999999999 0 0.47210900000000006 0.51523300000000005 0.46979500000000002 0.012449 0.013434 0.012335 0.32777200000000012 0.3615979999999997 0.32199100000000014 0.022379000000000003 0.024584999999999999 0.022007000000000002 0.002823 0.002843 0.0028149999999999998 3601.9559351998955 3601.9559351998955 3601.9559351998955 0.0030574875542156181 0.0030574875542156181 0.0030574875542156181 1 1 1 Converged Converged Converged OK OK OK 318 318 318 318 318 318 10 10 10 0 0 0 0 0 1 0 0
53 53 uniform 1 7 6 1 9.9999999999999995e-07 2.2167311233520568 0.00077910277377397225 0.00043468693912282778 0.001620795013282396 -0.00026257107374961765 0.0015867760354380009 0 0.00013894082068732425 3484.8771345234295 OK 15 14 0.88301200000000002 1.0585960000000001 0.40902899999999998 0.46880100000000002 0.31148700000000001 0 0.414211 0.74710900000000002 0.40902899999999998 0.010378 0.011766 0.0098840000000000004 0.32642900000000019 0.65417299999999978 0.3232290000000001 0.023050000000000001 0.024250999999999998 0.022534999999999999 0.0025990000000000002 0.002689 0.0024620000000000002 3484.8776929365654 3484.8776929365654 3484.8776929365654 0.0026710107078338338 0.0026710107078338338 0.0026710107078338338 1 1 1 Converged Converged Converged OK OK OK 319 319 319 319 319 319 9 9 9 0 0 0 0 1 0 0 1
53 53 uniform 1 15 6 2 9.9999999999999995e-07 2.2167311233520568 0.00077910277377397225 0.00043468693912282778 0.001620795013282396 -0.00026257107374961765 0.0016472542182724812 0 7.8462637852843957e-05 3312.4792435358995 OK 14 13 0.85616300000000001 1.0010300000000001 0.40330500000000002 0.44848199999999999 0.28481800000000002 0 0.40768100000000002 0.71621200000000007 0.40330500000000002 0.010239 0.010489 0.0096740000000000003 0.32057400000000003 0.62754599999999994 0.3180100000000004 0.022973 0.023383000000000001 0.022511 0.0024629999999999999 0.0025059999999999995 0.0024199999999999998 3312.4798550797309 3312.4798550797309 3312.4798550797309 0.0025476935240856843 0.0025476935240856843 0.0025476935240856843 1 1 1 Converged Converged Converged OK OK OK 319 319 319 319 319 319 9 9 9 0 0 0 0 1 0 0 1
53 53 uniform 1 23 6 3 9.9999999999999995e-07 2.2167311233520568 0.00077910277377397225 0.00043468693912282778 0.001620795013282396 -0.00026257107374961765 0.0017077324011069614 0 1.7984455018363668e-05 3095.0990450139425 OK 14 13 0.79139599999999999 0.94384299999999999 0.40901500000000002 0.38115100000000002 0.22049299999999999 0 0.41024499999999997 0.72334999999999994 0.40901500000000002 0.010311000000000001 0.010529 0.0095720000000000006 0.32323900000000017 0.63461700000000054 0.32386900000000002 0.022888999999999996 0.023177 0.022381000000000005 0.0025760000000000002 0.002699 0.0025470000000000002 3094.9724881906659 3094.9724881906659 3094.9724881906659 0.0025306481554908757 0.0025306481554908757 0.0025306481554908757 1 1 1 Converged Converged Converged OK OK OK 319 319 319 319 319 319 9 9 9 0 0 0 0 1 0 0 1
53 53 uniform 1 0 6 0 9.9999999999999995e-08 2.2167311233520568 0.00077910277377397225 0.00043468693912282778 0.001620795013282396 -0.00026257107374961765 0.0015338576254578305 0 0.00019185923066749461 3601.9554856075392 OK 15 14 0.97557099999999997 0.97886099999999998 0.53664800000000001 0.44082700000000002 0.449799 0 0.53474399999999989 0.52906199999999992 0.53664800000000001 0.012284 0.012258 0.012444 0.37156599999999967 0.36757899999999993 0.37196200000000013 0.026034999999999999 0.025659999999999995 0.02547 0.0034770000000000001 0.0034829999999999996 0.0034670000000000005 3601.9559351998905 3601.9559351998905 3601.9559351998905 8.4159790986695893e-05 8.4159790986695893e-05 8.4159790986695893e-05 1 1 1 Converged Converged Converged OK OK OK 366 366 366 366 366 366 10 10 10 0 0 0 0 0 1 0 0
53 53 uniform 1 7 6 1 9.9999999999999995e-08 2.2167311233520568 0.00077910277377397225 0.00043468693912282778 0.001620795013282396 -0.00026257107374961765 0.0015867760354380009 0 0.00013894082068732425 3484.8771345234295 OK 15 14 0.92546499999999998 1.0903020000000001 0.446241 0.469829 0.31064399999999998 0 0.45563599999999999 0.77965800000000018 0.446241 0.010545000000000001 0.010499 0.0098560000000000002 0.35718299999999997 0.68211100000000013 0.35055100000000017 0.025682 0.025358000000000002 0.025374000000000001 0.0030299999999999997 0.0029359999999999998 0.0028309999999999997 3484.8776929365686 3484.8776929365686 3484.8776929365686 0.00015339088821477793 0.00015339088821477793 0.00015339088821477793 1 1 1 Converged Converged Converged OK OK OK 351 351 351 351 351 351 9 9 9 0 0 0 0 1 0 0 1
53 53 uniform 1 15 6 2 9.9999999999999995e-08 2.2167311233520568 0.00077910277377397225 0.00043468693912282778 0.001620795013282396 -0.00026257107374961765 0.0016472542182724812 0 7.8462637852843957e-05 3312.4792435358995 OK 14 13 0.91608500000000004 1.0633969999999999 0.44422400000000001 0.45788299999999998 0.29050900000000002 0 0.45820200000000005 0.77288799999999991 0.44422400000000001 0.011733 0.010396000000000001 0.0096050000000000007 0.35684300000000002 0.67322600000000021 0.34989200000000026 0.027130000000000001 0.026477000000000004 0.024788999999999999 0.0029290000000000002 0.0030289999999999996 0.0028059999999999999 3312.4798550797323 3312.4798550797323 3312.4798550797323 3.0096725500492102e-05 3.0096725500492102e-05 3.0096725500492102e-05 1 1 1 Converged Converged Converged OK OK OK 351 351 351 351 351 351 9 9 9 0 0 0 0 1 0 0 1
53 53 uniform 1 23 6 3 9.9999999999999995e-08 2.2167311233520568 0.00077910277377397225 0.00043468693912282778 0.001620795013282396 -0.00026257107374961765 0.0017077324011069614 0 1.7984455018363668e-05 3095.0990450139425 OK 14 13 0.84635300000000002 1.0137179999999999 0.44334000000000001 0.39322499999999999 0.23260500000000001 0 0.45312800000000003 0.78111299999999995 0.44334000000000001 0.010643 0.011839000000000001 0.0095580000000000005 0.35435200000000022 0.68048499999999967 0.34926400000000024 0.026521000000000003 0.025715000000000002 0.024364999999999998 0.0030720000000000001 0.0030300000000000006 0.0029260000000000006 3094.9724881906668 3094.9724881906668 3094.9724881906668 1.3098064958757221e-05 1.3098064958757221e-05 1.3098064958757221e-05 1 1 1 Converged Converged Converged OK OK OK 351 351 351 351 351 351 9 9 9 0 0 0 0 1 0 0 1
53 53 uniform 2 0 7 0 0.0001 2.2167311233520568 0.00077910277377397225 0.00043468693912282778 -1.7638064900250106 -0.01034005829687736 -1.7638934274128351 0 1.7656191442689604 8.4296568028422438 OK 14 13 0.70912500000000001 0.70453200000000005 0.13707800000000001 0.57609999999999995 0.57221299999999997 0 0.13302500000000006 0.13231900000000008 0.13707800000000001 0.012383 0.012331999999999999 0.013606 0.096232000000000026 0.096269999999999953 0.098592999999999986 0.0047870000000000005 0.0046670000000000001 0.0051289999999999999 0.0011639999999999999 0.0011529999999999999 0.001242 8.4296566260640216 8.4296566260640216 8.4296566260640216 0.00074959144646571626 0.00074959144646571626 0.00074959144646571626 1 1 1 Converged Converged Converged OK OK OK 98 98 98 98 98 98 6 6 6 0 0 0 0 0 1 0 0
53 53 uniform 2 7 7 1 0.0001 2.2167311233520568 0.00077910277377397225 0.00043468693912282778 -1.7638064900250106 -0.01034005829687736 -1.7638405090028551 0 1.7655662258589804 5.9098296522682459 OK 13 12 0.48274 0.34217399999999998 0.076512999999999998 0.40695700000000001 0.25403500000000001 0 0.075782999999999989 0.088138999999999967 0.076512999999999998 0.0083199999999999993 0.0084399999999999996 0.0091400000000000006 0.052081000000000009 0.064377000000000018 0.052302000000000022 0.0031150000000000001 0.0033010000000000001 0.003261 0.00074699999999999994 0.00072399999999999993 0.00069200000000000002 5.9098288855632646 5.9098288855632646 5.9098288855632646 0.00040935906639413046 0.00040935906639413046 0.00040935906639413046 1 1 1 Converged Converged Converged OK OK OK 61 61 61 61 61 61 3 3 3 0 0 0 0 1 0 0 1
53 53 uniform 2 15 7 2 0.0001 2.2167311233520568 0.00077910277377397225 0.00043468693912282778 -1.7638064900250106 -0.01034005829687736 -1.7637800308200204 0 1.7655057476761458 5.2375897446751978 OK 13 12 0.36680000000000001 0.21938099999999999 0.07535 0.29253699999999999 0.12706999999999999 0 0.074263000000000023 0.092311000000000004 0.07535 0.0081659999999999996 0.0096819999999999996 0.0089429999999999996 0.05088599999999998 0.066323999999999994 0.051519999999999996 0.0032339999999999999 0.0033760000000000001 0.0031599999999999996 0.00068399999999999993 0.00071000000000000002 0.00066599999999999993 5.2375891590887402 5.2375891590887402 5.2375891590887402 0.00040620374480744895 0.00040620374480744895 0.00040620374480744895 1 1 1 Converged Converged Converged OK OK OK 61 61 61 61 61 61 3 3 3 0 0 0 0 1 0 0 1
53 53 uniform 2 23 7 3 0.0001 2.2167311233520568 0.00077910277377397225 0.00043468693912282778 -1.7638064900250106 -0.01034005829687736 -1.763719552637186 0 1.7654452694933114 4.819879064515578 OK 13 12 0.47084599999999999 0.32548300000000002 0.075245999999999993 0.39649699999999999 0.23746600000000001 0 0.074348999999999998 0.088017000000000012 0.075245999999999993 0.0080440000000000008 0.009502 0.0089210000000000001 0.051151000000000002 0.063113000000000016 0.051495999999999993 0.0030359999999999996 0.0031109999999999996 0.0030879999999999996 0.00069099999999999999 0.00070399999999999998 0.00066099999999999991 4.8198788643641972 4.8198788643641972 4.8198788643641972 0.0004056487025467811 0.0004056487025467811 0.0004056487025467811 1 1 1 Converged Converged Converged OK OK OK 61 61 61 61 61 61 3 3 3 0 0 0 0 1 0 0 1
53 53 uniform 2 0 7 0 1.0000000000000001e-05 2.2167311233520568 0.00077910277377397225 0.00043468693912282778 -1.7638064900250106 -0.01034005829687736 -1.7638934274128351 0 1.7656191442689604 8.4296568028422438 OK 14 13 0.73234100000000002 0.73131199999999996 0.15600900000000001 0.57578499999999999 0.57264800000000005 0 0.15655600000000003 0.15866399999999992 0.15600900000000001 0.012258 0.012281 0.012135 0.11566400000000007 0.11690100000000003 0.11504099999999999 0.0057180000000000009 0.0062160000000000002 0.0061069999999999996 0.001408 0.0015249999999999999 0.0014010000000000001 8.4296563217727307 8.4296563217727307 8.4296563217727307 3.3386913145103099e-05 3.3386913145103099e-05 3.3386913145103099e-05 1 1 1 Converged Converged Converged OK OK OK 122 122 122 122 122 122 6 6 6 0 0 0 0 0 1 0 0
53 53 uniform 2 7 7 1 1.0000000000000001e-05 2.2167311233520568 0.00077910277377397225 0.00043468693912282778 -1.7638064900250106 -0.01034005829687736 -1.7638405090028551 0 1.7655662258589804 5.9098296522682459 OK 13 12 0.50386799999999998 0.36435299999999998 0.089987999999999999 0.40803699999999998 0.25502599999999997 0 0.095831 0.10932700000000001 0.089987999999999999 0.01153 0.0083239999999999998 0.0077520000000000002 0.064761999999999986 0.08198900000000002 0.063717999999999983 0.0040750000000000005 0.0039659999999999999 0.0038439999999999998 0.00084699999999999999 0.00081900000000000007 0.00079700000000000007 5.9098288855453323 5.9098288855453323 5.9098288855453323 1.9209209368079767e-05 1.9209209368079767e-05 1.9209209368079767e-05 1 1 1 Converged Converged Converged OK OK OK 77 77 77 77 77 77 3 3 3 0 0 0 0 1 0 0 1
53 53 uniform 2 15 7 2 1.0000000000000001e-05 2.2167311233520568 0.00077910277377397225 0.00043468693912282778 -1.7638064900250106 -0.01034005829687736 -1.7637800308200204 0 1.7655057476761458 5.2375897446751978 OK 13 12 0.38464500000000001 0.22239900000000001 0.089511999999999994 0.29302299999999998 0.11693099999999999 0 0.091622000000000037 0.10546800000000002 0.089511999999999994 0.0081510000000000003 0.0082030000000000002 0.0076880000000000004 0.064289000000000013 0.078405000000000016 0.06329499999999999 0.0040479999999999995 0.0039680000000000002 0.0039779999999999998 0.00079199999999999995 0.00080299999999999989 0.00075200000000000006 5.2375891590708159 5.2375891590708159 5.2375891590708159 1.6061235016020605e-05 1.6061235016020605e-05 1.6061235016020605e-05 1 1 1 Converged Converged Converged OK OK OK 77 77 77 77 77 77 3 3 3 0 0 0 0 1 0 0 1
53 53 uniform 2 23 7 3 1.0000000000000001e-05 2.2167311233520568 0.00077910277377397225 0.00043468693912282778 -1.7638064900250106 -0.01034005829687736 -1.763719552637186 0 1.7654452694933114 4.819879064515578 OK 13 12 0.49006300000000003 0.32750600000000002 0.091778999999999999 0.39944299999999999 0.222965 0 0.090620000000000034 0.10454100000000002 0.091778999999999999 0.0080780000000000001 0.0081899999999999994 0.0077289999999999998 0.063372999999999999 0.077611000000000013 0.063195000000000015 0.0039899999999999996 0.003888 0.0039050000000000001 0.00076399999999999992 0.00078200000000000003 0.00075300000000000009 4.8198788643463457 4.8198788643463457 4.8198788643463457 1.5511845601639855e-05 1.5511845601639855e-05 1.5511845601639855e-05 1 1 1 Converged Converged Converged OK OK OK 77 77 77 77 77 77 3 3 3 0 0 0 0 1 0 0 1
53 53 uniform 2 0 7 0 9.9999999999999995e-07 2.2167311233520568 0.00077910277377397225 0.00043468693912282778 -1.7638064900250106 -0.01034005829687736 -1.7638934274128351 0 1.7656191442689604 8.4296568028422438 OK 14 13 0.76376900000000003 0.75961500000000004 0.189082 0.572542 0.56966000000000006 0 0.19122700000000004 0.18995499999999998 0.189082 0.012364 0.011993 0.011786 0.14175200000000002 0.14125299999999996 0.14095999999999992 0.0074850000000000003 0.0073660000000000002 0.007330999999999999 0.0016619999999999998 0.0016360000000000001 0.0016299999999999999 8.4296563243068938 8.4296563243068938 8.4296563243068938 7.1326160768498608e-06 7.1326160768498608e-06 7.1326160768498608e-06 1 1 1 Converged Converged Converged OK OK OK 154 154 154 154 154 154 6 6 6 0 0 0 0 0 1 0 0
53 53 uniform 2 7 7 1 9.9999999999999995e-07 2.2167311233520568 0.00077910277377397225 0.00043468693912282778 -1.7638064900250106 -0.01034005829687736 -1.7638405090028551 0 1.7655662258589804 5.9098296522682459 OK 13 12 0.51235299999999995 0.39559100000000003 0.10585700000000001 0.40529799999999999 0.25685599999999997 0 0.10705499999999996 0.13873500000000005 0.10585700000000001 0.0082179999999999996 0.0095289999999999993 0.0077470000000000004 0.076079000000000035 0.10559499999999999 0.075622999999999954 0.0047780000000000001 0.0049639999999999997 0.0047169999999999998 0.00092699999999999998 0.00096400000000000001 0.00093400000000000004 5.9098288855456476 5.9098288855456476 5.9098288855456476 4.0032317191418149e-06 4.0032317191418149e-06 4.0032317191418149e-06 1 1 1 Converged Converged Converged OK OK OK 93 93 93 93 93 93 3 3 3 0 0 0 0 1 0 0 1
53 53 uniform 2 15 7 2 9.9999999999999995e-07 2.2167311233520568 0.00077910277377397225 0.00043468693912282778 -1.7638064900250106 -0.01034005829687736 -1.7637800308200204 0 1.7655057476761458 5.2375897446751978 OK 13 12 0.39982800000000002 0.26733099999999999 0.104518 0.29331600000000002 0.129104 0 0.106512 0.13822699999999999 0.104518 0.0081130000000000004 0.0094330000000000004 0.0076210000000000002 0.07548500000000001 0.10460799999999995 0.074689999999999993 0.0047790000000000003 0.0048759999999999993 0.0046629999999999996 0.00089000000000000006 0.00095699999999999995 0.00087499999999999991 5.2375891590711507 5.2375891590711507 5.2375891590711507 8.5381853712194214e-07 8.5381853712194214e-07 8.5381853712194214e-07 1 1 1 Converged Converged Converged OK OK OK 93 93 93 93 93 93 3 3 3 0 0 0 0 1 0 0 1
53 53 uniform 2 23 7 3 9.9999999999999995e-07 2.2167311233520568 0.00077910277377397225 0.00043468693912282778 -1.7638064900250106 -0.01034005829687736 -1.763719552637186 0 1.7654452694933114 4.819879064515578 OK 13 12 0.501023 0.35673500000000002 0.107999 0.39539400000000002 0.230569 0 0.10562899999999997 0.12616600000000003 0.107999 0.0081620000000000009 0.0081910000000000004 0.0076819999999999996 0.074790999999999969 0.095454000000000025 0.078086999999999976 0.0047269999999999994 0.0046370000000000005 0.0047039999999999998 0.00088599999999999996 0.00088699999999999998 0.00089399999999999994 4.8198788643466077 4.8198788643466077 4.8198788643466077 3.0299011593831354e-07 3.0299011593831354e-07 3.0299011593831354e-07 1 1 1 Converged Converged Converged OK OK OK 93 93 93 93 93 93 3 3 3 0 0 0 0 1 0 0 1
53 53 uniform 2 0 7 0 9.9999999999999995e-08 2.2167311233520568 0.00077910277377397225 0.00043468693912282778 -1.7638064900250106 -0.01034005829687736 -1.7638934274128351 0 1.7656191442689604 8.4296568028422438 OK 14 13 0.89985099999999996 0.90041899999999997 0.32359100000000002 0.57108599999999998 0.57450999999999997 0 0.32876499999999997 0.325909 0.32359100000000002 0.012128999999999999 0.012493000000000001 0.012368000000000001 0.21305700000000016 0.21417000000000008 0.21283700000000005 0.011892999999999997 0.012551999999999999 0.012198000000000001 0.0021440000000000001 0.002183 0.0021520000000000003 8.4296563244990494 8.4296563244990494 8.4296563244990494 9.9548293843805113e-09 9.9548293843805113e-09 9.9548293843805113e-09 1 1 1 Converged Converged Converged OK OK OK 218 218 218 218 218 218 6 6 6 0 0 0 0 0 1 0 0
53 53 uniform 2 7 7 1 9.9999999999999995e-08 2.2167311233520568 0.00077910277377397225 0.00043468693912282778 -1.7638064900250106 -0.01034005829687736 -1.7638405090028551 0 1.7655662258589804 5.9098296522682459 OK 13 12 0.55498999999999998 0.423294 0.14690800000000001 0.40881099999999998 0.25335200000000002 0 0.146179 0.16994199999999998 0.14690800000000001 0.0084209999999999997 0.008482 0.007953 0.10439399999999996 0.12874900000000003 0.10338799999999998 0.0075400000000000007 0.0072149999999999992 0.0071459999999999996 0.0010970000000000001 0.001085 0.0010859999999999999 5.90982888554292 5.90982888554292 5.90982888554292 2.7926402388520152e-10 2.7926402388520152e-10 2.7926402388520152e-10 1 1 1 Converged Converged Converged OK OK OK 125 125 125 125 125 125 3 3 3 0 0 0 0 1 0 0 1
53 53 uniform 2 15 7 2 9.9999999999999995e-08 2.2167311233520568 0.00077910277377397225 0.00043468693912282778 -1.7638064900250106 -0.01034005829687736 -1.7637800308200204 0 1.7655057476761458 5.2375897446751978 OK 13 12 0.44215100000000002 0.28808600000000001 0.141851 0.29727500000000001 0.121685 0 0.144876 0.16640100000000002 0.141851 0.0082640000000000005 0.0083339999999999994 0.0077850000000000003 0.103454 0.12568800000000005 0.10227299999999996 0.0075530000000000007 0.0071579999999999994 0.0071150000000000007 0.001034 0.00107 0.001013 5.2375891590712849 5.2375891590712849 5.2375891590712849 1.8944376763985013e-10 1.8944376763985013e-10 1.8944376763985013e-10 1 1 1 Converged Converged Converged OK OK OK 125 125 125 125 125 125 3 3 3 0 0 0 0 1 0 0 1
53 53 uniform 2 23 7 3 9.9999999999999995e-08 2.2167311233520568 0.00077910277377397225 0.00043468693912282778 -1.7638064900250106 -0.01034005829687736 -1.763719552637186 0 1.7654452694933114 4.819879064515578 OK 13 12 0.503857 0.35074 0.10440199999999999 0.39738400000000001 0.22448100000000001 0 0.10647299999999998 0.12625899999999998 0.10440199999999999 0.0080879999999999997 0.0081829999999999993 0.0077229999999999998 0.075285999999999992 0.095417999999999989 0.07428700000000002 0.0047520000000000001 0.0046340000000000001 0.0046560000000000004 0.00089400000000000005 0.00089000000000000006 0.00087600000000000004 4.8198788643466077 4.8198788643466077 4.8198788643466077 3.0299011593831354e-07 3.0299011593831354e-07 3.0299011593831354e-07 1 1 1 Converged Converged Converged OK OK OK 93 93 93 93 93 93 3 3 3 0 0 0 0 1 0 0 1
53 53 uniform 3 0 8 0 0.0001 2.2167311233520568 0.00077910277377397225 0.00043468693912282778 -1.7598093834371538 -0.0045633750922040705 -1.7598963208249783 0 1.7616220376811036 2.0464069953390842 OK 13 12 0.35728300000000002 0.36068099999999997 0.093539999999999998 0.26243 0.26395099999999999 0 0.094853000000000021 0.096729999999999983 0.093539999999999998 0.0088299999999999993 0.0087060000000000002 0.0083599999999999994 0.064894000000000007 0.065128000000000005 0.064648999999999984 0.0038710000000000003 0.0058090000000000008 0.0038389999999999995 0.00081500000000000019 0.00084200000000000008 0.00079500000000000003 2.0464069812575483 2.0464069812575483 2.0464069812575483 1.5301226579927548e-05 1.5301226579927548e-05 1.5301226579927548e-05 1 1 1 Converged Converged Converged OK OK OK 77 77 77 77 77 77 3 3 3 0 0 0 0 0 1 0 0
53 53 uniform 3 7 8 1 0.0001 2.2167311233520568 0.00077910277377397225 0.00043468693912282778 -1.7598093834371538 -0.0045633750922040705 -1.7598434024149983 0 1.7615691192711236 2.043259081896625 OK 13 12 0.35209200000000002 0.189416 0.089050000000000004 0.26214399999999999 0.088507000000000002 0 0.089948000000000028 0.100909 0.089050000000000004 0.0081030000000000008 0.0082109999999999995 0.0076829999999999997 0.06287100000000001 0.073841999999999977 0.062849000000000016 0.0038859999999999997 0.0039220000000000001 0.0039020000000000001 0.00080200000000000009 0.00081300000000000003 0.00079700000000000007 2.0432590678402893 2.0432590678402893 2.0432590678402893 1.5302493633780902e-05 1.5302493633780902e-05 1.5302493633780902e-05 1 1 1 Converged Converged Converged OK OK OK 77 77 77 77 77 77 3 3 3 0 0 0 0 1 0 0 1
53 53 uniform 3 15 8 2 0.0001 2.2167311233520568 0.00077910277377397225 0.00043468693912282778 -1.7598093834371538 -0.0045633750922040705 -1.7597829242321636 0 1.761508641088289 2.039725497782328 OK 13 12 0.355188 0.18909100000000001 0.088716000000000003 0.26538600000000001 0.088737999999999997 0 0.089801999999999993 0.10035300000000001 0.088716000000000003 0.0080999999999999996 0.0080829999999999999 0.0076790000000000001 0.062853000000000006 0.073474000000000039 0.062582000000000013 0.0038139999999999997 0.0039690000000000003 0.0039050000000000005 0.00080600000000000008 0.00080500000000000005 0.000794 2.0397254837540078 2.0397254837540078 2.0397254837540078 1.5303941801268475e-05 1.5303941801268475e-05 1.5303941801268475e-05 1 1 1 Converged Converged Converged OK OK OK 77 77 77 77 77 77 3 3 3 0 0 0 0 1 0 0 1
53 53 uniform 3 23 8 3 0.0001 2.2167311233520568 0.00077910277377397225 0.00043468693912282778 -1.7598093834371538 -0.0045633750922040705 -1.7597224460493293 0 1.7614481629054546 2.0362593199597931 OK 13 12 0.35306199999999999 0.18550900000000001 0.086812 0.26521 0.087358000000000005 0 0.087851999999999986 0.098151000000000002 0.086812 0.0080759999999999998 0.0081810000000000008 0.0076299999999999996 0.061153999999999986 0.071437999999999988 0.060805000000000005 0.0037490000000000002 0.0038610000000000003 0.0038570000000000002 0.00078899999999999999 0.000803 0.00081000000000000017 2.0362593058498111 2.0362593058498111 2.0362593058498111 1.5305390448026924e-05 1.5305390448026924e-05 1.5305390448026924e-05 1 1 1 Converged Converged Converged OK OK OK 77 77 77 77 77 77 3 3 3 0 0 0 0 1 0 0 1
53 53 uniform 3 0 8 0 1.0000000000000001e-05 2.2167311233520568 0.00077910277377397225 0.00043468693912282778 -1.7598093834371538 -0.0045633750922040705 -1.7598963208249783 0 1.7616220376811036 2.0464069953390842 OK 13 12 0.36075099999999999 0.35656300000000002 0.093585000000000002 0.265843 0.26205899999999999 0 0.094907999999999992 0.094504000000000032 0.093585000000000002 0.008744 0.0086809999999999995 0.0084869999999999998 0.065310000000000007 0.065187000000000009 0.06482099999999999 0.0037699999999999999 0.0037829999999999999 0.0037679999999999996 0.000812 0.00084499999999999994 0.00078400000000000008 2.0464069812575483 2.0464069812575483 2.0464069812575483 1.5301226579927548e-05 1.5301226579927548e-05 1.5301226579927548e-05 1 1 1 Converged Converged Converged OK OK OK 77 77 77 77 77 77 3 3 3 0 0 0 0 0 1 0 0
53 53 uniform 3 7 8 1 1.0000000000000001e-05 2.2167311233520568 0.00077910277377397225 0.00043468693912282778 -1.7598093834371538 -0.0045633750922040705 -1.7598434024149983 0 1.7615691192711236 2.043259081896625 OK 13 12 0.35225600000000001 0.18649499999999999 0.088456000000000007 0.26239499999999999 0.085768999999999998 0 0.089861000000000024 0.100726 0.088456000000000007 0.0081030000000000008 0.0080949999999999998 0.007685 0.063103000000000006 0.074157000000000028 0.062589999999999979 0.0038139999999999997 0.0038560000000000001 0.0037749999999999997 0.00077399999999999995 0.00077499999999999997 0.00076000000000000004 2.0432590678402893 2.0432590678402893 2.0432590678402893 1.5302493633780902e-05 1.5302493633780902e-05 1.5302493633780902e-05 1 1 1 Converged Converged Converged OK OK OK 77 77 77 77 77 77 3 3 3 0 0 0 0 1 0 0 1
53 53 uniform 3 15 8 2 1.0000000000000001e-05 2.2167311233520568 0.00077910277377397225 0.00043468693912282778 -1.7598093834371538 -0.0045633750922040705 -1.7597829242321636 0 1.761508641088289 2.039725497782328 OK 13 12 0.352076 0.18665300000000001 0.088786000000000004 0.262019 0.086029999999999995 0 0.090056999999999998 0.10062300000000002 0.088786000000000004 0.0080029999999999997 0.0081759999999999992 0.0077079999999999996 0.063251000000000016 0.073893 0.062763999999999973 0.0038780000000000004 0.0038319999999999999 0.0038939999999999999 0.000776 0.00077099999999999998 0.00076900000000000004 2.0397254837540078 2.0397254837540078 2.0397254837540078 1.5303941801268475e-05 1.5303941801268475e-05 1.5303941801268475e-05 1 1 1 Converged Converged Converged OK OK OK 77 77 77 77 77 77 3 3 3 0 0 0 0 1 0 0 1
53 53 uniform 3 23 8 3 1.0000000000000001e-05 2.2167311233520568 0.00077910277377397225 0.00043468693912282778 -1.7598093834371538 -0.0045633750922040705 -1.7597224460493293 0 1.7614481629054546 2.0362593199597931 OK 13 12 0.35694700000000001 0.186829 0.086588999999999999 0.26862999999999998 0.084533999999999998 0 0.088317000000000034 0.102295 0.086588999999999999 0.0081880000000000008 0.0080949999999999998 0.0077219999999999997 0.061412000000000022 0.071851000000000026 0.060753000000000008 0.0038669999999999998 0.0038719999999999996 0.0037909999999999997 0.00081299999999999992 0.00080500000000000005 0.00076500000000000005 2.0362593058498111 2.0362593058498111 2.0362593058498111 1.5305390448026924e-05 1.5305390448026924e-05 1.5305390448026924e-05 1 1 1 Converged Converged Converged OK OK OK 77 77 77 77 77 77 3 3 3 0 0 0 0 1 0 0 1
53 53 uniform 3 0 8 0 9.9999999999999995e-07 2.2167311233520568 0.00077910277377397225 0.00043468693912282778 -1.7598093834371538 -0.0045633750922040705 -1.7598963208249783 0 1.7616220376811036 2.0464069953390842 OK 13 12 0.37247599999999997 0.37479200000000001 0.11339 0.26206600000000002 0.26487899999999998 0 0.11040999999999995 0.10991300000000004 0.11339 0.0087480000000000006 0.0087580000000000002 0.0083580000000000008 0.076922999999999991 0.076831000000000024 0.076560000000000003 0.0046389999999999999 0.0047029999999999997 0.004581 0.00095300000000000007 0.00091500000000000012 0.00089200000000000011 2.0464069812578685 2.0464069812578685 2.0464069812578685 4.8642127378014461e-10 4.8642127378014461e-10 4.8642127378014461e-10 1 1 1 Converged Converged Converged OK OK OK 93 93 93 93 93 93 3 3 3 0 0 0 0 0 1 0 0
53 53 uniform 3 7 8 1 9.9999999999999995e-07 2.2167311233520568 0.00077910277377397225 0.00043468693912282778 -1.7598093834371538 -0.0045633750922040705 -1.7598434024149983 0 1.7615691192711236 2.043259081896625 OK 13 12 0.37071999999999999 0.20785899999999999 0.10372099999999999 0.26538699999999998 0.085260000000000002 0 0.10533300000000001 0.12259899999999999 0.10372099999999999 0.0081609999999999999 0.0080579999999999992 0.0076909999999999999 0.074577000000000018 0.092304000000000039 0.073990999999999973 0.0046380000000000006 0.0046099999999999995 0.0046670000000000001 0.00089900000000000017 0.00088700000000000009 0.00088800000000000001 2.043259067840586 2.043259067840586 2.043259067840586 4.8512691226196948e-10 4.8512691226196948e-10 4.8512691226196948e-10 1 1 1 Converged Converged Converged OK OK OK 93 93 93 93 93 93 3 3 3 0 0 0 0 1 0 0 1
53 53 uniform 3 15 8 2 9.9999999999999995e-07 2.2167311233520568 0.00077910277377397225 0.00043468693912282778 -1.7598093834371538 -0.0045633750922040705 -1.7597829242321636 0 1.761508641088289 2.039725497782328 OK 13 12 0.36694300000000002 0.20847499999999999 0.103891 0.26163799999999998 0.086024000000000003 0 0.10530500000000004 0.12245099999999999 0.103891 0.0080079999999999995 0.0081410000000000007 0.0076410000000000002 0.074643999999999988 0.091928999999999983 0.074095999999999967 0.0046500000000000005 0.004705 0.0046669999999999993 0.00088900000000000003 0.00089899999999999995 0.00089799999999999993 2.0397254837543102 2.0397254837543102 2.0397254837543102 4.8367802054389296e-10 4.8367802054389296e-10 4.8367802054389296e-10 1 1 1 Converged Converged Converged OK OK OK 93 93 93 93 93 93 3 3 3 0 0 0 0 1 0 0 1
53 53 uniform 3 23 8 3 9.9999999999999995e-07 2.2167311233520568 0.00077910277377397225 0.00043468693912282778 -1.7598093834371538 -0.0045633750922040705 -1.7597224460493293 0 1.7614481629054546 2.0362593199597931 OK 13 12 0.36656499999999997 0.20462 0.1018 0.26363500000000001 0.084488999999999995 0 0.10292999999999997 0.120131 0.1018 0.0081410000000000007 0.0081239999999999993 0.0077460000000000003 0.072201999999999975 0.089639999999999956 0.072013999999999995 0.0046269999999999992 0.0046030000000000003 0.0046389999999999999 0.00088599999999999996 0.00090799999999999995 0.00089399999999999994 2.0362593058501277 2.0362593058501277 2.0362593058501277 4.8231831440385216e-10 4.8231831440385216e-10 4.8231831440385216e-10 1 1 1 Converged Converged Converged OK OK OK 93 93 93 93 93 93 3 3 3 0 0 0 0 1 0 0 1
53 53 uniform 3 0 8 0 9.9999999999999995e-08 2.2167311233520568 0.00077910277377397225 0.00043468693912282778 -1.7598093834371538 -0.0045633750922040705 -1.7598963208249783 0 1.7616220376811036 2.0464069953390842 OK 13 12 0.373726 0.37335000000000002 0.10889500000000001 0.26345200000000002 0.263654 0 0.11027399999999998 0.10969600000000002 0.10889500000000001 0.0087170000000000008 0.0087600000000000004 0.0083610000000000004 0.07699499999999998 0.076577000000000006 0.076247999999999982 0.0046499999999999996 0.0046639999999999997 0.0047099999999999998 0.00089000000000000006 0.00090499999999999999 0.00088899999999999992 2.0464069812578685 2.0464069812578685 2.0464069812578685 4.8642127378014461e-10 4.8642127378014461e-10 4.8642127378014461e-10 1 1 1 Converged Converged Converged OK OK OK 93 93 93 93 93 93 3 3 3 0 0 0 0 0 1 0 0
53 53 uniform 3 7 8 1 9.9999999999999995e-08 2.2167311233520568 0.00077910277377397225 0.00043468693912282778 -1.7598093834371538 -0.0045633750922040705 -1.7598434024149983 0 1.7615691192711236 2.043259081896625 OK 13 12 0.37390499999999999 0.207789 0.10817 0.26509500000000003 0.084889999999999993 0 0.10880999999999996 0.12289900000000001 0.10817 0.0081860000000000006 0.0080770000000000008 0.0077079999999999996 0.074817000000000008 0.092562000000000019 0.078376000000000001 0.0046869999999999993 0.0046299999999999996 0.0046420000000000003 0.0041529999999999996 0.00091100000000000013 0.00092299999999999999 2.043259067840586 2.043259067840586 2.043259067840586 4.8512691226196948e-10 4.8512691226196948e-10 4.8512691226196948e-10 1 1 1 Converged Converged Converged OK OK OK 93 93 93 93 93 93 3 3 3 0 0 0 0 1 0 0 1
53 53 uniform 3 15 8 2 9.9999999999999995e-08 2.2167311233520568 0.00077910277377397225 0.00043468693912282778 -1.7598093834371538 -0.0045633750922040705 -1.7597829242321636 0 1.761508641088289 2.039725497782328 OK 13 12 0.366568 0.20710200000000001 0.103836 0.26130100000000001 0.085208000000000006 0 0.105267 0.121894 0.103836 0.0080879999999999997 0.0081200000000000005 0.0076540000000000002 0.074728000000000003 0.091441999999999954 0.074162999999999979 0.0046480000000000002 0.0046449999999999998 0.0046550000000000003 0.0008969999999999999 0.00089400000000000005 0.00089399999999999983 2.0397254837543102 2.0397254837543102 2.0397254837543102 4.8367802054389296e-10 4.8367802054389296e-10 4.8367802054389296e-10 1 1 1 Converged Converged Converged OK OK OK 93 93 93 93 93 93 3 3 3 0 0 0 0 1 0 0 1
53 53 uniform 3 23 8 3 9.9999999999999995e-08 2.2167311233520568 0.00077910277377397225 0.00043468693912282778 -1.7598093834371538 -0.0045633750922040705 -1.7597224460493293 0 1.7614481629054546 2.0362593199597931 OK 13 12 0.36658800000000002 0.204622 0.10163 0.26339600000000002 0.084253999999999996 0 0.10319200000000001 0.120368 0.10163 0.0081480000000000007 0.0081709999999999994 0.00777 0.072647000000000003 0.089797999999999989 0.071903000000000036 0.0046129999999999999 0.0046490000000000004 0.0046220000000000002 0.00090600000000000001 0.00092199999999999997 0.00089700000000000001 2.0362593058501277 2.0362593058501277 2.0362593058501277 4.8231831440385216e-10 4.8231831440385216e-10 4.8231831440385216e-10 1 1 1 Converged Converged Converged OK OK OK 93 93 93 93 93 93 3 3 3 0 0 0 0 1 0 0 1
53 53 uniform 4 0 9 0 0.0001 2.2167311233520568 0.00077910277377397225 0.00043468693912282778 -1.7632781209314967 -0.0094757443700008437 -1.7633650583193212 0 1.7650907751754465 3.3059007660852306 OK 13 12 0.36006199999999999 0.359321 0.091451000000000005 0.268127 0.26809899999999998 0 0.091934999999999989 0.091222000000000025 0.091451000000000005 0.0088559999999999993 0.008763 0.0084899999999999993 0.062036000000000008 0.061893999999999998 0.062338999999999999 0.0037910000000000001 0.0038080000000000002 0.0038470000000000002 0.00077799999999999994 0.00077299999999999992 0.000794 3.3059007377667191 3.3059007377667191 3.3059007377667191 1.5223097133415745e-05 1.5223097133415745e-05 1.5223097133415745e-05 1 1 1 Converged Converged Converged OK OK OK 77 77 77 77 77 77 3 3 3 0 0 0 0 0 1 0 0
53 53 uniform 4 7 9 1 0.0001 2.2167311233520568 0.00077910277377397225 0.00043468693912282778 -1.7632781209314967 -0.0094757443700008437 -1.7633121399093412 0 1.7650378567654665 3.2395171235055389 OK 13 12 0.34720299999999998 0.19362099999999999 0.088523000000000004 0.25817899999999999 0.084793999999999994 0 0.089023999999999992 0.10882699999999999 0.088523000000000004 0.0081379999999999994 0.0081890000000000001 0.0077289999999999998 0.062202999999999994 0.082070999999999991 0.062558000000000016 0.0037899999999999995 0.003882 0.0037929999999999999 0.00077300000000000003 0.00077300000000000003 0.00074899999999999999 3.2395170971004883 3.2395170971004883 3.2395170971004883 1.5223703069698167e-05 1.5223703069698167e-05 1.5223703069698167e-05 1 1 1 Converged Converged Converged OK OK OK 77 77 77 77 77 77 3 3 3 0 0 0 0 1 0 0 1
53 53 uniform 4 15 9 2 0.0001 2.2167311233520568 0.00077910277377397225 0.00043468693912282778 -1.7632781209314967 -0.0094757443700008437 -1.7632516617265066 0 1.7649773785826319 3.1699152544880103 OK 13 12 0.34941899999999998 0.18948799999999999 0.088478000000000001 0.25999899999999998 0.086212999999999998 0 0.089419999999999999 0.10327499999999999 0.088478000000000001 0.0081410000000000007 0.0082640000000000005 0.0077739999999999997 0.062430000000000027 0.076290000000000024 0.062261999999999984 0.0039110000000000004 0.0039379999999999997 0.003934 0.00080500000000000016 0.000776 0.00075299999999999998 3.1699152298994933 3.1699152298994933 3.1699152298994933 1.5224452755787392e-05 1.5224452755787392e-05 1.5224452755787392e-05 1 1 1 Converged Converged Converged OK OK OK 77 77 77 77 77 77 3 3 3 0 0 0 0 1 0 0 1
53 53 uniform 4 23 9 3 0.0001 2.2167311233520568 0.00077910277377397225 0.00043468693912282778 -1.7632781209314967 -0.0094757443700008437 -1.7631911835436722 0 1.7649169003997975 3.1060917440290363 OK 13 12 0.34749999999999998 0.19012200000000001 0.089407 0.257353 0.085718000000000003 0 0.090146999999999977 0.10440400000000001 0.089407 0.0081130000000000004 0.0082380000000000005 0.007711 0.063285000000000022 0.077354999999999993 0.063375000000000001 0.0038569999999999998 0.0038790000000000001 0.003803 0.00076600000000000008 0.00077799999999999994 0.00076999999999999996 3.1060917190404056 3.1060917190404056 3.1060917190404056 1.5225279019601868e-05 1.5225279019601868e-05 1.5225279019601868e-05 1 1 1 Converged Converged Converged OK OK OK 77 77 77 77 77 77 3 3 3 0 0 0 0 1 0 0 1
53 53 uniform 4 0 9 0 1.0000000000000001e-05 2.2167311233520568 0.00077910277377397225 0.00043468693912282778 -1.7632781209314967 -0.0094757443700008437 -1.7633650583193212 0 1.7650907751754465 3.3059007660852306 OK 13 12 0.35974899999999999 0.36097800000000002 0.094928999999999999 0.26783000000000001 0.27008799999999999 0 0.091918999999999973 0.090890000000000026 0.094928999999999999 0.0086750000000000004 0.0086759999999999997 0.0084399999999999996 0.062224999999999996 0.061642000000000002 0.066063999999999984 0.0038930000000000002 0.00382 0.0038480000000000003 0.00077700000000000002 0.00078000000000000009 0.00076500000000000005 3.3059007377667191 3.3059007377667191 3.3059007377667191 1.5223097133415745e-05 1.5223097133415745e-05 1.5223097133415745e-05 1 1 1 Converged Converged Converged OK OK OK 77 77 77 77 77 77 3 3 3 0 0 0 0 0 1 0 0
53 53 uniform 4 7 9 1 1.0000000000000001e-05 2.2167311233520568 0.00077910277377397225 0.00043468693912282778 -1.7632781209314967 -0.0094757443700008437 -1.7633121399093412 0 1.7650378567654665 3.2395171235055389 OK 13 12 0.35055599999999998 0.18893299999999999 0.088269 0.260822 0.085907999999999998 0 0.08973399999999998 0.10302499999999999 0.088269 0.0081700000000000002 0.0082559999999999995 0.0078009999999999998 0.062781999999999991 0.076089000000000045 0.062102999999999985 0.003872 0.0038219999999999999 0.003882 0.00082100000000000012 0.00080800000000000002 0.00075599999999999994 3.2395170971004883 3.2395170971004883 3.2395170971004883 1.5223703069698167e-05 1.5223703069698167e-05 1.5223703069698167e-05 1 1 1 Converged Converged Converged OK OK OK 77 77 77 77 77 77 3 3 3 0 0 0 0 1 0 0 1
53 53 uniform 4 15 9 2 1.0000000000000001e-05 2.2167311233520568 0.00077910277377397225 0.00043468693912282778 -1.7632781209314967 -0.0094757443700008437 -1.7632516617265066 0 1.7649773785826319 3.1699152544880103 OK 13 12 0.34665200000000002 0.18928700000000001 0.087523000000000004 0.25777899999999998 0.087036000000000002 0 0.088873000000000035 0.10225100000000001 0.087523000000000004 0.0081200000000000005 0.0081810000000000008 0.0077450000000000001 0.062023999999999989 0.07534200000000002 0.061406000000000009 0.003833 0.0039170000000000003 0.0039030000000000002 0.00076500000000000005 0.000785 0.00075700000000000008 3.1699152298994933 3.1699152298994933 3.1699152298994933 1.5224452755787392e-05 1.5224452755787392e-05 1.5224452755787392e-05 1 1 1 Converged Converged Converged OK OK OK 77 77 77 77 77 77 3 3 3 0 0 0 0 1 0 0 1
53 53 uniform 4 23 9 3 1.0000000000000001e-05 2.2167311233520568 0.00077910277377397225 0.00043468693912282778 -1.7632781209314967 -0.0094757443700008437 -1.7631911835436722 0 1.7649169003997975 3.1060917440290363 OK 13 12 0.35149999999999998 0.19040299999999999 0.088937000000000002 0.25816699999999998 0.086763999999999994 0 0.093332999999999999 0.103639 0.088937000000000002 0.008064 0.0081919999999999996 0.007737 0.066419999999999993 0.076917999999999973 0.062929000000000013 0.0038700000000000002 0.0038549999999999999 0.0038070000000000001 0.00077099999999999998 0.000767 0.00075600000000000005 3.1060917190404056 3.1060917190404056 3.1060917190404056 1.5225279019601868e-05 1.5225279019601868e-05 1.5225279019601868e-05 1 1 1 Converged Converged Converged OK OK OK 77 77 77 77 77 77 3 3 3 0 0 0 0 1 0 0 1
53 53 uniform 4 0 9 0 9.9999999999999995e-07 2.2167311233520568 0.00077910277377397225 0.00043468693912282778 -1.7632781209314967 -0.0094757443700008437 -1.7633650583193212 0 1.7650907751754465 3.3059007660852306 OK 13 12 0.37534800000000001 0.37813600000000003 0.106118 0.26780399999999999 0.27073199999999997 0 0.10754400000000003 0.10740400000000005 0.106118 0.0087510000000000001 0.0088800000000000007 0.0086490000000000004 0.073849999999999999 0.07349799999999998 0.07304399999999997 0.0046670000000000001 0.0047259999999999993 0.0046309999999999997 0.00089800000000000004 0.00091100000000000003 0.00088399999999999991 3.3059007377670135 3.3059007377670135 3.3059007377670135 5.6883320492607199e-09 5.6883320492607199e-09 5.6883320492607199e-09 1 1 1 Converged Converged Converged OK OK OK 93 93 93 93 93 93 3 3 3 0 0 0 0 0 1 0 0
53 53 uniform 4 7 9 1 9.9999999999999995e-07 2.2167311233520568 0.00077910277377397225 0.00043468693912282778 -1.7632781209314967 -0.0094757443700008437 -1.7633121399093412 0 1.7650378567654665 3.2395171235055389 OK 13 12 0.36655700000000002 0.21063000000000001 0.103632 0.25804700000000003 0.085145999999999999 0 0.10851 0.12548400000000001 0.103632 0.0080719999999999993 0.0081510000000000003 0.0077450000000000001 0.077821999999999933 0.09461399999999999 0.073686000000000015 0.0047090000000000005 0.0047200000000000002 0.0046449999999999998 0.00090899999999999998 0.00088699999999999998 0.00087199999999999995 3.239517097100808 3.239517097100808 3.239517097100808 5.0342307737368912e-09 5.0342307737368912e-09 5.0342307737368912e-09 1 1 1 Converged Converged Converged OK OK OK 93 93 93 93 93 93 3 3 3 0 0 0 0 1 0 0 1
53 53 uniform 4 15 9 2 9.9999999999999995e-07 2.2167311233520568 0.00077910277377397225 0.00043468693912282778 -1.7632781209314967 -0.0094757443700008437 -1.7632516617265066 0 1.7649773785826319 3.1699152544880103 OK 13 12 0.36197099999999999 0.210062 0.10856300000000001 0.25756299999999999 0.085430000000000006 0 0.104408 0.12463199999999999 0.10856300000000001 0.0081290000000000008 0.0082050000000000005 0.0076990000000000001 0.073326999999999976 0.093736999999999945 0.07852400000000001 0.0048170000000000001 0.0047530000000000003 0.0047450000000000001 0.00088399999999999991 0.00088999999999999995 0.00089700000000000001 3.1699152298998219 3.1699152298998219 3.1699152298998219 4.3437209401272663e-09 4.3437209401272663e-09 4.3437209401272663e-09 1 1 1 Converged Converged Converged OK OK OK 93 93 93 93 93 93 3 3 3 0 0 0 0 1 0 0 1
53 53 uniform 4 23 9 3 9.9999999999999995e-07 2.2167311233520568 0.00077910277377397225 0.00043468693912282778 -1.7632781209314967 -0.0094757443700008437 -1.7631911835436722 0 1.7649169003997975 3.1060917440290363 OK 13 12 0.36443599999999998 0.21163299999999999 0.103967 0.25861200000000001 0.085632 0 0.10582399999999997 0.12600099999999997 0.103967 0.0081349999999999999 0.0081359999999999991 0.007744 0.074918000000000012 0.095190999999999984 0.073966000000000018 0.0047200000000000002 0.0046410000000000002 0.0047229999999999998 0.00088100000000000006 0.00088400000000000002 0.00087000000000000001 3.1060917190407378 3.1060917190407378 3.1060917190407378 3.7295817502706651e-09 3.7295817502706651e-09 3.7295817502706651e-09 1 1 1 Converged Converged Converged OK OK OK 93 93 93 93 93 93 3 3 3 0 0 0 0 1 0 0 1
53 53 uniform 4 0 9 0 9.9999999999999995e-08 2.2167311233520568 0.00077910277377397225 0.00043468693912282778 -1.7632781209314967 -0.0094757443700008437 -1.7633650583193212 0 1.7650907751754465 3.3059007660852306 OK 13 12 0.374886 0.37754799999999999 0.10639700000000001 0.26772600000000002 0.26777299999999998 0 0.10715999999999998 0.10977500000000001 0.10639700000000001 0.0086709999999999999 0.0087180000000000001 0.0084519999999999994 0.073596999999999996 0.076395000000000005 0.073347999999999997 0.0047520000000000001 0.0047619999999999997 0.0047590000000000002 0.00089799999999999993 0.00091799999999999998 0.00088399999999999991 3.3059007377670135 3.3059007377670135 3.3059007377670135 5.6883320492607199e-09 5.6883320492607199e-09 5.6883320492607199e-09 1 1 1 Converged Converged Converged OK OK OK 93 93 93 93 93 93 3 3 3 0 0 0 0 0 1 0 0
53 53 uniform 4 7 9 1 9.9999999999999995e-08 2.2167311233520568 0.00077910277377397225 0.00043468693912282778 -1.7632781209314967 -0.0094757443700008437 -1.7633121399093412 0 1.7650378567654665 3.2395171235055389 OK 13 12 0.36252899999999999 0.208453 0.10360999999999999 0.25777800000000001 0.083486000000000005 0 0.10475099999999998 0.12496699999999999 0.10360999999999999 0.0082229999999999994 0.0082529999999999999 0.0077429999999999999 0.07390900000000003 0.094003999999999976 0.07354200000000001 0.0047339999999999995 0.0047829999999999999 0.0047610000000000005 0.00089700000000000001 0.00092500000000000004 0.00086900000000000009 3.239517097100808 3.239517097100808 3.239517097100808 5.0342307737368912e-09 5.0342307737368912e-09 5.0342307737368912e-09 1 1 1 Converged Converged Converged OK OK OK 93 93 93 93 93 93 3 3 3 0 0 0 0 1 0 0 1
53 53 uniform 4 15 9 2 9.9999999999999995e-08 2.2167311233520568 0.00077910277377397225 0.00043468693912282778 -1.7632781209314967 -0.0094757443700008437 -1.7632516617265066 0 1.7649773785826319 3.1699152544880103 OK 13 12 0.365367 0.20948 0.102533 0.26145000000000002 0.084704000000000002 0 0.10391699999999998 0.124776 0.102533 0.0080850000000000002 0.0082470000000000009 0.0077640000000000001 0.073163999999999993 0.09362899999999999 0.07233500000000001 0.0047000000000000002 0.0047699999999999999 0.0047699999999999999 0.00089500000000000007 0.00091800000000000009 0.00087800000000000009 3.1699152298998219 3.1699152298998219 3.1699152298998219 4.3437209401272663e-09 4.3437209401272663e-09 4.3437209401272663e-09 1 1 1 Converged Converged Converged OK OK OK 93 93 93 93 93 93 3 3 3 0 0 0 0 1 0 0 1
53 53 uniform 4 23 9 3 9.9999999999999995e-08 2.2167311233520568 0.00077910277377397225 0.00043468693912282778 -1.7632781209314967 -0.0094757443700008437 -1.7631911835436722 0 1.7649169003997975 3.1060917440290363 OK 13 12 0.36297000000000001 0.210864 0.10831300000000001 0.25757400000000003 0.084822999999999996 0 0.10539599999999999 0.12604100000000001 0.10831300000000001 0.0080510000000000009 0.0082269999999999999 0.0077210000000000004 0.074645000000000003 0.094972000000000015 0.078124000000000013 0.0046960000000000005 0.0047850000000000002 0.0047610000000000005 0.00089300000000000013 0.00090600000000000012 0.00090099999999999989 3.1060917190407378 3.1060917190407378 3.1060917190407378 3.7295817502706651e-09 3.7295817502706651e-09 3.7295817502706651e-09 1 1 1 Converged Converged Converged OK OK OK 93 93 93 93 93 93 3 3 3 0 0 0 0 1 0 0 1
107 107 linear 0 0 10 0 0.0001 0.88252605170214315 0.00087883732690101758 0.00029821630033484864 0.00066375772381346929 0.0010693888754377899 0.00060411446374649953 0.5 0.00017080134751178155 1225.3959579465479 OK 14 13 0.50610100000000002 0.50159100000000001 0.17258799999999999 0.33804899999999999 0.33629100000000001 0 0.16805200000000003 0.1653 0.17258799999999999 0.014092 0.014022 0.014652999999999999 0.12823999999999999 0.12680599999999997 0.13271400000000003 0.005736999999999999 0.005365 0.0053990000000000002 0.001477 0.001279 0.0013550000000000001 1225.4037420157088 1225.4037420157088 1225.4037420157088 0.094294754030840713 0.094294754030840713 0.094294754030840713 1 1 1 Converged Converged Converged OK OK OK 105 105 105 105 105 105 7 7 7 0 0 0 0 0 1 0 0
107 107 linear 0 7 10 1 0.0001 0.88252605170214315 0.00087883732690101758 0.00029821630033484864 0.00066375772381346929 0.0010693888754377899 0.00064041905683074197 0.5 0.00013449675442753911 1117.4930549294111 OK 14 13 0.48798900000000001 0.39907799999999999 0.15384600000000001 0.34159499999999998 0.18239 0 0.14639400000000002 0.21668799999999999 0.15384600000000001 0.012702 0.012822 0.013384999999999999 0.11369899999999999 0.18168100000000001 0.11777999999999998 0.0049179999999999996 0.0063100000000000005 0.0047109999999999999 0.0012019999999999999 0.001232 0.001214 1117.4968202711366 1117.4968202711366 1117.4968202711366 0.057802579185517886 0.057802579185517886 0.057802579185517886 1 1 1 Converged Converged Converged OK OK OK 98 98 98 98 98 98 6 6 6 0 0 0 0 1 0 0 1
107 107 linear 0 15 10 2 0.0001 0.88252605170214315 0.00087883732690101758 0.00029821630033484864 0.00066375772381346929 0.0010693888754377899 0.00068191002035559057 0.5 9.3005790902690516e-05 987.09583492432103 OK 14 13 0.36079800000000001 0.29171799999999998 0.13561999999999999 0.228348 0.088152999999999995 0 0.13245000000000001 0.203565 0.13561999999999999 0.012588999999999999 0.013937 0.013367 0.10140199999999999 0.16852500000000004 0.10407800000000005 0.0043969999999999999 0.0056780000000000008 0.0043290000000000004 0.0011130000000000001 0.0012019999999999999 0.001108 987.10154648075775 987.10154648075775 987.10154648075775 0.077543594608033312 0.077543594608033312 0.077543594608033312 1 1 1 Converged Converged Converged OK OK OK 90 90 90 90 90 90 6 6 6 0 0 0 0 1 0 0 1
107 107 linear 0 23 10 3 0.0001 0.88252605170214315 0.00087883732690101758 0.00029821630033484864 0.00066375772381346929 0.0010693888754377899 0.00072340098388043905 0.5 5.1514827377842029e-05 852.03171582155665 OK 14 13 0.45107399999999997 0.35960399999999998 0.12515499999999999 0.32799400000000001 0.18673200000000001 0 0.12307999999999997 0.17287199999999997 0.12515499999999999 0.012817 0.014164 0.013384 0.092528999999999959 0.140685 0.094424999999999981 0.0043270000000000001 0.0042450000000000005 0.0040769999999999999 0.001039 0.0010539999999999998 0.0010190000000000002 852.03904193767471 852.03904193767471 852.03904193767471 0.034970912652163656 0.034970912652163656 0.034970912652163656 1 1 1 Converged Converged Converged OK OK OK 83 83 83 83 83 83 5 5 5 0 0 0 0 1 0 0 1
107 107 linear 0 0 10 0 1.0000000000000001e-05 0.88252605170214315 0.00087883732690101758 0.00029821630033484864 0.00066375772381346929 0.0010693888754377899 0.00060411446374649953 0.5 0.00017080134751178155 1225.3959579465479 OK 14 13 0.55336600000000002 0.55205899999999997 0.209316 0.34106599999999998 0.34151300000000001 0 0.21230000000000004 0.21054599999999996 0.209316 0.01404 0.013821 0.013455 0.16416400000000006 0.16346600000000003 0.16298500000000005 0.007247 0.007012 0.0069179999999999997 0.0017360000000000003 0.0017079999999999999 0.0016659999999999999 1225.4037410981623 1225.4037410981623 1225.4037410981623 0.0062097069218693107 0.0062097069218693107 0.0062097069218693107 1 1 1 Converged Converged Converged OK OK OK 145 145 145 145 145 145 7 7 7 0 0 0 0 0 1 0 0
107 107 linear 0 7 10 1 1.0000000000000001e-05 0.88252605170214315 0.00087883732690101758 0.00029821630033484864 0.00066375772381346929 0.0010693888754377899 0.00064041905683074197 0.5 0.00013449675442753911 1117.4930549294111 OK 14 13 0.52590700000000001 0.43398999999999999 0.189418 0.33739400000000003 0.181391 0 0.18851299999999999 0.25259900000000002 0.189418 0.012753 0.012914 0.012108000000000001 0.14987000000000009 0.21414500000000009 0.152225 0.0062290000000000002 0.0060279999999999995 0.005986 0.0015269999999999999 0.001506 0.001544 1117.4968209331043 1117.4968209331043 1117.4968209331043 0.00017003308812616166 0.00017003308812616166 0.00017003308812616166 1 1 1 Converged Converged Converged OK OK OK 130 130 130 130 130 130 6 6 6 0 0 0 0 1 0 0 1
107 107 linear 0 15 10 2 1.0000000000000001e-05 0.88252605170214315 0.00087883732690101758 0.00029821630033484864 0.00066375772381346929 0.0010693888754377899 0.00068191002035559057 0.5 9.3005790902690516e-05 987.09583492432103 OK 14 13 0.42104200000000003 0.34119699999999997 0.186277 0.23241800000000001 0.078653000000000001 0 0.18862400000000001 0.262544 0.186277 0.012591 0.012824 0.012015 0.14847299999999999 0.22259899999999996 0.14782799999999999 0.0069500000000000013 0.006803 0.006561 0.001531 0.0015740000000000001 0.001503 987.10145237854169 987.10145237854169 987.10145237854169 0.0016778393216131538 0.0016778393216131538 0.0016778393216131538 1 1 1 Converged Converged Converged OK OK OK 138 138 138 138 138 138 6 6 6 0 0 0 0 1 0 0 1
107 107 linear 0 23 10 3 1.0000000000000001e-05 0.88252605170214315 0.00087883732690101758 0.00029821630033484864 0.00066375772381346929 0.0010693888754377899 0.00072340098388043905 0.5 5.1514827377842029e-05 852.03171582155665 OK 14 13 0.49219400000000002 0.39950799999999997 0.16386100000000001 0.32568799999999998 0.179338 0 0.16650600000000004 0.22016999999999998 0.16386100000000001 0.012895 0.012767000000000001 0.012215 0.12942999999999999 0.18380100000000002 0.12859500000000004 0.005755999999999999 0.005666 0.0054419999999999998 0.001377 0.0012999999999999999 0.0012850000000000001 852.03904284822045 852.03904284822045 852.03904284822045 0.0020980648210298519 0.0020980648210298519 0.0020980648210298519 1 1 1 Converged Converged Converged OK OK OK 115 115 115 115 115 115 5 5 5 0 0 0 0 1 0 0 1
107 107 linear 0 0 10 0 9.9999999999999995e-07 0.88252605170214315 0.00087883732690101758 0.00029821630033484864 0.00066375772381346929 0.0010693888754377899 0.00060411446374649953 0.5 0.00017080134751178155 1225.3959579465479 OK 14 13 0.57926200000000005 0.58073600000000003 0.24307899999999999 0.33471499999999998 0.33659800000000001 0 0.24454700000000007 0.24413800000000002 0.24307899999999999 0.013821 0.013650000000000001 0.013266999999999999 0.19337100000000004 0.19334000000000004 0.19278500000000012 0.0077750000000000007 0.0077410000000000005 0.0079060000000000016 0.0019080000000000002 0.0018479999999999998 0.0018050000000000002 1225.4037410988672 1225.4037410988672 1225.4037410988672 0.00020420770065751289 0.00020420770065751289 0.00020420770065751289 1 1 1 Converged Converged Converged OK OK OK 161 161 161 161 161 161 7 7 7 0 0 0 0 0 1 0 0
107 107 linear 0 7 10 1 9.9999999999999995e-07 0.88252605170214315 0.00087883732690101758 0.00029821630033484864 0.00066375772381346929 0.0010693888754377899 0.00064041905683074197 0.5 0.00013449675442753911 1117.4930549294111 OK 14 13 0.52917999999999998 0.43878299999999998 0.18581700000000001 0.34037299999999998 0.182782 0 0.188807 0.25600099999999998 0.18581700000000001 0.01277 0.012812 0.0121 0.1503850000000001 0.217747 0.14874300000000001 0.0060749999999999997 0.0060010000000000003 0.006082999999999999 0.0014829999999999999 0.0014879999999999997 0.001475 1117.4968209331043 1117.4968209331043 1117.4968209331043 0.00017003308812616166 0.00017003308812616166 0.00017003308812616166 1 1 1 Converged Converged Converged OK OK OK 130 130 130 130 130 130 6 6 6 0 0 0 0 1 0 0 1
107 107 linear 0 15 10 2 9.9999999999999995e-07 0.88252605170214315 0.00087883732690101758 0.00029821630033484864 0.00066375772381346929 0.0010693888754377899 0.00068191002035559057 0.5 9.3005790902690516e-05 987.09583492432103 OK 14 13 0.42883399999999999 0.35789500000000002 0.19861200000000001 0.22758200000000001 0.080700999999999995 0 0.20125199999999999 0.27719400000000005 0.19861200000000001 0.012548 0.012645 0.012115000000000001 0.16066900000000001 0.2366930000000001 0.15908800000000009 0.0069549999999999994 0.0067910000000000002 0.0069889999999999987 0.0016679999999999998 0.0016530000000000002 0.0016479999999999999 987.10145237803715 987.10145237803715 987.10145237803715 0.00022963964656559909 0.00022963964656559909 0.00022963964656559909 1 1 1 Converged Converged Converged OK OK OK 146 146 146 146 146 146 6 6 6 0 0 0 0 1 0 0 1
107 107 linear 0 23 10 3 9.9999999999999995e-07 0.88252605170214315 0.00087883732690101758 0.00029821630033484864 0.00066375772381346929 0.0010693888754377899 0.00072340098388043905 0.5 5.1514827377842029e-05 852.03171582155665 OK 14 13 0.51283100000000004 0.43653799999999998 0.18371000000000001 0.32715699999999998 0.180641 0 0.18567400000000006 0.25589699999999999 0.18371000000000001 0.012714 0.012777999999999999 0.012178 0.14689799999999992 0.21720100000000006 0.14580800000000005 0.006267 0.0062899999999999996 0.006404 0.0015069999999999999 0.0014880000000000002 0.0014469999999999999 852.03904284813143 852.03904284813143 852.03904284813143 4.0932064734409511e-05 4.0932064734409511e-05 4.0932064734409511e-05 1 1 1 Converged Converged Converged OK OK OK 131 131 131 131 131 131 5 5 5 0 0 0 0 1 0 0 1
107 107 linear 0 0 10 0 9.9999999999999995e-08 0.88252605170214315 0.00087883732690101758 0.00029821630033484864 0.00066375772381346929 0.0010693888754377899 0.00060411446374649953 0.5 0.00017080134751178155 1225.3959579465479 OK 14 13 0.611124 0.60450000000000004 0.26731300000000002 0.342227 0.33771400000000001 0 0.268897 0.26678600000000002 0.26731300000000002 0.013894 0.013913999999999999 0.013407000000000001 0.21388899999999997 0.21249000000000001 0.21407600000000004 0.0092120000000000014 0.0089730000000000001 0.0087329999999999994 0.0021029999999999998 0.0020939999999999999 0.0019849999999999998 1225.4037410989004 1225.4037410989004 1225.4037410989004 4.4446142058010802e-05 4.4446142058010802e-05 4.4446142058010802e-05 1 1 1 Converged Converged Converged OK OK OK 177 177 177 177 177 177 7 7 7 0 0 0 0 0 1 0 0
107 107 linear 0 7 10 1 9.9999999999999995e-08 0.88252605170214315 0.00087883732690101758 0.00029821630033484864 0.00066375772381346929 0.0010693888754377899 0.00064041905683074197 0.5 0.00013449675442753911 1117.4930549294111 OK 14 13 0.54434000000000005 0.46934500000000001 0.19946900000000001 0.337362 0.184119 0 0.20697800000000005 0.28522599999999998 0.19946900000000001 0.012647 0.013006999999999999 0.012111 0.16558100000000006 0.24390299999999995 0.15969799999999998 0.0074649999999999994 0.0071079999999999997 0.0069149999999999993 0.0016419999999999998 0.0016639999999999999 0.0016710000000000002 1117.4968209323158 1117.4968209323158 1117.4968209323158 4.9616024994286304e-05 4.9616024994286304e-05 4.9616024994286304e-05 1 1 1 Converged Converged Converged OK OK OK 146 146 146 146 146 146 6 6 6 0 0 0 0 1 0 0 1
107 107 linear 0 15 10 2 9.9999999999999995e-08 0.88252605170214315 0.00087883732690101758 0.00029821630033484864 0.00066375772381346929 0.0010693888754377899 0.00068191002035559057 0.5 9.3005790902690516e-05 987.09583492432103 OK 14 13 0.45986300000000002 0.41433199999999998 0.22672900000000001 0.22983400000000001 0.081332000000000002 0 0.23002900000000001 0.33299999999999996 0.22672900000000001 0.012664999999999999 0.012742 0.012148000000000001 0.18158300000000005 0.28502500000000003 0.18043199999999998 0.010196 0.0098449999999999996 0.0095630000000000021 0.0020020000000000003 0.0018859999999999997 0.001833 987.10145235579773 987.10145235579773 987.10145235579773 3.9877588644242282e-05 3.9877588644242282e-05 3.9877588644242282e-05 1 1 1 Converged Converged Converged OK OK OK 178 178 178 178 178 178 6 6 6 0 0 0 0 1 0 0 1
107 107 linear 0 23 10 3 9.9999999999999995e-08 0.88252605170214315 0.00087883732690101758 0.00029821630033484864 0.00066375772381346929 0.0010693888754377899 0.00072340098388043905 0.5 5.1514827377842029e-05 852.03171582155665 OK 14 13 0.51502999999999999 0.43379800000000002 0.18382499999999999 0.32562999999999998 0.18118699999999999 0 0.18940000000000001 0.25261100000000003 0.18382499999999999 0.012722000000000001 0.012766 0.012266000000000001 0.14983599999999997 0.21355000000000018 0.14577400000000004 0.0067239999999999991 0.0064900000000000001 0.0062640000000000005 0.0014860000000000001 0.0014399999999999999 0.001418 852.03904284813143 852.03904284813143 852.03904284813143 4.0932064734409511e-05 4.0932064734409511e-05 4.0932064734409511e-05 1 1 1 Converged Converged Converged OK OK OK 131 131 131 131 131 131 5 5 5 0 0 0 0 1 0 0 1
107 107 linear 1 0 11 0 0.0001 0.88252605170214315 0.00087883732690101758 0.00029821630033484864 0.23948918237078295 -0.030528746103180307 0.23942953911071599 0.5 -0.23865462329945772 12.288673138279375 OK 14 13 0.38028499999999998 0.36699500000000002 0.142625 0.23041200000000001 0.22222600000000001 0 0.14987299999999998 0.14476900000000001 0.142625 0.013146 0.011882999999999999 0.01125 0.11126599999999995 0.10807999999999997 0.10724000000000002 0.0052209999999999999 0.0052389999999999997 0.0050729999999999994 0.0012270000000000002 0.0012290000000000001 0.0011820000000000001 12.288710701746178 12.288710701746178 12.288710701746178 0.0006658772871433532 0.0006658772871433532 0.0006658772871433532 1 1 1 Converged Converged Converged OK OK OK 107 107 107 107 107 107 5 5 5 0 0 0 0 0 1 0 0
107 107 linear 1 7 11 1 0.0001 0.88252605170214315 0.00087883732690101758 0.00029821630033484864 0.23948918237078295 -0.030528746103180307 0.23946584370380022 0.5 -0.23869092789254195 12.091917248885741 OK 14 13 0.36334300000000003 0.28858 0.142232 0.22429499999999999 0.083118999999999998 0 0.13904800000000003 0.205461 0.142232 0.010822 0.010801 0.010312999999999999 0.10719100000000002 0.17338999999999999 0.11118199999999999 0.0049769999999999997 0.0051610000000000007 0.0050799999999999994 0.0011249999999999999 0.0011720000000000001 0.0011250000000000001 12.091995925432091 12.091995925432091 12.091995925432091 0.00066216051271713553 0.00066216051271713553 0.00066216051271713553 1 1 1 Converged Converged Converged OK OK OK 107 107 107 107 107 107 5 5 5 0 0 0 0 1 0 0 1
107 107 linear 1 15 11 2 0.0001 0.88252605170214315 0.00087883732690101758 0.00029821630033484864 0.23948918237078295 -0.030528746103180307 0.23950733466732507 0.5 -0.2387324188560668 11.866404076250429 OK 14 13 0.37595200000000001 0.28306799999999999 0.13609099999999999 0.22618099999999999 0.078821000000000002 0 0.14977100000000002 0.20424699999999998 0.13609099999999999 0.011979999999999999 0.01085 0.010343 0.11526700000000004 0.17226600000000003 0.10516699999999997 0.0054060000000000002 0.0050430000000000006 0.0049889999999999995 0.0012289999999999998 0.0011380000000000001 0.0011069999999999999 11.866459008736063 11.866459008736063 11.866459008736063 0.0006580993297185129 0.0006580993297185129 0.0006580993297185129 1 1 1 Converged Converged Converged OK OK OK 107 107 107 107 107 107 5 5 5 0 0 0 0 1 0 0 1
107 107 linear 1 23 11 3 0.0001 0.88252605170214315 0.00087883732690101758 0.00029821630033484864 0.23948918237078295 -0.030528746103180307 0.23954882563084992 0.5 -0.23877390981959165 11.640165255782096 OK 14 13 0.35954599999999998 0.28176800000000002 0.13652500000000001 0.22082199999999999 0.078225000000000003 0 0.13872399999999999 0.20354300000000003 0.13652500000000001 0.010791 0.010815999999999999 0.010371999999999999 0.106418 0.17186499999999999 0.10568699999999995 0.005215 0.005012 0.0049400000000000008 0.0011320000000000002 0.0011230000000000001 0.0011099999999999999 11.640211340771106 11.640211340771106 11.640211340771106 0.00065422934674776666 0.00065422934674776666 0.00065422934674776666 1 1 1 Converged Converged Converged OK OK OK 107 107 107 107 107 107 5 5 5 0 0 0 0 1 0 0 1
107 107 linear 1 0 11 0 1.0000000000000001e-05 0.88252605170214315 0.00087883732690101758 0.00029821630033484864 0.23948918237078295 -0.030528746103180307 0.23942953911071599 0.5 -0.23865462329945772 12.288673138279375 OK 14 13 0.40595399999999998 0.40639799999999998 0.18151200000000001 0.222937 0.223889 0 0.18301699999999999 0.18250899999999998 0.18151200000000001 0.011664000000000001 0.011826 0.011218000000000001 0.13883999999999994 0.13802099999999998 0.13811599999999993 0.0066480000000000003 0.0069279999999999993 0.0067270000000000003 0.0015059999999999997 0.0015270000000000001 0.0014639999999999998 12.288710702128476 12.288710702128476 12.288710702128476 2.6607370579575298e-05 2.6607370579575298e-05 2.6607370579575298e-05 1 1 1 Converged Converged Converged OK OK OK 139 139 139 139 139 139 5 5 5 0 0 0 0 0 1 0 0
107 107 linear 1 7 11 1 1.0000000000000001e-05 0.88252605170214315 0.00087883732690101758 0.00029821630033484864 0.23948918237078295 -0.030528746103180307 0.23946584370380022 0.5 -0.23869092789254195 12.091917248885741 OK 14 13 0.400339 0.33556200000000003 0.17700199999999999 0.22171399999999999 0.078874 0 0.17862500000000001 0.25668800000000003 0.17700199999999999 0.011058 0.010874 0.010331 0.13857900000000001 0.21696699999999991 0.13827599999999995 0.006696999999999999 0.0066739999999999994 0.0066879999999999986 0.001407 0.0014120000000000001 0.0013690000000000002 12.091995925813093 12.091995925813093 12.091995925813093 2.4317619558877828e-05 2.4317619558877828e-05 2.4317619558877828e-05 1 1 1 Converged Converged Converged OK OK OK 139 139 139 139 139 139 5 5 5 0 0 0 0 1 0 0 1
107 107 linear 1 15 11 2 1.0000000000000001e-05 0.88252605170214315 0.00087883732690101758 0.00029821630033484864 0.23948918237078295 -0.030528746103180307 0.23950733466732507 0.5 -0.2387324188560668 11.866404076250429 OK 14 13 0.40349400000000002 0.33213900000000002 0.17513000000000001 0.225829 0.077798999999999993 0 0.17766500000000002 0.25434000000000001 0.17513000000000001 0.011039 0.010935 0.010227 0.13734799999999997 0.21428799999999992 0.13666599999999998 0.0069279999999999993 0.0068479999999999999 0.0066549999999999986 0.001415 0.0014190000000000001 0.001377 11.866459009115758 11.866459009115758 11.866459009115758 2.1876393946347611e-05 2.1876393946347611e-05 2.1876393946347611e-05 1 1 1 Converged Converged Converged OK OK OK 139 139 139 139 139 139 5 5 5 0 0 0 0 1 0 0 1
107 107 linear 1 23 11 3 1.0000000000000001e-05 0.88252605170214315 0.00087883732690101758 0.00029821630033484864 0.23948918237078295 -0.030528746103180307 0.23954882563084992 0.5 -0.23877390981959165 11.640165255782096 OK 14 13 0.40032600000000002 0.34254800000000002 0.17557900000000001 0.22150800000000001 0.077682000000000001 0 0.178818 0.26486600000000005 0.17557900000000001 0.011006 0.010924 0.010258 0.13836200000000004 0.22316399999999989 0.13693399999999997 0.0070139999999999994 0.0070839999999999992 0.0066860000000000001 0.0014009999999999999 0.0014680000000000001 0.0013749999999999999 11.640211341149476 11.640211341149476 11.640211341149476 1.961480410206306e-05 1.961480410206306e-05 1.961480410206306e-05 1 1 1 Converged Converged Converged OK OK OK 139 139 139 139 139 139 5 5 5 0 0 0 0 1 0 0 1
107 107 linear 1 0 11 0 9.9999999999999995e-07 0.88252605170214315 0.00087883732690101758 0.00029821630033484864 0.23948918237078295 -0.030528746103180307 0.23942953911071599 0.5 -0.23865462329945772 12.288673138279375 OK 14 13 0.42645300000000003 0.43237399999999998 0.20489399999999999 0.22679299999999999 0.22054599999999999 0 0.19966000000000003 0.21182799999999999 0.20489399999999999 0.011754000000000001 0.011639999999999999 0.012486000000000001 0.15271500000000002 0.16324799999999992 0.15699400000000002 0.0076349999999999994 0.0080309999999999999 0.0077289999999999998 0.001603 0.001763 0.0016299999999999997 12.288710702128361 12.288710702128361 12.288710702128361 2.6974475245225335e-08 2.6974475245225335e-08 2.6974475245225335e-08 1 1 1 Converged Converged Converged OK OK OK 155 155 155 155 155 155 5 5 5 0 0 0 0 0 1 0 0
107 107 linear 1 7 11 1 9.9999999999999995e-07 0.88252605170214315 0.00087883732690101758 0.00029821630033484864 0.23948918237078295 -0.030528746103180307 0.23946584370380022 0.5 -0.23869092789254195 12.091917248885741 OK 14 13 0.41581200000000001 0.38823999999999997 0.197209 0.221299 0.086551000000000003 0 0.19451300000000002 0.30168899999999998 0.197209 0.010931 0.012088 0.011565000000000001 0.15236200000000003 0.25675900000000007 0.15438599999999994 0.0074110000000000001 0.0078219999999999991 0.0075439999999999995 0.001506 0.0015790000000000001 0.0015170000000000001 12.091995925812411 12.091995925812411 12.091995925812411 2.7536513590068619e-08 2.7536513590068619e-08 2.7536513590068619e-08 1 1 1 Converged Converged Converged OK OK OK 155 155 155 155 155 155 5 5 5 0 0 0 0 1 0 0 1
107 107 linear 1 15 11 2 9.9999999999999995e-07 0.88252605170214315 0.00087883732690101758 0.00029821630033484864 0.23948918237078295 -0.030528746103180307 0.23950733466732507 0.5 -0.2387324188560668 11.866404076250429 OK 14 13 0.41857800000000001 0.39262900000000001 0.190967 0.22511800000000001 0.086157999999999998 0 0.19345999999999999 0.30647099999999999 0.190967 0.010869999999999999 0.011790999999999999 0.010239 0.15139399999999995 0.26130699999999996 0.14987099999999998 0.007363999999999999 0.0080540000000000004 0.0074960000000000001 0.0015280000000000001 0.0016360000000000001 0.0015020000000000001 11.866459009114617 11.866459009114617 11.866459009114617 2.8248464729868056e-08 2.8248464729868056e-08 2.8248464729868056e-08 1 1 1 Converged Converged Converged OK OK OK 155 155 155 155 155 155 5 5 5 0 0 0 0 1 0 0 1
107 107 linear 1 23 11 3 9.9999999999999995e-07 0.88252605170214315 0.00087883732690101758 0.00029821630033484864 0.23948918237078295 -0.030528746103180307 0.23954882563084992 0.5 -0.23877390981959165 11.640165255782096 OK 14 13 0.41677799999999998 0.39829300000000001 0.198098 0.221 0.090468999999999994 0 0.19577799999999998 0.30782399999999999 0.198098 0.010741000000000001 0.012085 0.010279 0.15351099999999995 0.26156400000000002 0.15267100000000006 0.0075340000000000008 0.0080250000000000009 0.0074999999999999997 0.0015170000000000001 0.0016560000000000004 0.0057760000000000016 11.640211341148541 11.640211341148541 11.640211341148541 2.9040729152781346e-08 2.9040729152781346e-08 2.9040729152781346e-08 1 1 1 Converged Converged Converged OK OK OK 155 155 155 155 155 155 5 5 5 0 0 0 0 1 0 0 1
107 107 linear 1 0 11 0 9.9999999999999995e-08 0.88252605170214315 0.00087883732690101758 0.00029821630033484864 0.23948918237078295 -0.030528746103180307 0.23942953911071599 0.5 -0.23865462329945772 12.288673138279375 OK 14 13 0.42468499999999998 0.42569099999999999 0.197327 0.22567300000000001 0.22678699999999999 0 0.19901199999999997 0.198904 0.197327 0.01162 0.011820000000000001 0.011162999999999999 0.15265500000000004 0.15245 0.15179700000000013 0.0073929999999999994 0.0074210000000000005 0.0074419999999999998 0.0015900000000000001 0.0016309999999999996 0.0015739999999999997 12.288710702128361 12.288710702128361 12.288710702128361 2.6974475245225335e-08 2.6974475245225335e-08 2.6974475245225335e-08 1 1 1 Converged Converged Converged OK OK OK 155 155 155 155 155 155 5 5 5 0 0 0 0 0 1 0 0
107 107 linear 1 7 11 1 9.9999999999999995e-08 0.88252605170214315 0.00087883732690101758 0.00029821630033484864 0.23948918237078295 -0.030528746103180307 0.23946584370380022 0.5 -0.23869092789254195 12.091917248885741 OK 14 13 0.42238900000000001 0.36440800000000001 0.19239800000000001 0.224414 0.079727000000000006 0 0.19797500000000001 0.28468100000000002 0.19239800000000001 0.010793000000000001 0.010893 0.010241999999999999 0.15602999999999989 0.24244200000000002 0.15139899999999998 0.007365 0.0073600000000000002 0.0072979999999999989 0.001519 0.0015459999999999998 0.0015019999999999999 12.091995925812411 12.091995925812411 12.091995925812411 2.7536513590068619e-08 2.7536513590068619e-08 2.7536513590068619e-08 1 1 1 Converged Converged Converged OK OK OK 155 155 155 155 155 155 5 5 5 0 0 0 0 1 0 0 1
107 107 linear 1 15 11 2 9.9999999999999995e-08 0.88252605170214315 0.00087883732690101758 0.00029821630033484864 0.23948918237078295 -0.030528746103180307 0.23950733466732507 0.5 -0.2387324188560668 11.866404076250429 OK 14 13 0.41666799999999998 0.36617899999999998 0.19373199999999999 0.22384999999999999 0.079833000000000001 0 0.19281799999999999 0.28634599999999999 0.19373199999999999 0.01077 0.010770999999999999 0.010266000000000001 0.15103799999999995 0.24437400000000006 0.15288400000000002 0.0072999999999999992 0.0073730000000000011 0.007307000000000001 0.0015190000000000002 0.0015380000000000001 0.0014950000000000002 11.866459009114617 11.866459009114617 11.866459009114617 2.8248464729868056e-08 2.8248464729868056e-08 2.8248464729868056e-08 1 1 1 Converged Converged Converged OK OK OK 155 155 155 155 155 155 5 5 5 0 0 0 0 1 0 0 1
107 107 linear 1 23 11 3 9.9999999999999995e-08 0.88252605170214315 0.00087883732690101758 0.00029821630033484864 0.23948918237078295 -0.030528746103180307 0.23954882563084992 0.5 -0.23877390981959165 11.640165255782096 OK 14 13 0.41882599999999998 0.36490099999999998 0.19359599999999999 0.22370000000000001 0.080034999999999995 0 0.19512599999999997 0.28486599999999995 0.19359599999999999 0.010779 0.010688 0.010326999999999999 0.15318599999999991 0.24283900000000003 0.15254200000000001 0.0073930000000000003 0.0074350000000000006 0.0073740000000000003 0.0015019999999999999 0.0015409999999999996 0.001487 11.640211341148541 11.640211341148541 11.640211341148541 2.9040729152781346e-08 2.9040729152781346e-08 2.9040729152781346e-08 1 1 1 Converged Converged Converged OK OK OK 155 155 155 155 155 155 5 5 5 0 0 0 0 1 0 0 1
107 107 linear 2 0 12 0 0.0001 0.88252605170214315 0.00087883732690101758 0.00029821630033484864 0.00064488029264252373 -0.00027428527485888634 0.00058523703257555397 0.5 0.00018967877868272711 2165.8104542983251 OK 15 14 0.68659300000000001 0.63026499999999996 0.26194800000000001 0.38690999999999998 0.36667899999999998 0 0.29968300000000003 0.26358599999999999 0.26194800000000001 0.016532999999999999 0.014215999999999999 0.01389 0.2405229999999999 0.21369299999999983 0.21256699999999995 0.0099690000000000004 0.00809 0.008147999999999999 0.0015270000000000001 0.001462 0.001359 2165.8174884346877 2165.8174884346877 2165.8174884346877 0.19912788713987276 0.19912788713987276 0.19912788713987276 1 1 1 Converged Converged Converged OK OK OK 128 128 128 128 128 128 8 8 8 0 0 0 0 0 1 0 0
107 107 linear 2 7 12 1 0.0001 0.88252605170214315 0.00087883732690101758 0.00029821630033484864 0.00064488029264252373 -0.00027428527485888634 0.00062154162565979641 0.5 0.00015337418559848467 1867.2268832941029 OK 15 14 0.72310700000000006 0.62953300000000001 0.27307199999999998 0.45403700000000002 0.27847499999999997 0 0.26907000000000003 0.35105800000000004 0.27307199999999998 0.012843 0.012936 0.012181000000000001 0.225184 0.30663699999999994 0.23013600000000015 0.0074610000000000006 0.0079089999999999994 0.0078459999999999988 0.0011720000000000001 0.001273 0.0013359999999999997 1867.2226255218332 1867.2226255218332 1867.2226255218332 0.17990838089143943 0.17990838089143943 0.17990838089143943 1 1 1 Converged Converged Converged OK OK OK 128 128 128 128 128 128 8 8 8 0 0 0 0 1 0 0 1
107 107 linear 2 15 12 2 0.0001 0.88252605170214315 0.00087883732690101758 0.00029821630033484864 0.00064488029264252373 -0.00027428527485888634 0.00066303258918464501 0.5 0.00011188322207363608 1413.3967139363713 OK 17 16 0.87441800000000003 0.80848299999999995 0.37935000000000002 0.48476999999999998 0.32557199999999997 0 0.38964800000000005 0.48291099999999998 0.37935000000000002 0.017925 0.018303 0.017569999999999999 0.32112500000000005 0.41975800000000002 0.31967700000000027 0.010605 0.010954000000000002 0.010248 0.0019720000000000002 0.0022640000000000004 0.0020089999999999999 1413.3758682622565 1413.3758682622565 1413.3758682622565 0.073479791426345836 0.073479791426345836 0.073479791426345836 1 1 1 Converged Converged Converged OK OK OK 174 174 174 174 174 174 10 10 10 0 0 0 0 1 0 0 1
107 107 linear 2 23 12 3 0.0001 0.88252605170214315 0.00087883732690101758 0.00029821630033484864 0.00064488029264252373 -0.00027428527485888634 0.00070452355270949349 0.5 7.039225854878759e-05 1279.8521807384927 OK 15 14 0.72202200000000005 0.63379399999999997 0.23068 0.48261700000000002 0.33961999999999998 0 0.23940500000000003 0.29417399999999999 0.23068 0.013214 0.013096999999999999 0.012062 0.20001599999999992 0.25488100000000002 0.19541400000000003 0.0072329999999999998 0.0075130000000000006 0.0062070000000000007 0.00166 0.001588 0.00148 1279.8522782285659 1279.8522782285659 1279.8522782285659 0.0571778935893772 0.0571778935893772 0.0571778935893772 1 1 1 Converged Converged Converged OK OK OK 127 127 127 127 127 127 9 9 9 0 0 0 0 1 0 0 1
107 107 linear 2 0 12 0 1.0000000000000001e-05 0.88252605170214315 0.00087883732690101758 0.00029821630033484864 0.00064488029264252373 -0.00027428527485888634 0.00058523703257555397 0.5 0.00018967877868272711 2165.8104542983251 OK 15 14 0.80345599999999995 0.80875699999999995 0.44787500000000002 0.35828500000000002 0.35831600000000002 0 0.44517099999999993 0.45044099999999992 0.44787500000000002 0.014463999999999999 0.014328 0.015491 0.32183500000000015 0.3269290000000003 0.31769899999999984 0.017168000000000003 0.017714999999999998 0.017085000000000003 0.0017619999999999999 0.0018540000000000002 0.0017160000000000001 2165.8153958188996 2165.8153958188996 2165.8153958188996 0.013972422205393372 0.013972422205393372 0.013972422205393372 1 1 1 Converged Converged Converged OK OK OK 200 200 200 200 200 200 8 8 8 0 0 0 0 0 1 0 0
107 107 linear 2 7 12 1 1.0000000000000001e-05 0.88252605170214315 0.00087883732690101758 0.00029821630033484864 0.00064488029264252373 -0.00027428527485888634 0.00062154162565979641 0.5 0.00015337418559848467 1867.2268832941029 OK 15 14 0.84794700000000001 0.98612599999999995 0.40602700000000003 0.43895899999999999 0.27947899999999998 0 0.40898800000000002 0.70664700000000003 0.40602700000000003 0.012983 0.014163 0.012586999999999999 0.33667599999999975 0.62356000000000034 0.33532299999999982 0.016718 0.020917000000000002 0.016728 0.0015829999999999998 0.0015960000000000002 0.0016299999999999999 1867.2205166467863 1867.2205166467863 1867.2205166467863 0.010108600135348882 0.010108600135348882 0.010108600135348882 1 1 1 Converged Converged Converged OK OK OK 200 200 200 200 200 200 8 8 8 0 0 0 0 1 0 0 1
107 107 linear 2 15 12 2 1.0000000000000001e-05 0.88252605170214315 0.00087883732690101758 0.00029821630033484864 0.00064488029264252373 -0.00027428527485888634 0.00066303258918464501 0.5 0.00011188322207363608 1413.3967139363713 OK 17 16 0.90767100000000001 0.871749 0.42138300000000001 0.49130099999999999 0.334061 0 0.41637000000000002 0.53768799999999994 0.42138300000000001 0.017871000000000001 0.019491000000000001 0.017697999999999998 0.34985999999999989 0.46738600000000008 0.35592099999999999 0.011594 0.012391999999999999 0.011616 0.0023440000000000002 0.0024980000000000002 0.0023189999999999999 1413.3736256548646 1413.3736256548646 1413.3736256548646 0.012606417308119049 0.012606417308119049 0.012606417308119049 1 1 1 Converged Converged Converged OK OK OK 198 198 198 198 198 198 10 10 10 0 0 0 0 1 0 0 1
107 107 linear 2 23 12 3 1.0000000000000001e-05 0.88252605170214315 0.00087883732690101758 0.00029821630033484864 0.00064488029264252373 -0.00027428527485888634 0.00070452355270949349 0.5 7.039225854878759e-05 1279.8521807384927 OK 15 14 0.80997600000000003 0.73406099999999996 0.318386 0.488068 0.33337600000000001 0 0.32190800000000003 0.40068499999999996 0.318386 0.013159000000000001 0.013155 0.012364999999999999 0.27285499999999996 0.35121800000000009 0.271287 0.0095270000000000007 0.0097590000000000003 0.0092759999999999995 0.0018179999999999997 0.0019550000000000001 0.0019079999999999998 1279.8500669720645 1279.8500669720645 1279.8500669720645 0.0095062822657487542 0.0095062822657487542 0.0095062822657487542 1 1 1 Converged Converged Converged OK OK OK 167 167 167 167 167 167 9 9 9 0 0 0 0 1 0 0 1
107 107 linear 2 0 12 0 9.9999999999999995e-07 0.88252605170214315 0.00087883732690101758 0.00029821630033484864 0.00064488029264252373 -0.00027428527485888634 0.00058523703257555397 0.5 0.00018967877868272711 2165.8104542983251 OK 15 14 0.93145 0.91862600000000005 0.55528900000000003 0.36985699999999999 0.36840200000000001 0 0.56159300000000001 0.55022400000000005 0.55528900000000003 0.015744999999999999 0.014312 0.014192 0.41500999999999999 0.40754200000000007 0.41347700000000026 0.020728000000000003 0.020603999999999997 0.020755000000000003 0.0024920000000000003 0.0024279999999999996 0.0024489999999999998 2165.8153989707384 2165.8153989707384 2165.8153989707384 0.0012889827341260895 0.0012889827341260895 0.0012889827341260895 1 1 1 Converged Converged Converged OK OK OK 256 256 256 256 256 256 8 8 8 0 0 0 0 0 1 0 0
107 107 linear 2 7 12 1 9.9999999999999995e-07 0.88252605170214315 0.00087883732690101758 0.00029821630033484864 0.00064488029264252373 -0.00027428527485888634 0.00062154162565979641 0.5 0.00015337418559848467 1867.2268832941029 OK 15 14 0.95586300000000002 0.97072199999999997 0.511911 0.44083099999999997 0.29034100000000002 0 0.51503200000000005 0.6803809999999999 0.511911 0.013127 0.013225000000000001 0.012330000000000001 0.4303059999999998 0.5931029999999996 0.42842500000000011 0.020237999999999999 0.021931999999999997 0.020445000000000005 0.0023310000000000002 0.0023899999999999998 0.002258 1867.2205198146075 1867.2205198146075 1867.2205198146075 0.0011349595973052329 0.0011349595973052329 0.0011349595973052329 1 1 1 Converged Converged Converged OK OK OK 256 256 256 256 256 256 8 8 8 0 0 0 0 1 0 0 1
107 107 linear 2 15 12 2 9.9999999999999995e-07 0.88252605170214315 0.00087883732690101758 0.00029821630033484864 0.00064488029264252373 -0.00027428527485888634 0.00066303258918464501 0.5 0.00011188322207363608 1413.3967139363713 OK 17 16 1.1976549999999999 1.188963 0.72668900000000003 0.49325799999999997 0.33467999999999998 0 0.70439699999999994 0.85428300000000001 0.72668900000000003 0.018239999999999999 0.018408999999999998 0.017500000000000002 0.55807099999999976 0.71026199999999984 0.58030100000000007 0.025222000000000001 0.024898999999999998 0.025381000000000001 0.0035660000000000006 0.0032870000000000009 0.0037100000000000006 1413.3736293052953 1413.3736293052953 1413.3736293052953 0.00049948363834603716 0.00049948363834603716 0.00049948363834603716 1 1 1 Converged Converged Converged OK OK OK 318 318 318 318 318 318 10 10 10 0 0 0 0 1 0 0 1
107 107 linear 2 23 12 3 9.9999999999999995e-07 0.88252605170214315 0.00087883732690101758 0.00029821630033484864 0.00064488029264252373 -0.00027428527485888634 0.00070452355270949349 0.5 7.039225854878759e-05 1279.8521807384927 OK 15 14 0.91854599999999997 0.88217000000000001 0.43627500000000002 0.48744999999999999 0.34427799999999997 0 0.43109599999999998 0.53789200000000004 0.43627500000000002 0.013568 0.013542 0.012546 0.36564999999999986 0.47250300000000012 0.37234099999999992 0.015178000000000001 0.015007 0.014806999999999997 0.00282 0.0026820000000000004 0.0027819999999999998 1279.8500699873271 1279.8500699873271 1279.8500699873271 0.00069500315789082197 0.00069500315789082197 0.00069500315789082197 1 1 1 Converged Converged Converged OK OK OK 239 239 239 239 239 239 9 9 9 0 0 0 0 1 0 0 1
107 107 linear 2 0 12 0 9.9999999999999995e-08 0.88252605170214315 0.00087883732690101758 0.00029821630033484864 0.00064488029264252373 -0.00027428527485888634 0.00058523703257555397 0.5 0.00018967877868272711 2165.8104542983251 OK 15 14 1.2432650000000001 1.239636 0.87189000000000005 0.360703 0.36113299999999998 0 0.88256200000000007 0.87850300000000003 0.87189000000000005 0.014551 0.014409999999999999 0.014485 0.60648899999999972 0.60518699999999992 0.60373600000000005 0.053967000000000001 0.059531000000000001 0.052802000000000002 0.0027989999999999998 0.0029329999999999998 0.0028419999999999999 2165.8153991156164 2165.8153991156164 2165.8153991156164 4.6590538882878675e-05 4.6590538882878675e-05 4.6590538882878675e-05 1 1 1 Converged Converged Converged OK OK OK 392 392 392 392 392 392 8 8 8 0 0 0 0 0 1 0 0
107 107 linear 2 7 12 1 9.9999999999999995e-08 0.88252605170214315 0.00087883732690101758 0.00029821630033484864 0.00064488029264252373 -0.00027428527485888634 0.00062154162565979641 0.5 0.00015337418559848467 1867.2268832941029 OK 15 14 1.261253 1.4064939999999999 0.81396999999999997 0.44545699999999999 0.28098800000000002 0 0.81579599999999997 1.1255059999999999 0.81396999999999997 0.013221999999999999 0.013481999999999999 0.018245000000000001 0.64469199999999949 0.95655400000000002 0.64199399999999995 0.052198999999999995 0.052905000000000008 0.053081999999999997 0.0028060000000000003 0.0028340000000000006 0.0026190000000000002 1867.2205199105974 1867.2205199105974 1867.2205199105974 4.5187088494427823e-05 4.5187088494427823e-05 4.5187088494427823e-05 1 1 1 Converged Converged Converged OK OK OK 392 392 392 392 392 392 8 8 8 0 0 0 0 1 0 0 1
107 107 linear 2 15 12 2 9.9999999999999995e-08 0.88252605170214315 0.00087883732690101758 0.00029821630033484864 0.00064488029264252373 -0.00027428527485888634 0.00066303258918464501 0.5 0.00011188322207363608 1413.3967139363713 OK 17 16 1.178021 1.276762 0.69281599999999999 0.49007699999999998 0.33248 0 0.687944 0.94428199999999995 0.69281599999999999 0.018422000000000001 0.018598 0.018138000000000001 0.57712499999999944 0.82810899999999965 0.58440499999999995 0.026075999999999998 0.026528999999999997 0.024582 0.003563999999999999 0.0034949999999999998 0.0035760000000000002 1413.3736289902665 1413.3736289902665 1413.3736289902665 6.4723518350946649e-05 6.4723518350946649e-05 6.4723518350946649e-05 1 1 1 Converged Converged Converged OK OK OK 326 326 326 326 326 326 10 10 10 0 0 0 0 1 0 0 1
107 107 linear 2 23 12 3 9.9999999999999995e-08 0.88252605170214315 0.00087883732690101758 0.00029821630033484864 0.00064488029264252373 -0.00027428527485888634 0.00070452355270949349 0.5 7.039225854878759e-05 1279.8521807384927 OK 15 14 0.953318 0.94255999999999995 0.45629500000000001 0.48558600000000002 0.340951 0 0.46773199999999998 0.60160899999999995 0.45629500000000001 0.013599999999999999 0.014884 0.012907999999999999 0.39813899999999997 0.53006800000000021 0.39001599999999953 0.016419000000000003 0.01651 0.015349 0.0031140000000000004 0.0030070000000000001 0.002928 1279.8500696739363 1279.8500696739363 1279.8500696739363 5.6098457850078391e-05 5.6098457850078391e-05 5.6098457850078391e-05 1 1 1 Converged Converged Converged OK OK OK 263 263 263 263 263 263 9 9 9 0 0 0 0 1 0 0 1
107 107 linear 3 0 13 0 0.0001 0.88252605170214315 0.00087883732690101758 0.00029821630033484864 0.21742345106515143 -0.028281199777398437 0.21736380780508446 0.5 -0.21658889199382619 11.397928619605263 OK 13 12 0.31739400000000001 0.317191 0.10381600000000001 0.216197 0.21607899999999999 0 0.10119700000000001 0.10111200000000001 0.10381600000000001 0.0088620000000000001 0.0087810000000000006 0.0084799999999999997 0.071777999999999995 0.072239999999999985 0.075234000000000009 0.0040109999999999998 0.0039499999999999995 0.0040099999999999997 0.00079000000000000001 0.00080400000000000003 0.00081700000000000002 11.39792127726237 11.39792127726237 11.39792127726237 4.9517052520127076e-05 4.9517052520127076e-05 4.9517052520127076e-05 1 1 1 Converged Converged Converged OK OK OK 77 77 77 77 77 77 3 3 3 0 0 0 0 0 1 0 0
107 107 linear 3 7 13 1 0.0001 0.88252605170214315 0.00087883732690101758 0.00029821630033484864 0.21742345106515143 -0.028281199777398437 0.2174001123981687 0.5 -0.21662519658691043 11.46783483373293 OK 13 12 0.32327800000000001 0.22852600000000001 0.098125000000000004 0.22315199999999999 0.073068999999999995 0 0.10012600000000002 0.15545700000000001 0.098125000000000004 0.008097 0.0082240000000000004 0.0077419999999999998 0.072757000000000002 0.12836799999999995 0.071937999999999974 0.0040280000000000003 0.0039839999999999997 0.0039019999999999997 0.00081799999999999993 0.00080799999999999991 0.00078399999999999997 11.46782761412585 11.46782761412585 11.46782761412585 4.9626997533441356e-05 4.9626997533441356e-05 4.9626997533441356e-05 1 1 1 Converged Converged Converged OK OK OK 77 77 77 77 77 77 3 3 3 0 0 0 0 1 0 0 1
107 107 linear 3 15 13 2 0.0001 0.88252605170214315 0.00087883732690101758 0.00029821630033484864 0.21742345106515143 -0.028281199777398437 0.21744160336169355 0.5 -0.21666668755043528 11.550645899738575 OK 13 12 0.31492399999999998 0.22733700000000001 0.097321000000000005 0.21631700000000001 0.073509000000000005 0 0.098606999999999972 0.15382800000000002 0.097321000000000005 0.0080839999999999992 0.0082170000000000003 0.0077910000000000002 0.071625999999999981 0.12693099999999999 0.071124999999999994 0.003993 0.0040419999999999996 0.0039590000000000007 0.00078300000000000006 0.00078399999999999997 0.00078399999999999997 11.550638661664435 11.550638661664435 11.550638661664435 4.9756906002509245e-05 4.9756906002509245e-05 4.9756906002509245e-05 1 1 1 Converged Converged Converged OK OK OK 77 77 77 77 77 77 3 3 3 0 0 0 0 1 0 0 1
107 107 linear 3 23 13 3 0.0001 0.88252605170214315 0.00087883732690101758 0.00029821630033484864 0.21742345106515143 -0.028281199777398437 0.2174830943252184 0.5 -0.21670817851396013 11.636802064458832 OK 13 12 0.31243300000000002 0.22762399999999999 0.097653000000000004 0.21333299999999999 0.073276999999999995 0 0.099100000000000021 0.15434700000000001 0.097653000000000004 0.0081510000000000003 0.0081779999999999995 0.0077260000000000002 0.071847000000000008 0.12733300000000003 0.071362000000000023 0.0040750000000000005 0.0040419999999999996 0.004032 0.0007809999999999999 0.00082399999999999986 0.00079799999999999999 11.636794871210933 11.636794871210933 11.636794871210933 4.9891969742484346e-05 4.9891969742484346e-05 4.9891969742484346e-05 1 1 1 Converged Converged Converged OK OK OK 77 77 77 77 77 77 3 3 3 0 0 0 0 1 0 0 1
107 107 linear 3 0 13 0 1.0000000000000001e-05 0.88252605170214315 0.00087883732690101758 0.00029821630033484864 0.21742345106515143 -0.028281199777398437 0.21736380780508446 0.5 -0.21658889199382619 11.397928619605263 OK 13 12 0.31592999999999999 0.31747599999999998 0.099857000000000001 0.215142 0.21659100000000001 0 0.10078799999999999 0.10088499999999997 0.099857000000000001 0.0087290000000000006 0.0090220000000000005 0.008482 0.071948999999999985 0.071882000000000015 0.071625000000000008 0.0038999999999999998 0.0039709999999999997 0.0038120000000000003 0.00079100000000000004 0.00080800000000000002 0.00078100000000000001 11.39792127726237 11.39792127726237 11.39792127726237 4.9517052520127076e-05 4.9517052520127076e-05 4.9517052520127076e-05 1 1 1 Converged Converged Converged OK OK OK 77 77 77 77 77 77 3 3 3 0 0 0 0 0 1 0 0
107 107 linear 3 7 13 1 1.0000000000000001e-05 0.88252605170214315 0.00087883732690101758 0.00029821630033484864 0.21742345106515143 -0.028281199777398437 0.2174001123981687 0.5 -0.21662519658691043 11.46783483373293 OK 13 12 0.31580200000000003 0.22987299999999999 0.098001000000000005 0.215948 0.074658000000000002 0 0.099854000000000026 0.15521499999999999 0.098001000000000005 0.0080610000000000005 0.0083040000000000006 0.0076889999999999997 0.072829000000000005 0.12816899999999998 0.071857999999999991 0.0039259999999999998 0.0039680000000000002 0.003885 0.00079300000000000009 0.0007899999999999999 0.00079599999999999994 11.46782761412585 11.46782761412585 11.46782761412585 4.9626997533441356e-05 4.9626997533441356e-05 4.9626997533441356e-05 1 1 1 Converged Converged Converged OK OK OK 77 77 77 77 77 77 3 3 3 0 0 0 0 1 0 0 1
107 107 linear 3 15 13 2 1.0000000000000001e-05 0.88252605170214315 0.00087883732690101758 0.00029821630033484864 0.21742345106515143 -0.028281199777398437 0.21744160336169355 0.5 -0.21666668755043528 11.550645899738575 OK 13 12 0.316108 0.233542 0.097223000000000004 0.215838 0.075769000000000003 0 0.10027 0.157773 0.097223000000000004 0.0080770000000000008 0.0082869999999999992 0.0076990000000000001 0.071944000000000008 0.13062500000000005 0.071115999999999999 0.0040340000000000003 0.0040160000000000005 0.0039410000000000001 0.00080699999999999999 0.00079299999999999998 0.00077899999999999996 11.550638661664435 11.550638661664435 11.550638661664435 4.9756906002509245e-05 4.9756906002509245e-05 4.9756906002509245e-05 1 1 1 Converged Converged Converged OK OK OK 77 77 77 77 77 77 3 3 3 0 0 0 0 1 0 0 1
107 107 linear 3 23 13 3 1.0000000000000001e-05 0.88252605170214315 0.00087883732690101758 0.00029821630033484864 0.21742345106515143 -0.028281199777398437 0.2174830943252184 0.5 -0.21670817851396013 11.636802064458832 OK 13 12 0.31448599999999999 0.229661 0.097254999999999994 0.21557799999999999 0.075111999999999998 0 0.098907999999999996 0.15454899999999999 0.097254999999999994 0.008149 0.0082850000000000007 0.0076759999999999997 0.071993000000000015 0.12760299999999999 0.071231000000000003 0.0040930000000000003 0.0039710000000000006 0.0039570000000000004 0.00080400000000000003 0.00080600000000000008 0.00077800000000000005 11.636794871210933 11.636794871210933 11.636794871210933 4.9891969742484346e-05 4.9891969742484346e-05 4.9891969742484346e-05 1 1 1 Converged Converged Converged OK OK OK 77 77 77 77 77 77 3 3 3 0 0 0 0 1 0 0 1
107 107 linear 3 0 13 0 9.9999999999999995e-07 0.88252605170214315 0.00087883732690101758 0.00029821630033484864 0.21742345106515143 -0.028281199777398437 0.21736380780508446 0.5 -0.21658889199382619 11.397928619605263 OK 13 12 0.335478 0.33288899999999999 0.123192 0.212649 0.21310000000000001 0 0.12282899999999999 0.11978899999999998 0.123192 0.0087290000000000006 0.0087390000000000002 0.0097199999999999995 0.088801000000000019 0.085982000000000017 0.088085000000000011 0.0047800000000000004 0.0047010000000000003 0.004803 0.00096099999999999994 0.000977 0.00094600000000000023 11.39792127728877 11.39792127728877 11.39792127728877 9.8800491890408862e-07 9.8800491890408862e-07 9.8800491890408862e-07 1 1 1 Converged Converged Converged OK OK OK 93 93 93 93 93 93 3 3 3 0 0 0 0 0 1 0 0
107 107 linear 3 7 13 1 9.9999999999999995e-07 0.88252605170214315 0.00087883732690101758 0.00029821630033484864 0.21742345106515143 -0.028281199777398437 0.2174001123981687 0.5 -0.21662519658691043 11.46783483373293 OK 13 12 0.330017 0.25748799999999999 0.119783 0.21298300000000001 0.071777999999999995 0 0.117034 0.18570999999999999 0.119783 0.0081209999999999997 0.008175 0.0090329999999999994 0.086032999999999984 0.15500199999999997 0.08768200000000001 0.0047809999999999997 0.0048209999999999998 0.0049319999999999998 0.00093500000000000007 0.00092499999999999993 0.00094399999999999996 11.467827614152283 11.467827614152283 11.467827614152283 1.0302339578976086e-06 1.0302339578976086e-06 1.0302339578976086e-06 1 1 1 Converged Converged Converged OK OK OK 93 93 93 93 93 93 3 3 3 0 0 0 0 1 0 0 1
107 107 linear 3 15 13 2 9.9999999999999995e-07 0.88252605170214315 0.00087883732690101758 0.00029821630033484864 0.21742345106515143 -0.028281199777398437 0.21744160336169355 0.5 -0.21666668755043528 11.550645899738575 OK 13 12 0.329374 0.26488800000000001 0.1195 0.21235699999999999 0.073603000000000002 0 0.11701700000000001 0.19128500000000001 0.1195 0.008149 0.0082229999999999994 0.0088640000000000004 0.086058999999999997 0.15991799999999998 0.087635999999999978 0.004731 0.0048390000000000004 0.0048989999999999997 0.00092699999999999998 0.00094800000000000027 0.00094600000000000001 11.550638661690911 11.550638661690911 11.550638661690911 1.0826189771247027e-06 1.0826189771247027e-06 1.0826189771247027e-06 1 1 1 Converged Converged Converged OK OK OK 93 93 93 93 93 93 3 3 3 0 0 0 0 1 0 0 1
107 107 linear 3 23 13 3 9.9999999999999995e-07 0.88252605170214315 0.00087883732690101758 0.00029821630033484864 0.21742345106515143 -0.028281199777398437 0.2174830943252184 0.5 -0.21670817851396013 11.636802064458832 OK 13 12 0.33221200000000001 0.27593800000000002 0.119475 0.212449 0.079686999999999994 0 0.11976300000000001 0.19625100000000001 0.119475 0.008116 0.0093740000000000004 0.0078810000000000009 0.088704000000000019 0.163524 0.088616000000000028 0.0049179999999999996 0.0050559999999999997 0.0049390000000000007 0.0010439999999999998 0.0010040000000000001 0.00097100000000000007 11.636794871237454 11.636794871237454 11.636794871237454 1.1400163471511111e-06 1.1400163471511111e-06 1.1400163471511111e-06 1 1 1 Converged Converged Converged OK OK OK 93 93 93 93 93 93 3 3 3 0 0 0 0 1 0 0 1
107 107 linear 3 0 13 0 9.9999999999999995e-08 0.88252605170214315 0.00087883732690101758 0.00029821630033484864 0.21742345106515143 -0.028281199777398437 0.21736380780508446 0.5 -0.21658889199382619 11.397928619605263 OK 13 12 0.33376400000000001 0.33951999999999999 0.119426 0.21308199999999999 0.21897 0 0.12068200000000001 0.12054999999999999 0.119426 0.0087209999999999996 0.0088419999999999992 0.0085039999999999994 0.086558999999999997 0.086540999999999979 0.085905999999999968 0.0047699999999999999 0.0047940000000000005 0.0046929999999999993 0.00096200000000000007 0.001 0.00094799999999999995 11.39792127728877 11.39792127728877 11.39792127728877 9.8800491890408862e-07 9.8800491890408862e-07 9.8800491890408862e-07 1 1 1 Converged Converged Converged OK OK OK 93 93 93 93 93 93 3 3 3 0 0 0 0 0 1 0 0
107 107 linear 3 7 13 1 9.9999999999999995e-08 0.88252605170214315 0.00087883732690101758 0.00029821630033484864 0.21742345106515143 -0.028281199777398437 0.2174001123981687 0.5 -0.21662519658691043 11.46783483373293 OK 13 12 0.33356000000000002 0.260436 0.115546 0.21638199999999999 0.074432999999999999 0 0.11717800000000003 0.186003 0.115546 0.0081410000000000007 0.0082780000000000006 0.0077140000000000004 0.08590799999999997 0.15487699999999999 0.085401000000000032 0.0048609999999999999 0.0048509999999999994 0.0047429999999999998 0.0009859999999999999 0.00098999999999999999 0.00092400000000000002 11.467827614152283 11.467827614152283 11.467827614152283 1.0302339578976086e-06 1.0302339578976086e-06 1.0302339578976086e-06 1 1 1 Converged Converged Converged OK OK OK 93 93 93 93 93 93 3 3 3 0 0 0 0 1 0 0 1
107 107 linear 3 15 13 2 9.9999999999999995e-08 0.88252605170214315 0.00087883732690101758 0.00029821630033484864 0.21742345106515143 -0.028281199777398437 0.21744160336169355 0.5 -0.21666668755043528 11.550645899738575 OK 13 12 0.33210699999999999 0.26087100000000002 0.11555600000000001 0.21459900000000001 0.074952000000000005 0 0.11750799999999997 0.185919 0.11555600000000001 0.0081379999999999994 0.0082070000000000008 0.0077359999999999998 0.086297000000000026 0.15476300000000012 0.085447999999999996 0.0049549999999999993 0.0048780000000000013 0.0047840000000000001 0.00093700000000000001 0.0009859999999999999 0.00092999999999999995 11.550638661690911 11.550638661690911 11.550638661690911 1.0826189771247027e-06 1.0826189771247027e-06 1.0826189771247027e-06 1 1 1 Converged Converged Converged OK OK OK 93 93 93 93 93 93 3 3 3 0 0 0 0 1 0 0 1
107 107 linear 3 23 13 3 9.9999999999999995e-08 0.88252605170214315 0.00087883732690101758 0.00029821630033484864 0.21742345106515143 -0.028281199777398437 0.2174830943252184 0.5 -0.21670817851396013 11.636802064458832 OK 13 12 0.33188699999999999 0.26372499999999999 0.11508599999999999 0.214867 0.074365000000000001 0 0.11701999999999999 0.18935999999999997 0.11508599999999999 0.0080990000000000003 0.0082520000000000007 0.0077489999999999998 0.086020000000000027 0.15826200000000004 0.085039999999999991 0.0049659999999999999 0.0048979999999999996 0.0048129999999999996 0.00097299999999999991 0.0010219999999999999 0.00091700000000000006 11.636794871237454 11.636794871237454 11.636794871237454 1.1400163471511111e-06 1.1400163471511111e-06 1.1400163471511111e-06 1 1 1 Converged Converged Converged OK OK OK 93 93 93 93 93 93 3 3 3 0 0 0 0 1 0 0 1
107 107 linear 4 0 14 0 0.0001 0.88252605170214315 0.00087883732690101758 0.00029821630033484864 0.25003342454909461 0.047710061927304266 0.24997378128902764 0.5 -0.24919886547776937 8.0741457677068311 OK 15 14 0.90807300000000002 0.90516200000000002 0.240623 0.664574 0.66351199999999999 0 0.24349900000000002 0.24165000000000003 0.240623 0.014678 0.014619 0.01417 0.18567300000000009 0.18453 0.18442600000000001 0.0086510000000000007 0.0084599999999999988 0.0082330000000000007 0.001812 0.0018239999999999999 0.0017560000000000002 8.0741410925280253 8.0741410925280253 8.0741410925280253 3.5267395524701932e-05 3.5267395524701932e-05 3.5267395524701932e-05 1 1 1 Converged Converged Converged OK OK OK 154 154 154 154 154 154 6 6 6 0 0 0 0 0 1 0 0
107 107 linear 4 7 14 1 0.0001 0.88252605170214315 0.00087883732690101758 0.00029821630033484864 0.25003342454909461 0.047710061927304266 0.25001008588211188 0.5 -0.24923517007085361 8.0985214999536872 OK 15 14 0.89318500000000001 0.77991600000000005 0.23274800000000001 0.65817400000000004 0.48606100000000002 0 0.23501099999999997 0.29385500000000003 0.23274800000000001 0.013667 0.013689 0.012926999999999999 0.18274300000000002 0.242003 0.18217200000000006 0.0086569999999999998 0.0084129999999999986 0.0082909999999999998 0.0017350000000000002 0.001738 0.0016609999999999999 8.0985167086805774 8.0985167086805774 8.0985167086805774 0.0001217881689106896 0.0001217881689106896 0.0001217881689106896 1 1 1 Converged Converged Converged OK OK OK 154 154 154 154 154 154 6 6 6 0 0 0 0 1 0 0 1
107 107 linear 4 15 14 2 0.0001 0.88252605170214315 0.00087883732690101758 0.00029821630033484864 0.25003342454909461 0.047710061927304266 0.25005157684563672 0.5 -0.24927666103437846 8.1391376506930087 OK 15 14 0.66678999999999999 0.55541600000000002 0.230048 0.43160100000000001 0.26340200000000003 0 0.23518899999999998 0.292014 0.230048 0.013596 0.013809999999999999 0.012891 0.18056599999999992 0.23994000000000004 0.17955199999999988 0.0086720000000000009 0.0085229999999999993 0.0083569999999999998 0.0017160000000000001 0.0017110000000000001 0.0016740000000000001 8.1391327844283516 8.1391327844283516 8.1391327844283516 0.00034358225718563975 0.00034358225718563975 0.00034358225718563975 1 1 1 Converged Converged Converged OK OK OK 154 154 154 154 154 154 6 6 6 0 0 0 0 1 0 0 1
107 107 linear 4 23 14 3 0.0001 0.88252605170214315 0.00087883732690101758 0.00029821630033484864 0.25003342454909461 0.047710061927304266 0.25009306780916157 0.5 -0.2493181519979033 8.1951377942713144 OK 15 14 0.94498000000000004 0.84578900000000001 0.267569 0.67294299999999996 0.51114300000000001 0 0.27203700000000008 0.334646 0.267569 0.013819 0.013972999999999999 0.013148999999999999 0.21492399999999984 0.27792600000000001 0.212254 0.011672999999999999 0.011417 0.011103999999999999 0.0020400000000000001 0.0020589999999999996 0.0020070000000000001 8.1951328374207737 8.1951328374207737 8.1951328374207737 0.0004914263442510813 0.0004914263442510813 0.0004914263442510813 1 1 1 Converged Converged Converged OK OK OK 193 193 193 193 193 193 7 7 7 0 0 0 0 1 0 0 1
107 107 linear 4 0 14 0 1.0000000000000001e-05 0.88252605170214315 0.00087883732690101758 0.00029821630033484864 0.25003342454909461 0.047710061927304266 0.24997378128902764 0.5 -0.24919886547776937 8.0741457677068311 OK 15 14 0.917431 0.90821600000000002 0.24317800000000001 0.66208100000000003 0.66598500000000005 0 0.25534999999999997 0.24223099999999997 0.24317800000000001 0.015779000000000001 0.014555999999999999 0.013969000000000001 0.19425200000000001 0.18528500000000009 0.18397599999999997 0.0097029999999999998 0.0082230000000000011 0.0081539999999999998 0.0018450000000000001 0.0017640000000000002 0.0017259999999999999 8.0741410925280253 8.0741410925280253 8.0741410925280253 3.5267395524701932e-05 3.5267395524701932e-05 3.5267395524701932e-05 1 1 1 Converged Converged Converged OK OK OK 154 154 154 154 154 154 6 6 6 0 0 0 0 0 1 0 0
107 107 linear 4 7 14 1 1.0000000000000001e-05 0.88252605170214315 0.00087883732690101758 0.00029821630033484864 0.25003342454909461 0.047710061927304266 0.25001008588211188 0.5 -0.24923517007085361 8.0985214999536872 OK 15 14 0.953712 0.80268600000000001 0.25316 0.65990000000000004 0.48514600000000002 0 0.29381199999999996 0.31753999999999999 0.25316 0.014878000000000001 0.013679999999999999 0.012883 0.22971300000000014 0.26136599999999999 0.19850799999999999 0.012291000000000002 0.0094220000000000016 0.0091400000000000006 0.0027390000000000001 0.0018569999999999999 0.0018309999999999999 8.0985167087327081 8.0985167087327081 8.0985167087327081 3.5551833351409668e-05 3.5551833351409668e-05 3.5551833351409668e-05 1 1 1 Converged Converged Converged OK OK OK 170 170 170 170 170 170 6 6 6 0 0 0 0 1 0 0 1
107 107 linear 4 15 14 2 1.0000000000000001e-05 0.88252605170214315 0.00087883732690101758 0.00029821630033484864 0.25003342454909461 0.047710061927304266 0.25005157684563672 0.5 -0.24927666103437846 8.1391376506930087 OK 15 14 0.71129200000000004 0.60178699999999996 0.27176 0.435749 0.26064500000000002 0 0.27554300000000004 0.34114199999999995 0.27176 0.01362 0.013717 0.012911000000000001 0.2146819999999999 0.27862599999999993 0.213118 0.01047 0.010519000000000001 0.010045999999999999 0.0020370000000000002 0.0020209999999999998 0.0019689999999999998 8.1391327847649428 8.1391327847649428 8.1391327847649428 3.4923607039204314e-06 3.4923607039204314e-06 3.4923607039204314e-06 1 1 1 Converged Converged Converged OK OK OK 186 186 186 186 186 186 6 6 6 0 0 0 0 1 0 0 1
107 107 linear 4 23 14 3 1.0000000000000001e-05 0.88252605170214315 0.00087883732690101758 0.00029821630033484864 0.25003342454909461 0.047710061927304266 0.25009306780916157 0.5 -0.2493181519979033 8.1951377942713144 OK 15 14 1.0009060000000001 0.906335 0.32643499999999998 0.67501 0.51293100000000003 0 0.32589600000000007 0.39340399999999998 0.32643499999999998 0.013944 0.013937 0.013247 0.25689400000000007 0.32540499999999989 0.25532700000000003 0.013741999999999999 0.013200999999999999 0.012843 0.0023699999999999997 0.0023080000000000002 0.002294 8.1951328377434027 8.1951328377434027 8.1951328377434027 7.6959380372311427e-06 7.6959380372311427e-06 7.6959380372311427e-06 1 1 1 Converged Converged Converged OK OK OK 225 225 225 225 225 225 7 7 7 0 0 0 0 1 0 0 1
107 107 linear 4 0 14 0 9.9999999999999995e-07 0.88252605170214315 0.00087883732690101758 0.00029821630033484864 0.25003342454909461 0.047710061927304266 0.24997378128902764 0.5 -0.24919886547776937 8.0741457677068311 OK 15 14 0.95220700000000003 0.94700399999999996 0.29016199999999998 0.66264500000000004 0.66168800000000005 0 0.28956199999999999 0.2853159999999999 0.29016199999999998 0.014397 0.014409999999999999 0.015271 0.22423399999999999 0.22050799999999998 0.22355900000000012 0.010135999999999999 0.010052999999999999 0.010475999999999999 0.0021710000000000002 0.0020930000000000002 0.0020950000000000001 8.074141092542293 8.074141092542293 8.074141092542293 1.597723251915362e-06 1.597723251915362e-06 1.597723251915362e-06 1 1 1 Converged Converged Converged OK OK OK 186 186 186 186 186 186 6 6 6 0 0 0 0 0 1 0 0
107 107 linear 4 7 14 1 9.9999999999999995e-07 0.88252605170214315 0.00087883732690101758 0.00029821630033484864 0.25003342454909461 0.047710061927304266 0.25001008588211188 0.5 -0.24923517007085361 8.0985214999536872 OK 15 14 0.93206100000000003 0.823156 0.27435999999999999 0.65271299999999999 0.483927 0 0.27934800000000004 0.339229 0.27435999999999999 0.013809999999999999 0.013863 0.012932000000000001 0.21742599999999987 0.27898800000000001 0.21519899999999995 0.010256999999999999 0.010298999999999999 0.010461 0.0020009999999999997 0.0020740000000000003 0.0019950000000000002 8.0985167087462866 8.0985167087462866 8.0985167087462866 2.0048710348956414e-06 2.0048710348956414e-06 2.0048710348956414e-06 1 1 1 Converged Converged Converged OK OK OK 186 186 186 186 186 186 6 6 6 0 0 0 0 1 0 0 1
107 107 linear 4 15 14 2 9.9999999999999995e-07 0.88252605170214315 0.00087883732690101758 0.00029821630033484864 0.25003342454909461 0.047710061927304266 0.25005157684563672 0.5 -0.24927666103437846 8.1391376506930087 OK 15 14 0.70286999999999999 0.64753000000000005 0.27178099999999999 0.42891800000000002 0.26006699999999999 0 0.27395199999999997 0.38746300000000006 0.27178099999999999 0.013542999999999999 0.013665999999999999 0.012921999999999999 0.21404999999999999 0.31769899999999995 0.21299599999999999 0.010213000000000002 0.013304999999999999 0.010167000000000001 0.0020100000000000001 0.0021230000000000003 0.0019589999999999998 8.1391327847649428 8.1391327847649428 8.1391327847649428 3.4923607039204314e-06 3.4923607039204314e-06 3.4923607039204314e-06 1 1 1 Converged Converged Converged OK OK OK 186 186 186 186 186 186 6 6 6 0 0 0 0 1 0 0 1
107 107 linear 4 23 14 3 9.9999999999999995e-07 0.88252605170214315 0.00087883732690101758 0.00029821630033484864 0.25003342454909461 0.047710061927304266 0.25009306780916157 0.5 -0.2493181519979033 8.1951377942713144 OK 15 14 0.99959900000000002 0.93005099999999996 0.32463700000000001 0.67439499999999997 0.51900000000000002 0 0.32520400000000005 0.41105099999999994 0.32463700000000001 0.013794000000000001 0.015243 0.013050000000000001 0.25735300000000011 0.33855200000000002 0.2555630000000001 0.013167 0.013829000000000001 0.015545999999999999 0.0023090000000000003 0.0023530000000000001 0.0022759999999999998 8.1951328377434027 8.1951328377434027 8.1951328377434027 7.6959380372311427e-06 7.6959380372311427e-06 7.6959380372311427e-06 1 1 1 Converged Converged Converged OK OK OK 225 225 225 225 225 225 7 7 7 0 0 0 0 1 0 0 1
107 107 linear 4 0 14 0 9.9999999999999995e-08 0.88252605170214315 0.00087883732690101758 0.00029821630033484864 0.25003342454909461 0.047710061927304266 0.24997378128902764 0.5 -0.24919886547776937 8.0741457677068311 OK 15 14 1.000267 1.0064219999999999 0.33532699999999999 0.66095199999999998 0.66448799999999997 0 0.33931500000000003 0.34193399999999996 0.33532699999999999 0.01448 0.014638999999999999 0.014194999999999999 0.26081299999999991 0.26251100000000011 0.25718099999999994 0.013077999999999999 0.013809000000000004 0.013322000000000002 0.0022759999999999998 0.0022929999999999999 0.0022390000000000001 8.0741410925417529 8.0741410925417529 8.0741410925417529 4.1587739338644872e-08 4.1587739338644872e-08 4.1587739338644872e-08 1 1 1 Converged Converged Converged OK OK OK 218 218 218 218 218 218 6 6 6 0 0 0 0 0 1 0 0
107 107 linear 4 7 14 1 9.9999999999999995e-08 0.88252605170214315 0.00087883732690101758 0.00029821630033484864 0.25003342454909461 0.047710061927304266 0.25001008588211188 0.5 -0.24923517007085361 8.0985214999536872 OK 15 14 0.97933800000000004 0.87442500000000001 0.32604100000000003 0.65189699999999995 0.48483199999999999 0 0.32744100000000009 0.38959300000000002 0.32604100000000003 0.013689 0.013632999999999999 0.012999 0.25299999999999995 0.31857599999999991 0.256465 0.013129 0.013506000000000001 0.013169999999999999 0.0021789999999999999 0.0022550000000000005 0.0021220000000000002 8.0985167087713048 8.0985167087713048 8.0985167087713048 1.6853921413005279e-08 1.6853921413005279e-08 1.6853921413005279e-08 1 1 1 Converged Converged Converged OK OK OK 218 218 218 218 218 218 6 6 6 0 0 0 0 1 0 0 1
107 107 linear 4 15 14 2 9.9999999999999995e-08 0.88252605170214315 0.00087883732690101758 0.00029821630033484864 0.25003342454909461 0.047710061927304266 0.25005157684563672 0.5 -0.24927666103437846 8.1391376506930087 OK 15 14 0.75424100000000005 0.65124000000000004 0.32175900000000002 0.43180299999999999 0.26142700000000002 0 0.32243800000000006 0.38981300000000002 0.32175900000000002 0.013679 0.013617000000000001 0.012935 0.25210199999999999 0.31890099999999988 0.2524559999999999 0.013122 0.01355 0.013063 0.0022179999999999999 0.0023180000000000006 0.0021910000000000002 8.139132784714171 8.139132784714171 8.139132784714171 1.125222928642911e-08 1.125222928642911e-08 1.125222928642911e-08 1 1 1 Converged Converged Converged OK OK OK 218 218 218 218 218 218 6 6 6 0 0 0 0 1 0 0 1
107 107 linear 4 23 14 3 9.9999999999999995e-08 0.88252605170214315 0.00087883732690101758 0.00029821630033484864 0.25003342454909461 0.047710061927304266 0.25009306780916157 0.5 -0.2493181519979033 8.1951377942713144 OK 15 14 1.105159 1.0203549999999999 0.43844699999999998 0.67603000000000002 0.514988 0 0.42912899999999998 0.5053669999999999 0.43844699999999998 0.013939999999999999 0.013975 0.01338 0.34199100000000016 0.41689500000000007 0.34858699999999992 0.022904999999999998 0.024029000000000002 0.024625000000000001 0.0027340000000000003 0.0027430000000000002 0.0027600000000000003 8.195132834280356 8.195132834280356 8.195132834280356 2.5704399221314176e-08 2.5704399221314176e-08 2.5704399221314176e-08 1 1 1 Converged Converged Converged OK OK OK 297 297 297 297 297 297 7 7 7 0 0 0 0 1 0 0 1
107 107 uniform 0 0 15 0 0.0001 0.88252605170214315 0.00087883732690101758 0.00029821630033484864 0.00066375772381346929 0.0010693888754377899 0.00060411446374649953 0 0.00017080134751178155 1218.988717379294 OK 14 13 0.47559600000000002 0.476184 0.13625699999999999 0.33805099999999999 0.338474 0 0.13754500000000003 0.13771 0.13625699999999999 0.014078 0.013808000000000001 0.013479 0.099363000000000007 0.10032500000000001 0.099284999999999998 0.0048139999999999997 0.0045999999999999999 0.0047289999999999997 0.0012510000000000002 0.001271 0.0012750000000000001 1218.9886950283847 1218.9886950283847 1218.9886950283847 0.057651882794656932 0.057651882794656932 0.057651882794656932 1 1 1 Converged Converged Converged OK OK OK 105 105 105 105 105 105 7 7 7 0 0 0 0 0 1 0 0
107 107 uniform 0 7 15 1 0.0001 0.88252605170214315 0.00087883732690101758 0.00029821630033484864 0.00066375772381346929 0.0010693888754377899 0.00064041905683074197 0 0.00013449675442753911 1124.157872750694 OK 14 13 0.456488 0.35633900000000002 0.120144 0.33482000000000001 0.181811 0 0.121668 0.17452800000000002 0.120144 0.012722000000000001 0.012675000000000001 0.012078999999999999 0.090012000000000009 0.14325200000000002 0.089663000000000034 0.0041780000000000003 0.0040260000000000001 0.0040499999999999998 0.001134 0.001163 0.00114 1124.1578830603919 1124.1578830603919 1124.1578830603919 0.032307686648939189 0.032307686648939189 0.032307686648939189 1 1 1 Converged Converged Converged OK OK OK 98 98 98 98 98 98 6 6 6 0 0 0 0 1 0 0 1
107 107 uniform 0 15 15 2 0.0001 0.88252605170214315 0.00087883732690101758 0.00029821630033484864 0.00066375772381346929 0.0010693888754377899 0.00068191002035559057 0 9.3005790902690516e-05 1008.0698919306122 OK 14 13 0.34062199999999998 0.23492099999999999 0.10797900000000001 0.230964 0.078826999999999994 0 0.10965799999999998 0.15609400000000001 0.10797900000000001 0.012572 0.012630000000000001 0.012175 0.079423000000000007 0.12576599999999999 0.078713000000000019 0.003885 0.0039100000000000003 0.0037559999999999998 0.0010669999999999998 0.0010189999999999999 0.001023 1008.07009776725 1008.07009776725 1008.07009776725 0.079701558249707594 0.079701558249707594 0.079701558249707594 1 1 1 Converged Converged Converged OK OK OK 90 90 90 90 90 90 6 6 6 0 0 0 0 1 0 0 1
107 107 uniform 0 23 15 3 0.0001 0.88252605170214315 0.00087883732690101758 0.00029821630033484864 0.00066375772381346929 0.0010693888754377899 0.00072340098388043905 0 5.1514827377842029e-05 884.74968660904415 OK 14 13 0.42466300000000001 0.32844699999999999 0.099837999999999996 0.32244600000000001 0.18035699999999999 0 0.102217 0.14809 0.099837999999999996 0.012834999999999999 0.016150999999999999 0.012213999999999999 0.072234999999999994 0.114842 0.071282000000000012 0.0036380000000000002 0.003751 0.003509 0.0010539999999999998 0.0010709999999999999 0.00096400000000000012 884.74972730875356 884.74972730875356 884.74972730875356 0.02016704377839736 0.02016704377839736 0.02016704377839736 1 1 1 Converged Converged Converged OK OK OK 83 83 83 83 83 83 5 5 5 0 0 0 0 1 0 0 1
107 107 uniform 0 0 15 0 1.0000000000000001e-05 0.88252605170214315 0.00087883732690101758 0.00029821630033484864 0.00066375772381346929 0.0010693888754377899 0.00060411446374649953 0 0.00017080134751178155 1218.988717379294 OK 14 13 0.51907999999999999 0.51573599999999997 0.17747199999999999 0.33997300000000003 0.33540599999999998 0 0.17910699999999996 0.18032999999999999 0.17747199999999999 0.013969000000000001 0.013969000000000001 0.013493 0.13170899999999996 0.13334299999999996 0.130911 0.0066960000000000006 0.0067860000000000004 0.0068479999999999991 0.00167 0.0016510000000000003 0.001763 1218.9886917240469 1218.9886917240469 1218.9886917240469 0.0043993461803063473 0.0043993461803063473 0.0043993461803063473 1 1 1 Converged Converged Converged OK OK OK 145 145 145 145 145 145 7 7 7 0 0 0 0 0 1 0 0
107 107 uniform 0 7 15 1 1.0000000000000001e-05 0.88252605170214315 0.00087883732690101758 0.00029821630033484864 0.00066375772381346929 0.0010693888754377899 0.00064041905683074197 0 0.00013449675442753911 1124.157872750694 OK 14 13 0.47414499999999998 0.38280900000000001 0.135799 0.33532499999999998 0.181059 0 0.13882 0.20175000000000001 0.135799 0.012676 0.012692 0.012246999999999999 0.10425999999999999 0.16761300000000001 0.10253800000000007 0.0049899999999999996 0.0049830000000000013 0.0049289999999999994 0.00141 0.001353 0.0013469999999999999 1124.1578825417237 1124.1578825417237 1124.1578825417237 0.0098618239158600133 0.0098618239158600133 0.0098618239158600133 1 1 1 Converged Converged Converged OK OK OK 114 114 114 114 114 114 6 6 6 0 0 0 0 1 0 0 1
107 107 uniform 0 15 15 2 1.0000000000000001e-05 0.88252605170214315 0.00087883732690101758 0.00029821630033484864 0.00066375772381346929 0.0010693888754377899 0.00068191002035559057 0 9.3005790902690516e-05 1008.0698919306122 OK 14 13 0.386272 0.30524699999999999 0.15729199999999999 0.22623499999999999 0.078224000000000002 0 0.16003700000000001 0.22702299999999997 0.15729199999999999 0.01265 0.012671 0.012057999999999999 0.12085900000000001 0.18814000000000008 0.11860000000000004 0.0063279999999999994 0.0062680000000000001 0.0064399999999999995 0.0014479999999999999 0.001462 0.0015479999999999999 1008.0699390651718 1008.0699390651718 1008.0699390651718 0.00098670158465164999 0.00098670158465164999 0.00098670158465164999 1 1 1 Converged Converged Converged OK OK OK 138 138 138 138 138 138 6 6 6 0 0 0 0 1 0 0 1
107 107 uniform 0 23 15 3 1.0000000000000001e-05 0.88252605170214315 0.00087883732690101758 0.00029821630033484864 0.00066375772381346929 0.0010693888754377899 0.00072340098388043905 0 5.1514827377842029e-05 884.74968660904415 OK 14 13 0.45965499999999998 0.37433300000000003 0.13983300000000001 0.32278099999999998 0.178535 0 0.136874 0.19579800000000003 0.13983300000000001 0.012801999999999999 0.012947 0.013417 0.10073999999999995 0.159058 0.10312899999999998 0.0054330000000000003 0.0056690000000000004 0.0053979999999999992 0.0012369999999999998 0.0012769999999999999 0.0012610000000000002 884.74972693790812 884.74972693790812 884.74972693790812 0.00086293959603227124 0.00086293959603227124 0.00086293959603227124 1 1 1 Converged Converged Converged OK OK OK 115 115 115 115 115 115 5 5 5 0 0 0 0 1 0 0 1
107 107 uniform 0 0 15 0 9.9999999999999995e-07 0.88252605170214315 0.00087883732690101758 0.00029821630033484864 0.00066375772381346929 0.0010693888754377899 0.00060411446374649953 0 0.00017080134751178155 1218.988717379294 OK 14 13 0.54134099999999996 0.54284299999999996 0.20117499999999999 0.33565 0.33977800000000002 0 0.20569099999999996 0.20306499999999994 0.20117499999999999 0.013906999999999999 0.013990000000000001 0.013323 0.15376199999999995 0.15169399999999997 0.15118399999999996 0.007810000000000001 0.0076889999999999997 0.0074590000000000004 0.001952 0.0018490000000000002 0.0017709999999999998 1218.9886917233043 1218.9886917233043 1218.9886917233043 0.00010799090112512371 0.00010799090112512371 0.00010799090112512371 1 1 1 Converged Converged Converged OK OK OK 161 161 161 161 161 161 7 7 7 0 0 0 0 0 1 0 0
107 107 uniform 0 7 15 1 9.9999999999999995e-07 0.88252605170214315 0.00087883732690101758 0.00029821630033484864 0.00066375772381346929 0.0010693888754377899 0.00064041905683074197 0 0.00013449675442753911 1124.157872750694 OK 14 13 0.497697 0.40320899999999998 0.15698699999999999 0.33557900000000002 0.181309 0 0.16211799999999998 0.22189999999999999 0.15698699999999999 0.012692 0.012725999999999999 0.012128999999999999 0.11989200000000003 0.18395799999999995 0.11983000000000002 0.0057809999999999997 0.0056969999999999998 0.0057269999999999986 0.0014889999999999999 0.0014759999999999999 0.001451 1124.1578823519076 1124.1578823519076 1124.1578823519076 0.00023508829648136433 0.00023508829648136433 0.00023508829648136433 1 1 1 Converged Converged Converged OK OK OK 130 130 130 130 130 130 6 6 6 0 0 0 0 1 0 0 1
107 107 uniform 0 15 15 2 9.9999999999999995e-07 0.88252605170214315 0.00087883732690101758 0.00029821630033484864 0.00066375772381346929 0.0010693888754377899 0.00068191002035559057 0 9.3005790902690516e-05 1008.0698919306122 OK 14 13 0.38186100000000001 0.308556 0.164824 0.22639999999999999 0.078162999999999996 0 0.15546100000000002 0.23039300000000001 0.164824 0.012625000000000001 0.012642 0.013264 0.11654900000000004 0.19134199999999996 0.12110399999999998 0.0061700000000000001 0.0062190000000000006 0.0061770000000000002 0.0014559999999999998 0.001449 0.0014729999999999999 1008.0699390651718 1008.0699390651718 1008.0699390651718 0.00098670158465164999 0.00098670158465164999 0.00098670158465164999 1 1 1 Converged Converged Converged OK OK OK 138 138 138 138 138 138 6 6 6 0 0 0 0 1 0 0 1
107 107 uniform 0 23 15 3 9.9999999999999995e-07 0.88252605170214315 0.00087883732690101758 0.00029821630033484864 0.00066375772381346929 0.0010693888754377899 0.00072340098388043905 0 5.1514827377842029e-05 884.74968660904415 OK 14 13 0.45946599999999999 0.36980200000000002 0.13950699999999999 0.32230300000000001 0.17876300000000001 0 0.13716299999999998 0.19103900000000001 0.13950699999999999 0.012774000000000001 0.012787 0.013417999999999999 0.10108700000000004 0.15507299999999996 0.10284799999999999 0.0053279999999999994 0.0052519999999999997 0.0053049999999999998 0.0012709999999999998 0.0012929999999999999 0.001263 884.74972693790812 884.74972693790812 884.74972693790812 0.00086293959603227124 0.00086293959603227124 0.00086293959603227124 1 1 1 Converged Converged Converged OK OK OK 115 115 115 115 115 115 5 5 5 0 0 0 0 1 0 0 1
107 107 uniform 0 0 15 0 9.9999999999999995e-08 0.88252605170214315 0.00087883732690101758 0.00029821630033484864 0.00066375772381346929 0.0010693888754377899 0.00060411446374649953 0 0.00017080134751178155 1218.988717379294 OK 14 13 0.54354599999999997 0.54117199999999999 0.228683 0.33842100000000003 0.334845 0 0.20512499999999995 0.20632699999999998 0.228683 0.013821 0.013998999999999999 0.014505000000000001 0.15310499999999999 0.15483500000000003 0.17459099999999994 0.0080040000000000007 0.0077149999999999988 0.0077080000000000013 0.001856 0.0018789999999999998 0.001864 1218.9886917233043 1218.9886917233043 1218.9886917233043 0.00010799090112512371 0.00010799090112512371 0.00010799090112512371 1 1 1 Converged Converged Converged OK OK OK 161 161 161 161 161 161 7 7 7 0 0 0 0 0 1 0 0
107 107 uniform 0 7 15 1 9.9999999999999995e-08 0.88252605170214315 0.00087883732690101758 0.00029821630033484864 0.00066375772381346929 0.0010693888754377899 0.00064041905683074197 0 0.00013449675442753911 1124.157872750694 OK 14 13 0.50508200000000003 0.42735899999999999 0.186193 0.33584700000000001 0.181785 0 0.16923500000000002 0.24557399999999999 0.186193 0.012581 0.012846 0.013287999999999999 0.12821000000000002 0.20498099999999986 0.14175399999999994 0.0068769999999999994 0.0066590000000000009 0.0070039999999999998 0.0016530000000000004 0.0016559999999999999 0.001673 1124.1578823505433 1124.1578823505433 1124.1578823505433 3.7655207576861886e-05 3.7655207576861886e-05 3.7655207576861886e-05 1 1 1 Converged Converged Converged OK OK OK 146 146 146 146 146 146 6 6 6 0 0 0 0 1 0 0 1
107 107 uniform 0 15 15 2 9.9999999999999995e-08 0.88252605170214315 0.00087883732690101758 0.00029821630033484864 0.00066375772381346929 0.0010693888754377899 0.00068191002035559057 0 9.3005790902690516e-05 1008.0698919306122 OK 14 13 0.41751700000000003 0.36655500000000002 0.207313 0.22719700000000001 0.079291 0 0.19032000000000002 0.28726400000000002 0.207313 0.012706 0.012788000000000001 0.013249 0.14012199999999989 0.24007600000000004 0.15354900000000005 0.012185 0.0093810000000000004 0.010409999999999999 0.0018810000000000001 0.0017639999999999999 0.0017520000000000001 1008.0699390279509 1008.0699390279509 1008.0699390279509 3.0765717608016176e-05 3.0765717608016176e-05 3.0765717608016176e-05 1 1 1 Converged Converged Converged OK OK OK 178 178 178 178 178 178 6 6 6 0 0 0 0 1 0 0 1
107 107 uniform 0 23 15 3 9.9999999999999995e-08 0.88252605170214315 0.00087883732690101758 0.00029821630033484864 0.00066375772381346929 0.0010693888754377899 0.00072340098388043905 0 5.1514827377842029e-05 884.74968660904415 OK 14 13 0.47392000000000001 0.40689700000000001 0.16570799999999999 0.32298100000000002 0.184091 0 0.15093899999999999 0.222806 0.16570799999999999 0.012841 0.014234 0.012237 0.11189799999999993 0.18173500000000009 0.12523600000000007 0.0062309999999999996 0.0063099999999999996 0.0063650000000000009 0.0014430000000000001 0.001456 0.001457 884.74972693773634 884.74972693773634 884.74972693773634 3.0468820315658476e-05 3.0468820315658476e-05 3.0468820315658476e-05 1 1 1 Converged Converged Converged OK OK OK 131 131 131 131 131 131 5 5 5 0 0 0 0 1 0 0 1
107 107 uniform 1 0 16 0 0.0001 0.88252605170214315 0.00087883732690101758 0.00029821630033484864 0.23948918237078295 -0.030528746103180307 0.23942953911071599 0 -0.23865462329945772 12.570302812498905 OK 14 13 0.33243 0.327486 0.10222299999999999 0.22756899999999999 0.223831 0 0.10486100000000001 0.103655 0.10222299999999999 0.011858 0.011794000000000001 0.011148999999999999 0.071681000000000009 0.071424999999999988 0.07098999999999997 0.0041660000000000004 0.0039939999999999993 0.0039449999999999997 0.0010639999999999998 0.0009859999999999999 0.00097600000000000009 12.570298547674138 12.570298547674138 12.570298547674138 0.00058438277949440071 0.00058438277949440071 0.00058438277949440071 1 1 1 Converged Converged Converged OK OK OK 91 91 91 91 91 91 5 5 5 0 0 0 0 0 1 0 0
107 107 uniform 1 7 16 1 0.0001 0.88252605170214315 0.00087883732690101758 0.00029821630033484864 0.23948918237078295 -0.030528746103180307 0.23946584370380022 0 -0.23869092789254195 12.393776090072505 OK 14 13 0.32448399999999999 0.23275799999999999 0.097809999999999994 0.224604 0.079991000000000007 0 0.099879999999999997 0.15276699999999999 0.097809999999999994 0.010829999999999999 0.010923 0.010185 0.070287999999999962 0.12337399999999997 0.069560000000000011 0.0040419999999999996 0.0040009999999999993 0.0039769999999999996 0.00098400000000000007 0.00099500000000000001 0.00095500000000000001 12.39377181392182 12.39377181392182 12.39377181392182 0.00057854284648156521 0.00057854284648156521 0.00057854284648156521 1 1 1 Converged Converged Converged OK OK OK 91 91 91 91 91 91 5 5 5 0 0 0 0 1 0 0 1
107 107 uniform 1 15 16 2 0.0001 0.88252605170214315 0.00087883732690101758 0.00029821630033484864 0.23948918237078295 -0.030528746103180307 0.23950733466732507 0 -0.2387324188560668 12.190870848233367 OK 14 13 0.32236999999999999 0.23427799999999999 0.096939999999999998 0.22317699999999999 0.079675999999999997 0 0.099193000000000003 0.15460199999999999 0.096939999999999998 0.010685 0.010853 0.010224 0.070054999999999992 0.12528100000000003 0.068793000000000021 0.0039839999999999997 0.0039700000000000004 0.0038900000000000002 0.00098900000000000008 0.0010190000000000002 0.00095500000000000001 12.190866808282015 12.190866808282015 12.190866808282015 0.00057229706555406048 0.00057229706555406048 0.00057229706555406048 1 1 1 Converged Converged Converged OK OK OK 91 91 91 91 91 91 5 5 5 0 0 0 0 1 0 0 1
107 107 uniform 1 23 16 3 0.0001 0.88252605170214315 0.00087883732690101758 0.00029821630033484864 0.23948918237078295 -0.030528746103180307 0.23954882563084992 0 -0.23877390981959165 11.986742469979685 OK 14 13 0.32811699999999999 0.23066500000000001 0.097059999999999994 0.22921800000000001 0.079393000000000005 0 0.098898999999999987 0.15127200000000002 0.097059999999999994 0.010734 0.010789999999999999 0.010215 0.069822000000000009 0.122086 0.06891700000000002 0.0039560000000000003 0.0040160000000000005 0.0039160000000000002 0.001023 0.00097000000000000005 0.0009639999999999998 11.986738479717761 11.986738479717761 11.986738479717761 0.00056651594680073034 0.00056651594680073034 0.00056651594680073034 1 1 1 Converged Converged Converged OK OK OK 91 91 91 91 91 91 5 5 5 0 0 0 0 1 0 0 1
107 107 uniform 1 0 16 0 1.0000000000000001e-05 0.88252605170214315 0.00087883732690101758 0.00029821630033484864 0.23948918237078295 -0.030528746103180307 0.23942953911071599 0 -0.23865462329945772 12.570302812498905 OK 14 13 0.360545 0.35730899999999999 0.139464 0.223578 0.22131100000000001 0 0.13696700000000001 0.13599799999999998 0.139464 0.011635 0.011497 0.012411 0.097331999999999988 0.096718999999999986 0.098897999999999944 0.005566999999999999 0.0055509999999999995 0.0056860000000000001 0.0012799999999999999 0.0012960000000000001 0.0012749999999999999 12.570298536536562 12.570298536536562 12.570298536536562 3.6837631131360362e-05 3.6837631131360362e-05 3.6837631131360362e-05 1 1 1 Converged Converged Converged OK OK OK 123 123 123 123 123 123 5 5 5 0 0 0 0 0 1 0 0
107 107 uniform 1 7 16 1 1.0000000000000001e-05 0.88252605170214315 0.00087883732690101758 0.00029821630033484864 0.23948918237078295 -0.030528746103180307 0.23946584370380022 0 -0.23869092789254195 12.393776090072505 OK 14 13 0.35375699999999999 0.28131400000000001 0.13408700000000001 0.22151499999999999 0.077091000000000007 0 0.132242 0.20422299999999999 0.13408700000000001 0.01089 0.012078999999999999 0.011625 0.096554999999999933 0.16695600000000002 0.097591000000000011 0.0054949999999999999 0.0056839999999999998 0.0056649999999999999 0.0012329999999999999 0.0013050000000000002 0.001248 12.393771802426528 12.393771802426528 12.393771802426528 3.6116699574971416e-05 3.6116699574971416e-05 3.6116699574971416e-05 1 1 1 Converged Converged Converged OK OK OK 123 123 123 123 123 123 5 5 5 0 0 0 0 1 0 0 1
107 107 uniform 1 15 16 2 1.0000000000000001e-05 0.88252605170214315 0.00087883732690101758 0.00029821630033484864 0.23948918237078295 -0.030528746103180307 0.23950733466732507 0 -0.2387324188560668 12.190870848233367 OK 14 13 0.351495 0.29045500000000002 0.13111 0.221418 0.084333000000000005 0 0.130077 0.20612200000000003 0.13111 0.010822 0.016104 0.010581999999999999 0.094756999999999952 0.16489399999999999 0.095910000000000023 0.0054799999999999996 0.0056359999999999995 0.0056270000000000001 0.00125 0.0012959999999999998 0.001237 12.190866796331999 12.190866796331999 12.190866796331999 3.533993356469172e-05 3.533993356469172e-05 3.533993356469172e-05 1 1 1 Converged Converged Converged OK OK OK 123 123 123 123 123 123 5 5 5 0 0 0 0 1 0 0 1
107 107 uniform 1 23 16 3 1.0000000000000001e-05 0.88252605170214315 0.00087883732690101758 0.00029821630033484864 0.23948918237078295 -0.030528746103180307 0.23954882563084992 0 -0.23877390981959165 11.986742469979685 OK 14 13 0.35437099999999999 0.28744700000000001 0.13339899999999999 0.22403300000000001 0.084393999999999997 0 0.13033799999999998 0.20305300000000001 0.13339899999999999 0.010836 0.012187999999999999 0.010552000000000001 0.094827999999999968 0.16576700000000003 0.095356999999999983 0.0056270000000000001 0.0056769999999999998 0.0056129999999999999 0.001279 0.0012860000000000003 0.001253 11.986738467260638 11.986738467260638 11.986738467260638 3.4611952863682703e-05 3.4611952863682703e-05 3.4611952863682703e-05 1 1 1 Converged Converged Converged OK OK OK 123 123 123 123 123 123 5 5 5 0 0 0 0 1 0 0 1
107 107 uniform 1 0 16 0 9.9999999999999995e-07 0.88252605170214315 0.00087883732690101758 0.00029821630033484864 0.23948918237078295 -0.030528746103180307 0.23942953911071599 0 -0.23865462329945772 12.570302812498905 OK 14 13 0.37495099999999998 0.375525 0.15059900000000001 0.22272500000000001 0.22439600000000001 0 0.15222599999999997 0.15112899999999999 0.15059900000000001 0.011627999999999999 0.011545 0.011245 0.10860999999999996 0.10799700000000002 0.1079 0.0064819999999999999 0.0063540000000000003 0.0064339999999999996 0.0013879999999999999 0.001397 0.001369 12.570298536537031 12.570298536537031 12.570298536537031 1.0683204401709005e-05 1.0683204401709005e-05 1.0683204401709005e-05 1 1 1 Converged Converged Converged OK OK OK 139 139 139 139 139 139 5 5 5 0 0 0 0 0 1 0 0
107 107 uniform 1 7 16 1 9.9999999999999995e-07 0.88252605170214315 0.00087883732690101758 0.00029821630033484864 0.23948918237078295 -0.030528746103180307 0.23946584370380022 0 -0.23869092789254195 12.393776090072505 OK 14 13 0.37473499999999998 0.30367300000000003 0.1457 0.227106 0.079197000000000004 0 0.14762899999999998 0.22447600000000001 0.1457 0.010815999999999999 0.010708000000000001 0.010200000000000001 0.10842299999999998 0.185251 0.10756299999999996 0.0063740000000000012 0.0063210000000000002 0.0063579999999999999 0.0013609999999999998 0.001382 0.001354 12.393771802426993 12.393771802426993 12.393771802426993 9.9167478913104152e-06 9.9167478913104152e-06 9.9167478913104152e-06 1 1 1 Converged Converged Converged OK OK OK 139 139 139 139 139 139 5 5 5 0 0 0 0 1 0 0 1
107 107 uniform 1 15 16 2 9.9999999999999995e-07 0.88252605170214315 0.00087883732690101758 0.00029821630033484864 0.23948918237078295 -0.030528746103180307 0.23950733466732507 0 -0.2387324188560668 12.190870848233367 OK 14 13 0.36880400000000002 0.30101899999999998 0.144818 0.222353 0.078549999999999995 0 0.14645100000000003 0.22246899999999997 0.144818 0.010840000000000001 0.010761 0.010241999999999999 0.10720799999999998 0.18324999999999994 0.10667200000000004 0.0063260000000000009 0.0063409999999999994 0.0063119999999999999 0.0013569999999999999 0.0013720000000000002 0.001356 12.190866796332459 12.190866796332459 12.190866796332459 9.0878318464360104e-06 9.0878318464360104e-06 9.0878318464360104e-06 1 1 1 Converged Converged Converged OK OK OK 139 139 139 139 139 139 5 5 5 0 0 0 0 1 0 0 1
107 107 uniform 1 23 16 3 9.9999999999999995e-07 0.88252605170214315 0.00087883732690101758 0.00029821630033484864 0.23948918237078295 -0.030528746103180307 0.23954882563084992 0 -0.23877390981959165 11.986742469979685 OK 14 13 0.36907600000000002 0.30652400000000002 0.145348 0.22256300000000001 0.079941999999999999 0 0.146513 0.22658200000000001 0.145348 0.010734 0.014160000000000001 0.010279 0.10753399999999996 0.18391300000000008 0.10710099999999999 0.0064129999999999994 0.0064130000000000012 0.0064060000000000002 0.001361 0.0014120000000000001 0.0013599999999999999 11.986738467261111 11.986738467261111 11.986738467261111 8.3075710104730039e-06 8.3075710104730039e-06 8.3075710104730039e-06 1 1 1 Converged Converged Converged OK OK OK 139 139 139 139 139 139 5 5 5 0 0 0 0 1 0 0 1
107 107 uniform 1 0 16 0 9.9999999999999995e-08 0.88252605170214315 0.00087883732690101758 0.00029821630033484864 0.23948918237078295 -0.030528746103180307 0.23942953911071599 0 -0.23865462329945772 12.570302812498905 OK 14 13 0.38686500000000001 0.40301900000000002 0.164242 0.220967 0.23313 0 0.16589800000000002 0.16988900000000001 0.164242 0.011532000000000001 0.011827000000000001 0.011136 0.12005699999999997 0.12281499999999995 0.11921799999999996 0.0072169999999999995 0.0073740000000000003 0.0070399999999999994 0.0015229999999999998 0.0015579999999999999 0.0015150000000000001 12.570298536536315 12.570298536536315 12.570298536536315 3.5233750835040002e-08 3.5233750835040002e-08 3.5233750835040002e-08 1 1 1 Converged Converged Converged OK OK OK 155 155 155 155 155 155 5 5 5 0 0 0 0 0 1 0 0
107 107 uniform 1 7 16 1 9.9999999999999995e-08 0.88252605170214315 0.00087883732690101758 0.00029821630033484864 0.23948918237078295 -0.030528746103180307 0.23946584370380022 0 -0.23869092789254195 12.393776090072505 OK 14 13 0.38553399999999999 0.33729100000000001 0.159109 0.224522 0.083807999999999994 0 0.16101199999999999 0.25348300000000001 0.159109 0.010728 0.011128000000000001 0.010239 0.11933900000000003 0.21109100000000006 0.11848600000000004 0.0071420000000000008 0.0071749999999999991 0.0070489999999999997 0.0015460000000000001 0.0015319999999999999 0.0014899999999999998 12.393771802425919 12.393771802425919 12.393771802425919 3.619699977512024e-08 3.619699977512024e-08 3.619699977512024e-08 1 1 1 Converged Converged Converged OK OK OK 155 155 155 155 155 155 5 5 5 0 0 0 0 1 0 0 1
107 107 uniform 1 15 16 2 9.9999999999999995e-08 0.88252605170214315 0.00087883732690101758 0.00029821630033484864 0.23948918237078295 -0.030528746103180307 0.23950733466732507 0 -0.2387324188560668 12.190870848233367 OK 14 13 0.38827200000000001 0.328596 0.157966 0.223304 0.076935000000000003 0 0.164968 0.25166100000000002 0.157966 0.012133 0.010861000000000001 0.010307 0.12126000000000002 0.20954499999999998 0.11746199999999996 0.0072700000000000004 0.0071930000000000006 0.0069969999999999997 0.0015389999999999998 0.0015710000000000001 0.0014890000000000001 12.190866796331115 12.190866796331115 12.190866796331115 3.7413765935833639e-08 3.7413765935833639e-08 3.7413765935833639e-08 1 1 1 Converged Converged Converged OK OK OK 155 155 155 155 155 155 5 5 5 0 0 0 0 1 0 0 1
107 107 uniform 1 23 16 3 9.9999999999999995e-08 0.88252605170214315 0.00087883732690101758 0.00029821630033484864 0.23948918237078295 -0.030528746103180307 0.23954882563084992 0 -0.23877390981959165 11.986742469979685 OK 14 13 0.39313700000000001 0.32720900000000003 0.162359 0.22853799999999999 0.077604999999999993 0 0.16459900000000002 0.24960400000000005 0.162359 0.010972000000000001 0.010913000000000001 0.010277 0.12217799999999993 0.20764899999999994 0.12195100000000003 0.0073179999999999999 0.0071929999999999997 0.0070959999999999999 0.0015370000000000002 0.0015249999999999999 0.0014790000000000001 11.98673846725996 11.98673846725996 11.98673846725996 3.8764332022762219e-08 3.8764332022762219e-08 3.8764332022762219e-08 1 1 1 Converged Converged Converged OK OK OK 155 155 155 155 155 155 5 5 5 0 0 0 0 1 0 0 1
107 107 uniform 2 0 17 0 0.0001 0.88252605170214315 0.00087883732690101758 0.00029821630033484864 0.00064488029264252373 -0.00027428527485888634 0.00058523703257555397 0 0.00018967877868272711 2332.2632116184054 OK 15 14 0.55897799999999997 0.57838100000000003 0.19897500000000001 0.35697800000000002 0.37176199999999998 0 0.20199999999999996 0.20661900000000005 0.19897500000000001 0.013998 0.015325 0.013542 0.15348799999999996 0.15675099999999995 0.15227399999999999 0.0068560000000000001 0.0069089999999999993 0.0066380000000000007 0.001279 0.0012779999999999998 0.001165 2332.2661097425771 2332.2661097425771 2332.2661097425771 0.23175300858127171 0.23175300858127171 0.23175300858127171 1 1 1 Converged Converged Converged OK OK OK 128 128 128 128 128 128 8 8 8 0 0 0 0 0 1 0 0
107 107 uniform 2 7 17 1 0.0001 0.88252605170214315 0.00087883732690101758 0.00029821630033484864 0.00064488029264252373 -0.00027428527485888634 0.00062154162565979641 0 0.00015337418559848467 2030.2888220842285 OK 15 14 0.74770899999999996 0.73790199999999995 0.306919 0.44217000000000001 0.27734500000000001 0 0.30553899999999995 0.46055699999999994 0.306919 0.012853 0.0129 0.012026 0.2358380000000001 0.3910269999999999 0.23488399999999984 0.015942999999999999 0.015507999999999999 0.020115999999999998 0.0013850000000000002 0.0014770000000000002 0.0013770000000000002 2030.2916013784945 2030.2916013784945 2030.2916013784945 0.040329863564771737 0.040329863564771737 0.040329863564771737 1 1 1 Converged Converged Converged OK OK OK 192 192 192 192 192 192 8 8 8 0 0 0 0 1 0 0 1
107 107 uniform 2 15 17 2 0.0001 0.88252605170214315 0.00087883732690101758 0.00029821630033484864 0.00064488029264252373 -0.00027428527485888634 0.00066303258918464501 0 0.00011188322207363608 1486.8515009689977 OK 17 16 0.77588500000000005 0.66957199999999994 0.27439400000000003 0.48641899999999999 0.32285399999999997 0 0.28946600000000006 0.34671799999999997 0.27439400000000003 0.018015 0.017898000000000001 0.017122999999999999 0.23228299999999999 0.29177799999999998 0.22075 0.0090329999999999994 0.0084209999999999997 0.0083840000000000008 0.0017919999999999998 0.0017669999999999999 0.001627 1486.8539985627747 1486.8539985627747 1486.8539985627747 0.11286461551791205 0.11286461551791205 0.11286461551791205 1 1 1 Converged Converged Converged OK OK OK 158 158 158 158 158 158 10 10 10 0 0 0 0 1 0 0 1
107 107 uniform 2 23 17 3 0.0001 0.88252605170214315 0.00087883732690101758 0.00029821630033484864 0.00064488029264252373 -0.00027428527485888634 0.00070452355270949349 0 7.039225854878759e-05 1300.7624032682579 OK 15 14 0.68047899999999995 0.57121299999999997 0.17801 0.493033 0.33485999999999999 0 0.18744599999999995 0.23635299999999998 0.17801 0.013646 0.013079 0.011995 0.14893699999999988 0.19986500000000007 0.14327900000000002 0.0063540000000000003 0.0059230000000000012 0.0058989999999999989 0.0015679999999999999 0.0014580000000000001 0.0013390000000000001 1300.7649396303643 1300.7649396303643 1300.7649396303643 0.044725428229405978 0.044725428229405978 0.044725428229405978 1 1 1 Converged Converged Converged OK OK OK 127 127 127 127 127 127 9 9 9 0 0 0 0 1 0 0 1
107 107 uniform 2 0 17 0 1.0000000000000001e-05 0.88252605170214315 0.00087883732690101758 0.00029821630033484864 0.00064488029264252373 -0.00027428527485888634 0.00058523703257555397 0 0.00018967877868272711 2332.2632116184054 OK 15 14 0.668991 0.67245900000000003 0.30431900000000001 0.35626400000000003 0.35850500000000002 0 0.31272699999999998 0.31395400000000001 0.30431900000000001 0.014503 0.014080000000000001 0.013651 0.23252599999999998 0.23268800000000006 0.22658100000000006 0.015993 0.017391 0.015890999999999999 0.0016209999999999998 0.0016309999999999999 0.0015259999999999998 2332.2639804775686 2332.2639804775686 2332.2639804775686 0.0096593883847844418 0.0096593883847844418 0.0096593883847844418 1 1 1 Converged Converged Converged OK OK OK 200 200 200 200 200 200 8 8 8 0 0 0 0 0 1 0 0
107 107 uniform 2 7 17 1 1.0000000000000001e-05 0.88252605170214315 0.00087883732690101758 0.00029821630033484864 0.00064488029264252373 -0.00027428527485888634 0.00062154162565979641 0 0.00015337418559848467 2030.2888220842285 OK 15 14 0.76058700000000001 0.74511000000000005 0.31351200000000001 0.43657000000000001 0.27807900000000002 0 0.324017 0.46703100000000003 0.31351200000000001 0.012888999999999999 0.012971999999999999 0.012132 0.25065899999999997 0.39579199999999992 0.24524000000000004 0.01703 0.016142 0.015529000000000001 0.0016049999999999999 0.001537 0.001519 2030.2894544114088 2030.2894544114088 2030.2894544114088 0.0076563700553281952 0.0076563700553281952 0.0076563700553281952 1 1 1 Converged Converged Converged OK OK OK 200 200 200 200 200 200 8 8 8 0 0 0 0 1 0 0 1
107 107 uniform 2 15 17 2 1.0000000000000001e-05 0.88252605170214315 0.00087883732690101758 0.00029821630033484864 0.00064488029264252373 -0.00027428527485888634 0.00066303258918464501 0 0.00011188322207363608 1486.8515009689977 OK 17 16 0.84291700000000003 0.758189 0.33789599999999997 0.49729699999999999 0.329233 0 0.34562000000000004 0.428956 0.33789599999999997 0.018964999999999999 0.018272 0.017503999999999999 0.278026 0.36231200000000002 0.27320599999999995 0.010978999999999999 0.011336000000000001 0.010758999999999998 0.002294 0.0023820000000000004 0.0022900000000000004 1486.8518833526959 1486.8518833526959 1486.8518833526959 0.012669605244872539 0.012669605244872539 0.012669605244872539 1 1 1 Converged Converged Converged OK OK OK 198 198 198 198 198 198 10 10 10 0 0 0 0 1 0 0 1
107 107 uniform 2 23 17 3 1.0000000000000001e-05 0.88252605170214315 0.00087883732690101758 0.00029821630033484864 0.00064488029264252373 -0.00027428527485888634 0.00070452355270949349 0 7.039225854878759e-05 1300.7624032682579 OK 15 14 0.69086700000000001 0.58352899999999996 0.18984200000000001 0.49415799999999999 0.33233000000000001 0 0.19670900000000002 0.25119899999999995 0.18984200000000001 0.014285000000000001 0.013087 0.012220999999999999 0.15598099999999995 0.2132349999999999 0.15372200000000005 0.0070709999999999992 0.0063479999999999986 0.0061289999999999999 0.0016670000000000001 0.0016210000000000003 0.0015489999999999998 1300.7628400383612 1300.7628400383612 1300.7628400383612 0.012451198778388529 0.012451198778388529 0.012451198778388529 1 1 1 Converged Converged Converged OK OK OK 135 135 135 135 135 135 9 9 9 0 0 0 0 1 0 0 1
107 107 uniform 2 0 17 0 9.9999999999999995e-07 0.88252605170214315 0.00087883732690101758 0.00029821630033484864 0.00064488029264252373 -0.00027428527485888634 0.00058523703257555397 0 0.00018967877868272711 2332.2632116184054 OK 15 14 0.72811499999999996 0.72722399999999998 0.35611399999999999 0.36579099999999998 0.36013699999999998 0 0.36232399999999998 0.367087 0.35611399999999999 0.014087000000000001 0.014149999999999999 0.013617000000000001 0.27288499999999999 0.27831600000000006 0.27031500000000025 0.019414000000000001 0.019089999999999999 0.017811 0.0021970000000000002 0.0022879999999999997 0.0020599999999999998 2332.2639838838222 2332.2639838838222 2332.2639838838222 0.0018009333483622785 0.0018009333483622785 0.0018009333483622785 1 1 1 Converged Converged Converged OK OK OK 240 240 240 240 240 240 8 8 8 0 0 0 0 0 1 0 0
107 107 uniform 2 7 17 1 9.9999999999999995e-07 0.88252605170214315 0.00087883732690101758 0.00029821630033484864 0.00064488029264252373 -0.00027428527485888634 0.00062154162565979641 0 0.00015337418559848467 2030.2888220842285 OK 15 14 0.81116999999999995 0.80667199999999994 0.36829600000000001 0.44265900000000002 0.27939900000000001 0 0.36851099999999992 0.52727299999999988 0.36829600000000001 0.013034 0.012943 0.012311000000000001 0.28882099999999999 0.44735799999999992 0.2914489999999999 0.018608 0.018629 0.017667000000000002 0.001993 0.0020689999999999997 0.0020400000000000001 2030.2894577335146 2030.2894577335146 2030.2894577335146 0.0015975470067295784 0.0015975470067295784 0.0015975470067295784 1 1 1 Converged Converged Converged OK OK OK 240 240 240 240 240 240 8 8 8 0 0 0 0 1 0 0 1
107 107 uniform 2 15 17 2 9.9999999999999995e-07 0.88252605170214315 0.00087883732690101758 0.00029821630033484864 0.00064488029264252373 -0.00027428527485888634 0.00066303258918464501 0 0.00011188322207363608 1486.8515009689977 OK 17 16 0.89467099999999999 0.84346900000000002 0.40099099999999999 0.48932100000000001 0.32992700000000003 0 0.40534999999999999 0.51354199999999994 0.40099099999999999 0.018269000000000001 0.018349000000000001 0.017384 0.32680300000000023 0.43431799999999982 0.32466900000000004 0.014209000000000001 0.014565 0.013784000000000001 0.0029570000000000004 0.0030310000000000007 0.0028520000000000004 1486.8518864278967 1486.8518864278967 1486.8518864278967 0.0012225878975211204 0.0012225878975211204 0.0012225878975211204 1 1 1 Converged Converged Converged OK OK OK 254 254 254 254 254 254 10 10 10 0 0 0 0 1 0 0 1
107 107 uniform 2 23 17 3 9.9999999999999995e-07 0.88252605170214315 0.00087883732690101758 0.00029821630033484864 0.00064488029264252373 -0.00027428527485888634 0.00070452355270949349 0 7.039225854878759e-05 1300.7624032682579 OK 15 14 0.80764899999999995 0.77097300000000002 0.36042099999999999 0.48673899999999998 0.33970899999999998 0 0.32090999999999997 0.43126400000000004 0.36042099999999999 0.013108 0.013218000000000001 0.013514999999999999 0.25832799999999984 0.36809599999999992 0.29271299999999995 0.013342 0.013637999999999999 0.015826 0.0024499999999999999 0.002503 0.0024110000000000004 1300.7628432666156 1300.7628432666156 1300.7628432666156 0.00098077905360164676 0.00098077905360164676 0.00098077905360164676 1 1 1 Converged Converged Converged OK OK OK 239 239 239 239 239 239 9 9 9 0 0 0 0 1 0 0 1
107 107 uniform 2 0 17 0 9.9999999999999995e-08 0.88252605170214315 0.00087883732690101758 0.00029821630033484864 0.00064488029264252373 -0.00027428527485888634 0.00058523703257555397 0 0.00018967877868272711 2332.2632116184054 OK 15 14 1.053364 1.0481199999999999 0.68787900000000002 0.36008000000000001 0.35995500000000002 0 0.69328400000000001 0.68816499999999992 0.68787900000000002 0.014324 0.014246 0.014211 0.42837899999999984 0.426533 0.42718699999999982 0.052257999999999999 0.050624000000000002 0.05042 0.0028429999999999996 0.0026370000000000005 0.0026179999999999997 2332.2639838561386 2332.2639838561386 2332.2639838561386 4.0039636687887539e-05 4.0039636687887539e-05 4.0039636687887539e-05 1 1 1 Converged Converged Converged OK OK OK 392 392 392 392 392 392 8 8 8 0 0 0 0 0 1 0 0
107 107 uniform 2 7 17 1 9.9999999999999995e-08 0.88252605170214315 0.00087883732690101758 0.00029821630033484864 0.00064488029264252373 -0.00027428527485888634 0.00062154162565979641 0 0.00015337418559848467 2030.2888220842285 OK 15 14 1.070716 1.2196579999999999 0.63019899999999995 0.44386999999999999 0.27946199999999999 0 0.62684600000000001 0.94019599999999992 0.63019899999999995 0.013091999999999999 0.013122999999999999 0.012746 0.46228300000000022 0.77272200000000002 0.46366499999999994 0.050530000000000005 0.052145999999999998 0.052350000000000001 0.0026169999999999995 0.0026740000000000002 0.0027239999999999999 2030.289457707062 2030.289457707062 2030.289457707062 3.9888496015782228e-05 3.9888496015782228e-05 3.9888496015782228e-05 1 1 1 Converged Converged Converged OK OK OK 392 392 392 392 392 392 8 8 8 0 0 0 0 1 0 0 1
107 107 uniform 2 15 17 2 9.9999999999999995e-08 0.88252605170214315 0.00087883732690101758 0.00029821630033484864 0.00064488029264252373 -0.00027428527485888634 0.00066303258918464501 0 0.00011188322207363608 1486.8515009689977 OK 17 16 1.025971 1.021542 0.556168 0.49049300000000001 0.329872 0 0.5354779999999999 0.69167000000000001 0.556168 0.018128999999999999 0.018321 0.018870000000000001 0.42909699999999978 0.58415500000000009 0.44737400000000005 0.023305000000000003 0.023953000000000002 0.023983000000000001 0.0034649999999999993 0.003454 0.003346 1486.851886395684 1486.851886395684 1486.851886395684 5.6277763914423584e-05 5.6277763914423584e-05 5.6277763914423584e-05 1 1 1 Converged Converged Converged OK OK OK 326 326 326 326 326 326 10 10 10 0 0 0 0 1 0 0 1
107 107 uniform 2 23 17 3 9.9999999999999995e-08 0.88252605170214315 0.00087883732690101758 0.00029821630033484864 0.00064488029264252373 -0.00027428527485888634 0.00070452355270949349 0 7.039225854878759e-05 1300.7624032682579 OK 15 14 0.83777000000000001 0.80362699999999998 0.35620000000000002 0.488257 0.33590900000000001 0 0.34951300000000002 0.46771799999999997 0.35620000000000002 0.013301 0.013228 0.013750999999999999 0.28233500000000011 0.39987599999999995 0.28791099999999992 0.015024000000000001 0.015173000000000002 0.015154000000000001 0.0028700000000000002 0.0028799999999999997 0.0028410000000000002 1300.7628432439672 1300.7628432439672 1300.7628432439672 4.2349895506353577e-05 4.2349895506353577e-05 4.2349895506353577e-05 1 1 1 Converged Converged Converged OK OK OK 263 263 263 263 263 263 9 9 9 0 0 0 0 1 0 0 1
107 107 uniform 3 0 18 0 0.0001 0.88252605170214315 0.00087883732690101758 0.00029821630033484864 0.21742345106515143 -0.028281199777398437 0.21736380780508446 0 -0.21658889199382619 11.441643580855438 OK 13 12 0.28408699999999998 0.283972 0.068459999999999993 0.214008 0.21404599999999999 0 0.070078999999999975 0.069926000000000016 0.068459999999999993 0.0089580000000000007 0.0088800000000000007 0.0085170000000000003 0.044667999999999999 0.044914000000000009 0.044163000000000001 0.0030200000000000001 0.0030699999999999998 0.003026 0.00068100000000000007 0.00070600000000000003 0.00066799999999999997 11.441643336248658 11.441643336248658 11.441643336248658 0.0010062394538257432 0.0010062394538257432 0.0010062394538257432 1 1 1 Converged Converged Converged OK OK OK 61 61 61 61 61 61 3 3 3 0 0 0 0 0 1 0 0
107 107 uniform 3 7 18 1 0.0001 0.88252605170214315 0.00087883732690101758 0.00029821630033484864 0.21742345106515143 -0.028281199777398437 0.2174001123981687 0 -0.21662519658691043 11.513682333572197 OK 13 12 0.28179399999999999 0.18653400000000001 0.067094000000000001 0.213252 0.073339000000000001 0 0.068541999999999992 0.113195 0.067094000000000001 0.0082400000000000008 0.0083379999999999999 0.0077320000000000002 0.045385999999999982 0.08996800000000002 0.044962000000000002 0.0029880000000000002 0.0030099999999999997 0.002977 0.000687 0.00069299999999999993 0.00066100000000000002 11.51368207821783 11.51368207821783 11.51368207821783 0.0010061240178995607 0.0010061240178995607 0.0010061240178995607 1 1 1 Converged Converged Converged OK OK OK 61 61 61 61 61 61 3 3 3 0 0 0 0 1 0 0 1
107 107 uniform 3 15 18 2 0.0001 0.88252605170214315 0.00087883732690101758 0.00029821630033484864 0.21742345106515143 -0.028281199777398437 0.21744160336169355 0 -0.21666668755043528 11.599133170304103 OK 13 12 0.28118599999999999 0.18385399999999999 0.066628999999999994 0.21323700000000001 0.072675000000000003 0 0.067948999999999982 0.11117899999999999 0.066628999999999994 0.0081700000000000002 0.0081340000000000006 0.0077010000000000004 0.044839999999999984 0.088146999999999975 0.04449199999999999 0.003006 0.0030859999999999998 0.0029580000000000001 0.00066999999999999991 0.00067999999999999994 0.00066 11.59913290986985 11.59913290986985 11.59913290986985 0.0010059922721014094 0.0010059922721014094 0.0010059922721014094 1 1 1 Converged Converged Converged OK OK OK 61 61 61 61 61 61 3 3 3 0 0 0 0 1 0 0 1
107 107 uniform 3 23 18 3 0.0001 0.88252605170214315 0.00087883732690101758 0.00029821630033484864 0.21742345106515143 -0.028281199777398437 0.2174830943252184 0 -0.21670817851396013 11.688172528280139 OK 13 12 0.28489100000000001 0.186857 0.066414000000000001 0.21690499999999999 0.072696999999999998 0 0.067986000000000019 0.11416 0.066414000000000001 0.0080809999999999996 0.0081939999999999999 0.0076280000000000002 0.044918 0.090901999999999997 0.044442000000000002 0.0030479999999999999 0.0030149999999999999 0.0029859999999999999 0.00070100000000000002 0.00077200000000000012 0.00066299999999999996 11.688172253792171 11.688172253792171 11.688172253792171 0.0010058607258537642 0.0010058607258537642 0.0010058607258537642 1 1 1 Converged Converged Converged OK OK OK 61 61 61 61 61 61 3 3 3 0 0 0 0 1 0 0 1
107 107 uniform 3 0 18 0 1.0000000000000001e-05 0.88252605170214315 0.00087883732690101758 0.00029821630033484864 0.21742345106515143 -0.028281199777398437 0.21736380780508446 0 -0.21658889199382619 11.441643580855438 OK 13 12 0.313141 0.29747699999999999 0.084093000000000001 0.223998 0.21279000000000001 0 0.089143 0.084686999999999985 0.084093000000000001 0.0091470000000000006 0.0086999999999999994 0.008489 0.059476999999999981 0.056475999999999998 0.056184999999999999 0.0040390000000000001 0.0038149999999999998 0.0037989999999999994 0.00084199999999999998 0.00081299999999999992 0.00078300000000000006 11.441643336271081 11.441643336271081 11.441643336271081 1.0138504984494262e-05 1.0138504984494262e-05 1.0138504984494262e-05 1 1 1 Converged Converged Converged OK OK OK 77 77 77 77 77 77 3 3 3 0 0 0 0 0 1 0 0
107 107 uniform 3 7 18 1 1.0000000000000001e-05 0.88252605170214315 0.00087883732690101758 0.00029821630033484864 0.21742345106515143 -0.028281199777398437 0.2174001123981687 0 -0.21662519658691043 11.513682333572197 OK 13 12 0.29979800000000001 0.210726 0.082210000000000005 0.21595800000000001 0.071512999999999993 0 0.083839999999999998 0.139213 0.082210000000000005 0.0081329999999999996 0.0081969999999999994 0.0076660000000000001 0.05703999999999998 0.11239899999999999 0.056454000000000004 0.0039230000000000003 0.0038430000000000001 0.0037600000000000003 0.00080400000000000003 0.00081400000000000005 0.00078700000000000005 11.513682078242258 11.513682078242258 11.513682078242258 1.0153804500199508e-05 1.0153804500199508e-05 1.0153804500199508e-05 1 1 1 Converged Converged Converged OK OK OK 77 77 77 77 77 77 3 3 3 0 0 0 0 1 0 0 1
107 107 uniform 3 15 18 2 1.0000000000000001e-05 0.88252605170214315 0.00087883732690101758 0.00029821630033484864 0.21742345106515143 -0.028281199777398437 0.21744160336169355 0 -0.21666668755043528 11.599133170304103 OK 13 12 0.29562100000000002 0.20931 0.081519999999999995 0.212341 0.071855000000000002 0 0.083280000000000021 0.13745499999999999 0.081519999999999995 0.0081620000000000009 0.0081799999999999998 0.0076579999999999999 0.056333000000000008 0.11069999999999998 0.055609000000000006 0.0038709999999999994 0.0038110000000000002 0.0037859999999999999 0.000794 0.00079099999999999993 0.00077800000000000005 11.599132909893413 11.599132909893413 11.599132909893413 1.0171409881846501e-05 1.0171409881846501e-05 1.0171409881846501e-05 1 1 1 Converged Converged Converged OK OK OK 77 77 77 77 77 77 3 3 3 0 0 0 0 1 0 0 1
107 107 uniform 3 23 18 3 1.0000000000000001e-05 0.88252605170214315 0.00087883732690101758 0.00029821630033484864 0.21742345106515143 -0.028281199777398437 0.2174830943252184 0 -0.21670817851396013 11.688172528280139 OK 13 12 0.30117699999999997 0.21343300000000001 0.081976999999999994 0.218224 0.071948999999999999 0 0.082952999999999971 0.141484 0.081976999999999994 0.0080510000000000009 0.008116 0.0077429999999999999 0.056277000000000008 0.11475799999999999 0.056017999999999998 0.0038250000000000003 0.0038500000000000006 0.0038050000000000002 0.00077300000000000003 0.00080900000000000004 0.00079100000000000004 11.688172253815722 11.688172253815722 11.688172253815722 1.0189160587432502e-05 1.0189160587432502e-05 1.0189160587432502e-05 1 1 1 Converged Converged Converged OK OK OK 77 77 77 77 77 77 3 3 3 0 0 0 0 1 0 0 1
107 107 uniform 3 0 18 0 9.9999999999999995e-07 0.88252605170214315 0.00087883732690101758 0.00029821630033484864 0.21742345106515143 -0.028281199777398437 0.21736380780508446 0 -0.21658889199382619 11.441643580855438 OK 13 12 0.30425400000000002 0.29894300000000001 0.083900000000000002 0.219162 0.214611 0 0.085092000000000029 0.084332000000000018 0.083900000000000002 0.0086300000000000005 0.0085710000000000005 0.0084910000000000003 0.056338000000000006 0.056222000000000001 0.056072000000000018 0.0038599999999999997 0.0038729999999999997 0.0038809999999999999 0.00081000000000000017 0.00078800000000000007 0.00079400000000000011 11.441643336271081 11.441643336271081 11.441643336271081 1.0138504984494262e-05 1.0138504984494262e-05 1.0138504984494262e-05 1 1 1 Converged Converged Converged OK OK OK 77 77 77 77 77 77 3 3 3 0 0 0 0 0 1 0 0
107 107 uniform 3 7 18 1 9.9999999999999995e-07 0.88252605170214315 0.00087883732690101758 0.00029821630033484864 0.21742345106515143 -0.028281199777398437 0.2174001123981687 0 -0.21662519658691043 11.513682333572197 OK 13 12 0.29797899999999999 0.21285100000000001 0.082378999999999994 0.21438399999999999 0.073954000000000006 0 0.083595000000000003 0.13889699999999999 0.082378999999999994 0.0080879999999999997 0.0081969999999999994 0.007757 0.056907999999999993 0.11210300000000004 0.056396999999999989 0.0039170000000000003 0.0038140000000000001 0.0039010000000000004 0.00079000000000000001 0.00083200000000000006 0.00078500000000000011 11.513682078242258 11.513682078242258 11.513682078242258 1.0153804500199508e-05 1.0153804500199508e-05 1.0153804500199508e-05 1 1 1 Converged Converged Converged OK OK OK 77 77 77 77 77 77 3 3 3 0 0 0 0 1 0 0 1
107 107 uniform 3 15 18 2 9.9999999999999995e-07 0.88252605170214315 0.00087883732690101758 0.00029821630033484864 0.21742345106515143 -0.028281199777398437 0.21744160336169355 0 -0.21666668755043528 11.599133170304103 OK 13 12 0.29756899999999997 0.21252799999999999 0.081686999999999996 0.21488299999999999 0.074216000000000004 0 0.082685999999999982 0.13831199999999999 0.081686999999999996 0.0081569999999999993 0.0081040000000000001 0.0077390000000000002 0.056072999999999991 0.11150599999999999 0.055642000000000018 0.0038289999999999999 0.0038210000000000002 0.0039350000000000001 0.00079000000000000012 0.00080500000000000016 0.00078300000000000006 11.599132909893413 11.599132909893413 11.599132909893413 1.0171409881846501e-05 1.0171409881846501e-05 1.0171409881846501e-05 1 1 1 Converged Converged Converged OK OK OK 77 77 77 77 77 77 3 3 3 0 0 0 0 1 0 0 1
107 107 uniform 3 23 18 3 9.9999999999999995e-07 0.88252605170214315 0.00087883732690101758 0.00029821630033484864 0.21742345106515143 -0.028281199777398437 0.2174830943252184 0 -0.21670817851396013 11.688172528280139 OK 13 12 0.30050500000000002 0.216638 0.081839999999999996 0.21743299999999999 0.074400999999999995 0 0.083072000000000035 0.142237 0.081839999999999996 0.0081099999999999992 0.0082120000000000005 0.0077120000000000001 0.056362999999999989 0.11118399999999999 0.05593600000000002 0.0038639999999999998 0.0039719999999999998 0.0038600000000000001 0.00082899999999999998 0.00082799999999999996 0.00079200000000000006 11.688172253815722 11.688172253815722 11.688172253815722 1.0189160587432502e-05 1.0189160587432502e-05 1.0189160587432502e-05 1 1 1 Converged Converged Converged OK OK OK 77 77 77 77 77 77 3 3 3 0 0 0 0 1 0 0 1
107 107 uniform 3 0 18 0 9.9999999999999995e-08 0.88252605170214315 0.00087883732690101758 0.00029821630033484864 0.21742345106515143 -0.028281199777398437 0.21736380780508446 0 -0.21658889199382619 11.441643580855438 OK 13 12 0.31451099999999999 0.331235 0.10439900000000001 0.212616 0.220198 0 0.10189499999999999 0.111037 0.10439900000000001 0.0087309999999999992 0.0096880000000000004 0.0096120000000000008 0.068218000000000001 0.074036000000000005 0.069559000000000024 0.0046870000000000002 0.0048720000000000005 0.0047740000000000005 0.00090300000000000005 0.00093199999999999999 0.00093099999999999997 11.441643336271285 11.441643336271285 11.441643336271285 2.4211377347157663e-08 2.4211377347157663e-08 2.4211377347157663e-08 1 1 1 Converged Converged Converged OK OK OK 93 93 93 93 93 93 3 3 3 0 0 0 0 0 1 0 0
107 107 uniform 3 7 18 1 9.9999999999999995e-08 0.88252605170214315 0.00087883732690101758 0.00029821630033484864 0.21742345106515143 -0.028281199777398437 0.2174001123981687 0 -0.21662519658691043 11.513682333572197 OK 13 12 0.31142199999999998 0.26540999999999998 0.10095899999999999 0.21271899999999999 0.078371999999999997 0 0.098702999999999985 0.18703799999999998 0.10095899999999999 0.0080689999999999998 0.0092350000000000002 0.0089750000000000003 0.067980000000000013 0.15334700000000004 0.069270999999999999 0.0047000000000000002 0.004863000000000001 0.0047580000000000001 0.0008969999999999999 0.00095200000000000005 0.00092400000000000002 11.513682078242457 11.513682078242457 11.513682078242457 2.5398852784856385e-08 2.5398852784856385e-08 2.5398852784856385e-08 1 1 1 Converged Converged Converged OK OK OK 93 93 93 93 93 93 3 3 3 0 0 0 0 1 0 0 1
107 107 uniform 3 15 18 2 9.9999999999999995e-08 0.88252605170214315 0.00087883732690101758 0.00029821630033484864 0.21742345106515143 -0.028281199777398437 0.21744160336169355 0 -0.21666668755043528 11.599133170304103 OK 13 12 0.31435999999999997 0.25789000000000001 0.100618 0.215611 0.079199000000000006 0 0.098748999999999976 0.17869099999999999 0.100618 0.0081040000000000001 0.0092630000000000004 0.0089049999999999997 0.067960999999999966 0.146172 0.068931000000000006 0.0047880000000000006 0.0047710000000000001 0.0048319999999999995 0.00091699999999999995 0.00094200000000000002 0.00092000000000000003 11.599132909893616 11.599132909893616 11.599132909893616 2.6848307347824543e-08 2.6848307347824543e-08 2.6848307347824543e-08 1 1 1 Converged Converged Converged OK OK OK 93 93 93 93 93 93 3 3 3 0 0 0 0 1 0 0 1
107 107 uniform 3 23 18 3 9.9999999999999995e-08 0.88252605170214315 0.00087883732690101758 0.00029821630033484864 0.21742345106515143 -0.028281199777398437 0.2174830943252184 0 -0.21670817851396013 11.688172528280139 OK 13 12 0.31116100000000002 0.26234099999999999 0.101213 0.21229000000000001 0.079006000000000007 0 0.098871000000000014 0.18333499999999997 0.101213 0.0080660000000000003 0.0092969999999999997 0.00894 0.067948000000000008 0.14944599999999994 0.069715999999999972 0.0048430000000000001 0.0048120000000000003 0.004751 0.001005 0.00096599999999999995 0.00090699999999999993 11.688172253815925 11.688172253815925 11.688172253815925 2.8413324929637485e-08 2.8413324929637485e-08 2.8413324929637485e-08 1 1 1 Converged Converged Converged OK OK OK 93 93 93 93 93 93 3 3 3 0 0 0 0 1 0 0 1
107 107 uniform 4 0 19 0 0.0001 0.88252605170214315 0.00087883732690101758 0.00029821630033484864 0.25003342454909461 0.047710061927304266 0.24997378128902764 0 -0.24919886547776937 8.081071536916884 OK 15 14 0.84569499999999997 0.84501800000000005 0.17519799999999999 0.66303500000000004 0.66717400000000004 0 0.18265999999999993 0.177844 0.17519799999999999 0.014893 0.014710000000000001 0.013887999999999999 0.12829399999999999 0.12448900000000002 0.12346699999999992 0.0076319999999999999 0.0073200000000000001 0.007097 0.0016460000000000001 0.0015420000000000002 0.001464 8.0810714939113222 8.0810714939113222 8.0810714939113222 0.00049886819321883749 0.00049886819321883749 0.00049886819321883749 1 1 1 Converged Converged Converged OK OK OK 138 138 138 138 138 138 6 6 6 0 0 0 0 0 1 0 0
107 107 uniform 4 7 19 1 0.0001 0.88252605170214315 0.00087883732690101758 0.00029821630033484864 0.25003342454909461 0.047710061927304266 0.25001008588211188 0 -0.24923517007085361 8.1059461221945632 OK 15 14 0.825295 0.70901899999999995 0.16828799999999999 0.65317700000000001 0.48183999999999999 0 0.17211799999999999 0.22717899999999996 0.16828799999999999 0.013729 0.013757 0.012902 0.12414299999999998 0.179705 0.12207899999999994 0.0071140000000000005 0.0071930000000000006 0.007098000000000001 0.001557 0.0014730000000000004 0.001438 8.1059460634746632 8.1059460634746632 8.1059460634746632 0.00043627613266135291 0.00043627613266135291 0.00043627613266135291 1 1 1 Converged Converged Converged OK OK OK 138 138 138 138 138 138 6 6 6 0 0 0 0 1 0 0 1
107 107 uniform 4 15 19 2 0.0001 0.88252605170214315 0.00087883732690101758 0.00029821630033484864 0.25003342454909461 0.047710061927304266 0.25005157684563672 0 -0.24927666103437846 8.1474243381825655 OK 15 14 0.62130099999999999 0.48842999999999998 0.16642399999999999 0.438529 0.26399 0 0.18277199999999999 0.22443999999999997 0.16642399999999999 0.014781000000000001 0.013669000000000001 0.012879 0.13315199999999996 0.1772500000000001 0.12052400000000001 0.0073370000000000006 0.0070869999999999995 0.0070720000000000002 0.0015170000000000001 0.0014830000000000002 0.0014219999999999999 8.1474242774854293 8.1474242774854293 8.1474242774854293 0.00037269695488437046 0.00037269695488437046 0.00037269695488437046 1 1 1 Converged Converged Converged OK OK OK 138 138 138 138 138 138 6 6 6 0 0 0 0 1 0 0 1
107 107 uniform 4 23 19 3 0.0001 0.88252605170214315 0.00087883732690101758 0.00029821630033484864 0.25003342454909461 0.047710061927304266 0.25009306780916157 0 -0.2493181519979033 8.2047020174558334 OK 15 14 0.89929700000000001 0.78551000000000004 0.20646500000000001 0.68245800000000001 0.51077399999999995 0 0.216839 0.27473600000000009 0.20646500000000001 0.015129999999999999 0.013864 0.013225000000000001 0.1614519999999999 0.22241400000000006 0.15574599999999997 0.010399 0.0099180000000000015 0.0095119999999999996 0.00189 0.0017839999999999998 0.001769 8.2047019585987879 8.2047019585987879 8.2047019585987879 0.00041489065035541742 0.00041489065035541742 0.00041489065035541742 1 1 1 Converged Converged Converged OK OK OK 177 177 177 177 177 177 7 7 7 0 0 0 0 1 0 0 1
107 107 uniform 4 0 19 0 1.0000000000000001e-05 0.88252605170214315 0.00087883732690101758 0.00029821630033484864 0.25003342454909461 0.047710061927304266 0.24997378128902764 0 -0.24919886547776937 8.081071536916884 OK 15 14 0.88458400000000004 0.86993500000000001 0.20222499999999999 0.66066999999999998 0.66513 0 0.22391400000000006 0.20480500000000001 0.20222499999999999 0.015521999999999999 0.014463 0.013898000000000001 0.16327099999999997 0.14817500000000003 0.14662899999999998 0.0082379999999999988 0.0079220000000000002 0.0080059999999999992 0.001722 0.0016299999999999999 0.0016180000000000001 8.0810714802112535 8.0810714802112535 8.0810714802112535 2.3076378833352828e-05 2.3076378833352828e-05 2.3076378833352828e-05 1 1 1 Converged Converged Converged OK OK OK 154 154 154 154 154 154 6 6 6 0 0 0 0 0 1 0 0
107 107 uniform 4 7 19 1 1.0000000000000001e-05 0.88252605170214315 0.00087883732690101758 0.00029821630033484864 0.25003342454909461 0.047710061927304266 0.25001008588211188 0 -0.24923517007085361 8.1059461221945632 OK 15 14 0.86379799999999995 0.74163400000000002 0.19852800000000001 0.65820900000000004 0.480624 0 0.20558899999999991 0.26101000000000002 0.19852800000000001 0.015014 0.01367 0.012893999999999999 0.15148200000000001 0.20359400000000011 0.14430999999999997 0.0081560000000000001 0.0079909999999999998 0.0079070000000000008 0.0016699999999999996 0.0016150000000000001 0.0015649999999999998 8.1059460662782747 8.1059460662782747 8.1059460662782747 6.5995481167340381e-05 6.5995481167340381e-05 6.5995481167340381e-05 1 1 1 Converged Converged Converged OK OK OK 154 154 154 154 154 154 6 6 6 0 0 0 0 1 0 0 1
107 107 uniform 4 15 19 2 1.0000000000000001e-05 0.88252605170214315 0.00087883732690101758 0.00029821630033484864 0.25003342454909461 0.047710061927304266 0.25005157684563672 0 -0.24927666103437846 8.1474243381825655 OK 15 14 0.64389700000000005 0.53496200000000005 0.21052000000000001 0.43176199999999998 0.260791 0 0.21213500000000007 0.27417100000000005 0.21052000000000001 0.013520000000000001 0.013610000000000001 0.012888999999999999 0.15669500000000011 0.21888699999999997 0.15638199999999991 0.0091500000000000001 0.0089259999999999999 0.0088039999999999993 0.0017410000000000001 0.0017730000000000001 0.0017500000000000003 8.1474242778845145 8.1474242778845145 8.1474242778845145 4.6634333285449011e-05 4.6634333285449011e-05 4.6634333285449011e-05 1 1 1 Converged Converged Converged OK OK OK 170 170 170 170 170 170 6 6 6 0 0 0 0 1 0 0 1
107 107 uniform 4 23 19 3 1.0000000000000001e-05 0.88252605170214315 0.00087883732690101758 0.00029821630033484864 0.25003342454909461 0.047710061927304266 0.25009306780916157 0 -0.2493181519979033 8.2047020174558334 OK 15 14 0.964893 0.85915900000000001 0.27125100000000002 0.69065399999999999 0.51531099999999996 0 0.27423900000000001 0.34384800000000004 0.27125100000000002 0.013856 0.013849999999999999 0.013198 0.20683199999999993 0.27659699999999982 0.2057489999999999 0.012452 0.012320999999999999 0.011967 0.0022440000000000003 0.0022620000000000001 0.0021909999999999998 8.2047019598929118 8.2047019598929118 8.2047019598929118 8.4691709713659724e-06 8.4691709713659724e-06 8.4691709713659724e-06 1 1 1 Converged Converged Converged OK OK OK 225 225 225 225 225 225 7 7 7 0 0 0 0 1 0 0 1
107 107 uniform 4 0 19 0 9.9999999999999995e-07 0.88252605170214315 0.00087883732690101758 0.00029821630033484864 0.25003342454909461 0.047710061927304266 0.24997378128902764 0 -0.24919886547776937 8.081071536916884 OK 15 14 0.89181900000000003 0.89230900000000002 0.22281000000000001 0.66573599999999999 0.66586900000000004 0 0.22608300000000003 0.22643999999999997 0.22281000000000001 0.014482999999999999 0.014581999999999999 0.014053 0.16346100000000002 0.16373199999999985 0.16224499999999994 0.0097210000000000005 0.009884999999999998 0.0091369999999999993 0.0018029999999999999 0.0018340000000000001 0.001792 8.0810714802096051 8.0810714802096051 8.0810714802096051 6.9827115225797417e-06 6.9827115225797417e-06 6.9827115225797417e-06 1 1 1 Converged Converged Converged OK OK OK 170 170 170 170 170 170 6 6 6 0 0 0 0 0 1 0 0
107 107 uniform 4 7 19 1 9.9999999999999995e-07 0.88252605170214315 0.00087883732690101758 0.00029821630033484864 0.25003342454909461 0.047710061927304266 0.25001008588211188 0 -0.24923517007085361 8.1059461221945632 OK 15 14 0.890096 0.78439899999999996 0.23119000000000001 0.65232000000000001 0.48682900000000001 0 0.23777599999999999 0.29756999999999995 0.23119000000000001 0.013646999999999999 0.013603000000000001 0.013032 0.17701 0.2370240000000001 0.17233499999999996 0.010301999999999999 0.010491 0.0098929999999999973 0.0019250000000000001 0.00192 0.0018459999999999998 8.1059460662499472 8.1059460662499472 8.1059460662499472 3.5068711346202394e-06 3.5068711346202394e-06 3.5068711346202394e-06 1 1 1 Converged Converged Converged OK OK OK 186 186 186 186 186 186 6 6 6 0 0 0 0 1 0 0 1
107 107 uniform 4 15 19 2 9.9999999999999995e-07 0.88252605170214315 0.00087883732690101758 0.00029821630033484864 0.25003342454909461 0.047710061927304266 0.25005157684563672 0 -0.24927666103437846 8.1474243381825655 OK 15 14 0.66134199999999999 0.559141 0.228854 0.42968699999999999 0.26146999999999998 0 0.231655 0.29767100000000002 0.228854 0.013483 0.013457999999999999 0.012871 0.17178100000000007 0.23755500000000007 0.17040999999999995 0.010124999999999999 0.010263000000000001 0.0099220000000000003 0.0018879999999999999 0.0019009999999999997 0.0018370000000000001 8.147424277854844 8.147424277854844 8.147424277854844 3.8634870615384842e-06 3.8634870615384842e-06 3.8634870615384842e-06 1 1 1 Converged Converged Converged OK OK OK 186 186 186 186 186 186 6 6 6 0 0 0 0 1 0 0 1
107 107 uniform 4 23 19 3 9.9999999999999995e-07 0.88252605170214315 0.00087883732690101758 0.00029821630033484864 0.25003342454909461 0.047710061927304266 0.25009306780916157 0 -0.2493181519979033 8.2047020174558334 OK 15 14 1.0343869999999999 0.95128500000000005 0.36053000000000002 0.67794500000000002 0.51318799999999998 0 0.35644199999999993 0.43809700000000007 0.36053000000000002 0.014135999999999999 0.013972999999999999 0.013268 0.26640400000000003 0.34878800000000021 0.27186099999999991 0.022598999999999998 0.022997 0.023079000000000002 0.0025179999999999998 0.0024740000000000001 0.0024310000000000004 8.2047019541210062 8.2047019541210062 8.2047019541210062 6.1352693504172001e-08 6.1352693504172001e-08 6.1352693504172001e-08 1 1 1 Converged Converged Converged OK OK OK 289 289 289 289 289 289 7 7 7 0 0 0 0 1 0 0 1
107 107 uniform 4 0 19 0 9.9999999999999995e-08 0.88252605170214315 0.00087883732690101758 0.00029821630033484864 0.25003342454909461 0.047710061927304266 0.24997378128902764 0 -0.24919886547776937 8.081071536916884 OK 15 14 0.98962099999999997 0.97283500000000001 0.285165 0.66876800000000003 0.66306200000000004 0 0.32085299999999994 0.30977299999999997 0.285165 0.018655000000000001 0.014659999999999999 0.01397 0.22927899999999993 0.22523199999999982 0.20853899999999995 0.014484 0.013878000000000001 0.012402 0.0022039999999999998 0.002284 0.0020500000000000002 8.0810714802030308 8.0810714802030308 8.0810714802030308 4.6150648377862114e-08 4.6150648377862114e-08 4.6150648377862114e-08 1 1 1 Converged Converged Converged OK OK OK 218 218 218 218 218 218 6 6 6 0 0 0 0 0 1 0 0
107 107 uniform 4 7 19 1 9.9999999999999995e-08 0.88252605170214315 0.00087883732690101758 0.00029821630033484864 0.25003342454909461 0.047710061927304266 0.25001008588211188 0 -0.24923517007085361 8.1059461221945632 OK 15 14 0.94411699999999998 0.86738599999999999 0.27140700000000001 0.65846899999999997 0.49351099999999998 0 0.28564800000000001 0.37387500000000001 0.27140700000000001 0.014942 0.014878000000000001 0.013009 0.21169899999999997 0.29899699999999996 0.20342299999999999 0.012998000000000001 0.012855000000000002 0.012156 0.002036 0.0021850000000000003 0.0019859999999999999 8.1059460662875242 8.1059460662875242 8.1059460662875242 6.3768653243657902e-09 6.3768653243657902e-09 6.3768653243657902e-09 1 1 1 Converged Converged Converged OK OK OK 218 218 218 218 218 218 6 6 6 0 0 0 0 1 0 0 1
107 107 uniform 4 15 19 2 9.9999999999999995e-08 0.88252605170214315 0.00087883732690101758 0.00029821630033484864 0.25003342454909461 0.047710061927304266 0.25005157684563672 0 -0.24927666103437846 8.1474243381825655 OK 15 14 0.70455400000000001 0.60933700000000002 0.27472400000000002 0.42996000000000001 0.27027099999999998 0 0.274594 0.33906600000000003 0.27472400000000002 0.013573999999999999 0.013703999999999999 0.012970000000000001 0.20492499999999989 0.26972499999999994 0.20579700000000004 0.012645000000000002 0.012317999999999999 0.012217 0.0020539999999999998 0.0020479999999999999 0.0020340000000000002 8.1474242778103374 8.1474242778103374 8.1474242778103374 2.7441819982706277e-09 2.7441819982706277e-09 2.7441819982706277e-09 1 1 1 Converged Converged Converged OK OK OK 218 218 218 218 218 218 6 6 6 0 0 0 0 1 0 0 1
107 107 uniform 4 23 19 3 9.9999999999999995e-08 0.88252605170214315 0.00087883732690101758 0.00029821630033484864 0.25003342454909461 0.047710061927304266 0.25009306780916157 0 -0.2493181519979033 8.2047020174558334 OK 15 14 1.0261629999999999 0.94519299999999995 0.34692299999999998 0.67498100000000005 0.51113200000000003 0 0.35118199999999988 0.43406099999999992 0.34692299999999998 0.013857 0.014059 0.013261 0.26595900000000011 0.34917300000000007 0.26430700000000007 0.021837999999999996 0.021456000000000003 0.020701999999999998 0.0024129999999999998 0.002379 0.0023019999999999998 8.2047019541210062 8.2047019541210062 8.2047019541210062 6.1352693504172001e-08 6.1352693504172001e-08 6.1352693504172001e-08 1 1 1 Converged Converged Converged OK OK OK 289 289 289 289 289 289 7 7 7 0 0 0 0 1 0 0 1
115 115 linear 0 0 20 0 0.0001 1.9599718681909375 0.00076065753405687151 0.0004224285403319365 0.0014195678434221603 5.6351400808077953e-05 0.0013350821353557731 0.5 0.00015465205518740643 3808.2916091493607 OK 15 14 0.82250400000000001 0.81986099999999995 0.37842300000000001 0.45863599999999999 0.45821400000000001 0 0.36386800000000002 0.36164699999999994 0.37842300000000001 0.011996 0.014732 0.011512 0.31014400000000009 0.30483600000000022 0.32078100000000037 0.0095309999999999995 0.0098969999999999995 0.013721000000000001 0.0025459999999999997 0.0026509999999999997 0.0026490000000000003 3808.3187395826503 3808.3187395826503 3808.3187395826503 0.20540273170850909 0.20540273170850909 0.20540273170850909 1 1 1 Converged Converged Converged OK OK OK 189 189 189 189 189 189 11 11 11 0 0 0 0 0 1 0 0
115 115 linear 0 7 20 1 0.0001 1.9599718681909375 0.00076065753405687151 0.0004224285403319365 0.0014195678434221603 5.6351400808077953e-05 0.0013865082185266174 0.5 0.00010322597201656205 3520.9461170322352 OK 15 14 0.83339799999999997 0.8629 0.39080300000000001 0.45771400000000001 0.30089700000000003 0 0.37568399999999996 0.56200300000000003 0.39080300000000001 0.010560999999999999 0.010593 0.011173000000000001 0.3263370000000001 0.51171599999999984 0.33933400000000002 0.010967999999999999 0.011654000000000003 0.012323000000000001 0.0025000000000000001 0.0026449999999999998 0.0026680000000000002 3520.9478339798179 3520.9478339798179 3520.9478339798179 0.2329658178810583 0.2329658178810583 0.2329658178810583 1 1 1 Converged Converged Converged OK OK OK 205 205 205 205 205 205 11 11 11 0 0 0 0 1 0 0 1
115 115 linear 0 15 20 2 0.0001 1.9599718681909375 0.00076065753405687151 0.0004224285403319365 0.0014195678434221603 5.6351400808077953e-05 0.0014452808850075826 0.5 4.4453305535596893e-05 3139.6109986655006 OK 15 14 0.81742000000000004 0.805261 0.38212400000000002 0.44028800000000001 0.27783400000000003 0 0.37713200000000002 0.52742699999999998 0.38212400000000002 0.014409999999999999 0.014213 0.014246 0.32082799999999995 0.47236299999999992 0.32761799999999991 0.012274 0.011574000000000001 0.011513000000000001 0.0023990000000000001 0.0022189999999999996 0.0022690000000000006 3139.6316823988468 3139.6316823988468 3139.6316823988468 0.13965116770332739 0.13965116770332739 0.13965116770332739 1 1 1 Converged Converged Converged OK OK OK 190 190 190 190 190 190 10 10 10 0 0 0 0 1 0 0 1
115 115 linear 0 23 20 3 0.0001 1.9599718681909375 0.00076065753405687151 0.0004224285403319365 0.0014195678434221603 5.6351400808077953e-05 0.0015040535514885475 0.5 -1.4319360945368046e-05 2760.9449255451987 OK 15 14 0.74249799999999999 0.723603 0.37346600000000002 0.37930399999999997 0.218805 0 0.36319400000000002 0.50479799999999997 0.37346600000000002 0.013879000000000001 0.013939 0.014012 0.31026800000000015 0.45233000000000001 0.32091799999999998 0.011137999999999997 0.010499000000000001 0.011072999999999998 0.0019940000000000001 0.0018970000000000002 0.001869 2760.9239158151381 2760.9239158151381 2760.9239158151381 0.13544735279741557 0.13544735279741557 0.13544735279741557 1 1 1 Converged Converged Converged OK OK OK 182 182 182 182 182 182 10 10 10 0 0 0 0 1 0 0 1
115 115 linear 0 0 20 0 1.0000000000000001e-05 1.9599718681909375 0.00076065753405687151 0.0004224285403319365 0.0014195678434221603 5.6351400808077953e-05 0.0013350821353557731 0.5 0.00015465205518740643 3808.2916091493607 OK 15 14 1.0151749999999999 1.0221279999999999 0.55319799999999997 0.46079300000000001 0.46595300000000001 0 0.55438199999999993 0.55617499999999986 0.55319799999999997 0.012302 0.012251 0.012331999999999999 0.43365599999999999 0.43433699999999975 0.43257200000000007 0.016222 0.016309999999999998 0.016628 0.0031839999999999998 0.0033519999999999999 0.0032819999999999998 3808.3190887911037 3808.3190887911037 3808.3190887911037 0.026686637126816206 0.026686637126816206 0.026686637126816206 1 1 1 Converged Converged Converged OK OK OK 269 269 269 269 269 269 11 11 11 0 0 0 0 0 1 0 0
115 115 linear 0 7 20 1 1.0000000000000001e-05 1.9599718681909375 0.00076065753405687151 0.0004224285403319365 0.0014195678434221603 5.6351400808077953e-05 0.0013865082185266174 0.5 0.00010322597201656205 3520.9461170322352 OK 15 14 0.93244099999999996 1.0576669999999999 0.47236499999999998 0.45891999999999999 0.30669400000000002 0 0.47352099999999997 0.75097299999999989 0.47236499999999998 0.010607 0.010767000000000001 0.010063000000000001 0.4084399999999998 0.68466300000000013 0.40448400000000018 0.015844 0.015706000000000001 0.015578999999999999 0.0032300000000000002 0.0033139999999999997 0.003094 3520.9478496554775 3520.9478496554775 3520.9478496554775 0.032686457596854492 0.032686457596854492 0.032686457596854492 1 1 1 Converged Converged Converged OK OK OK 269 269 269 269 269 269 11 11 11 0 0 0 0 1 0 0 1
115 115 linear 0 15 20 2 1.0000000000000001e-05 1.9599718681909375 0.00076065753405687151 0.0004224285403319365 0.0014195678434221603 5.6351400808077953e-05 0.0014452808850075826 0.5 4.4453305535596893e-05 3139.6109986655006 OK 15 14 1.026591 1.247322 0.58418300000000001 0.43920700000000001 0.29244300000000001 0 0.58738400000000002 0.95487900000000003 0.58418300000000001 0.013858000000000001 0.015207 0.013239000000000001 0.46692799999999962 0.82664799999999983 0.46575499999999997 0.022447999999999996 0.023508000000000001 0.022614999999999996 0.0027360000000000002 0.0026779999999999998 0.0026800000000000001 3139.6318471352452 3139.6318471352452 3139.6318471352452 0.028735632957291334 0.028735632957291334 0.028735632957291334 1 1 1 Converged Converged Converged OK OK OK 302 302 302 302 302 302 10 10 10 0 0 0 0 1 0 0 1
115 115 linear 0 23 20 3 1.0000000000000001e-05 1.9599718681909375 0.00076065753405687151 0.0004224285403319365 0.0014195678434221603 5.6351400808077953e-05 0.0015040535514885475 0.5 -1.4319360945368046e-05 2760.9449255451987 OK 15 14 0.96138199999999996 1.0797129999999999 0.58141399999999999 0.38362200000000002 0.21778700000000001 0 0.57775999999999994 0.86192599999999997 0.58141399999999999 0.014033 0.014021 0.012985999999999999 0.48973299999999986 0.77496800000000021 0.49539300000000003 0.023181 0.022518999999999997 0.023348000000000001 0.0025819999999999997 0.0025860000000000002 0.0025270000000000002 2760.9240447905395 2760.9240447905395 2760.9240447905395 0.023248876832705951 0.023248876832705951 0.023248876832705951 1 1 1 Converged Converged Converged OK OK OK 302 302 302 302 302 302 10 10 10 0 0 0 0 1 0 0 1
115 115 linear 0 0 20 0 9.9999999999999995e-07 1.9599718681909375 0.00076065753405687151 0.0004224285403319365 0.0014195678434221603 5.6351400808077953e-05 0.0013350821353557731 0.5 0.00015465205518740643 3808.2916091493607 OK 15 14 1.1442669999999999 1.177081 0.68354499999999996 0.45797500000000002 0.46980100000000002 0 0.6862919999999999 0.70728000000000002 0.68354499999999996 0.012153000000000001 0.013311 0.012055 0.51383900000000016 0.52833300000000005 0.51522099999999971 0.020164000000000001 0.022969999999999997 0.020605999999999999 0.003901 0.0038830000000000006 0.0037670000000000004 3808.3190883003717 3808.3190883003717 3808.3190883003717 0.0027677394942421198 0.0027677394942421198 0.0027677394942421198 1 1 1 Converged Converged Converged OK OK OK 333 333 333 333 333 333 11 11 11 0 0 0 0 0 1 0 0
115 115 linear 0 7 20 1 9.9999999999999995e-07 1.9599718681909375 0.00076065753405687151 0.0004224285403319365 0.0014195678434221603 5.6351400808077953e-05 0.0013865082185266174 0.5 0.00010322597201656205 3520.9461170322352 OK 15 14 1.0157700000000001 1.1438870000000001 0.55673600000000001 0.45687499999999998 0.30830600000000002 0 0.55889500000000014 0.83558100000000013 0.55673600000000001 0.010683 0.01068 0.010095 0.4807220000000002 0.75708399999999987 0.48198299999999983 0.018253000000000002 0.019386 0.018467000000000004 0.0035720000000000005 0.0039050000000000005 0.0037489999999999997 3520.9478484473507 3520.9478484473507 3520.9478484473507 0.002461855050742165 0.002461855050742165 0.002461855050742165 1 1 1 Converged Converged Converged OK OK OK 317 317 317 317 317 317 11 11 11 0 0 0 0 1 0 0 1
115 115 linear 0 15 20 2 9.9999999999999995e-07 1.9599718681909375 0.00076065753405687151 0.0004224285403319365 0.0014195678434221603 5.6351400808077953e-05 0.0014452808850075826 0.5 4.4453305535596893e-05 3139.6109986655006 OK 15 14 1.087661 1.2520830000000001 0.65390599999999999 0.43400699999999998 0.282777 0 0.65365399999999996 0.969306 0.65390599999999999 0.014052 0.014086 0.013245 0.55157299999999998 0.8647320000000015 0.55264700000000044 0.025547999999999998 0.026726000000000003 0.025850000000000001 0.0032339999999999999 0.0034449999999999993 0.0031909999999999994 3139.6318427072183 3139.6318427072183 3139.6318427072183 0.00044172887983116459 0.00044172887983116459 0.00044172887983116459 1 1 1 Converged Converged Converged OK OK OK 350 350 350 350 350 350 10 10 10 0 0 0 0 1 0 0 1
115 115 linear 0 23 20 3 9.9999999999999995e-07 1.9599718681909375 0.00076065753405687151 0.0004224285403319365 0.0014195678434221603 5.6351400808077953e-05 0.0015040535514885475 0.5 -1.4319360945368046e-05 2760.9449255451987 OK 15 14 1.169794 1.1865810000000001 0.65158400000000005 0.37635000000000002 0.221249 0 0.79344400000000004 0.96533200000000008 0.65158400000000005 0.015084 0.014038999999999999 0.012921 0.66853999999999936 0.86433099999999985 0.55386200000000041 0.030856000000000001 0.026093000000000002 0.025402999999999995 0.0037749999999999993 0.0032269999999999998 0.0030670000000000003 2760.924042973033 2760.924042973033 2760.924042973033 0.00033697136656511001 0.00033697136656511001 0.00033697136656511001 1 1 1 Converged Converged Converged OK OK OK 350 350 350 350 350 350 10 10 10 0 0 0 0 1 0 0 1
115 115 linear 0 0 20 0 9.9999999999999995e-08 1.9599718681909375 0.00076065753405687151 0.0004224285403319365 0.0014195678434221603 5.6351400808077953e-05 0.0013350821353557731 0.5 0.00015465205518740643 3808.2916091493607 OK 15 14 1.3323430000000001 1.3366180000000001 0.89283500000000005 0.46146100000000001 0.46260499999999999 0 0.87088200000000004 0.87401300000000015 0.89283500000000005 0.012499 0.012618000000000001 0.012316000000000001 0.64797099999999974 0.65279300000000018 0.66523999999999961 0.031793000000000002 0.032035999999999995 0.035253999999999994 0.0048300000000000001 0.0047409999999999996 0.0044669999999999996 3808.3190893292895 3808.3190893292895 3808.3190893292895 0.00017692323927160437 0.00017692323927160437 0.00017692323927160437 1 1 1 Converged Converged Converged OK OK OK 429 429 429 429 429 429 11 11 11 0 0 0 0 0 1 0 0
115 115 linear 0 7 20 1 9.9999999999999995e-08 1.9599718681909375 0.00076065753405687151 0.0004224285403319365 0.0014195678434221603 5.6351400808077953e-05 0.0013865082185266174 0.5 0.00010322597201656205 3520.9461170322352 OK 15 14 1.311277 1.650798 0.86826599999999998 0.46318399999999998 0.30835099999999999 0 0.84809299999999999 1.3424469999999999 0.86826599999999998 0.011195 0.011084999999999999 0.011492 0.71242499999999997 1.2023390000000016 0.7299190000000001 0.040891000000000004 0.043487000000000005 0.04324200000000001 0.0046350000000000002 0.0047670000000000013 0.0045490000000000001 3520.9478509796945 3520.9478509796945 3520.9478509796945 7.1581462695255392e-05 7.1581462695255392e-05 7.1581462695255392e-05 1 1 1 Converged Converged Converged OK OK OK 493 493 493 493 493 493 11 11 11 0 0 0 0 1 0 0 1
115 115 linear 0 15 20 2 9.9999999999999995e-08 1.9599718681909375 0.00076065753405687151 0.0004224285403319365 0.0014195678434221603 5.6351400808077953e-05 0.0014452808850075826 0.5 4.4453305535596893e-05 3139.6109986655006 OK 15 14 1.225535 1.4488909999999999 0.77870499999999998 0.44183600000000001 0.279806 0 0.78369900000000003 1.1690849999999999 0.77870499999999998 0.014442 0.014262 0.013480000000000001 0.65208900000000058 1.0381510000000003 0.6512690000000001 0.036957000000000004 0.036503000000000001 0.035327999999999998 0.0037049999999999995 0.003673 0.0035469999999999994 3139.6318433054248 3139.6318433054248 3139.6318433054248 0.00016034831886586654 0.00016034831886586654 0.00016034831886586654 1 1 1 Converged Converged Converged OK OK OK 414 414 414 414 414 414 10 10 10 0 0 0 0 1 0 0 1
115 115 linear 0 23 20 3 9.9999999999999995e-08 1.9599718681909375 0.00076065753405687151 0.0004224285403319365 0.0014195678434221603 5.6351400808077953e-05 0.0015040535514885475 0.5 -1.4319360945368046e-05 2760.9449255451987 OK 15 14 1.1765890000000001 1.3861669999999999 0.78108900000000003 0.38095600000000002 0.22393199999999999 0 0.79563300000000003 1.1622349999999999 0.78108900000000003 0.014326 0.013986999999999999 0.012959999999999999 0.66567399999999977 1.0327989999999994 0.65598799999999946 0.036043999999999993 0.035265999999999999 0.034003000000000005 0.0033729999999999997 0.0034250000000000001 0.0032450000000000001 2760.9240434463218 2760.9240434463218 2760.9240434463218 0.00013843978134833862 0.00013843978134833862 0.00013843978134833862 1 1 1 Converged Converged Converged OK OK OK 414 414 414 414 414 414 10 10 10 0 0 0 0 1 0 0 1
115 115 linear 1 0 21 0 0.0001 1.9599718681909375 0.00076065753405687151 0.0004224285403319365 -1.4420750108918317 0.0043907603621731357 -1.4421594965998981 0.5 1.4436492307904412 5.3886976960245789 OK 14 13 0.43848900000000002 0.425923 0.162272 0.27040900000000001 0.26358999999999999 0 0.16808000000000001 0.16233300000000001 0.162272 0.013093 0.011789000000000001 0.011364000000000001 0.12783699999999998 0.12453599999999997 0.12464899999999998 0.0056630000000000005 0.0054029999999999998 0.005536000000000001 0.001387 0.0013570000000000001 0.0014230000000000002 5.3887517824955928 5.3887517824955928 5.3887517824955928 0.00028846703691076182 0.00028846703691076182 0.00028846703691076182 1 1 1 Converged Converged Converged OK OK OK 114 114 114 114 114 114 6 6 6 0 0 0 0 0 1 0 0
115 115 linear 1 7 21 1 0.0001 1.9599718681909375 0.00076065753405687151 0.0004224285403319365 -1.4420750108918317 0.0043907603621731357 -1.4421080705167273 0.5 1.4435978047072704 4.7917514737774098 OK 14 13 0.65783700000000001 0.48736600000000002 0.15596099999999999 0.49516900000000003 0.313025 0 0.16266799999999998 0.17434100000000002 0.15596099999999999 0.012163999999999999 0.011018 0.010312999999999999 0.12592100000000001 0.13989999999999997 0.12215699999999997 0.0055060000000000005 0.0053689999999999996 0.005463 0.0013359999999999999 0.001294 0.001291 4.7917787728971124 4.7917787728971124 4.7917787728971124 0.00026564973153186424 0.00026564973153186424 0.00026564973153186424 1 1 1 Converged Converged Converged OK OK OK 114 114 114 114 114 114 6 6 6 0 0 0 0 1 0 0 1
115 115 linear 1 15 21 2 0.0001 1.9599718681909375 0.00076065753405687151 0.0004224285403319365 -1.4420750108918317 0.0043907603621731357 -1.4420492978502462 0.5 1.4435390320407893 4.1053004878445281 OK 14 13 0.41081000000000001 0.258386 0.15635199999999999 0.25298500000000002 0.081508999999999998 0 0.15782499999999999 0.17687700000000001 0.15635199999999999 0.010933999999999999 0.010867 0.010382000000000001 0.12300700000000002 0.14196299999999989 0.12282700000000001 0.0053039999999999997 0.0055750000000000001 0.0052370000000000003 0.0013659999999999998 0.0014249999999999998 0.00134 4.1053271955559945 4.1053271955559945 4.1053271955559945 0.00025817779212205827 0.00025817779212205827 0.00025817779212205827 1 1 1 Converged Converged Converged OK OK OK 114 114 114 114 114 114 6 6 6 0 0 0 0 1 0 0 1
115 115 linear 1 23 21 3 0.0001 1.9599718681909375 0.00076065753405687151 0.0004224285403319365 -1.4420750108918317 0.0043907603621731357 -1.4419905251837652 0.5 1.4434802593743083 3.4235512255114862 OK 14 13 0.56738100000000002 0.41596300000000003 0.15739500000000001 0.40818300000000002 0.23619200000000001 0 0.15919800000000001 0.17977100000000001 0.15739500000000001 0.010807000000000001 0.010926 0.010264000000000001 0.12450200000000004 0.14505300000000002 0.12391699999999999 0.0053030000000000004 0.0054309999999999992 0.0052750000000000002 0.0014009999999999999 0.0013809999999999998 0.0012919999999999997 3.4235647163844396 3.4235647163844396 3.4235647163844396 0.00028490472631258727 0.00028490472631258727 0.00028490472631258727 1 1 1 Converged Converged Converged OK OK OK 114 114 114 114 114 114 6 6 6 0 0 0 0 1 0 0 1
115 115 linear 1 0 21 0 1.0000000000000001e-05 1.9599718681909375 0.00076065753405687151 0.0004224285403319365 -1.4420750108918317 0.0043907603621731357 -1.4421594965998981 0.5 1.4436492307904412 5.3886976960245789 OK 14 13 0.48178799999999999 0.47566599999999998 0.21631800000000001 0.26872600000000002 0.26421499999999998 0 0.21306199999999997 0.211451 0.21631800000000001 0.011953 0.011617000000000001 0.012534 0.16635100000000005 0.16584499999999999 0.16958499999999993 0.0071679999999999999 0.0070150000000000004 0.0070689999999999998 0.0017619999999999997 0.0017220000000000002 0.0017060000000000001 5.3887517816416421 5.3887517816416421 5.3887517816416421 4.1465071630939011e-05 4.1465071630939011e-05 4.1465071630939011e-05 1 1 1 Converged Converged Converged OK OK OK 146 146 146 146 146 146 6 6 6 0 0 0 0 0 1 0 0
115 115 linear 1 7 21 1 1.0000000000000001e-05 1.9599718681909375 0.00076065753405687151 0.0004224285403319365 -1.4420750108918317 0.0043907603621731357 -1.4421080705167273 0.5 1.4435978047072704 4.7917514737774098 OK 14 13 0.68931200000000004 0.55444199999999999 0.20208799999999999 0.484068 0.308479 0 0.20524400000000004 0.24596299999999999 0.20208799999999999 0.010982 0.012049000000000001 0.010357 0.16375100000000006 0.20292399999999991 0.16212199999999999 0.0072979999999999989 0.0073890000000000006 0.0071470000000000006 0.0015790000000000001 0.0016289999999999998 0.0015919999999999999 4.7917787719947409 4.7917787719947409 4.7917787719947409 4.7418870784062952e-05 4.7418870784062952e-05 4.7418870784062952e-05 1 1 1 Converged Converged Converged OK OK OK 146 146 146 146 146 146 6 6 6 0 0 0 0 1 0 0 1
115 115 linear 1 15 21 2 1.0000000000000001e-05 1.9599718681909375 0.00076065753405687151 0.0004224285403319365 -1.4420750108918317 0.0043907603621731357 -1.4420492978502462 0.5 1.4435390320407893 4.1053004878445281 OK 14 13 0.46807599999999999 0.33864699999999998 0.21029100000000001 0.25589200000000001 0.089481000000000005 0 0.21218399999999998 0.24916599999999997 0.21029100000000001 0.010902999999999999 0.012144 0.010404999999999999 0.16975200000000004 0.20484899999999995 0.16896299999999995 0.0074759999999999991 0.0076630000000000005 0.0074320000000000011 0.001835 0.0018540000000000002 0.0017580000000000002 4.1053271861993261 4.1053271861993261 4.1053271861993261 6.0807292556691993e-08 6.0807292556691993e-08 6.0807292556691993e-08 1 1 1 Converged Converged Converged OK OK OK 154 154 154 154 154 154 6 6 6 0 0 0 0 1 0 0 1
115 115 linear 1 23 21 3 1.0000000000000001e-05 1.9599718681909375 0.00076065753405687151 0.0004224285403319365 -1.4420750108918317 0.0043907603621731357 -1.4419905251837652 0.5 1.4434802593743083 3.4235512255114862 OK 14 13 0.62687999999999999 0.494836 0.21329899999999999 0.40586699999999998 0.24298900000000001 0 0.22101300000000001 0.25184699999999999 0.21329899999999999 0.010734 0.012135999999999999 0.010362 0.17876899999999993 0.207929 0.17235799999999998 0.0073219999999999986 0.00745 0.0071789999999999996 0.0018009999999999996 0.001841 0.0017449999999999996 3.4235647144130241 3.4235647144130241 3.4235647144130241 2.7113661733497685e-07 2.7113661733497685e-07 2.7113661733497685e-07 1 1 1 Converged Converged Converged OK OK OK 154 154 154 154 154 154 6 6 6 0 0 0 0 1 0 0 1
115 115 linear 1 0 21 0 9.9999999999999995e-07 1.9599718681909375 0.00076065753405687151 0.0004224285403319365 -1.4420750108918317 0.0043907603621731357 -1.4421594965998981 0.5 1.4436492307904412 5.3886976960245789 OK 14 13 0.490342 0.483041 0.22384499999999999 0.26944800000000002 0.26337100000000002 0 0.22089399999999998 0.21966999999999998 0.22384499999999999 0.011937 0.011563 0.011271 0.17308900000000002 0.17259799999999997 0.17732800000000015 0.007552999999999999 0.0074869999999999997 0.0074479999999999998 0.001846 0.0018180000000000002 0.0018190000000000001 5.3887517810418091 5.3887517810418091 5.3887517810418091 2.6435562157472278e-07 2.6435562157472278e-07 2.6435562157472278e-07 1 1 1 Converged Converged Converged OK OK OK 154 154 154 154 154 154 6 6 6 0 0 0 0 0 1 0 0
115 115 linear 1 7 21 1 9.9999999999999995e-07 1.9599718681909375 0.00076065753405687151 0.0004224285403319365 -1.4420750108918317 0.0043907603621731357 -1.4421080705167273 0.5 1.4435978047072704 4.7917514737774098 OK 14 13 0.69715700000000003 0.54901800000000001 0.210142 0.48434300000000002 0.30724699999999999 0 0.212814 0.24177100000000001 0.210142 0.010881 0.010862999999999999 0.01044 0.17099100000000003 0.20016400000000004 0.16917299999999991 0.0072140000000000008 0.0073560000000000006 0.007326 0.0017030000000000001 0.00165 0.0016850000000000001 4.7917787703574009 4.7917787703574009 4.7917787703574009 1.1306612726754972e-07 1.1306612726754972e-07 1.1306612726754972e-07 1 1 1 Converged Converged Converged OK OK OK 154 154 154 154 154 154 6 6 6 0 0 0 0 1 0 0 1
115 115 linear 1 15 21 2 9.9999999999999995e-07 1.9599718681909375 0.00076065753405687151 0.0004224285403319365 -1.4420750108918317 0.0043907603621731357 -1.4420492978502462 0.5 1.4435390320407893 4.1053004878445281 OK 14 13 0.46681299999999998 0.32079999999999997 0.20999999999999999 0.25488699999999997 0.080390000000000003 0 0.211926 0.24040999999999996 0.20999999999999999 0.010914999999999999 0.010988 0.010354 0.16969200000000007 0.19834299999999999 0.16899300000000003 0.0073330000000000001 0.007221 0.0071220000000000007 0.001779 0.0017780000000000001 0.0017229999999999999 4.1053271861993261 4.1053271861993261 4.1053271861993261 6.0807292556691993e-08 6.0807292556691993e-08 6.0807292556691993e-08 1 1 1 Converged Converged Converged OK OK OK 154 154 154 154 154 154 6 6 6 0 0 0 0 1 0 0 1
115 115 linear 1 23 21 3 9.9999999999999995e-07 1.9599718681909375 0.00076065753405687151 0.0004224285403319365 -1.4420750108918317 0.0043907603621731357 -1.4419905251837652 0.5 1.4434802593743083 3.4235512255114862 OK 14 13 0.62402800000000003 0.47895700000000002 0.21324499999999999 0.40573700000000001 0.23449400000000001 0 0.21829100000000001 0.24446300000000001 0.21324499999999999 0.010843 0.010992 0.010322 0.17612700000000001 0.20247999999999994 0.17243999999999993 0.0073150000000000003 0.007247 0.0070869999999999995 0.0017680000000000003 0.0017329999999999999 0.0016989999999999998 3.4235647144130241 3.4235647144130241 3.4235647144130241 2.7113661733497685e-07 2.7113661733497685e-07 2.7113661733497685e-07 1 1 1 Converged Converged Converged OK OK OK 154 154 154 154 154 154 6 6 6 0 0 0 0 1 0 0 1
115 115 linear 1 0 21 0 9.9999999999999995e-08 1.9599718681909375 0.00076065753405687151 0.0004224285403319365 -1.4420750108918317 0.0043907603621731357 -1.4421594965998981 0.5 1.4436492307904412 5.3886976960245789 OK 14 13 0.48507699999999998 0.481964 0.22678200000000001 0.26643499999999998 0.26321 0 0.218642 0.218754 0.22678200000000001 0.011639 0.011631000000000001 0.012385999999999999 0.1717789999999999 0.17195600000000011 0.17833000000000007 0.0073229999999999996 0.0073439999999999998 0.0075369999999999994 0.0017629999999999998 0.0017839999999999998 0.0018809999999999999 5.3887517810418091 5.3887517810418091 5.3887517810418091 2.6435562157472278e-07 2.6435562157472278e-07 2.6435562157472278e-07 1 1 1 Converged Converged Converged OK OK OK 154 154 154 154 154 154 6 6 6 0 0 0 0 0 1 0 0
115 115 linear 1 7 21 1 9.9999999999999995e-08 1.9599718681909375 0.00076065753405687151 0.0004224285403319365 -1.4420750108918317 0.0043907603621731357 -1.4421080705167273 0.5 1.4435978047072704 4.7917514737774098 OK 14 13 0.69822099999999998 0.548292 0.216803 0.48278500000000002 0.30575999999999998 0 0.21543599999999996 0.24253200000000003 0.216803 0.010995 0.010874999999999999 0.011573999999999999 0.17361299999999999 0.20089399999999993 0.17377699999999999 0.007337999999999999 0.0073580000000000017 0.0074929999999999997 0.0016830000000000003 0.0016649999999999998 0.0017129999999999999 4.7917787703574009 4.7917787703574009 4.7917787703574009 1.1306612726754972e-07 1.1306612726754972e-07 1.1306612726754972e-07 1 1 1 Converged Converged Converged OK OK OK 154 154 154 154 154 154 6 6 6 0 0 0 0 1 0 0 1
115 115 linear 1 15 21 2 9.9999999999999995e-08 1.9599718681909375 0.00076065753405687151 0.0004224285403319365 -1.4420750108918317 0.0043907603621731357 -1.4420492978502462 0.5 1.4435390320407893 4.1053004878445281 OK 14 13 0.46338499999999999 0.33198299999999997 0.21524699999999999 0.251859 0.083682999999999994 0 0.21152599999999999 0.24829999999999997 0.21524699999999999 0.010861000000000001 0.012142 0.011783 0.16970800000000003 0.20461599999999994 0.17237200000000005 0.0071830000000000001 0.0072889999999999995 0.0071939999999999999 0.0017180000000000001 0.0017459999999999997 0.0017210000000000001 4.1053271861993261 4.1053271861993261 4.1053271861993261 6.0807292556691993e-08 6.0807292556691993e-08 6.0807292556691993e-08 1 1 1 Converged Converged Converged OK OK OK 154 154 154 154 154 154 6 6 6 0 0 0 0 1 0 0 1
115 115 linear 1 23 21 3 9.9999999999999995e-08 1.9599718681909375 0.00076065753405687151 0.0004224285403319365 -1.4420750108918317 0.0043907603621731357 -1.4419905251837652 0.5 1.4434802593743083 3.4235512255114862 OK 14 13 0.62279499999999999 0.49443300000000001 0.213065 0.405142 0.24232999999999999 0 0.21765299999999999 0.25210300000000002 0.213065 0.010855999999999999 0.012248 0.010371999999999999 0.17550600000000008 0.20782400000000012 0.17208900000000005 0.0072689999999999994 0.0076160000000000004 0.0071369999999999984 0.0017540000000000001 0.0018000000000000004 0.0017239999999999998 3.4235647144130241 3.4235647144130241 3.4235647144130241 2.7113661733497685e-07 2.7113661733497685e-07 2.7113661733497685e-07 1 1 1 Converged Converged Converged OK OK OK 154 154 154 154 154 154 6 6 6 0 0 0 0 1 0 0 1
115 115 linear 2 0 22 0 0.0001 1.9599718681909375 0.00076065753405687151 0.0004224285403319365 0.0016332206677331243 0.00024733848153663933 0.0015487349596667371 0.5 -5.9000769123557619e-05 2430.3365436125264 OK 15 14 0.81009299999999995 0.81276700000000002 0.36830400000000002 0.444774 0.44464199999999998 0 0.36531899999999995 0.36812500000000004 0.36830400000000002 0.012545000000000001 0.012690999999999999 0.012359 0.30748899999999996 0.31151499999999988 0.31262899999999999 0.0099919999999999991 0.010180999999999999 0.0099640000000000024 0.0025170000000000001 0.0027009999999999998 0.0025469999999999998 2430.368710477208 2430.368710477208 2430.368710477208 0.091953158090837567 0.091953158090837567 0.091953158090837567 1 1 1 Converged Converged Converged OK OK OK 197 197 197 197 197 197 11 11 11 0 0 0 0 0 1 0 0
115 115 linear 2 7 22 1 0.0001 1.9599718681909375 0.00076065753405687151 0.0004224285403319365 0.0016332206677331243 0.00024733848153663933 0.0016001610428375815 0.5 -0.00011042685229440199 1936.1101048538053 OK 15 14 0.88404899999999997 0.81565600000000005 0.41934300000000002 0.44615700000000003 0.285995 0 0.43789199999999995 0.52966100000000005 0.41934300000000002 0.012074 0.011011999999999999 0.010305 0.38438399999999995 0.47886399999999996 0.37028300000000008 0.011860000000000002 0.011755 0.011094000000000001 0.0024590000000000002 0.002313 0.0023900000000000002 1935.9979698214649 1935.9979698214649 1935.9979698214649 0.086650043255033046 0.086650043255033046 0.086650043255033046 1 1 1 Converged Converged Converged OK OK OK 205 205 205 205 205 205 11 11 11 0 0 0 0 1 0 0 1
115 115 linear 2 15 22 2 0.0001 1.9599718681909375 0.00076065753405687151 0.0004224285403319365 0.0016332206677331243 0.00024733848153663933 0.0016589337093185466 0.5 -0.00016919951877536715 1581.2061363808323 OK 16 15 0.83114399999999999 0.819241 0.39590999999999998 0.41977900000000001 0.25987300000000002 0 0.41136499999999998 0.55936799999999998 0.39590999999999998 0.015726 0.014363000000000001 0.013386 0.3445740000000001 0.49148799999999965 0.3344850000000002 0.013212000000000002 0.012648000000000001 0.011715999999999999 0.0023800000000000002 0.0023780000000000003 0.002382 1580.8617871495037 1580.8617871495037 1580.8617871495037 0.07799816754103911 0.07799816754103911 0.07799816754103911 1 1 1 Converged Converged Converged OK OK OK 191 191 191 191 191 191 9 9 9 0 0 0 0 1 0 0 1
115 115 linear 2 23 22 3 0.0001 1.9599718681909375 0.00076065753405687151 0.0004224285403319365 0.0016332206677331243 0.00024733848153663933 0.0017177063757995116 0.5 -0.00022797218525633209 1417.9441106670799 OK 16 15 0.85738499999999995 0.94935199999999997 0.41109200000000001 0.44046299999999999 0.29521500000000001 0 0.41692199999999996 0.65413699999999997 0.41109200000000001 0.013671000000000001 0.015017000000000001 0.012852000000000001 0.3494069999999998 0.56984199999999963 0.34652300000000036 0.013580999999999999 0.016219000000000001 0.012546000000000003 0.0025239999999999993 0.0034779999999999998 0.0023999999999999998 1417.9431334800688 1417.9431334800688 1417.9431334800688 0.022007571848994701 0.022007571848994701 0.022007571848994701 1 1 1 Converged Converged Converged OK OK OK 207 207 207 207 207 207 9 9 9 0 0 0 0 1 0 0 1
115 115 linear 2 0 22 0 1.0000000000000001e-05 1.9599718681909375 0.00076065753405687151 0.0004224285403319365 0.0016332206677331243 0.00024733848153663933 0.0015487349596667371 0.5 -5.9000769123557619e-05 2430.3365436125264 OK 15 14 0.98355199999999998 1.021709 0.53803999999999996 0.447961 0.458818 0 0.53559099999999993 0.56289100000000003 0.53803999999999996 0.012437999999999999 0.01413 0.012382000000000001 0.41654100000000011 0.43610899999999997 0.41993699999999995 0.015796000000000001 0.019050000000000001 0.015802 0.0030920000000000001 0.003362 0.0031590000000000008 2430.3687696843267 2430.3687696843267 2430.3687696843267 0.020127304259995184 0.020127304259995184 0.020127304259995184 1 1 1 Converged Converged Converged OK OK OK 269 269 269 269 269 269 11 11 11 0 0 0 0 0 1 0 0
115 115 linear 2 7 22 1 1.0000000000000001e-05 1.9599718681909375 0.00076065753405687151 0.0004224285403319365 0.0016332206677331243 0.00024733848153663933 0.0016001610428375815 0.5 -0.00011042685229440199 1936.1101048538053 OK 15 14 1.0973520000000001 1.1322559999999999 0.64926700000000004 0.444855 0.29509999999999997 0 0.6524970000000001 0.83715600000000001 0.64926700000000004 0.01089 0.011396 0.010442 0.54121799999999975 0.72056800000000054 0.53946399999999994 0.022139000000000002 0.024232 0.021704000000000001 0.0031830000000000001 0.0032389999999999997 0.0031450000000000002 1935.9979943746873 1935.9979943746873 1935.9979943746873 0.012264494839092081 0.012264494839092081 0.012264494839092081 1 1 1 Converged Converged Converged OK OK OK 301 301 301 301 301 301 11 11 11 0 0 0 0 1 0 0 1
115 115 linear 2 15 22 2 1.0000000000000001e-05 1.9599718681909375 0.00076065753405687151 0.0004224285403319365 0.0016332206677331243 0.00024733848153663933 0.0016589337093185466 0.5 -0.00016919951877536715 1581.2061363808323 OK 16 15 1.017301 1.030125 0.60825200000000001 0.41083999999999998 0.26187700000000003 0 0.60646100000000003 0.76824799999999993 0.60825200000000001 0.014578000000000001 0.014574 0.013523 0.50525600000000015 0.66650900000000013 0.51023200000000002 0.024268000000000001 0.024303999999999999 0.023135000000000003 0.0029350000000000001 0.0029129999999999994 0.0028779999999999999 1580.8617971741694 1580.8617971741694 1580.8617971741694 0.013664841703634738 0.013664841703634738 0.013664841703634738 1 1 1 Converged Converged Converged OK OK OK 287 287 287 287 287 287 9 9 9 0 0 0 0 1 0 0 1
115 115 linear 2 23 22 3 1.0000000000000001e-05 1.9599718681909375 0.00076065753405687151 0.0004224285403319365 0.0016332206677331243 0.00024733848153663933 0.0017177063757995116 0.5 -0.00022797218525633209 1417.9441106670799 OK 16 15 0.90844499999999995 0.85655099999999995 0.446467 0.44363000000000002 0.28951199999999999 0 0.46481499999999992 0.56703899999999996 0.446467 0.013733 0.013889 0.012884 0.38628399999999996 0.49500900000000009 0.37739200000000006 0.015543000000000001 0.014364999999999999 0.013546000000000002 0.0026420000000000007 0.0026359999999999995 0.0024620000000000002 1417.943132201525 1417.943132201525 1417.943132201525 0.013242492979482903 0.013242492979482903 0.013242492979482903 1 1 1 Converged Converged Converged OK OK OK 223 223 223 223 223 223 9 9 9 0 0 0 0 1 0 0 1
115 115 linear 2 0 22 0 9.9999999999999995e-07 1.9599718681909375 0.00076065753405687151 0.0004224285403319365 0.0016332206677331243 0.00024733848153663933 0.0015487349596667371 0.5 -5.9000769123557619e-05 2430.3365436125264 OK 15 14 1.1727749999999999 1.165457 0.71901800000000005 0.452208 0.45109399999999999 0 0.72056699999999996 0.71436299999999997 0.71901800000000005 0.013112 0.012884 0.012598 0.53993599999999997 0.53764399999999946 0.53879699999999986 0.021000000000000001 0.021059000000000001 0.020657000000000002 0.0039970000000000006 0.003993 0.0039550000000000002 2430.3687709528745 2430.3687709528745 2430.3687709528745 0.0022461490477107358 0.0022461490477107358 0.0022461490477107358 1 1 1 Converged Converged Converged OK OK OK 333 333 333 333 333 333 11 11 11 0 0 0 0 0 1 0 0
115 115 linear 2 7 22 1 9.9999999999999995e-07 1.9599718681909375 0.00076065753405687151 0.0004224285403319365 0.0016332206677331243 0.00024733848153663933 0.0016001610428375815 0.5 -0.00011042685229440199 1936.1101048538053 OK 15 14 1.2029460000000001 1.2946 0.77828299999999995 0.44032300000000002 0.294568 0 0.76262300000000005 1.000032 0.77828299999999995 0.011024000000000001 0.011145 0.011625 0.65887800000000063 0.89182700000000037 0.67298800000000036 0.028340000000000004 0.030623000000000001 0.028406000000000001 0.0038150000000000002 0.0039870000000000001 0.0038210000000000002 1935.9979967313834 1935.9979967313834 1935.9979967313834 0.00020263728051504785 0.00020263728051504785 0.00020263728051504785 1 1 1 Converged Converged Converged OK OK OK 381 381 381 381 381 381 11 11 11 0 0 0 0 1 0 0 1
115 115 linear 2 15 22 2 9.9999999999999995e-07 1.9599718681909375 0.00076065753405687151 0.0004224285403319365 0.0016332206677331243 0.00024733848153663933 0.0016589337093185466 0.5 -0.00016919951877536715 1581.2061363808323 OK 16 15 1.1661539999999999 1.2351030000000001 0.75341899999999995 0.410723 0.25637900000000002 0 0.75543099999999996 0.97872400000000004 0.75341899999999995 0.014293999999999999 0.014675000000000001 0.014822999999999999 0.63094500000000031 0.85241800000000023 0.62999599999999989 0.029994999999999997 0.030858 0.029002 0.003473 0.003542 0.0033619999999999995 1580.8617986394311 1580.8617986394311 1580.8617986394311 0.00010223445084696624 0.00010223445084696624 0.00010223445084696624 1 1 1 Converged Converged Converged OK OK OK 367 367 367 367 367 367 9 9 9 0 0 0 0 1 0 0 1
115 115 linear 2 23 22 3 9.9999999999999995e-07 1.9599718681909375 0.00076065753405687151 0.0004224285403319365 0.0016332206677331243 0.00024733848153663933 0.0017177063757995116 0.5 -0.00022797218525633209 1417.9441106670799 OK 16 15 1.1842649999999999 1.2567790000000001 0.72961900000000002 0.44141000000000002 0.28769400000000001 0 0.74285499999999982 0.96908500000000009 0.72961900000000002 0.013816 0.013743 0.012919999999999999 0.62022300000000008 0.8461410000000007 0.60928499999999985 0.029464000000000004 0.029770000000000001 0.028664000000000002 0.0035420000000000004 0.0034579999999999997 0.0032780000000000005 1417.943135177469 1417.943135177469 1417.943135177469 0.00025401686313398207 0.00025401686313398207 0.00025401686313398207 1 1 1 Converged Converged Converged OK OK OK 367 367 367 367 367 367 9 9 9 0 0 0 0 1 0 0 1
115 115 linear 2 0 22 0 9.9999999999999995e-08 1.9599718681909375 0.00076065753405687151 0.0004224285403319365 0.0016332206677331243 0.00024733848153663933 0.0015487349596667371 0.5 -5.9000769123557619e-05 2430.3365436125264 OK 15 14 1.2195579999999999 1.2201230000000001 0.79520800000000003 0.448847 0.451961 0 0.77071099999999992 0.76816200000000001 0.79520800000000003 0.013148 0.012796999999999999 0.012545000000000001 0.57806599999999986 0.57370799999999988 0.59701600000000021 0.025818999999999995 0.025049000000000005 0.028030999999999997 0.0044540000000000005 0.0041899999999999993 0.0041679999999999998 2430.3687709752166 2430.3687709752166 2430.3687709752166 0.0001523605941846763 0.0001523605941846763 0.0001523605941846763 1 1 1 Converged Converged Converged OK OK OK 381 381 381 381 381 381 11 11 11 0 0 0 0 0 1 0 0
115 115 linear 2 7 22 1 9.9999999999999995e-08 1.9599718681909375 0.00076065753405687151 0.0004224285403319365 0.0016332206677331243 0.00024733848153663933 0.0016001610428375815 0.5 -0.00011042685229440199 1936.1101048538053 OK 15 14 1.247204 1.3258509999999999 0.79754899999999995 0.44339800000000001 0.29069099999999998 0 0.80380600000000002 1.0351599999999999 0.79754899999999995 0.010907999999999999 0.010918000000000001 0.011636000000000001 0.698299 0.92875300000000072 0.69384500000000016 0.030154 0.029848000000000003 0.028979000000000001 0.0041170000000000009 0.0041510000000000002 0.0039169999999999995 1935.9979967313407 1935.9979967313407 1935.9979967313407 0.0001466740628197525 0.0001466740628197525 0.0001466740628197525 1 1 1 Converged Converged Converged OK OK OK 397 397 397 397 397 397 11 11 11 0 0 0 0 1 0 0 1
115 115 linear 2 15 22 2 9.9999999999999995e-08 1.9599718681909375 0.00076065753405687151 0.0004224285403319365 0.0016332206677331243 0.00024733848153663933 0.0016589337093185466 0.5 -0.00016919951877536715 1581.2061363808323 OK 16 15 1.1935610000000001 1.2336510000000001 0.75037799999999999 0.41038799999999998 0.25611899999999999 0 0.78317300000000012 0.97753200000000007 0.75037799999999999 0.014596 0.014548 0.013801000000000001 0.65735200000000038 0.84870000000000045 0.62779199999999957 0.030497000000000003 0.030064999999999998 0.029276 0.0035470000000000002 0.0034590000000000003 0.003369 1580.8617986394311 1580.8617986394311 1580.8617986394311 0.00010223445084696624 0.00010223445084696624 0.00010223445084696624 1 1 1 Converged Converged Converged OK OK OK 367 367 367 367 367 367 9 9 9 0 0 0 0 1 0 0 1
115 115 linear 2 23 22 3 9.9999999999999995e-08 1.9599718681909375 0.00076065753405687151 0.0004224285403319365 0.0016332206677331243 0.00024733848153663933 0.0017177063757995116 0.5 -0.00022797218525633209 1417.9441106670799 OK 16 15 1.222985 1.4503330000000001 0.770177 0.44321500000000003 0.28621400000000002 0 0.77976999999999996 1.1641190000000001 0.770177 0.014187999999999999 0.014125 0.013207 0.64658599999999988 1.0210660000000003 0.64021900000000043 0.032157999999999992 0.034444999999999996 0.031316000000000004 0.0034979999999999998 0.0046180000000000006 0.0034169999999999999 1417.9431351774863 1417.9431351774863 1417.9431351774863 3.1827214427815563e-05 3.1827214427815563e-05 3.1827214427815563e-05 1 1 1 Converged Converged Converged OK OK OK 399 399 399 399 399 399 9 9 9 0 0 0 0 1 0 0 1
115 115 linear 3 0 23 0 0.0001 1.9599718681909375 0.00076065753405687151 0.0004224285403319365 -1.4493501340201096 0.012593477790135487 -1.449434619728176 0.5 1.4509243539187191 3.6818857098478346 OK 13 12 0.399061 0.37617400000000001 0.116259 0.26456299999999999 0.25894 0 0.13449800000000001 0.117234 0.116259 0.010203 0.0088079999999999999 0.0085470000000000008 0.099655999999999995 0.087236999999999995 0.086699000000000026 0.0048149999999999998 0.003986 0.0039690000000000003 0.00091599999999999993 0.00079199999999999995 0.00078799999999999996 3.6818834720030695 3.6818834720030695 3.6818834720030695 0.0001225445512150128 0.0001225445512150128 0.0001225445512150128 1 1 1 Converged Converged Converged OK OK OK 77 77 77 77 77 77 3 3 3 0 0 0 0 0 1 0 0
115 115 linear 3 7 23 1 0.0001 1.9599718681909375 0.00076065753405687151 0.0004224285403319365 -1.4493501340201096 0.012593477790135487 -1.4493831936450052 0.5 1.4508729278355483 3.8368218339272406 OK 13 12 0.385932 0.21707899999999999 0.113106 0.266509 0.085951 0 0.119423 0.13112799999999999 0.113106 0.0094710000000000003 0.0081379999999999994 0.0077070000000000003 0.089723999999999984 0.10407800000000003 0.086578999999999975 0.0042209999999999999 0.0041029999999999999 0.0040969999999999999 0.00080900000000000004 0.00078200000000000003 0.00078400000000000008 3.8368195297583596 3.8368195297583596 3.8368195297583596 0.00012256623560396546 0.00012256623560396546 0.00012256623560396546 1 1 1 Converged Converged Converged OK OK OK 77 77 77 77 77 77 3 3 3 0 0 0 0 1 0 0 1
115 115 linear 3 15 23 2 0.0001 1.9599718681909375 0.00076065753405687151 0.0004224285403319365 -1.4493501340201096 0.012593477790135487 -1.4493244209785241 0.5 1.4508141551690672 4.0508643906387389 OK 13 12 0.477904 0.32293500000000003 0.11354400000000001 0.35839100000000002 0.19137699999999999 0 0.11951299999999998 0.13155800000000004 0.11354400000000001 0.0093329999999999993 0.0081729999999999997 0.0076740000000000003 0.090469999999999995 0.104336 0.087187999999999988 0.0042440000000000004 0.0041990000000000005 0.0040660000000000002 0.00079999999999999982 0.00079200000000000006 0.00076500000000000005 4.0508620228889898 4.0508620228889898 4.0508620228889898 0.00012260271987009073 0.00012260271987009073 0.00012260271987009073 1 1 1 Converged Converged Converged OK OK OK 77 77 77 77 77 77 3 3 3 0 0 0 0 1 0 0 1
115 115 linear 3 23 23 3 0.0001 1.9599718681909375 0.00076065753405687151 0.0004224285403319365 -1.4493501340201096 0.012593477790135487 -1.4492656483120432 0.5 1.4507553825025863 4.3239414261829374 OK 13 12 0.407775 0.237008 0.112898 0.2898 0.10617500000000001 0 0.117975 0.13083299999999998 0.112898 0.0083759999999999998 0.0083549999999999996 0.0077000000000000002 0.090059000000000014 0.10347000000000001 0.086419999999999997 0.0041580000000000002 0.0041310000000000001 0.0040769999999999999 0.00080900000000000015 0.00078200000000000003 0.00077200000000000001 4.323938220647757 4.323938220647757 4.323938220647757 0.00012273435496384515 0.00012273435496384515 0.00012273435496384515 1 1 1 Converged Converged Converged OK OK OK 77 77 77 77 77 77 3 3 3 0 0 0 0 1 0 0 1
115 115 linear 3 0 23 0 1.0000000000000001e-05 1.9599718681909375 0.00076065753405687151 0.0004224285403319365 -1.4493501340201096 0.012593477790135487 -1.449434619728176 0.5 1.4509243539187191 3.6818857098478346 OK 13 12 0.40684300000000001 0.40436 0.145457 0.25996799999999998 0.25836599999999998 0 0.14687500000000003 0.14599400000000001 0.145457 0.0089009999999999992 0.0087259999999999994 0.0084209999999999997 0.11245500000000003 0.11227899999999998 0.112163 0.0048150000000000007 0.0048079999999999998 0.0047980000000000002 0.00093300000000000002 0.00091199999999999994 0.00088200000000000008 3.6818834720698099 3.6818834720698099 3.6818834720698099 3.6120768019456223e-08 3.6120768019456223e-08 3.6120768019456223e-08 1 1 1 Converged Converged Converged OK OK OK 93 93 93 93 93 93 3 3 3 0 0 0 0 0 1 0 0
115 115 linear 3 7 23 1 1.0000000000000001e-05 1.9599718681909375 0.00076065753405687151 0.0004224285403319365 -1.4493501340201096 0.012593477790135487 -1.4493831936450052 0.5 1.4508729278355483 3.8368218339272406 OK 13 12 0.40306500000000001 0.25307299999999999 0.14236599999999999 0.25958700000000001 0.085054000000000005 0 0.14347799999999999 0.16801899999999997 0.14236599999999999 0.0083289999999999996 0.0082360000000000003 0.0077580000000000001 0.11180099999999998 0.13691200000000003 0.11200599999999993 0.0049569999999999996 0.0049350000000000002 0.0049180000000000005 0.00094499999999999988 0.00088999999999999995 0.00086800000000000017 3.8368195298252505 3.8368195298252505 3.8368195298252505 4.6863658058513855e-08 4.6863658058513855e-08 4.6863658058513855e-08 1 1 1 Converged Converged Converged OK OK OK 93 93 93 93 93 93 3 3 3 0 0 0 0 1 0 0 1
115 115 linear 3 15 23 2 1.0000000000000001e-05 1.9599718681909375 0.00076065753405687151 0.0004224285403319365 -1.4493501340201096 0.012593477790135487 -1.4493244209785241 0.5 1.4508141551690672 4.0508643906387389 OK 13 12 0.49688700000000002 0.36013200000000001 0.145842 0.35300999999999999 0.191723 0 0.14387700000000003 0.168409 0.145842 0.0081189999999999995 0.0081939999999999999 0.0077499999999999999 0.112606 0.13716299999999998 0.11539100000000005 0.004947 0.0050300000000000006 0.0049760000000000004 0.000883 0.00090899999999999998 0.00089500000000000007 4.0508620229557986 4.0508620229557986 4.0508620229557986 7.0842011008846472e-08 7.0842011008846472e-08 7.0842011008846472e-08 1 1 1 Converged Converged Converged OK OK OK 93 93 93 93 93 93 3 3 3 0 0 0 0 1 0 0 1
115 115 linear 3 23 23 3 1.0000000000000001e-05 1.9599718681909375 0.00076065753405687151 0.0004224285403319365 -1.4493501340201096 0.012593477790135487 -1.4492656483120432 0.5 1.4507553825025863 4.3239414261829374 OK 13 12 0.42244199999999998 0.27378000000000002 0.14233499999999999 0.27957700000000002 0.105243 0 0.14286499999999996 0.16853700000000002 0.14233499999999999 0.0080909999999999992 0.0082299999999999995 0.0077549999999999997 0.11163499999999998 0.13740199999999991 0.11181700000000001 0.0048560000000000001 0.0048240000000000002 0.0048439999999999993 0.00089700000000000001 0.00091100000000000003 0.00088400000000000002 4.3239382207146049 4.3239382207146049 4.3239382207146049 1.8996930785894416e-07 1.8996930785894416e-07 1.8996930785894416e-07 1 1 1 Converged Converged Converged OK OK OK 93 93 93 93 93 93 3 3 3 0 0 0 0 1 0 0 1
115 115 linear 3 0 23 0 9.9999999999999995e-07 1.9599718681909375 0.00076065753405687151 0.0004224285403319365 -1.4493501340201096 0.012593477790135487 -1.449434619728176 0.5 1.4509243539187191 3.6818857098478346 OK 13 12 0.407364 0.40290799999999999 0.149397 0.261181 0.25752900000000001 0 0.14618300000000001 0.14537899999999998 0.149397 0.0089009999999999992 0.0088159999999999992 0.0084569999999999992 0.11197700000000002 0.11171200000000005 0.11156099999999999 0.0048900000000000002 0.0048030000000000008 0.004777 0.00093900000000000006 0.00088100000000000006 0.00089499999999999996 3.6818834720698099 3.6818834720698099 3.6818834720698099 3.6120768019456223e-08 3.6120768019456223e-08 3.6120768019456223e-08 1 1 1 Converged Converged Converged OK OK OK 93 93 93 93 93 93 3 3 3 0 0 0 0 0 1 0 0
115 115 linear 3 7 23 1 9.9999999999999995e-07 1.9599718681909375 0.00076065753405687151 0.0004224285403319365 -1.4493501340201096 0.012593477790135487 -1.4493831936450052 0.5 1.4508729278355483 3.8368218339272406 OK 13 12 0.398395 0.25593500000000002 0.141259 0.25527 0.087977 0 0.143125 0.16795800000000002 0.141259 0.0081449999999999995 0.0082810000000000002 0.0077330000000000003 0.11191400000000003 0.13689600000000002 0.110889 0.0049119999999999997 0.0048209999999999989 0.0048989999999999997 0.00088999999999999995 0.00091 0.00091 3.8368195298252505 3.8368195298252505 3.8368195298252505 4.6863658058513855e-08 4.6863658058513855e-08 4.6863658058513855e-08 1 1 1 Converged Converged Converged OK OK OK 93 93 93 93 93 93 3 3 3 0 0 0 0 1 0 0 1
115 115 linear 3 15 23 2 9.9999999999999995e-07 1.9599718681909375 0.00076065753405687151 0.0004224285403319365 -1.4493501340201096 0.012593477790135487 -1.4493244209785241 0.5 1.4508141551690672 4.0508643906387389 OK 13 12 0.49626999999999999 0.35427199999999998 0.14217299999999999 0.35265999999999997 0.18628700000000001 0 0.14361000000000002 0.16798499999999997 0.14217299999999999 0.0080319999999999992 0.0081939999999999999 0.0077650000000000002 0.11255599999999996 0.13698999999999997 0.11176100000000007 0.0048560000000000009 0.004849 0.0049259999999999998 0.00088599999999999996 0.00088400000000000002 0.00087799999999999987 4.0508620229557986 4.0508620229557986 4.0508620229557986 7.0842011008846472e-08 7.0842011008846472e-08 7.0842011008846472e-08 1 1 1 Converged Converged Converged OK OK OK 93 93 93 93 93 93 3 3 3 0 0 0 0 1 0 0 1
115 115 linear 3 23 23 3 9.9999999999999995e-07 1.9599718681909375 0.00076065753405687151 0.0004224285403319365 -1.4493501340201096 0.012593477790135487 -1.4492656483120432 0.5 1.4507553825025863 4.3239414261829374 OK 13 12 0.42111900000000002 0.27435500000000002 0.141683 0.27829100000000001 0.10684200000000001 0 0.14282800000000001 0.16751300000000002 0.141683 0.0082439999999999996 0.0081550000000000008 0.0077279999999999996 0.111731 0.13655 0.11141999999999996 0.0047559999999999998 0.0048459999999999996 0.004823 0.00087900000000000001 0.00090700000000000004 0.00088400000000000002 4.3239382207146049 4.3239382207146049 4.3239382207146049 1.8996930785894416e-07 1.8996930785894416e-07 1.8996930785894416e-07 1 1 1 Converged Converged Converged OK OK OK 93 93 93 93 93 93 3 3 3 0 0 0 0 1 0 0 1
115 115 linear 3 0 23 0 9.9999999999999995e-08 1.9599718681909375 0.00076065753405687151 0.0004224285403319365 -1.4493501340201096 0.012593477790135487 -1.449434619728176 0.5 1.4509243539187191 3.6818857098478346 OK 13 12 0.402665 0.40714899999999998 0.145425 0.25697700000000001 0.26123400000000002 0 0.14568799999999998 0.14591499999999996 0.145425 0.0088170000000000002 0.0088159999999999992 0.0084810000000000007 0.11165299999999996 0.11206599999999997 0.11208300000000007 0.004927 0.0049460000000000007 0.0048430000000000001 0.00089000000000000006 0.00089999999999999998 0.00088400000000000013 3.6818834720698099 3.6818834720698099 3.6818834720698099 3.6120768019456223e-08 3.6120768019456223e-08 3.6120768019456223e-08 1 1 1 Converged Converged Converged OK OK OK 93 93 93 93 93 93 3 3 3 0 0 0 0 0 1 0 0
115 115 linear 3 7 23 1 9.9999999999999995e-08 1.9599718681909375 0.00076065753405687151 0.0004224285403319365 -1.4493501340201096 0.012593477790135487 -1.4493831936450052 0.5 1.4508729278355483 3.8368218339272406 OK 13 12 0.39833200000000002 0.253243 0.14186499999999999 0.25541799999999998 0.084878999999999996 0 0.14291400000000004 0.16836400000000001 0.14186499999999999 0.0081679999999999999 0.0081609999999999999 0.007724 0.11159500000000001 0.13751000000000002 0.11160199999999998 0.0050179999999999999 0.0048490000000000009 0.0048249999999999994 0.00086700000000000004 0.00090499999999999999 0.00086499999999999999 3.8368195298252505 3.8368195298252505 3.8368195298252505 4.6863658058513855e-08 4.6863658058513855e-08 4.6863658058513855e-08 1 1 1 Converged Converged Converged OK OK OK 93 93 93 93 93 93 3 3 3 0 0 0 0 1 0 0 1
115 115 linear 3 15 23 2 9.9999999999999995e-08 1.9599718681909375 0.00076065753405687151 0.0004224285403319365 -1.4493501340201096 0.012593477790135487 -1.4493244209785241 0.5 1.4508141551690672 4.0508643906387389 OK 13 12 0.49388500000000002 0.35611399999999999 0.142037 0.35053099999999998 0.18712000000000001 0 0.14335400000000004 0.16899399999999998 0.142037 0.0081480000000000007 0.0081960000000000002 0.0076550000000000003 0.11213899999999997 0.13788899999999998 0.11183099999999996 0.0049160000000000002 0.0050179999999999999 0.0048470000000000006 0.00089300000000000013 0.00089500000000000007 0.00087100000000000003 4.0508620229557986 4.0508620229557986 4.0508620229557986 7.0842011008846472e-08 7.0842011008846472e-08 7.0842011008846472e-08 1 1 1 Converged Converged Converged OK OK OK 93 93 93 93 93 93 3 3 3 0 0 0 0 1 0 0 1
115 115 linear 3 23 23 3 9.9999999999999995e-08 1.9599718681909375 0.00076065753405687151 0.0004224285403319365 -1.4493501340201096 0.012593477790135487 -1.4492656483120432 0.5 1.4507553825025863 4.3239414261829374 OK 13 12 0.42165599999999998 0.27507399999999999 0.141487 0.27836300000000003 0.105295 0 0.14329299999999995 0.16977899999999999 0.141487 0.0082150000000000001 0.0081919999999999996 0.007803 0.11183000000000003 0.13877799999999998 0.11106399999999995 0.0048769999999999994 0.0048200000000000005 0.0047879999999999997 0.00088600000000000007 0.00089700000000000001 0.00087900000000000012 4.3239382207146049 4.3239382207146049 4.3239382207146049 1.8996930785894416e-07 1.8996930785894416e-07 1.8996930785894416e-07 1 1 1 Converged Converged Converged OK OK OK 93 93 93 93 93 93 3 3 3 0 0 0 0 1 0 0 1
115 115 linear 4 0 24 0 0.0001 1.9599718681909375 0.00076065753405687151 0.0004224285403319365 -1.4586918903687345 0.00086035486048768395 -1.4587763760768009 0.5 1.460266110267344 8.6315938181738581 OK 15 14 0.45776 0.45812399999999998 0.194995 0.263484 0.260986 0 0.194276 0.19713799999999998 0.194995 0.014205000000000001 0.014449999999999999 0.013825 0.14612199999999992 0.14889400000000003 0.14423699999999992 0.0065389999999999997 0.0066050000000000006 0.0065230000000000002 0.0013209999999999997 0.0013189999999999999 0.0012879999999999999 8.6315886511829678 8.6315886511829678 8.6315886511829678 0.00067496645097518411 0.00067496645097518411 0.00067496645097518411 1 1 1 Converged Converged Converged OK OK OK 123 123 123 123 123 123 5 5 5 0 0 0 0 0 1 0 0
115 115 linear 4 7 24 1 0.0001 1.9599718681909375 0.00076065753405687151 0.0004224285403319365 -1.4586918903687345 0.00086035486048768395 -1.4587249499936301 0.5 1.4602146841841732 8.5289012771697461 OK 15 14 0.44699699999999998 0.29329 0.185862 0.25929999999999997 0.087201000000000001 0 0.187697 0.20608899999999999 0.185862 0.013447000000000001 0.013422 0.012862999999999999 0.14383999999999997 0.16231700000000007 0.14297600000000002 0.0065389999999999988 0.0065290000000000001 0.0065059999999999988 0.0012979999999999999 0.001305 0.0012749999999999999 8.5288961311785716 8.5288961311785716 8.5288961311785716 0.00067672655302993879 0.00067672655302993879 0.00067672655302993879 1 1 1 Converged Converged Converged OK OK OK 123 123 123 123 123 123 5 5 5 0 0 0 0 1 0 0 1
115 115 linear 4 15 24 2 0.0001 1.9599718681909375 0.00076065753405687151 0.0004224285403319365 -1.4586918903687345 0.00086035486048768395 -1.458666177327149 0.5 1.4601559115176921 8.4163350381840729 OK 15 14 0.45032899999999998 0.29337299999999999 0.18615300000000001 0.25966 0.086780999999999997 0 0.19066899999999998 0.206592 0.18615300000000001 0.013506000000000001 0.013632 0.012796999999999999 0.14664500000000003 0.16255900000000009 0.14346700000000007 0.0065230000000000002 0.0066300000000000005 0.0064380000000000001 0.0012639999999999999 0.0013079999999999999 0.0012589999999999999 8.4163299621933039 8.4163299621933039 8.4163299621933039 0.00067883063384727399 0.00067883063384727399 0.00067883063384727399 1 1 1 Converged Converged Converged OK OK OK 123 123 123 123 123 123 5 5 5 0 0 0 0 1 0 0 1
115 115 linear 4 23 24 3 0.0001 1.9599718681909375 0.00076065753405687151 0.0004224285403319365 -1.4586918903687345 0.00086035486048768395 -1.4586074046606681 0.5 1.4600971388512112 8.3085013085827359 OK 15 14 0.44490099999999999 0.29283199999999998 0.18596199999999999 0.25658199999999998 0.087497000000000005 0 0.18831900000000001 0.20533499999999999 0.18596199999999999 0.013376000000000001 0.013452 0.012742 0.14423100000000003 0.161435 0.14332400000000001 0.0067140000000000003 0.0066010000000000001 0.0064290000000000007 0.001335 0.0013079999999999999 0.0012579999999999996 8.3084962644404214 8.3084962644404214 8.3084962644404214 0.0006810146622100113 0.0006810146622100113 0.0006810146622100113 1 1 1 Converged Converged Converged OK OK OK 123 123 123 123 123 123 5 5 5 0 0 0 0 1 0 0 1
115 115 linear 4 0 24 0 1.0000000000000001e-05 1.9599718681909375 0.00076065753405687151 0.0004224285403319365 -1.4586918903687345 0.00086035486048768395 -1.4587763760768009 0.5 1.460266110267344 8.6315938181738581 OK 15 14 0.49590299999999998 0.49843700000000002 0.245009 0.25739400000000001 0.25895499999999999 0 0.23850899999999997 0.23948200000000003 0.245009 0.014199 0.014319 0.013759 0.18265899999999999 0.183808 0.19009100000000007 0.0080570000000000017 0.00809 0.0080079999999999995 0.001539 0.0015389999999999998 0.0015530000000000001 8.6315886515224403 8.6315886515224403 8.6315886515224403 1.8419495557352796e-06 1.8419495557352796e-06 1.8419495557352796e-06 1 1 1 Converged Converged Converged OK OK OK 155 155 155 155 155 155 5 5 5 0 0 0 0 0 1 0 0
115 115 linear 4 7 24 1 1.0000000000000001e-05 1.9599718681909375 0.00076065753405687151 0.0004224285403319365 -1.4586918903687345 0.00086035486048768395 -1.4587249499936301 0.5 1.4602146841841732 8.5289012771697461 OK 15 14 0.49701000000000001 0.35439500000000002 0.23258100000000001 0.25916099999999997 0.088126999999999997 0 0.23784900000000003 0.266268 0.23258100000000001 0.017097999999999999 0.013582 0.012912 0.18230199999999996 0.21421400000000004 0.18172600000000003 0.0081650000000000004 0.0082170000000000003 0.0082889999999999995 0.0015599999999999998 0.0015789999999999999 0.0015280000000000001 8.5288961315186924 8.5288961315186924 8.5288961315186924 1.5070235802512271e-06 1.5070235802512271e-06 1.5070235802512271e-06 1 1 1 Converged Converged Converged OK OK OK 155 155 155 155 155 155 5 5 5 0 0 0 0 1 0 0 1
115 115 linear 4 15 24 2 1.0000000000000001e-05 1.9599718681909375 0.00076065753405687151 0.0004224285403319365 -1.4586918903687345 0.00086035486048768395 -1.458666177327149 0.5 1.4601559115176921 8.4163350381840729 OK 15 14 0.49459799999999998 0.351607 0.23275899999999999 0.25935900000000001 0.087401999999999994 0 0.23523899999999998 0.26420500000000002 0.23275899999999999 0.013368 0.013727 0.012969 0.18321600000000007 0.21204099999999995 0.18194499999999994 0.0083440000000000007 0.0083400000000000002 0.0082679999999999993 0.001554 0.001578 0.0015269999999999997 8.4163299625347108 8.4163299625347108 8.4163299625347108 1.2050133418502908e-06 1.2050133418502908e-06 1.2050133418502908e-06 1 1 1 Converged Converged Converged OK OK OK 155 155 155 155 155 155 5 5 5 0 0 0 0 1 0 0 1
115 115 linear 4 23 24 3 1.0000000000000001e-05 1.9599718681909375 0.00076065753405687151 0.0004224285403319365 -1.4586918903687345 0.00086035486048768395 -1.4586074046606681 0.5 1.4600971388512112 8.3085013085827359 OK 15 14 0.49357000000000001 0.35153800000000002 0.23260900000000001 0.25608799999999998 0.087140999999999996 0 0.23748200000000003 0.26439699999999999 0.23260900000000001 0.013346999999999999 0.01362 0.012840000000000001 0.18575100000000005 0.21213300000000002 0.18165200000000004 0.0082309999999999987 0.0083809999999999996 0.0083800000000000003 0.0015709999999999999 0.0015569999999999998 0.0015380000000000001 8.3084962647827361 8.3084962647827361 8.3084962647827361 9.7030895259312902e-07 9.7030895259312902e-07 9.7030895259312902e-07 1 1 1 Converged Converged Converged OK OK OK 155 155 155 155 155 155 5 5 5 0 0 0 0 1 0 0 1
115 115 linear 4 0 24 0 9.9999999999999995e-07 1.9599718681909375 0.00076065753405687151 0.0004224285403319365 -1.4586918903687345 0.00086035486048768395 -1.4587763760768009 0.5 1.460266110267344 8.6315938181738581 OK 15 14 0.49637300000000001 0.49783300000000003 0.24039199999999999 0.25745099999999999 0.258994 0 0.23892200000000002 0.23883900000000002 0.24039199999999999 0.014205000000000001 0.014283000000000001 0.013691 0.18316499999999997 0.18314599999999998 0.184669 0.0080079999999999995 0.0080659999999999985 0.0080689999999999998 0.0015700000000000002 0.001555 0.0015079999999999998 8.6315886515224403 8.6315886515224403 8.6315886515224403 1.8419495557352796e-06 1.8419495557352796e-06 1.8419495557352796e-06 1 1 1 Converged Converged Converged OK OK OK 155 155 155 155 155 155 5 5 5 0 0 0 0 0 1 0 0
115 115 linear 4 7 24 1 9.9999999999999995e-07 1.9599718681909375 0.00076065753405687151 0.0004224285403319365 -1.4586918903687345 0.00086035486048768395 -1.4587249499936301 0.5 1.4602146841841732 8.5289012771697461 OK 15 14 0.49795299999999998 0.35593399999999997 0.231654 0.26344899999999999 0.086735000000000007 0 0.23450399999999999 0.26919899999999997 0.231654 0.013514 0.013374 0.012858 0.18266299999999996 0.21764199999999989 0.18106299999999992 0.0082290000000000002 0.0082150000000000001 0.0081539999999999998 0.0016000000000000001 0.0015929999999999996 0.001524 8.5288961315186924 8.5288961315186924 8.5288961315186924 1.5070235802512271e-06 1.5070235802512271e-06 1.5070235802512271e-06 1 1 1 Converged Converged Converged OK OK OK 155 155 155 155 155 155 5 5 5 0 0 0 0 1 0 0 1
115 115 linear 4 15 24 2 9.9999999999999995e-07 1.9599718681909375 0.00076065753405687151 0.0004224285403319365 -1.4586918903687345 0.00086035486048768395 -1.458666177327149 0.5 1.4601559115176921 8.4163350381840729 OK 15 14 0.49358600000000002 0.35122100000000001 0.23194000000000001 0.25903700000000002 0.086952000000000002 0 0.23454900000000001 0.26426899999999998 0.23194000000000001 0.013402000000000001 0.013563 0.012761 0.18277299999999999 0.21234399999999998 0.18148700000000004 0.0082499999999999987 0.0083319999999999991 0.0080789999999999994 0.0015429999999999999 0.0015500000000000002 0.0015149999999999999 8.4163299625347108 8.4163299625347108 8.4163299625347108 1.2050133418502908e-06 1.2050133418502908e-06 1.2050133418502908e-06 1 1 1 Converged Converged Converged OK OK OK 155 155 155 155 155 155 5 5 5 0 0 0 0 1 0 0 1
115 115 linear 4 23 24 3 9.9999999999999995e-07 1.9599718681909375 0.00076065753405687151 0.0004224285403319365 -1.4586918903687345 0.00086035486048768395 -1.4586074046606681 0.5 1.4600971388512112 8.3085013085827359 OK 15 14 0.49350500000000003 0.35057199999999999 0.23202200000000001 0.25961000000000001 0.086720000000000005 0 0.23389500000000002 0.26385199999999998 0.23202200000000001 0.013453 0.013531 0.012793000000000001 0.18214999999999992 0.21182700000000002 0.18118099999999987 0.0081239999999999993 0.0083479999999999995 0.0082710000000000006 0.001572 0.0015349999999999999 0.0015169999999999999 8.3084962647827361 8.3084962647827361 8.3084962647827361 9.7030895259312902e-07 9.7030895259312902e-07 9.7030895259312902e-07 1 1 1 Converged Converged Converged OK OK OK 155 155 155 155 155 155 5 5 5 0 0 0 0 1 0 0 1
115 115 linear 4 0 24 0 9.9999999999999995e-08 1.9599718681909375 0.00076065753405687151 0.0004224285403319365 -1.4586918903687345 0.00086035486048768395 -1.4587763760768009 0.5 1.460266110267344 8.6315938181738581 OK 15 14 0.555504 0.54996900000000004 0.29065400000000002 0.26453399999999999 0.25997500000000001 0 0.29097000000000001 0.28999400000000003 0.29065400000000002 0.014194 0.01404 0.013734 0.22309800000000007 0.2224530000000001 0.2237799999999999 0.010602 0.010507000000000001 0.010466999999999999 0.001771 0.0016910000000000004 0.0016869999999999999 8.631588651522188 8.631588651522188 8.631588651522188 7.0868534549773353e-08 7.0868534549773353e-08 7.0868534549773353e-08 1 1 1 Converged Converged Converged OK OK OK 187 187 187 187 187 187 5 5 5 0 0 0 0 0 1 0 0
115 115 linear 4 7 24 1 9.9999999999999995e-08 1.9599718681909375 0.00076065753405687151 0.0004224285403319365 -1.4586918903687345 0.00086035486048768395 -1.4587249499936301 0.5 1.4602146841841732 8.5289012771697461 OK 15 14 0.54553499999999999 0.400561 0.28097499999999997 0.26028699999999999 0.085885000000000003 0 0.285248 0.31467600000000001 0.28097499999999997 0.013526 0.013348 0.012855999999999999 0.22180800000000003 0.25363600000000003 0.2209850000000001 0.012713000000000002 0.010524 0.010421999999999999 0.0016940000000000002 0.0017229999999999999 0.0016639999999999999 8.5288961315187048 8.5288961315187048 8.5288961315187048 6.6538200079221226e-08 6.6538200079221226e-08 6.6538200079221226e-08 1 1 1 Converged Converged Converged OK OK OK 187 187 187 187 187 187 5 5 5 0 0 0 0 1 0 0 1
115 115 linear 4 15 24 2 9.9999999999999995e-08 1.9599718681909375 0.00076065753405687151 0.0004224285403319365 -1.4586918903687345 0.00086035486048768395 -1.458666177327149 0.5 1.4601559115176921 8.4163350381840729 OK 15 14 0.54442900000000005 0.40029199999999998 0.28208899999999998 0.26046999999999998 0.085908999999999999 0 0.28395900000000007 0.31438299999999997 0.28208899999999998 0.013368 0.013559999999999999 0.012852000000000001 0.22272899999999982 0.25304800000000005 0.22193100000000004 0.01068 0.010807000000000001 0.010586999999999999 0.0017270000000000002 0.0017149999999999997 0.0016810000000000002 8.4163299625346291 8.4163299625346291 8.4163299625346291 6.2149221037814003e-08 6.2149221037814003e-08 6.2149221037814003e-08 1 1 1 Converged Converged Converged OK OK OK 187 187 187 187 187 187 5 5 5 0 0 0 0 1 0 0 1
115 115 linear 4 23 24 3 9.9999999999999995e-08 1.9599718681909375 0.00076065753405687151 0.0004224285403319365 -1.4586918903687345 0.00086035486048768395 -1.4586074046606681 0.5 1.4600971388512112 8.3085013085827359 OK 15 14 0.547296 0.40008100000000002 0.28459600000000002 0.25735400000000003 0.085814000000000001 0 0.28994199999999998 0.31426700000000002 0.28459600000000002 0.013396 0.013547 0.013017000000000001 0.22864300000000001 0.25305100000000003 0.222495 0.010645999999999999 0.010598999999999999 0.010428000000000002 0.0017629999999999998 0.0017329999999999999 0.001673 8.3084962647826277 8.3084962647826277 8.3084962647826277 5.8273419375821742e-08 5.8273419375821742e-08 5.8273419375821742e-08 1 1 1 Converged Converged Converged OK OK OK 187 187 187 187 187 187 5 5 5 0 0 0 0 1 0 0 1
115 115 uniform 0 0 25 0 0.0001 1.9599718681909375 0.00076065753405687151 0.0004224285403319365 0.0014195678434221603 5.6351400808077953e-05 0.0013350821353557731 0 0.00015465205518740643 3715.5647489372814 OK 15 14 0.71576600000000001 0.71069800000000005 0.25037199999999998 0.46251999999999999 0.45633600000000002 0 0.25324600000000003 0.25436200000000003 0.25037199999999998 0.012071 0.011743 0.011422 0.20176699999999986 0.2042790000000001 0.20019899999999999 0.0081730000000000014 0.0081300000000000001 0.0084520000000000012 0.00232 0.0022039999999999998 0.0022339999999999999 3715.5662467322823 3715.5662467322823 3715.5662467322823 0.3348823398937204 0.3348823398937204 0.3348823398937204 1 1 1 Converged Converged Converged OK OK OK 181 181 181 181 181 181 11 11 11 0 0 0 0 0 1 0 0
115 115 uniform 0 7 25 1 0.0001 1.9599718681909375 0.00076065753405687151 0.0004224285403319365 0.0014195678434221603 5.6351400808077953e-05 0.0013865082185266174 0 0.00010322597201656205 3461.5643276283431 OK 15 14 0.73325200000000001 0.75528399999999996 0.26840900000000001 0.45757199999999998 0.29939100000000002 0 0.27568000000000004 0.45589299999999994 0.26840900000000001 0.010559000000000001 0.010501 0.0098069999999999997 0.22398900000000005 0.40666599999999992 0.22225300000000014 0.014161 0.010595 0.010003999999999999 0.0024910000000000002 0.0024900000000000005 0.0024599999999999999 3461.5658413973929 3461.5658413973929 3461.5658413973929 0.26839606146956435 0.26839606146956435 0.26839606146956435 1 1 1 Converged Converged Converged OK OK OK 205 205 205 205 205 205 11 11 11 0 0 0 0 1 0 0 1
115 115 uniform 0 15 25 2 0.0001 1.9599718681909375 0.00076065753405687151 0.0004224285403319365 0.0014195678434221603 5.6351400808077953e-05 0.0014452808850075826 0 4.4453305535596893e-05 3103.7015222183477 OK 15 14 0.695747 0.68446099999999999 0.25677 0.43540400000000001 0.28000000000000003 0 0.26034299999999999 0.40446099999999996 0.25677 0.013764 0.013925999999999999 0.013002 0.20973000000000019 0.35230899999999993 0.20783000000000001 0.0095099999999999976 0.010170999999999998 0.009215000000000001 0.0019209999999999997 0.0020530000000000001 0.0018960000000000001 3103.6951293248744 3103.6951293248744 3103.6951293248744 0.20585638333448858 0.20585638333448858 0.20585638333448858 1 1 1 Converged Converged Converged OK OK OK 182 182 182 182 182 182 10 10 10 0 0 0 0 1 0 0 1
115 115 uniform 0 23 25 3 0.0001 1.9599718681909375 0.00076065753405687151 0.0004224285403319365 0.0014195678434221603 5.6351400808077953e-05 0.0015040535514885475 0 -1.4319360945368046e-05 2752.4664639312105 OK 15 14 0.64677700000000005 0.62634800000000002 0.26263500000000001 0.38195699999999999 0.218303 0 0.26482000000000006 0.40804499999999999 0.26263500000000001 0.013684 0.013790999999999999 0.012770999999999999 0.2148100000000002 0.35354399999999997 0.21442099999999997 0.009384 0.013188000000000002 0.0091190000000000004 0.001786 0.001823 0.0018270000000000001 2752.4305920919246 2752.4305920919246 2752.4305920919246 0.08843359394134695 0.08843359394134695 0.08843359394134695 1 1 1 Converged Converged Converged OK OK OK 182 182 182 182 182 182 10 10 10 0 0 0 0 1 0 0 1
115 115 uniform 0 0 25 0 1.0000000000000001e-05 1.9599718681909375 0.00076065753405687151 0.0004224285403319365 0.0014195678434221603 5.6351400808077953e-05 0.0013350821353557731 0 0.00015465205518740643 3715.5647489372814 OK 15 14 0.83026900000000003 0.81873200000000002 0.35063499999999997 0.46090900000000001 0.460947 0 0.36936000000000002 0.35778500000000002 0.35063499999999997 0.013563 0.012388 0.011908999999999999 0.25813300000000011 0.25253300000000006 0.24865999999999988 0.013031000000000001 0.012872000000000001 0.011360000000000002 0.0029019999999999992 0.0028549999999999999 0.0027040000000000002 3715.566218553884 3715.566218553884 3715.566218553884 0.033131187418514729 0.033131187418514729 0.033131187418514729 1 1 1 Converged Converged Converged OK OK OK 221 221 221 221 221 221 11 11 11 0 0 0 0 0 1 0 0
115 115 uniform 0 7 25 1 1.0000000000000001e-05 1.9599718681909375 0.00076065753405687151 0.0004224285403319365 0.0014195678434221603 5.6351400808077953e-05 0.0013865082185266174 0 0.00010322597201656205 3461.5643276283431 OK 15 14 0.82930000000000004 0.91428699999999996 0.34694199999999997 0.46362399999999998 0.30059200000000003 0 0.36567600000000006 0.61369499999999988 0.34694199999999997 0.011069000000000001 0.010605 0.010069 0.29406599999999999 0.54403099999999982 0.28040200000000015 0.015632 0.015296000000000001 0.014148000000000001 0.0032539999999999999 0.0030910000000000004 0.0030170000000000002 3461.5655026016761 3461.5655026016761 3461.5655026016761 0.016294735653696341 0.016294735653696341 0.016294735653696341 1 1 1 Converged Converged Converged OK OK OK 269 269 269 269 269 269 11 11 11 0 0 0 0 1 0 0 1
115 115 uniform 0 15 25 2 1.0000000000000001e-05 1.9599718681909375 0.00076065753405687151 0.0004224285403319365 0.0014195678434221603 5.6351400808077953e-05 0.0014452808850075826 0 4.4453305535596893e-05 3103.7015222183477 OK 15 14 0.773837 0.81584800000000002 0.33393200000000001 0.43654199999999999 0.28023900000000002 0 0.33729500000000001 0.535609 0.33393200000000001 0.014034 0.013965999999999999 0.017416999999999998 0.26969000000000015 0.46795000000000014 0.26517800000000036 0.013818 0.013883999999999999 0.012994 0.0026129999999999994 0.0026029999999999998 0.0024099999999999998 3103.6950957637791 3103.6950957637791 3103.6950957637791 0.019711492911244181 0.019711492911244181 0.019711492911244181 1 1 1 Converged Converged Converged OK OK OK 238 238 238 238 238 238 10 10 10 0 0 0 0 1 0 0 1
115 115 uniform 0 23 25 3 1.0000000000000001e-05 1.9599718681909375 0.00076065753405687151 0.0004224285403319365 0.0014195678434221603 5.6351400808077953e-05 0.0015040535514885475 0 -1.4319360945368046e-05 2752.4664639312105 OK 15 14 0.79483999999999999 0.91619200000000001 0.412748 0.37653199999999998 0.222381 0 0.41830800000000001 0.69381099999999996 0.412748 0.013723000000000001 0.014047 0.012756999999999999 0.30741799999999997 0.58114100000000035 0.30448100000000006 0.020978 0.021444999999999999 0.020147999999999999 0.0021939999999999998 0.0021640000000000001 0.002114 2752.4305643735615 2752.4305643735615 2752.4305643735615 0.027210204050447877 0.027210204050447877 0.027210204050447877 1 1 1 Converged Converged Converged OK OK OK 278 278 278 278 278 278 10 10 10 0 0 0 0 1 0 0 1
115 115 uniform 0 0 25 0 9.9999999999999995e-07 1.9599718681909375 0.00076065753405687151 0.0004224285403319365 0.0014195678434221603 5.6351400808077953e-05 0.0013350821353557731 0 0.00015465205518740643 3715.5647489372814 OK 15 14 0.98705200000000004 0.95662599999999998 0.49612299999999998 0.464478 0.46173799999999998 0 0.52257400000000009 0.49488799999999999 0.49612299999999998 0.01362 0.012352 0.012116 0.345418 0.33139800000000008 0.33105599999999991 0.019999000000000003 0.018690999999999999 0.019067999999999998 0.0037029999999999997 0.0035149999999999999 0.0035179999999999999 3715.5662182555848 3715.5662182555848 3715.5662182555848 0.0025108245056777515 0.0025108245056777515 0.0025108245056777515 1 1 1 Converged Converged Converged OK OK OK 317 317 317 317 317 317 11 11 11 0 0 0 0 0 1 0 0
115 115 uniform 0 7 25 1 9.9999999999999995e-07 1.9599718681909375 0.00076065753405687151 0.0004224285403319365 0.0014195678434221603 5.6351400808077953e-05 0.0013865082185266174 0 0.00010322597201656205 3461.5643276283431 OK 15 14 0.83666300000000005 0.95954499999999998 0.37373800000000001 0.45998699999999998 0.30279699999999998 0 0.37667600000000007 0.656748 0.37373800000000001 0.010822 0.010852000000000001 0.010321 0.30509600000000031 0.58503300000000036 0.30406000000000005 0.016657000000000002 0.016546000000000002 0.016181999999999998 0.0034489999999999994 0.0035139999999999998 0.0033360000000000009 3461.5655079843805 3461.5655079843805 3461.5655079843805 0.0023340695173766778 0.0023340695173766778 0.0023340695173766778 1 1 1 Converged Converged Converged OK OK OK 301 301 301 301 301 301 11 11 11 0 0 0 0 1 0 0 1
115 115 uniform 0 15 25 2 9.9999999999999995e-07 1.9599718681909375 0.00076065753405687151 0.0004224285403319365 0.0014195678434221603 5.6351400808077953e-05 0.0014452808850075826 0 4.4453305535596893e-05 3103.7015222183477 OK 15 14 0.888872 1.0374129999999999 0.46977099999999999 0.43813600000000003 0.279644 0 0.45073599999999997 0.75776899999999991 0.46977099999999999 0.014142999999999999 0.013853000000000001 0.01325 0.35207000000000027 0.66030399999999956 0.36956800000000006 0.024728000000000003 0.023864999999999997 0.025684999999999996 0.0030150000000000008 0.0030270000000000002 0.0031130000000000003 3103.6950971474616 3103.6950971474616 3103.6950971474616 0.0013807474731614316 0.0013807474731614316 0.0013807474731614316 1 1 1 Converged Converged Converged OK OK OK 334 334 334 334 334 334 10 10 10 0 0 0 0 1 0 0 1
115 115 uniform 0 23 25 3 9.9999999999999995e-07 1.9599718681909375 0.00076065753405687151 0.0004224285403319365 0.0014195678434221603 5.6351400808077953e-05 0.0015040535514885475 0 -1.4319360945368046e-05 2752.4664639312105 OK 15 14 0.83973799999999998 0.98055499999999995 0.51040600000000003 0.381463 0.22045600000000001 0 0.45827499999999999 0.76009899999999997 0.51040600000000003 0.014088 0.013925 0.014109999999999999 0.36076900000000034 0.66429300000000002 0.40761300000000023 0.025748999999999998 0.023913999999999998 0.027348000000000001 0.00296 0.0030799999999999994 0.0028830000000000001 2752.430564026678 2752.430564026678 2752.430564026678 0.0013617190976403756 0.0013617190976403756 0.0013617190976403756 1 1 1 Converged Converged Converged OK OK OK 334 334 334 334 334 334 10 10 10 0 0 0 0 1 0 0 1
115 115 uniform 0 0 25 0 9.9999999999999995e-08 1.9599718681909375 0.00076065753405687151 0.0004224285403319365 0.0014195678434221603 5.6351400808077953e-05 0.0013350821353557731 0 0.00015465205518740643 3715.5647489372814 OK 15 14 1.0156160000000001 1.012367 0.55239300000000002 0.46411999999999998 0.46338600000000002 0 0.5514960000000001 0.54898099999999994 0.55239300000000002 0.012341 0.012267999999999999 0.012017999999999999 0.37215900000000013 0.37204499999999979 0.37147599999999964 0.022727000000000004 0.021927999999999996 0.021220000000000003 0.004091 0.0040819999999999997 0.0040439999999999999 3715.5662182573442 3715.5662182573442 3715.5662182573442 0.00014896123636493153 0.00014896123636493153 0.00014896123636493153 1 1 1 Converged Converged Converged OK OK OK 365 365 365 365 365 365 11 11 11 0 0 0 0 0 1 0 0
115 115 uniform 0 7 25 1 9.9999999999999995e-08 1.9599718681909375 0.00076065753405687151 0.0004224285403319365 0.0014195678434221603 5.6351400808077953e-05 0.0013865082185266174 0 0.00010322597201656205 3461.5643276283431 OK 15 14 0.96303300000000003 1.197765 0.500085 0.46044400000000002 0.30310399999999998 0 0.50258899999999995 0.89466099999999993 0.500085 0.010725999999999999 0.010691000000000001 0.010066 0.39631800000000006 0.78815000000000035 0.39497599999999972 0.029307 0.028699999999999996 0.029332999999999998 0.0039420000000000002 0.0038500000000000001 0.0039319999999999997 3461.5655079312064 3461.5655079312064 3461.5655079312064 0.00022064805668777786 0.00022064805668777786 0.00022064805668777786 1 1 1 Converged Converged Converged OK OK OK 413 413 413 413 413 413 11 11 11 0 0 0 0 1 0 0 1
115 115 uniform 0 15 25 2 9.9999999999999995e-08 1.9599718681909375 0.00076065753405687151 0.0004224285403319365 0.0014195678434221603 5.6351400808077953e-05 0.0014452808850075826 0 4.4453305535596893e-05 3103.7015222183477 OK 15 14 0.90743799999999997 1.0628340000000001 0.479184 0.44072499999999998 0.28312199999999998 0 0.46671299999999999 0.77971200000000007 0.479184 0.014293999999999999 0.014416999999999999 0.013082999999999999 0.3661270000000002 0.67536499999999966 0.38030300000000045 0.025457000000000007 0.027065999999999993 0.024739000000000001 0.0032820000000000002 0.0032379999999999996 0.0031750000000000003 3103.6950971474621 3103.6950971474621 3103.6950971474621 0.00010614162083527772 0.00010614162083527772 0.00010614162083527772 1 1 1 Converged Converged Converged OK OK OK 350 350 350 350 350 350 10 10 10 0 0 0 0 1 0 0 1
115 115 uniform 0 23 25 3 9.9999999999999995e-08 1.9599718681909375 0.00076065753405687151 0.0004224285403319365 0.0014195678434221603 5.6351400808077953e-05 0.0015040535514885475 0 -1.4319360945368046e-05 2752.4664639312105 OK 15 14 0.854545 0.99773500000000004 0.47793799999999997 0.383274 0.223659 0 0.471271 0.77407599999999999 0.47793799999999997 0.013847 0.013937 0.014260999999999999 0.3730149999999996 0.67296400000000001 0.37867599999999979 0.024921999999999996 0.025279999999999997 0.02453 0.0029569999999999996 0.0031099999999999999 0.003032 2752.4305640266816 2752.4305640266816 2752.4305640266816 8.7232683432413643e-05 8.7232683432413643e-05 8.7232683432413643e-05 1 1 1 Converged Converged Converged OK OK OK 350 350 350 350 350 350 10 10 10 0 0 0 0 1 0 0 1
115 115 uniform 1 0 26 0 0.0001 1.9599718681909375 0.00076065753405687151 0.0004224285403319365 -1.4420750108918317 0.0043907603621731357 -1.4421594965998981 0 1.4436492307904412 5.6178434631466398 OK 14 13 0.38221500000000003 0.38888 0.1163 0.264546 0.268567 0 0.11766900000000002 0.120313 0.1163 0.011967 0.01311 0.012527999999999999 0.083263999999999991 0.08496399999999997 0.08241900000000002 0.0044219999999999997 0.0044089999999999997 0.0042830000000000003 0.0011860000000000002 0.001225 0.0011359999999999999 5.6178432700894616 5.6178432700894616 5.6178432700894616 0.00031665320070447736 0.00031665320070447736 0.00031665320070447736 1 1 1 Converged Converged Converged OK OK OK 98 98 98 98 98 98 6 6 6 0 0 0 0 0 1 0 0
115 115 uniform 1 7 26 1 0.0001 1.9599718681909375 0.00076065753405687151 0.0004224285403319365 -1.4420750108918317 0.0043907603621731357 -1.4421080705167273 0 1.4435978047072704 5.0622038575630954 OK 14 13 0.60039399999999998 0.44690999999999997 0.109349 0.48882500000000001 0.31500899999999998 0 0.11156899999999997 0.13190099999999999 0.109349 0.010973 0.012033 0.010357999999999999 0.080916999999999989 0.10018299999999999 0.080177999999999985 0.0042249999999999996 0.0043699999999999998 0.0041599999999999996 0.0011849999999999999 0.0011440000000000001 0.0010969999999999999 5.0622035856170724 5.0622035856170724 5.0622035856170724 0.00031489914561920549 0.00031489914561920549 0.00031489914561920549 1 1 1 Converged Converged Converged OK OK OK 98 98 98 98 98 98 6 6 6 0 0 0 0 1 0 0 1
115 115 uniform 1 15 26 2 0.0001 1.9599718681909375 0.00076065753405687151 0.0004224285403319365 -1.4420750108918317 0.0043907603621731357 -1.4420492978502462 0 1.4435390320407893 4.4031178544253944 OK 14 13 0.36412099999999997 0.22622600000000001 0.109823 0.25228600000000001 0.089212 0 0.11183499999999996 0.13701400000000002 0.109823 0.011037999999999999 0.012161 0.010436000000000001 0.081250999999999976 0.105059 0.080670000000000033 0.0042200000000000007 0.0043540000000000002 0.0040720000000000001 0.0011320000000000002 0.0011590000000000001 0.001116 4.4031174579698487 4.4031174579698487 4.4031174579698487 0.00033601376001442793 0.00033601376001442793 0.00033601376001442793 1 1 1 Converged Converged Converged OK OK OK 98 98 98 98 98 98 6 6 6 0 0 0 0 1 0 0 1
115 115 uniform 1 23 26 3 0.0001 1.9599718681909375 0.00076065753405687151 0.0004224285403319365 -1.4420750108918317 0.0043907603621731357 -1.4419905251837652 0 1.4434802593743083 3.7192405339481485 OK 14 13 0.52339999999999998 0.37671900000000003 0.110737 0.40613300000000002 0.242675 0 0.11726699999999995 0.13404400000000002 0.110737 0.010883 0.012274999999999999 0.010347 0.086312000000000028 0.10171999999999996 0.081535000000000038 0.004333 0.0043530000000000001 0.004176 0.0011950000000000001 0.001152 0.001036 3.719240308871564 3.719240308871564 3.719240308871564 0.00032525002422785482 0.00032525002422785482 0.00032525002422785482 1 1 1 Converged Converged Converged OK OK OK 98 98 98 98 98 98 6 6 6 0 0 0 0 1 0 0 1
115 115 uniform 1 0 26 0 1.0000000000000001e-05 1.9599718681909375 0.00076065753405687151 0.0004224285403319365 -1.4420750108918317 0.0043907603621731357 -1.4421594965998981 0 1.4436492307904412 5.6178434631466398 OK 14 13 0.42679600000000001 0.42336800000000002 0.16011 0.26698 0.26564399999999999 0 0.15981600000000001 0.15772400000000003 0.16011 0.011842999999999999 0.011981 0.011390000000000001 0.11629000000000002 0.11486199999999999 0.11493999999999997 0.0063690000000000005 0.0061770000000000002 0.0094750000000000008 0.001689 0.0016339999999999998 0.0016059999999999998 5.6178432676929528 5.6178432676929528 5.6178432676929528 2.5944736002380035e-05 2.5944736002380035e-05 2.5944736002380035e-05 1 1 1 Converged Converged Converged OK OK OK 138 138 138 138 138 138 6 6 6 0 0 0 0 0 1 0 0
115 115 uniform 1 7 26 1 1.0000000000000001e-05 1.9599718681909375 0.00076065753405687151 0.0004224285403319365 -1.4420750108918317 0.0043907603621731357 -1.4421080705167273 0 1.4435978047072704 5.0622038575630954 OK 14 13 0.64322500000000005 0.48067100000000001 0.149198 0.49083399999999999 0.31020500000000001 0 0.15239100000000005 0.17046600000000001 0.149198 0.010939000000000001 0.010932000000000001 0.010436000000000001 0.11412899999999999 0.13277000000000005 0.11245999999999999 0.006313 0.0061710000000000003 0.0062169999999999994 0.001562 0.00156 0.0015069999999999999 5.0622035813429012 5.0622035813429012 5.0622035813429012 2.5903302220331351e-05 2.5903302220331351e-05 2.5903302220331351e-05 1 1 1 Converged Converged Converged OK OK OK 138 138 138 138 138 138 6 6 6 0 0 0 0 1 0 0 1
115 115 uniform 1 15 26 2 1.0000000000000001e-05 1.9599718681909375 0.00076065753405687151 0.0004224285403319365 -1.4420750108918317 0.0043907603621731357 -1.4420492978502462 0 1.4435390320407893 4.4031178544253944 OK 14 13 0.40689999999999998 0.25237199999999999 0.149146 0.25611800000000001 0.081733 0 0.15078199999999997 0.17063899999999999 0.149146 0.010994 0.010957 0.010455000000000001 0.11276000000000001 0.13282900000000003 0.11243099999999999 0.0061800000000000006 0.0061879999999999999 0.0061779999999999995 0.0016179999999999996 0.0016440000000000001 0.0015120000000000001 4.4031174422886528 4.4031174422886528 4.4031174422886528 2.591848654291737e-05 2.591848654291737e-05 2.591848654291737e-05 1 1 1 Converged Converged Converged OK OK OK 138 138 138 138 138 138 6 6 6 0 0 0 0 1 0 0 1
115 115 uniform 1 23 26 3 1.0000000000000001e-05 1.9599718681909375 0.00076065753405687151 0.0004224285403319365 -1.4420750108918317 0.0043907603621731357 -1.4419905251837652 0 1.4434802593743083 3.7192405339481485 OK 14 13 0.56603999999999999 0.41048299999999999 0.152221 0.41196899999999997 0.23488300000000001 0 0.15407100000000001 0.17559999999999998 0.152221 0.010826000000000001 0.01107 0.010397 0.11608199999999999 0.13750099999999993 0.11564900000000003 0.0060600000000000003 0.0061479999999999998 0.0060590000000000001 0.001699 0.0015639999999999999 0.001498 3.7192403057404237 3.7192403057404237 3.7192403057404237 2.6306207885426804e-05 2.6306207885426804e-05 2.6306207885426804e-05 1 1 1 Converged Converged Converged OK OK OK 138 138 138 138 138 138 6 6 6 0 0 0 0 1 0 0 1
115 115 uniform 1 0 26 0 9.9999999999999995e-07 1.9599718681909375 0.00076065753405687151 0.0004224285403319365 -1.4420750108918317 0.0043907603621731357 -1.4421594965998981 0 1.4436492307904412 5.6178434631466398 OK 14 13 0.44001600000000002 0.436892 0.171019 0.26703900000000003 0.26499699999999998 0 0.17297699999999999 0.17189500000000002 0.171019 0.011757999999999999 0.011841000000000001 0.011384 0.12632299999999994 0.12563299999999999 0.12562899999999996 0.006901 0.0070310000000000008 0.0068909999999999996 0.0017829999999999999 0.0016749999999999998 0.0016870000000000001 5.6178432676934165 5.6178432676934165 5.6178432676934165 8.3744018283782624e-08 8.3744018283782624e-08 8.3744018283782624e-08 1 1 1 Converged Converged Converged OK OK OK 154 154 154 154 154 154 6 6 6 0 0 0 0 0 1 0 0
115 115 uniform 1 7 26 1 9.9999999999999995e-07 1.9599718681909375 0.00076065753405687151 0.0004224285403319365 -1.4420750108918317 0.0043907603621731357 -1.4421080705167273 0 1.4435978047072704 5.0622038575630954 OK 14 13 0.65197300000000002 0.50447399999999998 0.16680800000000001 0.48374899999999998 0.30844700000000003 0 0.16822400000000004 0.19602699999999995 0.16680800000000001 0.010808 0.010935 0.010429000000000001 0.12685400000000005 0.154754 0.12348899999999999 0.0068769999999999994 0.006984999999999999 0.0099979999999999999 0.0018140000000000003 0.0016189999999999998 0.001585 5.0622035813433701 5.0622035813433701 5.0622035813433701 3.9994649296408346e-08 3.9994649296408346e-08 3.9994649296408346e-08 1 1 1 Converged Converged Converged OK OK OK 154 154 154 154 154 154 6 6 6 0 0 0 0 1 0 0 1
115 115 uniform 1 15 26 2 9.9999999999999995e-07 1.9599718681909375 0.00076065753405687151 0.0004224285403319365 -1.4420750108918317 0.0043907603621731357 -1.4420492978502462 0 1.4435390320407893 4.4031178544253944 OK 14 13 0.41971199999999997 0.27729999999999999 0.163829 0.25415900000000002 0.082636000000000001 0 0.16555299999999995 0.194664 0.163829 0.010802000000000001 0.010977000000000001 0.010465 0.12422400000000003 0.15311799999999992 0.12335099999999997 0.0069369999999999996 0.0069189999999999998 0.0068650000000000004 0.001689 0.001732 0.001704 4.4031174422891732 4.4031174422891732 4.4031174422891732 5.253226787604399e-08 5.253226787604399e-08 5.253226787604399e-08 1 1 1 Converged Converged Converged OK OK OK 154 154 154 154 154 154 6 6 6 0 0 0 0 1 0 0 1
115 115 uniform 1 23 26 3 9.9999999999999995e-07 1.9599718681909375 0.00076065753405687151 0.0004224285403319365 -1.4420750108918317 0.0043907603621731357 -1.4419905251837652 0 1.4434802593743083 3.7192405339481485 OK 14 13 0.57748699999999997 0.43534099999999998 0.16708000000000001 0.40634500000000001 0.23644799999999999 0 0.17114199999999996 0.19889299999999999 0.16708000000000001 0.010876 0.010905 0.01034 0.12752100000000005 0.15740699999999996 0.12682599999999999 0.0069550000000000011 0.0067880000000000006 0.0067380000000000001 0.0017149999999999999 0.0017530000000000002 0.0017240000000000001 3.7192403057408012 3.7192403057408012 3.7192403057408012 4.3760628828253895e-07 4.3760628828253895e-07 4.3760628828253895e-07 1 1 1 Converged Converged Converged OK OK OK 154 154 154 154 154 154 6 6 6 0 0 0 0 1 0 0 1
115 115 uniform 1 0 26 0 9.9999999999999995e-08 1.9599718681909375 0.00076065753405687151 0.0004224285403319365 -1.4420750108918317 0.0043907603621731357 -1.4421594965998981 0 1.4436492307904412 5.6178434631466398 OK 14 13 0.438025 0.43814399999999998 0.171541 0.26574799999999998 0.26566400000000001 0 0.17227700000000001 0.17247999999999997 0.171541 0.011625999999999999 0.011769999999999999 0.011492 0.12593299999999999 0.12557400000000002 0.12551700000000005 0.0069289999999999994 0.0072659999999999999 0.0069439999999999997 0.0017160000000000001 0.0017669999999999999 0.0017069999999999998 5.6178432676934165 5.6178432676934165 5.6178432676934165 8.3744018283782624e-08 8.3744018283782624e-08 8.3744018283782624e-08 1 1 1 Converged Converged Converged OK OK OK 154 154 154 154 154 154 6 6 6 0 0 0 0 0 1 0 0
115 115 uniform 1 7 26 1 9.9999999999999995e-08 1.9599718681909375 0.00076065753405687151 0.0004224285403319365 -1.4420750108918317 0.0043907603621731357 -1.4421080705167273 0 1.4435978047072704 5.0622038575630954 OK 14 13 0.65131899999999998 0.50536099999999995 0.167571 0.48316300000000001 0.30871500000000002 0 0.16815599999999997 0.19664599999999993 0.167571 0.01081 0.010883 0.010442 0.12669300000000003 0.15486500000000006 0.12352900000000003 0.007025 0.0071050000000000002 0.010260000000000002 0.0016329999999999999 0.0017000000000000001 0.0016769999999999999 5.0622035813433701 5.0622035813433701 5.0622035813433701 3.9994649296408346e-08 3.9994649296408346e-08 3.9994649296408346e-08 1 1 1 Converged Converged Converged OK OK OK 154 154 154 154 154 154 6 6 6 0 0 0 0 1 0 0 1
115 115 uniform 1 15 26 2 9.9999999999999995e-08 1.9599718681909375 0.00076065753405687151 0.0004224285403319365 -1.4420750108918317 0.0043907603621731357 -1.4420492978502462 0 1.4435390320407893 4.4031178544253944 OK 14 13 0.42070600000000002 0.277111 0.16409000000000001 0.25445099999999998 0.082917000000000005 0 0.16625500000000004 0.19419399999999998 0.16409000000000001 0.010758999999999999 0.010904 0.010437999999999999 0.12429100000000003 0.15277400000000005 0.12342600000000001 0.0071420000000000016 0.0069120000000000006 0.0069339999999999992 0.0017549999999999998 0.0016729999999999998 0.001624 4.4031174422891732 4.4031174422891732 4.4031174422891732 5.253226787604399e-08 5.253226787604399e-08 5.253226787604399e-08 1 1 1 Converged Converged Converged OK OK OK 154 154 154 154 154 154 6 6 6 0 0 0 0 1 0 0 1
115 115 uniform 1 23 26 3 9.9999999999999995e-08 1.9599718681909375 0.00076065753405687151 0.0004224285403319365 -1.4420750108918317 0.0043907603621731357 -1.4419905251837652 0 1.4434802593743083 3.7192405339481485 OK 14 13 0.59820700000000004 0.45041300000000001 0.18265400000000001 0.40713700000000003 0.23657500000000001 0 0.19107000000000002 0.213838 0.18265400000000001 0.010840000000000001 0.010919999999999999 0.010406 0.14621299999999998 0.16964799999999994 0.13946 0.0080599999999999995 0.0078370000000000002 0.0078009999999999998 0.001949 0.0018479999999999998 0.0018190000000000003 3.7192403057371108 3.7192403057371108 3.7192403057371108 9.6522392502830417e-09 9.6522392502830417e-09 9.6522392502830417e-09 1 1 1 Converged Converged Converged OK OK OK 170 170 170 170 170 170 6 6 6 0 0 0 0 1 0 0 1
115 115 uniform 2 0 27 0 0.0001 1.9599718681909375 0.00076065753405687151 0.0004224285403319365 0.0016332206677331243 0.00024733848153663933 0.0015487349596667371 0 -5.9000769123557619e-05 2551.1188292974707 OK 15 14 0.72795100000000001 0.72610799999999998 0.27570800000000001 0.444996 0.44438299999999997 0 0.28295500000000001 0.281725 0.27570800000000001 0.012545000000000001 0.012707 0.012236 0.224268 0.22568500000000005 0.22048400000000004 0.009581000000000001 0.0097040000000000008 0.009607000000000001 0.002594 0.0027060000000000001 0.002598 2551.1328650280011 2551.1328650280011 2551.1328650280011 0.077035853083395334 0.077035853083395334 0.077035853083395334 1 1 1 Converged Converged Converged OK OK OK 197 197 197 197 197 197 11 11 11 0 0 0 0 0 1 0 0
115 115 uniform 2 7 27 1 0.0001 1.9599718681909375 0.00076065753405687151 0.0004224285403319365 0.0016332206677331243 0.00024733848153663933 0.0016001610428375815 0 -0.00011042685229440199 2032.6501863306585 OK 15 14 0.768706 0.71870000000000001 0.32579900000000001 0.440245 0.28574300000000002 0 0.328461 0.43295699999999998 0.32579900000000001 0.010826000000000001 0.010862999999999999 0.01034 0.27778300000000022 0.38341800000000004 0.277256 0.010550000000000002 0.010695999999999999 0.010848 0.002294 0.0025370000000000002 0.0024769999999999996 2032.6506207617792 2032.6506207617792 2032.6506207617792 0.086423641905648607 0.086423641905648607 0.086423641905648607 1 1 1 Converged Converged Converged OK OK OK 205 205 205 205 205 205 11 11 11 0 0 0 0 1 0 0 1
115 115 uniform 2 15 27 2 0.0001 1.9599718681909375 0.00076065753405687151 0.0004224285403319365 0.0016332206677331243 0.00024733848153663933 0.0016589337093185466 0 -0.00016919951877536715 1603.5496163377559 OK 16 15 0.72275100000000003 0.67144599999999999 0.30990000000000001 0.41265299999999999 0.25800800000000002 0 0.31009800000000004 0.41343799999999997 0.30990000000000001 0.014345 0.014264000000000001 0.013401 0.2466290000000001 0.34899100000000016 0.24325099999999994 0.011924000000000001 0.012775999999999997 0.010677000000000001 0.0021879999999999998 0.002271 0.0021359999999999994 1603.5512333169831 1603.5512333169831 1603.5512333169831 0.10191243302491529 0.10191243302491529 0.10191243302491529 1 1 1 Converged Converged Converged OK OK OK 191 191 191 191 191 191 9 9 9 0 0 0 0 1 0 0 1
115 115 uniform 2 23 27 3 0.0001 1.9599718681909375 0.00076065753405687151 0.0004224285403319365 0.0016332206677331243 0.00024733848153663933 0.0017177063757995116 0 -0.00022797218525633209 1431.4181586855993 OK 16 15 0.75904700000000003 0.72154499999999999 0.31212200000000001 0.44533699999999998 0.28724300000000003 0 0.31371000000000004 0.43430199999999997 0.31212200000000001 0.013835 0.013788 0.012803 0.24782299999999985 0.36465599999999998 0.24822100000000008 0.012302 0.012541 0.011682 0.0023379999999999994 0.002408 0.0023249999999999998 1431.4186060612114 1431.4186060612114 1431.4186060612114 0.0083585027657946225 0.0083585027657946225 0.0083585027657946225 1 1 1 Converged Converged Converged OK OK OK 207 207 207 207 207 207 9 9 9 0 0 0 0 1 0 0 1
115 115 uniform 2 0 27 0 1.0000000000000001e-05 1.9599718681909375 0.00076065753405687151 0.0004224285403319365 0.0016332206677331243 0.00024733848153663933 0.0015487349596667371 0 -5.9000769123557619e-05 2551.1188292974707 OK 15 14 0.81450100000000003 0.80691199999999996 0.36033300000000001 0.44693500000000003 0.44406499999999999 0 0.367566 0.36284699999999998 0.36033300000000001 0.012290000000000001 0.012617 0.012284 0.297985 0.29372999999999977 0.29266899999999985 0.014766 0.014527000000000002 0.014154 0.0030620000000000005 0.0030590000000000001 0.0029849999999999998 2551.1328552440373 2551.1328552440373 2551.1328552440373 0.017407541479305191 0.017407541479305191 0.017407541479305191 1 1 1 Converged Converged Converged OK OK OK 261 261 261 261 261 261 11 11 11 0 0 0 0 0 1 0 0
115 115 uniform 2 7 27 1 1.0000000000000001e-05 1.9599718681909375 0.00076065753405687151 0.0004224285403319365 0.0016332206677331243 0.00024733848153663933 0.0016001610428375815 0 -0.00011042685229440199 2032.6501863306585 OK 15 14 0.81370600000000004 0.75195800000000002 0.351165 0.44921299999999997 0.28991400000000001 0 0.36449300000000007 0.46204400000000001 0.351165 0.011882999999999999 0.011015 0.010442 0.31121700000000013 0.40966099999999972 0.30155899999999997 0.011402000000000001 0.011592 0.010659 0.0027279999999999995 0.0026760000000000004 0.002637 2032.6506418518427 2032.6506418518427 2032.6506418518427 0.014574263436076327 0.014574263436076327 0.014574263436076327 1 1 1 Converged Converged Converged OK OK OK 221 221 221 221 221 221 11 11 11 0 0 0 0 1 0 0 1
115 115 uniform 2 15 27 2 1.0000000000000001e-05 1.9599718681909375 0.00076065753405687151 0.0004224285403319365 0.0016332206677331243 0.00024733848153663933 0.0016589337093185466 0 -0.00016919951877536715 1603.5496163377559 OK 16 15 0.74653999999999998 0.702206 0.32432899999999998 0.41894399999999998 0.25472699999999998 0 0.327596 0.44747900000000002 0.32432899999999998 0.014153000000000001 0.014293 0.013270000000000001 0.26062699999999994 0.38001499999999999 0.26012599999999991 0.012347000000000002 0.012286999999999999 0.011610999999999998 0.0023919999999999996 0.0024350000000000005 0.0022279999999999999 1603.5512401970152 1603.5512401970152 1603.5512401970152 0.01258069240609061 0.01258069240609061 0.01258069240609061 1 1 1 Converged Converged Converged OK OK OK 207 207 207 207 207 207 9 9 9 0 0 0 0 1 0 0 1
115 115 uniform 2 23 27 3 1.0000000000000001e-05 1.9599718681909375 0.00076065753405687151 0.0004224285403319365 0.0016332206677331243 0.00024733848153663933 0.0017177063757995116 0 -0.00022797218525633209 1431.4181586855993 OK 16 15 0.75757300000000005 0.718997 0.30727300000000002 0.43887100000000001 0.28754999999999997 0 0.31870200000000004 0.43144700000000002 0.30727300000000002 0.013742000000000001 0.013807 0.012987 0.2489110000000001 0.3653039999999998 0.24419199999999999 0.011971000000000001 0.012032000000000003 0.011306999999999999 0.0024270000000000003 0.0024459999999999998 0.0023450000000000003 1431.4186060612114 1431.4186060612114 1431.4186060612114 0.0083585027657946225 0.0083585027657946225 0.0083585027657946225 1 1 1 Converged Converged Converged OK OK OK 207 207 207 207 207 207 9 9 9 0 0 0 0 1 0 0 1
115 115 uniform 2 0 27 0 9.9999999999999995e-07 1.9599718681909375 0.00076065753405687151 0.0004224285403319365 0.0016332206677331243 0.00024733848153663933 0.0015487349596667371 0 -5.9000769123557619e-05 2551.1188292974707 OK 15 14 0.98643400000000003 1.010143 0.53185899999999997 0.44822000000000001 0.44629000000000002 0 0.53821399999999997 0.56385299999999994 0.53185899999999997 0.012833000000000001 0.012825 0.012508999999999999 0.36394700000000046 0.38018000000000018 0.36023100000000013 0.020863 0.020533000000000003 0.020055 0.0039589999999999998 0.0041440000000000001 0.0038269999999999997 2551.1328558362793 2551.1328558362793 2551.1328558362793 0.00130760191520531 0.00130760191520531 0.00130760191520531 1 1 1 Converged Converged Converged OK OK OK 333 333 333 333 333 333 11 11 11 0 0 0 0 0 1 0 0
115 115 uniform 2 7 27 1 9.9999999999999995e-07 1.9599718681909375 0.00076065753405687151 0.0004224285403319365 0.0016332206677331243 0.00024733848153663933 0.0016001610428375815 0 -0.00011042685229440199 2032.6501863306585 OK 15 14 1.0001580000000001 1.101639 0.55353799999999997 0.44140299999999999 0.29347699999999999 0 0.55875500000000011 0.80816200000000005 0.55353799999999997 0.011062000000000001 0.012008 0.010371999999999999 0.45728299999999972 0.70820200000000011 0.45798399999999995 0.030172000000000004 0.026577999999999997 0.026561000000000001 0.003641000000000001 0.0036250000000000006 0.0035009999999999998 2032.6506422179493 2032.6506422179493 2032.6506422179493 0.001138929818910363 0.001138929818910363 0.001138929818910363 1 1 1 Converged Converged Converged OK OK OK 365 365 365 365 365 365 11 11 11 0 0 0 0 1 0 0 1
115 115 uniform 2 15 27 2 9.9999999999999995e-07 1.9599718681909375 0.00076065753405687151 0.0004224285403319365 0.0016332206677331243 0.00024733848153663933 0.0016589337093185466 0 -0.00016919951877536715 1603.5496163377559 OK 16 15 0.95488700000000004 1.020308 0.53440200000000004 0.40871600000000002 0.254882 0 0.54617099999999996 0.76542599999999994 0.53440200000000004 0.014579 0.014385 0.013558000000000001 0.425929 0.64356599999999953 0.41847400000000007 0.028926999999999998 0.030287000000000001 0.027153 0.0032369999999999999 0.0031909999999999994 0.0031069999999999995 1603.5512397458824 1603.5512397458824 1603.5512397458824 0.0010040001752116376 0.0010040001752116376 0.0010040001752116376 1 1 1 Converged Converged Converged OK OK OK 351 351 351 351 351 351 9 9 9 0 0 0 0 1 0 0 1
115 115 uniform 2 23 27 3 9.9999999999999995e-07 1.9599718681909375 0.00076065753405687151 0.0004224285403319365 0.0016332206677331243 0.00024733848153663933 0.0017177063757995116 0 -0.00022797218525633209 1431.4181586855993 OK 16 15 0.873282 0.90131099999999997 0.42618099999999998 0.44070399999999998 0.28731800000000002 0 0.43257800000000002 0.61399300000000001 0.42618099999999998 0.013644999999999999 0.014019 0.012945999999999999 0.33837400000000034 0.51847099999999979 0.33175900000000008 0.019352999999999999 0.020095999999999999 0.018551999999999999 0.0032290000000000001 0.0032210000000000003 0.0031250000000000002 1431.4186059783456 1431.4186059783456 1431.4186059783456 0.00060017355937664284 0.00060017355937664284 0.00060017355937664284 1 1 1 Converged Converged Converged OK OK OK 303 303 303 303 303 303 9 9 9 0 0 0 0 1 0 0 1
115 115 uniform 2 0 27 0 9.9999999999999995e-08 1.9599718681909375 0.00076065753405687151 0.0004224285403319365 0.0016332206677331243 0.00024733848153663933 0.0015487349596667371 0 -5.9000769123557619e-05 2551.1188292974707 OK 15 14 1.0281480000000001 1.039418 0.59260100000000004 0.44515199999999999 0.44938 0 0.58299600000000007 0.59003799999999995 0.59260100000000004 0.012805 0.012874999999999999 0.012721 0.39296500000000012 0.39090899999999995 0.40188200000000007 0.023607999999999997 0.028670000000000001 0.023800999999999996 0.0043109999999999997 0.0044619999999999998 0.0043560000000000005 2551.1328558358418 2551.1328558358418 2551.1328558358418 5.7242538908620208e-05 5.7242538908620208e-05 5.7242538908620208e-05 1 1 1 Converged Converged Converged OK OK OK 381 381 381 381 381 381 11 11 11 0 0 0 0 0 1 0 0
115 115 uniform 2 7 27 1 9.9999999999999995e-08 1.9599718681909375 0.00076065753405687151 0.0004224285403319365 0.0016332206677331243 0.00024733848153663933 0.0016001610428375815 0 -0.00011042685229440199 2032.6501863306585 OK 15 14 1.019811 1.090695 0.584422 0.44349499999999997 0.287549 0 0.57631600000000005 0.80314599999999992 0.584422 0.011077999999999999 0.010937000000000001 0.011542999999999999 0.47661700000000018 0.70475499999999969 0.48328799999999972 0.028049999999999999 0.027185000000000004 0.028849 0.0038539999999999998 0.0038500000000000001 0.0038809999999999999 2032.6506422179502 2032.6506422179502 2032.6506422179502 0.0001974089253489949 0.0001974089253489949 0.0001974089253489949 1 1 1 Converged Converged Converged OK OK OK 381 381 381 381 381 381 11 11 11 0 0 0 0 1 0 0 1
115 115 uniform 2 15 27 2 9.9999999999999995e-08 1.9599718681909375 0.00076065753405687151 0.0004224285403319365 0.0016332206677331243 0.00024733848153663933 0.0016589337093185466 0 -0.00016919951877536715 1603.5496163377559 OK 16 15 0.97436800000000001 1.0420229999999999 0.56665900000000002 0.41042299999999998 0.25599899999999998 0 0.56394500000000003 0.78602399999999994 0.56665900000000002 0.01453 0.014487999999999999 0.015017000000000001 0.44066299999999986 0.65850199999999981 0.4387400000000003 0.029062999999999999 0.033193 0.027977999999999999 0.0035130000000000001 0.0034520000000000002 0.0034380000000000001 1603.5512397458826 1603.5512397458826 1603.5512397458826 6.263963018507194e-05 6.263963018507194e-05 6.263963018507194e-05 1 1 1 Converged Converged Converged OK OK OK 367 367 367 367 367 367 9 9 9 0 0 0 0 1 0 0 1
115 115 uniform 2 23 27 3 9.9999999999999995e-08 1.9599718681909375 0.00076065753405687151 0.0004224285403319365 0.0016332206677331243 0.00024733848153663933 0.0017177063757995116 0 -0.00022797218525633209 1431.4181586855993 OK 16 15 1.027228 1.121996 0.57173499999999999 0.44163799999999998 0.28848200000000002 0 0.58559000000000005 0.83351399999999998 0.57173499999999999 0.013811 0.014173 0.013197 0.45219599999999988 0.69956900000000066 0.44155600000000017 0.030700000000000005 0.031504999999999998 0.030026999999999998 0.0036329999999999999 0.0034849999999999998 0.0035479999999999995 1431.4186059749886 1431.4186059749886 1431.4186059749886 8.4894384102054652e-07 8.4894384102054652e-07 8.4894384102054652e-07 1 1 1 Converged Converged Converged OK OK OK 399 399 399 399 399 399 9 9 9 0 0 0 0 1 0 0 1
115 115 uniform 3 0 28 0 0.0001 1.9599718681909375 0.00076065753405687151 0.0004224285403319365 -1.4493501340201096 0.012593477790135487 -1.449434619728176 0 1.4509243539187191 3.6938106635118682 OK 13 12 0.36335600000000001 0.35383999999999999 0.096518000000000007 0.26744299999999999 0.25893899999999997 0 0.095913000000000026 0.094901000000000013 0.096518000000000007 0.0090659999999999994 0.0091000000000000004 0.0097839999999999993 0.06496600000000001 0.064616000000000007 0.065452999999999997 0.0040460000000000001 0.0038969999999999994 0.0039970000000000006 0.000794 0.00076300000000000001 0.00077999999999999999 3.6938106369035335 3.6938106369035335 3.6938106369035335 2.5554805497738652e-05 2.5554805497738652e-05 2.5554805497738652e-05 1 1 1 Converged Converged Converged OK OK OK 77 77 77 77 77 77 3 3 3 0 0 0 0 0 1 0 0
115 115 uniform 3 7 28 1 0.0001 1.9599718681909375 0.00076065753405687151 0.0004224285403319365 -1.4493501340201096 0.012593477790135487 -1.4493831936450052 0 1.4508729278355483 3.852078566087942 OK 13 12 0.350356 0.19408600000000001 0.093334 0.257828 0.086221999999999993 0 0.092527999999999999 0.10786400000000002 0.093334 0.0082030000000000002 0.0081969999999999994 0.0079699999999999997 0.065196000000000018 0.080886 0.066454999999999986 0.0040020000000000003 0.0039179999999999996 0.0039749999999999994 0.0007670000000000001 0.000754 0.00077200000000000001 3.852078550905055 3.852078550905055 3.852078550905055 2.5567387171581129e-05 2.5567387171581129e-05 2.5567387171581129e-05 1 1 1 Converged Converged Converged OK OK OK 77 77 77 77 77 77 3 3 3 0 0 0 0 1 0 0 1
115 115 uniform 3 15 28 2 0.0001 1.9599718681909375 0.00076065753405687151 0.0004224285403319365 -1.4493501340201096 0.012593477790135487 -1.4493244209785241 0 1.4508141551690672 4.0719438525947202 OK 13 12 0.43065700000000001 0.28925499999999998 0.075564999999999993 0.35066799999999998 0.198877 0 0.079989000000000032 0.090377999999999986 0.075564999999999993 0.0081469999999999997 0.0095010000000000008 0.0080199999999999994 0.051816999999999988 0.065776000000000001 0.052786000000000013 0.003075 0.0031199999999999999 0.0030969999999999999 0.00066600000000000003 0.00071600000000000006 0.00066299999999999996 4.0719438268690924 4.0719438268690924 4.0719438268690924 0.00038759579826015597 0.00038759579826015597 0.00038759579826015597 1 1 1 Converged Converged Converged OK OK OK 61 61 61 61 61 61 3 3 3 0 0 0 0 1 0 0 1
115 115 uniform 3 23 28 3 0.0001 1.9599718681909375 0.00076065753405687151 0.0004224285403319365 -1.4493501340201096 0.012593477790135487 -1.4492656483120432 0 1.4507553825025863 4.3550639323632137 OK 13 12 0.35378500000000002 0.20501800000000001 0.076061000000000004 0.27889999999999998 0.11433699999999999 0 0.074885000000000035 0.090681000000000012 0.076061000000000004 0.0082660000000000008 0.0094610000000000007 0.0079159999999999994 0.051623999999999996 0.06599300000000001 0.053310999999999997 0.0030209999999999998 0.00316 0.0030969999999999999 0.00067500000000000004 0.00068500000000000006 0.0006649999999999999 4.3550638056688502 4.3550638056688502 4.3550638056688502 0.0003877170599506898 0.0003877170599506898 0.0003877170599506898 1 1 1 Converged Converged Converged OK OK OK 61 61 61 61 61 61 3 3 3 0 0 0 0 1 0 0 1
115 115 uniform 3 0 28 0 1.0000000000000001e-05 1.9599718681909375 0.00076065753405687151 0.0004224285403319365 -1.4493501340201096 0.012593477790135487 -1.449434619728176 0 1.4509243539187191 3.6938106635118682 OK 13 12 0.35723199999999999 0.35349799999999998 0.092893000000000003 0.262241 0.25950600000000001 0 0.094990999999999992 0.093991999999999964 0.092893000000000003 0.0087329999999999994 0.0087969999999999993 0.0083540000000000003 0.064729999999999996 0.064358000000000012 0.063902999999999988 0.00396 0.0038249999999999994 0.003813 0.00079500000000000003 0.00078700000000000005 0.00076300000000000001 3.6938106369035335 3.6938106369035335 3.6938106369035335 2.5554805497738652e-05 2.5554805497738652e-05 2.5554805497738652e-05 1 1 1 Converged Converged Converged OK OK OK 77 77 77 77 77 77 3 3 3 0 0 0 0 0 1 0 0
115 115 uniform 3 7 28 1 1.0000000000000001e-05 1.9599718681909375 0.00076065753405687151 0.0004224285403319365 -1.4493501340201096 0.012593477790135487 -1.4493831936450052 0 1.4508729278355483 3.852078566087942 OK 13 12 0.34961799999999998 0.19405600000000001 0.089851 0.25820300000000002 0.086892999999999998 0 0.091414999999999969 0.10716300000000001 0.089851 0.0081689999999999992 0.0081440000000000002 0.0078370000000000002 0.06429 0.080364000000000019 0.063742000000000007 0.0038999999999999998 0.0038570000000000002 0.003839 0.00081500000000000008 0.00076099999999999996 0.00076000000000000004 3.852078550905055 3.852078550905055 3.852078550905055 2.5567387171581129e-05 2.5567387171581129e-05 2.5567387171581129e-05 1 1 1 Converged Converged Converged OK OK OK 77 77 77 77 77 77 3 3 3 0 0 0 0 1 0 0 1
115 115 uniform 3 15 28 2 1.0000000000000001e-05 1.9599718681909375 0.00076065753405687151 0.0004224285403319365 -1.4493501340201096 0.012593477790135487 -1.4493244209785241 0 1.4508141551690672 4.0719438525947202 OK 13 12 0.443465 0.30068400000000001 0.090341000000000005 0.35138799999999998 0.19215599999999999 0 0.09207700000000002 0.10852800000000001 0.090341000000000005 0.0081290000000000008 0.0082789999999999999 0.0077619999999999998 0.065138999999999975 0.081428000000000042 0.064347999999999989 0.0038889999999999992 0.0039220000000000001 0.0037939999999999996 0.00076199999999999998 0.00084800000000000012 0.0007580000000000001 4.0719438268612818 4.0719438268612818 4.0719438268612818 2.562549599265662e-05 2.562549599265662e-05 2.562549599265662e-05 1 1 1 Converged Converged Converged OK OK OK 77 77 77 77 77 77 3 3 3 0 0 0 0 1 0 0 1
115 115 uniform 3 23 28 3 1.0000000000000001e-05 1.9599718681909375 0.00076065753405687151 0.0004224285403319365 -1.4493501340201096 0.012593477790135487 -1.4492656483120432 0 1.4507553825025863 4.3550639323632137 OK 13 12 0.37573000000000001 0.213229 0.089496000000000006 0.28468500000000002 0.10641 0 0.091044999999999987 0.106819 0.089496000000000006 0.0081099999999999992 0.0081899999999999994 0.0076819999999999996 0.064081000000000013 0.079963000000000006 0.063495000000000024 0.0038539999999999998 0.0038170000000000001 0.0037849999999999997 0.00077099999999999998 0.00079599999999999994 0.00075100000000000004 4.3550638056610493 4.3550638056610493 4.3550638056610493 2.5769746701101951e-05 2.5769746701101951e-05 2.5769746701101951e-05 1 1 1 Converged Converged Converged OK OK OK 77 77 77 77 77 77 3 3 3 0 0 0 0 1 0 0 1
115 115 uniform 3 0 28 0 9.9999999999999995e-07 1.9599718681909375 0.00076065753405687151 0.0004224285403319365 -1.4493501340201096 0.012593477790135487 -1.449434619728176 0 1.4509243539187191 3.6938106635118682 OK 13 12 0.37196699999999999 0.367232 0.111858 0.262015 0.25802999999999998 0 0.10995199999999999 0.10920200000000002 0.111858 0.0087559999999999999 0.0087760000000000008 0.0095200000000000007 0.076040000000000024 0.075708999999999999 0.077095000000000038 0.0047710000000000009 0.0047190000000000001 0.0048719999999999996 0.00091 0.00089100000000000008 0.00089800000000000014 3.6938106369040096 3.6938106369040096 3.6938106369040096 2.1051898841253429e-08 2.1051898841253429e-08 2.1051898841253429e-08 1 1 1 Converged Converged Converged OK OK OK 93 93 93 93 93 93 3 3 3 0 0 0 0 0 1 0 0
115 115 uniform 3 7 28 1 9.9999999999999995e-07 1.9599718681909375 0.00076065753405687151 0.0004224285403319365 -1.4493501340201096 0.012593477790135487 -1.4493831936450052 0 1.4508729278355483 3.852078566087942 OK 13 12 0.36195300000000002 0.21972800000000001 0.108502 0.25564500000000001 0.088469000000000006 0 0.10630800000000001 0.13125900000000001 0.108502 0.0081560000000000001 0.0082570000000000005 0.0079749999999999995 0.075444999999999984 0.10040700000000002 0.077668000000000056 0.0047080000000000004 0.004738 0.0048509999999999994 0.00088900000000000003 0.00089300000000000002 0.00088499999999999994 3.8520785509056541 3.8520785509056541 3.8520785509056541 3.1353078356514045e-08 3.1353078356514045e-08 3.1353078356514045e-08 1 1 1 Converged Converged Converged OK OK OK 93 93 93 93 93 93 3 3 3 0 0 0 0 1 0 0 1
115 115 uniform 3 15 28 2 9.9999999999999995e-07 1.9599718681909375 0.00076065753405687151 0.0004224285403319365 -1.4493501340201096 0.012593477790135487 -1.4493244209785241 0 1.4508141551690672 4.0719438525947202 OK 13 12 0.46326400000000001 0.317664 0.11347699999999999 0.35599500000000001 0.18601699999999999 0 0.107269 0.13164700000000001 0.11347699999999999 0.0081279999999999998 0.0083090000000000004 0.007901 0.076383999999999994 0.10075700000000001 0.082497000000000056 0.004705 0.0046950000000000004 0.0048809999999999991 0.00088000000000000003 0.00088400000000000002 0.00090899999999999998 4.0719438268618218 4.0719438268618218 4.0719438268618218 8.6855427959626211e-08 8.6855427959626211e-08 8.6855427959626211e-08 1 1 1 Converged Converged Converged OK OK OK 93 93 93 93 93 93 3 3 3 0 0 0 0 1 0 0 1
115 115 uniform 3 23 28 3 9.9999999999999995e-07 1.9599718681909375 0.00076065753405687151 0.0004224285403319365 -1.4493501340201096 0.012593477790135487 -1.4492656483120432 0 1.4507553825025863 4.3550639323632137 OK 13 12 0.38444099999999998 0.24343699999999999 0.108519 0.27807700000000002 0.108678 0 0.10636399999999996 0.13475899999999999 0.108519 0.0081630000000000001 0.0093150000000000004 0.0079749999999999995 0.075441999999999995 0.10214499999999996 0.077750999999999987 0.004693000000000001 0.0048420000000000008 0.0047489999999999997 0.00087600000000000004 0.00090100000000000011 0.00088199999999999997 4.355063805661608 4.355063805661608 4.355063805661608 2.2849908672746981e-07 2.2849908672746981e-07 2.2849908672746981e-07 1 1 1 Converged Converged Converged OK OK OK 93 93 93 93 93 93 3 3 3 0 0 0 0 1 0 0 1
115 115 uniform 3 0 28 0 9.9999999999999995e-08 1.9599718681909375 0.00076065753405687151 0.0004224285403319365 -1.4493501340201096 0.012593477790135487 -1.449434619728176 0 1.4509243539187191 3.6938106635118682 OK 13 12 0.36698399999999998 0.37052299999999999 0.108478 0.257409 0.26148100000000002 0 0.10957499999999998 0.10904199999999997 0.108478 0.0088739999999999999 0.0087039999999999999 0.0084239999999999992 0.075777000000000025 0.075683 0.075427000000000008 0.0047489999999999997 0.004738 0.004764 0.00091199999999999994 0.00088499999999999994 0.00087800000000000009 3.6938106369040096 3.6938106369040096 3.6938106369040096 2.1051898841253429e-08 2.1051898841253429e-08 2.1051898841253429e-08 1 1 1 Converged Converged Converged OK OK OK 93 93 93 93 93 93 3 3 3 0 0 0 0 0 1 0 0
115 115 uniform 3 7 28 1 9.9999999999999995e-08 1.9599718681909375 0.00076065753405687151 0.0004224285403319365 -1.4493501340201096 0.012593477790135487 -1.4493831936450052 0 1.4508729278355483 3.852078566087942 OK 13 12 0.36704799999999999 0.21809899999999999 0.10465099999999999 0.256685 0.086619000000000002 0 0.11036299999999999 0.13147999999999999 0.10465099999999999 0.0081390000000000004 0.0082070000000000008 0.0077549999999999997 0.079499 0.10055299999999999 0.074569999999999997 0.0048540000000000007 0.0047070000000000002 0.004744 0.00089600000000000009 0.000883 0.00087799999999999998 3.8520785509056541 3.8520785509056541 3.8520785509056541 3.1353078356514045e-08 3.1353078356514045e-08 3.1353078356514045e-08 1 1 1 Converged Converged Converged OK OK OK 93 93 93 93 93 93 3 3 3 0 0 0 0 1 0 0 1
115 115 uniform 3 15 28 2 9.9999999999999995e-08 1.9599718681909375 0.00076065753405687151 0.0004224285403319365 -1.4493501340201096 0.012593477790135487 -1.4493244209785241 0 1.4508141551690672 4.0719438525947202 OK 13 12 0.45805800000000002 0.31957400000000002 0.105642 0.35098299999999999 0.188189 0 0.10707500000000003 0.13138500000000003 0.105642 0.0081630000000000001 0.0080960000000000008 0.0077660000000000003 0.076238000000000014 0.10066600000000001 0.075590999999999978 0.0047260000000000002 0.0047609999999999996 0.0047170000000000007 0.00087000000000000001 0.00087199999999999995 0.00086600000000000002 4.0719438268618218 4.0719438268618218 4.0719438268618218 8.6855427959626211e-08 8.6855427959626211e-08 8.6855427959626211e-08 1 1 1 Converged Converged Converged OK OK OK 93 93 93 93 93 93 3 3 3 0 0 0 0 1 0 0 1
115 115 uniform 3 23 28 3 9.9999999999999995e-08 1.9599718681909375 0.00076065753405687151 0.0004224285403319365 -1.4493501340201096 0.012593477790135487 -1.4492656483120432 0 1.4507553825025863 4.3550639323632137 OK 13 12 0.385847 0.24162800000000001 0.104811 0.27940100000000001 0.10664899999999999 0 0.10644599999999999 0.13497900000000002 0.104811 0.0081700000000000002 0.0082579999999999997 0.0077070000000000003 0.075410000000000019 0.10051999999999998 0.074913999999999994 0.004745000000000001 0.0046179999999999997 0.0046610000000000002 0.00088700000000000009 0.00090600000000000001 0.00086400000000000018 4.355063805661608 4.355063805661608 4.355063805661608 2.2849908672746981e-07 2.2849908672746981e-07 2.2849908672746981e-07 1 1 1 Converged Converged Converged OK OK OK 93 93 93 93 93 93 3 3 3 0 0 0 0 1 0 0 1
115 115 uniform 4 0 29 0 0.0001 1.9599718681909375 0.00076065753405687151 0.0004224285403319365 -1.4586918903687345 0.00086035486048768395 -1.4587763760768009 0 1.460266110267344 8.6460005264207673 OK 15 14 0.402806 0.41564600000000002 0.140877 0.259635 0.26461699999999999 0 0.14317099999999999 0.15102900000000002 0.140877 0.014399 0.015613 0.013721000000000001 0.099139999999999992 0.10456100000000002 0.098341000000000026 0.0054400000000000004 0.0055100000000000001 0.0052380000000000005 0.001155 0.001168 0.0011119999999999999 8.6460004666586663 8.6460004666586663 8.6460004666586663 0.00075002591871631101 0.00075002591871631101 0.00075002591871631101 1 1 1 Converged Converged Converged OK OK OK 107 107 107 107 107 107 5 5 5 0 0 0 0 0 1 0 0
115 115 uniform 4 7 29 1 0.0001 1.9599718681909375 0.00076065753405687151 0.0004224285403319365 -1.4586918903687345 0.00086035486048768395 -1.4587249499936301 0 1.4602146841841732 8.5422691870373075 OK 15 14 0.39502199999999998 0.25270599999999999 0.13508700000000001 0.25780500000000001 0.095419000000000004 0 0.13721699999999998 0.15728699999999998 0.13508700000000001 0.013471 0.014762000000000001 0.012893999999999999 0.097898999999999972 0.11628700000000004 0.097044999999999965 0.0054000000000000003 0.0054919999999999995 0.0052459999999999998 0.0011710000000000002 0.0011869999999999999 0.001116 8.5422691294769244 8.5422691294769244 8.5422691294769244 0.00074799170538089382 0.00074799170538089382 0.00074799170538089382 1 1 1 Converged Converged Converged OK OK OK 107 107 107 107 107 107 5 5 5 0 0 0 0 1 0 0 1
115 115 uniform 4 15 29 2 0.0001 1.9599718681909375 0.00076065753405687151 0.0004224285403319365 -1.4586918903687345 0.00086035486048768395 -1.458666177327149 0 1.4601559115176921 8.4286408120853569 OK 15 14 0.40384300000000001 0.25022299999999997 0.14072899999999999 0.26122800000000002 0.091701000000000005 0 0.14261499999999999 0.15852199999999997 0.14072899999999999 0.013282 0.01474 0.017401 0.10279700000000001 0.11687700000000008 0.097881999999999983 0.0054199999999999995 0.0054169999999999999 0.0053889999999999997 0.0011799999999999998 0.00117 0.001132 8.4286407565148025 8.4286407565148025 8.4286407565148025 0.0007457347448977925 0.0007457347448977925 0.0007457347448977925 1 1 1 Converged Converged Converged OK OK OK 107 107 107 107 107 107 5 5 5 0 0 0 0 1 0 0 1
115 115 uniform 4 23 29 3 0.0001 1.9599718681909375 0.00076065753405687151 0.0004224285403319365 -1.4586918903687345 0.00086035486048768395 -1.4586074046606681 0 1.4600971388512112 8.3198599887984734 OK 15 14 0.40942499999999998 0.23858499999999999 0.13689699999999999 0.26177699999999998 0.084206000000000003 0 0.147648 0.15437899999999999 0.13689699999999999 0.014626999999999999 0.013606 0.012853 0.10640000000000004 0.11501800000000002 0.09862700000000002 0.0055410000000000008 0.0053650000000000008 0.0053879999999999996 0.001214 0.001129 0.0011139999999999998 8.3198599345089139 8.3198599345089139 8.3198599345089139 0.0007435560532773678 0.0007435560532773678 0.0007435560532773678 1 1 1 Converged Converged Converged OK OK OK 107 107 107 107 107 107 5 5 5 0 0 0 0 1 0 0 1
115 115 uniform 4 0 29 0 1.0000000000000001e-05 1.9599718681909375 0.00076065753405687151 0.0004224285403319365 -1.4586918903687345 0.00086035486048768395 -1.4587763760768009 0 1.460266110267344 8.6460005264207673 OK 15 14 0.43574200000000002 0.44010100000000002 0.17512800000000001 0.25948599999999999 0.26364399999999999 0 0.17625600000000002 0.17645700000000003 0.17512800000000001 0.014045999999999999 0.014031999999999999 0.013705999999999999 0.12510900000000005 0.12567900000000001 0.12495299999999999 0.0071369999999999984 0.0070330000000000002 0.0069069999999999999 0.0013979999999999999 0.0013940000000000001 0.0013780000000000001 8.6460004664914241 8.6460004664914241 8.6460004664914241 2.6062587131104882e-05 2.6062587131104882e-05 2.6062587131104882e-05 1 1 1 Converged Converged Converged OK OK OK 139 139 139 139 139 139 5 5 5 0 0 0 0 0 1 0 0
115 115 uniform 4 7 29 1 1.0000000000000001e-05 1.9599718681909375 0.00076065753405687151 0.0004224285403319365 -1.4586918903687345 0.00086035486048768395 -1.4587249499936301 0 1.4602146841841732 8.5422691870373075 OK 15 14 0.430504 0.27773900000000001 0.169626 0.25954500000000003 0.085726999999999998 0 0.17095899999999997 0.19201200000000002 0.169626 0.013342 0.013375 0.01285 0.124128 0.14513200000000001 0.12361699999999999 0.006961000000000001 0.0069619999999999994 0.0069050000000000005 0.0013830000000000001 0.0013940000000000001 0.0013709999999999998 8.5422691293108262 8.5422691293108262 8.5422691293108262 2.5887719178653805e-05 2.5887719178653805e-05 2.5887719178653805e-05 1 1 1 Converged Converged Converged OK OK OK 139 139 139 139 139 139 5 5 5 0 0 0 0 1 0 0 1
115 115 uniform 4 15 29 2 1.0000000000000001e-05 1.9599718681909375 0.00076065753405687151 0.0004224285403319365 -1.4586918903687345 0.00086035486048768395 -1.458666177327149 0 1.4601559115176921 8.4286408120853569 OK 15 14 0.43599599999999999 0.27683600000000003 0.170212 0.26409100000000002 0.084007999999999999 0 0.17190499999999997 0.19282800000000003 0.170212 0.013315 0.013518000000000001 0.012898 0.12475500000000007 0.14560800000000004 0.123927 0.0070010000000000003 0.0070079999999999995 0.0070099999999999989 0.0014129999999999998 0.0013979999999999997 0.0013690000000000002 8.4286407563497683 8.4286407563497683 8.4286407563497683 2.5725666939301185e-05 2.5725666939301185e-05 2.5725666939301185e-05 1 1 1 Converged Converged Converged OK OK OK 139 139 139 139 139 139 5 5 5 0 0 0 0 1 0 0 1
115 115 uniform 4 23 29 3 1.0000000000000001e-05 1.9599718681909375 0.00076065753405687151 0.0004224285403319365 -1.4586918903687345 0.00086035486048768395 -1.4586074046606681 0 1.4600971388512112 8.3198599887984734 OK 15 14 0.42939500000000003 0.28081400000000001 0.16970499999999999 0.25779099999999999 0.083862999999999993 0 0.17160400000000003 0.19695100000000001 0.16970499999999999 0.01328 0.013445 0.012791 0.12474800000000001 0.14964200000000002 0.12385199999999999 0.0069179999999999997 0.0070470000000000012 0.0068710000000000004 0.0014050000000000002 0.0013969999999999998 0.0013790000000000002 8.3198599343450326 8.3198599343450326 8.3198599343450326 2.5610005579599954e-05 2.5610005579599954e-05 2.5610005579599954e-05 1 1 1 Converged Converged Converged OK OK OK 139 139 139 139 139 139 5 5 5 0 0 0 0 1 0 0 1
115 115 uniform 4 0 29 0 9.9999999999999995e-07 1.9599718681909375 0.00076065753405687151 0.0004224285403319365 -1.4586918903687345 0.00086035486048768395 -1.4587763760768009 0 1.460266110267344 8.6460005264207673 OK 15 14 0.45224799999999998 0.449768 0.19468299999999999 0.25769399999999998 0.25883 0 0.194554 0.190938 0.19468299999999999 0.016816000000000001 0.014274 0.013971000000000001 0.136632 0.13576199999999997 0.13979599999999995 0.007757 0.0079039999999999996 0.0078299999999999984 0.0015580000000000001 0.0015339999999999996 0.001536 8.6460004664918664 8.6460004664918664 8.6460004664918664 9.3670147645572196e-07 9.3670147645572196e-07 9.3670147645572196e-07 1 1 1 Converged Converged Converged OK OK OK 155 155 155 155 155 155 5 5 5 0 0 0 0 0 1 0 0
115 115 uniform 4 7 29 1 9.9999999999999995e-07 1.9599718681909375 0.00076065753405687151 0.0004224285403319365 -1.4586918903687345 0.00086035486048768395 -1.4587249499936301 0 1.4602146841841732 8.5422691870373075 OK 15 14 0.44445200000000001 0.30429800000000001 0.18479899999999999 0.25796400000000003 0.088669999999999999 0 0.18648799999999999 0.21562800000000001 0.18479899999999999 0.013363 0.01342 0.012828000000000001 0.13545799999999997 0.16421900000000003 0.13470899999999997 0.007744 0.0077950000000000007 0.0078130000000000005 0.0015369999999999997 0.0015409999999999998 0.001508 8.5422691293111495 8.5422691293111495 8.5422691293111495 7.5959667126273839e-07 7.5959667126273839e-07 7.5959667126273839e-07 1 1 1 Converged Converged Converged OK OK OK 155 155 155 155 155 155 5 5 5 0 0 0 0 1 0 0 1
115 115 uniform 4 15 29 2 9.9999999999999995e-07 1.9599718681909375 0.00076065753405687151 0.0004224285403319365 -1.4586918903687345 0.00086035486048768395 -1.458666177327149 0 1.4601559115176921 8.4286408120853569 OK 15 14 0.449237 0.302091 0.184972 0.257884 0.085747000000000004 0 0.191353 0.21634399999999998 0.184972 0.013362000000000001 0.013465 0.012881999999999999 0.14016100000000001 0.164969 0.13470500000000002 0.0078309999999999994 0.0078480000000000008 0.0078270000000000006 0.001536 0.0015290000000000002 0.0015059999999999997 8.4286407563502923 8.4286407563502923 8.4286407563502923 5.9498839096650815e-07 5.9498839096650815e-07 5.9498839096650815e-07 1 1 1 Converged Converged Converged OK OK OK 155 155 155 155 155 155 5 5 5 0 0 0 0 1 0 0 1
115 115 uniform 4 23 29 3 9.9999999999999995e-07 1.9599718681909375 0.00076065753405687151 0.0004224285403319365 -1.4586918903687345 0.00086035486048768395 -1.4586074046606681 0 1.4600971388512112 8.3198599887984734 OK 15 14 0.44324200000000002 0.301541 0.184415 0.25675100000000001 0.085681999999999994 0 0.18649100000000002 0.21585900000000002 0.184415 0.013302 0.013368 0.012854000000000001 0.13537000000000002 0.16479299999999997 0.13431599999999996 0.0077849999999999994 0.0077599999999999995 0.0078239999999999994 0.0015150000000000001 0.001539 0.0015120000000000001 8.3198599343454944 8.3198599343454944 8.3198599343454944 4.7676964249403692e-07 4.7676964249403692e-07 4.7676964249403692e-07 1 1 1 Converged Converged Converged OK OK OK 155 155 155 155 155 155 5 5 5 0 0 0 0 1 0 0 1
115 115 uniform 4 0 29 0 9.9999999999999995e-08 1.9599718681909375 0.00076065753405687151 0.0004224285403319365 -1.4586918903687345 0.00086035486048768395 -1.4587763760768009 0 1.460266110267344 8.6460005264207673 OK 15 14 0.49759700000000001 0.51302700000000001 0.23617199999999999 0.26001000000000002 0.265463 0 0.23758699999999999 0.24756400000000001 0.23617199999999999 0.014225 0.015533999999999999 0.013833 0.16966899999999993 0.17643 0.16919499999999993 0.010688 0.011184000000000001 0.010512000000000001 0.0016930000000000001 0.0017359999999999999 0.0016610000000000001 8.6460004664913832 8.6460004664913832 8.6460004664913832 7.2306540265676302e-09 7.2306540265676302e-09 7.2306540265676302e-09 1 1 1 Converged Converged Converged OK OK OK 187 187 187 187 187 187 5 5 5 0 0 0 0 0 1 0 0
115 115 uniform 4 7 29 1 9.9999999999999995e-08 1.9599718681909375 0.00076065753405687151 0.0004224285403319365 -1.4586918903687345 0.00086035486048768395 -1.4587249499936301 0 1.4602146841841732 8.5422691870373075 OK 15 14 0.44479299999999999 0.31478899999999999 0.18415799999999999 0.25785799999999998 0.092011999999999997 0 0.18693500000000002 0.222777 0.18415799999999999 0.013554999999999999 0.014591 0.012973 0.13543900000000003 0.16928200000000004 0.134182 0.0079649999999999999 0.0080179999999999991 0.007712000000000001 0.0015790000000000001 0.001557 0.001477 8.5422691293111495 8.5422691293111495 8.5422691293111495 7.5959667126273839e-07 7.5959667126273839e-07 7.5959667126273839e-07 1 1 1 Converged Converged Converged OK OK OK 155 155 155 155 155 155 5 5 5 0 0 0 0 1 0 0 1
115 115 uniform 4 15 29 2 9.9999999999999995e-08 1.9599718681909375 0.00076065753405687151 0.0004224285403319365 -1.4586918903687345 0.00086035486048768395 -1.458666177327149 0 1.4601559115176921 8.4286408120853569 OK 15 14 0.45083899999999999 0.31340200000000001 0.18495800000000001 0.25837900000000003 0.091014999999999999 0 0.19245999999999996 0.222387 0.18495800000000001 0.013545 0.014803 0.012932000000000001 0.13608800000000004 0.16880400000000001 0.13481999999999991 0.0078989999999999998 0.0080029999999999997 0.0077829999999999991 0.0015270000000000001 0.0015509999999999999 0.0014869999999999998 8.4286407563502923 8.4286407563502923 8.4286407563502923 5.9498839096650815e-07 5.9498839096650815e-07 5.9498839096650815e-07 1 1 1 Converged Converged Converged OK OK OK 155 155 155 155 155 155 5 5 5 0 0 0 0 1 0 0 1
115 115 uniform 4 23 29 3 9.9999999999999995e-08 1.9599718681909375 0.00076065753405687151 0.0004224285403319365 -1.4586918903687345 0.00086035486048768395 -1.4586074046606681 0 1.4600971388512112 8.3198599887984734 OK 15 14 0.45248500000000003 0.30742799999999998 0.184671 0.26012800000000003 0.088523000000000004 0 0.192357 0.21890499999999996 0.184671 0.014674 0.013332 0.01281 0.13873199999999994 0.16680000000000003 0.13464200000000001 0.0081790000000000005 0.0077879999999999998 0.0077729999999999995 0.0015459999999999996 0.001565 0.0014949999999999998 8.3198599343454944 8.3198599343454944 8.3198599343454944 4.7676964249403692e-07 4.7676964249403692e-07 4.7676964249403692e-07 1 1 1 Converged Converged Converged OK OK OK 155 155 155 155 155 155 5 5 5 0 0 0 0 1 0 0 1
143 143 linear 0 0 30 0 0.0001 0.41270856575091047 0.0009681368609995699 0.00050301652727690401 2.0075060939870912 -0.13763693780860922 2.0074054906816357 0.5 -2.0070063187593337 3.0153275413133347 OK 13 12 0.81042499999999995 0.82502799999999998 0.174701 0.63278999999999996 0.64302499999999996 0 0.17763499999999999 0.18200300000000003 0.174701 0.022630999999999998 0.023864 0.021389999999999999 0.13147799999999996 0.13446900000000001 0.13034999999999997 0.0052729999999999999 0.0054159999999999998 0.0051660000000000005 0.001273 0.0012330000000000002 0.001271 3.0153340877023651 3.0153340877023651 3.0153340877023651 0.00028607653066307085 0.00028607653066307085 0.00028607653066307085 1 1 1 Converged Converged Converged OK OK OK 114 114 114 114 114 114 6 6 6 0 0 0 0 0 1 0 0
143 143 linear 0 7 30 1 0.0001 0.41270856575091047 0.0009681368609995699 0.00050301652727690401 2.0075060939870912 -0.13763693780860922 2.007466727476261 0.5 -2.007067555553959 2.889802790876943 OK 13 12 0.67995499999999998 0.53132900000000005 0.174512 0.50729800000000003 0.32838099999999998 0 0.17265699999999995 0.20294800000000007 0.174512 0.021743999999999999 0.022397 0.025413999999999999 0.13024900000000003 0.15970100000000001 0.12909000000000004 0.0050119999999999991 0.0051930000000000006 0.0049900000000000005 0.0012419999999999998 0.0012280000000000001 0.0011690000000000001 2.8898140798896064 2.8898140798896064 2.8898140798896064 0.00026616552947993739 0.00026616552947993739 0.00026616552947993739 1 1 1 Converged Converged Converged OK OK OK 114 114 114 114 114 114 6 6 6 0 0 0 0 1 0 0 1
143 143 linear 0 15 30 2 0.0001 0.41270856575091047 0.0009681368609995699 0.00050301652727690401 2.0075060939870912 -0.13763693780860922 2.0075367123844039 0.5 -2.0071375404621019 2.7364336624511072 OK 13 12 0.56059099999999995 0.41846899999999998 0.16859199999999999 0.38725500000000002 0.21676799999999999 0 0.17333599999999993 0.20170099999999999 0.16859199999999999 0.021627 0.021891000000000001 0.019767 0.13067400000000001 0.15899000000000005 0.12884500000000004 0.0053240000000000006 0.0051990000000000005 0.0050539999999999995 0.0012819999999999999 0.0012620000000000001 0.001181 2.7364390154659697 2.7364390154659697 2.7364390154659697 0.00024769164634610541 0.00024769164634610541 0.00024769164634610541 1 1 1 Converged Converged Converged OK OK OK 114 114 114 114 114 114 6 6 6 0 0 0 0 1 0 0 1
143 143 linear 0 23 30 3 0.0001 0.41270856575091047 0.0009681368609995699 0.00050301652727690401 2.0075060939870912 -0.13763693780860922 2.0076066972925468 0.5 -2.0072075253702448 2.5714731047696024 OK 13 12 0.710511 0.53261800000000004 0.16984199999999999 0.52837299999999998 0.33095400000000003 0 0.18213800000000002 0.20166400000000001 0.16984199999999999 0.022948 0.021999000000000001 0.019560999999999999 0.13743699999999995 0.15874599999999994 0.13021100000000002 0.0054199999999999995 0.00528 0.0050869999999999995 0.0013439999999999999 0.0012099999999999999 0.001194 2.5714710100380538 2.5714710100380538 2.5714710100380538 0.00023361143152109197 0.00023361143152109197 0.00023361143152109197 1 1 1 Converged Converged Converged OK OK OK 114 114 114 114 114 114 6 6 6 0 0 0 0 1 0 0 1
143 143 linear 0 0 30 0 1.0000000000000001e-05 0.41270856575091047 0.0009681368609995699 0.00050301652727690401 2.0075060939870912 -0.13763693780860922 2.0074054906816357 0.5 -2.0070063187593337 3.0153275413133347 OK 13 12 0.84808099999999997 0.88017199999999995 0.220919 0.62978599999999996 0.63915299999999997 0 0.21829500000000002 0.24101899999999998 0.220919 0.022429000000000001 0.023494000000000001 0.025652999999999999 0.16446700000000009 0.18044800000000005 0.16379100000000008 0.0068140000000000006 0.0073559999999999997 0.0069509999999999997 0.0014870000000000003 0.0016180000000000001 0.001549 3.0153340921857095 3.0153340921857095 3.0153340921857095 7.9722091927576049e-06 7.9722091927576049e-06 7.9722091927576049e-06 1 1 1 Converged Converged Converged OK OK OK 146 146 146 146 146 146 6 6 6 0 0 0 0 0 1 0 0
143 143 linear 0 7 30 1 1.0000000000000001e-05 0.41270856575091047 0.0009681368609995699 0.00050301652727690401 2.0075060939870912 -0.13763693780860922 2.007466727476261 0.5 -2.007067555553959 2.889802790876943 OK 13 12 0.71650400000000003 0.59461399999999998 0.20843300000000001 0.50496600000000003 0.33256599999999997 0 0.211538 0.262048 0.20843300000000001 0.021461999999999998 0.022801999999999999 0.019751000000000001 0.16294600000000004 0.21036300000000011 0.16179699999999997 0.006796 0.0069169999999999995 0.0068789999999999997 0.0014779999999999999 0.0015430000000000001 0.0014520000000000002 2.8898140824488072 2.8898140824488072 2.8898140824488072 5.7918026105375882e-06 5.7918026105375882e-06 5.7918026105375882e-06 1 1 1 Converged Converged Converged OK OK OK 146 146 146 146 146 146 6 6 6 0 0 0 0 1 0 0 1
143 143 linear 0 15 30 2 1.0000000000000001e-05 0.41270856575091047 0.0009681368609995699 0.00050301652727690401 2.0075060939870912 -0.13763693780860922 2.0075367123844039 0.5 -2.0071375404621019 2.7364336624511072 OK 13 12 0.58078600000000002 0.44467600000000002 0.19082299999999999 0.38658599999999999 0.21979899999999999 0 0.19420000000000004 0.22487700000000002 0.19082299999999999 0.021153999999999999 0.021555000000000001 0.019595000000000001 0.14824699999999991 0.17903000000000008 0.14723500000000003 0.0061139999999999996 0.0058370000000000002 0.0058309999999999994 0.0013749999999999999 0.001403 0.001364 2.7364390156211194 2.7364390156211194 2.7364390156211194 2.0785947536187088e-05 2.0785947536187088e-05 2.0785947536187088e-05 1 1 1 Converged Converged Converged OK OK OK 130 130 130 130 130 130 6 6 6 0 0 0 0 1 0 0 1
143 143 linear 0 23 30 3 1.0000000000000001e-05 0.41270856575091047 0.0009681368609995699 0.00050301652727690401 2.0075060939870912 -0.13763693780860922 2.0076066972925468 0.5 -2.0072075253702448 2.5714731047696024 OK 13 12 0.70585299999999995 0.55554700000000001 0.19031500000000001 0.51200800000000002 0.33016099999999998 0 0.19384499999999993 0.22538600000000003 0.19031500000000001 0.02146 0.022282 0.019439999999999999 0.14797100000000013 0.17806400000000003 0.14687500000000006 0.0058369999999999993 0.0062580000000000005 0.0058349999999999999 0.001389 0.0013670000000000002 0.0013649999999999999 2.5714710101837674 2.5714710101837674 2.5714710101837674 1.3830927038383614e-05 1.3830927038383614e-05 1.3830927038383614e-05 1 1 1 Converged Converged Converged OK OK OK 130 130 130 130 130 130 6 6 6 0 0 0 0 1 0 0 1
143 143 linear 0 0 30 0 9.9999999999999995e-07 0.41270856575091047 0.0009681368609995699 0.00050301652727690401 2.0075060939870912 -0.13763693780860922 2.0074054906816357 0.5 -2.0070063187593337 3.0153275413133347 OK 13 12 0.87447600000000003 0.87348300000000001 0.237233 0.63354299999999997 0.63443099999999997 0 0.24093300000000006 0.23905200000000004 0.237233 0.022790999999999999 0.022547999999999999 0.021499000000000001 0.182648 0.182167 0.18136500000000005 0.0083899999999999999 0.008013000000000001 0.0080149999999999996 0.0018050000000000002 0.0016540000000000001 0.0016810000000000002 3.0153340921318259 3.0153340921318259 3.0153340921318259 2.4373782311174094e-06 2.4373782311174094e-06 2.4373782311174094e-06 1 1 1 Converged Converged Converged OK OK OK 162 162 162 162 162 162 6 6 6 0 0 0 0 0 1 0 0
143 143 linear 0 7 30 1 9.9999999999999995e-07 0.41270856575091047 0.0009681368609995699 0.00050301652727690401 2.0075060939870912 -0.13763693780860922 2.007466727476261 0.5 -2.007067555553959 2.889802790876943 OK 13 12 0.76040099999999999 0.61481799999999998 0.24714800000000001 0.50504899999999997 0.32810099999999998 0 0.25535200000000002 0.286717 0.24714800000000001 0.025588 0.021735999999999998 0.020005999999999999 0.1954850000000001 0.23159600000000011 0.19378000000000006 0.0096089999999999995 0.0093039999999999998 0.0094640000000000002 0.0016270000000000002 0.001593 0.0015399999999999999 2.8898140822426139 2.8898140822426139 2.8898140822426139 2.4566037723707523e-06 2.4566037723707523e-06 2.4566037723707523e-06 1 1 1 Converged Converged Converged OK OK OK 178 178 178 178 178 178 6 6 6 0 0 0 0 1 0 0 1
143 143 linear 0 15 30 2 9.9999999999999995e-07 0.41270856575091047 0.0009681368609995699 0.00050301652727690401 2.0075060939870912 -0.13763693780860922 2.0075367123844039 0.5 -2.0071375404621019 2.7364336624511072 OK 13 12 0.63987300000000003 0.50108399999999997 0.247645 0.38774599999999998 0.21130599999999999 0 0.25212700000000005 0.28977799999999998 0.247645 0.021571 0.022037000000000001 0.019675000000000002 0.1963389999999999 0.23291599999999993 0.19506600000000004 0.0096340000000000002 0.009887 0.0091070000000000005 0.0016440000000000003 0.0017279999999999999 0.0016299999999999999 2.7364390222493622 2.7364390222493622 2.7364390222493622 8.0287882670369234e-07 8.0287882670369234e-07 8.0287882670369234e-07 1 1 1 Converged Converged Converged OK OK OK 178 178 178 178 178 178 6 6 6 0 0 0 0 1 0 0 1
143 143 linear 0 23 30 3 9.9999999999999995e-07 0.41270856575091047 0.0009681368609995699 0.00050301652727690401 2.0075060939870912 -0.13763693780860922 2.0076066972925468 0.5 -2.0072075253702448 2.5714731047696024 OK 13 12 0.76343799999999995 0.62080100000000005 0.25197000000000003 0.51176900000000003 0.33210800000000001 0 0.25166899999999992 0.28869300000000003 0.25197000000000003 0.021527999999999999 0.022013000000000001 0.024437 0.19596299999999997 0.23211100000000007 0.19428399999999987 0.0095390000000000006 0.0097500000000000017 0.0093449999999999991 0.0016309999999999999 0.0016850000000000003 0.0016759999999999998 2.5714710449361378 2.5714710449361378 2.5714710449361378 2.4138773723973109e-07 2.4138773723973109e-07 2.4138773723973109e-07 1 1 1 Converged Converged Converged OK OK OK 178 178 178 178 178 178 6 6 6 0 0 0 0 1 0 0 1
143 143 linear 0 0 30 0 9.9999999999999995e-08 0.41270856575091047 0.0009681368609995699 0.00050301652727690401 2.0075060939870912 -0.13763693780860922 2.0074054906816357 0.5 -2.0070063187593337 3.0153275413133347 OK 13 12 0.91451400000000005 0.90863799999999995 0.28567700000000001 0.63281100000000001 0.62968800000000003 0 0.28170300000000004 0.27894999999999992 0.28567700000000001 0.022623000000000001 0.022408000000000001 0.021294 0.21775200000000014 0.21601300000000001 0.22072699999999998 0.010513 0.010111999999999999 0.011145 0.001885 0.00182 0.0018199999999999998 3.015334092095046 3.015334092095046 3.015334092095046 2.1548258059812969e-08 2.1548258059812969e-08 2.1548258059812969e-08 1 1 1 Converged Converged Converged OK OK OK 194 194 194 194 194 194 6 6 6 0 0 0 0 0 1 0 0
143 143 linear 0 7 30 1 9.9999999999999995e-08 0.41270856575091047 0.0009681368609995699 0.00050301652727690401 2.0075060939870912 -0.13763693780860922 2.007466727476261 0.5 -2.007067555553959 2.889802790876943 OK 13 12 0.77824800000000005 0.63176500000000002 0.27515400000000001 0.50755700000000004 0.32617099999999999 0 0.27069100000000001 0.30559400000000003 0.27515400000000001 0.021812999999999999 0.021748 0.019727999999999999 0.21215200000000001 0.24775799999999995 0.21928299999999995 0.010298 0.010170999999999999 0.010073 0.0017439999999999999 0.00174 0.001769 2.8898140822388338 2.8898140822388338 2.8898140822388338 1.0661232865113858e-08 1.0661232865113858e-08 1.0661232865113858e-08 1 1 1 Converged Converged Converged OK OK OK 194 194 194 194 194 194 6 6 6 0 0 0 0 1 0 0 1
143 143 linear 0 15 30 2 9.9999999999999995e-08 0.41270856575091047 0.0009681368609995699 0.00050301652727690401 2.0075060939870912 -0.13763693780860922 2.0075367123844039 0.5 -2.0071375404621019 2.7364336624511072 OK 13 12 0.66285000000000005 0.51956400000000003 0.27731499999999998 0.39128099999999999 0.21306800000000001 0 0.27156900000000006 0.30649599999999999 0.27731499999999998 0.021656999999999999 0.021721000000000001 0.020799999999999999 0.21362500000000004 0.249163 0.22032700000000016 0.010071999999999999 0.0099480000000000002 0.010031999999999999 0.0018140000000000001 0.0017980000000000001 0.001755 2.7364390222503823 2.7364390222503823 2.7364390222503823 2.7758811637912924e-08 2.7758811637912924e-08 2.7758811637912924e-08 1 1 1 Converged Converged Converged OK OK OK 194 194 194 194 194 194 6 6 6 0 0 0 0 1 0 0 1
143 143 linear 0 23 30 3 9.9999999999999995e-08 0.41270856575091047 0.0009681368609995699 0.00050301652727690401 2.0075060939870912 -0.13763693780860922 2.0076066972925468 0.5 -2.0072075253702448 2.5714731047696024 OK 13 12 0.761741 0.617475 0.25883400000000001 0.51125100000000001 0.32927800000000002 0 0.25048999999999999 0.28819699999999998 0.25883400000000001 0.021575 0.021767000000000002 0.020740000000000001 0.19511399999999982 0.23312700000000011 0.20321199999999992 0.0093389999999999983 0.009103 0.0092529999999999991 0.0016320000000000002 0.0016720000000000003 0.0020309999999999998 2.5714710449361378 2.5714710449361378 2.5714710449361378 2.4138773723973109e-07 2.4138773723973109e-07 2.4138773723973109e-07 1 1 1 Converged Converged Converged OK OK OK 178 178 178 178 178 178 6 6 6 0 0 0 0 1 0 0 1
143 143 linear 1 0 31 0 0.0001 0.41270856575091047 0.0009681368609995699 0.00050301652727690401 2.0049529724172559 -0.13728338794617442 2.0048523691118003 0.5 -2.0044531971894983 2.4817392766632391 OK 13 12 0.625197 0.60239399999999999 0.16913400000000001 0.43665199999999998 0.43050899999999998 0 0.18854500000000002 0.17188500000000001 0.16913400000000001 0.024174999999999999 0.022561999999999999 0.02112 0.13953199999999993 0.12592900000000001 0.12502099999999997 0.0053140000000000001 0.0049239999999999996 0.0048430000000000001 0.001245 0.0011610000000000001 0.0011749999999999998 2.4817437559968711 2.4817437559968711 2.4817437559968711 0.0001967727389152296 0.0001967727389152296 0.0001967727389152296 1 1 1 Converged Converged Converged OK OK OK 106 106 106 106 106 106 6 6 6 0 0 0 0 0 1 0 0
143 143 linear 1 7 31 1 0.0001 0.41270856575091047 0.0009681368609995699 0.00050301652727690401 2.0049529724172559 -0.13728338794617442 2.0049136059064256 0.5 -2.0045144339841237 2.6105304997162118 OK 13 12 0.69265900000000002 0.53363099999999997 0.172435 0.51055200000000001 0.32680599999999999 0 0.18210700000000002 0.20682499999999998 0.172435 0.023279000000000001 0.021562999999999999 0.019747000000000001 0.13579599999999997 0.16322799999999998 0.13118500000000008 0.0054029999999999998 0.005131000000000001 0.0051270000000000005 0.0013700000000000001 0.0013190000000000001 0.0012819999999999997 2.6105382544728277 2.6105382544728277 2.6105382544728277 0.00013382238567035879 0.00013382238567035879 0.00013382238567035879 1 1 1 Converged Converged Converged OK OK OK 114 114 114 114 114 114 6 6 6 0 0 0 0 1 0 0 1
143 143 linear 1 15 31 2 0.0001 0.41270856575091047 0.0009681368609995699 0.00050301652727690401 2.0049529724172559 -0.13728338794617442 2.0049835908145686 0.5 -2.0045844188922666 2.7525447541846844 OK 13 12 0.60565500000000005 0.44883800000000001 0.172683 0.42858800000000002 0.243612 0 0.17706700000000003 0.20522600000000002 0.172683 0.021576999999999999 0.021600000000000001 0.019522999999999999 0.13284300000000002 0.16178399999999993 0.13160500000000003 0.0054229999999999999 0.0052220000000000001 0.0052529999999999999 0.0014199999999999998 0.0013729999999999999 0.001343 2.7525590545125418 2.7525590545125418 2.7525590545125418 0.00012235095420756566 0.00012235095420756566 0.00012235095420756566 1 1 1 Converged Converged Converged OK OK OK 114 114 114 114 114 114 6 6 6 0 0 0 0 1 0 0 1
143 143 linear 1 23 31 3 0.0001 0.41270856575091047 0.0009681368609995699 0.00050301652727690401 2.0049529724172559 -0.13728338794617442 2.0050535757227115 0.5 -2.0046544038004095 2.888058795676375 OK 13 12 0.68779599999999996 0.53599699999999995 0.172261 0.50461100000000003 0.33069300000000001 0 0.18318499999999993 0.20530399999999993 0.172261 0.021458999999999999 0.021708000000000002 0.019685000000000001 0.13912599999999994 0.16126600000000002 0.13095999999999997 0.0051859999999999988 0.0053 0.005144000000000001 0.0013259999999999999 0.0013870000000000002 0.0013349999999999998 2.888078370232229 2.888078370232229 2.888078370232229 0.00011368925576101451 0.00011368925576101451 0.00011368925576101451 1 1 1 Converged Converged Converged OK OK OK 114 114 114 114 114 114 6 6 6 0 0 0 0 1 0 0 1
143 143 linear 1 0 31 0 1.0000000000000001e-05 0.41270856575091047 0.0009681368609995699 0.00050301652727690401 2.0049529724172559 -0.13728338794617442 2.0048523691118003 0.5 -2.0044531971894983 2.4817392766632391 OK 13 12 0.63301099999999999 0.63262600000000002 0.19873199999999999 0.43210300000000001 0.43230800000000003 0 0.20090799999999998 0.200318 0.19873199999999999 0.022172999999999998 0.022296 0.021336000000000001 0.152084 0.15147499999999997 0.15089700000000006 0.005829 0.005791000000000001 0.0060500000000000007 0.0014390000000000002 0.001407 0.0014409999999999998 2.4817438154570537 2.4817438154570537 2.4817438154570537 1.1221323308455982e-05 1.1221323308455982e-05 1.1221323308455982e-05 1 1 1 Converged Converged Converged OK OK OK 130 130 130 130 130 130 6 6 6 0 0 0 0 0 1 0 0
143 143 linear 1 7 31 1 1.0000000000000001e-05 0.41270856575091047 0.0009681368609995699 0.00050301652727690401 2.0049529724172559 -0.13728338794617442 2.0049136059064256 0.5 -2.0045144339841237 2.6105304997162118 OK 13 12 0.70121500000000003 0.55415499999999995 0.19057199999999999 0.50286500000000001 0.326349 0 0.19835000000000003 0.22780599999999995 0.19057199999999999 0.021243000000000001 0.021795999999999999 0.019528 0.15211599999999997 0.18099400000000007 0.14723800000000001 0.0059680000000000002 0.0061929999999999997 0.0057680000000000006 0.001495 0.0015249999999999999 0.0013849999999999999 2.6105382958194272 2.6105382958194272 2.6105382958194272 5.4078981399925715e-06 5.4078981399925715e-06 5.4078981399925715e-06 1 1 1 Converged Converged Converged OK OK OK 130 130 130 130 130 130 6 6 6 0 0 0 0 1 0 0 1
143 143 linear 1 15 31 2 1.0000000000000001e-05 0.41270856575091047 0.0009681368609995699 0.00050301652727690401 2.0049529724172559 -0.13728338794617442 2.0049835908145686 0.5 -2.0045844188922666 2.7525447541846844 OK 13 12 0.63675000000000004 0.47626600000000002 0.196684 0.43363299999999999 0.245585 0 0.20311700000000005 0.23068100000000002 0.196684 0.022693000000000001 0.021699 0.019598000000000001 0.15529999999999997 0.18009100000000008 0.15301100000000001 0.0061870000000000007 0.010018000000000001 0.0059860000000000009 0.0015570000000000002 0.0016119999999999999 0.0014989999999999999 2.7525590819486756 2.7525590819486756 2.7525590819486756 3.3690445491913557e-06 3.3690445491913557e-06 3.3690445491913557e-06 1 1 1 Converged Converged Converged OK OK OK 130 130 130 130 130 130 6 6 6 0 0 0 0 1 0 0 1
143 143 linear 1 23 31 3 1.0000000000000001e-05 0.41270856575091047 0.0009681368609995699 0.00050301652727690401 2.0049529724172559 -0.13728338794617442 2.0050535757227115 0.5 -2.0046544038004095 2.888058795676375 OK 13 12 0.71682699999999999 0.552064 0.19117500000000001 0.51652200000000004 0.32543499999999997 0 0.20030499999999996 0.22662900000000002 0.19117500000000001 0.022594 0.021679 0.019299 0.15243100000000001 0.17993599999999996 0.14760599999999996 0.0061210000000000006 0.0060819999999999989 0.0060280000000000004 0.001521 0.001619 0.001562 2.8880783886391672 2.8880783886391672 2.8880783886391672 2.9518648616297694e-06 2.9518648616297694e-06 2.9518648616297694e-06 1 1 1 Converged Converged Converged OK OK OK 130 130 130 130 130 130 6 6 6 0 0 0 0 1 0 0 1
143 143 linear 1 0 31 0 9.9999999999999995e-07 0.41270856575091047 0.0009681368609995699 0.00050301652727690401 2.0049529724172559 -0.13728338794617442 2.0048523691118003 0.5 -2.0044531971894983 2.4817392766632391 OK 13 12 0.64896100000000001 0.66733699999999996 0.218531 0.42890099999999998 0.44140800000000002 0 0.22006000000000003 0.22592899999999994 0.218531 0.022086999999999999 0.023467999999999999 0.021155 0.16678300000000001 0.17086700000000002 0.16629400000000003 0.0066690000000000004 0.0068859999999999998 0.0069729999999999992 0.001609 0.0017080000000000001 0.0016640000000000003 2.4817438135189778 2.4817438135189778 2.4817438135189778 5.5400338637476836e-07 5.5400338637476836e-07 5.5400338637476836e-07 1 1 1 Converged Converged Converged OK OK OK 146 146 146 146 146 146 6 6 6 0 0 0 0 0 1 0 0
143 143 linear 1 7 31 1 9.9999999999999995e-07 0.41270856575091047 0.0009681368609995699 0.00050301652727690401 2.0049529724172559 -0.13728338794617442 2.0049136059064256 0.5 -2.0045144339841237 2.6105304997162118 OK 13 12 0.71821400000000002 0.58333299999999999 0.20921400000000001 0.50643400000000005 0.33044800000000002 0 0.21177999999999997 0.25288499999999997 0.20921400000000001 0.021392999999999999 0.027470999999999999 0.019705 0.16378499999999993 0.19812899999999989 0.16297299999999992 0.0065330000000000006 0.0066720000000000008 0.006914 0.001555 0.0015690000000000001 0.0015819999999999999 2.61053829546058 2.61053829546058 2.61053829546058 2.2752418038640074e-07 2.2752418038640074e-07 2.2752418038640074e-07 1 1 1 Converged Converged Converged OK OK OK 146 146 146 146 146 146 6 6 6 0 0 0 0 1 0 0 1
143 143 linear 1 15 31 2 9.9999999999999995e-07 0.41270856575091047 0.0009681368609995699 0.00050301652727690401 2.0049529724172559 -0.13728338794617442 2.0049835908145686 0.5 -2.0045844188922666 2.7525447541846844 OK 13 12 0.63667300000000004 0.48675600000000002 0.210036 0.42376799999999998 0.24315000000000001 0 0.21290500000000007 0.24360600000000002 0.210036 0.021427999999999999 0.021333000000000001 0.019657999999999998 0.16475700000000001 0.19565599999999997 0.16381100000000001 0.0066449999999999999 0.0068139999999999997 0.0068989999999999998 0.001598 0.0016200000000000001 0.0016189999999999998 2.7525590818384091 2.7525590818384091 2.7525590818384091 1.4832479182280202e-07 1.4832479182280202e-07 1.4832479182280202e-07 1 1 1 Converged Converged Converged OK OK OK 146 146 146 146 146 146 6 6 6 0 0 0 0 1 0 0 1
143 143 linear 1 23 31 3 9.9999999999999995e-07 0.41270856575091047 0.0009681368609995699 0.00050301652727690401 2.0049529724172559 -0.13728338794617442 2.0050535757227115 0.5 -2.0046544038004095 2.888058795676375 OK 13 12 0.72899499999999995 0.57503000000000004 0.21282799999999999 0.50863199999999997 0.330009 0 0.22036299999999998 0.24502100000000004 0.21282799999999999 0.022276000000000001 0.021625999999999999 0.019300999999999999 0.17066499999999993 0.19560199999999989 0.16708899999999993 0.0068250000000000003 0.0073309999999999998 0.0067279999999999996 0.0016640000000000001 0.001694 0.001624 2.8880783885617474 2.8880783885617474 2.8880783885617474 2.2020505119705841e-07 2.2020505119705841e-07 2.2020505119705841e-07 1 1 1 Converged Converged Converged OK OK OK 146 146 146 146 146 146 6 6 6 0 0 0 0 1 0 0 1
143 143 linear 1 0 31 0 9.9999999999999995e-08 0.41270856575091047 0.0009681368609995699 0.00050301652727690401 2.0049529724172559 -0.13728338794617442 2.0048523691118003 0.5 -2.0044531971894983 2.4817392766632391 OK 13 12 0.66157699999999997 0.66352599999999995 0.2283 0.43147000000000002 0.43427900000000003 0 0.23010699999999995 0.22924699999999992 0.2283 0.022415999999999998 0.022232999999999999 0.021187999999999999 0.17528099999999994 0.17498099999999991 0.17524099999999987 0.0070819999999999998 0.0069379999999999997 0.006990999999999999 0.0017479999999999998 0.0017189999999999998 0.0018130000000000002 2.4817438135146279 2.4817438135146279 2.4817438135146279 1.3306229366917163e-07 1.3306229366917163e-07 1.3306229366917163e-07 1 1 1 Converged Converged Converged OK OK OK 154 154 154 154 154 154 6 6 6 0 0 0 0 0 1 0 0
143 143 linear 1 7 31 1 9.9999999999999995e-08 0.41270856575091047 0.0009681368609995699 0.00050301652727690401 2.0049529724172559 -0.13728338794617442 2.0049136059064256 0.5 -2.0045144339841237 2.6105304997162118 OK 13 12 0.71877000000000002 0.57027300000000003 0.209509 0.50706200000000001 0.32335599999999998 0 0.21170800000000001 0.24691700000000005 0.209509 0.021378000000000001 0.021534999999999999 0.019807000000000002 0.16342500000000001 0.19878099999999999 0.163443 0.0066360000000000013 0.0066779999999999999 0.0066779999999999999 0.0016289999999999998 0.001671 0.0016540000000000001 2.61053829546058 2.61053829546058 2.61053829546058 2.2752418038640074e-07 2.2752418038640074e-07 2.2752418038640074e-07 1 1 1 Converged Converged Converged OK OK OK 146 146 146 146 146 146 6 6 6 0 0 0 0 1 0 0 1
143 143 linear 1 15 31 2 9.9999999999999995e-08 0.41270856575091047 0.0009681368609995699 0.00050301652727690401 2.0049529724172559 -0.13728338794617442 2.0049835908145686 0.5 -2.0045844188922666 2.7525447541846844 OK 13 12 0.64199600000000001 0.487591 0.21015900000000001 0.42444700000000002 0.24365000000000001 0 0.21754899999999999 0.24394099999999999 0.21015900000000001 0.021562000000000001 0.021402000000000001 0.019656 0.16916499999999998 0.19553799999999996 0.1643129999999999 0.0068339999999999998 0.0068329999999999997 0.0066699999999999997 0.0016820000000000001 0.0016750000000000003 0.0016150000000000001 2.7525590818384091 2.7525590818384091 2.7525590818384091 1.4832479182280202e-07 1.4832479182280202e-07 1.4832479182280202e-07 1 1 1 Converged Converged Converged OK OK OK 146 146 146 146 146 146 6 6 6 0 0 0 0 1 0 0 1
143 143 linear 1 23 31 3 9.9999999999999995e-08 0.41270856575091047 0.0009681368609995699 0.00050301652727690401 2.0049529724172559 -0.13728338794617442 2.0050535757227115 0.5 -2.0046544038004095 2.888058795676375 OK 13 12 0.71796700000000002 0.57298199999999999 0.213306 0.50601700000000005 0.32584999999999997 0 0.21194999999999997 0.24713200000000002 0.213306 0.021160000000000002 0.021381000000000001 0.019362999999999998 0.16406199999999999 0.19879099999999991 0.16744400000000007 0.0066440000000000015 0.0067969999999999992 0.0068070000000000006 0.0016100000000000001 0.001732 0.0016659999999999999 2.8880783885617474 2.8880783885617474 2.8880783885617474 2.2020505119705841e-07 2.2020505119705841e-07 2.2020505119705841e-07 1 1 1 Converged Converged Converged OK OK OK 146 146 146 146 146 146 6 6 6 0 0 0 0 1 0 0 1
143 143 linear 2 0 32 0 0.0001 0.41270856575091047 0.0009681368609995699 0.00050301652727690401 -0.00035119090745754057 0.00071279814977831242 -0.00045179421291292139 0.5 0.00085096613521478607 1043.411779842301 OK 13 12 0.32659300000000002 0.32788200000000001 0.097229999999999997 0.22803000000000001 0.22978100000000001 0 0.098563000000000012 0.098100999999999994 0.097229999999999997 0.010692999999999999 0.010543 0.010304000000000001 0.068696999999999966 0.06883000000000003 0.068309999999999968 0.004072000000000001 0.0039750000000000002 0.0038870000000000003 0.0007980000000000001 0.00079199999999999995 0.00077899999999999996 1043.411093012219 1043.411093012219 1043.411093012219 0.0057211722001666819 0.0057211722001666819 0.0057211722001666819 1 1 1 Converged Converged Converged OK OK OK 69 69 69 69 69 69 3 3 3 0 0 0 0 0 1 0 0
143 143 linear 2 7 32 1 0.0001 0.41270856575091047 0.0009681368609995699 0.00050301652727690401 -0.00035119090745754057 0.00071279814977831242 -0.00039055741828790695 0.5 0.00078972934058977153 1105.1498724017099 OK 13 12 0.34366099999999999 0.25914799999999999 0.111181 0.23109099999999999 0.069167000000000006 0 0.11257 0.18998099999999998 0.111181 0.0094769999999999993 0.0096270000000000001 0.0091800000000000007 0.080843999999999999 0.15834799999999999 0.080375000000000016 0.0046719999999999999 0.0045370000000000002 0.0044990000000000004 0.00097999999999999997 0.00099799999999999997 0.00098600000000000011 1105.1489143933552 1105.1489143933552 1105.1489143933552 0.0099027375009279467 0.0099027375009279467 0.0099027375009279467 1 1 1 Converged Converged Converged OK OK OK 84 84 84 84 84 84 4 4 4 0 0 0 0 1 0 0 1
143 143 linear 2 15 32 2 0.0001 0.41270856575091047 0.0009681368609995699 0.00050301652727690401 -0.00035119090745754057 0.00071279814977831242 -0.00032057251014503335 0.5 0.00071974443244689798 1195.5997272074901 OK 13 12 0.35112700000000002 0.25384000000000001 0.117064 0.23539399999999999 0.069736000000000006 0 0.11573300000000003 0.18410399999999999 0.117064 0.0094520000000000003 0.0095910000000000006 0.0090629999999999999 0.085045000000000037 0.15373900000000001 0.087569000000000008 0.0047360000000000006 0.0045499999999999994 0.0044320000000000002 0.001052 0.001036 0.00096900000000000003 1195.5980459500331 1195.5980459500331 1195.5980459500331 0.072355466754370212 0.072355466754370212 0.072355466754370212 1 1 1 Converged Converged Converged OK OK OK 84 84 84 84 84 84 4 4 4 0 0 0 0 1 0 0 1
143 143 linear 2 23 32 3 0.0001 0.41270856575091047 0.0009681368609995699 0.00050301652727690401 -0.00035119090745754057 0.00071279814977831242 -0.00025058760200215974 0.5 0.00064975952430402443 1364.7603318679808 OK 13 12 0.36829400000000001 0.28810999999999998 0.13029399999999999 0.23527200000000001 0.070453000000000002 0 0.133022 0.21765699999999999 0.13029399999999999 0.010125 0.010172 0.0095010000000000008 0.10260800000000002 0.18759200000000006 0.10129800000000005 0.0045880000000000001 0.0044720000000000003 0.0043569999999999998 0.00098700000000000003 0.00101 0.00095199999999999994 1364.7551887322898 1364.7551887322898 1364.7551887322898 0.0021487548297571112 0.0021487548297571112 0.0021487548297571112 1 1 1 Converged Converged Converged OK OK OK 91 91 91 91 91 91 5 5 5 0 0 0 0 1 0 0 1
143 143 linear 2 0 32 0 1.0000000000000001e-05 0.41270856575091047 0.0009681368609995699 0.00050301652727690401 -0.00035119090745754057 0.00071279814977831242 -0.00045179421291292139 0.5 0.00085096613521478607 1043.411779842301 OK 13 12 0.32457200000000003 0.32809899999999997 0.099743999999999999 0.22753399999999999 0.22758100000000001 0 0.097038000000000041 0.10051799999999997 0.099743999999999999 0.010442999999999999 0.010577 0.010233000000000001 0.068212999999999982 0.070316000000000004 0.071231999999999962 0.0036080000000000001 0.004019 0.003859 0.00076899999999999994 0.00076300000000000001 0.00079600000000000005 1043.411093012219 1043.411093012219 1043.411093012219 0.0057211722001666819 0.0057211722001666819 0.0057211722001666819 1 1 1 Converged Converged Converged OK OK OK 69 69 69 69 69 69 3 3 3 0 0 0 0 0 1 0 0
143 143 linear 2 7 32 1 1.0000000000000001e-05 0.41270856575091047 0.0009681368609995699 0.00050301652727690401 -0.00035119090745754057 0.00071279814977831242 -0.00039055741828790695 0.5 0.00078972934058977153 1105.1498724017099 OK 13 12 0.34279999999999999 0.25136900000000001 0.1111 0.230713 0.067635000000000001 0 0.11208699999999999 0.18373400000000001 0.1111 0.0094199999999999996 0.0095739999999999992 0.0091509999999999994 0.080746000000000012 0.152199 0.080464999999999967 0.0044150000000000005 0.0046670000000000001 0.0045320000000000004 0.00094700000000000003 0.00098400000000000007 0.00093999999999999997 1105.1489143933552 1105.1489143933552 1105.1489143933552 0.0099027375009279467 0.0099027375009279467 0.0099027375009279467 1 1 1 Converged Converged Converged OK OK OK 84 84 84 84 84 84 4 4 4 0 0 0 0 1 0 0 1
143 143 linear 2 15 32 2 1.0000000000000001e-05 0.41270856575091047 0.0009681368609995699 0.00050301652727690401 -0.00035119090745754057 0.00071279814977831242 -0.00032057251014503335 0.5 0.00071974443244689798 1195.5997272074901 OK 13 12 0.38000800000000001 0.30513099999999999 0.14286599999999999 0.236569 0.06855 0 0.14343900000000001 0.23658099999999999 0.14286599999999999 0.0093679999999999996 0.0095960000000000004 0.0091590000000000005 0.109305 0.20190799999999992 0.10916299999999997 0.0053959999999999998 0.0055319999999999996 0.0054159999999999998 0.0010910000000000002 0.0011820000000000001 0.001124 1195.5980460615917 1195.5980460615917 1195.5980460615917 0.0033114415688689511 0.0033114415688689511 0.0033114415688689511 1 1 1 Converged Converged Converged OK OK OK 100 100 100 100 100 100 4 4 4 0 0 0 0 1 0 0 1
143 143 linear 2 23 32 3 1.0000000000000001e-05 0.41270856575091047 0.0009681368609995699 0.00050301652727690401 -0.00035119090745754057 0.00071279814977831242 -0.00025058760200215974 0.5 0.00064975952430402443 1364.7603318679808 OK 13 12 0.36549599999999999 0.28811199999999998 0.130074 0.23458100000000001 0.069366999999999998 0 0.13091499999999998 0.21874499999999997 0.130074 0.010057999999999999 0.010050999999999999 0.0095060000000000006 0.10127800000000002 0.18829000000000004 0.10088199999999999 0.0042020000000000009 0.0046470000000000001 0.0044759999999999991 0.00096000000000000002 0.001078 0.0010019999999999999 1364.7551887322898 1364.7551887322898 1364.7551887322898 0.0021487548297571112 0.0021487548297571112 0.0021487548297571112 1 1 1 Converged Converged Converged OK OK OK 91 91 91 91 91 91 5 5 5 0 0 0 0 1 0 0 1
143 143 linear 2 0 32 0 9.9999999999999995e-07 0.41270856575091047 0.0009681368609995699 0.00050301652727690401 -0.00035119090745754057 0.00071279814977831242 -0.00045179421291292139 0.5 0.00085096613521478607 1043.411779842301 OK 13 12 0.36564999999999998 0.36805100000000002 0.13680600000000001 0.22703599999999999 0.23083300000000001 0 0.13861399999999999 0.13721800000000001 0.13680600000000001 0.010546 0.010352 0.010208 0.098470000000000016 0.097670000000000048 0.097654999999999992 0.006515 0.0063389999999999991 0.0063660000000000001 0.00093099999999999997 0.00098299999999999993 0.00092400000000000002 1043.4110935901579 1043.4110935901579 1043.4110935901579 2.7306473259256507e-05 2.7306473259256507e-05 2.7306473259256507e-05 1 1 1 Converged Converged Converged OK OK OK 101 101 101 101 101 101 3 3 3 0 0 0 0 0 1 0 0
143 143 linear 2 7 32 1 9.9999999999999995e-07 0.41270856575091047 0.0009681368609995699 0.00050301652727690401 -0.00035119090745754057 0.00071279814977831242 -0.00039055741828790695 0.5 0.00078972934058977153 1105.1498724017099 OK 13 12 0.41425699999999999 0.36238399999999998 0.17744699999999999 0.23060700000000001 0.068781999999999996 0 0.18364999999999998 0.29360199999999997 0.17744699999999999 0.0095040000000000003 0.0095080000000000008 0.0090600000000000003 0.1360060000000001 0.24945899999999999 0.13435800000000003 0.011264 0.0079769999999999997 0.0078580000000000004 0.0012719999999999999 0.001232 0.0012070000000000002 1105.1489145262822 1105.1489145262822 1105.1489145262822 5.4898055953354119e-06 5.4898055953354119e-06 5.4898055953354119e-06 1 1 1 Converged Converged Converged OK OK OK 132 132 132 132 132 132 4 4 4 0 0 0 0 1 0 0 1
143 143 linear 2 15 32 2 9.9999999999999995e-07 0.41270856575091047 0.0009681368609995699 0.00050301652727690401 -0.00035119090745754057 0.00071279814977831242 -0.00032057251014503335 0.5 0.00071974443244689798 1195.5997272074901 OK 13 12 0.41127599999999997 0.36273100000000003 0.176316 0.23288800000000001 0.069413000000000002 0 0.17838799999999996 0.29331800000000002 0.176316 0.0094570000000000001 0.0096209999999999993 0.0090240000000000008 0.13416800000000001 0.24900299999999997 0.13323999999999994 0.0081180000000000002 0.0081679999999999982 0.0078609999999999999 0.0013070000000000002 0.0013159999999999999 0.001279 1195.5980460303776 1195.5980460303776 1195.5980460303776 1.1045184785030199e-06 1.1045184785030199e-06 1.1045184785030199e-06 1 1 1 Converged Converged Converged OK OK OK 132 132 132 132 132 132 4 4 4 0 0 0 0 1 0 0 1
143 143 linear 2 23 32 3 9.9999999999999995e-07 0.41270856575091047 0.0009681368609995699 0.00050301652727690401 -0.00035119090745754057 0.00071279814977831242 -0.00025058760200215974 0.5 0.00064975952430402443 1364.7603318679808 OK 13 12 0.40338600000000002 0.35054400000000002 0.164385 0.23727300000000001 0.069883000000000001 0 0.16611300000000001 0.28066100000000005 0.164385 0.0098700000000000003 0.009979 0.0094780000000000003 0.12700900000000007 0.24116199999999993 0.12610199999999996 0.0067940000000000006 0.0068890000000000002 0.0067650000000000002 0.0011349999999999999 0.001157 0.00117 1364.7551887220632 1364.7551887220632 1364.7551887220632 0.00038050504618330697 0.00038050504618330697 0.00038050504618330697 1 1 1 Converged Converged Converged OK OK OK 123 123 123 123 123 123 5 5 5 0 0 0 0 1 0 0 1
143 143 linear 2 0 32 0 9.9999999999999995e-08 0.41270856575091047 0.0009681368609995699 0.00050301652727690401 -0.00035119090745754057 0.00071279814977831242 -0.00045179421291292139 0.5 0.00085096613521478607 1043.411779842301 OK 13 12 0.37368099999999999 0.38763599999999998 0.13730000000000001 0.23405500000000001 0.236597 0 0.13962599999999997 0.15103899999999998 0.13730000000000001 0.010723999999999999 0.011589 0.010212000000000001 0.098687000000000011 0.10815399999999994 0.098003999999999952 0.0066649999999999999 0.0067279999999999996 0.0063800000000000003 0.001008 0.00183 0.000968 1043.4110935901579 1043.4110935901579 1043.4110935901579 2.7306473259256507e-05 2.7306473259256507e-05 2.7306473259256507e-05 1 1 1 Converged Converged Converged OK OK OK 101 101 101 101 101 101 3 3 3 0 0 0 0 0 1 0 0
143 143 linear 2 7 32 1 9.9999999999999995e-08 0.41270856575091047 0.0009681368609995699 0.00050301652727690401 -0.00035119090745754057 0.00071279814977831242 -0.00039055741828790695 0.5 0.00078972934058977153 1105.1498724017099 OK 13 12 0.41167700000000002 0.378002 0.177756 0.23156299999999999 0.073436000000000001 0 0.18011400000000002 0.304566 0.177756 0.0095259999999999997 0.010707 0.0090910000000000001 0.13600800000000005 0.25862499999999999 0.13449499999999995 0.0078390000000000005 0.0079950000000000004 0.0077680000000000006 0.0011850000000000001 0.001204 0.0011690000000000001 1105.1489145262822 1105.1489145262822 1105.1489145262822 5.4898055953354119e-06 5.4898055953354119e-06 5.4898055953354119e-06 1 1 1 Converged Converged Converged OK OK OK 132 132 132 132 132 132 4 4 4 0 0 0 0 1 0 0 1
143 143 linear 2 15 32 2 9.9999999999999995e-08 0.41270856575091047 0.0009681368609995699 0.00050301652727690401 -0.00035119090745754057 0.00071279814977831242 -0.00032057251014503335 0.5 0.00071974443244689798 1195.5997272074901 OK 13 12 0.41441699999999998 0.37867600000000001 0.176312 0.23627300000000001 0.075118000000000004 0 0.17814399999999997 0.30355799999999999 0.176312 0.0095080000000000008 0.010756 0.0090539999999999995 0.13434500000000008 0.25766900000000004 0.13362899999999997 0.0078650000000000005 0.0080319999999999992 0.0076349999999999994 0.001284 0.0013480000000000002 0.0012359999999999999 1195.5980460303776 1195.5980460303776 1195.5980460303776 1.1045184785030199e-06 1.1045184785030199e-06 1.1045184785030199e-06 1 1 1 Converged Converged Converged OK OK OK 132 132 132 132 132 132 4 4 4 0 0 0 0 1 0 0 1
143 143 linear 2 23 32 3 9.9999999999999995e-08 0.41270856575091047 0.0009681368609995699 0.00050301652727690401 -0.00035119090745754057 0.00071279814977831242 -0.00025058760200215974 0.5 0.00064975952430402443 1364.7603318679808 OK 13 12 0.49952200000000002 0.49248700000000001 0.24742700000000001 0.23527899999999999 0.074162000000000006 0 0.26424300000000001 0.418325 0.24742700000000001 0.010064 0.011507999999999999 0.0094800000000000006 0.20624099999999998 0.36294099999999985 0.191968 0.011825000000000002 0.010521999999999998 0.010167000000000002 0.0025200000000000001 0.001506 0.001467 1364.7551887219781 1364.7551887219781 1364.7551887219781 9.257037121858299e-08 9.257037121858299e-08 9.257037121858299e-08 1 1 1 Converged Converged Converged OK OK OK 171 171 171 171 171 171 5 5 5 0 0 0 0 1 0 0 1
143 143 linear 3 0 33 0 0.0001 0.41270856575091047 0.0009681368609995699 0.00050301652727690401 2.0050216139560755 0.13808837738407173 2.0049210106506199 0.5 -2.0045218387283179 1.4673428687327104 OK 13 12 0.415435 0.41415600000000002 0.136013 0.27804800000000002 0.27730100000000002 0 0.13738699999999998 0.136855 0.136013 0.0089429999999999996 0.0088509999999999995 0.0084720000000000004 0.10281499999999998 0.10287400000000001 0.10270899999999999 0.0049129999999999998 0.0049459999999999999 0.0047660000000000003 0.00092299999999999999 0.00093199999999999999 0.00090499999999999999 1.4673420323863406 1.4673420323863406 1.4673420323863406 1.3039173808894937e-08 1.3039173808894937e-08 1.3039173808894937e-08 1 1 1 Converged Converged Converged OK OK OK 93 93 93 93 93 93 3 3 3 0 0 0 0 0 1 0 0
143 143 linear 3 7 33 1 0.0001 0.41270856575091047 0.0009681368609995699 0.00050301652727690401 2.0050216139560755 0.13808837738407173 2.0049822474452452 0.5 -2.0045830755229432 1.4730476337781042 OK 13 12 0.52083599999999997 0.37664199999999998 0.132769 0.38626500000000002 0.208842 0 0.13457099999999994 0.16779999999999998 0.132769 0.0082710000000000006 0.0082559999999999995 0.0077089999999999997 0.10279399999999998 0.13641499999999995 0.10244199999999995 0.0050510000000000008 0.0050609999999999995 0.0049129999999999998 0.00094600000000000001 0.00092500000000000004 0.00091000000000000011 1.4730467575793926 1.4730467575793926 1.4730467575793926 1.3352048168142394e-08 1.3352048168142394e-08 1.3352048168142394e-08 1 1 1 Converged Converged Converged OK OK OK 93 93 93 93 93 93 3 3 3 0 0 0 0 1 0 0 1
143 143 linear 3 15 33 2 0.0001 0.41270856575091047 0.0009681368609995699 0.00050301652727690401 2.0050216139560755 0.13808837738407173 2.0050522323533881 0.5 -2.0046530604310862 1.4797996274692624 OK 13 12 0.52141800000000005 0.37378 0.13325400000000001 0.38571 0.20541400000000001 0 0.13570800000000005 0.16836599999999999 0.13325400000000001 0.0080949999999999998 0.0081320000000000003 0.0076169999999999996 0.10433600000000004 0.13719299999999998 0.103182 0.0049640000000000005 0.0050130000000000001 0.0047890000000000007 0.0010189999999999999 0.000968 0.00097199999999999999 1.4797987640698189 1.4797987640698189 1.4797987640698189 1.3721211097907751e-08 1.3721211097907751e-08 1.3721211097907751e-08 1 1 1 Converged Converged Converged OK OK OK 93 93 93 93 93 93 3 3 3 0 0 0 0 1 0 0 1
143 143 linear 3 23 33 3 0.0001 0.41270856575091047 0.0009681368609995699 0.00050301652727690401 2.0050216139560755 0.13808837738407173 2.0051222172615311 0.5 -2.0047230453392291 1.4868251473657228 OK 13 12 0.54607399999999995 0.412078 0.133189 0.41109000000000001 0.243922 0 0.13498399999999994 0.168156 0.133189 0.008116 0.0081429999999999992 0.0077359999999999998 0.10357099999999998 0.13706500000000002 0.10277399999999999 0.0049750000000000003 0.0049180000000000005 0.0048430000000000001 0.00089899999999999995 0.00093300000000000002 0.00090399999999999996 1.4868242920937682 1.4868242920937682 1.4868242920937682 1.4102677961199708e-08 1.4102677961199708e-08 1.4102677961199708e-08 1 1 1 Converged Converged Converged OK OK OK 93 93 93 93 93 93 3 3 3 0 0 0 0 1 0 0 1
143 143 linear 3 0 33 0 1.0000000000000001e-05 0.41270856575091047 0.0009681368609995699 0.00050301652727690401 2.0050216139560755 0.13808837738407173 2.0049210106506199 0.5 -2.0045218387283179 1.4673428687327104 OK 13 12 0.410721 0.41168199999999999 0.135798 0.27349000000000001 0.27523300000000001 0 0.13723099999999999 0.13644899999999999 0.135798 0.0087779999999999993 0.0088039999999999993 0.0084469999999999996 0.10308600000000001 0.10275399999999996 0.10269700000000004 0.0048640000000000003 0.0047760000000000007 0.0047690000000000007 0.00090200000000000002 0.00092299999999999999 0.00089500000000000007 1.4673420323863406 1.4673420323863406 1.4673420323863406 1.3039173808894937e-08 1.3039173808894937e-08 1.3039173808894937e-08 1 1 1 Converged Converged Converged OK OK OK 93 93 93 93 93 93 3 3 3 0 0 0 0 0 1 0 0
143 143 linear 3 7 33 1 1.0000000000000001e-05 0.41270856575091047 0.0009681368609995699 0.00050301652727690401 2.0050216139560755 0.13808837738407173 2.0049822474452452 0.5 -2.0045830755229432 1.4730476337781042 OK 13 12 0.52525900000000003 0.37762499999999999 0.13264300000000001 0.38792399999999999 0.20976500000000001 0 0.13733500000000004 0.16785999999999998 0.13264300000000001 0.0081799999999999998 0.0082430000000000003 0.007698 0.10571699999999998 0.13672700000000002 0.10232900000000002 0.0048859999999999997 0.0048780000000000004 0.004901 0.00097300000000000002 0.0009140000000000001 0.0009059999999999999 1.4730467575793926 1.4730467575793926 1.4730467575793926 1.3352048168142394e-08 1.3352048168142394e-08 1.3352048168142394e-08 1 1 1 Converged Converged Converged OK OK OK 93 93 93 93 93 93 3 3 3 0 0 0 0 1 0 0 1
143 143 linear 3 15 33 2 1.0000000000000001e-05 0.41270856575091047 0.0009681368609995699 0.00050301652727690401 2.0050216139560755 0.13808837738407173 2.0050522323533881 0.5 -2.0046530604310862 1.4797996274692624 OK 13 12 0.52115299999999998 0.37895400000000001 0.136852 0.38599099999999997 0.21071300000000001 0 0.135162 0.168241 0.136852 0.0081989999999999997 0.0080859999999999994 0.011520000000000001 0.10365399999999997 0.13715799999999997 0.10278399999999997 0.0049119999999999997 0.0049290000000000002 0.0048219999999999999 0.0010250000000000001 0.00101 0.00097100000000000007 1.4797987640698189 1.4797987640698189 1.4797987640698189 1.3721211097907751e-08 1.3721211097907751e-08 1.3721211097907751e-08 1 1 1 Converged Converged Converged OK OK OK 93 93 93 93 93 93 3 3 3 0 0 0 0 1 0 0 1
143 143 linear 3 23 33 3 1.0000000000000001e-05 0.41270856575091047 0.0009681368609995699 0.00050301652727690401 2.0050216139560755 0.13808837738407173 2.0051222172615311 0.5 -2.0047230453392291 1.4868251473657228 OK 13 12 0.55393800000000004 0.41100100000000001 0.13261500000000001 0.41921700000000001 0.24290400000000001 0 0.13472100000000004 0.168097 0.13261500000000001 0.0081130000000000004 0.0081899999999999994 0.0076569999999999997 0.10342000000000003 0.13702000000000003 0.10242 0.0048920000000000005 0.004895 0.0047819999999999998 0.00093999999999999997 0.00090300000000000005 0.00089100000000000008 1.4868242920937682 1.4868242920937682 1.4868242920937682 1.4102677961199708e-08 1.4102677961199708e-08 1.4102677961199708e-08 1 1 1 Converged Converged Converged OK OK OK 93 93 93 93 93 93 3 3 3 0 0 0 0 1 0 0 1
143 143 linear 3 0 33 0 9.9999999999999995e-07 0.41270856575091047 0.0009681368609995699 0.00050301652727690401 2.0050216139560755 0.13808837738407173 2.0049210106506199 0.5 -2.0045218387283179 1.4673428687327104 OK 13 12 0.40982299999999999 0.411692 0.13561699999999999 0.27315400000000001 0.27548899999999998 0 0.13666899999999998 0.13620300000000002 0.13561699999999999 0.0086420000000000004 0.0088079999999999999 0.0084539999999999997 0.10292100000000001 0.102476 0.10245699999999999 0.0047310000000000008 0.0047230000000000006 0.0047390000000000002 0.00090200000000000002 0.00091799999999999998 0.00089999999999999998 1.4673420323863406 1.4673420323863406 1.4673420323863406 1.3039173808894937e-08 1.3039173808894937e-08 1.3039173808894937e-08 1 1 1 Converged Converged Converged OK OK OK 93 93 93 93 93 93 3 3 3 0 0 0 0 0 1 0 0
143 143 linear 3 7 33 1 9.9999999999999995e-07 0.41270856575091047 0.0009681368609995699 0.00050301652727690401 2.0050216139560755 0.13808837738407173 2.0049822474452452 0.5 -2.0045830755229432 1.4730476337781042 OK 13 12 0.52306799999999998 0.38137199999999999 0.13266500000000001 0.38845800000000003 0.21329600000000001 0 0.13460999999999995 0.16807599999999998 0.13266500000000001 0.0081320000000000003 0.0083029999999999996 0.007731 0.10317699999999996 0.13684500000000008 0.102343 0.0050010000000000002 0.0048609999999999999 0.0048149999999999998 0.00094700000000000003 0.00094399999999999996 0.00090800000000000006 1.4730467575793926 1.4730467575793926 1.4730467575793926 1.3352048168142394e-08 1.3352048168142394e-08 1.3352048168142394e-08 1 1 1 Converged Converged Converged OK OK OK 93 93 93 93 93 93 3 3 3 0 0 0 0 1 0 0 1
143 143 linear 3 15 33 2 9.9999999999999995e-07 0.41270856575091047 0.0009681368609995699 0.00050301652727690401 2.0050216139560755 0.13808837738407173 2.0050522323533881 0.5 -2.0046530604310862 1.4797996274692624 OK 13 12 0.52008900000000002 0.37458799999999998 0.13308500000000001 0.38479200000000002 0.20633699999999999 0 0.135297 0.16825099999999998 0.13308500000000001 0.0081250000000000003 0.0081209999999999997 0.0076670000000000002 0.10388400000000003 0.13701200000000002 0.10296099999999998 0.0049220000000000002 0.0048669999999999998 0.0047530000000000003 0.0009810000000000001 0.0010139999999999999 0.00096000000000000002 1.4797987640698189 1.4797987640698189 1.4797987640698189 1.3721211097907751e-08 1.3721211097907751e-08 1.3721211097907751e-08 1 1 1 Converged Converged Converged OK OK OK 93 93 93 93 93 93 3 3 3 0 0 0 0 1 0 0 1
143 143 linear 3 23 33 3 9.9999999999999995e-07 0.41270856575091047 0.0009681368609995699 0.00050301652727690401 2.0050216139560755 0.13808837738407173 2.0051222172615311 0.5 -2.0047230453392291 1.4868251473657228 OK 13 12 0.55106200000000005 0.41348200000000002 0.133189 0.41660900000000001 0.24213799999999999 0 0.13445300000000004 0.17134400000000002 0.133189 0.0079760000000000005 0.008175 0.0076439999999999998 0.10339899999999996 0.13702 0.10291100000000003 0.0048660000000000005 0.0049629999999999995 0.0048300000000000001 0.00094399999999999996 0.0009189999999999999 0.00089899999999999995 1.4868242920937682 1.4868242920937682 1.4868242920937682 1.4102677961199708e-08 1.4102677961199708e-08 1.4102677961199708e-08 1 1 1 Converged Converged Converged OK OK OK 93 93 93 93 93 93 3 3 3 0 0 0 0 1 0 0 1
143 143 linear 3 0 33 0 9.9999999999999995e-08 0.41270856575091047 0.0009681368609995699 0.00050301652727690401 2.0050216139560755 0.13808837738407173 2.0049210106506199 0.5 -2.0045218387283179 1.4673428687327104 OK 13 12 0.413078 0.42354900000000001 0.135709 0.27614899999999998 0.28278599999999998 0 0.13692900000000002 0.14076300000000003 0.135709 0.0089529999999999992 0.010123 0.0084209999999999997 0.10294499999999999 0.105073 0.10250600000000001 0.0047590000000000002 0.004888 0.0047369999999999999 0.00094700000000000014 0.00095 0.00089800000000000014 1.4673420323863406 1.4673420323863406 1.4673420323863406 1.3039173808894937e-08 1.3039173808894937e-08 1.3039173808894937e-08 1 1 1 Converged Converged Converged OK OK OK 93 93 93 93 93 93 3 3 3 0 0 0 0 0 1 0 0
143 143 linear 3 7 33 1 9.9999999999999995e-08 0.41270856575091047 0.0009681368609995699 0.00050301652727690401 2.0050216139560755 0.13808837738407173 2.0049822474452452 0.5 -2.0045830755229432 1.4730476337781042 OK 13 12 0.51872499999999999 0.38162200000000002 0.13239999999999999 0.38505800000000001 0.21385999999999999 0 0.13366699999999998 0.16776200000000002 0.13239999999999999 0.0080909999999999992 0.0081829999999999993 0.0077060000000000002 0.10266299999999998 0.13679400000000005 0.10222799999999997 0.0048340000000000006 0.004823 0.0047930000000000004 0.00093400000000000004 0.00093600000000000009 0.0009140000000000001 1.4730467575793926 1.4730467575793926 1.4730467575793926 1.3352048168142394e-08 1.3352048168142394e-08 1.3352048168142394e-08 1 1 1 Converged Converged Converged OK OK OK 93 93 93 93 93 93 3 3 3 0 0 0 0 1 0 0 1
143 143 linear 3 15 33 2 9.9999999999999995e-08 0.41270856575091047 0.0009681368609995699 0.00050301652727690401 2.0050216139560755 0.13808837738407173 2.0050522323533881 0.5 -2.0046530604310862 1.4797996274692624 OK 13 12 0.52950699999999995 0.37241600000000002 0.13303599999999999 0.39129999999999998 0.20446600000000001 0 0.13820699999999997 0.16795000000000002 0.13303599999999999 0.0083669999999999994 0.0082710000000000006 0.0076839999999999999 0.10611000000000004 0.13677300000000001 0.10277099999999997 0.0050520000000000009 0.0047880000000000006 0.0047799999999999995 0.0010300000000000001 0.00098299999999999993 0.00096100000000000016 1.4797987640698189 1.4797987640698189 1.4797987640698189 1.3721211097907751e-08 1.3721211097907751e-08 1.3721211097907751e-08 1 1 1 Converged Converged Converged OK OK OK 93 93 93 93 93 93 3 3 3 0 0 0 0 1 0 0 1
143 143 linear 3 23 33 3 9.9999999999999995e-08 0.41270856575091047 0.0009681368609995699 0.00050301652727690401 2.0050216139560755 0.13808837738407173 2.0051222172615311 0.5 -2.0047230453392291 1.4868251473657228 OK 13 12 0.55624499999999999 0.41037099999999999 0.13286400000000001 0.41750500000000001 0.243505 0 0.13873999999999997 0.16686599999999999 0.13286400000000001 0.0092659999999999999 0.0081759999999999992 0.0076220000000000003 0.105916 0.13582200000000005 0.10271800000000003 0.004947 0.004829 0.0047650000000000001 0.00095600000000000014 0.00093099999999999997 0.00089499999999999996 1.4868242920937682 1.4868242920937682 1.4868242920937682 1.4102677961199708e-08 1.4102677961199708e-08 1.4102677961199708e-08 1 1 1 Converged Converged Converged OK OK OK 93 93 93 93 93 93 3 3 3 0 0 0 0 1 0 0 1
143 143 linear 4 0 34 0 0.0001 0.41270856575091047 0.0009681368609995699 0.00050301652727690401 -0.00061142786895461952 0.0010173543792243967 -0.00071203117441000034 0.5 0.0011112030967118649 719.71600517717695 OK 13 12 0.31578299999999998 0.31648199999999999 0.093140000000000001 0.22232299999999999 0.22082499999999999 0 0.093459999999999988 0.095656999999999992 0.093140000000000001 0.0099159999999999995 0.0098720000000000006 0.0098309999999999995 0.06528500000000001 0.065438999999999997 0.065274999999999986 0.0035130000000000001 0.0035149999999999999 0.0035230000000000001 0.00068499999999999995 0.00071499999999999992 0.00068800000000000003 719.71550592334768 719.71550592334768 719.71550592334768 0.0004110039497575235 0.0004110039497575235 0.0004110039497575235 1 1 1 Converged Converged Converged OK OK OK 69 69 69 69 69 69 3 3 3 0 0 0 0 0 1 0 0
143 143 linear 4 7 34 1 0.0001 0.41270856575091047 0.0009681368609995699 0.00050301652727690401 -0.00061142786895461952 0.0010173543792243967 -0.00065079437978498591 0.5 0.0010499663020868506 742.81747381705156 OK 13 12 0.31681300000000001 0.20657200000000001 0.089883000000000005 0.22623599999999999 0.067044999999999993 0 0.090577000000000019 0.13952700000000001 0.089883000000000005 0.0092359999999999994 0.0091889999999999993 0.0090259999999999993 0.064207999999999987 0.11351600000000001 0.064116000000000006 0.003784 0.0036259999999999999 0.0036940000000000002 0.00075200000000000006 0.00072900000000000005 0.00071699999999999997 742.81696476170919 742.81696476170919 742.81696476170919 0.00039756638041836344 0.00039756638041836344 0.00039756638041836344 1 1 1 Converged Converged Converged OK OK OK 69 69 69 69 69 69 3 3 3 0 0 0 0 1 0 0 1
143 143 linear 4 15 34 2 0.0001 0.41270856575091047 0.0009681368609995699 0.00050301652727690401 -0.00061142786895461952 0.0010173543792243967 -0.00058080947164211236 0.5 0.00097998139394397704 770.94515585333522 OK 13 12 0.311865 0.20594999999999999 0.089454000000000006 0.22136 0.065892000000000006 0 0.090505000000000002 0.14005799999999999 0.089454000000000006 0.0091800000000000007 0.0094199999999999996 0.0088940000000000009 0.064486999999999989 0.11368400000000004 0.063997000000000012 0.0036050000000000001 0.003689 0.0034680000000000002 0.00069799999999999994 0.00072400000000000003 0.00069099999999999999 770.94464679891132 770.94464679891132 770.94464679891132 0.00038285417465412945 0.00038285417465412945 0.00038285417465412945 1 1 1 Converged Converged Converged OK OK OK 69 69 69 69 69 69 3 3 3 0 0 0 0 1 0 0 1
143 143 linear 4 23 34 3 0.0001 0.41270856575091047 0.0009681368609995699 0.00050301652727690401 -0.00061142786895461952 0.0010173543792243967 -0.0005108245634992387 0.5 0.00090999648580110328 801.0536395303285 OK 13 12 0.318299 0.20963999999999999 0.097691 0.223634 0.066465999999999997 0 0.094664999999999999 0.143174 0.097691 0.0091929999999999998 0.0093989999999999994 0.0088710000000000004 0.068692000000000017 0.11696799999999997 0.072273999999999977 0.0035390000000000005 0.0036350000000000002 0.0035370000000000002 0.00067600000000000006 0.0007049999999999999 0.00069499999999999998 801.05310061042087 801.05310061042087 801.05310061042087 0.00037084562157050727 0.00037084562157050727 0.00037084562157050727 1 1 1 Converged Converged Converged OK OK OK 69 69 69 69 69 69 3 3 3 0 0 0 0 1 0 0 1
143 143 linear 4 0 34 0 1.0000000000000001e-05 0.41270856575091047 0.0009681368609995699 0.00050301652727690401 -0.00061142786895461952 0.0010173543792243967 -0.00071203117441000034 0.5 0.0011112030967118649 719.71600517717695 OK 13 12 0.31149100000000002 0.32534099999999999 0.092141000000000001 0.21781400000000001 0.228238 0 0.09367700000000001 0.097102999999999995 0.092141000000000001 0.0098630000000000002 0.011058999999999999 0.0096050000000000007 0.065673000000000009 0.067777999999999977 0.064776 0.0034160000000000002 0.0035260000000000001 0.0034189999999999997 0.00070100000000000002 0.00073499999999999998 0.00067500000000000004 719.71550592334768 719.71550592334768 719.71550592334768 0.0004110039497575235 0.0004110039497575235 0.0004110039497575235 1 1 1 Converged Converged Converged OK OK OK 69 69 69 69 69 69 3 3 3 0 0 0 0 0 1 0 0
143 143 linear 4 7 34 1 1.0000000000000001e-05 0.41270856575091047 0.0009681368609995699 0.00050301652727690401 -0.00061142786895461952 0.0010173543792243967 -0.00065079437978498591 0.5 0.0010499663020868506 742.81747381705156 OK 13 12 0.31349900000000003 0.21821699999999999 0.092198000000000002 0.22257099999999999 0.072561 0 0.090928000000000037 0.14565600000000001 0.092198000000000002 0.0092339999999999992 0.010493000000000001 0.011594999999999999 0.064817 0.11806600000000002 0.064041999999999988 0.003532 0.0035370000000000002 0.0035270000000000002 0.00073000000000000007 0.00074399999999999998 0.00071499999999999992 742.81696476170919 742.81696476170919 742.81696476170919 0.00039756638041836344 0.00039756638041836344 0.00039756638041836344 1 1 1 Converged Converged Converged OK OK OK 69 69 69 69 69 69 3 3 3 0 0 0 0 1 0 0 1
143 143 linear 4 15 34 2 1.0000000000000001e-05 0.41270856575091047 0.0009681368609995699 0.00050301652727690401 -0.00061142786895461952 0.0010173543792243967 -0.00058080947164211236 0.5 0.00097998139394397704 770.94515585333522 OK 13 12 0.31591799999999998 0.21421000000000001 0.089314000000000004 0.22137200000000001 0.070684999999999998 0 0.094545999999999963 0.14352500000000001 0.089314000000000004 0.010406 0.010560999999999999 0.0089339999999999992 0.067063000000000011 0.11605500000000002 0.063908000000000006 0.0035830000000000002 0.003555 0.0035180000000000003 0.00069200000000000012 0.00068900000000000005 0.000669 770.94464679891132 770.94464679891132 770.94464679891132 0.00038285417465412945 0.00038285417465412945 0.00038285417465412945 1 1 1 Converged Converged Converged OK OK OK 69 69 69 69 69 69 3 3 3 0 0 0 0 1 0 0 1
143 143 linear 4 23 34 3 1.0000000000000001e-05 0.41270856575091047 0.0009681368609995699 0.00050301652727690401 -0.00061142786895461952 0.0010173543792243967 -0.0005108245634992387 0.5 0.00090999648580110328 801.0536395303285 OK 13 12 0.32810499999999998 0.217808 0.093479999999999994 0.22872000000000001 0.070669999999999997 0 0.099384999999999973 0.14713799999999999 0.093479999999999994 0.010411999999999999 0.010684000000000001 0.008855 0.071756000000000028 0.11970199999999999 0.068286000000000013 0.0036089999999999998 0.0035000000000000005 0.0034460000000000003 0.00071100000000000004 0.00070700000000000005 0.00068599999999999998 801.05310061042087 801.05310061042087 801.05310061042087 0.00037084562157050727 0.00037084562157050727 0.00037084562157050727 1 1 1 Converged Converged Converged OK OK OK 69 69 69 69 69 69 3 3 3 0 0 0 0 1 0 0 1
143 143 linear 4 0 34 0 9.9999999999999995e-07 0.41270856575091047 0.0009681368609995699 0.00050301652727690401 -0.00061142786895461952 0.0010173543792243967 -0.00071203117441000034 0.5 0.0011112030967118649 719.71600517717695 OK 13 12 0.31738300000000003 0.313251 0.091886999999999996 0.224157 0.22014500000000001 0 0.093226000000000031 0.093105999999999994 0.091886999999999996 0.0099839999999999998 0.0098840000000000004 0.0095090000000000001 0.065066999999999986 0.065357999999999986 0.064619999999999997 0.0035069999999999997 0.003532 0.0034280000000000001 0.000718 0.00070399999999999998 0.00071000000000000002 719.71550592334768 719.71550592334768 719.71550592334768 0.0004110039497575235 0.0004110039497575235 0.0004110039497575235 1 1 1 Converged Converged Converged OK OK OK 69 69 69 69 69 69 3 3 3 0 0 0 0 0 1 0 0
143 143 linear 4 7 34 1 9.9999999999999995e-07 0.41270856575091047 0.0009681368609995699 0.00050301652727690401 -0.00061142786895461952 0.0010173543792243967 -0.00065079437978498591 0.5 0.0010499663020868506 742.81747381705156 OK 13 12 0.31242300000000001 0.20497299999999999 0.089169999999999999 0.22233600000000001 0.065962000000000007 0 0.090087 0.139011 0.089169999999999999 0.0092910000000000006 0.0093439999999999999 0.0089499999999999996 0.064038999999999985 0.11313499999999996 0.063715999999999995 0.003542 0.0035029999999999996 0.0034979999999999998 0.00071999999999999994 0.00072300000000000012 0.00071699999999999986 742.81696476170919 742.81696476170919 742.81696476170919 0.00039756638041836344 0.00039756638041836344 0.00039756638041836344 1 1 1 Converged Converged Converged OK OK OK 69 69 69 69 69 69 3 3 3 0 0 0 0 1 0 0 1
143 143 linear 4 15 34 2 9.9999999999999995e-07 0.41270856575091047 0.0009681368609995699 0.00050301652727690401 -0.00061142786895461952 0.0010173543792243967 -0.00058080947164211236 0.5 0.00097998139394397704 770.94515585333522 OK 13 12 0.31002099999999999 0.20665600000000001 0.089205999999999994 0.219586 0.067087999999999995 0 0.090434999999999988 0.13956800000000003 0.089205999999999994 0.0091489999999999991 0.0093159999999999996 0.0088920000000000006 0.06441100000000001 0.11371899999999997 0.063954000000000011 0.0035069999999999997 0.0034740000000000001 0.0034159999999999998 0.00068199999999999999 0.000687 0.00068399999999999993 770.94464679891132 770.94464679891132 770.94464679891132 0.00038285417465412945 0.00038285417465412945 0.00038285417465412945 1 1 1 Converged Converged Converged OK OK OK 69 69 69 69 69 69 3 3 3 0 0 0 0 1 0 0 1
143 143 linear 4 23 34 3 9.9999999999999995e-07 0.41270856575091047 0.0009681368609995699 0.00050301652727690401 -0.00061142786895461952 0.0010173543792243967 -0.0005108245634992387 0.5 0.00090999648580110328 801.0536395303285 OK 13 12 0.321328 0.21293699999999999 0.093452999999999994 0.226824 0.066715999999999998 0 0.094504000000000005 0.14622099999999999 0.093452999999999994 0.0091719999999999996 0.0092669999999999992 0.0088789999999999997 0.068601999999999996 0.116498 0.068271999999999999 0.0035769999999999999 0.0035169999999999997 0.0033680000000000003 0.00071499999999999992 0.00072600000000000008 0.00067499999999999993 801.05310061042087 801.05310061042087 801.05310061042087 0.00037084562157050727 0.00037084562157050727 0.00037084562157050727 1 1 1 Converged Converged Converged OK OK OK 69 69 69 69 69 69 3 3 3 0 0 0 0 1 0 0 1
143 143 linear 4 0 34 0 9.9999999999999995e-08 0.41270856575091047 0.0009681368609995699 0.00050301652727690401 -0.00061142786895461952 0.0010173543792243967 -0.00071203117441000034 0.5 0.0011112030967118649 719.71600517717695 OK 13 12 0.34987299999999999 0.35439799999999999 0.134245 0.21773700000000001 0.222777 0 0.13213599999999998 0.13162099999999999 0.134245 0.0099959999999999997 0.0099629999999999996 0.0095790000000000007 0.093467999999999968 0.093668999999999988 0.095745000000000038 0.0059069999999999999 0.0058209999999999998 0.006051 0.00081899999999999996 0.00084100000000000006 0.00084800000000000001 719.71550592418885 719.71550592418885 719.71550592418885 6.5395047830789646e-06 6.5395047830789646e-06 6.5395047830789646e-06 1 1 1 Converged Converged Converged OK OK OK 101 101 101 101 101 101 3 3 3 0 0 0 0 0 1 0 0
143 143 linear 4 7 34 1 9.9999999999999995e-08 0.41270856575091047 0.0009681368609995699 0.00050301652727690401 -0.00061142786895461952 0.0010173543792243967 -0.00065079437978498591 0.5 0.0010499663020868506 742.81747381705156 OK 13 12 0.350518 0.265038 0.13275799999999999 0.22256999999999999 0.064739000000000005 0 0.12794800000000001 0.200299 0.13275799999999999 0.0093640000000000008 0.0094839999999999994 0.01027 0.092451999999999979 0.16477799999999995 0.094764000000000057 0.0058539999999999998 0.0058069999999999997 0.0059379999999999997 0.00086700000000000004 0.00085400000000000005 0.0017650000000000001 742.81696476248965 742.81696476248965 742.81696476248965 5.1225192140620775e-06 5.1225192140620775e-06 5.1225192140620775e-06 1 1 1 Converged Converged Converged OK OK OK 101 101 101 101 101 101 3 3 3 0 0 0 0 1 0 0 1
143 143 linear 4 15 34 2 9.9999999999999995e-08 0.41270856575091047 0.0009681368609995699 0.00050301652727690401 -0.00061142786895461952 0.0010173543792243967 -0.00058080947164211236 0.5 0.00097998139394397704 770.94515585333522 OK 13 12 0.347883 0.267432 0.134349 0.21803600000000001 0.065049999999999997 0 0.12984699999999999 0.20238200000000001 0.134349 0.0092460000000000007 0.0092289999999999994 0.0089929999999999993 0.094187999999999994 0.16704099999999997 0.097647999999999999 0.0058499999999999993 0.0057839999999999992 0.0059979999999999999 0.00085599999999999999 0.000834 0.0017730000000000001 770.94464679958014 770.94464679958014 770.94464679958014 3.9865779285638839e-06 3.9865779285638839e-06 3.9865779285638839e-06 1 1 1 Converged Converged Converged OK OK OK 101 101 101 101 101 101 3 3 3 0 0 0 0 1 0 0 1
143 143 linear 4 23 34 3 9.9999999999999995e-08 0.41270856575091047 0.0009681368609995699 0.00050301652727690401 -0.00061142786895461952 0.0010173543792243967 -0.0005108245634992387 0.5 0.00090999648580110328 801.0536395303285 OK 13 12 0.35281299999999999 0.27900199999999997 0.13522400000000001 0.22096099999999999 0.065044000000000005 0 0.131852 0.21395799999999998 0.13522400000000001 0.0093179999999999999 0.0094039999999999992 0.0088909999999999996 0.096219000000000013 0.17632900000000001 0.099775000000000003 0.0059050000000000005 0.0063210000000000002 0.0060339999999999994 0.00081700000000000002 0.0016540000000000001 0.00081500000000000008 801.05310061107775 801.05310061107775 801.05310061107775 3.4653743882484908e-06 3.4653743882484908e-06 3.4653743882484908e-06 1 1 1 Converged Converged Converged OK OK OK 101 101 101 101 101 101 3 3 3 0 0 0 0 1 0 0 1
143 143 uniform 0 0 35 0 0.0001 0.41270856575091047 0.0009681368609995699 0.00050301652727690401 2.0075060939870912 -0.13763693780860922 2.0074054906816357 0 -2.0070063187593337 3.048623110069518 OK 13 12 0.78246300000000002 0.77959699999999998 0.15190999999999999 0.629355 0.63138899999999998 0 0.15310800000000002 0.14820800000000001 0.15190999999999999 0.022752000000000001 0.022425 0.02214 0.10777099999999994 0.10358200000000001 0.10729700000000011 0.0048360000000000009 0.0048369999999999993 0.004777 0.0011949999999999999 0.0011870000000000001 0.0011999999999999999 3.0486236534974132 3.0486236534974132 3.0486236534974132 9.5456791568932596e-05 9.5456791568932596e-05 9.5456791568932596e-05 1 1 1 Converged Converged Converged OK OK OK 114 114 114 114 114 114 6 6 6 0 0 0 0 0 1 0 0
143 143 uniform 0 7 35 1 0.0001 0.41270856575091047 0.0009681368609995699 0.00050301652727690401 2.0075060939870912 -0.13763693780860922 2.007466727476261 0 -2.007067555553959 2.9387085276099905 OK 13 12 0.64619899999999997 0.50240600000000002 0.14651 0.50342100000000001 0.32534299999999999 0 0.14277799999999996 0.17706300000000003 0.14651 0.021451999999999999 0.025694999999999999 0.020889999999999999 0.10148399999999995 0.13151900000000005 0.10581400000000003 0.0047390000000000002 0.0047229999999999998 0.004705 0.001157 0.0011719999999999999 0.0011850000000000001 2.9387091249041526 2.9387091249041526 2.9387091249041526 8.3120152014530782e-05 8.3120152014530782e-05 8.3120152014530782e-05 1 1 1 Converged Converged Converged OK OK OK 114 114 114 114 114 114 6 6 6 0 0 0 0 1 0 0 1
143 143 uniform 0 15 35 2 0.0001 0.41270856575091047 0.0009681368609995699 0.00050301652727690401 2.0075060939870912 -0.13763693780860922 2.0075367123844039 0 -2.0071375404621019 2.8023515131614953 OK 13 12 0.53406399999999998 0.38053199999999998 0.14608399999999999 0.39113700000000001 0.208874 0 0.14292699999999997 0.17165799999999998 0.14608399999999999 0.021413000000000001 0.021503999999999999 0.020693 0.10151700000000001 0.13049599999999997 0.10576599999999997 0.0048730000000000006 0.004823 0.0047560000000000007 0.0011420000000000002 0.0011710000000000002 0.0011640000000000001 2.8023519496967784 2.8023519496967784 2.8023519496967784 7.1109221702016744e-05 7.1109221702016744e-05 7.1109221702016744e-05 1 1 1 Converged Converged Converged OK OK OK 114 114 114 114 114 114 6 6 6 0 0 0 0 1 0 0 1
143 143 uniform 0 23 35 3 0.0001 0.41270856575091047 0.0009681368609995699 0.00050301652727690401 2.0075060939870912 -0.13763693780860922 2.0076066972925468 0 -2.0072075253702448 2.6512281902103929 OK 13 12 0.65153099999999997 0.513181 0.147759 0.50723499999999999 0.329594 0 0.14429599999999998 0.183587 0.147759 0.021536 0.023015000000000001 0.020608999999999999 0.10275200000000005 0.13975600000000005 0.10734099999999998 0.0048849999999999996 0.0051290000000000007 0.0048220000000000008 0.0011429999999999999 0.0012210000000000001 0.001175 2.6512285033050342 2.6512285033050342 2.6512285033050342 7.1852709610268213e-05 7.1852709610268213e-05 7.1852709610268213e-05 1 1 1 Converged Converged Converged OK OK OK 114 114 114 114 114 114 6 6 6 0 0 0 0 1 0 0 1
143 143 uniform 0 0 35 0 1.0000000000000001e-05 0.41270856575091047 0.0009681368609995699 0.00050301652727690401 2.0075060939870912 -0.13763693780860922 2.0074054906816357 0 -2.0070063187593337 3.048623110069518 OK 13 12 0.82041200000000003 0.82096000000000002 0.181756 0.63427800000000001 0.62876100000000001 0 0.18613400000000002 0.19219900000000001 0.181756 0.022453999999999998 0.022549 0.021062999999999998 0.1324020000000001 0.13860999999999998 0.130916 0.0067090000000000014 0.0064949999999999999 0.0063229999999999996 0.001529 0.0015169999999999999 0.0014380000000000003 3.048623658836175 3.048623658836175 3.048623658836175 7.2223132548360659e-06 7.2223132548360659e-06 7.2223132548360659e-06 1 1 1 Converged Converged Converged OK OK OK 146 146 146 146 146 146 6 6 6 0 0 0 0 0 1 0 0
143 143 uniform 0 7 35 1 1.0000000000000001e-05 0.41270856575091047 0.0009681368609995699 0.00050301652727690401 2.0075060939870912 -0.13763693780860922 2.007466727476261 0 -2.007067555553959 2.9387085276099905 OK 13 12 0.68416999999999994 0.53944800000000004 0.174122 0.50575400000000004 0.33124700000000001 0 0.17841599999999991 0.20820100000000002 0.174122 0.021894 0.021679 0.019734000000000002 0.12976000000000001 0.16014600000000004 0.12882700000000002 0.0065759999999999994 0.0063300000000000006 0.0061960000000000001 0.0014430000000000003 0.0014500000000000001 0.0014259999999999998 2.9387091285031013 2.9387091285031013 2.9387091285031013 6.8642246437632351e-06 6.8642246437632351e-06 6.8642246437632351e-06 1 1 1 Converged Converged Converged OK OK OK 146 146 146 146 146 146 6 6 6 0 0 0 0 1 0 0 1
143 143 uniform 0 15 35 2 1.0000000000000001e-05 0.41270856575091047 0.0009681368609995699 0.00050301652727690401 2.0075060939870912 -0.13763693780860922 2.0075367123844039 0 -2.0071375404621019 2.8023515131614953 OK 13 12 0.554087 0.40376699999999999 0.163577 0.390733 0.210339 0 0.163354 0.19342799999999999 0.163577 0.021427000000000002 0.021704999999999999 0.019546000000000001 0.11766300000000003 0.14789400000000003 0.12063299999999995 0.005666 0.0056319999999999999 0.0055459999999999997 0.0013469999999999999 0.0013569999999999999 0.001315 2.802351949692667 2.802351949692667 2.802351949692667 2.5254453100242045e-05 2.5254453100242045e-05 2.5254453100242045e-05 1 1 1 Converged Converged Converged OK OK OK 130 130 130 130 130 130 6 6 6 0 0 0 0 1 0 0 1
143 143 uniform 0 23 35 3 1.0000000000000001e-05 0.41270856575091047 0.0009681368609995699 0.00050301652727690401 2.0075060939870912 -0.13763693780860922 2.0076066972925468 0 -2.0072075253702448 2.6512281902103929 OK 13 12 0.68878899999999998 0.54379900000000003 0.17413100000000001 0.510486 0.33604800000000001 0 0.17830299999999999 0.20775100000000002 0.17413100000000001 0.021337999999999999 0.021770000000000001 0.0195 0.13036499999999993 0.15966400000000003 0.12892199999999998 0.0064999999999999997 0.0064659999999999995 0.0064649999999999994 0.0014720000000000002 0.0014710000000000001 0.0014220000000000001 2.6512285575695937 2.6512285575695937 2.6512285575695937 1.3176953747478205e-05 1.3176953747478205e-05 1.3176953747478205e-05 1 1 1 Converged Converged Converged OK OK OK 146 146 146 146 146 146 6 6 6 0 0 0 0 1 0 0 1
143 143 uniform 0 0 35 0 9.9999999999999995e-07 0.41270856575091047 0.0009681368609995699 0.00050301652727690401 2.0075060939870912 -0.13763693780860922 2.0074054906816357 0 -2.0070063187593337 3.048623110069518 OK 13 12 0.88006499999999999 0.86657899999999999 0.235317 0.63759699999999997 0.63160499999999997 0 0.24246800000000002 0.23497400000000002 0.235317 0.023851000000000001 0.022376 0.021097000000000001 0.17774199999999996 0.17328700000000008 0.17293100000000003 0.0098469999999999999 0.0095220000000000009 0.0093699999999999999 0.0018570000000000001 0.001774 0.001758 3.0486236587374549 3.0486236587374549 3.0486236587374549 1.8138128508668541e-08 1.8138128508668541e-08 1.8138128508668541e-08 1 1 1 Converged Converged Converged OK OK OK 194 194 194 194 194 194 6 6 6 0 0 0 0 0 1 0 0
143 143 uniform 0 7 35 1 9.9999999999999995e-07 0.41270856575091047 0.0009681368609995699 0.00050301652727690401 2.0075060939870912 -0.13763693780860922 2.007466727476261 0 -2.007067555553959 2.9387085276099905 OK 13 12 0.73622600000000005 0.57020300000000002 0.207124 0.51351199999999997 0.32453100000000001 0 0.22271400000000008 0.245672 0.207124 0.023045 0.021659999999999999 0.019817000000000001 0.16584699999999994 0.1918430000000001 0.15573200000000004 0.0088489999999999992 0.0085389999999999997 0.0084399999999999996 0.001668 0.0015999999999999999 0.001531 2.938709128159426 2.938709128159426 2.938709128159426 1.307103219144297e-06 1.307103219144297e-06 1.307103219144297e-06 1 1 1 Converged Converged Converged OK OK OK 178 178 178 178 178 178 6 6 6 0 0 0 0 1 0 0 1
143 143 uniform 0 15 35 2 9.9999999999999995e-07 0.41270856575091047 0.0009681368609995699 0.00050301652727690401 2.0075060939870912 -0.13763693780860922 2.0075367123844039 0 -2.0071375404621019 2.8023515131614953 OK 13 12 0.60207900000000003 0.46087 0.20830299999999999 0.38973999999999998 0.213285 0 0.21233900000000006 0.247585 0.20830299999999999 0.021416000000000001 0.021468000000000001 0.019543999999999999 0.15839000000000006 0.19374400000000014 0.15715099999999993 0.0087500000000000008 0.0087150000000000005 0.0085660000000000007 0.0015820000000000001 0.001629 0.001549 2.8023519608952681 2.8023519608952681 2.8023519608952681 4.1414472753482827e-07 4.1414472753482827e-07 4.1414472753482827e-07 1 1 1 Converged Converged Converged OK OK OK 178 178 178 178 178 178 6 6 6 0 0 0 0 1 0 0 1
143 143 uniform 0 23 35 3 9.9999999999999995e-07 0.41270856575091047 0.0009681368609995699 0.00050301652727690401 2.0075060939870912 -0.13763693780860922 2.0076066972925468 0 -2.0072075253702448 2.6512281902103929 OK 13 12 0.72097999999999995 0.57750199999999996 0.20683799999999999 0.51027 0.33091900000000002 0 0.21070999999999995 0.24658299999999994 0.20683799999999999 0.021165 0.021919999999999999 0.019511000000000001 0.15686399999999992 0.19200800000000004 0.15568599999999999 0.0089819999999999987 0.0087720000000000003 0.0085979999999999997 0.0015599999999999998 0.00157 0.0015410000000000001 2.6512285614606967 2.6512285614606967 2.6512285614606967 2.7390589499966032e-07 2.7390589499966032e-07 2.7390589499966032e-07 1 1 1 Converged Converged Converged OK OK OK 178 178 178 178 178 178 6 6 6 0 0 0 0 1 0 0 1
143 143 uniform 0 0 35 0 9.9999999999999995e-08 0.41270856575091047 0.0009681368609995699 0.00050301652727690401 2.0075060939870912 -0.13763693780860922 2.0074054906816357 0 -2.0070063187593337 3.048623110069518 OK 13 12 0.88163899999999995 0.86765000000000003 0.23591599999999999 0.63625200000000004 0.62871900000000003 0 0.24538699999999991 0.238931 0.23591599999999999 0.023536000000000001 0.022171 0.021226999999999999 0.18229299999999984 0.17822199999999996 0.17585999999999999 0.0095209999999999999 0.009322999999999998 0.009587 0.0017600000000000001 0.0017229999999999999 0.0017170000000000002 3.0486236587374549 3.0486236587374549 3.0486236587374549 1.8138128508668541e-08 1.8138128508668541e-08 1.8138128508668541e-08 1 1 1 Converged Converged Converged OK OK OK 194 194 194 194 194 194 6 6 6 0 0 0 0 0 1 0 0
143 143 uniform 0 7 35 1 9.9999999999999995e-08 0.41270856575091047 0.0009681368609995699 0.00050301652727690401 2.0075060939870912 -0.13763693780860922 2.007466727476261 0 -2.007067555553959 2.9387085276099905 OK 13 12 0.74672899999999998 0.59073200000000003 0.224241 0.51232999999999995 0.32510099999999997 0 0.23439900000000002 0.26563100000000006 0.224241 0.023078000000000001 0.021797 0.019902 0.17579500000000009 0.20833099999999991 0.17005799999999999 0.009415999999999999 0.010030000000000002 0.009392000000000001 0.0017560000000000002 0.0017420000000000003 0.0016720000000000001 2.9387091281602329 2.9387091281602329 2.9387091281602329 1.2095163424575504e-08 1.2095163424575504e-08 1.2095163424575504e-08 1 1 1 Converged Converged Converged OK OK OK 194 194 194 194 194 194 6 6 6 0 0 0 0 1 0 0 1
143 143 uniform 0 15 35 2 9.9999999999999995e-08 0.41270856575091047 0.0009681368609995699 0.00050301652727690401 2.0075060939870912 -0.13763693780860922 2.0075367123844039 0 -2.0071375404621019 2.8023515131614953 OK 13 12 0.61733499999999997 0.48161100000000001 0.226464 0.38812200000000002 0.211121 0 0.22921299999999994 0.27049000000000001 0.226464 0.021250999999999999 0.021520999999999998 0.019585999999999999 0.17343100000000009 0.21356300000000009 0.17248100000000005 0.0092960000000000004 0.0099559999999999996 0.0096310000000000007 0.0017130000000000001 0.0017719999999999997 0.0016599999999999998 2.802351960897016 2.802351960897016 2.802351960897016 4.3164722561566241e-08 4.3164722561566241e-08 4.3164722561566241e-08 1 1 1 Converged Converged Converged OK OK OK 194 194 194 194 194 194 6 6 6 0 0 0 0 1 0 0 1
143 143 uniform 0 23 35 3 9.9999999999999995e-08 0.41270856575091047 0.0009681368609995699 0.00050301652727690401 2.0075060939870912 -0.13763693780860922 2.0076066972925468 0 -2.0072075253702448 2.6512281902103929 OK 13 12 0.73891899999999999 0.59816999999999998 0.22422300000000001 0.51097000000000004 0.33179799999999998 0 0.22794899999999996 0.266372 0.22422300000000001 0.021415 0.021832000000000001 0.019387999999999999 0.171626 0.20919700000000022 0.17026500000000006 0.0095889999999999986 0.0098930000000000008 0.0097439999999999992 0.00175 0.001712 0.0016440000000000003 2.6512285614610769 2.6512285614610769 2.6512285614610769 1.3439035409516946e-07 1.3439035409516946e-07 1.3439035409516946e-07 1 1 1 Converged Converged Converged OK OK OK 194 194 194 194 194 194 6 6 6 0 0 0 0 1 0 0 1
143 143 uniform 1 0 36 0 0.0001 0.41270856575091047 0.0009681368609995699 0.00050301652727690401 2.0049529724172559 -0.13728338794617442 2.0048523691118003 0 -2.0044531971894983 2.5316027859433445 OK 13 12 0.57156399999999996 0.556732 0.124819 0.43825399999999998 0.43244100000000002 0 0.13330999999999998 0.12429099999999998 0.124819 0.027727999999999999 0.022235000000000001 0.021121999999999998 0.08567000000000001 0.083051999999999987 0.084793000000000049 0.0038430000000000001 0.0036709999999999998 0.0038669999999999998 0.0010889999999999999 0.0010739999999999999 0.001008 2.531602775758151 2.531602775758151 2.531602775758151 0.00023929127657065506 0.00023929127657065506 0.00023929127657065506 1 1 1 Converged Converged Converged OK OK OK 90 90 90 90 90 90 6 6 6 0 0 0 0 0 1 0 0
143 143 uniform 1 7 36 1 0.0001 0.41270856575091047 0.0009681368609995699 0.00050301652727690401 2.0049529724172559 -0.13728338794617442 2.0049136059064256 0 -2.0045144339841237 2.6452910735305628 OK 13 12 0.64586299999999996 0.489894 0.13233700000000001 0.50994799999999996 0.32386300000000001 0 0.13591500000000001 0.16603099999999998 0.13233700000000001 0.021343999999999998 0.021499000000000001 0.019629000000000001 0.095304999999999987 0.12259700000000003 0.09381600000000001 0.0045399999999999998 0.0044670000000000005 0.0045149999999999999 0.0011789999999999999 0.001219 0.001201 2.6452911859201098 2.6452911859201098 2.6452911859201098 0.00016139549363531784 0.00016139549363531784 0.00016139549363531784 1 1 1 Converged Converged Converged OK OK OK 106 106 106 106 106 106 6 6 6 0 0 0 0 1 0 0 1
143 143 uniform 1 15 36 2 0.0001 0.41270856575091047 0.0009681368609995699 0.00050301652727690401 2.0049529724172559 -0.13728338794617442 2.0049835908145686 0 -2.0045844188922666 2.7673261939162668 OK 13 12 0.554203 0.398198 0.126246 0.42435299999999998 0.24337900000000001 0 0.12985000000000002 0.15481899999999998 0.126246 0.021538999999999999 0.021472000000000002 0.019632 0.090313999999999964 0.11566499999999999 0.089191999999999994 0.0042469999999999999 0.0041639999999999993 0.0042510000000000004 0.001142 0.001126 0.0010739999999999999 2.7673263197378013 2.7673263197378013 2.7673263197378013 0.00015028981190536364 0.00015028981190536364 0.00015028981190536364 1 1 1 Converged Converged Converged OK OK OK 98 98 98 98 98 98 6 6 6 0 0 0 0 1 0 0 1
143 143 uniform 1 23 36 3 0.0001 0.41270856575091047 0.0009681368609995699 0.00050301652727690401 2.0049529724172559 -0.13728338794617442 2.0050535757227115 0 -2.0046544038004095 2.8814164359705012 OK 13 12 0.63200599999999996 0.48305100000000001 0.124516 0.50366999999999995 0.32771800000000001 0 0.12833600000000001 0.155333 0.124516 0.021356 0.021562000000000001 0.019514 0.089176999999999979 0.11573900000000004 0.087856000000000031 0.0040179999999999999 0.0042260000000000006 0.0040530000000000002 0.0011169999999999999 0.001098 0.001077 2.8814168681910255 2.8814168681910255 2.8814168681910255 0.00013233892065846948 0.00013233892065846948 0.00013233892065846948 1 1 1 Converged Converged Converged OK OK OK 98 98 98 98 98 98 6 6 6 0 0 0 0 1 0 0 1
143 143 uniform 1 0 36 0 1.0000000000000001e-05 0.41270856575091047 0.0009681368609995699 0.00050301652727690401 2.0049529724172559 -0.13728338794617442 2.0048523691118003 0 -2.0044531971894983 2.5316027859433445 OK 13 12 0.60841999999999996 0.60141299999999998 0.167911 0.43897999999999998 0.430838 0 0.16943999999999998 0.17057499999999998 0.167911 0.022103999999999999 0.022311000000000001 0.021180999999999998 0.12085099999999994 0.12132600000000003 0.12055100000000002 0.0056229999999999995 0.005739000000000001 0.0056090000000000011 0.0015380000000000001 0.0016490000000000001 0.0015220000000000001 2.531602875358189 2.531602875358189 2.531602875358189 1.8483379210527507e-05 1.8483379210527507e-05 1.8483379210527507e-05 1 1 1 Converged Converged Converged OK OK OK 130 130 130 130 130 130 6 6 6 0 0 0 0 0 1 0 0
143 143 uniform 1 7 36 1 1.0000000000000001e-05 0.41270856575091047 0.0009681368609995699 0.00050301652727690401 2.0049529724172559 -0.13728338794617442 2.0049136059064256 0 -2.0045144339841237 2.6452910735305628 OK 13 12 0.67204799999999998 0.52568800000000004 0.16072600000000001 0.504583 0.32944299999999999 0 0.16746499999999997 0.19624500000000006 0.16072600000000001 0.021121999999999998 0.021565999999999998 0.019684 0.12183300000000007 0.15025900000000006 0.11735899999999996 0.0056260000000000008 0.0056590000000000008 0.0055080000000000007 0.0014480000000000001 0.0015589999999999998 0.0014179999999999998 2.6452911872488305 2.6452911872488305 2.6452911872488305 8.567817452165582e-06 8.567817452165582e-06 8.567817452165582e-06 1 1 1 Converged Converged Converged OK OK OK 130 130 130 130 130 130 6 6 6 0 0 0 0 1 0 0 1
143 143 uniform 1 15 36 2 1.0000000000000001e-05 0.41270856575091047 0.0009681368609995699 0.00050301652727690401 2.0049529724172559 -0.13728338794617442 2.0049835908145686 0 -2.0045844188922666 2.7673261939162668 OK 13 12 0.587673 0.43803199999999998 0.16044 0.42331299999999999 0.244197 0 0.16436000000000001 0.19383499999999998 0.16044 0.021507999999999999 0.021569000000000001 0.019612999999999998 0.11853399999999996 0.14849399999999999 0.11752400000000002 0.0058089999999999991 0.0056760000000000005 0.0055510000000000004 0.001495 0.0014329999999999998 0.00142 2.7673263654178739 2.7673263654178739 2.7673263654178739 4.6401847233880984e-06 4.6401847233880984e-06 4.6401847233880984e-06 1 1 1 Converged Converged Converged OK OK OK 130 130 130 130 130 130 6 6 6 0 0 0 0 1 0 0 1
143 143 uniform 1 23 36 3 1.0000000000000001e-05 0.41270856575091047 0.0009681368609995699 0.00050301652727690401 2.0049529724172559 -0.13728338794617442 2.0050535757227115 0 -2.0046544038004095 2.8814164359705012 OK 13 12 0.67348200000000003 0.52351000000000003 0.16520699999999999 0.50895199999999996 0.32891999999999999 0 0.16453000000000007 0.19459000000000004 0.16520699999999999 0.021433000000000001 0.021700000000000001 0.019397999999999999 0.11825500000000003 0.14885800000000007 0.117192 0.005836 0.005666 0.0055609999999999991 0.0014579999999999999 0.0013249999999999998 0.00134 2.8814168987576916 2.8814168987576916 2.8814168987576916 2.8725278978324838e-06 2.8725278978324838e-06 2.8725278978324838e-06 1 1 1 Converged Converged Converged OK OK OK 130 130 130 130 130 130 6 6 6 0 0 0 0 1 0 0 1
143 143 uniform 1 0 36 0 9.9999999999999995e-07 0.41270856575091047 0.0009681368609995699 0.00050301652727690401 2.0049529724172559 -0.13728338794617442 2.0048523691118003 0 -2.0044531971894983 2.5316027859433445 OK 13 12 0.62193299999999996 0.61871699999999996 0.18412000000000001 0.43436599999999997 0.43163699999999999 0 0.18756699999999998 0.18707999999999997 0.18412000000000001 0.022252000000000001 0.022207999999999999 0.020972000000000001 0.13417999999999999 0.13407600000000008 0.13303300000000001 0.0063340000000000011 0.0063670000000000003 0.0063210000000000002 0.0017380000000000002 0.0016349999999999997 0.0015269999999999999 2.5316028721291266 2.5316028721291266 2.5316028721291266 8.3405973633175828e-07 8.3405973633175828e-07 8.3405973633175828e-07 1 1 1 Converged Converged Converged OK OK OK 146 146 146 146 146 146 6 6 6 0 0 0 0 0 1 0 0
143 143 uniform 1 7 36 1 9.9999999999999995e-07 0.41270856575091047 0.0009681368609995699 0.00050301652727690401 2.0049529724172559 -0.13728338794617442 2.0049136059064256 0 -2.0045144339841237 2.6452910735305628 OK 13 12 0.68266000000000004 0.53873499999999996 0.174567 0.50363800000000003 0.32822000000000001 0 0.17902200000000001 0.21051499999999995 0.174567 0.021208999999999999 0.021457 0.019503 0.1308919999999999 0.16262600000000002 0.12944300000000003 0.0063720000000000001 0.0062979999999999989 0.0061770000000000002 0.0016299999999999999 0.0015809999999999999 0.0014610000000000001 2.6452911866536262 2.6452911866536262 2.6452911866536262 3.1055860987379086e-07 3.1055860987379086e-07 3.1055860987379086e-07 1 1 1 Converged Converged Converged OK OK OK 146 146 146 146 146 146 6 6 6 0 0 0 0 1 0 0 1
143 143 uniform 1 15 36 2 9.9999999999999995e-07 0.41270856575091047 0.0009681368609995699 0.00050301652727690401 2.0049529724172559 -0.13728338794617442 2.0049835908145686 0 -2.0045844188922666 2.7673261939162668 OK 13 12 0.606213 0.45328800000000002 0.176007 0.426761 0.24330299999999999 0 0.179452 0.20998500000000003 0.176007 0.021663999999999999 0.021454000000000001 0.019613999999999999 0.13139100000000004 0.16226800000000005 0.13067000000000004 0.0063439999999999998 0.0064570000000000001 0.0062400000000000008 0.0015740000000000001 0.0016079999999999998 0.0015580000000000001 2.7673263652425062 2.7673263652425062 2.7673263652425062 1.7958065403863628e-07 1.7958065403863628e-07 1.7958065403863628e-07 1 1 1 Converged Converged Converged OK OK OK 146 146 146 146 146 146 6 6 6 0 0 0 0 1 0 0 1
143 143 uniform 1 23 36 3 9.9999999999999995e-07 0.41270856575091047 0.0009681368609995699 0.00050301652727690401 2.0049529724172559 -0.13728338794617442 2.0050535757227115 0 -2.0046544038004095 2.8814164359705012 OK 13 12 0.67201200000000005 0.52137 0.16263 0.50846499999999994 0.32708399999999999 0 0.16354700000000011 0.19428600000000001 0.16263 0.021113 0.021679 0.019387000000000001 0.11817499999999996 0.14849500000000002 0.11967300000000004 0.0055570000000000003 0.0056610000000000002 0.0055730000000000007 0.0013940000000000003 0.0014090000000000001 0.001384 2.8814168987576916 2.8814168987576916 2.8814168987576916 2.8725278978324838e-06 2.8725278978324838e-06 2.8725278978324838e-06 1 1 1 Converged Converged Converged OK OK OK 130 130 130 130 130 130 6 6 6 0 0 0 0 1 0 0 1
143 143 uniform 1 0 36 0 9.9999999999999995e-08 0.41270856575091047 0.0009681368609995699 0.00050301652727690401 2.0049529724172559 -0.13728338794617442 2.0048523691118003 0 -2.0044531971894983 2.5316027859433445 OK 13 12 0.62738799999999995 0.63039500000000004 0.193135 0.43318400000000001 0.43196000000000001 0 0.19420399999999993 0.19843500000000003 0.193135 0.022083999999999999 0.022109 0.021257000000000002 0.140318 0.14434699999999995 0.14048900000000003 0.006731 0.0067850000000000002 0.0067579999999999993 0.001771 0.00175 0.0016830000000000003 2.5316028721218777 2.5316028721218777 2.5316028721218777 2.1613384956617197e-07 2.1613384956617197e-07 2.1613384956617197e-07 1 1 1 Converged Converged Converged OK OK OK 154 154 154 154 154 154 6 6 6 0 0 0 0 0 1 0 0
143 143 uniform 1 7 36 1 9.9999999999999995e-08 0.41270856575091047 0.0009681368609995699 0.00050301652727690401 2.0049529724172559 -0.13728338794617442 2.0049136059064256 0 -2.0045144339841237 2.6452910735305628 OK 13 12 0.72055400000000003 0.57264899999999996 0.20907800000000001 0.50416700000000003 0.32311899999999999 0 0.216387 0.24952999999999997 0.20907800000000001 0.021288999999999999 0.021343000000000001 0.019699000000000001 0.1585619999999999 0.19547300000000006 0.15691899999999998 0.012359999999999998 0.0087539999999999996 0.0088069999999999989 0.001766 0.0017499999999999998 0.0017000000000000001 2.6452911866535227 2.6452911866535227 2.6452911866535227 1.4642051413847254e-07 1.4642051413847254e-07 1.4642051413847254e-07 1 1 1 Converged Converged Converged OK OK OK 178 178 178 178 178 178 6 6 6 0 0 0 0 1 0 0 1
143 143 uniform 1 15 36 2 9.9999999999999995e-08 0.41270856575091047 0.0009681368609995699 0.00050301652727690401 2.0049529724172559 -0.13728338794617442 2.0049835908145686 0 -2.0045844188922666 2.7673261939162668 OK 13 12 0.60372800000000004 0.45630900000000002 0.178258 0.42375000000000002 0.24324299999999999 0 0.17997800000000003 0.21306600000000003 0.178258 0.021406999999999999 0.021371000000000001 0.019448 0.13205300000000003 0.16542799999999999 0.13298199999999991 0.0063940000000000004 0.0064329999999999995 0.0063289999999999996 0.0016099999999999999 0.0015689999999999999 0.0015499999999999999 2.7673263652425062 2.7673263652425062 2.7673263652425062 1.7958065403863628e-07 1.7958065403863628e-07 1.7958065403863628e-07 1 1 1 Converged Converged Converged OK OK OK 146 146 146 146 146 146 6 6 6 0 0 0 0 1 0 0 1
143 143 uniform 1 23 36 3 9.9999999999999995e-08 0.41270856575091047 0.0009681368609995699 0.00050301652727690401 2.0049529724172559 -0.13728338794617442 2.0050535757227115 0 -2.0046544038004095 2.8814164359705012 OK 13 12 0.68889 0.53405899999999995 0.175654 0.50981500000000002 0.32463900000000001 0 0.17907499999999998 0.20941999999999994 0.175654 0.021173000000000001 0.021618999999999999 0.019435999999999998 0.13111900000000001 0.1615360000000001 0.13037100000000004 0.006463 0.0064019999999999997 0.0063210000000000011 0.0015530000000000001 0.0015740000000000001 0.0015090000000000001 2.8814168986504565 2.8814168986504565 2.8814168986504565 1.5807426535625232e-07 1.5807426535625232e-07 1.5807426535625232e-07 1 1 1 Converged Converged Converged OK OK OK 146 146 146 146 146 146 6 6 6 0 0 0 0 1 0 0 1
143 143 uniform 2 0 37 0 0.0001 0.41270856575091047 0.0009681368609995699 0.00050301652727690401 -0.00035119090745754057 0.00071279814977831242 -0.00045179421291292139 0 0.00085096613521478607 1049.4815345022819 OK 13 12 0.29770400000000002 0.29600500000000002 0.067036999999999999 0.22922400000000001 0.22802600000000001 0 0.068480000000000013 0.067979000000000012 0.067036999999999999 0.010562 0.010626999999999999 0.010316000000000001 0.043191999999999994 0.043186999999999996 0.042580999999999994 0.002849 0.0027400000000000002 0.0028189999999999999 0.00068699999999999989 0.00065800000000000006 0.00064599999999999998 1049.4814477558916 1049.4814477558916 1049.4814477558916 0.077310677812693296 0.077310677812693296 0.077310677812693296 1 1 1 Converged Converged Converged OK OK OK 53 53 53 53 53 53 3 3 3 0 0 0 0 0 1 0 0
143 143 uniform 2 7 37 1 0.0001 0.41270856575091047 0.0009681368609995699 0.00050301652727690401 -0.00035119090745754057 0.00071279814977831242 -0.00039055741828790695 0 0.00078972934058977153 1113.1052179224316 OK 13 12 0.31128299999999998 0.203626 0.078706999999999999 0.23103000000000001 0.066897999999999999 0 0.080252999999999963 0.13672800000000002 0.078706999999999999 0.0095890000000000003 0.0095619999999999993 0.0091039999999999992 0.053849000000000015 0.11071900000000001 0.053386000000000003 0.0035390000000000005 0.0034530000000000003 0.0034710000000000001 0.00084800000000000012 0.00082600000000000013 0.00081899999999999996 1113.1050650072793 1113.1050650072793 1113.1050650072793 0.02690669989769718 0.02690669989769718 0.02690669989769718 1 1 1 Converged Converged Converged OK OK OK 68 68 68 68 68 68 4 4 4 0 0 0 0 1 0 0 1
143 143 uniform 2 15 37 2 0.0001 0.41270856575091047 0.0009681368609995699 0.00050301652727690401 -0.00035119090745754057 0.00071279814977831242 -0.00032057251014503335 0 0.00071974443244689798 1208.4036598548264 OK 13 12 0.313303 0.20946400000000001 0.078353999999999993 0.232761 0.067745 0 0.080542000000000002 0.14171900000000001 0.078353999999999993 0.0094560000000000009 0.0096240000000000006 0.0090240000000000008 0.054159000000000027 0.11163200000000001 0.053064999999999994 0.0036289999999999994 0.0072969999999999997 0.0034860000000000004 0.00087399999999999999 0.00086399999999999997 0.000825 1208.403568019676 1208.403568019676 1208.403568019676 0.081944603618661363 0.081944603618661363 0.081944603618661363 1 1 1 Converged Converged Converged OK OK OK 68 68 68 68 68 68 4 4 4 0 0 0 0 1 0 0 1
143 143 uniform 2 23 37 3 0.0001 0.41270856575091047 0.0009681368609995699 0.00050301652727690401 -0.00035119090745754057 0.00071279814977831242 -0.00025058760200215974 0 0.00064975952430402443 1401.0965704225207 OK 13 12 0.35118300000000002 0.26575199999999999 0.108561 0.239144 0.068633 0 0.11203900000000003 0.19711899999999999 0.108561 0.010099 0.010026 0.0094830000000000001 0.080454000000000012 0.16575300000000001 0.078652 0.004561 0.0044970000000000001 0.0042840000000000005 0.0010099999999999998 0.0010009999999999999 0.00092899999999999992 1401.0960877357063 1401.0960877357063 1401.0960877357063 0.0023749204498081065 0.0023749204498081065 0.0023749204498081065 1 1 1 Converged Converged Converged OK OK OK 91 91 91 91 91 91 5 5 5 0 0 0 0 1 0 0 1
143 143 uniform 2 0 37 0 1.0000000000000001e-05 0.41270856575091047 0.0009681368609995699 0.00050301652727690401 -0.00035119090745754057 0.00071279814977831242 -0.00045179421291292139 0 0.00085096613521478607 1049.4815345022819 OK 13 12 0.35308200000000001 0.34366600000000003 0.114998 0.230764 0.22713 0 0.12231800000000001 0.11653600000000003 0.114998 0.010416999999999999 0.010482999999999999 0.010096000000000001 0.081963000000000022 0.076729999999999993 0.076299000000000006 0.0067289999999999997 0.0064740000000000006 0.0061309999999999993 0.00089999999999999998 0.00089399999999999994 0.00087200000000000005 1049.4814377126625 1049.4814377126625 1049.4814377126625 2.7789858842535241e-05 2.7789858842535241e-05 2.7789858842535241e-05 1 1 1 Converged Converged Converged OK OK OK 101 101 101 101 101 101 3 3 3 0 0 0 0 0 1 0 0
143 143 uniform 2 7 37 1 1.0000000000000001e-05 0.41270856575091047 0.0009681368609995699 0.00050301652727690401 -0.00035119090745754057 0.00071279814977831242 -0.00039055741828790695 0 0.00078972934058977153 1113.1052179224316 OK 13 12 0.36024899999999999 0.28603600000000001 0.123663 0.23342599999999999 0.067133999999999999 0 0.12682299999999999 0.21890200000000001 0.123663 0.0095860000000000008 0.0095999999999999992 0.0091789999999999997 0.086267000000000052 0.17885899999999996 0.084810999999999998 0.0072230000000000003 0.0069280000000000001 0.0067339999999999995 0.0011820000000000001 0.0011950000000000003 0.0011280000000000001 1113.1050621386812 1113.1050621386812 1113.1050621386812 0.0052350213569153491 0.0052350213569153491 0.0052350213569153491 1 1 1 Converged Converged Converged OK OK OK 116 116 116 116 116 116 4 4 4 0 0 0 0 1 0 0 1
143 143 uniform 2 15 37 2 1.0000000000000001e-05 0.41270856575091047 0.0009681368609995699 0.00050301652727690401 -0.00035119090745754057 0.00071279814977831242 -0.00032057251014503335 0 0.00071974443244689798 1208.4036598548264 OK 13 12 0.35278900000000002 0.28136899999999998 0.11533400000000001 0.23492299999999999 0.067845000000000003 0 0.11786600000000003 0.21352399999999999 0.11533400000000001 0.0094879999999999999 0.0095600000000000008 0.0090790000000000003 0.083540000000000031 0.17943400000000007 0.082196000000000005 0.0052480000000000001 0.0051510000000000002 0.005071 0.001085 0.001047 0.001021 1208.403568529114 1208.403568529114 1208.403568529114 0.0026007807567880628 0.0026007807567880628 0.0026007807567880628 1 1 1 Converged Converged Converged OK OK OK 100 100 100 100 100 100 4 4 4 0 0 0 0 1 0 0 1
143 143 uniform 2 23 37 3 1.0000000000000001e-05 0.41270856575091047 0.0009681368609995699 0.00050301652727690401 -0.00035119090745754057 0.00071279814977831242 -0.00025058760200215974 0 0.00064975952430402443 1401.0965704225207 OK 13 12 0.34794000000000003 0.26420199999999999 0.107336 0.23793700000000001 0.068185999999999997 0 0.11000300000000002 0.196016 0.107336 0.0099609999999999994 0.010036 0.0095289999999999993 0.080010999999999957 0.16629000000000008 0.078633000000000008 0.004424 0.0044080000000000005 0.0042170000000000003 0.0010609999999999999 0.00098400000000000007 0.001013 1401.0960877357063 1401.0960877357063 1401.0960877357063 0.0023749204498081065 0.0023749204498081065 0.0023749204498081065 1 1 1 Converged Converged Converged OK OK OK 91 91 91 91 91 91 5 5 5 0 0 0 0 1 0 0 1
143 143 uniform 2 0 37 0 9.9999999999999995e-07 0.41270856575091047 0.0009681368609995699 0.00050301652727690401 -0.00035119090745754057 0.00071279814977831242 -0.00045179421291292139 0 0.00085096613521478607 1049.4815345022819 OK 13 12 0.34256999999999999 0.34397100000000003 0.115811 0.22708400000000001 0.22674800000000001 0 0.11548599999999998 0.11722300000000002 0.115811 0.010220999999999999 0.010243 0.010295 0.076596000000000011 0.078599000000000002 0.076449999999999962 0.0061120000000000002 0.0059870000000000001 0.0062030000000000002 0.00090000000000000008 0.00091100000000000003 0.00094299999999999994 1049.4814377126625 1049.4814377126625 1049.4814377126625 2.7789858842535241e-05 2.7789858842535241e-05 2.7789858842535241e-05 1 1 1 Converged Converged Converged OK OK OK 101 101 101 101 101 101 3 3 3 0 0 0 0 0 1 0 0
143 143 uniform 2 7 37 1 9.9999999999999995e-07 0.41270856575091047 0.0009681368609995699 0.00050301652727690401 -0.00035119090745754057 0.00071279814977831242 -0.00039055741828790695 0 0.00078972934058977153 1113.1052179224316 OK 13 12 0.37745200000000001 0.32736399999999999 0.14643300000000001 0.229963 0.066048999999999997 0 0.14748900000000001 0.26131499999999996 0.14643300000000001 0.009502 0.0095250000000000005 0.0090840000000000001 0.10405799999999997 0.21784599999999996 0.10349700000000002 0.0076490000000000004 0.0075370000000000012 0.0077549999999999997 0.001196 0.00124 0.0012459999999999999 1113.1050621370525 1113.1050621370525 1113.1050621370525 8.4608266876693224e-06 8.4608266876693224e-06 8.4608266876693224e-06 1 1 1 Converged Converged Converged OK OK OK 132 132 132 132 132 132 4 4 4 0 0 0 0 1 0 0 1
143 143 uniform 2 15 37 2 9.9999999999999995e-07 0.41270856575091047 0.0009681368609995699 0.00050301652727690401 -0.00035119090745754057 0.00071279814977831242 -0.00032057251014503335 0 0.00071974443244689798 1208.4036598548264 OK 13 12 0.37751499999999999 0.32706299999999999 0.14411199999999999 0.233324 0.066618999999999998 0 0.14419099999999999 0.26044400000000001 0.14411199999999999 0.0094970000000000002 0.009476 0.0091559999999999992 0.10109500000000003 0.21713099999999996 0.10132799999999996 0.0075460000000000006 0.0075360000000000002 0.0077219999999999997 0.0012279999999999999 0.0011929999999999998 0.0012690000000000002 1208.4035685370388 1208.4035685370388 1208.4035685370388 1.554015809396643e-06 1.554015809396643e-06 1.554015809396643e-06 1 1 1 Converged Converged Converged OK OK OK 132 132 132 132 132 132 4 4 4 0 0 0 0 1 0 0 1
143 143 uniform 2 23 37 3 9.9999999999999995e-07 0.41270856575091047 0.0009681368609995699 0.00050301652727690401 -0.00035119090745754057 0.00071279814977831242 -0.00025058760200215974 0 0.00064975952430402443 1401.0965704225207 OK 13 12 0.373224 0.32311400000000001 0.13686799999999999 0.23456399999999999 0.068682999999999994 0 0.13866000000000001 0.25443100000000002 0.13686799999999999 0.010102999999999999 0.010022 0.0095010000000000008 0.099791999999999978 0.214534 0.098785999999999943 0.0066610000000000003 0.0071390000000000004 0.0067850000000000002 0.0011039999999999999 0.001111 0.001083 1401.0960877218165 1401.0960877218165 1401.0960877218165 0.00049438149681247138 0.00049438149681247138 0.00049438149681247138 1 1 1 Converged Converged Converged OK OK OK 123 123 123 123 123 123 5 5 5 0 0 0 0 1 0 0 1
143 143 uniform 2 0 37 0 9.9999999999999995e-08 0.41270856575091047 0.0009681368609995699 0.00050301652727690401 -0.00035119090745754057 0.00071279814977831242 -0.00045179421291292139 0 0.00085096613521478607 1049.4815345022819 OK 13 12 0.34469300000000003 0.345891 0.11518200000000001 0.22744900000000001 0.23060700000000001 0 0.11724400000000001 0.115284 0.11518200000000001 0.010284 0.010401000000000001 0.010123999999999999 0.077573000000000045 0.07643400000000003 0.076717000000000007 0.0063169999999999997 0.0060870000000000004 0.0060270000000000002 0.0009140000000000001 0.00092800000000000001 0.00089300000000000002 1049.4814377126625 1049.4814377126625 1049.4814377126625 2.7789858842535241e-05 2.7789858842535241e-05 2.7789858842535241e-05 1 1 1 Converged Converged Converged OK OK OK 101 101 101 101 101 101 3 3 3 0 0 0 0 0 1 0 0
143 143 uniform 2 7 37 1 9.9999999999999995e-08 0.41270856575091047 0.0009681368609995699 0.00050301652727690401 -0.00035119090745754057 0.00071279814977831242 -0.00039055741828790695 0 0.00078972934058977153 1113.1052179224316 OK 13 12 0.38361800000000001 0.32941199999999998 0.146455 0.230409 0.066712999999999995 0 0.15320900000000001 0.26269900000000002 0.146455 0.0096860000000000002 0.0096620000000000004 0.0091920000000000005 0.10904800000000002 0.218974 0.10388799999999999 0.007901 0.0076260000000000008 0.0074990000000000005 0.0012769999999999999 0.0012490000000000001 0.001219 1113.1050621370525 1113.1050621370525 1113.1050621370525 8.4608266876693224e-06 8.4608266876693224e-06 8.4608266876693224e-06 1 1 1 Converged Converged Converged OK OK OK 132 132 132 132 132 132 4 4 4 0 0 0 0 1 0 0 1
143 143 uniform 2 15 37 2 9.9999999999999995e-08 0.41270856575091047 0.0009681368609995699 0.00050301652727690401 -0.00035119090745754057 0.00071279814977831242 -0.00032057251014503335 0 0.00071974443244689798 1208.4036598548264 OK 13 12 0.37790699999999999 0.33008500000000002 0.143681 0.23212099999999999 0.067701999999999998 0 0.145786 0.26238300000000003 0.143681 0.0095720000000000006 0.0096340000000000002 0.0090869999999999996 0.10188599999999999 0.21861399999999998 0.10131799999999998 0.0079889999999999996 0.0076519999999999999 0.0075320000000000005 0.001222 0.0012239999999999998 0.0012049999999999999 1208.4035685370388 1208.4035685370388 1208.4035685370388 1.554015809396643e-06 1.554015809396643e-06 1.554015809396643e-06 1 1 1 Converged Converged Converged OK OK OK 132 132 132 132 132 132 4 4 4 0 0 0 0 1 0 0 1
143 143 uniform 2 23 37 3 9.9999999999999995e-08 0.41270856575091047 0.0009681368609995699 0.00050301652727690401 -0.00035119090745754057 0.00071279814977831242 -0.00025058760200215974 0 0.00064975952430402443 1401.0965704225207 OK 13 12 0.43766500000000003 0.44149500000000003 0.19914200000000001 0.23486599999999999 0.067969000000000002 0 0.20279900000000003 0.37352600000000002 0.19914200000000001 0.010101000000000001 0.01004 0.0095119999999999996 0.148594 0.31965099999999996 0.14743399999999998 0.010712000000000001 0.010229 0.010018000000000001 0.0015740000000000001 0.0014649999999999999 0.001307 1401.0960877218895 1401.0960877218895 1401.0960877218895 9.146426026224927e-08 9.146426026224927e-08 9.146426026224927e-08 1 1 1 Converged Converged Converged OK OK OK 171 171 171 171 171 171 5 5 5 0 0 0 0 1 0 0 1
143 143 uniform 3 0 38 0 0.0001 0.41270856575091047 0.0009681368609995699 0.00050301652727690401 2.0050216139560755 0.13808837738407173 2.0049210106506199 0 -2.0045218387283179 1.4681331671500231 OK 13 12 0.37226900000000002 0.376641 0.093593999999999997 0.27655000000000002 0.28154600000000002 0 0.095718999999999999 0.095094999999999985 0.093593999999999997 0.0090989999999999994 0.0089289999999999994 0.0085159999999999993 0.065338000000000021 0.065252000000000018 0.064559000000000033 0.0038250000000000003 0.00381 0.0037530000000000003 0.00081000000000000006 0.00083500000000000013 0.00076600000000000008 1.4681331550420249 1.4681331550420249 1.4681331550420249 4.249626444827464e-05 4.249626444827464e-05 4.249626444827464e-05 1 1 1 Converged Converged Converged OK OK OK 77 77 77 77 77 77 3 3 3 0 0 0 0 0 1 0 0
143 143 uniform 3 7 38 1 0.0001 0.41270856575091047 0.0009681368609995699 0.00050301652727690401 2.0050216139560755 0.13808837738407173 2.0049822474452452 0 -2.0045830755229432 1.4738760673274061 OK 13 12 0.481159 0.33174300000000001 0.090316999999999995 0.389214 0.21002899999999999 0 0.091944999999999999 0.12171400000000002 0.090316999999999995 0.0081469999999999997 0.0082229999999999994 0.0076680000000000003 0.064924000000000023 0.094545999999999963 0.064383999999999983 0.0038860000000000001 0.0039420000000000002 0.0037639999999999996 0.00080699999999999999 0.00080699999999999988 0.000767 1.4738760551608032 1.4738760551608032 1.4738760551608032 4.3570576764568225e-05 4.3570576764568225e-05 4.3570576764568225e-05 1 1 1 Converged Converged Converged OK OK OK 77 77 77 77 77 77 3 3 3 0 0 0 0 1 0 0 1
143 143 uniform 3 15 38 2 0.0001 0.41270856575091047 0.0009681368609995699 0.00050301652727690401 2.0050216139560755 0.13808837738407173 2.0050522323533881 0 -2.0046530604310862 1.480674577501796 OK 13 12 0.483462 0.32987699999999998 0.090911000000000006 0.39059500000000003 0.207872 0 0.092866999999999977 0.12200499999999997 0.090911000000000006 0.0081089999999999999 0.0081099999999999992 0.0076769999999999998 0.065772999999999984 0.095006000000000049 0.064914000000000013 0.0038510000000000003 0.003888 0.0037520000000000001 0.00080699999999999999 0.00077999999999999999 0.00076300000000000011 1.4806745652655147 1.4806745652655147 1.4806745652655147 4.4861020121699523e-05 4.4861020121699523e-05 4.4861020121699523e-05 1 1 1 Converged Converged Converged OK OK OK 77 77 77 77 77 77 3 3 3 0 0 0 0 1 0 0 1
143 143 uniform 3 23 38 3 0.0001 0.41270856575091047 0.0009681368609995699 0.00050301652727690401 2.0050216139560755 0.13808837738407173 2.0051222172615311 0 -2.0047230453392291 1.4877501071547159 OK 13 12 0.504386 0.36894399999999999 0.090695999999999999 0.41266999999999998 0.24812899999999999 0 0.09171600000000002 0.12081500000000001 0.090695999999999999 0.0080409999999999995 0.0080850000000000002 0.0076790000000000001 0.064936000000000021 0.093918000000000015 0.064654000000000003 0.0038899999999999998 0.0038889999999999997 0.0038679999999999999 0.00078400000000000008 0.00084699999999999999 0.00075799999999999999 1.4877500948431055 1.4877500948431055 1.4877500948431055 4.6223302783758387e-05 4.6223302783758387e-05 4.6223302783758387e-05 1 1 1 Converged Converged Converged OK OK OK 77 77 77 77 77 77 3 3 3 0 0 0 0 1 0 0 1
143 143 uniform 3 0 38 0 1.0000000000000001e-05 0.41270856575091047 0.0009681368609995699 0.00050301652727690401 2.0050216139560755 0.13808837738407173 2.0049210106506199 0 -2.0045218387283179 1.4681331671500231 OK 13 12 0.38960600000000001 0.39292199999999999 0.112868 0.27307900000000002 0.27911799999999998 0 0.11652699999999999 0.11380400000000002 0.112868 0.0089339999999999992 0.0088210000000000007 0.0084740000000000006 0.082694999999999991 0.080203999999999998 0.079888000000000015 0.0047479999999999996 0.004764 0.0046480000000000002 0.000892 0.00090200000000000002 0.00088000000000000003 1.4681331550356791 1.4681331550356791 1.4681331550356791 1.0832633699532007e-10 1.0832633699532007e-10 1.0832633699532007e-10 1 1 1 Converged Converged Converged OK OK OK 93 93 93 93 93 93 3 3 3 0 0 0 0 0 1 0 0
143 143 uniform 3 7 38 1 1.0000000000000001e-05 0.41270856575091047 0.0009681368609995699 0.00050301652727690401 2.0050216139560755 0.13808837738407173 2.0049822474452452 0 -2.0045830755229432 1.4738760673274061 OK 13 12 0.50924000000000003 0.35548099999999999 0.109806 0.38927899999999999 0.21149000000000001 0 0.11996100000000004 0.14399099999999998 0.109806 0.009384 0.0080829999999999999 0.0077140000000000004 0.087041000000000007 0.11331000000000004 0.079924999999999996 0.0048709999999999995 0.0047260000000000002 0.0046249999999999998 0.00092900000000000003 0.00090499999999999988 0.00086499999999999999 1.4738760551543257 1.4738760551543257 1.4738760551543257 1.2192469379423209e-10 1.2192469379423209e-10 1.2192469379423209e-10 1 1 1 Converged Converged Converged OK OK OK 93 93 93 93 93 93 3 3 3 0 0 0 0 1 0 0 1
143 143 uniform 3 15 38 2 1.0000000000000001e-05 0.41270856575091047 0.0009681368609995699 0.00050301652727690401 2.0050216139560755 0.13808837738407173 2.0050522323533881 0 -2.0046530604310862 1.480674577501796 OK 13 12 0.51528200000000002 0.34938200000000003 0.11058800000000001 0.39095099999999999 0.20507400000000001 0 0.12433100000000002 0.14430800000000002 0.11058800000000001 0.0093539999999999995 0.0081550000000000008 0.0076769999999999998 0.091304999999999997 0.113542 0.080614000000000019 0.0048700000000000002 0.0047470000000000004 0.0046930000000000001 0.00095200000000000005 0.00088000000000000014 0.00086899999999999998 1.480674565259064 1.480674565259064 1.480674565259064 1.4165470460134862e-10 1.4165470460134862e-10 1.4165470460134862e-10 1 1 1 Converged Converged Converged OK OK OK 93 93 93 93 93 93 3 3 3 0 0 0 0 1 0 0 1
143 143 uniform 3 23 38 3 1.0000000000000001e-05 0.41270856575091047 0.0009681368609995699 0.00050301652727690401 2.0050216139560755 0.13808837738407173 2.0051222172615311 0 -2.0047230453392291 1.4877501071547159 OK 13 12 0.53356099999999995 0.38816899999999999 0.11013299999999999 0.41839399999999999 0.24036099999999999 0 0.11516699999999996 0.14780799999999999 0.11013299999999999 0.0093650000000000001 0.0079570000000000005 0.0075830000000000003 0.082620000000000027 0.11722500000000005 0.080376999999999962 0.0048840000000000003 0.0047689999999999998 0.0046259999999999999 0.00090000000000000019 0.00090399999999999996 0.00086499999999999999 1.4877500948369979 1.4877500948369979 1.4877500948369979 1.6478452522591501e-10 1.6478452522591501e-10 1.6478452522591501e-10 1 1 1 Converged Converged Converged OK OK OK 93 93 93 93 93 93 3 3 3 0 0 0 0 1 0 0 1
143 143 uniform 3 0 38 0 9.9999999999999995e-07 0.41270856575091047 0.0009681368609995699 0.00050301652727690401 2.0050216139560755 0.13808837738407173 2.0049210106506199 0 -2.0045218387283179 1.4681331671500231 OK 13 12 0.391206 0.388048 0.113162 0.27647899999999997 0.27391799999999999 0 0.11472700000000002 0.11413000000000001 0.113162 0.0089460000000000008 0.0089599999999999992 0.0086379999999999998 0.08046600000000001 0.080412999999999998 0.080089999999999967 0.0047489999999999997 0.0046930000000000001 0.0046379999999999998 0.00088499999999999994 0.00088000000000000003 0.00086799999999999996 1.4681331550356791 1.4681331550356791 1.4681331550356791 1.0832633699532007e-10 1.0832633699532007e-10 1.0832633699532007e-10 1 1 1 Converged Converged Converged OK OK OK 93 93 93 93 93 93 3 3 3 0 0 0 0 0 1 0 0
143 143 uniform 3 7 38 1 9.9999999999999995e-07 0.41270856575091047 0.0009681368609995699 0.00050301652727690401 2.0050216139560755 0.13808837738407173 2.0049822474452452 0 -2.0045830755229432 1.4738760673274061 OK 13 12 0.50392599999999999 0.35453699999999999 0.11955200000000001 0.39247500000000002 0.20807700000000001 0 0.11145099999999997 0.14645999999999998 0.11955200000000001 0.0081759999999999992 0.0081440000000000002 0.0076969999999999998 0.080333999999999975 0.11542400000000004 0.089473999999999984 0.0046990000000000001 0.0047260000000000002 0.0047330000000000002 0.00090100000000000011 0.00092900000000000003 0.00088100000000000006 1.4738760551543257 1.4738760551543257 1.4738760551543257 1.2192469379423209e-10 1.2192469379423209e-10 1.2192469379423209e-10 1 1 1 Converged Converged Converged OK OK OK 93 93 93 93 93 93 3 3 3 0 0 0 0 1 0 0 1
143 143 uniform 3 15 38 2 9.9999999999999995e-07 0.41270856575091047 0.0009681368609995699 0.00050301652727690401 2.0050216139560755 0.13808837738407173 2.0050522323533881 0 -2.0046530604310862 1.480674577501796 OK 13 12 0.49802999999999997 0.34964699999999999 0.110344 0.38600200000000001 0.20488799999999999 0 0.11202799999999996 0.144759 0.110344 0.0081060000000000004 0.0081729999999999997 0.007633 0.081108999999999987 0.113966 0.080418999999999949 0.0046969999999999998 0.0047250000000000009 0.0046740000000000002 0.00089099999999999997 0.00089900000000000006 0.00086700000000000004 1.480674565259064 1.480674565259064 1.480674565259064 1.4165470460134862e-10 1.4165470460134862e-10 1.4165470460134862e-10 1 1 1 Converged Converged Converged OK OK OK 93 93 93 93 93 93 3 3 3 0 0 0 0 1 0 0 1
143 143 uniform 3 23 38 3 9.9999999999999995e-07 0.41270856575091047 0.0009681368609995699 0.00050301652727690401 2.0050216139560755 0.13808837738407173 2.0051222172615311 0 -2.0047230453392291 1.4877501071547159 OK 13 12 0.52553000000000005 0.38556299999999999 0.110404 0.413742 0.240732 0 0.11178800000000005 0.14483099999999999 0.110404 0.0080269999999999994 0.0081169999999999992 0.0076400000000000001 0.081056000000000003 0.11403000000000003 0.080438999999999997 0.0047189999999999992 0.0047169999999999998 0.004811000000000001 0.00089499999999999996 0.00089400000000000005 0.00086899999999999987 1.4877500948369979 1.4877500948369979 1.4877500948369979 1.6478452522591501e-10 1.6478452522591501e-10 1.6478452522591501e-10 1 1 1 Converged Converged Converged OK OK OK 93 93 93 93 93 93 3 3 3 0 0 0 0 1 0 0 1
143 143 uniform 3 0 38 0 9.9999999999999995e-08 0.41270856575091047 0.0009681368609995699 0.00050301652727690401 2.0050216139560755 0.13808837738407173 2.0049210106506199 0 -2.0045218387283179 1.4681331671500231 OK 13 12 0.38635199999999997 0.38990900000000001 0.11290799999999999 0.27211200000000002 0.27577699999999999 0 0.11423999999999995 0.11413200000000001 0.11290799999999999 0.0089079999999999993 0.0089669999999999993 0.0084510000000000002 0.080462000000000006 0.080389999999999975 0.079819999999999933 0.0046589999999999999 0.0046819999999999995 0.0046509999999999998 0.00088199999999999997 0.00088299999999999989 0.00087000000000000001 1.4681331550356791 1.4681331550356791 1.4681331550356791 1.0832633699532007e-10 1.0832633699532007e-10 1.0832633699532007e-10 1 1 1 Converged Converged Converged OK OK OK 93 93 93 93 93 93 3 3 3 0 0 0 0 0 1 0 0
143 143 uniform 3 7 38 1 9.9999999999999995e-08 0.41270856575091047 0.0009681368609995699 0.00050301652727690401 2.0050216139560755 0.13808837738407173 2.0049822474452452 0 -2.0045830755229432 1.4738760673274061 OK 13 12 0.49868499999999999 0.35391400000000001 0.10977199999999999 0.38564100000000001 0.20944699999999999 0 0.11304399999999998 0.14446700000000001 0.10977199999999999 0.0081939999999999999 0.0081969999999999994 0.0077149999999999996 0.082154000000000033 0.11365900000000002 0.079773999999999984 0.0047789999999999994 0.0047260000000000002 0.0046620000000000003 0.00091100000000000003 0.00091900000000000011 0.00086199999999999992 1.4738760551543257 1.4738760551543257 1.4738760551543257 1.2192469379423209e-10 1.2192469379423209e-10 1.2192469379423209e-10 1 1 1 Converged Converged Converged OK OK OK 93 93 93 93 93 93 3 3 3 0 0 0 0 1 0 0 1
143 143 uniform 3 15 38 2 9.9999999999999995e-08 0.41270856575091047 0.0009681368609995699 0.00050301652727690401 2.0050216139560755 0.13808837738407173 2.0050522323533881 0 -2.0046530604310862 1.480674577501796 OK 13 12 0.49576999999999999 0.35472300000000001 0.110295 0.38369599999999998 0.21013499999999999 0 0.11207400000000001 0.14458800000000002 0.110295 0.0080960000000000008 0.0081349999999999999 0.0076759999999999997 0.081109999999999988 0.11370499999999999 0.080353999999999967 0.0048240000000000002 0.0047760000000000007 0.004627 0.00088900000000000003 0.00093899999999999995 0.00086600000000000002 1.480674565259064 1.480674565259064 1.480674565259064 1.4165470460134862e-10 1.4165470460134862e-10 1.4165470460134862e-10 1 1 1 Converged Converged Converged OK OK OK 93 93 93 93 93 93 3 3 3 0 0 0 0 1 0 0 1
143 143 uniform 3 23 38 3 9.9999999999999995e-08 0.41270856575091047 0.0009681368609995699 0.00050301652727690401 2.0050216139560755 0.13808837738407173 2.0051222172615311 0 -2.0047230453392291 1.4877501071547159 OK 13 12 0.52418200000000004 0.38741100000000001 0.112065 0.41074500000000003 0.242863 0 0.11343700000000001 0.14454800000000001 0.112065 0.0079360000000000003 0.0083289999999999996 0.0076779999999999999 0.081120999999999999 0.11362699999999999 0.082084000000000032 0.0046480000000000002 0.0046999999999999993 0.0047150000000000004 0.00088800000000000001 0.00092400000000000002 0.00091499999999999991 1.4877500948369979 1.4877500948369979 1.4877500948369979 1.6478452522591501e-10 1.6478452522591501e-10 1.6478452522591501e-10 1 1 1 Converged Converged Converged OK OK OK 93 93 93 93 93 93 3 3 3 0 0 0 0 1 0 0 1
143 143 uniform 4 0 39 0 0.0001 0.41270856575091047 0.0009681368609995699 0.00050301652727690401 -0.00061142786895461952 0.0010173543792243967 -0.00071203117441000034 0 0.0011112030967118649 721.260867212476 OK 13 12 0.28265499999999999 0.28184799999999999 0.062875 0.218498 0.21864400000000001 0 0.064156999999999992 0.063203999999999982 0.062875 0.010018000000000001 0.0098809999999999992 0.0096609999999999994 0.040052000000000011 0.039647000000000009 0.039517000000000004 0.0026050000000000001 0.0025820000000000001 0.002578 0.000553 0.0005579999999999999 0.00055600000000000007 721.26078439575701 721.26078439575701 721.26078439575701 0.02156816188264634 0.02156816188264634 0.02156816188264634 1 1 1 Converged Converged Converged OK OK OK 53 53 53 53 53 53 3 3 3 0 0 0 0 0 1 0 0
143 143 uniform 4 7 39 1 0.0001 0.41270856575091047 0.0009681368609995699 0.00050301652727690401 -0.00061142786895461952 0.0010173543792243967 -0.00065079437978498591 0 0.0010499663020868506 744.51415055217819 OK 13 12 0.28206900000000001 0.16245299999999999 0.059878000000000001 0.22089 0.065059000000000006 0 0.061179000000000011 0.097393999999999981 0.059878000000000001 0.0092149999999999992 0.009273 0.00894 0.039063999999999988 0.075537000000000007 0.038588000000000004 0.0026340000000000001 0.002575 0.0025430000000000001 0.00056000000000000006 0.00056700000000000001 0.000544 744.51406794658999 744.51406794658999 744.51406794658999 0.015598733751055057 0.015598733751055057 0.015598733751055057 1 1 1 Converged Converged Converged OK OK OK 53 53 53 53 53 53 3 3 3 0 0 0 0 1 0 0 1
143 143 uniform 4 15 39 2 0.0001 0.41270856575091047 0.0009681368609995699 0.00050301652727690401 -0.00061142786895461952 0.0010173543792243967 -0.00058080947164211236 0 0.00097998139394397704 772.854079043811 OK 13 12 0.28251300000000001 0.16209200000000001 0.059637000000000003 0.21823799999999999 0.065463999999999994 0 0.064275000000000027 0.096628000000000019 0.059637000000000003 0.0091750000000000009 0.009247 0.0088760000000000002 0.038908999999999999 0.074806999999999998 0.038527999999999993 0.002591 0.002532 0.0025370000000000002 0.00055199999999999997 0.00055699999999999999 0.00054600000000000004 772.85400752355019 772.85400752355019 772.85400752355019 0.0099153069575667867 0.0099153069575667867 0.0099153069575667867 1 1 1 Converged Converged Converged OK OK OK 53 53 53 53 53 53 3 3 3 0 0 0 0 1 0 0 1
143 143 uniform 4 23 39 3 0.0001 0.41270856575091047 0.0009681368609995699 0.00050301652727690401 -0.00061142786895461952 0.0010173543792243967 -0.0005108245634992387 0 0.00090999648580110328 803.22835380668198 OK 13 12 0.282941 0.16545099999999999 0.060469000000000002 0.22151599999999999 0.068073999999999996 0 0.061425000000000007 0.097376999999999991 0.060469000000000002 0.0091850000000000005 0.0093369999999999998 0.0088950000000000001 0.039550000000000002 0.075345999999999982 0.039247999999999991 0.0025370000000000002 0.0025859999999999998 0.0025579999999999999 0.00054900000000000001 0.00057600000000000001 0.00054799999999999998 803.22828785442016 803.22828785442016 803.22828785442016 0.011617504878787909 0.011617504878787909 0.011617504878787909 1 1 1 Converged Converged Converged OK OK OK 53 53 53 53 53 53 3 3 3 0 0 0 0 1 0 0 1
143 143 uniform 4 0 39 0 1.0000000000000001e-05 0.41270856575091047 0.0009681368609995699 0.00050301652727690401 -0.00061142786895461952 0.0010173543792243967 -0.00071203117441000034 0 0.0011112030967118649 721.260867212476 OK 13 12 0.30179299999999998 0.29593599999999998 0.077323000000000003 0.22276899999999999 0.217783 0 0.079023999999999983 0.078152999999999972 0.077323000000000003 0.0099080000000000001 0.0099410000000000002 0.009554 0.051117999999999997 0.050558000000000027 0.050255000000000008 0.0035080000000000003 0.0035070000000000001 0.0034079999999999996 0.00069800000000000005 0.00072199999999999999 0.000669 721.26078292857005 721.26078292857005 721.26078292857005 0.00080964737213232076 0.00080964737213232076 0.00080964737213232076 1 1 1 Converged Converged Converged OK OK OK 69 69 69 69 69 69 3 3 3 0 0 0 0 0 1 0 0
143 143 uniform 4 7 39 1 1.0000000000000001e-05 0.41270856575091047 0.0009681368609995699 0.00050301652727690401 -0.00061142786895461952 0.0010173543792243967 -0.00065079437978498591 0 0.0010499663020868506 744.51415055217819 OK 13 12 0.29585899999999998 0.18832399999999999 0.077912999999999996 0.220361 0.064421000000000006 0 0.075497999999999982 0.12390299999999999 0.077912999999999996 0.0092560000000000003 0.0094260000000000004 0.0089960000000000005 0.049650000000000007 0.098107000000000028 0.052646000000000005 0.0034139999999999999 0.0033610000000000003 0.0033880000000000004 0.00066500000000000001 0.00067000000000000002 0.00069000000000000008 744.51406708007971 744.51406708007971 744.51406708007971 0.00079923255647433567 0.00079923255647433567 0.00079923255647433567 1 1 1 Converged Converged Converged OK OK OK 69 69 69 69 69 69 3 3 3 0 0 0 0 1 0 0 1
143 143 uniform 4 15 39 2 1.0000000000000001e-05 0.41270856575091047 0.0009681368609995699 0.00050301652727690401 -0.00061142786895461952 0.0010173543792243967 -0.00058080947164211236 0 0.00097998139394397704 772.854079043811 OK 13 12 0.29372900000000002 0.18850900000000001 0.074788999999999994 0.21799299999999999 0.064667000000000002 0 0.075736000000000026 0.12384200000000001 0.074788999999999994 0.0093430000000000006 0.0093139999999999994 0.0088859999999999998 0.049833999999999996 0.098104999999999984 0.049658000000000015 0.0034280000000000001 0.0033769999999999998 0.0033760000000000001 0.00066399999999999999 0.00066299999999999996 0.00066199999999999994 772.85400725101579 772.85400725101579 772.85400725101579 0.00078323757952975599 0.00078323757952975599 0.00078323757952975599 1 1 1 Converged Converged Converged OK OK OK 69 69 69 69 69 69 3 3 3 0 0 0 0 1 0 0 1
143 143 uniform 4 23 39 3 1.0000000000000001e-05 0.41270856575091047 0.0009681368609995699 0.00050301652727690401 -0.00061142786895461952 0.0010173543792243967 -0.0005108245634992387 0 0.00090999648580110328 803.22835380668198 OK 13 12 0.30457699999999999 0.19104399999999999 0.077393000000000003 0.22115099999999999 0.064876000000000003 0 0.083426 0.126168 0.077393000000000003 0.0092770000000000005 0.0093640000000000008 0.00894 0.057453000000000011 0.10016000000000001 0.052169 0.0034859999999999999 0.0034270000000000004 0.0034409999999999996 0.00069500000000000009 0.00068100000000000007 0.00066100000000000002 803.22828809108523 803.22828809108523 803.22828809108523 0.00076241578123559348 0.00076241578123559348 0.00076241578123559348 1 1 1 Converged Converged Converged OK OK OK 69 69 69 69 69 69 3 3 3 0 0 0 0 1 0 0 1
143 143 uniform 4 0 39 0 9.9999999999999995e-07 0.41270856575091047 0.0009681368609995699 0.00050301652727690401 -0.00061142786895461952 0.0010173543792243967 -0.00071203117441000034 0 0.0011112030967118649 721.260867212476 OK 13 12 0.33356799999999998 0.32945099999999999 0.10838100000000001 0.22378600000000001 0.220248 0 0.10978199999999996 0.10920299999999999 0.10838100000000001 0.0099959999999999997 0.0098639999999999995 0.0097099999999999999 0.07162099999999999 0.071594000000000019 0.071129999999999999 0.0057300000000000007 0.0057390000000000002 0.0056639999999999998 0.00081899999999999996 0.00081799999999999993 0.00076100000000000007 721.26078292921989 721.26078292921989 721.26078292921989 1.2900281103956708e-05 1.2900281103956708e-05 1.2900281103956708e-05 1 1 1 Converged Converged Converged OK OK OK 101 101 101 101 101 101 3 3 3 0 0 0 0 0 1 0 0
143 143 uniform 4 7 39 1 9.9999999999999995e-07 0.41270856575091047 0.0009681368609995699 0.00050301652727690401 -0.00061142786895461952 0.0010173543792243967 -0.00065079437978498591 0 0.0010499663020868506 744.51415055217819 OK 13 12 0.328295 0.243337 0.10492 0.2223 0.066160999999999998 0 0.10599500000000001 0.177176 0.10492 0.0092110000000000004 0.0093340000000000003 0.0089269999999999992 0.071087000000000011 0.14213999999999999 0.070671999999999985 0.005646 0.0057020000000000005 0.0056610000000000002 0.00080300000000000011 0.00081999999999999998 0.00080300000000000011 744.51406708073625 744.51406708073625 744.51406708073625 1.1164999216419786e-05 1.1164999216419786e-05 1.1164999216419786e-05 1 1 1 Converged Converged Converged OK OK OK 101 101 101 101 101 101 3 3 3 0 0 0 0 1 0 0 1
143 143 uniform 4 15 39 2 9.9999999999999995e-07 0.41270856575091047 0.0009681368609995699 0.00050301652727690401 -0.00061142786895461952 0.0010173543792243967 -0.00058080947164211236 0 0.00097998139394397704 772.854079043811 OK 13 12 0.32653900000000002 0.248414 0.10637000000000001 0.21920799999999999 0.064668000000000003 0 0.10733100000000004 0.18374599999999999 0.10637000000000001 0.0091579999999999995 0.0092790000000000008 0.0088880000000000001 0.072534999999999988 0.14879100000000003 0.072135999999999978 0.0057130000000000002 0.0056940000000000003 0.0057140000000000003 0.00076800000000000002 0.00079400000000000011 0.00077599999999999989 772.85400725164675 772.85400725164675 772.85400725164675 9.3226190429142193e-06 9.3226190429142193e-06 9.3226190429142193e-06 1 1 1 Converged Converged Converged OK OK OK 101 101 101 101 101 101 3 3 3 0 0 0 0 1 0 0 1
143 143 uniform 4 23 39 3 9.9999999999999995e-07 0.41270856575091047 0.0009681368609995699 0.00050301652727690401 -0.00061142786895461952 0.0010173543792243967 -0.0005108245634992387 0 0.00090999648580110328 803.22835380668198 OK 13 12 0.30671799999999999 0.19084200000000001 0.077410999999999994 0.22805900000000001 0.064665 0 0.078658999999999979 0.12617700000000001 0.077410999999999994 0.0091800000000000007 0.0093849999999999992 0.0088789999999999997 0.052689000000000021 0.099983000000000016 0.052208999999999985 0.0034589999999999998 0.0034429999999999999 0.0034019999999999996 0.00069300000000000004 0.00069099999999999999 0.00066699999999999995 803.22828809108523 803.22828809108523 803.22828809108523 0.00076241578123559348 0.00076241578123559348 0.00076241578123559348 1 1 1 Converged Converged Converged OK OK OK 69 69 69 69 69 69 3 3 3 0 0 0 0 1 0 0 1
143 143 uniform 4 0 39 0 9.9999999999999995e-08 0.41270856575091047 0.0009681368609995699 0.00050301652727690401 -0.00061142786895461952 0.0010173543792243967 -0.00071203117441000034 0 0.0011112030967118649 721.260867212476 OK 13 12 0.32712200000000002 0.34459099999999998 0.111218 0.21731 0.231409 0 0.10981200000000002 0.11318199999999998 0.111218 0.010012 0.011318 0.0097719999999999994 0.071727000000000027 0.073303000000000035 0.071078000000000016 0.005842 0.0058840000000000003 0.0084769999999999984 0.00079799999999999999 0.00085800000000000004 0.00078200000000000003 721.26078292921989 721.26078292921989 721.26078292921989 1.2900281103956708e-05 1.2900281103956708e-05 1.2900281103956708e-05 1 1 1 Converged Converged Converged OK OK OK 101 101 101 101 101 101 3 3 3 0 0 0 0 0 1 0 0
143 143 uniform 4 7 39 1 9.9999999999999995e-08 0.41270856575091047 0.0009681368609995699 0.00050301652727690401 -0.00061142786895461952 0.0010173543792243967 -0.00065079437978498591 0 0.0010499663020868506 744.51415055217819 OK 13 12 0.33799400000000002 0.25260700000000003 0.104615 0.22826299999999999 0.069517999999999996 0 0.10973100000000002 0.18308900000000003 0.104615 0.010754 0.010654 0.0089099999999999995 0.072529999999999997 0.14586499999999999 0.070387000000000005 0.0059690000000000003 0.0057199999999999994 0.0056649999999999999 0.00085499999999999997 0.000843 0.00079900000000000001 744.51406708073625 744.51406708073625 744.51406708073625 1.1164999216419786e-05 1.1164999216419786e-05 1.1164999216419786e-05 1 1 1 Converged Converged Converged OK OK OK 101 101 101 101 101 101 3 3 3 0 0 0 0 1 0 0 1
143 143 uniform 4 15 39 2 9.9999999999999995e-08 0.41270856575091047 0.0009681368609995699 0.00050301652727690401 -0.00061142786895461952 0.0010173543792243967 -0.00058080947164211236 0 0.00097998139394397704 772.854079043811 OK 13 12 0.334926 0.24324999999999999 0.106138 0.22342699999999999 0.064454999999999998 0 0.11149900000000001 0.17879499999999998 0.106138 0.010547000000000001 0.0093670000000000003 0.0088850000000000005 0.074635999999999966 0.14375899999999997 0.072014000000000022 0.0059229999999999994 0.0057019999999999996 0.0057129999999999993 0.00079700000000000007 0.00076899999999999994 0.00076599999999999997 772.85400725164675 772.85400725164675 772.85400725164675 9.3226190429142193e-06 9.3226190429142193e-06 9.3226190429142193e-06 1 1 1 Converged Converged Converged OK OK OK 101 101 101 101 101 101 3 3 3 0 0 0 0 1 0 0 1
143 143 uniform 4 23 39 3 9.9999999999999995e-08 0.41270856575091047 0.0009681368609995699 0.00050301652727690401 -0.00061142786895461952 0.0010173543792243967 -0.0005108245634992387 0 0.00090999648580110328 803.22835380668198 OK 13 12 0.33913500000000002 0.24335899999999999 0.106908 0.22705 0.064619999999999997 0 0.11208500000000002 0.17873899999999998 0.106908 0.010462000000000001 0.0092639999999999997 0.0089470000000000001 0.075076000000000004 0.14344400000000007 0.072624999999999981 0.0059000000000000007 0.0057169999999999999 0.005692 0.000812 0.000767 0.00078200000000000003 803.22828809174416 803.22828809174416 803.22828809174416 7.5977890720851925e-06 7.5977890720851925e-06 7.5977890720851925e-06 1 1 1 Converged Converged Converged OK OK OK 101 101 101 101 101 101 3 3 3 0 0 0 0 1 0 0 1
