# V2 adaptive trajectory benchmark; value-only; radial-only topology prebuilt; full-cold D14/topology per epoch; full-warm L2 D14 warm seed; repeats median; n_r=adaptive
case_id configuration_id profile d_bin_index epoch_index trajectory_id trajectory_pos target s q rho x y time u X reference topology_status topology_cells topology_events cold_ms warm_ms radial_ms cold_topology_ms warm_topology_ms radial_topology_ms cold_adaptive_ms warm_adaptive_ms radial_adaptive_ms cold_setup_ms warm_setup_ms radial_setup_ms cold_physical_ms warm_physical_ms radial_physical_ms cold_estimator_ms warm_estimator_ms radial_estimator_ms cold_scheduler_ms warm_scheduler_ms radial_scheduler_ms cold_mu warm_mu radial_mu cold_error warm_error radial_error cold_value_converged warm_value_converged radial_value_converged cold_stop warm_stop radial_stop cold_status warm_status radial_status cold_nodes warm_nodes radial_nodes cold_evaluations warm_evaluations radial_evaluations cold_panels warm_panels radial_panels cold_splits warm_splits radial_splits warm_l1 warm_l2 warm_l3 warm_rescreen_fail warm_seed_used
0 0 linear 0 0 0 0 0.001 0.2310772011499552 0.56332240832139935 0.00017266345397718498 1.1409911177008178 -4.0472265932659397 1.1409565850100225 0.5 -1.0576909932376057 7.037894869661673 OK 13 12 53.574983000000003 53.4375 0.276474 53.279828999999999 53.139524000000002 0 0.29515400000000369 0.29797599999999846 0.276474 0.011547999999999999 0.011580999999999999 0.010944000000000001 0.25127000000000005 0.25470700000000002 0.23707299999999998 0.0058190000000000004 0.0060300000000000006 0.0052849999999999998 0.001284 0.001181 0.00092599999999999996 7.0379226907888537 7.0379226907888537 7.0379226907888537 0.0069709170379530687 0.0069709170379530687 0.0069709170379530687 1 1 1 Converged Converged Converged OK OK OK 67 67 67 67 67 67 5 5 5 0 0 0 0 0 1 0 0
0 0 linear 0 7 0 1 0.001 0.2310772011499552 0.56332240832139935 0.00017266345397718498 1.1409911177008178 -4.0472265932659397 1.1409776049087674 0.5 -1.0577120131363507 7.1651902970737442 OK 13 12 53.316670999999999 53.233345999999997 0.28010699999999999 52.953572000000001 52.799366999999997 0 0.36309899999999828 0.43397900000000078 0.28010699999999999 0.011686 0.010468 0.010677000000000001 0.31873699999999999 0.39066899999999977 0.24628800000000001 0.006561 0.0067609999999999996 0.00462 0.0015009999999999999 0.002065 0.00092800000000000001 7.1651756850427599 7.1651756850427599 7.1651756850427599 0.0042243841136262823 0.0042243841136262823 0.0042243841136262823 1 1 1 Converged Converged Converged OK OK OK 83 83 83 83 83 83 5 5 5 0 0 0 0 1 0 0 1
0 0 linear 0 15 0 2 0.001 0.2310772011499552 0.56332240832139935 0.00017266345397718498 1.1409911177008178 -4.0472265932659397 1.1410016276501904 0.5 -1.0577360358777737 7.2540663721087535 OK 13 12 53.765766999999997 53.581522 0.300566 53.359946999999998 53.156829999999999 0 0.40581999999999852 0.42469200000000029 0.300566 0.01227 0.010909 0.0091579999999999995 0.35579199999999989 0.37057400000000007 0.26060099999999997 0.0085259999999999989 0.0071650000000000004 0.0046340000000000001 0.002843 0.0014869999999999998 0.0011180000000000001 7.2540425509600803 7.2540425509600803 7.2540425509600803 0.0047351340955985441 0.0047351340955985441 0.0047351340955985441 1 1 1 Converged Converged Converged OK OK OK 91 91 91 91 91 91 5 5 5 0 0 0 0 1 0 0 1
0 0 linear 0 23 0 3 0.001 0.2310772011499552 0.56332240832139935 0.00017266345397718498 1.1409911177008178 -4.0472265932659397 1.1410256503916132 0.5 -1.0577600586191964 7.2792531935334868 OK 13 12 53.621492000000003 53.652538 0.30054199999999998 53.210228999999998 53.190869999999997 0 0.41126300000000526 0.46166800000000308 0.30054199999999998 0.01166 0.010461 0.009103 0.36568699999999987 0.41645400000000005 0.26874100000000001 0.0093619999999999988 0.0086049999999999998 0.0047259999999999993 0.001555 0.0026719999999999999 0.0010629999999999999 7.2793514851610421 7.2793514851610421 7.2793514851610421 0.0045131773167326038 0.0045131773167326038 0.0045131773167326038 1 1 1 Converged Converged Converged OK OK OK 91 91 91 91 91 91 5 5 5 0 0 0 0 1 0 0 1
0 0 linear 0 0 0 0 0.0001 0.2310772011499552 0.56332240832139935 0.00017266345397718498 1.1409911177008178 -4.0472265932659397 1.1409565850100225 0.5 -1.0576909932376057 7.037894869661673 OK 13 12 53.622619999999998 53.751471000000002 0.40860600000000002 53.171852000000001 53.360388999999998 0 0.4507679999999965 0.39108200000000437 0.40860600000000002 0.011461000000000001 0.011526 0.011181 0.38573499999999988 0.33435400000000015 0.34658800000000006 0.010145 0.0091000000000000004 0.0077429999999999999 0.0036810000000000002 0.0016960000000000002 0.0014839999999999996 7.037916549943767 7.037916549943767 7.037916549943767 0.00061097229468243903 0.00061097229468243903 0.00061097229468243903 1 1 1 Converged Converged Converged OK OK OK 107 107 107 107 107 107 5 5 5 0 0 0 0 0 1 0 0
0 0 linear 0 7 0 1 0.0001 0.2310772011499552 0.56332240832139935 0.00017266345397718498 1.1409911177008178 -4.0472265932659397 1.1409776049087674 0.5 -1.0577120131363507 7.1651902970737442 OK 13 12 53.401169000000003 53.384520999999999 0.40326800000000002 52.892778 52.842965 0 0.50839100000000315 0.54155599999999993 0.40326800000000002 0.011743 0.011387 0.010602 0.43133299999999986 0.47029900000000019 0.35735699999999992 0.010322999999999999 0.011727999999999999 0.0070320000000000001 0.0019299999999999999 0.0028880000000000004 0.0014129999999999998 7.1651536136369565 7.1651536136369565 7.1651536136369565 0.00032612592464771378 0.00032612592464771378 0.00032612592464771378 1 1 1 Converged Converged Converged OK OK OK 123 123 123 123 123 123 5 5 5 0 0 0 0 1 0 0 1
0 0 linear 0 15 0 2 0.0001 0.2310772011499552 0.56332240832139935 0.00017266345397718498 1.1409911177008178 -4.0472265932659397 1.1410016276501904 0.5 -1.0577360358777737 7.2540663721087535 OK 13 12 53.797009000000003 53.714353000000003 0.39711999999999997 53.283866000000003 53.100172999999998 0 0.51314299999999946 0.61418000000000461 0.39711999999999997 0.011672 0.010494 0.010475999999999999 0.45730300000000007 0.5577209999999998 0.35341899999999998 0.010072999999999999 0.010922000000000001 0.0064350000000000015 0.0029179999999999996 0.0028389999999999999 0.0014779999999999999 7.2540771215429523 7.2540771215429523 7.2540771215429523 0.00044980356117638241 0.00044980356117638241 0.00044980356117638241 1 1 1 Converged Converged Converged OK OK OK 123 123 123 123 123 123 5 5 5 0 0 0 0 1 0 0 1
0 0 linear 0 23 0 3 0.0001 0.2310772011499552 0.56332240832139935 0.00017266345397718498 1.1409911177008178 -4.0472265932659397 1.1410256503916132 0.5 -1.0577600586191964 7.2792531935334868 OK 13 12 53.880301000000003 53.836213000000001 0.40575 53.354306999999999 53.217523999999997 0 0.52599400000000429 0.61868900000000338 0.40575 0.011624000000000001 0.010389000000000001 0.0095610000000000001 0.46845899999999996 0.56288899999999975 0.363672 0.011483 0.012045 0.0062459999999999998 0.0024870000000000001 0.001846 0.0013489999999999999 7.2793538566257574 7.2793538566257574 7.2793538566257574 0.00042741280698350059 0.00042741280698350059 0.00042741280698350059 1 1 1 Converged Converged Converged OK OK OK 123 123 123 123 123 123 5 5 5 0 0 0 0 1 0 0 1
0 0 linear 1 0 1 0 0.001 0.2310772011499552 0.56332240832139935 0.00017266345397718498 -0.025946740223949404 -0.00013422659447861403 -0.025981272914744842 0.5 0.10924686468716169 589.76910771294774 OK 15 15 1.1047260000000001 1.1371979999999999 0.34268100000000001 0.75614700000000001 0.76309199999999999 0 0.34857900000000008 0.37410599999999994 0.34268100000000001 0.012263 0.013150999999999999 0.011853000000000001 0.29168099999999997 0.31549300000000002 0.28840099999999996 0.0054739999999999997 0.0054389999999999994 0.0051700000000000001 0.0014990000000000001 0.0015140000000000002 0.0014140000000000001 589.76731831372365 589.76731831372365 589.76731831372365 0.37759342414535807 0.37759342414535807 0.37759342414535807 1 1 1 Converged Converged Converged OK OK OK 105 105 105 105 105 105 7 7 7 0 0 0 0 0 1 0 0
0 0 linear 1 7 1 1 0.001 0.2310772011499552 0.56332240832139935 0.00017266345397718498 -0.025946740223949404 -0.00013422659447861403 -0.025960253015999791 0.5 0.10922584478841664 593.08183624951698 OK 15 15 0.94912799999999997 0.86563599999999996 0.32884200000000002 0.616568 0.49361100000000002 0 0.33255999999999997 0.37202499999999994 0.32884200000000002 0.01261 0.013662000000000001 0.011731 0.29139900000000007 0.33166800000000002 0.29076199999999991 0.0060149999999999995 0.005200999999999999 0.0052170000000000003 0.0013480000000000002 0.00132 0.0013319999999999999 593.09247526628167 593.09247526628167 593.09247526628167 0.32958847976937183 0.32958847976937183 0.32958847976937183 1 1 1 Converged Converged Converged OK OK OK 105 105 105 105 105 105 7 7 7 0 0 0 0 1 0 0 1
0 0 linear 1 15 1 2 0.001 0.2310772011499552 0.56332240832139935 0.00017266345397718498 -0.025946740223949404 -0.00013422659447861403 -0.02593623027457688 0.5 0.10920182204699373 596.52004720667082 OK 16 15 1.1847399999999999 1.064017 0.45722600000000002 0.72519100000000003 0.57484599999999997 0 0.45954899999999987 0.48917100000000002 0.45722600000000002 0.012622 0.012474000000000001 0.011702000000000001 0.40876900000000005 0.44028399999999984 0.41067900000000024 0.0069510000000000006 0.0063300000000000006 0.0059640000000000006 0.0015100000000000001 0.0013980000000000002 0.0013340000000000003 596.53003682974679 596.53003682974679 596.53003682974679 0.35116707200867314 0.35116707200867314 0.35116707200867314 1 1 1 Converged Converged Converged OK OK OK 128 128 128 128 128 128 8 8 8 0 0 0 0 1 0 0 1
0 0 linear 1 23 1 3 0.001 0.2310772011499552 0.56332240832139935 0.00017266345397718498 -0.025946740223949404 -0.00013422659447861403 -0.025912207533153965 0.5 0.10917779930557081 599.53614633227335 OK 16 15 0.99969200000000003 0.89368499999999995 0.438446 0.55483899999999997 0.41492899999999999 0 0.44485300000000005 0.47875599999999996 0.438446 0.012459 0.012685999999999999 0.011622 0.4007730000000001 0.43368699999999999 0.39723399999999986 0.0064869999999999997 0.00662 0.0056289999999999995 0.0014240000000000001 0.0013990000000000001 0.0012869999999999999 599.54254534181996 599.54254534181996 599.54254534181996 0.35680225543579008 0.35680225543579008 0.35680225543579008 1 1 1 Converged Converged Converged OK OK OK 128 128 128 128 128 128 8 8 8 0 0 0 0 1 0 0 1
0 0 linear 1 0 1 0 0.0001 0.2310772011499552 0.56332240832139935 0.00017266345397718498 -0.025946740223949404 -0.00013422659447861403 -0.025981272914744842 0.5 0.10924686468716169 589.76910771294774 OK 15 15 1.280365 1.2699940000000001 0.520818 0.75467200000000001 0.75164900000000001 0 0.52569299999999997 0.51834500000000006 0.520818 0.012212000000000001 0.011871 0.011724999999999999 0.43746599999999985 0.43385299999999988 0.43677099999999996 0.0090259999999999993 0.0078920000000000014 0.0080099999999999998 0.001815 0.0016440000000000003 0.001748 589.77282612189231 589.77282612189231 589.77282612189231 0.052781350480719177 0.052781350480719177 0.052781350480719177 1 1 1 Converged Converged Converged OK OK OK 153 153 153 153 153 153 7 7 7 0 0 0 0 0 1 0 0
0 0 linear 1 7 1 1 0.0001 0.2310772011499552 0.56332240832139935 0.00017266345397718498 -0.025946740223949404 -0.00013422659447861403 -0.025960253015999791 0.5 0.10922584478841664 593.08183624951698 OK 15 15 1.0529580000000001 0.95068699999999995 0.42386800000000002 0.62432299999999996 0.48822300000000002 0 0.4286350000000001 0.46246399999999993 0.42386800000000002 0.012562 0.012511 0.011851 0.37882600000000016 0.41413599999999995 0.37690900000000005 0.0080440000000000008 0.0073569999999999998 0.0070679999999999996 0.001691 0.0015690000000000001 0.0015660000000000001 593.08564034785877 593.08564034785877 593.08564034785877 0.039263553918068489 0.039263553918068489 0.039263553918068489 1 1 1 Converged Converged Converged OK OK OK 137 137 137 137 137 137 7 7 7 0 0 0 0 1 0 0 1
0 0 linear 1 15 1 2 0.0001 0.2310772011499552 0.56332240832139935 0.00017266345397718498 -0.025946740223949404 -0.00013422659447861403 -0.02593623027457688 0.5 0.10920182204699373 596.52004720667082 OK 16 15 1.4420010000000001 1.3038529999999999 0.68456799999999995 0.72691399999999995 0.581959 0 0.71508700000000014 0.72189399999999992 0.68456799999999995 0.012775999999999999 0.012690999999999999 0.011717999999999999 0.64420600000000028 0.65299800000000008 0.61956099999999981 0.013162 0.012264000000000001 0.010628 0.00216 0.0021410000000000001 0.0018670000000000002 596.52485324238057 596.52485324238057 596.52485324238057 0.035895822013788894 0.035895822013788894 0.035895822013788894 1 1 1 Converged Converged Converged OK OK OK 192 192 192 192 192 192 8 8 8 0 0 0 0 1 0 0 1
0 0 linear 1 23 1 3 0.0001 0.2310772011499552 0.56332240832139935 0.00017266345397718498 -0.025946740223949404 -0.00013422659447861403 -0.025912207533153965 0.5 0.10917779930557081 599.53614633227335 OK 16 15 1.2414210000000001 1.1193150000000001 0.67172799999999999 0.56264099999999995 0.41846 0 0.67878000000000016 0.70085500000000001 0.67172799999999999 0.013883 0.012735 0.011546000000000001 0.61651399999999956 0.63940499999999978 0.61372100000000018 0.011308 0.011383000000000001 0.010385999999999999 0.0019120000000000001 0.0018289999999999999 0.0017690000000000002 599.53810312492749 599.53810312492749 599.53810312492749 0.034717586447021748 0.034717586447021748 0.034717586447021748 1 1 1 Converged Converged Converged OK OK OK 192 192 192 192 192 192 8 8 8 0 0 0 0 1 0 0 1
0 0 linear 2 0 2 0 0.001 0.2310772011499552 0.56332240832139935 0.00017266345397718498 1.1410334214605786 -4.0468798240857806 1.1409988887697833 0.5 -1.0577332969973665 2.3667306603356812 OK 13 12 37.622011999999998 37.603656000000001 0.20909800000000001 37.398885 37.36242 0 0.22312699999999808 0.24123600000000067 0.20909800000000001 0.012666 0.011648 0.012026 0.18015600000000001 0.19903999999999997 0.17114799999999999 0.005953 0.0053889999999999997 0.0045509999999999995 0.001088 0.001008 0.00082400000000000008 2.3667291596036724 2.3667291596036724 2.3667291596036724 0.001934415320598421 0.001934415320598421 0.001934415320598421 1 1 1 Converged Converged Converged OK OK OK 61 61 61 61 61 61 3 3 3 0 0 0 0 0 1 0 0
0 0 linear 2 7 2 1 0.001 0.2310772011499552 0.56332240832139935 0.00017266345397718498 1.1410334214605786 -4.0468798240857806 1.1410199086685282 0.5 -1.0577543168961114 2.4102124914501046 OK 13 12 51.444682 51.413716999999998 0.20790700000000001 51.207189999999997 51.104804000000001 0 0.23749200000000315 0.30891299999999688 0.20790700000000001 0.010957 0.01039 0.010995 0.20078600000000002 0.27193599999999996 0.17559799999999995 0.0055960000000000003 0.0061139999999999996 0.0039139999999999999 0.00098899999999999986 0.00097199999999999999 0.0007310000000000001 2.4102109454225378 2.4102109454225378 2.4102109454225378 0.0019349087191439746 0.0019349087191439746 0.0019349087191439746 1 1 1 Converged Converged Converged OK OK OK 61 61 61 61 61 61 3 3 3 0 0 0 0 1 0 0 1
0 0 linear 2 15 2 2 0.001 0.2310772011499552 0.56332240832139935 0.00017266345397718498 1.1410334214605786 -4.0468798240857806 1.1410439314099512 0.5 -1.0577783396375344 2.4659820375089936 OK 13 12 51.794578000000001 51.70543 0.181368 51.554156999999996 51.371591000000002 0 0.24042100000000488 0.33383899999999755 0.181368 0.010454 0.010219000000000001 0.0091719999999999996 0.20260999999999996 0.29536699999999988 0.15323599999999996 0.0073099999999999997 0.0076170000000000005 0.003388 0.00089099999999999997 0.00094600000000000001 0.00065200000000000002 2.4659804224859272 2.4659804224859272 2.4659804224859272 0.00193547688133071 0.00193547688133071 0.00193547688133071 1 1 1 Converged Converged Converged OK OK OK 61 61 61 61 61 61 3 3 3 0 0 0 0 1 0 0 1
0 0 linear 2 23 2 3 0.001 0.2310772011499552 0.56332240832139935 0.00017266345397718498 1.1410334214605786 -4.0468798240857806 1.141067954151374 0.5 -1.0578023623789572 2.5300573667300794 OK 13 12 53.750771 53.654288000000001 0.19159300000000001 53.508868999999997 53.343567999999998 0 0.24190200000000317 0.31072000000000344 0.19159300000000001 0.011155 0.011165 0.009299 0.20156999999999997 0.27424599999999999 0.16327499999999998 0.007626 0.0055139999999999998 0.0033790000000000001 0.00092500000000000004 0.00098600000000000011 0.00066600000000000003 2.5300557252343201 2.5300557252343201 2.5300557252343201 0.0019360507043538575 0.0019360507043538575 0.0019360507043538575 1 1 1 Converged Converged Converged OK OK OK 61 61 61 61 61 61 3 3 3 0 0 0 0 1 0 0 1
0 0 linear 2 0 2 0 0.0001 0.2310772011499552 0.56332240832139935 0.00017266345397718498 1.1410334214605786 -4.0468798240857806 1.1409988887697833 0.5 -1.0577332969973665 2.3667306603356812 OK 13 12 37.669980000000002 37.791518000000003 0.32782899999999998 37.323621000000003 37.482847999999997 0 0.34635899999999964 0.30867000000000644 0.32782899999999998 0.012735 0.011017000000000001 0.010309 0.28366100000000005 0.25174900000000006 0.27138500000000004 0.0094359999999999999 0.0091099999999999983 0.0080610000000000005 0.0012879999999999999 0.00132 0.0010840000000000001 2.366729160658418 2.366729160658418 2.366729160658418 5.1799599004893549e-08 5.1799599004893549e-08 5.1799599004893549e-08 1 1 1 Converged Converged Converged OK OK OK 93 93 93 93 93 93 3 3 3 0 0 0 0 0 1 0 0
0 0 linear 2 7 2 1 0.0001 0.2310772011499552 0.56332240832139935 0.00017266345397718498 1.1410334214605786 -4.0468798240857806 1.1410199086685282 0.5 -1.0577543168961114 2.4102124914501046 OK 13 12 51.508375999999998 51.475580999999998 0.25525900000000001 51.233176999999998 51.069893999999998 0 0.27519900000000064 0.40568700000000035 0.25525900000000001 0.010829999999999999 0.010366 0.0095610000000000001 0.23269500000000004 0.36019299999999987 0.21770799999999996 0.0067429999999999999 0.0083879999999999996 0.0053939999999999995 0.001111 0.0014649999999999999 0.00086800000000000006 2.4102109463500576 2.4102109463500576 2.4102109463500576 0.00024076789281735482 0.00024076789281735482 0.00024076789281735482 1 1 1 Converged Converged Converged OK OK OK 77 77 77 77 77 77 3 3 3 0 0 0 0 1 0 0 1
0 0 linear 2 15 2 2 0.0001 0.2310772011499552 0.56332240832139935 0.00017266345397718498 1.1410334214605786 -4.0468798240857806 1.1410439314099512 0.5 -1.0577783396375344 2.4659820375089936 OK 13 12 51.843851000000001 51.758045000000003 0.22045600000000001 51.560720000000003 51.367685999999999 0 0.28313099999999736 0.39035900000000368 0.22045600000000001 0.011083000000000001 0.010403000000000001 0.0091540000000000007 0.24039199999999999 0.34717200000000015 0.18718999999999994 0.0064399999999999995 0.0076179999999999998 0.0041949999999999999 0.0011069999999999999 0.001116 0.00080000000000000004 2.4659804234077263 2.4659804234077263 2.4659804234077263 0.00024133606683884713 0.00024133606683884713 0.00024133606683884713 1 1 1 Converged Converged Converged OK OK OK 77 77 77 77 77 77 3 3 3 0 0 0 0 1 0 0 1
0 0 linear 2 23 2 3 0.0001 0.2310772011499552 0.56332240832139935 0.00017266345397718498 1.1410334214605786 -4.0468798240857806 1.141067954151374 0.5 -1.0578023623789572 2.5300573667300794 OK 13 12 53.626896000000002 53.634645999999996 0.222909 53.372982999999998 53.216970000000003 0 0.25391300000000427 0.41767599999999305 0.222909 0.010585000000000001 0.010619 0.0093939999999999996 0.21264399999999997 0.37179600000000007 0.18947000000000003 0.006686000000000001 0.0088289999999999983 0.0042510000000000004 0.0010529999999999999 0.0011130000000000001 0.00077799999999999994 2.5300557261586096 2.5300557261586096 2.5300557261586096 0.00024190991475460426 0.00024190991475460426 0.00024190991475460426 1 1 1 Converged Converged Converged OK OK OK 77 77 77 77 77 77 3 3 3 0 0 0 0 1 0 0 1
0 0 linear 3 0 3 0 0.001 0.2310772011499552 0.56332240832139935 0.00017266345397718498 0.019011618393043918 -0.00044021513465950505 0.018977085702248479 0.5 0.064288506070168366 488.05744869038392 OK 15 14 0.72245599999999999 0.72452899999999998 0.18157999999999999 0.53966899999999995 0.53960600000000003 0 0.18278700000000003 0.18492299999999995 0.18157999999999999 0.015563 0.015844 0.015032 0.13548399999999999 0.13631399999999999 0.13542199999999999 0.0046239999999999996 0.0048599999999999997 0.00445 0.00096199999999999996 0.0010170000000000001 0.00096800000000000011 488.05716329461848 488.05716329461848 488.05716329461848 0.47021223287289643 0.47021223287289643 0.47021223287289643 1 1 1 Converged Converged Converged OK OK OK 83 83 83 83 83 83 5 5 5 0 0 0 0 0 1 0 0
0 0 linear 3 7 3 1 0.001 0.2310772011499552 0.56332240832139935 0.00017266345397718498 0.019011618393043918 -0.00044021513465950505 0.01899810560099353 0.5 0.064267486171423319 497.79328032918818 OK 15 14 0.827488 0.78342900000000004 0.17391699999999999 0.65112300000000001 0.48582700000000001 0 0.17636499999999999 0.29760200000000003 0.17391699999999999 0.014768 0.014659999999999999 0.014019999999999999 0.13534599999999997 0.25587599999999999 0.13422299999999998 0.0045690000000000001 0.0047539999999999995 0.0043379999999999998 0.0010369999999999999 0.0010909999999999997 0.001036 497.79296944733449 497.79296944733449 497.79296944733449 0.48479189166936615 0.48479189166936615 0.48479189166936615 1 1 1 Converged Converged Converged OK OK OK 83 83 83 83 83 83 5 5 5 0 0 0 0 1 0 0 1
0 0 linear 3 15 3 2 0.001 0.2310772011499552 0.56332240832139935 0.00017266345397718498 0.019011618393043918 -0.00044021513465950505 0.019022128342416442 0.5 0.064243463430000411 510.01613600715001 OK 15 14 0.84172100000000005 0.79959499999999994 0.17641599999999999 0.66319899999999998 0.50862300000000005 0 0.17852200000000007 0.2909719999999999 0.17641599999999999 0.014912 0.014824 0.014286999999999999 0.137236 0.24953400000000001 0.13660899999999998 0.0044779999999999993 0.0046239999999999996 0.0043550000000000004 0.00096900000000000003 0.00098200000000000023 0.00095800000000000008 510.01575430523633 510.01575430523633 510.01575430523633 0.50466256529897346 0.50466256529897346 0.50466256529897346 1 1 1 Converged Converged Converged OK OK OK 83 83 83 83 83 83 5 5 5 0 0 0 0 1 0 0 1
0 0 linear 3 23 3 3 0.001 0.2310772011499552 0.56332240832139935 0.00017266345397718498 0.019011618393043918 -0.00044021513465950505 0.019046151083839356 0.5 0.064219440688577489 523.73830156079396 OK 15 14 0.79933100000000001 0.782497 0.20511799999999999 0.59558299999999997 0.42295300000000002 0 0.20374800000000004 0.35954399999999997 0.20511799999999999 0.014645 0.014501999999999999 0.013853000000000001 0.15633100000000003 0.31197400000000008 0.15913700000000006 0.0054529999999999995 0.0057390000000000002 0.005398 0.001132 0.0011300000000000001 0.0011030000000000002 523.73782250076636 523.73782250076636 523.73782250076636 0.13634903681592117 0.13634903681592117 0.13634903681592117 1 1 1 Converged Converged Converged OK OK OK 99 99 99 99 99 99 5 5 5 0 0 0 0 1 0 0 1
0 0 linear 3 0 3 0 0.0001 0.2310772011499552 0.56332240832139935 0.00017266345397718498 0.019011618393043918 -0.00044021513465950505 0.018977085702248479 0.5 0.064288506070168366 488.05744869038392 OK 15 14 0.77384200000000003 0.77483000000000002 0.236288 0.54005099999999995 0.53550200000000003 0 0.23379100000000008 0.23932799999999999 0.236288 0.015467 0.015296000000000001 0.014775 0.17409100000000008 0.18002899999999994 0.17759899999999995 0.0062770000000000005 0.0062960000000000004 0.0062560000000000011 0.0012490000000000001 0.0012410000000000001 0.0012030000000000001 488.05716442285001 488.05716442285001 488.05716442285001 0.017933015289303779 0.017933015289303779 0.017933015289303779 1 1 1 Converged Converged Converged OK OK OK 115 115 115 115 115 115 5 5 5 0 0 0 0 0 1 0 0
0 0 linear 3 7 3 1 0.0001 0.2310772011499552 0.56332240832139935 0.00017266345397718498 0.019011618393043918 -0.00044021513465950505 0.01899810560099353 0.5 0.064267486171423319 497.79328032918818 OK 15 14 0.87254799999999999 0.90308900000000003 0.22290299999999999 0.64839999999999998 0.48000700000000002 0 0.22414800000000001 0.42308200000000001 0.22290299999999999 0.014612 0.01464 0.014071 0.17345399999999994 0.37205799999999994 0.17315299999999997 0.0063199999999999992 0.0062989999999999999 0.006332 0.0013159999999999999 0.0013080000000000001 0.0013169999999999998 497.79297068544543 497.79297068544543 497.79297068544543 0.017993272831489767 0.017993272831489767 0.017993272831489767 1 1 1 Converged Converged Converged OK OK OK 115 115 115 115 115 115 5 5 5 0 0 0 0 1 0 0 1
0 0 linear 3 15 3 2 0.0001 0.2310772011499552 0.56332240832139935 0.00017266345397718498 0.019011618393043918 -0.00044021513465950505 0.019022128342416442 0.5 0.064243463430000411 510.01613600715001 OK 15 14 0.89082099999999997 0.97615200000000002 0.225186 0.663744 0.50915900000000003 0 0.22707699999999997 0.46699299999999999 0.225186 0.014896 0.016105999999999999 0.014145 0.17597000000000007 0.41237200000000013 0.17555800000000008 0.0063579999999999999 0.0067639999999999992 0.0062090000000000001 0.001237 0.001312 0.0012010000000000002 510.01575572599387 510.01575572599387 510.01575572599387 0.018092518073834139 0.018092518073834139 0.018092518073834139 1 1 1 Converged Converged Converged OK OK OK 115 115 115 115 115 115 5 5 5 0 0 0 0 1 0 0 1
0 0 linear 3 23 3 3 0.0001 0.2310772011499552 0.56332240832139935 0.00017266345397718498 0.019011618393043918 -0.00044021513465950505 0.019046151083839356 0.5 0.064219440688577489 523.73830156079396 OK 15 14 0.81835800000000003 0.85573299999999997 0.22431300000000001 0.590584 0.43632500000000002 0 0.22777400000000003 0.41940799999999995 0.22431300000000001 0.014664 0.015678000000000001 0.013988 0.17679700000000015 0.36577899999999997 0.17494399999999993 0.0063419999999999995 0.0065309999999999995 0.0062919999999999998 0.0012620000000000001 0.001227 0.0012049999999999999 523.73782257755784 523.73782257755784 523.73782257755784 0.018242409900331873 0.018242409900331873 0.018242409900331873 1 1 1 Converged Converged Converged OK OK OK 115 115 115 115 115 115 5 5 5 0 0 0 0 1 0 0 1
0 0 linear 4 0 4 0 0.001 0.2310772011499552 0.56332240832139935 0.00017266345397718498 1.1436514944760341 -4.0397331535590295 1.1436169617852388 0.5 -1.060351370012822 2.6196492485236935 OK 13 12 0.56179100000000004 0.56028100000000003 0.16146199999999999 0.40067399999999997 0.40177400000000002 0 0.16111700000000007 0.15850700000000001 0.16146199999999999 0.010968 0.010784 0.011851 0.13195300000000001 0.13052200000000003 0.13260700000000003 0.0029400000000000003 0.002418 0.0024020000000000001 0.00070799999999999997 0.00064599999999999998 0.00071500000000000003 2.6196476657514278 2.6196476657514278 2.6196476657514278 0.0024769177480630316 0.0024769177480630316 0.0024769177480630316 1 1 1 Converged Converged Converged OK OK OK 52 52 52 52 52 52 4 4 4 0 0 0 0 0 1 0 0
0 0 linear 4 7 4 1 0.001 0.2310772011499552 0.56332240832139935 0.00017266345397718498 1.1436514944760341 -4.0397331535590295 1.1436379816839837 0.5 -1.0603723899115669 2.5174345319049873 OK 13 12 0.55662 0.51761400000000002 0.15052499999999999 0.40429100000000001 0.26160099999999997 0 0.15232899999999999 0.25601300000000005 0.15052499999999999 0.010574999999999999 0.011540999999999999 0.010193000000000001 0.12698700000000002 0.22815299999999997 0.12648299999999998 0.00263 0.0027799999999999999 0.0023800000000000002 0.00065399999999999996 0.00083000000000000001 0.00065099999999999999 2.5174331937782233 2.5174331937781678 2.5174331937782233 0.0023104947490186819 0.0023104947531704966 0.0023104947490186819 1 1 1 Converged Converged Converged OK OK OK 52 52 52 52 52 52 4 4 4 0 0 0 0 1 0 0 1
0 0 linear 4 15 4 2 0.001 0.2310772011499552 0.56332240832139935 0.00017266345397718498 1.1436514944760341 -4.0397331535590295 1.1436620044254067 0.5 -1.0603964126529899 2.4212347726041608 OK 13 12 0.61847600000000003 0.62188500000000002 0.18959200000000001 0.42567899999999997 0.29731099999999999 0 0.19279700000000005 0.32457400000000003 0.18959200000000001 0.0099760000000000005 0.011173000000000001 0.0094039999999999992 0.16329099999999999 0.29302400000000001 0.16208800000000001 0.0036630000000000005 0.0038220000000000003 0.0033649999999999999 0.00075700000000000008 0.00084599999999999996 0.00071999999999999994 2.4212389482938974 2.4212389482953158 2.4212389482938974 0.0021818637740105562 0.0021818637777069019 0.0021818637740105562 1 1 1 Converged Converged Converged OK OK OK 68 68 68 68 68 68 4 4 4 0 0 0 0 1 0 0 1
0 0 linear 4 23 4 3 0.001 0.2310772011499552 0.56332240832139935 0.00017266345397718498 1.1436514944760341 -4.0397331535590295 1.1436860271668294 0.5 -1.0604204353944127 2.3408523335578364 OK 13 12 0.57106100000000004 0.55013400000000001 0.17263800000000001 0.396119 0.27351799999999998 0 0.17494200000000004 0.27661600000000003 0.17263800000000001 0.010133 0.011722 0.0096530000000000001 0.14422999999999997 0.24362700000000004 0.14350099999999999 0.003673 0.0038120000000000003 0.0034499999999999999 0.00076799999999999991 0.00085300000000000013 0.00079600000000000005 2.3408509317784856 2.3408509317784856 2.3408509317784856 0.0018757721577348091 0.0018757721577348091 0.0018757721577348091 1 1 1 Converged Converged Converged OK OK OK 61 61 61 61 61 61 3 3 3 0 0 0 0 1 0 0 1
0 0 linear 4 0 4 0 0.0001 0.2310772011499552 0.56332240832139935 0.00017266345397718498 1.1436514944760341 -4.0397331535590295 1.1436169617852388 0.5 -1.060351370012822 2.6196492485236935 OK 13 12 0.63297300000000001 0.61818300000000004 0.22129699999999999 0.403387 0.398617 0 0.22958600000000001 0.21956600000000004 0.22129699999999999 0.01226 0.010848 0.010635 0.19011199999999995 0.18230199999999999 0.18451899999999993 0.0039810000000000002 0.0039509999999999997 0.0039119999999999997 0.00096000000000000002 0.00098499999999999998 0.00093899999999999995 2.6196476074432087 2.6196476074432087 2.6196476074432087 0.00025851180124988784 0.00025851180124988784 0.00025851180124988784 1 1 1 Converged Converged Converged OK OK OK 76 76 76 76 76 76 4 4 4 0 0 0 0 0 1 0 0
0 0 linear 4 7 4 1 0.0001 0.2310772011499552 0.56332240832139935 0.00017266345397718498 1.1436514944760341 -4.0397331535590295 1.1436379816839837 0.5 -1.0603723899115669 2.5174345319049873 OK 13 12 0.69903099999999996 0.68956099999999998 0.28028799999999998 0.41092499999999998 0.25833800000000001 0 0.28810599999999997 0.43122299999999997 0.28028799999999998 0.010593 0.013473000000000001 0.010204 0.23887700000000001 0.38469700000000012 0.23823099999999997 0.0053300000000000005 0.0055840000000000004 0.0053230000000000005 0.0010329999999999998 0.0011299999999999999 0.001021 2.5174329294971747 2.5174329294982893 2.5174329294971747 0.00014827228865564571 0.0001482722882079537 0.00014827228865564571 1 1 1 Converged Converged Converged OK OK OK 100 100 100 100 100 100 4 4 4 0 0 0 0 1 0 0 1
0 0 linear 4 15 4 2 0.0001 0.2310772011499552 0.56332240832139935 0.00017266345397718498 1.1436514944760341 -4.0397331535590295 1.1436620044254067 0.5 -1.0603964126529899 2.4212347726041608 OK 13 12 0.73692299999999999 0.79263899999999998 0.31137100000000001 0.423456 0.29239500000000002 0 0.313467 0.50024399999999991 0.31137100000000001 0.0099930000000000001 0.010281 0.0095890000000000003 0.26901299999999984 0.45464999999999989 0.2684209999999998 0.0074089999999999998 0.007925999999999999 0.0073489999999999996 0.0010320000000000001 0.0010059999999999999 0.00096400000000000001 2.4212333290196528 2.4212333290207826 2.4212333290196528 0.00019275359170796362 0.00019275359229028162 0.00019275359170796362 1 1 1 Converged Converged Converged OK OK OK 116 116 116 116 116 116 4 4 4 0 0 0 0 1 0 0 1
0 0 linear 4 23 4 3 0.0001 0.2310772011499552 0.56332240832139935 0.00017266345397718498 1.1436514944760341 -4.0397331535590295 1.1436860271668294 0.5 -1.0604204353944127 2.3408523335578364 OK 13 12 0.61507500000000004 0.59187299999999998 0.212507 0.39611600000000002 0.26668399999999998 0 0.21895900000000001 0.32518900000000001 0.212507 0.010026 0.010536 0.0096190000000000008 0.18313100000000002 0.28923299999999991 0.17863799999999999 0.0046280000000000002 0.0044990000000000004 0.0041530000000000004 0.00092499999999999993 0.00093100000000000008 0.00091 2.3408509327007434 2.3408509327007434 2.3408509327007434 0.00018160801331077768 0.00018160801331077768 0.00018160801331077768 1 1 1 Converged Converged Converged OK OK OK 77 77 77 77 77 77 3 3 3 0 0 0 0 1 0 0 1
0 0 uniform 0 0 5 0 0.001 0.2310772011499552 0.56332240832139935 0.00017266345397718498 1.1409911177008178 -4.0472265932659397 1.1409565850100225 0 -1.0576909932376057 6.8139830013407305 OK 13 12 53.559178000000003 53.442242 0.26119500000000001 53.295101000000003 53.172536999999998 0 0.26407700000000034 0.26970500000000186 0.26119500000000001 0.011454000000000001 0.011585 0.011043000000000001 0.223496 0.22840300000000005 0.22516099999999994 0.0045829999999999994 0.0047519999999999993 0.0036639999999999997 0.0010809999999999999 0.0010990000000000002 0.00091500000000000001 6.8139867820913782 6.8139867820913782 6.8139867820913782 0.0057325322954999963 0.0057325322954999963 0.0057325322954999963 1 1 1 Converged Converged Converged OK OK OK 67 67 67 67 67 67 5 5 5 0 0 0 0 0 1 0 0
0 0 uniform 0 7 5 1 0.001 0.2310772011499552 0.56332240832139935 0.00017266345397718498 1.1409911177008178 -4.0472265932659397 1.1409776049087674 0 -1.0577120131363507 6.9223164812350113 OK 13 12 53.363438000000002 53.365409 0.27423599999999998 53.093895000000003 52.964311000000002 0 0.26954299999999876 0.40109799999999751 0.27423599999999998 0.011676000000000001 0.010348 0.010767000000000001 0.22962800000000005 0.36033399999999971 0.240116 0.0063020000000000003 0.0062170000000000003 0.004313 0.001299 0.0014660000000000001 0.00094699999999999993 6.9223389959685582 6.9223389959685582 6.9223389959685582 0.0035235967107938287 0.0035235967107938287 0.0035235967107938287 1 1 1 Converged Converged Converged OK OK OK 83 83 83 83 83 83 5 5 5 0 0 0 0 1 0 0 1
0 0 uniform 0 15 5 2 0.001 0.2310772011499552 0.56332240832139935 0.00017266345397718498 1.1409911177008178 -4.0472265932659397 1.1410016276501904 0 -1.0577360358777737 7.0045095553354182 OK 13 12 53.678356000000001 53.743347999999997 0.28174700000000003 53.294879000000002 53.325271999999998 0 0.38347699999999918 0.41807599999999923 0.28174700000000003 0.012064 0.01047 0.010319 0.33552300000000007 0.37262699999999999 0.24693900000000002 0.0069489999999999994 0.007162 0.0043179999999999998 0.0022489999999999997 0.0015340000000000002 0.0011879999999999998 7.0045054110051712 7.0045054110051712 7.0045054110051712 0.0035952617492555983 0.0035952617492555983 0.0035952617492555983 1 1 1 Converged Converged Converged OK OK OK 91 91 91 91 91 91 5 5 5 0 0 0 0 1 0 0 1
0 0 uniform 0 23 5 3 0.001 0.2310772011499552 0.56332240832139935 0.00017266345397718498 1.1409911177008178 -4.0472265932659397 1.1410256503916132 0 -1.0577600586191964 7.0403851828477153 OK 13 12 53.697263 53.647412000000003 0.27819899999999997 53.405340000000002 53.222524999999997 0 0.29192299999999705 0.42488700000000534 0.27819899999999997 0.011565000000000001 0.010466 0.010204 0.251772 0.38369100000000012 0.24582600000000004 0.0069929999999999992 0.0070089999999999996 0.0039509999999999997 0.001354 0.0013020000000000002 0.001003 7.0403829421848272 7.0403829421848272 7.0403829421848272 0.0030273162342182186 0.0030273162342182186 0.0030273162342182186 1 1 1 Converged Converged Converged OK OK OK 91 91 91 91 91 91 5 5 5 0 0 0 0 1 0 0 1
0 0 uniform 0 0 5 0 0.0001 0.2310772011499552 0.56332240832139935 0.00017266345397718498 1.1409911177008178 -4.0472265932659397 1.1409565850100225 0 -1.0576909932376057 6.8139830013407305 OK 13 12 53.688907 53.828778999999997 0.37452800000000003 53.324762 53.380293999999999 0 0.36414500000000061 0.44848499999999802 0.37452800000000003 0.011495999999999999 0.011577 0.010847000000000001 0.3112120000000001 0.38700499999999993 0.32539500000000005 0.0081419999999999999 0.0081630000000000001 0.0062389999999999998 0.0016469999999999998 0.0016689999999999999 0.0014500000000000001 6.8139823806047159 6.8139823806047159 6.8139823806047159 0.00044937629663975408 0.00044937629663975408 0.00044937629663975408 1 1 1 Converged Converged Converged OK OK OK 107 107 107 107 107 107 5 5 5 0 0 0 0 0 1 0 0
0 0 uniform 0 7 5 1 0.0001 0.2310772011499552 0.56332240832139935 0.00017266345397718498 1.1409911177008178 -4.0472265932659397 1.1409776049087674 0 -1.0577120131363507 6.9223164812350113 OK 13 12 53.428393 53.340513999999999 0.31341799999999997 52.997435000000003 52.848612000000003 0 0.43095799999999684 0.49190199999999606 0.31341799999999997 0.011578 0.01055 0.0092390000000000007 0.38372399999999984 0.44674399999999986 0.27752300000000008 0.008149 0.0081160000000000017 0.0051379999999999993 0.0015680000000000002 0.0015269999999999999 0.001258 6.9223156672999036 6.9223156672999036 6.9223156672999036 0.00051972022107538531 0.00051972022107538531 0.00051972022107538531 1 1 1 Converged Converged Converged OK OK OK 107 107 107 107 107 107 5 5 5 0 0 0 0 1 0 0 1
0 0 uniform 0 15 5 2 0.0001 0.2310772011499552 0.56332240832139935 0.00017266345397718498 1.1409911177008178 -4.0472265932659397 1.1410016276501904 0 -1.0577360358777737 7.0045095553354182 OK 13 12 56.191465000000001 53.496690999999998 0.31861299999999998 55.751016 53.092908999999999 0 0.44044900000000098 0.40378199999999964 0.31861299999999998 0.011632 0.010472 0.0091529999999999997 0.39266699999999993 0.35916900000000007 0.28310399999999991 0.0081929999999999989 0.0080920000000000002 0.0049049999999999996 0.0016219999999999997 0.0016040000000000002 0.0013040000000000003 7.004508682479142 7.004508682479142 7.004508682479142 0.00068731929963307382 0.00068731929963307382 0.00068731929963307382 1 1 1 Converged Converged Converged OK OK OK 107 107 107 107 107 107 5 5 5 0 0 0 0 1 0 0 1
0 0 uniform 0 23 5 3 0.0001 0.2310772011499552 0.56332240832139935 0.00017266345397718498 1.1409911177008178 -4.0472265932659397 1.1410256503916132 0 -1.0577600586191964 7.0403851828477153 OK 13 12 53.678105000000002 53.732962000000001 0.313361 53.330983000000003 53.235675000000001 0 0.34712199999999882 0.49728700000000003 0.313361 0.011632 0.010434000000000001 0.0091660000000000005 0.30210800000000004 0.45250600000000019 0.2783850000000001 0.008064 0.0080309999999999999 0.0047870000000000005 0.0015189999999999997 0.001622 0.0011510000000000001 7.0403853999291792 7.0403853999291792 7.0403853999291792 0.00064662644413121127 0.00064662644413121127 0.00064662644413121127 1 1 1 Converged Converged Converged OK OK OK 107 107 107 107 107 107 5 5 5 0 0 0 0 1 0 0 1
0 0 uniform 1 0 6 0 0.001 0.2310772011499552 0.56332240832139935 0.00017266345397718498 -0.025946740223949404 -0.00013422659447861403 -0.025981272914744842 0 0.10924686468716169 627.73840599620598 OK 15 15 1.051391 1.0485720000000001 0.29550599999999999 0.75679700000000005 0.75298100000000001 0 0.29459399999999991 0.29559100000000005 0.29550599999999999 0.011865000000000001 0.012001 0.011476 0.23957499999999998 0.24099200000000007 0.24230199999999996 0.004680000000000001 0.0045579999999999996 0.0045170000000000002 0.001343 0.001346 0.0013630000000000001 627.72831737403214 627.72831737403214 627.72831737403214 0.33097775621603182 0.33097775621603182 0.33097775621603182 1 1 1 Converged Converged Converged OK OK OK 105 105 105 105 105 105 7 7 7 0 0 0 0 0 1 0 0
0 0 uniform 1 7 6 1 0.001 0.2310772011499552 0.56332240832139935 0.00017266345397718498 -0.025946740223949404 -0.00013422659447861403 -0.025960253015999791 0 0.10922584478841664 631.60308179632364 OK 15 15 0.89003900000000002 0.81925499999999996 0.26606099999999999 0.61926499999999995 0.486037 0 0.27077400000000007 0.33321799999999996 0.26606099999999999 0.012543 0.013398 0.011665 0.23117699999999999 0.29152200000000006 0.22901499999999989 0.0050049999999999999 0.0047199999999999994 0.0043900000000000007 0.001304 0.0013749999999999999 0.001335 631.61507920937345 631.61507920937345 631.61507920937345 0.30512260077362374 0.30512260077362374 0.30512260077362374 1 1 1 Converged Converged Converged OK OK OK 105 105 105 105 105 105 7 7 7 0 0 0 0 1 0 0 1
0 0 uniform 1 15 6 2 0.001 0.2310772011499552 0.56332240832139935 0.00017266345397718498 -0.025946740223949404 -0.00013422659447861403 -0.02593623027457688 0 0.10920182204699373 635.57229076759938 OK 16 15 1.0894680000000001 1.0091589999999999 0.36004799999999998 0.72341200000000005 0.59019600000000005 0 0.36605600000000005 0.41896299999999986 0.36004799999999998 0.012520999999999999 0.013771 0.011571 0.31682500000000019 0.36631700000000023 0.31396800000000014 0.0058659999999999997 0.0076050000000000006 0.0053959999999999998 0.0015039999999999999 0.00148 0.0013319999999999999 635.58150147374488 635.58150147374488 635.58150147374488 0.34247399305531845 0.34247399305531845 0.34247399305531845 1 1 1 Converged Converged Converged OK OK OK 128 128 128 128 128 128 8 8 8 0 0 0 0 1 0 0 1
0 0 uniform 1 23 6 3 0.001 0.2310772011499552 0.56332240832139935 0.00017266345397718498 -0.025946740223949404 -0.00013422659447861403 -0.025912207533153965 0 0.10917779930557081 638.98258495925404 OK 16 15 0.91087200000000001 0.79790399999999995 0.35200900000000002 0.55454599999999998 0.4133 0 0.35632600000000003 0.38460399999999995 0.35200900000000002 0.012547000000000001 0.012553 0.011601 0.31280599999999997 0.34153100000000003 0.31159899999999985 0.0058220000000000008 0.0058750000000000009 0.0051470000000000005 0.001358 0.001338 0.0012999999999999999 638.99054014712431 638.99054014712431 638.99054014712431 0.35269063367217335 0.35269063367217335 0.35269063367217335 1 1 1 Converged Converged Converged OK OK OK 128 128 128 128 128 128 8 8 8 0 0 0 0 1 0 0 1
0 0 uniform 1 0 6 0 0.0001 0.2310772011499552 0.56332240832139935 0.00017266345397718498 -0.025946740223949404 -0.00013422659447861403 -0.025981272914744842 0 0.10924686468716169 627.73840599620598 OK 15 15 1.190795 1.254051 0.437803 0.747722 0.81509699999999996 0 0.44307300000000005 0.43895400000000007 0.437803 0.011920999999999999 0.012109 0.011726 0.35700000000000004 0.35285299999999997 0.35498399999999969 0.0074929999999999997 0.0073700000000000007 0.0074700000000000001 0.0018780000000000001 0.0017980000000000001 0.0018490000000000002 627.73684679954829 627.73684679954829 627.73684679954829 0.051711675662645881 0.051711675662645881 0.051711675662645881 1 1 1 Converged Converged Converged OK OK OK 153 153 153 153 153 153 7 7 7 0 0 0 0 0 1 0 0
0 0 uniform 1 7 6 1 0.0001 0.2310772011499552 0.56332240832139935 0.00017266345397718498 -0.025946740223949404 -0.00013422659447861403 -0.025960253015999791 0 0.10922584478841664 631.60308179632364 OK 15 15 0.96657099999999996 0.87591699999999995 0.33854000000000001 0.61855700000000002 0.50177400000000005 0 0.34801399999999993 0.37414299999999989 0.33854000000000001 0.012759 0.012581 0.011705999999999999 0.29920299999999994 0.32681399999999999 0.29291100000000003 0.0068760000000000002 0.0063970000000000008 0.006332 0.0016310000000000001 0.001549 0.001596 631.60368782152511 631.60368782152511 631.60368782152511 0.034980638370418135 0.034980638370418135 0.034980638370418135 1 1 1 Converged Converged Converged OK OK OK 137 137 137 137 137 137 7 7 7 0 0 0 0 1 0 0 1
0 0 uniform 1 15 6 2 0.0001 0.2310772011499552 0.56332240832139935 0.00017266345397718498 -0.025946740223949404 -0.00013422659447861403 -0.02593623027457688 0 0.10920182204699373 635.57229076759938 OK 16 15 1.274905 1.171235 0.55077299999999996 0.71978799999999998 0.57996599999999998 0 0.55511699999999997 0.59126900000000004 0.55077299999999996 0.012772 0.012571000000000001 0.011769999999999999 0.48821600000000015 0.52380900000000019 0.48724699999999993 0.010714 0.011029000000000001 0.0098580000000000004 0.0018570000000000001 0.0020070000000000001 0.0018580000000000003 635.57271866478163 635.57271866478163 635.57271866478163 0.033508778269954777 0.033508778269954777 0.033508778269954777 1 1 1 Converged Converged Converged OK OK OK 192 192 192 192 192 192 8 8 8 0 0 0 0 1 0 0 1
0 0 uniform 1 23 6 3 0.0001 0.2310772011499552 0.56332240832139935 0.00017266345397718498 -0.025946740223949404 -0.00013422659447861403 -0.025912207533153965 0 0.10917779930557081 638.98258495925404 OK 16 15 1.1130770000000001 0.98770800000000003 0.53023399999999998 0.56634399999999996 0.41835600000000001 0 0.54673300000000014 0.56935200000000008 0.53023399999999998 0.013865000000000001 0.012571000000000001 0.011575 0.48493599999999992 0.50946599999999975 0.47387099999999976 0.010645 0.010427000000000001 0.0094809999999999998 0.001872 0.0018079999999999999 0.0017359999999999999 638.98292502131289 638.98292502131289 638.98292502131289 0.032275960907043488 0.032275960907043488 0.032275960907043488 1 1 1 Converged Converged Converged OK OK OK 192 192 192 192 192 192 8 8 8 0 0 0 0 1 0 0 1
0 0 uniform 2 0 7 0 0.001 0.2310772011499552 0.56332240832139935 0.00017266345397718498 1.1410334214605786 -4.0468798240857806 1.1409988887697833 0 -1.0577332969973665 2.3738777323473541 OK 13 12 37.554611000000001 37.585954999999998 0.154169 37.396016000000003 37.433222000000001 0 0.15859499999999827 0.15273299999999779 0.154169 0.012891 0.011611 0.010609 0.12391100000000002 0.118965 0.11931200000000002 0.0030869999999999999 0.0031260000000000003 0.0024589999999999998 0.00081700000000000002 0.00077300000000000003 0.00064900000000000005 2.3738776878589789 2.3738776878589789 2.3738776878589789 0.00086460125358774152 0.00086460125358774152 0.00086460125358774152 1 1 1 Converged Converged Converged OK OK OK 45 45 45 45 45 45 3 3 3 0 0 0 0 0 1 0 0
0 0 uniform 2 7 7 1 0.001 0.2310772011499552 0.56332240832139935 0.00017266345397718498 1.1410334214605786 -4.0468798240857806 1.1410199086685282 0 -1.0577543168961114 2.4185460257116032 OK 13 12 51.31221 51.224142000000001 0.16484599999999999 51.146405000000001 50.995503999999997 0 0.16580499999999887 0.22863800000000367 0.16484599999999999 0.010453 0.010776000000000001 0.010647999999999999 0.13738500000000001 0.19919700000000001 0.13849399999999998 0.0030770000000000003 0.0033410000000000002 0.002369 0.00079199999999999995 0.00081200000000000011 0.00059899999999999992 2.4185459771569833 2.4185459771569833 2.4185459771569833 0.00089488081778842381 0.00089488081778842381 0.00089488081778842381 1 1 1 Converged Converged Converged OK OK OK 45 45 45 45 45 45 3 3 3 0 0 0 0 1 0 0 1
0 0 uniform 2 15 7 2 0.001 0.2310772011499552 0.56332240832139935 0.00017266345397718498 1.1410334214605786 -4.0468798240857806 1.1410439314099512 0 -1.0577783396375344 2.4760800674538403 OK 13 12 51.672018000000001 51.527749 0.14632999999999999 51.520350000000001 51.293267 0 0.1516680000000008 0.23448199999999986 0.14632999999999999 0.010439 0.010898 0.010595 0.12197000000000001 0.20347800000000002 0.12058900000000002 0.0032309999999999999 0.0034179999999999996 0.002346 0.00085199999999999989 0.00078299999999999995 0.00059099999999999995 2.4760800094988884 2.4760800094988884 2.4760800094988884 0.00093944776514790645 0.00093944776514790645 0.00093944776514790645 1 1 1 Converged Converged Converged OK OK OK 45 45 45 45 45 45 3 3 3 0 0 0 0 1 0 0 1
0 0 uniform 2 23 7 3 0.001 0.2310772011499552 0.56332240832139935 0.00017266345397718498 1.1410334214605786 -4.0468798240857806 1.141067954151374 0 -1.0578023623789572 2.5425758621149392 OK 13 12 53.707400999999997 53.579149000000001 0.16077 53.537923999999997 53.338242000000001 0 0.16947700000000054 0.24090699999999998 0.16077 0.010600999999999999 0.010744999999999999 0.010541 0.140594 0.21054199999999998 0.13503500000000002 0.0033410000000000002 0.0033970000000000003 0.0023100000000000004 0.00080800000000000012 0.00077999999999999999 0.00066200000000000015 2.5425757937801223 2.5425757937801223 2.5425757937801223 0.0010007883713049549 0.0010007883713049549 0.0010007883713049549 1 1 1 Converged Converged Converged OK OK OK 45 45 45 45 45 45 3 3 3 0 0 0 0 1 0 0 1
0 0 uniform 2 0 7 0 0.0001 0.2310772011499552 0.56332240832139935 0.00017266345397718498 1.1410334214605786 -4.0468798240857806 1.1409988887697833 0 -1.0577332969973665 2.3738777323473541 OK 13 12 37.596155000000003 37.728563000000001 0.195745 37.346722999999997 37.482556000000002 0 0.24943200000000587 0.24600699999999875 0.195745 0.012713 0.010854000000000001 0.011476999999999999 0.199048 0.200407 0.15407999999999997 0.0061060000000000003 0.0059070000000000008 0.0043639999999999998 0.0010100000000000003 0.0010259999999999998 0.00089700000000000001 2.3738776880919192 2.3738776880919192 2.3738776880919192 5.0079256138801547e-05 5.0079256138801547e-05 5.0079256138801547e-05 1 1 1 Converged Converged Converged OK OK OK 77 77 77 77 77 77 3 3 3 0 0 0 0 0 1 0 0
0 0 uniform 2 7 7 1 0.0001 0.2310772011499552 0.56332240832139935 0.00017266345397718498 1.1410334214605786 -4.0468798240857806 1.1410199086685282 0 -1.0577543168961114 2.4185460257116032 OK 13 12 51.437707000000003 51.450499000000001 0.204069 51.193995000000001 51.079965999999999 0 0.24371200000000215 0.37053300000000178 0.204069 0.010514000000000001 0.010404999999999999 0.010723 0.20312000000000008 0.32783400000000007 0.16717799999999997 0.0060870000000000004 0.0059080000000000001 0.0040549999999999996 0.001005 0.0010299999999999999 0.00082300000000000016 2.4185459772581588 2.4185459772581588 2.4185459772581588 5.0181473427603231e-05 5.0181473427603231e-05 5.0181473427603231e-05 1 1 1 Converged Converged Converged OK OK OK 77 77 77 77 77 77 3 3 3 0 0 0 0 1 0 0 1
0 0 uniform 2 15 7 2 0.0001 0.2310772011499552 0.56332240832139935 0.00017266345397718498 1.1410334214605786 -4.0468798240857806 1.1410439314099512 0 -1.0577783396375344 2.4760800674538403 OK 13 12 51.722543999999999 51.720303000000001 0.193325 51.468505 51.348556000000002 0 0.25403899999999879 0.37174699999999916 0.193325 0.010277 0.010371 0.0093900000000000008 0.21163999999999999 0.32788600000000012 0.15913799999999989 0.0061470000000000006 0.0063579999999999999 0.0040390000000000001 0.0011570000000000003 0.0010939999999999999 0.00085700000000000012 2.4760800093259618 2.4760800093259618 2.4760800093259618 5.0298844474696048e-05 5.0298844474696048e-05 5.0298844474696048e-05 1 1 1 Converged Converged Converged OK OK OK 77 77 77 77 77 77 3 3 3 0 0 0 0 1 0 0 1
0 0 uniform 2 23 7 3 0.0001 0.2310772011499552 0.56332240832139935 0.00017266345397718498 1.1410334214605786 -4.0468798240857806 1.141067954151374 0 -1.0578023623789572 2.5425758621149392 OK 13 12 53.628753000000003 53.752493000000001 0.20649600000000001 53.370493000000003 53.376950999999998 0 0.25825999999999993 0.37554200000000293 0.20649600000000001 0.010642 0.010676 0.010697999999999999 0.21574700000000005 0.33154600000000006 0.17092399999999994 0.006215 0.0062480000000000001 0.0042259999999999997 0.00099100000000000013 0.000959 0.00080900000000000004 2.5425757931777531 2.5425757931777531 2.5425757931777531 5.0416482740703544e-05 5.0416482740703544e-05 5.0416482740703544e-05 1 1 1 Converged Converged Converged OK OK OK 77 77 77 77 77 77 3 3 3 0 0 0 0 1 0 0 1
0 0 uniform 3 0 8 0 0.001 0.2310772011499552 0.56332240832139935 0.00017266345397718498 0.019011618393043918 -0.00044021513465950505 0.018977085702248479 0 0.064288506070168366 490.78850371277622 OK 15 14 0.67495300000000003 0.71332600000000002 0.14222199999999999 0.53635600000000005 0.54396599999999995 0 0.13859699999999997 0.16936000000000007 0.14222199999999999 0.015462 0.016622999999999999 0.020237999999999999 0.097973999999999992 0.12581700000000001 0.097393000000000021 0.003225 0.003421 0.0031819999999999999 0.00076399999999999992 0.00078700000000000005 0.00074800000000000018 490.78838121191183 490.78838121191183 490.78838121191183 0.38420432360842033 0.38420432360842033 0.38420432360842033 1 1 1 Converged Converged Converged OK OK OK 67 67 67 67 67 67 5 5 5 0 0 0 0 0 1 0 0
0 0 uniform 3 7 8 1 0.001 0.2310772011499552 0.56332240832139935 0.00017266345397718498 0.019011618393043918 -0.00044021513465950505 0.01899810560099353 0 0.064267486171423319 500.90260051403453 OK 15 14 0.78068899999999997 0.79696699999999998 0.13020799999999999 0.64844000000000002 0.49140600000000001 0 0.13224899999999995 0.30556099999999997 0.13020799999999999 0.014808999999999999 0.015886000000000001 0.013951 0.096890000000000018 0.26300200000000007 0.096117999999999967 0.0032440000000000004 0.0035470000000000002 0.0031199999999999999 0.00075100000000000004 0.00084399999999999992 0.00072599999999999997 500.90243914853698 500.90243914853698 500.90243914853698 0.39031587021738179 0.39031587021738179 0.39031587021738179 1 1 1 Converged Converged Converged OK OK OK 67 67 67 67 67 67 5 5 5 0 0 0 0 1 0 0 1
0 0 uniform 3 15 8 2 0.001 0.2310772011499552 0.56332240832139935 0.00017266345397718498 0.019011618393043918 -0.00044021513465950505 0.019022128342416442 0 0.064243463430000411 513.67490866235983 OK 15 14 0.79952400000000001 0.73837699999999995 0.13372400000000001 0.66356899999999996 0.51421099999999997 0 0.13595500000000005 0.22416599999999998 0.13372400000000001 0.014821000000000001 0.014962 0.014167000000000001 0.10049299999999996 0.18853600000000001 0.099441000000000015 0.0032490000000000002 0.0033170000000000005 0.003124 0.00075099999999999993 0.00075200000000000006 0.00074699999999999994 513.6746959875577 513.6746959875577 513.6746959875577 0.39756989938619652 0.39756989938619652 0.39756989938619652 1 1 1 Converged Converged Converged OK OK OK 67 67 67 67 67 67 5 5 5 0 0 0 0 1 0 0 1
0 0 uniform 3 23 8 3 0.001 0.2310772011499552 0.56332240832139935 0.00017266345397718498 0.019011618393043918 -0.00044021513465950505 0.019046151083839356 0 0.064219440688577489 528.13422424438477 OK 15 14 0.72731900000000005 0.64484200000000003 0.13550999999999999 0.58672299999999999 0.42207899999999998 0 0.14059600000000005 0.22276300000000004 0.13550999999999999 0.014513 0.014532 0.013956 0.10220699999999999 0.18773100000000001 0.10156399999999995 0.003179 0.0031940000000000002 0.0030920000000000006 0.000754 0.00077200000000000001 0.00074200000000000004 528.13394552202078 528.13394552202078 528.13394552202078 0.40502998508229932 0.40502998508229932 0.40502998508229932 1 1 1 Converged Converged Converged OK OK OK 67 67 67 67 67 67 5 5 5 0 0 0 0 1 0 0 1
0 0 uniform 3 0 8 0 0.0001 0.2310772011499552 0.56332240832139935 0.00017266345397718498 0.019011618393043918 -0.00044021513465950505 0.018977085702248479 0 0.064288506070168366 490.78850371277622 OK 15 14 0.72406700000000002 0.72167000000000003 0.19111900000000001 0.54178599999999999 0.53945100000000001 0 0.18228100000000003 0.18221900000000002 0.19111900000000001 0.015280999999999999 0.015457 0.014956000000000001 0.12941200000000003 0.12947199999999998 0.13412000000000007 0.0050809999999999996 0.0050420000000000005 0.0052659999999999998 0.0010329999999999998 0.0010280000000000001 0.001059 490.78851745521473 490.78851745521473 490.78851745521473 0.028465994821401934 0.028465994821401934 0.028465994821401934 1 1 1 Converged Converged Converged OK OK OK 99 99 99 99 99 99 5 5 5 0 0 0 0 0 1 0 0
0 0 uniform 3 7 8 1 0.0001 0.2310772011499552 0.56332240832139935 0.00017266345397718498 0.019011618393043918 -0.00044021513465950505 0.01899810560099353 0 0.064267486171423319 500.90260051403453 OK 15 14 0.82245599999999996 0.82344200000000001 0.17774300000000001 0.64826399999999995 0.47952299999999998 0 0.17419200000000001 0.34391900000000003 0.17774300000000001 0.014621 0.019001000000000001 0.015387 0.12845599999999999 0.29378099999999996 0.13150200000000006 0.0051070000000000004 0.005143 0.0050410000000000003 0.0010219999999999999 0.001029 0.0010269999999999999 500.90260650061077 500.90260650061077 500.90260650061077 0.028646784832574362 0.028646784832574362 0.028646784832574362 1 1 1 Converged Converged Converged OK OK OK 99 99 99 99 99 99 5 5 5 0 0 0 0 1 0 0 1
0 0 uniform 3 15 8 2 0.0001 0.2310772011499552 0.56332240832139935 0.00017266345397718498 0.019011618393043918 -0.00044021513465950505 0.019022128342416442 0 0.064243463430000411 513.67490866235983 OK 15 14 0.84131500000000004 0.835762 0.180566 0.66130699999999998 0.50504300000000002 0 0.18000800000000006 0.33071899999999999 0.180566 0.01502 0.015048000000000001 0.015625 0.13401799999999997 0.284914 0.13415200000000002 0.0051519999999999995 0.0051299999999999991 0.0049550000000000002 0.00099700000000000006 0.001013 0.0010269999999999999 513.67490946180442 513.67490946180442 513.67490946180442 0.028875972314299787 0.028875972314299787 0.028875972314299787 1 1 1 Converged Converged Converged OK OK OK 99 99 99 99 99 99 5 5 5 0 0 0 0 1 0 0 1
0 0 uniform 3 23 8 3 0.0001 0.2310772011499552 0.56332240832139935 0.00017266345397718498 0.019011618393043918 -0.00044021513465950505 0.019046151083839356 0 0.064219440688577489 528.13422424438477 OK 15 14 0.76405999999999996 0.752 0.179924 0.58751900000000001 0.42229299999999997 0 0.17654099999999995 0.32970700000000003 0.179924 0.014533000000000001 0.014855 0.015224 0.13118500000000008 0.2838969999999999 0.134131 0.0052059999999999997 0.0051830000000000001 0.0049670000000000001 0.0010089999999999999 0.001026 0.0010099999999999998 528.13422251673751 528.13422251673751 528.13422251673751 0.029140620195893099 0.029140620195893099 0.029140620195893099 1 1 1 Converged Converged Converged OK OK OK 99 99 99 99 99 99 5 5 5 0 0 0 0 1 0 0 1
0 0 uniform 4 0 9 0 0.001 0.2310772011499552 0.56332240832139935 0.00017266345397718498 1.1436514944760341 -4.0397331535590295 1.1436169617852388 0 -1.060351370012822 2.6310460449919826 OK 13 12 0.54400599999999999 0.537713 0.14005100000000001 0.401669 0.396623 0 0.14233699999999999 0.14108999999999999 0.14005100000000001 0.010931 0.010652 0.010415000000000001 0.11389899999999996 0.11359399999999999 0.11299100000000001 0.0025409999999999999 0.0023760000000000001 0.0023299999999999996 0.00069099999999999999 0.00063299999999999999 0.00060300000000000002 2.6310460312313499 2.6310460312313499 2.6310460312313499 0.00065679093206491763 0.00065679093206491763 0.00065679093206491763 1 1 1 Converged Converged Converged OK OK OK 52 52 52 52 52 52 4 4 4 0 0 0 0 0 1 0 0
0 0 uniform 4 7 9 1 0.001 0.2310772011499552 0.56332240832139935 0.00017266345397718498 1.1436514944760341 -4.0397331535590295 1.1436379816839837 0 -1.0603723899115669 2.5259763672857281 OK 13 12 0.54366400000000004 0.46784500000000001 0.13244800000000001 0.40920000000000001 0.263683 0 0.13446400000000003 0.20416200000000001 0.13244800000000001 0.010485 0.010366999999999999 0.0099959999999999997 0.10936900000000001 0.17947300000000005 0.10878100000000003 0.002333 0.0023600000000000001 0.0022279999999999999 0.00063999999999999994 0.00060700000000000001 0.00056499999999999996 2.5259767679817555 2.5259767679818057 2.5259767679817555 0.00081589975378888041 0.0008158997572466968 0.00081589975378888041 1 1 1 Converged Converged Converged OK OK OK 52 52 52 52 52 52 4 4 4 0 0 0 0 1 0 0 1
0 0 uniform 4 15 9 2 0.001 0.2310772011499552 0.56332240832139935 0.00017266345397718498 1.1436514944760341 -4.0397331535590295 1.1436620044254067 0 -1.0603964126529899 2.4276430973484411 OK 13 12 0.59023000000000003 0.55829499999999999 0.167019 0.42080400000000001 0.28670499999999999 0 0.16942600000000002 0.27159 0.167019 0.009894 0.0099600000000000001 0.0094590000000000004 0.14067500000000005 0.24299100000000007 0.13980899999999999 0.0032090000000000005 0.0031880000000000003 0.0031159999999999998 0.00077300000000000003 0.00070300000000000007 0.00067400000000000001 2.4276525037038752 2.4276525037049503 2.4276525037038752 0.00090121177198741937 0.00090121177488657587 0.00090121177198741937 1 1 1 Converged Converged Converged OK OK OK 68 68 68 68 68 68 4 4 4 0 0 0 0 1 0 0 1
0 0 uniform 4 23 9 3 0.001 0.2310772011499552 0.56332240832139935 0.00017266345397718498 1.1436514944760341 -4.0397331535590295 1.1436860271668294 0 -1.0604204353944127 2.3458220830768508 OK 13 12 0.51272399999999996 0.44795400000000002 0.11276600000000001 0.39826899999999998 0.26807999999999998 0 0.11445499999999997 0.17987400000000003 0.11276600000000001 0.010052 0.010319999999999999 0.0095560000000000003 0.089785000000000004 0.15495600000000001 0.089363000000000012 0.0022890000000000002 0.0022890000000000002 0.0021190000000000002 0.00067999999999999994 0.00068800000000000013 0.00064100000000000008 2.3458220510894816 2.3458220510894816 2.3458220510894816 0.0011074039059687493 0.0011074039059687493 0.0011074039059687493 1 1 1 Converged Converged Converged OK OK OK 45 45 45 45 45 45 3 3 3 0 0 0 0 1 0 0 1
0 0 uniform 4 0 9 0 0.0001 0.2310772011499552 0.56332240832139935 0.00017266345397718498 1.1436514944760341 -4.0397331535590295 1.1436169617852388 0 -1.060351370012822 2.6310460449919826 OK 13 12 0.59408000000000005 0.58679400000000004 0.19201199999999999 0.40471800000000002 0.39889200000000002 0 0.18936200000000003 0.18790200000000001 0.19201199999999999 0.010983 0.010607 0.010651000000000001 0.15174199999999993 0.15154599999999999 0.15569700000000006 0.0037849999999999997 0.0036160000000000003 0.0037819999999999998 0.00096700000000000019 0.00091999999999999992 0.00092699999999999987 2.6310460057593517 2.6310460057593517 2.6310460057593517 0.00011495007149814206 0.00011495007149814206 0.00011495007149814206 1 1 1 Converged Converged Converged OK OK OK 76 76 76 76 76 76 4 4 4 0 0 0 0 0 1 0 0
0 0 uniform 4 7 9 1 0.0001 0.2310772011499552 0.56332240832139935 0.00017266345397718498 1.1436514944760341 -4.0397331535590295 1.1436379816839837 0 -1.0603723899115669 2.5259763672857281 OK 13 12 0.61795500000000003 0.58108400000000004 0.20516799999999999 0.40645100000000001 0.26275799999999999 0 0.21150400000000003 0.31832600000000005 0.20516799999999999 0.010670000000000001 0.010253 0.010185 0.176562 0.28413699999999997 0.17178700000000005 0.0041749999999999999 0.0040179999999999999 0.0039940000000000002 0.00086800000000000006 0.00087299999999999986 0.00082899999999999998 2.5259763258245553 2.5259763258254471 2.5259763258245553 5.5502213639621291e-05 5.5502213913480494e-05 5.5502213639621291e-05 1 1 1 Converged Converged Converged OK OK OK 84 84 84 84 84 84 4 4 4 0 0 0 0 1 0 0 1
0 0 uniform 4 15 9 2 0.0001 0.2310772011499552 0.56332240832139935 0.00017266345397718498 1.1436514944760341 -4.0397331535590295 1.1436620044254067 0 -1.0603964126529899 2.4276430973484411 OK 13 12 0.69924399999999998 0.74752700000000005 0.27243200000000001 0.42300900000000002 0.288242 0 0.27623499999999995 0.45928500000000005 0.27243200000000001 0.010055 0.010135999999999999 0.0096310000000000007 0.230156 0.41271100000000016 0.22791400000000003 0.007012 0.0070289999999999997 0.006718 0.00098900000000000008 0.00097300000000000012 0.00093000000000000005 2.427643136717808 2.4276431367187197 2.427643136717808 5.6529882335328648e-05 5.6529882649796941e-05 5.6529882335328648e-05 1 1 1 Converged Converged Converged OK OK OK 116 116 116 116 116 116 4 4 4 0 0 0 0 1 0 0 1
0 0 uniform 4 23 9 3 0.0001 0.2310772011499552 0.56332240832139935 0.00017266345397718498 1.1436514944760341 -4.0397331535590295 1.1436860271668294 0 -1.0604204353944127 2.3458220830768508 OK 13 12 0.58463600000000004 0.55913999999999997 0.18215300000000001 0.40137099999999998 0.26446500000000001 0 0.18326500000000007 0.29467499999999996 0.18215300000000001 0.010003 0.010429000000000001 0.0096450000000000008 0.1484109999999999 0.25914300000000007 0.14829500000000001 0.0041500000000000009 0.0042039999999999994 0.0040260000000000001 0.00096199999999999996 0.00091999999999999992 0.00089499999999999996 2.3458220547785125 2.3458220547785125 2.3458220547785125 3.7836512163056135e-05 3.7836512163056135e-05 3.7836512163056135e-05 1 1 1 Converged Converged Converged OK OK OK 77 77 77 77 77 77 3 3 3 0 0 0 0 1 0 0 1
1 1 linear 0 0 10 0 0.001 2.1336080847516863 0.0042828693196420133 4.9630676369625602e-05 -1.6612080518027779 -0.017635896530330094 -1.6612179779380518 0.5 1.6703169727387037 43.386794945871657 OK 14 13 0.52582600000000002 0.526949 0.13127800000000001 0.39288499999999998 0.39464300000000002 0 0.13294100000000003 0.13230599999999998 0.13127800000000001 0.011639 0.011710999999999999 0.011296 0.099258999999999931 0.098934999999999954 0.098623000000000016 0.0029740000000000001 0.0029349999999999997 0.0028479999999999998 0.00076200000000000009 0.00075799999999999999 0.00073700000000000002 43.386473901256721 43.386473901256721 43.386473901256721 0.0145113822944378 0.0145113822944378 0.0145113822944378 1 1 1 Converged Converged Converged OK OK OK 67 67 67 67 67 67 5 5 5 0 0 0 0 0 1 0 0
1 1 linear 0 7 10 1 0.001 2.1336080847516863 0.0042828693196420133 4.9630676369625602e-05 -1.6612080518027779 -0.017635896530330094 -1.6612119359426676 0.5 1.6703109307433195 45.580707217466554 OK 14 13 0.50850399999999996 0.45373599999999997 0.126307 0.38022 0.227021 0 0.12828399999999995 0.22671499999999997 0.126307 0.010879 0.010831 0.010206 0.099490999999999996 0.19804699999999997 0.098819999999999963 0.0030489999999999996 0.0029880000000000002 0.0029020000000000001 0.00085200000000000011 0.0008560000000000001 0.00083099999999999992 45.580868130123235 45.580868130123235 45.580868130123235 0.015371530972038933 0.015371530972038933 0.015371530972038933 1 1 1 Converged Converged Converged OK OK OK 67 67 67 67 67 67 5 5 5 0 0 0 0 1 0 0 1
1 1 linear 0 15 10 2 0.001 2.1336080847516863 0.0042828693196420133 4.9630676369625602e-05 -1.6612080518027779 -0.017635896530330094 -1.6612050308050859 0.5 1.6703040256057378 47.481930950681516 OK 14 13 0.54665600000000003 0.47299200000000002 0.12815599999999999 0.41649000000000003 0.24720700000000001 0 0.130166 0.22578500000000001 0.12815599999999999 0.010833000000000001 0.010871 0.010144 0.10148799999999999 0.19707599999999986 0.100881 0.0030169999999999997 0.0030349999999999999 0.0028990000000000001 0.00078399999999999997 0.00077399999999999995 0.00075299999999999998 47.482169432048735 47.482169432048735 47.482169432048735 0.016451428504072191 0.016451428504072191 0.016451428504072191 1 1 1 Converged Converged Converged OK OK OK 67 67 67 67 67 67 5 5 5 0 0 0 0 1 0 0 1
1 1 linear 0 23 10 3 0.001 2.1336080847516863 0.0042828693196420133 4.9630676369625602e-05 -1.6612080518027779 -0.017635896530330094 -1.6611981256675039 0.5 1.6702971204681558 48.662925139508665 OK 14 13 0.54666400000000004 0.491508 0.123934 0.42080299999999998 0.24731900000000001 0 0.12586100000000006 0.24418899999999999 0.123934 0.010802000000000001 0.010877 0.010145 0.097131000000000051 0.21528 0.096542999999999976 0.0030770000000000003 0.0029949999999999998 0.002892 0.00079900000000000001 0.00078899999999999999 0.0007890000000000001 48.662953194529472 48.662953194529472 48.662953194529472 0.017569610395707046 0.017569610395707046 0.017569610395707046 1 1 1 Converged Converged Converged OK OK OK 67 67 67 67 67 67 5 5 5 0 0 0 0 1 0 0 1
1 1 linear 0 0 10 0 0.0001 2.1336080847516863 0.0042828693196420133 4.9630676369625602e-05 -1.6612080518027779 -0.017635896530330094 -1.6612179779380518 0.5 1.6703169727387037 43.386794945871657 OK 14 13 0.61039500000000002 0.620533 0.21295600000000001 0.39355600000000002 0.40087899999999999 0 0.216839 0.21965400000000002 0.21295600000000001 0.011878 0.012007 0.011433 0.163378 0.16365499999999997 0.16278600000000001 0.0054780000000000002 0.0059739999999999993 0.0056979999999999999 0.001176 0.0012329999999999999 0.0011970000000000001 43.386516218008637 43.386516218008637 43.386516218008637 0.0035116029931003098 0.0035116029931003098 0.0035116029931003098 1 1 1 Converged Converged Converged OK OK OK 107 107 107 107 107 107 5 5 5 0 0 0 0 0 1 0 0
1 1 linear 0 7 10 1 0.0001 2.1336080847516863 0.0042828693196420133 4.9630676369625602e-05 -1.6612080518027779 -0.017635896530330094 -1.6612119359426676 0.5 1.6703109307433195 45.580707217466554 OK 14 13 0.57666200000000001 0.55017300000000002 0.19372300000000001 0.37931900000000002 0.22409100000000001 0 0.19734299999999999 0.32608199999999998 0.19372300000000001 0.010978999999999999 0.010873000000000001 0.010255 0.15697700000000003 0.28767700000000002 0.156305 0.0061700000000000001 0.0053310000000000007 0.0051780000000000003 0.0013359999999999999 0.0012329999999999999 0.0012009999999999998 45.580910430018307 45.580910430018307 45.580910430018307 0.0039306648840761625 0.0039306648840761625 0.0039306648840761625 1 1 1 Converged Converged Converged OK OK OK 107 107 107 107 107 107 5 5 5 0 0 0 0 1 0 0 1
1 1 linear 0 15 10 2 0.0001 2.1336080847516863 0.0042828693196420133 4.9630676369625602e-05 -1.6612080518027779 -0.017635896530330094 -1.6612050308050859 0.5 1.6703040256057378 47.481930950681516 OK 14 13 0.62432100000000001 0.56737000000000004 0.19580500000000001 0.42519800000000002 0.24863299999999999 0 0.19912299999999999 0.31873700000000005 0.19580500000000001 0.010968 0.010997 0.010276 0.15958399999999998 0.28027799999999997 0.15885599999999997 0.0058399999999999997 0.0053229999999999996 0.0051089999999999998 0.0012750000000000001 0.0011899999999999999 0.001173 47.482211748490101 47.482211748490101 47.482211748490101 0.0039320690226391881 0.0039320690226391881 0.0039320690226391881 1 1 1 Converged Converged Converged OK OK OK 107 107 107 107 107 107 5 5 5 0 0 0 0 1 0 0 1
1 1 linear 0 23 10 3 0.0001 2.1336080847516863 0.0042828693196420133 4.9630676369625602e-05 -1.6612080518027779 -0.017635896530330094 -1.6611981256675039 0.5 1.6702971204681558 48.662925139508665 OK 14 13 0.61373299999999997 0.58393600000000001 0.19142799999999999 0.41957 0.24717700000000001 0 0.19416299999999997 0.33675900000000003 0.19142799999999999 0.010928 0.010848 0.010194 0.15495799999999993 0.29832300000000006 0.15451500000000001 0.0055490000000000001 0.005392000000000001 0.0050349999999999995 0.0012980000000000001 0.0013140000000000001 0.0012410000000000001 48.6629956337718 48.6629956337718 48.6629956337718 0.003933855837031236 0.003933855837031236 0.003933855837031236 1 1 1 Converged Converged Converged OK OK OK 107 107 107 107 107 107 5 5 5 0 0 0 0 1 0 0 1
1 1 linear 1 0 11 0 0.001 2.1336080847516863 0.0042828693196420133 4.9630676369625602e-05 -1.6259738906568106 0.00026457903044116242 -1.6259838167920846 0.5 1.6350828115927365 85.389446953921791 OK 14 13 0.75650600000000001 0.74931199999999998 0.13006999999999999 0.62407999999999997 0.61807400000000001 0 0.13242600000000004 0.13123799999999997 0.13006999999999999 0.011950000000000001 0.01155 0.011521999999999999 0.10104299999999999 0.10124499999999999 0.10010699999999997 0.0027339999999999999 0.0025950000000000001 0.002562 0.00068699999999999989 0.00067200000000000007 0.00066100000000000002 85.389445682910434 85.389445682910434 85.389445682910434 0.071734871228043576 0.071734871228043576 0.071734871228043576 1 1 1 Converged Converged Converged OK OK OK 59 59 59 59 59 59 5 5 5 0 0 0 0 0 1 0 0
1 1 linear 1 7 11 1 0.001 2.1336080847516863 0.0042828693196420133 4.9630676369625602e-05 -1.6259738906568106 0.00026457903044116242 -1.6259777747967004 0.5 1.6350767695973523 85.252027295269826 OK 14 13 0.74470899999999995 0.62608900000000001 0.12598500000000001 0.61648199999999997 0.451125 0 0.12822699999999998 0.17496400000000001 0.12598500000000001 0.011004999999999999 0.010751 0.010331999999999999 0.10157300000000002 0.14864800000000003 0.10093900000000004 0.0025709999999999999 0.0025199999999999997 0.0025049999999999998 0.00063899999999999992 0.00061899999999999998 0.000602 85.251867954852059 85.251867954852059 85.251867954852059 0.071112774370155452 0.071112774370155452 0.071112774370155452 1 1 1 Converged Converged Converged OK OK OK 59 59 59 59 59 59 5 5 5 0 0 0 0 1 0 0 1
1 1 linear 1 15 11 2 0.001 2.1336080847516863 0.0042828693196420133 4.9630676369625602e-05 -1.6259738906568106 0.00026457903044116242 -1.6259708696591186 0.5 1.6350698644597705 85.046526838454369 OK 14 13 0.74649299999999996 0.63998299999999997 0.12636800000000001 0.61791200000000002 0.46721200000000002 0 0.12858099999999995 0.17277099999999995 0.12636800000000001 0.010871 0.01086 0.010237 0.10198900000000001 0.14584200000000005 0.101427 0.0027090000000000005 0.002777 0.0025199999999999997 0.00064300000000000002 0.00065700000000000003 0.00059999999999999995 85.046616417401879 85.046616417401879 85.046616417401879 0.070446552270982635 0.070446552270982635 0.070446552270982635 1 1 1 Converged Converged Converged OK OK OK 59 59 59 59 59 59 5 5 5 0 0 0 0 1 0 0 1
1 1 linear 1 23 11 3 0.001 2.1336080847516863 0.0042828693196420133 4.9630676369625602e-05 -1.6259738906568106 0.00026457903044116242 -1.6259639645215367 0.5 1.6350629593221886 84.791249357079778 OK 14 13 0.69313199999999997 0.59118000000000004 0.125225 0.56569599999999998 0.41450199999999998 0 0.12743599999999999 0.17667800000000006 0.125225 0.010729000000000001 0.011089999999999999 0.010260999999999999 0.10133600000000002 0.14994200000000002 0.10036400000000002 0.0026869999999999997 0.0027949999999999997 0.0025379999999999999 0.00064199999999999999 0.00064400000000000004 0.00061600000000000001 84.791391310569054 84.791391310569054 84.791391310569054 0.070006816712068362 0.070006816712068362 0.070006816712068362 1 1 1 Converged Converged Converged OK OK OK 59 59 59 59 59 59 5 5 5 0 0 0 0 1 0 0 1
1 1 linear 1 0 11 0 0.0001 2.1336080847516863 0.0042828693196420133 4.9630676369625602e-05 -1.6259738906568106 0.00026457903044116242 -1.6259838167920846 0.5 1.6350828115927365 85.389446953921791 OK 14 13 0.85257899999999998 0.85385999999999995 0.23613400000000001 0.61746100000000004 0.62307199999999996 0 0.23511799999999994 0.23078799999999999 0.23613400000000001 0.011620999999999999 0.011734 0.012612 0.18629800000000002 0.18185700000000002 0.18610699999999991 0.0051830000000000001 0.0053809999999999986 0.0053160000000000004 0.0011820000000000001 0.001225 0.0011749999999999998 85.389740653530993 85.389740653530993 85.389740653530993 0.0048180592445528853 0.0048180592445528853 0.0048180592445528853 1 1 1 Converged Converged Converged OK OK OK 107 107 107 107 107 107 5 5 5 0 0 0 0 0 1 0 0
1 1 linear 1 7 11 1 0.0001 2.1336080847516863 0.0042828693196420133 4.9630676369625602e-05 -1.6259738906568106 0.00026457903044116242 -1.6259777747967004 0.5 1.6350767695973523 85.252027295269826 OK 14 13 0.83286300000000002 0.76582899999999998 0.22731299999999999 0.610711 0.452519 0 0.22215200000000002 0.31330999999999998 0.22731299999999999 0.010985999999999999 0.010936 0.011540999999999999 0.18184499999999992 0.27289000000000002 0.18697000000000003 0.0052250000000000005 0.0054910000000000002 0.0052850000000000006 0.00114 0.0012070000000000002 0.0011429999999999999 85.252162880468902 85.252162880468902 85.252162880468902 0.0044532940491976269 0.0044532940491976269 0.0044532940491976269 1 1 1 Converged Converged Converged OK OK OK 107 107 107 107 107 107 5 5 5 0 0 0 0 1 0 0 1
1 1 linear 1 15 11 2 0.0001 2.1336080847516863 0.0042828693196420133 4.9630676369625602e-05 -1.6259738906568106 0.00026457903044116242 -1.6259708696591186 0.5 1.6350698644597705 85.046526838454369 OK 14 13 0.84229399999999999 0.78859800000000002 0.21985299999999999 0.618641 0.46402599999999999 0 0.22365299999999999 0.32457200000000003 0.21985299999999999 0.010691000000000001 0.012128 0.010189999999999999 0.18325300000000008 0.28221899999999994 0.18142 0.0054510000000000001 0.0054859999999999996 0.0051600000000000005 0.001273 0.0012820000000000002 0.001212 85.046911291895555 85.046911291895555 85.046911291895555 0.0040724326683327728 0.0040724326683327728 0.0040724326683327728 1 1 1 Converged Converged Converged OK OK OK 107 107 107 107 107 107 5 5 5 0 0 0 0 1 0 0 1
1 1 linear 1 23 11 3 0.0001 2.1336080847516863 0.0042828693196420133 4.9630676369625602e-05 -1.6259738906568106 0.00026457903044116242 -1.6259639645215367 0.5 1.6350629593221886 84.791249357079778 OK 14 13 0.79244000000000003 0.74899199999999999 0.218804 0.56926500000000002 0.425012 0 0.22317500000000001 0.32397999999999999 0.218804 0.010914999999999999 0.012142999999999999 0.010194 0.18234000000000003 0.28141899999999986 0.18079199999999998 0.0054669999999999996 0.0055050000000000003 0.0050009999999999994 0.0012029999999999999 0.0012229999999999999 0.001132 84.791686133946442 84.791686133946442 84.791686133946442 0.0039088586409219313 0.0039088586409219313 0.0039088586409219313 1 1 1 Converged Converged Converged OK OK OK 107 107 107 107 107 107 5 5 5 0 0 0 0 1 0 0 1
1 1 linear 2 0 12 0 0.001 2.1336080847516863 0.0042828693196420133 4.9630676369625602e-05 -1.6582446788177632 -0.024701825376412103 -1.6582546049530371 0.5 1.667353599753689 68.84156868056256 OK 14 13 1.030734 1.034818 0.17869099999999999 0.85006999999999999 0.85377499999999995 0 0.18066400000000005 0.18104300000000006 0.17869099999999999 0.012529999999999999 0.012614 0.011953 0.13813400000000001 0.13820899999999992 0.13725500000000002 0.0046580000000000007 0.0048509999999999994 0.0046950000000000004 0.0010989999999999999 0.001124 0.00108 68.841396263097877 68.841396263097877 68.841396263097877 0.067502621587470016 0.067502621587470016 0.067502621587470016 1 1 1 Converged Converged Converged OK OK OK 90 90 90 90 90 90 6 6 6 0 0 0 0 0 1 0 0
1 1 linear 2 7 12 1 0.001 2.1336080847516863 0.0042828693196420133 4.9630676369625602e-05 -1.6582446788177632 -0.024701825376412103 -1.6582485629576529 0.5 1.6673475577583048 61.72693397452705 OK 15 14 1.1882170000000001 1.138803 0.19339600000000001 0.990838 0.82303599999999999 0 0.19737900000000008 0.31576700000000002 0.19339600000000001 0.013690000000000001 0.013814 0.013050000000000001 0.15275399999999997 0.27236000000000005 0.15143699999999996 0.0055030000000000001 0.0050390000000000001 0.0049780000000000007 0.0012740000000000002 0.0011849999999999999 0.0012019999999999999 61.726821096618707 61.726821096618707 61.726821096618707 0.051623539610188063 0.051623539610188063 0.051623539610188063 1 1 1 Converged Converged Converged OK OK OK 98 98 98 98 98 98 6 6 6 0 0 0 0 1 0 0 1
1 1 linear 2 15 12 2 0.001 2.1336080847516863 0.0042828693196420133 4.9630676369625602e-05 -1.6582446788177632 -0.024701825376412103 -1.6582416578200712 0.5 1.6673406526207231 57.528453387457361 OK 15 14 1.2154959999999999 1.17449 0.19665299999999999 1.0147120000000001 0.85154700000000005 0 0.20078399999999985 0.32294299999999998 0.19665299999999999 0.013851 0.013632999999999999 0.012880000000000001 0.15832399999999994 0.28122400000000003 0.15657900000000002 0.005182 0.0049200000000000008 0.0047650000000000001 0.0012110000000000001 0.0011000000000000001 0.0011800000000000001 57.52837415956558 57.52837415956558 57.52837415956558 0.033204618729018941 0.033204618729018941 0.033204618729018941 1 1 1 Converged Converged Converged OK OK OK 98 98 98 98 98 98 6 6 6 0 0 0 0 1 0 0 1
1 1 linear 2 23 12 3 0.001 2.1336080847516863 0.0042828693196420133 4.9630676369625602e-05 -1.6582446788177632 -0.024701825376412103 -1.6582347526824892 0.5 1.6673337474831411 54.636019956348512 OK 15 14 1.088041 1.035026 0.198432 0.88759399999999999 0.71396899999999996 0 0.20044700000000004 0.32105700000000004 0.198432 0.013599999999999999 0.013627 0.012878000000000001 0.15834999999999999 0.27908999999999989 0.15830299999999997 0.0051059999999999994 0.0050179999999999999 0.0047880000000000006 0.00115 0.0011440000000000003 0.0011299999999999999 54.635942833419847 54.635942833419847 54.635942833419847 0.027738433790001047 0.027738433790001047 0.027738433790001047 1 1 1 Converged Converged Converged OK OK OK 98 98 98 98 98 98 6 6 6 0 0 0 0 1 0 0 1
1 1 linear 2 0 12 0 0.0001 2.1336080847516863 0.0042828693196420133 4.9630676369625602e-05 -1.6582446788177632 -0.024701825376412103 -1.6582546049530371 0.5 1.667353599753689 68.84156868056256 OK 14 13 1.1194249999999999 1.1176740000000001 0.26628099999999999 0.85202500000000003 0.85536199999999996 0 0.26739999999999986 0.2623120000000001 0.26628099999999999 0.012403000000000001 0.012378 0.012078 0.20166000000000009 0.19675200000000001 0.20067999999999991 0.0061860000000000005 0.0063099999999999996 0.0063269999999999993 0.0015840000000000001 0.0015220000000000001 0.001536 68.841441177159354 68.841441177159354 68.841441177159354 0.0038135872734536705 0.0038135872734536705 0.0038135872734536705 1 1 1 Converged Converged Converged OK OK OK 122 122 122 122 122 122 6 6 6 0 0 0 0 0 1 0 0
1 1 linear 2 7 12 1 0.0001 2.1336080847516863 0.0042828693196420133 4.9630676369625602e-05 -1.6582446788177632 -0.024701825376412103 -1.6582485629576529 0.5 1.6673475577583048 61.72693397452705 OK 15 14 1.271898 1.2814730000000001 0.28993099999999999 0.98739200000000005 0.82558500000000001 0 0.28450599999999993 0.45588800000000007 0.28993099999999999 0.017753999999999999 0.014115000000000001 0.014381 0.21536899999999992 0.39020899999999975 0.22051600000000005 0.007209000000000001 0.0072750000000000011 0.0073299999999999997 0.001593 0.0017170000000000002 0.0016310000000000001 61.726857169534448 61.726857169534448 61.726857169534448 0.0019812652722371654 0.0019812652722371654 0.0019812652722371654 1 1 1 Converged Converged Converged OK OK OK 138 138 138 138 138 138 6 6 6 0 0 0 0 1 0 0 1
1 1 linear 2 15 12 2 0.0001 2.1336080847516863 0.0042828693196420133 4.9630676369625602e-05 -1.6582446788177632 -0.024701825376412103 -1.6582416578200712 0.5 1.6673406526207231 57.528453387457361 OK 15 14 1.288708 1.299083 0.27986 1.0137879999999999 0.848916 0 0.27492000000000005 0.45016699999999998 0.27986 0.01363 0.017205000000000002 0.014171 0.22196999999999992 0.3940909999999998 0.22639700000000007 0.0071900000000000002 0.0069550000000000002 0.006953 0.0016220000000000002 0.0015989999999999999 0.001614 57.528414687733452 57.528414687733452 57.528414687733452 0.0020102867687823941 0.0020102867687823941 0.0020102867687823941 1 1 1 Converged Converged Converged OK OK OK 138 138 138 138 138 138 6 6 6 0 0 0 0 1 0 0 1
1 1 linear 2 23 12 3 0.0001 2.1336080847516863 0.0042828693196420133 4.9630676369625602e-05 -1.6582446788177632 -0.024701825376412103 -1.6582347526824892 0.5 1.6673337474831411 54.636019956348512 OK 15 14 1.1698770000000001 1.1610370000000001 0.284632 0.89059999999999995 0.71767999999999998 0 0.27927700000000011 0.44335700000000011 0.284632 0.013690000000000001 0.013683000000000001 0.014197 0.22632899999999995 0.39015899999999998 0.23147900000000005 0.007182 0.0070680000000000005 0.0070589999999999993 0.0016430000000000001 0.0016490000000000001 0.0016330000000000001 54.635984720021085 54.635984720021085 54.635984720021085 0.0020770808359884822 0.0020770808359884822 0.0020770808359884822 1 1 1 Converged Converged Converged OK OK OK 138 138 138 138 138 138 6 6 6 0 0 0 0 1 0 0 1
1 1 linear 3 0 13 0 0.001 2.1336080847516863 0.0042828693196420133 4.9630676369625602e-05 -1.6315105013818718 0.0015986042237884001 -1.6315204275171458 0.5 1.6406194223177977 39.628984737474326 OK 15 14 0.80148699999999995 0.80376400000000003 0.217471 0.57831900000000003 0.58371399999999996 0 0.22316799999999992 0.22005000000000008 0.217471 0.014286 0.014347 0.013797 0.17031400000000002 0.16782799999999998 0.166354 0.0055489999999999992 0.0054250000000000001 0.0052749999999999993 0.0011719999999999999 0.001142 0.0010889999999999999 39.628916313831432 39.628916313831432 39.628916313831432 0.01239120994549906 0.01239120994549906 0.01239120994549906 1 1 1 Converged Converged Converged OK OK OK 99 99 99 99 99 99 5 5 5 0 0 0 0 0 1 0 0
1 1 linear 3 7 13 1 0.001 2.1336080847516863 0.0042828693196420133 4.9630676369625602e-05 -1.6315105013818718 0.0015986042237884001 -1.6315143855217615 0.5 1.6406133803224134 40.278061641616404 OK 15 14 0.75271500000000002 0.71809999999999996 0.203595 0.54660399999999998 0.37382799999999999 0 0.20611100000000004 0.34427199999999997 0.203595 0.01363 0.013391 0.012777 0.16112499999999996 0.29965599999999998 0.16027600000000003 0.0053810000000000004 0.0053159999999999995 0.0052580000000000005 0.001039 0.0010369999999999999 0.0010330000000000001 40.277993129560507 40.277993129560507 40.277993129560507 0.012392815395166703 0.012392815395166703 0.012392815395166703 1 1 1 Converged Converged Converged OK OK OK 99 99 99 99 99 99 5 5 5 0 0 0 0 1 0 0 1
1 1 linear 3 15 13 2 0.001 2.1336080847516863 0.0042828693196420133 4.9630676369625602e-05 -1.6315105013818718 0.0015986042237884001 -1.6315074803841798 0.5 1.6406064751848317 41.07410032076988 OK 15 14 0.73618099999999997 0.73063299999999998 0.209011 0.52773800000000004 0.378917 0 0.20844299999999993 0.35171599999999997 0.209011 0.013466000000000001 0.01332 0.012755000000000001 0.16356399999999996 0.30711400000000005 0.16557699999999995 0.0053400000000000001 0.0053790000000000001 0.0052730000000000008 0.001157 0.0010979999999999998 0.0010860000000000002 41.074030933436454 41.074030933436454 41.074030933436454 0.012394709928834681 0.012394709928834681 0.012394709928834681 1 1 1 Converged Converged Converged OK OK OK 99 99 99 99 99 99 5 5 5 0 0 0 0 1 0 0 1
1 1 linear 3 23 13 3 0.001 2.1336080847516863 0.0042828693196420133 4.9630676369625602e-05 -1.6315105013818718 0.0015986042237884001 -1.6315005752465979 0.5 1.6405995700472498 41.937719089281615 OK 15 14 0.83772899999999995 0.80990600000000001 0.20523 0.63080199999999997 0.46689000000000003 0 0.20692699999999997 0.34301599999999999 0.20523 0.013379 0.013354 0.012708000000000001 0.16247599999999995 0.29805199999999993 0.16198700000000005 0.0053950000000000005 0.0055059999999999996 0.005313 0.0010580000000000001 0.001049 0.001011 41.937646541494267 41.937646541494267 41.937646541494267 0.01239668734163586 0.01239668734163586 0.01239668734163586 1 1 1 Converged Converged Converged OK OK OK 99 99 99 99 99 99 5 5 5 0 0 0 0 1 0 0 1
1 1 linear 3 0 13 0 0.0001 2.1336080847516863 0.0042828693196420133 4.9630676369625602e-05 -1.6315105013818718 0.0015986042237884001 -1.6315204275171458 0.5 1.6406194223177977 39.628984737474326 OK 15 14 0.862541 0.86103399999999997 0.27869699999999997 0.57814699999999997 0.58133999999999997 0 0.28439400000000004 0.279694 0.27869699999999997 0.014203 0.014154 0.013688000000000001 0.21192299999999989 0.20782400000000001 0.20741099999999998 0.0068479999999999999 0.0067339999999999995 0.0066940000000000003 0.0013749999999999999 0.0013709999999999998 0.0013560000000000002 39.628960725662097 39.628960725662097 39.628960725662097 0.00069106879848815535 0.00069106879848815535 0.00069106879848815535 1 1 1 Converged Converged Converged OK OK OK 123 123 123 123 123 123 5 5 5 0 0 0 0 0 1 0 0
1 1 linear 3 7 13 1 0.0001 2.1336080847516863 0.0042828693196420133 4.9630676369625602e-05 -1.6315105013818718 0.0015986042237884001 -1.6315143855217615 0.5 1.6406133803224134 40.278061641616404 OK 15 14 0.80389900000000003 0.89985199999999999 0.25331900000000002 0.54521399999999998 0.37150699999999998 0 0.25868500000000005 0.52834500000000006 0.25331900000000002 0.013325999999999999 0.013483999999999999 0.012774000000000001 0.20655700000000002 0.47227299999999994 0.20247700000000002 0.0065499999999999994 0.0080000000000000002 0.0065060000000000005 0.001271 0.001353 0.0012709999999999998 40.278037541826059 40.278037541826059 40.278037541826059 0.00069124018089804728 0.00069124018089804728 0.00069124018089804728 1 1 1 Converged Converged Converged OK OK OK 123 123 123 123 123 123 5 5 5 0 0 0 0 1 0 0 1
1 1 linear 3 15 13 2 0.0001 2.1336080847516863 0.0042828693196420133 4.9630676369625602e-05 -1.6315105013818718 0.0015986042237884001 -1.6315074803841798 0.5 1.6406064751848317 41.07410032076988 OK 15 14 0.78087600000000001 0.89763000000000004 0.25883800000000001 0.52302300000000002 0.38137300000000002 0 0.257853 0.51625699999999997 0.25883800000000001 0.013341 0.014463 0.012857 0.20576699999999998 0.45925199999999983 0.20795600000000009 0.0065729999999999998 0.0072970000000000014 0.0065900000000000004 0.0013709999999999998 0.001714 0.001322 41.074075346204019 41.074075346204019 41.074075346204019 0.00069149460171416132 0.00069149460171416132 0.00069149460171416132 1 1 1 Converged Converged Converged OK OK OK 123 123 123 123 123 123 5 5 5 0 0 0 0 1 0 0 1
1 1 linear 3 23 13 3 0.0001 2.1336080847516863 0.0042828693196420133 4.9630676369625602e-05 -1.6315105013818718 0.0015986042237884001 -1.6315005752465979 0.5 1.6405995700472498 41.937719089281615 OK 15 14 0.88897099999999996 0.89952200000000004 0.256129 0.62855899999999998 0.46834999999999999 0 0.26041199999999998 0.43117200000000006 0.256129 0.013481999999999999 0.013350000000000001 0.012777 0.20811600000000002 0.37360899999999991 0.20546099999999989 0.0066500000000000005 0.006775999999999999 0.0065249999999999996 0.0012800000000000001 0.001286 0.001253 41.937690954761891 41.937690954761891 41.937690954761891 0.00069183061815024285 0.00069183061815024285 0.00069183061815024285 1 1 1 Converged Converged Converged OK OK OK 123 123 123 123 123 123 5 5 5 0 0 0 0 1 0 0 1
1 1 linear 4 0 14 0 0.001 2.1336080847516863 0.0042828693196420133 4.9630676369625602e-05 -1.6572205665868822 0.022790952304382966 -1.6572304927221562 0.5 1.6663294875228081 3.8620409058263752 OK 13 12 0.51561500000000005 0.51445600000000002 0.13633200000000001 0.37767099999999998 0.37712600000000002 0 0.13794400000000007 0.13733000000000001 0.13633200000000001 0.0089029999999999995 0.0091090000000000008 0.0086820000000000005 0.10675199999999999 0.10648800000000004 0.10629900000000002 0.003261 0.0031800000000000001 0.0030989999999999998 0.00071100000000000004 0.00068599999999999998 0.00065700000000000014 3.862039645317104 3.862039645317104 3.862039645317104 0.0019535087003894596 0.0019535087003894596 0.0019535087003894596 1 1 1 Converged Converged Converged OK OK OK 61 61 61 61 61 61 3 3 3 0 0 0 0 0 1 0 0
1 1 linear 4 7 14 1 0.001 2.1336080847516863 0.0042828693196420133 4.9630676369625602e-05 -1.6572205665868822 0.022790952304382966 -1.6572244507267719 0.5 1.6663234455274238 3.855806930014642 OK 13 12 0.55567299999999997 0.47428100000000001 0.134822 0.41869899999999999 0.259185 0 0.13697399999999998 0.21509600000000001 0.134822 0.0082380000000000005 0.0082109999999999995 0.0076990000000000001 0.10878200000000002 0.18722100000000003 0.10829200000000001 0.0033649999999999999 0.0033600000000000001 0.0032159999999999997 0.00071299999999999998 0.00069099999999999999 0.00065400000000000007 3.8558056817096729 3.8558056817096729 3.8558056817096729 0.0019535012380717475 0.0019535012380717475 0.0019535012380717475 1 1 1 Converged Converged Converged OK OK OK 61 61 61 61 61 61 3 3 3 0 0 0 0 1 0 0 1
1 1 linear 4 15 14 2 0.001 2.1336080847516863 0.0042828693196420133 4.9630676369625602e-05 -1.6572205665868822 0.022790952304382966 -1.6572175455891902 0.5 1.6663165403898421 3.8487277016614478 OK 13 12 0.54592600000000002 0.47145399999999998 0.13527400000000001 0.40920699999999999 0.25600099999999998 0 0.13671900000000003 0.21545300000000001 0.13527400000000001 0.0081340000000000006 0.0081740000000000007 0.0076309999999999998 0.109263 0.18745899999999993 0.10888199999999999 0.0033 0.0032750000000000001 0.0031650000000000003 0.00068000000000000005 0.00069899999999999997 0.00065499999999999998 3.8487264671009735 3.8487264671009735 3.8487264671009735 0.0019534927322241943 0.0019534927322241943 0.0019534927322241943 1 1 1 Converged Converged Converged OK OK OK 61 61 61 61 61 61 3 3 3 0 0 0 0 1 0 0 1
1 1 linear 4 23 14 3 0.001 2.1336080847516863 0.0042828693196420133 4.9630676369625602e-05 -1.6572205665868822 0.022790952304382966 -1.6572106404516083 0.5 1.6663096352522602 3.8416962953937599 OK 13 12 0.651227 0.55377399999999999 0.136404 0.513019 0.34747600000000001 0 0.138208 0.20629799999999998 0.136404 0.0082260000000000007 0.0081600000000000006 0.0076930000000000002 0.11058099999999997 0.178484 0.11008899999999998 0.0032599999999999999 0.0032829999999999999 0.0030469999999999998 0.00069499999999999998 0.00070600000000000003 0.00064900000000000005 3.8416950743619886 3.8416950743619886 3.8416950743619886 0.00195348423883964 0.00195348423883964 0.00195348423883964 1 1 1 Converged Converged Converged OK OK OK 61 61 61 61 61 61 3 3 3 0 0 0 0 1 0 0 1
1 1 linear 4 0 14 0 0.0001 2.1336080847516863 0.0042828693196420133 4.9630676369625602e-05 -1.6572205665868822 0.022790952304382966 -1.6572304927221562 0.5 1.6663294875228081 3.8620409058263752 OK 13 12 0.53928900000000002 0.54632400000000003 0.169904 0.37417600000000001 0.381328 0 0.16511300000000001 0.16499600000000003 0.169904 0.0089569999999999997 0.0088739999999999999 0.008489 0.12804400000000005 0.12848200000000004 0.13397599999999998 0.0040239999999999998 0.0039709999999999997 0.0039459999999999999 0.00081599999999999999 0.00080499999999999994 0.0008299999999999999 3.8620396463351687 3.8620396463351687 3.8620396463351687 8.5174636135784912e-05 8.5174636135784912e-05 8.5174636135784912e-05 1 1 1 Converged Converged Converged OK OK OK 77 77 77 77 77 77 3 3 3 0 0 0 0 0 1 0 0
1 1 linear 4 7 14 1 0.0001 2.1336080847516863 0.0042828693196420133 4.9630676369625602e-05 -1.6572205665868822 0.022790952304382966 -1.6572244507267719 0.5 1.6663234455274238 3.855806930014642 OK 13 12 0.58581799999999995 0.53443300000000005 0.16236900000000001 0.416688 0.251998 0 0.16912999999999995 0.28243500000000005 0.16236900000000001 0.0083409999999999995 0.0081069999999999996 0.0076410000000000002 0.13562099999999999 0.2498190000000001 0.131081 0.0042039999999999994 0.0040639999999999999 0.0039140000000000008 0.00080900000000000004 0.000785 0.00076800000000000002 3.8558056827270613 3.8558056827270613 3.8558056827270613 8.517545408651753e-05 8.517545408651753e-05 8.517545408651753e-05 1 1 1 Converged Converged Converged OK OK OK 77 77 77 77 77 77 3 3 3 0 0 0 0 1 0 0 1
1 1 linear 4 15 14 2 0.0001 2.1336080847516863 0.0042828693196420133 4.9630676369625602e-05 -1.6572205665868822 0.022790952304382966 -1.6572175455891902 0.5 1.6663165403898421 3.8487277016614478 OK 13 12 0.58211900000000005 0.53689399999999998 0.16024099999999999 0.41636200000000001 0.25237799999999999 0 0.16575700000000004 0.28451599999999999 0.16024099999999999 0.0082529999999999999 0.0081980000000000004 0.0077390000000000002 0.13231200000000001 0.25176399999999999 0.12873100000000001 0.0042880000000000001 0.0041879999999999999 0.0040039999999999997 0.00081099999999999998 0.00078799999999999986 0.00076000000000000015 3.8487264681182585 3.8487264681182585 3.8487264681182585 8.5176394825230817e-05 8.5176394825230817e-05 8.5176394825230817e-05 1 1 1 Converged Converged Converged OK OK OK 77 77 77 77 77 77 3 3 3 0 0 0 0 1 0 0 1
1 1 linear 4 23 14 3 0.0001 2.1336080847516863 0.0042828693196420133 4.9630676369625602e-05 -1.6572205665868822 0.022790952304382966 -1.6572106404516083 0.5 1.6663096352522602 3.8416962953937599 OK 13 12 0.68569400000000003 0.604908 0.162712 0.51916399999999996 0.34138499999999999 0 0.16653000000000007 0.26352300000000001 0.162712 0.0083269999999999993 0.0081119999999999994 0.0076470000000000002 0.13367899999999999 0.23134099999999994 0.13150400000000001 0.0040439999999999999 0.0040460000000000001 0.0039959999999999996 0.00080999999999999996 0.00078899999999999999 0.00076900000000000004 3.8416950753799952 3.8416950753799952 3.8416950753799952 8.5177329558801799e-05 8.5177329558801799e-05 8.5177329558801799e-05 1 1 1 Converged Converged Converged OK OK OK 77 77 77 77 77 77 3 3 3 0 0 0 0 1 0 0 1
1 1 uniform 0 0 15 0 0.001 2.1336080847516863 0.0042828693196420133 4.9630676369625602e-05 -1.6612080518027779 -0.017635896530330094 -1.6612179779380518 0 1.6703169727387037 41.922291611726415 OK 14 13 0.50566500000000003 0.52041300000000001 0.109761 0.39168700000000001 0.39937899999999998 0 0.11397800000000002 0.12103400000000003 0.109761 0.011619000000000001 0.013047 0.011332999999999999 0.077208999999999972 0.085932000000000022 0.077003000000000002 0.0027510000000000004 0.002761 0.0028140000000000001 0.00074699999999999994 0.00074400000000000009 0.00072300000000000001 41.922282457400435 41.922282457400435 41.922282457400435 0.0097180175972288677 0.0097180175972288677 0.0097180175972288677 1 1 1 Converged Converged Converged OK OK OK 67 67 67 67 67 67 5 5 5 0 0 0 0 0 1 0 0
1 1 uniform 0 7 15 1 0.001 2.1336080847516863 0.0042828693196420133 4.9630676369625602e-05 -1.6612080518027779 -0.017635896530330094 -1.6612119359426676 0 1.6703109307433195 43.987614774812329 OK 14 13 0.47892099999999999 0.46494600000000003 0.104547 0.37346400000000002 0.228522 0 0.10545699999999997 0.23642400000000002 0.104547 0.01085 0.012054 0.010260999999999999 0.077283000000000004 0.204237 0.07714399999999999 0.0027109999999999999 0.0027950000000000002 0.0027229999999999997 0.000794 0.00085399999999999994 0.00081399999999999994 43.987607710301795 43.987607710301795 43.987607710301795 0.010315120580918482 0.010315120580918482 0.010315120580918482 1 1 1 Converged Converged Converged OK OK OK 67 67 67 67 67 67 5 5 5 0 0 0 0 1 0 0 1
1 1 uniform 0 15 15 2 0.001 2.1336080847516863 0.0042828693196420133 4.9630676369625602e-05 -1.6612080518027779 -0.017635896530330094 -1.6612050308050859 0 1.6703040256057378 45.910506501119002 OK 14 13 0.52710299999999999 0.476941 0.106265 0.41422799999999999 0.25909599999999999 0 0.112875 0.21784500000000001 0.106265 0.010683 0.012181000000000001 0.010187 0.084601999999999969 0.18673300000000001 0.079287999999999997 0.0028570000000000002 0.0032040000000000003 0.0027490000000000001 0.0007229999999999999 0.00083400000000000011 0.0007400000000000001 45.910498225245647 45.910498225245647 45.910498225245647 0.011114749301438484 0.011114749301438484 0.011114749301438484 1 1 1 Converged Converged Converged OK OK OK 67 67 67 67 67 67 5 5 5 0 0 0 0 1 0 0 1
1 1 uniform 0 23 15 3 0.001 2.1336080847516863 0.0042828693196420133 4.9630676369625602e-05 -1.6612080518027779 -0.017635896530330094 -1.6611981256675039 0 1.6702971204681558 47.308639293138114 OK 14 13 0.51833499999999999 0.47381400000000001 0.102128 0.41449399999999997 0.25481399999999998 0 0.10384100000000002 0.21900000000000003 0.102128 0.010827 0.010846 0.010267999999999999 0.075536999999999979 0.19007399999999999 0.075030999999999973 0.0028300000000000001 0.0029940000000000001 0.0027490000000000001 0.00073799999999999994 0.00077499999999999997 0.00072800000000000002 47.308632444160537 47.308632444160537 47.308632444160537 0.011914750729729251 0.011914750729729251 0.011914750729729251 1 1 1 Converged Converged Converged OK OK OK 67 67 67 67 67 67 5 5 5 0 0 0 0 1 0 0 1
1 1 uniform 0 0 15 0 0.0001 2.1336080847516863 0.0042828693196420133 4.9630676369625602e-05 -1.6612080518027779 -0.017635896530330094 -1.6612179779380518 0 1.6703169727387037 41.922291611726415 OK 14 13 0.51897300000000002 0.51495800000000003 0.12059 0.393287 0.39358300000000002 0 0.12568600000000002 0.12137500000000001 0.12059 0.011753 0.011414000000000001 0.011214 0.088647999999999977 0.084952999999999987 0.084847000000000006 0.0031990000000000005 0.0031610000000000002 0.0031289999999999998 0.00086499999999999988 0.00086899999999999998 0.00082300000000000006 41.922291276800735 41.922291276800735 41.922291276800735 0.0026948458352843698 0.0026948458352843698 0.0026948458352843698 1 1 1 Converged Converged Converged OK OK OK 75 75 75 75 75 75 5 5 5 0 0 0 0 0 1 0 0
1 1 uniform 0 7 15 1 0.0001 2.1336080847516863 0.0042828693196420133 4.9630676369625602e-05 -1.6612080518027779 -0.017635896530330094 -1.6612119359426676 0 1.6703109307433195 43.987614774812329 OK 14 13 0.49276599999999998 0.43514000000000003 0.114582 0.37625599999999998 0.220247 0 0.11651 0.21489300000000003 0.114582 0.010895999999999999 0.010732999999999999 0.010215 0.085447000000000009 0.18420800000000004 0.085058999999999982 0.0031420000000000003 0.0031880000000000007 0.0030799999999999998 0.00096600000000000006 0.00091300000000000007 0.00091799999999999998 43.987616529787864 43.987616529787864 43.987616529787864 0.0032918803259937143 0.0032918803259937143 0.0032918803259937143 1 1 1 Converged Converged Converged OK OK OK 75 75 75 75 75 75 5 5 5 0 0 0 0 1 0 0 1
1 1 uniform 0 15 15 2 0.0001 2.1336080847516863 0.0042828693196420133 4.9630676369625602e-05 -1.6612080518027779 -0.017635896530330094 -1.6612050308050859 0 1.6703040256057378 45.910506501119002 OK 14 13 0.53866000000000003 0.46409899999999998 0.116437 0.41708600000000001 0.246611 0 0.12157400000000002 0.21748799999999999 0.116437 0.010732 0.010805 0.010220999999999999 0.090641000000000013 0.18284600000000009 0.086894999999999986 0.0032260000000000001 0.0069349999999999993 0.0030620000000000001 0.00083800000000000009 0.00087100000000000003 0.00082899999999999998 45.910507044830013 45.910507044830013 45.910507044830013 0.0040914307647339264 0.0040914307647339264 0.0040914307647339264 1 1 1 Converged Converged Converged OK OK OK 75 75 75 75 75 75 5 5 5 0 0 0 0 1 0 0 1
1 1 uniform 0 23 15 3 0.0001 2.1336080847516863 0.0042828693196420133 4.9630676369625602e-05 -1.6612080518027779 -0.017635896530330094 -1.6611981256675039 0 1.6702971204681558 47.308639293138114 OK 14 13 0.55021399999999998 0.50905 0.13711000000000001 0.41465099999999999 0.24701000000000001 0 0.13556299999999999 0.26204 0.13711000000000001 0.010763 0.010891 0.010163999999999999 0.099699999999999997 0.22631799999999999 0.10301799999999998 0.0041749999999999999 0.0041180000000000001 0.0041860000000000005 0.00098999999999999999 0.0010059999999999999 0.000968 47.308641326105317 47.308641326105317 47.308641326105317 0.0027972028971428899 0.0027972028971428899 0.0027972028971428899 1 1 1 Converged Converged Converged OK OK OK 91 91 91 91 91 91 5 5 5 0 0 0 0 1 0 0 1
1 1 uniform 1 0 16 0 0.001 2.1336080847516863 0.0042828693196420133 4.9630676369625602e-05 -1.6259738906568106 0.00026457903044116242 -1.6259838167920846 0 1.6350828115927365 83.302759055623369 OK 14 13 0.73062499999999997 0.72358800000000001 0.106749 0.62211300000000003 0.61558599999999997 0 0.10851199999999994 0.10800200000000004 0.106749 0.011683000000000001 0.011627999999999999 0.011240999999999999 0.078163000000000038 0.077942999999999985 0.077730000000000007 0.0025050000000000003 0.002369 0.0022200000000000002 0.000669 0.00063499999999999993 0.00060599999999999998 83.302701421144761 83.302701421144761 83.302701421144761 0.057887914774640656 0.057887914774640656 0.057887914774640656 1 1 1 Converged Converged Converged OK OK OK 59 59 59 59 59 59 5 5 5 0 0 0 0 0 1 0 0
1 1 uniform 1 7 16 1 0.001 2.1336080847516863 0.0042828693196420133 4.9630676369625602e-05 -1.6259738906568106 0.00026457903044116242 -1.6259777747967004 0 1.6350767695973523 83.062765049902367 OK 14 13 0.71991300000000003 0.60605200000000004 0.103866 0.61467799999999995 0.45494200000000001 0 0.10523500000000008 0.15111000000000002 0.103866 0.010914 0.010871 0.010234 0.078779000000000002 0.12488099999999996 0.078997999999999985 0.0023940000000000003 0.0023739999999999998 0.0023240000000000001 0.00069300000000000004 0.00063199999999999997 0.00059900000000000003 83.062707442079969 83.062707442079969 83.062707442079969 0.057381493532337513 0.057381493532337513 0.057381493532337513 1 1 1 Converged Converged Converged OK OK OK 59 59 59 59 59 59 5 5 5 0 0 0 0 1 0 0 1
1 1 uniform 1 15 16 2 0.001 2.1336080847516863 0.0042828693196420133 4.9630676369625602e-05 -1.6259738906568106 0.00026457903044116242 -1.6259708696591186 0 1.6350698644597705 82.752277476412431 OK 14 13 0.72672300000000001 0.61662499999999998 0.110512 0.62034400000000001 0.46804400000000002 0 0.106379 0.14858099999999996 0.110512 0.010796 0.010807000000000001 0.011504 0.08016100000000001 0.12268500000000002 0.084323999999999968 0.0023740000000000002 0.0023180000000000002 0.0022989999999999998 0.00069799999999999994 0.00065300000000000004 0.00061399999999999996 82.752218227224901 82.752218227224901 82.752218227224901 0.056886251524189378 0.056886251524189378 0.056886251524189378 1 1 1 Converged Converged Converged OK OK OK 59 59 59 59 59 59 5 5 5 0 0 0 0 1 0 0 1
1 1 uniform 1 23 16 3 0.001 2.1336080847516863 0.0042828693196420133 4.9630676369625602e-05 -1.6259738906568106 0.00026457903044116242 -1.6259639645215367 0 1.6350629593221886 82.404432962833312 OK 14 13 0.668736 0.56269999999999998 0.10607800000000001 0.56488300000000002 0.40964800000000001 0 0.10385299999999997 0.15305199999999997 0.10607800000000001 0.010747 0.010746 0.011462 0.078254999999999977 0.12740499999999999 0.079908000000000007 0.002366 0.0023529999999999996 0.0022939999999999996 0.00065499999999999998 0.00061900000000000008 0.00061499999999999999 82.404374867057825 82.404374867057825 82.404374867057825 0.056430544785214323 0.056430544785214323 0.056430544785214323 1 1 1 Converged Converged Converged OK OK OK 59 59 59 59 59 59 5 5 5 0 0 0 0 1 0 0 1
1 1 uniform 1 0 16 0 0.0001 2.1336080847516863 0.0042828693196420133 4.9630676369625602e-05 -1.6259738906568106 0.00026457903044116242 -1.6259838167920846 0 1.6350828115927365 83.302759055623369 OK 14 13 0.78239700000000001 0.78578400000000004 0.162772 0.61785400000000001 0.62095800000000001 0 0.16454299999999999 0.16482600000000003 0.162772 0.011583 0.011809999999999999 0.011275 0.12337799999999997 0.12271699999999998 0.12235299999999999 0.0039629999999999995 0.0043629999999999997 0.0039320000000000006 0.001047 0.0010849999999999998 0.0010710000000000001 83.302764592245282 83.302764592245282 83.302764592245282 0.0029719984075689317 0.0029719984075689317 0.0029719984075689317 1 1 1 Converged Converged Converged OK OK OK 91 91 91 91 91 91 5 5 5 0 0 0 0 0 1 0 0
1 1 uniform 1 7 16 1 0.0001 2.1336080847516863 0.0042828693196420133 4.9630676369625602e-05 -1.6259738906568106 0.00026457903044116242 -1.6259777747967004 0 1.6350767695973523 83.062765049902367 OK 14 13 0.77285300000000001 0.68221100000000001 0.15589600000000001 0.61404099999999995 0.45189400000000002 0 0.15881200000000006 0.23031699999999999 0.15589600000000001 0.010858 0.011098999999999999 0.010184 0.12408899999999998 0.195326 0.12305199999999998 0.0040869999999999995 0.0041710000000000002 0.0039159999999999993 0.0010510000000000001 0.0010810000000000001 0.001024 83.062770336557577 83.062770336557577 83.062770336557577 0.002978389115489144 0.002978389115489144 0.002978389115489144 1 1 1 Converged Converged Converged OK OK OK 91 91 91 91 91 91 5 5 5 0 0 0 0 1 0 0 1
1 1 uniform 1 15 16 2 0.0001 2.1336080847516863 0.0042828693196420133 4.9630676369625602e-05 -1.6259738906568106 0.00026457903044116242 -1.6259708696591186 0 1.6350698644597705 82.752277476412431 OK 14 13 0.76821200000000001 0.64686399999999999 0.13728000000000001 0.62406799999999996 0.46374799999999999 0 0.14414400000000005 0.183116 0.13728000000000001 0.011946999999999999 0.010808999999999999 0.010239 0.11167500000000005 0.15191199999999999 0.10768 0.0031779999999999998 0.0031889999999999996 0.0030569999999999998 0.00092500000000000004 0.00094000000000000008 0.00089999999999999998 82.752279688067887 82.752279688067887 82.752279688067887 0.0079426048162144613 0.0079426048162144613 0.0079426048162144613 1 1 1 Converged Converged Converged OK OK OK 75 75 75 75 75 75 5 5 5 0 0 0 0 1 0 0 1
1 1 uniform 1 23 16 3 0.0001 2.1336080847516863 0.0042828693196420133 4.9630676369625602e-05 -1.6259738906568106 0.00026457903044116242 -1.6259639645215367 0 1.6350629593221886 82.404432962833312 OK 14 13 0.71722699999999995 0.60170999999999997 0.136767 0.57346799999999998 0.414134 0 0.14375899999999997 0.18757599999999996 0.136767 0.0121 0.010866000000000001 0.010181000000000001 0.11110999999999999 0.15643000000000001 0.10742099999999997 0.0033029999999999999 0.0031589999999999999 0.0030899999999999999 0.00095100000000000002 0.00095800000000000008 0.00087199999999999995 82.404436316570184 82.404436316570184 82.404436316570184 0.0074959211518069715 0.0074959211518069715 0.0074959211518069715 1 1 1 Converged Converged Converged OK OK OK 75 75 75 75 75 75 5 5 5 0 0 0 0 1 0 0 1
1 1 uniform 2 0 17 0 0.001 2.1336080847516863 0.0042828693196420133 4.9630676369625602e-05 -1.6582446788177632 -0.024701825376412103 -1.6582546049530371 0 1.667353599753689 70.36736576534669 OK 14 13 1.0069410000000001 1.0045809999999999 0.15518100000000001 0.85261900000000002 0.85146599999999995 0 0.15432200000000007 0.153115 0.15518100000000001 0.012488000000000001 0.012166 0.012148000000000001 0.112008 0.111738 0.11380900000000001 0.0042580000000000005 0.0041579999999999994 0.0040470000000000002 0.0011550000000000002 0.001085 0.0010939999999999999 70.367357907743497 70.367357907743497 70.367357907743497 0.032414884072362052 0.032414884072362052 0.032414884072362052 1 1 1 Converged Converged Converged OK OK OK 90 90 90 90 90 90 6 6 6 0 0 0 0 0 1 0 0
1 1 uniform 2 7 17 1 0.001 2.1336080847516863 0.0042828693196420133 4.9630676369625602e-05 -1.6582446788177632 -0.024701825376412103 -1.6582485629576529 0 1.6673475577583048 62.370754271225572 OK 15 14 1.138781 1.0647599999999999 0.144709 0.99189799999999995 0.82331699999999997 0 0.1468830000000001 0.24144299999999996 0.144709 0.013856 0.013899 0.013327 0.11011499999999998 0.20515600000000003 0.10891899999999999 0.0037600000000000003 0.0036369999999999996 0.0035530000000000002 0.0010460000000000001 0.001008 0.0010010000000000002 62.370752456032321 62.370752456032321 62.370752456032321 0.051537507562998477 0.051537507562998477 0.051537507562998477 1 1 1 Converged Converged Converged OK OK OK 82 82 82 82 82 82 6 6 6 0 0 0 0 1 0 0 1
1 1 uniform 2 15 17 2 0.001 2.1336080847516863 0.0042828693196420133 4.9630676369625602e-05 -1.6582446788177632 -0.024701825376412103 -1.6582416578200712 0 1.6673406526207231 57.896245235044276 OK 15 14 1.160763 1.098088 0.14804400000000001 1.013487 0.85093700000000005 0 0.14727599999999996 0.2471509999999999 0.14804400000000001 0.013553000000000001 0.013465 0.013204 0.11114300000000003 0.211283 0.11319800000000002 0.0036619999999999995 0.0036350000000000002 0.0034299999999999999 0.00094699999999999993 0.00093099999999999997 0.00088699999999999998 57.896237569335817 57.896237569335817 57.896237569335817 0.029586483206350534 0.029586483206350534 0.029586483206350534 1 1 1 Converged Converged Converged OK OK OK 82 82 82 82 82 82 6 6 6 0 0 0 0 1 0 0 1
1 1 uniform 2 23 17 3 0.001 2.1336080847516863 0.0042828693196420133 4.9630676369625602e-05 -1.6582446788177632 -0.024701825376412103 -1.6582347526824892 0 1.6673337474831411 54.883099812361266 OK 15 14 1.0379989999999999 0.97781099999999999 0.14862900000000001 0.89022599999999996 0.72751699999999997 0 0.14777299999999993 0.25029400000000002 0.14862900000000001 0.01354 0.013887 0.012807000000000001 0.11202000000000004 0.21386700000000003 0.11432500000000001 0.0034560000000000003 0.0035810000000000004 0.003444 0.00092000000000000003 0.00093300000000000002 0.00087699999999999996 54.883089801390021 54.883089801390021 54.883089801390021 0.023089476336965419 0.023089476336965419 0.023089476336965419 1 1 1 Converged Converged Converged OK OK OK 82 82 82 82 82 82 6 6 6 0 0 0 0 1 0 0 1
1 1 uniform 2 0 17 0 0.0001 2.1336080847516863 0.0042828693196420133 4.9630676369625602e-05 -1.6582446788177632 -0.024701825376412103 -1.6582546049530371 0 1.667353599753689 70.36736576534669 OK 14 13 1.040292 1.0380780000000001 0.18817500000000001 0.85076600000000002 0.85066299999999995 0 0.18952599999999997 0.18741500000000011 0.18817500000000001 0.012784999999999999 0.012359 0.012312 0.13279399999999991 0.13230900000000001 0.13257200000000002 0.005182 0.0048279999999999998 0.0049870000000000001 0.0014040000000000001 0.0013239999999999999 0.0013219999999999998 70.367368666668611 70.367368666668611 70.367368666668611 0.0055186340177644892 0.0055186340177644892 0.0055186340177644892 1 1 1 Converged Converged Converged OK OK OK 106 106 106 106 106 106 6 6 6 0 0 0 0 0 1 0 0
1 1 uniform 2 7 17 1 0.0001 2.1336080847516863 0.0042828693196420133 4.9630676369625602e-05 -1.6582446788177632 -0.024701825376412103 -1.6582485629576529 0 1.6673475577583048 62.370754271225572 OK 15 14 1.2319789999999999 1.163405 0.200409 1.006265 0.82407300000000006 0 0.22571399999999997 0.33933199999999997 0.200409 0.015068 0.013793 0.013242 0.16991499999999998 0.28670000000000001 0.14955199999999999 0.0059170000000000004 0.0058209999999999998 0.0055729999999999998 0.0014870000000000003 0.0014109999999999999 0.0013759999999999998 62.370753806276774 62.370753806276774 62.370753806276774 0.0031303898782803429 0.0031303898782803429 0.0031303898782803429 1 1 1 Converged Converged Converged OK OK OK 122 122 122 122 122 122 6 6 6 0 0 0 0 1 0 0 1
1 1 uniform 2 15 17 2 0.0001 2.1336080847516863 0.0042828693196420133 4.9630676369625602e-05 -1.6582446788177632 -0.024701825376412103 -1.6582416578200712 0 1.6673406526207231 57.896245235044276 OK 15 14 1.2331939999999999 1.192145 0.20194699999999999 1.0220929999999999 0.85487400000000002 0 0.21110099999999998 0.33727099999999999 0.20194699999999999 0.015139 0.013688000000000001 0.013009 0.16171899999999992 0.29013900000000026 0.15664600000000001 0.0058790000000000005 0.0058630000000000002 0.0054669999999999996 0.0014049999999999998 0.0014390000000000002 0.0013529999999999998 57.896244438376712 57.896244438376712 57.896244438376712 0.0031819579858139617 0.0031819579858139617 0.0031819579858139617 1 1 1 Converged Converged Converged OK OK OK 122 122 122 122 122 122 6 6 6 0 0 0 0 1 0 0 1
1 1 uniform 2 23 17 3 0.0001 2.1336080847516863 0.0042828693196420133 4.9630676369625602e-05 -1.6582446788177632 -0.024701825376412103 -1.6582347526824892 0 1.6673337474831411 54.883099812361266 OK 15 14 1.099137 1.1058330000000001 0.206875 0.89058199999999998 0.76770300000000002 0 0.20855500000000005 0.33813000000000004 0.206875 0.013705 0.013925 0.013023 0.16161099999999998 0.29054999999999997 0.16145899999999994 0.0056979999999999999 0.005803 0.0054929999999999996 0.0013669999999999999 0.0014670000000000002 0.0013489999999999999 54.88309804783799 54.88309804783799 54.88309804783799 0.0032637729839359603 0.0032637729839359603 0.0032637729839359603 1 1 1 Converged Converged Converged OK OK OK 122 122 122 122 122 122 6 6 6 0 0 0 0 1 0 0 1
1 1 uniform 3 0 18 0 0.001 2.1336080847516863 0.0042828693196420133 4.9630676369625602e-05 -1.6315105013818718 0.0015986042237884001 -1.6315204275171458 0 1.6406194223177977 39.82385624119113 OK 15 14 0.72068500000000002 0.72131900000000004 0.147035 0.57642499999999997 0.57670200000000005 0 0.14426000000000005 0.144617 0.147035 0.014175 0.014085 0.015049999999999999 0.10525899999999996 0.105724 0.10701599999999999 0.0032879999999999993 0.003339 0.0032270000000000003 0.00077700000000000002 0.00077200000000000001 0.00076499999999999984 39.82384628362535 39.82384628362535 39.82384628362535 0.034155761336289482 0.034155761336289482 0.034155761336289482 1 1 1 Converged Converged Converged OK OK OK 67 67 67 67 67 67 5 5 5 0 0 0 0 0 1 0 0
1 1 uniform 3 7 18 1 0.001 2.1336080847516863 0.0042828693196420133 4.9630676369625602e-05 -1.6315105013818718 0.0015986042237884001 -1.6315143855217615 0 1.6406133803224134 40.492618673904261 OK 15 14 0.68220899999999995 0.59548900000000005 0.135236 0.54876999999999998 0.37736500000000001 0 0.13343899999999997 0.21812400000000004 0.135236 0.013439 0.013450999999999999 0.014064999999999999 0.099166999999999977 0.18387900000000001 0.100491 0.0033110000000000006 0.0032529999999999998 0.0032469999999999999 0.00076599999999999997 0.00079199999999999995 0.00073000000000000007 40.492608631519126 40.492608631519126 40.492608631519126 0.035492576991944851 0.035492576991944851 0.035492576991944851 1 1 1 Converged Converged Converged OK OK OK 67 67 67 67 67 67 5 5 5 0 0 0 0 1 0 0 1
1 1 uniform 3 15 18 2 0.001 2.1336080847516863 0.0042828693196420133 4.9630676369625602e-05 -1.6315105013818718 0.0015986042237884001 -1.6315074803841798 0 1.6406064751848317 41.315262378972811 OK 15 14 0.66156400000000004 0.62331700000000001 0.139652 0.52689799999999998 0.377133 0 0.13466600000000006 0.24618400000000001 0.139652 0.013492000000000001 0.014614 0.016250000000000001 0.10070699999999999 0.20231000000000002 0.10297700000000001 0.0032119999999999996 0.0033359999999999996 0.003241 0.000834 0.00089400000000000005 0.00086199999999999992 41.315252213603593 41.315252213603593 41.315252213603593 0.037241349729978813 0.037241349729978813 0.037241349729978813 1 1 1 Converged Converged Converged OK OK OK 67 67 67 67 67 67 5 5 5 0 0 0 0 1 0 0 1
1 1 uniform 3 23 18 3 0.001 2.1336080847516863 0.0042828693196420133 4.9630676369625602e-05 -1.6315105013818718 0.0015986042237884001 -1.6315005752465979 0 1.6405995700472498 42.211166017099927 OK 15 14 0.76512199999999997 0.69727499999999998 0.13231499999999999 0.62505500000000003 0.46873199999999998 0 0.14006699999999994 0.228543 0.13231499999999999 0.013386 0.014474000000000001 0.012704999999999999 0.10581099999999999 0.19281299999999996 0.099903999999999993 0.0033030000000000004 0.003339 0.003124 0.00075599999999999994 0.0007980000000000001 0.00070100000000000002 42.211155717813547 42.211155717813547 42.211155717813547 0.039383396366207198 0.039383396366207198 0.039383396366207198 1 1 1 Converged Converged Converged OK OK OK 67 67 67 67 67 67 5 5 5 0 0 0 0 1 0 0 1
1 1 uniform 3 0 18 0 0.0001 2.1336080847516863 0.0042828693196420133 4.9630676369625602e-05 -1.6315105013818718 0.0015986042237884001 -1.6315204275171458 0 1.6406194223177977 39.82385624119113 OK 15 14 0.77605400000000002 0.77730200000000005 0.198243 0.57623999999999997 0.57792100000000002 0 0.19981400000000005 0.19938100000000003 0.198243 0.014123999999999999 0.014112 0.013715 0.14416500000000007 0.144012 0.14355799999999994 0.0055510000000000004 0.0055479999999999991 0.0053270000000000001 0.0011509999999999999 0.0011509999999999999 0.00114 39.823855487856335 39.823855487856335 39.823855487856335 0.001016831619641279 0.001016831619641279 0.001016831619641279 1 1 1 Converged Converged Converged OK OK OK 107 107 107 107 107 107 5 5 5 0 0 0 0 0 1 0 0
1 1 uniform 3 7 18 1 0.0001 2.1336080847516863 0.0042828693196420133 4.9630676369625602e-05 -1.6315105013818718 0.0015986042237884001 -1.6315143855217615 0 1.6406133803224134 40.492618673904261 OK 15 14 0.73418899999999998 0.73536699999999999 0.18324399999999999 0.54871499999999995 0.37845099999999998 0 0.18547400000000003 0.35691600000000001 0.18324399999999999 0.013343000000000001 0.014603 0.01277 0.13895999999999997 0.30651100000000026 0.13785600000000003 0.0054359999999999999 0.0057200000000000003 0.0052979999999999998 0.001147 0.0012269999999999998 0.0011170000000000002 40.49261783047573 40.49261783047573 40.49261783047573 0.0010171069855061177 0.0010171069855061177 0.0010171069855061177 1 1 1 Converged Converged Converged OK OK OK 107 107 107 107 107 107 5 5 5 0 0 0 0 1 0 0 1
1 1 uniform 3 15 18 2 0.0001 2.1336080847516863 0.0042828693196420133 4.9630676369625602e-05 -1.6315105013818718 0.0015986042237884001 -1.6315074803841798 0 1.6406064751848317 41.315262378972811 OK 15 14 0.71291400000000005 0.72587699999999999 0.18560099999999999 0.52527999999999997 0.385853 0 0.18763400000000008 0.34002399999999999 0.18560099999999999 0.013396 0.014648 0.012694 0.14096700000000001 0.29128700000000002 0.14025700000000002 0.0053620000000000004 0.0055130000000000005 0.0052950000000000011 0.001209 0.001273 0.0011940000000000002 41.315261405378905 41.315261405378905 41.315261405378905 0.0010174244855646218 0.0010174244855646218 0.0010174244855646218 1 1 1 Converged Converged Converged OK OK OK 107 107 107 107 107 107 5 5 5 0 0 0 0 1 0 0 1
1 1 uniform 3 23 18 3 0.0001 2.1336080847516863 0.0042828693196420133 4.9630676369625602e-05 -1.6315105013818718 0.0015986042237884001 -1.6315005752465979 0 1.6405995700472498 42.211166017099927 OK 15 14 0.81689599999999996 0.79413 0.18442800000000001 0.62502800000000003 0.46933999999999998 0 0.19186799999999993 0.32479000000000002 0.18442800000000001 0.013422999999999999 0.013322000000000001 0.012619999999999999 0.14107499999999995 0.2780479999999998 0.139544 0.0056129999999999999 0.0054419999999999998 0.005337999999999999 0.0011680000000000002 0.0011440000000000001 0.0011169999999999999 42.211164900914504 42.211164900914504 42.211164900914504 0.0010177450119470059 0.0010177450119470059 0.0010177450119470059 1 1 1 Converged Converged Converged OK OK OK 107 107 107 107 107 107 5 5 5 0 0 0 0 1 0 0 1
1 1 uniform 4 0 19 0 0.001 2.1336080847516863 0.0042828693196420133 4.9630676369625602e-05 -1.6572205665868822 0.022790952304382966 -1.6572304927221562 0 1.6663294875228081 3.8620667748591222 OK 13 12 0.46845999999999999 0.457177 0.075534000000000004 0.38820199999999999 0.38040600000000002 0 0.080257999999999996 0.076770999999999978 0.075534000000000004 0.0091439999999999994 0.0089029999999999995 0.0085760000000000003 0.053354000000000019 0.051874999999999998 0.051435000000000002 0.0022589999999999997 0.0022130000000000001 0.0021149999999999997 0.00056299999999999992 0.00055099999999999995 0.00052700000000000002 3.8620667486052338 3.8620667486052338 3.8620667486052338 0.0013594113566831889 0.0013594113566831889 0.0013594113566831889 1 1 1 Converged Converged Converged OK OK OK 45 45 45 45 45 45 3 3 3 0 0 0 0 0 1 0 0
1 1 uniform 4 7 19 1 0.001 2.1336080847516863 0.0042828693196420133 4.9630676369625602e-05 -1.6572205665868822 0.022790952304382966 -1.6572244507267719 0 1.6663234455274238 3.8558325439732508 OK 13 12 0.50284300000000004 0.38248700000000002 0.075625999999999999 0.42228300000000002 0.25158599999999998 0 0.08056000000000002 0.13090100000000005 0.075625999999999999 0.0082690000000000003 0.0080800000000000004 0.0076439999999999998 0.057636999999999987 0.10862000000000002 0.054437999999999993 0.0022290000000000001 0.002222 0.0021710000000000002 0.00055800000000000001 0.00053899999999999998 0.00052499999999999997 3.8558325177630759 3.8558325177630759 3.8558325177630759 0.0013572201062032935 0.0013572201062032935 0.0013572201062032935 1 1 1 Converged Converged Converged OK OK OK 45 45 45 45 45 45 3 3 3 0 0 0 0 1 0 0 1
1 1 uniform 4 15 19 2 0.001 2.1336080847516863 0.0042828693196420133 4.9630676369625602e-05 -1.6572205665868822 0.022790952304382966 -1.6572175455891902 0 1.6663165403898421 3.8487530283500067 OK 13 12 0.49769200000000002 0.386293 0.075532000000000002 0.42048200000000002 0.25236799999999998 0 0.077210000000000001 0.13392500000000002 0.075532000000000002 0.0080490000000000006 0.0081189999999999995 0.0076660000000000001 0.054925999999999996 0.111417 0.054399999999999997 0.002183 0.002232 0.0020930000000000002 0.00055599999999999996 0.00053700000000000004 0.00051800000000000001 3.8487530021871041 3.8487530021871041 3.8487530021871041 0.001354731751144583 0.001354731751144583 0.001354731751144583 1 1 1 Converged Converged Converged OK OK OK 45 45 45 45 45 45 3 3 3 0 0 0 0 1 0 0 1
1 1 uniform 4 23 19 3 0.001 2.1336080847516863 0.0042828693196420133 4.9630676369625602e-05 -1.6572205665868822 0.022790952304382966 -1.6572106404516083 0 1.6663096352522602 3.8417213392492799 OK 13 12 0.58321900000000004 0.46385999999999999 0.076107999999999995 0.50558099999999995 0.340868 0 0.077638000000000096 0.12299199999999999 0.076107999999999995 0.0082089999999999993 0.0082229999999999994 0.0076439999999999998 0.055318000000000006 0.10067400000000001 0.054973999999999995 0.002166 0.002209 0.0021329999999999999 0.00054900000000000001 0.00054000000000000001 0.00052099999999999998 3.8417213131338919 3.8417213131338919 3.8417213131338919 0.001352260193545672 0.001352260193545672 0.001352260193545672 1 1 1 Converged Converged Converged OK OK OK 45 45 45 45 45 45 3 3 3 0 0 0 0 1 0 0 1
1 1 uniform 4 0 19 0 0.0001 2.1336080847516863 0.0042828693196420133 4.9630676369625602e-05 -1.6572205665868822 0.022790952304382966 -1.6572304927221562 0 1.6663294875228081 3.8620667748591222 OK 13 12 0.50082099999999996 0.50213300000000005 0.13039799999999999 0.37742199999999998 0.37930799999999998 0 0.12339899999999998 0.12282500000000007 0.13039799999999999 0.0089090000000000003 0.0088280000000000008 0.0097999999999999997 0.086708999999999994 0.086576999999999987 0.092537999999999981 0.0038549999999999999 0.0038430000000000001 0.0038929999999999998 0.00077700000000000013 0.00078600000000000002 0.000785 3.8620667486264311 3.8620667486264311 3.8620667486264311 1.7751199338342883e-05 1.7751199338342883e-05 1.7751199338342883e-05 1 1 1 Converged Converged Converged OK OK OK 77 77 77 77 77 77 3 3 3 0 0 0 0 0 1 0 0
1 1 uniform 4 7 19 1 0.0001 2.1336080847516863 0.0042828693196420133 4.9630676369625602e-05 -1.6572205665868822 0.022790952304382966 -1.6572244507267719 0 1.6663234455274238 3.8558325439732508 OK 13 12 0.53454400000000002 0.492205 0.124847 0.412663 0.25160100000000002 0 0.12188100000000002 0.24060399999999998 0.124847 0.0081600000000000006 0.0081919999999999996 0.0078829999999999994 0.089646999999999963 0.20835100000000004 0.092726999999999948 0.003872 0.003859 0.0039569999999999996 0.00076699999999999989 0.00078300000000000006 0.00077800000000000005 3.8558325177842989 3.8558325177842989 3.8558325177842989 1.7751371700436333e-05 1.7751371700436333e-05 1.7751371700436333e-05 1 1 1 Converged Converged Converged OK OK OK 77 77 77 77 77 77 3 3 3 0 0 0 0 1 0 0 1
1 1 uniform 4 15 19 2 0.0001 2.1336080847516863 0.0042828693196420133 4.9630676369625602e-05 -1.6572205665868822 0.022790952304382966 -1.6572175455891902 0 1.6663165403898421 3.8487530283500067 OK 13 12 0.53088400000000002 0.49999900000000003 0.121334 0.41044900000000001 0.25770500000000002 0 0.12043500000000001 0.24229400000000001 0.121334 0.0081510000000000003 0.008097 0.0078320000000000004 0.087947000000000011 0.20940899999999993 0.089487000000000039 0.0038530000000000005 0.0039649999999999998 0.0038709999999999999 0.00080399999999999992 0.00080600000000000008 0.00077399999999999995 3.8487530022087659 3.8487530022087659 3.8487530022087659 1.7751572823766261e-05 1.7751572823766261e-05 1.7751572823766261e-05 1 1 1 Converged Converged Converged OK OK OK 77 77 77 77 77 77 3 3 3 0 0 0 0 1 0 0 1
1 1 uniform 4 23 19 3 0.0001 2.1336080847516863 0.0042828693196420133 4.9630676369625602e-05 -1.6572205665868822 0.022790952304382966 -1.6572106404516083 0 1.6663096352522602 3.8417213392492799 OK 13 12 0.62990900000000005 0.57674999999999998 0.12424499999999999 0.50680499999999995 0.34804000000000002 0 0.1231040000000001 0.22870999999999997 0.12424499999999999 0.0081390000000000004 0.0094750000000000008 0.0078790000000000006 0.090632999999999991 0.194079 0.092264000000000013 0.0038550000000000004 0.0040209999999999994 0.003882 0.00079699999999999997 0.00080200000000000009 0.00079000000000000001 3.8417213131549812 3.8417213131549812 3.8417213131549812 1.7751766960749697e-05 1.7751766960749697e-05 1.7751766960749697e-05 1 1 1 Converged Converged Converged OK OK OK 77 77 77 77 77 77 3 3 3 0 0 0 0 1 0 0 1
2 2 linear 0 0 20 0 0.001 1.0835258487192334 0.0011934930867489777 0.0064377438689594306 -0.16008332749208662 -0.040867077745903112 -0.16137087626587851 0.5 0.16266251531336498 7.3041753419112512 OK 14 13 0.65940900000000002 0.66261000000000003 0.21246699999999999 0.44874599999999998 0.45586700000000002 0 0.21066300000000004 0.20674300000000001 0.21246699999999999 0.012171 0.012159 0.012873000000000001 0.16011200000000003 0.1561229999999999 0.16105999999999998 0.0053269999999999993 0.0054979999999999994 0.0054000000000000003 0.001145 0.0011309999999999998 0.0011069999999999999 7.3041468089428419 7.3041468089428419 7.3041468089428419 0.0053298482084370253 0.0053298482084370253 0.0053298482084370253 1 1 1 Converged Converged Converged OK OK OK 105 105 105 105 105 105 7 7 7 0 0 0 0 0 1 0 0
2 2 linear 0 7 20 1 0.001 1.0835258487192334 0.0011934930867489777 0.0064377438689594306 -0.16008332749208662 -0.040867077745903112 -0.16058715092530954 0.5 0.16187878997279601 7.3383054628708386 OK 14 13 0.59978600000000004 0.47475299999999998 0.20227400000000001 0.39818999999999999 0.23682400000000001 0 0.20159600000000005 0.23792899999999997 0.20227400000000001 0.011308 0.011362000000000001 0.01175 0.15920100000000004 0.19679099999999994 0.16087599999999996 0.0059429999999999986 0.0053550000000000004 0.0052959999999999995 0.001183 0.001065 0.0010430000000000001 7.3382995943119358 7.3382995943119358 7.3382995943119358 0.0060689986521142289 0.0060689986521142289 0.0060689986521142289 1 1 1 Converged Converged Converged OK OK OK 105 105 105 105 105 105 7 7 7 0 0 0 0 1 0 0 1
2 2 linear 0 15 20 2 0.001 1.0835258487192334 0.0011934930867489777 0.0064377438689594306 -0.16008332749208662 -0.040867077745903112 -0.15969146482180213 0.5 0.1609831038692886 7.3461980917565866 OK 14 13 0.55196900000000004 0.42257099999999997 0.19639699999999999 0.35711599999999999 0.18105499999999999 0 0.19485300000000005 0.24151599999999998 0.19639699999999999 0.011306999999999999 0.011219 0.011708 0.15248800000000004 0.20057 0.15498300000000001 0.0055770000000000004 0.0051200000000000013 0.0051330000000000004 0.0011069999999999999 0.0010430000000000001 0.0010350000000000001 7.3462055723946298 7.3462055723946298 7.3462055723946298 0.0054143649773001198 0.0054143649773001198 0.0054143649773001198 1 1 1 Converged Converged Converged OK OK OK 105 105 105 105 105 105 7 7 7 0 0 0 0 1 0 0 1
2 2 linear 0 23 20 3 0.001 1.0835258487192334 0.0011934930867489777 0.0064377438689594306 -0.16008332749208662 -0.040867077745903112 -0.15879577871829473 0.5 0.1600874177657812 7.3204056335162262 OK 14 13 0.58764700000000003 0.46087499999999998 0.19528100000000001 0.39471699999999998 0.22259399999999999 0 0.19293000000000005 0.23828099999999999 0.19528100000000001 0.011225000000000001 0.011050000000000001 0.011580999999999999 0.15126800000000004 0.19679400000000002 0.15380099999999999 0.0054460000000000003 0.0053039999999999997 0.005078 0.0012210000000000001 0.0011919999999999999 0.0011100000000000001 7.3204279612703047 7.3204279612703047 7.3204279612703047 0.0065196767358281643 0.0065196767358281643 0.0065196767358281643 1 1 1 Converged Converged Converged OK OK OK 105 105 105 105 105 105 7 7 7 0 0 0 0 1 0 0 1
2 2 linear 0 0 20 0 0.0001 1.0835258487192334 0.0011934930867489777 0.0064377438689594306 -0.16008332749208662 -0.040867077745903112 -0.16137087626587851 0.5 0.16266251531336498 7.3041753419112512 OK 14 13 0.71112900000000001 0.70926599999999995 0.252112 0.44944800000000001 0.45396700000000001 0 0.261681 0.25529899999999994 0.252112 0.012208999999999999 0.012144 0.011619000000000001 0.18730799999999997 0.18729699999999996 0.18575399999999984 0.0062700000000000013 0.0063850000000000009 0.0061360000000000008 0.0014319999999999999 0.0014430000000000001 0.0014530000000000001 7.3041460505422382 7.3041460505422382 7.3041460505422382 0.00053788411711313893 0.00053788411711313893 0.00053788411711313893 1 1 1 Converged Converged Converged OK OK OK 121 121 121 121 121 121 7 7 7 0 0 0 0 0 1 0 0
2 2 linear 0 7 20 1 0.0001 1.0835258487192334 0.0011934930867489777 0.0064377438689594306 -0.16008332749208662 -0.040867077745903112 -0.16058715092530954 0.5 0.16187878997279601 7.3383054628708386 OK 14 13 0.63255600000000001 0.52239999999999998 0.23077900000000001 0.39709299999999997 0.24154200000000001 0 0.23546300000000003 0.28085799999999994 0.23077900000000001 0.011077 0.011148999999999999 0.010506 0.18901600000000005 0.23565199999999994 0.18707099999999993 0.0066169999999999988 0.0060510000000000008 0.0059130000000000007 0.001387 0.0013550000000000001 0.00131 7.3382972570882181 7.3382972570882181 7.3382972570882181 0.00012686155814426556 0.00012686155814426556 0.00012686155814426556 1 1 1 Converged Converged Converged OK OK OK 121 121 121 121 121 121 7 7 7 0 0 0 0 1 0 0 1
2 2 linear 0 15 20 2 0.0001 1.0835258487192334 0.0011934930867489777 0.0064377438689594306 -0.16008332749208662 -0.040867077745903112 -0.15969146482180213 0.5 0.1609831038692886 7.3461980917565866 OK 14 13 0.61407800000000001 0.47697899999999999 0.24283399999999999 0.36460399999999998 0.178255 0 0.24947400000000003 0.29872399999999999 0.24283399999999999 0.012662 0.011122999999999999 0.010506 0.19596299999999994 0.24892600000000001 0.19452100000000003 0.0071380000000000011 0.006581 0.0063589999999999992 0.0015679999999999999 0.001578 0.0015099999999999996 7.3462035878293959 7.3462035878293959 7.3462035878293959 4.8697716437799851e-05 4.8697716437799851e-05 4.8697716437799851e-05 1 1 1 Converged Converged Converged OK OK OK 129 129 129 129 129 129 7 7 7 0 0 0 0 1 0 0 1
2 2 linear 0 23 20 3 0.0001 1.0835258487192334 0.0011934930867489777 0.0064377438689594306 -0.16008332749208662 -0.040867077745903112 -0.15879577871829473 0.5 0.1600874177657812 7.3204056335162262 OK 14 13 0.65520999999999996 0.51477200000000001 0.23435300000000001 0.40688200000000002 0.22522800000000001 0 0.24832799999999994 0.28954400000000002 0.23435300000000001 0.011502999999999999 0.011174 0.010451 0.19834299999999988 0.24176900000000009 0.18778900000000015 0.0070520000000000001 0.0066189999999999999 0.0064539999999999997 0.0015920000000000001 0.0015329999999999999 0.0015060000000000002 7.3204293821213167 7.3204293821213167 7.3204293821213167 4.2407959912560506e-05 4.2407959912560506e-05 4.2407959912560506e-05 1 1 1 Converged Converged Converged OK OK OK 129 129 129 129 129 129 7 7 7 0 0 0 0 1 0 0 1
2 2 linear 1 0 21 0 0.001 1.0835258487192334 0.0011934930867489777 0.0064377438689594306 -0.15745196855862689 -0.042159477332056591 -0.15873951733241878 0.5 0.16003115637990525 7.1618630089688695 OK 14 13 0.70691400000000004 0.69688000000000005 0.207429 0.497338 0.48848900000000001 0 0.20957600000000004 0.20839100000000005 0.207429 0.012082000000000001 0.012208999999999999 0.01172 0.15889499999999995 0.15836900000000001 0.15814700000000007 0.0056010000000000001 0.005458000000000001 0.0054049999999999992 0.001217 0.001157 0.0011800000000000001 7.161870073062075 7.161870073062075 7.161870073062075 0.0047042676176577642 0.0047042676176577642 0.0047042676176577642 1 1 1 Converged Converged Converged OK OK OK 105 105 105 105 105 105 7 7 7 0 0 0 0 0 1 0 0
2 2 linear 1 7 21 1 0.001 1.0835258487192334 0.0011934930867489777 0.0064377438689594306 -0.15745196855862689 -0.042159477332056591 -0.15795579199184981 0.5 0.15924743103933628 7.1127190719054552 OK 14 13 0.58613999999999999 0.44284099999999998 0.188222 0.38551999999999997 0.213891 0 0.20062000000000002 0.22894999999999999 0.188222 0.012491 0.011194000000000001 0.010401000000000001 0.15875000000000003 0.190053 0.15081799999999992 0.0052330000000000007 0.0049069999999999999 0.0048510000000000003 0.0011659999999999999 0.001067 0.0011360000000000001 7.1127253774513139 7.1127253774513139 7.1127253774513139 0.0051820875865943678 0.0051820875865943678 0.0051820875865943678 1 1 1 Converged Converged Converged OK OK OK 97 97 97 97 97 97 7 7 7 0 0 0 0 1 0 0 1
2 2 linear 1 15 21 2 0.001 1.0835258487192334 0.0011934930867489777 0.0064377438689594306 -0.15745196855862689 -0.042159477332056591 -0.15706010588834241 0.5 0.15835174493582888 7.0243983597318342 OK 14 13 0.71580500000000002 0.55928199999999995 0.191635 0.51037699999999997 0.328065 0 0.20542800000000006 0.23121699999999995 0.191635 0.012493000000000001 0.011122999999999999 0.010357 0.163412 0.19188 0.15477000000000002 0.0052050000000000004 0.0053830000000000006 0.004777 0.001199 0.0011020000000000001 0.0010369999999999999 7.0244112343197251 7.0244112343197251 7.0244112343197251 0.0047142579516347011 0.0047142579516347011 0.0047142579516347011 1 1 1 Converged Converged Converged OK OK OK 97 97 97 97 97 97 7 7 7 0 0 0 0 1 0 0 1
2 2 linear 1 23 21 3 0.001 1.0835258487192334 0.0011934930867489777 0.0064377438689594306 -0.15745196855862689 -0.042159477332056591 -0.156164419784835 0.5 0.15745605883232147 6.8984602942088697 OK 14 13 0.57204900000000003 0.42890899999999998 0.182813 0.38830199999999998 0.21091199999999999 0 0.18374700000000005 0.217997 0.182813 0.012477 0.011287 0.010477 0.14537799999999992 0.18090300000000001 0.14748299999999995 0.0045589999999999997 0.0046709999999999998 0.0043560000000000005 0.00092600000000000007 0.000959 0.00091099999999999992 6.8984647775525314 6.8984647775525314 6.8984647775525314 0.0065717177677946104 0.0065717177677946104 0.0065717177677946104 1 1 1 Converged Converged Converged OK OK OK 89 89 89 89 89 89 7 7 7 0 0 0 0 1 0 0 1
2 2 linear 1 0 21 0 0.0001 1.0835258487192334 0.0011934930867489777 0.0064377438689594306 -0.15745196855862689 -0.042159477332056591 -0.15873951733241878 0.5 0.16003115637990525 7.1618630089688695 OK 14 13 0.76022599999999996 0.78484500000000001 0.27218199999999998 0.48893999999999999 0.50380199999999997 0 0.27128599999999997 0.28104300000000004 0.27218199999999998 0.012208999999999999 0.013527000000000001 0.011957000000000001 0.19893600000000003 0.20382099999999989 0.19968499999999997 0.006783 0.0073680000000000004 0.0070629999999999998 0.0016740000000000001 0.0017930000000000001 0.0017069999999999998 7.1618738745720885 7.1618738745720885 7.1618738745720885 4.1987295002678986e-05 4.1987295002678986e-05 4.1987295002678986e-05 1 1 1 Converged Converged Converged OK OK OK 129 129 129 129 129 129 7 7 7 0 0 0 0 0 1 0 0
2 2 linear 1 7 21 1 0.0001 1.0835258487192334 0.0011934930867489777 0.0064377438689594306 -0.15745196855862689 -0.042159477332056591 -0.15795579199184981 0.5 0.15924743103933628 7.1127190719054552 OK 14 13 0.60432900000000001 0.49472899999999997 0.21898300000000001 0.38308300000000001 0.21095700000000001 0 0.221246 0.28377199999999997 0.21898300000000001 0.011270000000000001 0.01115 0.010451999999999999 0.17491999999999996 0.23396499999999987 0.17409300000000011 0.0063790000000000001 0.0065949999999999984 0.0064830000000000009 0.001426 0.0015539999999999998 0.0015430000000000001 7.1127251326396044 7.1127251326396044 7.1127251326396044 0.0005239516491569536 0.0005239516491569536 0.0005239516491569536 1 1 1 Converged Converged Converged OK OK OK 121 121 121 121 121 121 7 7 7 0 0 0 0 1 0 0 1
2 2 linear 1 15 21 2 0.0001 1.0835258487192334 0.0011934930867489777 0.0064377438689594306 -0.15745196855862689 -0.042159477332056591 -0.15706010588834241 0.5 0.15835174493582888 7.0243983597318342 OK 14 13 0.72307900000000003 0.590333 0.21183299999999999 0.50201499999999999 0.32752100000000001 0 0.22106400000000004 0.26281199999999999 0.21183299999999999 0.011452 0.011181 0.010409 0.17460599999999987 0.21880500000000014 0.16968899999999995 0.0068050000000000003 0.0058990000000000006 0.0057089999999999988 0.0015039999999999997 0.0012619999999999999 0.001279 7.024411211663697 7.024411211663697 7.024411211663697 0.00066941881466767356 0.00066941881466767356 0.00066941881466767356 1 1 1 Converged Converged Converged OK OK OK 113 113 113 113 113 113 7 7 7 0 0 0 0 1 0 0 1
2 2 linear 1 23 21 3 0.0001 1.0835258487192334 0.0011934930867489777 0.0064377438689594306 -0.15745196855862689 -0.042159477332056591 -0.156164419784835 0.5 0.15745605883232147 6.8984602942088697 OK 14 13 0.62377300000000002 0.49126599999999998 0.224745 0.384268 0.207844 0 0.23950500000000002 0.28342199999999995 0.224745 0.01261 0.011323 0.010414 0.19196200000000005 0.23833700000000008 0.18258900000000003 0.0064830000000000009 0.0062109999999999995 0.0057389999999999993 0.0013059999999999999 0.001201 0.0011980000000000001 6.8984681075218042 6.8984681075218042 6.8984681075218042 0.000401423338416043 0.000401423338416043 0.000401423338416043 1 1 1 Converged Converged Converged OK OK OK 113 113 113 113 113 113 7 7 7 0 0 0 0 1 0 0 1
2 2 linear 2 0 22 0 0.001 1.0835258487192334 0.0011934930867489777 0.0064377438689594306 -0.12184570751683198 0.023984902945683999 -0.12313325629062387 0.5 0.12442489533811034 7.3873545662350999 OK 13 12 0.40290700000000002 0.40066400000000002 0.097411999999999999 0.303622 0.301761 0 0.099285000000000012 0.098903000000000019 0.097411999999999999 0.0088959999999999994 0.0089239999999999996 0.0085629999999999994 0.067883999999999986 0.067644000000000024 0.067246000000000014 0.0033990000000000001 0.0032929999999999999 0.0031840000000000002 0.00068499999999999995 0.00067799999999999989 0.0006730000000000001 7.3873581973896796 7.3873581973896796 7.3873581973896796 0.00478437453013767 0.00478437453013767 0.00478437453013767 1 1 1 Converged Converged Converged OK OK OK 61 61 61 61 61 61 3 3 3 0 0 0 0 0 1 0 0
2 2 linear 2 7 22 1 0.001 1.0835258487192334 0.0011934930867489777 0.0064377438689594306 -0.12184570751683198 0.023984902945683999 -0.12234953095005489 0.5 0.12364116999754136 7.4330334314305277 OK 13 12 0.396924 0.27346599999999999 0.095657000000000006 0.29992799999999997 0.142569 0 0.096996000000000027 0.13089699999999999 0.095657000000000006 0.0080780000000000001 0.0081550000000000008 0.0076889999999999997 0.069427000000000016 0.10301299999999998 0.069121999999999961 0.0033250000000000003 0.003392 0.0031999999999999997 0.00068000000000000005 0.00066500000000000001 0.00064899999999999995 7.4330370798845244 7.4330370798845244 7.4330370798845244 0.004785513882982869 0.004785513882982869 0.004785513882982869 1 1 1 Converged Converged Converged OK OK OK 61 61 61 61 61 61 3 3 3 0 0 0 0 1 0 0 1
2 2 linear 2 15 22 2 0.001 1.0835258487192334 0.0011934930867489777 0.0064377438689594306 -0.12184570751683198 0.023984902945683999 -0.12145384484654749 0.5 0.12274548389403396 7.4860013003449435 OK 13 12 0.404802 0.27501500000000001 0.093983999999999998 0.30928499999999998 0.15243300000000001 0 0.095517000000000019 0.122582 0.093983999999999998 0.0080230000000000006 0.0082120000000000005 0.0076109999999999997 0.067860999999999991 0.094814000000000009 0.067600999999999981 0.0032569999999999999 0.003258 0.0031309999999999997 0.00071000000000000002 0.00069099999999999999 0.000687 7.4860049670943276 7.4860049670943276 7.4860049670943276 0.0048557900225994436 0.0048557900225994436 0.0048557900225994436 1 1 1 Converged Converged Converged OK OK OK 61 61 61 61 61 61 3 3 3 0 0 0 0 1 0 0 1
2 2 linear 2 23 22 3 0.001 1.0835258487192334 0.0011934930867489777 0.0064377438689594306 -0.12184570751683198 0.023984902945683999 -0.12055815874304009 0.5 0.12184979779052656 7.5397952423090775 OK 13 12 0.41055199999999997 0.28125600000000001 0.094501000000000002 0.31425700000000001 0.15273900000000001 0 0.096294999999999964 0.12851699999999999 0.094501000000000002 0.0080960000000000008 0.0082070000000000008 0.0076779999999999999 0.068784000000000012 0.10112499999999999 0.068297000000000024 0.00331 0.0032520000000000001 0.0031089999999999998 0.00071199999999999996 0.00068899999999999994 0.00067400000000000001 7.5397994573164535 7.5397994573164535 7.5397994573164535 0.0049268270611916593 0.0049268270611916593 0.0049268270611916593 1 1 1 Converged Converged Converged OK OK OK 61 61 61 61 61 61 3 3 3 0 0 0 0 1 0 0 1
2 2 linear 2 0 22 0 0.0001 1.0835258487192334 0.0011934930867489777 0.0064377438689594306 -0.12184570751683198 0.023984902945683999 -0.12313325629062387 0.5 0.12442489533811034 7.3873545662350999 OK 13 12 0.423261 0.42180400000000001 0.11917999999999999 0.29801699999999998 0.30094500000000002 0 0.12524400000000002 0.12085899999999999 0.11917999999999999 0.0087899999999999992 0.0086789999999999992 0.0083599999999999994 0.084198000000000051 0.084437999999999985 0.083561999999999984 0.004176 0.0041359999999999999 0.004032 0.00083799999999999999 0.00081100000000000009 0.00078300000000000006 7.3873579917251009 7.3873579917251009 7.3873579917251009 7.4528268246517923e-05 7.4528268246517923e-05 7.4528268246517923e-05 1 1 1 Converged Converged Converged OK OK OK 77 77 77 77 77 77 3 3 3 0 0 0 0 0 1 0 0
2 2 linear 2 7 22 1 0.0001 1.0835258487192334 0.0011934930867489777 0.0064377438689594306 -0.12184570751683198 0.023984902945683999 -0.12234953095005489 0.5 0.12364116999754136 7.4330334314305277 OK 13 12 0.41728900000000002 0.30541099999999999 0.11745999999999999 0.29890899999999998 0.14479800000000001 0 0.11838000000000004 0.16061299999999998 0.11745999999999999 0.0080809999999999996 0.0081849999999999996 0.0076959999999999997 0.085917999999999994 0.12761700000000001 0.08566 0.0040629999999999998 0.0042160000000000001 0.0041129999999999995 0.00080400000000000003 0.00080900000000000004 0.0007719999999999999 7.4330368698878972 7.4330368698878972 7.4330368698878972 7.243658169873193e-05 7.243658169873193e-05 7.243658169873193e-05 1 1 1 Converged Converged Converged OK OK OK 77 77 77 77 77 77 3 3 3 0 0 0 0 1 0 0 1
2 2 linear 2 15 22 2 0.0001 1.0835258487192334 0.0011934930867489777 0.0064377438689594306 -0.12184570751683198 0.023984902945683999 -0.12145384484654749 0.5 0.12274548389403396 7.4860013003449435 OK 13 12 0.425346 0.30715500000000001 0.120602 0.30860199999999999 0.15534000000000001 0 0.11674400000000001 0.15181500000000001 0.120602 0.0081049999999999994 0.0081910000000000004 0.0076470000000000002 0.084007000000000012 0.11888200000000002 0.089048000000000002 0.0040540000000000003 0.0041639999999999993 0.0040119999999999999 0.00080599999999999997 0.00083699999999999985 0.00078899999999999999 7.4860047528049565 7.4860047528049565 7.4860047528049565 7.0128071040208442e-05 7.0128071040208442e-05 7.0128071040208442e-05 1 1 1 Converged Converged Converged OK OK OK 77 77 77 77 77 77 3 3 3 0 0 0 0 1 0 0 1
2 2 linear 2 23 22 3 0.0001 1.0835258487192334 0.0011934930867489777 0.0064377438689594306 -0.12184570751683198 0.023984902945683999 -0.12055815874304009 0.5 0.12184979779052656 7.5397952423090775 OK 13 12 0.43535400000000002 0.31699500000000003 0.11601 0.31760899999999997 0.15560099999999999 0 0.11774500000000004 0.16139400000000004 0.11601 0.0081259999999999995 0.0081399999999999997 0.0075919999999999998 0.085410999999999987 0.12865499999999996 0.084848000000000021 0.0041269999999999996 0.0042509999999999996 0.0040880000000000005 0.00081900000000000007 0.00081900000000000007 0.00079599999999999994 7.5397992394920657 7.5397992394920657 7.5397992394920657 6.7903294621201815e-05 6.7903294621201815e-05 6.7903294621201815e-05 1 1 1 Converged Converged Converged OK OK OK 77 77 77 77 77 77 3 3 3 0 0 0 0 1 0 0 1
2 2 linear 3 0 23 0 0.001 1.0835258487192334 0.0011934930867489777 0.0064377438689594306 0.008154717099486215 -0.016540575502439626 0.006867168325694329 0.5 -0.0055755292782078553 59.416234370833223 OK 13 12 0.57854899999999998 0.56523999999999996 0.114411 0.45502900000000002 0.449208 0 0.12351999999999996 0.11603199999999997 0.114411 0.010978 0.010675 0.010279999999999999 0.09329400000000003 0.086505000000000026 0.08562400000000002 0.0027910000000000001 0.0028029999999999999 0.002588 0.00078300000000000006 0.00078399999999999997 0.000736 59.416187030070056 59.416187030070056 59.416187030070056 0.053001044695320229 0.053001044695320229 0.053001044695320229 1 1 1 Converged Converged Converged OK OK OK 59 59 59 59 59 59 5 5 5 0 0 0 0 0 1 0 0
2 2 linear 3 7 23 1 0.001 1.0835258487192334 0.0011934930867489777 0.0064377438689594306 0.008154717099486215 -0.016540575502439626 0.007650893666263303 0.5 -0.0063592546187768292 58.641011168423873 OK 13 12 0.66209899999999999 0.62429999999999997 0.097977999999999996 0.55990200000000001 0.40376499999999999 0 0.10219699999999998 0.22053499999999998 0.097977999999999996 0.0098340000000000007 0.0096439999999999998 0.0090259999999999993 0.078544999999999976 0.19728100000000001 0.076009999999999994 0.0024090000000000001 0.002493 0.0022799999999999999 0.00074700000000000005 0.000736 0.00072199999999999999 58.640973892528613 58.640973892528613 58.640973892528613 0.045360457640080246 0.045360457640080246 0.045360457640080246 1 1 1 Converged Converged Converged OK OK OK 52 52 52 52 52 52 4 4 4 0 0 0 0 1 0 0 1
2 2 linear 3 15 23 2 0.001 1.0835258487192334 0.0011934930867489777 0.0064377438689594306 0.008154717099486215 -0.016540575502439626 0.0085465797697707024 0.5 -0.0072549407222842286 57.667737790664539 OK 13 12 0.47506100000000001 0.42608699999999999 0.095299999999999996 0.37822600000000001 0.22300700000000001 0 0.096835000000000004 0.20307999999999998 0.095299999999999996 0.0094610000000000007 0.009502 0.0090119999999999992 0.074074999999999974 0.18001700000000007 0.07365099999999998 0.0022779999999999996 0.0023689999999999996 0.0022109999999999999 0.00072800000000000002 0.00081099999999999998 0.00072999999999999996 57.667701378516625 57.667701378516625 57.667701378516625 0.044878377344774185 0.044878377344774185 0.044878377344774185 1 1 1 Converged Converged Converged OK OK OK 52 52 52 52 52 52 4 4 4 0 0 0 0 1 0 0 1
2 2 linear 3 23 23 3 0.001 1.0835258487192334 0.0011934930867489777 0.0064377438689594306 0.008154717099486215 -0.016540575502439626 0.0094422658732781009 0.5 -0.0081506268257916271 56.619651597903776 OK 13 12 0.42270799999999997 0.372114 0.103445 0.32330900000000001 0.17801600000000001 0 0.09939899999999996 0.19409799999999999 0.103445 0.0091059999999999995 0.0092779999999999998 0.0087480000000000006 0.077168000000000014 0.17152400000000004 0.082072000000000006 0.0022759999999999998 0.002349 0.0021970000000000002 0.00069000000000000008 0.00073800000000000005 0.00068300000000000001 56.619616025230151 56.619616025230151 56.619616025230151 0.044310214313907047 0.044310214313907047 0.044310214313907047 1 1 1 Converged Converged Converged OK OK OK 52 52 52 52 52 52 4 4 4 0 0 0 0 1 0 0 1
2 2 linear 3 0 23 0 0.0001 1.0835258487192334 0.0011934930867489777 0.0064377438689594306 0.008154717099486215 -0.016540575502439626 0.006867168325694329 0.5 -0.0055755292782078553 59.416234370833223 OK 13 12 0.60126500000000005 0.60566900000000001 0.15553500000000001 0.44541900000000001 0.44821 0 0.15584600000000004 0.15745900000000002 0.15553500000000001 0.010519000000000001 0.010766 0.010314 0.11674900000000001 0.11734800000000004 0.11662199999999999 0.0041140000000000005 0.0045409999999999999 0.0042450000000000005 0.001029 0.001101 0.0010710000000000001 59.416195989466217 59.416195989466217 59.416195989466217 0.00069410028394584721 0.00069410028394584721 0.00069410028394584721 1 1 1 Converged Converged Converged OK OK OK 83 83 83 83 83 83 5 5 5 0 0 0 0 0 1 0 0
2 2 linear 3 7 23 1 0.0001 1.0835258487192334 0.0011934930867489777 0.0064377438689594306 0.008154717099486215 -0.016540575502439626 0.007650893666263303 0.5 -0.0063592546187768292 58.641011168423873 OK 13 12 0.67643299999999995 0.69361899999999999 0.117297 0.55603499999999995 0.41040199999999999 0 0.12039800000000001 0.283217 0.117297 0.0096609999999999994 0.010871 0.0089560000000000004 0.091441000000000036 0.25294799999999995 0.090670000000000001 0.0035840000000000004 0.0033799999999999998 0.0030840000000000004 0.00087500000000000002 0.00087900000000000012 0.00085700000000000001 58.640972948744484 58.640972948744484 58.640972948744484 0.00035173730628985326 0.00035173730628985326 0.00035173730628985326 1 1 1 Converged Converged Converged OK OK OK 68 68 68 68 68 68 4 4 4 0 0 0 0 1 0 0 1
2 2 linear 3 15 23 2 0.0001 1.0835258487192334 0.0011934930867489777 0.0064377438689594306 0.008154717099486215 -0.016540575502439626 0.0085465797697707024 0.5 -0.0072549407222842286 57.667737790664539 OK 13 12 0.49483899999999997 0.53380799999999995 0.115373 0.376668 0.228769 0 0.11817099999999997 0.30503899999999995 0.115373 0.0097090000000000006 0.010707 0.0089859999999999992 0.089584000000000011 0.27390299999999995 0.088837000000000041 0.0034889999999999999 0.0034020000000000005 0.0030400000000000002 0.00086600000000000002 0.001039 0.00084900000000000004 57.66769997609186 57.66769997609186 57.66769997609186 0.00040139148149957705 0.00040139148149957705 0.00040139148149957705 1 1 1 Converged Converged Converged OK OK OK 68 68 68 68 68 68 4 4 4 0 0 0 0 1 0 0 1
2 2 linear 3 23 23 3 0.0001 1.0835258487192334 0.0011934930867489777 0.0064377438689594306 0.008154717099486215 -0.016540575502439626 0.0094422658732781009 0.5 -0.0081506268257916271 56.619651597903776 OK 13 12 0.45301200000000003 0.44663900000000001 0.122915 0.33135599999999998 0.186829 0 0.12165600000000004 0.25980999999999999 0.122915 0.0091330000000000005 0.010302 0.0086470000000000002 0.093739000000000058 0.23064499999999993 0.096648999999999985 0.0033430000000000001 0.0032230000000000002 0.00299 0.00084200000000000008 0.00083100000000000014 0.00080900000000000004 56.619614141132303 56.619614141132303 56.619614141132303 0.00053007024269290418 0.00053007024269290418 0.00053007024269290418 1 1 1 Converged Converged Converged OK OK OK 68 68 68 68 68 68 4 4 4 0 0 0 0 1 0 0 1
2 2 linear 4 0 24 0 0.001 1.0835258487192334 0.0011934930867489777 0.0064377438689594306 -0.20591222342624887 0.022094617205266859 -0.20719977220004077 0.5 0.20849141124752724 4.3845641833640938 OK 13 12 0.39591599999999999 0.39555800000000002 0.098030000000000006 0.29745700000000003 0.29707899999999998 0 0.098458999999999963 0.098479000000000039 0.098030000000000006 0.0090019999999999996 0.0092189999999999998 0.0086920000000000001 0.067319999999999991 0.067420999999999995 0.067331000000000002 0.0033050000000000002 0.0032929999999999999 0.0033730000000000001 0.00070300000000000007 0.00068900000000000005 0.00072599999999999997 4.384566320097977 4.384566320097977 4.384566320097977 0.0034622693090427281 0.0034622693090427281 0.0034622693090427281 1 1 1 Converged Converged Converged OK OK OK 61 61 61 61 61 61 3 3 3 0 0 0 0 0 1 0 0
2 2 linear 4 7 24 1 0.001 1.0835258487192334 0.0011934930867489777 0.0064377438689594306 -0.20591222342624887 0.022094617205266859 -0.20641604685947179 0.5 0.20770768590695826 4.4006257542331948 OK 13 12 0.39807399999999998 0.25990000000000002 0.096616999999999995 0.299877 0.140544 0 0.098196999999999979 0.11935600000000002 0.096616999999999995 0.0081209999999999997 0.0081340000000000006 0.0076610000000000003 0.070412000000000002 0.091968999999999981 0.069778000000000007 0.0033869999999999998 0.0032949999999999998 0.003264 0.00071199999999999996 0.00068100000000000007 0.00069300000000000004 4.4006279364392924 4.4006279364392924 4.4006279364392924 0.0034829390413358315 0.0034829390413358315 0.0034829390413358315 1 1 1 Converged Converged Converged OK OK OK 61 61 61 61 61 61 3 3 3 0 0 0 0 1 0 0 1
2 2 linear 4 15 24 2 0.001 1.0835258487192334 0.0011934930867489777 0.0064377438689594306 -0.20591222342624887 0.022094617205266859 -0.20552036075596439 0.5 0.20681199980345086 4.4192041977620491 OK 13 12 0.38865 0.26111899999999999 0.089802999999999994 0.297157 0.14288000000000001 0 0.091492999999999991 0.11823899999999998 0.089802999999999994 0.0081589999999999996 0.0082660000000000008 0.0076649999999999999 0.064210000000000003 0.089612000000000011 0.063580999999999999 0.0032160000000000001 0.0035669999999999999 0.0031179999999999997 0.00068000000000000005 0.00074700000000000005 0.00066500000000000012 4.4192064309925216 4.4192064309925216 4.4192064309925216 0.0035068648454253657 0.0035068648454253657 0.0035068648454253657 1 1 1 Converged Converged Converged OK OK OK 61 61 61 61 61 61 3 3 3 0 0 0 0 1 0 0 1
2 2 linear 4 23 24 3 0.001 1.0835258487192334 0.0011934930867489777 0.0064377438689594306 -0.20591222342624887 0.022094617205266859 -0.20462467465245698 0.5 0.20591631369994345 4.4380231229230969 OK 13 12 0.398115 0.26544400000000001 0.091222999999999999 0.30084699999999998 0.146037 0 0.097268000000000021 0.11940700000000001 0.091222999999999999 0.012050999999999999 0.0081840000000000003 0.0076179999999999998 0.065671999999999994 0.09139700000000002 0.064962999999999993 0.003336 0.0034350000000000001 0.0031900000000000001 0.00073799999999999994 0.00076199999999999998 0.00074100000000000001 4.438025406154841 4.438025406154841 4.438025406154841 0.0035311185745395403 0.0035311185745395403 0.0035311185745395403 1 1 1 Converged Converged Converged OK OK OK 61 61 61 61 61 61 3 3 3 0 0 0 0 1 0 0 1
2 2 linear 4 0 24 0 0.0001 1.0835258487192334 0.0011934930867489777 0.0064377438689594306 -0.20591222342624887 0.022094617205266859 -0.20719977220004077 0.5 0.20849141124752724 4.3845641833640938 OK 13 12 0.42592600000000003 0.42262499999999997 0.118866 0.30122500000000002 0.30223100000000003 0 0.12470100000000001 0.12039399999999995 0.118866 0.010297000000000001 0.0088950000000000001 0.0085190000000000005 0.085782000000000025 0.083526000000000003 0.082982000000000014 0.004287 0.0042269999999999999 0.0041220000000000007 0.00082800000000000007 0.00080500000000000005 0.00079900000000000001 4.3845663279291802 4.3845663279291802 4.3845663279291802 5.1932172597034399e-05 5.1932172597034399e-05 5.1932172597034399e-05 1 1 1 Converged Converged Converged OK OK OK 77 77 77 77 77 77 3 3 3 0 0 0 0 0 1 0 0
2 2 linear 4 7 24 1 0.0001 1.0835258487192334 0.0011934930867489777 0.0064377438689594306 -0.20591222342624887 0.022094617205266859 -0.20641604685947179 0.5 0.20770768590695826 4.4006257542331948 OK 13 12 0.43134400000000001 0.29098600000000002 0.117838 0.30410399999999999 0.14147499999999999 0 0.12724000000000002 0.14951100000000003 0.117838 0.0083580000000000008 0.0082039999999999995 0.0076610000000000003 0.09070499999999998 0.11692100000000001 0.086506 0.0043700000000000006 0.0042690000000000002 0.0041289999999999999 0.00080699999999999999 0.00080199999999999998 0.00078800000000000007 4.4006279445563479 4.4006279445563479 4.4006279445563479 5.3351150804667857e-05 5.3351150804667857e-05 5.3351150804667857e-05 1 1 1 Converged Converged Converged OK OK OK 77 77 77 77 77 77 3 3 3 0 0 0 0 1 0 0 1
2 2 linear 4 15 24 2 0.0001 1.0835258487192334 0.0011934930867489777 0.0064377438689594306 -0.20591222342624887 0.022094617205266859 -0.20552036075596439 0.5 0.20681199980345086 4.4192041977620491 OK 13 12 0.41096700000000003 0.28409699999999999 0.111377 0.29699500000000001 0.140768 0 0.11397200000000002 0.14332899999999998 0.111377 0.0082039999999999995 0.0082240000000000004 0.0076740000000000003 0.081077999999999983 0.11070999999999999 0.080225999999999978 0.0043100000000000005 0.0041580000000000002 0.0040260000000000001 0.00079799999999999999 0.00080199999999999998 0.00078699999999999994 4.419206439451357 4.419206439451357 4.419206439451357 5.5026688071129063e-05 5.5026688071129063e-05 5.5026688071129063e-05 1 1 1 Converged Converged Converged OK OK OK 77 77 77 77 77 77 3 3 3 0 0 0 0 1 0 0 1
2 2 linear 4 23 24 3 0.0001 1.0835258487192334 0.0011934930867489777 0.0064377438689594306 -0.20591222342624887 0.022094617205266859 -0.20462467465245698 0.5 0.20591631369994345 4.4380231229230969 OK 13 12 0.416022 0.29383399999999998 0.112039 0.30172900000000002 0.14341899999999999 0 0.11429299999999998 0.15041499999999999 0.112039 0.0081840000000000003 0.010909 0.0076490000000000004 0.081622 0.11514000000000001 0.080819999999999975 0.0042630000000000003 0.0041639999999999993 0.0040509999999999999 0.00083700000000000018 0.00086299999999999994 0.00082299999999999995 4.4380254149721567 4.4380254149721567 4.4380254149721567 5.6761833190302709e-05 5.6761833190302709e-05 5.6761833190302709e-05 1 1 1 Converged Converged Converged OK OK OK 77 77 77 77 77 77 3 3 3 0 0 0 0 1 0 0 1
2 2 uniform 0 0 25 0 0.001 1.0835258487192334 0.0011934930867489777 0.0064377438689594306 -0.16008332749208662 -0.040867077745903112 -0.16137087626587851 0 0.16266251531336498 7.2317914197011035 OK 14 13 0.57308700000000001 0.57596800000000004 0.12260500000000001 0.44668000000000002 0.44995800000000002 0 0.12640699999999999 0.12601000000000001 0.12260500000000001 0.012068000000000001 0.012194 0.012902 0.089736000000000024 0.08860400000000003 0.085151000000000004 0.0031340000000000001 0.00332 0.0030269999999999997 0.00067999999999999994 0.00079199999999999995 0.00073300000000000004 7.2317910887922681 7.2317910887922681 7.2317910887922681 0.0065352367042483678 0.0065352367042483678 0.0065352367042483678 1 1 1 Converged Converged Converged OK OK OK 73 73 73 73 73 73 7 7 7 0 0 0 0 0 1 0 0
2 2 uniform 0 7 25 1 0.001 1.0835258487192334 0.0011934930867489777 0.0064377438689594306 -0.16008332749208662 -0.040867077745903112 -0.16058715092530954 0 0.16187878997279601 7.2644465975731922 OK 14 13 0.50979300000000005 0.37721500000000002 0.116161 0.39494800000000002 0.236458 0 0.11484500000000003 0.14075700000000002 0.116161 0.011079 0.011306999999999999 0.011728000000000001 0.084369999999999945 0.10817299999999998 0.085417999999999994 0.0030409999999999999 0.0031549999999999998 0.0030270000000000002 0.00067999999999999994 0.00073999999999999999 0.00071999999999999994 7.264449432491535 7.264449432491535 7.264449432491535 0.0068441438606987306 0.0068441438606987306 0.0068441438606987306 1 1 1 Converged Converged Converged OK OK OK 73 73 73 73 73 73 7 7 7 0 0 0 0 1 0 0 1
2 2 uniform 0 15 25 2 0.001 1.0835258487192334 0.0011934930867489777 0.0064377438689594306 -0.16008332749208662 -0.040867077745903112 -0.15969146482180213 0 0.1609831038692886 7.2800314882096355 OK 14 13 0.460891 0.32717000000000002 0.10649599999999999 0.34936400000000001 0.18668699999999999 0 0.11152699999999999 0.14048300000000002 0.10649599999999999 0.011051 0.012309 0.011731 0.081315999999999986 0.10776700000000002 0.076095000000000024 0.0029989999999999999 0.0032439999999999995 0.0029260000000000002 0.00066900000000000011 0.00074499999999999989 0.00068500000000000006 7.2800329531026371 7.2800329531026371 7.2800329531026371 0.0072439405201013482 0.0072439405201013482 0.0072439405201013482 1 1 1 Converged Converged Converged OK OK OK 73 73 73 73 73 73 7 7 7 0 0 0 0 1 0 0 1
2 2 uniform 0 23 25 3 0.001 1.0835258487192334 0.0011934930867489777 0.0064377438689594306 -0.16008332749208662 -0.040867077745903112 -0.15879577871829473 0 0.1600874177657812 7.2716090302734999 OK 14 13 0.51023300000000005 0.38287100000000002 0.118072 0.39190399999999997 0.23857999999999999 0 0.11832900000000007 0.14429100000000003 0.118072 0.01125 0.012500000000000001 0.011797999999999999 0.083156000000000049 0.10789000000000001 0.083608999999999961 0.0038549999999999999 0.003617 0.00346 0.001036 0.00097400000000000004 0.00090700000000000004 7.2716104383850517 7.2716104383850517 7.2716104383850517 0.0051598378911603951 0.0051598378911603951 0.0051598378911603951 1 1 1 Converged Converged Converged OK OK OK 81 81 81 81 81 81 7 7 7 0 0 0 0 1 0 0 1
2 2 uniform 0 0 25 0 0.0001 1.0835258487192334 0.0011934930867489777 0.0064377438689594306 -0.16008332749208662 -0.040867077745903112 -0.16137087626587851 0 0.16266251531336498 7.2317914197011035 OK 14 13 0.66317099999999995 0.66076999999999997 0.208456 0.45456400000000002 0.44951799999999997 0 0.20860699999999993 0.211252 0.208456 0.012151 0.012245000000000001 0.011971000000000001 0.13994500000000001 0.14097199999999996 0.14041899999999996 0.0063280000000000003 0.0069830000000000005 0.0062119999999999996 0.0015019999999999999 0.0016649999999999998 0.0016089999999999998 7.2317902015217932 7.2317902015217932 7.2317902015217932 3.8438025705252543e-05 3.8438025705252543e-05 3.8438025705252543e-05 1 1 1 Converged Converged Converged OK OK OK 129 129 129 129 129 129 7 7 7 0 0 0 0 0 1 0 0
2 2 uniform 0 7 25 1 0.0001 1.0835258487192334 0.0011934930867489777 0.0064377438689594306 -0.16008332749208662 -0.040867077745903112 -0.16058715092530954 0 0.16187878997279601 7.2644465975731922 OK 14 13 0.57966600000000001 0.46561599999999997 0.17532900000000001 0.39935599999999999 0.239759 0 0.18031000000000003 0.22585699999999997 0.17532900000000001 0.011188 0.011362000000000001 0.010552000000000001 0.13522100000000001 0.18020699999999998 0.13143799999999997 0.0057209999999999995 0.0058899999999999994 0.0056949999999999995 0.0013570000000000001 0.0014099999999999998 0.0013940000000000001 7.2644453039769941 7.2644453039769941 7.2644453039769941 0.00015420926091298554 0.00015420926091298554 0.00015420926091298554 1 1 1 Converged Converged Converged OK OK OK 121 121 121 121 121 121 7 7 7 0 0 0 0 1 0 0 1
2 2 uniform 0 15 25 2 0.0001 1.0835258487192334 0.0011934930867489777 0.0064377438689594306 -0.16008332749208662 -0.040867077745903112 -0.15969146482180213 0 0.1609831038692886 7.2800314882096355 OK 14 13 0.53171999999999997 0.41695100000000002 0.17715900000000001 0.35325099999999998 0.17907699999999999 0 0.17846899999999999 0.23787400000000003 0.17715900000000001 0.011169 0.011303000000000001 0.010427000000000001 0.131219 0.190301 0.13126400000000008 0.0061339999999999997 0.0062419999999999993 0.0058719999999999996 0.0014450000000000001 0.001482 0.0014689999999999998 7.2800304353694365 7.2800304353694365 7.2800304353694365 4.1011451319053497e-05 4.1011451319053497e-05 4.1011451319053497e-05 1 1 1 Converged Converged Converged OK OK OK 129 129 129 129 129 129 7 7 7 0 0 0 0 1 0 0 1
2 2 uniform 0 23 25 3 0.0001 1.0835258487192334 0.0011934930867489777 0.0064377438689594306 -0.16008332749208662 -0.040867077745903112 -0.15879577871829473 0 0.1600874177657812 7.2716090302734999 OK 14 13 0.57427700000000004 0.46121499999999999 0.17480000000000001 0.39687800000000001 0.22487599999999999 0 0.17739900000000003 0.23633899999999999 0.17480000000000001 0.011051 0.014109 0.010364999999999999 0.12993299999999997 0.18402099999999993 0.12895000000000004 0.0061360000000000008 0.0069549999999999994 0.0058890000000000001 0.001591 0.0018060000000000001 0.0015429999999999999 7.2716082935705151 7.2716082935705151 7.2716082935705151 3.4424505467093529e-05 3.4424505467093529e-05 3.4424505467093529e-05 1 1 1 Converged Converged Converged OK OK OK 129 129 129 129 129 129 7 7 7 0 0 0 0 1 0 0 1
2 2 uniform 1 0 26 0 0.001 1.0835258487192334 0.0011934930867489777 0.0064377438689594306 -0.15745196855862689 -0.042159477332056591 -0.15873951733241878 0 0.16003115637990525 7.124336322354913 OK 14 13 0.61659399999999998 0.61374799999999996 0.118219 0.491643 0.49339699999999997 0 0.12495099999999998 0.12035099999999999 0.118219 0.012318000000000001 0.012367 0.011556 0.087360999999999994 0.083305999999999977 0.082292999999999977 0.0032059999999999996 0.0030989999999999998 0.0031159999999999998 0.00084100000000000006 0.00082200000000000003 0.00090499999999999999 7.1243343891940452 7.1243343891940452 7.1243343891940452 0.0070289758869961855 0.0070289758869961855 0.0070289758869961855 1 1 1 Converged Converged Converged OK OK OK 73 73 73 73 73 73 7 7 7 0 0 0 0 0 1 0 0
2 2 uniform 1 7 26 1 0.001 1.0835258487192334 0.0011934930867489777 0.0064377438689594306 -0.15745196855862689 -0.042159477332056591 -0.15795579199184981 0 0.15924743103933628 7.0957389194908718 OK 14 13 0.506073 0.365979 0.124579 0.379417 0.21412100000000001 0 0.12665599999999999 0.15185799999999999 0.124579 0.011166000000000001 0.011357000000000001 0.010503 0.091971999999999943 0.116157 0.091650999999999955 0.0037050000000000004 0.0040419999999999996 0.0035000000000000005 0.00096700000000000009 0.001044 0.00091199999999999994 7.0957384527357696 7.0957384527357696 7.0957384527357696 0.0029138983449153635 0.0029138983449153635 0.0029138983449153635 1 1 1 Converged Converged Converged OK OK OK 81 81 81 81 81 81 7 7 7 0 0 0 0 1 0 0 1
2 2 uniform 1 15 26 2 0.001 1.0835258487192334 0.0011934930867489777 0.0064377438689594306 -0.15745196855862689 -0.042159477332056591 -0.15706010588834241 0 0.15835174493582888 7.0363383891762252 OK 14 13 0.62048800000000004 0.47888199999999997 0.114913 0.503301 0.32937 0 0.11718700000000004 0.14951199999999998 0.114913 0.011217 0.011235 0.01038 0.085895999999999986 0.11782600000000001 0.085224999999999995 0.003215 0.0034090000000000006 0.0031109999999999996 0.00074399999999999998 0.00081499999999999997 0.00072300000000000001 7.036330519372533 7.036330519372533 7.036330519372533 0.006568715134014658 0.006568715134014658 0.006568715134014658 1 1 1 Converged Converged Converged OK OK OK 73 73 73 73 73 73 7 7 7 0 0 0 0 1 0 0 1
2 2 uniform 1 23 26 3 0.001 1.0835258487192334 0.0011934930867489777 0.0064377438689594306 -0.15745196855862689 -0.042159477332056591 -0.156164419784835 0 0.15745605883232147 6.9416499750369951 OK 14 13 0.497442 0.34699799999999997 0.119861 0.37437900000000002 0.205155 0 0.12306299999999998 0.14184299999999997 0.119861 0.011282 0.011242 0.010368 0.091372999999999982 0.11032999999999998 0.090248999999999996 0.0032309999999999999 0.0033010000000000001 0.0031200000000000004 0.00070600000000000003 0.00070100000000000002 0.00071500000000000003 6.9416412572204331 6.9416412572204331 6.9416412572204331 0.0043147875671653872 0.0043147875671653872 0.0043147875671653872 1 1 1 Converged Converged Converged OK OK OK 73 73 73 73 73 73 7 7 7 0 0 0 0 1 0 0 1
2 2 uniform 1 0 26 0 0.0001 1.0835258487192334 0.0011934930867489777 0.0064377438689594306 -0.15745196855862689 -0.042159477332056591 -0.15873951733241878 0 0.16003115637990525 7.124336322354913 OK 14 13 0.68960699999999997 0.69843 0.20069699999999999 0.48772700000000002 0.49817400000000001 0 0.20187999999999995 0.20025599999999999 0.20069699999999999 0.012090999999999999 0.012172000000000001 0.011653999999999999 0.13616300000000001 0.13320699999999996 0.136099 0.0059199999999999999 0.0061629999999999992 0.0057539999999999996 0.0014049999999999998 0.0015109999999999998 0.0014120000000000003 7.1243359578526038 7.1243359578526038 7.1243359578526038 0.00044276821722740416 0.00044276821722740416 0.00044276821722740416 1 1 1 Converged Converged Converged OK OK OK 121 121 121 121 121 121 7 7 7 0 0 0 0 0 1 0 0
2 2 uniform 1 7 26 1 0.0001 1.0835258487192334 0.0011934930867489777 0.0064377438689594306 -0.15745196855862689 -0.042159477332056591 -0.15795579199184981 0 0.15924743103933628 7.0957389194908718 OK 14 13 0.55520499999999995 0.451179 0.176567 0.37734400000000001 0.21330299999999999 0 0.17786099999999994 0.237876 0.176567 0.011225000000000001 0.011103999999999999 0.010569 0.13201199999999993 0.19192699999999996 0.13224100000000003 0.0057300000000000007 0.0058749999999999991 0.0057120000000000009 0.0014089999999999999 0.0014660000000000001 0.001366 7.0957384671065942 7.0957384671065942 7.0957384671065942 0.00040718759867492841 0.00040718759867492841 0.00040718759867492841 1 1 1 Converged Converged Converged OK OK OK 121 121 121 121 121 121 7 7 7 0 0 0 0 1 0 0 1
2 2 uniform 1 15 26 2 0.0001 1.0835258487192334 0.0011934930867489777 0.0064377438689594306 -0.15745196855862689 -0.042159477332056591 -0.15706010588834241 0 0.15835174493582888 7.0363383891762252 OK 14 13 0.661165 0.54273899999999997 0.16004599999999999 0.49843700000000002 0.333258 0 0.16272799999999998 0.20948099999999997 0.16004599999999999 0.011161000000000001 0.011132 0.010456 0.11963599999999998 0.16661300000000004 0.11888499999999995 0.0052909999999999997 0.005298999999999999 0.0051799999999999988 0.0011809999999999998 0.001245 0.0011719999999999999 7.0363375049607821 7.0363375049607821 7.0363375049607821 0.00049435593470962364 0.00049435593470962364 0.00049435593470962364 1 1 1 Converged Converged Converged OK OK OK 113 113 113 113 113 113 7 7 7 0 0 0 0 1 0 0 1
2 2 uniform 1 23 26 3 0.0001 1.0835258487192334 0.0011934930867489777 0.0064377438689594306 -0.15745196855862689 -0.042159477332056591 -0.156164419784835 0 0.15745605883232147 6.9416499750369951 OK 14 13 0.54540900000000003 0.42656699999999997 0.164858 0.37580799999999998 0.20574400000000001 0 0.16960100000000006 0.22082299999999996 0.164858 0.011129 0.011193 0.010453 0.12530200000000002 0.1777129999999999 0.12361699999999995 0.0058789999999999997 0.0053870000000000003 0.005274 0.0012049999999999999 0.001114 0.001114 6.9416486469355076 6.9416486469355076 6.9416486469355076 0.00022038311902977881 0.00022038311902977881 0.00022038311902977881 1 1 1 Converged Converged Converged OK OK OK 113 113 113 113 113 113 7 7 7 0 0 0 0 1 0 0 1
2 2 uniform 2 0 27 0 0.001 1.0835258487192334 0.0011934930867489777 0.0064377438689594306 -0.12184570751683198 0.023984902945683999 -0.12313325629062387 0 0.12442489533811034 7.3868020669623586 OK 13 12 0.372471 0.37671300000000002 0.067821000000000006 0.30321900000000002 0.30515300000000001 0 0.06925199999999998 0.071560000000000012 0.067821000000000006 0.0090360000000000006 0.010255 0.0084639999999999993 0.043920999999999974 0.045167999999999993 0.04359699999999999 0.0022360000000000001 0.0022819999999999997 0.0021259999999999999 0.00057899999999999998 0.00059800000000000001 0.00053899999999999998 7.3868021017409822 7.3868021017409822 7.3868021017409822 0.0032857262631842232 0.0032857262631842232 0.0032857262631842232 1 1 1 Converged Converged Converged OK OK OK 45 45 45 45 45 45 3 3 3 0 0 0 0 0 1 0 0
2 2 uniform 2 7 27 1 0.001 1.0835258487192334 0.0011934930867489777 0.0064377438689594306 -0.12184570751683198 0.023984902945683999 -0.12234953095005489 0 0.12364116999754136 7.4324788251653295 OK 13 12 0.37258000000000002 0.23178599999999999 0.065513000000000002 0.30191499999999999 0.14660400000000001 0 0.070665000000000033 0.08518199999999998 0.065513000000000002 0.0094029999999999999 0.0081510000000000003 0.0076519999999999999 0.04659399999999999 0.062842000000000009 0.044189999999999986 0.0023440000000000002 0.0022929999999999999 0.0022040000000000002 0.00059699999999999998 0.00060599999999999998 0.000531 7.4324788607833492 7.4324788607833492 7.4324788607833492 0.0033275098285060118 0.0033275098285060118 0.0033275098285060118 1 1 1 Converged Converged Converged OK OK OK 45 45 45 45 45 45 3 3 3 0 0 0 0 1 0 0 1
2 2 uniform 2 15 27 2 0.001 1.0835258487192334 0.0011934930867489777 0.0064377438689594306 -0.12184570751683198 0.023984902945683999 -0.12145384484654749 0 0.12274548389403396 7.4854444174755699 OK 13 12 0.385295 0.23816200000000001 0.06411 0.31692500000000001 0.157138 0 0.068369999999999986 0.081024000000000013 0.06411 0.0093080000000000003 0.0080510000000000009 0.007626 0.044388999999999984 0.058863000000000013 0.042872 0.0023500000000000001 0.0022130000000000001 0.00214 0.00057399999999999997 0.00056499999999999996 0.00053799999999999996 7.4854444536455977 7.4854444536455977 7.4854444536455977 0.0033755400588125037 0.0033755400588125037 0.0033755400588125037 1 1 1 Converged Converged Converged OK OK OK 45 45 45 45 45 45 3 3 3 0 0 0 0 1 0 0 1
2 2 uniform 2 23 27 3 0.001 1.0835258487192334 0.0011934930867489777 0.0064377438689594306 -0.12184570751683198 0.023984902945683999 -0.12055815874304009 0 0.12184979779052656 7.5392367502082402 OK 13 12 0.390791 0.23860500000000001 0.065434000000000006 0.32097900000000001 0.150589 0 0.069811999999999985 0.088016000000000011 0.065434000000000006 0.0093740000000000004 0.0081259999999999995 0.0075659999999999998 0.045777000000000005 0.066087000000000007 0.044475999999999995 0.002369 0.0022060000000000001 0.0021160000000000003 0.00058399999999999988 0.00057000000000000009 0.00053399999999999997 7.5392367864670913 7.5392367864670913 7.5392367864670913 0.003423846725340087 0.003423846725340087 0.003423846725340087 1 1 1 Converged Converged Converged OK OK OK 45 45 45 45 45 45 3 3 3 0 0 0 0 1 0 0 1
2 2 uniform 2 0 27 0 0.0001 1.0835258487192334 0.0011934930867489777 0.0064377438689594306 -0.12184570751683198 0.023984902945683999 -0.12313325629062387 0 0.12442489533811034 7.3868020669623586 OK 13 12 0.40916400000000003 0.41226499999999999 0.104874 0.30214099999999999 0.30580299999999999 0 0.10702300000000003 0.106462 0.104874 0.0089409999999999993 0.0089420000000000003 0.0084749999999999999 0.069798999999999986 0.069942000000000004 0.069324999999999998 0.0040019999999999995 0.0038960000000000002 0.0038159999999999999 0.000852 0.0007980000000000001 0.00079199999999999995 7.3868020222463997 7.3868020222463997 7.3868020222463997 1.5195280200116293e-05 1.5195280200116293e-05 1.5195280200116293e-05 1 1 1 Converged Converged Converged OK OK OK 77 77 77 77 77 77 3 3 3 0 0 0 0 0 1 0 0
2 2 uniform 2 7 27 1 0.0001 1.0835258487192334 0.0011934930867489777 0.0064377438689594306 -0.12184570751683198 0.023984902945683999 -0.12234953095005489 0 0.12364116999754136 7.4324788251653295 OK 13 12 0.40707300000000002 0.28365600000000002 0.102468 0.30232500000000001 0.14154800000000001 0 0.10474800000000001 0.14210800000000001 0.102468 0.0082970000000000006 0.0081759999999999992 0.0076649999999999999 0.071837999999999971 0.10975799999999999 0.071197999999999997 0.0039610000000000001 0.0039319999999999997 0.0038739999999999998 0.00079599999999999994 0.00083999999999999993 0.00078300000000000006 7.4324787801814827 7.4324787801814827 7.4324787801814827 1.4792804881135628e-05 1.4792804881135628e-05 1.4792804881135628e-05 1 1 1 Converged Converged Converged OK OK OK 77 77 77 77 77 77 3 3 3 0 0 0 0 1 0 0 1
2 2 uniform 2 15 27 2 0.0001 1.0835258487192334 0.0011934930867489777 0.0064377438689594306 -0.12184570751683198 0.023984902945683999 -0.12145384484654749 0 0.12274548389403396 7.4854444174755699 OK 13 12 0.42059200000000002 0.28743000000000002 0.099911 0.31781500000000001 0.15082100000000001 0 0.10277700000000001 0.13660900000000001 0.099911 0.0082550000000000002 0.0081340000000000006 0.0075989999999999999 0.069992999999999986 0.104433 0.068955000000000016 0.0039740000000000001 0.003954 0.0038169999999999996 0.00084500000000000005 0.00081299999999999992 0.00079200000000000006 7.4854443721814938 7.4854443721814938 7.4854443721814938 1.4346289374053134e-05 1.4346289374053134e-05 1.4346289374053134e-05 1 1 1 Converged Converged Converged OK OK OK 77 77 77 77 77 77 3 3 3 0 0 0 0 1 0 0 1
2 2 uniform 2 23 27 3 0.0001 1.0835258487192334 0.0011934930867489777 0.0064377438689594306 -0.12184570751683198 0.023984902945683999 -0.12055815874304009 0 0.12184979779052656 7.5392367502082402 OK 13 12 0.41654999999999998 0.30239700000000003 0.101437 0.31309300000000001 0.15074599999999999 0 0.10345699999999997 0.15165100000000004 0.101437 0.0082240000000000004 0.0081969999999999994 0.0077070000000000003 0.071058999999999969 0.11419999999999998 0.07043499999999997 0.0039830000000000004 0.0039830000000000004 0.0038010000000000001 0.00081300000000000003 0.00081400000000000005 0.0007899999999999999 7.5392367045994488 7.5392367045994488 7.5392367045994488 1.391360890957631e-05 1.391360890957631e-05 1.391360890957631e-05 1 1 1 Converged Converged Converged OK OK OK 77 77 77 77 77 77 3 3 3 0 0 0 0 1 0 0 1
2 2 uniform 3 0 28 0 0.001 1.0835258487192334 0.0011934930867489777 0.0064377438689594306 0.008154717099486215 -0.016540575502439626 0.006867168325694329 0 -0.0055755292782078553 59.526134186245358 OK 13 12 0.55798099999999995 0.55602399999999996 0.101225 0.45478099999999999 0.45299200000000001 0 0.10319999999999996 0.10303199999999996 0.101225 0.010716 0.010807000000000001 0.010477 0.073726999999999973 0.073387999999999995 0.072657000000000013 0.0025279999999999999 0.0024969999999999997 0.002447 0.00082899999999999998 0.00078200000000000003 0.00072800000000000002 59.526118812433559 59.526118812433559 59.526118812433559 0.044591319860129465 0.044591319860129465 0.044591319860129465 1 1 1 Converged Converged Converged OK OK OK 59 59 59 59 59 59 5 5 5 0 0 0 0 0 1 0 0
2 2 uniform 3 7 28 1 0.001 1.0835258487192334 0.0011934930867489777 0.0064377438689594306 0.008154717099486215 -0.016540575502439626 0.007650893666263303 0 -0.0063592546187768292 58.749740258989 OK 13 12 0.64099600000000001 0.61299099999999995 0.087272000000000002 0.55127599999999999 0.40402300000000002 0 0.089720000000000022 0.20896799999999993 0.087272000000000002 0.00941 0.0094699999999999993 0.0090139999999999994 0.066845000000000002 0.18611400000000003 0.065832000000000016 0.0021069999999999999 0.0021770000000000001 0.0019939999999999997 0.00071699999999999997 0.00070600000000000003 0.00068400000000000004 58.749739825192549 58.749739825192549 58.749739825192549 0.022664247258720342 0.022664247258720342 0.022664247258720342 1 1 1 Converged Converged Converged OK OK OK 52 52 52 52 52 52 4 4 4 0 0 0 0 1 0 0 1
2 2 uniform 3 15 28 2 0.001 1.0835258487192334 0.0011934930867489777 0.0064377438689594306 0.008154717099486215 -0.016540575502439626 0.0085465797697707024 0 -0.0072549407222842286 57.775010862222217 OK 13 12 0.46846500000000002 0.41561700000000001 0.084629999999999997 0.38206400000000001 0.22337499999999999 0 0.086401000000000006 0.19224200000000002 0.084629999999999997 0.009358 0.0095169999999999994 0.0089779999999999999 0.063852000000000006 0.169825 0.063438999999999982 0.0021170000000000004 0.0020590000000000001 0.001957 0.00072600000000000008 0.00067400000000000001 0.00063100000000000005 57.775010692149635 57.775010692149635 57.775010692149635 0.023510445916875063 0.023510445916875063 0.023510445916875063 1 1 1 Converged Converged Converged OK OK OK 52 52 52 52 52 52 4 4 4 0 0 0 0 1 0 0 1
2 2 uniform 3 23 28 3 0.001 1.0835258487192334 0.0011934930867489777 0.0064377438689594306 0.008154717099486215 -0.016540575502439626 0.0094422658732781009 0 -0.0081506268257916271 56.725466780988505 OK 13 12 0.41647000000000001 0.36344399999999999 0.093015 0.32691700000000001 0.18015100000000001 0 0.089552999999999994 0.18329299999999998 0.093015 0.0090650000000000001 0.0091540000000000007 0.014227 0.067216000000000026 0.16105599999999998 0.066572999999999979 0.0020670000000000003 0.0021220000000000002 0.0019889999999999999 0.00068999999999999997 0.00061600000000000001 0.00058700000000000007 56.725466765897608 56.725466765897608 56.725466765897608 0.024275234751862305 0.024275234751862305 0.024275234751862305 1 1 1 Converged Converged Converged OK OK OK 52 52 52 52 52 52 4 4 4 0 0 0 0 1 0 0 1
2 2 uniform 3 0 28 0 0.0001 1.0835258487192334 0.0011934930867489777 0.0064377438689594306 0.008154717099486215 -0.016540575502439626 0.006867168325694329 0 -0.0055755292782078553 59.526134186245358 OK 13 12 0.59137399999999996 0.58342300000000002 0.1361 0.44827499999999998 0.44523099999999999 0 0.14309899999999998 0.13819200000000004 0.1361 0.010659 0.010814000000000001 0.010279999999999999 0.10361699999999996 0.098943000000000031 0.097867999999999969 0.0039350000000000001 0.0040439999999999999 0.0038059999999999999 0.0010550000000000002 0.001127 0.0011410000000000001 59.526131726110009 59.526131726110009 59.526131726110009 0.00094415787866859681 0.00094415787866859681 0.00094415787866859681 1 1 1 Converged Converged Converged OK OK OK 83 83 83 83 83 83 5 5 5 0 0 0 0 0 1 0 0
2 2 uniform 3 7 28 1 0.0001 1.0835258487192334 0.0011934930867489777 0.0064377438689594306 0.008154717099486215 -0.016540575502439626 0.007650893666263303 0 -0.0063592546187768292 58.749740258989 OK 13 12 0.67438699999999996 0.66757599999999995 0.104312 0.56330599999999997 0.40564299999999998 0 0.11108099999999999 0.26193299999999997 0.104312 0.011017000000000001 0.0096120000000000008 0.0089859999999999992 0.080598000000000017 0.23361999999999999 0.077718999999999996 0.0033460000000000004 0.003091 0.0028609999999999998 0.00091500000000000001 0.00095 0.0008690000000000002 58.749737476411525 58.749737476411525 58.749737476411525 0.00035118435140647737 0.00035118435140647737 0.00035118435140647737 1 1 1 Converged Converged Converged OK OK OK 68 68 68 68 68 68 4 4 4 0 0 0 0 1 0 0 1
2 2 uniform 3 15 28 2 0.0001 1.0835258487192334 0.0011934930867489777 0.0064377438689594306 0.008154717099486215 -0.016540575502439626 0.0085465797697707024 0 -0.0072549407222842286 57.775010862222217 OK 13 12 0.49416399999999999 0.46297300000000002 0.101966 0.38623400000000002 0.21814500000000001 0 0.10792999999999997 0.24482800000000002 0.101966 0.010845 0.0096080000000000002 0.0089490000000000004 0.07830299999999997 0.21684099999999998 0.075678999999999982 0.0032199999999999998 0.0029709999999999997 0.0028169999999999996 0.000803 0.00084800000000000001 0.00081999999999999998 57.775008044206821 57.775008044206821 57.775008044206821 0.00040194760164604878 0.00040194760164604878 0.00040194760164604878 1 1 1 Converged Converged Converged OK OK OK 68 68 68 68 68 68 4 4 4 0 0 0 0 1 0 0 1
2 2 uniform 3 23 28 3 0.0001 1.0835258487192334 0.0011934930867489777 0.0064377438689594306 0.008154717099486215 -0.016540575502439626 0.0094422658732781009 0 -0.0081506268257916271 56.725466780988505 OK 13 12 0.444218 0.42198400000000003 0.10608099999999999 0.33203899999999997 0.17671899999999999 0 0.11217900000000003 0.24526500000000004 0.10608099999999999 0.0092320000000000006 0.0092149999999999992 0.0087080000000000005 0.084432000000000007 0.21768399999999996 0.080202999999999997 0.0031440000000000001 0.0029910000000000002 0.0028280000000000002 0.0008160000000000001 0.00078699999999999994 0.00071999999999999994 56.725463847373355 56.725463847373355 56.725463847373355 0.00056821212921734203 0.00056821212921734203 0.00056821212921734203 1 1 1 Converged Converged Converged OK OK OK 68 68 68 68 68 68 4 4 4 0 0 0 0 1 0 0 1
2 2 uniform 4 0 29 0 0.001 1.0835258487192334 0.0011934930867489777 0.0064377438689594306 -0.20591222342624887 0.022094617205266859 -0.20719977220004077 0 0.20849141124752724 4.3843081063300842 OK 13 12 0.36486299999999999 0.36022100000000001 0.064758999999999997 0.29901100000000003 0.29447400000000001 0 0.065851999999999966 0.065747 0.064758999999999997 0.0088739999999999999 0.0089169999999999996 0.0085489999999999993 0.040794999999999991 0.040783000000000007 0.040658000000000007 0.0021770000000000001 0.0023270000000000001 0.002134 0.00056099999999999998 0.00060300000000000002 0.00054900000000000001 4.3843080754418171 4.3843080754418171 4.3843080754418171 0.0014470792515476503 0.0014470792515476503 0.0014470792515476503 1 1 1 Converged Converged Converged OK OK OK 45 45 45 45 45 45 3 3 3 0 0 0 0 0 1 0 0
2 2 uniform 4 7 29 1 0.001 1.0835258487192334 0.0011934930867489777 0.0064377438689594306 -0.20591222342624887 0.022094617205266859 -0.20641604685947179 0 0.20770768590695826 4.4003642597236405 OK 13 12 0.36040299999999997 0.224109 0.064571000000000003 0.29455599999999998 0.141732 0 0.065846999999999989 0.082377000000000006 0.064571000000000003 0.0080920000000000002 0.0083789999999999993 0.0076490000000000004 0.043569999999999998 0.059913000000000008 0.043318000000000016 0.0022360000000000001 0.0022620000000000001 0.0021919999999999999 0.00058 0.00056700000000000001 0.00054000000000000001 4.4003642286955795 4.4003642286955795 4.4003642286955795 0.0014563490472565372 0.0014563490472565372 0.0014563490472565372 1 1 1 Converged Converged Converged OK OK OK 45 45 45 45 45 45 3 3 3 0 0 0 0 1 0 0 1
2 2 uniform 4 15 29 2 0.001 1.0835258487192334 0.0011934930867489777 0.0064377438689594306 -0.20591222342624887 0.022094617205266859 -0.20552036075596439 0 0.20681199980345086 4.4189366214975916 OK 13 12 0.35501500000000002 0.21817700000000001 0.059403999999999998 0.29447899999999999 0.14135500000000001 0 0.060536000000000034 0.076822000000000001 0.059403999999999998 0.0081740000000000007 0.0081239999999999993 0.0076480000000000003 0.038342000000000001 0.054449999999999991 0.038235999999999992 0.0022030000000000001 0.0022060000000000001 0.0021550000000000002 0.00057100000000000011 0.00057600000000000001 0.00054799999999999998 4.4189365903024749 4.4189365903024749 4.4189365903024749 0.0014670873162684257 0.0014670873162684257 0.0014670873162684257 1 1 1 Converged Converged Converged OK OK OK 45 45 45 45 45 45 3 3 3 0 0 0 0 1 0 0 1
2 2 uniform 4 23 29 3 0.001 1.0835258487192334 0.0011934930867489777 0.0064377438689594306 -0.20591222342624887 0.022094617205266859 -0.20462467465245698 0 0.20591631369994345 4.4377495833862719 OK 13 12 0.366587 0.22689699999999999 0.059431999999999999 0.30526199999999998 0.14854600000000001 0 0.061325000000000018 0.078350999999999976 0.059431999999999999 0.0080820000000000006 0.0082640000000000005 0.0076550000000000003 0.039150000000000011 0.056205000000000012 0.038326000000000006 0.0022199999999999998 0.0021939999999999998 0.0021089999999999998 0.00057700000000000004 0.00059100000000000005 0.00055700000000000009 4.4377495520151085 4.4377495520151085 4.4377495520151085 0.0014779819418476103 0.0014779819418476103 0.0014779819418476103 1 1 1 Converged Converged Converged OK OK OK 45 45 45 45 45 45 3 3 3 0 0 0 0 1 0 0 1
2 2 uniform 4 0 29 0 0.0001 1.0835258487192334 0.0011934930867489777 0.0064377438689594306 -0.20591222342624887 0.022094617205266859 -0.20719977220004077 0 0.20849141124752724 4.3843081063300842 OK 13 12 0.406856 0.40104800000000002 0.10405 0.301429 0.29491299999999998 0 0.10542699999999999 0.10613500000000003 0.10405 0.0088520000000000005 0.0086739999999999994 0.0084080000000000005 0.068960000000000021 0.069127999999999995 0.068487999999999993 0.0039979999999999998 0.004372 0.0038530000000000001 0.00081599999999999989 0.00082899999999999998 0.00080300000000000011 4.3843080777621042 4.3843080777621042 4.3843080777621042 1.068746249972518e-05 1.068746249972518e-05 1.068746249972518e-05 1 1 1 Converged Converged Converged OK OK OK 77 77 77 77 77 77 3 3 3 0 0 0 0 0 1 0 0
2 2 uniform 4 7 29 1 0.0001 1.0835258487192334 0.0011934930867489777 0.0064377438689594306 -0.20591222342624887 0.022094617205266859 -0.20641604685947179 0 0.20770768590695826 4.4003642597236405 OK 13 12 0.39946199999999998 0.278644 0.103243 0.29491000000000001 0.13944000000000001 0 0.10455199999999998 0.13920399999999999 0.103243 0.0081630000000000001 0.0082109999999999995 0.0076270000000000001 0.072445999999999983 0.10298199999999996 0.072132000000000002 0.0040169999999999997 0.0040470000000000002 0.0038700000000000002 0.00081000000000000006 0.00082400000000000008 0.00077999999999999988 4.4003642310662583 4.4003642310662583 4.4003642310662583 1.0970275077447438e-05 1.0970275077447438e-05 1.0970275077447438e-05 1 1 1 Converged Converged Converged OK OK OK 77 77 77 77 77 77 3 3 3 0 0 0 0 1 0 0 1
2 2 uniform 4 15 29 2 0.0001 1.0835258487192334 0.0011934930867489777 0.0064377438689594306 -0.20591222342624887 0.022094617205266859 -0.20552036075596439 0 0.20681199980345086 4.4189366214975916 OK 13 12 0.39309699999999997 0.26987100000000003 0.096845000000000001 0.29495100000000002 0.14097100000000001 0 0.098145999999999955 0.12890000000000001 0.096845000000000001 0.0081080000000000006 0.0083000000000000001 0.0076439999999999998 0.066110999999999961 0.096520999999999996 0.065849000000000019 0.0038939999999999999 0.0039349999999999993 0.0038269999999999997 0.00079600000000000005 0.00082900000000000009 0.00079000000000000001 4.4189365927368272 4.4189365927368272 4.4189365927368272 1.1303440705272199e-05 1.1303440705272199e-05 1.1303440705272199e-05 1 1 1 Converged Converged Converged OK OK OK 77 77 77 77 77 77 3 3 3 0 0 0 0 1 0 0 1
2 2 uniform 4 23 29 3 0.0001 1.0835258487192334 0.0011934930867489777 0.0064377438689594306 -0.20591222342624887 0.022094617205266859 -0.20462467465245698 0 0.20591631369994345 4.4377495833862719 OK 13 12 0.40359200000000001 0.27875499999999998 0.101395 0.30436099999999999 0.14576900000000001 0 0.099231000000000014 0.13298599999999997 0.101395 0.0081740000000000007 0.0082290000000000002 0.0076579999999999999 0.067215999999999984 0.10072999999999999 0.070292999999999994 0.0039829999999999996 0.0038930000000000002 0.0038399999999999997 0.00078400000000000008 0.00082700000000000004 0.00078799999999999996 4.4377495545199901 4.4377495545199901 4.4377495545199901 1.1647552950954866e-05 1.1647552950954866e-05 1.1647552950954866e-05 1 1 1 Converged Converged Converged OK OK OK 77 77 77 77 77 77 3 3 3 0 0 0 0 1 0 0 1
3 3 linear 0 0 30 0 0.001 0.25775061677644395 0.515741804880267 0.025250544938634101 1.1656149153189421 3.5540813187979303 1.1605648063312153 0.5 -1.0728633469683615 1.3475250893528099 OK 13 12 0.59869499999999998 0.60084899999999997 0.226413 0.36795600000000001 0.36712800000000001 0 0.23073899999999997 0.23372099999999996 0.226413 0.010980999999999999 0.010791 0.010593999999999999 0.18843300000000004 0.19306500000000004 0.18672999999999992 0.0046590000000000008 0.0040420000000000005 0.003908 0.001188 0.001003 0.00095399999999999999 1.347521458687613 1.347521458687613 1.347521458687613 0.00040243954022153416 0.00040243954022153416 0.00040243954022153416 1 1 1 Converged Converged Converged OK OK OK 89 89 89 89 89 89 7 7 7 0 0 0 0 0 1 0 0
3 3 linear 0 7 30 1 0.001 0.25775061677644395 0.515741804880267 0.025250544938634101 1.1656149153189421 3.5540813187979303 1.163638785715049 0.5 -1.0759373263521952 1.341065909833689 OK 13 12 0.62359900000000001 0.50266500000000003 0.213037 0.40057900000000002 0.244285 0 0.22302 0.25838000000000005 0.213037 0.011282 0.0097470000000000005 0.009162 0.18690099999999998 0.22540600000000005 0.18142600000000003 0.0046499999999999996 0.0040639999999999999 0.003888 0.001106 0.00094799999999999995 0.00094400000000000007 1.3410654058650069 1.3410654058650069 1.3410654058650069 0.00042995340683849823 0.00042995340683849823 0.00042995340683849823 1 1 1 Converged Converged Converged OK OK OK 89 89 89 89 89 89 7 7 7 0 0 0 0 1 0 0 1
3 3 linear 0 15 30 2 0.001 0.25775061677644395 0.515741804880267 0.025250544938634101 1.1656149153189421 3.5540813187979303 1.167151905010859 0.5 -1.0794504456480052 1.3288137906694035 OK 13 12 0.59557199999999999 0.47867199999999999 0.21218699999999999 0.37903599999999998 0.22600999999999999 0 0.21653600000000001 0.252662 0.21218699999999999 0.010096000000000001 0.0097800000000000005 0.013128000000000001 0.18237699999999996 0.21983999999999998 0.17708000000000002 0.0041330000000000004 0.003947 0.0036960000000000001 0.00099599999999999992 0.00094699999999999993 0.00092599999999999996 1.3288158882542218 1.3288158882542218 1.3288158882542218 0.00049480142692224713 0.00049480142692224713 0.00049480142692224713 1 1 1 Converged Converged Converged OK OK OK 89 89 89 89 89 89 7 7 7 0 0 0 0 1 0 0 1
3 3 linear 0 23 30 3 0.001 0.25775061677644395 0.515741804880267 0.025250544938634101 1.1656149153189421 3.5540813187979303 1.170665024306669 0.5 -1.0829635649438152 1.3110839032849007 OK 13 12 0.60202199999999995 0.51313200000000003 0.22159599999999999 0.37822699999999998 0.24155199999999999 0 0.22379499999999997 0.27158000000000004 0.22159599999999999 0.0099539999999999993 0.0096939999999999995 0.0091889999999999993 0.19009699999999996 0.23856100000000005 0.19000700000000004 0.0044390000000000002 0.0043219999999999995 0.0038859999999999997 0.00093299999999999991 0.00091399999999999999 0.00087599999999999993 1.311084982728296 1.311084982728296 1.311084982728296 0.00072067840191425165 0.00072067840191425165 0.00072067840191425165 1 1 1 Converged Converged Converged OK OK OK 89 89 89 89 89 89 7 7 7 0 0 0 0 1 0 0 1
3 3 linear 0 0 30 0 0.0001 0.25775061677644395 0.515741804880267 0.025250544938634101 1.1656149153189421 3.5540813187979303 1.1605648063312153 0.5 -1.0728633469683615 1.3475250893528099 OK 13 12 0.61016599999999999 0.63022299999999998 0.24359 0.36589500000000003 0.38048399999999999 0 0.24427099999999996 0.24973899999999999 0.24359 0.010926 0.011053 0.010586999999999999 0.20001099999999994 0.20474999999999993 0.19935699999999998 0.0042779999999999997 0.0044739999999999997 0.0043949999999999996 0.0011770000000000001 0.001214 0.001372 1.3475229417177539 1.3475229417177539 1.3475229417177539 4.4441763980424764e-05 4.4441763980424764e-05 4.4441763980424764e-05 1 1 1 Converged Converged Converged OK OK OK 97 97 97 97 97 97 7 7 7 0 0 0 0 0 1 0 0
3 3 linear 0 7 30 1 0.0001 0.25775061677644395 0.515741804880267 0.025250544938634101 1.1656149153189421 3.5540813187979303 1.163638785715049 0.5 -1.0759373263521952 1.341065909833689 OK 13 12 0.61609400000000003 0.53013600000000005 0.22819500000000001 0.38633099999999998 0.25342100000000001 0 0.22976300000000005 0.27671500000000004 0.22819500000000001 0.0097789999999999995 0.0096670000000000002 0.0092890000000000004 0.19457700000000006 0.24162099999999997 0.19396200000000002 0.0042420000000000001 0.0043109999999999997 0.0041900000000000001 0.0010869999999999999 0.0011050000000000001 0.001088 1.341065659277616 1.341065659277616 1.341065659277616 0.00012582574796487868 0.00012582574796487868 0.00012582574796487868 1 1 1 Converged Converged Converged OK OK OK 97 97 97 97 97 97 7 7 7 0 0 0 0 1 0 0 1
3 3 linear 0 15 30 2 0.0001 0.25775061677644395 0.515741804880267 0.025250544938634101 1.1656149153189421 3.5540813187979303 1.167151905010859 0.5 -1.0794504456480052 1.3288137906694035 OK 13 12 0.63465899999999997 0.54246099999999997 0.26139000000000001 0.366062 0.23288 0 0.26859699999999997 0.309581 0.26139000000000001 0.0097269999999999995 0.0097370000000000009 0.0092180000000000005 0.21881300000000006 0.26377099999999987 0.21763000000000007 0.0046909999999999999 0.0047230000000000006 0.0045630000000000002 0.0055240000000000003 0.0013159999999999999 0.001193 1.3288161856793628 1.3288161856793628 1.3288161856793628 1.8110448700682195e-05 1.8110448700682195e-05 1.8110448700682195e-05 1 1 1 Converged Converged Converged OK OK OK 105 105 105 105 105 105 7 7 7 0 0 0 0 1 0 0 1
3 3 linear 0 23 30 3 0.0001 0.25775061677644395 0.515741804880267 0.025250544938634101 1.1656149153189421 3.5540813187979303 1.170665024306669 0.5 -1.0829635649438152 1.3110839032849007 OK 13 12 0.64386100000000002 0.55428900000000003 0.25776399999999999 0.38148500000000002 0.24118700000000001 0 0.262376 0.31310199999999999 0.25776399999999999 0.010906000000000001 0.0097540000000000005 0.0092490000000000003 0.2252040000000001 0.27740300000000001 0.22383099999999995 0.004444 0.0046719999999999999 0.0043569999999999998 0.0010769999999999998 0.001024 0.0010009999999999999 1.3110861383098404 1.3110861383098404 1.3110861383098404 0.00011667566603630111 0.00011667566603630111 0.00011667566603630111 1 1 1 Converged Converged Converged OK OK OK 97 97 97 97 97 97 7 7 7 0 0 0 0 1 0 0 1
3 3 linear 1 0 31 0 0.001 0.25775061677644395 0.515741804880267 0.025250544938634101 1.1561230358091841 -3.5749067084135562 1.1510729268214572 0.5 -1.0633714674586034 1.2501790370261232 OK 12 11 0.45757199999999998 0.45771600000000001 0.13916200000000001 0.325345 0.32577400000000001 0 0.13222699999999998 0.131942 0.13916200000000001 0.0074469999999999996 0.0072490000000000002 0.0085120000000000005 0.10132699999999999 0.10161099999999997 0.10733899999999995 0.0033309999999999998 0.0034840000000000001 0.0033710000000000003 0.00086600000000000002 0.00083500000000000002 0.00089499999999999996 1.2501800677649424 1.2501800677649424 1.2501800677649424 0.00012692573376390969 0.00012692573376390969 0.00012692573376390969 1 1 1 Converged Converged Converged OK OK OK 75 75 75 75 75 75 5 5 5 0 0 0 0 0 1 0 0
3 3 linear 1 7 31 1 0.001 0.25775061677644395 0.515741804880267 0.025250544938634101 1.1561230358091841 -3.5749067084135562 1.1541469062052909 0.5 -1.0664454468424371 1.2581984240183441 OK 12 11 0.47114299999999998 0.368419 0.13633600000000001 0.34877900000000001 0.200567 0 0.12236399999999997 0.167852 0.13633600000000001 0.0063860000000000002 0.0065589999999999997 0.0072909999999999997 0.097710999999999965 0.14256900000000003 0.11054699999999996 0.0030540000000000003 0.0032079999999999999 0.0031269999999999996 0.00071900000000000002 0.00084199999999999998 0.00074399999999999987 1.2582006336370577 1.2582006336370577 1.2582006336370577 0.00081481391472457956 0.00081481391472457956 0.00081481391472457956 1 1 1 Converged Converged Converged OK OK OK 74 74 74 74 74 74 6 6 6 0 0 0 0 1 0 0 1
3 3 linear 1 15 31 2 0.001 0.25775061677644395 0.515741804880267 0.025250544938634101 1.1561230358091841 -3.5749067084135562 1.1576600255011009 0.5 -1.0699585661382471 1.2614423279946287 OK 12 11 0.45578200000000002 0.366089 0.13195000000000001 0.33153300000000002 0.196906 0 0.124249 0.169183 0.13195000000000001 0.0064180000000000001 0.0065110000000000003 0.007273 0.099539000000000044 0.14381900000000003 0.10642299999999999 0.0031299999999999995 0.0034149999999999996 0.0030430000000000001 0.00069999999999999988 0.00076999999999999996 0.00072399999999999993 1.2614426697623236 1.2614426697623236 1.2614426697623236 0.00037342652328489415 0.00037342652328489415 0.00037342652328489415 1 1 1 Converged Converged Converged OK OK OK 74 74 74 74 74 74 6 6 6 0 0 0 0 1 0 0 1
3 3 linear 1 23 31 3 0.001 0.25775061677644395 0.515741804880267 0.025250544938634101 1.1561230358091841 -3.5749067084135562 1.1611731447969109 0.5 -1.0734716854340571 1.2586630555243814 OK 12 11 0.45936500000000002 0.36582300000000001 0.133711 0.33164399999999999 0.18873799999999999 0 0.12772100000000003 0.17708500000000002 0.133711 0.0064559999999999999 0.0064790000000000004 0.0073379999999999999 0.10286400000000001 0.15181000000000003 0.10851 0.0031940000000000002 0.0034270000000000004 0.003068 0.00076199999999999998 0.00078599999999999991 0.00070200000000000004 1.2586643412235601 1.2586643412235601 1.2586643412235601 0.00038084552986081374 0.00038084552986081374 0.00038084552986081374 1 1 1 Converged Converged Converged OK OK OK 74 74 74 74 74 74 6 6 6 0 0 0 0 1 0 0 1
3 3 linear 1 0 31 0 0.0001 0.25775061677644395 0.515741804880267 0.025250544938634101 1.1561230358091841 -3.5749067084135562 1.1510729268214572 0.5 -1.0633714674586034 1.2501790370261232 OK 12 11 0.48067199999999999 0.48673100000000002 0.16062799999999999 0.32492799999999999 0.32754800000000001 0 0.15574399999999999 0.15918300000000002 0.16062799999999999 0.0072610000000000001 0.007345 0.0083870000000000004 0.118425 0.12407599999999998 0.12432500000000006 0.0040560000000000006 0.0043959999999999997 0.004339 0.00095799999999999998 0.0010120000000000001 0.00097900000000000005 1.2501800287762186 1.2501800287762186 1.2501800287762186 1.3485945986892758e-05 1.3485945986892758e-05 1.3485945986892758e-05 1 1 1 Converged Converged Converged OK OK OK 91 91 91 91 91 91 5 5 5 0 0 0 0 0 1 0 0
3 3 linear 1 7 31 1 0.0001 0.25775061677644395 0.515741804880267 0.025250544938634101 1.1561230358091841 -3.5749067084135562 1.1541469062052909 0.5 -1.0664454468424371 1.2581984240183441 OK 12 11 0.473578 0.374112 0.13997599999999999 0.34251300000000001 0.20046700000000001 0 0.13106499999999999 0.17364499999999999 0.13997599999999999 0.0063270000000000002 0.0064679999999999998 0.007365 0.10505999999999999 0.14693300000000004 0.11252599999999997 0.003271 0.0035720000000000005 0.0033220000000000003 0.0008470000000000001 0.00081300000000000003 0.00082200000000000003 1.2581997931121229 1.2581997931121229 1.2581997931121229 0.00011450582373984827 0.00011450582373984827 0.00011450582373984827 1 1 1 Converged Converged Converged OK OK OK 82 82 82 82 82 82 6 6 6 0 0 0 0 1 0 0 1
3 3 linear 1 15 31 2 0.0001 0.25775061677644395 0.515741804880267 0.025250544938634101 1.1561230358091841 -3.5749067084135562 1.1576600255011009 0.5 -1.0699585661382471 1.2614423279946287 OK 12 11 0.49151099999999998 0.40237699999999998 0.16406100000000001 0.332121 0.19598699999999999 0 0.15938999999999998 0.20638999999999999 0.16406100000000001 0.006378 0.0065160000000000001 0.0072919999999999999 0.12814200000000001 0.17522199999999988 0.13234500000000005 0.0044449999999999993 0.0042170000000000003 0.0041279999999999997 0.00096199999999999996 0.00098399999999999985 0.00097499999999999996 1.2614438804566828 1.2614438804566828 1.2614438804566828 3.0420255766534274e-05 3.0420255766534274e-05 3.0420255766534274e-05 1 1 1 Converged Converged Converged OK OK OK 98 98 98 98 98 98 6 6 6 0 0 0 0 1 0 0 1
3 3 linear 1 23 31 3 0.0001 0.25775061677644395 0.515741804880267 0.025250544938634101 1.1561230358091841 -3.5749067084135562 1.1611731447969109 0.5 -1.0734716854340571 1.2586630555243814 OK 12 11 0.49244300000000002 0.44145099999999998 0.16942599999999999 0.32930900000000002 0.198772 0 0.163134 0.24267899999999998 0.16942599999999999 0.0064640000000000001 0.007757 0.0073119999999999999 0.13294500000000001 0.21011099999999991 0.139075 0.0044650000000000002 0.0045200000000000006 0.0041289999999999999 0.0010219999999999999 0.0010820000000000001 0.0010150000000000001 1.2586654162219906 1.2586654162219906 1.2586654162219906 7.7293235890493235e-05 7.7293235890493235e-05 7.7293235890493235e-05 1 1 1 Converged Converged Converged OK OK OK 98 98 98 98 98 98 6 6 6 0 0 0 0 1 0 0 1
3 3 linear 2 0 32 0 0.001 0.25775061677644395 0.515741804880267 0.025250544938634101 1.1836591551023081 -3.5431378515887921 1.1786090461145813 0.5 -1.0909075867517277 1.2180990249448249 OK 13 12 0.594754 0.60076600000000002 0.220886 0.37429600000000002 0.38300499999999998 0 0.22045799999999999 0.21776100000000004 0.220886 0.010828000000000001 0.010834 0.010501 0.17834200000000006 0.17872899999999994 0.18292700000000001 0.0039960000000000004 0.0040630000000000006 0.0038599999999999997 0.00084200000000000008 0.00087699999999999996 0.00076599999999999997 1.2180885785900795 1.2180885785900795 1.2180885785900795 0.0010455573946932075 0.0010455573946932075 0.0010455573946932075 1 1 1 Converged Converged Converged OK OK OK 81 81 81 81 81 81 7 7 7 0 0 0 0 0 1 0 0
3 3 linear 2 7 32 1 0.001 0.25775061677644395 0.515741804880267 0.025250544938634101 1.1836591551023081 -3.5431378515887921 1.181683025498415 0.5 -1.0939815661355614 1.1721301621608036 OK 13 12 0.59079999999999999 0.49448900000000001 0.167406 0.42093900000000001 0.27385700000000002 0 0.16986099999999998 0.22063199999999999 0.167406 0.010119 0.010078 0.0094809999999999998 0.13885499999999992 0.19008899999999995 0.13802300000000001 0.0035849999999999996 0.0034519999999999998 0.0033509999999999998 0.00084900000000000004 0.00080599999999999997 0.00076999999999999996 1.1721285084304709 1.1721285084304709 1.1721285084304709 0.00046783669520246695 0.00046783669520246695 0.00046783669520246695 1 1 1 Converged Converged Converged OK OK OK 81 81 81 81 81 81 7 7 7 0 0 0 0 1 0 0 1
3 3 linear 2 15 32 2 0.001 0.25775061677644395 0.515741804880267 0.025250544938634101 1.1836591551023081 -3.5431378515887921 1.185196144794225 0.5 -1.0974946854313714 1.1427451699715652 OK 13 12 0.54331099999999999 0.440525 0.152776 0.38804 0.24301600000000001 0 0.15527099999999999 0.19750899999999999 0.152776 0.0098300000000000002 0.0097839999999999993 0.0093030000000000005 0.12489100000000003 0.16764200000000004 0.12416699999999999 0.0036220000000000002 0.0033950000000000004 0.0032390000000000001 0.00073799999999999994 0.00075200000000000006 0.00069399999999999996 1.1427433896897004 1.1427433896897004 1.1427433896897004 0.00082411011022335873 0.00082411011022335873 0.00082411011022335873 1 1 1 Converged Converged Converged OK OK OK 74 74 74 74 74 74 6 6 6 0 0 0 0 1 0 0 1
3 3 linear 2 23 32 3 0.001 0.25775061677644395 0.515741804880267 0.025250544938634101 1.1836591551023081 -3.5431378515887921 1.188709264090035 0.5 -1.1010078047271814 1.1247776498642672 OK 13 12 0.53135600000000005 0.44054700000000002 0.14097599999999999 0.387459 0.24688299999999999 0 0.14389700000000005 0.19366400000000003 0.14097599999999999 0.0098440000000000003 0.0098399999999999998 0.0093080000000000003 0.11439700000000001 0.16478400000000004 0.11341500000000003 0.0033930000000000002 0.0032570000000000003 0.0030959999999999998 0.000745 0.00073799999999999994 0.00069300000000000004 1.1247766193248168 1.1247766193248168 1.1247766193248168 0.00020750756292753112 0.00020750756292753112 0.00020750756292753112 1 1 1 Converged Converged Converged OK OK OK 74 74 74 74 74 74 6 6 6 0 0 0 0 1 0 0 1
3 3 linear 2 0 32 0 0.0001 0.25775061677644395 0.515741804880267 0.025250544938634101 1.1836591551023081 -3.5431378515887921 1.1786090461145813 0.5 -1.0909075867517277 1.2180990249448249 OK 13 12 0.66664000000000001 0.662381 0.27759400000000001 0.38386300000000001 0.37872499999999998 0 0.282777 0.28365600000000002 0.27759400000000001 0.010893 0.010959999999999999 0.010579 0.22423499999999996 0.22676999999999983 0.22337700000000008 0.0054660000000000012 0.0052779999999999997 0.0050149999999999995 0.0013749999999999999 0.0013320000000000001 0.0012380000000000002 1.2180994659635831 1.2180994659635831 1.2180994659635831 9.4439413640627293e-05 9.4439413640627293e-05 9.4439413640627293e-05 1 1 1 Converged Converged Converged OK OK OK 105 105 105 105 105 105 7 7 7 0 0 0 0 0 1 0 0
3 3 linear 2 7 32 1 0.0001 0.25775061677644395 0.515741804880267 0.025250544938634101 1.1836591551023081 -3.5431378515887921 1.181683025498415 0.5 -1.0939815661355614 1.1721301621608036 OK 13 12 0.61048199999999997 0.515401 0.17959800000000001 0.42860100000000001 0.27531800000000001 0 0.18188099999999996 0.24008299999999999 0.17959800000000001 0.010043 0.009953 0.0095359999999999993 0.14866299999999999 0.207205 0.14776000000000003 0.0039269999999999999 0.0038489999999999996 0.0037740000000000004 0.00090600000000000012 0.00090300000000000016 0.00087600000000000004 1.1721291547217352 1.1721291547217352 1.1721291547217352 9.3297425593645434e-05 9.3297425593645434e-05 9.3297425593645434e-05 1 1 1 Converged Converged Converged OK OK OK 89 89 89 89 89 89 7 7 7 0 0 0 0 1 0 0 1
3 3 linear 2 15 32 2 0.0001 0.25775061677644395 0.515741804880267 0.025250544938634101 1.1836591551023081 -3.5431378515887921 1.185196144794225 0.5 -1.0974946854313714 1.1427451699715652 OK 13 12 0.56536500000000001 0.47542899999999999 0.18629100000000001 0.38120799999999999 0.23674600000000001 0 0.18415700000000002 0.23868299999999998 0.18629100000000001 0.0097099999999999999 0.0097459999999999995 0.0091909999999999995 0.14876 0.20351999999999998 0.15235099999999996 0.0045750000000000001 0.0044340000000000004 0.0043379999999999998 0.0010819999999999998 0.001085 0.00098700000000000003 1.1427444610442981 1.1427444610442981 1.1427444610442981 3.681390375808298e-05 3.681390375808298e-05 3.681390375808298e-05 1 1 1 Converged Converged Converged OK OK OK 90 90 90 90 90 90 6 6 6 0 0 0 0 1 0 0 1
3 3 linear 2 23 32 3 0.0001 0.25775061677644395 0.515741804880267 0.025250544938634101 1.1836591551023081 -3.5431378515887921 1.188709264090035 0.5 -1.1010078047271814 1.1247776498642672 OK 13 12 0.55180899999999999 0.45954600000000001 0.15846099999999999 0.39113199999999998 0.24490400000000001 0 0.16067700000000001 0.214642 0.15846099999999999 0.0099220000000000003 0.0099780000000000008 0.0094020000000000006 0.12878399999999998 0.18291800000000003 0.12790000000000001 0.0036770000000000001 0.0036560000000000004 0.0035750000000000001 0.00086300000000000005 0.00088199999999999997 0.00078899999999999999 1.1247767757123899 1.1247767757123899 1.1247767757123899 6.2912189518773786e-05 6.2912189518773786e-05 6.2912189518773786e-05 1 1 1 Converged Converged Converged OK OK OK 82 82 82 82 82 82 6 6 6 0 0 0 0 1 0 0 1
3 3 linear 3 0 33 0 0.001 0.25775061677644395 0.515741804880267 0.025250544938634101 1.1819003160028148 3.5265525137502092 1.1768502070150879 0.5 -1.0891487476522341 1.1239860816571392 OK 13 12 0.545377 0.54816799999999999 0.15931300000000001 0.37980799999999998 0.387436 0 0.16556900000000002 0.16073199999999999 0.15931300000000001 0.010470999999999999 0.010540000000000001 0.010165 0.12597699999999995 0.12163800000000001 0.12081799999999999 0.0041650000000000003 0.0040049999999999999 0.0038760000000000001 0.0010250000000000001 0.000959 0.00093700000000000001 1.123985243420403 1.123985243420403 1.123985243420403 0.00043007942894050224 0.00043007942894050224 0.00043007942894050224 1 1 1 Converged Converged Converged OK OK OK 82 82 82 82 82 82 6 6 6 0 0 0 0 0 1 0 0
3 3 linear 3 7 33 1 0.001 0.25775061677644395 0.515741804880267 0.025250544938634101 1.1819003160028148 3.5265525137502092 1.1799241863989216 0.5 -1.0922227270360678 1.1134591283310926 OK 13 12 0.53456199999999998 0.453407 0.15201500000000001 0.37988699999999997 0.24141899999999999 0 0.15467500000000001 0.21198800000000001 0.15201500000000001 0.0098150000000000008 0.0097199999999999995 0.0091170000000000001 0.12110199999999992 0.17888699999999999 0.12028099999999999 0.0040859999999999994 0.0039039999999999995 0.0037709999999999996 0.00094200000000000002 0.00089799999999999993 0.00083800000000000009 1.1134583966995462 1.1134583966995462 1.1134583966995462 0.00025077265652861719 0.00025077265652861719 0.00025077265652861719 1 1 1 Converged Converged Converged OK OK OK 82 82 82 82 82 82 6 6 6 0 0 0 0 1 0 0 1
3 3 linear 3 15 33 2 0.001 0.25775061677644395 0.515741804880267 0.025250544938634101 1.1819003160028148 3.5265525137502092 1.1834373056947316 0.5 -1.0957358463318778 1.1038905616697086 OK 13 12 0.52201799999999998 0.45052999999999999 0.156585 0.366282 0.23083000000000001 0 0.15573599999999999 0.21969999999999998 0.156585 0.0096600000000000002 0.0097190000000000002 0.0090340000000000004 0.12250999999999998 0.18672499999999992 0.11793499999999998 0.0039550000000000002 0.003862 0.003738 0.00091399999999999999 0.00087900000000000001 0.00083999999999999982 1.1038898532937338 1.1038898532937338 1.1038898532937338 0.00014810088587356054 0.00014810088587356054 0.00014810088587356054 1 1 1 Converged Converged Converged OK OK OK 82 82 82 82 82 82 6 6 6 0 0 0 0 1 0 0 1
3 3 linear 3 23 33 3 0.001 0.25775061677644395 0.515741804880267 0.025250544938634101 1.1819003160028148 3.5265525137502092 1.1869504249905416 0.5 -1.0992489656276878 1.0961663680468925 OK 13 12 0.51990999999999998 0.45014599999999999 0.15506700000000001 0.36244100000000001 0.226771 0 0.15746899999999997 0.22337499999999999 0.15506700000000001 0.0097050000000000001 0.009672 0.0089980000000000008 0.12404499999999999 0.19013499999999994 0.12320099999999998 0.0041079999999999988 0.0039610000000000001 0.00381 0.00099599999999999992 0.00099100000000000013 0.00092399999999999991 1.0961656933125996 1.0961656933125996 1.0961656933125996 9.206916379123607e-05 9.206916379123607e-05 9.206916379123607e-05 1 1 1 Converged Converged Converged OK OK OK 82 82 82 82 82 82 6 6 6 0 0 0 0 1 0 0 1
3 3 linear 3 0 33 0 0.0001 0.25775061677644395 0.515741804880267 0.025250544938634101 1.1819003160028148 3.5265525137502092 1.1768502070150879 0.5 -1.0891487476522341 1.1239860816571392 OK 13 12 0.57138900000000004 0.57154199999999999 0.189221 0.38147799999999998 0.38247199999999998 0 0.18991100000000005 0.18907000000000002 0.189221 0.010567999999999999 0.010415000000000001 0.010241 0.144292 0.14416100000000001 0.14369900000000002 0.0047569999999999999 0.0047419999999999997 0.0050800000000000003 0.001266 0.0012650000000000001 0.0013079999999999999 1.1239852469994804 1.1239852469994804 1.1239852469994804 3.9648782373224444e-05 3.9648782373224444e-05 3.9648782373224444e-05 1 1 1 Converged Converged Converged OK OK OK 98 98 98 98 98 98 6 6 6 0 0 0 0 0 1 0 0
3 3 linear 3 7 33 1 0.0001 0.25775061677644395 0.515741804880267 0.025250544938634101 1.1819003160028148 3.5265525137502092 1.1799241863989216 0.5 -1.0922227270360678 1.1134591283310926 OK 13 12 0.56284400000000001 0.48097499999999999 0.176203 0.38522000000000001 0.24674199999999999 0 0.177624 0.234233 0.176203 0.0096600000000000002 0.0096799999999999994 0.0091940000000000008 0.14105500000000004 0.19797800000000007 0.14035400000000009 0.0046280000000000002 0.0045890000000000002 0.0048539999999999989 0.0012030000000000001 0.0011299999999999999 0.001191 1.1134583944067724 1.1134583944067724 1.1134583944067724 3.5316245210699604e-05 3.5316245210699604e-05 3.5316245210699604e-05 1 1 1 Converged Converged Converged OK OK OK 98 98 98 98 98 98 6 6 6 0 0 0 0 1 0 0 1
3 3 linear 3 15 33 2 0.0001 0.25775061677644395 0.515741804880267 0.025250544938634101 1.1819003160028148 3.5265525137502092 1.1834373056947316 0.5 -1.0957358463318778 1.1038905616697086 OK 13 12 0.52621099999999998 0.45243100000000003 0.159663 0.36463899999999999 0.22847899999999999 0 0.16157199999999999 0.22395200000000004 0.159663 0.0095589999999999998 0.009587 0.0090709999999999992 0.12687999999999994 0.18956099999999995 0.12615599999999999 0.0042560000000000002 0.0042439999999999995 0.0041949999999999999 0.0010699999999999998 0.001034 0.0010390000000000002 1.1038898515146853 1.1038898515146853 1.1038898515146853 8.5175589340682331e-05 8.5175589340682331e-05 8.5175589340682331e-05 1 1 1 Converged Converged Converged OK OK OK 90 90 90 90 90 90 6 6 6 0 0 0 0 1 0 0 1
3 3 linear 3 23 33 3 0.0001 0.25775061677644395 0.515741804880267 0.025250544938634101 1.1819003160028148 3.5265525137502092 1.1869504249905416 0.5 -1.0992489656276878 1.0961663680468925 OK 13 12 0.523787 0.454901 0.155222 0.36643900000000001 0.22989599999999999 0 0.15734799999999999 0.22500500000000001 0.155222 0.0097529999999999995 0.0097850000000000003 0.0090729999999999995 0.12420100000000001 0.19078999999999996 0.12350100000000003 0.0038420000000000004 0.0043030000000000004 0.003836 0.00088100000000000006 0.00094800000000000006 0.0008699999999999999 1.0961656933125996 1.0961656933125996 1.0961656933125996 9.206916379123607e-05 9.206916379123607e-05 9.206916379123607e-05 1 1 1 Converged Converged Converged OK OK OK 82 82 82 82 82 82 6 6 6 0 0 0 0 1 0 0 1
3 3 linear 4 0 34 0 0.001 0.25775061677644395 0.515741804880267 0.025250544938634101 1.1806491418462766 -3.5949449477834814 1.1755990328585497 0.5 -1.0878975734956962 1.0958043934328738 OK 13 12 0.46150200000000002 0.45739000000000002 0.109822 0.34976699999999999 0.34674100000000002 0 0.11173500000000003 0.110649 0.109822 0.01025 0.010054 0.0098320000000000005 0.08086299999999999 0.080507999999999996 0.080268999999999993 0.0030639999999999999 0.0029360000000000002 0.0028399999999999996 0.00080000000000000015 0.00074600000000000003 0.00071400000000000001 1.0958037900862585 1.0958037900862585 1.0958037900862585 0.00073346094793100833 0.00073346094793100833 0.00073346094793100833 1 1 1 Converged Converged Converged OK OK OK 60 60 60 60 60 60 4 4 4 0 0 0 0 0 1 0 0
3 3 linear 4 7 34 1 0.001 0.25775061677644395 0.515741804880267 0.025250544938634101 1.1806491418462766 -3.5949449477834814 1.1786730122423834 0.5 -1.0909715528795298 1.0938149458297035 OK 13 12 0.44436900000000001 0.351329 0.103745 0.33824199999999999 0.18847800000000001 0 0.10612700000000003 0.162851 0.103745 0.009495 0.0094999999999999998 0.0089149999999999993 0.078690999999999969 0.13558300000000001 0.077940999999999996 0.0030179999999999998 0.0029359999999999998 0.0028030000000000004 0.00070899999999999999 0.00072599999999999997 0.00066500000000000001 1.0938144342842049 1.0938144342842049 1.0938144342842049 0.00082047994855840038 0.00082047994855840038 0.00082047994855840038 1 1 1 Converged Converged Converged OK OK OK 60 60 60 60 60 60 4 4 4 0 0 0 0 1 0 0 1
3 3 linear 4 15 34 2 0.001 0.25775061677644395 0.515741804880267 0.025250544938634101 1.1806491418462766 -3.5949449477834814 1.1821861315381934 0.5 -1.0944846721753398 1.0913518714734936 OK 13 12 0.44982499999999997 0.36841600000000002 0.115982 0.33135500000000001 0.19567100000000001 0 0.11846999999999996 0.17274500000000001 0.115982 0.0094020000000000006 0.0094230000000000008 0.0089239999999999996 0.088543000000000024 0.14322100000000004 0.087641999999999998 0.0032869999999999996 0.0032690000000000002 0.0031189999999999998 0.00080199999999999998 0.00078799999999999986 0.00075700000000000008 1.0913512366528857 1.0913512366528857 1.0913512366528857 0.00012054227921544136 0.00012054227921544136 0.00012054227921544136 1 1 1 Converged Converged Converged OK OK OK 68 68 68 68 68 68 4 4 4 0 0 0 0 1 0 0 1
3 3 linear 4 23 34 3 0.001 0.25775061677644395 0.515741804880267 0.025250544938634101 1.1806491418462766 -3.5949449477834814 1.1856992508340034 0.5 -1.0979977914711498 1.0887042370171969 OK 13 12 0.44974500000000001 0.35883999999999999 0.11083999999999999 0.33448 0.19320300000000001 0 0.11526500000000001 0.16563699999999998 0.11083999999999999 0.0091420000000000008 0.00911 0.0085939999999999992 0.086696000000000009 0.13729599999999995 0.083683000000000035 0.0033409999999999998 0.0032669999999999995 0.0030720000000000001 0.00079199999999999995 0.00079200000000000017 0.00074800000000000008 1.0887036317441112 1.0887036317441112 1.0887036317441112 9.3106307834231304e-05 9.3106307834231304e-05 9.3106307834231304e-05 1 1 1 Converged Converged Converged OK OK OK 68 68 68 68 68 68 4 4 4 0 0 0 0 1 0 0 1
3 3 linear 4 0 34 0 0.0001 0.25775061677644395 0.515741804880267 0.025250544938634101 1.1806491418462766 -3.5949449477834814 1.1755990328585497 0.5 -1.0878975734956962 1.0958043934328738 OK 13 12 0.47866300000000001 0.48491499999999998 0.13711899999999999 0.34581899999999999 0.35168700000000003 0 0.13284400000000002 0.13322799999999996 0.13711899999999999 0.010044000000000001 0.010033 0.011122 0.097531999999999966 0.097605000000000067 0.10001900000000001 0.0034870000000000001 0.0037719999999999997 0.003673 0.00096199999999999996 0.001016 0.001005 1.0958037360310591 1.0958037360310591 1.0958037360310591 8.4081703148887894e-05 8.4081703148887894e-05 8.4081703148887894e-05 1 1 1 Converged Converged Converged OK OK OK 76 76 76 76 76 76 4 4 4 0 0 0 0 0 1 0 0
3 3 linear 4 7 34 1 0.0001 0.25775061677644395 0.515741804880267 0.025250544938634101 1.1806491418462766 -3.5949449477834814 1.1786730122423834 0.5 -1.0909715528795298 1.0938149458297035 OK 13 12 0.45887899999999998 0.383183 0.127163 0.33184599999999997 0.18907499999999999 0 0.12703300000000001 0.194108 0.127163 0.0093749999999999997 0.0094660000000000005 0.010302 0.096903000000000003 0.16363199999999997 0.09613300000000001 0.0034299999999999999 0.0036520000000000007 0.0035530000000000002 0.00087699999999999996 0.00092699999999999998 0.00087000000000000011 1.0938142912494846 1.0938142912494846 1.0938142912494846 8.2941910361761755e-05 8.2941910361761755e-05 8.2941910361761755e-05 1 1 1 Converged Converged Converged OK OK OK 76 76 76 76 76 76 4 4 4 0 0 0 0 1 0 0 1
3 3 linear 4 15 34 2 0.0001 0.25775061677644395 0.515741804880267 0.025250544938634101 1.1806491418462766 -3.5949449477834814 1.1821861315381934 0.5 -1.0944846721753398 1.0913518714734936 OK 13 12 0.47473700000000002 0.41477199999999997 0.15606500000000001 0.32997100000000001 0.200601 0 0.14476600000000001 0.21417099999999997 0.15606500000000001 0.0093790000000000002 0.010593 0.01009 0.10969999999999996 0.17763700000000002 0.12061699999999999 0.0042100000000000002 0.0041710000000000002 0.0040550000000000004 0.00092700000000000009 0.00089399999999999994 0.0008969999999999999 1.0913512367928959 1.0913512367928959 1.0913512367928959 3.9662062734186356e-05 3.9662062734186356e-05 3.9662062734186356e-05 1 1 1 Converged Converged Converged OK OK OK 84 84 84 84 84 84 4 4 4 0 0 0 0 1 0 0 1
3 3 linear 4 23 34 3 0.0001 0.25775061677644395 0.515741804880267 0.025250544938634101 1.1806491418462766 -3.5949449477834814 1.1856992508340034 0.5 -1.0979977914711498 1.0887042370171969 OK 13 12 0.44686700000000001 0.37280799999999997 0.11358 0.33452599999999999 0.20173199999999999 0 0.11234100000000002 0.17107599999999998 0.11358 0.0091420000000000008 0.01044 0.0087790000000000003 0.083738000000000007 0.14125299999999996 0.085985999999999993 0.0031829999999999996 0.0032709999999999996 0.0030850000000000001 0.00074799999999999997 0.00077700000000000002 0.00078800000000000007 1.0887036317441112 1.0887036317441112 1.0887036317441112 9.3106307834231304e-05 9.3106307834231304e-05 9.3106307834231304e-05 1 1 1 Converged Converged Converged OK OK OK 68 68 68 68 68 68 4 4 4 0 0 0 0 1 0 0 1
3 3 uniform 0 0 35 0 0.001 0.25775061677644395 0.515741804880267 0.025250544938634101 1.1656149153189421 3.5540813187979303 1.1605648063312153 0 -1.0728633469683615 1.325696589946822 OK 13 12 0.51756800000000003 0.50885499999999995 0.1439 0.37218699999999999 0.36388199999999998 0 0.14538100000000004 0.14497299999999996 0.1439 0.010923 0.010912 0.010477 0.11133099999999999 0.11133900000000001 0.11091099999999998 0.0029490000000000002 0.0027730000000000003 0.0026909999999999998 0.00084099999999999995 0.00080600000000000008 0.00076999999999999996 1.3256950408422028 1.3256950408422028 1.3256950408422028 0.00077328985661910988 0.00077328985661910988 0.00077328985661910988 1 1 1 Converged Converged Converged OK OK OK 73 73 73 73 73 73 7 7 7 0 0 0 0 0 1 0 0
3 3 uniform 0 7 35 1 0.001 0.25775061677644395 0.515741804880267 0.025250544938634101 1.1656149153189421 3.5540813187979303 1.163638785715049 0 -1.0759373263521952 1.3213735326496301 OK 13 12 0.52149199999999996 0.40033200000000002 0.128801 0.38357000000000002 0.243815 0 0.13792199999999993 0.15651700000000002 0.128801 0.0096769999999999998 0.0097610000000000006 0.0092219999999999993 0.110415 0.12949700000000003 0.10276799999999997 0.0026779999999999998 0.0026610000000000002 0.0025810000000000004 0.00081900000000000007 0.0007899999999999999 0.00074200000000000004 1.3213733777694849 1.3213733777694849 1.3213733777694849 0.00090613260673267921 0.00090613260673267921 0.00090613260673267921 1 1 1 Converged Converged Converged OK OK OK 73 73 73 73 73 73 7 7 7 0 0 0 0 1 0 0 1
3 3 uniform 0 15 35 2 0.001 0.25775061677644395 0.515741804880267 0.025250544938634101 1.1656149153189421 3.5540813187979303 1.167151905010859 0 -1.0794504456480052 1.3130745633955572 OK 13 12 0.49273899999999998 0.376747 0.129972 0.36535400000000001 0.22902900000000001 0 0.12738499999999997 0.14771799999999999 0.129972 0.0097730000000000004 0.009809 0.009247 0.10010200000000001 0.120297 0.10381300000000002 0.0027589999999999997 0.0027929999999999999 0.0026949999999999999 0.00079500000000000003 0.00080199999999999998 0.00073900000000000007 1.3130743355955563 1.3130743355955563 1.3130743355955563 0.00098332009186018286 0.00098332009186018286 0.00098332009186018286 1 1 1 Converged Converged Converged OK OK OK 73 73 73 73 73 73 7 7 7 0 0 0 0 1 0 0 1
3 3 uniform 0 23 35 3 0.001 0.25775061677644395 0.515741804880267 0.025250544938634101 1.1656149153189421 3.5540813187979303 1.170665024306669 0 -1.0829635649438152 1.3007094436091542 OK 13 12 0.501328 0.392905 0.125778 0.37076599999999998 0.239569 0 0.13056200000000001 0.153336 0.125778 0.0096509999999999999 0.0097610000000000006 0.009214 0.099944999999999978 0.12638200000000005 0.099776000000000017 0.0026739999999999997 0.0026919999999999999 0.0025810000000000004 0.0043740000000000003 0.00075100000000000004 0.000767 1.3007089372723271 1.3007089372723271 1.3007089372723271 0.0011995380668809823 0.0011995380668809823 0.0011995380668809823 1 1 1 Converged Converged Converged OK OK OK 73 73 73 73 73 73 7 7 7 0 0 0 0 1 0 0 1
3 3 uniform 0 0 35 0 0.0001 0.25775061677644395 0.515741804880267 0.025250544938634101 1.1656149153189421 3.5540813187979303 1.1605648063312153 0 -1.0728633469683615 1.325696589946822 OK 13 12 0.54936300000000005 0.55120199999999997 0.17833599999999999 0.36978899999999998 0.36867699999999998 0 0.17957400000000007 0.18252499999999999 0.17833599999999999 0.010921999999999999 0.010942 0.010585000000000001 0.13520499999999999 0.13869800000000002 0.13505399999999998 0.0042530000000000007 0.0041650000000000003 0.0039890000000000012 0.0011490000000000001 0.00114 0.001049 1.32569655200604 1.32569655200604 1.32569655200604 5.1149898993129574e-05 5.1149898993129574e-05 5.1149898993129574e-05 1 1 1 Converged Converged Converged OK OK OK 97 97 97 97 97 97 7 7 7 0 0 0 0 0 1 0 0
3 3 uniform 0 7 35 1 0.0001 0.25775061677644395 0.515741804880267 0.025250544938634101 1.1656149153189421 3.5540813187979303 1.163638785715049 0 -1.0759373263521952 1.3213735326496301 OK 13 12 0.58941100000000002 0.49582999999999999 0.189224 0.39116699999999999 0.24676400000000001 0 0.19824400000000003 0.24906599999999998 0.189224 0.0097999999999999997 0.0097050000000000001 0.0091459999999999996 0.15199100000000004 0.20281300000000008 0.151342 0.0046820000000000004 0.0045849999999999997 0.0044709999999999993 0.0013340000000000001 0.0012689999999999999 0.0012140000000000002 1.3213734841085678 1.3213734841085678 1.3213734841085678 3.2764679011017789e-05 3.2764679011017789e-05 3.2764679011017789e-05 1 1 1 Converged Converged Converged OK OK OK 105 105 105 105 105 105 7 7 7 0 0 0 0 1 0 0 1
3 3 uniform 0 15 35 2 0.0001 0.25775061677644395 0.515741804880267 0.025250544938634101 1.1656149153189421 3.5540813187979303 1.167151905010859 0 -1.0794504456480052 1.3130745633955572 OK 13 12 0.55487600000000004 0.45776600000000001 0.18010999999999999 0.370952 0.22970399999999999 0 0.18392400000000003 0.22806200000000001 0.18010999999999999 0.0098180000000000003 0.0098219999999999991 0.0091310000000000002 0.14588299999999998 0.19052099999999991 0.13997099999999998 0.0045019999999999999 0.0045100000000000001 0.0044070000000000003 0.001263 0.001217 0.0011720000000000001 1.3130745029476907 1.3130745029476907 1.3130745029476907 2.8535415709436859e-05 2.8535415709436859e-05 2.8535415709436859e-05 1 1 1 Converged Converged Converged OK OK OK 105 105 105 105 105 105 7 7 7 0 0 0 0 1 0 0 1
3 3 uniform 0 23 35 3 0.0001 0.25775061677644395 0.515741804880267 0.025250544938634101 1.1656149153189421 3.5540813187979303 1.170665024306669 0 -1.0829635649438152 1.3007094436091542 OK 13 12 0.55887900000000001 0.48074800000000001 0.18151400000000001 0.37573200000000001 0.24462300000000001 0 0.183147 0.236125 0.18151400000000001 0.0097129999999999994 0.0098370000000000003 0.0092659999999999999 0.14568799999999996 0.19873899999999992 0.14536899999999994 0.0044340000000000004 0.0043839999999999999 0.0043099999999999996 0.001204 0.0011869999999999999 0.0011640000000000001 1.3007096430964364 1.3007096430964364 1.3007096430964364 2.3862890239479979e-05 2.3862890239479979e-05 2.3862890239479979e-05 1 1 1 Converged Converged Converged OK OK OK 105 105 105 105 105 105 7 7 7 0 0 0 0 1 0 0 1
3 3 uniform 1 0 36 0 0.001 0.25775061677644395 0.515741804880267 0.025250544938634101 1.1561230358091841 -3.5749067084135562 1.1510729268214572 0 -1.0633714674586034 1.2539113823114227 OK 12 11 0.42227199999999998 0.42417899999999997 0.094494999999999996 0.32677899999999999 0.32898699999999997 0 0.095492999999999995 0.095191999999999999 0.094494999999999996 0.007515 0.0073540000000000003 0.0071260000000000004 0.070964000000000027 0.071248999999999979 0.070881999999999973 0.0023120000000000003 0.0022809999999999996 0.0022750000000000001 0.00068899999999999994 0.00070100000000000002 0.00082300000000000006 1.2539118214705323 1.2539118214705323 1.2539118214705323 0.00053099265883599063 0.00053099265883599063 0.00053099265883599063 1 1 1 Converged Converged Converged OK OK OK 59 59 59 59 59 59 5 5 5 0 0 0 0 0 1 0 0
3 3 uniform 1 7 36 1 0.001 0.25775061677644395 0.515741804880267 0.025250544938634101 1.1561230358091841 -3.5749067084135562 1.1541469062052909 0 -1.0664454468424371 1.260933627086394 OK 12 11 0.44545400000000002 0.31815500000000002 0.097962999999999995 0.341673 0.19722899999999999 0 0.10378100000000001 0.12092600000000003 0.097962999999999995 0.0063749999999999996 0.0064339999999999996 0.006136 0.081653999999999977 0.099133999999999986 0.076547000000000004 0.0024020000000000001 0.0023509999999999998 0.0023179999999999997 0.00077400000000000006 0.00075799999999999999 0.00078799999999999986 1.2609339510185988 1.2609339510185988 1.2609339510185988 0.00050352359195304157 0.00050352359195304157 0.00050352359195304157 1 1 1 Converged Converged Converged OK OK OK 66 66 66 66 66 66 6 6 6 0 0 0 0 1 0 0 1
3 3 uniform 1 15 36 2 0.001 0.25775061677644395 0.515741804880267 0.025250544938634101 1.1561230358091841 -3.5749067084135562 1.1576600255011009 0 -1.0699585661382471 1.263838977273869 OK 12 11 0.422122 0.30774899999999999 0.089631000000000002 0.33184999999999998 0.19463900000000001 0 0.090272000000000019 0.11310999999999999 0.089631000000000002 0.006319 0.0064700000000000001 0.0061219999999999998 0.071046999999999999 0.093863999999999961 0.071061999999999986 0.0019680000000000001 0.0019650000000000002 0.001892 0.00060899999999999995 0.00057600000000000001 0.00058500000000000002 1.2638378216185213 1.2638378216185213 1.2638378216185213 0.00094542545290979968 0.00094542545290979968 0.00094542545290979968 1 1 1 Converged Converged Converged OK OK OK 58 58 58 58 58 58 6 6 6 0 0 0 0 1 0 0 1
3 3 uniform 1 23 36 3 0.001 0.25775061677644395 0.515741804880267 0.025250544938634101 1.1561230358091841 -3.5749067084135562 1.1611731447969109 0 -1.0734716854340571 1.2617650932792621 OK 12 11 0.412248 0.30763299999999999 0.086421999999999999 0.32499899999999998 0.195794 0 0.087249000000000021 0.11183899999999999 0.086421999999999999 0.0064130000000000003 0.0064270000000000004 0.0061159999999999999 0.067958999999999992 0.092194000000000012 0.06808800000000001 0.0019820000000000003 0.0021619999999999999 0.0018989999999999999 0.00061300000000000005 0.00064400000000000004 0.00055199999999999997 1.2617646604212351 1.2617646604212351 1.2617646604212351 0.00086456262224601863 0.00086456262224601863 0.00086456262224601863 1 1 1 Converged Converged Converged OK OK OK 58 58 58 58 58 58 6 6 6 0 0 0 0 1 0 0 1
3 3 uniform 1 0 36 0 0.0001 0.25775061677644395 0.515741804880267 0.025250544938634101 1.1561230358091841 -3.5749067084135562 1.1510729268214572 0 -1.0633714674586034 1.2539113823114227 OK 12 11 0.46573900000000001 0.46871699999999999 0.13515099999999999 0.32830300000000001 0.32544000000000001 0 0.137436 0.14327699999999999 0.13515099999999999 0.0072319999999999997 0.007123 0.0073460000000000001 0.10166100000000002 0.10755199999999999 0.10122100000000001 0.0038869999999999998 0.0041100000000000008 0.0038510000000000003 0.00098799999999999995 0.00096000000000000002 0.00093800000000000003 1.2539117476578419 1.2539117476578419 1.2539117476578419 1.4691221660192365e-05 1.4691221660192365e-05 1.4691221660192365e-05 1 1 1 Converged Converged Converged OK OK OK 91 91 91 91 91 91 5 5 5 0 0 0 0 0 1 0 0
3 3 uniform 1 7 36 1 0.0001 0.25775061677644395 0.515741804880267 0.025250544938634101 1.1561230358091841 -3.5749067084135562 1.1541469062052909 0 -1.0664454468424371 1.260933627086394 OK 12 11 0.47824899999999998 0.38810600000000001 0.13405700000000001 0.34216400000000002 0.201628 0 0.13608499999999996 0.186478 0.13405700000000001 0.006437 0.0065700000000000003 0.006117 0.10403100000000001 0.15423700000000004 0.10399499999999998 0.0038930000000000006 0.0041330000000000004 0.0039379999999999997 0.0010139999999999999 0.0010629999999999999 0.00098700000000000003 1.2609339707481146 1.2609339707481146 1.2609339707481146 1.3338274073857808e-05 1.3338274073857808e-05 1.3338274073857808e-05 1 1 1 Converged Converged Converged OK OK OK 98 98 98 98 98 98 6 6 6 0 0 0 0 1 0 0 1
3 3 uniform 1 15 36 2 0.0001 0.25775061677644395 0.515741804880267 0.025250544938634101 1.1561230358091841 -3.5749067084135562 1.1576600255011009 0 -1.0699585661382471 1.263838977273869 OK 12 11 0.473441 0.38256600000000002 0.138267 0.33854800000000002 0.19736100000000001 0 0.13489299999999999 0.18520500000000001 0.138267 0.0063899999999999998 0.0065399999999999998 0.0062139999999999999 0.10577199999999995 0.15547400000000003 0.10909999999999999 0.0038319999999999995 0.004006 0.0038780000000000004 0.0010020000000000001 0.001132 0.00099799999999999997 1.2638393620046615 1.2638393620046615 1.2638393620046615 1.2844743867072222e-05 1.2844743867072222e-05 1.2844743867072222e-05 1 1 1 Converged Converged Converged OK OK OK 98 98 98 98 98 98 6 6 6 0 0 0 0 1 0 0 1
3 3 uniform 1 23 36 3 0.0001 0.25775061677644395 0.515741804880267 0.025250544938634101 1.1561230358091841 -3.5749067084135562 1.1611731447969109 0 -1.0734716854340571 1.2617650932792621 OK 12 11 0.45667999999999997 0.38048799999999999 0.13680100000000001 0.32691999999999999 0.19439000000000001 0 0.12975999999999999 0.18609799999999999 0.13680100000000001 0.0064359999999999999 0.0064900000000000001 0.006293 0.10038899999999995 0.15649700000000005 0.10694200000000002 0.0039420000000000002 0.0041800000000000006 0.0039200000000000007 0.00092500000000000004 0.00098700000000000003 0.00097899999999999984 1.2617660277942904 1.2617660277942904 1.2617660277942904 3.6474345108069587e-05 3.6474345108069587e-05 3.6474345108069587e-05 1 1 1 Converged Converged Converged OK OK OK 98 98 98 98 98 98 6 6 6 0 0 0 0 1 0 0 1
3 3 uniform 2 0 37 0 0.001 0.25775061677644395 0.515741804880267 0.025250544938634101 1.1836591551023081 -3.5431378515887921 1.1786090461145813 0 -1.0909075867517277 1.2281125147262288 OK 13 12 0.53030500000000003 0.52880199999999999 0.148642 0.381295 0.38025100000000001 0 0.14901000000000003 0.14855099999999999 0.148642 0.010675 0.010548 0.010481000000000001 0.11329499999999999 0.11337599999999995 0.11358000000000003 0.0031939999999999998 0.0031459999999999999 0.00315 0.00076400000000000003 0.00078800000000000007 0.00080200000000000009 1.2280987658152431 1.2280987658152431 1.2280987658152431 0.0011017604657599317 0.0011017604657599317 0.0011017604657599317 1 1 1 Converged Converged Converged OK OK OK 73 73 73 73 73 73 7 7 7 0 0 0 0 0 1 0 0
3 3 uniform 2 7 37 1 0.001 0.25775061677644395 0.515741804880267 0.025250544938634101 1.1836591551023081 -3.5431378515887921 1.181683025498415 0 -1.0939815661355614 1.1781440250742932 OK 13 12 0.55150699999999997 0.42873699999999998 0.126996 0.42302099999999998 0.27108500000000002 0 0.12848599999999999 0.15765199999999996 0.126996 0.010014 0.01 0.0095399999999999999 0.10315700000000001 0.13264799999999996 0.10296399999999996 0.0024349999999999997 0.0024250000000000001 0.0023330000000000004 0.00056599999999999999 0.00058799999999999998 0.00056299999999999992 1.1781437642704 1.1781437642704 1.1781437642704 0.00094465726927461596 0.00094465726927461596 0.00094465726927461596 1 1 1 Converged Converged Converged OK OK OK 65 65 65 65 65 65 7 7 7 0 0 0 0 1 0 0 1
3 3 uniform 2 15 37 2 0.001 0.25775061677644395 0.515741804880267 0.025250544938634101 1.1836591551023081 -3.5431378515887921 1.185196144794225 0 -1.0974946854313714 1.1457671568713286 OK 13 12 0.51450700000000005 0.40396300000000002 0.13348299999999999 0.38402500000000001 0.24488299999999999 0 0.13048200000000004 0.15908000000000003 0.13348299999999999 0.0097990000000000004 0.0098139999999999998 0.0092879999999999994 0.10324200000000006 0.13152700000000003 0.10728899999999994 0.0028450000000000003 0.0029300000000000003 0.0027079999999999999 0.00068599999999999998 0.0007899999999999999 0.00072900000000000005 1.1457671985884506 1.1457671985884506 1.1457671985884506 0.00072736887684008236 0.00072736887684008236 0.00072736887684008236 1 1 1 Converged Converged Converged OK OK OK 66 66 66 66 66 66 6 6 6 0 0 0 0 1 0 0 1
3 3 uniform 2 23 37 3 0.001 0.25775061677644395 0.515741804880267 0.025250544938634101 1.1836591551023081 -3.5431378515887921 1.188709264090035 0 -1.1010078047271814 1.1265844296491798 OK 13 12 0.49345099999999997 0.385654 0.106014 0.38605099999999998 0.24643300000000001 0 0.1074 0.13922099999999998 0.106014 0.0098860000000000007 0.0098969999999999995 0.0093650000000000001 0.08354300000000002 0.11526999999999998 0.083248000000000016 0.0022030000000000001 0.0022200000000000002 0.0020530000000000001 0.00058900000000000001 0.00058199999999999994 0.00055199999999999997 1.1265841638591854 1.1265841638591854 1.1265841638591854 0.00059996257894194007 0.00059996257894194007 0.00059996257894194007 1 1 1 Converged Converged Converged OK OK OK 58 58 58 58 58 58 6 6 6 0 0 0 0 1 0 0 1
3 3 uniform 2 0 37 0 0.0001 0.25775061677644395 0.515741804880267 0.025250544938634101 1.1836591551023081 -3.5431378515887921 1.1786090461145813 0 -1.0909075867517277 1.2281125147262288 OK 13 12 0.57869800000000005 0.58374400000000004 0.20111999999999999 0.374085 0.37708199999999997 0 0.20461300000000004 0.20666200000000007 0.20111999999999999 0.010817999999999999 0.010655 0.010595 0.14867599999999997 0.147869 0.14774999999999999 0.0046510000000000006 0.0045909999999999996 0.0048050000000000002 0.001284 0.0012329999999999999 0.0012570000000000001 1.2281126952097101 1.2281126952097101 1.2281126952097101 6.4412294048351998e-05 6.4412294048351998e-05 6.4412294048351998e-05 1 1 1 Converged Converged Converged OK OK OK 105 105 105 105 105 105 7 7 7 0 0 0 0 0 1 0 0
3 3 uniform 2 7 37 1 0.0001 0.25775061677644395 0.515741804880267 0.025250544938634101 1.1836591551023081 -3.5431378515887921 1.181683025498415 0 -1.0939815661355614 1.1781440250742932 OK 13 12 0.59284499999999996 0.50311600000000001 0.166129 0.42525299999999999 0.274696 0 0.16759199999999996 0.22842000000000001 0.166129 0.010132 0.010139 0.0097300000000000008 0.13275500000000001 0.19237300000000004 0.13220699999999994 0.0039659999999999999 0.0043790000000000001 0.0039289999999999993 0.001106 0.001176 0.0010629999999999999 1.1781438046295603 1.1781438046295603 1.1781438046295603 2.6425529027430165e-05 2.6425529027430165e-05 2.6425529027430165e-05 1 1 1 Converged Converged Converged OK OK OK 97 97 97 97 97 97 7 7 7 0 0 0 0 1 0 0 1
3 3 uniform 2 15 37 2 0.0001 0.25775061677644395 0.515741804880267 0.025250544938634101 1.1836591551023081 -3.5431378515887921 1.185196144794225 0 -1.0974946854313714 1.1457671568713286 OK 13 12 0.54443799999999998 0.45657700000000001 0.16816 0.38276399999999999 0.24057999999999999 0 0.16167399999999998 0.21599700000000002 0.16816 0.0099019999999999993 0.0099439999999999997 0.0092910000000000006 0.126637 0.18035899999999996 0.13425600000000001 0.0040949999999999997 0.0044130000000000003 0.0040870000000000004 0.000977 0.0010269999999999999 0.00099599999999999992 1.1457673750847244 1.1457673750847244 1.1457673750847244 5.7805950771389888e-05 5.7805950771389888e-05 5.7805950771389888e-05 1 1 1 Converged Converged Converged OK OK OK 90 90 90 90 90 90 6 6 6 0 0 0 0 1 0 0 1
3 3 uniform 2 23 37 3 0.0001 0.25775061677644395 0.515741804880267 0.025250544938634101 1.1836591551023081 -3.5431378515887921 1.188709264090035 0 -1.1010078047271814 1.1265844296491798 OK 13 12 0.53566199999999997 0.44334699999999999 0.13899400000000001 0.39491100000000001 0.247669 0 0.14075099999999996 0.19567799999999999 0.13899400000000001 0.009868 0.0099649999999999999 0.0096939999999999995 0.10929300000000002 0.16364200000000001 0.10837000000000001 0.0035699999999999998 0.0037600000000000003 0.003437 0.00080800000000000002 0.00082200000000000003 0.00083299999999999997 1.1265842626568694 1.1265842626568694 1.1265842626568694 5.2271902749203605e-05 5.2271902749203605e-05 5.2271902749203605e-05 1 1 1 Converged Converged Converged OK OK OK 82 82 82 82 82 82 6 6 6 0 0 0 0 1 0 0 1
3 3 uniform 3 0 38 0 0.001 0.25775061677644395 0.515741804880267 0.025250544938634101 1.1819003160028148 3.5265525137502092 1.1768502070150879 0 -1.0891487476522341 1.1258290096557324 OK 13 12 0.51130600000000004 0.50653300000000001 0.120879 0.38921899999999998 0.38508199999999998 0 0.12208700000000006 0.12145100000000003 0.120879 0.010596 0.010429000000000001 0.010097 0.088979000000000003 0.089014999999999997 0.089138999999999982 0.0027820000000000002 0.0028000000000000004 0.0026830000000000001 0.00072300000000000012 0.00070999999999999991 0.00069700000000000003 1.1258289097132876 1.1258289097132876 1.1258289097132876 0.00058719216755111778 0.00058719216755111778 0.00058719216755111778 1 1 1 Converged Converged Converged OK OK OK 66 66 66 66 66 66 6 6 6 0 0 0 0 0 1 0 0
3 3 uniform 3 7 38 1 0.001 0.25775061677644395 0.515741804880267 0.025250544938634101 1.1819003160028148 3.5265525137502092 1.1799241863989216 0 -1.0922227270360678 1.1148287807364599 OK 13 12 0.491753 0.39084200000000002 0.116092 0.37429400000000002 0.23845 0 0.11745899999999998 0.15239200000000003 0.116092 0.0096150000000000003 0.0095469999999999999 0.0090959999999999999 0.089740000000000014 0.12488099999999998 0.089564999999999992 0.0027559999999999998 0.0027259999999999997 0.0026729999999999996 0.00065200000000000002 0.00064799999999999992 0.00061899999999999998 1.1148287722662029 1.1148287722662029 1.1148287722662029 0.00048882356711261424 0.00048882356711261424 0.00048882356711261424 1 1 1 Converged Converged Converged OK OK OK 66 66 66 66 66 66 6 6 6 0 0 0 0 1 0 0 1
3 3 uniform 3 15 38 2 0.001 0.25775061677644395 0.515741804880267 0.025250544938634101 1.1819003160028148 3.5265525137502092 1.1834373056947316 0 -1.0957358463318778 1.1048918031290764 OK 13 12 0.48022399999999998 0.38849800000000001 0.112347 0.36632399999999998 0.23258300000000001 0 0.1139 0.155915 0.112347 0.00958 0.0096819999999999996 0.0090519999999999993 0.086396000000000001 0.12845100000000001 0.086114999999999969 0.0028270000000000001 0.002784 0.0027130000000000001 0.00065200000000000002 0.00064399999999999993 0.00062300000000000007 1.1048917955940742 1.1048917955940742 1.1048917955940742 0.00043394274064843786 0.00043394274064843786 0.00043394274064843786 1 1 1 Converged Converged Converged OK OK OK 66 66 66 66 66 66 6 6 6 0 0 0 0 1 0 0 1
3 3 uniform 3 23 38 3 0.001 0.25775061677644395 0.515741804880267 0.025250544938634101 1.1819003160028148 3.5265525137502092 1.1869504249905416 0 -1.0992489656276878 1.0969231756194917 OK 13 12 0.47653299999999998 0.38169599999999998 0.12105200000000001 0.35854000000000003 0.22498599999999999 0 0.11799299999999996 0.15670999999999999 0.12105200000000001 0.0096710000000000008 0.0096889999999999997 0.0090729999999999995 0.090297999999999948 0.129244 0.094538000000000025 0.002751 0.002777 0.0027060000000000001 0.00076400000000000003 0.00074699999999999994 0.00074600000000000003 1.0969231649922568 1.0969231649922568 1.0969231649922568 0.00040374044348334882 0.00040374044348334882 0.00040374044348334882 1 1 1 Converged Converged Converged OK OK OK 66 66 66 66 66 66 6 6 6 0 0 0 0 1 0 0 1
3 3 uniform 3 0 38 0 0.0001 0.25775061677644395 0.515741804880267 0.025250544938634101 1.1819003160028148 3.5265525137502092 1.1768502070150879 0 -1.0891487476522341 1.1258290096557324 OK 13 12 0.53808699999999998 0.53928500000000001 0.15912599999999999 0.378693 0.383133 0 0.15939399999999998 0.15615200000000001 0.15912599999999999 0.010462000000000001 0.01044 0.010307 0.11795400000000003 0.11498300000000002 0.117522 0.0039529999999999999 0.0039370000000000004 0.0039290000000000002 0.00098399999999999985 0.00099400000000000009 0.0010089999999999999 1.1258289131824368 1.1258289131824368 1.1258289131824368 0.00010579934869075836 0.00010579934869075836 0.00010579934869075836 1 1 1 Converged Converged Converged OK OK OK 90 90 90 90 90 90 6 6 6 0 0 0 0 0 1 0 0
3 3 uniform 3 7 38 1 0.0001 0.25775061677644395 0.515741804880267 0.025250544938634101 1.1819003160028148 3.5265525137502092 1.1799241863989216 0 -1.0922227270360678 1.1148287807364599 OK 13 12 0.51866400000000001 0.44365900000000003 0.14713000000000001 0.37399500000000002 0.238124 0 0.14466899999999999 0.20553500000000002 0.14713000000000001 0.0096220000000000003 0.0096670000000000002 0.0093819999999999997 0.11029499999999996 0.17072400000000001 0.11213700000000006 0.0039940000000000002 0.0040330000000000001 0.0051260000000000003 0.00096999999999999994 0.0010119999999999999 0.00097099999999999997 1.114828768424422 1.114828768424422 1.114828768424422 7.0161216152743987e-05 7.0161216152743987e-05 7.0161216152743987e-05 1 1 1 Converged Converged Converged OK OK OK 90 90 90 90 90 90 6 6 6 0 0 0 0 1 0 0 1
3 3 uniform 3 15 38 2 0.0001 0.25775061677644395 0.515741804880267 0.025250544938634101 1.1819003160028148 3.5265525137502092 1.1834373056947316 0 -1.0957358463318778 1.1048918031290764 OK 13 12 0.49795699999999998 0.44321500000000003 0.13101199999999999 0.36165599999999998 0.23783199999999999 0 0.13630100000000001 0.20538300000000004 0.13101199999999999 0.013728000000000001 0.010857 0.0091160000000000008 0.099709999999999965 0.17068900000000006 0.099675999999999973 0.0036270000000000004 0.0037879999999999997 0.0035460000000000001 0.00079199999999999995 0.00082400000000000008 0.00077099999999999998 1.1048917956014046 1.1048917956014046 1.1048917956014046 8.0318702489750208e-05 8.0318702489750208e-05 8.0318702489750208e-05 1 1 1 Converged Converged Converged OK OK OK 82 82 82 82 82 82 6 6 6 0 0 0 0 1 0 0 1
3 3 uniform 3 23 38 3 0.0001 0.25775061677644395 0.515741804880267 0.025250544938634101 1.1819003160028148 3.5265525137502092 1.1869504249905416 0 -1.0992489656276878 1.0969231756194917 OK 13 12 0.49814000000000003 0.44243300000000002 0.13995099999999999 0.35967399999999999 0.231734 0 0.13846600000000003 0.21069900000000003 0.13995099999999999 0.0096780000000000008 0.011036000000000001 0.0090170000000000007 0.10560599999999999 0.17605899999999997 0.10843300000000004 0.0036240000000000001 0.0037829999999999999 0.0035630000000000002 0.00089299999999999991 0.00088299999999999989 0.00084999999999999995 1.0969231649995841 1.0969231649995841 1.0969231649995841 5.0117901212001694e-05 5.0117901212001694e-05 5.0117901212001694e-05 1 1 1 Converged Converged Converged OK OK OK 82 82 82 82 82 82 6 6 6 0 0 0 0 1 0 0 1
3 3 uniform 4 0 39 0 0.001 0.25775061677644395 0.515741804880267 0.025250544938634101 1.1806491418462766 -3.5949449477834814 1.1755990328585497 0 -1.0878975734956962 1.0962770981554673 OK 13 12 0.431452 0.42683500000000002 0.076896999999999993 0.35329700000000003 0.34901700000000002 0 0.078154999999999974 0.077817999999999998 0.076896999999999993 0.010323000000000001 0.010132 0.0098879999999999992 0.053317999999999997 0.053573000000000003 0.053248999999999991 0.0019239999999999999 0.0018489999999999999 0.001794 0.00058299999999999997 0.00056299999999999992 0.00056499999999999996 1.0962771717222961 1.0962771717222961 1.0962771717222961 0.00065282545008204585 0.00065282545008204585 0.00065282545008204585 1 1 1 Converged Converged Converged OK OK OK 44 44 44 44 44 44 4 4 4 0 0 0 0 0 1 0 0
3 3 uniform 4 7 39 1 0.001 0.25775061677644395 0.515741804880267 0.025250544938634101 1.1806491418462766 -3.5949449477834814 1.1786730122423834 0 -1.0909715528795298 1.0942311275855212 OK 13 12 0.407883 0.30032300000000001 0.075785000000000005 0.33370499999999997 0.19155700000000001 0 0.074178000000000022 0.108766 0.075785000000000005 0.0094990000000000005 0.0095239999999999995 0.0089669999999999993 0.052510999999999995 0.087189000000000016 0.055178000000000005 0.0018369999999999999 0.0018609999999999998 0.001817 0.00052099999999999998 0.00047600000000000008 0.00046500000000000003 1.0942313466900218 1.0942313466900218 1.0942313466900218 0.00071851904857455425 0.00071851904857455425 0.00071851904857455425 1 1 1 Converged Converged Converged OK OK OK 44 44 44 44 44 44 4 4 4 0 0 0 0 1 0 0 1
3 3 uniform 4 15 39 2 0.001 0.25775061677644395 0.515741804880267 0.025250544938634101 1.1806491418462766 -3.5949449477834814 1.1821861315381934 0 -1.0944846721753398 1.0917035183279997 OK 13 12 0.41017500000000001 0.30031200000000002 0.073820999999999998 0.33459 0.18818599999999999 0 0.075585000000000013 0.11212600000000003 0.073820999999999998 0.0094850000000000004 0.0093710000000000009 0.0089079999999999993 0.053784000000000012 0.090692000000000023 0.053356999999999995 0.0018979999999999999 0.0018909999999999999 0.0018180000000000002 0.00052099999999999998 0.00049200000000000003 0.00044899999999999996 1.0917047132862541 1.0917047132862541 1.0917047132862541 0.00098122453692050604 0.00098122453692050604 0.00098122453692050604 1 1 1 Converged Converged Converged OK OK OK 44 44 44 44 44 44 4 4 4 0 0 0 0 1 0 0 1
3 3 uniform 4 23 39 3 0.001 0.25775061677644395 0.515741804880267 0.025250544938634101 1.1806491418462766 -3.5949449477834814 1.1856992508340034 0 -1.0979977914711498 1.0889948452863443 OK 13 12 0.41833399999999998 0.30769600000000003 0.080200999999999995 0.33627200000000002 0.19112699999999999 0 0.082061999999999968 0.11656900000000003 0.080200999999999995 0.0091929999999999998 0.0090819999999999998 0.0085710000000000005 0.057915000000000001 0.092629000000000031 0.057600000000000019 0.002284 0.0022880000000000001 0.0021719999999999999 0.00063299999999999999 0.00062100000000000002 0.000602 1.0889948504758387 1.0889948504758387 1.0889948504758387 0.00038696065205840238 0.00038696065205840238 0.00038696065205840238 1 1 1 Converged Converged Converged OK OK OK 52 52 52 52 52 52 4 4 4 0 0 0 0 1 0 0 1
3 3 uniform 4 0 39 0 0.0001 0.25775061677644395 0.515741804880267 0.025250544938634101 1.1806491418462766 -3.5949449477834814 1.1755990328585497 0 -1.0878975734956962 1.0962770981554673 OK 13 12 0.484352 0.46821000000000002 0.117488 0.35822199999999998 0.35022500000000001 0 0.12613000000000002 0.11798500000000001 0.117488 0.011254999999999999 0.01014 0.0096830000000000006 0.089010000000000006 0.082968 0.083099999999999993 0.0035779999999999996 0.003349 0.0033869999999999998 0.001011 0.00095199999999999994 0.00093199999999999989 1.0962770860716027 1.0962770860716027 1.0962770860716027 1.7275960309036152e-05 1.7275960309036152e-05 1.7275960309036152e-05 1 1 1 Converged Converged Converged OK OK OK 76 76 76 76 76 76 4 4 4 0 0 0 0 0 1 0 0
3 3 uniform 4 7 39 1 0.0001 0.25775061677644395 0.515741804880267 0.025250544938634101 1.1806491418462766 -3.5949449477834814 1.1786730122423834 0 -1.0909715528795298 1.0942311275855212 OK 13 12 0.44516499999999998 0.34936 0.100103 0.339839 0.18740999999999999 0 0.10532599999999998 0.16195000000000001 0.100103 0.010799 0.0095390000000000006 0.0089529999999999992 0.075128 0.13369500000000001 0.072808000000000039 0.003045 0.0029700000000000004 0.0029259999999999998 0.00076199999999999987 0.00076600000000000008 0.00075100000000000004 1.094231121317111 1.094231121317111 1.094231121317111 7.6375083020873311e-05 7.6375083020873311e-05 7.6375083020873311e-05 1 1 1 Converged Converged Converged OK OK OK 68 68 68 68 68 68 4 4 4 0 0 0 0 1 0 0 1
3 3 uniform 4 15 39 2 0.0001 0.25775061677644395 0.515741804880267 0.025250544938634101 1.1806491418462766 -3.5949449477834814 1.1821861315381934 0 -1.0944846721753398 1.0917035183279997 OK 13 12 0.43919000000000002 0.346526 0.10196 0.335592 0.18833 0 0.10359800000000002 0.158196 0.10196 0.0095610000000000001 0.0094560000000000009 0.0089060000000000007 0.075017 0.13001000000000001 0.074894999999999989 0.0030739999999999999 0.003065 0.0029469999999999995 0.00074600000000000003 0.00073299999999999993 0.00069900000000000008 1.0917035071100063 1.0917035071100063 1.0917035071100063 3.6169637687183364e-05 3.6169637687183364e-05 3.6169637687183364e-05 1 1 1 Converged Converged Converged OK OK OK 68 68 68 68 68 68 4 4 4 0 0 0 0 1 0 0 1
3 3 uniform 4 23 39 3 0.0001 0.25775061677644395 0.515741804880267 0.025250544938634101 1.1806491418462766 -3.5949449477834814 1.1856992508340034 0 -1.0979977914711498 1.0889948452863443 OK 13 12 0.43192599999999998 0.34797499999999998 0.097477999999999995 0.33298299999999997 0.194776 0 0.098943000000000003 0.15319899999999997 0.097477999999999995 0.0090390000000000002 0.008992 0.0085470000000000008 0.071082999999999993 0.12497499999999999 0.070725000000000024 0.0029490000000000002 0.0031449999999999998 0.0029289999999999997 0.000767 0.00076500000000000005 0.00076300000000000001 1.0889948504831615 1.0889948504831615 1.0889948504831615 3.3421034877168296e-05 3.3421034877168296e-05 3.3421034877168296e-05 1 1 1 Converged Converged Converged OK OK OK 68 68 68 68 68 68 4 4 4 0 0 0 0 1 0 0 1
4 4 linear 0 0 40 0 0.001 2.544013072897132 0.010721912733596711 0.00061425956590787029 0.024617351995774073 2.035776506987119e-05 0.024494500082592498 0.5 0.0024928302771102806 1410.8375122183993 OK 13 14 0.93373700000000004 0.93607200000000002 0.32911800000000002 0.603051 0.60181399999999996 0 0.33068600000000004 0.33425800000000006 0.32911800000000002 0.014009000000000001 0.013899 0.014739 0.26653700000000008 0.26873900000000006 0.26687699999999992 0.0074990000000000005 0.0082170000000000021 0.0071869999999999989 0.0010950000000000001 0.001256 0.0011349999999999999 1410.8352240004544 1410.8352240004544 1410.8352240004544 1.3332884720816651 1.3332884720816651 1.3332884720816651 1 1 1 Converged Converged Converged OK OK OK 121 121 121 121 121 121 7 7 7 0 0 0 0 0 1 0 0
4 4 linear 0 7 40 1 0.001 2.544013072897132 0.010721912733596711 0.00061425956590787029 0.024617351995774073 2.035776506987119e-05 0.024569279508007372 0.5 0.0024180508516954066 1366.2442979025279 OK 13 14 0.81131600000000004 0.77264299999999997 0.31736399999999998 0.490151 0.319658 0 0.32116500000000003 0.45298499999999997 0.31736399999999998 0.012925000000000001 0.013084999999999999 0.01222 0.27014999999999995 0.39655799999999963 0.26787 0.007195 0.0077499999999999999 0.0070060000000000001 0.001049 0.001127 0.0010380000000000001 1366.2488262240736 1366.2488262240736 1366.2488262240736 1.3338849940599666 1.3338849940599666 1.3338849940599666 1 1 1 Converged Converged Converged OK OK OK 121 121 121 121 121 121 7 7 7 0 0 0 0 1 0 0 1
4 4 linear 0 15 40 2 0.001 2.544013072897132 0.010721912733596711 0.00061425956590787029 0.024617351995774073 2.035776506987119e-05 0.02465474170848151 0.5 0.0023325886512212679 1308.9799442537778 OK 13 14 0.92446399999999995 1.0188790000000001 0.34961799999999998 0.578013 0.41915599999999997 0 0.34645099999999995 0.59972300000000012 0.34961799999999998 0.013004 0.013093 0.011922 0.27876699999999993 0.51801100000000011 0.2837579999999999 0.0076180000000000006 0.012767000000000002 0.0077499999999999999 0.0012149999999999999 0.0013080000000000001 0.0012000000000000001 1308.9581729000367 1308.9581729000367 1308.9581729000367 0.098565390548040033 0.098565390548040033 0.098565390548040033 1 1 1 Converged Converged Converged OK OK OK 129 129 129 129 129 129 7 7 7 0 0 0 0 1 0 0 1
4 4 linear 0 23 40 3 0.001 2.544013072897132 0.010721912733596711 0.00061425956590787029 0.024617351995774073 2.035776506987119e-05 0.024740203908955649 0.5 0.0022471264507471292 1246.4261413689471 OK 13 14 0.97740199999999999 0.97994999999999999 0.33042899999999997 0.64484200000000003 0.49046000000000001 0 0.33255999999999997 0.48948999999999998 0.33042899999999997 0.013244000000000001 0.014609 0.012374 0.27877300000000005 0.43136499999999978 0.27851999999999988 0.0074600000000000005 0.0079900000000000006 0.0072860000000000008 0.001183 0.001281 0.0011540000000000001 1246.4112510275327 1246.4112510275327 1246.4112510275327 0.10074827928195251 0.10074827928195251 0.10074827928195251 1 1 1 Converged Converged Converged OK OK OK 129 129 129 129 129 129 7 7 7 0 0 0 0 1 0 0 1
4 4 linear 0 0 40 0 0.0001 2.544013072897132 0.010721912733596711 0.00061425956590787029 0.024617351995774073 2.035776506987119e-05 0.024494500082592498 0.5 0.0024928302771102806 1410.8375122183993 OK 13 14 0.96063500000000002 0.96005499999999999 0.35706399999999999 0.59571200000000002 0.60097999999999996 0 0.364923 0.35907500000000003 0.35706399999999999 0.013893000000000001 0.013738999999999999 0.013283 0.28662900000000002 0.28112399999999993 0.2809299999999999 0.0076879999999999995 0.0078850000000000014 0.0075950000000000002 0.0011890000000000002 0.0011809999999999998 0.001186 1410.8379257669244 1410.8379257669244 1410.8379257669244 0.096227545772164011 0.096227545772164011 0.096227545772164011 1 1 1 Converged Converged Converged OK OK OK 129 129 129 129 129 129 7 7 7 0 0 0 0 0 1 0 0
4 4 linear 0 7 40 1 0.0001 2.544013072897132 0.010721912733596711 0.00061425956590787029 0.024617351995774073 2.035776506987119e-05 0.024569279508007372 0.5 0.0024180508516954066 1366.2442979025279 OK 13 14 0.83096000000000003 0.79361700000000002 0.338534 0.48550399999999999 0.32386100000000001 0 0.34545600000000004 0.46975600000000001 0.338534 0.013115999999999999 0.012824 0.012147 0.2860089999999999 0.41618400000000022 0.28674500000000003 0.012434999999999998 0.0076509999999999998 0.0073469999999999994 0.0012410000000000001 0.0012089999999999998 0.001178 1366.2515279643724 1366.2515279643724 1366.2515279643724 0.097072408654836295 0.097072408654836295 0.097072408654836295 1 1 1 Converged Converged Converged OK OK OK 129 129 129 129 129 129 7 7 7 0 0 0 0 1 0 0 1
4 4 linear 0 15 40 2 0.0001 2.544013072897132 0.010721912733596711 0.00061425956590787029 0.024617351995774073 2.035776506987119e-05 0.02465474170848151 0.5 0.0023325886512212679 1308.9799442537778 OK 13 14 0.91154500000000005 0.88205900000000004 0.32849400000000001 0.576963 0.41469499999999998 0 0.33458200000000005 0.46736400000000006 0.32849400000000001 0.012876 0.012744999999999999 0.011927 0.28049200000000002 0.41416599999999987 0.27735100000000001 0.0080329999999999985 0.0075519999999999997 0.007239999999999999 0.0012360000000000001 0.0012080000000000001 0.0011709999999999999 1308.9581729000367 1308.9581729000367 1308.9581729000367 0.098565390548040033 0.098565390548040033 0.098565390548040033 1 1 1 Converged Converged Converged OK OK OK 129 129 129 129 129 129 7 7 7 0 0 0 0 1 0 0 1
4 4 linear 0 23 40 3 0.0001 2.544013072897132 0.010721912733596711 0.00061425956590787029 0.024617351995774073 2.035776506987119e-05 0.024740203908955649 0.5 0.0022471264507471292 1246.4261413689471 OK 13 14 0.97905900000000001 0.94778099999999998 0.338814 0.64549999999999996 0.48174099999999997 0 0.33355900000000005 0.46604000000000001 0.338814 0.013429999999999999 0.013155999999999999 0.013729999999999999 0.27935400000000005 0.41265500000000011 0.284937 0.007738000000000001 0.0073769999999999999 0.0073769999999999999 0.001243 0.0011810000000000002 0.0011630000000000002 1246.4112510275327 1246.4112510275327 1246.4112510275327 0.10074827928195251 0.10074827928195251 0.10074827928195251 1 1 1 Converged Converged Converged OK OK OK 129 129 129 129 129 129 7 7 7 0 0 0 0 1 0 0 1
4 4 linear 1 0 41 0 0.001 2.544013072897132 0.010721912733596711 0.00061425956590787029 0.02090118838774464 0.001115204510177972 0.020778336474563064 0.5 0.0062089938851397145 570.78124781769179 OK 14 13 0.70124900000000001 0.74187999999999998 0.15732299999999999 0.54288700000000001 0.55365600000000004 0 0.158362 0.18822399999999995 0.15732299999999999 0.011946999999999999 0.013214 0.011598000000000001 0.120092 0.14655499999999999 0.11991400000000002 0.0039779999999999998 0.0050959999999999998 0.0039900000000000005 0.00098099999999999988 0.0009810000000000001 0.00093899999999999995 570.78347362900888 570.78347362900888 570.78347362900888 0.42503592840531268 0.42503592840531268 0.42503592840531268 1 1 1 Converged Converged Converged OK OK OK 83 83 83 83 83 83 5 5 5 0 0 0 0 0 1 0 0
4 4 linear 1 7 41 1 0.001 2.544013072897132 0.010721912733596711 0.00061425956590787029 0.02090118838774464 0.001115204510177972 0.020853115899977938 0.5 0.0061342144597248405 575.96590252763531 OK 14 13 0.69717899999999999 0.75612400000000002 0.14515800000000001 0.54549199999999998 0.39096399999999998 0 0.15168700000000002 0.36516000000000004 0.14515800000000001 0.010711 0.011767 0.010263 0.11908799999999997 0.33039400000000008 0.11481999999999996 0.0043270000000000001 0.0043629999999999997 0.0038170000000000001 0.0010760000000000001 0.0010889999999999999 0.00099399999999999987 575.96746568905621 575.96746568905621 575.96746568905621 0.43941750798454488 0.43941750798454488 0.43941750798454488 1 1 1 Converged Converged Converged OK OK OK 83 83 83 83 83 83 5 5 5 0 0 0 0 1 0 0 1
4 4 linear 1 15 41 2 0.001 2.544013072897132 0.010721912733596711 0.00061425956590787029 0.02090118838774464 0.001115204510177972 0.020938578100452077 0.5 0.0060487522592507018 580.37554042388274 OK 14 13 0.752467 0.75982099999999997 0.150503 0.60207999999999995 0.44556699999999999 0 0.15038700000000005 0.31425399999999998 0.150503 0.011240999999999999 0.012439 0.010503999999999999 0.118016 0.28032299999999999 0.12010999999999999 0.0041989999999999996 0.0041650000000000003 0.0037329999999999998 0.00093199999999999999 0.00095300000000000007 0.00087800000000000009 580.37695510052163 580.37695510052163 580.37695510052163 0.45584608350669475 0.45584608350669475 0.45584608350669475 1 1 1 Converged Converged Converged OK OK OK 83 83 83 83 83 83 5 5 5 0 0 0 0 1 0 0 1
4 4 linear 1 23 41 3 0.001 2.544013072897132 0.010721912733596711 0.00061425956590787029 0.02090118838774464 0.001115204510177972 0.021024040300926215 0.5 0.005963290058776563 582.93828172992255 OK 14 13 0.74675599999999998 0.75196799999999997 0.14723600000000001 0.59578299999999995 0.44346999999999998 0 0.15097300000000002 0.30849799999999999 0.14723600000000001 0.012711 0.012893 0.012064999999999999 0.11616000000000004 0.27383500000000005 0.11465099999999999 0.0042620000000000002 0.0041969999999999993 0.0037569999999999999 0.00086000000000000009 0.00087500000000000002 0.0008070000000000001 582.93840377802871 582.93840377802871 582.93840377802871 0.47210296546024588 0.47210296546024588 0.47210296546024588 1 1 1 Converged Converged Converged OK OK OK 83 83 83 83 83 83 5 5 5 0 0 0 0 1 0 0 1
4 4 linear 1 0 41 0 0.0001 2.544013072897132 0.010721912733596711 0.00061425956590787029 0.02090118838774464 0.001115204510177972 0.020778336474563064 0.5 0.0062089938851397145 570.78124781769179 OK 14 13 0.79391100000000003 0.80127400000000004 0.24480499999999999 0.54017899999999996 0.54483599999999999 0 0.25373200000000007 0.25643800000000005 0.24480499999999999 0.011873 0.011898000000000001 0.01176 0.18527999999999986 0.18755199999999997 0.18451799999999999 0.0066600000000000001 0.0068330000000000005 0.0066569999999999997 0.001384 0.001384 0.001371 570.78370975580413 570.78370975580413 570.78370975580413 0.00089265202348926041 0.00089265202348926041 0.00089265202348926041 1 1 1 Converged Converged Converged OK OK OK 131 131 131 131 131 131 5 5 5 0 0 0 0 0 1 0 0
4 4 linear 1 7 41 1 0.0001 2.544013072897132 0.010721912733596711 0.00061425956590787029 0.02090118838774464 0.001115204510177972 0.020853115899977938 0.5 0.0061342144597248405 575.96590252763531 OK 14 13 0.77072300000000005 0.85650000000000004 0.21839 0.54841200000000001 0.38179200000000002 0 0.22231100000000004 0.47470800000000002 0.21839 0.010562 0.010569 0.010093 0.17577000000000012 0.42913999999999991 0.17452400000000001 0.0071119999999999994 0.0066509999999999998 0.0063569999999999998 0.001438 0.0014880000000000002 0.0014229999999999998 575.96771114203807 575.96771114203807 575.96771114203807 0.00098302955153180748 0.00098302955153180748 0.00098302955153180748 1 1 1 Converged Converged Converged OK OK OK 131 131 131 131 131 131 5 5 5 0 0 0 0 1 0 0 1
4 4 linear 1 15 41 2 0.0001 2.544013072897132 0.010721912733596711 0.00061425956590787029 0.02090118838774464 0.001115204510177972 0.020938578100452077 0.5 0.0060487522592507018 580.37554042388274 OK 14 13 0.82727399999999995 0.91032400000000002 0.21829399999999999 0.60627299999999995 0.44281500000000001 0 0.221001 0.46750900000000001 0.21829399999999999 0.011051 0.010992 0.010546 0.17477100000000001 0.42166599999999999 0.17390900000000001 0.006967000000000001 0.0066189999999999999 0.0064510000000000001 0.0014209999999999997 0.0013770000000000002 0.0013199999999999998 580.37721671496047 580.37721671496047 580.37721671496047 0.0011598661246276162 0.0011598661246276162 0.0011598661246276162 1 1 1 Converged Converged Converged OK OK OK 131 131 131 131 131 131 5 5 5 0 0 0 0 1 0 0 1
4 4 linear 1 23 41 3 0.0001 2.544013072897132 0.010721912733596711 0.00061425956590787029 0.02090118838774464 0.001115204510177972 0.021024040300926215 0.5 0.005963290058776563 582.93828172992255 OK 14 13 0.82374499999999995 0.91166000000000003 0.21995799999999999 0.59927799999999998 0.44480700000000001 0 0.22446699999999997 0.46685300000000002 0.21995799999999999 0.012732 0.012884 0.012171 0.17595899999999987 0.41798000000000018 0.17351199999999997 0.0070260000000000001 0.0068299999999999993 0.0066420000000000003 0.0013499999999999999 0.0013360000000000002 0.001206 582.93868917682619 582.93868917682619 582.93868917682619 0.0014642948134306352 0.0014642948134306352 0.0014642948134306352 1 1 1 Converged Converged Converged OK OK OK 131 131 131 131 131 131 5 5 5 0 0 0 0 1 0 0 1
4 4 linear 2 0 42 0 0.001 2.544013072897132 0.010721912733596711 0.00061425956590787029 -2.1593679391110152 -0.00056149458723980404 -2.1594907910241967 0.5 2.1864781213838995 21.54553176799406 OK 16 15 1.0097179999999999 1.013719 0.35551199999999999 0.65071400000000001 0.64859900000000004 0 0.35900399999999988 0.36512 0.35551199999999999 0.013429 0.013167999999999999 0.013063999999999999 0.30638800000000005 0.30800099999999997 0.30449300000000001 0.005633 0.0054470000000000005 0.0052359999999999993 0.0012480000000000002 0.001126 0.001132 21.5454328551156 21.5454328551156 21.5454328551156 0.015532720537723758 0.015532720537723758 0.015532720537723758 1 1 1 Converged Converged Converged OK OK OK 112 112 112 112 112 112 8 8 8 0 0 0 0 0 1 0 0
4 4 linear 2 7 42 1 0.001 2.544013072897132 0.010721912733596711 0.00061425956590787029 -2.1593679391110152 -0.00056149458723980404 -2.1594160115987817 0.5 2.1864033419584845 21.603905197430727 OK 16 15 0.98644699999999996 0.85387100000000005 0.33567200000000003 0.63922999999999996 0.50054200000000004 0 0.347217 0.353329 0.33567200000000003 0.013256 0.011859 0.011180000000000001 0.30340699999999993 0.31232900000000002 0.29625699999999999 0.0056319999999999999 0.0053069999999999992 0.0049810000000000002 0.0011360000000000001 0.001101 0.001039 21.603951417147105 21.603951417147105 21.603951417147105 0.01685628288638016 0.01685628288638016 0.01685628288638016 1 1 1 Converged Converged Converged OK OK OK 112 112 112 112 112 112 8 8 8 0 0 0 0 1 0 0 1
4 4 linear 2 15 42 2 0.001 2.544013072897132 0.010721912733596711 0.00061425956590787029 -2.1593679391110152 -0.00056149458723980404 -2.1593305493983079 0.5 2.1863178797580107 21.608901847843526 OK 16 15 1.1014409999999999 0.93568399999999996 0.39351399999999997 0.70077500000000004 0.53341499999999997 0 0.40066599999999986 0.40226899999999999 0.39351399999999997 0.012298 0.012231000000000001 0.011447000000000001 0.34483999999999992 0.35521299999999995 0.34073600000000032 0.0058220000000000008 0.0058960000000000002 0.005607 0.0013029999999999999 0.0013510000000000002 0.0012899999999999999 21.608783546860188 21.608783546860188 21.608783546860188 0.006935976629436809 0.006935976629436809 0.006935976629436809 1 1 1 Converged Converged Converged OK OK OK 120 120 120 120 120 120 8 8 8 0 0 0 0 1 0 0 1
4 4 linear 2 23 42 3 0.001 2.544013072897132 0.010721912733596711 0.00061425956590787029 -2.1593679391110152 -0.00056149458723980404 -2.1592450871978337 0.5 2.1862324175575365 21.460410053293099 OK 16 15 0.97596000000000005 0.83965400000000001 0.30277100000000001 0.67050600000000005 0.51998999999999995 0 0.305454 0.31966400000000006 0.30277100000000001 0.011802999999999999 0.011931000000000001 0.011084 0.26592499999999997 0.28040599999999993 0.26529999999999992 0.0048839999999999995 0.0048500000000000001 0.0045480000000000008 0.001181 0.001176 0.001103 21.460337777587114 21.460337777587114 21.460337777587114 0.014137710874761119 0.014137710874761119 0.014137710874761119 1 1 1 Converged Converged Converged OK OK OK 104 104 104 104 104 104 8 8 8 0 0 0 0 1 0 0 1
4 4 linear 2 0 42 0 0.0001 2.544013072897132 0.010721912733596711 0.00061425956590787029 -2.1593679391110152 -0.00056149458723980404 -2.1594907910241967 0.5 2.1864781213838995 21.54553176799406 OK 16 15 1.1115390000000001 1.1234040000000001 0.45991100000000001 0.64811300000000005 0.65325999999999995 0 0.463426 0.47014400000000012 0.45991100000000001 0.013507999999999999 0.013344999999999999 0.012977000000000001 0.38775999999999977 0.38492699999999996 0.38598999999999983 0.0069950000000000003 0.0079039999999999978 0.0067819999999999998 0.001753 0.0019170000000000003 0.001797 21.545378345476706 21.545378345476706 21.545378345476706 0.0020690908180184906 0.0020690908180184906 0.0020690908180184906 1 1 1 Converged Converged Converged OK OK OK 136 136 136 136 136 136 8 8 8 0 0 0 0 0 1 0 0
4 4 linear 2 7 42 1 0.0001 2.544013072897132 0.010721912733596711 0.00061425956590787029 -2.1593679391110152 -0.00056149458723980404 -2.1594160115987817 0.5 2.1864033419584845 21.603905197430727 OK 16 15 1.0476719999999999 0.95084400000000002 0.40948600000000002 0.63056100000000004 0.504417 0 0.4171109999999999 0.44642700000000002 0.40948600000000002 0.011806000000000001 0.012078999999999999 0.011228 0.35598000000000002 0.38428099999999993 0.34980799999999984 0.0074450000000000002 0.0077799999999999996 0.0072950000000000003 0.0016409999999999999 0.001833 0.0015859999999999997 21.60388554868522 21.60388554868522 21.60388554868522 0.0012945558744173701 0.0012945558744173701 0.0012945558744173701 1 1 1 Converged Converged Converged OK OK OK 144 144 144 144 144 144 8 8 8 0 0 0 0 1 0 0 1
4 4 linear 2 15 42 2 0.0001 2.544013072897132 0.010721912733596711 0.00061425956590787029 -2.1593679391110152 -0.00056149458723980404 -2.1593305493983079 0.5 2.1863178797580107 21.608901847843526 OK 16 15 1.1539870000000001 1.016348 0.47206399999999998 0.686226 0.53157799999999999 0 0.46776100000000009 0.48477000000000003 0.47206399999999998 0.015553000000000001 0.012377000000000001 0.011519 0.41479699999999986 0.43469299999999989 0.42327600000000021 0.0071609999999999998 0.0074379999999999993 0.0073829999999999989 0.0017139999999999998 0.0017329999999999997 0.0016440000000000001 21.60879704168886 21.60879704168886 21.60879704168886 0.0016748191936692104 0.0016748191936692104 0.0016748191936692104 1 1 1 Converged Converged Converged OK OK OK 144 144 144 144 144 144 8 8 8 0 0 0 0 1 0 0 1
4 4 linear 2 23 42 3 0.0001 2.544013072897132 0.010721912733596711 0.00061425956590787029 -2.1593679391110152 -0.00056149458723980404 -2.1592450871978337 0.5 2.1862324175575365 21.460410053293099 OK 16 15 1.108314 0.97107900000000003 0.46700799999999998 0.67469100000000004 0.516818 0 0.43362299999999998 0.45426100000000003 0.46700799999999998 0.011879000000000001 0.011944 0.014851 0.38457400000000014 0.40535900000000019 0.41507199999999994 0.007245999999999999 0.0072369999999999986 0.0070949999999999997 0.0016180000000000003 0.0015560000000000001 0.0015939999999999999 21.460395222158656 21.460395222158656 21.460395222158656 0.0012218493400107629 0.0012218493400107629 0.0012218493400107629 1 1 1 Converged Converged Converged OK OK OK 144 144 144 144 144 144 8 8 8 0 0 0 0 1 0 0 1
4 4 linear 3 0 43 0 0.001 2.544013072897132 0.010721912733596711 0.00061425956590787029 -2.1267489880773947 -0.025987646168489538 -2.1268718399905762 0.5 2.153859170350279 4.7493134462218087 OK 13 12 0.51268899999999995 0.50942200000000004 0.129496 0.39076699999999998 0.38801200000000002 0 0.12192199999999997 0.12141000000000002 0.129496 0.0090130000000000002 0.0089789999999999991 0.0086560000000000005 0.09027300000000002 0.090505000000000016 0.09907100000000002 0.0033419999999999999 0.0031929999999999997 0.0031790000000000004 0.00067700000000000008 0.00066600000000000003 0.00066599999999999993 4.7493106634828992 4.7493106634828992 4.7493106634828992 0.0022668159158696299 0.0022668159158696299 0.0022668159158696299 1 1 1 Converged Converged Converged OK OK OK 61 61 61 61 61 61 3 3 3 0 0 0 0 0 1 0 0
4 4 linear 3 7 43 1 0.001 2.544013072897132 0.010721912733596711 0.00061425956590787029 -2.1267489880773947 -0.025987646168489538 -2.1267970605651612 0.5 2.153784390924864 4.6851238536446695 OK 13 12 0.48835000000000001 0.36832100000000001 0.11396299999999999 0.37190400000000001 0.211342 0 0.11644599999999999 0.15697900000000001 0.11396299999999999 0.0082430000000000003 0.0081010000000000006 0.007718 0.088318999999999995 0.129496 0.087520000000000014 0.0033430000000000005 0.003248 0.003078 0.00074300000000000006 0.00068400000000000004 0.00067200000000000007 4.6851211014841123 4.6851211014841123 4.6851211014841123 0.0022666636545395427 0.0022666636545395427 0.0022666636545395427 1 1 1 Converged Converged Converged OK OK OK 61 61 61 61 61 61 3 3 3 0 0 0 0 1 0 0 1
4 4 linear 3 15 43 2 0.001 2.544013072897132 0.010721912733596711 0.00061425956590787029 -2.1267489880773947 -0.025987646168489538 -2.1267115983646874 0.5 2.1536989287243902 4.6155532388334937 OK 13 12 0.47928700000000002 0.39246199999999998 0.114388 0.363118 0.23541799999999999 0 0.11616900000000002 0.15704399999999999 0.114388 0.0080730000000000003 0.0081679999999999999 0.0076049999999999998 0.088593000000000005 0.12957899999999997 0.088200000000000014 0.0033249999999999998 0.0031830000000000001 0.0031580000000000002 0.00071000000000000002 0.00068100000000000007 0.00064500000000000007 4.6155505509805606 4.6155505509805606 4.6155505509805606 0.0022664926092235368 0.0022664926092235368 0.0022664926092235368 1 1 1 Converged Converged Converged OK OK OK 61 61 61 61 61 61 3 3 3 0 0 0 0 1 0 0 1
4 4 linear 3 23 43 3 0.001 2.544013072897132 0.010721912733596711 0.00061425956590787029 -2.1267489880773947 -0.025987646168489538 -2.1266261361642131 0.5 2.1536134665239159 4.5496804498300474 OK 13 12 0.52735399999999999 0.39662199999999997 0.116103 0.40911599999999998 0.24838499999999999 0 0.11823800000000001 0.14823699999999998 0.116103 0.0081499999999999993 0.0080890000000000007 0.0077250000000000001 0.090606999999999979 0.120907 0.089738000000000012 0.0032099999999999997 0.0031449999999999994 0.0030619999999999996 0.00069300000000000004 0.00067000000000000002 0.00064300000000000002 4.5496778749364095 4.5496778749364095 4.5496778749364095 0.0022663247146054058 0.0022663247146054058 0.0022663247146054058 1 1 1 Converged Converged Converged OK OK OK 61 61 61 61 61 61 3 3 3 0 0 0 0 1 0 0 1
4 4 linear 3 0 43 0 0.0001 2.544013072897132 0.010721912733596711 0.00061425956590787029 -2.1267489880773947 -0.025987646168489538 -2.1268718399905762 0.5 2.153859170350279 4.7493134462218087 OK 13 12 0.53537999999999997 0.53412599999999999 0.148175 0.38938099999999998 0.38809300000000002 0 0.14599899999999999 0.14603299999999997 0.148175 0.0088050000000000003 0.0087889999999999999 0.0083890000000000006 0.10891299999999998 0.10927200000000001 0.10863700000000001 0.0041900000000000001 0.0040639999999999999 0.0074790000000000004 0.00077400000000000006 0.00078800000000000007 0.00076800000000000002 4.7493106646255177 4.7493106646255177 4.7493106646255177 4.0696436640123328e-05 4.0696436640123328e-05 4.0696436640123328e-05 1 1 1 Converged Converged Converged OK OK OK 77 77 77 77 77 77 3 3 3 0 0 0 0 0 1 0 0
4 4 linear 3 7 43 1 0.0001 2.544013072897132 0.010721912733596711 0.00061425956590787029 -2.1267489880773947 -0.025987646168489538 -2.1267970605651612 0.5 2.153784390924864 4.6851238536446695 OK 13 12 0.50705900000000004 0.41138599999999997 0.138181 0.364203 0.20956900000000001 0 0.14285600000000004 0.20181699999999997 0.138181 0.0082109999999999995 0.0081560000000000001 0.0077850000000000003 0.10976200000000001 0.16884000000000007 0.10632100000000003 0.004235 0.0041980000000000003 0.0040959999999999998 0.00080900000000000004 0.00078899999999999999 0.000785 4.6851211026266553 4.6851211026266553 4.6851211026266553 4.0700606290856787e-05 4.0700606290856787e-05 4.0700606290856787e-05 1 1 1 Converged Converged Converged OK OK OK 77 77 77 77 77 77 3 3 3 0 0 0 0 1 0 0 1
4 4 linear 3 15 43 2 0.0001 2.544013072897132 0.010721912733596711 0.00061425956590787029 -2.1267489880773947 -0.025987646168489538 -2.1267115983646874 0.5 2.1536989287243902 4.6155532388334937 OK 13 12 0.49978499999999998 0.42898399999999998 0.137931 0.360265 0.236322 0 0.13951999999999998 0.19266199999999997 0.137931 0.0081609999999999999 0.0081130000000000004 0.0076530000000000001 0.10695199999999999 0.16001600000000002 0.10652399999999999 0.0041510000000000002 0.0041830000000000001 0.0040790000000000002 0.00079400000000000011 0.00078299999999999995 0.00077099999999999998 4.6155505521230511 4.6155505521230511 4.6155505521230511 4.070541211894485e-05 4.070541211894485e-05 4.070541211894485e-05 1 1 1 Converged Converged Converged OK OK OK 77 77 77 77 77 77 3 3 3 0 0 0 0 1 0 0 1
4 4 linear 3 23 43 3 0.0001 2.544013072897132 0.010721912733596711 0.00061425956590787029 -2.1267489880773947 -0.025987646168489538 -2.1266261361642131 0.5 2.1536134665239159 4.5496804498300474 OK 13 12 0.54706600000000005 0.43737500000000001 0.138267 0.403223 0.251384 0 0.14384300000000005 0.18599100000000002 0.138267 0.0080719999999999993 0.0081829999999999993 0.0077070000000000003 0.11138399999999997 0.15312699999999996 0.10673599999999997 0.004078 0.0041019999999999997 0.0040289999999999996 0.00078299999999999995 0.00078700000000000005 0.00075499999999999992 4.5496778760787651 4.5496778760787651 4.5496778760787651 4.0710247450520071e-05 4.0710247450520071e-05 4.0710247450520071e-05 1 1 1 Converged Converged Converged OK OK OK 77 77 77 77 77 77 3 3 3 0 0 0 0 1 0 0 1
4 4 linear 4 0 44 0 0.001 2.544013072897132 0.010721912733596711 0.00061425956590787029 -2.1298463740499725 -0.027777152321689088 -2.129969225963154 0.5 2.1569565563228568 5.6414439414388724 OK 13 12 0.58707399999999998 0.57694500000000004 0.11967899999999999 0.46298899999999998 0.45348899999999998 0 0.124085 0.12345600000000007 0.11967899999999999 0.0091240000000000002 0.0088730000000000007 0.0085909999999999997 0.092132000000000019 0.092950999999999964 0.089357000000000048 0.0032650000000000001 0.0030480000000000004 0.0030349999999999995 0.00071699999999999986 0.00069999999999999999 0.00069099999999999999 5.6414406049064949 5.6414406049064949 5.6414406049064949 0.0022413732788796707 0.0022413732788796707 0.0022413732788796707 1 1 1 Converged Converged Converged OK OK OK 61 61 61 61 61 61 3 3 3 0 0 0 0 0 1 0 0
4 4 linear 4 7 44 1 0.001 2.544013072897132 0.010721912733596711 0.00061425956590787029 -2.1298463740499725 -0.027777152321689088 -2.129894446537739 0.5 2.1568817768974418 5.7775490581824158 OK 13 12 0.51713600000000004 0.39853899999999998 0.097446000000000005 0.41794900000000001 0.26751999999999998 0 0.099187000000000025 0.131019 0.097446000000000005 0.0081689999999999992 0.0081399999999999997 0.0077580000000000001 0.074046000000000001 0.10609800000000001 0.073499000000000009 0.0028450000000000003 0.0027199999999999998 0.0026919999999999999 0.00056300000000000002 0.00058799999999999998 0.00054000000000000001 5.7775253654549621 5.7775253654549621 5.7775253654549621 0.0056662542145999115 0.0056662542145999115 0.0056662542145999115 1 1 1 Converged Converged Converged OK OK OK 53 53 53 53 53 53 3 3 3 0 0 0 0 1 0 0 1
4 4 linear 4 15 44 2 0.001 2.544013072897132 0.010721912733596711 0.00061425956590787029 -2.1298463740499725 -0.027777152321689088 -2.1298089843372652 0.5 2.156796314696968 5.9481770249813382 OK 13 12 0.61117999999999995 0.48977399999999999 0.099695000000000006 0.50979699999999994 0.35315299999999999 0 0.101383 0.13662099999999999 0.099695000000000006 0.0082050000000000005 0.0081530000000000005 0.0076610000000000003 0.076033000000000003 0.11127799999999995 0.075601000000000015 0.0028780000000000003 0.0028349999999999998 0.002728 0.00056300000000000002 0.00057000000000000009 0.00054500000000000002 5.9481532707216491 5.9481532707216491 5.9481532707216491 0.0056664050912433794 0.0056664050912433794 0.0056664050912433794 1 1 1 Converged Converged Converged OK OK OK 53 53 53 53 53 53 3 3 3 0 0 0 0 1 0 0 1
4 4 linear 4 23 44 3 0.001 2.544013072897132 0.010721912733596711 0.00061425956590787029 -2.1298463740499725 -0.027777152321689088 -2.1297235221367909 0.5 2.1567108524964937 6.1378132779647698 OK 13 12 0.62714300000000001 0.50091699999999995 0.095960000000000004 0.52914399999999995 0.371172 0 0.097999000000000058 0.12974499999999994 0.095960000000000004 0.0080979999999999993 0.0081880000000000008 0.0076610000000000003 0.072926000000000005 0.10505799999999997 0.072201999999999988 0.0027539999999999999 0.002715 0.0026770000000000001 0.00058699999999999996 0.00056999999999999998 0.00053299999999999995 6.1377894174792749 6.1377894174792749 6.1377894174792749 0.0056665596319941331 0.0056665596319941331 0.0056665596319941331 1 1 1 Converged Converged Converged OK OK OK 53 53 53 53 53 53 3 3 3 0 0 0 0 1 0 0 1
4 4 linear 4 0 44 0 0.0001 2.544013072897132 0.010721912733596711 0.00061425956590787029 -2.1298463740499725 -0.027777152321689088 -2.129969225963154 0.5 2.1569565563228568 5.6414439414388724 OK 13 12 0.59893700000000005 0.62030700000000005 0.14543700000000001 0.45178800000000002 0.46773799999999999 0 0.14714900000000003 0.15256900000000007 0.14543700000000001 0.0089929999999999993 0.010069 0.0085140000000000007 0.11019 0.11385600000000001 0.10946299999999998 0.0039369999999999995 0.0040350000000000004 0.0038860000000000001 0.00077799999999999994 0.00080699999999999999 0.00076000000000000004 5.6414406060413951 5.6414406060413951 5.6414406060413951 4.052617519637001e-05 4.052617519637001e-05 4.052617519637001e-05 1 1 1 Converged Converged Converged OK OK OK 77 77 77 77 77 77 3 3 3 0 0 0 0 0 1 0 0
4 4 linear 4 7 44 1 0.0001 2.544013072897132 0.010721912733596711 0.00061425956590787029 -2.1298463740499725 -0.027777152321689088 -2.129894446537739 0.5 2.1568817768974418 5.7775490581824158 OK 13 12 0.55449700000000002 0.46400599999999997 0.14033999999999999 0.415856 0.27647100000000002 0 0.13864100000000001 0.18753499999999995 0.14033999999999999 0.0081770000000000002 0.0093740000000000004 0.010888999999999999 0.10607699999999998 0.15383500000000003 0.10569600000000001 0.0040879999999999996 0.0040869999999999995 0.0040299999999999997 0.00078399999999999997 0.00083299999999999986 0.00077099999999999998 5.7775456230008126 5.7775456230008126 5.7775456230008126 4.0532680112442015e-05 4.0532680112442015e-05 4.0532680112442015e-05 1 1 1 Converged Converged Converged OK OK OK 77 77 77 77 77 77 3 3 3 0 0 0 0 1 0 0 1
4 4 linear 4 15 44 2 0.0001 2.544013072897132 0.010721912733596711 0.00061425956590787029 -2.1298463740499725 -0.027777152321689088 -2.1298089843372652 0.5 2.156796314696968 5.9481770249813382 OK 13 12 0.64903100000000002 0.542902 0.13868 0.50830200000000003 0.35694599999999999 0 0.14072899999999999 0.18595600000000001 0.13868 0.008116 0.008182 0.0076709999999999999 0.10833800000000003 0.15327100000000002 0.10722300000000001 0.0041000000000000003 0.0041110000000000001 0.004032 0.00076499999999999995 0.00079099999999999993 0.00075499999999999992 5.9481735306851924 5.9481735306851924 5.9481735306851924 4.0540760493006969e-05 4.0540760493006969e-05 4.0540760493006969e-05 1 1 1 Converged Converged Converged OK OK OK 77 77 77 77 77 77 3 3 3 0 0 0 0 1 0 0 1
4 4 linear 4 23 44 3 0.0001 2.544013072897132 0.010721912733596711 0.00061425956590787029 -2.1298463740499725 -0.027777152321689088 -2.1297235221367909 0.5 2.1567108524964937 6.1378132779647698 OK 13 12 0.674342 0.557222 0.13534299999999999 0.53254299999999999 0.36619600000000002 0 0.14179900000000001 0.19102599999999997 0.13534299999999999 0.0092399999999999999 0.0079719999999999999 0.0076239999999999997 0.10750399999999995 0.15879200000000004 0.10406000000000003 0.0041419999999999998 0.0041090000000000007 0.0039690000000000003 0.000812 0.00078799999999999996 0.00075900000000000002 6.1378096798608226 6.1378096798608226 6.1378096798608226 4.0549690057812359e-05 4.0549690057812359e-05 4.0549690057812359e-05 1 1 1 Converged Converged Converged OK OK OK 77 77 77 77 77 77 3 3 3 0 0 0 0 1 0 0 1
4 4 uniform 0 0 45 0 0.001 2.544013072897132 0.010721912733596711 0.00061425956590787029 0.024617351995774073 2.035776506987119e-05 0.024494500082592498 0 0.0024928302771102806 1345.3071782185129 OK 13 14 0.88012900000000005 0.85948400000000003 0.26188400000000001 0.60853299999999999 0.59968500000000002 0 0.27159600000000006 0.259799 0.26188400000000001 0.015273 0.013897 0.017160000000000002 0.20604199999999995 0.19994500000000001 0.19958100000000015 0.0074070000000000004 0.0068619999999999992 0.0067070000000000003 0.0010730000000000002 0.0010309999999999998 0.000968 1345.3069910992315 1345.3069910992315 1345.3069910992315 1.0080780076358113 1.0080780076358113 1.0080780076358113 1 1 1 Converged Converged Converged OK OK OK 121 121 121 121 121 121 7 7 7 0 0 0 0 0 1 0 0
4 4 uniform 0 7 45 1 0.001 2.544013072897132 0.010721912733596711 0.00061425956590787029 0.024617351995774073 2.035776506987119e-05 0.024569279508007372 0 0.0024180508516954066 1303.2936209863133 OK 13 14 0.74542600000000003 0.70428199999999996 0.25148799999999999 0.48653800000000003 0.319131 0 0.25888800000000001 0.38515099999999997 0.25148799999999999 0.01282 0.012885000000000001 0.012107 0.20793600000000007 0.33176900000000009 0.20293399999999995 0.0068969999999999995 0.0067559999999999999 0.0065999999999999991 0.0010480000000000001 0.00099599999999999992 0.00094300000000000004 1303.2934238844396 1303.2934238844396 1303.2934238844396 1.0114422453149559 1.0114422453149559 1.0114422453149559 1 1 1 Converged Converged Converged OK OK OK 121 121 121 121 121 121 7 7 7 0 0 0 0 1 0 0 1
4 4 uniform 0 15 45 2 0.001 2.544013072897132 0.010721912733596711 0.00061425956590787029 0.024617351995774073 2.035776506987119e-05 0.02465474170848151 0 0.0023325886512212679 1250.5662237252786 OK 13 14 0.82417399999999996 0.79353399999999996 0.244948 0.57572400000000001 0.41232600000000003 0 0.24844999999999995 0.38120799999999994 0.244948 0.012728 0.012862999999999999 0.012045999999999999 0.19805000000000003 0.33075100000000007 0.19645299999999988 0.0067260000000000011 0.0068029999999999992 0.0065279999999999999 0.001036 0.001026 0.00095300000000000007 1250.5660729010162 1250.5660729010162 1250.5660729010162 1.0162599848004925 1.0162599848004925 1.0162599848004925 1 1 1 Converged Converged Converged OK OK OK 121 121 121 121 121 121 7 7 7 0 0 0 0 1 0 0 1
4 4 uniform 0 23 45 3 0.001 2.544013072897132 0.010721912733596711 0.00061425956590787029 0.024617351995774073 2.035776506987119e-05 0.024740203908955649 0 0.0022471264507471292 1193.8120252778369 OK 13 14 0.893065 0.85629500000000003 0.25158799999999998 0.64418799999999998 0.47990100000000002 0 0.24887700000000001 0.37639400000000001 0.25158799999999998 0.013081000000000001 0.013091999999999999 0.012373 0.19821399999999997 0.32591400000000004 0.20295099999999999 0.0068089999999999999 0.0067719999999999994 0.0064840000000000002 0.0010180000000000002 0.001005 0.00095500000000000001 1193.8119182190669 1193.8119182190669 1193.8119182190669 1.0222139778445516 1.0222139778445516 1.0222139778445516 1 1 1 Converged Converged Converged OK OK OK 121 121 121 121 121 121 7 7 7 0 0 0 0 1 0 0 1
4 4 uniform 0 0 45 0 0.0001 2.544013072897132 0.010721912733596711 0.00061425956590787029 0.024617351995774073 2.035776506987119e-05 0.024494500082592498 0 0.0024928302771102806 1345.3071782185129 OK 13 14 0.87946800000000003 0.87822500000000003 0.27455099999999999 0.60020700000000005 0.59490299999999996 0 0.27926099999999998 0.28332200000000007 0.27455099999999999 0.013625999999999999 0.013649 0.013464 0.20841400000000018 0.21257500000000007 0.20668600000000004 0.0072889999999999995 0.0074640000000000001 0.0072880000000000002 0.001175 0.001191 0.001142 1345.3073000116024 1345.3073000116024 1345.3073000116024 0.067265623714939396 0.067265623714939396 0.067265623714939396 1 1 1 Converged Converged Converged OK OK OK 129 129 129 129 129 129 7 7 7 0 0 0 0 0 1 0 0
4 4 uniform 0 7 45 1 0.0001 2.544013072897132 0.010721912733596711 0.00061425956590787029 0.024617351995774073 2.035776506987119e-05 0.024569279508007372 0 0.0024180508516954066 1303.2936209863133 OK 13 14 0.75107299999999999 0.71474899999999997 0.26535900000000001 0.48636499999999999 0.31980900000000001 0 0.264708 0.39493999999999996 0.26535900000000001 0.012843 0.012958000000000001 0.012276 0.21198099999999989 0.34177199999999974 0.213973 0.0072040000000000003 0.0074220000000000006 0.0071159999999999999 0.0011619999999999998 0.0011559999999999999 0.0010989999999999999 1303.2937327868206 1303.2937327868206 1303.2937327868206 0.070970358214717089 0.070970358214717089 0.070970358214717089 1 1 1 Converged Converged Converged OK OK OK 129 129 129 129 129 129 7 7 7 0 0 0 0 1 0 0 1
4 4 uniform 0 15 45 2 0.0001 2.544013072897132 0.010721912733596711 0.00061425956590787029 0.024617351995774073 2.035776506987119e-05 0.02465474170848151 0 0.0023325886512212679 1250.5662237252786 OK 13 14 0.83338299999999998 0.82041699999999995 0.25447700000000001 0.57606900000000005 0.41732200000000003 0 0.25731399999999993 0.40309499999999993 0.25447700000000001 0.012716999999999999 0.014148000000000001 0.011995 0.2049160000000001 0.34755500000000022 0.20366499999999998 0.0071079999999999997 0.0074980000000000003 0.0069170000000000004 0.001132 0.0012120000000000002 0.001108 1250.5663817947307 1250.5663817947307 1250.5663817947307 0.076179780282793375 0.076179780282793375 0.076179780282793375 1 1 1 Converged Converged Converged OK OK OK 129 129 129 129 129 129 7 7 7 0 0 0 0 1 0 0 1
4 4 uniform 0 23 45 3 0.0001 2.544013072897132 0.010721912733596711 0.00061425956590787029 0.024617351995774073 2.035776506987119e-05 0.024740203908955649 0 0.0022471264507471292 1193.8120252778369 OK 13 14 0.90236700000000003 0.89405900000000005 0.25552799999999998 0.64297599999999999 0.4919 0 0.25939100000000004 0.40215900000000004 0.25552799999999998 0.013051 0.013502 0.012396000000000001 0.20646500000000009 0.34760899999999995 0.20418999999999993 0.0073410000000000003 0.007528 0.0070679999999999996 0.001147 0.0011389999999999998 0.0011000000000000001 1193.81222710714 1193.81222710714 1193.81222710714 0.082528154345068577 0.082528154345068577 0.082528154345068577 1 1 1 Converged Converged Converged OK OK OK 129 129 129 129 129 129 7 7 7 0 0 0 0 1 0 0 1
4 4 uniform 1 0 46 0 0.001 2.544013072897132 0.010721912733596711 0.00061425956590787029 0.02090118838774464 0.001115204510177972 0.020778336474563064 0 0.0062089938851397145 563.10928605571485 OK 14 13 0.66379900000000003 0.68069100000000005 0.11941499999999999 0.54353799999999997 0.55365900000000001 0 0.12026100000000006 0.12703200000000003 0.11941499999999999 0.012095 0.013034 0.011717999999999999 0.086520999999999987 0.092177999999999996 0.08640200000000002 0.002977 0.0030660000000000001 0.0028809999999999999 0.00078200000000000003 0.00078399999999999997 0.00076399999999999992 563.10888610001086 563.10888610001086 563.10888610001086 0.43901555064718212 0.43901555064718212 0.43901555064718212 1 1 1 Converged Converged Converged OK OK OK 67 67 67 67 67 67 5 5 5 0 0 0 0 0 1 0 0
4 4 uniform 1 7 46 1 0.001 2.544013072897132 0.010721912733596711 0.00061425956590787029 0.02090118838774464 0.001115204510177972 0.020853115899977938 0 0.0061342144597248405 569.91575298383759 OK 14 13 0.65733299999999995 0.61402699999999999 0.107779 0.547844 0.377998 0 0.10948899999999995 0.23602899999999999 0.107779 0.010536 0.010560999999999999 0.010047 0.081665000000000001 0.20837199999999992 0.081416999999999989 0.002784 0.0027460000000000002 0.0026489999999999999 0.00082899999999999998 0.000843 0.000825 569.91535327995848 569.91535327995848 569.91535327995848 0.4773651228477897 0.4773651228477897 0.4773651228477897 1 1 1 Converged Converged Converged OK OK OK 67 67 67 67 67 67 5 5 5 0 0 0 0 1 0 0 1
4 4 uniform 1 15 46 2 0.001 2.544013072897132 0.010721912733596711 0.00061425956590787029 0.02090118838774464 0.001115204510177972 0.020938578100452077 0 0.0060487522592507018 576.54975645033346 OK 14 13 0.74809599999999998 0.65887600000000002 0.111675 0.60508899999999999 0.43528800000000001 0 0.143007 0.22358800000000001 0.111675 0.012303 0.011034 0.010472 0.11182900000000004 0.19541800000000001 0.084974000000000008 0.0028939999999999994 0.0027079999999999999 0.0025349999999999999 0.00087900000000000001 0.00078399999999999997 0.00077200000000000001 576.54936753739116 576.54936753739116 576.54936753739116 0.53855738770756811 0.53855738770756811 0.53855738770756811 1 1 1 Converged Converged Converged OK OK OK 67 67 67 67 67 67 5 5 5 0 0 0 0 1 0 0 1
4 4 uniform 1 23 46 3 0.001 2.544013072897132 0.010721912733596711 0.00061425956590787029 0.02090118838774464 0.001115204510177972 0.021024040300926215 0 0.005963290058776563 581.69093006910089 OK 14 13 0.73911000000000004 0.73541500000000004 0.130772 0.59973600000000005 0.44433 0 0.139374 0.29108500000000004 0.130772 0.014128 0.012897 0.01193 0.10179600000000007 0.25505399999999995 0.097430000000000017 0.0040390000000000001 0.0039280000000000001 0.0036670000000000001 0.00096500000000000004 0.00092699999999999998 0.00095799999999999987 581.69047122149288 581.69047122149288 581.69047122149288 0.24956469736414699 0.24956469736414699 0.24956469736414699 1 1 1 Converged Converged Converged OK OK OK 83 83 83 83 83 83 5 5 5 0 0 0 0 1 0 0 1
4 4 uniform 1 0 46 0 0.0001 2.544013072897132 0.010721912733596711 0.00061425956590787029 0.02090118838774464 0.001115204510177972 0.020778336474563064 0 0.0062089938851397145 563.10928605571485 OK 14 13 0.72554700000000005 0.74401399999999995 0.18736800000000001 0.54378300000000002 0.55301100000000003 0 0.18176400000000004 0.19100299999999992 0.18736800000000001 0.012081 0.012052999999999999 0.011958 0.13234799999999999 0.13277900000000001 0.13530199999999998 0.0053240000000000006 0.0056159999999999995 0.0052840000000000005 0.0011479999999999999 0.001132 0.001139 563.10928094978124 563.10928094978124 563.10928094978124 0.030338203787276214 0.030338203787276214 0.030338203787276214 1 1 1 Converged Converged Converged OK OK OK 115 115 115 115 115 115 5 5 5 0 0 0 0 0 1 0 0
4 4 uniform 1 7 46 1 0.0001 2.544013072897132 0.010721912733596711 0.00061425956590787029 0.02090118838774464 0.001115204510177972 0.020853115899977938 0 0.0061342144597248405 569.91575298383759 OK 14 13 0.71084400000000003 0.76846199999999998 0.162415 0.54665699999999995 0.38137100000000002 0 0.16418700000000008 0.38709099999999996 0.162415 0.010382000000000001 0.010732999999999999 0.010156999999999999 0.12480199999999998 0.34626699999999994 0.12419399999999997 0.0051359999999999999 0.0054030000000000007 0.0050010000000000002 0.0012780000000000001 0.0012710000000000002 0.0012589999999999999 569.91575294474671 569.91575294474671 569.91575294474671 0.030694836358918391 0.030694836358918391 0.030694836358918391 1 1 1 Converged Converged Converged OK OK OK 115 115 115 115 115 115 5 5 5 0 0 0 0 1 0 0 1
4 4 uniform 1 15 46 2 0.0001 2.544013072897132 0.010721912733596711 0.00061425956590787029 0.02090118838774464 0.001115204510177972 0.020938578100452077 0 0.0060487522592507018 576.54975645033346 OK 14 13 0.78224400000000005 0.81606199999999995 0.16436200000000001 0.60523499999999997 0.43822800000000001 0 0.17700900000000008 0.37783399999999995 0.16436200000000001 0.012115000000000001 0.011187000000000001 0.010559000000000001 0.13421299999999994 0.33698399999999984 0.12592600000000001 0.0052779999999999997 0.005278999999999999 0.0050140000000000002 0.0012000000000000001 0.0012509999999999999 0.0011440000000000001 576.54973954306399 576.54973954306399 576.54973954306399 0.031225331689817514 0.031225331689817514 0.031225331689817514 1 1 1 Converged Converged Converged OK OK OK 115 115 115 115 115 115 5 5 5 0 0 0 0 1 0 0 1
4 4 uniform 1 23 46 3 0.0001 2.544013072897132 0.010721912733596711 0.00061425956590787029 0.02090118838774464 0.001115204510177972 0.021024040300926215 0 0.005963290058776563 581.69093006910089 OK 14 13 0.77534000000000003 0.81807799999999997 0.16581499999999999 0.60071300000000005 0.44004100000000002 0 0.17462699999999998 0.37803699999999996 0.16581499999999999 0.014104999999999999 0.012793000000000001 0.012106 0.12904199999999996 0.33499299999999993 0.12485599999999995 0.0060559999999999998 0.0053669999999999994 0.0052029999999999993 0.0012620000000000001 0.0011529999999999999 0.001145 581.69090462677605 581.69090462677605 581.69090462677605 0.031961271227100602 0.031961271227100602 0.031961271227100602 1 1 1 Converged Converged Converged OK OK OK 115 115 115 115 115 115 5 5 5 0 0 0 0 1 0 0 1
4 4 uniform 2 0 47 0 0.001 2.544013072897132 0.010721912733596711 0.00061425956590787029 -2.1593679391110152 -0.00056149458723980404 -2.1594907910241967 0 2.1864781213838995 23.653489804319623 OK 16 15 0.94253500000000001 0.93230999999999997 0.292883 0.65269500000000003 0.650501 0 0.28983999999999999 0.28180899999999998 0.292883 0.013509 0.013301 0.013859 0.23394200000000001 0.234151 0.24110100000000001 0.0045230000000000001 0.0043849999999999991 0.0043230000000000005 0.0011689999999999999 0.001127 0.001217 23.653467080721356 23.653467080721356 23.653467080721356 0.010082970175974487 0.010082970175974487 0.010082970175974487 1 1 1 Converged Converged Converged OK OK OK 104 104 104 104 104 104 8 8 8 0 0 0 0 0 1 0 0
4 4 uniform 2 7 47 1 0.001 2.544013072897132 0.010721912733596711 0.00061425956590787029 -2.1593679391110152 -0.00056149458723980404 -2.1594160115987817 0 2.1864033419584845 23.755192341520249 OK 16 15 0.90759100000000004 0.77838700000000005 0.26305600000000001 0.63902300000000001 0.496062 0 0.26856800000000003 0.28232500000000005 0.26305600000000001 0.012063000000000001 0.011835999999999999 0.011126 0.23100900000000002 0.245369 0.22763899999999992 0.004385 0.0043270000000000001 0.0041180000000000001 0.001077 0.0011179999999999999 0.0010570000000000002 23.755180581913823 23.755180581913823 23.755180581913823 0.0085797335828627086 0.0085797335828627086 0.0085797335828627086 1 1 1 Converged Converged Converged OK OK OK 104 104 104 104 104 104 8 8 8 0 0 0 0 1 0 0 1
4 4 uniform 2 15 47 2 0.001 2.544013072897132 0.010721912733596711 0.00061425956590787029 -2.1593679391110152 -0.00056149458723980404 -2.1593305493983079 0 2.1863178797580107 23.770829784405237 OK 16 15 0.96532300000000004 0.91143799999999997 0.27171400000000001 0.69001299999999999 0.53640100000000002 0 0.27531000000000005 0.37503699999999995 0.27171400000000001 0.012135999999999999 0.012178 0.011391 0.23751000000000008 0.33138500000000004 0.23608800000000005 0.0046389999999999999 0.005391 0.004313 0.0011849999999999999 0.0012329999999999999 0.0011230000000000001 23.770830920692894 23.770830920692894 23.770830920692894 0.010726356772938836 0.010726356772938836 0.010726356772938836 1 1 1 Converged Converged Converged OK OK OK 104 104 104 104 104 104 8 8 8 0 0 0 0 1 0 0 1
4 4 uniform 2 23 47 3 0.001 2.544013072897132 0.010721912733596711 0.00061425956590787029 -2.1593679391110152 -0.00056149458723980404 -2.1592450871978337 0 2.1862324175575365 23.535316713183875 OK 16 15 0.94154199999999999 0.81773399999999996 0.266656 0.67089699999999997 0.52207000000000003 0 0.27064500000000002 0.29566399999999993 0.266656 0.011743 0.01295 0.011134 0.23347900000000002 0.25717099999999998 0.23169099999999995 0.0044090000000000006 0.0043970000000000007 0.0041359999999999999 0.0012079999999999999 0.0012229999999999999 0.001121 23.535318834211658 23.535318834211658 23.535318834211658 0.0090193855346583172 0.0090193855346583172 0.0090193855346583172 1 1 1 Converged Converged Converged OK OK OK 104 104 104 104 104 104 8 8 8 0 0 0 0 1 0 0 1
4 4 uniform 2 0 47 0 0.0001 2.544013072897132 0.010721912733596711 0.00061425956590787029 -2.1593679391110152 -0.00056149458723980404 -2.1594907910241967 0 2.1864781213838995 23.653489804319623 OK 16 15 1.085026 1.0925990000000001 0.42455300000000001 0.645949 0.65319499999999997 0 0.43907700000000005 0.43940400000000013 0.42455300000000001 0.012942 0.0132 0.012836 0.34812699999999985 0.34644400000000009 0.34526000000000007 0.0089689999999999995 0.0091599999999999997 0.0087650000000000002 0.0016409999999999999 0.001869 0.0017789999999999998 23.653489033342936 23.653489033342936 23.653489033342936 0.0017017412871639149 0.0017017412871639149 0.0017017412871639149 1 1 1 Converged Converged Converged OK OK OK 160 160 160 160 160 160 8 8 8 0 0 0 0 0 1 0 0
4 4 uniform 2 7 47 1 0.0001 2.544013072897132 0.010721912733596711 0.00061425956590787029 -2.1593679391110152 -0.00056149458723980404 -2.1594160115987817 0 2.1864033419584845 23.755192341520249 OK 16 15 0.93475799999999998 0.825739 0.29596800000000001 0.63084099999999999 0.50033099999999997 0 0.30391699999999999 0.32540800000000003 0.29596800000000001 0.011795 0.012172000000000001 0.011292 0.25866399999999984 0.27984499999999995 0.25210200000000005 0.0056600000000000001 0.0058840000000000003 0.0056040000000000005 0.0013570000000000001 0.0015069999999999999 0.0014129999999999998 23.755184928401974 23.755184928401974 23.755184928401974 0.0019764695475237249 0.0019764695475237249 0.0019764695475237249 1 1 1 Converged Converged Converged OK OK OK 128 128 128 128 128 128 8 8 8 0 0 0 0 1 0 0 1
4 4 uniform 2 15 47 2 0.0001 2.544013072897132 0.010721912733596711 0.00061425956590787029 -2.1593679391110152 -0.00056149458723980404 -2.1593305493983079 0 2.1863178797580107 23.770829784405237 OK 16 15 1.0500350000000001 0.89924400000000004 0.34995799999999999 0.69167199999999995 0.52461400000000002 0 0.3583630000000001 0.37463000000000002 0.34995799999999999 0.012349000000000001 0.012208999999999999 0.011407 0.307307 0.32287700000000008 0.30311899999999997 0.0077510000000000009 0.0067710000000000001 0.0065219999999999992 0.0017099999999999999 0.0016670000000000001 0.001604 23.770825199864525 23.770825199864525 23.770825199864525 0.0011944724013431374 0.0011944724013431374 0.0011944724013431374 1 1 1 Converged Converged Converged OK OK OK 144 144 144 144 144 144 8 8 8 0 0 0 0 1 0 0 1
4 4 uniform 2 23 47 3 0.0001 2.544013072897132 0.010721912733596711 0.00061425956590787029 -2.1593679391110152 -0.00056149458723980404 -2.1592450871978337 0 2.1862324175575365 23.535316713183875 OK 16 15 1.0192859999999999 0.87950700000000004 0.34769899999999998 0.67381599999999997 0.51158099999999995 0 0.34546999999999994 0.36792600000000009 0.34769899999999998 0.011851 0.011964000000000001 0.011127 0.29698500000000005 0.31992200000000004 0.30077700000000013 0.0067170000000000016 0.0064660000000000004 0.0062630000000000003 0.0016489999999999999 0.0015919999999999999 0.0015969999999999999 23.535316871993572 23.535316871993572 23.535316871993572 0.00047506283667240898 0.00047506283667240898 0.00047506283667240898 1 1 1 Converged Converged Converged OK OK OK 144 144 144 144 144 144 8 8 8 0 0 0 0 1 0 0 1
4 4 uniform 3 0 48 0 0.001 2.544013072897132 0.010721912733596711 0.00061425956590787029 -2.1267489880773947 -0.025987646168489538 -2.1268718399905762 0 2.153859170350279 4.7516153430810988 OK 13 12 0.470051 0.47078599999999998 0.073923000000000003 0.39416499999999999 0.39207599999999998 0 0.075886000000000009 0.078710000000000002 0.073923000000000003 0.0088500000000000002 0.0087829999999999991 0.0084340000000000005 0.050777000000000003 0.054001999999999994 0.050052999999999986 0.0022049999999999995 0.0022309999999999999 0.002114 0.000571 0.00055000000000000003 0.00052700000000000002 4.7516153121850229 4.7516153121850229 4.7516153121850229 0.0015820622260532518 0.0015820622260532518 0.0015820622260532518 1 1 1 Converged Converged Converged OK OK OK 45 45 45 45 45 45 3 3 3 0 0 0 0 0 1 0 0
4 4 uniform 3 7 48 1 0.001 2.544013072897132 0.010721912733596711 0.00061425956590787029 -2.1267489880773947 -0.025987646168489538 -2.1267970605651612 0 2.153784390924864 4.6872420696593151 OK 13 12 0.43597599999999997 0.31606899999999999 0.068887000000000004 0.36559000000000003 0.212509 0 0.070385999999999949 0.10355999999999999 0.068887000000000004 0.0081390000000000004 0.0082430000000000003 0.0076940000000000003 0.048042999999999982 0.081351999999999952 0.047667999999999988 0.0021700000000000001 0.0021849999999999999 0.0020899999999999998 0.00056999999999999998 0.00055699999999999999 0.00051500000000000005 4.6872420396769368 4.6872420396769368 4.6872420396769368 0.0015645714340157052 0.0015645714340157052 0.0015645714340157052 1 1 1 Converged Converged Converged OK OK OK 45 45 45 45 45 45 3 3 3 0 0 0 0 1 0 0 1
4 4 uniform 3 15 48 2 0.001 2.544013072897132 0.010721912733596711 0.00061425956590787029 -2.1267489880773947 -0.025987646168489538 -2.1267115983646874 0 2.1536989287243902 4.6174856513039968 OK 13 12 0.43752999999999997 0.34252100000000002 0.070016999999999996 0.36238599999999999 0.23802599999999999 0 0.075143999999999989 0.10449500000000003 0.070016999999999996 0.0080829999999999999 0.0081209999999999997 0.0076309999999999998 0.049457999999999995 0.082304999999999962 0.048945000000000002 0.002258 0.0022090000000000005 0.0020869999999999999 0.00055699999999999999 0.00054000000000000001 0.00051800000000000001 4.6174856222440752 4.6174856222440752 4.6174856222440752 0.0015454450577321438 0.0015454450577321438 0.0015454450577321438 1 1 1 Converged Converged Converged OK OK OK 45 45 45 45 45 45 3 3 3 0 0 0 0 1 0 0 1
4 4 uniform 3 23 48 3 0.001 2.544013072897132 0.010721912733596711 0.00061425956590787029 -2.1267489880773947 -0.025987646168489538 -2.1266261361642131 0 2.1536134665239159 4.551449053037004 OK 13 12 0.47919800000000001 0.35128999999999999 0.071648000000000003 0.40582000000000001 0.24917600000000001 0 0.073377999999999999 0.10211399999999998 0.071648000000000003 0.0081250000000000003 0.008116 0.0077260000000000002 0.050953999999999992 0.079990999999999993 0.05039699999999999 0.0021920000000000004 0.002196 0.002134 0.00056599999999999999 0.00054100000000000003 0.00052300000000000003 4.5514490238663114 4.5514490238663114 4.5514490238663114 0.0015271663921109448 0.0015271663921109448 0.0015271663921109448 1 1 1 Converged Converged Converged OK OK OK 45 45 45 45 45 45 3 3 3 0 0 0 0 1 0 0 1
4 4 uniform 3 0 48 0 0.0001 2.544013072897132 0.010721912733596711 0.00061425956590787029 -2.1267489880773947 -0.025987646168489538 -2.1268718399905762 0 2.153859170350279 4.7516153430810988 OK 13 12 0.50178199999999995 0.48588599999999998 0.097958000000000003 0.39454800000000001 0.38688800000000001 0 0.10723399999999994 0.098997999999999975 0.097958000000000003 0.0090170000000000007 0.0087659999999999995 0.0084390000000000003 0.069980000000000001 0.068226000000000009 0.068166999999999964 0.0031880000000000003 0.0030569999999999998 0.0029910000000000002 0.00071299999999999988 0.00069399999999999996 0.000696 4.7516153120216664 4.7516153120216664 4.7516153120216664 0.00047166156592567076 0.00047166156592567076 0.00047166156592567076 1 1 1 Converged Converged Converged OK OK OK 61 61 61 61 61 61 3 3 3 0 0 0 0 0 1 0 0
4 4 uniform 3 7 48 1 0.0001 2.544013072897132 0.010721912733596711 0.00061425956590787029 -2.1267489880773947 -0.025987646168489538 -2.1267970605651612 0 2.153784390924864 4.6872420696593151 OK 13 12 0.49071500000000001 0.39003500000000002 0.11323999999999999 0.37163200000000002 0.21566299999999999 0 0.11908299999999999 0.17437200000000003 0.11323999999999999 0.00826 0.0082470000000000009 0.0076579999999999999 0.084996000000000016 0.14063499999999995 0.081144999999999967 0.0039960000000000004 0.0039059999999999997 0.0037540000000000004 0.00079299999999999998 0.00081699999999999991 0.00076600000000000008 4.6872420394941559 4.6872420394941559 4.6872420394941559 8.4820959517245891e-06 8.4820959517245891e-06 8.4820959517245891e-06 1 1 1 Converged Converged Converged OK OK OK 77 77 77 77 77 77 3 3 3 0 0 0 0 1 0 0 1
4 4 uniform 3 15 48 2 0.0001 2.544013072897132 0.010721912733596711 0.00061425956590787029 -2.1267489880773947 -0.025987646168489538 -2.1267115983646874 0 2.1536989287243902 4.6174856513039968 OK 13 12 0.47628700000000002 0.40234700000000001 0.11280900000000001 0.36176000000000003 0.235684 0 0.11452699999999999 0.16666300000000001 0.11280900000000001 0.0080529999999999994 0.0080780000000000001 0.0077289999999999998 0.082393000000000008 0.13446800000000006 0.081494999999999998 0.0038560000000000001 0.0039299999999999995 0.0038050000000000002 0.00076800000000000002 0.000794 0.00077000000000000007 4.6174856220447786 4.6174856220447786 4.6174856220447786 8.4829331685087481e-06 8.4829331685087481e-06 8.4829331685087481e-06 1 1 1 Converged Converged Converged OK OK OK 77 77 77 77 77 77 3 3 3 0 0 0 0 1 0 0 1
4 4 uniform 3 23 48 3 0.0001 2.544013072897132 0.010721912733596711 0.00061425956590787029 -2.1267489880773947 -0.025987646168489538 -2.1266261361642131 0 2.1536134665239159 4.551449053037004 OK 13 12 0.52112499999999995 0.41389399999999998 0.113361 0.40634500000000001 0.25341200000000003 0 0.11477999999999994 0.16048199999999996 0.113361 0.008175 0.0081689999999999992 0.0076730000000000001 0.082403999999999991 0.12822499999999998 0.082098000000000018 0.0038540000000000002 0.0039020000000000001 0.0038179999999999998 0.00077700000000000013 0.00077399999999999995 0.00075799999999999999 4.5514490236550751 4.5514490236550751 4.5514490236550751 8.4837934177310294e-06 8.4837934177310294e-06 8.4837934177310294e-06 1 1 1 Converged Converged Converged OK OK OK 77 77 77 77 77 77 3 3 3 0 0 0 0 1 0 0 1
4 4 uniform 4 0 49 0 0.001 2.544013072897132 0.010721912733596711 0.00061425956590787029 -2.1298463740499725 -0.027777152321689088 -2.129969225963154 0 2.1569565563228568 5.6484803594925408 OK 13 12 0.52091600000000005 0.54162100000000002 0.063818 0.45563100000000001 0.47078399999999998 0 0.065285000000000037 0.070837000000000039 0.063818 0.0088229999999999992 0.0087550000000000006 0.0085679999999999992 0.043397000000000005 0.048702999999999996 0.042872 0.0017309999999999999 0.0018429999999999998 0.0017129999999999997 0.00044000000000000002 0.00044200000000000001 0.00042999999999999999 5.648476108101228 5.648476108101228 5.648476108101228 0.0050812943179404119 0.0050812943179404119 0.0050812943179404119 1 1 1 Converged Converged Converged OK OK OK 37 37 37 37 37 37 3 3 3 0 0 0 0 0 1 0 0
4 4 uniform 4 7 49 1 0.001 2.544013072897132 0.010721912733596711 0.00061425956590787029 -2.1298463740499725 -0.027777152321689088 -2.129894446537739 0 2.1568817768974418 5.7855870794340927 OK 13 12 0.472688 0.386714 0.059624999999999997 0.410941 0.27928500000000001 0 0.061746999999999996 0.107429 0.059624999999999997 0.0081259999999999995 0.0088739999999999999 0.007718 0.041672999999999995 0.083289999999999961 0.040773999999999998 0.0017490000000000001 0.0020330000000000001 0.0017299999999999998 0.00045000000000000004 0.000495 0.00041599999999999997 5.7855828300166543 5.7855828300166543 5.7855828300166543 0.0051008552675863919 0.0051008552675863919 0.0051008552675863919 1 1 1 Converged Converged Converged OK OK OK 37 37 37 37 37 37 3 3 3 0 0 0 0 1 0 0 1
4 4 uniform 4 15 49 2 0.001 2.544013072897132 0.010721912733596711 0.00061425956590787029 -2.1298463740499725 -0.027777152321689088 -2.1298089843372652 0 2.156796314696968 5.9576260332666706 OK 13 12 0.57951600000000003 0.46928399999999998 0.066415000000000002 0.51490899999999995 0.36594500000000002 0 0.064607000000000081 0.10333899999999996 0.066415000000000002 0.0081300000000000001 0.0093500000000000007 0.0077349999999999997 0.044270999999999998 0.080687999999999996 0.047524999999999991 0.001825 0.0019789999999999999 0.001774 0.00045800000000000002 0.00051199999999999998 0.00041799999999999997 5.9576217895919239 5.9576217895919239 5.9576217895919239 0.0051231426549329879 0.0051231426549329879 0.0051231426549329879 1 1 1 Converged Converged Converged OK OK OK 37 37 37 37 37 37 3 3 3 0 0 0 0 1 0 0 1
4 4 uniform 4 23 49 3 0.001 2.544013072897132 0.010721912733596711 0.00061425956590787029 -2.1298463740499725 -0.027777152321689088 -2.1297235221367909 0 2.1567108524964937 6.1490533375920116 OK 13 12 0.58826599999999996 0.45858100000000002 0.058137000000000001 0.525972 0.37236399999999997 0 0.062293999999999961 0.086217000000000044 0.058137000000000001 0.0093089999999999996 0.0081429999999999992 0.0075729999999999999 0.040757000000000015 0.066160999999999998 0.039548 0.00181 0.001784 0.0016930000000000001 0.00043800000000000002 0.00044000000000000002 0.00040999999999999999 6.1490491003463044 6.1490491003463044 6.1490491003463044 0.0051452192038972762 0.0051452192038972762 0.0051452192038972762 1 1 1 Converged Converged Converged OK OK OK 37 37 37 37 37 37 3 3 3 0 0 0 0 1 0 0 1
4 4 uniform 4 0 49 0 0.0001 2.544013072897132 0.010721912733596711 0.00061425956590787029 -2.1298463740499725 -0.027777152321689088 -2.129969225963154 0 2.1569565563228568 5.6484803594925408 OK 13 12 0.555091 0.55268300000000004 0.097549999999999998 0.45643 0.45367400000000002 0 0.098660999999999999 0.099009000000000014 0.097549999999999998 0.0088059999999999996 0.0089320000000000007 0.0085679999999999992 0.068043999999999993 0.068139000000000005 0.067899999999999988 0.003052 0.003052 0.0029169999999999999 0.0006739999999999999 0.00067900000000000002 0.00065400000000000007 5.6484803310603127 5.6484803310603127 5.6484803310603127 0.00046643639571887757 0.00046643639571887757 0.00046643639571887757 1 1 1 Converged Converged Converged OK OK OK 61 61 61 61 61 61 3 3 3 0 0 0 0 0 1 0 0
4 4 uniform 4 7 49 1 0.0001 2.544013072897132 0.010721912733596711 0.00061425956590787029 -2.1298463740499725 -0.027777152321689088 -2.129894446537739 0 2.1568817768974418 5.7855870794340927 OK 13 12 0.50513699999999995 0.40974300000000002 0.092217999999999994 0.41182600000000003 0.26832899999999998 0 0.093310999999999922 0.14141400000000004 0.092217999999999994 0.0080820000000000006 0.0082050000000000005 0.0076559999999999996 0.065983000000000014 0.11407900000000004 0.065709999999999991 0.0031470000000000001 0.0031100000000000004 0.0031190000000000002 0.00066399999999999999 0.00068599999999999998 0.00066399999999999999 5.7855870539050436 5.7855870539050436 5.7855870539050436 0.00046638943970253756 0.00046638943970253756 0.00046638943970253756 1 1 1 Converged Converged Converged OK OK OK 61 61 61 61 61 61 3 3 3 0 0 0 0 1 0 0 1
4 4 uniform 4 15 49 2 0.0001 2.544013072897132 0.010721912733596711 0.00061425956590787029 -2.1298463740499725 -0.027777152321689088 -2.1298089843372652 0 2.156796314696968 5.9576260332666706 OK 13 12 0.60914800000000002 0.49009599999999998 0.094158000000000006 0.51395500000000005 0.35494399999999998 0 0.095192999999999972 0.13515199999999999 0.094158000000000006 0.0080700000000000008 0.0081720000000000004 0.007711 0.067734000000000003 0.10767399999999995 0.067733000000000002 0.0030480000000000004 0.0030790000000000001 0.002996 0.00065499999999999998 0.00066699999999999995 0.00064700000000000001 5.9576260146922602 5.9576260146922602 5.9576260146922602 0.000466336272176957 0.000466336272176957 0.000466336272176957 1 1 1 Converged Converged Converged OK OK OK 61 61 61 61 61 61 3 3 3 0 0 0 0 1 0 0 1
4 4 uniform 4 23 49 3 0.0001 2.544013072897132 0.010721912733596711 0.00061425956590787029 -2.1298463740499725 -0.027777152321689088 -2.1297235221367909 0 2.1567108524964937 6.1490533375920116 OK 13 12 0.62171699999999996 0.49953500000000001 0.090552999999999995 0.52395800000000003 0.36680200000000002 0 0.097758999999999929 0.13273299999999999 0.090552999999999995 0.0080540000000000004 0.0081379999999999994 0.0075729999999999999 0.070343000000000017 0.10558200000000001 0.064482999999999999 0.0030770000000000003 0.0030609999999999999 0.0029579999999999997 0.000669 0.00066599999999999993 0.00065700000000000003 6.1490533268467038 6.1490533268467038 6.1490533268467038 0.00046628348214197381 0.00046628348214197381 0.00046628348214197381 1 1 1 Converged Converged Converged OK OK OK 61 61 61 61 61 61 3 3 3 0 0 0 0 1 0 0 1
5 5 linear 0 0 50 0 0.001 3.8660132873016897 0.049609788581782326 0.55846347138675911 -3.4782318818334228 -0.061438655056329353 -3.5899245761107745 0.5 3.7726516275577175 1.3033867561632548 OK 15 14 0.48054799999999998 0.48244399999999998 0.24569199999999999 0.249279 0.25089699999999998 0 0.23126899999999997 0.231547 0.24569199999999999 0.011487000000000001 0.011494000000000001 0.011533 0.18804000000000007 0.1894040000000001 0.2033069999999999 0.004065 0.003836 0.0035959999999999998 0.00099200000000000004 0.00097300000000000002 0.00093399999999999993 1.3033821234072416 1.3033821234072416 1.3033821234072416 0.00087917659356962646 0.00087917659356962646 0.00087917659356962646 1 1 1 Converged Converged Converged OK OK OK 86 86 86 86 86 86 10 10 10 0 0 0 0 0 1 0 0
5 5 linear 0 7 50 1 0.001 3.8660132873016897 0.049609788581782326 0.55846347138675911 -3.4782318818334228 -0.061438655056329353 -3.5219377187245606 0.5 3.7046647701715036 1.3101297305520578 OK 15 14 0.50444299999999997 0.394237 0.254303 0.25335000000000002 0.14035300000000001 0 0.25109299999999996 0.253884 0.254303 0.0099019999999999993 0.0099869999999999994 0.010756 0.22228999999999999 0.22525700000000001 0.22548700000000002 0.003581 0.003568 0.0032470000000000008 0.00095500000000000001 0.00083299999999999997 0.0007980000000000001 1.3101257851758634 1.3101257851758634 1.3101257851758634 0.0012746565783815452 0.0012746565783815452 0.0012746565783815452 1 1 1 Converged Converged Converged OK OK OK 86 86 86 86 86 86 10 10 10 0 0 0 0 1 0 0 1
5 5 linear 0 15 50 2 0.001 3.8660132873016897 0.049609788581782326 0.55846347138675911 -3.4782318818334228 -0.061438655056329353 -3.4442384531403158 0.5 3.6269655045872589 1.313461481341154 OK 16 15 0.58853900000000003 0.54760699999999995 0.31068499999999999 0.27257399999999998 0.165462 0 0.31596500000000005 0.38214499999999996 0.31068499999999999 0.013516 0.013394 0.012906000000000001 0.26917999999999997 0.31612999999999997 0.26699700000000004 0.0045409999999999999 0.0075279999999999991 0.0042729999999999999 0.0012470000000000001 0.001377 0.0010499999999999999 1.3134516478243277 1.3134516478243277 1.3134516478243277 0.001099220502410301 0.001099220502410301 0.001099220502410301 1 1 1 Converged Converged Converged OK OK OK 94 94 94 94 94 94 10 10 10 0 0 0 0 1 0 0 1
5 5 linear 0 23 50 3 0.001 3.8660132873016897 0.049609788581782326 0.55846347138675911 -3.4782318818334228 -0.061438655056329353 -3.3665391875560711 0.5 3.5492662390030141 1.3122972003232878 OK 16 15 0.57559899999999997 0.49776399999999998 0.29886499999999999 0.27403499999999997 0.17450599999999999 0 0.301564 0.32325799999999999 0.29886499999999999 0.012831 0.014173 0.011806000000000001 0.26224000000000003 0.28097799999999995 0.26174500000000001 0.0045479999999999991 0.0051010000000000005 0.0042570000000000004 0.0011799999999999998 0.001201 0.001023 1.3122944599934629 1.3122944599934629 1.3122944599934629 0.0012428420884167989 0.0012428420884167989 0.0012428420884167989 1 1 1 Converged Converged Converged OK OK OK 101 101 101 101 101 101 11 11 11 0 0 0 0 1 0 0 1
5 5 linear 0 0 50 0 0.0001 3.8660132873016897 0.049609788581782326 0.55846347138675911 -3.4782318818334228 -0.061438655056329353 -3.5899245761107745 0.5 3.7726516275577175 1.3033867561632548 OK 15 14 0.53379399999999999 0.52475700000000003 0.26791999999999999 0.24509500000000001 0.25004500000000002 0 0.28869899999999998 0.27471200000000001 0.26791999999999999 0.028254999999999999 0.01184 0.011150999999999999 0.21505800000000003 0.217275 0.21363799999999994 0.0044609999999999997 0.0052860000000000008 0.0044809999999999997 0.0012660000000000002 0.0013319999999999999 0.0012230000000000001 1.3033891233177999 1.3033891233177999 1.3033891233177999 9.5440883807092189e-05 9.5440883807092189e-05 9.5440883807092189e-05 1 1 1 Converged Converged Converged OK OK OK 102 102 102 102 102 102 10 10 10 0 0 0 0 0 1 0 0
5 5 linear 0 7 50 1 0.0001 3.8660132873016897 0.049609788581782326 0.55846347138675911 -3.4782318818334228 -0.061438655056329353 -3.5219377187245606 0.5 3.7046647701715036 1.3101297305520578 OK 15 14 0.57081999999999999 0.45599800000000001 0.29168899999999998 0.26108399999999998 0.141737 0 0.30973600000000001 0.31426100000000001 0.29168899999999998 0.011502 0.0099000000000000008 0.0094389999999999995 0.26829499999999995 0.27671300000000004 0.25650700000000004 0.0060800000000000003 0.0052680000000000001 0.004824000000000001 0.0014829999999999999 0.0012959999999999998 0.0012880000000000001 1.310128890499449 1.310128890499449 1.310128890499449 0.00012366174662412679 0.00012366174662412679 0.00012366174662412679 1 1 1 Converged Converged Converged OK OK OK 110 110 110 110 110 110 10 10 10 0 0 0 0 1 0 0 1
5 5 linear 0 15 50 2 0.0001 3.8660132873016897 0.049609788581782326 0.55846347138675911 -3.4782318818334228 -0.061438655056329353 -3.4442384531403158 0.5 3.6269655045872589 1.313461481341154 OK 16 15 0.62618600000000002 0.49842999999999998 0.33357599999999998 0.28375099999999998 0.155193 0 0.34243500000000004 0.34323700000000001 0.33357599999999998 0.013615 0.013419 0.012914999999999999 0.29765000000000014 0.30041199999999996 0.29281200000000002 0.0061379999999999994 0.0056750000000000004 0.0050679999999999996 0.0017230000000000001 0.0015759999999999999 0.0015459999999999998 1.3134545795116805 1.3134545795116805 1.3134545795116805 4.955266960815348e-05 4.955266960815348e-05 4.955266960815348e-05 1 1 1 Converged Converged Converged OK OK OK 110 110 110 110 110 110 10 10 10 0 0 0 0 1 0 0 1
5 5 linear 0 23 50 3 0.0001 3.8660132873016897 0.049609788581782326 0.55846347138675911 -3.4782318818334228 -0.061438655056329353 -3.3665391875560711 0.5 3.5492662390030141 1.3122972003232878 OK 16 15 0.66054900000000005 0.55394200000000005 0.36729000000000001 0.28349800000000003 0.16264000000000001 0 0.37705100000000003 0.39130200000000004 0.36729000000000001 0.012932000000000001 0.01286 0.012135999999999999 0.32024000000000002 0.33476700000000004 0.31405300000000014 0.0063540000000000011 0.0062949999999999994 0.0054800000000000005 0.001722 0.001755 0.001689 1.3122977472472708 1.3122977472472708 1.3122977472472708 8.4481027473317966e-05 8.4481027473317966e-05 8.4481027473317966e-05 1 1 1 Converged Converged Converged OK OK OK 125 125 125 125 125 125 11 11 11 0 0 0 0 1 0 0 1
5 5 linear 1 0 51 0 0.001 3.8660132873016897 0.049609788581782326 0.55846347138675911 -3.6465526278612241 -0.35807708582380177 -3.7582453221385759 0.5 3.9409723735855189 1.1938195584308293 OK 14 13 0.46276299999999998 0.45700600000000002 0.228459 0.232849 0.23489299999999999 0 0.22991399999999998 0.22211300000000003 0.228459 0.010371 0.010161999999999999 0.011050000000000001 0.18848899999999999 0.18183099999999999 0.18741000000000002 0.0038959999999999993 0.003686 0.003424 0.00093099999999999997 0.000901 0.00085000000000000006 1.1938191585626299 1.1938191585626299 1.1938191585626299 0.00055047747637744439 0.00055047747637744439 0.00055047747637744439 1 1 1 Converged Converged Converged OK OK OK 87 87 87 87 87 87 9 9 9 0 0 0 0 0 1 0 0
5 5 linear 1 7 51 1 0.001 3.8660132873016897 0.049609788581782326 0.55846347138675911 -3.6465526278612241 -0.35807708582380177 -3.690258464752362 0.5 3.872985516199305 1.2194685477922884 OK 14 13 0.44631900000000002 0.36971100000000001 0.22037599999999999 0.22788 0.140318 0 0.21843900000000002 0.22939300000000001 0.22037599999999999 0.0091319999999999995 0.010220999999999999 0.0097959999999999992 0.1902909999999999 0.20013300000000014 0.19272800000000007 0.0036409999999999993 0.0034989999999999995 0.0032529999999999998 0.00091000000000000011 0.001016 0.00087000000000000001 1.2194675490917914 1.2194675490917914 1.2194675490917914 0.00061241555959853618 0.00061241555959853618 0.00061241555959853618 1 1 1 Converged Converged Converged OK OK OK 87 87 87 87 87 87 9 9 9 0 0 0 0 1 0 0 1
5 5 linear 1 15 51 2 0.001 3.8660132873016897 0.049609788581782326 0.55846347138675911 -3.6465526278612241 -0.35807708582380177 -3.6125591991681172 0.5 3.7952862506150602 1.2390301675040671 OK 14 13 0.41955599999999998 0.34941499999999998 0.19470100000000001 0.22117700000000001 0.13925199999999999 0 0.19837899999999997 0.21016299999999999 0.19470100000000001 0.0091819999999999992 0.010198 0.0083210000000000003 0.17227999999999999 0.18341499999999999 0.17064300000000007 0.003032 0.002885 0.002777 0.00079199999999999995 0.00076999999999999996 0.00073299999999999993 1.2390298524388363 1.2390298524388363 1.2390298524388363 0.00097835541395075907 0.00097835541395075907 0.00097835541395075907 1 1 1 Converged Converged Converged OK OK OK 79 79 79 79 79 79 9 9 9 0 0 0 0 1 0 0 1
5 5 linear 1 23 51 3 0.001 3.8660132873016897 0.049609788581782326 0.55846347138675911 -3.6465526278612241 -0.35807708582380177 -3.5348599335838724 0.5 3.7175869850308154 1.2507824184011105 OK 14 13 0.44154100000000002 0.352852 0.203156 0.23360600000000001 0.13663 0 0.20793500000000001 0.216222 0.203156 0.0090019999999999996 0.010302 0.0082690000000000003 0.18176100000000001 0.18904899999999999 0.17913199999999996 0.003215 0.0031149999999999997 0.0028510000000000002 0.00087199999999999995 0.00083999999999999993 0.0007899999999999999 1.2507810595154629 1.2507810595154629 1.2507810595154629 0.00089431549126627898 0.00089431549126627898 0.00089431549126627898 1 1 1 Converged Converged Converged OK OK OK 79 79 79 79 79 79 9 9 9 0 0 0 0 1 0 0 1
5 5 linear 1 0 51 0 0.0001 3.8660132873016897 0.049609788581782326 0.55846347138675911 -3.6465526278612241 -0.35807708582380177 -3.7582453221385759 0.5 3.9409723735855189 1.1938195584308293 OK 14 13 0.47567599999999999 0.49271999999999999 0.24037500000000001 0.23339399999999999 0.239983 0 0.242282 0.25273699999999999 0.24037500000000001 0.01039 0.011505 0.010071999999999999 0.19018899999999997 0.19671399999999992 0.18808999999999995 0.0042269999999999999 0.0042690000000000002 0.0043280000000000002 0.00115 0.001199 0.0011150000000000001 1.193821583674787 1.193821583674787 1.193821583674787 0.0001060648717066681 0.0001060648717066681 0.0001060648717066681 1 1 1 Converged Converged Converged OK OK OK 95 95 95 95 95 95 9 9 9 0 0 0 0 0 1 0 0
5 5 linear 1 7 51 1 0.0001 3.8660132873016897 0.049609788581782326 0.55846347138675911 -3.6465526278612241 -0.35807708582380177 -3.690258464752362 0.5 3.872985516199305 1.2194685477922884 OK 14 13 0.48397200000000001 0.41359099999999999 0.24454400000000001 0.233072 0.14525099999999999 0 0.25090000000000001 0.26834000000000002 0.24454400000000001 0.0092379999999999997 0.010499 0.008548 0.21529299999999998 0.23100200000000015 0.21207000000000001 0.0050170000000000006 0.005176 0.0041669999999999997 0.001389 0.0013619999999999999 0.0012139999999999998 1.2194701119048887 1.2194701119048887 1.2194701119048887 7.9570647167594036e-05 7.9570647167594036e-05 7.9570647167594036e-05 1 1 1 Converged Converged Converged OK OK OK 103 103 103 103 103 103 9 9 9 0 0 0 0 1 0 0 1
5 5 linear 1 15 51 2 0.0001 3.8660132873016897 0.049609788581782326 0.55846347138675911 -3.6465526278612241 -0.35807708582380177 -3.6125591991681172 0.5 3.7952862506150602 1.2390301675040671 OK 14 13 0.47539599999999999 0.406304 0.24513799999999999 0.225831 0.14057500000000001 0 0.24956499999999998 0.26572899999999999 0.24513799999999999 0.0092519999999999998 0.010387 0.0084209999999999997 0.21632700000000002 0.231209 0.21450300000000005 0.0045729999999999998 0.0046730000000000001 0.0042190000000000005 0.0014289999999999999 0.0013470000000000001 0.0013090000000000001 1.2390332176548722 1.2390332176548722 1.2390332176548722 0.00011171269146408163 0.00011171269146408163 0.00011171269146408163 1 1 1 Converged Converged Converged OK OK OK 103 103 103 103 103 103 9 9 9 0 0 0 0 1 0 0 1
5 5 linear 1 23 51 3 0.0001 3.8660132873016897 0.049609788581782326 0.55846347138675911 -3.6465526278612241 -0.35807708582380177 -3.5348599335838724 0.5 3.7175869850308154 1.2507824184011105 OK 14 13 0.49661699999999998 0.40604000000000001 0.25968999999999998 0.23047300000000001 0.13375899999999999 0 0.26614399999999994 0.272281 0.25968999999999998 0.0089540000000000002 0.0090229999999999998 0.0083759999999999998 0.23289299999999999 0.239229 0.22863099999999997 0.0046299999999999996 0.0047569999999999999 0.0044150000000000005 0.00158 0.001518 0.0013310000000000002 1.2507841012221861 1.2507841012221861 1.2507841012221861 0.00011956038610017222 0.00011956038610017222 0.00011956038610017222 1 1 1 Converged Converged Converged OK OK OK 103 103 103 103 103 103 9 9 9 0 0 0 0 1 0 0 1
5 5 linear 2 0 52 0 0.001 3.8660132873016897 0.049609788581782326 0.55846347138675911 -3.814223756889366 0.53264797522503493 -3.9259164511667177 0.5 4.1086435026136607 1.0339310205560699 OK 14 13 0.35478399999999999 0.36022999999999999 0.107485 0.24560499999999999 0.24936800000000001 0 0.109179 0.11086199999999999 0.107485 0.0095169999999999994 0.0099850000000000008 0.0093259999999999992 0.08328300000000001 0.084043999999999994 0.082501000000000005 0.0023890000000000001 0.0025799999999999998 0.0022880000000000001 0.00064499999999999996 0.00074399999999999998 0.00065299999999999993 1.0339282241875576 1.0339282241875576 1.0339282241875576 0.00053337544791031354 0.00053337544791031354 0.00053337544791031354 1 1 1 Converged Converged Converged OK OK OK 51 51 51 51 51 51 5 5 5 0 0 0 0 0 1 0 0
5 5 linear 2 7 52 1 0.001 3.8660132873016897 0.049609788581782326 0.55846347138675911 -3.814223756889366 0.53264797522503493 -3.8579295937805038 0.5 4.0406566452274468 1.0429966979865104 OK 14 13 0.34599400000000002 0.24274899999999999 0.10179199999999999 0.23830000000000001 0.13276499999999999 0 0.10769400000000001 0.109984 0.10179199999999999 0.0084869999999999998 0.0086499999999999997 0.0079550000000000003 0.085376000000000007 0.087373999999999979 0.081070999999999976 0.0024369999999999999 0.0025300000000000001 0.002225 0.00070399999999999998 0.000745 0.00064499999999999996 1.0429938414248008 1.0429938414248008 1.0429938414248008 0.00060892491841223792 0.00060892491841223792 0.00060892491841223792 1 1 1 Converged Converged Converged OK OK OK 51 51 51 51 51 51 5 5 5 0 0 0 0 1 0 0 1
5 5 linear 2 15 52 2 0.001 3.8660132873016897 0.049609788581782326 0.55846347138675911 -3.814223756889366 0.53264797522503493 -3.780230328196259 0.5 3.962957379643202 1.0570727495161898 OK 14 13 0.35771900000000001 0.25934099999999999 0.11651499999999999 0.23913200000000001 0.13678599999999999 0 0.118587 0.122555 0.11651499999999999 0.0084829999999999992 0.0086920000000000001 0.0079290000000000003 0.096575999999999995 0.10022199999999999 0.096140000000000031 0.0023259999999999999 0.0023510000000000002 0.0021750000000000003 0.00072999999999999996 0.00076600000000000008 0.00068800000000000003 1.0570702986907741 1.0570702986907741 1.0570702986907741 0.00078732346249714891 0.00078732346249714891 0.00078732346249714891 1 1 1 Converged Converged Converged OK OK OK 51 51 51 51 51 51 5 5 5 0 0 0 0 1 0 0 1
5 5 linear 2 23 52 3 0.001 3.8660132873016897 0.049609788581782326 0.55846347138675911 -3.814223756889366 0.53264797522503493 -3.7025310626120143 0.5 3.8852581140589573 1.0763327420866746 OK 14 13 0.418543 0.31299300000000002 0.15873599999999999 0.25386900000000001 0.14241699999999999 0 0.16467399999999999 0.17057600000000003 0.15873599999999999 0.0087729999999999995 0.0086379999999999998 0.0079369999999999996 0.13817900000000005 0.14557300000000001 0.13572900000000002 0.0033170000000000005 0.0027799999999999999 0.002552 0.00085399999999999994 0.00079900000000000001 0.00081299999999999992 1.076328976260464 1.076328976260464 1.076328976260464 0.00052667037225803128 0.00052667037225803128 0.00052667037225803128 1 1 1 Converged Converged Converged OK OK OK 59 59 59 59 59 59 5 5 5 0 0 0 0 1 0 0 1
5 5 linear 2 0 52 0 0.0001 3.8660132873016897 0.049609788581782326 0.55846347138675911 -3.814223756889366 0.53264797522503493 -3.9259164511667177 0.5 4.1086435026136607 1.0339310205560699 OK 14 13 0.38656099999999999 0.39434599999999997 0.14225099999999999 0.24505299999999999 0.242532 0 0.14150799999999999 0.15181399999999998 0.14225099999999999 0.0095180000000000004 0.0096179999999999998 0.0090950000000000007 0.109571 0.12017600000000005 0.11150500000000005 0.0031710000000000002 0.0031399999999999996 0.0031610000000000002 0.0010869999999999999 0.00093299999999999991 0.00095100000000000002 1.0339301993073111 1.0339301993073111 1.0339301993073111 5.8296933387709495e-05 5.8296933387709495e-05 5.8296933387709495e-05 1 1 1 Converged Converged Converged OK OK OK 67 67 67 67 67 67 5 5 5 0 0 0 0 0 1 0 0
5 5 linear 2 7 52 1 0.0001 3.8660132873016897 0.049609788581782326 0.55846347138675911 -3.814223756889366 0.53264797522503493 -3.8579295937805038 0.5 4.0406566452274468 1.0429966979865104 OK 14 13 0.37456699999999998 0.27589200000000003 0.13263900000000001 0.23924899999999999 0.129667 0 0.13531799999999999 0.14622500000000002 0.13263900000000001 0.0085529999999999998 0.0084049999999999993 0.008071 0.10869100000000001 0.12022200000000004 0.107638 0.0030739999999999999 0.0031619999999999999 0.0030560000000000001 0.0011090000000000002 0.0010009999999999999 0.00093999999999999997 1.0429958040885645 1.0429958040885645 1.0429958040885645 5.198602063546625e-05 5.198602063546625e-05 5.198602063546625e-05 1 1 1 Converged Converged Converged OK OK OK 67 67 67 67 67 67 5 5 5 0 0 0 0 1 0 0 1
5 5 linear 2 15 52 2 0.0001 3.8660132873016897 0.049609788581782326 0.55846347138675911 -3.814223756889366 0.53264797522503493 -3.780230328196259 0.5 3.962957379643202 1.0570727495161898 OK 14 13 0.40753200000000001 0.30434 0.15610399999999999 0.247283 0.134683 0 0.160249 0.169657 0.15610399999999999 0.0084399999999999996 0.008633 0.0079330000000000008 0.13400300000000001 0.14282399999999998 0.13148500000000005 0.0032349999999999996 0.0033349999999999999 0.0030530000000000002 0.00088800000000000001 0.00090099999999999989 0.00089499999999999996 1.0570717287167422 1.0570717287167422 1.0570717287167422 5.3461677736738396e-05 5.3461677736738396e-05 5.3461677736738396e-05 1 1 1 Converged Converged Converged OK OK OK 67 67 67 67 67 67 5 5 5 0 0 0 0 1 0 0 1
5 5 linear 2 23 52 3 0.0001 3.8660132873016897 0.049609788581782326 0.55846347138675911 -3.814223756889366 0.53264797522503493 -3.7025310626120143 0.5 3.8852581140589573 1.0763327420866746 OK 14 13 0.41997699999999999 0.321131 0.16661200000000001 0.24971499999999999 0.14143900000000001 0 0.170262 0.17969199999999999 0.16661200000000001 0.0084159999999999999 0.0087340000000000004 0.0079170000000000004 0.144041 0.152896 0.14195000000000002 0.003091 0.0033390000000000004 0.0029310000000000004 0.000941 0.00091800000000000009 0.00095600000000000004 1.0763314846812964 1.0763314846812964 1.0763314846812964 6.7420341475556532e-05 6.7420341475556532e-05 6.7420341475556532e-05 1 1 1 Converged Converged Converged OK OK OK 67 67 67 67 67 67 5 5 5 0 0 0 0 1 0 0 1
5 5 linear 3 0 53 0 0.001 3.8660132873016897 0.049609788581782326 0.55846347138675911 -4.2786961777867534 -0.018305795728152274 -4.3903888720641051 0.5 4.5731159235110477 1.0163707700205331 OK 13 12 0.41410799999999998 0.41841400000000001 0.14119100000000001 0.27181300000000003 0.274758 0 0.14229499999999995 0.14365600000000001 0.14119100000000001 0.0099109999999999997 0.010085 0.0094260000000000004 0.11248100000000003 0.11289800000000001 0.11258600000000002 0.0030310000000000003 0.0034090000000000001 0.0028419999999999999 0.00059000000000000003 0.00069400000000000006 0.00059000000000000003 1.0163865193137407 1.0163865193137407 1.0163865193137407 0.00060641946828106092 0.00060641946828106092 0.00060641946828106092 1 1 1 Converged Converged Converged OK OK OK 67 67 67 67 67 67 5 5 5 0 0 0 0 0 1 0 0
5 5 linear 3 7 53 1 0.001 3.8660132873016897 0.049609788581782326 0.55846347138675911 -4.2786961777867534 -0.018305795728152274 -4.3224020146778912 0.5 4.5051290661248338 1.0206320414782359 OK 13 12 0.40598600000000001 0.29223300000000002 0.13365099999999999 0.26712599999999997 0.15081800000000001 0 0.13886000000000004 0.14141500000000001 0.13365099999999999 0.0089709999999999998 0.0091559999999999992 0.0083750000000000005 0.11358200000000003 0.11575699999999997 0.10986499999999999 0.0028299999999999996 0.003156 0.0027889999999999998 0.00059199999999999997 0.00064799999999999992 0.00058900000000000001 1.0206479325254407 1.0206479325254407 1.0206479325254407 0.00062563472576215656 0.00062563472576215656 0.00062563472576215656 1 1 1 Converged Converged Converged OK OK OK 67 67 67 67 67 67 5 5 5 0 0 0 0 1 0 0 1
5 5 linear 3 15 53 2 0.001 3.8660132873016897 0.049609788581782326 0.55846347138675911 -4.2786961777867534 -0.018305795728152274 -4.244702749093646 0.5 4.4274298005405885 1.0279630015677221 OK 13 12 0.396897 0.29604200000000003 0.134688 0.26042799999999999 0.15504599999999999 0 0.13646900000000001 0.14099600000000004 0.134688 0.0089750000000000003 0.0090119999999999992 0.0084379999999999993 0.11121199999999998 0.11556199999999998 0.11067000000000005 0.003042 0.0031280000000000001 0.0029039999999999999 0.00059199999999999997 0.00063800000000000011 0.000571 1.0279791392701163 1.0279791392701163 1.0279791392701163 0.00065242776363379901 0.00065242776363379901 0.00065242776363379901 1 1 1 Converged Converged Converged OK OK OK 67 67 67 67 67 67 5 5 5 0 0 0 0 1 0 0 1
5 5 linear 3 23 53 3 0.001 3.8660132873016897 0.049609788581782326 0.55846347138675911 -4.2786961777867534 -0.018305795728152274 -4.1670034835094016 0.5 4.3497305349563442 1.039924044044501 OK 13 12 0.40887200000000001 0.30202200000000001 0.13487199999999999 0.27199299999999998 0.15993599999999999 0 0.13687900000000003 0.14208600000000002 0.13487199999999999 0.0089929999999999993 0.0090749999999999997 0.0083719999999999992 0.11150099999999998 0.11658500000000002 0.11108100000000004 0.0030130000000000001 0.003215 0.0028739999999999998 0.00063600000000000006 0.00064799999999999992 0.00062100000000000002 1.0399410406901712 1.0399410406901712 1.0399410406901712 0.00069271199609633642 0.00069271199609633642 0.00069271199609633642 1 1 1 Converged Converged Converged OK OK OK 67 67 67 67 67 67 5 5 5 0 0 0 0 1 0 0 1
5 5 linear 3 0 53 0 0.0001 3.8660132873016897 0.049609788581782326 0.55846347138675911 -4.2786961777867534 -0.018305795728152274 -4.3903888720641051 0.5 4.5731159235110477 1.0163707700205331 OK 13 12 0.478765 0.48485299999999998 0.207401 0.27062900000000001 0.27485100000000001 0 0.20813599999999999 0.21000199999999997 0.207401 0.0098930000000000008 0.010114 0.0094649999999999995 0.16212699999999999 0.16288400000000008 0.16266699999999998 0.006141999999999999 0.0067710000000000001 0.0059229999999999994 0.00089099999999999987 0.00091500000000000001 0.00083699999999999996 1.0163713389269113 1.0163713389269113 1.0163713389269113 4.047534717085914e-05 4.047534717085914e-05 4.047534717085914e-05 1 1 1 Converged Converged Converged OK OK OK 107 107 107 107 107 107 5 5 5 0 0 0 0 0 1 0 0
5 5 linear 3 7 53 1 0.0001 3.8660132873016897 0.049609788581782326 0.55846347138675911 -4.2786961777867534 -0.018305795728152274 -4.3224020146778912 0.5 4.5051290661248338 1.0206320414782359 OK 13 12 0.46165499999999998 0.36318499999999998 0.19214999999999999 0.26460800000000001 0.15215999999999999 0 0.19704699999999997 0.21102499999999999 0.19214999999999999 0.0089619999999999995 0.0091830000000000002 0.0085330000000000007 0.1618710000000001 0.17520199999999997 0.15820999999999996 0.0058630000000000002 0.0063179999999999998 0.0057479999999999996 0.00084199999999999998 0.00086800000000000006 0.00082100000000000001 1.0206326987403926 1.0206326987403926 1.0206326987403926 4.2026529717379119e-05 4.2026529717379119e-05 4.2026529717379119e-05 1 1 1 Converged Converged Converged OK OK OK 107 107 107 107 107 107 5 5 5 0 0 0 0 1 0 0 1
5 5 linear 3 15 53 2 0.0001 3.8660132873016897 0.049609788581782326 0.55846347138675911 -4.2786961777867534 -0.018305795728152274 -4.244702749093646 0.5 4.4274298005405885 1.0279630015677221 OK 13 12 0.45268399999999998 0.36832900000000002 0.19445999999999999 0.26061400000000001 0.155443 0 0.19206999999999996 0.21288600000000002 0.19445999999999999 0.0089490000000000004 0.0090620000000000006 0.0084430000000000009 0.156995 0.17334499999999994 0.16056199999999998 0.0059490000000000003 0.0063430000000000005 0.0057369999999999999 0.00083799999999999999 0.00086299999999999994 0.00086399999999999986 1.027963655372985 1.027963655372985 1.027963655372985 4.407920967040007e-05 4.407920967040007e-05 4.407920967040007e-05 1 1 1 Converged Converged Converged OK OK OK 107 107 107 107 107 107 5 5 5 0 0 0 0 1 0 0 1
5 5 linear 3 23 53 3 0.0001 3.8660132873016897 0.049609788581782326 0.55846347138675911 -4.2786961777867534 -0.018305795728152274 -4.1670034835094016 0.5 4.3497305349563442 1.039924044044501 OK 13 12 0.4652 0.36415500000000001 0.19158600000000001 0.27200600000000003 0.156669 0 0.19319399999999998 0.207486 0.19158600000000001 0.0089060000000000007 0.0089300000000000004 0.0084430000000000009 0.15795100000000004 0.17185100000000011 0.15753400000000004 0.0061059999999999994 0.0063250000000000008 0.0059219999999999993 0.00087200000000000016 0.00088800000000000001 0.00088400000000000002 1.0399248249567277 1.0399248249567277 1.0399248249567277 4.9787026193066341e-05 4.9787026193066341e-05 4.9787026193066341e-05 1 1 1 Converged Converged Converged OK OK OK 107 107 107 107 107 107 5 5 5 0 0 0 0 1 0 0 1
5 5 linear 4 0 54 0 0.001 3.8660132873016897 0.049609788581782326 0.55846347138675911 -2.9007460554741771 -0.75026786649922794 -3.0124387497515288 0.5 3.1951658011984718 1.0180733712842089 OK 13 12 0.32244800000000001 0.32501600000000003 0.082881999999999997 0.24064199999999999 0.23957500000000001 0 0.081806000000000018 0.085441000000000017 0.082881999999999997 0.0090270000000000003 0.010403000000000001 0.010021 0.055328000000000016 0.056796999999999993 0.055586999999999998 0.0025950000000000001 0.0027049999999999999 0.0025920000000000001 0.00076099999999999996 0.00082600000000000013 0.00079199999999999995 1.0180728449248453 1.0180728449248453 1.0180728449248453 0.00027130429357510042 0.00027130429357510042 0.00027130429357510042 1 1 1 Converged Converged Converged OK OK OK 52 52 52 52 52 52 4 4 4 0 0 0 0 0 1 0 0
5 5 linear 4 7 54 1 0.001 3.8660132873016897 0.049609788581782326 0.55846347138675911 -2.9007460554741771 -0.75026786649922794 -2.9444518923653149 0.5 3.1271789438122579 1.0176869609328445 OK 13 12 0.31983299999999998 0.226186 0.082035999999999998 0.23941399999999999 0.13369400000000001 0 0.08041899999999999 0.092491999999999991 0.082035999999999998 0.0082649999999999998 0.0097319999999999993 0.0080330000000000002 0.057842000000000005 0.067833999999999992 0.059902000000000011 0.0023680000000000003 0.002575 0.0023369999999999997 0.00067000000000000002 0.00071300000000000009 0.00066 1.0176862584372075 1.0176862584372075 1.0176862584372075 0.00066316951715275965 0.00066316951715275965 0.00066316951715275965 1 1 1 Converged Converged Converged OK OK OK 52 52 52 52 52 52 4 4 4 0 0 0 0 1 0 0 1
5 5 linear 4 15 54 2 0.001 3.8660132873016897 0.049609788581782326 0.55846347138675911 -2.9007460554741771 -0.75026786649922794 -2.8667526267810701 0.5 3.0494796782280131 1.0176406702763434 OK 13 12 0.31814700000000001 0.220917 0.075689000000000006 0.242253 0.131887 0 0.075894000000000017 0.089029999999999998 0.075689000000000006 0.0083389999999999992 0.0096609999999999994 0.0079869999999999993 0.053279999999999994 0.065384000000000012 0.05448200000000001 0.0025720000000000001 0.0024359999999999998 0.0021729999999999996 0.00078699999999999994 0.00066100000000000013 0.00067299999999999999 1.0176376969069971 1.0176376969069971 1.0176376969069971 0.00064252765492298026 0.00064252765492298026 0.00064252765492298026 1 1 1 Converged Converged Converged OK OK OK 52 52 52 52 52 52 4 4 4 0 0 0 0 1 0 0 1
5 5 linear 4 23 54 3 0.001 3.8660132873016897 0.049609788581782326 0.55846347138675911 -2.9007460554741771 -0.75026786649922794 -2.7890533611968253 0.5 2.9717804126437684 1.0179987610538264 OK 13 12 0.32325300000000001 0.215859 0.075379000000000002 0.24820800000000001 0.13059799999999999 0 0.075045000000000001 0.085261000000000003 0.075379000000000002 0.0083260000000000001 0.0096740000000000003 0.0079480000000000002 0.052636999999999975 0.061923999999999993 0.054462999999999998 0.0024949999999999998 0.002379 0.0021670000000000001 0.00078600000000000002 0.00075799999999999999 0.00074399999999999998 1.0179961996799824 1.0179961996799824 1.0179961996799824 0.00051230095877662573 0.00051230095877662573 0.00051230095877662573 1 1 1 Converged Converged Converged OK OK OK 52 52 52 52 52 52 4 4 4 0 0 0 0 1 0 0 1
5 5 linear 4 0 54 0 0.0001 3.8660132873016897 0.049609788581782326 0.55846347138675911 -2.9007460554741771 -0.75026786649922794 -3.0124387497515288 0.5 3.1951658011984718 1.0180733712842089 OK 13 12 0.34527000000000002 0.35504799999999997 0.108836 0.23549300000000001 0.240735 0 0.10977700000000001 0.11431299999999997 0.108836 0.0089470000000000001 0.0091269999999999997 0.0086610000000000003 0.077001000000000028 0.080482000000000026 0.076228999999999963 0.0036360000000000003 0.0041409999999999997 0.003888 0.00094600000000000001 0.001049 0.00094600000000000012 1.0180727237197151 1.0180727237197151 1.0180727237197151 1.5774784383810547e-05 1.5774784383810547e-05 1.5774784383810547e-05 1 1 1 Converged Converged Converged OK OK OK 76 76 76 76 76 76 4 4 4 0 0 0 0 0 1 0 0
5 5 linear 4 7 54 1 0.0001 3.8660132873016897 0.049609788581782326 0.55846347138675911 -2.9007460554741771 -0.75026786649922794 -2.9444518923653149 0.5 3.1271789438122579 1.0176869609328445 OK 13 12 0.33546900000000002 0.22537099999999999 0.087157999999999999 0.24148500000000001 0.127858 0 0.093984000000000012 0.097512999999999989 0.087157999999999999 0.0084159999999999999 0.0083110000000000007 0.0079170000000000004 0.068307000000000007 0.073153000000000024 0.064016000000000017 0.0030009999999999998 0.0027680000000000005 0.0025239999999999993 0.00085200000000000011 0.000825 0.00076200000000000009 1.0176863345379787 1.0176863345379787 1.0176863345379787 1.9989539755281971e-05 1.9989539755281971e-05 1.9989539755281971e-05 1 1 1 Converged Converged Converged OK OK OK 60 60 60 60 60 60 4 4 4 0 0 0 0 1 0 0 1
5 5 linear 4 15 54 2 0.0001 3.8660132873016897 0.049609788581782326 0.55846347138675911 -2.9007460554741771 -0.75026786649922794 -2.8667526267810701 0.5 3.0494796782280131 1.0176406702763434 OK 13 12 0.33182200000000001 0.22382099999999999 0.089177000000000006 0.24340400000000001 0.128135 0 0.088417999999999997 0.095685999999999993 0.089177000000000006 0.0083770000000000008 0.0082559999999999995 0.0077580000000000001 0.063681999999999989 0.071543999999999996 0.062980999999999981 0.0028530000000000001 0.0027190000000000005 0.0025859999999999998 0.00085800000000000004 0.00080800000000000002 0.000785 1.0176400214206216 1.0176400214206216 1.0176400214206216 2.8388708995144878e-05 2.8388708995144878e-05 2.8388708995144878e-05 1 1 1 Converged Converged Converged OK OK OK 60 60 60 60 60 60 4 4 4 0 0 0 0 1 0 0 1
5 5 linear 4 23 54 3 0.0001 3.8660132873016897 0.049609788581782326 0.55846347138675911 -2.9007460554741771 -0.75026786649922794 -2.7890533611968253 0.5 2.9717804126437684 1.0179987610538264 OK 13 12 0.33395999999999998 0.22093699999999999 0.085865999999999998 0.24555199999999999 0.12507299999999999 0 0.088407999999999987 0.095864000000000005 0.085865999999999998 0.0082819999999999994 0.0082740000000000001 0.0077470000000000004 0.06375900000000001 0.071631999999999987 0.063070999999999988 0.0028149999999999998 0.0027109999999999999 0.002493 0.00088000000000000003 0.00085700000000000001 0.00084899999999999993 1.017998143790265 1.017998143790265 1.017998143790265 2.908985933628574e-05 2.908985933628574e-05 2.908985933628574e-05 1 1 1 Converged Converged Converged OK OK OK 60 60 60 60 60 60 4 4 4 0 0 0 0 1 0 0 1
5 5 uniform 0 0 55 0 0.001 3.8660132873016897 0.049609788581782326 0.55846347138675911 -3.4782318818334228 -0.061438655056329353 -3.5899245761107745 0 3.7726516275577175 1.2705432920063231 OK 15 14 0.375726 0.36403799999999997 0.11711100000000001 0.247193 0.24640999999999999 0 0.12853300000000001 0.11762799999999998 0.11711100000000001 0.011528999999999999 0.011480000000000001 0.011095000000000001 0.076718999999999982 0.076964999999999978 0.076201000000000005 0.0030450000000000004 0.0032289999999999997 0.0028150000000000002 0.00083700000000000007 0.00083300000000000008 0.00077899999999999996 1.2705368448402961 1.2705368448402961 1.2705368448402961 0.0008999207984804839 0.0008999207984804839 0.0008999207984804839 1 1 1 Converged Converged Converged OK OK OK 86 86 86 86 86 86 10 10 10 0 0 0 0 0 1 0 0
5 5 uniform 0 7 55 1 0.001 3.8660132873016897 0.049609788581782326 0.55846347138675911 -3.4782318818334228 -0.061438655056329353 -3.5219377187245606 0 3.7046647701715036 1.2735764097459048 OK 15 14 0.39045400000000002 0.28546199999999999 0.13197300000000001 0.25556099999999998 0.13950799999999999 0 0.13489300000000004 0.145954 0.13197300000000001 0.0098180000000000003 0.010139 0.0092589999999999999 0.09764699999999997 0.10823100000000002 0.096345999999999987 0.0034820000000000003 0.003509 0.0032180000000000004 0.00095 0.000977 0.00091999999999999992 1.2735751224116034 1.2735751224116034 1.2735751224116034 0.00081141824616077368 0.00081141824616077368 0.00081141824616077368 1 1 1 Converged Converged Converged OK OK OK 94 94 94 94 94 94 10 10 10 0 0 0 0 1 0 0 1
5 5 uniform 0 15 55 2 0.001 3.8660132873016897 0.049609788581782326 0.55846347138675911 -3.4782318818334228 -0.061438655056329353 -3.4442384531403158 0 3.6269655045872589 1.2752603728123326 OK 16 15 0.41769899999999999 0.30673 0.145761 0.27012999999999998 0.15509800000000001 0 0.14756900000000001 0.15163199999999999 0.145761 0.012916 0.013206000000000001 0.012397999999999999 0.11154899999999998 0.11511800000000001 0.11115999999999998 0.0037790000000000002 0.0037809999999999996 0.0035960000000000002 0.0010679999999999999 0.0011429999999999999 0.0010070000000000001 1.2752596778590524 1.2752596778590524 1.2752596778590524 0.0010913799449423509 0.0010913799449423509 0.0010913799449423509 1 1 1 Converged Converged Converged OK OK OK 94 94 94 94 94 94 10 10 10 0 0 0 0 1 0 0 1
5 5 uniform 0 23 55 3 0.001 3.8660132873016897 0.049609788581782326 0.55846347138675911 -3.4782318818334228 -0.061438655056329353 -3.3665391875560711 0 3.5492662390030141 1.2752277558838852 OK 16 15 0.42547499999999999 0.30979600000000002 0.14740600000000001 0.27923999999999999 0.160746 0 0.146235 0.14905000000000002 0.14740600000000001 0.012314 0.012912 0.016336 0.10909099999999997 0.11166700000000002 0.107712 0.0037469999999999999 0.0037209999999999995 0.0035949999999999997 0.0010150000000000001 0.00093800000000000003 0.00085499999999999997 1.275226568995284 1.275226568995284 1.275226568995284 0.0012653305609129932 0.0012653305609129932 0.0012653305609129932 1 1 1 Converged Converged Converged OK OK OK 101 101 101 101 101 101 11 11 11 0 0 0 0 1 0 0 1
5 5 uniform 0 0 55 0 0.0001 3.8660132873016897 0.049609788581782326 0.55846347138675911 -3.4782318818334228 -0.061438655056329353 -3.5899245761107745 0 3.7726516275577175 1.2705432920063231 OK 15 14 0.38755499999999998 0.39206000000000002 0.143955 0.24338899999999999 0.24302199999999999 0 0.14416599999999999 0.14903800000000003 0.143955 0.011445 0.011486 0.011065999999999999 0.088918999999999984 0.094000999999999987 0.089845999999999954 0.0037770000000000008 0.0037910000000000001 0.0041739999999999998 0.001103 0.001222 0.0012729999999999998 1.270543243089526 1.270543243089526 1.270543243089526 7.3150464103536759e-05 7.3150464103536759e-05 7.3150464103536759e-05 1 1 1 Converged Converged Converged OK OK OK 102 102 102 102 102 102 10 10 10 0 0 0 0 0 1 0 0
5 5 uniform 0 7 55 1 0.0001 3.8660132873016897 0.049609788581782326 0.55846347138675911 -3.4782318818334228 -0.061438655056329353 -3.5219377187245606 0 3.7046647701715036 1.2735764097459048 OK 15 14 0.41681099999999999 0.309915 0.16201299999999999 0.250745 0.13700699999999999 0 0.16606599999999999 0.17290800000000001 0.16201299999999999 0.0098910000000000005 0.0098250000000000004 0.0092479999999999993 0.11904699999999999 0.1277009999999999 0.11732999999999998 0.005176 0.0044549999999999998 0.0043070000000000001 0.0014919999999999998 0.0014609999999999998 0.0014949999999999998 1.273576113182517 1.273576113182517 1.273576113182517 6.6151338432163652e-05 6.6151338432163652e-05 6.6151338432163652e-05 1 1 1 Converged Converged Converged OK OK OK 118 118 118 118 118 118 10 10 10 0 0 0 0 1 0 0 1
5 5 uniform 0 15 55 2 0.0001 3.8660132873016897 0.049609788581782326 0.55846347138675911 -3.4782318818334228 -0.061438655056329353 -3.4442384531403158 0 3.6269655045872589 1.2752603728123326 OK 16 15 0.43236400000000003 0.31840200000000002 0.15748799999999999 0.27238499999999999 0.15035499999999999 0 0.15997900000000004 0.16804700000000003 0.15748799999999999 0.013311999999999999 0.013361 0.012494999999999999 0.11849200000000001 0.127638 0.11793199999999998 0.0049430000000000003 0.0045740000000000008 0.0048100000000000009 0.0014790000000000001 0.0014710000000000001 0.001449 1.2752604244113912 1.2752604244113912 1.2752604244113912 5.0464767806206225e-05 5.0464767806206225e-05 5.0464767806206225e-05 1 1 1 Converged Converged Converged OK OK OK 110 110 110 110 110 110 10 10 10 0 0 0 0 1 0 0 1
5 5 uniform 0 23 55 3 0.0001 3.8660132873016897 0.049609788581782326 0.55846347138675911 -3.4782318818334228 -0.061438655056329353 -3.3665391875560711 0 3.5492662390030141 1.2752277558838852 OK 16 15 0.45268199999999997 0.35709999999999997 0.17425099999999999 0.27477299999999999 0.16401099999999999 0 0.17790899999999998 0.19308899999999998 0.17425099999999999 0.012777 0.012801 0.011727 0.13129599999999994 0.14533999999999997 0.13054699999999991 0.0061119999999999994 0.00662 0.0053670000000000011 0.0017789999999999998 0.0017880000000000001 0.0016200000000000001 1.2752277780936028 1.2752277780936028 1.2752277780936028 0.00010347464955667842 0.00010347464955667842 0.00010347464955667842 1 1 1 Converged Converged Converged OK OK OK 133 133 133 133 133 133 11 11 11 0 0 0 0 1 0 0 1
5 5 uniform 1 0 56 0 0.001 3.8660132873016897 0.049609788581782326 0.55846347138675911 -3.6465526278612241 -0.35807708582380177 -3.7582453221385759 0 3.9409723735855189 1.2057256437639456 OK 14 13 0.34686899999999998 0.34620200000000001 0.111957 0.23233100000000001 0.23285700000000001 0 0.11453799999999997 0.113345 0.111957 0.010104999999999999 0.0099640000000000006 0.0096830000000000006 0.074373999999999996 0.074093000000000006 0.073817000000000008 0.0031289999999999998 0.0029740000000000001 0.0032600000000000003 0.00101 0.00083400000000000011 0.00088100000000000006 1.2057251243233724 1.2057251243233724 1.2057251243233724 0.00054153275533385889 0.00054153275533385889 0.00054153275533385889 1 1 1 Converged Converged Converged OK OK OK 87 87 87 87 87 87 9 9 9 0 0 0 0 0 1 0 0
5 5 uniform 1 7 56 1 0.001 3.8660132873016897 0.049609788581782326 0.55846347138675911 -3.6465526278612241 -0.35807708582380177 -3.690258464752362 0 3.872985516199305 1.2246975651621461 OK 14 13 0.33956799999999998 0.23685700000000001 0.11343399999999999 0.234574 0.130465 0 0.10499399999999998 0.10639200000000001 0.11343399999999999 0.0089949999999999995 0.0088350000000000008 0.018950999999999999 0.078137999999999985 0.08047600000000002 0.077357999999999968 0.0029710000000000001 0.0027850000000000001 0.002836 0.001 0.00089300000000000002 0.00091099999999999992 1.2246969973086064 1.2246969973086064 1.2246969973086064 0.00060132527198446153 0.00060132527198446153 0.00060132527198446153 1 1 1 Converged Converged Converged OK OK OK 87 87 87 87 87 87 9 9 9 0 0 0 0 1 0 0 1
5 5 uniform 1 15 56 2 0.001 3.8660132873016897 0.049609788581782326 0.55846347138675911 -3.6465526278612241 -0.35807708582380177 -3.6125591991681172 0 3.7952862506150602 1.2377032867074 OK 14 13 0.31085200000000002 0.22494 0.086865999999999999 0.22165799999999999 0.13144 0 0.089194000000000023 0.0935 0.086865999999999999 0.0089119999999999998 0.00911 0.0082690000000000003 0.064634999999999984 0.068070000000000019 0.063723000000000002 0.0024950000000000003 0.0029090000000000001 0.0023599999999999997 0.00070300000000000007 0.00077000000000000007 0.00068999999999999997 1.2377018183915127 1.2377018183915127 1.2377018183915127 0.0010741230550585855 0.0010741230550585855 0.0010741230550585855 1 1 1 Converged Converged Converged OK OK OK 79 79 79 79 79 79 9 9 9 0 0 0 0 1 0 0 1
5 5 uniform 1 23 56 3 0.001 3.8660132873016897 0.049609788581782326 0.55846347138675911 -3.6465526278612241 -0.35807708582380177 -3.5348599335838724 0 3.7175869850308154 1.2450288599621486 OK 14 13 0.317191 0.227465 0.091103000000000003 0.223217 0.13005 0 0.093974000000000002 0.097415000000000002 0.091103000000000003 0.0088979999999999997 0.0090460000000000002 0.0082220000000000001 0.069397999999999987 0.072374999999999981 0.068191000000000002 0.0025420000000000004 0.0028929999999999997 0.0022580000000000005 0.00073200000000000001 0.00076400000000000003 0.00069800000000000005 1.2450280075840525 1.2450280075840525 1.2450280075840525 0.00092959819634202598 0.00092959819634202598 0.00092959819634202598 1 1 1 Converged Converged Converged OK OK OK 79 79 79 79 79 79 9 9 9 0 0 0 0 1 0 0 1
5 5 uniform 1 0 56 0 0.0001 3.8660132873016897 0.049609788581782326 0.55846347138675911 -3.6465526278612241 -0.35807708582380177 -3.7582453221385759 0 3.9409723735855189 1.2057256437639456 OK 14 13 0.36188100000000001 0.36458400000000002 0.12686700000000001 0.23085 0.23558299999999999 0 0.13103100000000001 0.12900100000000003 0.12686700000000001 0.010201 0.010160000000000001 0.0096170000000000005 0.080016000000000004 0.079459999999999989 0.078319000000000027 0.0037910000000000001 0.0036969999999999998 0.0033039999999999996 0.0011119999999999999 0.0011300000000000001 0.0010709999999999999 1.2057256689823332 1.2057256689823332 1.2057256689823332 0.00010786436637589982 0.00010786436637589982 0.00010786436637589982 1 1 1 Converged Converged Converged OK OK OK 95 95 95 95 95 95 9 9 9 0 0 0 0 0 1 0 0
5 5 uniform 1 7 56 1 0.0001 3.8660132873016897 0.049609788581782326 0.55846347138675911 -3.6465526278612241 -0.35807708582380177 -3.690258464752362 0 3.872985516199305 1.2246975651621461 OK 14 13 0.35967100000000002 0.262322 0.11432 0.22675899999999999 0.135768 0 0.13291200000000003 0.126554 0.11432 0.0089479999999999994 0.0090810000000000005 0.0083800000000000003 0.10027399999999997 0.093585000000000002 0.083297999999999955 0.0038120000000000003 0.0038769999999999994 0.0035659999999999997 0.0013349999999999998 0.0013380000000000002 0.001147 1.224697577351062 1.224697577351062 1.224697577351062 8.3272794026745381e-05 8.3272794026745381e-05 8.3272794026745381e-05 1 1 1 Converged Converged Converged OK OK OK 103 103 103 103 103 103 9 9 9 0 0 0 0 1 0 0 1
5 5 uniform 1 15 56 2 0.0001 3.8660132873016897 0.049609788581782326 0.55846347138675911 -3.6465526278612241 -0.35807708582380177 -3.6125591991681172 0 3.7952862506150602 1.2377032867074 OK 14 13 0.33106000000000002 0.25324999999999998 0.10943 0.219946 0.13209599999999999 0 0.11111400000000002 0.12115399999999998 0.10943 0.0088090000000000009 0.0090889999999999999 0.0083459999999999993 0.080569999999999989 0.089919999999999986 0.080328999999999998 0.0036560000000000004 0.0037989999999999999 0.0033410000000000002 0.0012599999999999998 0.0013169999999999998 0.0011919999999999999 1.2377031886717229 1.2377031886717229 1.2377031886717229 9.8806651269923667e-05 9.8806651269923667e-05 9.8806651269923667e-05 1 1 1 Converged Converged Converged OK OK OK 103 103 103 103 103 103 9 9 9 0 0 0 0 1 0 0 1
5 5 uniform 1 23 56 3 0.0001 3.8660132873016897 0.049609788581782326 0.55846347138675911 -3.6465526278612241 -0.35807708582380177 -3.5348599335838724 0 3.7175869850308154 1.2450288599621486 OK 14 13 0.34034500000000001 0.25986199999999998 0.114645 0.223249 0.13347200000000001 0 0.11709600000000001 0.12638999999999997 0.114645 0.0088629999999999994 0.0089359999999999995 0.0082780000000000006 0.086597999999999981 0.095456000000000013 0.085493000000000041 0.0037050000000000008 0.0038210000000000002 0.0035659999999999997 0.0012930000000000001 0.0014159999999999999 0.0012899999999999999 1.2450287994357221 1.2450287994357221 1.2450287994357221 0.0001079465596914168 0.0001079465596914168 0.0001079465596914168 1 1 1 Converged Converged Converged OK OK OK 103 103 103 103 103 103 9 9 9 0 0 0 0 1 0 0 1
5 5 uniform 2 0 57 0 0.001 3.8660132873016897 0.049609788581782326 0.55846347138675911 -3.814223756889366 0.53264797522503493 -3.9259164511667177 0 4.1086435026136607 1.0359666456633014 OK 14 13 0.33823999999999999 0.34441699999999997 0.094783999999999993 0.24188499999999999 0.242148 0 0.096354999999999996 0.10226899999999997 0.094783999999999993 0.0095099999999999994 0.0094459999999999995 0.0090900000000000009 0.070949000000000012 0.073034999999999989 0.07066200000000003 0.0020370000000000002 0.0057070000000000003 0.0020509999999999999 0.00065300000000000004 0.00072900000000000005 0.00053699999999999993 1.0359662360534356 1.0359662360534356 1.0359662360534356 0.00056023398157563559 0.00056023398157563559 0.00056023398157563559 1 1 1 Converged Converged Converged OK OK OK 51 51 51 51 51 51 5 5 5 0 0 0 0 0 1 0 0
5 5 uniform 2 7 57 1 0.001 3.8660132873016897 0.049609788581782326 0.55846347138675911 -3.814223756889366 0.53264797522503493 -3.8579295937805038 0 4.0406566452274468 1.0460366816677249 OK 14 13 0.32850000000000001 0.22869900000000001 0.089215000000000003 0.23699500000000001 0.131491 0 0.091505000000000003 0.097208000000000017 0.089215000000000003 0.0085389999999999997 0.0086529999999999992 0.0078980000000000005 0.070105000000000001 0.075269000000000003 0.069309000000000009 0.0019970000000000001 0.002176 0.001923 0.00062399999999999999 0.00065399999999999996 0.00052800000000000004 1.0460364282355263 1.0460364282355263 1.0460364282355263 0.00066505369504624579 0.00066505369504624579 0.00066505369504624579 1 1 1 Converged Converged Converged OK OK OK 51 51 51 51 51 51 5 5 5 0 0 0 0 1 0 0 1
5 5 uniform 2 15 57 2 0.001 3.8660132873016897 0.049609788581782326 0.55846347138675911 -3.814223756889366 0.53264797522503493 -3.780230328196259 0 3.962957379643202 1.0619032234284702 OK 14 13 0.34068999999999999 0.22804099999999999 0.092687000000000005 0.25011299999999997 0.13483500000000001 0 0.090577000000000019 0.093205999999999983 0.092687000000000005 0.0084700000000000001 0.0086549999999999995 0.0079389999999999999 0.069138000000000005 0.071603999999999987 0.072325000000000014 0.0020469999999999998 0.0021970000000000002 0.002006 0.00062100000000000002 0.00065200000000000002 0.00065199999999999991 1.061903881546796 1.061903881546796 1.061903881546796 0.00087500994275624552 0.00087500994275624552 0.00087500994275624552 1 1 1 Converged Converged Converged OK OK OK 51 51 51 51 51 51 5 5 5 0 0 0 0 1 0 0 1
5 5 uniform 2 23 57 3 0.001 3.8660132873016897 0.049609788581782326 0.55846347138675911 -3.814223756889366 0.53264797522503493 -3.7025310626120143 0 3.8852581140589573 1.0840810580806375 OK 14 13 0.356682 0.252944 0.10639700000000001 0.24737799999999999 0.14155200000000001 0 0.10930400000000001 0.11139199999999999 0.10639700000000001 0.0084849999999999995 0.0084690000000000008 0.0078709999999999995 0.08507300000000001 0.086977999999999986 0.083776000000000017 0.0025310000000000003 0.0028050000000000002 0.0023209999999999997 0.00068999999999999997 0.00068699999999999989 0.00075100000000000004 1.0840802817877244 1.0840802817877244 1.0840802817877244 0.00054033992033132475 0.00054033992033132475 0.00054033992033132475 1 1 1 Converged Converged Converged OK OK OK 59 59 59 59 59 59 5 5 5 0 0 0 0 1 0 0 1
5 5 uniform 2 0 57 0 0.0001 3.8660132873016897 0.049609788581782326 0.55846347138675911 -3.814223756889366 0.53264797522503493 -3.9259164511667177 0 4.1086435026136607 1.0359666456633014 OK 14 13 0.36479899999999998 0.38039499999999998 0.12776699999999999 0.239122 0.23957200000000001 0 0.12567699999999998 0.14082299999999998 0.12776699999999999 0.0095200000000000007 0.0093360000000000005 0.0090329999999999994 0.094273999999999983 0.11007500000000001 0.097737999999999978 0.0029300000000000003 0.0029450000000000001 0.0029210000000000004 0.00084200000000000008 0.00082000000000000009 0.00079799999999999999 1.0359665620668286 1.0359665620668286 1.0359665620668286 6.117943604477424e-05 6.117943604477424e-05 6.117943604477424e-05 1 1 1 Converged Converged Converged OK OK OK 67 67 67 67 67 67 5 5 5 0 0 0 0 0 1 0 0
5 5 uniform 2 7 57 1 0.0001 3.8660132873016897 0.049609788581782326 0.55846347138675911 -3.814223756889366 0.53264797522503493 -3.8579295937805038 0 4.0406566452274468 1.0460366816677249 OK 14 13 0.35692499999999999 0.25964399999999999 0.117255 0.23455699999999999 0.129716 0 0.122368 0.12992799999999999 0.117255 0.0084770000000000002 0.0084320000000000003 0.0079799999999999992 0.093523000000000037 0.10462800000000003 0.093035000000000007 0.0060289999999999996 0.002849 0.0027040000000000002 0.00077299999999999992 0.00077399999999999995 0.00075700000000000008 1.0460365816546917 1.0460365816546917 1.0460365816546917 7.4068804717160701e-05 7.4068804717160701e-05 7.4068804717160701e-05 1 1 1 Converged Converged Converged OK OK OK 67 67 67 67 67 67 5 5 5 0 0 0 0 1 0 0 1
5 5 uniform 2 15 57 2 0.0001 3.8660132873016897 0.049609788581782326 0.55846347138675911 -3.814223756889366 0.53264797522503493 -3.780230328196259 0 3.962957379643202 1.0619032234284702 OK 14 13 0.35239399999999999 0.25597599999999998 0.113901 0.23575099999999999 0.13161300000000001 0 0.116643 0.12436299999999997 0.113901 0.0084930000000000005 0.0084469999999999996 0.0080569999999999999 0.090990000000000015 0.099068000000000031 0.089710999999999985 0.0027600000000000003 0.0028179999999999998 0.0026320000000000002 0.00089099999999999997 0.00090699999999999993 0.00086200000000000003 1.0619030753764314 1.0619030753764314 1.0619030753764314 8.0794653796604962e-05 8.0794653796604962e-05 8.0794653796604962e-05 1 1 1 Converged Converged Converged OK OK OK 67 67 67 67 67 67 5 5 5 0 0 0 0 1 0 0 1
5 5 uniform 2 23 57 3 0.0001 3.8660132873016897 0.049609788581782326 0.55846347138675911 -3.814223756889366 0.53264797522503493 -3.7025310626120143 0 3.8852581140589573 1.0840810580806375 OK 14 13 0.36287599999999998 0.262349 0.113123 0.24726799999999999 0.13825399999999999 0 0.11560799999999999 0.12409500000000001 0.113123 0.0084899999999999993 0.0084469999999999996 0.0079690000000000004 0.089929000000000009 0.098543000000000019 0.088937999999999989 0.0028709999999999999 0.0029810000000000001 0.002715 0.00079599999999999983 0.00080199999999999998 0.00080799999999999991 1.084080844709699 1.084080844709699 1.084080844709699 9.2143013505067821e-05 9.2143013505067821e-05 9.2143013505067821e-05 1 1 1 Converged Converged Converged OK OK OK 67 67 67 67 67 67 5 5 5 0 0 0 0 1 0 0 1
5 5 uniform 3 0 58 0 0.001 3.8660132873016897 0.049609788581782326 0.55846347138675911 -4.2786961777867534 -0.018305795728152274 -4.3903888720641051 0 4.5731159235110477 1.0167669943029374 OK 13 12 0.43942500000000001 0.43474400000000002 0.17275799999999999 0.27433600000000002 0.26717800000000003 0 0.16508899999999999 0.16756599999999999 0.17275799999999999 0.010052 0.0098420000000000001 0.010926999999999999 0.12926600000000005 0.13342800000000005 0.13643799999999992 0.0056369999999999996 0.0051520000000000003 0.0055279999999999999 0.00071400000000000001 0.00067400000000000001 0.00067000000000000002 1.0167678467294721 1.0167678467294721 1.0167678467294721 0.00086726037233257245 0.00086726037233257245 0.00086726037233257245 1 1 1 Converged Converged Converged OK OK OK 91 91 91 91 91 91 5 5 5 0 0 0 0 0 1 0 0
5 5 uniform 3 7 58 1 0.001 3.8660132873016897 0.049609788581782326 0.55846347138675911 -4.2786961777867534 -0.018305795728152274 -4.3224020146778912 0 4.5051290661248338 1.0212374593825038 OK 13 12 0.38573000000000002 0.272538 0.123131 0.264652 0.14610799999999999 0 0.12107800000000002 0.12643000000000001 0.123131 0.00911 0.0089379999999999998 0.0097859999999999996 0.095090999999999995 0.10159199999999997 0.097375000000000003 0.0030280000000000003 0.0026670000000000001 0.0028609999999999998 0.00064100000000000008 0.00063600000000000006 0.000696 1.0212671713979682 1.0212671713979682 1.0212671713979682 0.00084498043401924476 0.00084498043401924476 0.00084498043401924476 1 1 1 Converged Converged Converged OK OK OK 67 67 67 67 67 67 5 5 5 0 0 0 0 1 0 0 1
5 5 uniform 3 15 58 2 0.001 3.8660132873016897 0.049609788581782326 0.55846347138675911 -4.2786961777867534 -0.018305795728152274 -4.244702749093646 0 4.4274298005405885 1.028990278886085 OK 13 12 0.39788400000000002 0.27870699999999998 0.123312 0.27549899999999999 0.150727 0 0.12238500000000002 0.12797999999999998 0.123312 0.0090220000000000005 0.0088730000000000007 0.0086029999999999995 0.097029999999999991 0.10299599999999998 0.098397999999999972 0.0029480000000000001 0.0028530000000000001 0.0027710000000000005 0.00062799999999999998 0.00062999999999999992 0.00063599999999999996 1.0290206510610449 1.0290206510610449 1.0290206510610449 0.00087841113325775352 0.00087841113325775352 0.00087841113325775352 1 1 1 Converged Converged Converged OK OK OK 67 67 67 67 67 67 5 5 5 0 0 0 0 1 0 0 1
5 5 uniform 3 23 58 3 0.001 3.8660132873016897 0.049609788581782326 0.55846347138675911 -4.2786961777867534 -0.018305795728152274 -4.1670034835094016 0 4.3497305349563442 1.0417702163957969 OK 13 12 0.392874 0.29627399999999998 0.123386 0.27085999999999999 0.16414899999999999 0 0.12201400000000001 0.13212499999999999 0.123386 0.0089339999999999992 0.010451999999999999 0.0086569999999999998 0.097102999999999995 0.10420400000000002 0.099148000000000069 0.0028910000000000003 0.0034060000000000002 0.00281 0.00068199999999999999 0.00080199999999999998 0.00067699999999999998 1.0418022682195012 1.0418022682195012 1.0418022682195012 0.00093153814894506167 0.00093153814894506167 0.00093153814894506167 1 1 1 Converged Converged Converged OK OK OK 67 67 67 67 67 67 5 5 5 0 0 0 0 1 0 0 1
5 5 uniform 3 0 58 0 0.0001 3.8660132873016897 0.049609788581782326 0.55846347138675911 -4.2786961777867534 -0.018305795728152274 -4.3903888720641051 0 4.5731159235110477 1.0167669943029374 OK 13 12 0.45365699999999998 0.44841700000000001 0.17830599999999999 0.27087899999999998 0.26846399999999998 0 0.182778 0.17995300000000003 0.17830599999999999 0.0098930000000000008 0.0097979999999999994 0.0093209999999999994 0.14003000000000002 0.13830899999999999 0.13790500000000006 0.0058909999999999995 0.0054999999999999988 0.0054539999999999996 0.00090799999999999995 0.00085700000000000001 0.00084000000000000003 1.0167689714260164 1.0167689714260164 1.0167689714260164 5.9719086873920813e-05 5.9719086873920813e-05 5.9719086873920813e-05 1 1 1 Converged Converged Converged OK OK OK 107 107 107 107 107 107 5 5 5 0 0 0 0 0 1 0 0
5 5 uniform 3 7 58 1 0.0001 3.8660132873016897 0.049609788581782326 0.55846347138675911 -4.2786961777867534 -0.018305795728152274 -4.3224020146778912 0 4.5051290661248338 1.0212374593825038 OK 13 12 0.45290200000000003 0.33249400000000001 0.16705900000000001 0.28353200000000001 0.148262 0 0.16937000000000002 0.18423200000000001 0.16705900000000001 0.0089470000000000001 0.0088210000000000007 0.0083289999999999996 0.13455000000000009 0.15024400000000007 0.13408200000000003 0.0057750000000000006 0.0054799999999999996 0.0052649999999999997 0.00088100000000000006 0.00088099999999999995 0.00084499999999999994 1.0212395804227361 1.0212395804227361 1.0212395804227361 6.2111604126356094e-05 6.2111604126356094e-05 6.2111604126356094e-05 1 1 1 Converged Converged Converged OK OK OK 107 107 107 107 107 107 5 5 5 0 0 0 0 1 0 0 1
5 5 uniform 3 15 58 2 0.0001 3.8660132873016897 0.049609788581782326 0.55846347138675911 -4.2786961777867534 -0.018305795728152274 -4.244702749093646 0 4.4274298005405885 1.028990278886085 OK 13 12 0.431423 0.336787 0.171376 0.26259300000000002 0.15436900000000001 0 0.16882999999999998 0.182418 0.171376 0.0088620000000000001 0.0087919999999999995 0.0083569999999999998 0.13421699999999995 0.14838900000000008 0.13828300000000016 0.0056960000000000005 0.0055209999999999999 0.0053120000000000007 0.00084599999999999996 0.00086200000000000003 0.00087399999999999999 1.0289925008731426 1.0289925008731426 1.0289925008731426 6.7097622761801327e-05 6.7097622761801327e-05 6.7097622761801327e-05 1 1 1 Converged Converged Converged OK OK OK 107 107 107 107 107 107 5 5 5 0 0 0 0 1 0 0 1
5 5 uniform 3 23 58 3 0.0001 3.8660132873016897 0.049609788581782326 0.55846347138675911 -4.2786961777867534 -0.018305795728152274 -4.1670034835094016 0 4.3497305349563442 1.0417702163957969 OK 13 12 0.44476599999999999 0.334088 0.168576 0.27577499999999999 0.153111 0 0.168991 0.180977 0.168576 0.0088749999999999992 0.0089219999999999994 0.0083580000000000008 0.13443700000000006 0.14682100000000001 0.13561500000000001 0.0056270000000000001 0.0056310000000000006 0.005339 0.00091700000000000006 0.00091100000000000003 0.00087100000000000003 1.0417727444983162 1.0417727444983162 1.0417727444983162 7.6657452710417163e-05 7.6657452710417163e-05 7.6657452710417163e-05 1 1 1 Converged Converged Converged OK OK OK 107 107 107 107 107 107 5 5 5 0 0 0 0 1 0 0 1
5 5 uniform 4 0 59 0 0.001 3.8660132873016897 0.049609788581782326 0.55846347138675911 -2.9007460554741771 -0.75026786649922794 -3.0124387497515288 0 3.1951658011984718 1.0189320443201344 OK 13 12 0.33387 0.31589800000000001 0.069308999999999996 0.25510899999999997 0.243586 0 0.078761000000000025 0.072312000000000015 0.069308999999999996 0.010163 0.010236 0.0088590000000000006 0.05025000000000001 0.044958999999999971 0.043761000000000008 0.0023439999999999997 0.002212 0.0022069999999999998 0.00075599999999999994 0.00072800000000000002 0.00071400000000000001 1.0189322849843194 1.0189322849843194 1.0189322849843194 0.00024132235180358605 0.00024132235180358605 0.00024132235180358605 1 1 1 Converged Converged Converged OK OK OK 52 52 52 52 52 52 4 4 4 0 0 0 0 0 1 0 0
5 5 uniform 4 7 59 1 0.001 3.8660132873016897 0.049609788581782326 0.55846347138675911 -2.9007460554741771 -0.75026786649922794 -2.9444518923653149 0 3.1271789438122579 1.0184032673350785 OK 13 12 0.32180500000000001 0.21068500000000001 0.068069000000000005 0.243809 0.13206799999999999 0 0.07799600000000001 0.07861700000000002 0.068069000000000005 0.0094149999999999998 0.0083309999999999999 0.0078949999999999992 0.052374000000000011 0.055491000000000006 0.046714999999999979 0.002261 0.0024520000000000002 0.0021579999999999998 0.00073999999999999999 0.00068199999999999999 0.00063500000000000004 1.0184032817917903 1.0184032817917903 1.0184032817917903 0.00029194769126235457 0.00029194769126235457 0.00029194769126235457 1 1 1 Converged Converged Converged OK OK OK 52 52 52 52 52 52 4 4 4 0 0 0 0 1 0 0 1
5 5 uniform 4 15 59 2 0.001 3.8660132873016897 0.049609788581782326 0.55846347138675911 -2.9007460554741771 -0.75026786649922794 -2.8667526267810701 0 3.0494796782280131 1.0182231820606635 OK 13 12 0.31106800000000001 0.197653 0.062232000000000003 0.24505399999999999 0.12512400000000001 0 0.066014000000000017 0.072528999999999982 0.062232000000000003 0.009606 0.0084130000000000003 0.0077990000000000004 0.043037000000000006 0.050689000000000005 0.041919999999999992 0.0021379999999999997 0.0022339999999999999 0.0019719999999999998 0.00065099999999999999 0.00070399999999999998 0.00064299999999999991 1.0182223277174189 1.0182223277174189 1.0182223277174189 0.00062491874018321682 0.00062491874018321682 0.00062491874018321682 1 1 1 Converged Converged Converged OK OK OK 52 52 52 52 52 52 4 4 4 0 0 0 0 1 0 0 1
5 5 uniform 4 23 59 3 0.001 3.8660132873016897 0.049609788581782326 0.55846347138675911 -2.9007460554741771 -0.75026786649922794 -2.7890533611968253 0 2.9717804126437684 1.0184770638134184 OK 13 12 0.31702799999999998 0.199543 0.061617999999999999 0.25140000000000001 0.12493899999999999 0 0.065627999999999964 0.074604000000000004 0.061617999999999999 0.0094219999999999998 0.0082170000000000003 0.0077629999999999999 0.042709999999999998 0.052929999999999991 0.041523000000000004 0.0021550000000000002 0.0021809999999999998 0.0020439999999999998 0.00065600000000000012 0.00067900000000000013 0.00060700000000000012 1.01847629937344 1.01847629937344 1.01847629937344 0.00048902755926103251 0.00048902755926103251 0.00048902755926103251 1 1 1 Converged Converged Converged OK OK OK 52 52 52 52 52 52 4 4 4 0 0 0 0 1 0 0 1
5 5 uniform 4 0 59 0 0.0001 3.8660132873016897 0.049609788581782326 0.55846347138675911 -2.9007460554741771 -0.75026786649922794 -3.0124387497515288 0 3.1951658011984718 1.0189320443201344 OK 13 12 0.33346900000000002 0.32175199999999998 0.084194000000000005 0.24684300000000001 0.23607500000000001 0 0.086626000000000009 0.085676999999999975 0.084194000000000005 0.0091590000000000005 0.0090620000000000006 0.0086639999999999998 0.056011999999999985 0.055729000000000022 0.05530899999999999 0.0034039999999999999 0.003248 0.003078 0.00092299999999999999 0.00084899999999999993 0.00083000000000000001 1.0189320686721126 1.0189320686721126 1.0189320686721126 4.9897167158181116e-05 4.9897167158181116e-05 4.9897167158181116e-05 1 1 1 Converged Converged Converged OK OK OK 68 68 68 68 68 68 4 4 4 0 0 0 0 0 1 0 0
5 5 uniform 4 7 59 1 0.0001 3.8660132873016897 0.049609788581782326 0.55846347138675911 -2.9007460554741771 -0.75026786649922794 -2.9444518923653149 0 3.1271789438122579 1.0184032673350785 OK 13 12 0.31859599999999999 0.20727599999999999 0.074779999999999999 0.24193999999999999 0.123 0 0.076656000000000002 0.08427599999999999 0.074779999999999999 0.0083260000000000001 0.0083180000000000007 0.0079150000000000002 0.052457000000000004 0.060463000000000017 0.051867000000000003 0.0025119999999999999 0.0024830000000000004 0.0023609999999999998 0.00076999999999999996 0.00076900000000000015 0.0007490000000000001 1.0184033309145069 1.0184033309145069 1.0184033309145069 4.6434216608907165e-05 4.6434216608907165e-05 4.6434216608907165e-05 1 1 1 Converged Converged Converged OK OK OK 60 60 60 60 60 60 4 4 4 0 0 0 0 1 0 0 1
5 5 uniform 4 15 59 2 0.0001 3.8660132873016897 0.049609788581782326 0.55846347138675911 -2.9007460554741771 -0.75026786649922794 -2.8667526267810701 0 3.0494796782280131 1.0182231820606635 OK 13 12 0.317799 0.204845 0.073159000000000002 0.242947 0.121992 0 0.074852000000000002 0.082852999999999996 0.073159000000000002 0.0083140000000000002 0.0083920000000000002 0.0077840000000000001 0.051006999999999997 0.059067000000000022 0.050641999999999993 0.0024390000000000002 0.0024580000000000001 0.002336 0.00076100000000000017 0.00075200000000000006 0.000718 1.0182231859551183 1.0182231859551183 1.0182231859551183 1.6756207337366972e-05 1.6756207337366972e-05 1.6756207337366972e-05 1 1 1 Converged Converged Converged OK OK OK 60 60 60 60 60 60 4 4 4 0 0 0 0 1 0 0 1
5 5 uniform 4 23 59 3 0.0001 3.8660132873016897 0.049609788581782326 0.55846347138675911 -2.9007460554741771 -0.75026786649922794 -2.7890533611968253 0 2.9717804126437684 1.0184770638134184 OK 13 12 0.32657000000000003 0.224605 0.073043999999999998 0.25179000000000001 0.14212 0 0.074780000000000013 0.082485000000000003 0.073043999999999998 0.0083300000000000006 0.0082730000000000008 0.0077600000000000004 0.050768999999999995 0.058847999999999991 0.050494000000000004 0.0025129999999999996 0.0025170000000000001 0.0023829999999999997 0.00077900000000000007 0.000754 0.00072500000000000006 1.0184770554461802 1.0184770554461802 1.0184770554461802 1.1548755768057225e-05 1.1548755768057225e-05 1.1548755768057225e-05 1 1 1 Converged Converged Converged OK OK OK 60 60 60 60 60 60 4 4 4 0 0 0 0 1 0 0 1
6 6 linear 0 0 60 0 0.001 2.9086634667611073 0.00034997931344948061 0.32822578487891141 -2.6327910717613539 0.052820750041641946 -2.698436228737136 0.5 2.6994538446357752 1.0317423564416084 OK 15 14 0.61257200000000001 0.63710599999999995 0.239145 0.36532500000000001 0.373948 0 0.24724699999999999 0.26315799999999995 0.239145 0.010947 0.012336 0.010723999999999999 0.19343700000000003 0.20766999999999991 0.19108399999999998 0.0041770000000000002 0.0044039999999999999 0.0037929999999999995 0.001217 0.0012799999999999999 0.0010870000000000001 1.0317422327347046 1.0317422327347046 1.0317422327347046 0.00023293723158635039 0.00023293723158635039 0.00023293723158635039 1 1 1 Converged Converged Converged OK OK OK 94 94 94 94 94 94 10 10 10 0 0 0 0 0 1 0 0
6 6 linear 0 7 60 1 0.001 2.9086634667611073 0.00034997931344948061 0.32822578487891141 -2.6327910717613539 0.052820750041641946 -2.6584783070997036 0.5 2.6594959229983428 1.033134736398494 OK 15 14 0.58862700000000001 0.39632800000000001 0.22366800000000001 0.35825899999999999 0.16058800000000001 0 0.23036800000000002 0.23574000000000001 0.22366800000000001 0.0097029999999999998 0.0099480000000000002 0.0089789999999999991 0.19792299999999999 0.20481199999999997 0.194657 0.0047810000000000014 0.0039799999999999992 0.0035999999999999999 0.0011280000000000001 0.0010479999999999999 0.00090600000000000001 1.0331329010860286 1.0331329010860286 1.0331329010860286 0.00045812327411767193 0.00045812327411767193 0.00045812327411767193 1 1 1 Converged Converged Converged OK OK OK 94 94 94 94 94 94 10 10 10 0 0 0 0 1 0 0 1
6 6 linear 0 15 60 2 0.001 2.9086634667611073 0.00034997931344948061 0.32822578487891141 -2.6327910717613539 0.052820750041641946 -2.6128121109426377 0.5 2.6138297268412769 1.0347362182400024 OK 14 13 0.64513699999999996 0.39637 0.23020199999999999 0.40922900000000001 0.155532 0 0.23590799999999995 0.240838 0.23020199999999999 0.0099260000000000008 0.0099559999999999996 0.0097339999999999996 0.20172999999999985 0.20770199999999989 0.19826699999999997 0.004458000000000001 0.0040210000000000003 0.0038299999999999996 0.0012049999999999999 0.0012099999999999999 0.0011379999999999999 1.0347621184299194 1.0347621184299194 1.0347621184299194 0.00058999916186298798 0.00058999916186298798 0.00058999916186298798 1 1 1 Converged Converged Converged OK OK OK 95 95 95 95 95 95 9 9 9 0 0 0 0 1 0 0 1
6 6 linear 0 23 60 3 0.001 2.9086634667611073 0.00034997931344948061 0.32822578487891141 -2.6327910717613539 0.052820750041641946 -2.5671459147855717 0.5 2.568163530684211 1.0363654290645234 OK 15 14 0.807531 0.47839399999999999 0.27374999999999999 0.51120200000000005 0.192244 0 0.29632899999999995 0.28615000000000002 0.27374999999999999 0.014409999999999999 0.013206000000000001 0.012292000000000001 0.2546699999999999 0.24903999999999998 0.23833800000000016 0.0060149999999999995 0.0043499999999999997 0.0040340000000000003 0.0011849999999999999 0.001077 0.0010890000000000001 1.0363655712465891 1.0363655712465891 1.0363655712465891 0.00085366570086200112 0.00085366570086200112 0.00085366570086200112 1 1 1 Converged Converged Converged OK OK OK 94 94 94 94 94 94 10 10 10 0 0 0 0 1 0 0 1
6 6 linear 0 0 60 0 0.0001 2.9086634667611073 0.00034997931344948061 0.32822578487891141 -2.6327910717613539 0.052820750041641946 -2.698436228737136 0.5 2.6994538446357752 1.0317423564416084 OK 15 14 0.68605000000000005 0.69446799999999997 0.325872 0.36311599999999999 0.36732399999999998 0 0.32293400000000005 0.32714399999999999 0.325872 0.011041 0.011145 0.010862999999999999 0.25923999999999997 0.26195600000000008 0.26037200000000016 0.0058099999999999992 0.0066009999999999992 0.0061150000000000006 0.0018479999999999998 0.0016980000000000001 0.001586 1.0317423787906503 1.0317423787906503 1.0317423787906503 3.0261191407756697e-05 3.0261191407756697e-05 3.0261191407756697e-05 1 1 1 Converged Converged Converged OK OK OK 118 118 118 118 118 118 10 10 10 0 0 0 0 0 1 0 0
6 6 linear 0 7 60 1 0.0001 2.9086634667611073 0.00034997931344948061 0.32822578487891141 -2.6327910717613539 0.052820750041641946 -2.6584783070997036 0.5 2.6594959229983428 1.033134736398494 OK 15 14 0.68496100000000004 0.46201700000000001 0.30467 0.38023400000000002 0.153117 0 0.30472700000000003 0.30890000000000001 0.30467 0.0096950000000000005 0.0096200000000000001 0.0090080000000000004 0.26651799999999987 0.27176899999999998 0.26901000000000008 0.0063480000000000012 0.0059139999999999991 0.005476 0.0014710000000000001 0.0014409999999999998 0.0013999999999999998 1.0331347762674472 1.0331347762674472 1.0331347762674472 3.8718914566149027e-05 3.8718914566149027e-05 3.8718914566149027e-05 1 1 1 Converged Converged Converged OK OK OK 118 118 118 118 118 118 10 10 10 0 0 0 0 1 0 0 1
6 6 linear 0 15 60 2 0.0001 2.9086634667611073 0.00034997931344948061 0.32822578487891141 -2.6327910717613539 0.052820750041641946 -2.6128121109426377 0.5 2.6138297268412769 1.0347362182400024 OK 14 13 0.85234900000000002 0.61658800000000002 0.43098999999999998 0.39952399999999999 0.15539 0 0.45282500000000003 0.461198 0.43098999999999998 0.0099889999999999996 0.010070000000000001 0.009613 0.39331599999999989 0.40126299999999981 0.38228599999999996 0.0093299999999999998 0.0093769999999999999 0.0087139999999999995 0.0017700000000000001 0.0018570000000000001 0.001668 1.0347366080129445 1.0347366080129445 1.0347366080129445 8.5905060670921532e-05 8.5905060670921532e-05 8.5905060670921532e-05 1 1 1 Converged Converged Converged OK OK OK 151 151 151 151 151 151 9 9 9 0 0 0 0 1 0 0 1
6 6 linear 0 23 60 3 0.0001 2.9086634667611073 0.00034997931344948061 0.32822578487891141 -2.6327910717613539 0.052820750041641946 -2.5671459147855717 0.5 2.568163530684211 1.0363654290645234 OK 15 14 0.85283799999999998 0.54903100000000005 0.33721200000000001 0.50270800000000004 0.19512699999999999 0 0.35012999999999994 0.35390400000000005 0.33721200000000001 0.013259999999999999 0.013376000000000001 0.012403000000000001 0.30689899999999992 0.30954299999999985 0.29623900000000014 0.0057599999999999986 0.0068140000000000006 0.0055190000000000005 0.0016769999999999999 0.0016570000000000001 0.0014650000000000002 1.0363657289473704 1.0363657289473704 1.0363657289473704 8.0536875848717272e-05 8.0536875848717272e-05 8.0536875848717272e-05 1 1 1 Converged Converged Converged OK OK OK 110 110 110 110 110 110 10 10 10 0 0 0 0 1 0 0 1
6 6 linear 1 0 61 0 0.001 2.9086634667611073 0.00034997931344948061 0.32822578487891141 -0.20538527188593636 -0.03349532157087752 -0.27103042886171863 0.5 0.27204804476035771 4.8838964449360605 OK 15 14 2.6277249999999999 2.6184669999999999 0.25994899999999999 2.35859 2.3487110000000002 0 0.2691349999999999 0.26975599999999966 0.25994899999999999 0.011698999999999999 0.011475000000000001 0.010291 0.20990900000000001 0.20899199999999993 0.20513500000000001 0.0062089999999999992 0.0059310000000000005 0.0045420000000000009 0.0014029999999999997 0.001322 0.0010089999999999999 4.8839085737291601 4.8839085737291601 4.8839085737291601 0.00099705084205906763 0.00099705084205906763 0.00099705084205906763 1 1 1 Converged Converged Converged OK OK OK 95 95 95 95 95 95 9 9 9 0 0 0 0 0 1 0 0
6 6 linear 1 7 61 1 0.001 2.9086634667611073 0.00034997931344948061 0.32822578487891141 -0.20538527188593636 -0.03349532157087752 -0.23107250722428596 0.5 0.23209012312292504 5.3791833017150559 OK 15 14 2.710496 0.61421700000000001 0.21484900000000001 2.4178380000000002 0.39159500000000003 0 0.29265799999999986 0.22262199999999999 0.21484900000000001 0.011083000000000001 0.0095060000000000006 0.0085679999999999992 0.24133399999999999 0.18974200000000002 0.18590099999999998 0.0078630000000000002 0.0047220000000000005 0.0036339999999999996 0.001139 0.001031 0.00084900000000000004 5.3791979598811031 5.3791979598811031 5.3791979598811031 0.0035117237608273937 0.0035117237608273937 0.0035117237608273937 1 1 1 Converged Converged Converged OK OK OK 87 87 87 87 87 87 9 9 9 0 0 0 0 1 0 0 1
6 6 linear 1 15 61 2 0.001 2.9086634667611073 0.00034997931344948061 0.32822578487891141 -0.20538527188593636 -0.03349532157087752 -0.18540631106722 0.5 0.18642392696585908 5.821114305997189 OK 15 14 2.742181 0.63365499999999997 0.232737 2.4960230000000001 0.41196500000000003 0 0.24615799999999988 0.22168999999999994 0.232737 0.011778 0.0091710000000000003 0.025965999999999999 0.20803199999999994 0.19049499999999997 0.18692100000000009 0.0055930000000000007 0.0042599999999999999 0.0035920000000000001 0.0012509999999999999 0.001041 0.00079900000000000001 5.8211227993687871 5.8211227993687871 5.8211227993687871 0.0035507924036137163 0.0035507924036137163 0.0035507924036137163 1 1 1 Converged Converged Converged OK OK OK 87 87 87 87 87 87 9 9 9 0 0 0 0 1 0 0 1
6 6 linear 1 23 61 3 0.001 2.9086634667611073 0.00034997931344948061 0.32822578487891141 -0.20538527188593636 -0.03349532157087752 -0.13974011491015409 0.5 0.14075773080879317 6.1534297468672099 OK 15 14 3.059628 0.63654299999999997 0.23682 2.743128 0.391625 0 0.3165 0.24491799999999997 0.23682 0.011365999999999999 0.0093600000000000003 0.0086529999999999992 0.26479699999999984 0.21303300000000003 0.20799000000000009 0.0081529999999999988 0.0045639999999999995 0.0035930000000000003 0.0021219999999999998 0.001165 0.001057 6.153446402386157 6.153446402386157 6.153446402386157 0.0010376361249038227 0.0010376361249038227 0.0010376361249038227 1 1 1 Converged Converged Converged OK OK OK 95 95 95 95 95 95 9 9 9 0 0 0 0 1 0 0 1
6 6 linear 1 0 61 0 0.0001 2.9086634667611073 0.00034997931344948061 0.32822578487891141 -0.20538527188593636 -0.03349532157087752 -0.27103042886171863 0.5 0.27204804476035771 4.8838964449360605 OK 15 14 2.7711429999999999 2.8017050000000001 0.33032800000000001 2.3986369999999999 2.3626179999999999 0 0.372506 0.43908700000000023 0.33032800000000001 0.013138 0.011148999999999999 0.010633999999999999 0.28952900000000004 0.33615799999999973 0.26285000000000008 0.0096490000000000013 0.014514999999999998 0.0068760000000000002 0.002905 0.001851 0.0013700000000000001 4.8839084512854622 4.8839084512854622 4.8839084512854622 0.00017864084469324212 0.00017864084469324212 0.00017864084469324212 1 1 1 Converged Converged Converged OK OK OK 127 127 127 127 127 127 9 9 9 0 0 0 0 0 1 0 0
6 6 linear 1 7 61 1 0.0001 2.9086634667611073 0.00034997931344948061 0.32822578487891141 -0.20538527188593636 -0.03349532157087752 -0.23107250722428596 0.5 0.23209012312292504 5.3791833017150559 OK 15 14 2.7280389999999999 0.74773699999999999 0.31687500000000002 2.4100100000000002 0.40143099999999998 0 0.31802899999999967 0.346306 0.31687500000000002 0.009972 0.0098370000000000003 0.0086610000000000003 0.26766200000000007 0.29573999999999995 0.27513099999999985 0.0094570000000000001 0.0090369999999999999 0.0062909999999999997 0.0018599999999999999 0.001588 0.0013359999999999999 5.3792022473415946 5.3792022473415946 5.3792022473415946 0.00024991702980580453 0.00024991702980580453 0.00024991702980580453 1 1 1 Converged Converged Converged OK OK OK 127 127 127 127 127 127 9 9 9 0 0 0 0 1 0 0 1
6 6 linear 1 15 61 2 0.0001 2.9086634667611073 0.00034997931344948061 0.32822578487891141 -0.20538527188593636 -0.03349532157087752 -0.18540631106722 0.5 0.18642392696585908 5.821114305997189 OK 15 14 2.8669750000000001 0.71350400000000003 0.28405399999999997 2.4867180000000002 0.41909999999999997 0 0.38025699999999985 0.29440400000000005 0.28405399999999997 0.011109000000000001 0.0093369999999999998 0.0084159999999999999 0.30657499999999988 0.25363600000000008 0.24674500000000002 0.010845 0.006711 0.0053239999999999989 0.0020729999999999998 0.001405 0.0013010000000000001 5.8211260535533329 5.8211260535533329 5.8211260535533329 0.00048164982049354085 0.00048164982049354085 0.00048164982049354085 1 1 1 Converged Converged Converged OK OK OK 119 119 119 119 119 119 9 9 9 0 0 0 0 1 0 0 1
6 6 linear 1 23 61 3 0.0001 2.9086634667611073 0.00034997931344948061 0.32822578487891141 -0.20538527188593636 -0.03349532157087752 -0.13974011491015409 0.5 0.14075773080879317 6.1534297468672099 OK 15 14 3.0606119999999999 0.66114899999999999 0.260625 2.7587250000000001 0.392314 0 0.30188699999999979 0.26883499999999999 0.260625 0.011646999999999999 0.0095860000000000008 0.008659 0.258386 0.23490800000000006 0.22956800000000002 0.008763 0.0049650000000000007 0.0040760000000000006 0.0017400000000000002 0.0012409999999999999 0.0012390000000000001 6.15344620974503 6.15344620974503 6.15344620974503 0.00059781651951855213 0.00059781651951855213 0.00059781651951855213 1 1 1 Converged Converged Converged OK OK OK 103 103 103 103 103 103 9 9 9 0 0 0 0 1 0 0 1
6 6 linear 2 0 62 0 0.001 2.9086634667611073 0.00034997931344948061 0.32822578487891141 0.18343170649279605 -0.29572518963135319 0.11778654951701377 0.5 -0.11676893361837469 4.1486115615715198 OK 13 12 2.3291219999999999 2.322209 0.23583399999999999 2.0785339999999999 2.0820599999999998 0 0.25058800000000003 0.24014900000000017 0.23583399999999999 0.011148 0.011152 0.010496 0.20103099999999999 0.19389100000000001 0.19191800000000003 0.0053930000000000002 0.0050639999999999999 0.0040020000000000003 0.001405 0.0014859999999999999 0.0011640000000000001 4.1485778170671406 4.1485778170671406 4.1485778170671406 0.0030688549316937376 0.0030688549316937376 0.0030688549316937376 1 1 1 Converged Converged Converged OK OK OK 87 87 87 87 87 87 9 9 9 0 0 0 0 0 1 0 0
6 6 linear 2 7 62 1 0.001 2.9086634667611073 0.00034997931344948061 0.32822578487891141 0.18343170649279605 -0.29572518963135319 0.15774447115444645 0.5 -0.15672685525580737 3.7366714620445491 OK 14 13 2.494971 0.54303900000000005 0.242698 2.1793719999999999 0.28023300000000001 0 0.31559900000000018 0.26280600000000004 0.242698 0.01456 0.013243 0.012777 0.24554500000000004 0.20547499999999999 0.19213400000000008 0.0099930000000000001 0.0067670000000000004 0.0052210000000000008 0.0019890000000000003 0.001928 0.0014299999999999998 3.7366415265093034 3.7366415265093034 3.7366415265093034 0.0028727122945561867 0.0028727122945561867 0.0028727122945561867 1 1 1 Converged Converged Converged OK OK OK 110 110 110 110 110 110 10 10 10 0 0 0 0 1 0 0 1
6 6 linear 2 15 62 2 0.001 2.9086634667611073 0.00034997931344948061 0.32822578487891141 0.18343170649279605 -0.29572518963135319 0.20341066731151242 0.5 -0.20239305141287334 3.3603432720614426 OK 13 12 2.8684609999999999 0.53188299999999999 0.24283199999999999 2.6046010000000002 0.28989199999999998 0 0.26385999999999976 0.24199100000000001 0.24283199999999999 0.011865000000000001 0.0099749999999999995 0.0090030000000000006 0.20752700000000002 0.19333200000000009 0.19767300000000004 0.0083599999999999994 0.0070960000000000007 0.0057000000000000002 0.0020600000000000002 0.001671 0.0014450000000000001 3.3603699214791023 3.3603699214791023 3.3603699214791023 0.002148611857609195 0.002148611857609195 0.002148611857609195 1 1 1 Converged Converged Converged OK OK OK 127 127 127 127 127 127 9 9 9 0 0 0 0 1 0 0 1
6 6 linear 2 23 62 3 0.001 2.9086634667611073 0.00034997931344948061 0.32822578487891141 0.18343170649279605 -0.29572518963135319 0.24907686346857832 0.5 -0.24805924756993925 3.051855461307627 OK 13 12 3.2711839999999999 0.60897999999999997 0.18715100000000001 3.0285530000000001 0.411053 0 0.24263099999999982 0.19792699999999996 0.18715100000000001 0.011152 0.0092350000000000002 0.0083309999999999999 0.2023329999999999 0.16499100000000003 0.15693899999999997 0.0070620000000000006 0.0050969999999999991 0.004229000000000001 0.0016100000000000001 0.0012899999999999999 0.0011669999999999999 3.051902227260479 3.051902227260479 3.051902227260479 0.0028259383896023652 0.0028259383896023652 0.0028259383896023652 1 1 1 Converged Converged Converged OK OK OK 111 111 111 111 111 111 9 9 9 0 0 0 0 1 0 0 1
6 6 linear 2 0 62 0 0.0001 2.9086634667611073 0.00034997931344948061 0.32822578487891141 0.18343170649279605 -0.29572518963135319 0.11778654951701377 0.5 -0.11676893361837469 4.1486115615715198 OK 13 12 2.4202159999999999 2.3707669999999998 0.29214499999999999 2.0625119999999999 2.0707080000000002 0 0.35770400000000002 0.30005899999999963 0.29214499999999999 0.012577 0.011280999999999999 0.010603 0.28424200000000005 0.23675799999999991 0.23388300000000006 0.009408999999999999 0.0069920000000000008 0.0053540000000000003 0.00174 0.0019090000000000003 0.0015330000000000001 4.1485977612755196 4.1485977612755196 4.1485977612755196 0.00039266259796160325 0.00039266259796160325 0.00039266259796160325 1 1 1 Converged Converged Converged OK OK OK 111 111 111 111 111 111 9 9 9 0 0 0 0 0 1 0 0
6 6 linear 2 7 62 1 0.0001 2.9086634667611073 0.00034997931344948061 0.32822578487891141 0.18343170649279605 -0.29572518963135319 0.15774447115444645 0.5 -0.15672685525580737 3.7366714620445491 OK 14 13 2.5460889999999998 0.66162799999999999 0.33128400000000002 2.1875010000000001 0.27786499999999997 0 0.35858799999999968 0.38376300000000002 0.33128400000000002 0.014674 0.013254 0.012727 0.27777000000000024 0.30338500000000002 0.26162200000000008 0.010499999999999999 0.012016000000000001 0.0081139999999999997 0.0026059999999999998 0.0033219999999999999 0.0021600000000000005 3.7366589551807805 3.7366589551807805 3.7366589551807805 0.00023828595825802732 0.00023828595825802732 0.00023828595825802732 1 1 1 Converged Converged Converged OK OK OK 158 158 158 158 158 158 10 10 10 0 0 0 0 1 0 0 1
6 6 linear 2 15 62 2 0.0001 2.9086634667611073 0.00034997931344948061 0.32822578487891141 0.18343170649279605 -0.29572518963135319 0.20341066731151242 0.5 -0.20239305141287334 3.3603432720614426 OK 13 12 3.000203 0.63202000000000003 0.299985 2.6127129999999998 0.29629899999999998 0 0.38749000000000011 0.33572100000000005 0.299985 0.011842 0.010709 0.0089700000000000005 0.29727900000000018 0.26014599999999988 0.23440700000000009 0.014986000000000003 0.012087000000000001 0.009953 0.002581 0.0023490000000000004 0.0019709999999999997 3.3603359301982532 3.3603359301982532 3.3603359301982532 0.00023671604452863779 0.00023671604452863779 0.00023671604452863779 1 1 1 Converged Converged Converged OK OK OK 183 183 183 183 183 183 9 9 9 0 0 0 0 1 0 0 1
6 6 linear 2 23 62 3 0.0001 2.9086634667611073 0.00034997931344948061 0.32822578487891141 0.18343170649279605 -0.29572518963135319 0.24907686346857832 0.5 -0.24805924756993925 3.051855461307627 OK 13 12 3.2556959999999999 0.68723999999999996 0.23491799999999999 2.976591 0.422315 0 0.27910499999999994 0.26492499999999997 0.23491799999999999 0.011132 0.010468 0.0083809999999999996 0.22999999999999993 0.2212320000000001 0.19583899999999999 0.010069 0.007731 0.0065850000000000006 0.0021279999999999997 0.001756 0.001709 3.0518545148397722 3.0518545148397722 3.0518545148397722 0.00022719276613534427 0.00022719276613534427 0.00022719276613534427 1 1 1 Converged Converged Converged OK OK OK 151 151 151 151 151 151 9 9 9 0 0 0 0 1 0 0 1
6 6 linear 3 0 63 0 0.001 2.9086634667611073 0.00034997931344948061 0.32822578487891141 0.46206451519941144 0.12018504839133567 0.39641935822362917 0.5 -0.39540174232499009 2.8164985825934483 OK 15 14 3.394736 3.4649459999999999 0.26320199999999999 3.1201189999999999 3.1672319999999998 0 0.27461700000000011 0.29771400000000003 0.26320199999999999 0.017201999999999999 0.018144 0.015901999999999999 0.20156800000000008 0.21358000000000002 0.19547300000000009 0.0071060000000000003 0.0088960000000000011 0.0057289999999999997 0.0015529999999999999 0.0016840000000000002 0.0013520000000000001 2.8164960044206651 2.8164960044206651 2.8164960044206651 0.0023701968355573414 0.0023701968355573414 0.0023701968355573414 1 1 1 Converged Converged Converged OK OK OK 103 103 103 103 103 103 9 9 9 0 0 0 0 0 1 0 0
6 6 linear 3 7 63 1 0.001 2.9086634667611073 0.00034997931344948061 0.32822578487891141 0.46206451519941144 0.12018504839133567 0.43637727986106184 0.5 -0.43535966396242276 2.5575028670181141 OK 15 14 3.57585 0.69742300000000002 0.24123 3.258969 0.42666700000000002 0 0.31688099999999997 0.270756 0.24123 0.016806000000000001 0.016851999999999999 0.013795999999999999 0.25150000000000011 0.220001 0.19740500000000008 0.0095920000000000016 0.0064000000000000003 0.0051980000000000004 0.0015890000000000001 0.0015249999999999999 0.001359 2.55750135784821 2.55750135784821 2.55750135784821 0.0016681227958757639 0.0016681227958757639 0.0016681227958757639 1 1 1 Converged Converged Converged OK OK OK 103 103 103 103 103 103 9 9 9 0 0 0 0 1 0 0 1
6 6 linear 3 15 63 2 0.001 2.9086634667611073 0.00034997931344948061 0.32822578487891141 0.46206451519941144 0.12018504839133567 0.4820434760181278 0.5 -0.48102586011948872 2.3273099571743545 OK 15 14 3.78674 0.68148799999999998 0.222387 3.4877729999999998 0.44095299999999998 0 0.2989670000000002 0.240535 0.222387 0.01668 0.014827 0.013391 0.24048100000000008 0.19675100000000001 0.18200300000000011 0.0093600000000000003 0.0054810000000000006 0.0047399999999999994 0.001487 0.0011360000000000001 0.0010760000000000001 2.3273090826899083 2.3273090826899083 2.3273090826899083 0.0021270252063956591 0.0021270252063956591 0.0021270252063956591 1 1 1 Converged Converged Converged OK OK OK 95 95 95 95 95 95 9 9 9 0 0 0 0 1 0 0 1
6 6 linear 3 23 63 3 0.001 2.9086634667611073 0.00034997931344948061 0.32822578487891141 0.46206451519941144 0.12018504839133567 0.52770967217519371 0.5 -0.52669205627655469 2.1451255723368123 OK 14 13 3.9050769999999999 0.58314200000000005 0.24771299999999999 3.5784940000000001 0.31435600000000002 0 0.32658299999999985 0.26878600000000002 0.24771299999999999 0.013927 0.012473 0.011433 0.25605199999999989 0.21247800000000014 0.19652799999999995 0.011449000000000001 0.0078220000000000008 0.0063870000000000012 0.0024970000000000001 0.0018080000000000001 0.0014479999999999999 2.1451244364284281 2.1451244364284281 2.1451244364284281 0.0012722932940935536 0.0012722932940935536 0.0012722932940935536 1 1 1 Converged Converged Converged OK OK OK 120 120 120 120 120 120 8 8 8 0 0 0 0 1 0 0 1
6 6 linear 3 0 63 0 0.0001 2.9086634667611073 0.00034997931344948061 0.32822578487891141 0.46206451519941144 0.12018504839133567 0.39641935822362917 0.5 -0.39540174232499009 2.8164985825934483 OK 15 14 3.5847440000000002 3.5715020000000002 0.36286800000000002 3.1119720000000002 3.106633 0 0.47277199999999997 0.4648690000000002 0.36286800000000002 0.018345 0.018218000000000002 0.01619 0.34331399999999995 0.3300970000000002 0.26922900000000016 0.014886 0.014670000000000001 0.0089349999999999985 0.0032670000000000004 0.003444 0.0018980000000000002 2.8164958749099078 2.8164958749099078 2.8164958749099078 0.00010298197217410635 0.00010298197217410635 0.00010298197217410635 1 1 1 Converged Converged Converged OK OK OK 143 143 143 143 143 143 9 9 9 0 0 0 0 0 1 0 0
6 6 linear 3 7 63 1 0.0001 2.9086634667611073 0.00034997931344948061 0.32822578487891141 0.46206451519941144 0.12018504839133567 0.43637727986106184 0.5 -0.43535966396242276 2.5575028670181141 OK 15 14 3.6626880000000002 0.79049700000000001 0.327816 3.2982610000000001 0.42191699999999999 0 0.36442700000000006 0.36858000000000002 0.327816 0.017065 0.015249 0.013807 0.29196199999999983 0.30548400000000009 0.27070399999999994 0.012874 0.0096129999999999983 0.0078890000000000019 0.0032339999999999999 0.001954 0.0017720000000000001 2.5575010579765034 2.5575010579765034 2.5575010579765034 0.00012852039772959253 0.00012852039772959253 0.00012852039772959253 1 1 1 Converged Converged Converged OK OK OK 143 143 143 143 143 143 9 9 9 0 0 0 0 1 0 0 1
6 6 linear 3 15 63 2 0.0001 2.9086634667611073 0.00034997931344948061 0.32822578487891141 0.46206451519941144 0.12018504839133567 0.4820434760181278 0.5 -0.48102586011948872 2.3273099571743545 OK 15 14 3.8918569999999999 0.80099600000000004 0.33518599999999998 3.448801 0.44448799999999999 0 0.44305599999999989 0.35650800000000005 0.33518599999999998 0.016938999999999999 0.014709 0.013429 0.35285800000000028 0.29603300000000005 0.27824100000000007 0.01468 0.0092109999999999987 0.0080669999999999995 0.00281 0.0017059999999999998 0.0016579999999999998 2.3273088027175395 2.3273088027175395 2.3273088027175395 0.0001519780081153582 0.0001519780081153582 0.0001519780081153582 1 1 1 Converged Converged Converged OK OK OK 143 143 143 143 143 143 9 9 9 0 0 0 0 1 0 0 1
6 6 linear 3 23 63 3 0.0001 2.9086634667611073 0.00034997931344948061 0.32822578487891141 0.46206451519941144 0.12018504839133567 0.52770967217519371 0.5 -0.52669205627655469 2.1451255723368123 OK 14 13 4.1372359999999997 0.77935100000000002 0.40924899999999997 3.6159349999999999 0.333007 0 0.52130099999999979 0.44634400000000002 0.40924899999999997 0.014116 0.012612999999999999 0.011859 0.40144700000000005 0.35434700000000002 0.32286300000000012 0.022956999999999998 0.016487999999999999 0.014504000000000001 0.0026689999999999995 0.0023369999999999997 0.0021050000000000001 2.1451245220652222 2.1451245220652222 2.1451245220652222 6.786374402192172e-05 6.786374402192172e-05 6.786374402192172e-05 1 1 1 Converged Converged Converged OK OK OK 208 208 208 208 208 208 8 8 8 0 0 0 0 1 0 0 1
6 6 linear 4 0 64 0 0.001 2.9086634667611073 0.00034997931344948061 0.32822578487891141 -0.17442926526199976 0.54177895374675877 -0.24007442223778203 0.5 0.24109203813642111 1.9736233200377311 OK 13 12 3.2188219999999998 3.1991930000000002 0.110418 3.0797490000000001 3.0603989999999999 0 0.13907299999999978 0.13879400000000031 0.110418 0.011672 0.010982 0.0093419999999999996 0.10130700000000001 0.10220799999999999 0.080648000000000011 0.0044879999999999998 0.0046299999999999996 0.0033670000000000002 0.0009720000000000001 0.00090500000000000021 0.00075299999999999998 1.9736233249730171 1.9736233249730171 1.9736233249730171 0.00041475809075450313 0.00041475809075450313 0.00041475809075450313 1 1 1 Converged Converged Converged OK OK OK 59 59 59 59 59 59 5 5 5 0 0 0 0 0 1 0 0
6 6 linear 4 7 64 1 0.001 2.9086634667611073 0.00034997931344948061 0.32822578487891141 -0.17442926526199976 0.54177895374675877 -0.20011650060034936 0.5 0.20113411649898844 2.0187166605214371 OK 13 12 3.24539 0.433425 0.103945 3.1122939999999999 0.29044199999999998 0 0.1330960000000001 0.14298300000000003 0.103945 0.010545000000000001 0.0093419999999999996 0.0079939999999999994 0.10155999999999998 0.11421899999999997 0.079581000000000027 0.0045649999999999996 0.0040450000000000009 0.0031000000000000003 0.00088900000000000003 0.00086399999999999997 0.000696 2.0187155022268133 2.0187155022268133 2.0187155022268133 0.00018805969802126367 0.00018805969802126367 0.00018805969802126367 1 1 1 Converged Converged Converged OK OK OK 59 59 59 59 59 59 5 5 5 0 0 0 0 1 0 0 1
6 6 linear 4 15 64 2 0.001 2.9086634667611073 0.00034997931344948061 0.32822578487891141 -0.17442926526199976 0.54177895374675877 -0.15445030444328339 0.5 0.15546792034192247 2.064178284222185 OK 13 12 3.3333270000000002 0.40721000000000002 0.093928999999999999 3.1957520000000001 0.30189500000000002 0 0.137575 0.10531499999999999 0.093928999999999999 0.010611000000000001 0.0091260000000000004 0.0079030000000000003 0.10884999999999999 0.081316999999999987 0.072335999999999998 0.00382 0.0029199999999999999 0.002428 0.00082699999999999994 0.00078700000000000005 0.00068999999999999986 2.0641768031569669 2.0641768031569669 2.0641768031569669 0.00069683058602187291 0.00069683058602187291 0.00069683058602187291 1 1 1 Converged Converged Converged OK OK OK 51 51 51 51 51 51 5 5 5 0 0 0 0 1 0 0 1
6 6 linear 4 23 64 3 0.001 2.9086634667611073 0.00034997931344948061 0.32822578487891141 -0.17442926526199976 0.54177895374675877 -0.10878410828621747 0.5 0.10980172418485655 2.1007699342274839 OK 13 12 3.1860560000000002 0.277665 0.099566000000000002 3.055018 0.166938 0 0.13103800000000021 0.11072699999999999 0.099566000000000002 0.011186 0.0088839999999999995 0.0079290000000000003 0.097701999999999997 0.084630000000000025 0.07571799999999998 0.0045649999999999996 0.0033660000000000001 0.0026800000000000001 0.001018 0.00087499999999999991 0.00079200000000000006 2.1007688003642313 2.1007688003642313 2.1007688003642313 0.00066180634246390329 0.00066180634246390329 0.00066180634246390329 1 1 1 Converged Converged Converged OK OK OK 59 59 59 59 59 59 5 5 5 0 0 0 0 1 0 0 1
6 6 linear 4 0 64 0 0.0001 2.9086634667611073 0.00034997931344948061 0.32822578487891141 -0.17442926526199976 0.54177895374675877 -0.24007442223778203 0.5 0.24109203813642111 1.9736233200377311 OK 13 12 3.2474050000000001 3.3018380000000001 0.15786700000000001 3.0513309999999998 3.107666 0 0.1960740000000003 0.19417200000000001 0.15786700000000001 0.011716000000000001 0.0104 0.0093170000000000006 0.14167500000000005 0.14087 0.11673299999999998 0.0074110000000000001 0.007639 0.0056559999999999996 0.0026210000000000001 0.0024570000000000004 0.001031 1.9736221314213911 1.9736221314213911 1.9736221314213911 5.7251772461375102e-05 5.7251772461375102e-05 5.7251772461375102e-05 1 1 1 Converged Converged Converged OK OK OK 91 91 91 91 91 91 5 5 5 0 0 0 0 0 1 0 0
6 6 linear 4 7 64 1 0.0001 2.9086634667611073 0.00034997931344948061 0.32822578487891141 -0.17442926526199976 0.54177895374675877 -0.20011650060034936 0.5 0.20113411649898844 2.0187166605214371 OK 13 12 3.249438 0.41010400000000002 0.104806 3.1307130000000001 0.28366400000000003 0 0.11872499999999997 0.12644 0.104806 0.010970000000000001 0.010364999999999999 0.0079989999999999992 0.086587000000000011 0.097036999999999984 0.080293000000000017 0.0048070000000000005 0.0040330000000000001 0.0031100000000000004 0.00099500000000000001 0.00080499999999999994 0.00065499999999999998 2.0187155022268133 2.0187155022268133 2.0187155022268133 0.00018805969802126367 0.00018805969802126367 0.00018805969802126367 1 1 1 Converged Converged Converged OK OK OK 59 59 59 59 59 59 5 5 5 0 0 0 0 1 0 0 1
6 6 linear 4 15 64 2 0.0001 2.9086634667611073 0.00034997931344948061 0.32822578487891141 -0.17442926526199976 0.54177895374675877 -0.15445030444328339 0.5 0.15546792034192247 2.064178284222185 OK 13 12 3.3568340000000001 0.42860300000000001 0.116109 3.208936 0.29223399999999999 0 0.14789800000000008 0.13636900000000002 0.116109 0.010515 0.010008 0.0078759999999999993 0.11393399999999998 0.10689600000000002 0.09034799999999997 0.0052639999999999996 0.0039089999999999993 0.0033210000000000002 0.00116 0.001065 0.00095300000000000007 2.0641770980210108 2.0641770980210108 2.0641770980210108 6.4290758687132117e-05 6.4290758687132117e-05 6.4290758687132117e-05 1 1 1 Converged Converged Converged OK OK OK 67 67 67 67 67 67 5 5 5 0 0 0 0 1 0 0 1
6 6 linear 4 23 64 3 0.0001 2.9086634667611073 0.00034997931344948061 0.32822578487891141 -0.17442926526199976 0.54177895374675877 -0.10878410828621747 0.5 0.10980172418485655 2.1007699342274839 OK 13 12 3.2082000000000002 0.29480400000000001 0.11594599999999999 3.061067 0.16603100000000001 0 0.14713300000000018 0.128773 0.11594599999999999 0.010525 0.0086339999999999993 0.0079830000000000005 0.111651 0.10097300000000001 0.086341000000000001 0.0052629999999999994 0.0038309999999999998 0.0031939999999999998 0.0012540000000000001 0.001024 0.00090799999999999995 2.1007687600216292 2.1007687600216292 2.1007687600216292 4.5060089152699694e-05 4.5060089152699694e-05 4.5060089152699694e-05 1 1 1 Converged Converged Converged OK OK OK 67 67 67 67 67 67 5 5 5 0 0 0 0 1 0 0 1
6 6 uniform 0 0 65 0 0.001 2.9086634667611073 0.00034997931344948061 0.32822578487891141 -2.6327910717613539 0.052820750041641946 -2.698436228737136 0 2.6994538446357752 1.0308933909120461 OK 15 14 0.49520599999999998 0.49577399999999999 0.12595100000000001 0.36524499999999999 0.36726300000000001 0 0.12996099999999999 0.12851099999999999 0.12595100000000001 0.011010000000000001 0.010429000000000001 0.010238000000000001 0.079261000000000012 0.079833000000000015 0.078210999999999989 0.0037780000000000005 0.0035140000000000006 0.003251 0.0010319999999999999 0.00099299999999999996 0.0010219999999999999 1.0308929896597014 1.0308929896597014 1.0308929896597014 0.00026011264280013989 0.00026011264280013989 0.00026011264280013989 1 1 1 Converged Converged Converged OK OK OK 94 94 94 94 94 94 10 10 10 0 0 0 0 0 1 0 0
6 6 uniform 0 7 65 1 0.001 2.9086634667611073 0.00034997931344948061 0.32822578487891141 -2.6327910717613539 0.052820750041641946 -2.6584783070997036 0 2.6594959229983428 1.0321183358257426 OK 15 14 0.46199600000000002 0.259326 0.099641999999999994 0.35872599999999999 0.14881900000000001 0 0.10327000000000003 0.11050699999999999 0.099641999999999994 0.0094029999999999999 0.0094319999999999994 0.0086409999999999994 0.073650999999999966 0.081287000000000012 0.072376999999999955 0.0033860000000000001 0.0032569999999999995 0.0029729999999999999 0.00096699999999999998 0.0009540000000000001 0.00089099999999999997 1.0321154664142196 1.0321154664142196 1.0321154664142196 0.00070073784023502663 0.00070073784023502663 0.00070073784023502663 1 1 1 Converged Converged Converged OK OK OK 94 94 94 94 94 94 10 10 10 0 0 0 0 1 0 0 1
6 6 uniform 0 15 65 2 0.001 2.9086634667611073 0.00034997931344948061 0.32822578487891141 -2.6327910717613539 0.052820750041641946 -2.6128121109426377 0 2.6138297268412769 1.0336063680747971 OK 14 13 0.51458000000000004 0.276308 0.110142 0.40071200000000001 0.155468 0 0.11386800000000002 0.12084 0.110142 0.010118 0.0098320000000000005 0.0091570000000000002 0.081293999999999977 0.088863999999999957 0.08010699999999997 0.0036719999999999999 0.0036029999999999994 0.0034120000000000001 0.001111 0.0011620000000000001 0.00096299999999999999 1.0336479309960342 1.0336479309960342 1.0336479309960342 0.00082004744201037054 0.00082004744201037054 0.00082004744201037054 1 1 1 Converged Converged Converged OK OK OK 95 95 95 95 95 95 9 9 9 0 0 0 0 1 0 0 1
6 6 uniform 0 23 65 3 0.001 2.9086634667611073 0.00034997931344948061 0.32822578487891141 -2.6327910717613539 0.052820750041641946 -2.5671459147855717 0 2.568163530684211 1.0351974364244203 OK 15 14 0.63056900000000005 0.33685199999999998 0.12625800000000001 0.49891000000000002 0.19773399999999999 0 0.13165900000000003 0.13911799999999999 0.12625800000000001 0.012992999999999999 0.012741000000000001 0.011922 0.095734999999999945 0.10330799999999998 0.092458999999999972 0.0037799999999999999 0.0038340000000000002 0.0037209999999999995 0.00096400000000000001 0.001127 0.00098900000000000008 1.0351972410337558 1.0351972410337558 1.0351972410337558 0.00092686324937865119 0.00092686324937865119 0.00092686324937865119 1 1 1 Converged Converged Converged OK OK OK 94 94 94 94 94 94 10 10 10 0 0 0 0 1 0 0 1
6 6 uniform 0 0 65 0 0.0001 2.9086634667611073 0.00034997931344948061 0.32822578487891141 -2.6327910717613539 0.052820750041641946 -2.698436228737136 0 2.6994538446357752 1.0308933909120461 OK 15 14 0.51409099999999996 0.53549500000000005 0.14980399999999999 0.36044300000000001 0.37003200000000003 0 0.15364799999999995 0.16546300000000003 0.14980399999999999 0.010898 0.012193000000000001 0.010546 0.096510999999999986 0.10636000000000001 0.095615999999999979 0.0047520000000000001 0.005058 0.0043530000000000001 0.001333 0.001346 0.0012109999999999998 1.0308934355873192 1.0308934355873192 1.0308934355873192 8.594936818098223e-05 8.594936818098223e-05 8.594936818098223e-05 1 1 1 Converged Converged Converged OK OK OK 110 110 110 110 110 110 10 10 10 0 0 0 0 0 1 0 0
6 6 uniform 0 7 65 1 0.0001 2.9086634667611073 0.00034997931344948061 0.32822578487891141 -2.6327910717613539 0.052820750041641946 -2.6584783070997036 0 2.6594959229983428 1.0321183358257426 OK 15 14 0.50045300000000004 0.301344 0.13513 0.36124800000000001 0.15210499999999999 0 0.13920500000000002 0.14923900000000001 0.13513 0.0095390000000000006 0.0097900000000000001 0.0087880000000000007 0.10148800000000002 0.11095099999999997 0.10026099999999999 0.0049110000000000004 0.0050819999999999997 0.0042559999999999994 0.0013550000000000001 0.001402 0.001266 1.0321183008370014 1.0321183008370014 1.0321183008370014 2.7676372097655098e-05 2.7676372097655098e-05 2.7676372097655098e-05 1 1 1 Converged Converged Converged OK OK OK 118 118 118 118 118 118 10 10 10 0 0 0 0 1 0 0 1
6 6 uniform 0 15 65 2 0.0001 2.9086634667611073 0.00034997931344948061 0.32822578487891141 -2.6327910717613539 0.052820750041641946 -2.6128121109426377 0 2.6138297268412769 1.0336063680747971 OK 14 13 0.60943099999999994 0.38595499999999999 0.20830399999999999 0.39535999999999999 0.16100900000000001 0 0.21407099999999996 0.22494599999999998 0.20830399999999999 0.01001 0.010109 0.0094470000000000005 0.15315199999999993 0.16366500000000006 0.15198999999999996 0.0080010000000000012 0.0082510000000000014 0.0074219999999999998 0.0016140000000000002 0.0017300000000000002 0.001591 1.0336064388730841 1.0336064388730841 1.0336064388730841 7.9683493223918958e-05 7.9683493223918958e-05 7.9683493223918958e-05 1 1 1 Converged Converged Converged OK OK OK 151 151 151 151 151 151 9 9 9 0 0 0 0 1 0 0 1
6 6 uniform 0 23 65 3 0.0001 2.9086634667611073 0.00034997931344948061 0.32822578487891141 -2.6327910717613539 0.052820750041641946 -2.5671459147855717 0 2.568163530684211 1.0351974364244203 OK 15 14 0.66335500000000003 0.37215599999999999 0.159078 0.49966899999999997 0.19636799999999999 0 0.16368600000000005 0.175788 0.159078 0.012760000000000001 0.018069999999999999 0.012298999999999999 0.12279199999999997 0.12987699999999999 0.1200729999999999 0.0050369999999999998 0.0049280000000000001 0.0046020000000000002 0.0014250000000000001 0.0014080000000000002 0.001358 1.0351974199372316 1.0351974199372316 1.0351974199372316 4.6272837396712255e-05 4.6272837396712255e-05 4.6272837396712255e-05 1 1 1 Converged Converged Converged OK OK OK 110 110 110 110 110 110 10 10 10 0 0 0 0 1 0 0 1
6 6 uniform 1 0 66 0 0.001 2.9086634667611073 0.00034997931344948061 0.32822578487891141 -0.20538527188593636 -0.03349532157087752 -0.27103042886171863 0 0.27204804476035771 4.9440692031327593 OK 15 14 2.59632 2.551876 0.16802900000000001 2.3676810000000001 2.3602400000000001 0 0.22863899999999981 0.19163599999999992 0.16802900000000001 0.012884 0.013065 0.010473 0.17035599999999995 0.13795300000000005 0.12510600000000002 0.0051680000000000007 0.0050069999999999993 0.0036309999999999997 0.0010690000000000001 0.001101 0.00086799999999999996 4.9440694278646937 4.9440694278646937 4.9440694278646937 0.0039031428719102155 0.0039031428719102155 0.0039031428719102155 1 1 1 Converged Converged Converged OK OK OK 87 87 87 87 87 87 9 9 9 0 0 0 0 0 1 0 0
6 6 uniform 1 7 66 1 0.001 2.9086634667611073 0.00034997931344948061 0.32822578487891141 -0.20538527188593636 -0.03349532157087752 -0.23107250722428596 0 0.23209012312292504 5.3298293581054335 OK 15 14 2.5893009999999999 0.573654 0.15019299999999999 2.4193220000000002 0.41778399999999999 0 0.16997899999999966 0.15587000000000001 0.15019299999999999 0.011443999999999999 0.0096399999999999993 0.0085030000000000001 0.13316999999999993 0.124194 0.121673 0.0050699999999999999 0.0042010000000000007 0.0033740000000000003 0.0010330000000000001 0.00083799999999999999 0.00075500000000000003 5.3298293265038712 5.3298293265038712 5.3298293265038712 0.0026731370650240182 0.0026731370650240182 0.0026731370650240182 1 1 1 Converged Converged Converged OK OK OK 87 87 87 87 87 87 9 9 9 0 0 0 0 1 0 0 1
6 6 uniform 1 15 66 2 0.001 2.9086634667611073 0.00034997931344948061 0.32822578487891141 -0.20538527188593636 -0.03349532157087752 -0.18540631106722 0 0.18642392696585908 5.6496209702637534 OK 15 14 2.618471 0.56874999999999998 0.154117 2.4592710000000002 0.41019899999999998 0 0.15919999999999979 0.158551 0.154117 0.0097450000000000002 0.0092180000000000005 0.0083689999999999997 0.12591399999999994 0.12550800000000004 0.12643300000000002 0.0047609999999999996 0.0037910000000000001 0.0030629999999999998 0.00093499999999999985 0.00087699999999999996 0.00082600000000000002 5.649618790137418 5.649618790137418 5.649618790137418 0.0027691124606076278 0.0027691124606076278 0.0027691124606076278 1 1 1 Converged Converged Converged OK OK OK 87 87 87 87 87 87 9 9 9 0 0 0 0 1 0 0 1
6 6 uniform 1 23 66 3 0.001 2.9086634667611073 0.00034997931344948061 0.32822578487891141 -0.20538527188593636 -0.03349532157087752 -0.13974011491015409 0 0.14075773080879317 5.8780144480146053 OK 15 14 2.9221710000000001 0.54216799999999998 0.15202199999999999 2.7247569999999999 0.38516600000000001 0 0.1974140000000002 0.15700199999999997 0.15202199999999999 0.011098999999999999 0.0095239999999999995 0.0086770000000000007 0.16263900000000001 0.12775099999999998 0.12535300000000002 0.0045909999999999996 0.0034779999999999993 0.0029260000000000002 0.0010499999999999999 0.00095199999999999994 0.00085300000000000003 5.8780143880080011 5.8780143880080011 5.8780143880080011 0.001108783761993689 0.001108783761993689 0.001108783761993689 1 1 1 Converged Converged Converged OK OK OK 87 87 87 87 87 87 9 9 9 0 0 0 0 1 0 0 1
6 6 uniform 1 0 66 0 0.0001 2.9086634667611073 0.00034997931344948061 0.32822578487891141 -0.20538527188593636 -0.03349532157087752 -0.27103042886171863 0 0.27204804476035771 4.9440692031327593 OK 15 14 2.6100249999999998 2.5859459999999999 0.181145 2.3602829999999999 2.3726569999999998 0 0.24974199999999991 0.21328900000000006 0.181145 0.013084 0.013145 0.010292000000000001 0.180447 0.149754 0.134794 0.0061700000000000001 0.0058009999999999997 0.0038449999999999999 0.0014370000000000001 0.0013840000000000002 0.0010570000000000002 4.944069323522406 4.944069323522406 4.944069323522406 0.00025737405913355005 0.00025737405913355005 0.00025737405913355005 1 1 1 Converged Converged Converged OK OK OK 95 95 95 95 95 95 9 9 9 0 0 0 0 0 1 0 0
6 6 uniform 1 7 66 1 0.0001 2.9086634667611073 0.00034997931344948061 0.32822578487891141 -0.20538527188593636 -0.03349532157087752 -0.23107250722428596 0 0.23209012312292504 5.3298293581054335 OK 15 14 2.5791110000000002 0.60069499999999998 0.16087699999999999 2.39941 0.41808200000000001 0 0.17970100000000011 0.18261299999999997 0.16087699999999999 0.011528 0.010389000000000001 0.0085290000000000001 0.14068700000000009 0.14605199999999996 0.13086400000000001 0.0057129999999999993 0.0057650000000000002 0.0036029999999999999 0.0012720000000000001 0.001039 0.00086000000000000009 5.3298293112857502 5.3298293112857502 5.3298293112857502 0.00032064732663470233 0.00032064732663470233 0.00032064732663470233 1 1 1 Converged Converged Converged OK OK OK 95 95 95 95 95 95 9 9 9 0 0 0 0 1 0 0 1
6 6 uniform 1 15 66 2 0.0001 2.9086634667611073 0.00034997931344948061 0.32822578487891141 -0.20538527188593636 -0.03349532157087752 -0.18540631106722 0 0.18642392696585908 5.6496209702637534 OK 15 14 2.6623960000000002 0.58876499999999998 0.17897199999999999 2.4800610000000001 0.41048499999999999 0 0.18233500000000014 0.17827999999999999 0.17897199999999999 0.010019999999999999 0.0093189999999999992 0.0084010000000000005 0.14311999999999991 0.14284799999999997 0.14023299999999994 0.0055379999999999995 0.0043540000000000002 0.0037070000000000002 0.001353 0.0011410000000000001 0.001059 5.6496208632578799 5.6496208632578799 5.6496208632578799 0.00019262829759915392 0.00019262829759915392 0.00019262829759915392 1 1 1 Converged Converged Converged OK OK OK 103 103 103 103 103 103 9 9 9 0 0 0 0 1 0 0 1
6 6 uniform 1 23 66 3 0.0001 2.9086634667611073 0.00034997931344948061 0.32822578487891141 -0.20538527188593636 -0.03349532157087752 -0.13974011491015409 0 0.14075773080879317 5.8780144480146053 OK 15 14 2.929468 0.55518299999999998 0.15925400000000001 2.723039 0.38895299999999999 0 0.20642899999999997 0.16622999999999999 0.15925400000000001 0.011206000000000001 0.0094509999999999993 0.0085839999999999996 0.16963899999999993 0.13528900000000005 0.13081900000000002 0.0052970000000000005 0.0037949999999999998 0.0033080000000000002 0.0013059999999999999 0.001189 0.001049 5.8780143875841588 5.8780143875841588 5.8780143875841588 0.00030162777343622528 0.00030162777343622528 0.00030162777343622528 1 1 1 Converged Converged Converged OK OK OK 95 95 95 95 95 95 9 9 9 0 0 0 0 1 0 0 1
6 6 uniform 2 0 67 0 0.001 2.9086634667611073 0.00034997931344948061 0.32822578487891141 0.18343170649279605 -0.29572518963135319 0.11778654951701377 0 -0.11676893361837469 4.2882295930733534 OK 13 12 2.252713 2.2535280000000002 0.17232800000000001 2.0752700000000002 2.0775579999999998 0 0.1774429999999998 0.1759700000000004 0.17232800000000001 0.011183 0.011294 0.010300999999999999 0.12998800000000008 0.12834699999999999 0.125696 0.0048679999999999999 0.0046699999999999997 0.0035739999999999995 0.001276 0.0013110000000000001 0.0010849999999999998 4.2882024496386881 4.2882024496386881 4.2882024496386881 0.0036759401434963267 0.0036759401434963267 0.0036759401434963267 1 1 1 Converged Converged Converged OK OK OK 87 87 87 87 87 87 9 9 9 0 0 0 0 0 1 0 0
6 6 uniform 2 7 67 1 0.001 2.9086634667611073 0.00034997931344948061 0.32822578487891141 0.18343170649279605 -0.29572518963135319 0.15774447115444645 0 -0.15672685525580737 3.8249159270848838 OK 14 13 2.4277120000000001 0.50572499999999998 0.206952 2.166566 0.27691500000000002 0 0.2611460000000001 0.22880999999999996 0.206952 0.014456 0.013468000000000001 0.01285 0.186943 0.164497 0.14695199999999997 0.0070229999999999997 0.006038 0.0053040000000000006 0.0020200000000000001 0.0015479999999999999 0.0013870000000000002 3.8248883831823282 3.8248883831823282 3.8248883831823282 0.0024594237283503215 0.0024594237283503215 0.0024594237283503215 1 1 1 Converged Converged Converged OK OK OK 118 118 118 118 118 118 10 10 10 0 0 0 0 1 0 0 1
6 6 uniform 2 15 67 2 0.001 2.9086634667611073 0.00034997931344948061 0.32822578487891141 0.18343170649279605 -0.29572518963135319 0.20341066731151242 0 -0.20239305141287334 3.4134351860890231 OK 13 12 2.8184300000000002 0.49694300000000002 0.17629600000000001 2.614849 0.30292200000000002 0 0.20358100000000023 0.194021 0.17629600000000001 0.012002000000000001 0.0099670000000000002 0.0090130000000000002 0.15799599999999991 0.15421099999999999 0.14016799999999993 0.0080670000000000013 0.0064740000000000006 0.0050290000000000005 0.0019299999999999999 0.0015120000000000001 0.001358 3.4134779982770174 3.4134779982770174 3.4134779982770174 0.0032614371925028789 0.0032614371925028789 0.0032614371925028789 1 1 1 Converged Converged Converged OK OK OK 127 127 127 127 127 127 9 9 9 0 0 0 0 1 0 0 1
6 6 uniform 2 23 67 3 0.001 2.9086634667611073 0.00034997931344948061 0.32822578487891141 0.18343170649279605 -0.29572518963135319 0.24907686346857832 0 -0.24805924756993925 3.0874987857703871 OK 13 12 3.2397770000000001 0.59849300000000005 0.17441599999999999 3.0117229999999999 0.40624100000000002 0 0.2280540000000002 0.19225200000000003 0.17441599999999999 0.011140000000000001 0.0092739999999999993 0.0081440000000000002 0.18035700000000005 0.15607499999999994 0.14150499999999996 0.011585999999999999 0.0058230000000000001 0.0047200000000000002 0.0017310000000000001 0.0013939999999999998 0.001371 3.087566956151127 3.087566956151127 3.087566956151127 0.0017768671822008184 0.0017768671822008184 0.0017768671822008184 1 1 1 Converged Converged Converged OK OK OK 127 127 127 127 127 127 9 9 9 0 0 0 0 1 0 0 1
6 6 uniform 2 0 67 0 0.0001 2.9086634667611073 0.00034997931344948061 0.32822578487891141 0.18343170649279605 -0.29572518963135319 0.11778654951701377 0 -0.11676893361837469 4.2882295930733534 OK 13 12 2.2831939999999999 2.2731780000000001 0.19848099999999999 2.0771760000000001 2.0695079999999999 0 0.20601799999999981 0.20367000000000024 0.19848099999999999 0.011276 0.011197 0.010798 0.14723800000000001 0.14575699999999994 0.14410000000000001 0.0060289999999999996 0.0059649999999999998 0.00464 0.0014940000000000001 0.0014299999999999998 0.0013190000000000001 4.2882300732076235 4.2882300732076235 4.2882300732076235 0.00035704836954983756 0.00035704836954983756 0.00035704836954983756 1 1 1 Converged Converged Converged OK OK OK 103 103 103 103 103 103 9 9 9 0 0 0 0 0 1 0 0
6 6 uniform 2 7 67 1 0.0001 2.9086634667611073 0.00034997931344948061 0.32822578487891141 0.18343170649279605 -0.29572518963135319 0.15774447115444645 0 -0.15672685525580737 3.8249159270848838 OK 14 13 2.4852810000000001 0.55680300000000005 0.24971299999999999 2.1761140000000001 0.27927999999999997 0 0.30916699999999997 0.27752300000000008 0.24971299999999999 0.014578000000000001 0.013214999999999999 0.012756999999999999 0.21991299999999989 0.20100600000000005 0.17904599999999984 0.010259000000000001 0.0095599999999999991 0.0072919999999999999 0.0024519999999999998 0.0022690000000000002 0.00199 3.8249168871171171 3.8249168871171171 3.8249168871171171 0.00015786408663586441 0.00015786408663586441 0.00015786408663586441 1 1 1 Converged Converged Converged OK OK OK 158 158 158 158 158 158 10 10 10 0 0 0 0 1 0 0 1
6 6 uniform 2 15 67 2 0.0001 2.9086634667611073 0.00034997931344948061 0.32822578487891141 0.18343170649279605 -0.29572518963135319 0.20341066731151242 0 -0.20239305141287334 3.4134351860890231 OK 13 12 2.9119739999999998 0.59324399999999999 0.27260400000000001 2.5960619999999999 0.290018 0 0.31591199999999997 0.303226 0.27260400000000001 0.011990000000000001 0.010139 0.0087650000000000002 0.22218900000000016 0.22291700000000017 0.19835799999999987 0.016719999999999999 0.013984999999999999 0.011819 0.0027460000000000002 0.002336 0.0021719999999999999 3.413434831276406 3.413434831276406 3.413434831276406 0.00024757322786169149 0.00024757322786169149 0.00024757322786169149 1 1 1 Converged Converged Converged OK OK OK 215 215 215 215 215 215 9 9 9 0 0 0 0 1 0 0 1
6 6 uniform 2 23 67 3 0.0001 2.9086634667611073 0.00034997931344948061 0.32822578487891141 0.18343170649279605 -0.29572518963135319 0.24907686346857832 0 -0.24805924756993925 3.0874987857703871 OK 13 12 3.2683589999999998 0.65061199999999997 0.22065199999999999 2.9916550000000002 0.41103000000000001 0 0.27670399999999962 0.23958199999999996 0.22065199999999999 0.011172 0.0096550000000000004 0.0083590000000000001 0.21798100000000001 0.19009999999999996 0.17463199999999995 0.013770999999999999 0.0095999999999999992 0.0085239999999999986 0.0024509999999999992 0.0021029999999999998 0.0019319999999999999 3.0875032321450133 3.0875032321450133 3.0875032321450133 0.00019837653003854889 0.00019837653003854889 0.00019837653003854889 1 1 1 Converged Converged Converged OK OK OK 183 183 183 183 183 183 9 9 9 0 0 0 0 1 0 0 1
6 6 uniform 3 0 68 0 0.001 2.9086634667611073 0.00034997931344948061 0.32822578487891141 0.46206451519941144 0.12018504839133567 0.39641935822362917 0 -0.39540174232499009 2.8425707090263113 OK 15 14 3.3742380000000001 3.4174440000000001 0.19585900000000001 3.1182449999999999 3.1629800000000001 0 0.25599300000000014 0.25446400000000002 0.19585900000000001 0.018173999999999999 0.017679 0.015868 0.17441500000000004 0.17259199999999994 0.13254599999999997 0.0067829999999999991 0.0070340000000000003 0.0051379999999999993 0.0015570000000000002 0.0016290000000000002 0.0014059999999999999 2.8425709152467169 2.8425709152467169 2.8425709152467169 0.0019339964159178428 0.0019339964159178428 0.0019339964159178428 1 1 1 Converged Converged Converged OK OK OK 103 103 103 103 103 103 9 9 9 0 0 0 0 0 1 0 0
6 6 uniform 3 7 68 1 0.001 2.9086634667611073 0.00034997931344948061 0.32822578487891141 0.46206451519941144 0.12018504839133567 0.43637727986106184 0 -0.43535966396242276 2.575598753712331 OK 15 14 3.4943230000000001 0.670763 0.17416599999999999 3.2973129999999999 0.42176900000000001 0 0.19701000000000013 0.24899399999999999 0.17416599999999999 0.017103 0.016045 0.013605000000000001 0.14475599999999994 0.19588799999999987 0.13128699999999999 0.0065289999999999992 0.0080520000000000001 0.0047650000000000001 0.0015739999999999999 0.0014729999999999999 0.001255 2.5755988092900948 2.5755988092900948 2.5755988092900948 0.0011288483261775372 0.0011288483261775372 0.0011288483261775372 1 1 1 Converged Converged Converged OK OK OK 103 103 103 103 103 103 9 9 9 0 0 0 0 1 0 0 1
6 6 uniform 3 15 68 2 0.001 2.9086634667611073 0.00034997931344948061 0.32822578487891141 0.46206451519941144 0.12018504839133567 0.4820434760181278 0 -0.48102586011948872 2.340034753646302 OK 15 14 3.6799599999999999 0.62618099999999999 0.165934 3.4581 0.446579 0 0.22185999999999995 0.17960199999999998 0.165934 0.016782999999999999 0.014540000000000001 0.013235 0.17049899999999996 0.13737700000000003 0.12643000000000007 0.0061640000000000011 0.0047989999999999994 0.0043309999999999998 0.001467 0.0012210000000000001 0.001103 2.3400349564321434 2.3400349564321434 2.3400349564321434 0.0016421365339909209 0.0016421365339909209 0.0016421365339909209 1 1 1 Converged Converged Converged OK OK OK 95 95 95 95 95 95 9 9 9 0 0 0 0 1 0 0 1
6 6 uniform 3 23 68 3 0.001 2.9086634667611073 0.00034997931344948061 0.32822578487891141 0.46206451519941144 0.12018504839133567 0.52770967217519371 0 -0.52669205627655469 2.1545065485707391 OK 14 13 3.7638829999999999 0.52644299999999999 0.19303200000000001 3.5504549999999999 0.31846000000000002 0 0.21342799999999995 0.20798299999999997 0.19303200000000001 0.013986999999999999 0.012597000000000001 0.011518 0.15262200000000006 0.15456799999999998 0.14388799999999999 0.0081419999999999999 0.006855 0.0058339999999999998 0.0015480000000000003 0.0014939999999999999 0.001333 2.154507083924027 2.154507083924027 2.154507083924027 0.0010733686111977761 0.0010733686111977761 0.0010733686111977761 1 1 1 Converged Converged Converged OK OK OK 120 120 120 120 120 120 8 8 8 0 0 0 0 1 0 0 1
6 6 uniform 3 0 68 0 0.0001 2.9086634667611073 0.00034997931344948061 0.32822578487891141 0.46206451519941144 0.12018504839133567 0.39641935822362917 0 -0.39540174232499009 2.8425707090263113 OK 15 14 3.389967 3.385424 0.22183 3.119891 3.163538 0 0.27007599999999998 0.22188600000000003 0.22183 0.018214000000000001 0.017152000000000001 0.016708000000000001 0.18273200000000003 0.14488699999999999 0.14690400000000003 0.0073999999999999995 0.006979 0.0060490000000000006 0.0018450000000000003 0.0018139999999999999 0.0015980000000000002 2.8425705544243329 2.8425705544243329 2.8425705544243329 0.00027948232167870533 0.00027948232167870533 0.00027948232167870533 1 1 1 Converged Converged Converged OK OK OK 111 111 111 111 111 111 9 9 9 0 0 0 0 0 1 0 0
6 6 uniform 3 7 68 1 0.0001 2.9086634667611073 0.00034997931344948061 0.32822578487891141 0.46206451519941144 0.12018504839133567 0.43637727986106184 0 -0.43535966396242276 2.575598753712331 OK 15 14 3.5449000000000002 0.651644 0.207563 3.3023769999999999 0.41465600000000002 0 0.24252300000000027 0.23698799999999998 0.207563 0.017176 0.015004999999999999 0.013773000000000001 0.16909500000000002 0.17219700000000004 0.15420799999999998 0.0092999999999999992 0.0077149999999999996 0.0066359999999999995 0.0021689999999999999 0.001743 0.0015550000000000002 2.5755986504153632 2.5755986504153632 2.5755986504153632 0.00019757139787413596 0.00019757139787413596 0.00019757139787413596 1 1 1 Converged Converged Converged OK OK OK 127 127 127 127 127 127 9 9 9 0 0 0 0 1 0 0 1
6 6 uniform 3 15 68 2 0.0001 2.9086634667611073 0.00034997931344948061 0.32822578487891141 0.46206451519941144 0.12018504839133567 0.4820434760181278 0 -0.48102586011948872 2.340034753646302 OK 15 14 3.7271179999999999 0.68014600000000003 0.21107500000000001 3.4913799999999999 0.444998 0 0.235738 0.23514800000000002 0.21107500000000001 0.017649000000000001 0.014758 0.013236 0.17621799999999993 0.18125500000000008 0.16027499999999992 0.0083490000000000005 0.007378 0.0063529999999999993 0.001923 0.0017669999999999999 0.0016430000000000001 2.340034620836918 2.340034620836918 2.340034620836918 0.00016196904738685172 0.00016196904738685172 0.00016196904738685172 1 1 1 Converged Converged Converged OK OK OK 127 127 127 127 127 127 9 9 9 0 0 0 0 1 0 0 1
6 6 uniform 3 23 68 3 0.0001 2.9086634667611073 0.00034997931344948061 0.32822578487891141 0.46206451519941144 0.12018504839133567 0.52770967217519371 0 -0.52669205627655469 2.1545065485707391 OK 14 13 3.909392 0.63421499999999997 0.27458100000000002 3.5735839999999999 0.32077499999999998 0 0.33580800000000011 0.31344 0.27458100000000002 0.014126 0.012796 0.011302 0.23999999999999999 0.22914800000000002 0.19799999999999987 0.018058000000000001 0.014489999999999999 0.011781999999999999 0.002078 0.0018949999999999998 0.0018379999999999998 2.1545065653941715 2.1545065653941715 2.1545065653941715 0.00015037021534197896 0.00015037021534197896 0.00015037021534197896 1 1 1 Converged Converged Converged OK OK OK 192 192 192 192 192 192 8 8 8 0 0 0 0 1 0 0 1
6 6 uniform 4 0 69 0 0.001 2.9086634667611073 0.00034997931344948061 0.32822578487891141 -0.17442926526199976 0.54177895374675877 -0.24007442223778203 0 0.24109203813642111 1.9804647144483674 OK 13 12 3.1903519999999999 3.209956 0.101031 3.083107 3.089137 0 0.10724499999999981 0.12081900000000001 0.101031 0.010501999999999999 0.010612999999999999 0.010704999999999999 0.068528000000000006 0.084584000000000034 0.069151000000000018 0.0040070000000000001 0.0042030000000000001 0.003114 0.00088500000000000004 0.00097899999999999984 0.0009140000000000001 1.9804666558253863 1.9804666558253863 1.9804666558253863 0.00076546583756642963 0.00076546583756642963 0.00076546583756642963 1 1 1 Converged Converged Converged OK OK OK 59 59 59 59 59 59 5 5 5 0 0 0 0 0 1 0 0
6 6 uniform 4 7 69 1 0.001 2.9086634667611073 0.00034997931344948061 0.32822578487891141 -0.17442926526199976 0.54177895374675877 -0.20011650060034936 0 0.20113411649898844 2.0261745518905694 OK 13 12 3.2241110000000002 0.40168999999999999 0.094135999999999997 3.1092909999999998 0.291099 0 0.11482000000000037 0.11059099999999999 0.094135999999999997 0.010603 0.010388 0.0093589999999999993 0.082071999999999978 0.081441000000000013 0.068015000000000006 0.0047850000000000002 0.0035770000000000003 0.002823 0.00088599999999999996 0.00077399999999999995 0.00071999999999999994 2.0261746121787541 2.0261746121787541 2.0261746121787541 0.0003650162518645762 0.0003650162518645762 0.0003650162518645762 1 1 1 Converged Converged Converged OK OK OK 59 59 59 59 59 59 5 5 5 0 0 0 0 1 0 0 1
6 6 uniform 4 15 69 2 0.001 2.9086634667611073 0.00034997931344948061 0.32822578487891141 -0.17442926526199976 0.54177895374675877 -0.15445030444328339 0 0.15546792034192247 2.0722938544841316 OK 13 12 3.3066930000000001 0.39161600000000002 0.081589999999999996 3.2002250000000001 0.29227599999999998 0 0.10646800000000001 0.099340000000000039 0.081589999999999996 0.010683 0.010259000000000001 0.0084790000000000004 0.076288999999999968 0.073013999999999968 0.059475999999999994 0.0036310000000000001 0.0031359999999999999 0.0020919999999999997 0.00078600000000000002 0.00079500000000000003 0.00061300000000000005 2.0722934969654965 2.0722934969654965 2.0722934969654965 0.0009034825755072619 0.0009034825755072619 0.0009034825755072619 1 1 1 Converged Converged Converged OK OK OK 51 51 51 51 51 51 5 5 5 0 0 0 0 1 0 0 1
6 6 uniform 4 23 69 3 0.001 2.9086634667611073 0.00034997931344948061 0.32822578487891141 -0.17442926526199976 0.54177895374675877 -0.10878410828621747 0 0.10980172418485655 2.1094421791571141 OK 13 12 3.1482640000000002 0.28449200000000002 0.083912 3.0445959999999999 0.17794499999999999 0 0.10366800000000032 0.10654700000000003 0.083912 0.010633999999999999 0.010154 0.0079030000000000003 0.073088999999999987 0.078200999999999993 0.060587000000000009 0.0040610000000000004 0.0034300000000000003 0.0024529999999999999 0.00089400000000000005 0.00087599999999999993 0.00066500000000000001 2.1094421700365822 2.1094421700365822 2.1094421700365822 0.00033186677523408992 0.00033186677523408992 0.00033186677523408992 1 1 1 Converged Converged Converged OK OK OK 59 59 59 59 59 59 5 5 5 0 0 0 0 1 0 0 1
6 6 uniform 4 0 69 0 0.0001 2.9086634667611073 0.00034997931344948061 0.32822578487891141 -0.17442926526199976 0.54177895374675877 -0.24007442223778203 0 0.24109203813642111 1.9804647144483674 OK 13 12 3.242426 3.2396579999999999 0.13313700000000001 3.0776300000000001 3.076946 0 0.16479599999999994 0.16271199999999997 0.13313700000000001 0.01155 0.010370000000000001 0.010656000000000001 0.11380500000000003 0.11280699999999995 0.091677999999999982 0.0068359999999999992 0.0069329999999999999 0.0050000000000000001 0.001204 0.001206 0.001073 1.9804646492220146 1.9804646492220146 1.9804646492220146 4.4116121390627147e-05 4.4116121390627147e-05 4.4116121390627147e-05 1 1 1 Converged Converged Converged OK OK OK 91 91 91 91 91 91 5 5 5 0 0 0 0 0 1 0 0
6 6 uniform 4 7 69 1 0.0001 2.9086634667611073 0.00034997931344948061 0.32822578487891141 -0.17442926526199976 0.54177895374675877 -0.20011650060034936 0 0.20113411649898844 2.0261745518905694 OK 13 12 3.2476289999999999 0.43849199999999999 0.10428 3.1168819999999999 0.29063699999999998 0 0.13074699999999995 0.14785500000000001 0.10428 0.010687 0.0091610000000000007 0.0081119999999999994 0.092152000000000012 0.11078700000000002 0.075049999999999964 0.0056619999999999995 0.0058650000000000004 0.0036049999999999997 0.0015179999999999998 0.0010219999999999999 0.00081900000000000007 2.0261745838954064 2.0261745838954064 2.0261745838954064 0.00011915060505513834 0.00011915060505513834 0.00011915060505513834 1 1 1 Converged Converged Converged OK OK OK 75 75 75 75 75 75 5 5 5 0 0 0 0 1 0 0 1
6 6 uniform 4 15 69 2 0.0001 2.9086634667611073 0.00034997931344948061 0.32822578487891141 -0.17442926526199976 0.54177895374675877 -0.15445030444328339 0 0.15546792034192247 2.0722938544841316 OK 13 12 3.3301769999999999 0.43585299999999999 0.10298 3.1992509999999998 0.29633700000000002 0 0.1309260000000001 0.13951599999999997 0.10298 0.010624 0.0097219999999999997 0.0079260000000000008 0.091851000000000002 0.10443400000000001 0.074364999999999987 0.0057959999999999999 0.0043509999999999998 0.0034660000000000003 0.001098 0.001052 0.00087600000000000004 2.0722938305031562 2.0722938305031562 2.0722938305031562 0.00014401977653405679 0.00014401977653405679 0.00014401977653405679 1 1 1 Converged Converged Converged OK OK OK 75 75 75 75 75 75 5 5 5 0 0 0 0 1 0 0 1
6 6 uniform 4 23 69 3 0.0001 2.9086634667611073 0.00034997931344948061 0.32822578487891141 -0.17442926526199976 0.54177895374675877 -0.10878410828621747 0 0.10980172418485655 2.1094421791571141 OK 13 12 3.1555059999999999 0.292132 0.093369999999999995 3.0422769999999999 0.17588200000000001 0 0.11322900000000002 0.11624999999999999 0.093369999999999995 0.01069 0.0099959999999999997 0.0078560000000000001 0.08048000000000001 0.086538999999999991 0.068133999999999986 0.004627 0.0037260000000000001 0.0028930000000000002 0.0010580000000000001 0.00096799999999999989 0.00087100000000000003 2.1094421408386625 2.1094421408386625 2.1094421408386625 5.5137311655152055e-05 5.5137311655152055e-05 5.5137311655152055e-05 1 1 1 Converged Converged Converged OK OK OK 67 67 67 67 67 67 5 5 5 0 0 0 0 1 0 0 1
7 7 linear 0 0 70 0 0.001 0.33630813599839959 0.0038116031987008385 0.0011262887858777108 0.00041214747181102067 -0.00017835366620584425 0.00018688971463547849 0.5 0.0010901160131682819 1749.6141532458228 OK 12 13 0.86319900000000005 0.84508899999999998 0.26005 0.59199299999999999 0.57688399999999995 0 0.27120600000000006 0.26820500000000003 0.26005 0.010763 0.0095989999999999999 0.0092659999999999999 0.22317000000000009 0.22287000000000007 0.216194 0.0056740000000000011 0.0053299999999999997 0.0049790000000000008 0.0015619999999999998 0.001588 0.0014740000000000003 1749.5972217062131 1749.5972217062131 1749.5972217062131 1.7171646145927915 1.7171646145927915 1.7171646145927915 1 1 1 Converged Converged Converged OK OK OK 105 105 105 105 105 105 7 7 7 0 0 0 0 0 1 0 0
7 7 linear 0 7 70 1 0.001 0.33630813599839959 0.0038116031987008385 0.0011262887858777108 0.00041214747181102067 -0.00017835366620584425 0.00032400313204667807 0.5 0.00095300259575708244 1707.9211839243565 OK 12 13 0.89096399999999998 0.81357699999999999 0.286972 0.61123799999999995 0.44844899999999999 0 0.27972600000000003 0.36512800000000001 0.286972 0.0064840000000000002 0.0065409999999999999 0.0061269999999999996 0.23549599999999998 0.32079099999999983 0.23468099999999989 0.0056880000000000003 0.0057029999999999997 0.0053469999999999993 0.0012980000000000003 0.0014900000000000002 0.0013360000000000002 1708.0104545896929 1708.0104545896929 1708.0104545896929 1.0934954350353998 1.0934954350353998 1.0934954350353998 1 1 1 Converged Converged Converged OK OK OK 113 113 113 113 113 113 7 7 7 0 0 0 0 1 0 0 1
7 7 linear 0 15 70 2 0.001 0.33630813599839959 0.0038116031987008385 0.0011262887858777108 0.00041214747181102067 -0.00017835366620584425 0.00048070418051662046 0.5 0.00079630154728714 1631.7673163910065 OK 11 12 0.90702300000000002 0.80135800000000001 0.31786700000000001 0.57599 0.42109200000000002 0 0.33103300000000002 0.38026599999999999 0.31786700000000001 0.0064980000000000003 0.0065170000000000002 0.0058190000000000004 0.28324600000000005 0.33833900000000011 0.27866999999999997 0.00843 0.0075770000000000004 0.0071780000000000004 0.0014829999999999999 0.0012539999999999999 0.001224 1631.7932599194351 1631.7932599194351 1631.7932599194351 0.6087944393121314 0.6087944393121314 0.6087944393121314 1 1 1 Converged Converged Converged OK OK OK 130 130 130 130 130 130 6 6 6 0 0 0 0 1 0 0 1
7 7 linear 0 23 70 3 0.001 0.33630813599839959 0.0038116031987008385 0.0011262887858777108 0.00041214747181102067 -0.00017835366620584425 0.00063740522898656285 0.5 0.00063960049881719766 1519.6008663713758 OK 12 12 0.94039899999999998 0.88559600000000005 0.345246 0.59051200000000004 0.432394 0 0.34988699999999995 0.45320200000000005 0.345246 0.0063590000000000001 0.0063480000000000003 0.0057980000000000002 0.30766600000000022 0.41228099999999984 0.30562299999999981 0.0081899999999999994 0.0076769999999999998 0.0073499999999999989 0.001475 0.0013470000000000001 0.0013479999999999998 1519.6034532661488 1519.6034532661488 1519.6034532661488 0.7357293440995849 0.7357293440995849 0.7357293440995849 1 1 1 Converged Converged Converged OK OK OK 137 137 137 137 137 137 7 7 7 0 0 0 0 1 0 0 1
7 7 linear 0 0 70 0 0.0001 0.33630813599839959 0.0038116031987008385 0.0011262887858777108 0.00041214747181102067 -0.00017835366620584425 0.00018688971463547849 0.5 0.0010901160131682819 1749.6141532458228 OK 12 13 0.96531 0.96773100000000001 0.398565 0.57516599999999996 0.57567299999999999 0 0.39014400000000005 0.39205800000000002 0.398565 0.0095169999999999994 0.0094719999999999995 0.0094470000000000005 0.31986999999999971 0.31958300000000001 0.32984099999999983 0.0074859999999999987 0.0077869999999999997 0.0075880000000000001 0.001763 0.0019149999999999998 0.0020600000000000002 1749.6158482956125 1749.6158482956125 1749.6158482956125 0.11824220899756631 0.11824220899756631 0.11824220899756631 1 1 1 Converged Converged Converged OK OK OK 145 145 145 145 145 145 7 7 7 0 0 0 0 0 1 0 0
7 7 linear 0 7 70 1 0.0001 0.33630813599839959 0.0038116031987008385 0.0011262887858777108 0.00041214747181102067 -0.00017835366620584425 0.00032400313204667807 0.5 0.00095300259575708244 1707.9211839243565 OK 12 13 1.078481 1.0770789999999999 0.46525899999999998 0.61142399999999997 0.44490400000000002 0 0.46705700000000006 0.63217499999999993 0.46525899999999998 0.0065300000000000002 0.0063330000000000001 0.0060930000000000003 0.39349800000000024 0.56112699999999993 0.39496399999999987 0.012726999999999997 0.011318000000000002 0.011403 0.0021050000000000005 0.0019840000000000001 0.0019970000000000001 1708.0204274464554 1708.0204274464554 1708.0204274464554 0.12025205869655946 0.12025205869655946 0.12025205869655946 1 1 1 Converged Converged Converged OK OK OK 193 193 193 193 193 193 7 7 7 0 0 0 0 1 0 0 1
7 7 linear 0 15 70 2 0.0001 0.33630813599839959 0.0038116031987008385 0.0011262887858777108 0.00041214747181102067 -0.00017835366620584425 0.00048070418051662046 0.5 0.00079630154728714 1631.7673163910065 OK 11 12 1.175128 1.1350199999999999 0.62616700000000003 0.59031999999999996 0.41825699999999999 0 0.58480799999999999 0.71676299999999993 0.62616700000000003 0.0064640000000000001 0.0064809999999999998 0.0064400000000000004 0.49558700000000033 0.62662299999999971 0.52821799999999997 0.020133999999999999 0.021107000000000001 0.021486999999999999 0.0018289999999999999 0.0018569999999999999 0.0017819999999999999 1631.7875236906509 1631.7875236906509 1631.7875236906509 0.064778695312693618 0.064778695312693618 0.064778695312693618 1 1 1 Converged Converged Converged OK OK OK 234 234 234 234 234 234 6 6 6 0 0 0 0 1 0 0 1
7 7 linear 0 23 70 3 0.0001 0.33630813599839959 0.0038116031987008385 0.0011262887858777108 0.00041214747181102067 -0.00017835366620584425 0.00063740522898656285 0.5 0.00063960049881719766 1519.6008663713758 OK 12 12 1.1851100000000001 1.216134 0.58902500000000002 0.59150000000000003 0.42818099999999998 0 0.59361000000000008 0.78795300000000013 0.58902500000000002 0.0063759999999999997 0.0064999999999999997 0.006025 0.51480800000000038 0.70909300000000008 0.51214800000000049 0.020063999999999999 0.020312000000000004 0.019185000000000001 0.0018290000000000001 0.0018309999999999997 0.0017640000000000002 1519.6056942644882 1519.6056942644882 1519.6056942644882 0.073904337298766415 0.073904337298766415 0.073904337298766415 1 1 1 Converged Converged Converged OK OK OK 241 241 241 241 241 241 7 7 7 0 0 0 0 1 0 0 1
7 7 linear 1 0 71 0 0.001 0.33630813599839959 0.0038116031987008385 0.0011262887858777108 2.6183914635561849 -0.34378415769985599 2.6181662057990094 0.5 -2.6168892000712054 1.9662536291986568 OK 13 12 0.83465900000000004 0.83419399999999999 0.20707300000000001 0.62619000000000002 0.62011899999999998 0 0.20846900000000002 0.21407500000000002 0.20707300000000001 0.0096769999999999998 0.0094809999999999998 0.0091190000000000004 0.164162 0.1705000000000001 0.16388599999999998 0.0045110000000000003 0.0045440000000000003 0.0045250000000000004 0.001186 0.0011329999999999999 0.001206 1.9662686061620949 1.9662686061620949 1.9662686061620949 0.0012341168967242638 0.0012341168967242638 0.0012341168967242638 1 1 1 Converged Converged Converged OK OK OK 97 97 97 97 97 97 7 7 7 0 0 0 0 0 1 0 0
7 7 linear 1 7 71 1 0.001 0.33630813599839959 0.0038116031987008385 0.0011262887858777108 2.6183914635561849 -0.34378415769985599 2.6183033192164205 0.5 -2.6170263134886165 1.9648212625334662 OK 13 12 1.033439 0.91913800000000001 0.21416499999999999 0.81874100000000005 0.63818900000000001 0 0.21469799999999994 0.280949 0.21416499999999999 0.0086040000000000005 0.0087259999999999994 0.0080180000000000008 0.17939100000000002 0.2454599999999999 0.17797299999999996 0.0045869999999999991 0.0046709999999999998 0.0067470000000000004 0.0010989999999999999 0.0011479999999999997 0.001026 1.9648346329661539 1.9648346329661539 1.9648346329661539 0.0010634138507541479 0.0010634138507541479 0.0010634138507541479 1 1 1 Converged Converged Converged OK OK OK 97 97 97 97 97 97 7 7 7 0 0 0 0 1 0 0 1
7 7 linear 1 15 71 2 0.001 0.33630813599839959 0.0038116031987008385 0.0011262887858777108 2.6183914635561849 -0.34378415769985599 2.6184600202648904 0.5 -2.6171830145370865 1.9574973550944703 OK 13 12 0.84503799999999996 0.74602299999999999 0.188804 0.65366400000000002 0.49079400000000001 0 0.19137399999999993 0.25522899999999998 0.188804 0.0085559999999999994 0.0085959999999999995 0.0079439999999999997 0.15924000000000005 0.22262299999999999 0.15787199999999993 0.0038630000000000001 0.004019 0.003686 0.00088999999999999995 0.00093399999999999993 0.00089599999999999999 1.957509587872267 1.957509587872285 1.957509587872267 0.00092556658154303872 0.00092556658150547892 0.00092556658154303872 1 1 1 Converged Converged Converged OK OK OK 89 89 89 89 89 89 7 7 7 0 0 0 0 1 0 0 1
7 7 linear 1 23 71 3 0.001 0.33630813599839959 0.0038116031987008385 0.0011262887858777108 2.6183914635561849 -0.34378415769985599 2.6186167213133604 0.5 -2.6173397155855564 1.944968092904676 OK 13 12 0.94466099999999997 0.84824900000000003 0.16576399999999999 0.77723699999999996 0.615981 0 0.16742400000000002 0.23226800000000003 0.16576399999999999 0.0084340000000000005 0.0085970000000000005 0.0080029999999999997 0.13730399999999998 0.20200300000000002 0.13695399999999996 0.0036080000000000001 0.003588 0.0033750000000000004 0.00093199999999999999 0.00086600000000000002 0.00087199999999999995 1.944972401768553 1.944972401768553 1.944972401768553 0.00072909633596653783 0.00072909633596653783 0.00072909633596653783 1 1 1 Converged Converged Converged OK OK OK 82 82 82 82 82 82 6 6 6 0 0 0 0 1 0 0 1
7 7 linear 1 0 71 0 0.0001 0.33630813599839959 0.0038116031987008385 0.0011262887858777108 2.6183914635561849 -0.34378415769985599 2.6181662057990094 0.5 -2.6168892000712054 1.9662536291986568 OK 13 12 0.86643400000000004 0.87354200000000004 0.241782 0.62353000000000003 0.62364699999999995 0 0.24290400000000001 0.24989500000000009 0.241782 0.0095960000000000004 0.0097350000000000006 0.0092370000000000004 0.18346899999999997 0.18787499999999996 0.18258399999999991 0.0052630000000000003 0.0057029999999999997 0.0052329999999999998 0.0014969999999999998 0.0014910000000000001 0.00149 1.9662648916732213 1.9662648916732213 1.9662648916732213 0.00015019179618136339 0.00015019179618136339 0.00015019179618136339 1 1 1 Converged Converged Converged OK OK OK 113 113 113 113 113 113 7 7 7 0 0 0 0 0 1 0 0
7 7 linear 1 7 71 1 0.0001 0.33630813599839959 0.0038116031987008385 0.0011262887858777108 2.6183914635561849 -0.34378415769985599 2.6183033192164205 0.5 -2.6170263134886165 1.9648212625334662 OK 13 12 1.068082 1.0118830000000001 0.25273299999999999 0.81091800000000003 0.65400400000000003 0 0.25716399999999995 0.35787900000000006 0.25273299999999999 0.0087880000000000007 0.0097999999999999997 0.0081510000000000003 0.21080199999999993 0.309141 0.20884599999999998 0.005837000000000001 0.0062910000000000006 0.0057539999999999996 0.001456 0.0015649999999999998 0.0013860000000000003 1.9648316576105489 1.9648316576105489 1.9648316576105489 0.00016675532900620521 0.00016675532900620521 0.00016675532900620521 1 1 1 Converged Converged Converged OK OK OK 121 121 121 121 121 121 7 7 7 0 0 0 0 1 0 0 1
7 7 linear 1 15 71 2 0.0001 0.33630813599839959 0.0038116031987008385 0.0011262887858777108 2.6183914635561849 -0.34378415769985599 2.6184600202648904 0.5 -2.6171830145370865 1.9574973550944703 OK 13 12 0.88619300000000001 0.80745100000000003 0.23077900000000001 0.65277499999999999 0.50426499999999996 0 0.23341800000000001 0.30318600000000007 0.23077900000000001 0.0085629999999999994 0.0086160000000000004 0.0079839999999999998 0.19414300000000001 0.26379899999999995 0.19276799999999988 0.005254 0.0054409999999999997 0.005143 0.001279 0.001343 0.0011719999999999999 1.9575069701029908 1.9575069701030088 1.9575069701029908 0.00013404832645063958 0.00013404832641307978 0.00013404832645063958 1 1 1 Converged Converged Converged OK OK OK 113 113 113 113 113 113 7 7 7 0 0 0 0 1 0 0 1
7 7 linear 1 23 71 3 0.0001 0.33630813599839959 0.0038116031987008385 0.0011262887858777108 2.6183914635561849 -0.34378415769985599 2.6186167213133604 0.5 -2.6173397155855564 1.944968092904676 OK 13 12 0.98897999999999997 0.89736300000000002 0.212699 0.77626799999999996 0.60923300000000002 0 0.21271200000000001 0.28813 0.212699 0.0085210000000000008 0.0084279999999999997 0.0079330000000000008 0.17471400000000015 0.25091099999999983 0.17687900000000009 0.0053170000000000005 0.0048949999999999992 0.0046700000000000005 0.0012680000000000002 0.0012459999999999999 0.001178 1.9449698276123633 1.9449698276123633 1.9449698276123633 4.6296353679587379e-05 4.6296353679587379e-05 4.6296353679587379e-05 1 1 1 Converged Converged Converged OK OK OK 106 106 106 106 106 106 6 6 6 0 0 0 0 1 0 0 1
7 7 linear 2 0 72 0 0.001 0.33630813599839959 0.0038116031987008385 0.0011262887858777108 -0.0013335954271823244 -0.0013301069045035324 -0.0015588531843578664 0.5 0.0028358589121616267 416.0989215603887 OK 13 12 0.459733 0.44602199999999997 0.088192000000000006 0.36482500000000001 0.35646699999999998 0 0.094907999999999992 0.089554999999999996 0.088192000000000006 0.011174 0.0096670000000000002 0.0093869999999999995 0.063600000000000018 0.060951999999999999 0.060287000000000014 0.0031689999999999999 0.0029910000000000002 0.0027949999999999997 0.00058900000000000001 0.00057700000000000004 0.000562 416.09863466661665 416.09863466661665 416.09863466661665 0.21588196570193594 0.21588196570193594 0.21588196570193594 1 1 1 Converged Converged Converged OK OK OK 53 53 53 53 53 53 3 3 3 0 0 0 0 0 1 0 0
7 7 linear 2 7 72 1 0.001 0.33630813599839959 0.0038116031987008385 0.0011262887858777108 -0.0013335954271823244 -0.0013301069045035324 -0.001421739766946667 0.5 0.0026987454947504275 433.46322480186478 OK 13 12 0.44233899999999998 0.377944 0.084556000000000006 0.35521900000000001 0.19111700000000001 0 0.087119999999999975 0.18682699999999999 0.084556000000000006 0.0090390000000000002 0.0090699999999999999 0.0085369999999999994 0.06067199999999999 0.16075799999999998 0.059632000000000004 0.0031990000000000005 0.003055 0.0028490000000000004 0.00061899999999999998 0.00063399999999999991 0.00061800000000000006 433.46294133393371 433.46294133393371 433.46294133393371 0.23101509170867007 0.23101509170867007 0.23101509170867007 1 1 1 Converged Converged Converged OK OK OK 53 53 53 53 53 53 3 3 3 0 0 0 0 1 0 0 1
7 7 linear 2 15 72 2 0.001 0.33630813599839959 0.0038116031987008385 0.0011262887858777108 -0.0013335954271823244 -0.0013301069045035324 -0.0012650387184767245 0.5 0.002542044446280485 456.79344826716527 OK 13 12 0.441612 0.37363499999999999 0.087181999999999996 0.35735499999999998 0.19781499999999999 0 0.084257000000000026 0.17582 0.087181999999999996 0.0090849999999999993 0.0090930000000000004 0.0085190000000000005 0.057978999999999975 0.149753 0.057559999999999986 0.0029139999999999999 0.0029420000000000002 0.0027979999999999997 0.00059599999999999996 0.00059400000000000002 0.00058399999999999999 456.79314675932352 456.79314675932352 456.79314675932352 0.249544888699467 0.249544888699467 0.249544888699467 1 1 1 Converged Converged Converged OK OK OK 53 53 53 53 53 53 3 3 3 0 0 0 0 1 0 0 1
7 7 linear 2 23 72 3 0.001 0.33630813599839959 0.0038116031987008385 0.0011262887858777108 -0.0013335954271823244 -0.0013301069045035324 -0.0011083376700067823 0.5 0.002385343397810543 485.6159228073202 OK 13 12 0.43027199999999999 0.36412800000000001 0.082294999999999993 0.345053 0.18313599999999999 0 0.085218999999999989 0.18099200000000001 0.082294999999999993 0.0089529999999999992 0.0089879999999999995 0.0085199999999999998 0.058812999999999997 0.15485900000000005 0.057564999999999998 0.0030930000000000003 0.003006 0.0028279999999999998 0.00058799999999999998 0.00056700000000000001 0.00056499999999999996 485.61553966594573 485.61553966594573 485.61553966594573 0.26799699760813883 0.26799699760813883 0.26799699760813883 1 1 1 Converged Converged Converged OK OK OK 53 53 53 53 53 53 3 3 3 0 0 0 0 1 0 0 1
7 7 linear 2 0 72 0 0.0001 0.33630813599839959 0.0038116031987008385 0.0011262887858777108 -0.0013335954271823244 -0.0013301069045035324 -0.0015588531843578664 0.5 0.0028358589121616267 416.0989215603887 OK 13 12 0.468061 0.472416 0.117683 0.35448000000000002 0.35855500000000001 0 0.11358099999999999 0.11386099999999999 0.117683 0.0097350000000000006 0.0097289999999999998 0.0093819999999999997 0.078761000000000012 0.079207000000000014 0.083624000000000018 0.0037340000000000003 0.0039399999999999999 0.0037569999999999999 0.00071000000000000002 0.00068999999999999997 0.00068500000000000006 416.09864783579997 416.09864783579997 416.09864783579997 0.017455101310681922 0.017455101310681922 0.017455101310681922 1 1 1 Converged Converged Converged OK OK OK 69 69 69 69 69 69 3 3 3 0 0 0 0 0 1 0 0
7 7 linear 2 7 72 1 0.0001 0.33630813599839959 0.0038116031987008385 0.0011262887858777108 -0.0013335954271823244 -0.0013301069045035324 -0.001421739766946667 0.5 0.0026987454947504275 433.46322480186478 OK 13 12 0.46299000000000001 0.44080599999999998 0.107581 0.35409400000000002 0.193358 0 0.10889599999999999 0.24744799999999997 0.107581 0.0090989999999999994 0.0090880000000000006 0.0085540000000000008 0.077900000000000011 0.21574400000000002 0.077634999999999982 0.0037830000000000003 0.0039519999999999998 0.0037910000000000001 0.00070699999999999995 0.00073000000000000007 0.00076199999999999998 433.4629383509772 433.4629383509772 433.4629383509772 0.018364061411429877 0.018364061411429877 0.018364061411429877 1 1 1 Converged Converged Converged OK OK OK 69 69 69 69 69 69 3 3 3 0 0 0 0 1 0 0 1
7 7 linear 2 15 72 2 0.0001 0.33630813599839959 0.0038116031987008385 0.0011262887858777108 -0.0013335954271823244 -0.0013301069045035324 -0.0012650387184767245 0.5 0.002542044446280485 456.79344826716527 OK 13 12 0.46634599999999998 0.43057400000000001 0.10516399999999999 0.35789199999999999 0.19891200000000001 0 0.10845399999999999 0.23166200000000001 0.10516399999999999 0.009136 0.0092969999999999997 0.0085649999999999997 0.076777999999999971 0.20036500000000002 0.075431000000000012 0.0041950000000000008 0.0037910000000000001 0.0035960000000000002 0.00077499999999999997 0.00074399999999999998 0.00070999999999999991 456.79313687942152 456.79313687942152 456.79313687942152 0.019709463155613328 0.019709463155613328 0.019709463155613328 1 1 1 Converged Converged Converged OK OK OK 69 69 69 69 69 69 3 3 3 0 0 0 0 1 0 0 1
7 7 linear 2 23 72 3 0.0001 0.33630813599839959 0.0038116031987008385 0.0011262887858777108 -0.0013335954271823244 -0.0013301069045035324 -0.0011083376700067823 0.5 0.002385343397810543 485.6159228073202 OK 13 12 0.457007 0.422348 0.108442 0.34817700000000001 0.183613 0 0.10882999999999998 0.238735 0.108442 0.0089149999999999993 0.0090100000000000006 0.0085159999999999993 0.077646000000000021 0.20779699999999995 0.078441000000000011 0.0040029999999999996 0.0039139999999999999 0.0038070000000000001 0.00071299999999999998 0.00069200000000000002 0.00068999999999999997 485.61552900075583 485.61552900075583 485.61552900075583 0.021527477200798509 0.021527477200798509 0.021527477200798509 1 1 1 Converged Converged Converged OK OK OK 69 69 69 69 69 69 3 3 3 0 0 0 0 1 0 0 1
7 7 linear 3 0 73 0 0.001 0.33630813599839959 0.0038116031987008385 0.0011262887858777108 -0.0014129703103382015 -0.0016329045277096736 -0.0016382280675137435 0.5 0.0029152337953175043 371.49274552234385 OK 13 12 0.44775799999999999 0.44534899999999999 0.087401999999999994 0.35828500000000002 0.35586000000000001 0 0.089472999999999969 0.089488999999999985 0.087401999999999994 0.0099139999999999992 0.0098499999999999994 0.0094549999999999999 0.060105000000000013 0.060191000000000001 0.059410999999999971 0.0030340000000000002 0.0031989999999999996 0.0028370000000000001 0.00063199999999999997 0.00060700000000000001 0.00059999999999999995 371.49251690834268 371.49251690834268 371.49251690834268 0.159225768315538 0.159225768315538 0.159225768315538 1 1 1 Converged Converged Converged OK OK OK 53 53 53 53 53 53 3 3 3 0 0 0 0 0 1 0 0
7 7 linear 3 7 73 1 0.001 0.33630813599839959 0.0038116031987008385 0.0011262887858777108 -0.0014129703103382015 -0.0016329045277096736 -0.0015011146501025441 0.5 0.0027781203779063046 385.85023473785753 OK 13 12 0.44296400000000002 0.400895 0.080456 0.36049100000000001 0.21379600000000001 0 0.082473000000000019 0.18709899999999999 0.080456 0.0091070000000000005 0.0092099999999999994 0.0086650000000000008 0.056264000000000002 0.16064699999999998 0.055571999999999996 0.0028869999999999998 0.0030140000000000002 0.0028340000000000001 0.00061400000000000007 0.00061899999999999998 0.00055199999999999997 385.84999918185468 385.84999918185468 385.84999918185468 0.17522840265173315 0.17522840265173315 0.17522840265173315 1 1 1 Converged Converged Converged OK OK OK 53 53 53 53 53 53 3 3 3 0 0 0 0 1 0 0 1
7 7 linear 3 15 73 2 0.001 0.33630813599839959 0.0038116031987008385 0.0011262887858777108 -0.0014129703103382015 -0.0016329045277096736 -0.0013444136016326016 0.5 0.0026214193294363621 404.42645593629999 OK 13 12 0.42836600000000002 0.38585700000000001 0.080227000000000007 0.345887 0.18868699999999999 0 0.082479000000000025 0.19717000000000001 0.080227000000000007 0.0090310000000000008 0.0091809999999999999 0.0084950000000000008 0.056386999999999986 0.17091099999999995 0.055574999999999999 0.0029779999999999997 0.0030860000000000002 0.0028050000000000002 0.00060099999999999997 0.00060300000000000002 0.00056799999999999993 404.42621472999781 404.42621472999781 404.42621472999781 0.19228146278208849 0.19228146278208849 0.19228146278208849 1 1 1 Converged Converged Converged OK OK OK 53 53 53 53 53 53 3 3 3 0 0 0 0 1 0 0 1
7 7 linear 3 23 73 3 0.001 0.33630813599839959 0.0038116031987008385 0.0011262887858777108 -0.0014129703103382015 -0.0016329045277096736 -0.0011877125531626594 0.5 0.0024647182809664197 426.03517145280125 OK 13 12 0.44547500000000001 0.41078500000000001 0.083628999999999995 0.35932399999999998 0.19663600000000001 0 0.086151000000000033 0.21414900000000001 0.083628999999999995 0.0091690000000000001 0.0092840000000000006 0.0085079999999999999 0.059868999999999992 0.187806 0.058993999999999998 0.0029649999999999998 0.002934 0.0027230000000000002 0.00056300000000000002 0.00059900000000000003 0.00053600000000000002 426.03491487752547 426.03491487752547 426.03491487752547 0.20776002559162265 0.20776002559162265 0.20776002559162265 1 1 1 Converged Converged Converged OK OK OK 53 53 53 53 53 53 3 3 3 0 0 0 0 1 0 0 1
7 7 linear 3 0 73 0 0.0001 0.33630813599839959 0.0038116031987008385 0.0011262887858777108 -0.0014129703103382015 -0.0016329045277096736 -0.0016382280675137435 0.5 0.0029152337953175043 371.49274552234385 OK 13 12 0.48017199999999999 0.46422600000000003 0.111592 0.359935 0.35244900000000001 0 0.12023699999999998 0.11177700000000002 0.111592 0.011268 0.0097450000000000002 0.0095200000000000007 0.079656999999999992 0.077414000000000011 0.07728500000000002 0.0075060000000000014 0.0038600000000000006 0.0039640000000000005 0.00078399999999999987 0.0007719999999999999 0.00079199999999999995 371.4925052709342 371.4925052709342 371.4925052709342 0.0016555148664446565 0.0016555148664446565 0.0016555148664446565 1 1 1 Converged Converged Converged OK OK OK 69 69 69 69 69 69 3 3 3 0 0 0 0 0 1 0 0
7 7 linear 3 7 73 1 0.0001 0.33630813599839959 0.0038116031987008385 0.0011262887858777108 -0.0014129703103382015 -0.0016329045277096736 -0.0015011146501025441 0.5 0.0027781203779063046 385.85023473785753 OK 13 12 0.46581699999999998 0.462677 0.10316400000000001 0.36083999999999999 0.21468200000000001 0 0.10497699999999999 0.24799499999999999 0.10316400000000001 0.0090910000000000001 0.0091240000000000002 0.0086 0.07388500000000002 0.21694499999999997 0.073363999999999971 0.0038770000000000002 0.0038459999999999996 0.003748 0.00072300000000000001 0.00072800000000000002 0.00070899999999999999 385.84999011279865 385.84999011279865 385.84999011279865 0.001731465344594737 0.001731465344594737 0.001731465344594737 1 1 1 Converged Converged Converged OK OK OK 69 69 69 69 69 69 3 3 3 0 0 0 0 1 0 0 1
7 7 linear 3 15 73 2 0.0001 0.33630813599839959 0.0038116031987008385 0.0011262887858777108 -0.0014129703103382015 -0.0016329045277096736 -0.0013444136016326016 0.5 0.0026214193294363621 404.42645593629999 OK 13 12 0.45160699999999998 0.43476900000000002 0.103061 0.34312900000000002 0.18354699999999999 0 0.10847799999999996 0.25122200000000006 0.103061 0.0090100000000000006 0.0090530000000000003 0.0084980000000000003 0.077475999999999989 0.22013500000000003 0.073155999999999985 0.0039029999999999994 0.0038760000000000001 0.0038419999999999999 0.00070399999999999998 0.00070100000000000002 0.000687 404.42620819557487 404.42620819557487 404.42620819557487 0.0018433619625506507 0.0018433619625506507 0.0018433619625506507 1 1 1 Converged Converged Converged OK OK OK 69 69 69 69 69 69 3 3 3 0 0 0 0 1 0 0 1
7 7 linear 3 23 73 3 0.0001 0.33630813599839959 0.0038116031987008385 0.0011262887858777108 -0.0014129703103382015 -0.0016329045277096736 -0.0011877125531626594 0.5 0.0024647182809664197 426.03517145280125 OK 13 12 0.46209800000000001 0.47154800000000002 0.10693 0.35352099999999997 0.20122799999999999 0 0.10857700000000003 0.27032 0.10693 0.0091190000000000004 0.0091909999999999995 0.0085140000000000007 0.077717000000000022 0.23822500000000002 0.077273999999999995 0.0038430000000000001 0.0043840000000000007 0.0037430000000000002 0.00072999999999999996 0.00067600000000000006 0.00065200000000000002 426.0349103716685 426.0349103716685 426.0349103716685 0.0020050504524706946 0.0020050504524706946 0.0020050504524706946 1 1 1 Converged Converged Converged OK OK OK 69 69 69 69 69 69 3 3 3 0 0 0 0 1 0 0 1
7 7 linear 4 0 74 0 0.001 0.33630813599839959 0.0038116031987008385 0.0011262887858777108 2.6146070931343615 -0.34596232427785872 2.6143818353771859 0.5 -2.613104829649382 1.3050702723239749 OK 13 12 0.53931899999999999 0.56003599999999998 0.11401699999999999 0.42400300000000002 0.44134499999999999 0 0.11531599999999997 0.11869099999999999 0.11401699999999999 0.0088489999999999992 0.0087709999999999993 0.0086169999999999997 0.084323999999999996 0.087398000000000003 0.083667000000000033 0.0030909999999999996 0.0032680000000000001 0.003052 0.000727 0.00079500000000000003 0.00069899999999999997 1.3050694737776485 1.3050694737776485 1.3050694737776485 0.00049382656554773608 0.00049382656554773608 0.00049382656554773608 1 1 1 Converged Converged Converged OK OK OK 61 61 61 61 61 61 3 3 3 0 0 0 0 0 1 0 0
7 7 linear 4 7 74 1 0.001 0.33630813599839959 0.0038116031987008385 0.0011262887858777108 2.6146070931343615 -0.34596232427785872 2.614518948794597 0.5 -2.613241943066793 1.3123702896502201 OK 13 12 0.49417499999999998 0.44460699999999997 0.112763 0.37983800000000001 0.226184 0 0.11433699999999997 0.21842299999999998 0.112763 0.0081030000000000008 0.0093699999999999999 0.0077270000000000004 0.086717000000000002 0.18866599999999997 0.086244999999999974 0.0031870000000000002 0.0035440000000000003 0.0031450000000000002 0.00070100000000000013 0.00077100000000000009 0.00067299999999999999 1.3123695160039222 1.3123695160039222 1.3123695160039222 0.00050615672490071932 0.00050615672490071932 0.00050615672490071932 1 1 1 Converged Converged Converged OK OK OK 61 61 61 61 61 61 3 3 3 0 0 0 0 1 0 0 1
7 7 linear 4 15 74 2 0.001 0.33630813599839959 0.0038116031987008385 0.0011262887858777108 2.6146070931343615 -0.34596232427785872 2.614675649843067 0.5 -2.613398644115263 1.3213169996874186 OK 13 12 0.51624700000000001 0.42706499999999997 0.11616899999999999 0.401669 0.23333899999999999 0 0.11457800000000001 0.19372599999999998 0.11616899999999999 0.0081429999999999992 0.0081740000000000007 0.0076309999999999998 0.087136999999999992 0.16609700000000002 0.089702000000000032 0.0031809999999999998 0.0032030000000000001 0.0031050000000000001 0.00068199999999999999 0.00072100000000000007 0.00068100000000000007 1.3213161917355329 1.3213161917355329 1.3213161917355329 0.00052117648165809192 0.00052117648165809192 0.00052117648165809192 1 1 1 Converged Converged Converged OK OK OK 61 61 61 61 61 61 3 3 3 0 0 0 0 1 0 0 1
7 7 linear 4 23 74 3 0.001 0.33630813599839959 0.0038116031987008385 0.0011262887858777108 2.6146070931343615 -0.34596232427785872 2.614832350891537 0.5 -2.613555345163733 1.3310236496788344 OK 13 12 0.54405000000000003 0.421574 0.11706 0.40615800000000002 0.22900300000000001 0 0.13789200000000001 0.19257099999999999 0.11706 0.0093089999999999996 0.0081939999999999999 0.0077200000000000003 0.104424 0.16491900000000004 0.09057500000000003 0.0047710000000000001 0.0031900000000000001 0.0031190000000000002 0.00070200000000000004 0.00070099999999999991 0.00067199999999999996 1.3310228394511374 1.3310228394511374 1.3310228394511374 0.00053732308758613499 0.00053732308758613499 0.00053732308758613499 1 1 1 Converged Converged Converged OK OK OK 61 61 61 61 61 61 3 3 3 0 0 0 0 1 0 0 1
7 7 linear 4 0 74 0 0.0001 0.33630813599839959 0.0038116031987008385 0.0011262887858777108 2.6146070931343615 -0.34596232427785872 2.6143818353771859 0.5 -2.613104829649382 1.3050702723239749 OK 13 12 0.59767400000000004 0.60008899999999998 0.17183899999999999 0.42083999999999999 0.42651 0 0.17683400000000005 0.17357899999999998 0.17183899999999999 0.0088159999999999992 0.0087379999999999992 0.0085120000000000005 0.13295800000000002 0.13015499999999999 0.12948099999999993 0.0050239999999999998 0.0049739999999999993 0.0048149999999999998 0.00098499999999999998 0.0010609999999999999 0.00099100000000000013 1.3050694741579822 1.3050694741579822 1.3050694741579822 9.9324756989774992e-09 9.9324756989774992e-09 9.9324756989774992e-09 1 1 1 Converged Converged Converged OK OK OK 93 93 93 93 93 93 3 3 3 0 0 0 0 0 1 0 0
7 7 linear 4 7 74 1 0.0001 0.33630813599839959 0.0038116031987008385 0.0011262887858777108 2.6146070931343615 -0.34596232427785872 2.614518948794597 0.5 -2.613241943066793 1.3123702896502201 OK 13 12 0.56543600000000005 0.48625000000000002 0.16746900000000001 0.39416299999999999 0.21554200000000001 0 0.17127300000000006 0.270708 0.16746900000000001 0.0082710000000000006 0.0083090000000000004 0.007607 0.13271699999999997 0.232539 0.13052299999999997 0.0050920000000000002 0.0050749999999999997 0.005025 0.00095599999999999993 0.00093099999999999997 0.00092499999999999993 1.3123695164040967 1.3123695164040967 1.3123695164040967 1.0386423870582841e-08 1.0386423870582841e-08 1.0386423870582841e-08 1 1 1 Converged Converged Converged OK OK OK 93 93 93 93 93 93 3 3 3 0 0 0 0 1 0 0 1
7 7 linear 4 15 74 2 0.0001 0.33630813599839959 0.0038116031987008385 0.0011262887858777108 2.6146070931343615 -0.34596232427785872 2.614675649843067 0.5 -2.613398644115263 1.3213169996874186 OK 13 12 0.58037499999999997 0.50742799999999999 0.164602 0.40521299999999999 0.22590099999999999 0 0.17516199999999998 0.28152699999999997 0.164602 0.0083009999999999994 0.0082579999999999997 0.0076080000000000002 0.13605899999999996 0.23129400000000003 0.12813000000000005 0.0053629999999999997 0.0050109999999999998 0.0048420000000000008 0.00095800000000000008 0.00091199999999999994 0.00087699999999999996 1.3213161921627392 1.3213161921627392 1.3213161921627392 1.0959214697096344e-08 1.0959214697096344e-08 1.0959214697096344e-08 1 1 1 Converged Converged Converged OK OK OK 93 93 93 93 93 93 3 3 3 0 0 0 0 1 0 0 1
7 7 linear 4 23 74 3 0.0001 0.33630813599839959 0.0038116031987008385 0.0011262887858777108 2.6146070931343615 -0.34596232427785872 2.614832350891537 0.5 -2.613555345163733 1.3310236496788344 OK 13 12 0.57256899999999999 0.490116 0.17314099999999999 0.397507 0.22908800000000001 0 0.175062 0.26102799999999998 0.17314099999999999 0.0081379999999999994 0.0082869999999999992 0.007744 0.13704799999999992 0.22336200000000009 0.13655399999999995 0.0051149999999999998 0.0049829999999999996 0.0048200000000000005 0.00093399999999999993 0.00089899999999999995 0.00088600000000000007 1.3310228399136297 1.3310228399136297 1.3310228399136297 1.160198880385777e-08 1.160198880385777e-08 1.160198880385777e-08 1 1 1 Converged Converged Converged OK OK OK 93 93 93 93 93 93 3 3 3 0 0 0 0 1 0 0 1
7 7 uniform 0 0 75 0 0.001 0.33630813599839959 0.0038116031987008385 0.0011262887858777108 0.00041214747181102067 -0.00017835366620584425 0.00018688971463547849 0 0.0010901160131682819 1671.3052329150528 OK 12 13 0.78357500000000002 0.78707199999999999 0.202376 0.57337099999999996 0.57848500000000003 0 0.21020400000000006 0.20858699999999997 0.202376 0.0095099999999999994 0.0093159999999999996 0.0090720000000000002 0.16514300000000004 0.16339700000000007 0.15988199999999997 0.0050100000000000006 0.0053600000000000002 0.0045120000000000004 0.001397 0.0014170000000000003 0.0012800000000000001 1671.2623387420419 1671.2623387420419 1671.2623387420419 1.0476598475110428 1.0476598475110428 1.0476598475110428 1 1 1 Converged Converged Converged OK OK OK 105 105 105 105 105 105 7 7 7 0 0 0 0 0 1 0 0
7 7 uniform 0 7 75 1 0.001 0.33630813599839959 0.0038116031987008385 0.0011262887858777108 0.00041214747181102067 -0.00017835366620584425 0.00032400313204667807 0 0.00095300259575708244 1640.5106640024323 OK 12 13 0.82201199999999996 0.75087599999999999 0.21577399999999999 0.60557700000000003 0.44529000000000002 0 0.21643499999999993 0.30558599999999997 0.21577399999999999 0.0065669999999999999 0.0065380000000000004 0.0058710000000000004 0.17261199999999996 0.26214899999999997 0.17565000000000014 0.0052430000000000003 0.0055230000000000001 0.0048730000000000006 0.0013669999999999997 0.0014650000000000002 0.0013729999999999997 1640.4967274363025 1640.4967274363025 1640.4967274363025 1.1203364401685185 1.1203364401685185 1.1203364401685185 1 1 1 Converged Converged Converged OK OK OK 113 113 113 113 113 113 7 7 7 0 0 0 0 1 0 0 1
7 7 uniform 0 15 75 2 0.001 0.33630813599839959 0.0038116031987008385 0.0011262887858777108 0.00041214747181102067 -0.00017835366620584425 0.00048070418051662046 0 0.00079630154728714 1582.8089350139198 OK 11 12 0.83409900000000003 0.72828099999999996 0.24892300000000001 0.58179000000000003 0.41641099999999998 0 0.25230900000000001 0.31186999999999998 0.24892300000000001 0.0063959999999999998 0.0065100000000000002 0.0060879999999999997 0.21095400000000009 0.27009 0.20953300000000002 0.0075379999999999996 0.0075449999999999996 0.0070320000000000001 0.0013419999999999999 0.001441 0.0012030000000000001 1582.8181694440561 1582.8181694440561 1582.8181694440561 0.65030855180404101 0.65030855180404101 0.65030855180404101 1 1 1 Converged Converged Converged OK OK OK 130 130 130 130 130 130 6 6 6 0 0 0 0 1 0 0 1
7 7 uniform 0 23 75 3 0.001 0.33630813599839959 0.0038116031987008385 0.0011262887858777108 0.00041214747181102067 -0.00017835366620584425 0.00063740522898656285 0 0.00063960049881719766 1492.2020190700828 OK 12 12 0.87120399999999998 0.81060500000000002 0.26960200000000001 0.59763299999999997 0.42835499999999999 0 0.27357100000000001 0.38225000000000003 0.26960200000000001 0.0063280000000000003 0.0064590000000000003 0.0057869999999999996 0.23284400000000011 0.34143699999999982 0.2308049999999999 0.007528 0.0074830000000000009 0.0068719999999999996 0.001279 0.0014359999999999998 0.0012970000000000002 1492.200370581515 1492.200370581515 1492.200370581515 0.79450660329308287 0.79450660329308287 0.79450660329308287 1 1 1 Converged Converged Converged OK OK OK 137 137 137 137 137 137 7 7 7 0 0 0 0 1 0 0 1
7 7 uniform 0 0 75 0 0.0001 0.33630813599839959 0.0038116031987008385 0.0011262887858777108 0.00041214747181102067 -0.00017835366620584425 0.00018688971463547849 0 0.0010901160131682819 1671.3052329150528 OK 12 13 0.86007500000000003 0.86363000000000001 0.28560600000000003 0.57492900000000002 0.579322 0 0.28514600000000001 0.28430800000000001 0.28560600000000003 0.0095029999999999993 0.0095659999999999999 0.0095630000000000003 0.21842499999999987 0.21839500000000001 0.22106200000000001 0.0067059999999999993 0.0067049999999999992 0.0065470000000000007 0.0017559999999999997 0.001758 0.0016519999999999998 1671.3002430714753 1671.3002430714753 1671.3002430714753 0.096645127840257611 0.096645127840257611 0.096645127840257611 1 1 1 Converged Converged Converged OK OK OK 137 137 137 137 137 137 7 7 7 0 0 0 0 0 1 0 0
7 7 uniform 0 7 75 1 0.0001 0.33630813599839959 0.0038116031987008385 0.0011262887858777108 0.00041214747181102067 -0.00017835366620584425 0.00032400313204667807 0 0.00095300259575708244 1640.5106640024323 OK 12 13 1.090678 1.1013679999999999 0.47811900000000002 0.61037699999999995 0.45277699999999999 0 0.48030100000000009 0.64859099999999992 0.47811900000000002 0.0063239999999999998 0.0064840000000000002 0.006241 0.38906499999999983 0.55663600000000013 0.38893100000000008 0.019818000000000002 0.01968 0.019400000000000001 0.0019689999999999998 0.0021080000000000001 0.0020299999999999997 1640.5130559164907 1640.5130559164907 1640.5130559164907 0.12658842077278734 0.12658842077278734 0.12658842077278734 1 1 1 Converged Converged Converged OK OK OK 249 249 249 249 249 249 7 7 7 0 0 0 0 1 0 0 1
7 7 uniform 0 15 75 2 0.0001 0.33630813599839959 0.0038116031987008385 0.0011262887858777108 0.00041214747181102067 -0.00017835366620584425 0.00048070418051662046 0 0.00079630154728714 1582.8089350139198 OK 11 12 1.01709 0.98963400000000001 0.44399100000000002 0.57958299999999996 0.42732999999999999 0 0.43750700000000009 0.56230400000000003 0.44399100000000002 0.0063220000000000004 0.006515 0.0059959999999999996 0.37133699999999992 0.49528899999999981 0.37422300000000003 0.018813999999999997 0.019368999999999997 0.022712 0.0016259999999999998 0.0017940000000000002 0.0015970000000000003 1582.8103616836333 1582.8103616836333 1582.8103616836333 0.066225105176644816 0.066225105176644816 0.066225105176644816 1 1 1 Converged Converged Converged OK OK OK 234 234 234 234 234 234 6 6 6 0 0 0 0 1 0 0 1
7 7 uniform 0 23 75 3 0.0001 0.33630813599839959 0.0038116031987008385 0.0011262887858777108 0.00041214747181102067 -0.00017835366620584425 0.00063740522898656285 0 0.00063960049881719766 1492.2020190700828 OK 12 12 1.053444 1.0825149999999999 0.46311600000000003 0.59432499999999999 0.432944 0 0.45911900000000005 0.6495709999999999 0.46311600000000003 0.0065579999999999996 0.0063819999999999997 0.0059179999999999996 0.38915399999999994 0.58083799999999997 0.39466400000000035 0.020537999999999997 0.019257 0.019231999999999999 0.001944 0.0017589999999999999 0.0026949999999999999 1492.2029355981547 1492.2029355981547 1492.2029355981547 0.080487588685176623 0.080487588685176623 0.080487588685176623 1 1 1 Converged Converged Converged OK OK OK 241 241 241 241 241 241 7 7 7 0 0 0 0 1 0 0 1
7 7 uniform 1 0 76 0 0.001 0.33630813599839959 0.0038116031987008385 0.0011262887858777108 2.6183914635561849 -0.34378415769985599 2.6181662057990094 0 -2.6168892000712054 1.9897163446436816 OK 13 12 0.7873 0.78024300000000002 0.160325 0.62563999999999997 0.61913300000000004 0 0.16166000000000003 0.16110999999999998 0.160325 0.0095589999999999998 0.0093500000000000007 0.0091660000000000005 0.12443599999999999 0.124588 0.12404200000000004 0.0034480000000000001 0.0034059999999999997 0.0032850000000000002 0.00099700000000000006 0.00099699999999999984 0.0010009999999999999 1.9897194968836516 1.9897194968836516 1.9897194968836516 0.0011688363757321131 0.0011688363757321131 0.0011688363757321131 1 1 1 Converged Converged Converged OK OK OK 81 81 81 81 81 81 7 7 7 0 0 0 0 0 1 0 0
7 7 uniform 1 7 76 1 0.001 0.33630813599839959 0.0038116031987008385 0.0011262887858777108 2.6183914635561849 -0.34378415769985599 2.6183033192164205 0 -2.6170263134886165 1.9793453435875765 OK 13 12 0.98046800000000001 0.84294899999999995 0.16509399999999999 0.80861499999999997 0.63946000000000003 0 0.17185300000000003 0.20348899999999992 0.16509399999999999 0.0086870000000000003 0.0086499999999999997 0.0080459999999999993 0.14125299999999993 0.17405900000000007 0.13682999999999998 0.0033059999999999999 0.0032690000000000002 0.0031210000000000005 0.00094399999999999996 0.00093399999999999993 0.00087600000000000004 1.9793480621202104 1.9793480621202104 1.9793480621202104 0.0011953091422697685 0.0011953091422697685 0.0011953091422697685 1 1 1 Converged Converged Converged OK OK OK 81 81 81 81 81 81 7 7 7 0 0 0 0 1 0 0 1
7 7 uniform 1 15 76 2 0.001 0.33630813599839959 0.0038116031987008385 0.0011262887858777108 2.6183914635561849 -0.34378415769985599 2.6184600202648904 0 -2.6171830145370865 1.9632944950210822 OK 13 12 0.81937300000000002 0.68270600000000004 0.14466000000000001 0.66397499999999998 0.49746699999999999 0 0.15539800000000004 0.18523900000000004 0.14466000000000001 0.0097190000000000002 0.0086680000000000004 0.0080499999999999999 0.12672800000000004 0.15803600000000001 0.11904699999999997 0.0028490000000000004 0.002843 0.0027530000000000002 0.00081999999999999998 0.00076899999999999994 0.00074699999999999994 1.9632969491417431 1.9632969491417562 1.9632969491417431 0.0012903048948658907 0.001290304894839743 0.0012903048948658907 1 1 1 Converged Converged Converged OK OK OK 73 73 73 73 73 73 7 7 7 0 0 0 0 1 0 0 1
7 7 uniform 1 23 76 3 0.001 0.33630813599839959 0.0038116031987008385 0.0011262887858777108 2.6183914635561849 -0.34378415769985599 2.6186167213133604 0 -2.6173397155855564 1.9436960570599489 OK 13 12 0.90643099999999999 0.77486500000000003 0.12531400000000001 0.77922800000000003 0.61582199999999998 0 0.12720299999999995 0.15904300000000005 0.12531400000000001 0.0084019999999999997 0.0084499999999999992 0.0079559999999999995 0.102689 0.13428499999999999 0.10197199999999999 0.002496 0.0024840000000000001 0.0024290000000000002 0.00074400000000000009 0.000776 0.00072499999999999995 1.9436985703756435 1.9436985703756435 1.9436985703756435 0.0012971948425811899 0.0012971948425811899 0.0012971948425811899 1 1 1 Converged Converged Converged OK OK OK 66 66 66 66 66 66 6 6 6 0 0 0 0 1 0 0 1
7 7 uniform 1 0 76 0 0.0001 0.33630813599839959 0.0038116031987008385 0.0011262887858777108 2.6183914635561849 -0.34378415769985599 2.6181662057990094 0 -2.6168892000712054 1.9897163446436816 OK 13 12 0.83040400000000003 0.81001599999999996 0.189633 0.63324800000000003 0.61913200000000002 0 0.197156 0.19088399999999994 0.189633 0.010989000000000001 0.0096530000000000001 0.0090150000000000004 0.14813899999999999 0.1444750000000001 0.14438300000000007 0.0047810000000000005 0.0045759999999999993 0.0045059999999999996 0.0013369999999999999 0.001248 0.0012080000000000001 1.9897168675748469 1.9897168675748469 1.9897168675748469 0.0001636152794491522 0.0001636152794491522 0.0001636152794491522 1 1 1 Converged Converged Converged OK OK OK 105 105 105 105 105 105 7 7 7 0 0 0 0 0 1 0 0
7 7 uniform 1 7 76 1 0.0001 0.33630813599839959 0.0038116031987008385 0.0011262887858777108 2.6183914635561849 -0.34378415769985599 2.6183033192164205 0 -2.6170263134886165 1.9793453435875765 OK 13 12 1.00956 0.90583400000000003 0.19317899999999999 0.81382200000000005 0.64009000000000005 0 0.19573799999999997 0.26574399999999998 0.19317899999999999 0.0086309999999999998 0.0084740000000000006 0.0080619999999999997 0.15938599999999992 0.22979799999999997 0.15820600000000001 0.0043400000000000001 0.0043679999999999995 0.0043239999999999997 0.001199 0.0011659999999999999 0.001168 1.9793455951312717 1.9793455951312717 1.9793455951312717 0.00012269893956576327 0.00012269893956576327 0.00012269893956576327 1 1 1 Converged Converged Converged OK OK OK 105 105 105 105 105 105 7 7 7 0 0 0 0 1 0 0 1
7 7 uniform 1 15 76 2 0.0001 0.33630813599839959 0.0038116031987008385 0.0011262887858777108 2.6183914635561849 -0.34378415769985599 2.6184600202648904 0 -2.6171830145370865 1.9632944950210822 OK 13 12 0.82812200000000002 0.73685599999999996 0.173071 0.64742599999999995 0.49091899999999999 0 0.18069600000000008 0.24593699999999996 0.173071 0.0137 0.0084950000000000008 0.0079380000000000006 0.14180599999999999 0.21249600000000013 0.14086899999999999 0.0039849999999999998 0.0039319999999999997 0.0038540000000000002 0.001067 0.0011090000000000002 0.001049 1.9632945181245287 1.9632945181245418 1.9632945181245287 0.00014220042182032546 0.00014220042179417764 0.00014220042182032546 1 1 1 Converged Converged Converged OK OK OK 97 97 97 97 97 97 7 7 7 0 0 0 0 1 0 0 1
7 7 uniform 1 23 76 3 0.0001 0.33630813599839959 0.0038116031987008385 0.0011262887858777108 2.6183914635561849 -0.34378415769985599 2.6186167213133604 0 -2.6173397155855564 1.9436960570599489 OK 13 12 0.92978099999999997 0.847302 0.15682499999999999 0.77064999999999995 0.62084799999999996 0 0.15913100000000002 0.22645400000000004 0.15682499999999999 0.0083979999999999992 0.0084700000000000001 0.0078279999999999999 0.12757099999999996 0.19475399999999998 0.12286799999999999 0.0037529999999999998 0.003751 0.0036059999999999998 0.001016 0.001036 0.0010120000000000001 1.9436959901228721 1.9436959901228721 1.9436959901228721 8.7286338814499518e-05 8.7286338814499518e-05 8.7286338814499518e-05 1 1 1 Converged Converged Converged OK OK OK 90 90 90 90 90 90 6 6 6 0 0 0 0 1 0 0 1
7 7 uniform 2 0 77 0 0.001 0.33630813599839959 0.0038116031987008385 0.0011262887858777108 -0.0013335954271823244 -0.0013301069045035324 -0.0015588531843578664 0 0.0028358589121616267 418.67440991748208 OK 13 12 0.44015399999999999 0.44092300000000001 0.078389 0.359122 0.36180000000000001 0 0.081031999999999993 0.079122999999999999 0.078389 0.010045999999999999 0.0097839999999999993 0.0094409999999999997 0.051400000000000001 0.050501000000000004 0.050333999999999997 0.0028249999999999998 0.0027950000000000002 0.002699 0.00055000000000000003 0.00054700000000000007 0.00055100000000000006 418.6743354803927 418.6743354803927 418.6743354803927 0.05303316427025298 0.05303316427025298 0.05303316427025298 1 1 1 Converged Converged Converged OK OK OK 53 53 53 53 53 53 3 3 3 0 0 0 0 0 1 0 0
7 7 uniform 2 7 77 1 0.001 0.33630813599839959 0.0038116031987008385 0.0011262887858777108 -0.0013335954271823244 -0.0013301069045035324 -0.001421739766946667 0 0.0026987454947504275 436.21267470256316 OK 13 12 0.43866899999999998 0.36562800000000001 0.074469999999999995 0.36155399999999999 0.193852 0 0.077114999999999989 0.17177600000000001 0.074469999999999995 0.0090580000000000001 0.0090430000000000007 0.0085170000000000003 0.051098000000000011 0.14604999999999999 0.049871999999999993 0.002673 0.0026609999999999997 0.0025890000000000002 0.00054799999999999998 0.000544 0.00052400000000000005 436.21263268561404 436.21263268561404 436.21263268561404 0.041546234471062149 0.041546234471062149 0.041546234471062149 1 1 1 Converged Converged Converged OK OK OK 53 53 53 53 53 53 3 3 3 0 0 0 0 1 0 0 1
7 7 uniform 2 15 77 2 0.001 0.33630813599839959 0.0038116031987008385 0.0011262887858777108 -0.0013335954271823244 -0.0013301069045035324 -0.0012650387184767245 0 0.002542044446280485 459.90196882445059 OK 13 12 0.43280600000000002 0.37200800000000001 0.071701000000000001 0.35914400000000002 0.20660100000000001 0 0.073662000000000005 0.165407 0.071701000000000001 0.0090369999999999999 0.0091009999999999997 0.0084930000000000005 0.047824000000000012 0.13943 0.047252000000000023 0.0026680000000000002 0.0027130000000000001 0.0025400000000000002 0.00055000000000000003 0.00054600000000000004 0.00052399999999999994 459.90195614565442 459.90195614565442 459.90195614565442 0.044567583715243116 0.044567583715243116 0.044567583715243116 1 1 1 Converged Converged Converged OK OK OK 53 53 53 53 53 53 3 3 3 0 0 0 0 1 0 0 1
7 7 uniform 2 23 77 3 0.001 0.33630813599839959 0.0038116031987008385 0.0011262887858777108 -0.0013335954271823244 -0.0013301069045035324 -0.0011083376700067823 0 0.002385343397810543 489.45800499732286 OK 13 12 0.417794 0.354682 0.072094000000000005 0.34403099999999998 0.18459900000000001 0 0.073763000000000023 0.17008299999999998 0.072094000000000005 0.008933 0.0090130000000000002 0.0086199999999999992 0.048157000000000005 0.144094 0.047452999999999995 0.0027420000000000001 0.0027660000000000002 0.0026390000000000003 0.00055600000000000007 0.00055599999999999996 0.00052599999999999999 489.45800042098671 489.45800042098671 489.45800042098671 0.049348249581073284 0.049348249581073284 0.049348249581073284 1 1 1 Converged Converged Converged OK OK OK 53 53 53 53 53 53 3 3 3 0 0 0 0 1 0 0 1
7 7 uniform 2 0 77 0 0.0001 0.33630813599839959 0.0038116031987008385 0.0011262887858777108 -0.0013335954271823244 -0.0013301069045035324 -0.0015588531843578664 0 0.0028358589121616267 418.67440991748208 OK 13 12 0.46836899999999998 0.457986 0.099346000000000004 0.35559299999999999 0.35782700000000001 0 0.11277599999999999 0.100159 0.099346000000000004 0.0098600000000000007 0.0097920000000000004 0.0093430000000000006 0.077138999999999985 0.065740999999999966 0.065463000000000021 0.0037409999999999995 0.0038070000000000001 0.0035950000000000001 0.00071900000000000002 0.00073499999999999998 0.00068799999999999992 418.67438457126025 418.67438457126025 418.67438457126025 0.013659938132952147 0.013659938132952147 0.013659938132952147 1 1 1 Converged Converged Converged OK OK OK 69 69 69 69 69 69 3 3 3 0 0 0 0 0 1 0 0
7 7 uniform 2 7 77 1 0.0001 0.33630813599839959 0.0038116031987008385 0.0011262887858777108 -0.0013335954271823244 -0.0013301069045035324 -0.001421739766946667 0 0.0026987454947504275 436.21267470256316 OK 13 12 0.441494 0.37092799999999998 0.074937000000000004 0.36161500000000002 0.19691900000000001 0 0.079878999999999978 0.17400899999999997 0.074937000000000004 0.010442999999999999 0.0092960000000000004 0.0086440000000000006 0.051931999999999978 0.14717200000000003 0.050251999999999998 0.002787 0.002872 0.0025690000000000001 0.00060800000000000003 0.00057899999999999998 0.00052599999999999999 436.21263268561404 436.21263268561404 436.21263268561404 0.041546234471062149 0.041546234471062149 0.041546234471062149 1 1 1 Converged Converged Converged OK OK OK 53 53 53 53 53 53 3 3 3 0 0 0 0 1 0 0 1
7 7 uniform 2 15 77 2 0.0001 0.33630813599839959 0.0038116031987008385 0.0011262887858777108 -0.0013335954271823244 -0.0013301069045035324 -0.0012650387184767245 0 0.002542044446280485 459.90196882445059 OK 13 12 0.444521 0.36577700000000002 0.071682999999999997 0.36736400000000002 0.19972200000000001 0 0.077156999999999976 0.16605500000000001 0.071682999999999997 0.010536999999999999 0.0091629999999999993 0.0085199999999999998 0.049331999999999987 0.13993000000000003 0.047350999999999997 0.0027349999999999996 0.0027230000000000002 0.0025500000000000002 0.00059299999999999999 0.00059299999999999999 0.00052300000000000003 459.90195614565442 459.90195614565442 459.90195614565442 0.044567583715243116 0.044567583715243116 0.044567583715243116 1 1 1 Converged Converged Converged OK OK OK 53 53 53 53 53 53 3 3 3 0 0 0 0 1 0 0 1
7 7 uniform 2 23 77 3 0.0001 0.33630813599839959 0.0038116031987008385 0.0011262887858777108 -0.0013335954271823244 -0.0013301069045035324 -0.0011083376700067823 0 0.002385343397810543 489.45800499732286 OK 13 12 0.45263100000000001 0.41471799999999998 0.092846999999999999 0.35478700000000002 0.18348800000000001 0 0.097843999999999987 0.23122999999999996 0.092846999999999999 0.0092969999999999997 0.0090629999999999999 0.0084980000000000003 0.066141000000000005 0.20010500000000006 0.063605000000000009 0.0038009999999999997 0.0037460000000000002 0.0034970000000000001 0.00073900000000000007 0.00071299999999999998 0.00065499999999999998 489.45799391461918 489.45799391461918 489.45799391461918 0.017096955625208896 0.017096955625208896 0.017096955625208896 1 1 1 Converged Converged Converged OK OK OK 69 69 69 69 69 69 3 3 3 0 0 0 0 1 0 0 1
7 7 uniform 3 0 78 0 0.001 0.33630813599839959 0.0038116031987008385 0.0011262887858777108 -0.0014129703103382015 -0.0016329045277096736 -0.0016382280675137435 0 0.0029152337953175043 372.94630062115493 OK 13 12 0.43046699999999999 0.430091 0.076693999999999998 0.35228799999999999 0.35205799999999998 0 0.078178999999999998 0.078033000000000019 0.076693999999999998 0.0098040000000000002 0.0098230000000000001 0.0093559999999999997 0.049601000000000013 0.049749999999999996 0.049431999999999997 0.00263 0.0026579999999999998 0.002604 0.00055600000000000007 0.000544 0.00052899999999999996 372.94628588604178 372.94628588604178 372.94628588604178 0.041170089586254933 0.041170089586254933 0.041170089586254933 1 1 1 Converged Converged Converged OK OK OK 53 53 53 53 53 53 3 3 3 0 0 0 0 0 1 0 0
7 7 uniform 3 7 78 1 0.001 0.33630813599839959 0.0038116031987008385 0.0011262887858777108 -0.0014129703103382015 -0.0016329045277096736 -0.0015011146501025441 0 0.0027781203779063046 387.4475157658361 OK 13 12 0.43352800000000002 0.38226599999999999 0.069955000000000003 0.36180699999999999 0.203037 0 0.071721000000000035 0.179229 0.069955000000000003 0.0091129999999999996 0.0090349999999999996 0.0085459999999999998 0.046003000000000009 0.153612 0.045520000000000005 0.0026449999999999998 0.0026540000000000001 0.0025569999999999998 0.00055500000000000005 0.00055099999999999995 0.00053899999999999998 387.44750165605024 387.44750165605024 387.44750165605024 0.038019290187289147 0.038019290187289147 0.038019290187289147 1 1 1 Converged Converged Converged OK OK OK 53 53 53 53 53 53 3 3 3 0 0 0 0 1 0 0 1
7 7 uniform 3 15 78 2 0.001 0.33630813599839959 0.0038116031987008385 0.0011262887858777108 -0.0014129703103382015 -0.0016329045277096736 -0.0013444136016326016 0 0.0026214193294363621 406.26218874099573 OK 13 12 0.41612500000000002 0.369786 0.069989999999999997 0.34457700000000002 0.18326200000000001 0 0.071548 0.186524 0.069989999999999997 0.0090089999999999996 0.0089549999999999994 0.0084960000000000001 0.046040000000000005 0.16106800000000002 0.045584999999999994 0.0026449999999999998 0.0026249999999999997 0.0025579999999999999 0.00054900000000000001 0.00054900000000000001 0.00052899999999999996 406.26217790051072 406.26217790051072 406.26217790051072 0.034440269186740563 0.034440269186740563 0.034440269186740563 1 1 1 Converged Converged Converged OK OK OK 53 53 53 53 53 53 3 3 3 0 0 0 0 1 0 0 1
7 7 uniform 3 23 78 3 0.001 0.33630813599839959 0.0038116031987008385 0.0011262887858777108 -0.0014129703103382015 -0.0016329045277096736 -0.0011877125531626594 0 0.0024647182809664197 428.24755464953961 OK 13 12 0.43266100000000002 0.388125 0.077332999999999999 0.35786400000000002 0.194104 0 0.074797000000000002 0.194021 0.077332999999999999 0.0089709999999999998 0.0091959999999999993 0.012577 0.049223000000000017 0.16817399999999993 0.048946999999999997 0.0026519999999999998 0.0026710000000000002 0.0025639999999999999 0.00054900000000000001 0.000553 0.00052499999999999997 428.24754757299758 428.24754757299758 428.24754757299758 0.031400761486600856 0.031400761486600856 0.031400761486600856 1 1 1 Converged Converged Converged OK OK OK 53 53 53 53 53 53 3 3 3 0 0 0 0 1 0 0 1
7 7 uniform 3 0 78 0 0.0001 0.33630813599839959 0.0038116031987008385 0.0011262887858777108 -0.0014129703103382015 -0.0016329045277096736 -0.0016382280675137435 0 0.0029152337953175043 372.94630062115493 OK 13 12 0.45377499999999998 0.45763999999999999 0.097464999999999996 0.35541800000000001 0.35512100000000002 0 0.098356999999999972 0.10251899999999997 0.097464999999999996 0.0096509999999999999 0.0098770000000000004 0.0093050000000000008 0.064119999999999996 0.064684999999999979 0.063999000000000014 0.003666 0.003735 0.0036480000000000002 0.00072800000000000002 0.00070399999999999998 0.00068900000000000005 372.9462754208364 372.9462754208364 372.9462754208364 0.0037295211531454577 0.0037295211531454577 0.0037295211531454577 1 1 1 Converged Converged Converged OK OK OK 69 69 69 69 69 69 3 3 3 0 0 0 0 0 1 0 0
7 7 uniform 3 7 78 1 0.0001 0.33630813599839959 0.0038116031987008385 0.0011262887858777108 -0.0014129703103382015 -0.0016329045277096736 -0.0015011146501025441 0 0.0027781203779063046 387.4475157658361 OK 13 12 0.42885099999999998 0.38473400000000002 0.070111999999999994 0.35722999999999999 0.20815800000000001 0 0.07162099999999999 0.17657600000000001 0.070111999999999994 0.0090539999999999995 0.0090279999999999996 0.0086049999999999998 0.046061999999999985 0.15096000000000001 0.045581999999999991 0.0025599999999999998 0.002591 0.0025669999999999998 0.00053300000000000005 0.00055499999999999994 0.00052099999999999998 387.44750165605024 387.44750165605024 387.44750165605024 0.038019290187289147 0.038019290187289147 0.038019290187289147 1 1 1 Converged Converged Converged OK OK OK 53 53 53 53 53 53 3 3 3 0 0 0 0 1 0 0 1
7 7 uniform 3 15 78 2 0.0001 0.33630813599839959 0.0038116031987008385 0.0011262887858777108 -0.0014129703103382015 -0.0016329045277096736 -0.0013444136016326016 0 0.0026214193294363621 406.26218874099573 OK 13 12 0.41751899999999997 0.37358200000000003 0.069827 0.34596900000000003 0.18673200000000001 0 0.071549999999999947 0.18685000000000002 0.069827 0.0090620000000000006 0.0090539999999999995 0.0084639999999999993 0.045999999999999985 0.16136199999999998 0.045562000000000005 0.0026180000000000001 0.0026059999999999998 0.002529 0.00058299999999999997 0.00053799999999999996 0.00051999999999999995 406.26217790051072 406.26217790051072 406.26217790051072 0.034440269186740563 0.034440269186740563 0.034440269186740563 1 1 1 Converged Converged Converged OK OK OK 53 53 53 53 53 53 3 3 3 0 0 0 0 1 0 0 1
7 7 uniform 3 23 78 3 0.0001 0.33630813599839959 0.0038116031987008385 0.0011262887858777108 -0.0014129703103382015 -0.0016329045277096736 -0.0011877125531626594 0 0.0024647182809664197 428.24755464953961 OK 13 12 0.43318600000000002 0.39444499999999999 0.073242000000000002 0.35821700000000001 0.19753999999999999 0 0.074969000000000008 0.196905 0.073242000000000002 0.0090659999999999994 0.0091039999999999992 0.0085380000000000005 0.049286000000000003 0.17126899999999992 0.048822000000000004 0.0026170000000000004 0.002627 0.0025539999999999998 0.00055599999999999996 0.00055099999999999995 0.00051899999999999993 428.24754757299758 428.24754757299758 428.24754757299758 0.031400761486600856 0.031400761486600856 0.031400761486600856 1 1 1 Converged Converged Converged OK OK OK 53 53 53 53 53 53 3 3 3 0 0 0 0 1 0 0 1
7 7 uniform 4 0 79 0 0.001 0.33630813599839959 0.0038116031987008385 0.0011262887858777108 2.6146070931343615 -0.34596232427785872 2.6143818353771859 0 -2.613104829649382 1.3058752746224129 OK 13 12 0.51166999999999996 0.50646199999999997 0.078874 0.42888700000000002 0.42701 0 0.08278299999999994 0.079451999999999967 0.078874 0.0089700000000000005 0.0086960000000000006 0.0085419999999999992 0.055907999999999999 0.054492999999999986 0.054632000000000007 0.0022860000000000003 0.0022069999999999998 0.0021229999999999999 0.00058500000000000002 0.000571 0.00053599999999999991 1.305875260903 1.305875260903 1.305875260903 0.0004622775841727039 0.0004622775841727039 0.0004622775841727039 1 1 1 Converged Converged Converged OK OK OK 45 45 45 45 45 45 3 3 3 0 0 0 0 0 1 0 0
7 7 uniform 4 7 79 1 0.001 0.33630813599839959 0.0038116031987008385 0.0011262887858777108 2.6146070931343615 -0.34596232427785872 2.614518948794597 0 -2.613241943066793 1.313256817782237 OK 13 12 0.46934500000000001 0.34842299999999998 0.077995999999999996 0.38817299999999999 0.214423 0 0.081172000000000022 0.13399999999999998 0.077995999999999996 0.0083850000000000001 0.0081139999999999997 0.0076629999999999997 0.058101000000000007 0.11170899999999997 0.056681000000000002 0.002281 0.002313 0.0021610000000000002 0.00056999999999999998 0.000562 0.00053799999999999996 1.3132568039453867 1.3132568039453867 1.3132568039453867 0.00046492882126247413 0.00046492882126247413 0.00046492882126247413 1 1 1 Converged Converged Converged OK OK OK 45 45 45 45 45 45 3 3 3 0 0 0 0 1 0 0 1
7 7 uniform 4 15 79 2 0.001 0.33630813599839959 0.0038116031987008385 0.0011262887858777108 2.6146070931343615 -0.34596232427785872 2.614675649843067 0 -2.613398644115263 1.3223118614006804 OK 13 12 0.48886400000000002 0.35393400000000003 0.077605999999999994 0.40785199999999999 0.23377400000000001 0 0.081012000000000028 0.12016000000000002 0.077605999999999994 0.0083389999999999992 0.0081720000000000004 0.0076930000000000002 0.05761900000000001 0.097972000000000017 0.056329000000000004 0.0023440000000000002 0.0021819999999999999 0.0021559999999999999 0.00061700000000000004 0.00055900000000000004 0.00053499999999999999 1.3223118502197446 1.3223118502197446 1.3223118502197446 0.00046804754751424501 0.00046804754751424501 0.00046804754751424501 1 1 1 Converged Converged Converged OK OK OK 45 45 45 45 45 45 3 3 3 0 0 0 0 1 0 0 1
7 7 uniform 4 23 79 3 0.001 0.33630813599839959 0.0038116031987008385 0.0011262887858777108 2.6146070931343615 -0.34596232427785872 2.614832350891537 0 -2.613555345163733 1.3321479424467075 OK 13 12 0.47879699999999997 0.349327 0.080754999999999993 0.39616000000000001 0.22872100000000001 0 0.08263699999999996 0.12060599999999999 0.080754999999999993 0.0082909999999999998 0.0080990000000000003 0.0076420000000000004 0.059744999999999979 0.09830400000000003 0.059582999999999997 0.0021939999999999998 0.0022199999999999998 0.0021029999999999998 0.000571 0.00056599999999999999 0.00053399999999999997 1.3321479311144431 1.3321479311144431 1.3321479311144431 0.00047121608811766865 0.00047121608811766865 0.00047121608811766865 1 1 1 Converged Converged Converged OK OK OK 45 45 45 45 45 45 3 3 3 0 0 0 0 1 0 0 1
7 7 uniform 4 0 79 0 0.0001 0.33630813599839959 0.0038116031987008385 0.0011262887858777108 2.6146070931343615 -0.34596232427785872 2.6143818353771859 0 -2.613104829649382 1.3058752746224129 OK 13 12 0.52249199999999996 0.529003 0.096744999999999998 0.42454500000000001 0.43163099999999999 0 0.097946999999999951 0.097372000000000014 0.096744999999999998 0.0088310000000000003 0.0086680000000000004 0.0084589999999999995 0.067109999999999989 0.067045999999999994 0.066589999999999996 0.003006 0.003058 0.0030509999999999999 0.00068400000000000004 0.00067900000000000002 0.00065699999999999992 1.3058752609104483 1.3058752609104483 1.3058752609104483 0.00010552648096024992 0.00010552648096024992 0.00010552648096024992 1 1 1 Converged Converged Converged OK OK OK 61 61 61 61 61 61 3 3 3 0 0 0 0 0 1 0 0
7 7 uniform 4 7 79 1 0.0001 0.33630813599839959 0.0038116031987008385 0.0011262887858777108 2.6146070931343615 -0.34596232427785872 2.614518948794597 0 -2.613241943066793 1.313256817782237 OK 13 12 0.47574899999999998 0.39302599999999999 0.094799999999999995 0.37890000000000001 0.21521100000000001 0 0.096848999999999963 0.17781499999999997 0.094799999999999995 0.0081880000000000008 0.0082290000000000002 0.0076649999999999999 0.069279999999999994 0.14938999999999997 0.06856799999999999 0.0031050000000000001 0.0034490000000000002 0.0030119999999999999 0.00068400000000000004 0.00070200000000000004 0.00065699999999999992 1.3132568039525843 1.3132568039525843 1.3132568039525843 0.00010817847644203256 0.00010817847644203256 0.00010817847644203256 1 1 1 Converged Converged Converged OK OK OK 61 61 61 61 61 61 3 3 3 0 0 0 0 1 0 0 1
7 7 uniform 4 15 79 2 0.0001 0.33630813599839959 0.0038116031987008385 0.0011262887858777108 2.6146070931343615 -0.34596232427785872 2.614675649843067 0 -2.613398644115263 1.3223118614006804 OK 13 12 0.49341299999999999 0.405449 0.094312999999999994 0.39690900000000001 0.22931000000000001 0 0.096503999999999979 0.17613899999999999 0.094312999999999994 0.0081390000000000004 0.0081960000000000002 0.0076420000000000004 0.069023000000000001 0.148366 0.068217000000000014 0.0030889999999999997 0.0031980000000000003 0.0029269999999999999 0.00067299999999999999 0.00070600000000000003 0.00066399999999999999 1.322311850227057 1.322311850227057 1.322311850227057 0.00011129807166918487 0.00011129807166918487 0.00011129807166918487 1 1 1 Converged Converged Converged OK OK OK 61 61 61 61 61 61 3 3 3 0 0 0 0 1 0 0 1
7 7 uniform 4 23 79 3 0.0001 0.33630813599839959 0.0038116031987008385 0.0011262887858777108 2.6146070931343615 -0.34596232427785872 2.614832350891537 0 -2.613555345163733 1.3321479424467075 OK 13 12 0.49392399999999997 0.40401500000000001 0.102322 0.39287100000000003 0.22936100000000001 0 0.10105299999999995 0.174654 0.102322 0.0081729999999999997 0.0081980000000000004 0.0076249999999999998 0.073618999999999962 0.14704200000000001 0.076212999999999989 0.0030379999999999999 0.0031119999999999997 0.0029750000000000002 0.00069099999999999999 0.00067600000000000006 0.00065299999999999993 1.3321479311219224 1.3321479311219224 1.3321479311219224 0.0001144674791974018 0.0001144674791974018 0.0001144674791974018 1 1 1 Converged Converged Converged OK OK OK 61 61 61 61 61 61 3 3 3 0 0 0 0 1 0 0 1
8 8 linear 0 0 80 0 0.001 1.0591431915742986 0.090057087844309255 0.0046126106867687023 -0.13960540026925761 0.34598276440599413 -0.14052792240661136 0.5 0.22803100138015231 10.610698557921399 OK 14 13 0.591055 0.58987900000000004 0.19520399999999999 0.39370300000000003 0.39019300000000001 0 0.19735199999999997 0.19968600000000003 0.19520399999999999 0.01328 0.013145 0.012683 0.15402999999999997 0.15712999999999994 0.1536799999999999 0.0039640000000000005 0.0038010000000000001 0.0036510000000000002 0.0009050000000000001 0.00090300000000000005 0.00085499999999999986 10.610634500891292 10.610634500891292 10.610634500891292 0.009158211827143499 0.009158211827143499 0.009158211827143499 1 1 1 Converged Converged Converged OK OK OK 81 81 81 81 81 81 7 7 7 0 0 0 0 0 1 0 0
8 8 linear 0 7 80 1 0.001 1.0591431915742986 0.090057087844309255 0.0046126106867687023 -0.13960540026925761 0.34598276440599413 -0.13996638719256993 0.5 0.22746946616611091 10.847296729372221 OK 14 13 0.59313400000000005 0.52815400000000001 0.19223100000000001 0.40644400000000003 0.26493699999999998 0 0.18669000000000002 0.26321700000000003 0.19223100000000001 0.012226000000000001 0.012187999999999999 0.011514 0.15129400000000001 0.22835299999999994 0.15858900000000001 0.003947 0.0037939999999999996 0.0036449999999999998 0.000843 0.00081900000000000007 0.00078799999999999996 10.847328440263214 10.847328440263214 10.847328440263214 0.0092953333839180686 0.0092953333839180686 0.0092953333839180686 1 1 1 Converged Converged Converged OK OK OK 81 81 81 81 81 81 7 7 7 0 0 0 0 1 0 0 1
8 8 linear 0 15 80 2 0.001 1.0591431915742986 0.090057087844309255 0.0046126106867687023 -0.13960540026925761 0.34598276440599413 -0.13932463266223691 0.5 0.22682771163577786 10.940321316182033 OK 14 13 0.58037000000000005 0.53729800000000005 0.18817 0.39025799999999999 0.24510999999999999 0 0.19011200000000006 0.29218800000000006 0.18817 0.012211 0.012298999999999999 0.011551000000000001 0.155055 0.25695200000000001 0.15456999999999999 0.0037559999999999994 0.0038639999999999998 0.0036439999999999997 0.00082799999999999996 0.00082699999999999994 0.00078600000000000002 10.940334910687673 10.940334910687673 10.940334910687673 0.010243300636890971 0.010243300636890971 0.010243300636890971 1 1 1 Converged Converged Converged OK OK OK 81 81 81 81 81 81 7 7 7 0 0 0 0 1 0 0 1
8 8 linear 0 23 80 3 0.001 1.0591431915742986 0.090057087844309255 0.0046126106867687023 -0.13960540026925761 0.34598276440599413 -0.13868287813190386 0.5 0.22618595710544481 10.84010678556413 OK 14 13 0.57816100000000004 0.539767 0.21904100000000001 0.35674299999999998 0.23913499999999999 0 0.22141800000000006 0.30063200000000001 0.21904100000000001 0.012219000000000001 0.012232 0.011559 0.182925 0.26247100000000007 0.18237100000000009 0.0042260000000000006 0.0042200000000000007 0.0039820000000000003 0.00097999999999999997 0.001003 0.00096900000000000003 10.840103556649394 10.840103556649394 10.840103556649394 0.0082859286676855246 0.0082859286676855246 0.0082859286676855246 1 1 1 Converged Converged Converged OK OK OK 89 89 89 89 89 89 7 7 7 0 0 0 0 1 0 0 1
8 8 linear 0 0 80 0 0.0001 1.0591431915742986 0.090057087844309255 0.0046126106867687023 -0.13960540026925761 0.34598276440599413 -0.14052792240661136 0.5 0.22803100138015231 10.610698557921399 OK 14 13 0.71460000000000001 0.70878699999999994 0.32136199999999998 0.40013399999999999 0.39130700000000002 0 0.31446600000000002 0.31747999999999993 0.32136199999999998 0.01337 0.016695999999999999 0.013010000000000001 0.23200300000000001 0.23195999999999992 0.23991699999999988 0.0068349999999999991 0.0068479999999999991 0.0071989999999999988 0.0016469999999999998 0.0016399999999999997 0.0016819999999999999 10.610632029224334 10.610632029224334 10.610632029224334 0.0010078534039565008 0.0010078534039565008 0.0010078534039565008 1 1 1 Converged Converged Converged OK OK OK 137 137 137 137 137 137 7 7 7 0 0 0 0 0 1 0 0
8 8 linear 0 7 80 1 0.0001 1.0591431915742986 0.090057087844309255 0.0046126106867687023 -0.13960540026925761 0.34598276440599413 -0.13996638719256993 0.5 0.22746946616611091 10.847296729372221 OK 14 13 0.72813000000000005 0.75894700000000004 0.35498800000000003 0.40506799999999998 0.26808399999999999 0 0.32306200000000007 0.49086300000000005 0.35498800000000003 0.012262 0.012527999999999999 0.012841999999999999 0.2664740000000001 0.43253899999999995 0.28841599999999995 0.0075209999999999999 0.0085549999999999984 0.0076120000000000007 0.001531 0.0015809999999999999 0.0015400000000000001 10.847327652730872 10.847327652730872 10.847327652730872 0.00099304169862224085 0.00099304169862224085 0.00099304169862224085 1 1 1 Converged Converged Converged OK OK OK 145 145 145 145 145 145 7 7 7 0 0 0 0 1 0 0 1
8 8 linear 0 15 80 2 0.0001 1.0591431915742986 0.090057087844309255 0.0046126106867687023 -0.13960540026925761 0.34598276440599413 -0.13932463266223691 0.5 0.22682771163577786 10.940321316182033 OK 14 13 0.71285100000000001 0.76942999999999995 0.33135999999999999 0.392206 0.248585 0 0.32064500000000001 0.520845 0.33135999999999999 0.012256 0.013143999999999999 0.012815999999999999 0.26664199999999999 0.46526400000000012 0.2758779999999999 0.0072870000000000018 0.0078350000000000017 0.0077150000000000005 0.001518 0.0015220000000000001 0.0015370000000000004 10.940334033251339 10.940334033251339 10.940334033251339 0.00038096137551643086 0.00038096137551643086 0.00038096137551643086 1 1 1 Converged Converged Converged OK OK OK 145 145 145 145 145 145 7 7 7 0 0 0 0 1 0 0 1
8 8 linear 0 23 80 3 0.0001 1.0591431915742986 0.090057087844309255 0.0046126106867687023 -0.13960540026925761 0.34598276440599413 -0.13868287813190386 0.5 0.22618595710544481 10.84010678556413 OK 14 13 0.68017099999999997 0.72854600000000003 0.32944000000000001 0.35656500000000002 0.244146 0 0.32360599999999995 0.48440000000000005 0.32944000000000001 0.012283000000000001 0.012267999999999999 0.012892000000000001 0.26947599999999988 0.42992999999999992 0.27473700000000012 0.0074019999999999989 0.0076850000000000009 0.00743 0.0015560000000000003 0.0015409999999999998 0.0015019999999999999 10.840103533794403 10.840103533794403 10.840103533794403 0.00013099996957260219 0.00013099996957260219 0.00013099996957260219 1 1 1 Converged Converged Converged OK OK OK 145 145 145 145 145 145 7 7 7 0 0 0 0 1 0 0 1
8 8 linear 1 0 81 0 0.001 1.0591431915742986 0.090057087844309255 0.0046126106867687023 -0.14623113908594873 -0.31802297628987392 -0.14715366122330248 0.5 0.23465674019684346 3.4295655531830409 OK 14 13 0.491309 0.50050799999999995 0.160658 0.33113700000000001 0.33620800000000001 0 0.16017199999999998 0.16429999999999995 0.160658 0.012538000000000001 0.013834000000000001 0.011929 0.11556599999999997 0.11814600000000003 0.11501299999999999 0.0044920000000000003 0.0045059999999999996 0.0043779999999999999 0.001206 0.001129 0.00123 3.429555568037614 3.429555568037614 3.429555568037614 0.0025002841201420753 0.0025002841201420753 0.0025002841201420753 1 1 1 Converged Converged Converged OK OK OK 90 90 90 90 90 90 6 6 6 0 0 0 0 0 1 0 0
8 8 linear 1 7 81 1 0.001 1.0591431915742986 0.090057087844309255 0.0046126106867687023 -0.14623113908594873 -0.31802297628987392 -0.14659212600926105 0.5 0.23409520498280201 3.9936765102874938 OK 14 13 0.48544100000000001 0.49729699999999999 0.14785000000000001 0.33592699999999998 0.21432200000000001 0 0.14951400000000004 0.28297499999999998 0.14785000000000001 0.011495999999999999 0.011622 0.010838 0.11272200000000004 0.24537599999999998 0.11243300000000005 0.0043219999999999995 0.0045449999999999996 0.0041659999999999996 0.0012019999999999999 0.0011690000000000001 0.001101 3.9936770102394235 3.9936770102394235 3.9936770102394235 0.0038067050369680919 0.0038067050369680919 0.0038067050369680919 1 1 1 Converged Converged Converged OK OK OK 90 90 90 90 90 90 6 6 6 0 0 0 0 1 0 0 1
8 8 linear 1 15 81 2 0.001 1.0591431915742986 0.090057087844309255 0.0046126106867687023 -0.14623113908594873 -0.31802297628987392 -0.14595037147892803 0.5 0.23345345045246901 4.6609081855194665 OK 14 13 0.49316100000000002 0.50812199999999996 0.16003300000000001 0.33229500000000001 0.20494699999999999 0 0.16086600000000001 0.30317499999999997 0.16003300000000001 0.012137 0.011854999999999999 0.011202999999999999 0.11952600000000002 0.26245000000000007 0.11966499999999999 0.0050889999999999998 0.0050709999999999991 0.0046969999999999998 0.001183 0.0012999999999999999 0.0011059999999999998 4.6609192965012527 4.6609192965012527 4.6609192965012527 0.0023570030095082109 0.0023570030095082109 0.0023570030095082109 1 1 1 Converged Converged Converged OK OK OK 98 98 98 98 98 98 6 6 6 0 0 0 0 1 0 0 1
8 8 linear 1 23 81 3 0.001 1.0591431915742986 0.090057087844309255 0.0046126106867687023 -0.14623113908594873 -0.31802297628987392 -0.14530861694859498 0.5 0.23281169592213596 5.3227967354878096 OK 14 13 0.48070000000000002 0.41281800000000002 0.13917399999999999 0.33490999999999999 0.192217 0 0.14579000000000003 0.22060100000000002 0.13917399999999999 0.012425 0.011178 0.010515 0.11102600000000001 0.18767100000000006 0.10779300000000003 0.0039620000000000002 0.0038800000000000002 0.0036240000000000005 0.0010189999999999999 0.0010760000000000001 0.00094600000000000001 5.3228073450428468 5.3228073450428468 5.3228073450428468 0.0052084158587774824 0.0052084158587774824 0.0052084158587774824 1 1 1 Converged Converged Converged OK OK OK 82 82 82 82 82 82 6 6 6 0 0 0 0 1 0 0 1
8 8 linear 1 0 81 0 0.0001 1.0591431915742986 0.090057087844309255 0.0046126106867687023 -0.14623113908594873 -0.31802297628987392 -0.14715366122330248 0.5 0.23465674019684346 3.4295655531830409 OK 14 13 0.53586299999999998 0.53938799999999998 0.204593 0.32693699999999998 0.33071499999999998 0 0.208926 0.208673 0.204593 0.012385 0.01261 0.012234 0.14912200000000006 0.14913099999999999 0.14853100000000002 0.0060660000000000002 0.0060330000000000002 0.0060019999999999995 0.0013909999999999999 0.0013570000000000001 0.0013419999999999999 3.4295555693408248 3.4295555693408248 3.4295555693408248 0.0002578961296023039 0.0002578961296023039 0.0002578961296023039 1 1 1 Converged Converged Converged OK OK OK 122 122 122 122 122 122 6 6 6 0 0 0 0 0 1 0 0
8 8 linear 1 7 81 1 0.0001 1.0591431915742986 0.090057087844309255 0.0046126106867687023 -0.14623113908594873 -0.31802297628987392 -0.14659212600926105 0.5 0.23409520498280201 3.9936765102874938 OK 14 13 0.55532999999999999 0.61346299999999998 0.216031 0.33733600000000002 0.21193400000000001 0 0.21799399999999997 0.40152899999999997 0.216031 0.011563 0.011539000000000001 0.011039 0.15573600000000004 0.33947799999999989 0.15492700000000006 0.0064189999999999994 0.0064429999999999999 0.0062850000000000007 0.0016749999999999998 0.0015900000000000001 0.0015680000000000002 3.993677020952576 3.993677020952576 3.993677020952576 4.6772475559405717e-05 4.6772475559405717e-05 4.6772475559405717e-05 1 1 1 Converged Converged Converged OK OK OK 130 130 130 130 130 130 6 6 6 0 0 0 0 1 0 0 1
8 8 linear 1 15 81 2 0.0001 1.0591431915742986 0.090057087844309255 0.0046126106867687023 -0.14623113908594873 -0.31802297628987392 -0.14595037147892803 0.5 0.23345345045246901 4.6609081855194665 OK 14 13 0.52739199999999997 0.586372 0.19856699999999999 0.32595499999999999 0.20327600000000001 0 0.20143699999999998 0.38309599999999999 0.19856699999999999 0.011821 0.011856999999999999 0.011259999999999999 0.15244899999999995 0.33417399999999986 0.15118800000000002 0.0066220000000000003 0.0065510000000000004 0.0064469999999999996 0.0013809999999999998 0.0013990000000000001 0.0013729999999999999 4.6609192978432228 4.6609192978432228 4.6609192978432228 8.7554386275799618e-05 8.7554386275799618e-05 8.7554386275799618e-05 1 1 1 Converged Converged Converged OK OK OK 130 130 130 130 130 130 6 6 6 0 0 0 0 1 0 0 1
8 8 linear 1 23 81 3 0.0001 1.0591431915742986 0.090057087844309255 0.0046126106867687023 -0.14623113908594873 -0.31802297628987392 -0.14530861694859498 0.5 0.23281169592213596 5.3227967354878096 OK 14 13 0.53134400000000004 0.59903200000000001 0.20636199999999999 0.32700400000000002 0.189807 0 0.20434000000000002 0.40922500000000001 0.20636199999999999 0.011068 0.01128 0.01056 0.15677199999999997 0.36104699999999995 0.15644100000000005 0.0064660000000000004 0.0064530000000000004 0.0063190000000000008 0.001377 0.001369 0.0013630000000000003 5.3228073478716862 5.3228073478716862 5.3228073478716862 0.00015297821094915643 0.00015297821094915643 0.00015297821094915643 1 1 1 Converged Converged Converged OK OK OK 130 130 130 130 130 130 6 6 6 0 0 0 0 1 0 0 1
8 8 linear 2 0 82 0 0.001 1.0591431915742986 0.090057087844309255 0.0046126106867687023 0.058242364702311256 0.012461739041868916 0.057319842564957514 0.5 0.030183236408583454 13.804577083705274 OK 13 12 0.43925799999999998 0.43873699999999999 0.12354900000000001 0.31462600000000002 0.31471399999999999 0 0.12463199999999997 0.12402299999999999 0.12354900000000001 0.010309 0.010153000000000001 0.0097350000000000006 0.091577999999999979 0.091444000000000025 0.091347999999999999 0.0033810000000000003 0.0032840000000000005 0.0033519999999999999 0.00072000000000000005 0.00072500000000000006 0.00076499999999999995 13.804570860657101 13.804570860657101 13.804570860657101 0.00043404842656391768 0.00043404842656391768 0.00043404842656391768 1 1 1 Converged Converged Converged OK OK OK 61 61 61 61 61 61 3 3 3 0 0 0 0 0 1 0 0
8 8 linear 2 7 82 1 0.001 1.0591431915742986 0.090057087844309255 0.0046126106867687023 0.058242364702311256 0.012461739041868916 0.057881377778998926 0.5 0.029621701194542042 14.051321314091551 OK 13 12 0.43529000000000001 0.383525 0.121943 0.31168699999999999 0.17760699999999999 0 0.12360300000000002 0.20591800000000002 0.121943 0.0094389999999999995 0.0094210000000000006 0.0088739999999999999 0.094334000000000029 0.17700999999999997 0.093980999999999967 0.0034140000000000008 0.0033390000000000004 0.0032589999999999997 0.00067499999999999993 0.00068199999999999999 0.00070699999999999995 14.051314854791537 14.051314854791537 14.051314854791537 0.00043380167479525249 0.00043380167479525249 0.00043380167479525249 1 1 1 Converged Converged Converged OK OK OK 61 61 61 61 61 61 3 3 3 0 0 0 0 1 0 0 1
8 8 linear 2 15 82 2 0.001 1.0591431915742986 0.090057087844309255 0.0046126106867687023 0.058242364702311256 0.012461739041868916 0.058523132309331961 0.5 0.028979946664209007 14.338810243283945 OK 13 12 0.43069800000000003 0.40333599999999997 0.123615 0.30957200000000001 0.179007 0 0.12112600000000001 0.22432899999999997 0.123615 0.0093769999999999999 0.0094289999999999999 0.0087790000000000003 0.092124999999999999 0.19504700000000003 0.095835000000000031 0.0034380000000000001 0.0033730000000000001 0.0032649999999999997 0.000678 0.00069700000000000003 0.00066999999999999991 14.338803328532064 14.338803328532064 14.338803328532064 0.00043352229652596382 0.00043352229652596382 0.00043352229652596382 1 1 1 Converged Converged Converged OK OK OK 61 61 61 61 61 61 3 3 3 0 0 0 0 1 0 0 1
8 8 linear 2 23 82 3 0.001 1.0591431915742986 0.090057087844309255 0.0046126106867687023 0.058242364702311256 0.012461739041868916 0.059164886839664997 0.5 0.028338192133875971 14.631811559903699 OK 13 12 0.43889 0.39560699999999999 0.119656 0.313637 0.17921100000000001 0 0.125253 0.21639599999999998 0.119656 0.0094029999999999999 0.0095720000000000006 0.0088299999999999993 0.09615300000000003 0.18638700000000002 0.092054000000000025 0.0033640000000000002 0.00363 0.0031790000000000004 0.00070599999999999992 0.00076500000000000005 0.00066200000000000005 14.631804621855469 14.631804621855469 14.631804621855469 0.00043324592541054747 0.00043324592541054747 0.00043324592541054747 1 1 1 Converged Converged Converged OK OK OK 61 61 61 61 61 61 3 3 3 0 0 0 0 1 0 0 1
8 8 linear 2 0 82 0 0.0001 1.0591431915742986 0.090057087844309255 0.0046126106867687023 0.058242364702311256 0.012461739041868916 0.057319842564957514 0.5 0.030183236408583454 13.804577083705274 OK 13 12 0.434921 0.44214199999999998 0.126134 0.31081900000000001 0.31788699999999998 0 0.12410199999999999 0.124255 0.126134 0.010026 0.010067 0.0098700000000000003 0.091784999999999992 0.091677999999999996 0.09370199999999998 0.0031510000000000002 0.0034029999999999998 0.0032849999999999997 0.00070300000000000007 0.00073400000000000006 0.0007310000000000001 13.804570860657101 13.804570860657101 13.804570860657101 0.00043404842656391768 0.00043404842656391768 0.00043404842656391768 1 1 1 Converged Converged Converged OK OK OK 61 61 61 61 61 61 3 3 3 0 0 0 0 0 1 0 0
8 8 linear 2 7 82 1 0.0001 1.0591431915742986 0.090057087844309255 0.0046126106867687023 0.058242364702311256 0.012461739041868916 0.057881377778998926 0.5 0.029621701194542042 14.051321314091551 OK 13 12 0.42467199999999999 0.38856000000000002 0.123095 0.30174000000000001 0.17566499999999999 0 0.12293199999999999 0.21289500000000003 0.123095 0.0092399999999999999 0.01078 0.0090019999999999996 0.094292999999999988 0.18175000000000002 0.095141999999999949 0.0031390000000000003 0.003457 0.0031749999999999999 0.00067299999999999999 0.00072599999999999997 0.00067500000000000004 14.051314854791537 14.051314854791537 14.051314854791537 0.00043380167479525249 0.00043380167479525249 0.00043380167479525249 1 1 1 Converged Converged Converged OK OK OK 61 61 61 61 61 61 3 3 3 0 0 0 0 1 0 0 1
8 8 linear 2 15 82 2 0.0001 1.0591431915742986 0.090057087844309255 0.0046126106867687023 0.058242364702311256 0.012461739041868916 0.058523132309331961 0.5 0.028979946664209007 14.338810243283945 OK 13 12 0.43733899999999998 0.415462 0.11934599999999999 0.31499199999999999 0.18140000000000001 0 0.12234699999999998 0.23406199999999999 0.11934599999999999 0.0094299999999999991 0.010815 0.0087829999999999991 0.092860999999999985 0.20299999999999999 0.091773999999999994 0.0035209999999999998 0.0034100000000000003 0.0031689999999999999 0.00073799999999999994 0.00070799999999999997 0.00067500000000000004 14.338803328532064 14.338803328532064 14.338803328532064 0.00043352229652596382 0.00043352229652596382 0.00043352229652596382 1 1 1 Converged Converged Converged OK OK OK 61 61 61 61 61 61 3 3 3 0 0 0 0 1 0 0 1
8 8 linear 2 23 82 3 0.0001 1.0591431915742986 0.090057087844309255 0.0046126106867687023 0.058242364702311256 0.012461739041868916 0.059164886839664997 0.5 0.028338192133875971 14.631811559903699 OK 13 12 0.437884 0.40712199999999998 0.119255 0.31545400000000001 0.186304 0 0.12242999999999998 0.22081799999999999 0.119255 0.0094199999999999996 0.0096229999999999996 0.0088059999999999996 0.092998000000000025 0.19118300000000002 0.091819000000000012 0.003506 0.0033960000000000001 0.0031449999999999998 0.00073999999999999999 0.00069400000000000006 0.00067600000000000006 14.631804621855469 14.631804621855469 14.631804621855469 0.00043324592541054747 0.00043324592541054747 0.00043324592541054747 1 1 1 Converged Converged Converged OK OK OK 61 61 61 61 61 61 3 3 3 0 0 0 0 1 0 0 1
8 8 linear 3 0 83 0 0.001 1.0591431915742986 0.090057087844309255 0.0046126106867687023 0.11129207656912495 -0.18385800770669031 0.11036955443177121 0.5 -0.022866475458230243 14.764104547950771 OK 15 14 0.41182099999999999 0.40455200000000002 0.15781200000000001 0.25415199999999999 0.24840300000000001 0 0.157669 0.15614900000000001 0.15781200000000001 0.014687 0.014329 0.013811 0.10698499999999998 0.106751 0.10661100000000004 0.0051130000000000004 0.0049509999999999997 0.0049210000000000009 0.001253 0.0012429999999999997 0.001227 14.764095840307574 14.764095840307574 14.764095840307574 0.014084236804987811 0.014084236804987811 0.014084236804987811 1 1 1 Converged Converged Converged OK OK OK 91 91 91 91 91 91 5 5 5 0 0 0 0 0 1 0 0
8 8 linear 3 7 83 1 0.001 1.0591431915742986 0.090057087844309255 0.0046126106867687023 0.11129207656912495 -0.18385800770669031 0.11093108964581261 0.5 -0.02342801067227164 15.102520063553825 OK 15 14 0.41684100000000002 0.49473200000000001 0.14514099999999999 0.26969199999999999 0.179898 0 0.14714900000000003 0.314834 0.14514099999999999 0.01362 0.013506000000000001 0.012806 0.10472400000000005 0.27226000000000017 0.104365 0.0050169999999999998 0.0049230000000000003 0.0048049999999999994 0.001122 0.0011690000000000001 0.001114 15.102510868822513 15.102510868822513 15.102510868822513 0.014852411892828278 0.014852411892828278 0.014852411892828278 1 1 1 Converged Converged Converged OK OK OK 91 91 91 91 91 91 5 5 5 0 0 0 0 1 0 0 1
8 8 linear 3 15 83 2 0.001 1.0591431915742986 0.090057087844309255 0.0046126106867687023 0.11129207656912495 -0.18385800770669031 0.11157284417614564 0.5 -0.024069765202604676 15.537587708350282 OK 15 14 0.40147899999999997 0.52913100000000002 0.16614399999999999 0.23564499999999999 0.150979 0 0.16583399999999998 0.37815200000000004 0.16614399999999999 0.013475000000000001 0.013398999999999999 0.012723999999999999 0.11731700000000006 0.32883699999999982 0.11655600000000001 0.0059559999999999995 0.0061329999999999996 0.0058180000000000003 0.0011679999999999998 0.0012850000000000001 0.0012279999999999999 15.537577977250416 15.537577977250416 15.537577977250416 0.0054557350289534019 0.0054557350289534019 0.0054557350289534019 1 1 1 Converged Converged Converged OK OK OK 107 107 107 107 107 107 5 5 5 0 0 0 0 1 0 0 1
8 8 linear 3 23 83 3 0.001 1.0591431915742986 0.090057087844309255 0.0046126106867687023 0.11129207656912495 -0.18385800770669031 0.11221459870647868 0.5 -0.024711519732937712 16.038280079796845 OK 15 14 0.42631799999999997 0.53702499999999997 0.166077 0.25467000000000001 0.16585800000000001 0 0.17164799999999997 0.37116699999999997 0.166077 0.013558000000000001 0.013507 0.012699999999999999 0.12426 0.32023799999999986 0.12058899999999996 0.0059910000000000007 0.0060119999999999991 0.0055599999999999998 0.0011840000000000002 0.0012030000000000001 0.0011800000000000001 16.038270241399328 16.038270241399328 16.038270241399328 0.0054556739978684418 0.0054556739978684418 0.0054556739978684418 1 1 1 Converged Converged Converged OK OK OK 107 107 107 107 107 107 5 5 5 0 0 0 0 1 0 0 1
8 8 linear 3 0 83 0 0.0001 1.0591431915742986 0.090057087844309255 0.0046126106867687023 0.11129207656912495 -0.18385800770669031 0.11036955443177121 0.5 -0.022866475458230243 14.764104547950771 OK 15 14 0.46457399999999999 0.457598 0.205787 0.25112499999999999 0.24953800000000001 0 0.213449 0.20805999999999999 0.205787 0.01444 0.014215 0.013955 0.14124000000000003 0.13623500000000002 0.13650699999999999 0.007143 0.0068509999999999995 0.0067310000000000009 0.0015669999999999998 0.0014449999999999999 0.0013739999999999998 14.764095728443111 14.764095728443111 14.764095728443111 0.00073997283222297996 0.00073997283222297996 0.00073997283222297996 1 1 1 Converged Converged Converged OK OK OK 123 123 123 123 123 123 5 5 5 0 0 0 0 0 1 0 0
8 8 linear 3 7 83 1 0.0001 1.0591431915742986 0.090057087844309255 0.0046126106867687023 0.11129207656912495 -0.18385800770669031 0.11093108964581261 0.5 -0.02342801067227164 15.102520063553825 OK 15 14 0.45303199999999999 0.63827 0.18810199999999999 0.26583600000000002 0.18784799999999999 0 0.18719599999999997 0.45042199999999999 0.18810199999999999 0.013687 0.013407000000000001 0.012904000000000001 0.13460100000000003 0.39757799999999999 0.13728999999999997 0.0068039999999999993 0.0068039999999999993 0.0065989999999999998 0.0014979999999999998 0.0014120000000000001 0.001356 15.102510741373655 15.102510741373655 15.102510741373655 0.00074044960702398068 0.00074044960702398068 0.00074044960702398068 1 1 1 Converged Converged Converged OK OK OK 123 123 123 123 123 123 5 5 5 0 0 0 0 1 0 0 1
8 8 linear 3 15 83 2 0.0001 1.0591431915742986 0.090057087844309255 0.0046126106867687023 0.11129207656912495 -0.18385800770669031 0.11157284417614564 0.5 -0.024069765202604676 15.537587708350282 OK 15 14 0.419908 0.58889599999999998 0.18243100000000001 0.23529800000000001 0.14824699999999999 0 0.18461 0.44064899999999996 0.18243100000000001 0.013594 0.013480000000000001 0.012756999999999999 0.13226800000000011 0.38739499999999993 0.131769 0.0068230000000000009 0.0068419999999999991 0.0065629999999999994 0.0013269999999999998 0.0012899999999999999 0.00133 15.537577978715261 15.537577978715261 15.537577978715261 0.00074101656674979211 0.00074101656674979211 0.00074101656674979211 1 1 1 Converged Converged Converged OK OK OK 123 123 123 123 123 123 5 5 5 0 0 0 0 1 0 0 1
8 8 linear 3 23 83 3 0.0001 1.0591431915742986 0.090057087844309255 0.0046126106867687023 0.11129207656912495 -0.18385800770669031 0.11221459870647868 0.5 -0.024711519732937712 16.038280079796845 OK 15 14 0.44676100000000002 0.60314800000000002 0.18575700000000001 0.25882899999999998 0.16828799999999999 0 0.18793200000000004 0.43486000000000002 0.18575700000000001 0.013459 0.013594 0.012748000000000001 0.13567100000000001 0.38186899999999996 0.13541800000000001 0.0069249999999999997 0.0069180000000000005 0.0065049999999999995 0.001305 0.0012650000000000001 0.0013080000000000001 16.038270242856939 16.038270242856939 16.038270242856939 0.00074161998562654154 0.00074161998562654154 0.00074161998562654154 1 1 1 Converged Converged Converged OK OK OK 123 123 123 123 123 123 5 5 5 0 0 0 0 1 0 0 1
8 8 linear 4 0 84 0 0.001 1.0591431915742986 0.090057087844309255 0.0046126106867687023 0.16901105009340453 0.21262617219276847 0.16808852795605078 0.5 -0.080585448982509814 3.2122440019448972 OK 13 12 0.34110299999999999 0.329042 0.098516999999999993 0.23830799999999999 0.22947899999999999 0 0.102795 0.099563000000000013 0.098516999999999993 0.0093729999999999994 0.0088719999999999997 0.0085369999999999994 0.070398999999999962 0.068555999999999978 0.068288999999999989 0.0034480000000000001 0.0033309999999999998 0.0032210000000000003 0.00074399999999999998 0.00071100000000000004 0.00068300000000000001 3.212242293692988 3.212242293692988 3.212242293692988 0.0012398576538388262 0.0012398576538388262 0.0012398576538388262 1 1 1 Converged Converged Converged OK OK OK 61 61 61 61 61 61 3 3 3 0 0 0 0 0 1 0 0
8 8 linear 4 7 84 1 0.001 1.0591431915742986 0.090057087844309255 0.0046126106867687023 0.16901105009340453 0.21262617219276847 0.16865006317009221 0.5 -0.081146984196551239 3.2107502858711201 OK 13 12 0.344976 0.34851100000000002 0.094773999999999997 0.24847 0.15056700000000001 0 0.096506000000000008 0.19794400000000001 0.094773999999999997 0.0081499999999999993 0.008201 0.0076769999999999998 0.068659999999999985 0.17003000000000004 0.068140999999999979 0.0033820000000000005 0.0033579999999999999 0.0033240000000000001 0.00071900000000000013 0.00070799999999999997 0.00068800000000000003 3.2107485843377113 3.2107485843377113 3.2107485843377113 0.0012393949343105254 0.0012393949343105254 0.0012393949343105254 1 1 1 Converged Converged Converged OK OK OK 61 61 61 61 61 61 3 3 3 0 0 0 0 1 0 0 1
8 8 linear 4 15 84 2 0.001 1.0591431915742986 0.090057087844309255 0.0046126106867687023 0.16901105009340453 0.21262617219276847 0.16929181770042523 0.5 -0.081788738726884261 3.2090197657019246 OK 13 12 0.34563500000000003 0.36751 0.096320000000000003 0.24743899999999999 0.15859500000000001 0 0.098196000000000033 0.20891499999999999 0.096320000000000003 0.0081539999999999998 0.0081630000000000001 0.0076030000000000004 0.070258999999999974 0.18112499999999995 0.069853999999999986 0.0032559999999999998 0.003209 0.00313 0.00073200000000000001 0.00073099999999999999 0.00069699999999999992 3.2090180719630355 3.2090180719630355 3.2090180719630355 0.0012388472069533908 0.0012388472069533908 0.0012388472069533908 1 1 1 Converged Converged Converged OK OK OK 61 61 61 61 61 61 3 3 3 0 0 0 0 1 0 0 1
8 8 linear 4 23 84 3 0.001 1.0591431915742986 0.090057087844309255 0.0046126106867687023 0.16901105009340453 0.21262617219276847 0.16993357223075828 0.5 -0.08243049325721731 3.2072644528892655 OK 13 12 0.308475 0.32337700000000003 0.096959000000000004 0.20943000000000001 0.12989600000000001 0 0.099044999999999994 0.19348100000000001 0.096959000000000004 0.0080359999999999997 0.0081130000000000004 0.0075680000000000001 0.071399999999999977 0.16548600000000005 0.070669999999999997 0.0032640000000000004 0.003434 0.0031359999999999999 0.00071699999999999997 0.00071400000000000012 0.00067699999999999998 3.2072627670294098 3.2072627670294098 3.2072627670294098 0.0012382794403050219 0.0012382794403050219 0.0012382794403050219 1 1 1 Converged Converged Converged OK OK OK 61 61 61 61 61 61 3 3 3 0 0 0 0 1 0 0 1
8 8 linear 4 0 84 0 0.0001 1.0591431915742986 0.090057087844309255 0.0046126106867687023 0.16901105009340453 0.21262617219276847 0.16808852795605078 0.5 -0.080585448982509814 3.2122440019448972 OK 13 12 0.35087099999999999 0.36117899999999997 0.12314899999999999 0.22730700000000001 0.23429900000000001 0 0.12356399999999998 0.12687999999999997 0.12314899999999999 0.008933 0.0091640000000000003 0.0085959999999999995 0.086947000000000066 0.088932000000000025 0.086843000000000004 0.0040349999999999995 0.0043890000000000005 0.0041729999999999996 0.000834 0.000861 0.00085399999999999994 3.2122422926261409 3.2122422926261409 3.2122422926261409 9.8169534337640745e-05 9.8169534337640745e-05 9.8169534337640745e-05 1 1 1 Converged Converged Converged OK OK OK 77 77 77 77 77 77 3 3 3 0 0 0 0 0 1 0 0
8 8 linear 4 7 84 1 0.0001 1.0591431915742986 0.090057087844309255 0.0046126106867687023 0.16901105009340453 0.21262617219276847 0.16865006317009221 0.5 -0.081146984196551239 3.2107502858711201 OK 13 12 0.35137200000000002 0.40066299999999999 0.119215 0.23080100000000001 0.15975400000000001 0 0.12057100000000001 0.24090899999999998 0.119215 0.0081040000000000001 0.0084150000000000006 0.007626 0.088039000000000006 0.20674300000000001 0.087752000000000024 0.0040980000000000001 0.0044650000000000002 0.0041149999999999997 0.00082299999999999995 0.00086699999999999982 0.00083699999999999996 3.2107485832695843 3.2107485832695843 3.2107485832695843 9.7901939695112586e-05 9.7901939695112586e-05 9.7901939695112586e-05 1 1 1 Converged Converged Converged OK OK OK 77 77 77 77 77 77 3 3 3 0 0 0 0 1 0 0 1
8 8 linear 4 15 84 2 0.0001 1.0591431915742986 0.090057087844309255 0.0046126106867687023 0.16901105009340453 0.21262617219276847 0.16929181770042523 0.5 -0.081788738726884261 3.2090197657019246 OK 13 12 0.38816099999999998 0.41736400000000001 0.120181 0.26366800000000001 0.16409599999999999 0 0.12449299999999996 0.25326800000000005 0.120181 0.0083280000000000003 0.0083289999999999996 0.007685 0.090410999999999991 0.22004099999999999 0.088751999999999998 0.0044120000000000001 0.0042249999999999996 0.0040210000000000003 0.00093799999999999992 0.00086800000000000006 0.00081999999999999998 3.2090180708937042 3.2090180708937042 3.2090180708937042 9.759718159591213e-05 9.759718159591213e-05 9.759718159591213e-05 1 1 1 Converged Converged Converged OK OK OK 77 77 77 77 77 77 3 3 3 0 0 0 0 1 0 0 1
8 8 linear 4 23 84 3 0.0001 1.0591431915742986 0.090057087844309255 0.0046126106867687023 0.16901105009340453 0.21262617219276847 0.16993357223075828 0.5 -0.08243049325721731 3.2072644528892655 OK 13 12 0.343196 0.36424600000000001 0.119806 0.21701899999999999 0.129914 0 0.12617700000000001 0.23433200000000001 0.119806 0.0084309999999999993 0.0082489999999999994 0.0075529999999999998 0.092032000000000017 0.19868 0.088631999999999961 0.0043739999999999994 0.0041060000000000003 0.003954 0.00086400000000000008 0.00085899999999999995 0.00082600000000000002 3.2072627659591011 3.2072627659591011 3.2072627659591011 9.7293553783389458e-05 9.7293553783389458e-05 9.7293553783389458e-05 1 1 1 Converged Converged Converged OK OK OK 77 77 77 77 77 77 3 3 3 0 0 0 0 1 0 0 1
8 8 uniform 0 0 85 0 0.001 1.0591431915742986 0.090057087844309255 0.0046126106867687023 -0.13960540026925761 0.34598276440599413 -0.14052792240661136 0 0.22803100138015231 10.265378173571646 OK 14 13 0.54676899999999995 0.546898 0.14887700000000001 0.39584999999999998 0.39702799999999999 0 0.15091899999999997 0.14987 0.14887700000000001 0.013383000000000001 0.013065999999999999 0.012701 0.10832000000000003 0.107988 0.10753900000000001 0.0035119999999999995 0.0034259999999999994 0.0034110000000000004 0.00090700000000000004 0.00090700000000000004 0.00089399999999999983 10.26538127057683 10.26538127057683 10.26538127057683 0.0038016778872820931 0.0038016778872820931 0.0038016778872820931 1 1 1 Converged Converged Converged OK OK OK 81 81 81 81 81 81 7 7 7 0 0 0 0 0 1 0 0
8 8 uniform 0 7 85 1 0.001 1.0591431915742986 0.090057087844309255 0.0046126106867687023 -0.13960540026925761 0.34598276440599413 -0.13996638719256993 0 0.22746946616611091 10.445006380352769 OK 14 13 0.55380600000000002 0.48292000000000002 0.13653599999999999 0.40597 0.26380799999999999 0 0.14783600000000002 0.21911200000000003 0.13653599999999999 0.013677999999999999 0.012207000000000001 0.011538 0.11083799999999999 0.18477000000000005 0.10330600000000005 0.0035750000000000001 0.0034399999999999999 0.003411 0.00083699999999999996 0.00081700000000000002 0.00078399999999999997 10.445007569882444 10.445007569882444 10.445007569882444 0.0031767486508791371 0.0031767486508791371 0.0031767486508791371 1 1 1 Converged Converged Converged OK OK OK 81 81 81 81 81 81 7 7 7 0 0 0 0 1 0 0 1
8 8 uniform 0 15 85 2 0.001 1.0591431915742986 0.090057087844309255 0.0046126106867687023 -0.13960540026925761 0.34598276440599413 -0.13932463266223691 0 0.22682771163577786 10.526417728563162 OK 14 13 0.552149 0.48821300000000001 0.14208699999999999 0.40319700000000003 0.24463099999999999 0 0.14895199999999997 0.24358200000000002 0.14208699999999999 0.013573999999999999 0.012259000000000001 0.011519 0.11252999999999999 0.20908899999999997 0.108941 0.0035050000000000007 0.0034379999999999997 0.0034400000000000003 0.00084600000000000007 0.00080500000000000005 0.00079300000000000009 10.526418408228791 10.526418408228791 10.526418408228791 0.0033785781628895241 0.0033785781628895241 0.0033785781628895241 1 1 1 Converged Converged Converged OK OK OK 81 81 81 81 81 81 7 7 7 0 0 0 0 1 0 0 1
8 8 uniform 0 23 85 3 0.001 1.0591431915742986 0.090057087844309255 0.0046126106867687023 -0.13960540026925761 0.34598276440599413 -0.13868287813190386 0 0.22618595710544481 10.473315572646683 OK 14 13 0.51840600000000003 0.46635799999999999 0.14332500000000001 0.36499900000000002 0.23838500000000001 0 0.15340700000000002 0.22797299999999998 0.14332500000000001 0.015768999999999998 0.012227 0.011566999999999999 0.11478899999999996 0.19367200000000004 0.11025399999999995 0.0035409999999999999 0.00348 0.0034250000000000001 0.00084100000000000006 0.00080199999999999998 0.00078600000000000002 10.473316319465097 10.473316319465097 10.473316319465097 0.0039989649945528297 0.0039989649945528297 0.0039989649945528297 1 1 1 Converged Converged Converged OK OK OK 81 81 81 81 81 81 7 7 7 0 0 0 0 1 0 0 1
8 8 uniform 0 0 85 0 0.0001 1.0591431915742986 0.090057087844309255 0.0046126106867687023 -0.13960540026925761 0.34598276440599413 -0.14052792240661136 0 0.22803100138015231 10.265378173571646 OK 14 13 0.58335099999999995 0.58760500000000004 0.19678000000000001 0.38983000000000001 0.390295 0 0.19352099999999994 0.19731000000000004 0.19678000000000001 0.013251000000000001 0.013236 0.013048000000000001 0.13169899999999993 0.13522000000000001 0.13556699999999997 0.0050950000000000006 0.005084 0.0051330000000000004 0.001333 0.0013630000000000001 0.0013489999999999999 10.265378971025182 10.265378971025182 10.265378971025182 0.00072539079692616104 0.00072539079692616104 0.00072539079692616104 1 1 1 Converged Converged Converged OK OK OK 113 113 113 113 113 113 7 7 7 0 0 0 0 0 1 0 0
8 8 uniform 0 7 85 1 0.0001 1.0591431915742986 0.090057087844309255 0.0046126106867687023 -0.13960540026925761 0.34598276440599413 -0.13996638719256993 0 0.22746946616611091 10.445006380352769 OK 14 13 0.57439600000000002 0.56703400000000004 0.16930600000000001 0.403389 0.26551200000000003 0 0.17100700000000002 0.30152200000000001 0.16930600000000001 0.012381 0.012382000000000001 0.011610000000000001 0.12754699999999999 0.25644400000000006 0.12724399999999997 0.0049440000000000005 0.0054440000000000009 0.0049519999999999998 0.0012820000000000002 0.0014120000000000001 0.0012480000000000002 10.445007182446432 10.445007182446432 10.445007182446432 0.00084355197858405645 0.00084355197858405645 0.00084355197858405645 1 1 1 Converged Converged Converged OK OK OK 113 113 113 113 113 113 7 7 7 0 0 0 0 1 0 0 1
8 8 uniform 0 15 85 2 0.0001 1.0591431915742986 0.090057087844309255 0.0046126106867687023 -0.13960540026925761 0.34598276440599413 -0.13932463266223691 0 0.22682771163577786 10.526417728563162 OK 14 13 0.59624500000000002 0.64288599999999996 0.205679 0.38960099999999998 0.26046000000000002 0 0.20664400000000005 0.38242599999999993 0.205679 0.012229 0.013646999999999999 0.01158 0.15836399999999992 0.33059300000000014 0.15743700000000002 0.0055529999999999998 0.006045 0.0055240000000000003 0.0012540000000000001 0.001356 0.0012500000000000002 10.5264183879525 10.5264183879525 10.5264183879525 0.00088086047593000658 0.00088086047593000658 0.00088086047593000658 1 1 1 Converged Converged Converged OK OK OK 121 121 121 121 121 121 7 7 7 0 0 0 0 1 0 0 1
8 8 uniform 0 23 85 3 0.0001 1.0591431915742986 0.090057087844309255 0.0046126106867687023 -0.13960540026925761 0.34598276440599413 -0.13868287813190386 0 0.22618595710544481 10.473315572646683 OK 14 13 0.55660600000000005 0.54322999999999999 0.196072 0.35913699999999998 0.25255699999999998 0 0.19746900000000006 0.29067300000000001 0.196072 0.012222999999999999 0.012567999999999999 0.011525000000000001 0.15414599999999995 0.24496099999999993 0.15408299999999994 0.0051879999999999999 0.0053419999999999995 0.0051480000000000007 0.0012350000000000002 0.0012580000000000002 0.0012310000000000003 10.473316191214096 10.473316191214096 10.473316191214096 0.00091962431898440829 0.00091962431898440829 0.00091962431898440829 1 1 1 Converged Converged Converged OK OK OK 113 113 113 113 113 113 7 7 7 0 0 0 0 1 0 0 1
8 8 uniform 1 0 86 0 0.001 1.0591431915742986 0.090057087844309255 0.0046126106867687023 -0.14623113908594873 -0.31802297628987392 -0.14715366122330248 0 0.23465674019684346 3.5566386734392132 OK 14 13 0.45175300000000002 0.45264599999999999 0.122783 0.32829199999999997 0.32745600000000002 0 0.12346100000000004 0.12518999999999997 0.122783 0.012381 0.012571000000000001 0.011916 0.086378999999999997 0.087475000000000011 0.086330000000000004 0.0031330000000000004 0.003349 0.0030149999999999999 0.00085200000000000011 0.00086399999999999997 0.00086600000000000002 3.5566378231280682 3.5566378231280682 3.5566378231280682 0.0012801302593803577 0.0012801302593803577 0.0012801302593803577 1 1 1 Converged Converged Converged OK OK OK 74 74 74 74 74 74 6 6 6 0 0 0 0 0 1 0 0
8 8 uniform 1 7 86 1 0.001 1.0591431915742986 0.090057087844309255 0.0046126106867687023 -0.14623113908594873 -0.31802297628987392 -0.14659212600926105 0 0.23409520498280201 4.1617421186314871 OK 14 13 0.45081399999999999 0.41362100000000002 0.11414000000000001 0.33552599999999999 0.21037 0 0.115288 0.20325100000000001 0.11414000000000001 0.011417999999999999 0.011497 0.010873000000000001 0.084330999999999989 0.17191199999999995 0.084283000000000011 0.0030409999999999999 0.0032050000000000004 0.0029720000000000002 0.00083299999999999997 0.00090799999999999995 0.00083799999999999999 4.1617415534496009 4.1617415534496009 4.1617415534496009 0.0019938103803951719 0.0019938103803951719 0.0019938103803951719 1 1 1 Converged Converged Converged OK OK OK 74 74 74 74 74 74 6 6 6 0 0 0 0 1 0 0 1
8 8 uniform 1 15 86 2 0.001 1.0591431915742986 0.090057087844309255 0.0046126106867687023 -0.14623113908594873 -0.31802297628987392 -0.14595037147892803 0 0.23345345045246901 4.8164638765081049 OK 14 13 0.43385000000000001 0.414408 0.108749 0.32321800000000001 0.202346 0 0.11063200000000001 0.212062 0.108749 0.011749000000000001 0.011860000000000001 0.011117 0.079168000000000002 0.18030299999999999 0.078931999999999961 0.0030869999999999999 0.0031559999999999995 0.002967 0.00086600000000000012 0.00099600000000000014 0.00082700000000000004 4.8164634229801733 4.8164634229801733 4.8164634229801733 0.0033520513181853869 0.0033520513181853869 0.0033520513181853869 1 1 1 Converged Converged Converged OK OK OK 74 74 74 74 74 74 6 6 6 0 0 0 0 1 0 0 1
8 8 uniform 1 23 86 3 0.001 1.0591431915742986 0.090057087844309255 0.0046126106867687023 -0.14623113908594873 -0.31802297628987392 -0.14530861694859498 0 0.23281169592213596 5.429927812982112 OK 14 13 0.44127899999999998 0.38381100000000001 0.11498700000000001 0.32494099999999998 0.19193399999999999 0 0.116338 0.19187700000000002 0.11498700000000001 0.011039 0.011174999999999999 0.010527999999999999 0.085737000000000022 0.16102000000000002 0.085674 0.0030750000000000005 0.003127 0.00299 0.000843 0.00087300000000000008 0.00079000000000000001 5.4299267440685011 5.4299267440685011 5.4299267440685011 0.0051809488578373067 0.0051809488578373067 0.0051809488578373067 1 1 1 Converged Converged Converged OK OK OK 74 74 74 74 74 74 6 6 6 0 0 0 0 1 0 0 1
8 8 uniform 1 0 86 0 0.0001 1.0591431915742986 0.090057087844309255 0.0046126106867687023 -0.14623113908594873 -0.31802297628987392 -0.14715366122330248 0 0.23465674019684346 3.5566386734392132 OK 14 13 0.50337100000000001 0.50637500000000002 0.17019300000000001 0.324685 0.32372299999999998 0 0.17868600000000001 0.18265200000000004 0.17019300000000001 0.012317 0.012239 0.011897 0.11820900000000002 0.12221799999999994 0.11777399999999999 0.0050620000000000005 0.0051230000000000008 0.0050359999999999997 0.001297 0.0012949999999999999 0.0013020000000000002 3.5566378227375668 3.5566378227375668 3.5566378227375668 0.00023642191443195459 0.00023642191443195459 0.00023642191443195459 1 1 1 Converged Converged Converged OK OK OK 114 114 114 114 114 114 6 6 6 0 0 0 0 0 1 0 0
8 8 uniform 1 7 86 1 0.0001 1.0591431915742986 0.090057087844309255 0.0046126106867687023 -0.14623113908594873 -0.31802297628987392 -0.14659212600926105 0 0.23409520498280201 4.1617421186314871 OK 14 13 0.493114 0.53145699999999996 0.16046099999999999 0.33475100000000002 0.21154300000000001 0 0.15836299999999998 0.31991399999999992 0.16046099999999999 0.011396 0.011417 0.010940999999999999 0.11588700000000005 0.27700700000000011 0.11555099999999999 0.0050049999999999999 0.0050390000000000001 0.0050170000000000006 0.0012460000000000001 0.00124 0.0012230000000000001 4.1617415640963813 4.1617415640963813 4.1617415640963813 0.0002026824601987832 0.0002026824601987832 0.0002026824601987832 1 1 1 Converged Converged Converged OK OK OK 114 114 114 114 114 114 6 6 6 0 0 0 0 1 0 0 1
8 8 uniform 1 15 86 2 0.0001 1.0591431915742986 0.090057087844309255 0.0046126106867687023 -0.14623113908594873 -0.31802297628987392 -0.14595037147892803 0 0.23345345045246901 4.8164638765081049 OK 14 13 0.47935899999999998 0.532752 0.152727 0.324658 0.203877 0 0.15470099999999998 0.32887500000000003 0.152727 0.011892 0.011715 0.01116 0.11188599999999997 0.28577199999999997 0.11136000000000001 0.0050449999999999991 0.0051150000000000006 0.0049789999999999999 0.0013180000000000002 0.0012950000000000001 0.0012369999999999998 4.8164636045868212 4.8164636045868212 4.8164636045868212 0.00022918698399208517 0.00022918698399208517 0.00022918698399208517 1 1 1 Converged Converged Converged OK OK OK 114 114 114 114 114 114 6 6 6 0 0 0 0 1 0 0 1
8 8 uniform 1 23 86 3 0.0001 1.0591431915742986 0.090057087844309255 0.0046126106867687023 -0.14623113908594873 -0.31802297628987392 -0.14530861694859498 0 0.23281169592213596 5.429927812982112 OK 14 13 0.483373 0.53013200000000005 0.15609999999999999 0.32580199999999998 0.19211300000000001 0 0.15757100000000002 0.33801900000000007 0.15609999999999999 0.01112 0.011135000000000001 0.010569 0.11590399999999995 0.29573500000000003 0.1156069999999999 0.0050099999999999997 0.0051310000000000001 0.0049899999999999996 0.001199 0.001201 0.001193 5.4299276713057605 5.4299276713057605 5.4299276713057605 0.00027594114537868948 0.00027594114537868948 0.00027594114537868948 1 1 1 Converged Converged Converged OK OK OK 114 114 114 114 114 114 6 6 6 0 0 0 0 1 0 0 1
8 8 uniform 2 0 87 0 0.001 1.0591431915742986 0.090057087844309255 0.0046126106867687023 0.058242364702311256 0.012461739041868916 0.057319842564957514 0 0.030183236408583454 13.817094259511293 OK 13 12 0.41630499999999998 0.40789700000000001 0.092382000000000006 0.32105800000000001 0.31509500000000001 0 0.095246999999999971 0.092801999999999996 0.092382000000000006 0.010454 0.01027 0.0099120000000000007 0.068357000000000001 0.06668700000000001 0.066672000000000009 0.0022190000000000001 0.0021329999999999999 0.002147 0.00058600000000000004 0.00056899999999999995 0.00057600000000000001 13.817096026743815 13.817096026743815 13.817096026743815 0.0040295233492934537 0.0040295233492934537 0.0040295233492934537 1 1 1 Converged Converged Converged OK OK OK 45 45 45 45 45 45 3 3 3 0 0 0 0 0 1 0 0
8 8 uniform 2 7 87 1 0.001 1.0591431915742986 0.090057087844309255 0.0046126106867687023 0.058242364702311256 0.012461739041868916 0.057881377778998926 0 0.029621701194542042 14.064534187537593 OK 13 12 0.40471299999999999 0.30879099999999998 0.092222999999999999 0.30914900000000001 0.17419599999999999 0 0.095563999999999982 0.13459499999999999 0.092222999999999999 0.0095840000000000005 0.0093860000000000002 0.0089379999999999998 0.071626000000000023 0.11115700000000001 0.069704000000000002 0.0021720000000000003 0.0021750000000000003 0.002111 0.00057700000000000004 0.00057200000000000003 0.00056199999999999989 14.064535640604317 14.064535640604317 14.064535640604317 0.0040328873183511802 0.0040328873183511802 0.0040328873183511802 1 1 1 Converged Converged Converged OK OK OK 45 45 45 45 45 45 3 3 3 0 0 0 0 1 0 0 1
8 8 uniform 2 15 87 2 0.001 1.0591431915742986 0.090057087844309255 0.0046126106867687023 0.058242364702311256 0.012461739041868916 0.058523132309331961 0 0.028979946664209007 14.352853804012236 OK 13 12 0.40914699999999998 0.31402600000000003 0.091290999999999997 0.31622899999999998 0.171678 0 0.092918000000000001 0.14234800000000003 0.091290999999999997 0.0093500000000000007 0.0093609999999999995 0.0088159999999999992 0.069384000000000001 0.11885799999999999 0.068961999999999996 0.0021559999999999999 0.002098 0.0020739999999999999 0.00058500000000000002 0.00056499999999999996 0.00055199999999999997 14.352855349223768 14.352855349223768 14.352855349223768 0.0040265294992911657 0.0040265294992911657 0.0040265294992911657 1 1 1 Converged Converged Converged OK OK OK 45 45 45 45 45 45 3 3 3 0 0 0 0 1 0 0 1
8 8 uniform 2 23 87 3 0.001 1.0591431915742986 0.090057087844309255 0.0046126106867687023 0.058242364702311256 0.012461739041868916 0.059164886839664997 0 0.028338192133875971 14.646723126970125 OK 13 12 0.40446700000000002 0.31783400000000001 0.089434 0.31326300000000001 0.17791999999999999 0 0.091204000000000007 0.13991400000000001 0.089434 0.0092700000000000005 0.0093089999999999996 0.0087760000000000008 0.067847000000000005 0.11574500000000001 0.067200999999999997 0.0021530000000000004 0.0024260000000000002 0.002114 0.000562 0.00059800000000000001 0.00054500000000000002 14.646724762695673 14.646724762695673 14.646724762695673 0.0040074635469388321 0.0040074635469388321 0.0040074635469388321 1 1 1 Converged Converged Converged OK OK OK 45 45 45 45 45 45 3 3 3 0 0 0 0 1 0 0 1
8 8 uniform 2 0 87 0 0.0001 1.0591431915742986 0.090057087844309255 0.0046126106867687023 0.058242364702311256 0.012461739041868916 0.057319842564957514 0 0.030183236408583454 13.817094259511293 OK 13 12 0.426674 0.42538100000000001 0.110848 0.31456899999999999 0.31291999999999998 0 0.11210500000000001 0.11246100000000003 0.110848 0.010182 0.010211 0.0096559999999999997 0.079620999999999983 0.080097000000000015 0.079635000000000025 0.0031329999999999999 0.0033399999999999997 0.002954 0.00069999999999999999 0.00071000000000000002 0.00066299999999999996 13.817096029641377 13.817096029641377 13.817096029641377 9.0339503938855099e-05 9.0339503938855099e-05 9.0339503938855099e-05 1 1 1 Converged Converged Converged OK OK OK 61 61 61 61 61 61 3 3 3 0 0 0 0 0 1 0 0
8 8 uniform 2 7 87 1 0.0001 1.0591431915742986 0.090057087844309255 0.0046126106867687023 0.058242364702311256 0.012461739041868916 0.057881377778998926 0 0.029621701194542042 14.064534187537593 OK 13 12 0.483935 0.37165999999999999 0.109764 0.305813 0.176481 0 0.178122 0.19517899999999999 0.109764 0.0093399999999999993 0.0095390000000000006 0.0088430000000000002 0.14767199999999997 0.16580699999999998 0.082485000000000017 0.0045000000000000005 0.0032159999999999997 0.0029260000000000002 0.00093499999999999996 0.00070399999999999998 0.00066 14.064535644394018 14.064535644394018 14.064535644394018 9.0290115290968874e-05 9.0290115290968874e-05 9.0290115290968874e-05 1 1 1 Converged Converged Converged OK OK OK 61 61 61 61 61 61 3 3 3 0 0 0 0 1 0 0 1
8 8 uniform 2 15 87 2 0.0001 1.0591431915742986 0.090057087844309255 0.0046126106867687023 0.058242364702311256 0.012461739041868916 0.058523132309331961 0 0.028979946664209007 14.352853804012236 OK 13 12 0.43319400000000002 0.38947999999999999 0.10753799999999999 0.321994 0.17353099999999999 0 0.11120000000000002 0.215949 0.10753799999999999 0.011217 0.009358 0.0088079999999999999 0.080686000000000008 0.18693599999999996 0.080182000000000017 0.0030409999999999999 0.0031009999999999996 0.0029490000000000002 0.000678 0.00069300000000000004 0.000678 14.352855354254308 14.352855354254308 14.352855354254308 9.0234353330411956e-05 9.0234353330411956e-05 9.0234353330411956e-05 1 1 1 Converged Converged Converged OK OK OK 61 61 61 61 61 61 3 3 3 0 0 0 0 1 0 0 1
8 8 uniform 2 23 87 3 0.0001 1.0591431915742986 0.090057087844309255 0.0046126106867687023 0.058242364702311256 0.012461739041868916 0.059164886839664997 0 0.028338192133875971 14.646723126970125 OK 13 12 0.43013899999999999 0.37955699999999998 0.111913 0.31430200000000003 0.17601 0 0.11583699999999997 0.20354699999999998 0.111913 0.0092490000000000003 0.0092770000000000005 0.0087530000000000004 0.080955000000000013 0.17457900000000001 0.084669999999999995 0.0030270000000000002 0.0030879999999999996 0.0029639999999999996 0.00068300000000000001 0.000696 0.00069000000000000008 14.646724769245685 14.646724769245685 14.646724769245685 9.0179303892704964e-05 9.0179303892704964e-05 9.0179303892704964e-05 1 1 1 Converged Converged Converged OK OK OK 61 61 61 61 61 61 3 3 3 0 0 0 0 1 0 0 1
8 8 uniform 3 0 88 0 0.001 1.0591431915742986 0.090057087844309255 0.0046126106867687023 0.11129207656912495 -0.18385800770669031 0.11036955443177121 0 -0.022866475458230243 14.800359676323479 OK 15 14 0.37228299999999998 0.37132599999999999 0.119851 0.24851999999999999 0.250002 0 0.12376299999999998 0.12132399999999999 0.119851 0.014031999999999999 0.014329 0.013716000000000001 0.081340999999999997 0.078704999999999956 0.078050000000000022 0.003679 0.0036610000000000002 0.0035370000000000002 0.0009050000000000001 0.00090300000000000005 0.00088499999999999994 14.800359496523383 14.800359496523383 14.800359496523383 0.0073713424382565009 0.0073713424382565009 0.0073713424382565009 1 1 1 Converged Converged Converged OK OK OK 75 75 75 75 75 75 5 5 5 0 0 0 0 0 1 0 0
8 8 uniform 3 7 88 1 0.001 1.0591431915742986 0.090057087844309255 0.0046126106867687023 0.11129207656912495 -0.18385800770669031 0.11093108964581261 0 -0.02342801067227164 15.145113730016124 OK 15 14 0.377328 0.41883399999999998 0.111758 0.26350699999999999 0.18118799999999999 0 0.11382100000000001 0.237646 0.111758 0.013467 0.013297 0.012648 0.077115000000000017 0.20117799999999997 0.076476999999999962 0.0036240000000000001 0.0035759999999999998 0.0035279999999999999 0.0008969999999999999 0.00091799999999999998 0.00088500000000000004 15.145113556667221 15.145113556667221 15.145113556667221 0.007963221436372795 0.007963221436372795 0.007963221436372795 1 1 1 Converged Converged Converged OK OK OK 75 75 75 75 75 75 5 5 5 0 0 0 0 1 0 0 1
8 8 uniform 3 15 88 2 0.001 1.0591431915742986 0.090057087844309255 0.0046126106867687023 0.11129207656912495 -0.18385800770669031 0.11157284417614564 0 -0.024069765202604676 15.589705186919304 OK 15 14 0.34288200000000002 0.39363999999999999 0.11337800000000001 0.23233799999999999 0.151363 0 0.11054400000000003 0.24227699999999999 0.11337800000000001 0.013367 0.013372999999999999 0.016593 0.074190999999999979 0.205678 0.074184999999999973 0.0036259999999999999 0.003643 0.0035769999999999995 0.00088000000000000003 0.00090200000000000002 0.0009050000000000001 15.589704991792408 15.589704991792408 15.589704991792408 0.008797618032215522 0.008797618032215522 0.008797618032215522 1 1 1 Converged Converged Converged OK OK OK 75 75 75 75 75 75 5 5 5 0 0 0 0 1 0 0 1
8 8 uniform 3 23 88 3 0.001 1.0591431915742986 0.090057087844309255 0.0046126106867687023 0.11129207656912495 -0.18385800770669031 0.11221459870647868 0 -0.024711519732937712 16.103601316106804 OK 15 14 0.37063299999999999 0.40436100000000003 0.11176700000000001 0.25717000000000001 0.16705400000000001 0 0.11346299999999998 0.23730700000000002 0.11176700000000001 0.013396999999999999 0.013424 0.012599000000000001 0.076925000000000021 0.20060999999999993 0.076688000000000006 0.0036569999999999997 0.0036289999999999998 0.0034990000000000004 0.00092500000000000004 0.00090600000000000001 0.00089799999999999993 16.103601100808781 16.103601100808781 16.103601100808781 0.0098732226011396043 0.0098732226011396043 0.0098732226011396043 1 1 1 Converged Converged Converged OK OK OK 75 75 75 75 75 75 5 5 5 0 0 0 0 1 0 0 1
8 8 uniform 3 0 88 0 0.0001 1.0591431915742986 0.090057087844309255 0.0046126106867687023 0.11129207656912495 -0.18385800770669031 0.11036955443177121 0 -0.022866475458230243 14.800359676323479 OK 15 14 0.404165 0.41814800000000002 0.15495100000000001 0.24814600000000001 0.25752199999999997 0 0.15601899999999999 0.16062600000000005 0.15495100000000001 0.014241 0.015516 0.013757 0.10118899999999992 0.10331499999999999 0.10068499999999997 0.0053080000000000002 0.0055889999999999994 0.0054100000000000007 0.0011670000000000001 0.0012199999999999999 0.001196 14.800359494523939 14.800359494523939 14.800359494523939 0.0011277584439350523 0.0011277584439350523 0.0011277584439350523 1 1 1 Converged Converged Converged OK OK OK 107 107 107 107 107 107 5 5 5 0 0 0 0 0 1 0 0
8 8 uniform 3 7 88 1 0.0001 1.0591431915742986 0.090057087844309255 0.0046126106867687023 0.11129207656912495 -0.18385800770669031 0.11093108964581261 0 -0.02342801067227164 15.145113730016124 OK 15 14 0.412576 0.56901800000000002 0.14400199999999999 0.266513 0.19212099999999999 0 0.146063 0.37689700000000004 0.14400199999999999 0.013469999999999999 0.014749 0.012741000000000001 0.09929799999999997 0.32723400000000002 0.09881699999999996 0.0053540000000000003 0.0056300000000000005 0.005274 0.001168 0.001178 0.001127 15.145113554504931 15.145113554504931 15.145113554504931 0.0011276948335305641 0.0011276948335305641 0.0011276948335305641 1 1 1 Converged Converged Converged OK OK OK 107 107 107 107 107 107 5 5 5 0 0 0 0 1 0 0 1
8 8 uniform 3 15 88 2 0.0001 1.0591431915742986 0.090057087844309255 0.0046126106867687023 0.11129207656912495 -0.18385800770669031 0.11157284417614564 0 -0.024069765202604676 15.589705186919304 OK 15 14 0.375114 0.51663400000000004 0.141568 0.23171800000000001 0.15390200000000001 0 0.143396 0.36273200000000005 0.141568 0.013403 0.013741 0.012753 0.096740000000000034 0.31469800000000014 0.096404999999999977 0.0053989999999999993 0.0055670000000000008 0.0053070000000000001 0.0011589999999999999 0.0011850000000000001 0.0011299999999999999 15.589704989338854 15.589704989338854 15.589704989338854 0.0011276142698545049 0.0011276142698545049 0.0011276142698545049 1 1 1 Converged Converged Converged OK OK OK 107 107 107 107 107 107 5 5 5 0 0 0 0 1 0 0 1
8 8 uniform 3 23 88 3 0.0001 1.0591431915742986 0.090057087844309255 0.0046126106867687023 0.11129207656912495 -0.18385800770669031 0.11221459870647868 0 -0.024711519732937712 16.103601316106804 OK 15 14 0.40446199999999999 0.51539800000000002 0.145342 0.252137 0.164663 0 0.15232499999999999 0.35073500000000002 0.145342 0.013410999999999999 0.013382 0.012784999999999999 0.10518399999999996 0.30334900000000009 0.099933000000000022 0.0055010000000000007 0.0055109999999999994 0.0053020000000000003 0.001199 0.001209 0.0011479999999999999 16.103601097849399 16.103601097849399 16.103601097849399 0.0011275276462152659 0.0011275276462152659 0.0011275276462152659 1 1 1 Converged Converged Converged OK OK OK 107 107 107 107 107 107 5 5 5 0 0 0 0 1 0 0 1
8 8 uniform 4 0 89 0 0.001 1.0591431915742986 0.090057087844309255 0.0046126106867687023 0.16901105009340453 0.21262617219276847 0.16808852795605078 0 -0.080585448982509814 3.2125424329626022 OK 13 12 0.30243199999999998 0.300064 0.070624999999999993 0.23061899999999999 0.22861899999999999 0 0.071812999999999988 0.071445000000000008 0.070624999999999993 0.0087580000000000002 0.008855 0.0084189999999999994 0.046676999999999996 0.046453000000000015 0.046396 0.0021429999999999999 0.0021979999999999999 0.0021519999999999998 0.00058999999999999992 0.00058099999999999992 0.00057499999999999999 3.2125424119184931 3.2125424119184931 3.2125424119184931 0.0011184932734517883 0.0011184932734517883 0.0011184932734517883 1 1 1 Converged Converged Converged OK OK OK 45 45 45 45 45 45 3 3 3 0 0 0 0 0 1 0 0
8 8 uniform 4 7 89 1 0.001 1.0591431915742986 0.090057087844309255 0.0046126106867687023 0.16901105009340453 0.21262617219276847 0.16865006317009221 0 -0.081146984196551239 3.2110475220817074 OK 13 12 0.29846499999999998 0.28129999999999999 0.067567000000000002 0.229574 0.153977 0 0.06889099999999998 0.12732299999999999 0.067567000000000002 0.0082070000000000008 0.0081720000000000004 0.007685 0.046665999999999999 0.10501200000000001 0.046297999999999985 0.0021329999999999999 0.0021930000000000001 0.0021320000000000002 0.00056899999999999995 0.00056999999999999998 0.00053600000000000002 3.2110475010508899 3.2110475010508899 3.2110475010508899 0.0011178750016703871 0.0011178750016703871 0.0011178750016703871 1 1 1 Converged Converged Converged OK OK OK 45 45 45 45 45 45 3 3 3 0 0 0 0 1 0 0 1
8 8 uniform 4 15 89 2 0.001 1.0591431915742986 0.090057087844309255 0.0046126106867687023 0.16901105009340453 0.21262617219276847 0.16929181770042523 0 -0.081788738726884261 3.2093156193882626 OK 13 12 0.32105 0.28404499999999999 0.069097000000000006 0.25083800000000001 0.159108 0 0.070211999999999997 0.12493699999999999 0.069097000000000006 0.0082070000000000008 0.0081840000000000003 0.0076090000000000003 0.04779300000000003 0.10257799999999999 0.048035000000000008 0.0021580000000000002 0.0021540000000000001 0.0020929999999999998 0.00056599999999999999 0.00056999999999999998 0.00053700000000000004 3.2093155983725969 3.2093155983725969 3.2093155983725969 0.0011171614963641266 0.0011171614963641266 0.0011171614963641266 1 1 1 Converged Converged Converged OK OK OK 45 45 45 45 45 45 3 3 3 0 0 0 0 1 0 0 1
8 8 uniform 4 23 89 3 0.001 1.0591431915742986 0.090057087844309255 0.0046126106867687023 0.16901105009340453 0.21262617219276847 0.16993357223075828 0 -0.08243049325721731 3.2075589063545484 OK 13 12 0.28008699999999997 0.25895499999999999 0.069460999999999995 0.208785 0.12767999999999999 0 0.071301999999999977 0.131275 0.069460999999999995 0.0081449999999999995 0.0081259999999999995 0.0075900000000000004 0.048742000000000008 0.10908000000000004 0.048399000000000011 0.0022240000000000003 0.002134 0.002101 0.00059299999999999999 0.00058500000000000002 0.00053300000000000005 3.2075588853217174 3.2075588853217174 3.2075588853217174 0.0011164406969994957 0.0011164406969994957 0.0011164406969994957 1 1 1 Converged Converged Converged OK OK OK 45 45 45 45 45 45 3 3 3 0 0 0 0 1 0 0 1
8 8 uniform 4 0 89 0 0.0001 1.0591431915742986 0.090057087844309255 0.0046126106867687023 0.16901105009340453 0.21262617219276847 0.16808852795605078 0 -0.080585448982509814 3.2125424329626022 OK 13 12 0.32099800000000001 0.31564700000000001 0.086445999999999995 0.23333499999999999 0.22731199999999999 0 0.087663000000000019 0.088335000000000025 0.086445999999999995 0.0089390000000000008 0.0091020000000000007 0.0084370000000000001 0.057168999999999991 0.057238000000000032 0.056850999999999999 0.00298 0.0031900000000000001 0.0029430000000000003 0.00071599999999999995 0.00069199999999999991 0.00065700000000000003 3.2125424118188435 3.2125424118188435 3.2125424118188435 0.00026562454673297704 0.00026562454673297704 0.00026562454673297704 1 1 1 Converged Converged Converged OK OK OK 61 61 61 61 61 61 3 3 3 0 0 0 0 0 1 0 0
8 8 uniform 4 7 89 1 0.0001 1.0591431915742986 0.090057087844309255 0.0046126106867687023 0.16901105009340453 0.21262617219276847 0.16865006317009221 0 -0.081146984196551239 3.2110475220817074 OK 13 12 0.316612 0.33601399999999998 0.082817000000000002 0.23243 0.150147 0 0.084182000000000007 0.18586699999999998 0.082817000000000002 0.0080949999999999998 0.00826 0.0076350000000000003 0.05696200000000002 0.158308 0.056527000000000015 0.0029820000000000003 0.0031259999999999994 0.0029899999999999996 0.00069800000000000005 0.00070899999999999999 0.00064900000000000005 3.2110475009510511 3.2110475009510511 3.2110475009510511 0.00026547399368428867 0.00026547399368428867 0.00026547399368428867 1 1 1 Converged Converged Converged OK OK OK 61 61 61 61 61 61 3 3 3 0 0 0 0 1 0 0 1
8 8 uniform 4 15 89 2 0.0001 1.0591431915742986 0.090057087844309255 0.0046126106867687023 0.16901105009340453 0.21262617219276847 0.16929181770042523 0 -0.081788738726884261 3.2093156193882626 OK 13 12 0.333341 0.362201 0.084532999999999997 0.24703600000000001 0.16448499999999999 0 0.086304999999999993 0.197716 0.084532999999999997 0.0082539999999999992 0.0082269999999999999 0.0076400000000000001 0.058628 0.17005700000000001 0.058372999999999987 0.0030169999999999997 0.003104 0.0029859999999999999 0.000718 0.00067500000000000004 0.00065600000000000001 3.2093155982725006 3.2093155982725006 3.2093155982725006 0.00026529813126851577 0.00026529813126851577 0.00026529813126851577 1 1 1 Converged Converged Converged OK OK OK 61 61 61 61 61 61 3 3 3 0 0 0 0 1 0 0 1
8 8 uniform 4 23 89 3 0.0001 1.0591431915742986 0.090057087844309255 0.0046126106867687023 0.16901105009340453 0.21262617219276847 0.16993357223075828 0 -0.08243049325721731 3.2075589063545484 OK 13 12 0.30546499999999999 0.30749599999999999 0.085292000000000007 0.21722 0.12656100000000001 0 0.08824499999999999 0.18093499999999998 0.085292000000000007 0.0083680000000000004 0.0081689999999999992 0.0076379999999999998 0.060131999999999984 0.15343100000000004 0.059365000000000008 0.0033230000000000004 0.0030379999999999999 0.0029320000000000001 0.00072600000000000008 0.00067100000000000005 0.00065300000000000004 3.2075588852213608 3.2075588852213608 3.2075588852213608 0.0002651182527635641 0.0002651182527635641 0.0002651182527635641 1 1 1 Converged Converged Converged OK OK OK 61 61 61 61 61 61 3 3 3 0 0 0 0 1 0 0 1
9 9 linear 0 0 90 0 0.001 0.57986328980431667 0.0010079841577647793 5.470597280025246e-05 0.00034011061164707996 -1.4627614881075637e-05 0.00032916941708702944 0.5 0.00025473502627652985 12357.078591858435 OK 15 14 1.405899 1.371513 0.49018600000000001 0.87070099999999995 0.86975800000000003 0 0.53519800000000006 0.50175499999999995 0.49018600000000001 0.018887000000000001 0.01762 0.017134 0.43533699999999997 0.41405800000000004 0.41087000000000029 0.010520000000000002 0.0081650000000000004 0.007711 0.0014790000000000001 0.0013809999999999998 0.001268 12356.217312071116 12356.217312071116 12356.217312071116 10.213912726801162 10.213912726801162 10.213912726801162 1 1 1 Converged Converged Converged OK OK OK 135 135 135 135 135 135 9 9 9 0 0 0 0 0 1 0 0
9 9 linear 0 7 90 1 0.001 0.57986328980431667 0.0010079841577647793 5.470597280025246e-05 0.00034011061164707996 -1.4627614881075637e-05 0.00033582927464532108 0.5 0.00024807516871823822 11900.736181149905 OK 15 14 1.034797 0.96513400000000005 0.45797700000000002 0.56720300000000001 0.39155899999999999 0 0.46759399999999995 0.57357500000000006 0.45797700000000002 0.017361000000000001 0.016157999999999999 0.015214 0.40948200000000007 0.51729399999999992 0.40307300000000018 0.0078049999999999994 0.0077289999999999998 0.0074140000000000005 0.001284 0.0012950000000000001 0.001279 11900.512501888923 11900.512501888923 11900.512501888923 10.00815296557859 10.00815296557859 10.00815296557859 1 1 1 Converged Converged Converged OK OK OK 135 135 135 135 135 135 9 9 9 0 0 0 0 1 0 0 1
9 9 linear 0 15 90 2 0.001 0.57986328980431667 0.0010079841577647793 5.470597280025246e-05 0.00034011061164707996 -1.4627614881075637e-05 0.00034344054042622578 0.5 0.00024046390293733352 11346.750582317942 OK 15 14 1.0616540000000001 1.002394 0.46568300000000001 0.60571799999999998 0.434699 0 0.45593600000000012 0.56769500000000006 0.46568300000000001 0.016064999999999999 0.016095000000000002 0.016421000000000002 0.39988100000000015 0.51145700000000005 0.40925700000000004 0.0076679999999999986 0.0076799999999999993 0.0075830000000000003 0.0012619999999999999 0.0011979999999999998 0.001274 11346.566927228521 11346.566927228521 11346.566927228521 9.7837239453033185 9.7837239453033185 9.7837239453033185 1 1 1 Converged Converged Converged OK OK OK 135 135 135 135 135 135 9 9 9 0 0 0 0 1 0 0 1
9 9 linear 0 23 90 3 0.001 0.57986328980431667 0.0010079841577647793 5.470597280025246e-05 0.00034011061164707996 -1.4627614881075637e-05 0.00035105180620713047 0.5 0.00023285263715642883 10768.730810894915 OK 15 14 1.283644 1.2340629999999999 0.48961300000000002 0.82625000000000004 0.65618500000000002 0 0.45739399999999997 0.57787799999999989 0.48961300000000002 0.016641 0.016459999999999999 0.016580000000000001 0.39983000000000002 0.52114999999999989 0.4279980000000001 0.0077800000000000005 0.0075800000000000008 0.0083639999999999999 0.0012009999999999998 0.001214 0.0011979999999999998 10768.602424849085 10768.602424849085 10768.602424849085 9.5743517595137355 9.5743517595137355 9.5743517595137355 1 1 1 Converged Converged Converged OK OK OK 135 135 135 135 135 135 9 9 9 0 0 0 0 1 0 0 1
9 9 linear 0 0 90 0 0.0001 0.57986328980431667 0.0010079841577647793 5.470597280025246e-05 0.00034011061164707996 -1.4627614881075637e-05 0.00032916941708702944 0.5 0.00025473502627652985 12357.078591858435 OK 15 14 1.722102 1.6521349999999999 0.81342499999999995 0.87015500000000001 0.86454500000000001 0 0.85194700000000001 0.7875899999999999 0.81342499999999995 0.019210000000000001 0.017679 0.017141 0.6912119999999996 0.64422099999999982 0.65430500000000047 0.022462000000000003 0.018161000000000004 0.019931000000000004 0.0021709999999999998 0.002026 0.0021149999999999997 12356.42944168897 12356.42944168897 12356.42944168897 0.82284646819609952 0.82284646819609952 0.82284646819609952 1 1 1 Converged Converged Converged OK OK OK 223 223 223 223 223 223 9 9 9 0 0 0 0 0 1 0 0
9 9 linear 0 7 90 1 0.0001 0.57986328980431667 0.0010079841577647793 5.470597280025246e-05 0.00034011061164707996 -1.4627614881075637e-05 0.00033582927464532108 0.5 0.00024807516871823822 11900.736181149905 OK 15 14 1.2905470000000001 1.3373349999999999 0.74258199999999996 0.55668499999999999 0.39264199999999999 0 0.73386200000000013 0.944693 0.74258199999999996 0.016199000000000002 0.016173 0.015363999999999999 0.64351200000000019 0.85158799999999923 0.65325399999999978 0.018388999999999999 0.019494000000000001 0.018022000000000003 0.0019269999999999999 0.0019109999999999997 0.0018949999999999998 11900.721683069454 11900.721683069454 11900.721683069454 0.82015400285416507 0.82015400285416507 0.82015400285416507 1 1 1 Converged Converged Converged OK OK OK 223 223 223 223 223 223 9 9 9 0 0 0 0 1 0 0 1
9 9 linear 0 15 90 2 0.0001 0.57986328980431667 0.0010079841577647793 5.470597280025246e-05 0.00034011061164707996 -1.4627614881075637e-05 0.00034344054042622578 0.5 0.00024046390293733352 11346.750582317942 OK 15 14 1.3294699999999999 1.376301 0.72611400000000004 0.60551299999999997 0.43455199999999999 0 0.72395699999999996 0.94174899999999995 0.72611400000000004 0.016149 0.016156 0.015291000000000001 0.63385900000000006 0.84985599999999994 0.63869899999999991 0.018371999999999999 0.018983 0.017690999999999998 0.0019390000000000004 0.0019470000000000004 0.0019109999999999999 11346.772844122899 11346.772844122899 11346.772844122899 0.81812009004428532 0.81812009004428532 0.81812009004428532 1 1 1 Converged Converged Converged OK OK OK 223 223 223 223 223 223 9 9 9 0 0 0 0 1 0 0 1
9 9 linear 0 23 90 3 0.0001 0.57986328980431667 0.0010079841577647793 5.470597280025246e-05 0.00034011061164707996 -1.4627614881075637e-05 0.00035105180620713047 0.5 0.00023285263715642883 10768.730810894915 OK 15 14 1.5574110000000001 1.6188340000000001 0.72372599999999998 0.82726200000000005 0.65807700000000002 0 0.73014900000000005 0.96075700000000008 0.72372599999999998 0.01636 0.016451 0.015599 0.6397879999999998 0.86954999999999893 0.63623699999999983 0.018230999999999997 0.018703999999999998 0.017492999999999998 0.0018370000000000001 0.0018489999999999999 0.0018400000000000001 10768.805186014584 10768.805186014584 10768.805186014584 0.8172383918120919 0.8172383918120919 0.8172383918120919 1 1 1 Converged Converged Converged OK OK OK 223 223 223 223 223 223 9 9 9 0 0 0 0 1 0 0 1
9 9 linear 1 0 91 0 0.001 0.57986328980431667 0.0010079841577647793 5.470597280025246e-05 1.1421851550572601 -0.094480971613871104 1.1421742138627 0.5 -1.1415903094193365 5.2914640945970781 OK 14 13 1.0547280000000001 1.070163 0.33850599999999997 0.71340000000000003 0.71923400000000004 0 0.34132800000000008 0.35092899999999994 0.33850599999999997 0.068540000000000004 0.068925 0.065563999999999997 0.23871199999999998 0.24770899999999993 0.23909399999999992 0.0049670000000000001 0.0050320000000000009 0.0051279999999999997 0.0014619999999999998 0.001341 0.0013500000000000001 5.2914668945090897 5.2914668945090897 5.2914668945090897 0.0043575553585362648 0.0043575553585362648 0.0043575553585362648 1 1 1 Converged Converged Converged OK OK OK 91 91 91 91 91 91 5 5 5 0 0 0 0 0 1 0 0
9 9 linear 1 7 91 1 0.001 0.57986328980431667 0.0010079841577647793 5.470597280025246e-05 1.1421851550572601 -0.094480971613871104 1.1421808737202583 0.5 -1.1415969692768948 6.8129607443341467 OK 14 13 1.058762 1.080077 0.32851999999999998 0.72794899999999996 0.65735699999999997 0 0.33081300000000002 0.42271999999999998 0.32851999999999998 0.070308999999999996 0.070333999999999994 0.066293000000000005 0.23301700000000003 0.32535599999999998 0.23540799999999995 0.00511 0.0047530000000000003 0.0050940000000000004 0.001242 0.0012429999999999997 0.0013430000000000002 6.8129676129072614 6.8129676129066192 6.8129676129072614 0.0065769106820751126 0.0065769106634173116 0.0065769106820751126 1 1 1 Converged Converged Converged OK OK OK 91 91 91 91 91 91 5 5 5 0 0 0 0 1 0 0 1
9 9 linear 1 15 91 2 0.001 0.57986328980431667 0.0010079841577647793 5.470597280025246e-05 1.1421851550572601 -0.094480971613871104 1.1421884849860393 0.5 -1.1416045805426758 8.8238656597605534 OK 14 13 1.2206760000000001 1.1624760000000001 0.46375 0.74827999999999995 0.62241000000000002 0 0.47239600000000015 0.54006600000000005 0.46375 0.070069999999999993 0.073016999999999999 0.065378000000000006 0.35503299999999999 0.41756399999999988 0.35316500000000006 0.0072899999999999996 0.0084399999999999996 0.0070090000000000005 0.0016869999999999999 0.0018090000000000001 0.0016619999999999998 8.8238829045498335 8.8238829045558873 8.8238829045498335 0.0080025690101084429 0.0080025690013668105 0.0080025690101084429 1 1 1 Converged Converged Converged OK OK OK 122 122 122 122 122 122 6 6 6 0 0 0 0 1 0 0 1
9 9 linear 1 23 91 3 0.001 0.57986328980431667 0.0010079841577647793 5.470597280025246e-05 1.1421851550572601 -0.094480971613871104 1.1421960962518203 0.5 -1.1416121918084567 11.436947156802633 OK 14 13 1.0862149999999999 0.97597599999999995 0.33118300000000001 0.71608700000000003 0.56934600000000002 0 0.3701279999999999 0.40662999999999994 0.33118300000000001 0.072188000000000002 0.072298000000000001 0.066577999999999998 0.27123000000000014 0.30876300000000012 0.24050399999999991 0.0047639999999999991 0.0048920000000000005 0.0044819999999999999 0.001524 0.0013260000000000001 0.001188 11.43697716388704 11.436977163898424 11.43697716388704 0.010253900325085755 0.01025390032582079 0.010253900325085755 1 1 1 Converged Converged Converged OK OK OK 82 82 82 82 82 82 6 6 6 0 0 0 0 1 0 0 1
9 9 linear 1 0 91 0 0.0001 0.57986328980431667 0.0010079841577647793 5.470597280025246e-05 1.1421851550572601 -0.094480971613871104 1.1421742138627 0.5 -1.1415903094193365 5.2914640945970781 OK 14 13 1.203525 1.199249 0.47815299999999999 0.71612100000000001 0.71410200000000001 0 0.48740399999999995 0.48514699999999999 0.47815299999999999 0.072026999999999994 0.068579000000000001 0.066488000000000005 0.35031800000000007 0.35176599999999997 0.34897600000000017 0.0081300000000000001 0.0078329999999999997 0.0078539999999999999 0.0018929999999999999 0.0018720000000000002 0.0019170000000000001 5.2914684345036083 5.2914684345036083 5.2914684345036083 6.1840757353912059e-06 6.1840757353912059e-06 6.1840757353912059e-06 1 1 1 Converged Converged Converged OK OK OK 139 139 139 139 139 139 5 5 5 0 0 0 0 0 1 0 0
9 9 linear 1 7 91 1 0.0001 0.57986328980431667 0.0010079841577647793 5.470597280025246e-05 1.1421851550572601 -0.094480971613871104 1.1421808737202583 0.5 -1.1415969692768948 6.8129607443341467 OK 14 13 1.2014739999999999 1.2599940000000001 0.45580700000000002 0.73158100000000004 0.66004200000000002 0 0.46989299999999989 0.59995200000000004 0.45580700000000002 0.070699999999999999 0.070351999999999998 0.065910999999999997 0.3572409999999997 0.48846600000000023 0.34930200000000011 0.0079299999999999995 0.0076480000000000003 0.0076629999999999997 0.0018340000000000001 0.0018439999999999999 0.0018580000000000001 6.8129573647912309 6.8129573647882475 6.8129573647912309 0.00013861909523477214 0.00013861906688043951 0.00013861909523477214 1 1 1 Converged Converged Converged OK OK OK 139 139 139 139 139 139 5 5 5 0 0 0 0 1 0 0 1
9 9 linear 1 15 91 2 0.0001 0.57986328980431667 0.0010079841577647793 5.470597280025246e-05 1.1421851550572601 -0.094480971613871104 1.1421884849860393 0.5 -1.1416045805426758 8.8238656597605534 OK 14 13 1.583941 1.518329 0.83096400000000004 0.75314599999999998 0.624197 0 0.83079500000000006 0.89413200000000004 0.83096400000000004 0.074418999999999999 0.077858999999999998 0.066823999999999995 0.66694199999999948 0.72686300000000037 0.67595600000000011 0.017486999999999999 0.017177999999999999 0.016727000000000002 0.0025610000000000003 0.0023859999999999997 0.0022209999999999999 8.8238815778939355 8.8238815778949267 8.8238815778939355 0.00064385727217192883 0.00064385727086058522 0.00064385727217192883 1 1 1 Converged Converged Converged OK OK OK 218 218 218 218 218 218 6 6 6 0 0 0 0 1 0 0 1
9 9 linear 1 23 91 3 0.0001 0.57986328980431667 0.0010079841577647793 5.470597280025246e-05 1.1421851550572601 -0.094480971613871104 1.1421960962518203 0.5 -1.1416121918084567 11.436947156802633 OK 14 13 1.272559 1.2313130000000001 0.56587200000000004 0.71332200000000001 0.577874 0 0.55923699999999998 0.6534390000000001 0.56587200000000004 0.072095000000000006 0.072212999999999999 0.066032999999999994 0.44177200000000011 0.53637100000000004 0.45380000000000009 0.0092219999999999993 0.0089940000000000003 0.0085719999999999998 0.0019349999999999999 0.0019810000000000001 0.0018140000000000001 11.436983235844103 11.43698323584667 11.436983235844103 0.00093796634606080234 0.00093796632566114457 0.00093796634606080234 1 1 1 Converged Converged Converged OK OK OK 146 146 146 146 146 146 6 6 6 0 0 0 0 1 0 0 1
9 9 linear 2 0 92 0 0.001 0.57986328980431667 0.0010079841577647793 5.470597280025246e-05 1.1422862733622734 0.09455346559252209 1.1422753321677133 0.5 -1.1416914277243497 9.5214107015639549 OK 14 13 1.209087 1.207662 0.351412 0.84963 0.85333700000000001 0 0.35945700000000003 0.354325 0.351412 0.076883999999999994 0.072035000000000002 0.070037000000000002 0.24960000000000013 0.24979700000000005 0.249227 0.0053530000000000001 0.0052239999999999995 0.0051450000000000003 0.0013690000000000002 0.001291 0.0012849999999999999 9.5214783592406249 9.5214783592406249 9.5214783592406249 0.007359271035214875 0.007359271035214875 0.007359271035214875 1 1 1 Converged Converged Converged OK OK OK 82 82 82 82 82 82 6 6 6 0 0 0 0 0 1 0 0
9 9 linear 2 7 92 1 0.001 0.57986328980431667 0.0010079841577647793 5.470597280025246e-05 1.1422862733622734 0.09455346559252209 1.1422819920252716 0.5 -1.141698087581908 7.2113027691376885 OK 15 14 3.3543919999999998 54.819766000000001 0.45938800000000002 2.8800370000000002 54.207524999999997 0 0.47435499999999964 0.61224100000000448 0.45938800000000002 0.112828 0.12721499999999999 0.10229199999999999 0.31865100000000002 0.43651800000000002 0.32277099999999992 0.0071599999999999997 0.0074740000000000006 0.0059480000000000002 0.0015149999999999999 0.0016100000000000001 0.0015269999999999999 7.2113120321213202 7.2113120321213202 7.2113120321213202 0.0061893823359879026 0.0061893823359879026 0.0061893823359879026 1 1 1 Converged Converged Converged OK OK OK 97 97 97 97 97 97 7 7 7 0 0 0 0 1 0 0 1
9 9 linear 2 15 92 2 0.001 0.57986328980431667 0.0010079841577647793 5.470597280025246e-05 1.1422862733622734 0.09455346559252209 1.1422896032910526 0.5 -1.141705698847689 4.9262246114946686 OK 14 13 0.92969599999999997 0.92946399999999996 0.29910599999999998 0.62011499999999997 0.57032099999999997 0 0.309581 0.35914299999999999 0.29910599999999998 0.072520000000000001 0.072662000000000004 0.067214999999999997 0.20914999999999997 0.25946800000000003 0.20677999999999999 0.005842 0.005666 0.0047930000000000004 0.001194 0.0013159999999999999 0.001209 4.9261882590576285 4.9261882590548671 4.9261882590576285 0.003393278453498206 0.0033932784385378211 0.003393278453498206 1 1 1 Converged Converged Converged OK OK OK 83 83 83 83 83 83 5 5 5 0 0 0 0 1 0 0 1
9 9 linear 2 23 92 3 0.001 0.57986328980431667 0.0010079841577647793 5.470597280025246e-05 1.1422862733622734 0.09455346559252209 1.1422972145568335 0.5 -1.14171331011347 4.1949812819344476 OK 13 12 0.88790999999999998 0.794879 0.19922000000000001 0.68148299999999995 0.52445699999999995 0 0.20642700000000003 0.27042200000000005 0.19922000000000001 0.040105000000000002 0.042256000000000002 0.034949000000000001 0.14443900000000001 0.20681799999999995 0.14441099999999998 0.0042249999999999996 0.0040920000000000002 0.0035849999999999996 0.00087000000000000001 0.00088599999999999985 0.0008160000000000001 4.1949786370001716 4.1949786370001716 4.1949786370001716 0.0024759681716171457 0.0024759681716171457 0.0024759681716171457 1 1 1 Converged Converged Converged OK OK OK 61 61 61 61 61 61 3 3 3 0 0 0 0 1 0 0 1
9 9 linear 2 0 92 0 0.0001 0.57986328980431667 0.0010079841577647793 5.470597280025246e-05 1.1422862733622734 0.09455346559252209 1.1422753321677133 0.5 -1.1416914277243497 9.5214107015639549 OK 14 13 1.43248 1.43563 0.58741500000000002 0.84712399999999999 0.84832099999999999 0 0.58535599999999999 0.58730899999999997 0.58741500000000002 0.078681000000000001 0.076883000000000007 0.071381 0.43926500000000018 0.44267299999999993 0.44514799999999982 0.0091539999999999989 0.0087590000000000012 0.0089740000000000011 0.0020230000000000001 0.0020269999999999997 0.0019880000000000002 9.5214779142061019 9.5214779142061019 9.5214779142061019 0.00058441736966603004 0.00058441736966603004 0.00058441736966603004 1 1 1 Converged Converged Converged OK OK OK 138 138 138 138 138 138 6 6 6 0 0 0 0 0 1 0 0
9 9 linear 2 7 92 1 0.0001 0.57986328980431667 0.0010079841577647793 5.470597280025246e-05 1.1422862733622734 0.09455346559252209 1.1422819920252716 0.5 -1.141698087581908 7.2113027691376885 OK 15 14 3.5498050000000001 55.047362 0.57899 2.9354990000000001 54.248319000000002 0 0.61430600000000002 0.79904299999999751 0.57899 0.115075 0.121258 0.102941 0.4330139999999999 0.6201399999999998 0.42637499999999962 0.010979000000000001 0.012058000000000001 0.0090800000000000013 0.001941 0.0021159999999999998 0.0019400000000000001 7.2113120430568758 7.2113120430568758 7.2113120430568758 0.00051447923468976272 0.00051447923468976272 0.00051447923468976272 1 1 1 Converged Converged Converged OK OK OK 145 145 145 145 145 145 7 7 7 0 0 0 0 1 0 0 1
9 9 linear 2 15 92 2 0.0001 0.57986328980431667 0.0010079841577647793 5.470597280025246e-05 1.1422862733622734 0.09455346559252209 1.1422896032910526 0.5 -1.141705698847689 4.9262246114946686 OK 14 13 1.061445 1.1246449999999999 0.43102600000000002 0.61885100000000004 0.57124200000000003 0 0.44259399999999993 0.55340299999999987 0.43102600000000002 0.072098999999999996 0.075562000000000004 0.067962999999999996 0.32954999999999979 0.43523700000000015 0.32449899999999998 0.0082480000000000001 0.0087900000000000009 0.0074259999999999994 0.0017819999999999999 0.001843 0.001591 4.9261869293040421 4.9261869292961897 4.9261869293040421 6.0785639378769379e-05 6.0785654428913826e-05 6.0785639378769379e-05 1 1 1 Converged Converged Converged OK OK OK 131 131 131 131 131 131 5 5 5 0 0 0 0 1 0 0 1
9 9 linear 2 23 92 3 0.0001 0.57986328980431667 0.0010079841577647793 5.470597280025246e-05 1.1422862733622734 0.09455346559252209 1.1422972145568335 0.5 -1.14171331011347 4.1949812819344476 OK 13 12 0.96712299999999995 0.93111500000000003 0.27344600000000002 0.68049199999999999 0.53330999999999995 0 0.28663099999999997 0.39780500000000008 0.27344600000000002 0.039497999999999998 0.039438000000000001 0.035465000000000003 0.21595000000000009 0.32719000000000015 0.20838299999999996 0.0055829999999999994 0.0056370000000000005 0.0053099999999999996 0.001196 0.0011289999999999998 0.0010119999999999999 4.1949786383516967 4.1949786383516967 4.1949786383516967 7.8387148212286633e-08 7.8387148212286633e-08 7.8387148212286633e-08 1 1 1 Converged Converged Converged OK OK OK 93 93 93 93 93 93 3 3 3 0 0 0 0 1 0 0 1
9 9 linear 3 0 93 0 0.001 0.57986328980431667 0.0010079841577647793 5.470597280025246e-05 1.1473257552380596 0.088664472433862912 1.1473148140434994 0.5 -1.1467309096001359 4.4646232069024654 OK 13 12 0.63966000000000001 0.64503200000000005 0.157721 0.47877999999999998 0.48006199999999999 0 0.16088000000000002 0.16497000000000006 0.157721 0.035522999999999999 0.039854000000000001 0.033214 0.10275699999999999 0.10281800000000002 0.10246899999999999 0.0033909999999999999 0.0033570000000000002 0.0034190000000000002 0.00068099999999999996 0.00069199999999999991 0.000678 4.4646205997231379 4.4646205997231379 4.4646205997231379 0.0020410270351210458 0.0020410270351210458 0.0020410270351210458 1 1 1 Converged Converged Converged OK OK OK 61 61 61 61 61 61 3 3 3 0 0 0 0 0 1 0 0
9 9 linear 3 7 93 1 0.001 0.57986328980431667 0.0010079841577647793 5.470597280025246e-05 1.1473257552380596 0.088664472433862912 1.1473214739010578 0.5 -1.1467375694576942 4.5644730257470085 OK 13 12 0.52650300000000005 0.499996 0.14969299999999999 0.37180400000000002 0.19943 0 0.15469900000000003 0.300566 0.14969299999999999 0.034743999999999997 0.034119999999999998 0.031343000000000003 0.10029899999999999 0.24679900000000002 0.099520999999999984 0.0032839999999999996 0.0033569999999999997 0.0031859999999999996 0.00068500000000000006 0.00071300000000000009 0.00067200000000000007 4.5644703446125243 4.5644703446125243 4.5644703446125243 0.0020410060056745278 0.0020410060056745278 0.0020410060056745278 1 1 1 Converged Converged Converged OK OK OK 61 61 61 61 61 61 3 3 3 0 0 0 0 1 0 0 1
9 9 linear 3 15 93 2 0.001 0.57986328980431667 0.0010079841577647793 5.470597280025246e-05 1.1473257552380596 0.088664472433862912 1.1473290851668387 0.5 -1.1467451807234752 4.6884227258338207 OK 13 12 0.52896799999999999 0.50801499999999999 0.15540999999999999 0.37317800000000001 0.21404000000000001 0 0.15578999999999998 0.29397499999999999 0.15540999999999999 0.033680000000000002 0.035027000000000003 0.034622 0.10248899999999998 0.23904699999999995 0.10167900000000001 0.0033530000000000001 0.0034510000000000001 0.0033240000000000001 0.00069099999999999999 0.00069000000000000008 0.00068599999999999998 4.6884198291479304 4.6884198291479304 4.6884198291479304 0.0020410199688385149 0.0020410199688385149 0.0020410199688385149 1 1 1 Converged Converged Converged OK OK OK 61 61 61 61 61 61 3 3 3 0 0 0 0 1 0 0 1
9 9 linear 3 23 93 3 0.001 0.57986328980431667 0.0010079841577647793 5.470597280025246e-05 1.1473257552380596 0.088664472433862912 1.1473366964326197 0.5 -1.1467527919892562 4.824667259468205 OK 13 12 0.52300500000000005 0.50168199999999996 0.151367 0.36704300000000001 0.20305100000000001 0 0.15596200000000005 0.29863099999999998 0.151367 0.034333000000000002 0.034743000000000003 0.031014 0.10197900000000001 0.24410800000000005 0.10151199999999999 0.0033670000000000002 0.0033859999999999997 0.0032309999999999999 0.00067500000000000004 0.00069399999999999996 0.00066699999999999995 4.8246638616390953 4.8246638616390953 4.8246638616390953 0.0020410912159036765 0.0020410912159036765 0.0020410912159036765 1 1 1 Converged Converged Converged OK OK OK 61 61 61 61 61 61 3 3 3 0 0 0 0 1 0 0 1
9 9 linear 3 0 93 0 0.0001 0.57986328980431667 0.0010079841577647793 5.470597280025246e-05 1.1473257552380596 0.088664472433862912 1.1473148140434994 0.5 -1.1467309096001359 4.4646232069024654 OK 13 12 0.69159800000000005 0.69235599999999997 0.20972199999999999 0.479792 0.48019000000000001 0 0.21180600000000005 0.21216599999999997 0.20972199999999999 0.036260000000000001 0.035145999999999997 0.033116 0.14623499999999998 0.14889000000000002 0.14848899999999998 0.004725 0.0042929999999999999 0.0042900000000000004 0.00084000000000000003 0.00080699999999999999 0.00085099999999999998 4.4646206007611822 4.4646206007611822 4.4646206007611822 0.0001383202964046082 0.0001383202964046082 0.0001383202964046082 1 1 1 Converged Converged Converged OK OK OK 77 77 77 77 77 77 3 3 3 0 0 0 0 0 1 0 0
9 9 linear 3 7 93 1 0.0001 0.57986328980431667 0.0010079841577647793 5.470597280025246e-05 1.1473257552380596 0.088664472433862912 1.1473214739010578 0.5 -1.1467375694576942 4.5644730257470085 OK 13 12 0.57379400000000003 0.56089 0.19588900000000001 0.37375000000000003 0.20016200000000001 0 0.200044 0.36072799999999999 0.19588900000000001 0.034573 0.034210999999999998 0.031524000000000003 0.14042799999999994 0.30173200000000006 0.14024300000000001 0.004326 0.0041770000000000002 0.0041329999999999995 0.000834 0.00080099999999999995 0.00080899999999999993 4.5644703456490063 4.5644703456490063 4.5644703456490063 0.00013830202966830317 0.00013830202966830317 0.00013830202966830317 1 1 1 Converged Converged Converged OK OK OK 77 77 77 77 77 77 3 3 3 0 0 0 0 1 0 0 1
9 9 linear 3 15 93 2 0.0001 0.57986328980431667 0.0010079841577647793 5.470597280025246e-05 1.1473257552380596 0.088664472433862912 1.1473290851668387 0.5 -1.1467451807234752 4.6884227258338207 OK 13 12 0.57969899999999996 0.57239799999999996 0.197821 0.37682199999999999 0.21235100000000001 0 0.20287699999999997 0.36004699999999995 0.197821 0.034809 0.034734000000000001 0.031042 0.14306099999999994 0.30041299999999993 0.14269099999999998 0.0043759999999999997 0.0043669999999999994 0.0042379999999999996 0.00087600000000000004 0.00079299999999999998 0.00080599999999999997 4.6884198301847633 4.6884198301847633 4.6884198301847633 0.00013831914353843843 0.00013831914353843843 0.00013831914353843843 1 1 1 Converged Converged Converged OK OK OK 77 77 77 77 77 77 3 3 3 0 0 0 0 1 0 0 1
9 9 linear 3 23 93 3 0.0001 0.57986328980431667 0.0010079841577647793 5.470597280025246e-05 1.1473257552380596 0.088664472433862912 1.1473366964326197 0.5 -1.1467527919892562 4.824667259468205 OK 13 12 0.57499400000000001 0.57229799999999997 0.19914000000000001 0.37056 0.20164099999999999 0 0.204434 0.37065700000000001 0.19914000000000001 0.034699000000000001 0.035715999999999998 0.031094 0.145089 0.30903799999999998 0.14435200000000004 0.0042550000000000001 0.0047790000000000003 0.0040330000000000001 0.00079799999999999999 0.00097100000000000007 0.00079400000000000011 4.8246638626761236 4.8246638626761236 4.8246638626761236 0.00013839354492537278 0.00013839354492537278 0.00013839354492537278 1 1 1 Converged Converged Converged OK OK OK 77 77 77 77 77 77 3 3 3 0 0 0 0 1 0 0 1
9 9 linear 4 0 94 0 0.001 0.57986328980431667 0.0010079841577647793 5.470597280025246e-05 1.1423293495331222 -0.094601167262260435 1.142318408338562 0.5 -1.1417345038951985 3.7740562251363383 OK 13 12 0.83967400000000003 0.84387900000000005 0.19495899999999999 0.64147600000000005 0.64352900000000002 0 0.19819799999999999 0.20035000000000003 0.19495899999999999 0.038124999999999999 0.035192000000000001 0.032182000000000002 0.13725999999999997 0.14234299999999997 0.14072600000000005 0.0033419999999999995 0.0034299999999999999 0.0033250000000000003 0.00068000000000000005 0.00071699999999999986 0.00066699999999999995 3.7740538906127115 3.7740538906127115 3.7740538906127115 0.002473667171460448 0.002473667171460448 0.002473667171460448 1 1 1 Converged Converged Converged OK OK OK 61 61 61 61 61 61 3 3 3 0 0 0 0 0 1 0 0
9 9 linear 4 7 94 1 0.001 0.57986328980431667 0.0010079841577647793 5.470597280025246e-05 1.1423293495331222 -0.094601167262260435 1.1423250681961203 0.5 -1.1417411637527568 3.6480282723786317 OK 13 12 0.73105299999999995 0.64357500000000001 0.17225599999999999 0.55423699999999998 0.38556699999999999 0 0.17681599999999997 0.25800800000000002 0.17225599999999999 0.034389999999999997 0.034423000000000002 0.031427999999999998 0.12254900000000001 0.20375100000000004 0.12178300000000002 0.0032520000000000001 0.0034219999999999997 0.0032929999999999999 0.00071699999999999997 0.00072900000000000005 0.00065700000000000003 3.6480260712740322 3.6480260712740322 3.6480260712740322 0.0024736769131409146 0.0024736769131409146 0.0024736769131409146 1 1 1 Converged Converged Converged OK OK OK 61 61 61 61 61 61 3 3 3 0 0 0 0 1 0 0 1
9 9 linear 4 15 94 2 0.001 0.57986328980431667 0.0010079841577647793 5.470597280025246e-05 1.1423293495331222 -0.094601167262260435 1.1423326794619013 0.5 -1.1417487750185378 3.5245013041629707 OK 13 12 0.642181 0.487645 0.174675 0.45991799999999999 0.24005599999999999 0 0.18226300000000001 0.247589 0.174675 0.035769000000000002 0.035422000000000002 0.030931 0.12578399999999998 0.19243500000000002 0.12469799999999999 0.003725 0.0033049999999999998 0.0031960000000000001 0.00068199999999999999 0.00067400000000000001 0.00065199999999999991 3.5244991628244522 3.5244991628244522 3.5244991628244522 0.0024736816820296911 0.0024736816820296911 0.0024736816820296911 1 1 1 Converged Converged Converged OK OK OK 61 61 61 61 61 61 3 3 3 0 0 0 0 1 0 0 1
9 9 linear 4 23 94 3 0.001 0.57986328980431667 0.0010079841577647793 5.470597280025246e-05 1.1423293495331222 -0.094601167262260435 1.1423402907276823 0.5 -1.1417563862843187 3.4178504804298817 OK 13 12 0.74922900000000003 0.613344 0.178728 0.56378399999999995 0.37189899999999998 0 0.18544500000000008 0.24144500000000002 0.178728 0.034646000000000003 0.034923999999999997 0.030362 0.13048499999999999 0.18677499999999994 0.12948199999999999 0.0036979999999999999 0.0033150000000000002 0.0031199999999999999 0.00068799999999999992 0.000696 0.00065700000000000003 3.4178484173068382 3.4178484173068382 3.4178484173068382 0.0024736835003283312 0.0024736835003283312 0.0024736835003283312 1 1 1 Converged Converged Converged OK OK OK 61 61 61 61 61 61 3 3 3 0 0 0 0 1 0 0 1
9 9 linear 4 0 94 0 0.0001 0.57986328980431667 0.0010079841577647793 5.470597280025246e-05 1.1423293495331222 -0.094601167262260435 1.142318408338562 0.5 -1.1417345038951985 3.7740562251363383 OK 13 12 0.91290400000000005 0.91317199999999998 0.27034399999999997 0.64438099999999998 0.64210400000000001 0 0.26852300000000007 0.27106799999999998 0.27034399999999997 0.034964000000000002 0.034484000000000001 0.033772000000000003 0.197826 0.19853700000000013 0.20155500000000007 0.005535 0.0050650000000000001 0.0050940000000000004 0.00098400000000000007 0.00098899999999999986 0.00093500000000000007 3.7740538919570108 3.7740538919570108 3.7740538919570108 3.9572892062527104e-08 3.9572892062527104e-08 3.9572892062527104e-08 1 1 1 Converged Converged Converged OK OK OK 93 93 93 93 93 93 3 3 3 0 0 0 0 0 1 0 0
9 9 linear 4 7 94 1 0.0001 0.57986328980431667 0.0010079841577647793 5.470597280025246e-05 1.1423293495331222 -0.094601167262260435 1.1423250681961203 0.5 -1.1417411637527568 3.6480282723786317 OK 13 12 0.81237099999999995 0.77346899999999996 0.25354100000000002 0.55909299999999995 0.38484200000000002 0 0.253278 0.38862699999999994 0.25354100000000002 0.034951000000000003 0.034666000000000002 0.032354000000000001 0.18794700000000003 0.32396999999999992 0.19136999999999993 0.0052399999999999999 0.005079000000000001 0.0050629999999999998 0.00096800000000000011 0.00093399999999999993 0.00092299999999999988 3.6480260726274305 3.6480260726274305 3.6480260726274305 4.4086453340583627e-08 4.4086453340583627e-08 4.4086453340583627e-08 1 1 1 Converged Converged Converged OK OK OK 93 93 93 93 93 93 3 3 3 0 0 0 0 1 0 0 1
9 9 linear 4 15 94 2 0.0001 0.57986328980431667 0.0010079841577647793 5.470597280025246e-05 1.1423293495331222 -0.094601167262260435 1.1423326794619013 0.5 -1.1417487750185378 3.5245013041629707 OK 13 12 0.71598499999999998 0.61099999999999999 0.26092300000000002 0.45976499999999998 0.23808399999999999 0 0.25622 0.37291600000000003 0.26092300000000002 0.034700000000000002 0.034541000000000002 0.032086999999999997 0.19135700000000003 0.30855900000000003 0.19912700000000005 0.0052149999999999992 0.0050480000000000004 0.0051150000000000006 0.00092699999999999998 0.00093999999999999986 0.00092599999999999996 3.5244991641707486 3.5244991641707486 3.5244991641707486 4.2882309933897164e-08 4.2882309933897164e-08 4.2882309933897164e-08 1 1 1 Converged Converged Converged OK OK OK 93 93 93 93 93 93 3 3 3 0 0 0 0 1 0 0 1
9 9 linear 4 23 94 3 0.0001 0.57986328980431667 0.0010079841577647793 5.470597280025246e-05 1.1423293495331222 -0.094601167262260435 1.1423402907276823 0.5 -1.1417563862843187 3.4178504804298817 OK 13 12 0.82085699999999995 0.75779600000000003 0.258795 0.56423500000000004 0.374753 0 0.25662199999999991 0.38304300000000002 0.258795 0.034096000000000001 0.039758000000000002 0.031556000000000001 0.19244800000000001 0.31231099999999984 0.19732700000000003 0.0051990000000000005 0.0052390000000000006 0.0050759999999999998 0.00091199999999999994 0.00093899999999999995 0.00090399999999999996 3.4178484186569076 3.4178484186569076 3.4178484186569076 3.880556365982774e-08 3.880556365982774e-08 3.880556365982774e-08 1 1 1 Converged Converged Converged OK OK OK 93 93 93 93 93 93 3 3 3 0 0 0 0 1 0 0 1
9 9 uniform 0 0 95 0 0.001 0.57986328980431667 0.0010079841577647793 5.470597280025246e-05 0.00034011061164707996 -1.4627614881075637e-05 0.00032916941708702944 0 0.00025473502627652985 11891.069225240022 OK 15 14 1.252785 1.2742789999999999 0.39197100000000001 0.86476500000000001 0.87465300000000001 0 0.38802000000000003 0.39962599999999993 0.39197100000000001 0.017614000000000001 0.018672999999999999 0.016858999999999999 0.30257599999999985 0.31000600000000011 0.30426800000000009 0.0074460000000000004 0.0076219999999999994 0.0073209999999999994 0.001145 0.0011620000000000001 0.0011380000000000001 11890.830413551956 11890.830413551956 11890.830413551956 10.412405890200141 10.412405890200141 10.412405890200141 1 1 1 Converged Converged Converged OK OK OK 135 135 135 135 135 135 9 9 9 0 0 0 0 0 1 0 0
9 9 uniform 0 7 95 1 0.001 0.57986328980431667 0.0010079841577647793 5.470597280025246e-05 0.00034011061164707996 -1.4627614881075637e-05 0.00033582927464532108 0 0.00024807516871823822 11471.191746674644 OK 15 14 0.91059800000000002 0.86446100000000003 0.35028999999999999 0.55835299999999999 0.39918199999999998 0 0.35224500000000003 0.46527900000000005 0.35028999999999999 0.016014 0.015973000000000001 0.01516 0.29681699999999989 0.40974700000000003 0.29633099999999968 0.0072440000000000004 0.0073340000000000002 0.0071009999999999997 0.0011560000000000001 0.0011410000000000001 0.001091 11470.971551496921 11470.971551496921 11470.971551496921 10.211829451152607 10.211829451152607 10.211829451152607 1 1 1 Converged Converged Converged OK OK OK 135 135 135 135 135 135 9 9 9 0 0 0 0 1 0 0 1
9 9 uniform 0 15 95 2 0.001 0.57986328980431667 0.0010079841577647793 5.470597280025246e-05 0.00034011061164707996 -1.4627614881075637e-05 0.00034344054042622578 0 0.00024046390293733352 10964.140774203048 OK 15 14 0.95674099999999995 0.89228600000000002 0.34942099999999998 0.602433 0.435284 0 0.35430799999999996 0.45700200000000002 0.34942099999999998 0.015873999999999999 0.016147000000000002 0.015167999999999999 0.29897199999999985 0.40149399999999996 0.29593999999999987 0.0072979999999999998 0.0072620000000000002 0.0069250000000000006 0.001127 0.0011050000000000001 0.001101 10963.909136534661 10963.909136534661 10963.909136534661 9.9909791013294722 9.9909791013294722 9.9909791013294722 1 1 1 Converged Converged Converged OK OK OK 135 135 135 135 135 135 9 9 9 0 0 0 0 1 0 0 1
9 9 uniform 0 23 95 3 0.001 0.57986328980431667 0.0010079841577647793 5.470597280025246e-05 0.00034011061164707996 -1.4627614881075637e-05 0.00035105180620713047 0 0.00023285263715642883 10436.029431402279 OK 15 14 1.191721 1.1292979999999999 0.35237000000000002 0.82656700000000005 0.65946700000000003 0 0.36515399999999998 0.46983099999999989 0.35237000000000002 0.016393000000000001 0.016316000000000001 0.015373 0.3077129999999999 0.41406499999999996 0.29859500000000011 0.0076849999999999991 0.0072139999999999999 0.0069230000000000003 0.001157 0.001129 0.001093 10435.814843000742 10435.814843000742 10435.814843000742 9.7819864514226929 9.7819864514226929 9.7819864514226929 1 1 1 Converged Converged Converged OK OK OK 135 135 135 135 135 135 9 9 9 0 0 0 0 1 0 0 1
9 9 uniform 0 0 95 0 0.0001 0.57986328980431667 0.0010079841577647793 5.470597280025246e-05 0.00034011061164707996 -1.4627614881075637e-05 0.00032916941708702944 0 0.00025473502627652985 11891.069225240022 OK 15 14 1.508081 1.5062770000000001 0.64005999999999996 0.86197999999999997 0.86490699999999998 0 0.64610100000000004 0.64137000000000011 0.64005999999999996 0.018171 0.017891000000000001 0.017086 0.49258599999999997 0.4870540000000001 0.48951499999999992 0.018044000000000001 0.018575000000000001 0.017787000000000001 0.0017309999999999999 0.0017919999999999998 0.0017400000000000002 11891.038740143726 11891.038740143726 11891.038740143726 0.96684111633568803 0.96684111633568803 0.96684111633568803 1 1 1 Converged Converged Converged OK OK OK 223 223 223 223 223 223 9 9 9 0 0 0 0 0 1 0 0
9 9 uniform 0 7 95 1 0.0001 0.57986328980431667 0.0010079841577647793 5.470597280025246e-05 0.00034011061164707996 -1.4627614881075637e-05 0.00033582927464532108 0 0.00024807516871823822 11471.191746674644 OK 15 14 1.1656310000000001 1.1772149999999999 0.58521599999999996 0.55878799999999995 0.39631899999999998 0 0.60684300000000013 0.78089599999999992 0.58521599999999996 0.016143000000000001 0.016070999999999998 0.015188 0.51581600000000016 0.69130299999999989 0.4957769999999998 0.018890999999999998 0.017987000000000003 0.018846999999999996 0.0016969999999999999 0.001717 0.0017640000000000002 11471.177049906415 11471.177049906415 11471.177049906415 0.9624085808897237 0.9624085808897237 0.9624085808897237 1 1 1 Converged Converged Converged OK OK OK 223 223 223 223 223 223 9 9 9 0 0 0 0 1 0 0 1
9 9 uniform 0 15 95 2 0.0001 0.57986328980431667 0.0010079841577647793 5.470597280025246e-05 0.00034011061164707996 -1.4627614881075637e-05 0.00034344054042622578 0 0.00024046390293733352 10964.140774203048 OK 15 14 1.204858 1.2234659999999999 0.59404800000000002 0.61363199999999996 0.43816699999999997 0 0.59122600000000003 0.78529899999999997 0.59404800000000002 0.017167000000000002 0.016174999999999998 0.015126000000000001 0.49858000000000025 0.695214 0.50448000000000026 0.01916 0.017855000000000003 0.018846000000000002 0.001738 0.0016800000000000001 0.001719 10964.111469717114 10964.111469717114 10964.111469717114 0.95784360650178346 0.95784360650178346 0.95784360650178346 1 1 1 Converged Converged Converged OK OK OK 223 223 223 223 223 223 9 9 9 0 0 0 0 1 0 0 1
9 9 uniform 0 23 95 3 0.0001 0.57986328980431667 0.0010079841577647793 5.470597280025246e-05 0.00034011061164707996 -1.4627614881075637e-05 0.00035105180620713047 0 0.00023285263715642883 10436.029431402279 OK 15 14 1.325968 1.2691460000000001 0.48884699999999998 0.82766200000000001 0.65585700000000002 0 0.49830600000000003 0.61328900000000008 0.48884699999999998 0.016586 0.016390999999999999 0.015465 0.42998300000000006 0.54743800000000009 0.42519199999999996 0.010522 0.0095620000000000011 0.0091760000000000001 0.001799 0.0017240000000000003 0.0016970000000000002 10436.051371628209 10436.051371628209 10436.051371628209 0.98887849537109562 0.98887849537109562 0.98887849537109562 1 1 1 Converged Converged Converged OK OK OK 175 175 175 175 175 175 9 9 9 0 0 0 0 1 0 0 1
9 9 uniform 1 0 96 0 0.001 0.57986328980431667 0.0010079841577647793 5.470597280025246e-05 1.1421851550572601 -0.094480971613871104 1.1421742138627 0 -1.1415903094193365 5.6250389750131848 OK 14 13 0.96262000000000003 0.97122900000000001 0.23901600000000001 0.71415099999999998 0.71932700000000005 0 0.24846900000000005 0.25190199999999996 0.23901600000000001 0.069085999999999995 0.070202000000000001 0.065670999999999993 0.154721 0.15641000000000002 0.14927800000000005 0.0033929999999999997 0.0035389999999999996 0.003248 0.001065 0.001024 0.00097199999999999999 5.625035344108773 5.625035344108773 5.625035344108773 0.0052005993638745938 0.0052005993638745938 0.0052005993638745938 1 1 1 Converged Converged Converged OK OK OK 67 67 67 67 67 67 5 5 5 0 0 0 0 0 1 0 0
9 9 uniform 1 7 96 1 0.001 0.57986328980431667 0.0010079841577647793 5.470597280025246e-05 1.1421851550572601 -0.094480971613871104 1.1421808737202583 0 -1.1415969692768948 7.2293309749374304 OK 14 13 0.98530799999999996 1.0153160000000001 0.247312 0.72572700000000001 0.66629899999999997 0 0.25958099999999995 0.34901700000000013 0.247312 0.070370000000000002 0.074614 0.066158999999999996 0.16632900000000006 0.25091199999999997 0.15958200000000003 0.003673 0.003999 0.0036069999999999995 0.0010939999999999999 0.0011090000000000002 0.00098799999999999995 7.2293454932654537 7.2293454932639865 7.2293454932654537 0.005635299955418234 0.005635299936593131 0.005635299955418234 1 1 1 Converged Converged Converged OK OK OK 75 75 75 75 75 75 5 5 5 0 0 0 0 1 0 0 1
9 9 uniform 1 15 96 2 0.001 0.57986328980431667 0.0010079841577647793 5.470597280025246e-05 1.1421851550572601 -0.094480971613871104 1.1421884849860393 0 -1.1416045805426758 9.25245409469699 OK 14 13 1.167462 1.1134539999999999 0.41859099999999999 0.74089700000000003 0.62571500000000002 0 0.42656499999999997 0.48773899999999992 0.41859099999999999 0.069998000000000005 0.070785000000000001 0.065528000000000003 0.30543199999999998 0.36687999999999993 0.30262000000000011 0.0069730000000000009 0.0071320000000000012 0.0066479999999999994 0.0017709999999999998 0.0017909999999999998 0.0015660000000000001 9.2524577686931533 9.2524577686987381 9.2524577686931533 0.0043812683279445706 0.0043812683255029655 0.0043812683279445706 1 1 1 Converged Converged Converged OK OK OK 122 122 122 122 122 122 6 6 6 0 0 0 0 1 0 0 1
9 9 uniform 1 23 96 3 0.001 0.57986328980431667 0.0010079841577647793 5.470597280025246e-05 1.1421851550572601 -0.094480971613871104 1.1421960962518203 0 -1.1416121918084567 11.871645291942018 OK 14 13 1.0071920000000001 0.93045900000000004 0.280912 0.71082100000000004 0.56972199999999995 0 0.29637100000000005 0.36073700000000009 0.280912 0.076863000000000001 0.077581999999999998 0.065833000000000003 0.19363499999999997 0.25752699999999995 0.19171699999999997 0.0049190000000000006 0.0046379999999999998 0.0040119999999999999 0.001196 0.0011970000000000001 0.0010860000000000002 11.871637759938407 11.871637759948721 11.871637759938407 0.0068301205591030055 0.0068301205605469191 0.0068301205591030055 1 1 1 Converged Converged Converged OK OK OK 82 82 82 82 82 82 6 6 6 0 0 0 0 1 0 0 1
9 9 uniform 1 0 96 0 0.0001 0.57986328980431667 0.0010079841577647793 5.470597280025246e-05 1.1421851550572601 -0.094480971613871104 1.1421742138627 0 -1.1415903094193365 5.6250389750131848 OK 14 13 1.075062 1.0793470000000001 0.45669500000000002 0.71080600000000005 0.71756600000000004 0 0.36425599999999991 0.36178100000000002 0.45669500000000002 0.068929000000000004 0.068425 0.066876000000000005 0.25587599999999999 0.25456099999999993 0.34249100000000021 0.0060409999999999995 0.0058710000000000012 0.0060239999999999998 0.0014570000000000002 0.0013940000000000001 0.0015340000000000002 5.6250384716817781 5.6250384716817781 5.6250384716817781 0.00052413603243759246 0.00052413603243759246 0.00052413603243759246 1 1 1 Converged Converged Converged OK OK OK 107 107 107 107 107 107 5 5 5 0 0 0 0 0 1 0 0
9 9 uniform 1 7 96 1 0.0001 0.57986328980431667 0.0010079841577647793 5.470597280025246e-05 1.1421851550572601 -0.094480971613871104 1.1421808737202583 0 -1.1415969692768948 7.2293309749374304 OK 14 13 1.0839799999999999 1.102708 0.38655699999999998 0.72985500000000003 0.66289299999999995 0 0.35412499999999991 0.43981500000000007 0.38655699999999998 0.070938000000000001 0.070477999999999999 0.065750000000000003 0.25276900000000002 0.33918799999999993 0.28976999999999997 0.0056950000000000004 0.005594 0.0057199999999999994 0.001307 0.0013040000000000003 0.0012960000000000001 7.229330747219211 7.2293307472159265 7.229330747219211 0.00066779731441961668 0.00066779728687586359 0.00066779731441961668 1 1 1 Converged Converged Converged OK OK OK 107 107 107 107 107 107 5 5 5 0 0 0 0 1 0 0 1
9 9 uniform 1 15 96 2 0.0001 0.57986328980431667 0.0010079841577647793 5.470597280025246e-05 1.1421851550572601 -0.094480971613871104 1.1421884849860393 0 -1.1416045805426758 9.25245409469699 OK 14 13 1.4524680000000001 1.381721 0.68044400000000005 0.742066 0.62389499999999998 0 0.71040200000000009 0.757826 0.68044400000000005 0.072110999999999995 0.071403999999999995 0.066628000000000007 0.5378230000000005 0.59044600000000036 0.53503899999999993 0.01491 0.013746999999999999 0.013035999999999999 0.002062 0.0020230000000000001 0.0018850000000000002 9.2524541516679797 9.2524541516693972 9.2524541516679797 0.00059759980972907403 0.00059759980900782664 0.00059759980972907403 1 1 1 Converged Converged Converged OK OK OK 202 202 202 202 202 202 6 6 6 0 0 0 0 1 0 0 1
9 9 uniform 1 23 96 3 0.0001 0.57986328980431667 0.0010079841577647793 5.470597280025246e-05 1.1421851550572601 -0.094480971613871104 1.1421960962518203 0 -1.1416121918084567 11.871645291942018 OK 14 13 1.1325940000000001 1.104506 0.411607 0.71547799999999995 0.57593899999999998 0 0.41711600000000015 0.52856700000000001 0.411607 0.072217000000000003 0.072517999999999999 0.066467999999999999 0.30843800000000005 0.41842099999999999 0.31056600000000001 0.0067930000000000004 0.0067629999999999999 0.0063929999999999994 0.0017689999999999997 0.0018799999999999997 0.001668 11.87164568589839 11.871645685897425 11.87164568589839 0.00074327136917369204 0.00074327134699551337 0.00074327136917369204 1 1 1 Converged Converged Converged OK OK OK 122 122 122 122 122 122 6 6 6 0 0 0 0 1 0 0 1
9 9 uniform 2 0 97 0 0.001 0.57986328980431667 0.0010079841577647793 5.470597280025246e-05 1.1422862733622734 0.09455346559252209 1.1422753321677133 0 -1.1416914277243497 10.095440063549839 OK 14 13 1.1331020000000001 1.1256550000000001 0.271729 0.85057899999999997 0.85202999999999995 0 0.28252300000000008 0.27362500000000012 0.271729 0.074033000000000002 0.072275000000000006 0.070155999999999996 0.17948499999999998 0.173431 0.17418899999999998 0.004078 0.0040359999999999997 0.0037990000000000003 0.0010739999999999999 0.00095100000000000002 0.00096500000000000004 10.09544192614322 10.09544192614322 10.09544192614322 0.0044933244882678514 0.0044933244882678514 0.0044933244882678514 1 1 1 Converged Converged Converged OK OK OK 74 74 74 74 74 74 6 6 6 0 0 0 0 0 1 0 0
9 9 uniform 2 7 97 1 0.001 0.57986328980431667 0.0010079841577647793 5.470597280025246e-05 1.1422862733622734 0.09455346559252209 1.1422819920252716 0 -1.141698087581908 7.7778861399901871 OK 15 14 3.353097 54.699339000000002 0.37173699999999998 2.8909609999999999 54.142347000000001 0 0.4621360000000001 0.55699200000000104 0.37173699999999998 0.114382 0.121796 0.103226 0.31015799999999993 0.39639500000000005 0.23794200000000004 0.0060809999999999987 0.0061849999999999995 0.0049680000000000002 0.001361 0.001459 0.0011799999999999998 7.7778641651675526 7.7778641651675526 7.7778641651675526 0.0055835944543509023 0.0055835944543509023 0.0055835944543509023 1 1 1 Converged Converged Converged OK OK OK 89 89 89 89 89 89 7 7 7 0 0 0 0 1 0 0 1
9 9 uniform 2 15 97 2 0.001 0.57986328980431667 0.0010079841577647793 5.470597280025246e-05 1.1422862733622734 0.09455346559252209 1.1422896032910526 0 -1.141705698847689 5.1332025059639967 OK 14 13 0.86704999999999999 0.85157899999999997 0.22364100000000001 0.628189 0.56668499999999999 0 0.23886099999999999 0.28489399999999998 0.22364100000000001 0.073387999999999995 0.074343999999999993 0.067487000000000005 0.14433999999999991 0.19020400000000004 0.13743 0.0038439999999999998 0.0038020000000000003 0.003271 0.0010020000000000001 0.00098999999999999999 0.00087299999999999997 5.1332043274615593 5.1332043274566246 5.1332043274615593 0.0022456723452812227 0.0022456723242136275 0.0022456723452812227 1 1 1 Converged Converged Converged OK OK OK 67 67 67 67 67 67 5 5 5 0 0 0 0 1 0 0 1
9 9 uniform 2 23 97 3 0.001 0.57986328980431667 0.0010079841577647793 5.470597280025246e-05 1.1422862733622734 0.09455346559252209 1.1422972145568335 0 -1.14171331011347 4.2205520330883575 OK 13 12 0.82218400000000003 0.72400100000000001 0.13156699999999999 0.68411 0.52780300000000002 0 0.13807400000000003 0.19619799999999998 0.13156699999999999 0.039198999999999998 0.039621000000000003 0.034805999999999997 0.083791000000000004 0.14170100000000005 0.082713000000000009 0.0024160000000000006 0.0024049999999999996 0.0022109999999999999 0.000767 0.00074599999999999992 0.00066500000000000001 4.2205519523514639 4.2205519523514639 4.2205519523514639 0.00096050974156720664 0.00096050974156720664 0.00096050974156720664 1 1 1 Converged Converged Converged OK OK OK 45 45 45 45 45 45 3 3 3 0 0 0 0 1 0 0 1
9 9 uniform 2 0 97 0 0.0001 0.57986328980431667 0.0010079841577647793 5.470597280025246e-05 1.1422862733622734 0.09455346559252209 1.1422753321677133 0 -1.1416914277243497 10.095440063549839 OK 14 13 1.3009230000000001 1.2933269999999999 0.44576900000000003 0.85046299999999997 0.85120799999999996 0 0.45046000000000008 0.44211899999999993 0.44576900000000003 0.072703000000000004 0.072336999999999999 0.070559999999999998 0.31701200000000002 0.31059900000000018 0.30919800000000008 0.0075789999999999989 0.007476 0.0073179999999999999 0.001658 0.001534 0.001555 10.095440834235577 10.095440834235577 10.095440834235577 0.0005188867506022045 0.0005188867506022045 0.0005188867506022045 1 1 1 Converged Converged Converged OK OK OK 122 122 122 122 122 122 6 6 6 0 0 0 0 0 1 0 0
9 9 uniform 2 7 97 1 0.0001 0.57986328980431667 0.0010079841577647793 5.470597280025246e-05 1.1422862733622734 0.09455346559252209 1.1422819920252716 0 -1.141698087581908 7.7778861399901871 OK 15 14 3.380207 54.819727999999998 0.479655 2.8802140000000001 54.229806000000004 0 0.49999299999999991 0.58992199999999428 0.479655 0.117713 0.124765 0.102601 0.3318839999999999 0.40505599999999986 0.33167600000000003 0.0091789999999999997 0.0093390000000000001 0.0073299999999999997 0.0019500000000000001 0.0017780000000000003 0.0016940000000000002 7.7778864349990595 7.7778864349990595 7.7778864349990595 0.00047227697589196337 0.00047227697589196337 0.00047227697589196337 1 1 1 Converged Converged Converged OK OK OK 129 129 129 129 129 129 7 7 7 0 0 0 0 1 0 0 1
9 9 uniform 2 15 97 2 0.0001 0.57986328980431667 0.0010079841577647793 5.470597280025246e-05 1.1422862733622734 0.09455346559252209 1.1422896032910526 0 -1.141705698847689 5.1332025059639967 OK 14 13 0.98772499999999996 0.99516000000000004 0.35565000000000002 0.62608900000000001 0.567824 0 0.36163599999999996 0.42733600000000005 0.35565000000000002 0.073589000000000002 0.073984999999999995 0.067298999999999998 0.25278300000000009 0.31819899999999995 0.25490299999999994 0.0072039999999999995 0.0070920000000000002 0.0062740000000000001 0.0014419999999999999 0.0013909999999999999 0.0013849999999999997 5.1332020164311478 5.1332020164201797 5.1332020164311478 0.0001868615961497313 0.00018686161002693345 0.0001868615961497313 1 1 1 Converged Converged Converged OK OK OK 115 115 115 115 115 115 5 5 5 0 0 0 0 1 0 0 1
9 9 uniform 2 23 97 3 0.0001 0.57986328980431667 0.0010079841577647793 5.470597280025246e-05 1.1422862733622734 0.09455346559252209 1.1422972145568335 0 -1.14171331011347 4.2205520330883575 OK 13 12 0.89644900000000005 0.81768200000000002 0.21138299999999999 0.68457299999999999 0.52825599999999995 0 0.21187600000000006 0.28942600000000007 0.21138299999999999 0.039534 0.038857000000000003 0.036284999999999998 0.14653000000000005 0.22552899999999998 0.15014099999999997 0.0044729999999999995 0.0043309999999999998 0.004104 0.00098799999999999995 0.00093199999999999989 0.00093700000000000001 4.2205519184224487 4.2205519184224487 4.2205519184224487 0.00011922201967499627 0.00011922201967499627 0.00011922201967499627 1 1 1 Converged Converged Converged OK OK OK 77 77 77 77 77 77 3 3 3 0 0 0 0 1 0 0 1
9 9 uniform 3 0 98 0 0.001 0.57986328980431667 0.0010079841577647793 5.470597280025246e-05 1.1473257552380596 0.088664472433862912 1.1473148140434994 0 -1.1467309096001359 4.4869226587996227 OK 13 12 0.60260499999999995 0.59749099999999999 0.111557 0.487174 0.48343999999999998 0 0.11543099999999995 0.11405100000000001 0.111557 0.035189999999999999 0.034835999999999999 0.032799000000000002 0.063517000000000004 0.063094999999999971 0.062826000000000007 0.0022420000000000001 0.0021809999999999998 0.0021060000000000002 0.00059299999999999999 0.00057300000000000005 0.00054500000000000002 4.4869225676356548 4.4869225676356548 4.4869225676356548 0.0032829721605511413 0.0032829721605511413 0.0032829721605511413 1 1 1 Converged Converged Converged OK OK OK 45 45 45 45 45 45 3 3 3 0 0 0 0 0 1 0 0
9 9 uniform 3 7 98 1 0.001 0.57986328980431667 0.0010079841577647793 5.470597280025246e-05 1.1473257552380596 0.088664472433862912 1.1473214739010578 0 -1.1467375694576942 4.5894975484869667 OK 13 12 0.48501100000000003 0.41544799999999998 0.111023 0.36923600000000001 0.19781499999999999 0 0.11577500000000002 0.21763299999999999 0.111023 0.034576000000000003 0.034190999999999999 0.031052 0.066524999999999987 0.169127 0.066224999999999978 0.0022240000000000003 0.0021380000000000001 0.0021210000000000001 0.00061299999999999994 0.00057899999999999998 0.00053899999999999998 4.5894974419561123 4.5894974419561123 4.5894974419561123 0.003515658919440797 0.003515658919440797 0.003515658919440797 1 1 1 Converged Converged Converged OK OK OK 45 45 45 45 45 45 3 3 3 0 0 0 0 1 0 0 1
9 9 uniform 3 15 98 2 0.001 0.57986328980431667 0.0010079841577647793 5.470597280025246e-05 1.1473257552380596 0.088664472433862912 1.1473290851668387 0 -1.1467451807234752 4.7171858263189428 OK 13 12 0.48756300000000002 0.428842 0.10696899999999999 0.37605100000000002 0.21765699999999999 0 0.111512 0.21118500000000001 0.10696899999999999 0.033860000000000001 0.036242999999999997 0.030804999999999999 0.063171000000000005 0.16055800000000001 0.062528999999999987 0.0021970000000000002 0.0022519999999999997 0.0021249999999999997 0.00058600000000000004 0.00056999999999999998 0.00053499999999999999 4.717185710620293 4.717185710620293 4.717185710620293 0.0038235587143127521 0.0038235587143127521 0.0038235587143127521 1 1 1 Converged Converged Converged OK OK OK 45 45 45 45 45 45 3 3 3 0 0 0 0 1 0 0 1
9 9 uniform 3 23 98 3 0.001 0.57986328980431667 0.0010079841577647793 5.470597280025246e-05 1.1473257552380596 0.088664472433862912 1.1473366964326197 0 -1.1467527919892562 4.8580354786948856 OK 13 12 0.475883 0.41400799999999999 0.107907 0.36295699999999997 0.201018 0 0.11292600000000003 0.21298999999999998 0.107907 0.034652000000000002 0.035237999999999998 0.030956000000000001 0.063964999999999994 0.16340600000000002 0.063372999999999999 0.0021289999999999998 0.002173 0.002114 0.00057499999999999999 0.00055600000000000007 0.00053499999999999999 4.8580353550966029 4.8580353550966029 4.8580353550966029 0.0041881127570218401 0.0041881127570218401 0.0041881127570218401 1 1 1 Converged Converged Converged OK OK OK 45 45 45 45 45 45 3 3 3 0 0 0 0 1 0 0 1
9 9 uniform 3 0 98 0 0.0001 0.57986328980431667 0.0010079841577647793 5.470597280025246e-05 1.1473257552380596 0.088664472433862912 1.1473148140434994 0 -1.1467309096001359 4.4869226587996227 OK 13 12 0.61717299999999997 0.61704999999999999 0.133938 0.477935 0.479464 0 0.13923799999999997 0.13758599999999999 0.133938 0.035285999999999998 0.034909000000000003 0.032208000000000001 0.080875999999999948 0.080911999999999984 0.08035500000000001 0.0034360000000000003 0.0030630000000000002 0.0029949999999999998 0.00080000000000000015 0.00071400000000000001 0.00066699999999999995 4.4869225541895634 4.4869225541895634 4.4869225541895634 0.00042534289119745903 0.00042534289119745903 0.00042534289119745903 1 1 1 Converged Converged Converged OK OK OK 61 61 61 61 61 61 3 3 3 0 0 0 0 0 1 0 0
9 9 uniform 3 7 98 1 0.0001 0.57986328980431667 0.0010079841577647793 5.470597280025246e-05 1.1473257552380596 0.088664472433862912 1.1473214739010578 0 -1.1467375694576942 4.5894975484869667 OK 13 12 0.50522199999999995 0.48569699999999999 0.12690299999999999 0.373415 0.206485 0 0.13180699999999995 0.27921200000000002 0.12690299999999999 0.033749000000000001 0.034682999999999999 0.030699000000000001 0.078382999999999994 0.22522900000000001 0.077683999999999961 0.003107 0.0030720000000000001 0.0029529999999999999 0.00074300000000000006 0.000678 0.00066100000000000002 4.5894974262782222 4.5894974262782222 4.5894974262782222 0.00042532402207561795 0.00042532402207561795 0.00042532402207561795 1 1 1 Converged Converged Converged OK OK OK 61 61 61 61 61 61 3 3 3 0 0 0 0 1 0 0 1
9 9 uniform 3 15 98 2 0.0001 0.57986328980431667 0.0010079841577647793 5.470597280025246e-05 1.1473257552380596 0.088664472433862912 1.1473290851668387 0 -1.1467451807234752 4.7171858263189428 OK 13 12 0.51083000000000001 0.48054999999999998 0.12914999999999999 0.37635800000000003 0.21254899999999999 0 0.13447199999999998 0.26800099999999999 0.12914999999999999 0.034367000000000002 0.034499000000000002 0.030672000000000001 0.080400999999999986 0.21380700000000002 0.079772999999999983 0.0031649999999999998 0.0032229999999999997 0.0030529999999999997 0.00071900000000000002 0.00068600000000000009 0.00064800000000000003 4.7171856917595845 4.7171856917595845 4.7171856917595845 0.00042530376024301392 0.00042530376024301392 0.00042530376024301392 1 1 1 Converged Converged Converged OK OK OK 61 61 61 61 61 61 3 3 3 0 0 0 0 1 0 0 1
9 9 uniform 3 23 98 3 0.0001 0.57986328980431667 0.0010079841577647793 5.470597280025246e-05 1.1473257552380596 0.088664472433862912 1.1473366964326197 0 -1.1467527919892562 4.8580354786948856 OK 13 12 0.50384200000000001 0.48274400000000001 0.12865299999999999 0.36948900000000001 0.20700499999999999 0 0.134353 0.27573900000000001 0.12865299999999999 0.034453999999999999 0.034495999999999999 0.030596999999999999 0.080283999999999994 0.22169699999999995 0.079585999999999976 0.0031150000000000001 0.003137 0.0030299999999999997 0.00069200000000000012 0.0006739999999999999 0.00064600000000000009 4.8580353321550032 4.8580353321550032 4.8580353321550032 0.00042528533180285686 0.00042528533180285686 0.00042528533180285686 1 1 1 Converged Converged Converged OK OK OK 61 61 61 61 61 61 3 3 3 0 0 0 0 1 0 0 1
9 9 uniform 4 0 99 0 0.001 0.57986328980431667 0.0010079841577647793 5.470597280025246e-05 1.1423293495331222 -0.094601167262260435 1.142318408338562 0 -1.1417345038951985 3.7857435340402357 OK 13 12 0.77631399999999995 0.77454900000000004 0.12307800000000001 0.649393 0.64799499999999999 0 0.12692099999999995 0.12655400000000006 0.12307800000000001 0.035099999999999999 0.034678 0.032551999999999998 0.074695999999999999 0.075382999999999992 0.074323999999999987 0.0022650000000000001 0.0022270000000000002 0.0022260000000000001 0.00058600000000000004 0.00054900000000000001 0.00052899999999999996 3.7857434659066622 3.7857434659066622 3.7857434659066622 0.0010007796058174008 0.0010007796058174008 0.0010007796058174008 1 1 1 Converged Converged Converged OK OK OK 45 45 45 45 45 45 3 3 3 0 0 0 0 0 1 0 0
9 9 uniform 4 7 99 1 0.001 0.57986328980431667 0.0010079841577647793 5.470597280025246e-05 1.1423293495331222 -0.094601167262260435 1.1423250681961203 0 -1.1417411637527568 3.6573081720180305 OK 13 12 0.67426699999999995 0.56818299999999999 0.111083 0.55934300000000003 0.386071 0 0.11492399999999992 0.182112 0.111083 0.034076000000000002 0.034568000000000002 0.031357999999999997 0.066292000000000004 0.13337200000000002 0.065804000000000015 0.0021649999999999998 0.0022029999999999997 0.0021640000000000001 0.00054799999999999998 0.000544 0.00052899999999999996 3.6573081134283782 3.6573081134283782 3.6573081134283782 0.00097223262259068578 0.00097223262259068578 0.00097223262259068578 1 1 1 Converged Converged Converged OK OK OK 45 45 45 45 45 45 3 3 3 0 0 0 0 1 0 0 1
9 9 uniform 4 15 99 2 0.001 0.57986328980431667 0.0010079841577647793 5.470597280025246e-05 1.1423293495331222 -0.094601167262260435 1.1423326794619013 0 -1.1417487750185378 3.5318223648713531 OK 13 12 0.57223800000000002 0.41136899999999998 0.114713 0.456596 0.24096799999999999 0 0.11564200000000002 0.170401 0.114713 0.034336999999999999 0.034587 0.031067999999999998 0.066883999999999999 0.12151399999999998 0.06970599999999999 0.0021640000000000001 0.0021869999999999997 0.0022069999999999998 0.00054299999999999997 0.00056099999999999998 0.00053300000000000005 3.5318223147221803 3.5318223147221803 3.5318223147221803 0.00094000506770560441 0.00094000506770560441 0.00094000506770560441 1 1 1 Converged Converged Converged OK OK OK 45 45 45 45 45 45 3 3 3 0 0 0 0 1 0 0 1
9 9 uniform 4 23 99 3 0.001 0.57986328980431667 0.0010079841577647793 5.470597280025246e-05 1.1423293495331222 -0.094601167262260435 1.1423402907276823 0 -1.1417563862843187 3.4237569875589737 OK 13 12 0.68535900000000005 0.55109300000000006 0.11604100000000001 0.56393700000000002 0.37459700000000001 0 0.12142200000000003 0.17649600000000004 0.11604100000000001 0.034401000000000001 0.036563999999999999 0.030425000000000001 0.072506000000000001 0.12490500000000002 0.071819999999999995 0.0022460000000000002 0.0024769999999999996 0.002202 0.00055999999999999995 0.00056999999999999998 0.00054200000000000006 3.4237569430903205 3.4237569430903205 3.4237569430903205 0.00091023749670288286 0.00091023749670288286 0.00091023749670288286 1 1 1 Converged Converged Converged OK OK OK 45 45 45 45 45 45 3 3 3 0 0 0 0 1 0 0 1
9 9 uniform 4 0 99 0 0.0001 0.57986328980431667 0.0010079841577647793 5.470597280025246e-05 1.1423293495331222 -0.094601167262260435 1.142318408338562 0 -1.1417345038951985 3.7857435340402357 OK 13 12 0.84511599999999998 0.84525799999999995 0.19259000000000001 0.64815500000000004 0.64810699999999999 0 0.19696099999999994 0.19715099999999997 0.19259000000000001 0.035316 0.035097000000000003 0.032428999999999999 0.13310499999999992 0.13389499999999999 0.13224199999999997 0.0039020000000000001 0.004019 0.0039020000000000001 0.00081300000000000003 0.00081099999999999998 0.00081699999999999991 3.7857434724114931 3.7857434724114931 3.7857434724114931 0.00011864058468703176 0.00011864058468703176 0.00011864058468703176 1 1 1 Converged Converged Converged OK OK OK 77 77 77 77 77 77 3 3 3 0 0 0 0 0 1 0 0
9 9 uniform 4 7 99 1 0.0001 0.57986328980431667 0.0010079841577647793 5.470597280025246e-05 1.1423293495331222 -0.094601167262260435 1.1423250681961203 0 -1.1417411637527568 3.6573081720180305 OK 13 12 0.740734 0.67259500000000005 0.17576700000000001 0.560145 0.385488 0 0.180589 0.28710700000000006 0.17576700000000001 0.034263000000000002 0.034481999999999999 0.030960000000000001 0.12167299999999998 0.22769499999999998 0.12083199999999997 0.0040070000000000001 0.0039950000000000003 0.0038890000000000001 0.00077900000000000007 0.0007890000000000001 0.00077499999999999997 3.6573081208263427 3.6573081208263427 3.6573081208263427 0.00011862341260019772 0.00011862341260019772 0.00011862341260019772 1 1 1 Converged Converged Converged OK OK OK 77 77 77 77 77 77 3 3 3 0 0 0 0 1 0 0 1
9 9 uniform 4 15 99 2 0.0001 0.57986328980431667 0.0010079841577647793 5.470597280025246e-05 1.1423293495331222 -0.094601167262260435 1.1423326794619013 0 -1.1417487750185378 3.5318223648713531 OK 13 12 0.64024800000000004 0.50611899999999999 0.178649 0.45551199999999997 0.23605300000000001 0 0.18473600000000007 0.27006599999999997 0.178649 0.034624000000000002 0.035423000000000003 0.030755999999999999 0.124571 0.20835499999999998 0.12412100000000001 0.0044949999999999999 0.0045869999999999991 0.003862 0.00080000000000000015 0.00089500000000000007 0.00076899999999999994 3.5318223211244839 3.5318223211244839 3.5318223211244839 0.0001186203491824426 0.0001186203491824426 0.0001186203491824426 1 1 1 Converged Converged Converged OK OK OK 77 77 77 77 77 77 3 3 3 0 0 0 0 1 0 0 1
9 9 uniform 4 23 99 3 0.0001 0.57986328980431667 0.0010079841577647793 5.470597280025246e-05 1.1423293495331222 -0.094601167262260435 1.1423402907276823 0 -1.1417563862843187 3.4237569875589737 OK 13 12 0.75300699999999998 0.63406099999999999 0.18537699999999999 0.56576300000000002 0.37593900000000002 0 0.18724399999999997 0.25812199999999996 0.18537699999999999 0.034645000000000002 0.035064999999999999 0.030504 0.12755200000000003 0.19814300000000001 0.13118399999999997 0.004182 0.0041450000000000002 0.0038890000000000001 0.00080099999999999995 0.00086799999999999985 0.00076400000000000003 3.4237569481024663 3.4237569481024663 3.4237569481024663 0.00011861946161217497 0.00011861946161217497 0.00011861946161217497 1 1 1 Converged Converged Converged OK OK OK 77 77 77 77 77 77 3 3 3 0 0 0 0 1 0 0 1
